registro_id,fecha,ruta,transportista,distancia_km,carga_kg,tiempo_min,prometido_min,entregado
TRA067-000001,2024-01-01,R1,T1,65.6,40.9,101.9,105.4,1
TRA067-000002,2024-01-01,R3,T2,116.8,71.4,158.5,164.3,1
TRA067-000003,2024-01-01,R3,T3,145.4,23.6,178.6,197.2,1
TRA067-000004,2024-01-02,R1,T1,78.1,5.1,87.1,119.8,1
TRA067-000005,2024-01-02,R5,T2,23.8,19.4,36.5,57.4,1
TRA067-000006,2024-01-02,R2,T3,136.3,45.0,227.9,186.7,1
TRA067-000007,2024-01-03,R6,T1,132.1,145.3,,181.9,0
TRA067-000008,2024-01-03,R2,T2,25.5,33.7,69.4,59.3,1
TRA067-000009,2024-01-03,R2,T3,92.5,80.0,128.7,136.4,1
TRA067-000010,2024-01-04,R2,T1,122.4,138.7,165.3,170.8,1
TRA067-000011,2024-01-04,R2,T2,58.2,16.4,93.5,96.9,1
TRA067-000012,2024-01-04,R4,T3,28.9,147.5,93.3,63.2,1
TRA067-000013,2024-01-05,R3,T1,127.6,42.4,157.0,176.7,1
TRA067-000014,2024-01-05,R1,T2,107.0,112.2,,153.1,0
TRA067-000015,2024-01-05,R3,T3,61.0,104.2,117.9,100.1,1
TRA067-000016,2024-01-06,R2,T1,28.1,110.6,50.4,62.3,1
TRA067-000017,2024-01-06,R2,T2,13.0,74.0,26.1,45.0,1
TRA067-000018,2024-01-06,R6,T3,63.1,30.5,,102.6,0
TRA067-000019,2024-01-07,R5,T1,102.2,114.8,134.0,147.5,1
TRA067-000020,2024-01-07,R1,T2,116.9,19.4,144.2,164.4,1
TRA067-000021,2024-01-07,R2,T3,83.6,104.8,,126.1,0
TRA067-000022,2024-01-08,R6,T1,31.8,46.7,62.3,66.6,1
TRA067-000023,2024-01-08,R4,T2,80.5,18.9,90.9,122.6,1
TRA067-000024,2024-01-09,R3,T3,79.7,25.9,131.8,121.7,1
TRA067-000025,2024-01-09,R3,T1,68.1,64.9,87.8,108.3,1
TRA067-000026,2024-01-09,R4,T2,90.5,113.3,161.6,134.1,1
TRA067-000027,2024-01-10,R2,T3,109.6,91.6,191.0,156.0,1
TRA067-000028,2024-01-10,R5,T1,143.6,10.7,145.3,195.1,1
TRA067-000029,2024-01-10,R6,T2,140.0,99.6,182.2,191.0,1
TRA067-000030,2024-01-11,R4,T3,4.2,36.4,8.8,34.8,1
TRA067-000031,2024-01-11,R3,T1,18.4,93.3,56.7,51.2,1
TRA067-000032,2024-01-11,R4,T2,44.3,141.2,77.1,80.9,1
TRA067-000033,2024-01-12,R3,T3,8.9,145.8,58.3,40.2,1
TRA067-000034,2024-01-12,R5,T1,99.4,144.1,138.9,144.3,1
TRA067-000035,2024-01-12,R2,T2,107.9,53.5,171.7,154.1,1
TRA067-000036,2024-01-13,R4,T3,77.0,123.9,132.1,118.5,1
TRA067-000037,2024-01-13,R4,T1,103.5,92.6,120.5,149.0,1
TRA067-000038,2024-01-13,R4,T2,132.7,68.6,180.4,182.6,1
TRA067-000039,2024-01-14,R5,T3,55.3,99.0,103.6,93.6,1
TRA067-000040,2024-01-14,R3,T1,102.4,135.9,150.7,147.8,1
TRA067-000041,2024-01-14,R1,T2,135.0,87.6,194.8,185.2,1
TRA067-000042,2024-01-15,R5,T3,129.7,31.0,180.8,179.2,1
TRA067-000043,2024-01-15,R6,T1,84.5,103.3,131.0,127.2,1
TRA067-000044,2024-01-15,R3,T2,62.1,137.7,108.4,101.4,1
TRA067-000045,2024-01-16,R2,T3,135.8,132.3,200.1,186.2,1
TRA067-000046,2024-01-16,R1,T1,97.6,140.7,129.6,142.2,1
TRA067-000047,2024-01-17,R6,T2,91.3,19.6,137.2,135.0,1
TRA067-000048,2024-01-17,R4,T3,98.0,143.5,148.9,142.7,1
TRA067-000049,2024-01-17,R3,T1,113.2,21.8,134.5,160.2,1
TRA067-000050,2024-01-18,R4,T2,24.7,18.1,,58.4,0
TRA067-000051,2024-01-18,R1,T3,22.5,53.7,54.5,55.9,1
TRA067-000052,2024-01-18,R4,T1,119.5,112.7,147.8,167.4,1
TRA067-000053,2024-01-19,R5,T2,88.3,100.4,,131.5,0
TRA067-000054,2024-01-19,R4,T3,8.0,115.9,65.8,39.2,1
TRA067-000055,2024-01-19,R3,T1,98.2,69.0,122.2,142.9,1
TRA067-000056,2024-01-20,R4,T2,40.0,28.8,44.3,76.0,1
TRA067-000057,2024-01-20,R3,T3,125.1,72.0,148.1,173.9,1
TRA067-000058,2024-01-20,R6,T1,77.7,4.9,79.2,119.4,1
TRA067-000059,2024-01-21,R5,T2,15.3,78.0,35.2,47.6,1
TRA067-000060,2024-01-21,R4,T3,18.4,126.0,68.1,51.2,1
TRA067-000061,2024-01-21,R5,T1,122.0,147.1,182.0,170.3,1
TRA067-000062,2024-01-22,R3,T2,41.6,12.9,54.7,77.8,1
TRA067-000063,2024-01-22,R3,T3,6.8,144.8,33.1,37.8,1
TRA067-000064,2024-01-22,R6,T1,28.7,13.2,35.5,63.0,1
TRA067-000065,2024-01-23,R1,T2,4.4,24.7,10.1,35.1,1
TRA067-000066,2024-01-23,R2,T3,104.1,98.8,159.6,149.7,1
TRA067-000067,2024-01-23,R1,T1,86.6,123.1,139.7,129.6,1
TRA067-000068,2024-01-24,R5,T2,23.2,10.1,13.6,56.7,1
TRA067-000069,2024-01-24,R5,T3,125.1,57.2,,173.9,0
TRA067-000070,2024-01-25,R6,T1,62.4,15.9,85.3,101.8,1
TRA067-000071,2024-01-25,R1,T2,60.1,127.5,125.1,99.1,1
TRA067-000072,2024-01-25,R5,T3,76.5,54.2,119.5,118.0,1
TRA067-000073,2024-01-26,R1,T1,73.8,59.9,93.8,114.9,1
TRA067-000074,2024-01-26,R2,T2,44.6,22.2,64.4,81.3,1
TRA067-000075,2024-01-26,R2,T3,74.4,30.5,123.8,115.6,1
TRA067-000076,2024-01-27,R4,T1,90.7,1.5,,134.3,0
TRA067-000077,2024-01-27,R2,T2,59.0,52.8,83.6,97.8,1
TRA067-000078,2024-01-27,R2,T3,113.4,27.3,152.9,160.4,1
TRA067-000079,2024-01-28,R5,T1,145.6,3.0,142.5,197.4,1
TRA067-000080,2024-01-28,R4,T2,129.1,6.3,139.8,178.5,1
TRA067-000081,2024-01-28,R3,T3,79.3,49.3,104.5,121.2,1
TRA067-000082,2024-01-29,R4,T1,49.1,125.7,78.1,86.5,1
TRA067-000083,2024-01-29,R4,T2,138.3,66.7,198.4,189.0,1
TRA067-000084,2024-01-29,R2,T3,85.7,89.4,,128.6,1
TRA067-000085,2024-01-30,R3,T1,98.3,68.4,139.2,143.0,1
TRA067-000086,2024-01-30,R4,T2,38.1,145.8,82.9,73.8,1
TRA067-000087,2024-01-30,R6,T3,126.2,15.6,175.2,175.1,1
TRA067-000088,2024-01-31,R6,T1,34.8,100.0,57.2,70.0,1
TRA067-000089,2024-01-31,R1,T2,42.9,76.3,84.4,79.3,1
TRA067-000090,2024-01-31,R5,T3,140.5,148.1,211.9,191.6,1
TRA067-000091,2024-02-01,R3,T1,67.1,42.5,87.2,107.2,1
TRA067-000092,2024-02-01,R3,T2,24.1,72.2,37.6,57.7,1
TRA067-000093,2024-02-02,R5,T3,110.4,141.4,175.6,157.0,1
TRA067-000094,2024-02-02,R3,T1,140.0,82.9,172.2,191.0,1
TRA067-000095,2024-02-02,R6,T2,60.2,66.0,88.1,99.2,1
TRA067-000096,2024-02-03,R6,T3,126.5,31.7,186.6,175.5,1
TRA067-000097,2024-02-03,R3,T1,64.0,23.0,75.0,103.6,1
TRA067-000098,2024-02-03,R3,T2,34.3,41.9,79.8,69.4,1
TRA067-000099,2024-02-04,R4,T3,141.0,77.7,208.9,192.1,1
TRA067-000100,2024-02-04,R5,T1,26.2,15.3,55.0,60.1,1
TRA067-000101,2024-02-04,R1,T2,117.4,88.1,195.1,165.0,1
TRA067-000102,2024-02-05,R6,T3,56.6,86.8,100.5,95.1,1
TRA067-000103,2024-02-05,R6,T1,144.0,16.1,173.2,195.6,1
TRA067-000104,2024-02-05,R3,T2,148.4,56.0,161.9,200.7,1
TRA067-000105,2024-02-06,R5,T3,119.5,123.1,184.7,167.4,1
TRA067-000106,2024-02-06,R5,T1,49.7,145.0,65.2,87.2,1
TRA067-000107,2024-02-06,R6,T2,148.2,109.7,232.9,200.4,1
TRA067-000108,2024-02-07,R2,T3,28.9,8.2,49.3,63.2,1
TRA067-000109,2024-02-07,R2,T1,68.8,59.3,96.8,109.1,1
TRA067-000110,2024-02-07,R2,T2,22.0,130.8,77.4,55.3,1
TRA067-000111,2024-02-08,R4,T3,119.6,85.9,167.0,167.5,1
TRA067-000112,2024-02-08,R4,T1,14.8,118.9,69.6,47.0,1
TRA067-000113,2024-02-08,R2,T2,23.9,50.3,58.1,57.5,1
TRA067-000114,2024-02-09,R3,T3,116.9,36.8,145.3,164.4,1
TRA067-000115,2024-02-09,R4,T1,145.6,72.5,195.2,197.4,1
TRA067-000116,2024-02-10,R3,T2,105.1,143.5,138.0,150.9,1
TRA067-000117,2024-02-10,R4,T3,117.4,26.1,175.1,165.0,1
TRA067-000118,2024-02-10,R1,T1,89.5,148.6,144.7,132.9,1
TRA067-000119,2024-02-11,R2,T2,46.1,128.3,90.6,83.0,1
TRA067-000120,2024-02-11,R1,T3,21.9,68.0,46.2,55.2,1
TRA067-000121,2024-02-11,R2,T1,94.7,82.3,121.1,138.9,1
TRA067-000122,2024-02-12,R6,T2,50.4,115.2,105.4,88.0,1
TRA067-000123,2024-02-12,R4,T3,95.3,113.3,175.2,139.6,1
TRA067-000124,2024-02-12,R1,T1,131.6,142.1,201.6,181.3,1
TRA067-000125,2024-02-13,R2,T2,50.4,11.2,56.7,88.0,1
TRA067-000126,2024-02-13,R1,T3,58.1,16.2,91.2,96.8,1
TRA067-000127,2024-02-13,R6,T1,118.3,63.2,122.3,166.0,1
TRA067-000128,2024-02-14,R5,T2,18.7,58.0,62.8,51.5,1
TRA067-000129,2024-02-14,R3,T3,132.2,69.1,196.5,182.0,1
TRA067-000130,2024-02-14,R6,T1,140.4,96.1,206.3,191.5,1
TRA067-000131,2024-02-15,R6,T2,133.0,100.0,176.5,182.9,1
TRA067-000132,2024-02-15,R5,T3,32.6,82.9,64.0,67.5,1
TRA067-000133,2024-02-15,R4,T1,120.7,73.1,150.5,168.8,1
TRA067-000134,2024-02-16,R5,T2,56.2,18.8,43.9,94.6,1
TRA067-000135,2024-02-16,R4,T3,131.1,93.7,214.8,180.8,1
TRA067-000136,2024-02-16,R3,T1,94.2,65.8,121.0,138.3,1
TRA067-000137,2024-02-17,R6,T2,11.6,12.7,5,43.3,1
TRA067-000138,2024-02-17,R5,T3,73.3,147.0,131.3,114.3,1
TRA067-000139,2024-02-18,R5,T1,83.6,131.3,118.6,126.1,1
TRA067-000140,2024-02-18,R6,T2,99.7,45.7,144.8,144.7,1
TRA067-000141,2024-02-18,R1,T3,33.0,120.6,81.8,67.9,1
TRA067-000142,2024-02-19,R1,T1,12.5,133.7,45.8,44.4,1
TRA067-000143,2024-02-19,R2,T2,136.9,103.8,180.4,187.4,1
TRA067-000144,2024-02-19,R1,T3,75.4,111.3,145.1,116.7,1
TRA067-000145,2024-02-20,R1,T1,143.5,145.4,168.1,195.0,1
TRA067-000146,2024-02-20,R2,T2,63.1,74.4,89.3,102.6,1
TRA067-000147,2024-02-20,R2,T3,74.0,31.1,125.9,115.1,1
TRA067-000148,2024-02-21,R1,T1,131.1,77.4,151.1,180.8,1
TRA067-000149,2024-02-21,R5,T2,93.4,29.3,128.6,137.4,1
TRA067-000150,2024-02-21,R5,T3,149.1,105.4,205.4,201.5,1
TRA067-000151,2024-02-22,R3,T1,107.5,88.8,169.0,153.6,1
TRA067-000152,2024-02-22,R4,T2,87.6,17.3,130.7,130.7,1
TRA067-000153,2024-02-22,R1,T3,142.4,54.3,,193.8,0
TRA067-000154,2024-02-23,R1,T1,94.3,123.8,140.5,138.4,1
TRA067-000155,2024-02-23,R6,T2,72.9,141.4,96.3,113.8,1
TRA067-000156,2024-02-23,R3,T3,109.4,46.7,157.2,155.8,1
TRA067-000157,2024-02-24,R5,T1,48.9,36.5,70.4,86.2,1
TRA067-000158,2024-02-24,R6,T2,100.7,137.7,147.9,145.8,1
TRA067-000159,2024-02-24,R1,T3,125.2,149.5,227.8,174.0,1
TRA067-000160,2024-02-25,R5,T1,135.5,87.4,155.8,185.8,1
TRA067-000161,2024-02-25,R3,T2,7.7,25.5,42.5,38.9,1
TRA067-000162,2024-02-26,R4,T3,72.2,23.0,104.7,113.0,1
TRA067-000163,2024-02-26,R1,T1,35.4,18.3,,70.7,0
TRA067-000164,2024-02-26,R3,T2,107.0,111.3,135.9,153.1,1
TRA067-000165,2024-02-27,R1,T3,5.9,39.9,5,36.8,1
TRA067-000166,2024-02-27,R4,T1,53.6,106.5,85.4,91.6,1
TRA067-000167,2024-02-27,R6,T2,42.9,106.3,,79.3,1
TRA067-000168,2024-02-28,R6,T3,57.1,145.4,108.3,95.7,1
TRA067-000169,2024-02-28,R4,T1,113.4,46.0,,160.4,0
TRA067-000170,2024-02-28,R1,T2,149.9,40.6,181.6,202.4,1
TRA067-000171,2024-02-29,R2,T3,9.3,17.3,33.6,40.7,1
TRA067-000172,2024-02-29,R5,T1,30.1,51.0,78.8,64.6,1
TRA067-000173,2024-02-29,R2,T2,124.3,122.8,168.9,172.9,1
TRA067-000174,2024-03-01,R6,T3,61.7,11.3,90.6,101.0,1
TRA067-000175,2024-03-01,R2,T1,87.9,123.5,135.1,131.1,1
TRA067-000176,2024-03-01,R6,T2,69.0,93.3,117.2,109.3,1
TRA067-000177,2024-03-02,R1,T3,62.6,56.0,98.9,102.0,1
TRA067-000178,2024-03-02,R3,T1,93.4,116.1,118.9,137.4,1
TRA067-000179,2024-03-02,R5,T2,134.2,78.8,169.1,184.3,1
TRA067-000180,2024-03-03,R5,T3,4.7,57.2,22.4,35.4,1
TRA067-000181,2024-03-03,R4,T1,125.1,16.0,138.5,173.9,1
TRA067-000182,2024-03-04,R6,T2,124.2,108.3,131.9,172.8,1
TRA067-000183,2024-03-04,R5,T3,82.2,91.1,105.6,124.5,1
TRA067-000184,2024-03-04,R1,T1,29.0,119.1,,63.3,0
TRA067-000185,2024-03-05,R5,T2,96.5,9.3,118.2,141.0,1
TRA067-000186,2024-03-05,R4,T3,123.9,52.9,193.5,172.5,1
TRA067-000187,2024-03-05,R6,T1,75.7,2.0,95.7,117.1,1
TRA067-000188,2024-03-06,R5,T2,69.4,96.1,130.8,109.8,1
TRA067-000189,2024-03-06,R2,T3,62.4,6.7,79.0,101.8,1
TRA067-000190,2024-03-06,R4,T1,88.6,46.8,117.3,131.9,1
TRA067-000191,2024-03-07,R2,T2,121.9,97.2,175.7,170.2,1
TRA067-000192,2024-03-07,R4,T3,4.3,134.1,5,34.9,1
TRA067-000193,2024-03-07,R3,T1,86.6,135.5,155.3,129.6,1
TRA067-000194,2024-03-08,R5,T2,104.2,111.9,133.8,149.8,1
TRA067-000195,2024-03-08,R1,T3,24.7,102.9,60.4,58.4,1
TRA067-000196,2024-03-08,R4,T1,127.4,94.7,159.1,176.5,1
TRA067-000197,2024-03-09,R1,T2,129.0,42.0,166.4,178.3,1
TRA067-000198,2024-03-09,R1,T3,13.9,10.4,37.4,46.0,1
TRA067-000199,2024-03-09,R3,T1,57.3,58.8,87.3,95.9,1
TRA067-000200,2024-03-10,R6,T2,36.1,85.2,58.7,71.5,1
TRA067-000201,2024-03-10,R2,T3,51.3,89.6,93.2,89.0,1
TRA067-000202,2024-03-10,R1,T1,8.5,70.0,9.0,39.8,1
TRA067-000203,2024-03-11,R1,T2,145.0,25.9,163.0,196.8,1
TRA067-000204,2024-03-11,R2,T3,17.0,65.8,64.3,49.5,1
TRA067-000205,2024-03-12,R2,T1,144.0,73.9,188.1,195.6,1
TRA067-000206,2024-03-12,R3,T2,127.5,13.8,148.9,176.6,1
TRA067-000207,2024-03-12,R4,T3,61.9,129.3,131.3,101.2,1
TRA067-000208,2024-03-13,R2,T1,29.7,54.9,44.9,64.2,1
TRA067-000209,2024-03-13,R6,T2,148.3,93.9,216.4,200.5,1
TRA067-000210,2024-03-13,R4,T3,20.7,71.1,49.5,53.8,1
TRA067-000211,2024-03-14,R3,T1,118.3,56.2,136.5,166.0,1
TRA067-000212,2024-03-14,R5,T2,15.0,125.7,"48,6",47.2,1
TRA067-000213,2024-03-14,R6,T3,76.5,7.6,135.3,118.0,1
TRA067-000214,2024-03-15,R5,T1,111.3,49.1,123.6,158.0,1
TRA067-000215,2024-03-15,R1,T2,102.1,134.1,179.1,147.4,1
TRA067-000216,2024-03-15,R3,T3,36.6,108.0,90.8,72.1,1
TRA067-000217,2024-03-16,R3,T1,52.2,30.6,79.8,90.0,1
TRA067-000218,2024-03-16,R6,T2,28.5,86.4,37.6,62.8,1
TRA067-000219,2024-03-16,R5,T3,52.9,148.9,92.0,90.8,1
TRA067-000220,2024-03-17,R5,T1,25.7,14.8,29.8,59.6,1
TRA067-000221,2024-03-17,R3,T2,91.6,136.3,153.6,135.3,1
TRA067-000222,2024-03-17,R6,T3,87.1,116.2,156.7,130.2,1
TRA067-000223,2024-03-18,R2,T1,7.3,96.8,28.7,38.4,1
TRA067-000224,2024-03-18,R1,T2,58.7,141.4,,97.5,0
TRA067-000225,2024-03-18,R2,T3,76.5,32.7,128.4,118.0,1
TRA067-000226,2024-03-19,R3,T1,41.6,14.0,56.5,77.8,1
TRA067-000227,2024-03-19,R3,T2,55.9,34.8,79.2,94.3,1
TRA067-000228,2024-03-20,R4,T3,32.8,69.2,66.2,67.7,1
TRA067-000229,2024-03-20,R1,T1,25.3,134.1,64.5,59.1,1
TRA067-000230,2024-03-20,R5,T2,149.3,124.5,211.1,201.7,1
TRA067-000231,2024-03-21,R4,T3,77.2,82.0,89.1,118.8,1
TRA067-000232,2024-03-21,R1,T1,89.5,75.6,100.8,132.9,1
TRA067-000233,2024-03-21,R5,T2,140.7,117.7,193.8,191.8,1
TRA067-000234,2024-03-22,R1,T3,122.0,122.7,188.1,170.3,1
TRA067-000235,2024-03-22,R4,T1,3.2,90.4,24.2,33.7,1
TRA067-000236,2024-03-22,R4,T2,61.6,12.4,93.3,100.8,1
TRA067-000237,2024-03-23,R3,T3,97.9,81.3,159.8,142.6,1
TRA067-000238,2024-03-23,R2,T1,75.9,77.6,107.3,117.3,1
TRA067-000239,2024-03-23,R5,T2,67.5,74.7,87.6,107.6,1
TRA067-000240,2024-03-24,R6,T3,8.4,75.2,33.0,39.7,1
TRA067-000241,2024-03-24,R2,T1,136.7,97.6,167.1,187.2,1
TRA067-000242,2024-03-24,R1,T2,2.4,111.8,32.5,32.8,1
TRA067-000243,2024-03-25,R5,T3,140.4,12.5,216.7,191.5,1
TRA067-000244,2024-03-25,R3,T1,101.2,84.2,142.6,146.4,1
TRA067-000245,2024-03-25,R3,T2,8.6,8.9,31.0,39.9,1
TRA067-000246,2024-03-26,R4,T3,54.9,69.8,101.6,93.1,1
TRA067-000247,2024-03-26,R1,T1,67.2,118.7,83.8,107.3,1
TRA067-000248,2024-03-26,R5,T2,103.4,143.7,175.2,148.9,1
TRA067-000249,2024-03-27,R3,T3,87.9,30.3,106.3,131.1,1
TRA067-000250,2024-03-27,R2,T1,21.7,64.3,,55.0,1
TRA067-000251,2024-03-28,R6,T2,65.2,92.2,87.2,105.0,1
TRA067-000252,2024-03-28,R4,T3,110.9,6.5,150.7,157.5,1
TRA067-000253,2024-03-28,R5,T1,144.4,12.6,181.4,196.1,1
TRA067-000254,2024-03-29,R6,T2,147.2,25.6,195.9,199.3,1
TRA067-000255,2024-03-29,R3,T3,20.2,117.9,48.3,53.2,1
TRA067-000256,2024-03-29,R3,T1,113.1,111.1,136.9,160.1,1
TRA067-000257,2024-03-30,R4,T2,84.5,101.5,124.7,127.2,1
TRA067-000258,2024-03-30,R5,T3,49.3,40.7,64.1,86.7,1
TRA067-000259,2024-03-30,R1,T1,70.3,54.7,87.1,110.8,1
TRA067-000260,2024-03-31,R1,T2,22.6,49.3,44.8,56.0,1
TRA067-000261,2024-03-31,R2,T3,131.9,1.7,175.5,181.7,1
TRA067-000262,2024-03-31,R5,T1,125.6,126.7,154.6,174.4,1
TRA067-000263,2024-04-01,R6,T2,142.5,94.7,191.9,193.9,1
TRA067-000264,2024-04-01,R6,T3,117.3,146.7,156.6,164.9,1
TRA067-000265,2024-04-01,R3,T1,43.7,88.3,56.4,80.3,1
TRA067-000266,2024-04-02,R3,T2,27.6,72.6,58.7,61.7,1
TRA067-000267,2024-04-02,R5,T3,149.2,33.6,173.8,201.6,1
TRA067-000268,2024-04-02,R2,T1,26.8,62.1,37.1,60.8,1
TRA067-000269,2024-04-03,R2,T2,72.4,7.0,84.1,113.3,1
TRA067-000270,2024-04-03,R4,T3,46.5,62.1,63.6,83.5,1
TRA067-000271,2024-04-03,R4,T1,48.3,13.3,46.8,85.5,1
TRA067-000272,2024-04-04,R3,T2,79.1,28.3,94.4,121.0,1
TRA067-000273,2024-04-04,R4,T3,74.2,2.6,88.7,115.3,1
TRA067-000274,2024-04-05,R6,T1,68.1,78.7,103.8,108.3,1
TRA067-000275,2024-04-05,R3,T2,136.3,144.2,194.0,186.7,1
TRA067-000276,2024-04-05,R1,T3,96.6,104.0,150.9,141.1,1
TRA067-000277,2024-04-06,R2,T1,66.2,46.1,95.8,106.1,1
TRA067-000278,2024-04-06,R3,T2,84.3,145.8,148.7,126.9,1
TRA067-000279,2024-04-06,R4,T3,23.1,121.6,42.1,56.6,1
TRA067-000280,2024-04-07,R5,T1,60.6,2.9,72.8,99.7,1
TRA067-000281,2024-04-07,R6,T2,56.5,69.6,88.9,95.0,1
TRA067-000282,2024-04-07,R5,T3,31.1,82.3,51.3,65.8,1
TRA067-000283,2024-04-08,R4,T1,74.8,53.2,83.9,116.0,1
TRA067-000284,2024-04-08,R1,T2,4.9,85.0,43.9,35.6,1
TRA067-000285,2024-04-08,R4,T3,119.0,86.3,182.9,166.8,1
TRA067-000286,2024-04-09,R6,T1,47.7,33.0,99.1,84.9,1
TRA067-000287,2024-04-09,R3,T2,80.1,147.4,107.7,122.1,1
TRA067-000288,2024-04-09,R6,T3,14.4,46.8,56.9,46.6,1
TRA067-000289,2024-04-10,R1,T1,33.1,91.5,64.3,68.1,1
TRA067-000290,2024-04-10,R5,T2,112.5,51.5,160.9,159.4,1
TRA067-000291,2024-04-10,R5,T3,105.9,120.3,136.2,151.8,1
TRA067-000292,2024-04-11,R4,T1,60.4,20.6,52.0,99.5,1
TRA067-000293,2024-04-11,R5,T2,145.7,86.4,174.8,197.6,1
TRA067-000294,2024-04-11,R6,T3,102.1,59.6,136.8,147.4,1
TRA067-000295,2024-04-12,R4,T1,39.7,149.4,,75.7,0
TRA067-000296,2024-04-12,R2,T2,118.2,82.0,159.2,165.9,1
TRA067-000297,2024-04-13,R2,T3,148.9,101.0,216.3,201.2,1
TRA067-000298,2024-04-13,R6,T1,52.7,28.9,84.3,90.6,1
TRA067-000299,2024-04-13,R5,T2,114.1,81.2,168.6,161.2,1
TRA067-000300,2024-04-14,R4,T3,130.9,106.0,186.6,180.5,1
TRA067-000301,2024-04-14,R4,T1,117.3,110.8,151.5,164.9,1
TRA067-000302,2024-04-14,R1,T2,46.5,113.2,,83.5,0
TRA067-000303,2024-04-15,R1,T3,111.4,105.3,153.8,158.1,1
TRA067-000304,2024-04-15,R2,T1,51.8,101.9,101.5,89.6,1
TRA067-000305,2024-04-15,R4,T2,140.5,50.4,197.2,191.6,1
TRA067-000306,2024-04-16,R4,T3,104.2,36.0,153.0,149.8,1
TRA067-000307,2024-04-16,R2,T1,64.9,69.3,,104.6,0
TRA067-000308,2024-04-16,R3,T2,146.6,51.1,191.1,198.6,1
TRA067-000309,2024-04-17,R1,T3,39.9,44.5,80.0,75.9,1
TRA067-000310,2024-04-17,R3,T1,111.6,140.2,158.8,158.3,1
TRA067-000311,2024-04-17,R1,T2,77.9,94.5,104.2,119.6,1
TRA067-000312,2024-04-18,R6,T3,24.0,130.7,51.0,57.6,1
TRA067-000313,2024-04-18,R5,T1,71.6,84.1,87.2,112.3,1
TRA067-000314,2024-04-18,R6,T2,46.9,75.4,68.5,83.9,1
TRA067-000315,2024-04-19,R6,T3,106.9,54.8,155.9,152.9,1
TRA067-000316,2024-04-19,R1,T1,40.6,76.6,61.1,76.7,1
TRA067-000317,2024-04-19,R2,T2,139.7,97.6,,190.7,0
TRA067-000318,2024-04-20,R6,T3,53.7,6.7,71.1,91.8,1
TRA067-000319,2024-04-20,R5,T1,33.1,92.4,58.3,68.1,1
TRA067-000320,2024-04-21,R4,T2,115.8,110.4,171.5,163.2,1
TRA067-000321,2024-04-21,R5,T3,121.0,25.6,162.7,169.1,1
TRA067-000322,2024-04-21,R6,T1,28.8,139.3,91.5,63.1,1
TRA067-000323,2024-04-22,R4,T2,137.1,61.3,213.7,187.7,1
TRA067-000324,2024-04-22,R5,T3,18.7,141.8,49.5,51.5,1
TRA067-000325,2024-04-22,R4,T1,75.6,22.5,94.1,116.9,1
TRA067-000326,2024-04-23,R5,T2,122.3,50.1,149.3,170.6,1
TRA067-000327,2024-04-23,R5,T3,139.0,109.0,199.5,189.8,1
TRA067-000328,2024-04-23,R5,T1,108.4,47.2,154.1,154.7,1
TRA067-000329,2024-04-24,R2,T2,13.7,45.5,17.3,45.8,1
TRA067-000330,2024-04-24,R1,T3,11.3,19.5,51.9,43.0,1
TRA067-000331,2024-04-24,R3,T1,10.5,62.8,53.6,42.1,1
TRA067-000332,2024-04-25,R4,T2,120.7,91.9,168.3,168.8,1
TRA067-000333,2024-04-25,R4,T3,94.4,38.2,,138.6,1
TRA067-000334,2024-04-25,R2,T1,71.1,31.5,84.5,111.8,1
TRA067-000335,2024-04-26,R4,T2,139.7,58.5,207.3,190.7,1
TRA067-000336,2024-04-26,R2,T3,85.1,147.5,158.3,127.9,1
TRA067-000337,2024-04-26,R2,T1,4.7,95.6,52.5,35.4,1
TRA067-000338,2024-04-27,R4,T2,125.7,56.5,166.2,174.6,1
TRA067-000339,2024-04-27,R4,T3,80.6,135.8,132.3,122.7,1
TRA067-000340,2024-04-28,R5,T1,130.9,113.5,173.7,180.5,1
TRA067-000341,2024-04-28,R4,T2,41.6,128.3,82.9,77.8,1
TRA067-000342,2024-04-28,R1,T3,125.5,54.5,,174.3,0
TRA067-000343,2024-04-29,R6,T1,55.0,2.5,57.5,93.2,1
TRA067-000344,2024-04-29,R5,T2,27.0,61.1,77.9,61.0,1
TRA067-000345,2024-04-29,R3,T3,23.6,15.2,53.8,57.1,1
TRA067-000346,2024-04-30,R5,T1,15.5,8.2,10.2,47.8,1
TRA067-000347,2024-04-30,R5,T2,60.1,16.7,87.5,99.1,1
TRA067-000348,2024-04-30,R2,T3,17.9,10.6,48.6,50.6,1
TRA067-000349,2024-05-01,R1,T1,48.7,4.0,64.9,86.0,1
TRA067-000350,2024-05-01,R5,T2,60.1,66.4,74.7,99.1,1
TRA067-000351,2024-05-01,R2,T3,113.8,78.8,176.1,160.9,1
TRA067-000352,2024-05-02,R2,T1,26.0,139.0,66.1,59.9,1
TRA067-000353,2024-05-02,R1,T2,99.2,32.2,121.8,144.1,1
TRA067-000354,2024-05-02,R6,T3,94.0,54.4,125.7,138.1,1
TRA067-000355,2024-05-03,R5,T1,23.8,88.8,75.8,57.4,1
TRA067-000356,2024-05-03,R4,T2,37.0,48.8,41.9,72.5,1
TRA067-000357,2024-05-03,R1,T3,22.9,136.3,65.8,56.3,1
TRA067-000358,2024-05-04,R2,T1,40.1,95.5,67.0,76.1,1
TRA067-000359,2024-05-04,R6,T2,65.2,78.2,102.0,105.0,1
TRA067-000360,2024-05-04,R2,T3,67.4,35.1,85.2,107.5,1
TRA067-000361,2024-05-05,R1,T1,128.0,60.1,169.5,177.2,1
TRA067-000362,2024-05-05,R4,T2,58.0,116.2,92.5,96.7,1
TRA067-000363,2024-05-06,R1,T3,49.4,20.8,,86.8,0
TRA067-000364,2024-05-06,R1,T1,147.9,89.3,173.6,200.1,1
TRA067-000365,2024-05-06,R6,T2,34.9,112.6,81.9,70.1,1
TRA067-000366,2024-05-07,R3,T3,149.4,39.2,230.3,201.8,1
TRA067-000367,2024-05-07,R5,T1,21.6,147.3,44.8,54.8,1
TRA067-000368,2024-05-07,R1,T2,112.3,65.4,133.6,159.1,1
TRA067-000369,2024-05-08,R6,T3,18.8,61.0,6.6,51.6,1
TRA067-000370,2024-05-08,R1,T1,133.4,72.1,185.1,183.4,1
TRA067-000371,2024-05-08,R4,T2,134.2,82.6,178.8,184.3,1
TRA067-000372,2024-05-09,R5,T3,29.1,11.5,45.4,63.5,1
TRA067-000373,2024-05-09,R3,T1,55.1,4.5,58.8,93.4,1
TRA067-000374,2024-05-09,R6,T2,92.9,94.2,155.4,136.8,1
TRA067-000375,2024-05-10,R4,T3,118.3,95.0,156.9,166.0,1
TRA067-000376,2024-05-10,R1,T1,90.7,72.1,111.0,134.3,1
TRA067-000377,2024-05-10,R5,T2,113.0,140.9,197.8,159.9,1
TRA067-000378,2024-05-11,R2,T3,51.2,89.4,82.8,88.9,1
TRA067-000379,2024-05-11,R1,T1,40.0,101.6,71.7,76.0,1
TRA067-000380,2024-05-11,R1,T2,74.3,52.4,127.1,115.4,1
TRA067-000381,2024-05-12,R5,T3,15.8,92.0,47.6,48.2,1
TRA067-000382,2024-05-12,R6,T1,106.9,112.5,154.6,152.9,1
TRA067-000383,2024-05-12,R3,T2,143.6,36.6,175.0,195.1,1
TRA067-000384,2024-05-13,R3,T3,59.7,80.6,,98.7,0
TRA067-000385,2024-05-13,R6,T1,111.1,116.7,141.8,157.8,1
TRA067-000386,2024-05-14,R5,T2,15.9,8.5,30.9,48.3,1
TRA067-000387,2024-05-14,R2,T3,48.0,132.0,91.9,85.2,1
TRA067-000388,2024-05-14,R5,T1,34.0,55.5,46.0,69.1,1
TRA067-000389,2024-05-15,R1,T2,8.4,141.7,52.0,39.7,1
TRA067-000390,2024-05-15,R5,T3,111.9,92.7,182.7,158.7,1
TRA067-000391,2024-05-15,R3,T1,102.7,6.6,,148.1,0
TRA067-000392,2024-05-16,R3,T2,112.7,28.4,111.5,159.6,1
TRA067-000393,2024-05-16,R2,T3,104.2,98.9,173.1,149.8,1
TRA067-000394,2024-05-16,R2,T1,81.3,18.4,128.6,123.5,1
TRA067-000395,2024-05-17,R4,T2,105.8,122.1,153.1,151.7,1
TRA067-000396,2024-05-17,R1,T3,112.7,93.5,154.7,159.6,1
TRA067-000397,2024-05-17,R2,T1,43.6,39.8,87.3,80.1,1
TRA067-000398,2024-05-18,R6,T2,48.2,63.6,65.3,85.4,1
TRA067-000399,2024-05-18,R2,T3,41.8,133.4,75.2,78.1,1
TRA067-000400,2024-05-18,R4,T1,148.4,51.5,190.8,200.7,1
TRA067-000401,2024-05-19,R3,T2,143.8,44.3,186.4,195.4,1
TRA067-000402,2024-05-19,R2,T3,115.8,142.6,189.5,163.2,1
TRA067-000403,2024-05-19,R3,T1,38.1,59.1,52.7,73.8,1
TRA067-000404,2024-05-20,R6,T2,77.3,120.5,106.8,118.9,1
TRA067-000405,2024-05-20,R5,T3,59.4,24.6,102.5,98.3,1
TRA067-000406,2024-05-20,R6,T1,81.3,86.8,93.0,123.5,1
TRA067-000407,2024-05-21,R4,T2,130.0,64.6,182.5,179.5,1
TRA067-000408,2024-05-21,R5,T3,40.3,46.4,81.4,76.3,1
TRA067-000409,2024-05-22,R6,T1,144.6,24.5,154.8,196.3,1
TRA067-000410,2024-05-22,R1,T2,59.1,77.8,113.6,98.0,1
TRA067-000411,2024-05-22,R6,T3,27.9,103.0,69.5,62.1,1
TRA067-000412,2024-05-23,R3,T1,64.4,53.9,95.7,104.1,1
TRA067-000413,2024-05-23,R1,T2,117.7,7.2,154.3,165.4,1
TRA067-000414,2024-05-23,R3,T3,64.6,116.4,130.8,104.3,1
TRA067-000415,2024-05-24,R6,T1,53.5,28.1,62.1,91.5,1
TRA067-000416,2024-05-24,R6,T2,28.4,89.9,,62.7,1
TRA067-000417,2024-05-24,R3,T3,63.3,93.9,117.8,102.8,1
TRA067-000418,2024-05-25,R3,T1,56.4,28.3,81.3,94.9,1
TRA067-000419,2024-05-25,R6,T2,9.1,69.4,20.3,40.5,1
TRA067-000420,2024-05-25,R6,T3,127.3,5.2,180.7,176.4,1
TRA067-000421,2024-05-26,R2,T1,4.3,148.4,29.3,34.9,1
TRA067-000422,2024-05-26,R3,T2,64.5,108.7,79.4,104.2,1
TRA067-000423,2024-05-26,R3,T3,47.1,119.2,"71,7",84.2,1
TRA067-000424,2024-05-27,R5,T1,99.3,104.1,138.8,144.2,1
TRA067-000425,2024-05-27,R1,T2,16.8,56.8,18.4,49.3,1
TRA067-000426,2024-05-27,R6,T3,45.3,17.9,34.1,82.1,1
TRA067-000427,2024-05-28,R5,T1,118.1,51.3,151.4,165.8,1
TRA067-000428,2024-05-28,R3,T2,13.9,47.5,31.8,46.0,1
TRA067-000429,2024-05-28,R6,T3,12.0,35.0,23.5,43.8,1
TRA067-000430,2024-05-29,R2,T1,13.2,37.5,,45.2,0
TRA067-000431,2024-05-29,R2,T2,21.3,52.8,49.2,54.5,1
TRA067-000432,2024-05-30,R6,T3,108.0,7.9,155.6,154.2,1
TRA067-000433,2024-05-30,R3,T1,65.1,105.7,100.1,104.9,1
TRA067-000434,2024-05-30,R6,T2,74.7,107.3,122.7,115.9,1
TRA067-000435,2024-05-31,R2,T3,56.9,45.7,75.3,95.4,1
TRA067-000436,2024-05-31,R2,T1,43.4,109.9,76.6,79.9,1
TRA067-000437,2024-05-31,R5,T2,75.1,74.0,133.8,116.4,1
TRA067-000438,2024-06-01,R6,T3,23.5,35.4,39.7,57.0,1
TRA067-000439,2024-06-01,R4,T1,68.5,103.2,94.5,108.8,1
TRA067-000440,2024-06-01,R6,T2,28.4,68.4,66.0,62.7,1
TRA067-000441,2024-06-02,R2,T3,105.4,29.0,130.3,151.2,1
TRA067-000442,2024-06-02,R2,T1,127.8,149.9,169.9,177.0,1
TRA067-000443,2024-06-02,R5,T2,16.6,65.8,47.3,49.1,1
TRA067-000444,2024-06-03,R5,T3,94.1,99.3,164.4,138.2,1
TRA067-000445,2024-06-03,R4,T1,104.0,5.9,145.3,149.6,1
TRA067-000446,2024-06-03,R5,T2,28.3,30.0,73.4,62.5,1
TRA067-000447,2024-06-04,R6,T3,91.7,96.5,141.8,135.5,1
TRA067-000448,2024-06-04,R3,T1,47.4,88.3,60.5,84.5,1
TRA067-000449,2024-06-04,R3,T2,119.0,123.2,174.4,166.8,1
TRA067-000450,2024-06-05,R3,T3,55.4,58.8,101.0,93.7,1
TRA067-000451,2024-06-05,R3,T1,2.6,67.4,19.0,33.0,1
TRA067-000452,2024-06-05,R5,T2,18.8,95.9,30.5,51.6,1
TRA067-000453,2024-06-06,R6,T3,89.5,52.5,140.3,132.9,1
TRA067-000454,2024-06-06,R5,T1,68.5,54.9,83.6,108.8,1
TRA067-000455,2024-06-07,R4,T2,80.1,11.0,113.2,122.1,1
TRA067-000456,2024-06-07,R4,T3,149.2,118.7,219.9,201.6,1
TRA067-000457,2024-06-07,R3,T1,133.3,5.6,129.8,183.3,1
TRA067-000458,2024-06-08,R1,T2,22.3,78.9,79.1,55.6,1
TRA067-000459,2024-06-08,R1,T3,56.4,48.4,86.9,94.9,1
TRA067-000460,2024-06-08,R4,T1,62.6,105.4,76.4,102.0,1
TRA067-000461,2024-06-09,R5,T2,58.6,145.8,93.9,97.4,1
TRA067-000462,2024-06-09,R6,T3,39.7,99.3,108.8,75.7,1
TRA067-000463,2024-06-09,R1,T1,47.6,127.3,83.4,84.7,1
TRA067-000464,2024-06-10,R6,T2,111.7,19.0,136.2,158.5,1
TRA067-000465,2024-06-10,R4,T3,74.1,67.8,112.6,115.2,1
TRA067-000466,2024-06-10,R6,T1,78.9,89.8,116.0,120.7,1
TRA067-000467,2024-06-11,R3,T2,64.7,18.7,60.1,104.4,1
TRA067-000468,2024-06-11,R6,T3,11.5,20.3,26.9,43.2,1
TRA067-000469,2024-06-11,R5,T1,81.5,147.8,122.7,123.7,1
TRA067-000470,2024-06-12,R1,T2,56.5,3.2,74.0,95.0,1
TRA067-000471,2024-06-12,R6,T3,43.2,55.5,81.1,79.7,1
TRA067-000472,2024-06-12,R4,T1,30.0,139.9,71.8,64.5,1
TRA067-000473,2024-06-13,R5,T2,80.4,81.0,117.4,122.5,1
TRA067-000474,2024-06-13,R4,T3,95.4,104.0,149.7,139.7,1
TRA067-000475,2024-06-13,R1,T1,123.6,87.3,166.7,172.1,1
TRA067-000476,2024-06-14,R1,T2,98.3,14.7,130.9,143.0,1
TRA067-000477,2024-06-14,R2,T3,62.1,86.4,97.4,101.4,1
TRA067-000478,2024-06-15,R2,T1,142.5,5.6,169.0,193.9,1
TRA067-000479,2024-06-15,R5,T2,113.4,41.0,145.3,160.4,1
TRA067-000480,2024-06-15,R1,T3,4.1,52.9,,34.7,0
TRA067-000481,2024-06-16,R2,T1,35.3,112.2,57.7,70.6,1
TRA067-000482,2024-06-16,R5,T2,138.6,111.1,194.6,189.4,1
TRA067-000483,2024-06-16,R5,T3,143.2,87.8,223.9,194.7,1
TRA067-000484,2024-06-17,R3,T1,126.3,87.7,169.1,175.2,1
TRA067-000485,2024-06-17,R6,T2,50.9,22.1,53.9,88.5,1
TRA067-000486,2024-06-17,R3,T3,34.8,136.0,59.7,70.0,1
TRA067-000487,2024-06-18,R3,T1,19.4,7.1,51.2,52.3,1
TRA067-000488,2024-06-18,R4,T2,122.2,146.9,178.3,170.5,1
TRA067-000489,2024-06-18,R6,T3,93.6,55.9,127.8,137.6,1
TRA067-000490,2024-06-19,R1,T1,94.3,137.1,145.3,138.4,1
TRA067-000491,2024-06-19,R4,T2,47.7,132.9,,84.9,0
TRA067-000492,2024-06-19,R4,T3,57.5,36.7,81.0,96.1,1
TRA067-000493,2024-06-20,R3,T1,129.8,87.6,,179.3,0
TRA067-000494,2024-06-20,R5,T2,104.1,80.2,128.8,149.7,1
TRA067-000495,2024-06-20,R2,T3,99.6,34.5,155.0,144.5,1
TRA067-000496,2024-06-21,R4,T1,62.6,2.0,25.2,102.0,1
TRA067-000497,2024-06-21,R1,T2,84.4,31.6,99.3,127.1,1
TRA067-000498,2024-06-22,R3,T3,77.0,57.5,95.3,118.5,1
TRA067-000499,2024-06-22,R1,T1,144.4,70.8,,196.1,1
TRA067-000500,2024-06-22,R1,T2,117.9,84.3,188.7,165.6,1
TRA067-000501,2024-06-23,R1,T3,119.0,48.6,173.3,166.8,1
TRA067-000502,2024-06-23,R4,T1,79.5,149.6,148.1,121.4,1
TRA067-000503,2024-06-23,R4,T2,18.0,133.9,48.5,50.7,1
TRA067-000504,2024-06-24,R4,T3,128.9,127.6,190.8,178.2,1
TRA067-000505,2024-06-24,R2,T1,132.3,1.3,156.2,182.1,1
TRA067-000506,2024-06-24,R3,T2,35.9,53.5,74.0,71.3,1
TRA067-000507,2024-06-25,R3,T3,149.3,19.7,187.1,201.7,1
TRA067-000508,2024-06-25,R2,T1,36.4,64.4,76.5,71.9,1
TRA067-000509,2024-06-25,R1,T2,130.7,1.9,164.1,180.3,1
TRA067-000510,2024-06-26,R6,T3,33.8,141.7,60.4,68.9,1
TRA067-000511,2024-06-26,R2,T1,11.2,94.7,50.4,42.9,1
TRA067-000512,2024-06-26,R2,T2,86.7,62.6,143.8,129.7,1
TRA067-000513,2024-06-27,R1,T3,78.1,9.2,123.3,119.8,1
TRA067-000514,2024-06-27,R5,T1,101.1,128.6,156.2,146.3,1
TRA067-000515,2024-06-27,R4,T2,99.1,124.9,158.4,144.0,1
TRA067-000516,2024-06-28,R6,T3,72.7,18.0,139.7,113.6,1
TRA067-000517,2024-06-28,R2,T1,123.0,66.8,155.1,171.4,1
TRA067-000518,2024-06-28,R1,T2,7.9,62.2,21.2,39.1,1
TRA067-000519,2024-06-29,R4,T3,140.0,5.8,182.9,191.0,1
TRA067-000520,2024-06-29,R4,T1,30.1,2.9,47.7,64.6,1
TRA067-000521,2024-06-30,R4,T2,90.6,58.2,114.6,134.2,1
TRA067-000522,2024-06-30,R1,T3,37.1,101.3,53.1,72.7,1
TRA067-000523,2024-06-30,R1,T1,144.5,122.5,216.6,196.2,1
TRA067-000524,2024-07-01,R5,T2,128.7,45.9,156.1,178.0,1
TRA067-000525,2024-07-01,R3,T3,96.8,146.5,154.2,141.3,1
TRA067-000526,2024-07-01,R3,T1,40.8,112.5,84.8,76.9,1
TRA067-000527,2024-07-02,R5,T2,35.9,125.0,55.8,71.3,1
TRA067-000528,2024-07-02,R6,T3,79.3,143.9,113.0,121.2,1
TRA067-000529,2024-07-02,R4,T1,62.9,148.9,107.4,102.3,1
TRA067-000530,2024-07-03,R4,T2,45.0,59.8,70.9,81.8,1
TRA067-000531,2024-07-03,R5,T3,41.8,1.8,53.1,78.1,1
TRA067-000532,2024-07-03,R3,T1,146.6,70.1,204.6,198.6,1
TRA067-000533,2024-07-04,R5,T2,111.7,36.2,157.9,158.5,1
TRA067-000534,2024-07-04,R6,T3,48.9,59.5,101.3,86.2,1
TRA067-000535,2024-07-04,R2,T1,22.0,1.5,23.5,55.3,1
TRA067-000536,2024-07-05,R6,T2,36.7,144.3,85.0,72.2,1
TRA067-000537,2024-07-05,R6,T3,43.9,45.6,64.2,80.5,1
TRA067-000538,2024-07-05,R3,T1,138.8,55.3,157.5,189.6,1
TRA067-000539,2024-07-06,R5,T2,34.7,83.5,69.0,69.9,1
TRA067-000540,2024-07-06,R5,T3,48.0,147.0,113.3,85.2,1
TRA067-000541,2024-07-06,R2,T1,121.0,65.0,139.9,169.1,1
TRA067-000542,2024-07-07,R6,T2,37.0,66.2,74.6,72.5,1
TRA067-000543,2024-07-07,R4,T3,16.5,3.2,45.9,49.0,1
TRA067-000544,2024-07-08,R2,T1,140.5,26.6,179.4,191.6,1
TRA067-000545,2024-07-08,R3,T2,79.5,106.5,118.9,121.4,1
TRA067-000546,2024-07-08,R4,T3,146.4,45.2,232.1,198.4,1
TRA067-000547,2024-07-09,R3,T1,144.4,103.0,189.8,196.1,1
TRA067-000548,2024-07-09,R5,T2,114.0,11.2,154.2,161.1,1
TRA067-000549,2024-07-09,R4,T3,20.2,52.5,43.7,53.2,1
TRA067-000550,2024-07-10,R6,T1,31.8,49.6,49.8,66.6,1
TRA067-000551,2024-07-10,R3,T2,14.1,104.4,43.5,46.2,1
TRA067-000552,2024-07-10,R1,T3,112.3,83.2,193.7,159.1,1
TRA067-000553,2024-07-11,R2,T1,76.3,22.2,73.6,117.7,1
TRA067-000554,2024-07-11,R2,T2,54.9,82.3,92.0,93.1,1
TRA067-000555,2024-07-11,R3,T3,24.6,61.5,59.4,58.3,1
TRA067-000556,2024-07-12,R6,T1,133.6,72.8,,183.6,0
TRA067-000557,2024-07-12,R3,T2,89.6,93.4,157.1,133.0,1
TRA067-000558,2024-07-12,R3,T3,113.1,22.4,143.4,160.1,1
TRA067-000559,2024-07-13,R1,T1,47.0,138.1,109.2,84.0,1
TRA067-000560,2024-07-13,R3,T2,105.2,95.2,139.0,151.0,1
TRA067-000561,2024-07-13,R3,T3,126.0,137.3,191.8,174.9,1
TRA067-000562,2024-07-14,R4,T1,104.4,102.3,142.4,150.1,1
TRA067-000563,2024-07-14,R4,T2,78.6,87.7,118.8,120.4,1
TRA067-000564,2024-07-14,R1,T3,89.8,115.3,133.6,133.3,1
TRA067-000565,2024-07-15,R1,T1,134.0,118.8,166.7,184.1,1
TRA067-000566,2024-07-15,R5,T2,113.6,95.3,147.7,160.6,1
TRA067-000567,2024-07-16,R1,T3,41.2,68.5,36.6,77.4,1
TRA067-000568,2024-07-16,R3,T1,119.8,115.4,152.8,167.8,1
TRA067-000569,2024-07-16,R3,T2,35.8,70.0,81.4,71.2,1
TRA067-000570,2024-07-17,R6,T3,115.2,124.5,158.5,162.5,1
TRA067-000571,2024-07-17,R3,T1,126.8,18.0,137.4,175.8,1
TRA067-000572,2024-07-17,R1,T2,65.5,124.9,144.0,105.3,1
TRA067-000573,2024-07-18,R2,T3,21.2,43.1,65.0,54.4,1
TRA067-000574,2024-07-18,R1,T1,133.9,106.5,169.6,184.0,1
TRA067-000575,2024-07-18,R6,T2,144.2,30.2,194.6,195.8,1
TRA067-000576,2024-07-19,R5,T3,100.1,7.1,131.3,145.1,1
TRA067-000577,2024-07-19,R5,T1,112.5,63.5,158.4,159.4,1
TRA067-000578,2024-07-19,R3,T2,29.9,29.7,34.0,64.4,1
TRA067-000579,2024-07-20,R2,T3,23.4,79.3,27.3,56.9,1
TRA067-000580,2024-07-20,R1,T1,50.7,119.1,96.5,88.3,1
TRA067-000581,2024-07-20,R5,T2,124.9,123.3,179.7,173.6,1
TRA067-000582,2024-07-21,R3,T3,107.6,107.8,,153.7,1
TRA067-000583,2024-07-21,R5,T1,149.9,100.5,175.4,202.4,1
TRA067-000584,2024-07-21,R1,T2,126.9,138.2,186.5,175.9,1
TRA067-000585,2024-07-22,R5,T3,96.9,82.9,128.7,141.4,1
TRA067-000586,2024-07-22,R6,T1,149.0,91.5,179.4,201.3,1
TRA067-000587,2024-07-22,R2,T2,48.9,97.6,68.4,86.2,1
TRA067-000588,2024-07-23,R4,T3,128.9,13.5,181.3,178.2,1
TRA067-000589,2024-07-23,R4,T1,112.3,48.9,136.2,159.1,1
TRA067-000590,2024-07-24,R4,T2,125.8,47.9,173.2,174.7,1
TRA067-000591,2024-07-24,R1,T3,147.8,47.2,215.0,200.0,1
TRA067-000592,2024-07-24,R3,T1,11.0,78.5,47.3,42.6,1
TRA067-000593,2024-07-25,R1,T2,119.9,21.1,164.7,167.9,1
TRA067-000594,2024-07-25,R3,T3,42.5,121.9,62.2,78.9,1
TRA067-000595,2024-07-25,R5,T1,119.2,93.6,137.7,167.1,1
TRA067-000596,2024-07-26,R4,T2,65.9,40.2,101.2,105.8,1
TRA067-000597,2024-07-26,R3,T3,139.6,95.6,218.5,190.5,1
TRA067-000598,2024-07-26,R4,T1,149.5,45.1,195.7,201.9,1
TRA067-000599,2024-07-27,R2,T2,70.2,53.4,102.4,110.7,1
TRA067-000600,2024-07-27,R4,T3,72.4,91.8,112.3,113.3,1
TRA067-000601,2024-07-27,R2,T1,6.1,116.6,33.6,37.0,1
TRA067-000602,2024-07-28,R4,T2,104.6,149.0,155.7,150.3,1
TRA067-000603,2024-07-28,R5,T3,121.8,3.8,193.7,170.1,1
TRA067-000604,2024-07-28,R1,T1,136.6,75.6,174.2,187.1,1
TRA067-000605,2024-07-29,R1,T2,2.5,8.0,5,32.9,1
TRA067-000606,2024-07-29,R6,T3,144.8,24.1,244.2,196.5,1
TRA067-000607,2024-07-29,R3,T1,121.3,121.7,156.8,169.5,1
TRA067-000608,2024-07-30,R3,T2,15.3,23.1,,47.6,0
TRA067-000609,2024-07-30,R1,T3,64.1,15.3,,103.7,0
TRA067-000610,2024-07-30,R5,T1,33.8,130.3,54.8,68.9,1
TRA067-000611,2024-07-31,R4,T2,3.5,3.0,27.7,34.0,1
TRA067-000612,2024-07-31,R1,T3,15.9,49.3,39.6,48.3,1
TRA067-000613,2024-08-01,R4,T1,7.3,74.5,27.3,38.4,1
TRA067-000614,2024-08-01,R2,T2,107.4,65.9,147.6,153.5,1
TRA067-000615,2024-08-01,R5,T3,80.7,45.9,134.8,122.8,1
TRA067-000616,2024-08-02,R2,T1,101.5,99.6,98.7,146.7,1
TRA067-000617,2024-08-02,R3,T2,83.8,144.7,143.4,126.4,1
TRA067-000618,2024-08-02,R1,T3,34.8,102.1,76.1,70.0,1
TRA067-000619,2024-08-03,R2,T1,119.3,149.6,160.2,167.2,1
TRA067-000620,2024-08-03,R4,T2,144.2,114.6,199.3,195.8,1
TRA067-000621,2024-08-03,R5,T3,10.3,96.6,52.9,41.8,1
TRA067-000622,2024-08-04,R3,T1,6.9,100.8,29.1,37.9,1
TRA067-000623,2024-08-04,R2,T2,63.0,35.9,100.7,102.4,1
TRA067-000624,2024-08-04,R6,T3,81.8,108.0,119.6,124.1,1
TRA067-000625,2024-08-05,R4,T1,4.7,80.8,29.7,35.4,1
TRA067-000626,2024-08-05,R6,T2,103.8,100.5,179.0,149.4,1
TRA067-000627,2024-08-05,R4,T3,141.8,63.2,186.6,193.1,1
TRA067-000628,2024-08-06,R6,T1,118.3,35.3,188.7,166.0,1
TRA067-000629,2024-08-06,R2,T2,27.5,65.7,53.6,61.6,1
TRA067-000630,2024-08-06,R3,T3,127.4,52.4,175.1,176.5,1
TRA067-000631,2024-08-07,R2,T1,21.0,108.4,50.8,54.1,1
TRA067-000632,2024-08-07,R4,T2,41.3,147.4,129.7,77.5,1
TRA067-000633,2024-08-07,R6,T3,77.2,83.1,132.0,118.8,1
TRA067-000634,2024-08-08,R6,T1,36.4,77.9,"53,7",71.9,1
TRA067-000635,2024-08-08,R4,T2,141.0,27.6,179.7,192.1,1
TRA067-000636,2024-08-09,R4,T3,7.4,72.7,25.5,38.5,1
TRA067-000637,2024-08-09,R1,T1,5.1,134.6,39.2,35.9,1
TRA067-000638,2024-08-09,R6,T2,46.0,12.6,77.3,82.9,1
TRA067-000639,2024-08-10,R6,T3,30.6,95.9,75.8,65.2,1
TRA067-000640,2024-08-10,R1,T1,74.5,119.9,126.8,115.7,1
TRA067-000641,2024-08-10,R4,T2,70.7,84.0,97.4,111.3,1
TRA067-000642,2024-08-11,R1,T3,7.4,115.3,5,38.5,1
TRA067-000643,2024-08-11,R1,T1,130.7,65.6,172.7,180.3,1
TRA067-000644,2024-08-11,R4,T2,86.3,101.0,119.9,129.2,1
TRA067-000645,2024-08-12,R3,T3,128.6,34.0,201.7,177.9,1
TRA067-000646,2024-08-12,R2,T1,46.9,72.0,59.0,83.9,1
TRA067-000647,2024-08-12,R4,T2,135.8,15.6,161.8,186.2,1
TRA067-000648,2024-08-13,R2,T3,92.4,79.4,143.6,136.3,1
TRA067-000649,2024-08-13,R6,T1,77.7,140.0,128.9,119.4,1
TRA067-000650,2024-08-13,R6,T2,43.3,100.7,96.5,79.8,1
TRA067-000651,2024-08-14,R5,T3,64.1,54.8,110.6,103.7,1
TRA067-000652,2024-08-14,R6,T1,99.5,108.6,140.1,144.4,1
TRA067-000653,2024-08-14,R5,T2,25.0,1.2,47.2,58.8,1
TRA067-000654,2024-08-15,R4,T3,149.7,58.4,216.1,202.2,1
TRA067-000655,2024-08-15,R2,T1,34.0,14.1,70.4,69.1,1
TRA067-000656,2024-08-16,R6,T2,39.7,42.6,72.4,75.7,1
TRA067-000657,2024-08-16,R6,T3,83.9,133.7,157.5,126.5,1
TRA067-000658,2024-08-16,R2,T1,126.4,52.3,,175.4,0
TRA067-000659,2024-08-17,R3,T2,102.7,135.2,157.6,148.1,1
TRA067-000660,2024-08-17,R2,T3,11.5,54.8,38.9,43.2,1
TRA067-000661,2024-08-17,R6,T1,49.8,56.5,54.2,87.3,1
TRA067-000662,2024-08-18,R4,T2,9.9,147.8,62.5,41.4,1
TRA067-000663,2024-08-18,R2,T3,124.3,94.2,176.1,172.9,1
TRA067-000664,2024-08-18,R1,T1,94.4,121.6,158.5,138.6,1
TRA067-000665,2024-08-19,R3,T2,23.1,109.2,,56.6,1
TRA067-000666,2024-08-19,R3,T3,37.8,118.0,90.2,73.5,1
TRA067-000667,2024-08-19,R5,T1,81.5,102.5,105.3,123.7,1
TRA067-000668,2024-08-20,R2,T2,141.4,43.2,188.7,192.6,1
TRA067-000669,2024-08-20,R5,T3,16.5,128.9,,49.0,0
TRA067-000670,2024-08-20,R4,T1,22.7,117.9,52.0,56.1,1
TRA067-000671,2024-08-21,R1,T2,44.1,100.0,82.4,80.7,1
TRA067-000672,2024-08-21,R1,T3,114.8,52.4,185.5,162.0,1
TRA067-000673,2024-08-21,R5,T1,67.0,145.2,111.0,107.0,1
TRA067-000674,2024-08-22,R3,T2,69.6,31.2,100.4,110.0,1
TRA067-000675,2024-08-22,R4,T3,114.1,78.3,195.4,161.2,1
TRA067-000676,2024-08-22,R5,T1,52.9,38.2,94.0,90.8,1
TRA067-000677,2024-08-23,R5,T2,85.2,34.8,111.5,128.0,1
TRA067-000678,2024-08-23,R4,T3,124.6,115.2,193.0,173.3,1
TRA067-000679,2024-08-24,R1,T1,11.8,115.5,55.1,43.6,1
TRA067-000680,2024-08-24,R2,T2,85.6,22.9,96.2,128.4,1
TRA067-000681,2024-08-24,R2,T3,14.7,45.7,37.1,46.9,1
TRA067-000682,2024-08-25,R3,T1,55.0,34.7,74.4,93.2,1
TRA067-000683,2024-08-25,R6,T2,149.4,38.7,185.2,201.8,1
TRA067-000684,2024-08-25,R4,T3,35.3,10.6,62.8,70.6,1
TRA067-000685,2024-08-26,R2,T1,114.1,32.8,127.7,161.2,1
TRA067-000686,2024-08-26,R2,T2,117.0,48.1,171.1,164.5,1
TRA067-000687,2024-08-26,R2,T3,123.7,147.5,197.7,172.3,1
TRA067-000688,2024-08-27,R5,T1,60.9,73.4,78.1,100.0,1
TRA067-000689,2024-08-27,R4,T2,45.3,93.8,77.2,82.1,1
TRA067-000690,2024-08-27,R2,T3,64.8,28.4,91.0,104.5,1
TRA067-000691,2024-08-28,R4,T1,97.9,105.9,151.0,142.6,1
TRA067-000692,2024-08-28,R1,T2,61.5,35.7,85.4,100.7,1
TRA067-000693,2024-08-28,R5,T3,53.5,89.6,86.4,91.5,1
TRA067-000694,2024-08-29,R6,T1,51.1,73.4,77.8,88.8,1
TRA067-000695,2024-08-29,R1,T2,148.4,104.5,197.4,200.7,1
TRA067-000696,2024-08-29,R5,T3,98.6,59.9,140.3,143.4,1
TRA067-000697,2024-08-30,R4,T1,84.0,119.3,116.8,126.6,1
TRA067-000698,2024-08-30,R4,T2,69.4,105.2,126.8,109.8,1
TRA067-000699,2024-08-30,R4,T3,69.6,112.3,115.3,110.0,1
TRA067-000700,2024-08-31,R6,T1,17.9,114.5,44.4,50.6,1
TRA067-000701,2024-08-31,R5,T2,31.2,107.5,74.5,65.9,1
TRA067-000702,2024-09-01,R5,T3,105.4,60.7,162.1,151.2,1
TRA067-000703,2024-09-01,R2,T1,27.8,58.5,22.8,62.0,1
TRA067-000704,2024-09-01,R5,T2,51.2,146.4,,88.9,0
TRA067-000705,2024-09-02,R6,T3,90.1,107.4,142.8,133.6,1
TRA067-000706,2024-09-02,R2,T1,11.7,10.2,5,43.5,1
TRA067-000707,2024-09-02,R1,T2,130.5,61.5,158.2,180.1,1
TRA067-000708,2024-09-03,R4,T3,87.4,14.3,132.3,130.5,1
TRA067-000709,2024-09-03,R6,T1,126.4,93.7,177.2,175.4,1
TRA067-000710,2024-09-03,R5,T2,82.9,60.5,85.6,125.3,1
TRA067-000711,2024-09-04,R4,T3,58.6,149.1,133.4,97.4,1
TRA067-000712,2024-09-04,R5,T1,67.0,121.4,82.0,107.0,1
TRA067-000713,2024-09-04,R1,T2,83.7,28.7,94.6,126.3,1
TRA067-000714,2024-09-05,R5,T3,33.8,69.7,75.1,68.9,1
TRA067-000715,2024-09-05,R6,T1,136.6,135.1,191.9,187.1,1
TRA067-000716,2024-09-05,R2,T2,48.6,119.1,84.5,85.9,1
TRA067-000717,2024-09-06,R3,T3,79.6,66.0,97.2,121.5,1
TRA067-000718,2024-09-06,R4,T1,137.9,136.2,169.7,188.6,1
TRA067-000719,2024-09-06,R3,T2,115.3,40.7,148.1,162.6,1
TRA067-000720,2024-09-07,R6,T3,64.5,125.2,96.2,104.2,1
TRA067-000721,2024-09-07,R2,T1,87.3,9.0,97.5,130.4,1
TRA067-000722,2024-09-07,R5,T2,148.4,137.2,199.7,200.7,1
TRA067-000723,2024-09-08,R1,T3,104.2,115.9,171.5,149.8,1
TRA067-000724,2024-09-08,R5,T1,83.2,44.0,97.6,125.7,1
TRA067-000725,2024-09-09,R6,T2,149.6,85.8,191.9,202.0,1
TRA067-000726,2024-09-09,R1,T3,86.5,3.7,102.5,129.5,1
TRA067-000727,2024-09-09,R6,T1,116.6,21.6,133.3,164.1,1
TRA067-000728,2024-09-10,R3,T2,43.1,4.5,68.1,79.6,1
TRA067-000729,2024-09-10,R1,T3,13.0,15.4,29.3,45.0,1
TRA067-000730,2024-09-10,R4,T1,91.2,126.9,113.8,134.9,1
TRA067-000731,2024-09-11,R1,T2,94.2,37.7,120.1,138.3,1
TRA067-000732,2024-09-11,R1,T3,120.5,45.5,159.5,168.6,1
TRA067-000733,2024-09-11,R5,T1,46.5,50.6,63.5,83.5,1
TRA067-000734,2024-09-12,R1,T2,4.4,122.7,7.1,35.1,1
TRA067-000735,2024-09-12,R2,T3,43.5,27.7,75.8,80.0,1
TRA067-000736,2024-09-12,R3,T1,122.2,1.2,106.9,170.5,1
TRA067-000737,2024-09-13,R3,T2,44.4,139.1,84.4,81.1,1
TRA067-000738,2024-09-13,R6,T3,15.8,61.8,21.5,48.2,1
TRA067-000739,2024-09-13,R3,T1,99.7,124.5,138.8,144.7,1
TRA067-000740,2024-09-14,R1,T2,38.9,41.3,,74.7,0
TRA067-000741,2024-09-14,R3,T3,99.3,59.8,156.2,144.2,1
TRA067-000742,2024-09-14,R6,T1,27.2,131.0,71.4,61.3,1
TRA067-000743,2024-09-15,R4,T2,133.2,39.8,170.0,183.2,1
TRA067-000744,2024-09-15,R5,T3,19.4,106.4,39.3,52.3,1
TRA067-000745,2024-09-15,R4,T1,44.8,65.2,66.8,81.5,1
TRA067-000746,2024-09-16,R6,T2,25.2,105.1,49.9,59.0,1
TRA067-000747,2024-09-16,R1,T3,92.3,105.1,128.9,136.1,1
TRA067-000748,2024-09-17,R5,T1,115.9,60.4,,163.3,1
TRA067-000749,2024-09-17,R3,T2,38.8,29.9,77.2,74.6,1
TRA067-000750,2024-09-17,R6,T3,115.5,73.5,172.4,162.8,1
TRA067-000751,2024-09-18,R1,T1,58.0,71.9,69.8,96.7,1
TRA067-000752,2024-09-18,R5,T2,45.2,65.9,73.9,82.0,1
TRA067-000753,2024-09-18,R1,T3,66.4,125.4,128.6,106.4,1
TRA067-000754,2024-09-19,R5,T1,22.5,130.7,30.9,55.9,1
TRA067-000755,2024-09-19,R2,T2,29.1,19.6,43.1,63.5,1
TRA067-000756,2024-09-19,R5,T3,113.5,95.7,185.7,160.5,1
TRA067-000757,2024-09-20,R2,T1,71.1,89.2,95.6,111.8,1
TRA067-000758,2024-09-20,R5,T2,141.1,1.2,179.4,192.3,1
TRA067-000759,2024-09-20,R3,T3,77.2,11.4,127.0,118.8,1
TRA067-000760,2024-09-21,R4,T1,150.0,81.8,188.8,202.5,1
TRA067-000761,2024-09-21,R4,T2,124.6,28.2,159.8,173.3,1
TRA067-000762,2024-09-21,R3,T3,56.8,134.3,91.7,95.3,1
TRA067-000763,2024-09-22,R5,T1,125.9,59.6,166.9,174.8,1
TRA067-000764,2024-09-22,R6,T2,94.7,47.6,113.8,138.9,1
TRA067-000765,2024-09-22,R3,T3,23.1,24.9,43.2,56.6,1
TRA067-000766,2024-09-23,R6,T1,149.6,113.7,208.0,202.0,1
TRA067-000767,2024-09-23,R3,T2,141.1,6.9,172.3,192.3,1
TRA067-000768,2024-09-23,R4,T3,16.4,114.5,63.1,48.9,1
TRA067-000769,2024-09-24,R1,T1,67.3,2.8,76.9,107.4,1
TRA067-000770,2024-09-24,R1,T2,75.5,12.0,70.5,116.8,1
TRA067-000771,2024-09-25,R4,T3,12.5,88.6,,44.4,0
TRA067-000772,2024-09-25,R5,T1,143.5,56.0,162.6,195.0,1
TRA067-000773,2024-09-25,R5,T2,89.6,81.9,137.9,133.0,1
TRA067-000774,2024-09-26,R5,T3,118.4,55.6,143.2,166.2,1
TRA067-000775,2024-09-26,R3,T1,84.2,16.0,98.0,126.8,1
TRA067-000776,2024-09-26,R4,T2,111.4,90.3,148.7,158.1,1
TRA067-000777,2024-09-27,R3,T3,34.7,36.9,,69.9,0
TRA067-000778,2024-09-27,R1,T1,15.9,121.2,32.8,48.3,1
TRA067-000779,2024-09-27,R2,T2,28.9,149.7,44.3,63.2,1
TRA067-000780,2024-09-28,R4,T3,113.2,103.0,179.2,160.2,1
TRA067-000781,2024-09-28,R3,T1,108.3,89.0,163.5,154.5,1
TRA067-000782,2024-09-28,R5,T2,100.7,16.1,140.7,145.8,1
TRA067-000783,2024-09-29,R5,T3,33.9,132.7,53.7,69.0,1
TRA067-000784,2024-09-29,R2,T1,71.4,113.3,94.2,112.1,1
TRA067-000785,2024-09-29,R5,T2,19.0,26.6,60.8,51.8,1
TRA067-000786,2024-09-30,R2,T3,67.9,98.3,126.2,108.1,1
TRA067-000787,2024-09-30,R3,T1,132.0,117.7,135.0,181.8,1
TRA067-000788,2024-09-30,R6,T2,100.3,67.4,147.8,145.3,1
TRA067-000789,2024-10-01,R5,T3,119.6,42.1,170.7,167.5,1
TRA067-000790,2024-10-01,R5,T1,87.4,9.0,92.1,130.5,1
TRA067-000791,2024-10-01,R6,T2,145.8,93.7,204.3,197.7,1
TRA067-000792,2024-10-02,R4,T3,45.1,6.3,65.0,81.9,1
TRA067-000793,2024-10-02,R2,T1,71.9,92.9,133.0,112.7,1
TRA067-000794,2024-10-03,R5,T2,146.3,116.9,211.5,198.2,1
TRA067-000795,2024-10-03,R4,T3,27.4,40.1,79.6,61.5,1
TRA067-000796,2024-10-03,R1,T1,67.0,101.0,100.8,107.0,1
TRA067-000797,2024-10-04,R2,T2,106.4,15.0,133.0,152.4,1
TRA067-000798,2024-10-04,R2,T3,145.3,47.6,188.1,197.1,1
TRA067-000799,2024-10-04,R2,T1,35.2,47.1,61.0,70.5,1
TRA067-000800,2024-10-05,R4,T2,100.3,42.5,142.8,145.3,1
TRA067-000801,2024-10-05,R5,T3,33.1,58.7,47.8,68.1,1
TRA067-000802,2024-10-05,R4,T1,52.3,29.6,21.8,90.1,1
TRA067-000803,2024-10-06,R4,T2,108.1,87.1,174.6,154.3,1
TRA067-000804,2024-10-06,R2,T3,105.3,25.8,,151.1,0
TRA067-000805,2024-10-06,R1,T1,11.7,42.7,34.2,43.5,1
TRA067-000806,2024-10-07,R2,T2,77.8,101.0,125.5,119.5,1
TRA067-000807,2024-10-07,R4,T3,21.7,143.2,47.9,55.0,1
TRA067-000808,2024-10-07,R1,T1,20.1,117.6,43.3,53.1,1
TRA067-000809,2024-10-08,R4,T2,138.0,142.3,190.4,188.7,1
TRA067-000810,2024-10-08,R6,T3,18.2,147.9,64.9,50.9,1
TRA067-000811,2024-10-08,R5,T1,10.8,66.9,50.0,42.4,1
TRA067-000812,2024-10-09,R5,T2,107.5,93.9,172.1,153.6,1
TRA067-000813,2024-10-09,R6,T3,98.9,3.5,158.0,143.7,1
TRA067-000814,2024-10-10,R5,T1,111.8,129.8,132.9,158.6,1
TRA067-000815,2024-10-10,R5,T2,25.8,65.7,45.3,59.7,1
TRA067-000816,2024-10-10,R5,T3,64.3,115.4,108.5,103.9,1
TRA067-000817,2024-10-11,R4,T1,94.6,130.1,138.7,138.8,1
TRA067-000818,2024-10-11,R6,T2,6.6,80.9,53.2,37.6,1
TRA067-000819,2024-10-11,R6,T3,114.4,114.9,200.7,161.6,1
TRA067-000820,2024-10-12,R3,T1,63.0,135.9,114.9,102.4,1
TRA067-000821,2024-10-12,R6,T2,138.5,76.3,170.2,189.3,1
TRA067-000822,2024-10-12,R1,T3,10.9,56.3,64.8,42.5,1
TRA067-000823,2024-10-13,R3,T1,32.0,127.4,63.0,66.8,1
TRA067-000824,2024-10-13,R3,T2,11.7,29.3,57.9,43.5,1
TRA067-000825,2024-10-13,R4,T3,79.5,83.7,,121.4,0
TRA067-000826,2024-10-14,R4,T1,67.8,103.9,114.4,108.0,1
TRA067-000827,2024-10-14,R5,T2,136.6,61.9,185.7,187.1,1
TRA067-000828,2024-10-14,R6,T3,120.9,104.4,,169.0,0
TRA067-000829,2024-10-15,R3,T1,16.8,8.2,12.3,49.3,1
TRA067-000830,2024-10-15,R5,T2,58.9,99.8,89.4,97.7,1
TRA067-000831,2024-10-15,R3,T3,78.2,6.5,,119.9,1
TRA067-000832,2024-10-16,R2,T1,114.8,19.7,113.7,162.0,1
TRA067-000833,2024-10-16,R3,T2,122.0,87.2,177.1,170.3,1
TRA067-000834,2024-10-16,R5,T3,147.7,6.9,,199.9,0
TRA067-000835,2024-10-17,R4,T1,110.7,72.7,128.5,157.3,1
TRA067-000836,2024-10-17,R1,T2,72.2,136.7,127.8,113.0,1
TRA067-000837,2024-10-18,R4,T3,34.3,75.8,43.9,69.4,1
TRA067-000838,2024-10-18,R4,T1,117.1,68.9,147.6,164.7,1
TRA067-000839,2024-10-18,R2,T2,23.0,26.6,46.5,56.5,1
TRA067-000840,2024-10-19,R1,T3,46.0,92.0,69.5,82.9,1
TRA067-000841,2024-10-19,R2,T1,139.6,74.5,176.3,190.5,1
TRA067-000842,2024-10-19,R6,T2,98.9,21.0,129.8,143.7,1
TRA067-000843,2024-10-20,R6,T3,130.6,19.4,170.7,180.2,1
TRA067-000844,2024-10-20,R1,T1,33.9,84.2,32.2,69.0,1
TRA067-000845,2024-10-20,R2,T2,148.8,3.4,,201.1,0
TRA067-000846,2024-10-21,R3,T3,144.8,117.5,224.2,196.5,1
TRA067-000847,2024-10-21,R4,T1,38.0,30.3,50.5,73.7,1
TRA067-000848,2024-10-21,R5,T2,109.0,25.5,167.7,155.3,1
TRA067-000849,2024-10-22,R2,T3,11.6,84.9,31.1,43.3,1
TRA067-000850,2024-10-22,R6,T1,71.1,53.7,99.9,111.8,1
TRA067-000851,2024-10-22,R3,T2,26.0,46.3,,59.9,0
TRA067-000852,2024-10-23,R4,T3,138.3,30.2,218.9,189.0,1
TRA067-000853,2024-10-23,R1,T1,5.2,123.5,29.8,36.0,1
TRA067-000854,2024-10-23,R1,T2,105.4,50.9,158.0,151.2,1
TRA067-000855,2024-10-24,R3,T3,41.5,25.4,67.0,77.7,1
TRA067-000856,2024-10-24,R5,T1,142.7,23.0,131.3,194.1,1
TRA067-000857,2024-10-24,R3,T2,79.8,125.3,137.5,121.8,1
TRA067-000858,2024-10-25,R3,T3,79.5,31.7,136.5,121.4,1
TRA067-000859,2024-10-25,R5,T1,128.2,57.9,158.7,177.4,1
TRA067-000860,2024-10-26,R2,T2,33.4,124.0,88.2,68.4,1
TRA067-000861,2024-10-26,R3,T3,134.9,27.0,195.9,185.1,1
TRA067-000862,2024-10-26,R1,T1,132.4,131.3,169.8,182.3,1
TRA067-000863,2024-10-27,R6,T2,28.4,71.9,62.3,62.7,1
TRA067-000864,2024-10-27,R6,T3,115.5,111.0,173.7,162.8,1
TRA067-000865,2024-10-27,R1,T1,116.1,92.9,170.5,163.5,1
TRA067-000866,2024-10-28,R6,T2,58.6,24.1,92.4,97.4,1
TRA067-000867,2024-10-28,R5,T3,34.0,8.4,80.6,69.1,1
TRA067-000868,2024-10-28,R3,T1,141.5,102.5,195.3,192.7,1
TRA067-000869,2024-10-29,R2,T2,46.3,108.2,109.0,83.2,1
TRA067-000870,2024-10-29,R4,T3,92.2,57.1,145.7,136.0,1
TRA067-000871,2024-10-29,R4,T1,65.9,39.9,78.2,105.8,1
TRA067-000872,2024-10-30,R1,T2,14.8,24.4,25.7,47.0,1
TRA067-000873,2024-10-30,R5,T3,49.8,34.1,,87.3,0
TRA067-000874,2024-10-30,R2,T1,47.3,15.7,23.0,84.4,1
TRA067-000875,2024-10-31,R6,T2,96.6,83.9,153.2,141.1,1
TRA067-000876,2024-10-31,R3,T3,132.3,147.4,218.2,182.1,1
TRA067-000877,2024-10-31,R1,T1,76.0,94.7,90.0,117.4,1
TRA067-000878,2024-11-01,R5,T2,119.9,44.6,,167.9,0
TRA067-000879,2024-11-01,R4,T3,35.0,87.7,60.1,70.2,1
TRA067-000880,2024-11-01,R3,T1,15.2,5.9,24.9,47.5,1
TRA067-000881,2024-11-02,R4,T2,128.0,23.8,188.2,177.2,1
TRA067-000882,2024-11-02,R6,T3,76.7,4.6,107.4,118.2,1
TRA067-000883,2024-11-03,R2,T1,64.0,16.6,70.4,103.6,1
TRA067-000884,2024-11-03,R3,T2,91.0,97.0,137.1,134.6,1
TRA067-000885,2024-11-03,R6,T3,74.4,131.7,143.3,115.6,1
TRA067-000886,2024-11-04,R5,T1,117.3,85.0,155.2,164.9,1
TRA067-000887,2024-11-04,R6,T2,30.5,64.8,54.7,65.1,1
TRA067-000888,2024-11-04,R2,T3,54.4,6.3,70.7,92.6,1
TRA067-000889,2024-11-05,R5,T1,129.1,112.6,186.5,178.5,1
TRA067-000890,2024-11-05,R3,T2,124.3,55.3,,172.9,0
TRA067-000891,2024-11-05,R4,T3,97.1,148.2,163.2,141.7,1
TRA067-000892,2024-11-06,R6,T1,74.1,67.8,119.0,115.2,1
TRA067-000893,2024-11-06,R5,T2,98.7,136.3,143.6,143.5,1
TRA067-000894,2024-11-06,R6,T3,29.8,58.3,62.3,64.3,1
TRA067-000895,2024-11-07,R3,T1,91.7,10.2,108.5,135.5,1
TRA067-000896,2024-11-07,R6,T2,18.4,87.6,37.4,51.2,1
TRA067-000897,2024-11-07,R3,T3,17.2,96.0,51.2,49.8,1
TRA067-000898,2024-11-08,R1,T1,17.7,6.7,50.4,50.4,1
TRA067-000899,2024-11-08,R4,T2,94.1,125.6,140.7,138.2,1
TRA067-000900,2024-11-08,R3,T3,98.7,98.5,,143.5,0
TRA067-000901,2024-11-09,R6,T1,68.4,133.6,99.2,108.7,1
TRA067-000902,2024-11-09,R2,T2,9.2,28.1,31.0,40.6,1
TRA067-000903,2024-11-09,R4,T3,100.3,82.5,167.1,145.3,1
TRA067-000904,2024-11-10,R4,T1,36.4,115.0,57.1,71.9,1
TRA067-000905,2024-11-10,R1,T2,19.7,54.9,40.5,52.7,1
TRA067-000906,2024-11-11,R1,T3,12.0,121.5,32.8,43.8,1
TRA067-000907,2024-11-11,R5,T1,78.9,144.0,114.1,120.7,1
TRA067-000908,2024-11-11,R6,T2,51.6,31.3,89.2,89.3,1
TRA067-000909,2024-11-12,R3,T3,115.5,126.8,176.9,162.8,1
TRA067-000910,2024-11-12,R4,T1,23.2,72.6,46.8,56.7,1
TRA067-000911,2024-11-12,R3,T2,42.4,38.1,85.1,78.8,1
TRA067-000912,2024-11-13,R1,T3,67.8,104.3,,108.0,0
TRA067-000913,2024-11-13,R3,T1,62.2,95.4,76.6,101.5,1
TRA067-000914,2024-11-13,R2,T2,34.4,73.7,,69.6,1
TRA067-000915,2024-11-14,R6,T3,131.0,106.3,202.1,180.6,1
TRA067-000916,2024-11-14,R6,T1,13.7,28.6,42.2,45.8,1
TRA067-000917,2024-11-14,R4,T2,18.6,60.5,48.5,51.4,1
TRA067-000918,2024-11-15,R4,T3,110.5,63.6,179.0,157.1,1
TRA067-000919,2024-11-15,R5,T1,52.7,70.3,67.4,90.6,1
TRA067-000920,2024-11-15,R6,T2,88.7,25.6,124.1,132.0,1
TRA067-000921,2024-11-16,R2,T3,78.2,7.1,96.9,119.9,1
TRA067-000922,2024-11-16,R4,T1,87.8,12.4,110.1,131.0,1
TRA067-000923,2024-11-16,R4,T2,51.3,7.1,82.6,89.0,1
TRA067-000924,2024-11-17,R6,T3,145.1,34.6,199.4,196.9,1
TRA067-000925,2024-11-17,R5,T1,123.6,39.0,148.0,172.1,1
TRA067-000926,2024-11-17,R5,T2,82.0,96.8,121.4,124.3,1
TRA067-000927,2024-11-18,R2,T3,77.4,35.1,116.7,119.0,1
TRA067-000928,2024-11-18,R3,T1,136.5,137.2,168.5,187.0,1
TRA067-000929,2024-11-19,R5,T2,110.1,88.1,122.9,156.6,1
TRA067-000930,2024-11-19,R1,T3,52.1,53.0,100.8,89.9,1
TRA067-000931,2024-11-19,R1,T1,107.3,82.3,138.6,153.4,1
TRA067-000932,2024-11-20,R1,T2,4.8,61.8,45.3,35.5,1
TRA067-000933,2024-11-20,R1,T3,49.1,31.5,62.6,86.5,1
TRA067-000934,2024-11-20,R2,T1,78.7,61.2,110.6,120.5,1
TRA067-000935,2024-11-21,R1,T2,141.9,44.6,180.8,193.2,1
TRA067-000936,2024-11-21,R1,T3,135.1,11.9,180.8,185.4,1
TRA067-000937,2024-11-21,R3,T1,102.2,128.8,137.8,147.5,1
TRA067-000938,2024-11-22,R6,T2,94.7,26.6,147.9,138.9,1
TRA067-000939,2024-11-22,R4,T3,36.4,56.1,81.7,71.9,1
TRA067-000940,2024-11-22,R5,T1,34.3,96.2,40.5,69.4,1
TRA067-000941,2024-11-23,R6,T2,112.9,51.1,128.8,159.8,1
TRA067-000942,2024-11-23,R5,T3,41.0,63.6,75.3,77.2,1
TRA067-000943,2024-11-23,R1,T1,3.4,39.1,50.5,33.9,1
TRA067-000944,2024-11-24,R4,T2,42.9,18.1,58.5,79.3,1
TRA067-000945,2024-11-24,R5,T3,56.1,14.3,85.5,94.5,1
TRA067-000946,2024-11-24,R1,T1,111.7,6.3,129.4,158.5,1
TRA067-000947,2024-11-25,R4,T2,69.6,140.1,115.3,110.0,1
TRA067-000948,2024-11-25,R2,T3,110.8,64.7,150.5,157.4,1
TRA067-000949,2024-11-25,R1,T1,8.3,96.9,30.6,39.5,1
TRA067-000950,2024-11-26,R6,T2,128.2,107.2,184.5,177.4,1
TRA067-000951,2024-11-26,R3,T3,147.3,120.2,219.7,199.4,1
TRA067-000952,2024-11-27,R1,T1,48.8,94.5,85.3,86.1,1
TRA067-000953,2024-11-27,R5,T2,54.4,120.8,69.5,92.6,1
TRA067-000954,2024-11-27,R1,T3,147.7,128.7,215.1,199.9,1
TRA067-000955,2024-11-28,R1,T1,5.5,52.5,25.6,36.3,1
TRA067-000956,2024-11-28,R4,T2,130.0,30.3,168.4,179.5,1
TRA067-000957,2024-11-28,R4,T3,19.3,3.4,16.0,52.2,1
TRA067-000958,2024-11-29,R3,T1,107.5,73.6,142.6,153.6,1
TRA067-000959,2024-11-29,R3,T2,126.1,113.4,173.8,175.0,1
TRA067-000960,2024-11-29,R2,T3,38.3,24.4,72.8,74.0,1
TRA067-000961,2024-11-30,R5,T1,117.4,136.4,163.2,165.0,1
TRA067-000962,2024-11-30,R1,T2,94.9,145.8,148.3,139.1,1
TRA067-000963,2024-11-30,R1,T3,62.6,14.5,86.3,102.0,1
TRA067-000964,2024-12-01,R5,T1,87.4,23.3,113.2,130.5,1
TRA067-000965,2024-12-01,R3,T2,30.1,140.2,67.6,64.6,1
TRA067-000966,2024-12-01,R4,T3,89.4,127.7,163.3,132.8,1
TRA067-000967,2024-12-02,R6,T1,136.1,39.9,171.9,186.5,1
TRA067-000968,2024-12-02,R6,T2,87.3,17.3,119.4,130.4,1
TRA067-000969,2024-12-02,R3,T3,142.8,21.4,,194.2,0
TRA067-000970,2024-12-03,R3,T1,50.1,43.0,72.2,87.6,1
TRA067-000971,2024-12-03,R2,T2,79.1,24.4,124.6,121.0,1
TRA067-000972,2024-12-04,R6,T3,43.9,45.5,69.7,80.5,1
TRA067-000973,2024-12-04,R1,T1,54.2,100.3,94.1,92.3,1
TRA067-000974,2024-12-04,R5,T2,63.5,11.8,102.0,103.0,1
TRA067-000975,2024-12-05,R2,T3,104.3,23.8,143.4,149.9,1
TRA067-000976,2024-12-05,R5,T1,20.5,39.6,46.2,53.6,1
TRA067-000977,2024-12-05,R3,T2,122.7,6.1,135.8,171.1,1
TRA067-000978,2024-12-06,R3,T3,18.1,73.6,46.4,50.8,1
TRA067-000979,2024-12-06,R5,T1,72.8,97.8,,113.7,0
TRA067-000980,2024-12-06,R1,T2,114.0,71.4,187.0,161.1,1
TRA067-000981,2024-12-07,R5,T3,16.8,31.1,54.9,49.3,1
TRA067-000982,2024-12-07,R4,T1,119.8,53.9,140.6,167.8,1
TRA067-000983,2024-12-07,R4,T2,98.3,49.1,128.0,143.0,1
TRA067-000984,2024-12-08,R3,T3,53.3,143.6,108.5,91.3,1
TRA067-000985,2024-12-08,R5,T1,122.3,16.6,135.7,170.6,1
TRA067-000986,2024-12-08,R5,T2,27.2,65.0,35.8,61.3,1
TRA067-000987,2024-12-09,R2,T3,69.1,12.8,100.4,109.5,1
TRA067-000988,2024-12-09,R1,T1,42.7,26.4,55.9,79.1,1
TRA067-000989,2024-12-09,R1,T2,59.5,61.1,95.0,98.4,1
TRA067-000990,2024-12-10,R1,T3,41.1,73.8,76.5,77.3,1
TRA067-000991,2024-12-10,R6,T1,61.6,50.8,92.4,100.8,1
TRA067-000992,2024-12-10,R6,T2,48.3,64.6,64.2,85.5,1
TRA067-000993,2024-12-11,R3,T3,90.9,49.2,115.7,134.5,1
TRA067-000994,2024-12-11,R3,T1,49.5,142.5,78.6,86.9,1
TRA067-000995,2024-12-12,R1,T2,25.0,133.0,66.3,58.8,1
TRA067-000996,2024-12-12,R6,T3,91.8,119.3,133.8,135.6,1
TRA067-000997,2024-12-12,R6,T1,75.0,71.2,,116.2,1
TRA067-000998,2024-12-13,R3,T2,114.1,106.9,150.5,161.2,1
TRA067-000999,2024-12-13,R6,T3,102.4,77.1,166.2,147.8,1
TRA067-001000,2024-12-13,R6,T1,45.7,20.4,52.5,82.6,1
TRA067-001001,2024-12-14,R1,T2,117.4,60.4,151.9,165.0,1
TRA067-001002,2024-12-14,R3,T3,44.8,49.6,76.9,81.5,1
TRA067-001003,2024-12-14,R5,T1,106.7,70.9,153.8,152.7,1
TRA067-001004,2024-12-15,R6,T2,131.7,111.0,181.3,181.5,1
TRA067-001005,2024-12-15,R5,T3,101.5,139.6,157.4,146.7,1
TRA067-001006,2024-12-15,R3,T1,100.5,16.1,113.3,145.6,1
TRA067-001007,2024-12-16,R2,T2,125.8,4.6,177.0,174.7,1
TRA067-001008,2024-12-16,R3,T3,56.1,76.8,92.8,94.5,1
TRA067-001009,2024-12-16,R1,T1,74.7,57.7,99.8,115.9,1
TRA067-001010,2024-12-17,R5,T2,119.7,100.5,163.7,167.7,1
TRA067-001011,2024-12-17,R6,T3,95.0,124.3,146.3,139.2,1
TRA067-001012,2024-12-17,R2,T1,136.7,44.0,162.1,187.2,1
TRA067-001013,2024-12-18,R3,T2,117.0,34.6,158.9,164.5,1
TRA067-001014,2024-12-18,R3,T3,28.0,19.9,10.8,62.2,1
TRA067-001015,2024-12-18,R2,T1,117.7,74.7,140.1,165.4,1
TRA067-001016,2024-12-19,R2,T2,82.9,10.6,92.4,125.3,1
TRA067-001017,2024-12-19,R1,T3,15.2,141.7,80.5,47.5,1
TRA067-001018,2024-12-20,R6,T1,24.5,40.3,28.1,58.2,1
TRA067-001019,2024-12-20,R2,T2,84.8,3.4,116.9,127.5,1
TRA067-001020,2024-12-20,R5,T3,43.3,60.5,66.2,79.8,1
TRA067-001021,2024-12-21,R3,T1,77.5,81.6,85.6,119.1,1
TRA067-001022,2024-12-21,R1,T2,116.6,141.7,157.0,164.1,1
TRA067-001023,2024-12-21,R4,T3,23.0,68.7,40.0,56.5,1
TRA067-001024,2024-12-22,R4,T1,70.1,140.8,109.5,110.6,1
TRA067-001025,2024-12-22,R5,T2,29.9,3.2,50.6,64.4,1
TRA067-001026,2024-12-22,R3,T3,39.2,5.5,56.1,75.1,1
TRA067-001027,2024-12-23,R6,T1,86.8,109.9,128.7,129.8,1
TRA067-001028,2024-12-23,R6,T2,116.9,121.0,163.2,164.4,1
TRA067-001029,2024-12-23,R3,T3,2.9,132.2,42.7,33.3,1
TRA067-001030,2024-12-24,R2,T1,19.5,42.8,14.9,52.4,1
TRA067-001031,2024-12-24,R1,T2,56.3,67.5,69.3,94.7,1
TRA067-001032,2024-12-24,R4,T3,94.9,95.9,153.8,139.1,1
TRA067-001033,2024-12-25,R1,T1,52.0,142.9,81.1,89.8,1
TRA067-001034,2024-12-25,R3,T2,104.8,95.4,145.6,150.5,1
TRA067-001035,2024-12-25,R4,T3,93.2,119.9,158.4,137.2,1
TRA067-001036,2024-12-26,R3,T1,128.4,36.5,183.8,177.7,1
TRA067-001037,2024-12-26,R6,T2,10.8,55.6,9.6,42.4,1
TRA067-001038,2024-12-26,R6,T3,131.6,118.9,206.0,181.3,1
TRA067-001039,2024-12-27,R6,T1,84.2,39.7,85.4,126.8,1
TRA067-001040,2024-12-27,R4,T2,120.1,118.7,,168.1,0
TRA067-001041,2024-12-28,R5,T3,5.4,119.1,12.0,36.2,1
TRA067-001042,2024-12-28,R3,T1,101.2,17.6,89.9,146.4,1
TRA067-001043,2024-12-28,R5,T2,51.0,138.1,75.5,88.7,1
TRA067-001044,2024-12-29,R5,T3,93.2,89.0,147.8,137.2,1
TRA067-001045,2024-12-29,R2,T1,113.7,84.2,118.4,160.8,1
TRA067-001046,2024-12-29,R6,T2,93.3,63.0,156.8,137.3,1
TRA067-001047,2024-12-30,R5,T3,74.0,100.1,131.3,115.1,1
TRA067-001048,2024-12-30,R6,T1,75.5,144.0,123.9,116.8,1
TRA067-001049,2024-12-30,R1,T2,75.1,134.4,123.5,116.4,1
TRA067-001050,2024-12-31,R4,T3,21.7,1.8,,70.0,0
TRA067-001051,2024-12-31,R5,T1,132.0,117.8,138.6,196.8,1
TRA067-001052,2024-12-31,R5,T2,65.5,132.9,126.2,120.3,1
TRA067-001053,2025-01-01,R2,T3,145.2,89.9,212.6,212.0,1
TRA067-001054,2025-01-01,R6,T1,54.3,78.4,74.6,107.4,1
TRA067-001055,2025-01-01,R2,T2,20.0,102.3,61.6,68.0,1
TRA067-001056,2025-01-02,R4,T3,134.4,23.8,"197,4",199.6,1
TRA067-001057,2025-01-02,R1,T1,35.7,106.5,71.1,86.1,1
TRA067-001058,2025-01-02,R1,T2,15.9,100.5,79.2,63.3,1
TRA067-001059,2025-01-03,R3,T3,119.6,60.9,168.2,182.5,1
TRA067-001060,2025-01-03,R6,T1,37.6,16.8,40.2,88.2,1
TRA067-001061,2025-01-03,R1,T2,135.0,21.8,190.5,200.2,1
TRA067-001062,2025-01-04,R2,T3,135.0,17.0,192.7,200.2,1
TRA067-001063,2025-01-04,R5,T1,69.6,46.7,78.7,125.0,1
TRA067-001064,2025-01-05,R1,T2,9.2,49.4,,55.6,0
TRA067-001065,2025-01-05,R6,T3,25.6,47.5,57.1,74.4,1
TRA067-001066,2025-01-05,R2,T1,23.1,136.0,70.6,71.6,1
TRA067-001067,2025-01-06,R4,T2,63.4,36.6,104.6,117.9,1
TRA067-001068,2025-01-06,R2,T3,144.8,95.6,223.7,211.5,1
TRA067-001069,2025-01-06,R6,T1,40.9,12.1,37.3,92.0,1
TRA067-001070,2025-01-07,R1,T2,26.4,126.6,22.2,75.4,1
TRA067-001071,2025-01-07,R6,T3,46.9,148.9,98.5,98.9,1
TRA067-001072,2025-01-07,R6,T1,132.7,84.6,187.8,197.6,1
TRA067-001073,2025-01-08,R4,T2,58.6,35.2,69.2,112.4,1
TRA067-001074,2025-01-08,R6,T3,6.5,115.9,45.1,52.5,1
TRA067-001075,2025-01-08,R3,T1,136.1,56.4,171.2,201.5,1
TRA067-001076,2025-01-09,R5,T2,59.2,117.6,107.6,113.1,1
TRA067-001077,2025-01-09,R3,T3,41.3,128.3,69.3,92.5,1
TRA067-001078,2025-01-09,R4,T1,100.8,32.3,134.5,160.9,1
TRA067-001079,2025-01-10,R4,T2,74.5,86.9,109.5,130.7,1
TRA067-001080,2025-01-10,R5,T3,50.3,93.7,,102.8,1
TRA067-001081,2025-01-10,R4,T1,71.1,117.7,109.9,126.8,1
TRA067-001082,2025-01-11,R5,T2,90.7,110.3,127.6,149.3,1
TRA067-001083,2025-01-11,R6,T3,96.3,14.2,140.7,155.7,1
TRA067-001084,2025-01-11,R4,T1,40.1,53.8,55.9,91.1,1
TRA067-001085,2025-01-12,R3,T2,61.9,125.8,82.9,116.2,1
TRA067-001086,2025-01-12,R4,T3,79.8,98.3,129.9,136.8,1
TRA067-001087,2025-01-13,R3,T1,9.3,77.1,14.5,55.7,1
TRA067-001088,2025-01-13,R2,T2,133.4,101.3,185.7,198.4,1
TRA067-001089,2025-01-13,R5,T3,27.0,103.7,58.7,76.0,1
TRA067-001090,2025-01-14,R2,T1,72.8,121.8,88.8,128.7,1
TRA067-001091,2025-01-14,R6,T2,131.9,117.2,203.5,196.7,1
TRA067-001092,2025-01-14,R6,T3,101.4,130.8,166.3,161.6,1
TRA067-001093,2025-01-15,R5,T1,56.6,50.6,56.8,110.1,1
TRA067-001094,2025-01-15,R6,T2,103.1,147.1,169.7,163.6,1
TRA067-001095,2025-01-15,R2,T3,28.6,130.3,95.5,77.9,1
TRA067-001096,2025-01-16,R6,T1,88.8,57.4,102.2,147.1,1
TRA067-001097,2025-01-16,R3,T2,78.1,75.3,131.3,134.8,1
TRA067-001098,2025-01-16,R5,T3,18.5,136.6,66.9,66.3,1
TRA067-001099,2025-01-17,R3,T1,89.6,134.5,142.6,148.0,1
TRA067-001100,2025-01-17,R4,T2,49.4,76.6,109.5,101.8,1
TRA067-001101,2025-01-17,R2,T3,93.2,32.1,,152.2,0
TRA067-001102,2025-01-18,R2,T1,34.3,58.6,58.3,84.4,1
TRA067-001103,2025-01-18,R5,T2,129.0,18.4,208.7,193.3,1
TRA067-001104,2025-01-18,R6,T3,30.2,61.5,45.8,79.7,1
TRA067-001105,2025-01-19,R4,T1,36.2,106.0,72.1,86.6,1
TRA067-001106,2025-01-19,R1,T2,97.5,64.6,140.3,157.1,1
TRA067-001107,2025-01-19,R3,T3,142.9,93.9,214.3,209.3,1
TRA067-001108,2025-01-20,R4,T1,34.8,97.0,72.3,85.0,1
TRA067-001109,2025-01-20,R4,T2,13.4,93.9,37.7,60.4,1
TRA067-001110,2025-01-21,R2,T3,72.5,66.5,,128.4,0
TRA067-001111,2025-01-21,R4,T1,129.6,76.8,186.1,194.0,1
TRA067-001112,2025-01-21,R6,T2,98.3,110.6,160.7,158.0,1
TRA067-001113,2025-01-22,R4,T3,135.4,18.0,215.9,200.7,1
TRA067-001114,2025-01-22,R3,T1,24.0,65.1,20.0,72.6,1
TRA067-001115,2025-01-22,R2,T2,112.4,45.0,149.6,174.3,1
TRA067-001116,2025-01-23,R1,T3,30.7,91.0,60.0,80.3,1
TRA067-001117,2025-01-23,R5,T1,50.6,55.6,81.0,103.2,1
TRA067-001118,2025-01-23,R5,T2,115.3,62.0,180.4,177.6,1
TRA067-001119,2025-01-24,R2,T3,21.4,111.9,57.8,69.6,1
TRA067-001120,2025-01-24,R2,T1,120.4,65.4,148.9,183.5,1
TRA067-001121,2025-01-24,R5,T2,79.8,120.8,159.4,136.8,1
TRA067-001122,2025-01-25,R2,T3,109.8,58.9,148.6,171.3,1
TRA067-001123,2025-01-25,R5,T1,147.5,72.2,,214.6,0
TRA067-001124,2025-01-25,R5,T2,81.5,75.5,138.2,138.7,1
TRA067-001125,2025-01-26,R3,T3,67.5,16.3,98.7,122.6,1
TRA067-001126,2025-01-26,R6,T1,94.9,110.2,136.4,154.1,1
TRA067-001127,2025-01-26,R1,T2,111.4,4.2,120.0,173.1,1
TRA067-001128,2025-01-27,R6,T3,112.4,89.7,164.2,174.3,1
TRA067-001129,2025-01-27,R3,T1,31.8,121.2,49.1,81.6,1
TRA067-001130,2025-01-27,R2,T2,51.3,59.5,91.8,104.0,1
TRA067-001131,2025-01-28,R5,T3,119.2,133.4,162.0,182.1,1
TRA067-001132,2025-01-28,R3,T1,135.7,125.9,188.6,201.1,1
TRA067-001133,2025-01-29,R3,T2,95.9,121.1,139.9,155.3,1
TRA067-001134,2025-01-29,R4,T3,11.9,67.2,37.9,58.7,1
TRA067-001135,2025-01-29,R4,T1,29.6,123.4,73.9,79.0,1
TRA067-001136,2025-01-30,R3,T2,27.6,22.8,71.0,76.7,1
TRA067-001137,2025-01-30,R3,T3,136.6,135.4,224.2,202.1,1
TRA067-001138,2025-01-30,R1,T1,62.0,102.8,109.2,116.3,1
TRA067-001139,2025-01-31,R5,T2,125.8,122.1,,189.7,0
TRA067-001140,2025-01-31,R2,T3,91.9,26.2,140.4,150.7,1
TRA067-001141,2025-01-31,R1,T1,36.6,93.9,,87.1,0
TRA067-001142,2025-02-01,R4,T2,86.0,139.4,156.5,143.9,1
TRA067-001143,2025-02-01,R3,T3,59.1,95.0,105.5,113.0,1
TRA067-001144,2025-02-01,R3,T1,3.8,33.3,31.0,49.4,1
TRA067-001145,2025-02-02,R5,T2,65.9,90.0,120.1,120.8,1
TRA067-001146,2025-02-02,R2,T3,129.9,112.1,192.9,194.4,1
TRA067-001147,2025-02-02,R6,T1,109.1,89.6,134.3,170.5,1
TRA067-001148,2025-02-03,R3,T2,92.7,76.1,125.0,151.6,1
TRA067-001149,2025-02-03,R6,T3,128.7,143.1,209.1,193.0,1
TRA067-001150,2025-02-03,R4,T1,43.5,56.1,65.5,95.0,1
TRA067-001151,2025-02-04,R6,T2,121.0,101.6,152.2,184.1,1
TRA067-001152,2025-02-04,R3,T3,134.3,106.0,197.3,199.4,1
TRA067-001153,2025-02-05,R4,T1,40.9,123.0,62.4,92.0,1
TRA067-001154,2025-02-05,R1,T2,58.9,140.5,79.2,112.7,1
TRA067-001155,2025-02-05,R3,T3,27.8,130.9,68.7,77.0,1
TRA067-001156,2025-02-06,R1,T1,148.8,54.2,187.8,216.1,1
TRA067-001157,2025-02-06,R5,T2,74.5,65.9,113.9,130.7,1
TRA067-001158,2025-02-06,R1,T3,28.5,89.3,56.1,77.8,1
TRA067-001159,2025-02-07,R1,T1,140.6,9.3,182.7,206.7,1
TRA067-001160,2025-02-07,R6,T2,41.9,123.5,70.2,93.2,1
TRA067-001161,2025-02-07,R4,T3,51.6,91.1,80.3,104.3,1
TRA067-001162,2025-02-08,R5,T1,25.7,2.8,11.4,74.6,1
TRA067-001163,2025-02-08,R2,T2,115.2,16.9,,177.5,1
TRA067-001164,2025-02-08,R6,T3,130.5,95.1,,195.1,0
TRA067-001165,2025-02-09,R2,T1,43.9,41.1,44.6,95.5,1
TRA067-001166,2025-02-09,R3,T2,124.7,95.9,168.7,188.4,1
TRA067-001167,2025-02-09,R6,T3,97.3,141.8,181.0,156.9,1
TRA067-001168,2025-02-10,R4,T1,19.4,129.6,40.2,67.3,1
TRA067-001169,2025-02-10,R3,T2,132.1,10.6,145.4,196.9,1
TRA067-001170,2025-02-10,R3,T3,130.3,137.7,224.5,194.8,1
TRA067-001171,2025-02-11,R2,T1,27.4,140.2,77.3,76.5,1
TRA067-001172,2025-02-11,R5,T2,39.9,55.8,70.7,90.9,1
TRA067-001173,2025-02-11,R4,T3,49.4,43.1,93.3,101.8,1
TRA067-001174,2025-02-12,R4,T1,139.9,7.8,198.5,205.9,1
TRA067-001175,2025-02-12,R4,T2,25.4,11.9,38.5,74.2,1
TRA067-001176,2025-02-13,R6,T3,139.2,48.4,205.3,205.1,1
TRA067-001177,2025-02-13,R5,T1,118.0,39.5,150.9,180.7,1
TRA067-001178,2025-02-13,R4,T2,7.2,63.1,38.0,53.3,1
TRA067-001179,2025-02-14,R4,T3,90.2,139.3,147.1,148.7,1
TRA067-001180,2025-02-14,R2,T1,55.9,29.0,91.4,109.3,1
TRA067-001181,2025-02-14,R5,T2,74.2,97.4,,130.3,0
TRA067-001182,2025-02-15,R2,T3,91.0,119.7,139.2,149.6,1
TRA067-001183,2025-02-15,R1,T1,37.8,109.4,86.6,88.5,1
TRA067-001184,2025-02-15,R3,T2,133.3,2.5,166.9,198.3,1
TRA067-001185,2025-02-16,R4,T3,44.3,64.5,69.9,95.9,1
TRA067-001186,2025-02-16,R6,T1,122.9,27.8,133.4,186.3,1
TRA067-001187,2025-02-16,R6,T2,83.5,79.4,143.4,141.0,1
TRA067-001188,2025-02-17,R6,T3,64.7,83.9,90.4,119.4,1
TRA067-001189,2025-02-17,R4,T1,140.3,22.1,167.7,206.3,1
TRA067-001190,2025-02-17,R4,T2,143.2,95.3,195.0,209.7,1
TRA067-001191,2025-02-18,R3,T3,119.6,66.6,181.0,182.5,1
TRA067-001192,2025-02-18,R3,T1,101.3,11.9,129.5,161.5,1
TRA067-001193,2025-02-18,R6,T2,22.8,124.2,49.3,71.2,1
TRA067-001194,2025-02-19,R3,T3,40.0,139.6,94.7,91.0,1
TRA067-001195,2025-02-19,R2,T1,126.7,93.3,154.9,190.7,1
TRA067-001196,2025-02-19,R4,T2,115.0,84.9,151.9,177.2,1
TRA067-001197,2025-02-20,R2,T3,80.2,35.4,,137.2,0
TRA067-001198,2025-02-20,R2,T1,11.1,125.7,30.7,57.8,1
TRA067-001199,2025-02-21,R2,T2,15.9,19.7,38.5,63.3,1
TRA067-001200,2025-02-21,R3,T3,31.2,14.8,76.3,80.9,1
TRA067-001201,2025-02-21,R3,T1,61.9,124.2,74.7,116.2,1
TRA067-001202,2025-02-22,R6,T2,59.1,119.5,84.8,113.0,1
TRA067-001203,2025-02-22,R1,T3,70.4,148.9,119.6,126.0,1
TRA067-001204,2025-02-22,R3,T1,10.6,13.0,49.9,57.2,1
TRA067-001205,2025-02-23,R1,T2,119.0,104.1,172.4,181.8,1
TRA067-001206,2025-02-23,R5,T3,92.8,49.6,127.8,151.7,1
TRA067-001207,2025-02-23,R5,T1,42.4,128.7,70.6,93.8,1
TRA067-001208,2025-02-24,R1,T2,36.6,122.4,78.4,87.1,1
TRA067-001209,2025-02-24,R4,T3,10.1,54.5,37.3,56.6,1
TRA067-001210,2025-02-24,R1,T1,86.7,96.9,121.8,144.7,1
TRA067-001211,2025-02-25,R5,T2,61.1,59.7,70.0,115.3,1
TRA067-001212,2025-02-25,R3,T3,70.9,140.6,134.9,126.5,1
TRA067-001213,2025-02-25,R2,T1,21.6,98.5,47.5,69.8,1
TRA067-001214,2025-02-26,R2,T2,147.5,148.5,205.6,214.6,1
TRA067-001215,2025-02-26,R6,T3,64.6,32.3,101.8,119.3,1
TRA067-001216,2025-02-26,R5,T1,7.8,53.7,31.3,54.0,1
TRA067-001217,2025-02-27,R1,T2,134.1,108.2,190.0,199.2,1
TRA067-001218,2025-02-27,R6,T3,50.7,100.8,89.0,103.3,1
TRA067-001219,2025-02-27,R5,T1,63.6,29.4,92.7,118.1,1
TRA067-001220,2025-02-28,R5,T2,113.3,11.6,129.0,175.3,1
TRA067-001221,2025-02-28,R4,T3,55.6,89.5,111.2,108.9,1
TRA067-001222,2025-03-01,R2,T1,75.7,70.8,115.6,132.1,1
TRA067-001223,2025-03-01,R6,T2,52.0,3.5,47.5,104.8,1
TRA067-001224,2025-03-01,R1,T3,71.0,86.4,132.4,126.6,1
TRA067-001225,2025-03-02,R2,T1,93.9,118.4,114.2,153.0,1
TRA067-001226,2025-03-02,R6,T2,122.5,125.6,174.6,185.9,1
TRA067-001227,2025-03-02,R2,T3,131.4,67.2,181.5,196.1,1
TRA067-001228,2025-03-03,R3,T1,42.3,74.6,55.1,93.6,1
TRA067-001229,2025-03-03,R4,T2,91.1,80.2,139.3,149.8,1
TRA067-001230,2025-03-03,R5,T3,11.2,85.4,,57.9,0
TRA067-001231,2025-03-04,R6,T1,147.9,5.9,168.1,215.1,1
TRA067-001232,2025-03-04,R1,T2,114.6,68.2,144.1,176.8,1
TRA067-001233,2025-03-04,R1,T3,87.3,120.9,,145.4,0
TRA067-001234,2025-03-05,R4,T1,5.3,85.9,35.9,51.1,1
TRA067-001235,2025-03-05,R5,T2,96.4,45.4,125.3,155.9,1
TRA067-001236,2025-03-05,R6,T3,21.4,62.2,46.7,69.6,1
TRA067-001237,2025-03-06,R1,T1,126.7,51.9,160.5,190.7,1
TRA067-001238,2025-03-06,R5,T2,112.7,8.0,,174.6,0
TRA067-001239,2025-03-06,R1,T3,22.4,89.1,56.3,70.8,1
TRA067-001240,2025-03-07,R2,T1,121.7,11.8,128.0,185.0,1
TRA067-001241,2025-03-07,R6,T2,10.8,144.9,54.0,57.4,1
TRA067-001242,2025-03-07,R2,T3,119.6,83.5,168.5,182.5,1
TRA067-001243,2025-03-08,R1,T1,74.6,118.1,,130.8,0
TRA067-001244,2025-03-08,R5,T2,119.4,101.7,174.4,182.3,1
TRA067-001245,2025-03-09,R5,T3,81.2,14.5,99.4,138.4,1
TRA067-001246,2025-03-09,R1,T1,78.7,68.0,,135.5,1
TRA067-001247,2025-03-09,R6,T2,119.6,127.8,174.2,182.5,1
TRA067-001248,2025-03-10,R1,T3,133.4,17.7,194.7,198.4,1
TRA067-001249,2025-03-10,R6,T1,97.3,101.7,,156.9,0
TRA067-001250,2025-03-10,R3,T2,45.2,91.7,77.9,97.0,1
TRA067-001251,2025-03-11,R4,T3,106.4,19.7,156.6,167.4,1
TRA067-001252,2025-03-11,R5,T1,80.5,127.6,112.0,137.6,1
TRA067-001253,2025-03-11,R6,T2,23.4,132.5,61.8,71.9,1
TRA067-001254,2025-03-12,R2,T3,106.2,148.1,168.8,167.1,1
TRA067-001255,2025-03-12,R3,T1,124.8,11.5,149.9,188.5,1
TRA067-001256,2025-03-12,R6,T2,119.1,58.6,176.8,182.0,1
TRA067-001257,2025-03-13,R5,T3,24.9,118.1,76.9,73.6,1
TRA067-001258,2025-03-13,R3,T1,95.9,7.2,119.8,155.3,1
TRA067-001259,2025-03-13,R1,T2,139.6,112.1,185.2,205.5,1
TRA067-001260,2025-03-14,R1,T3,66.9,75.4,,121.9,0
TRA067-001261,2025-03-14,R2,T1,121.9,28.7,161.6,185.2,1
TRA067-001262,2025-03-14,R5,T2,136.4,46.5,209.1,201.9,1
TRA067-001263,2025-03-15,R5,T3,40.1,85.0,95.1,91.1,1
TRA067-001264,2025-03-15,R2,T1,120.0,1.2,122.0,183.0,1
TRA067-001265,2025-03-15,R6,T2,56.3,29.8,87.6,109.7,1
TRA067-001266,2025-03-16,R4,T3,105.6,49.0,148.4,166.4,1
TRA067-001267,2025-03-16,R6,T1,45.3,91.6,"60,8",97.1,1
TRA067-001268,2025-03-17,R1,T2,33.1,109.7,76.9,83.1,1
TRA067-001269,2025-03-17,R3,T3,67.5,52.4,97.8,122.6,1
TRA067-001270,2025-03-17,R1,T1,59.6,78.2,90.5,113.5,1
TRA067-001271,2025-03-18,R5,T2,73.1,138.8,150.6,129.1,1
TRA067-001272,2025-03-18,R1,T3,15.4,146.4,40.1,62.7,1
TRA067-001273,2025-03-18,R2,T1,105.5,33.8,131.6,166.3,1
TRA067-001274,2025-03-19,R6,T2,46.8,13.3,80.4,98.8,1
TRA067-001275,2025-03-19,R2,T3,33.9,107.7,90.6,84.0,1
TRA067-001276,2025-03-19,R2,T1,25.6,63.5,55.9,74.4,1
TRA067-001277,2025-03-20,R2,T2,23.3,123.2,74.9,71.8,1
TRA067-001278,2025-03-20,R5,T3,73.9,69.8,124.4,130.0,1
TRA067-001279,2025-03-20,R2,T1,80.4,40.8,85.3,137.5,1
TRA067-001280,2025-03-21,R5,T2,61.1,27.9,87.6,115.3,1
TRA067-001281,2025-03-21,R5,T3,34.9,141.1,,85.1,0
TRA067-001282,2025-03-21,R2,T1,84.8,138.9,145.5,142.5,1
TRA067-001283,2025-03-22,R2,T2,92.3,95.5,150.3,151.1,1
TRA067-001284,2025-03-22,R3,T3,26.3,39.3,45.1,75.2,1
TRA067-001285,2025-03-22,R2,T1,111.5,16.5,139.5,173.2,1
TRA067-001286,2025-03-23,R4,T2,52.5,80.0,100.5,105.4,1
TRA067-001287,2025-03-23,R4,T3,120.5,138.3,214.0,183.6,1
TRA067-001288,2025-03-23,R6,T1,23.0,60.6,23.7,71.5,1
TRA067-001289,2025-03-24,R2,T2,20.0,7.5,17.7,68.0,1
TRA067-001290,2025-03-24,R2,T3,111.2,32.1,169.1,172.9,1
TRA067-001291,2025-03-25,R5,T1,77.0,82.2,136.5,133.6,1
TRA067-001292,2025-03-25,R1,T2,39.3,47.5,52.5,90.2,1
TRA067-001293,2025-03-25,R4,T3,149.9,73.1,208.5,217.4,1
TRA067-001294,2025-03-26,R1,T1,94.6,146.0,133.5,153.8,1
TRA067-001295,2025-03-26,R2,T2,147.7,149.7,205.5,214.9,1
TRA067-001296,2025-03-26,R6,T3,106.1,59.5,142.2,167.0,1
TRA067-001297,2025-03-27,R3,T1,122.2,67.1,153.2,185.5,1
TRA067-001298,2025-03-27,R1,T2,113.7,143.9,146.1,175.8,1
TRA067-001299,2025-03-27,R3,T3,60.8,57.6,113.8,114.9,1
TRA067-001300,2025-03-28,R5,T1,72.8,102.4,107.5,128.7,1
TRA067-001301,2025-03-28,R2,T2,95.5,92.9,,154.8,0
TRA067-001302,2025-03-28,R2,T3,103.7,93.8,155.8,164.3,1
TRA067-001303,2025-03-29,R2,T1,128.4,2.4,156.1,192.7,1
TRA067-001304,2025-03-29,R5,T2,97.6,4.5,175.7,157.2,1
TRA067-001305,2025-03-29,R4,T3,32.4,108.8,56.8,82.3,1
TRA067-001306,2025-03-30,R4,T1,99.8,67.2,109.0,159.8,1
TRA067-001307,2025-03-30,R1,T2,103.0,121.2,,163.4,0
TRA067-001308,2025-03-30,R4,T3,82.6,63.2,114.3,140.0,1
TRA067-001309,2025-03-31,R4,T1,88.8,20.7,70.6,147.1,1
TRA067-001310,2025-03-31,R2,T2,5.9,149.8,31.0,51.8,1
TRA067-001311,2025-04-01,R3,T3,123.2,21.8,199.4,186.7,1
TRA067-001312,2025-04-01,R4,T1,34.8,52.8,62.0,85.0,1
TRA067-001313,2025-04-01,R6,T2,15.2,97.4,25.5,62.5,1
TRA067-001314,2025-04-02,R1,T3,34.3,84.6,89.3,84.4,1
TRA067-001315,2025-04-02,R4,T1,35.4,116.8,84.1,85.7,1
TRA067-001316,2025-04-02,R2,T2,66.8,114.4,,121.8,0
TRA067-001317,2025-04-03,R5,T3,134.3,77.3,197.0,199.4,1
TRA067-001318,2025-04-03,R6,T1,130.4,95.5,186.4,195.0,1
TRA067-001319,2025-04-03,R4,T2,120.9,63.0,145.0,184.0,1
TRA067-001320,2025-04-04,R3,T3,86.6,62.8,138.7,144.6,1
TRA067-001321,2025-04-04,R6,T1,13.2,138.2,23.7,60.2,1
TRA067-001322,2025-04-04,R6,T2,107.1,132.9,143.4,168.2,1
TRA067-001323,2025-04-05,R5,T3,76.1,100.3,146.6,132.5,1
TRA067-001324,2025-04-05,R3,T1,110.7,107.7,105.1,172.3,1
TRA067-001325,2025-04-05,R5,T2,120.1,34.9,146.5,183.1,1
TRA067-001326,2025-04-06,R1,T3,57.7,107.9,108.2,111.4,1
TRA067-001327,2025-04-06,R5,T1,62.4,44.8,97.3,116.8,1
TRA067-001328,2025-04-06,R5,T2,91.8,144.9,137.7,150.6,1
TRA067-001329,2025-04-07,R3,T3,31.9,125.3,,81.7,1
TRA067-001330,2025-04-07,R1,T1,112.7,25.6,164.7,174.6,1
TRA067-001331,2025-04-07,R1,T2,39.5,138.6,,90.4,0
TRA067-001332,2025-04-08,R4,T3,34.2,28.1,42.5,84.3,1
TRA067-001333,2025-04-08,R6,T1,2.7,96.7,27.8,48.1,1
TRA067-001334,2025-04-09,R5,T2,59.7,74.4,88.4,113.7,1
TRA067-001335,2025-04-09,R4,T3,89.8,80.1,145.5,148.3,1
TRA067-001336,2025-04-09,R1,T1,35.9,102.8,91.0,86.3,1
TRA067-001337,2025-04-10,R6,T2,38.7,41.8,87.5,89.5,1
TRA067-001338,2025-04-10,R4,T3,129.3,140.9,205.5,193.7,1
TRA067-001339,2025-04-10,R4,T1,76.6,113.9,111.8,133.1,1
TRA067-001340,2025-04-11,R3,T2,5.5,146.5,48.3,51.3,1
TRA067-001341,2025-04-11,R3,T3,24.3,111.0,64.3,72.9,1
TRA067-001342,2025-04-11,R6,T1,71.0,17.3,89.3,126.6,1
TRA067-001343,2025-04-12,R3,T2,96.6,65.0,120.1,156.1,1
TRA067-001344,2025-04-12,R1,T3,67.9,70.1,90.1,123.1,1
TRA067-001345,2025-04-12,R5,T1,93.0,5.1,97.5,151.9,1
TRA067-001346,2025-04-13,R1,T2,12.0,18.7,36.7,58.8,1
TRA067-001347,2025-04-13,R2,T3,141.4,24.6,183.5,207.6,1
TRA067-001348,2025-04-13,R6,T1,103.7,50.0,118.1,164.3,1
TRA067-001349,2025-04-14,R5,T2,24.1,112.1,60.1,72.7,1
TRA067-001350,2025-04-14,R6,T3,110.6,124.4,167.9,172.2,1
TRA067-001351,2025-04-14,R3,T1,112.9,141.8,145.6,174.8,1
TRA067-001352,2025-04-15,R4,T2,95.8,79.9,133.6,155.2,1
TRA067-001353,2025-04-15,R2,T3,49.8,9.0,76.5,102.3,1
TRA067-001354,2025-04-15,R2,T1,40.0,3.3,43.1,91.0,1
TRA067-001355,2025-04-16,R4,T2,9.9,40.7,51.2,56.4,1
TRA067-001356,2025-04-16,R6,T3,119.1,36.9,175.0,182.0,1
TRA067-001357,2025-04-17,R3,T1,71.0,15.9,63.1,126.6,1
TRA067-001358,2025-04-17,R1,T2,108.7,142.6,136.9,170.0,1
TRA067-001359,2025-04-17,R2,T3,98.6,39.8,137.5,158.4,1
TRA067-001360,2025-04-18,R2,T1,30.2,100.1,41.4,79.7,1
TRA067-001361,2025-04-18,R1,T2,135.7,26.6,155.6,201.1,1
TRA067-001362,2025-04-18,R4,T3,142.1,120.3,206.2,208.4,1
TRA067-001363,2025-04-19,R2,T1,107.4,73.1,127.7,168.5,1
TRA067-001364,2025-04-19,R2,T2,28.4,46.9,52.1,77.7,1
TRA067-001365,2025-04-19,R4,T3,114.5,8.9,180.3,176.7,1
TRA067-001366,2025-04-20,R3,T1,66.6,19.0,87.2,121.6,1
TRA067-001367,2025-04-20,R5,T2,145.6,15.1,189.9,212.4,1
TRA067-001368,2025-04-20,R5,T3,20.9,98.9,48.1,69.0,1
TRA067-001369,2025-04-21,R3,T1,2.7,147.5,42.4,48.1,1
TRA067-001370,2025-04-21,R5,T2,28.9,45.7,38.7,78.2,1
TRA067-001371,2025-04-21,R6,T3,100.1,91.4,163.5,160.1,1
TRA067-001372,2025-04-22,R6,T1,84.9,100.3,112.8,142.6,1
TRA067-001373,2025-04-22,R5,T2,74.5,58.3,127.8,130.7,1
TRA067-001374,2025-04-22,R2,T3,52.7,18.3,104.6,105.6,1
TRA067-001375,2025-04-23,R3,T1,66.0,45.8,73.1,120.9,1
TRA067-001376,2025-04-23,R4,T2,129.2,143.3,183.2,193.6,1
TRA067-001377,2025-04-23,R3,T3,81.2,38.3,118.1,138.4,1
TRA067-001378,2025-04-24,R2,T1,29.8,73.4,,79.3,0
TRA067-001379,2025-04-24,R4,T2,75.8,40.8,119.7,132.2,1
TRA067-001380,2025-04-25,R5,T3,129.4,60.4,190.2,193.8,1
TRA067-001381,2025-04-25,R4,T1,28.7,80.2,55.0,78.0,1
TRA067-001382,2025-04-25,R3,T2,74.4,12.0,111.5,130.6,1
TRA067-001383,2025-04-26,R1,T3,23.5,138.6,68.0,72.0,1
TRA067-001384,2025-04-26,R4,T1,2.9,106.0,7.6,48.3,1
TRA067-001385,2025-04-26,R4,T2,18.9,147.5,62.7,66.7,1
TRA067-001386,2025-04-27,R4,T3,56.7,116.2,118.9,110.2,1
TRA067-001387,2025-04-27,R5,T1,6.8,104.6,5,52.8,1
TRA067-001388,2025-04-27,R2,T2,123.6,113.5,173.2,187.1,1
TRA067-001389,2025-04-28,R4,T3,24.6,94.7,68.0,73.3,1
TRA067-001390,2025-04-28,R1,T1,101.8,49.9,132.4,162.1,1
TRA067-001391,2025-04-28,R4,T2,71.4,119.9,115.7,127.1,1
TRA067-001392,2025-04-29,R2,T3,106.7,136.9,166.2,167.7,1
TRA067-001393,2025-04-29,R3,T1,94.8,125.8,134.3,154.0,1
TRA067-001394,2025-04-29,R4,T2,89.8,21.7,118.3,148.3,1
TRA067-001395,2025-04-30,R5,T3,89.9,108.7,156.0,148.4,1
TRA067-001396,2025-04-30,R6,T1,93.4,13.2,126.4,152.4,1
TRA067-001397,2025-04-30,R5,T2,63.6,81.5,90.0,118.1,1
TRA067-001398,2025-05-01,R3,T3,81.5,138.7,126.8,138.7,1
TRA067-001399,2025-05-01,R4,T1,130.6,36.3,167.5,195.2,1
TRA067-001400,2025-05-01,R2,T2,56.4,30.2,82.2,109.9,1
TRA067-001401,2025-05-02,R5,T3,87.5,11.8,146.9,145.6,1
TRA067-001402,2025-05-02,R4,T1,99.3,4.3,125.7,159.2,1
TRA067-001403,2025-05-03,R3,T2,97.2,119.3,142.7,156.8,1
TRA067-001404,2025-05-03,R1,T3,52.0,82.3,88.7,104.8,1
TRA067-001405,2025-05-03,R3,T1,131.1,11.1,177.3,195.8,1
TRA067-001406,2025-05-04,R6,T2,48.8,8.9,50.4,101.1,1
TRA067-001407,2025-05-04,R4,T3,132.1,59.6,180.7,196.9,1
TRA067-001408,2025-05-04,R6,T1,147.7,41.8,161.4,214.9,1
TRA067-001409,2025-05-05,R4,T2,33.0,101.2,63.2,82.9,1
TRA067-001410,2025-05-05,R2,T3,132.0,121.7,200.6,196.8,1
TRA067-001411,2025-05-05,R3,T1,52.7,28.9,95.1,105.6,1
TRA067-001412,2025-05-06,R6,T2,23.9,102.6,,72.5,1
TRA067-001413,2025-05-06,R6,T3,11.5,103.9,40.4,58.2,1
TRA067-001414,2025-05-06,R1,T1,15.5,28.9,44.5,62.8,1
TRA067-001415,2025-05-07,R4,T2,17.9,94.7,40.6,65.6,1
TRA067-001416,2025-05-07,R4,T3,91.2,140.6,122.4,149.9,1
TRA067-001417,2025-05-07,R6,T1,116.9,139.4,162.9,179.4,1
TRA067-001418,2025-05-08,R6,T2,59.2,130.4,113.5,113.1,1
TRA067-001419,2025-05-08,R3,T3,118.1,8.6,135.6,180.8,1
TRA067-001420,2025-05-08,R6,T1,63.1,54.1,66.4,117.6,1
TRA067-001421,2025-05-09,R3,T2,71.4,92.9,122.6,127.1,1
TRA067-001422,2025-05-09,R5,T3,146.5,104.1,224.6,213.5,1
TRA067-001423,2025-05-09,R4,T1,128.0,77.9,165.7,192.2,1
TRA067-001424,2025-05-10,R5,T2,5.1,138.2,36.4,50.9,1
TRA067-001425,2025-05-10,R5,T3,131.6,76.0,,196.3,0
TRA067-001426,2025-05-11,R6,T1,69.2,55.9,96.4,124.6,1
TRA067-001427,2025-05-11,R4,T2,53.9,94.2,109.1,107.0,1
TRA067-001428,2025-05-11,R1,T3,65.9,100.4,99.7,120.8,1
TRA067-001429,2025-05-12,R1,T1,64.6,103.8,85.7,119.3,1
TRA067-001430,2025-05-12,R5,T2,133.3,99.3,216.7,198.3,1
TRA067-001431,2025-05-12,R4,T3,78.9,94.7,135.6,135.7,1
TRA067-001432,2025-05-13,R4,T1,62.1,116.9,107.8,116.4,1
TRA067-001433,2025-05-13,R2,T2,35.0,83.6,107.6,85.2,1
TRA067-001434,2025-05-13,R2,T3,86.2,124.8,135.3,144.1,1
TRA067-001435,2025-05-14,R3,T1,57.6,12.4,43.6,111.2,1
TRA067-001436,2025-05-14,R3,T2,61.7,37.9,76.7,116.0,1
TRA067-001437,2025-05-14,R4,T3,126.0,55.3,200.2,189.9,1
TRA067-001438,2025-05-15,R2,T1,54.2,112.0,72.2,107.3,1
TRA067-001439,2025-05-15,R6,T2,50.0,111.5,71.7,102.5,1
TRA067-001440,2025-05-15,R5,T3,82.5,36.1,129.2,139.9,1
TRA067-001441,2025-05-16,R1,T1,87.9,44.4,133.6,146.1,1
TRA067-001442,2025-05-16,R4,T2,21.0,132.8,58.3,69.2,1
TRA067-001443,2025-05-16,R6,T3,9.3,19.2,47.4,55.7,1
TRA067-001444,2025-05-17,R3,T1,25.2,69.2,41.8,74.0,1
TRA067-001445,2025-05-17,R5,T2,126.3,94.2,161.9,190.2,1
TRA067-001446,2025-05-17,R3,T3,53.9,134.1,120.6,107.0,1
TRA067-001447,2025-05-18,R4,T1,13.6,50.0,70.2,60.6,1
TRA067-001448,2025-05-18,R2,T2,39.3,81.2,75.6,90.2,1
TRA067-001449,2025-05-19,R4,T3,74.4,67.9,91.2,130.6,1
TRA067-001450,2025-05-19,R1,T1,111.9,114.1,158.8,173.7,1
TRA067-001451,2025-05-19,R6,T2,46.9,113.0,85.6,98.9,1
TRA067-001452,2025-05-20,R4,T3,146.7,72.4,204.0,213.7,1
TRA067-001453,2025-05-20,R5,T1,49.7,83.6,84.0,102.2,1
TRA067-001454,2025-05-20,R5,T2,24.6,55.2,60.2,73.3,1
TRA067-001455,2025-05-21,R4,T3,89.4,74.2,126.6,147.8,1
TRA067-001456,2025-05-21,R4,T1,87.4,123.2,119.7,145.5,1
TRA067-001457,2025-05-21,R5,T2,18.6,17.7,57.3,66.4,1
TRA067-001458,2025-05-22,R4,T3,29.0,57.3,58.0,78.3,1
TRA067-001459,2025-05-22,R1,T1,91.4,76.7,109.3,150.1,1
TRA067-001460,2025-05-22,R5,T2,125.2,43.1,158.1,189.0,1
TRA067-001461,2025-05-23,R5,T3,35.7,131.6,74.7,86.1,1
TRA067-001462,2025-05-23,R1,T1,148.3,71.4,159.7,215.5,1
TRA067-001463,2025-05-23,R2,T2,64.7,30.1,105.7,119.4,1
TRA067-001464,2025-05-24,R5,T3,62.6,103.2,135.1,117.0,1
TRA067-001465,2025-05-24,R5,T1,31.5,93.8,36.1,81.2,1
TRA067-001466,2025-05-24,R5,T2,25.7,61.7,47.7,74.6,1
TRA067-001467,2025-05-25,R6,T3,21.8,98.0,76.4,70.1,1
TRA067-001468,2025-05-25,R1,T1,106.3,3.6,118.6,167.2,1
TRA067-001469,2025-05-26,R2,T2,33.1,75.3,66.7,83.1,1
TRA067-001470,2025-05-26,R4,T3,96.3,64.1,163.1,155.7,1
TRA067-001471,2025-05-26,R2,T1,123.5,91.5,155.7,187.0,1
TRA067-001472,2025-05-27,R2,T2,138.1,52.9,180.3,203.8,1
TRA067-001473,2025-05-27,R4,T3,106.0,88.0,173.9,166.9,1
TRA067-001474,2025-05-27,R6,T1,119.7,143.9,163.9,182.7,1
TRA067-001475,2025-05-28,R1,T2,10.7,29.4,11.5,57.3,1
TRA067-001476,2025-05-28,R2,T3,9.3,4.4,30.3,55.7,1
TRA067-001477,2025-05-28,R3,T1,82.6,69.0,126.8,140.0,1
TRA067-001478,2025-05-29,R2,T2,39.6,127.1,"90,7",90.5,1
TRA067-001479,2025-05-29,R1,T3,43.4,30.0,41.6,94.9,1
TRA067-001480,2025-05-29,R5,T1,50.8,119.1,78.7,103.4,1
TRA067-001481,2025-05-30,R6,T2,48.3,94.2,37.0,100.5,1
TRA067-001482,2025-05-30,R5,T3,102.5,38.8,140.1,162.9,1
TRA067-001483,2025-05-30,R1,T1,77.0,128.7,125.4,133.6,1
TRA067-001484,2025-05-31,R3,T2,26.6,135.6,56.6,75.6,1
TRA067-001485,2025-05-31,R6,T3,89.3,126.1,124.5,147.7,1
TRA067-001486,2025-05-31,R5,T1,135.7,33.9,165.8,201.1,1
TRA067-001487,2025-06-01,R2,T2,134.7,66.1,191.9,199.9,1
TRA067-001488,2025-06-01,R4,T3,39.1,33.7,57.0,90.0,1
TRA067-001489,2025-06-01,R6,T1,58.2,19.9,62.7,111.9,1
TRA067-001490,2025-06-02,R5,T2,144.8,104.8,181.9,211.5,1
TRA067-001491,2025-06-02,R4,T3,81.0,28.3,122.1,138.1,1
TRA067-001492,2025-06-03,R6,T1,63.1,23.5,94.9,117.6,1
TRA067-001493,2025-06-03,R1,T2,140.2,140.8,209.8,206.2,1
TRA067-001494,2025-06-03,R5,T3,121.5,58.0,174.9,184.7,1
TRA067-001495,2025-06-04,R2,T1,142.1,119.5,,208.4,1
TRA067-001496,2025-06-04,R3,T2,74.2,113.5,126.9,130.3,1
TRA067-001497,2025-06-04,R1,T3,139.0,4.2,180.5,204.8,1
TRA067-001498,2025-06-05,R3,T1,139.7,107.0,170.1,205.7,1
TRA067-001499,2025-06-05,R1,T2,3.8,59.4,30.8,49.4,1
TRA067-001500,2025-06-05,R1,T3,81.8,41.3,147.0,139.1,1
TRA067-001501,2025-06-06,R1,T1,96.6,146.7,125.8,156.1,1
TRA067-001502,2025-06-06,R2,T2,50.9,2.1,80.8,103.5,1
TRA067-001503,2025-06-06,R6,T3,76.5,64.7,100.4,133.0,1
TRA067-001504,2025-06-07,R3,T1,60.1,142.3,90.6,114.1,1
TRA067-001505,2025-06-07,R3,T2,70.5,44.5,108.5,126.1,1
TRA067-001506,2025-06-07,R1,T3,45.6,25.1,91.6,97.4,1
TRA067-001507,2025-06-08,R2,T1,141.3,39.1,148.1,207.5,1
TRA067-001508,2025-06-08,R2,T2,67.8,48.2,83.9,123.0,1
TRA067-001509,2025-06-08,R5,T3,32.3,42.0,67.2,82.1,1
TRA067-001510,2025-06-09,R1,T1,36.2,47.8,56.4,86.6,1
TRA067-001511,2025-06-09,R2,T2,83.4,35.1,128.4,140.9,1
TRA067-001512,2025-06-09,R2,T3,68.2,31.5,86.1,123.4,1
TRA067-001513,2025-06-10,R1,T1,108.0,40.3,133.1,169.2,1
TRA067-001514,2025-06-10,R3,T2,100.9,84.3,139.7,161.0,1
TRA067-001515,2025-06-11,R3,T3,6.4,131.0,29.8,52.4,1
TRA067-001516,2025-06-11,R1,T1,76.6,17.3,117.3,133.1,1
TRA067-001517,2025-06-11,R4,T2,15.3,2.0,6.6,62.6,1
TRA067-001518,2025-06-12,R5,T3,70.7,20.3,87.5,126.3,1
TRA067-001519,2025-06-12,R1,T1,132.3,139.2,164.8,197.1,1
TRA067-001520,2025-06-12,R3,T2,64.5,134.4,103.3,119.2,1
TRA067-001521,2025-06-13,R3,T3,138.1,71.1,203.3,203.8,1
TRA067-001522,2025-06-13,R5,T1,100.3,124.3,124.4,160.3,1
TRA067-001523,2025-06-13,R4,T2,68.7,95.4,96.0,124.0,1
TRA067-001524,2025-06-14,R3,T3,118.3,126.2,177.8,181.0,1
TRA067-001525,2025-06-14,R3,T1,80.0,102.3,87.3,137.0,1
TRA067-001526,2025-06-14,R5,T2,64.6,91.2,100.6,119.3,1
TRA067-001527,2025-06-15,R2,T3,53.4,31.0,116.7,106.4,1
TRA067-001528,2025-06-15,R6,T1,33.3,31.0,75.3,83.3,1
TRA067-001529,2025-06-15,R4,T2,6.0,88.1,31.7,51.9,1
TRA067-001530,2025-06-16,R5,T3,20.3,104.7,48.7,68.3,1
TRA067-001531,2025-06-16,R1,T1,111.4,4.2,108.7,173.1,1
TRA067-001532,2025-06-16,R5,T2,8.6,78.6,,54.9,0
TRA067-001533,2025-06-17,R2,T3,137.6,143.5,196.2,203.2,1
TRA067-001534,2025-06-17,R5,T1,92.4,139.4,148.9,151.3,1
TRA067-001535,2025-06-17,R1,T2,15.4,30.9,,62.7,0
TRA067-001536,2025-06-18,R1,T3,75.4,22.1,100.2,131.7,1
TRA067-001537,2025-06-18,R6,T1,74.3,76.1,56.5,130.4,1
TRA067-001538,2025-06-19,R6,T2,111.0,29.6,162.2,172.6,1
TRA067-001539,2025-06-19,R3,T3,84.4,55.0,118.3,142.1,1
TRA067-001540,2025-06-19,R2,T1,73.5,105.4,86.3,129.5,1
TRA067-001541,2025-06-20,R4,T2,49.2,133.6,86.2,101.6,1
TRA067-001542,2025-06-20,R1,T3,112.2,13.0,154.3,174.0,1
TRA067-001543,2025-06-20,R1,T1,73.9,136.3,122.2,130.0,1
TRA067-001544,2025-06-21,R1,T2,60.5,130.3,99.3,114.6,1
TRA067-001545,2025-06-21,R4,T3,147.3,47.3,217.6,214.4,1
TRA067-001546,2025-06-21,R5,T1,91.5,74.0,,150.2,0
TRA067-001547,2025-06-22,R6,T2,141.1,115.7,214.4,207.3,1
TRA067-001548,2025-06-22,R4,T3,144.4,113.0,,211.1,0
TRA067-001549,2025-06-22,R5,T1,61.8,103.4,106.7,116.1,1
TRA067-001550,2025-06-23,R2,T2,101.9,61.7,135.6,162.2,1
TRA067-001551,2025-06-23,R6,T3,90.3,110.8,140.7,148.8,1
TRA067-001552,2025-06-23,R6,T1,122.0,35.5,161.2,185.3,1
TRA067-001553,2025-06-24,R2,T2,29.9,104.3,39.5,79.4,1
TRA067-001554,2025-06-24,R1,T3,78.1,4.4,84.8,134.8,1
TRA067-001555,2025-06-24,R4,T1,52.5,87.7,65.6,105.4,1
TRA067-001556,2025-06-25,R1,T2,100.4,123.5,163.3,160.5,1
TRA067-001557,2025-06-25,R1,T3,144.7,99.7,239.7,211.4,1
TRA067-001558,2025-06-25,R3,T1,59.7,2.0,64.8,113.7,1
TRA067-001559,2025-06-26,R5,T2,29.6,141.8,53.7,79.0,1
TRA067-001560,2025-06-26,R4,T3,64.4,11.6,79.5,119.1,1
TRA067-001561,2025-06-27,R4,T1,96.0,9.6,106.9,155.4,1
TRA067-001562,2025-06-27,R4,T2,51.3,24.8,72.0,104.0,1
TRA067-001563,2025-06-27,R4,T3,81.4,123.1,136.7,138.6,1
TRA067-001564,2025-06-28,R1,T1,35.9,107.4,44.6,86.3,1
TRA067-001565,2025-06-28,R4,T2,9.0,102.4,45.4,55.4,1
TRA067-001566,2025-06-28,R2,T3,26.3,112.4,62.0,75.2,1
TRA067-001567,2025-06-29,R3,T1,113.2,95.2,143.3,175.2,1
TRA067-001568,2025-06-29,R6,T2,44.2,69.0,93.4,95.8,1
TRA067-001569,2025-06-29,R4,T3,46.6,8.0,70.2,98.6,1
TRA067-001570,2025-06-30,R5,T1,85.6,39.8,111.0,143.4,1
TRA067-001571,2025-06-30,R2,T2,103.5,131.1,140.6,164.0,1
TRA067-001572,2025-06-30,R2,T3,41.3,109.3,65.9,92.5,1
TRA067-001573,2025-07-01,R2,T1,14.5,55.7,13.7,61.7,1
TRA067-001574,2025-07-01,R3,T2,25.7,13.8,20.8,74.6,1
TRA067-001575,2025-07-01,R4,T3,96.8,36.3,128.9,156.3,1
TRA067-001576,2025-07-02,R5,T1,21.7,20.6,27.7,70.0,1
TRA067-001577,2025-07-02,R2,T2,60.6,29.3,,114.7,0
TRA067-001578,2025-07-02,R3,T3,148.2,43.9,,215.4,1
TRA067-001579,2025-07-03,R2,T1,19.7,74.8,21.3,67.7,1
TRA067-001580,2025-07-03,R3,T2,81.3,102.6,118.8,138.5,1
TRA067-001581,2025-07-03,R1,T3,88.1,28.4,,146.3,0
TRA067-001582,2025-07-04,R2,T1,132.8,30.7,165.1,197.7,1
TRA067-001583,2025-07-04,R1,T2,98.1,118.4,144.4,157.8,1
TRA067-001584,2025-07-05,R3,T3,14.7,51.7,,61.9,0
TRA067-001585,2025-07-05,R1,T1,118.3,34.7,153.6,181.0,1
TRA067-001586,2025-07-05,R1,T2,96.6,92.8,140.1,156.1,1
TRA067-001587,2025-07-06,R4,T3,87.9,79.1,136.7,146.1,1
TRA067-001588,2025-07-06,R4,T1,10.0,12.6,30.6,56.5,1
TRA067-001589,2025-07-06,R6,T2,140.2,89.6,202.4,206.2,1
TRA067-001590,2025-07-07,R3,T3,13.5,36.6,16.6,60.5,1
TRA067-001591,2025-07-07,R3,T1,111.9,118.7,156.7,173.7,1
TRA067-001592,2025-07-07,R6,T2,115.9,142.6,172.8,178.3,1
TRA067-001593,2025-07-08,R1,T3,76.9,66.7,,133.4,0
TRA067-001594,2025-07-08,R2,T1,34.9,120.4,93.7,85.1,1
TRA067-001595,2025-07-08,R1,T2,57.3,74.3,,110.9,0
TRA067-001596,2025-07-09,R2,T3,115.6,83.8,169.0,177.9,1
TRA067-001597,2025-07-09,R5,T1,135.0,47.5,134.4,200.2,1
TRA067-001598,2025-07-09,R5,T2,2.0,148.9,36.2,47.3,1
TRA067-001599,2025-07-10,R4,T3,75.2,25.7,88.2,131.5,1
TRA067-001600,2025-07-10,R3,T1,114.9,70.1,164.3,177.1,1
TRA067-001601,2025-07-10,R1,T2,102.8,130.8,167.0,163.2,1
TRA067-001602,2025-07-11,R6,T3,117.6,17.9,148.2,180.2,1
TRA067-001603,2025-07-11,R3,T1,6.7,2.1,5,52.7,1
TRA067-001604,2025-07-11,R6,T2,75.9,27.6,99.0,132.3,1
TRA067-001605,2025-07-12,R2,T3,43.5,108.7,71.4,95.0,1
TRA067-001606,2025-07-12,R2,T1,58.9,19.8,65.7,112.7,1
TRA067-001607,2025-07-13,R3,T2,102.8,3.3,103.8,163.2,1
TRA067-001608,2025-07-13,R6,T3,37.1,120.4,48.2,87.7,1
TRA067-001609,2025-07-13,R5,T1,91.2,121.9,126.5,149.9,1
TRA067-001610,2025-07-14,R3,T2,113.9,54.7,151.0,176.0,1
TRA067-001611,2025-07-14,R4,T3,73.2,57.8,130.7,129.2,1
TRA067-001612,2025-07-14,R1,T1,31.3,13.5,34.3,81.0,1
TRA067-001613,2025-07-15,R2,T2,25.6,52.3,37.5,74.4,1
TRA067-001614,2025-07-15,R2,T3,106.9,36.8,180.3,167.9,1
TRA067-001615,2025-07-15,R6,T1,53.8,133.5,73.4,106.9,1
TRA067-001616,2025-07-16,R4,T2,120.3,115.5,152.3,183.3,1
TRA067-001617,2025-07-16,R2,T3,28.7,7.0,47.6,78.0,1
TRA067-001618,2025-07-16,R2,T1,105.5,11.6,139.6,166.3,1
TRA067-001619,2025-07-17,R6,T2,93.0,135.5,150.7,151.9,1
TRA067-001620,2025-07-17,R4,T3,44.4,141.9,90.0,96.1,1
TRA067-001621,2025-07-17,R6,T1,130.0,76.6,183.9,194.5,1
TRA067-001622,2025-07-18,R4,T2,55.8,106.9,80.7,109.2,1
TRA067-001623,2025-07-18,R4,T3,2.9,84.8,35.4,48.3,1
TRA067-001624,2025-07-18,R5,T1,87.7,65.3,129.4,145.9,1
TRA067-001625,2025-07-19,R5,T2,95.5,39.5,145.2,154.8,1
TRA067-001626,2025-07-19,R6,T3,84.5,138.8,133.2,142.2,1
TRA067-001627,2025-07-20,R4,T1,32.3,20.3,40.5,82.1,1
TRA067-001628,2025-07-20,R3,T2,30.8,5.9,36.1,80.4,1
TRA067-001629,2025-07-20,R2,T3,57.5,15.8,81.0,111.1,1
TRA067-001630,2025-07-21,R1,T1,124.3,62.2,145.3,187.9,1
TRA067-001631,2025-07-21,R1,T2,8.0,21.5,28.8,54.2,1
TRA067-001632,2025-07-21,R5,T3,54.3,73.6,95.4,107.4,1
TRA067-001633,2025-07-22,R1,T1,100.3,62.1,,160.3,0
TRA067-001634,2025-07-22,R2,T2,65.3,24.8,95.2,120.1,1
TRA067-001635,2025-07-22,R4,T3,86.5,93.8,130.9,144.5,1
TRA067-001636,2025-07-23,R1,T1,119.4,23.9,131.6,182.3,1
TRA067-001637,2025-07-23,R5,T2,119.8,44.5,165.8,182.8,1
TRA067-001638,2025-07-23,R2,T3,149.3,125.1,247.1,216.7,1
TRA067-001639,2025-07-24,R6,T1,20.0,14.4,31.4,68.0,1
TRA067-001640,2025-07-24,R4,T2,57.4,106.1,96.7,111.0,1
TRA067-001641,2025-07-24,R1,T3,30.5,62.3,47.6,80.1,1
TRA067-001642,2025-07-25,R1,T1,34.1,28.0,38.3,84.2,1
TRA067-001643,2025-07-25,R1,T2,49.1,55.1,77.2,101.5,1
TRA067-001644,2025-07-25,R5,T3,130.5,85.4,180.4,195.1,1
TRA067-001645,2025-07-26,R2,T1,78.9,36.7,102.2,135.7,1
TRA067-001646,2025-07-26,R4,T2,130.5,66.2,158.5,195.1,1
TRA067-001647,2025-07-26,R3,T3,18.9,70.1,30.6,66.7,1
TRA067-001648,2025-07-27,R6,T1,90.0,25.9,118.0,148.5,1
TRA067-001649,2025-07-27,R3,T2,32.8,141.0,78.0,82.7,1
TRA067-001650,2025-07-28,R6,T3,58.2,78.7,86.2,111.9,1
TRA067-001651,2025-07-28,R2,T1,75.7,41.2,90.6,132.1,1
TRA067-001652,2025-07-28,R4,T2,48.1,139.0,85.6,100.3,1
TRA067-001653,2025-07-29,R3,T3,142.4,31.1,201.5,208.8,1
TRA067-001654,2025-07-29,R2,T1,23.6,40.0,33.6,72.1,1
TRA067-001655,2025-07-29,R2,T2,17.7,108.0,38.4,65.4,1
TRA067-001656,2025-07-30,R3,T3,11.6,101.1,22.4,58.3,1
TRA067-001657,2025-07-30,R2,T1,39.6,104.5,74.1,90.5,1
TRA067-001658,2025-07-30,R1,T2,143.6,148.2,212.3,210.1,1
TRA067-001659,2025-07-31,R6,T3,95.7,134.9,134.6,155.1,1
TRA067-001660,2025-07-31,R6,T1,80.7,67.7,86.1,137.8,1
TRA067-001661,2025-07-31,R3,T2,72.9,126.7,,128.8,0
TRA067-001662,2025-08-01,R4,T3,107.1,35.2,166.1,168.2,1
TRA067-001663,2025-08-01,R6,T1,46.0,143.9,86.1,97.9,1
TRA067-001664,2025-08-01,R2,T2,93.9,43.0,108.0,153.0,1
TRA067-001665,2025-08-02,R6,T3,59.9,41.3,92.9,113.9,1
TRA067-001666,2025-08-02,R5,T1,83.6,8.9,105.6,141.1,1
TRA067-001667,2025-08-02,R6,T2,89.1,96.5,,147.5,0
TRA067-001668,2025-08-03,R3,T3,75.3,137.0,156.3,131.6,1
TRA067-001669,2025-08-03,R5,T1,57.5,31.8,69.4,111.1,1
TRA067-001670,2025-08-03,R5,T2,17.0,52.8,58.4,64.5,1
TRA067-001671,2025-08-04,R2,T3,59.5,85.2,120.0,113.4,1
TRA067-001672,2025-08-04,R6,T1,70.9,3.7,100.6,126.5,1
TRA067-001673,2025-08-05,R4,T2,84.2,8.5,94.5,141.8,1
TRA067-001674,2025-08-05,R5,T3,23.1,27.5,45.7,71.6,1
TRA067-001675,2025-08-05,R1,T1,102.8,82.3,,163.2,0
TRA067-001676,2025-08-06,R4,T2,5.2,109.5,27.7,51.0,1
TRA067-001677,2025-08-06,R6,T3,88.9,50.4,122.2,147.2,1
TRA067-001678,2025-08-06,R5,T1,23.4,12.5,,71.9,0
TRA067-001679,2025-08-07,R5,T2,13.2,87.7,29.7,60.2,1
TRA067-001680,2025-08-07,R2,T3,60.2,57.7,86.3,114.2,1
TRA067-001681,2025-08-07,R4,T1,38.6,65.6,46.3,89.4,1
TRA067-001682,2025-08-08,R5,T2,119.6,99.9,181.5,182.5,1
TRA067-001683,2025-08-08,R3,T3,120.1,41.7,165.1,183.1,1
TRA067-001684,2025-08-08,R5,T1,53.3,31.3,69.2,106.3,1
TRA067-001685,2025-08-09,R3,T2,29.8,58.4,41.4,79.3,1
TRA067-001686,2025-08-09,R3,T3,115.6,129.0,150.5,177.9,1
TRA067-001687,2025-08-09,R1,T1,137.8,35.7,167.9,203.5,1
TRA067-001688,2025-08-10,R5,T2,121.3,41.5,156.2,184.5,1
TRA067-001689,2025-08-10,R4,T3,115.9,3.7,"177,2",178.3,1
TRA067-001690,2025-08-10,R3,T1,27.8,50.3,69.4,77.0,1
TRA067-001691,2025-08-11,R6,T2,104.5,89.9,142.1,165.2,1
TRA067-001692,2025-08-11,R5,T3,94.4,27.2,119.1,153.6,1
TRA067-001693,2025-08-11,R5,T1,121.1,117.6,147.4,184.3,1
TRA067-001694,2025-08-12,R5,T2,114.9,7.5,155.3,177.1,1
TRA067-001695,2025-08-12,R2,T3,28.7,5.5,52.9,78.0,1
TRA067-001696,2025-08-13,R1,T1,64.7,78.9,109.7,119.4,1
TRA067-001697,2025-08-13,R2,T2,13.5,8.5,6.9,60.5,1
TRA067-001698,2025-08-13,R5,T3,54.5,129.1,121.4,107.7,1
TRA067-001699,2025-08-14,R6,T1,114.1,128.0,130.8,176.2,1
TRA067-001700,2025-08-14,R3,T2,42.2,125.4,63.1,93.5,1
TRA067-001701,2025-08-14,R6,T3,70.0,87.7,101.9,125.5,1
TRA067-001702,2025-08-15,R3,T1,148.5,49.7,204.8,215.8,1
TRA067-001703,2025-08-15,R4,T2,63.6,58.2,92.0,118.1,1
TRA067-001704,2025-08-15,R4,T3,75.3,132.9,124.5,131.6,1
TRA067-001705,2025-08-16,R3,T1,68.9,50.8,126.0,124.2,1
TRA067-001706,2025-08-16,R2,T2,136.7,85.6,188.1,202.2,1
TRA067-001707,2025-08-16,R6,T3,70.1,38.4,104.8,125.6,1
TRA067-001708,2025-08-17,R6,T1,122.2,56.2,193.0,185.5,1
TRA067-001709,2025-08-17,R5,T2,37.1,77.1,69.6,87.7,1
TRA067-001710,2025-08-17,R4,T3,133.8,29.1,180.0,198.9,1
TRA067-001711,2025-08-18,R4,T1,127.3,80.3,163.6,191.4,1
TRA067-001712,2025-08-18,R2,T2,148.0,143.3,207.9,215.2,1
TRA067-001713,2025-08-18,R5,T3,115.7,57.1,190.8,178.1,1
TRA067-001714,2025-08-19,R5,T1,43.1,145.8,,94.6,0
TRA067-001715,2025-08-19,R4,T2,4.0,89.8,23.7,49.6,1
TRA067-001716,2025-08-19,R5,T3,25.1,44.8,57.9,73.9,1
TRA067-001717,2025-08-20,R6,T1,41.3,46.9,63.3,92.5,1
TRA067-001718,2025-08-20,R3,T2,37.4,58.2,83.9,88.0,1
TRA067-001719,2025-08-21,R1,T3,147.7,29.5,193.8,214.9,1
TRA067-001720,2025-08-21,R5,T1,18.0,55.8,22.4,65.7,1
TRA067-001721,2025-08-21,R2,T2,88.3,14.6,105.8,146.5,1
TRA067-001722,2025-08-22,R4,T3,110.9,3.7,159.0,172.5,1
TRA067-001723,2025-08-22,R4,T1,89.4,143.2,152.0,147.8,1
TRA067-001724,2025-08-22,R5,T2,30.9,21.9,43.1,80.5,1
TRA067-001725,2025-08-23,R6,T3,149.7,11.8,211.9,217.2,1
TRA067-001726,2025-08-23,R1,T1,31.5,38.9,40.1,81.2,1
TRA067-001727,2025-08-23,R5,T2,117.3,76.6,169.2,179.9,1
TRA067-001728,2025-08-24,R1,T3,133.3,76.0,197.1,198.3,1
TRA067-001729,2025-08-24,R5,T1,95.4,127.1,153.3,154.7,1
TRA067-001730,2025-08-24,R1,T2,42.8,74.8,106.7,94.2,1
TRA067-001731,2025-08-25,R3,T3,43.8,146.9,88.3,95.4,1
TRA067-001732,2025-08-25,R4,T1,116.4,66.0,162.3,178.9,1
TRA067-001733,2025-08-25,R6,T2,144.3,86.9,170.6,210.9,1
TRA067-001734,2025-08-26,R2,T3,133.1,60.0,181.3,198.1,1
TRA067-001735,2025-08-26,R1,T1,115.5,9.3,130.1,177.8,1
TRA067-001736,2025-08-26,R6,T2,75.4,39.1,92.4,131.7,1
TRA067-001737,2025-08-27,R5,T3,109.2,142.6,172.0,170.6,1
TRA067-001738,2025-08-27,R5,T1,44.6,40.6,57.8,96.3,1
TRA067-001739,2025-08-27,R5,T2,31.3,19.9,67.1,81.0,1
TRA067-001740,2025-08-28,R2,T3,148.5,146.5,234.8,215.8,1
TRA067-001741,2025-08-28,R5,T1,130.4,94.7,178.8,195.0,1
TRA067-001742,2025-08-29,R5,T2,12.9,22.6,13.1,59.8,1
TRA067-001743,2025-08-29,R5,T3,147.1,124.4,219.5,214.2,1
TRA067-001744,2025-08-29,R5,T1,118.3,21.5,,181.0,1
TRA067-001745,2025-08-30,R2,T2,7.7,60.5,38.9,53.9,1
TRA067-001746,2025-08-30,R1,T3,131.0,133.6,191.3,195.6,1
TRA067-001747,2025-08-30,R6,T1,11.8,63.3,31.0,58.6,1
TRA067-001748,2025-08-31,R6,T2,50.5,116.2,71.8,103.1,1
TRA067-001749,2025-08-31,R5,T3,80.5,6.2,152.8,137.6,1
TRA067-001750,2025-08-31,R1,T1,51.3,95.0,77.6,104.0,1
TRA067-001751,2025-09-01,R1,T2,51.2,115.6,112.3,103.9,1
TRA067-001752,2025-09-01,R5,T3,91.3,131.8,141.1,150.0,1
TRA067-001753,2025-09-01,R3,T1,97.9,122.1,151.7,157.6,1
TRA067-001754,2025-09-02,R1,T2,18.5,32.8,30.3,66.3,1
TRA067-001755,2025-09-02,R4,T3,44.7,133.1,,96.4,0
TRA067-001756,2025-09-02,R2,T1,133.1,40.3,155.7,198.1,1
TRA067-001757,2025-09-03,R4,T2,120.2,145.6,168.3,183.2,1
TRA067-001758,2025-09-03,R2,T3,107.4,14.8,131.5,168.5,1
TRA067-001759,2025-09-03,R4,T1,22.8,47.7,51.4,71.2,1
TRA067-001760,2025-09-04,R5,T2,128.2,95.5,172.6,192.4,1
TRA067-001761,2025-09-04,R6,T3,17.2,57.4,36.2,64.8,1
TRA067-001762,2025-09-04,R4,T1,129.0,105.8,169.4,193.3,1
TRA067-001763,2025-09-05,R1,T2,59.2,33.5,101.9,113.1,1
TRA067-001764,2025-09-05,R4,T3,54.4,44.1,,107.6,0
TRA067-001765,2025-09-06,R6,T1,2.9,142.1,23.1,48.3,1
TRA067-001766,2025-09-06,R3,T2,50.2,114.8,75.6,102.7,1
TRA067-001767,2025-09-06,R4,T3,145.5,119.0,213.8,212.3,1
TRA067-001768,2025-09-07,R5,T1,135.8,15.9,176.8,201.2,1
TRA067-001769,2025-09-07,R3,T2,7.0,90.9,51.1,53.0,1
TRA067-001770,2025-09-07,R1,T3,78.9,133.7,139.6,135.7,1
TRA067-001771,2025-09-08,R4,T1,36.5,101.3,68.6,87.0,1
TRA067-001772,2025-09-08,R5,T2,71.7,109.0,110.5,127.5,1
TRA067-001773,2025-09-08,R1,T3,27.1,119.8,50.4,76.2,1
TRA067-001774,2025-09-09,R5,T1,54.5,89.7,57.9,107.7,1
TRA067-001775,2025-09-09,R4,T2,105.2,97.2,137.8,166.0,1
TRA067-001776,2025-09-09,R4,T3,27.4,131.1,72.1,76.5,1
TRA067-001777,2025-09-10,R2,T1,149.6,46.4,200.9,217.0,1
TRA067-001778,2025-09-10,R5,T2,63.6,108.6,104.3,118.1,1
TRA067-001779,2025-09-10,R4,T3,34.8,97.9,66.2,85.0,1
TRA067-001780,2025-09-11,R3,T1,50.0,29.3,71.2,102.5,1
TRA067-001781,2025-09-11,R5,T2,85.0,5.3,133.0,142.8,1
TRA067-001782,2025-09-11,R5,T3,110.3,98.2,154.3,171.8,1
TRA067-001783,2025-09-12,R2,T1,86.9,123.9,112.3,144.9,1
TRA067-001784,2025-09-12,R6,T2,122.2,111.8,186.0,185.5,1
TRA067-001785,2025-09-13,R1,T3,72.9,84.9,115.0,128.8,1
TRA067-001786,2025-09-13,R1,T1,69.9,74.2,104.6,125.4,1
TRA067-001787,2025-09-13,R5,T2,80.2,8.0,98.2,137.2,1
TRA067-001788,2025-09-14,R2,T3,9.0,62.9,12.0,55.4,1
TRA067-001789,2025-09-14,R4,T1,17.9,24.3,27.9,65.6,1
TRA067-001790,2025-09-14,R2,T2,114.8,139.9,134.4,177.0,1
TRA067-001791,2025-09-15,R5,T3,10.5,84.1,38.3,57.1,1
TRA067-001792,2025-09-15,R5,T1,136.3,71.8,166.0,201.7,1
TRA067-001793,2025-09-15,R6,T2,32.1,43.4,68.9,81.9,1
TRA067-001794,2025-09-16,R3,T3,69.0,63.0,122.9,124.3,1
TRA067-001795,2025-09-16,R2,T1,132.4,24.5,183.0,197.3,1
TRA067-001796,2025-09-16,R4,T2,40.9,60.0,103.8,92.0,1
TRA067-001797,2025-09-17,R6,T3,24.6,102.6,68.0,73.3,1
TRA067-001798,2025-09-17,R6,T1,26.2,37.7,38.6,75.1,1
TRA067-001799,2025-09-17,R1,T2,81.1,105.5,116.5,138.3,1
TRA067-001800,2025-09-18,R2,T3,75.0,123.9,121.1,131.2,1
TRA067-001801,2025-09-18,R4,T1,15.6,62.3,60.4,62.9,1
TRA067-001802,2025-09-18,R6,T2,95.2,37.8,136.9,154.5,1
TRA067-001803,2025-09-19,R1,T3,75.1,18.8,103.9,131.4,1
TRA067-001804,2025-09-19,R4,T1,60.0,38.6,84.3,114.0,1
TRA067-001805,2025-09-19,R2,T2,61.1,49.7,97.4,115.3,1
TRA067-001806,2025-09-20,R3,T3,36.0,42.3,46.8,86.4,1
TRA067-001807,2025-09-20,R3,T1,106.1,43.9,143.3,167.0,1
TRA067-001808,2025-09-21,R2,T2,9.2,117.8,31.4,55.6,1
TRA067-001809,2025-09-21,R2,T3,114.2,108.3,153.7,176.3,1
TRA067-001810,2025-09-21,R1,T1,132.1,121.7,181.4,196.9,1
TRA067-001811,2025-09-22,R4,T2,11.5,17.8,17.8,58.2,1
TRA067-001812,2025-09-22,R3,T3,125.3,123.9,198.9,189.1,1
TRA067-001813,2025-09-22,R3,T1,12.6,61.9,5,59.5,1
TRA067-001814,2025-09-23,R3,T2,135.5,53.8,167.4,200.8,1
TRA067-001815,2025-09-23,R5,T3,129.2,60.8,218.6,193.6,1
TRA067-001816,2025-09-23,R6,T1,74.3,133.3,109.3,130.4,1
TRA067-001817,2025-09-24,R1,T2,117.2,46.1,155.9,179.8,1
TRA067-001818,2025-09-24,R3,T3,40.4,30.3,74.0,91.5,1
TRA067-001819,2025-09-24,R3,T1,36.7,133.7,57.1,87.2,1
TRA067-001820,2025-09-25,R6,T2,65.2,82.5,102.1,120.0,1
TRA067-001821,2025-09-25,R5,T3,145.2,19.3,187.4,212.0,1
TRA067-001822,2025-09-25,R4,T1,8.2,107.1,20.9,54.4,1
TRA067-001823,2025-09-26,R4,T2,107.0,87.3,134.7,168.1,1
TRA067-001824,2025-09-26,R5,T3,122.0,2.8,153.8,185.3,1
TRA067-001825,2025-09-26,R3,T1,127.1,20.2,152.2,191.2,1
TRA067-001826,2025-09-27,R4,T2,60.0,144.8,110.8,114.0,1
TRA067-001827,2025-09-27,R4,T3,123.8,99.8,,187.4,1
TRA067-001828,2025-09-27,R2,T1,57.7,113.4,89.4,111.4,1
TRA067-001829,2025-09-28,R6,T2,120.8,69.0,185.7,183.9,1
TRA067-001830,2025-09-28,R2,T3,53.6,134.7,106.8,106.6,1
TRA067-001831,2025-09-29,R6,T1,148.2,22.3,186.7,215.4,1
TRA067-001832,2025-09-29,R2,T2,141.6,1.7,181.2,207.8,1
TRA067-001833,2025-09-29,R3,T3,68.8,55.4,115.6,124.1,1
TRA067-001834,2025-09-30,R1,T1,67.9,69.8,,123.1,0
TRA067-001835,2025-09-30,R3,T2,145.7,87.6,170.2,212.6,1
TRA067-001836,2025-09-30,R6,T3,117.5,54.8,150.5,180.1,1
TRA067-001837,2025-10-01,R6,T1,144.4,128.3,200.2,211.1,1
TRA067-001838,2025-10-01,R6,T2,33.3,53.5,68.1,83.3,1
TRA067-001839,2025-10-01,R5,T3,94.3,134.5,167.7,153.4,1
TRA067-001840,2025-10-02,R1,T1,57.2,68.5,104.3,110.8,1
TRA067-001841,2025-10-02,R1,T2,148.9,51.3,234.5,216.2,1
TRA067-001842,2025-10-02,R1,T3,60.9,100.9,75.1,115.0,1
TRA067-001843,2025-10-03,R6,T1,28.5,59.8,30.7,77.8,1
TRA067-001844,2025-10-03,R5,T2,50.1,103.4,97.2,102.6,1
TRA067-001845,2025-10-03,R1,T3,62.9,136.0,122.2,117.3,1
TRA067-001846,2025-10-04,R2,T1,122.8,128.8,160.4,186.2,1
TRA067-001847,2025-10-04,R2,T2,118.8,48.1,148.7,181.6,1
TRA067-001848,2025-10-04,R1,T3,110.8,2.3,173.5,172.4,1
TRA067-001849,2025-10-05,R5,T1,70.0,132.2,142.5,125.5,1
TRA067-001850,2025-10-05,R2,T2,18.2,128.4,40.9,65.9,1
TRA067-001851,2025-10-05,R1,T3,45.8,79.5,83.9,97.7,1
TRA067-001852,2025-10-06,R3,T1,59.7,118.8,115.1,113.7,1
TRA067-001853,2025-10-06,R5,T2,109.8,23.6,168.3,171.3,1
TRA067-001854,2025-10-07,R4,T3,28.5,61.4,74.7,77.8,1
TRA067-001855,2025-10-07,R6,T1,116.3,75.2,175.4,178.7,1
TRA067-001856,2025-10-07,R1,T2,39.9,101.4,103.9,90.9,1
TRA067-001857,2025-10-08,R3,T3,106.2,102.7,158.2,167.1,1
TRA067-001858,2025-10-08,R4,T1,146.6,32.6,196.5,213.6,1
TRA067-001859,2025-10-08,R5,T2,95.7,12.0,109.3,155.1,1
TRA067-001860,2025-10-09,R3,T3,64.6,116.7,133.4,119.3,1
TRA067-001861,2025-10-09,R6,T1,76.9,108.8,93.7,133.4,1
TRA067-001862,2025-10-09,R5,T2,84.3,102.7,136.5,141.9,1
TRA067-001863,2025-10-10,R4,T3,73.0,36.9,136.1,128.9,1
TRA067-001864,2025-10-10,R5,T1,139.0,110.7,196.0,204.8,1
TRA067-001865,2025-10-10,R2,T2,124.5,79.0,158.3,188.2,1
TRA067-001866,2025-10-11,R5,T3,146.4,81.9,,213.4,0
TRA067-001867,2025-10-11,R5,T1,44.7,1.7,55.0,96.4,1
TRA067-001868,2025-10-11,R6,T2,108.7,150.0,136.4,170.0,1
TRA067-001869,2025-10-12,R6,T3,149.1,53.0,217.3,216.5,1
TRA067-001870,2025-10-12,R1,T1,6.3,12.8,34.7,52.2,1
TRA067-001871,2025-10-12,R2,T2,144.4,96.1,199.8,211.1,1
TRA067-001872,2025-10-13,R5,T3,117.0,82.7,165.8,179.5,1
TRA067-001873,2025-10-13,R2,T1,109.3,144.5,166.2,170.7,1
TRA067-001874,2025-10-13,R3,T2,121.9,57.8,178.4,185.2,1
TRA067-001875,2025-10-14,R5,T3,100.8,104.0,175.1,160.9,1
TRA067-001876,2025-10-14,R5,T1,7.4,92.8,19.3,53.5,1
TRA067-001877,2025-10-15,R6,T2,36.0,135.6,74.3,86.4,1
TRA067-001878,2025-10-15,R6,T3,71.7,126.6,130.4,127.5,1
TRA067-001879,2025-10-15,R4,T1,148.7,8.6,162.8,216.0,1
TRA067-001880,2025-10-16,R3,T2,58.9,24.9,78.9,112.7,1
TRA067-001881,2025-10-16,R4,T3,16.9,61.1,57.6,64.4,1
TRA067-001882,2025-10-16,R2,T1,149.1,68.6,179.2,216.5,1
TRA067-001883,2025-10-17,R6,T2,62.7,144.0,115.8,117.1,1
TRA067-001884,2025-10-17,R5,T3,86.1,68.0,110.9,144.0,1
TRA067-001885,2025-10-17,R1,T1,76.9,119.1,135.0,133.4,1
TRA067-001886,2025-10-18,R2,T2,42.0,55.8,58.6,93.3,1
TRA067-001887,2025-10-18,R2,T3,91.7,136.8,128.5,150.5,1
TRA067-001888,2025-10-18,R2,T1,104.7,31.2,124.0,165.4,1
TRA067-001889,2025-10-19,R5,T2,39.4,29.1,53.6,90.3,1
TRA067-001890,2025-10-19,R4,T3,44.8,82.3,63.3,96.5,1
TRA067-001891,2025-10-19,R2,T1,55.3,136.0,112.3,108.6,1
TRA067-001892,2025-10-20,R3,T2,9.4,87.8,26.2,55.8,1
TRA067-001893,2025-10-20,R5,T3,60.8,21.7,101.3,114.9,1
TRA067-001894,2025-10-20,R1,T1,39.3,12.1,51.6,90.2,1
TRA067-001895,2025-10-21,R6,T2,53.5,136.1,98.1,106.5,1
TRA067-001896,2025-10-21,R3,T3,17.0,94.4,,64.5,0
TRA067-001897,2025-10-21,R3,T1,140.5,81.6,196.8,206.6,1
TRA067-001898,2025-10-22,R4,T2,14.6,130.1,44.9,61.8,1
TRA067-001899,2025-10-22,R4,T3,3.8,107.5,39.1,49.4,1
TRA067-001900,2025-10-23,R5,T1,31.3,116.9,"74,9",81.0,1
TRA067-001901,2025-10-23,R4,T2,139.5,96.0,199.7,205.4,1
TRA067-001902,2025-10-23,R6,T3,73.5,65.7,123.7,129.5,1
TRA067-001903,2025-10-24,R2,T1,46.3,73.4,92.1,98.2,1
TRA067-001904,2025-10-24,R4,T2,112.3,132.2,171.9,174.1,1
TRA067-001905,2025-10-24,R1,T3,104.3,148.1,166.8,164.9,1
TRA067-001906,2025-10-25,R3,T1,38.5,25.7,81.6,89.3,1
TRA067-001907,2025-10-25,R2,T2,50.4,147.9,95.2,103.0,1
TRA067-001908,2025-10-25,R2,T3,61.3,16.4,,115.5,0
TRA067-001909,2025-10-26,R6,T1,128.9,70.7,156.6,193.2,1
TRA067-001910,2025-10-26,R1,T2,50.8,76.4,,103.4,1
TRA067-001911,2025-10-26,R4,T3,7.1,7.5,47.1,53.2,1
TRA067-001912,2025-10-27,R1,T1,14.3,75.4,,61.4,0
TRA067-001913,2025-10-27,R3,T2,106.7,124.7,176.2,167.7,1
TRA067-001914,2025-10-27,R5,T3,114.1,120.5,172.2,176.2,1
TRA067-001915,2025-10-28,R5,T1,63.9,118.6,96.5,118.5,1
TRA067-001916,2025-10-28,R2,T2,40.5,146.9,79.7,91.6,1
TRA067-001917,2025-10-28,R2,T3,68.2,80.1,104.2,123.4,1
TRA067-001918,2025-10-29,R1,T1,77.1,129.5,138.5,133.7,1
TRA067-001919,2025-10-29,R4,T2,73.1,136.4,125.5,129.1,1
TRA067-001920,2025-10-29,R4,T3,124.5,47.3,193.1,188.2,1
TRA067-001921,2025-10-30,R4,T1,29.2,54.6,49.4,78.6,1
TRA067-001922,2025-10-30,R1,T2,6.5,118.5,59.8,52.5,1
TRA067-001923,2025-10-31,R4,T3,117.5,54.8,164.2,180.1,1
TRA067-001924,2025-10-31,R3,T1,82.2,32.4,,139.5,0
TRA067-001925,2025-10-31,R1,T2,64.6,110.3,,119.3,0
TRA067-001926,2025-11-01,R3,T3,91.6,28.6,118.8,150.3,1
TRA067-001927,2025-11-01,R3,T1,132.8,2.2,159.8,197.7,1
TRA067-001928,2025-11-01,R1,T2,9.0,95.3,9.8,55.4,1
TRA067-001929,2025-11-02,R1,T3,126.7,47.1,195.7,190.7,1
TRA067-001930,2025-11-02,R1,T1,80.1,44.8,122.5,137.1,1
TRA067-001931,2025-11-02,R5,T2,77.7,6.1,112.3,134.4,1
TRA067-001932,2025-11-03,R1,T3,138.8,8.7,191.3,204.6,1
TRA067-001933,2025-11-03,R2,T1,26.4,124.4,64.4,75.4,1
TRA067-001934,2025-11-03,R5,T2,128.7,68.7,187.4,193.0,1
TRA067-001935,2025-11-04,R2,T3,83.8,57.6,103.5,141.4,1
TRA067-001936,2025-11-04,R1,T1,39.8,85.9,81.2,90.8,1
TRA067-001937,2025-11-04,R2,T2,74.8,14.0,102.1,131.0,1
TRA067-001938,2025-11-05,R2,T3,46.3,30.6,113.5,98.2,1
TRA067-001939,2025-11-05,R4,T1,95.6,131.6,125.4,154.9,1
TRA067-001940,2025-11-05,R1,T2,50.7,7.1,93.8,103.3,1
TRA067-001941,2025-11-06,R3,T3,38.0,32.1,69.9,88.7,1
TRA067-001942,2025-11-06,R1,T1,102.1,112.7,135.3,162.4,1
TRA067-001943,2025-11-07,R1,T2,31.2,7.2,53.8,80.9,1
TRA067-001944,2025-11-07,R4,T3,123.9,134.2,208.6,187.5,1
TRA067-001945,2025-11-07,R6,T1,25.3,122.6,78.2,74.1,1
TRA067-001946,2025-11-08,R6,T2,72.4,57.6,95.7,128.3,1
TRA067-001947,2025-11-08,R3,T3,5.5,59.7,,51.3,0
TRA067-001948,2025-11-08,R4,T1,135.9,45.6,163.6,201.3,1
TRA067-001949,2025-11-09,R3,T2,100.5,46.5,153.5,160.6,1
TRA067-001950,2025-11-09,R1,T3,126.2,44.7,181.9,190.1,1
TRA067-001951,2025-11-09,R1,T1,28.4,140.5,65.7,77.7,1
TRA067-001952,2025-11-10,R5,T2,78.8,56.8,106.5,135.6,1
TRA067-001953,2025-11-10,R6,T3,57.8,133.3,114.1,111.5,1
TRA067-001954,2025-11-10,R6,T1,130.5,51.7,171.1,195.1,1
TRA067-001955,2025-11-11,R4,T2,9.2,22.2,55.7,55.6,1
TRA067-001956,2025-11-11,R1,T3,13.0,32.0,5.1,60.0,1
TRA067-001957,2025-11-11,R1,T1,122.0,5.5,155.0,185.3,1
TRA067-001958,2025-11-12,R1,T2,97.7,66.8,143.6,157.4,1
TRA067-001959,2025-11-12,R4,T3,76.9,36.8,66.2,133.4,1
TRA067-001960,2025-11-12,R5,T1,71.2,5.7,69.5,126.9,1
TRA067-001961,2025-11-13,R1,T2,74.7,121.1,94.5,130.9,1
TRA067-001962,2025-11-13,R6,T3,119.8,71.0,169.1,182.8,1
TRA067-001963,2025-11-13,R5,T1,64.2,10.0,80.2,118.8,1
TRA067-001964,2025-11-14,R3,T2,63.0,59.8,116.9,117.4,1
TRA067-001965,2025-11-14,R2,T3,36.9,88.0,73.2,87.4,1
TRA067-001966,2025-11-15,R1,T1,88.7,141.7,136.3,147.0,1
TRA067-001967,2025-11-15,R2,T2,145.2,90.4,193.1,212.0,1
TRA067-001968,2025-11-15,R4,T3,25.8,86.9,61.0,74.7,1
TRA067-001969,2025-11-16,R6,T1,32.6,72.0,43.3,82.5,1
TRA067-001970,2025-11-16,R5,T2,37.5,136.5,75.1,88.1,1
TRA067-001971,2025-11-16,R6,T3,79.9,51.0,,136.9,0
TRA067-001972,2025-11-17,R3,T1,66.2,30.0,70.8,121.1,1
TRA067-001973,2025-11-17,R6,T2,71.8,60.3,89.5,127.6,1
TRA067-001974,2025-11-17,R2,T3,106.1,51.1,164.2,167.0,1
TRA067-001975,2025-11-18,R3,T1,24.1,124.1,72.9,72.7,1
TRA067-001976,2025-11-18,R6,T2,21.1,29.9,33.1,69.3,1
TRA067-001977,2025-11-18,R1,T3,125.8,85.7,176.6,189.7,1
TRA067-001978,2025-11-19,R5,T1,52.4,148.5,97.3,105.3,1
TRA067-001979,2025-11-19,R3,T2,32.6,66.5,45.9,82.5,1
TRA067-001980,2025-11-19,R5,T3,89.8,121.8,141.4,148.3,1
TRA067-001981,2025-11-20,R2,T1,103.2,39.8,144.7,163.7,1
TRA067-001982,2025-11-20,R1,T2,17.6,51.5,23.7,65.2,1
TRA067-001983,2025-11-20,R4,T3,33.0,126.7,70.7,82.9,1
TRA067-001984,2025-11-21,R6,T1,24.1,112.0,47.6,72.7,1
TRA067-001985,2025-11-21,R5,T2,112.0,12.0,173.1,173.8,1
TRA067-001986,2025-11-21,R5,T3,17.1,39.8,36.7,64.7,1
TRA067-001987,2025-11-22,R3,T1,98.9,2.1,121.4,158.7,1
TRA067-001988,2025-11-22,R5,T2,65.0,138.0,103.4,119.8,1
TRA067-001989,2025-11-23,R5,T3,140.3,91.7,209.5,206.3,1
TRA067-001990,2025-11-23,R4,T1,38.2,122.8,83.4,88.9,1
TRA067-001991,2025-11-23,R6,T2,148.4,22.7,208.1,215.7,1
TRA067-001992,2025-11-24,R1,T3,44.8,17.2,67.8,96.5,1
TRA067-001993,2025-11-24,R5,T1,11.8,140.5,,58.6,1
TRA067-001994,2025-11-24,R6,T2,12.6,141.7,47.2,59.5,1
TRA067-001995,2025-11-25,R5,T3,72.6,2.1,96.4,128.5,1
TRA067-001996,2025-11-25,R1,T1,29.7,58.9,58.4,79.2,1
TRA067-001997,2025-11-25,R5,T2,142.8,110.7,227.8,209.2,1
TRA067-001998,2025-11-26,R4,T3,48.2,67.3,,100.4,0
TRA067-001999,2025-11-26,R6,T1,136.1,70.8,144.6,201.5,1
TRA067-002000,2025-11-26,R2,T2,45.4,76.9,100.0,97.2,1
TRA067-002001,2025-11-27,R1,T3,67.1,139.4,120.3,122.2,1
TRA067-002002,2025-11-27,R2,T1,105.3,111.1,138.0,166.1,1
TRA067-002003,2025-11-27,R3,T2,18.4,79.8,71.9,66.2,1
TRA067-002004,2025-11-28,R2,T3,14.5,23.5,23.5,61.7,1
TRA067-002005,2025-11-28,R2,T1,48.0,143.9,102.4,100.2,1
TRA067-002006,2025-11-28,R6,T2,6.8,44.6,5,52.8,1
TRA067-002007,2025-11-29,R3,T3,59.8,87.6,108.5,113.8,1
TRA067-002008,2025-11-29,R1,T1,102.2,106.2,146.7,162.5,1
TRA067-002009,2025-11-29,R1,T2,93.4,66.4,135.2,152.4,1
TRA067-002010,2025-11-30,R1,T3,53.7,105.4,111.8,106.8,1
TRA067-002011,2025-11-30,R1,T1,28.8,117.7,45.9,78.1,1
TRA067-002012,2025-12-01,R2,T2,35.8,73.0,51.1,86.2,1
TRA067-002013,2025-12-01,R3,T3,104.8,89.3,165.0,165.5,1
TRA067-002014,2025-12-01,R4,T1,128.3,6.1,164.0,192.5,1
TRA067-002015,2025-12-02,R4,T2,15.7,25.2,14.8,63.1,1
TRA067-002016,2025-12-02,R1,T3,131.0,46.9,208.1,195.6,1
TRA067-002017,2025-12-02,R6,T1,72.3,146.2,101.4,128.1,1
TRA067-002018,2025-12-03,R4,T2,41.6,96.9,69.1,92.8,1
TRA067-002019,2025-12-03,R1,T3,108.2,120.6,158.7,169.4,1
TRA067-002020,2025-12-03,R3,T1,106.2,62.3,147.8,167.1,1
TRA067-002021,2025-12-04,R6,T2,149.5,109.6,204.3,216.9,1
TRA067-002022,2025-12-04,R1,T3,94.8,41.5,136.4,154.0,1
TRA067-002023,2025-12-04,R4,T1,18.4,32.4,27.5,66.2,1
TRA067-002024,2025-12-05,R6,T2,78.5,13.2,98.5,135.3,1
TRA067-002025,2025-12-05,R4,T3,115.9,142.1,198.6,178.3,1
TRA067-002026,2025-12-05,R3,T1,141.8,85.1,163.7,208.1,1
TRA067-002027,2025-12-06,R2,T2,84.9,104.2,147.7,142.6,1
TRA067-002028,2025-12-06,R5,T3,2.1,130.5,48.5,47.4,1
TRA067-002029,2025-12-06,R1,T1,93.0,37.2,104.3,151.9,1
TRA067-002030,2025-12-07,R2,T2,93.0,21.6,140.5,151.9,1
TRA067-002031,2025-12-07,R1,T3,70.5,95.0,128.3,126.1,1
TRA067-002032,2025-12-07,R6,T1,82.9,94.7,,140.3,0
TRA067-002033,2025-12-08,R2,T2,27.8,91.2,44.0,77.0,1
TRA067-002034,2025-12-08,R2,T3,115.1,54.5,169.6,177.4,1
TRA067-002035,2025-12-09,R2,T1,105.8,61.8,136.7,166.7,1
TRA067-002036,2025-12-09,R1,T2,51.9,127.3,55.5,104.7,1
TRA067-002037,2025-12-09,R5,T3,121.4,143.0,168.9,184.6,1
TRA067-002038,2025-12-10,R4,T1,108.1,145.6,153.4,169.3,1
TRA067-002039,2025-12-10,R5,T2,80.1,120.5,109.0,137.1,1
TRA067-002040,2025-12-10,R6,T3,31.0,62.0,72.1,80.7,1
TRA067-002041,2025-12-11,R4,T1,129.3,69.9,,193.7,0
TRA067-002042,2025-12-11,R1,T2,95.5,110.3,152.6,154.8,1
TRA067-002043,2025-12-11,R6,T3,48.9,9.5,67.3,101.2,1
TRA067-002044,2025-12-12,R1,T1,60.9,4.1,65.7,115.0,1
TRA067-002045,2025-12-12,R1,T2,58.8,70.4,48.6,112.6,1
TRA067-002046,2025-12-12,R3,T3,86.7,93.8,141.5,144.7,1
TRA067-002047,2025-12-13,R4,T1,52.6,144.7,103.6,105.5,1
TRA067-002048,2025-12-13,R1,T2,77.1,92.2,119.3,133.7,1
TRA067-002049,2025-12-13,R1,T3,68.8,94.6,106.5,124.1,1
TRA067-002050,2025-12-14,R3,T1,40.6,36.1,81.9,91.7,1
TRA067-002051,2025-12-14,R1,T2,138.9,84.6,167.1,204.7,1
TRA067-002052,2025-12-14,R4,T3,106.3,120.2,179.5,167.2,1
TRA067-002053,2025-12-15,R3,T1,31.0,9.6,43.4,80.7,1
TRA067-002054,2025-12-15,R3,T2,30.8,107.5,78.9,80.4,1
TRA067-002055,2025-12-15,R4,T3,118.3,133.1,196.0,181.0,1
TRA067-002056,2025-12-16,R2,T1,32.2,76.7,32.0,82.0,1
TRA067-002057,2025-12-16,R5,T2,149.8,25.2,193.3,217.3,1
TRA067-002058,2025-12-17,R1,T3,46.4,58.9,74.4,98.4,1
TRA067-002059,2025-12-17,R6,T1,47.2,121.3,97.2,99.3,1
TRA067-002060,2025-12-17,R1,T2,103.1,114.8,147.3,163.6,1
TRA067-002061,2025-12-18,R1,T3,147.5,27.1,209.4,214.6,1
TRA067-002062,2025-12-18,R5,T1,110.2,117.2,163.3,171.7,1
TRA067-002063,2025-12-18,R2,T2,100.4,59.7,140.5,160.5,1
TRA067-002064,2025-12-19,R3,T3,148.9,100.9,217.5,216.2,1
TRA067-002065,2025-12-19,R5,T1,105.5,102.3,134.9,166.3,1
TRA067-002066,2025-12-19,R4,T2,86.3,19.6,121.2,144.2,1
TRA067-002067,2025-12-20,R6,T3,134.7,29.2,168.0,199.9,1
TRA067-002068,2025-12-20,R2,T1,70.3,144.4,92.4,125.8,1
TRA067-002069,2025-12-20,R3,T2,81.1,23.0,106.4,138.3,1
TRA067-002070,2025-12-21,R5,T3,127.9,39.6,190.9,192.1,1
TRA067-002071,2025-12-21,R5,T1,118.3,2.1,154.2,181.0,1
TRA067-002072,2025-12-21,R2,T2,3.6,148.3,36.9,49.1,1
TRA067-002073,2025-12-22,R4,T3,139.8,67.3,218.7,205.8,1
TRA067-002074,2025-12-22,R5,T1,122.1,141.6,186.4,185.4,1
TRA067-002075,2025-12-22,R1,T2,63.1,23.3,75.3,117.6,1
TRA067-002076,2025-12-23,R6,T3,62.3,148.6,,116.6,1
TRA067-002077,2025-12-23,R1,T1,37.5,72.5,75.4,88.1,1
TRA067-002078,2025-12-23,R6,T2,73.9,19.9,101.5,130.0,1
TRA067-002079,2025-12-24,R4,T3,140.1,33.7,224.4,206.1,1
TRA067-002080,2025-12-24,R2,T1,143.1,86.4,150.2,209.6,1
TRA067-002081,2025-12-25,R3,T2,82.3,38.1,92.4,139.6,1
TRA067-002082,2025-12-25,R4,T3,127.3,111.8,209.0,191.4,1
TRA067-002083,2025-12-25,R5,T1,115.1,88.8,156.6,177.4,1
TRA067-002084,2025-12-26,R5,T2,94.7,103.3,141.9,153.9,1
TRA067-002085,2025-12-26,R6,T3,5.8,99.7,29.2,51.7,1
TRA067-002086,2025-12-26,R5,T1,113.4,41.7,155.8,175.4,1
TRA067-002087,2025-12-27,R6,T2,109.5,65.6,140.7,170.9,1
TRA067-002088,2025-12-27,R5,T3,31.1,84.4,77.5,80.8,1
TRA067-002089,2025-12-27,R2,T1,119.9,99.4,158.2,182.9,1
TRA067-002090,2025-12-28,R2,T2,111.5,6.4,156.6,173.2,1
TRA067-002091,2025-12-28,R1,T3,130.6,116.2,212.4,195.2,1
TRA067-002092,2025-12-28,R1,T1,12.2,29.9,43.2,59.0,1
TRA067-002093,2025-12-29,R5,T2,63.5,149.1,140.0,118.0,1
TRA067-002094,2025-12-29,R2,T3,68.1,146.1,137.1,123.3,1
TRA067-002095,2025-12-29,R3,T1,51.6,16.8,72.4,104.3,1
TRA067-002096,2025-12-30,R4,T2,11.6,137.3,49.6,58.3,1
TRA067-002097,2025-12-30,R3,T3,110.4,25.9,138.8,172.0,1
TRA067-002098,2025-12-30,R2,T1,137.0,38.8,182.6,202.5,1
TRA067-002099,2025-12-31,R2,T2,60.0,97.1,88.2,114.0,1
TRA067-002100,2025-12-31,R1,T3,92.7,27.0,129.5,151.6,1
TRA067-001277,2025-03-20,R2,T2,23.3,123.2,74.9,71.8,1
TRA067-001098,2025-01-16,R5,T3,18.5,136.6,66.9,66.3,1
TRA067-001446,2025-05-17,R3,T3,53.9,134.1,120.6,107.0,1
TRA067-000561,2024-07-13,R3,T3,126.0,137.3,191.8,174.9,1
TRA067-000181,2024-03-03,R4,T1,125.1,16.0,138.5,173.9,1
TRA067-000874,2024-10-30,R2,T1,47.3,15.7,23.0,84.4,1
TRA067-001164,2025-02-08,R6,T3,130.5,95.1,,195.1,0
