registro_id,fecha,ruta,transportista,distancia_km,carga_kg,tiempo_min,prometido_min,entregado
TRA096-000001,2024-01-01,R5,T1,128.8,30.9,162.4,178.1,1
TRA096-000002,2024-01-01,R5,T2,119.1,125.1,143.6,167.0,1
TRA096-000003,2024-01-01,R1,T3,42.4,86.8,84.7,78.8,1
TRA096-000004,2024-01-01,R1,T1,37.5,119.8,62.7,73.1,1
TRA096-000005,2024-01-01,R5,T2,13.2,118.5,49.2,45.2,1
TRA096-000006,2024-01-01,R6,T3,76.2,132.2,154.9,117.6,1
TRA096-000007,2024-01-01,R6,T1,73.8,123.4,89.4,114.9,1
TRA096-000008,2024-01-02,R3,T2,88.3,7.4,109.2,131.5,1
TRA096-000009,2024-01-02,R6,T3,83.1,107.2,140.7,125.6,1
TRA096-000010,2024-01-02,R6,T1,116.5,78.2,146.8,164.0,1
TRA096-000011,2024-01-02,R6,T2,72.1,77.4,119.7,112.9,1
TRA096-000012,2024-01-02,R2,T3,108.1,75.0,150.8,154.3,1
TRA096-000013,2024-01-02,R2,T1,31.2,147.7,73.0,65.9,1
TRA096-000014,2024-01-03,R4,T2,7.6,2.2,25.1,38.7,1
TRA096-000015,2024-01-03,R2,T3,32.2,18.2,37.0,67.0,1
TRA096-000016,2024-01-03,R6,T1,29.9,92.1,46.5,64.4,1
TRA096-000017,2024-01-03,R5,T2,55.1,103.4,79.9,93.4,1
TRA096-000018,2024-01-03,R6,T3,69.4,29.0,113.0,109.8,1
TRA096-000019,2024-01-03,R1,T1,58.3,125.9,92.9,97.0,1
TRA096-000020,2024-01-04,R2,T2,78.0,86.5,120.3,119.7,1
TRA096-000021,2024-01-04,R4,T3,142.8,149.1,244.2,194.2,1
TRA096-000022,2024-01-04,R1,T1,57.9,122.9,100.6,96.6,1
TRA096-000023,2024-01-04,R5,T2,83.0,34.4,125.3,125.4,1
TRA096-000024,2024-01-04,R1,T3,132.9,122.9,214.5,182.8,1
TRA096-000025,2024-01-04,R4,T1,91.0,60.1,115.6,134.6,1
TRA096-000026,2024-01-05,R5,T2,43.4,51.9,94.5,79.9,1
TRA096-000027,2024-01-05,R5,T3,58.7,31.0,74.1,97.5,1
TRA096-000028,2024-01-05,R3,T1,117.5,6.8,131.5,165.1,1
TRA096-000029,2024-01-05,R2,T2,109.9,8.7,113.0,156.4,1
TRA096-000030,2024-01-05,R3,T3,36.5,136.4,87.9,72.0,1
TRA096-000031,2024-01-05,R1,T1,97.2,9.0,128.3,141.8,1
TRA096-000032,2024-01-06,R2,T2,40.1,81.7,64.6,76.1,1
TRA096-000033,2024-01-06,R5,T3,23.7,126.4,71.8,57.3,1
TRA096-000034,2024-01-06,R5,T1,107.2,1.6,108.5,153.3,1
TRA096-000035,2024-01-06,R5,T2,111.3,41.6,158.1,158.0,1
TRA096-000036,2024-01-06,R6,T3,60.4,93.6,102.3,99.5,1
TRA096-000037,2024-01-06,R5,T1,24.8,143.7,37.9,58.5,1
TRA096-000038,2024-01-07,R5,T2,118.9,107.6,188.4,166.7,1
TRA096-000039,2024-01-07,R1,T3,21.9,86.8,41.5,55.2,1
TRA096-000040,2024-01-07,R2,T1,19.9,131.2,40.7,52.9,1
TRA096-000041,2024-01-07,R5,T2,18.3,144.6,78.6,51.0,1
TRA096-000042,2024-01-07,R1,T3,56.8,15.8,78.3,95.3,1
TRA096-000043,2024-01-07,R2,T1,137.9,73.7,145.8,188.6,1
TRA096-000044,2024-01-07,R3,T2,149.6,15.8,177.8,202.0,1
TRA096-000045,2024-01-08,R4,T3,99.5,93.1,163.2,144.4,1
TRA096-000046,2024-01-08,R2,T1,93.2,105.8,132.9,137.2,1
TRA096-000047,2024-01-08,R2,T2,41.7,80.3,70.3,78.0,1
TRA096-000048,2024-01-08,R3,T3,36.5,60.7,,72.0,0
TRA096-000049,2024-01-08,R5,T1,117.8,33.0,,165.5,0
TRA096-000050,2024-01-08,R6,T2,126.8,99.3,,175.8,0
TRA096-000051,2024-01-09,R3,T3,81.7,52.4,,124.0,0
TRA096-000052,2024-01-09,R6,T1,7.8,134.8,65.2,39.0,1
TRA096-000053,2024-01-09,R5,T2,112.1,46.5,183.8,158.9,1
TRA096-000054,2024-01-09,R2,T3,130.9,108.8,218.8,180.5,1
TRA096-000055,2024-01-09,R4,T1,144.9,119.0,203.7,196.6,1
TRA096-000056,2024-01-09,R4,T2,137.0,94.2,153.4,187.5,1
TRA096-000057,2024-01-10,R4,T3,142.5,86.1,218.5,193.9,1
TRA096-000058,2024-01-10,R4,T1,113.7,84.6,161.6,160.8,1
TRA096-000059,2024-01-10,R3,T2,64.2,22.8,64.5,103.8,1
TRA096-000060,2024-01-10,R4,T3,120.2,45.3,,168.2,0
TRA096-000061,2024-01-10,R3,T1,129.5,58.3,173.4,178.9,1
TRA096-000062,2024-01-10,R2,T2,77.4,79.7,127.9,119.0,1
TRA096-000063,2024-01-11,R1,T3,33.8,37.5,85.1,68.9,1
TRA096-000064,2024-01-11,R2,T1,122.1,56.7,155.3,170.4,1
TRA096-000065,2024-01-11,R1,T2,48.7,50.2,,86.0,0
TRA096-000066,2024-01-11,R3,T3,18.7,4.1,48.4,51.5,1
TRA096-000067,2024-01-11,R2,T1,61.8,126.8,88.2,101.1,1
TRA096-000068,2024-01-11,R2,T2,87.7,66.3,145.8,130.9,1
TRA096-000069,2024-01-12,R5,T3,131.0,30.0,173.2,180.6,1
TRA096-000070,2024-01-12,R5,T1,75.9,47.6,74.0,117.3,1
TRA096-000071,2024-01-12,R5,T2,115.2,97.8,162.8,162.5,1
TRA096-000072,2024-01-12,R1,T3,93.8,6.4,,137.9,0
TRA096-000073,2024-01-12,R5,T1,38.1,13.2,,73.8,0
TRA096-000074,2024-01-12,R3,T2,132.0,123.3,200.3,181.8,1
TRA096-000075,2024-01-13,R1,T3,26.1,67.3,34.1,60.0,1
TRA096-000076,2024-01-13,R2,T1,4.2,122.8,41.9,34.8,1
TRA096-000077,2024-01-13,R3,T2,136.8,130.0,178.7,187.3,1
TRA096-000078,2024-01-13,R5,T3,16.1,37.8,40.8,48.5,1
TRA096-000079,2024-01-13,R4,T1,105.1,40.9,119.2,150.9,1
TRA096-000080,2024-01-13,R5,T2,58.8,21.5,63.3,97.6,1
TRA096-000081,2024-01-13,R6,T3,57.4,117.3,76.1,96.0,1
TRA096-000082,2024-01-14,R1,T1,89.8,18.3,92.5,133.3,1
TRA096-000083,2024-01-14,R5,T2,24.7,108.7,46.0,58.4,1
TRA096-000084,2024-01-14,R1,T3,31.3,73.4,,66.0,1
TRA096-000085,2024-01-14,R1,T1,85.1,104.0,,127.9,0
TRA096-000086,2024-01-14,R6,T2,19.9,49.9,59.1,52.9,1
TRA096-000087,2024-01-14,R5,T3,3.1,12.8,43.1,33.6,1
TRA096-000088,2024-01-15,R5,T1,145.3,141.6,178.5,197.1,1
TRA096-000089,2024-01-15,R5,T2,116.6,63.9,137.7,164.1,1
TRA096-000090,2024-01-15,R6,T3,70.0,80.4,119.3,110.5,1
TRA096-000091,2024-01-15,R3,T1,29.7,39.0,42.7,64.2,1
TRA096-000092,2024-01-15,R6,T2,120.2,27.8,146.0,168.2,1
TRA096-000093,2024-01-15,R1,T3,115.9,131.9,182.7,163.3,1
TRA096-000094,2024-01-16,R4,T1,55.3,125.0,95.6,93.6,1
TRA096-000095,2024-01-16,R6,T2,88.7,127.7,135.8,132.0,1
TRA096-000096,2024-01-16,R2,T3,108.1,103.8,167.4,154.3,1
TRA096-000097,2024-01-16,R4,T1,118.4,47.2,106.9,166.2,1
TRA096-000098,2024-01-16,R5,T2,104.1,107.6,158.9,149.7,1
TRA096-000099,2024-01-16,R1,T3,103.4,91.5,184.7,148.9,1
TRA096-000100,2024-01-17,R5,T1,3.7,9.4,26.2,34.3,1
TRA096-000101,2024-01-17,R6,T2,130.7,86.0,167.2,180.3,1
TRA096-000102,2024-01-17,R4,T3,28.4,132.4,74.1,62.7,1
TRA096-000103,2024-01-17,R1,T1,62.5,36.4,77.8,101.9,1
TRA096-000104,2024-01-17,R3,T2,144.5,50.3,202.3,196.2,1
TRA096-000105,2024-01-17,R5,T3,93.3,39.3,148.3,137.3,1
TRA096-000106,2024-01-18,R5,T1,99.9,126.7,126.8,144.9,1
TRA096-000107,2024-01-18,R4,T2,85.6,70.2,119.3,128.4,1
TRA096-000108,2024-01-18,R6,T3,114.2,60.2,165.2,161.3,1
TRA096-000109,2024-01-18,R6,T1,22.2,124.2,51.7,55.5,1
TRA096-000110,2024-01-18,R4,T2,8.3,11.5,5,39.5,1
TRA096-000111,2024-01-18,R4,T3,119.7,117.9,164.6,167.7,1
TRA096-000112,2024-01-19,R1,T1,34.4,43.0,61.1,69.6,1
TRA096-000113,2024-01-19,R4,T2,28.3,129.8,64.6,62.5,1
TRA096-000114,2024-01-19,R6,T3,71.3,12.2,96.8,112.0,1
TRA096-000115,2024-01-19,R3,T1,49.3,68.1,76.2,86.7,1
TRA096-000116,2024-01-19,R2,T2,15.0,50.1,39.2,47.2,1
TRA096-000117,2024-01-19,R1,T3,131.7,38.4,184.1,181.5,1
TRA096-000118,2024-01-20,R5,T1,63.8,19.3,50.9,103.4,1
TRA096-000119,2024-01-20,R1,T2,72.5,3.0,105.9,113.4,1
TRA096-000120,2024-01-20,R5,T3,129.5,24.2,193.8,178.9,1
TRA096-000121,2024-01-20,R6,T1,90.3,18.6,112.8,133.8,1
TRA096-000122,2024-01-20,R5,T2,104.0,95.2,140.5,149.6,1
TRA096-000123,2024-01-20,R5,T3,129.3,137.9,200.5,178.7,1
TRA096-000124,2024-01-20,R3,T1,124.3,7.5,154.2,172.9,1
TRA096-000125,2024-01-21,R5,T2,122.4,27.2,132.5,170.8,1
TRA096-000126,2024-01-21,R1,T3,107.0,84.0,140.7,153.1,1
TRA096-000127,2024-01-21,R4,T1,74.0,126.4,114.9,115.1,1
TRA096-000128,2024-01-21,R5,T2,47.7,43.2,82.6,84.9,1
TRA096-000129,2024-01-21,R4,T3,75.2,126.6,130.3,116.5,1
TRA096-000130,2024-01-21,R1,T1,62.5,37.0,99.4,101.9,1
TRA096-000131,2024-01-22,R4,T2,10.3,127.7,54.8,41.8,1
TRA096-000132,2024-01-22,R5,T3,34.1,96.3,90.9,69.2,1
TRA096-000133,2024-01-22,R4,T1,6.2,18.1,34.1,37.1,1
TRA096-000134,2024-01-22,R4,T2,83.2,139.4,146.1,125.7,1
TRA096-000135,2024-01-22,R4,T3,125.8,76.5,197.7,174.7,1
TRA096-000136,2024-01-22,R5,T1,81.6,144.7,122.3,123.8,1
TRA096-000137,2024-01-23,R3,T2,143.8,86.2,173.6,195.4,1
TRA096-000138,2024-01-23,R3,T3,40.8,48.1,59.2,76.9,1
TRA096-000139,2024-01-23,R3,T1,33.6,101.0,78.2,68.6,1
TRA096-000140,2024-01-23,R6,T2,23.6,43.2,46.4,57.1,1
TRA096-000141,2024-01-23,R5,T3,94.5,113.6,158.6,138.7,1
TRA096-000142,2024-01-23,R5,T1,44.1,101.0,76.0,80.7,1
TRA096-000143,2024-01-24,R4,T2,64.1,3.3,91.7,103.7,1
TRA096-000144,2024-01-24,R3,T3,94.8,104.1,164.5,139.0,1
TRA096-000145,2024-01-24,R5,T1,81.7,38.9,106.6,124.0,1
TRA096-000146,2024-01-24,R3,T2,64.1,25.9,90.0,103.7,1
TRA096-000147,2024-01-24,R1,T3,80.7,48.3,149.1,122.8,1
TRA096-000148,2024-01-24,R4,T1,59.0,26.1,56.7,97.8,1
TRA096-000149,2024-01-25,R3,T2,46.2,3.4,,83.1,0
TRA096-000150,2024-01-25,R5,T3,14.5,135.7,36.7,46.7,1
TRA096-000151,2024-01-25,R6,T1,124.3,134.5,160.0,172.9,1
TRA096-000152,2024-01-25,R4,T2,85.5,22.3,104.2,128.3,1
TRA096-000153,2024-01-25,R3,T3,95.1,11.5,134.6,139.4,1
TRA096-000154,2024-01-25,R5,T1,126.7,136.5,180.0,175.7,1
TRA096-000155,2024-01-26,R1,T2,40.2,20.7,66.8,76.2,1
TRA096-000156,2024-01-26,R2,T3,17.9,50.4,,50.6,0
TRA096-000157,2024-01-26,R5,T1,28.7,43.1,56.4,63.0,1
TRA096-000158,2024-01-26,R4,T2,66.2,54.6,82.2,106.1,1
TRA096-000159,2024-01-26,R3,T3,73.9,149.2,124.0,115.0,1
TRA096-000160,2024-01-26,R3,T1,31.8,13.6,61.6,66.6,1
TRA096-000161,2024-01-26,R6,T2,12.4,102.8,40.9,44.3,1
TRA096-000162,2024-01-27,R2,T3,19.4,118.0,64.5,52.3,1
TRA096-000163,2024-01-27,R3,T1,9.7,16.3,54.2,41.2,1
TRA096-000164,2024-01-27,R2,T2,91.3,11.5,157.7,135.0,1
TRA096-000165,2024-01-27,R2,T3,4.9,49.4,35.4,35.6,1
TRA096-000166,2024-01-27,R4,T1,122.6,90.0,155.6,171.0,1
TRA096-000167,2024-01-27,R1,T2,118.1,1.3,,165.8,1
TRA096-000168,2024-01-28,R3,T3,81.5,113.8,101.6,123.7,1
TRA096-000169,2024-01-28,R5,T1,24.5,120.0,59.9,58.2,1
TRA096-000170,2024-01-28,R5,T2,98.0,50.5,141.4,142.7,1
TRA096-000171,2024-01-28,R5,T3,26.8,44.6,68.9,60.8,1
TRA096-000172,2024-01-28,R4,T1,77.0,88.6,107.2,118.5,1
TRA096-000173,2024-01-28,R4,T2,123.8,105.9,186.8,172.4,1
TRA096-000174,2024-01-29,R4,T3,130.5,15.9,190.0,180.1,1
TRA096-000175,2024-01-29,R6,T1,136.6,88.6,134.5,187.1,1
TRA096-000176,2024-01-29,R6,T2,93.0,82.6,140.8,136.9,1
TRA096-000177,2024-01-29,R2,T3,8.8,73.5,53.9,40.1,1
TRA096-000178,2024-01-29,R3,T1,72.2,25.4,90.0,113.0,1
TRA096-000179,2024-01-29,R3,T2,16.6,105.6,62.8,49.1,1
TRA096-000180,2024-01-30,R4,T3,127.3,146.7,202.8,176.4,1
TRA096-000181,2024-01-30,R4,T1,86.0,26.8,115.6,128.9,1
TRA096-000182,2024-01-30,R2,T2,72.8,42.6,90.0,113.7,1
TRA096-000183,2024-01-30,R4,T3,31.6,38.8,65.9,66.3,1
TRA096-000184,2024-01-30,R1,T1,86.6,108.0,120.5,129.6,1
TRA096-000185,2024-01-30,R1,T2,87.7,89.0,138.4,130.9,1
TRA096-000186,2024-01-31,R6,T3,137.7,6.7,211.3,188.4,1
TRA096-000187,2024-01-31,R5,T1,22.3,70.7,41.2,55.6,1
TRA096-000188,2024-01-31,R6,T2,27.6,69.6,42.7,61.7,1
TRA096-000189,2024-01-31,R2,T3,130.5,72.1,172.3,180.1,1
TRA096-000190,2024-01-31,R4,T1,145.9,102.0,,197.8,0
TRA096-000191,2024-01-31,R6,T2,23.7,110.5,43.0,57.3,1
TRA096-000192,2024-02-01,R5,T3,105.5,61.3,146.6,151.3,1
TRA096-000193,2024-02-01,R3,T1,26.1,129.4,84.4,60.0,1
TRA096-000194,2024-02-01,R1,T2,122.0,50.5,168.0,170.3,1
TRA096-000195,2024-02-01,R3,T3,53.5,148.8,108.1,91.5,1
TRA096-000196,2024-02-01,R6,T1,80.7,134.3,132.3,122.8,1
TRA096-000197,2024-02-01,R2,T2,127.2,140.7,201.0,176.3,1
TRA096-000198,2024-02-02,R1,T3,67.4,74.9,121.9,107.5,1
TRA096-000199,2024-02-02,R4,T1,95.6,86.3,162.3,139.9,1
TRA096-000200,2024-02-02,R3,T2,147.4,70.8,186.0,199.5,1
TRA096-000201,2024-02-02,R3,T3,92.8,107.4,164.2,136.7,1
TRA096-000202,2024-02-02,R4,T1,108.0,99.8,139.7,154.2,1
TRA096-000203,2024-02-02,R1,T2,77.5,21.5,116.6,119.1,1
TRA096-000204,2024-02-02,R6,T3,101.8,64.9,149.0,147.1,1
TRA096-000205,2024-02-03,R1,T1,36.7,132.2,77.2,72.2,1
TRA096-000206,2024-02-03,R2,T2,107.4,89.4,159.5,153.5,1
TRA096-000207,2024-02-03,R4,T3,52.8,11.8,45.1,90.7,1
TRA096-000208,2024-02-03,R2,T1,34.5,92.9,63.0,69.7,1
TRA096-000209,2024-02-03,R6,T2,145.1,30.2,183.5,196.9,1
TRA096-000210,2024-02-03,R5,T3,19.4,109.9,44.7,52.3,1
TRA096-000211,2024-02-04,R1,T1,126.2,88.4,142.0,175.1,1
TRA096-000212,2024-02-04,R1,T2,117.0,87.8,"157,2",164.5,1
TRA096-000213,2024-02-04,R5,T3,85.4,19.3,115.8,128.2,1
TRA096-000214,2024-02-04,R4,T1,57.0,81.9,109.9,95.5,1
TRA096-000215,2024-02-04,R6,T2,126.3,24.1,151.9,175.2,1
TRA096-000216,2024-02-04,R4,T3,89.2,28.7,,132.6,0
TRA096-000217,2024-02-05,R5,T1,45.4,42.1,38.8,82.2,1
TRA096-000218,2024-02-05,R2,T2,6.5,148.0,49.5,37.5,1
TRA096-000219,2024-02-05,R5,T3,73.9,114.1,,115.0,0
TRA096-000220,2024-02-05,R1,T1,135.0,120.0,158.8,185.2,1
TRA096-000221,2024-02-05,R5,T2,82.5,98.0,134.6,124.9,1
TRA096-000222,2024-02-05,R1,T3,125.8,7.2,158.5,174.7,1
TRA096-000223,2024-02-06,R6,T1,46.1,23.3,82.5,83.0,1
TRA096-000224,2024-02-06,R4,T2,122.8,53.1,161.1,171.2,1
TRA096-000225,2024-02-06,R6,T3,119.2,41.2,179.6,167.1,1
TRA096-000226,2024-02-06,R4,T1,38.5,90.7,54.6,74.3,1
TRA096-000227,2024-02-06,R6,T2,17.4,134.7,75.2,50.0,1
TRA096-000228,2024-02-06,R3,T3,46.5,132.8,110.5,83.5,1
TRA096-000229,2024-02-07,R1,T1,111.3,87.3,115.6,158.0,1
TRA096-000230,2024-02-07,R6,T2,76.6,46.8,114.7,118.1,1
TRA096-000231,2024-02-07,R2,T3,73.6,71.5,98.0,114.6,1
TRA096-000232,2024-02-07,R2,T1,19.0,71.1,22.9,51.8,1
TRA096-000233,2024-02-07,R5,T2,102.6,2.5,145.7,148.0,1
TRA096-000234,2024-02-07,R4,T3,10.7,9.9,7.8,42.3,1
TRA096-000235,2024-02-08,R6,T1,82.8,76.5,105.2,125.2,1
TRA096-000236,2024-02-08,R4,T2,54.6,49.1,69.2,92.8,1
TRA096-000237,2024-02-08,R4,T3,92.0,49.2,137.1,135.8,1
TRA096-000238,2024-02-08,R3,T1,123.0,145.1,173.0,171.4,1
TRA096-000239,2024-02-08,R5,T2,84.3,44.6,122.6,126.9,1
TRA096-000240,2024-02-08,R2,T3,30.8,81.5,66.6,65.4,1
TRA096-000241,2024-02-08,R4,T1,137.7,38.6,136.0,188.4,1
TRA096-000242,2024-02-09,R2,T2,25.0,52.7,47.2,58.8,1
TRA096-000243,2024-02-09,R4,T3,10.7,32.6,80.6,42.3,1
TRA096-000244,2024-02-09,R4,T1,30.9,135.0,77.8,65.5,1
TRA096-000245,2024-02-09,R2,T2,91.3,139.5,109.1,135.0,1
TRA096-000246,2024-02-09,R2,T3,72.5,100.8,118.5,113.4,1
TRA096-000247,2024-02-09,R5,T1,65.6,51.7,128.5,105.4,1
TRA096-000248,2024-02-10,R5,T2,139.6,121.9,179.8,190.5,1
TRA096-000249,2024-02-10,R1,T3,77.1,114.3,147.1,118.7,1
TRA096-000250,2024-02-10,R2,T1,17.1,101.0,,49.7,1
TRA096-000251,2024-02-10,R1,T2,18.1,20.8,27.5,50.8,1
TRA096-000252,2024-02-10,R1,T3,115.5,112.1,186.1,162.8,1
TRA096-000253,2024-02-10,R4,T1,72.2,8.5,95.1,113.0,1
TRA096-000254,2024-02-11,R3,T2,24.4,56.6,22.6,58.1,1
TRA096-000255,2024-02-11,R2,T3,133.9,45.1,185.7,184.0,1
TRA096-000256,2024-02-11,R2,T1,51.5,50.0,73.5,89.2,1
TRA096-000257,2024-02-11,R5,T2,89.7,102.9,105.6,133.2,1
TRA096-000258,2024-02-11,R5,T3,104.1,42.1,155.2,149.7,1
TRA096-000259,2024-02-11,R6,T1,89.2,58.7,118.9,132.6,1
TRA096-000260,2024-02-12,R6,T2,85.9,22.7,121.8,128.8,1
TRA096-000261,2024-02-12,R1,T3,71.0,12.9,,111.6,0
TRA096-000262,2024-02-12,R6,T1,115.3,32.4,147.5,162.6,1
TRA096-000263,2024-02-12,R1,T2,83.9,38.4,90.0,126.5,1
TRA096-000264,2024-02-12,R2,T3,41.5,73.9,83.0,77.7,1
TRA096-000265,2024-02-12,R2,T1,26.8,140.8,74.9,60.8,1
TRA096-000266,2024-02-13,R6,T2,48.4,4.3,62.1,85.7,1
TRA096-000267,2024-02-13,R5,T3,64.6,90.5,92.6,104.3,1
TRA096-000268,2024-02-13,R6,T1,19.6,68.9,34.0,52.5,1
TRA096-000269,2024-02-13,R6,T2,37.1,69.2,49.9,72.7,1
TRA096-000270,2024-02-13,R2,T3,74.6,82.4,123.7,115.8,1
TRA096-000271,2024-02-13,R1,T1,21.7,47.7,59.8,55.0,1
TRA096-000272,2024-02-14,R3,T2,62.9,140.6,107.2,102.3,1
TRA096-000273,2024-02-14,R2,T3,40.5,53.8,76.4,76.6,1
TRA096-000274,2024-02-14,R2,T1,79.8,14.4,99.3,121.8,1
TRA096-000275,2024-02-14,R4,T2,113.2,79.8,172.7,160.2,1
TRA096-000276,2024-02-14,R5,T3,138.0,23.4,209.6,188.7,1
TRA096-000277,2024-02-14,R1,T1,57.2,79.8,86.1,95.8,1
TRA096-000278,2024-02-14,R1,T2,83.1,33.3,107.7,125.6,1
TRA096-000279,2024-02-15,R2,T3,106.5,70.7,162.1,152.5,1
TRA096-000280,2024-02-15,R6,T1,96.5,32.0,105.2,141.0,1
TRA096-000281,2024-02-15,R3,T2,9.0,43.8,28.3,40.4,1
TRA096-000282,2024-02-15,R4,T3,77.2,48.4,116.6,118.8,1
TRA096-000283,2024-02-15,R5,T1,106.2,4.8,,152.1,0
TRA096-000284,2024-02-15,R6,T2,86.6,87.2,114.4,129.6,1
TRA096-000285,2024-02-16,R2,T3,102.8,149.8,171.1,148.2,1
TRA096-000286,2024-02-16,R1,T1,109.4,76.8,123.9,155.8,1
TRA096-000287,2024-02-16,R2,T2,9.5,12.9,21.5,40.9,1
TRA096-000288,2024-02-16,R1,T3,119.5,124.7,207.6,167.4,1
TRA096-000289,2024-02-16,R2,T1,145.3,54.9,203.3,197.1,1
TRA096-000290,2024-02-16,R6,T2,81.8,21.6,93.8,124.1,1
TRA096-000291,2024-02-17,R5,T3,147.7,13.1,199.0,199.9,1
TRA096-000292,2024-02-17,R2,T1,93.7,115.9,159.6,137.8,1
TRA096-000293,2024-02-17,R3,T2,68.2,67.2,,108.4,0
TRA096-000294,2024-02-17,R6,T3,52.3,19.7,85.6,90.1,1
TRA096-000295,2024-02-17,R5,T1,108.7,49.2,111.7,155.0,1
TRA096-000296,2024-02-17,R6,T2,95.6,88.8,157.3,139.9,1
TRA096-000297,2024-02-18,R4,T3,130.9,26.6,172.2,180.5,1
TRA096-000298,2024-02-18,R2,T1,103.4,59.6,,148.9,0
TRA096-000299,2024-02-18,R5,T2,107.4,15.7,154.7,153.5,1
TRA096-000300,2024-02-18,R4,T3,72.1,82.5,,112.9,0
TRA096-000301,2024-02-18,R6,T1,5.1,26.9,5,35.9,1
TRA096-000302,2024-02-18,R3,T2,30.4,63.1,42.1,65.0,1
TRA096-000303,2024-02-19,R2,T3,6.2,121.8,27.4,37.1,1
TRA096-000304,2024-02-19,R1,T1,40.9,63.4,60.0,77.0,1
TRA096-000305,2024-02-19,R1,T2,124.9,7.5,164.9,173.6,1
TRA096-000306,2024-02-19,R4,T3,40.6,93.1,39.6,76.7,1
TRA096-000307,2024-02-19,R4,T1,38.2,136.5,34.5,73.9,1
TRA096-000308,2024-02-19,R1,T2,40.9,97.6,87.0,77.0,1
TRA096-000309,2024-02-20,R3,T3,16.0,31.8,43.1,48.4,1
TRA096-000310,2024-02-20,R1,T1,115.7,84.0,144.2,163.1,1
TRA096-000311,2024-02-20,R2,T2,89.9,31.7,125.4,133.4,1
TRA096-000312,2024-02-20,R6,T3,69.7,82.9,88.3,110.2,1
TRA096-000313,2024-02-20,R2,T1,148.0,21.9,190.4,200.2,1
TRA096-000314,2024-02-20,R5,T2,145.7,137.1,195.8,197.6,1
TRA096-000315,2024-02-21,R3,T3,42.7,49.8,65.9,79.1,1
TRA096-000316,2024-02-21,R6,T1,121.2,109.1,173.5,169.4,1
TRA096-000317,2024-02-21,R2,T2,31.3,141.3,44.2,66.0,1
TRA096-000318,2024-02-21,R1,T3,88.3,54.8,122.0,131.5,1
TRA096-000319,2024-02-21,R6,T1,33.7,135.6,76.7,68.8,1
TRA096-000320,2024-02-21,R1,T2,127.0,55.7,187.1,176.0,1
TRA096-000321,2024-02-21,R6,T3,30.3,24.7,63.5,64.8,1
TRA096-000322,2024-02-22,R2,T1,72.0,95.9,109.6,112.8,1
TRA096-000323,2024-02-22,R2,T2,109.5,58.8,134.2,155.9,1
TRA096-000324,2024-02-22,R3,T3,79.1,27.9,105.1,121.0,1
TRA096-000325,2024-02-22,R1,T1,26.7,148.0,90.2,60.7,1
TRA096-000326,2024-02-22,R4,T2,128.6,92.0,163.1,177.9,1
TRA096-000327,2024-02-22,R4,T3,82.7,106.4,122.5,125.1,1
TRA096-000328,2024-02-23,R2,T1,63.2,72.0,91.5,102.7,1
TRA096-000329,2024-02-23,R2,T2,142.2,138.6,190.8,193.5,1
TRA096-000330,2024-02-23,R6,T3,111.4,27.6,144.7,158.1,1
TRA096-000331,2024-02-23,R6,T1,124.7,133.2,,173.4,0
TRA096-000332,2024-02-23,R4,T2,51.0,84.1,60.3,88.7,1
TRA096-000333,2024-02-23,R3,T3,70.4,90.0,,111.0,1
TRA096-000334,2024-02-24,R2,T1,95.5,80.5,136.7,139.8,1
TRA096-000335,2024-02-24,R5,T2,94.4,42.8,150.2,138.6,1
TRA096-000336,2024-02-24,R1,T3,106.3,147.7,178.1,152.2,1
TRA096-000337,2024-02-24,R5,T1,147.8,107.7,212.7,200.0,1
TRA096-000338,2024-02-24,R6,T2,12.6,109.1,51.2,44.5,1
TRA096-000339,2024-02-24,R3,T3,50.0,43.9,72.6,87.5,1
TRA096-000340,2024-02-25,R5,T1,139.0,12.8,181.8,189.8,1
TRA096-000341,2024-02-25,R4,T2,73.3,123.3,142.5,114.3,1
TRA096-000342,2024-02-25,R2,T3,107.0,4.3,156.9,153.1,1
TRA096-000343,2024-02-25,R1,T1,88.1,57.1,110.5,131.3,1
TRA096-000344,2024-02-25,R4,T2,32.2,45.3,26.3,67.0,1
TRA096-000345,2024-02-25,R1,T3,114.7,83.1,162.8,161.9,1
TRA096-000346,2024-02-26,R3,T1,77.5,70.8,83.5,119.1,1
TRA096-000347,2024-02-26,R5,T2,32.4,69.5,88.0,67.3,1
TRA096-000348,2024-02-26,R6,T3,79.4,55.6,96.3,121.3,1
TRA096-000349,2024-02-26,R5,T1,6.1,140.2,29.9,37.0,1
TRA096-000350,2024-02-26,R4,T2,32.0,15.6,38.3,66.8,1
TRA096-000351,2024-02-26,R1,T3,87.4,101.8,153.2,130.5,1
TRA096-000352,2024-02-27,R2,T1,108.8,46.6,151.2,155.1,1
TRA096-000353,2024-02-27,R1,T2,20.9,71.4,37.3,54.0,1
TRA096-000354,2024-02-27,R5,T3,98.5,17.8,182.4,143.3,1
TRA096-000355,2024-02-27,R6,T1,114.3,39.8,160.2,161.4,1
TRA096-000356,2024-02-27,R3,T2,96.7,130.5,150.4,141.2,1
TRA096-000357,2024-02-27,R5,T3,135.7,140.5,216.0,186.1,1
TRA096-000358,2024-02-27,R1,T1,30.6,98.7,40.2,65.2,1
TRA096-000359,2024-02-28,R1,T2,71.0,76.8,106.3,111.6,1
TRA096-000360,2024-02-28,R6,T3,138.8,70.4,183.3,189.6,1
TRA096-000361,2024-02-28,R1,T1,144.5,27.9,184.7,196.2,1
TRA096-000362,2024-02-28,R4,T2,54.7,132.6,119.2,92.9,1
TRA096-000363,2024-02-28,R1,T3,26.0,88.5,52.5,59.9,1
TRA096-000364,2024-02-28,R4,T1,126.5,72.2,171.7,175.5,1
TRA096-000365,2024-02-29,R5,T2,36.6,99.1,67.9,72.1,1
TRA096-000366,2024-02-29,R6,T3,143.2,103.8,201.9,194.7,1
TRA096-000367,2024-02-29,R5,T1,35.6,108.9,56.7,70.9,1
TRA096-000368,2024-02-29,R6,T2,98.9,22.7,130.5,143.7,1
TRA096-000369,2024-02-29,R3,T3,60.5,119.1,110.4,99.6,1
TRA096-000370,2024-02-29,R1,T1,92.9,144.6,111.8,136.8,1
TRA096-000371,2024-03-01,R2,T2,125.0,140.2,196.2,173.8,1
TRA096-000372,2024-03-01,R6,T3,8.5,47.1,15.6,39.8,1
TRA096-000373,2024-03-01,R5,T1,15.6,141.7,51.4,47.9,1
TRA096-000374,2024-03-01,R5,T2,70.2,113.1,89.3,110.7,1
TRA096-000375,2024-03-01,R5,T3,149.7,75.0,235.9,202.2,1
TRA096-000376,2024-03-01,R5,T1,114.3,105.6,153.4,161.4,1
TRA096-000377,2024-03-02,R1,T2,113.6,71.0,138.5,160.6,1
TRA096-000378,2024-03-02,R2,T3,64.4,113.3,111.6,104.1,1
TRA096-000379,2024-03-02,R2,T1,99.3,17.9,129.5,144.2,1
TRA096-000380,2024-03-02,R4,T2,68.3,148.6,130.7,108.5,1
TRA096-000381,2024-03-02,R1,T3,122.2,101.5,190.7,170.5,1
TRA096-000382,2024-03-02,R2,T1,98.1,113.5,124.2,142.8,1
TRA096-000383,2024-03-03,R4,T2,133.7,83.0,174.5,183.8,1
TRA096-000384,2024-03-03,R4,T3,100.5,107.8,144.5,145.6,1
TRA096-000385,2024-03-03,R6,T1,132.0,140.9,177.7,181.8,1
TRA096-000386,2024-03-03,R3,T2,58.7,145.7,114.9,97.5,1
TRA096-000387,2024-03-03,R1,T3,103.2,83.6,142.7,148.7,1
TRA096-000388,2024-03-03,R6,T1,88.8,133.3,119.7,132.1,1
TRA096-000389,2024-03-04,R2,T2,75.7,141.2,120.7,117.1,1
TRA096-000390,2024-02-30,R2,T3,134.6,136.3,212.6,184.8,1
TRA096-000391,2024-03-04,R6,T1,56.0,112.5,82.6,94.4,1
TRA096-000392,2024-03-04,R1,T2,97.8,101.2,144.0,142.5,1
TRA096-000393,2024-03-04,R6,T3,27.1,30.1,,61.2,0
TRA096-000394,2024-03-04,R2,T1,91.8,97.9,134.8,135.6,1
TRA096-000395,2024-03-05,R6,T2,147.3,105.4,207.5,199.4,1
TRA096-000396,2024-03-05,R1,T3,102.5,85.2,160.4,147.9,1
TRA096-000397,2024-03-05,R3,T1,99.4,103.8,114.9,144.3,1
TRA096-000398,2024-03-05,R1,T2,14.4,125.2,45.9,46.6,1
TRA096-000399,2024-03-05,R4,T3,122.6,24.1,164.8,171.0,1
TRA096-000400,2024-03-05,R5,T1,71.5,131.4,125.9,112.2,1
TRA096-000401,2024-03-05,R5,T2,125.2,4.9,176.4,174.0,1
TRA096-000402,2024-03-06,R5,T3,30.2,133.9,86.7,64.7,1
TRA096-000403,2024-03-06,R2,T1,4.4,119.5,26.1,35.1,1
TRA096-000404,2024-03-06,R1,T2,133.8,32.0,168.1,183.9,1
TRA096-000405,2024-03-06,R5,T3,137.2,147.1,200.3,187.8,1
TRA096-000406,2024-03-06,R3,T1,149.0,5.9,163.7,201.3,1
TRA096-000407,2024-03-06,R3,T2,44.8,99.9,100.0,81.5,1
TRA096-000408,2024-03-07,R1,T3,49.8,2.9,90.1,87.3,1
TRA096-000409,2024-03-07,R2,T1,78.3,98.5,107.9,120.0,1
TRA096-000410,2024-03-07,R4,T2,130.3,137.6,168.7,179.8,1
TRA096-000411,2024-03-07,R5,T3,117.2,134.8,163.4,164.8,1
TRA096-000412,2024-03-07,R1,T1,131.4,61.7,155.9,181.1,1
TRA096-000413,2024-03-07,R6,T2,13.0,121.3,34.3,45.0,1
TRA096-000414,2024-03-08,R1,T3,58.3,15.4,78.7,97.0,1
TRA096-000415,2024-03-08,R3,T1,86.4,2.8,132.5,129.4,1
TRA096-000416,2024-03-08,R1,T2,115.5,149.7,,162.8,1
TRA096-000417,2024-03-08,R5,T3,84.3,149.7,166.1,126.9,1
TRA096-000418,2024-03-08,R1,T1,21.2,105.1,71.5,54.4,1
TRA096-000419,2024-03-08,R4,T2,36.1,13.6,75.9,71.5,1
TRA096-000420,2024-03-09,R5,T3,95.0,79.4,156.7,139.2,1
TRA096-000421,2024-03-09,R5,T1,19.0,145.3,35.8,51.8,1
TRA096-000422,2024-03-09,R3,T2,7.5,125.5,,38.6,0
TRA096-000423,2024-03-09,R1,T3,24.9,127.3,"59,5",58.6,1
TRA096-000424,2024-03-09,R6,T1,54.0,13.7,81.9,92.1,1
TRA096-000425,2024-03-09,R1,T2,86.7,111.0,114.5,129.7,1
TRA096-000426,2024-03-10,R5,T3,112.7,111.4,141.3,159.6,1
TRA096-000427,2024-03-10,R5,T1,5.4,81.0,5,36.2,1
TRA096-000428,2024-03-10,R4,T2,62.5,39.1,95.5,101.9,1
TRA096-000429,2024-03-10,R6,T3,33.2,76.6,54.4,68.2,1
TRA096-000430,2024-03-10,R6,T1,146.2,39.4,176.3,198.1,1
TRA096-000431,2024-03-10,R6,T2,20.6,56.6,60.9,53.7,1
TRA096-000432,2024-03-11,R4,T3,75.3,84.7,-999,116.6,0
TRA096-000433,2024-03-11,R3,T1,4.3,55.4,31.1,34.9,1
TRA096-000434,2024-03-11,R1,T2,124.7,133.7,180.4,173.4,1
TRA096-000435,2024-03-11,R4,T3,85.6,46.6,102.4,128.4,1
TRA096-000436,2024-03-11,R3,T1,127.2,79.1,146.2,176.3,1
TRA096-000437,2024-03-11,R5,T2,47.0,118.3,100.5,84.0,1
TRA096-000438,2024-03-11,R2,T3,31.1,115.9,76.3,65.8,1
TRA096-000439,2024-03-12,R1,T1,138.3,68.3,170.8,189.0,1
TRA096-000440,2024-03-12,R1,T2,7.6,66.0,41.9,38.7,1
TRA096-000441,2024-03-12,R3,T3,118.4,135.2,198.5,166.2,1
TRA096-000442,2024-03-12,R4,T1,88.0,36.5,135.6,131.2,1
TRA096-000443,2024-03-12,R2,T2,110.7,14.5,136.1,157.3,1
TRA096-000444,2024-03-12,R1,T3,12.2,107.6,40.4,44.0,1
TRA096-000445,2024-03-13,R5,T1,4.1,8.3,18.5,34.7,1
TRA096-000446,2024-03-13,R3,T2,73.2,11.1,96.1,114.2,1
TRA096-000447,2024-03-13,R1,T3,63.7,70.9,88.7,103.3,1
TRA096-000448,2024-03-13,R1,T1,58.9,11.4,77.9,97.7,1
TRA096-000449,2024-03-13,R2,T2,52.9,62.6,83.5,90.8,1
TRA096-000450,2024-03-13,R5,T3,113.4,149.8,184.1,160.4,1
TRA096-000451,2024-03-14,R4,T1,121.4,83.6,153.1,169.6,1
TRA096-000452,2024-03-14,R4,T2,99.7,83.6,129.0,144.7,1
TRA096-000453,2024-03-14,R4,T3,68.8,44.1,127.5,109.1,1
TRA096-000454,2024-03-14,R5,T1,36.5,121.8,58.5,72.0,1
TRA096-000455,2024-03-14,R6,T2,128.2,116.7,181.8,177.4,1
TRA096-000456,2024-03-14,R6,T3,66.7,139.1,134.3,106.7,1
TRA096-000457,2024-03-15,R2,T1,17.9,146.6,65.5,50.6,1
TRA096-000458,2024-03-15,R1,T2,86.2,73.9,136.3,129.1,1
TRA096-000459,2024-03-15,R2,T3,96.2,65.6,131.8,140.6,1
TRA096-000460,2024-03-15,R2,T1,124.1,43.7,162.7,172.7,1
TRA096-000461,2024-03-15,R6,T2,21.2,146.9,69.2,54.4,1
TRA096-000462,2024-03-15,R5,T3,55.3,46.0,65.3,93.6,1
TRA096-000463,2024-03-16,R3,T1,75.0,26.7,79.2,116.2,1
TRA096-000464,2024-03-16,R3,T2,112.3,66.1,147.2,159.1,1
TRA096-000465,2024-03-16,R6,T3,100.0,53.1,147.9,145.0,1
TRA096-000466,2024-03-16,R3,T1,51.9,78.9,76.5,89.7,1
TRA096-000467,2024-03-16,R6,T2,52.1,139.0,88.2,89.9,1
TRA096-000468,2024-03-16,R3,T3,16.8,20.2,48.8,49.3,1
TRA096-000469,2024-03-17,R4,T1,82.6,68.9,111.8,125.0,1
TRA096-000470,2024-03-17,R1,T2,127.5,59.1,167.0,176.6,1
TRA096-000471,2024-03-17,R2,T3,129.4,68.8,176.0,178.8,1
TRA096-000472,2024-03-17,R5,T1,83.4,16.0,85.1,125.9,1
TRA096-000473,2024-03-17,R6,T2,101.5,9.3,144.5,146.7,1
TRA096-000474,2024-03-17,R2,T3,68.8,68.1,111.0,109.1,1
TRA096-000475,2024-03-17,R3,T1,72.1,47.5,93.7,112.9,1
TRA096-000476,2024-03-18,R1,T2,40.4,44.1,81.7,76.5,1
TRA096-000477,2024-03-18,R5,T3,52.2,135.9,95.0,90.0,1
TRA096-000478,2024-03-18,R4,T1,125.6,86.2,158.1,174.4,1
TRA096-000479,2024-03-18,R5,T2,52.2,87.4,72.8,90.0,1
TRA096-000480,2024-03-18,R2,T3,103.9,16.2,146.1,149.5,1
TRA096-000481,2024-03-18,R4,T1,39.6,96.5,71.6,75.5,1
TRA096-000482,2024-03-19,R3,T2,135.1,68.0,190.1,185.4,1
TRA096-000483,2024-03-19,R4,T3,26.9,70.1,26.3,60.9,1
TRA096-000484,2024-03-19,R4,T1,67.4,60.4,84.8,107.5,1
TRA096-000485,2024-03-19,R2,T2,98.3,51.7,149.6,143.0,1
TRA096-000486,2024-03-19,R2,T3,88.6,49.1,132.3,131.9,1
TRA096-000487,2024-03-19,R3,T1,33.0,84.6,59.3,67.9,1
TRA096-000488,2024-03-20,R2,T2,32.1,51.7,72.1,66.9,1
TRA096-000489,2024-03-20,R5,T3,52.5,100.6,106.1,90.4,1
TRA096-000490,2024-03-20,R5,T1,107.5,73.8,138.3,153.6,1
TRA096-000491,2024-03-20,R4,T2,72.3,1.5,101.3,113.1,1
TRA096-000492,2024-03-20,R3,T3,78.2,21.1,101.3,119.9,1
TRA096-000493,2024-03-20,R6,T1,143.0,33.9,215.8,194.4,1
TRA096-000494,2024-03-21,R2,T2,42.0,99.9,80.4,78.3,1
TRA096-000495,2024-03-21,R1,T3,80.0,94.0,159.6,122.0,1
TRA096-000496,2024-03-21,R4,T1,109.0,53.1,140.0,155.3,1
TRA096-000497,2024-03-21,R6,T2,130.8,79.1,159.9,180.4,1
TRA096-000498,2024-03-21,R6,T3,120.1,80.1,202.3,168.1,1
TRA096-000499,2024-03-21,R3,T1,105.3,119.3,,151.1,1
TRA096-000500,2024-03-22,R2,T2,49.4,59.2,76.0,86.8,1
TRA096-000501,2024-03-22,R6,T3,83.2,56.4,131.8,125.7,1
TRA096-000502,2024-03-22,R2,T1,143.9,50.9,192.3,195.5,1
TRA096-000503,2024-03-22,R1,T2,122.7,88.9,153.5,171.1,1
TRA096-000504,2024-03-22,R1,T3,12.1,81.3,32.6,43.9,1
TRA096-000505,2024-03-22,R1,T1,16.4,28.3,32.7,48.9,1
TRA096-000506,2024-03-23,R3,T2,80.0,74.7,127.1,122.0,1
TRA096-000507,2024-03-23,R6,T3,90.8,136.0,145.3,134.4,1
TRA096-000508,2024-03-23,R2,T1,30.5,18.5,58.0,65.1,1
TRA096-000509,2024-03-23,R2,T2,52.9,127.7,81.8,90.8,1
TRA096-000510,2024-03-23,R2,T3,42.5,91.9,90.3,78.9,1
TRA096-000511,2024-03-23,R1,T1,14.7,58.4,34.3,46.9,1
TRA096-000512,2024-03-24,R2,T2,114.5,121.0,154.8,161.7,1
TRA096-000513,2024-03-24,R2,T3,8.5,148.1,24.6,39.8,1
TRA096-000514,2024-03-24,R3,T1,80.8,148.5,140.9,122.9,1
TRA096-000515,2024-03-24,R4,T2,124.9,66.3,165.8,173.6,1
TRA096-000516,2024-03-24,R5,T3,53.3,75.5,94.1,91.3,1
TRA096-000517,2024-03-24,R6,T1,22.9,77.7,50.8,56.3,1
TRA096-000518,2024-03-24,R6,T2,52.3,84.8,81.7,90.1,1
TRA096-000519,2024-03-25,R3,T3,92.1,7.5,142.4,135.9,1
TRA096-000520,2024-03-25,R4,T1,114.5,115.7,168.5,161.7,1
TRA096-000521,2024-03-25,R4,T2,38.2,20.3,46.4,73.9,1
TRA096-000522,2024-03-25,R3,T3,101.8,99.3,166.0,147.1,1
TRA096-000523,2024-03-25,R4,T1,131.2,88.7,146.3,180.9,1
TRA096-000524,2024-03-25,R2,T2,112.7,147.8,158.2,159.6,1
TRA096-000525,2024-03-26,R2,T3,12.4,140.7,49.2,44.3,1
TRA096-000526,2024-03-26,R6,T1,46.8,41.2,86.2,83.8,1
TRA096-000527,2024-03-26,R1,T2,126.8,49.8,177.1,175.8,1
TRA096-000528,2024-03-26,R5,T3,46.1,148.0,86.6,83.0,1
TRA096-000529,2024-03-26,R1,T1,117.1,146.3,140.9,164.7,1
TRA096-000530,2024-03-26,R6,T2,99.9,145.9,154.5,144.9,1
TRA096-000531,2024-03-27,R2,T3,8.4,136.1,31.6,39.7,1
TRA096-000532,2024-03-27,R4,T1,139.8,12.5,168.4,190.8,1
TRA096-000533,2024-03-27,R1,T2,4.7,27.3,19.8,35.4,1
TRA096-000534,2024-03-27,R3,T3,64.5,55.8,108.8,104.2,1
TRA096-000535,2024-03-27,R2,T1,93.1,25.1,,137.1,0
TRA096-000536,2024-03-27,R6,T2,29.2,9.8,52.4,63.6,1
TRA096-000537,2024-03-28,R6,T3,138.3,93.3,181.0,189.0,1
TRA096-000538,2024-03-28,R1,T1,24.7,132.4,92.2,58.4,1
TRA096-000539,2024-03-28,R1,T2,106.3,30.9,148.4,152.2,1
TRA096-000540,2024-03-28,R1,T3,75.0,56.0,120.5,116.2,1
TRA096-000541,2024-03-28,R2,T1,78.9,30.8,108.4,120.7,1
TRA096-000542,2024-03-28,R2,T2,79.0,44.2,121.9,120.8,1
TRA096-000543,2024-03-29,R1,T3,8.9,26.1,20.3,40.2,1
TRA096-000544,2024-03-29,R1,T1,132.9,145.1,174.9,182.8,1
TRA096-000545,2024-03-29,R3,T2,87.9,79.0,148.3,131.1,1
TRA096-000546,2024-03-29,R2,T3,56.1,3.5,93.3,94.5,1
TRA096-000547,2024-03-29,R2,T1,59.7,92.0,77.6,98.7,1
TRA096-000548,2024-03-29,R1,T2,21.1,47.1,42.8,54.3,1
TRA096-000549,2024-03-30,R4,T3,69.9,90.4,87.8,110.4,1
TRA096-000550,2024-03-30,R3,T1,29.1,93.8,72.4,63.5,1
TRA096-000551,2024-03-30,R3,T2,136.8,98.6,171.3,187.3,1
TRA096-000552,2024-03-30,R1,T3,91.7,6.3,125.3,135.5,1
TRA096-000553,2024-03-30,R4,T1,10.8,14.2,5.4,42.4,1
TRA096-000554,2024-03-30,R4,T2,10.5,35.5,30.7,42.1,1
TRA096-000555,2024-03-30,R4,T3,124.7,21.6,165.3,173.4,1
TRA096-000556,2024-03-31,R4,T1,116.6,95.6,153.2,164.1,1
TRA096-000557,2024-03-31,R6,T2,128.0,146.9,174.5,177.2,1
TRA096-000558,2024-03-31,R4,T3,120.8,131.0,188.6,168.9,1
TRA096-000559,2024-03-31,R6,T1,31.9,49.1,47.6,66.7,1
TRA096-000560,2024-03-31,R5,T2,109.5,123.2,140.8,155.9,1
TRA096-000561,2024-03-31,R5,T3,128.6,28.5,178.4,177.9,1
TRA096-000562,2024-04-01,R4,T1,33.5,26.5,34.2,68.5,1
TRA096-000563,2024-04-01,R6,T2,48.1,68.9,94.8,85.3,1
TRA096-000564,2024-04-01,R4,T3,31.3,72.0,52.0,66.0,1
TRA096-000565,2024-04-01,R6,T1,120.1,96.6,136.8,168.1,1
TRA096-000566,2024-04-01,R2,T2,63.4,5.2,90.6,102.9,1
TRA096-000567,2024-04-01,R4,T3,139.3,86.1,217.5,190.2,1
TRA096-000568,2024-04-02,R4,T1,66.1,50.8,100.6,106.0,1
TRA096-000569,2024-04-02,R2,T2,34.0,26.9,69.7,69.1,1
TRA096-000570,2024-04-02,R5,T3,12.7,12.3,31.4,44.6,1
TRA096-000571,2024-04-02,R4,T1,100.2,6.4,113.3,145.2,1
TRA096-000572,2024-04-02,R4,T2,36.4,90.0,61.9,71.9,1
TRA096-000573,2024-04-02,R5,T3,113.3,79.0,189.9,160.3,1
TRA096-000574,2024-04-03,R4,T1,128.3,96.3,158.3,177.5,1
TRA096-000575,2024-04-03,R1,T2,57.1,16.5,69.7,95.7,1
TRA096-000576,2024-04-03,R2,T3,149.6,104.0,,202.0,0
TRA096-000577,2024-04-03,R4,T1,28.6,111.5,43.3,62.9,1
TRA096-000578,2024-04-03,R5,T2,129.5,136.1,175.3,178.9,1
TRA096-000579,2024-04-03,R6,T3,138.9,2.8,185.1,189.7,1
TRA096-000580,2024-04-04,R5,T1,71.9,53.7,110.6,112.7,1
TRA096-000581,2024-04-04,R2,T2,83.4,74.0,98.6,125.9,1
TRA096-000582,2024-04-04,R3,T3,100.2,19.1,,145.2,1
TRA096-000583,2024-04-04,R2,T1,33.7,121.4,49.1,68.8,1
TRA096-000584,2024-04-04,R1,T2,64.6,91.7,102.2,104.3,1
TRA096-000585,2024-04-04,R6,T3,90.9,44.1,114.8,134.5,1
TRA096-000586,2024-04-05,R3,T1,132.3,113.6,180.9,182.1,1
TRA096-000587,2024-04-05,R6,T2,85.8,51.3,121.5,128.7,1
TRA096-000588,2024-04-05,R3,T3,39.1,4.2,72.5,75.0,1
TRA096-000589,2024-04-05,R6,T1,124.8,52.6,149.1,173.5,1
TRA096-000590,2024-04-05,R3,T2,92.9,11.6,136.9,136.8,1
TRA096-000591,2024-04-05,R4,T3,37.2,94.0,78.0,72.8,1
TRA096-000592,2024-04-06,R1,T1,80.5,90.8,108.1,122.6,1
TRA096-000593,2024-04-06,R5,T2,49.6,91.6,78.0,87.0,1
TRA096-000594,2024-04-06,R4,T3,100.0,143.2,140.5,145.0,1
TRA096-000595,2024-04-06,R5,T1,31.6,37.7,51.4,66.3,1
TRA096-000596,2024-04-06,R1,T2,19.0,117.0,41.6,51.8,1
TRA096-000597,2024-04-06,R3,T3,16.9,84.5,33.0,49.4,1
TRA096-000598,2024-04-06,R6,T1,136.4,10.4,146.5,186.9,1
TRA096-000599,2024-04-07,R3,T2,35.7,36.6,60.6,71.1,1
TRA096-000600,2024-04-07,R2,T3,114.0,98.4,181.7,161.1,1
TRA096-000601,2024-04-07,R3,T1,31.3,138.1,74.8,66.0,1
TRA096-000602,2024-04-07,R1,T2,105.9,51.2,139.2,151.8,1
TRA096-000603,2024-04-07,R4,T3,131.9,77.9,199.6,181.7,1
TRA096-000604,2024-04-07,R3,T1,116.6,140.5,143.8,164.1,1
TRA096-000605,2024-04-08,R1,T2,139.3,108.3,181.9,190.2,1
TRA096-000606,2024-04-08,R4,T3,35.9,142.5,81.5,71.3,1
TRA096-000607,2024-04-08,R6,T1,31.1,88.2,66.2,65.8,1
TRA096-000608,2024-04-08,R6,T2,19.0,139.7,55.9,51.8,1
TRA096-000609,2024-04-08,R1,T3,77.8,40.6,,119.5,0
TRA096-000610,2024-04-08,R6,T1,141.1,17.5,179.9,192.3,1
TRA096-000611,2024-04-09,R6,T2,129.9,70.6,166.2,179.4,1
TRA096-000612,2024-04-09,R1,T3,122.6,80.1,194.5,171.0,1
TRA096-000613,2024-04-09,R4,T1,138.0,38.8,189.3,188.7,1
TRA096-000614,2024-04-09,R5,T2,29.3,42.8,40.9,63.7,1
TRA096-000615,2024-04-09,R4,T3,54.4,27.6,60.4,92.6,1
TRA096-000616,2024-04-09,R6,T1,5.3,127.1,32.5,36.1,1
TRA096-000617,2024-04-10,R5,T2,15.4,121.7,,47.7,0
TRA096-000618,2024-04-10,R2,T3,134.3,122.2,199.7,184.4,1
TRA096-000619,2024-04-10,R5,T1,26.6,89.9,41.3,60.6,1
TRA096-000620,2024-04-10,R2,T2,79.2,97.5,135.8,121.1,1
TRA096-000621,2024-04-10,R1,T3,137.9,97.1,210.4,188.6,1
TRA096-000622,2024-04-10,R1,T1,21.1,24.8,30.3,54.3,1
TRA096-000623,2024-04-11,R4,T2,69.7,112.1,127.4,110.2,1
TRA096-000624,2024-04-11,R3,T3,126.9,3.2,158.9,175.9,1
TRA096-000625,2024-04-11,R1,T1,111.4,49.8,137.9,158.1,1
TRA096-000626,2024-04-11,R3,T2,78.7,54.0,119.3,120.5,1
TRA096-000627,2024-04-11,R3,T3,113.8,95.3,190.7,160.9,1
TRA096-000628,2024-04-11,R4,T1,12.8,105.4,64.3,44.7,1
TRA096-000629,2024-04-12,R3,T2,14.1,145.5,61.2,46.2,1
TRA096-000630,2024-04-12,R2,T3,133.3,41.7,181.1,183.3,1
TRA096-000631,2024-04-12,R2,T1,70.9,67.2,107.8,111.5,1
TRA096-000632,2024-04-12,R5,T2,144.4,36.1,201.3,196.1,1
TRA096-000633,2024-04-12,R2,T3,27.0,27.1,34.7,61.0,1
TRA096-000634,2024-04-12,R1,T1,103.7,57.3,"146,1",149.3,1
TRA096-000635,2024-04-12,R5,T2,81.5,69.2,100.8,123.7,1
TRA096-000636,2024-04-13,R6,T3,119.2,107.5,184.9,167.1,1
TRA096-000637,2024-04-13,R1,T1,90.0,117.5,141.1,133.5,1
TRA096-000638,2024-04-13,R3,T2,74.4,68.8,98.9,115.6,1
TRA096-000639,2024-04-13,R4,T3,59.2,59.0,116.5,98.1,1
TRA096-000640,2024-04-13,R3,T1,52.1,149.9,89.0,89.9,1
TRA096-000641,2024-04-13,R6,T2,57.8,138.4,101.5,96.5,1
TRA096-000642,2024-04-14,R6,T3,49.1,73.1,50.4,86.5,1
TRA096-000643,2024-04-14,R2,T1,39.5,21.6,50.3,75.4,1
TRA096-000644,2024-04-14,R1,T2,32.8,75.3,36.7,67.7,1
TRA096-000645,2024-04-14,R5,T3,8.7,32.7,28.0,40.0,1
TRA096-000646,2024-04-14,R3,T1,12.3,141.9,62.3,44.1,1
TRA096-000647,2024-04-14,R1,T2,128.7,109.5,178.4,178.0,1
TRA096-000648,2024-04-15,R1,T3,5.7,14.1,44.0,36.6,1
TRA096-000649,2024-04-15,R6,T1,132.0,121.5,159.0,181.8,1
TRA096-000650,2024-04-15,R1,T2,60.8,87.8,117.2,99.9,1
TRA096-000651,2024-04-15,R3,T3,92.5,87.9,145.4,136.4,1
TRA096-000652,2024-04-15,R5,T1,131.8,43.8,182.6,181.6,1
TRA096-000653,2024-04-15,R2,T2,54.3,6.5,71.9,92.4,1
TRA096-000654,2024-04-16,R6,T3,7.5,118.6,,38.6,0
TRA096-000655,2024-04-16,R3,T1,97.0,137.0,132.5,141.6,1
TRA096-000656,2024-04-16,R6,T2,39.5,102.1,71.9,75.4,1
TRA096-000657,2024-04-16,R6,T3,99.1,112.7,148.1,144.0,1
TRA096-000658,2024-04-16,R2,T1,85.5,118.1,103.1,128.3,1
TRA096-000659,2024-04-16,R1,T2,52.2,53.6,47.5,90.0,1
TRA096-000660,2024-04-17,R4,T3,149.6,137.9,217.1,202.0,1
TRA096-000661,2024-04-17,R4,T1,50.5,138.0,,88.1,0
TRA096-000662,2024-04-17,R1,T2,86.5,132.8,,129.5,0
TRA096-000663,2024-04-17,R1,T3,141.3,77.5,177.0,192.5,1
TRA096-000664,2024-04-17,R2,T1,145.0,103.0,172.5,196.8,1
TRA096-000665,2024-04-17,R2,T2,51.6,58.3,,89.3,1
TRA096-000666,2024-04-18,R6,T3,83.5,53.7,130.2,126.0,1
TRA096-000667,2024-04-18,R1,T1,85.0,123.6,115.1,127.7,1
TRA096-000668,2024-04-18,R1,T2,130.7,119.4,179.8,180.3,1
TRA096-000669,2024-04-18,R4,T3,132.3,82.4,179.9,182.1,1
TRA096-000670,2024-04-18,R5,T1,54.8,144.4,87.7,93.0,1
TRA096-000671,2024-04-18,R2,T2,115.7,142.6,,163.1,0
TRA096-000672,2024-04-19,R2,T3,85.4,67.4,131.1,128.2,1
TRA096-000673,2024-04-19,R5,T1,77.0,36.5,121.2,118.5,1
TRA096-000674,2024-04-19,R4,T2,125.8,52.1,153.4,174.7,1
TRA096-000675,2024-04-19,R3,T3,2.7,80.9,21.7,33.1,1
TRA096-000676,2024-04-19,R5,T1,49.4,84.4,86.7,86.8,1
TRA096-000677,2024-04-19,R4,T2,114.2,126.9,163.1,161.3,1
TRA096-000678,2024-04-19,R3,T3,124.9,55.7,160.6,173.6,1
TRA096-000679,2024-04-20,R1,T1,99.6,116.5,149.5,144.5,1
TRA096-000680,2024-04-20,R3,T2,30.2,125.9,39.8,64.7,1
TRA096-000681,2024-04-20,R4,T3,112.3,134.2,184.7,159.1,1
TRA096-000682,2024-04-20,R3,T1,18.0,101.3,43.7,50.7,1
TRA096-000683,2024-04-20,R1,T2,79.1,23.1,101.3,121.0,1
TRA096-000684,2024-04-20,R2,T3,27.8,100.8,41.1,62.0,1
TRA096-000685,2024-04-21,R4,T1,22.6,82.0,53.2,56.0,1
TRA096-000686,2024-04-21,R3,T2,124.2,123.7,153.4,172.8,1
TRA096-000687,2024-04-21,R6,T3,141.0,46.3,243.7,192.1,1
TRA096-000688,2024-04-21,R2,T1,84.6,43.3,120.3,127.3,1
TRA096-000689,2024-04-21,R1,T2,116.8,8.7,152.2,164.3,1
TRA096-000690,2024-04-21,R1,T3,10.5,118.2,34.4,42.1,1
TRA096-000691,2024-04-22,R4,T1,14.5,37.4,29.1,46.7,1
TRA096-000692,2024-04-22,R6,T2,12.5,46.8,34.4,44.4,1
TRA096-000693,2024-04-22,R1,T3,97.1,133.2,142.2,141.7,1
TRA096-000694,2024-04-22,R3,T1,94.6,142.5,134.5,138.8,1
TRA096-000695,2024-04-22,R6,T2,41.0,59.9,57.7,77.2,1
TRA096-000696,2024-04-22,R1,T3,131.7,69.1,184.7,181.5,1
TRA096-000697,2024-04-23,R4,T1,14.1,136.7,,46.2,0
TRA096-000698,2024-04-23,R6,T2,17.3,112.1,60.4,49.9,1
TRA096-000699,2024-04-23,R1,T3,46.7,144.6,,83.7,0
TRA096-000700,2024-04-23,R4,T1,28.3,16.9,30.9,62.5,1
TRA096-000701,2024-04-23,R6,T2,61.6,110.6,80.0,100.8,1
TRA096-000702,2024-04-23,R5,T3,67.4,129.2,107.9,107.5,1
TRA096-000703,2024-04-24,R6,T1,68.1,110.8,102.0,108.3,1
TRA096-000704,2024-04-24,R1,T2,80.4,92.1,,122.5,0
TRA096-000705,2024-04-24,R5,T3,59.1,16.5,79.6,98.0,1
TRA096-000706,2024-04-24,R5,T1,127.1,111.8,163.3,176.2,1
TRA096-000707,2024-04-24,R1,T2,106.0,13.0,143.4,151.9,1
TRA096-000708,2024-04-24,R3,T3,19.1,83.4,49.4,52.0,1
TRA096-000709,2024-04-25,R2,T1,17.7,56.4,42.2,50.4,1
TRA096-000710,2024-04-25,R5,T2,82.3,105.4,122.2,124.6,1
TRA096-000711,2024-04-25,R1,T3,118.8,54.5,172.7,166.6,1
TRA096-000712,2024-04-25,R1,T1,28.4,143.6,81.7,62.7,1
TRA096-000713,2024-04-25,R4,T2,36.7,47.8,56.4,72.2,1
TRA096-000714,2024-04-25,R5,T3,139.1,46.6,182.4,190.0,1
TRA096-000715,2024-04-25,R5,T1,75.1,149.9,102.7,116.4,1
TRA096-000716,2024-04-26,R6,T2,86.6,118.0,146.0,129.6,1
TRA096-000717,2024-04-26,R6,T3,55.3,24.3,121.0,93.6,1
TRA096-000718,2024-04-26,R3,T1,11.8,88.8,31.1,43.6,1
TRA096-000719,2024-04-26,R6,T2,69.7,91.3,115.7,110.2,1
TRA096-000720,2024-04-26,R3,T3,23.6,58.8,75.6,57.1,1
TRA096-000721,2024-04-26,R5,T1,70.3,98.0,99.8,110.8,1
TRA096-000722,2024-04-27,R5,T2,19.1,143.9,39.6,52.0,1
TRA096-000723,2024-04-27,R6,T3,23.9,123.2,,57.5,0
TRA096-000724,2024-04-27,R5,T1,88.5,131.9,121.8,131.8,1
TRA096-000725,2024-04-27,R6,T2,80.5,98.0,97.6,122.6,1
TRA096-000726,2024-04-27,R4,T3,118.0,50.5,178.9,165.7,1
TRA096-000727,2024-04-27,R2,T1,60.5,62.9,72.7,99.6,1
TRA096-000728,2024-04-28,R4,T2,43.4,22.0,71.2,79.9,1
TRA096-000729,2024-04-28,R6,T3,76.0,44.3,114.4,117.4,1
TRA096-000730,2024-04-28,R1,T1,112.4,33.7,165.1,159.3,1
TRA096-000731,2024-04-28,R3,T2,41.9,86.4,78.7,78.2,1
TRA096-000732,2024-04-28,R4,T3,85.0,22.3,102.5,127.7,1
TRA096-000733,2024-04-28,R3,T1,20.8,79.3,70.9,53.9,1
TRA096-000734,2024-04-29,R4,T2,86.4,92.5,126.5,129.4,1
TRA096-000735,2024-04-29,R4,T3,112.0,46.3,179.0,158.8,1
TRA096-000736,2024-04-29,R1,T1,62.7,64.9,116.7,102.1,1
TRA096-000737,2024-04-29,R3,T2,94.9,37.4,99.9,139.1,1
TRA096-000738,2024-04-29,R1,T3,89.5,4.0,138.6,132.9,1
TRA096-000739,2024-04-29,R1,T1,134.0,132.6,194.2,184.1,1
TRA096-000740,2024-04-30,R4,T2,44.2,67.0,73.4,80.8,1
TRA096-000741,2024-04-30,R3,T3,71.0,108.2,134.3,111.6,1
TRA096-000742,2024-04-30,R3,T1,136.2,62.1,174.0,186.6,1
TRA096-000743,2024-04-30,R6,T2,129.2,49.7,168.2,178.6,1
TRA096-000744,2024-04-30,R2,T3,82.2,38.7,106.3,124.5,1
TRA096-000745,2024-04-30,R5,T1,58.1,87.0,130.8,96.8,1
TRA096-000746,2024-05-01,R2,T2,21.4,142.5,63.5,54.6,1
TRA096-000747,2024-05-01,R1,T3,82.3,140.4,128.1,124.6,1
TRA096-000748,2024-05-01,R2,T1,30.4,73.0,,65.0,1
TRA096-000749,2024-05-01,R1,T2,31.1,148.0,53.6,65.8,1
TRA096-000750,2024-05-01,R1,T3,66.1,111.4,96.2,106.0,1
TRA096-000751,2024-05-01,R1,T1,41.7,117.3,73.5,78.0,1
TRA096-000752,2024-05-01,R2,T2,76.8,120.7,110.5,118.3,1
TRA096-000753,2024-05-02,R2,T3,121.2,68.6,202.7,169.4,1
TRA096-000754,2024-05-02,R2,T1,127.9,70.8,184.7,177.1,1
TRA096-000755,2024-05-02,R2,T2,22.8,55.3,27.7,56.2,1
TRA096-000756,2024-05-02,R3,T3,71.0,34.4,116.7,111.6,1
TRA096-000757,2024-05-02,R2,T1,23.0,64.5,38.0,56.5,1
TRA096-000758,2024-05-02,R2,T2,52.2,139.1,86.5,90.0,1
TRA096-000759,2024-05-03,R4,T3,82.9,72.5,122.3,125.3,1
TRA096-000760,2024-05-03,R2,T1,116.7,87.8,177.7,164.2,1
TRA096-000761,2024-05-03,R6,T2,11.0,143.8,84.9,42.6,1
TRA096-000762,2024-05-03,R1,T3,135.8,107.8,202.3,186.2,1
TRA096-000763,2024-05-03,R3,T1,64.7,1.7,90.0,104.4,1
TRA096-000764,2024-05-03,R2,T2,37.0,148.7,78.6,72.5,1
TRA096-000765,2024-05-04,R1,T3,127.3,39.7,189.4,176.4,1
TRA096-000766,2024-05-04,R1,T1,24.9,130.0,88.0,58.6,1
TRA096-000767,2024-05-04,R2,T2,44.5,146.8,91.7,81.2,1
TRA096-000768,2024-05-04,R3,T3,13.6,117.8,28.6,45.6,1
TRA096-000769,2024-05-04,R1,T1,56.2,106.7,84.3,94.6,1
TRA096-000770,2024-05-04,R1,T2,78.6,72.3,115.0,120.4,1
TRA096-000771,2024-05-05,R1,T3,47.3,52.0,111.4,84.4,1
TRA096-000772,2024-05-05,R3,T1,49.1,131.6,93.3,86.5,1
TRA096-000773,2024-05-05,R2,T2,58.9,79.4,111.3,97.7,1
TRA096-000774,2024-05-05,R2,T3,45.4,72.9,73.8,82.2,1
TRA096-000775,2024-05-05,R6,T1,133.3,18.0,165.2,183.3,1
TRA096-000776,2024-05-05,R5,T2,43.3,88.8,95.4,79.8,1
TRA096-000777,2024-05-06,R3,T3,53.8,50.8,103.6,91.9,1
TRA096-000778,2024-05-06,R6,T1,41.2,73.9,49.3,77.4,1
TRA096-000779,2024-02-30,R2,T2,29.3,17.9,60.5,63.7,1
TRA096-000780,2024-05-06,R5,T3,14.8,71.2,66.6,47.0,1
TRA096-000781,2024-05-06,R5,T1,78.1,143.3,104.9,119.8,1
TRA096-000782,2024-05-06,R4,T2,116.8,9.8,173.8,164.3,1
TRA096-000783,2024-05-07,R3,T3,15.6,32.8,5,47.9,1
TRA096-000784,2024-05-07,R5,T1,18.3,53.2,50.6,51.0,1
TRA096-000785,2024-05-07,R1,T2,49.1,89.9,80.4,86.5,1
TRA096-000786,2024-05-07,R1,T3,81.7,14.2,129.1,124.0,1
TRA096-000787,2024-05-07,R4,T1,106.1,133.5,134.3,152.0,1
TRA096-000788,2024-05-07,R1,T2,34.8,17.9,47.2,70.0,1
TRA096-000789,2024-05-08,R5,T3,76.0,138.4,179.4,117.4,1
TRA096-000790,2024-05-08,R1,T1,36.4,68.9,87.6,71.9,1
TRA096-000791,2024-05-08,R4,T2,129.0,66.6,196.9,178.3,1
TRA096-000792,2024-05-08,R4,T3,14.9,110.4,57.8,47.1,1
TRA096-000793,2024-05-08,R3,T1,133.7,22.0,194.6,183.8,1
TRA096-000794,2024-05-08,R3,T2,46.3,72.4,80.1,83.2,1
TRA096-000795,2024-05-08,R6,T3,11.7,34.8,24.4,43.5,1
TRA096-000796,2024-05-09,R5,T1,46.4,16.5,66.8,83.4,1
TRA096-000797,2024-05-09,R3,T2,69.2,20.7,91.5,109.6,1
TRA096-000798,2024-05-09,R5,T3,128.6,91.6,177.2,177.9,1
TRA096-000799,2024-05-09,R5,T1,30.6,33.6,52.4,65.2,1
TRA096-000800,2024-05-09,R1,T2,78.9,90.5,119.1,120.7,1
TRA096-000801,2024-05-09,R6,T3,70.0,115.7,127.9,110.5,1
TRA096-000802,2024-05-10,R5,T1,73.4,39.5,111.4,114.4,1
TRA096-000803,2024-05-10,R5,T2,62.9,85.9,108.1,102.3,1
TRA096-000804,2024-05-10,R1,T3,56.7,89.4,116.7,95.2,1
TRA096-000805,2024-05-10,R5,T1,105.9,56.9,152.4,151.8,1
TRA096-000806,2024-05-10,R1,T2,48.5,104.3,58.6,85.8,1
TRA096-000807,2024-05-10,R5,T3,139.8,77.0,226.0,190.8,1
TRA096-000808,2024-05-11,R2,T1,3.0,74.6,29.8,33.5,1
TRA096-000809,2024-05-11,R6,T2,138.5,20.1,178.7,189.3,1
TRA096-000810,2024-05-11,R4,T3,115.8,70.8,162.8,163.2,1
TRA096-000811,2024-05-11,R6,T1,64.4,2.6,96.2,104.1,1
TRA096-000812,2024-05-11,R2,T2,108.9,128.8,157.2,155.2,1
TRA096-000813,2024-05-11,R5,T3,129.3,83.5,201.8,178.7,1
TRA096-000814,2024-05-12,R2,T1,46.3,74.1,69.8,83.2,1
TRA096-000815,2024-05-12,R5,T2,62.7,38.5,75.3,102.1,1
TRA096-000816,2024-05-12,R2,T3,23.5,49.8,38.6,57.0,1
TRA096-000817,2024-05-12,R4,T1,14.4,112.9,34.9,46.6,1
TRA096-000818,2024-05-12,R2,T2,39.8,140.6,55.0,75.8,1
TRA096-000819,2024-05-12,R5,T3,118.3,43.4,158.4,166.0,1
TRA096-000820,2024-05-13,R5,T1,35.0,143.8,94.5,70.2,1
TRA096-000821,2024-05-13,R2,T2,107.5,54.3,154.7,153.6,1
TRA096-000822,2024-05-13,R4,T3,37.9,4.4,83.5,73.6,1
TRA096-000823,2024-05-13,R6,T1,41.5,132.4,63.4,77.7,1
TRA096-000824,2024-05-13,R2,T2,96.6,70.8,,141.1,0
TRA096-000825,2024-05-13,R3,T3,110.3,8.8,158.1,156.8,1
TRA096-000826,2024-05-14,R1,T1,10.0,126.7,37.9,41.5,1
TRA096-000827,2024-05-14,R5,T2,101.5,136.9,156.7,146.7,1
TRA096-000828,2024-05-14,R4,T3,116.3,60.8,177.0,163.7,1
TRA096-000829,2024-05-14,R1,T1,121.3,97.0,139.7,169.5,1
TRA096-000830,2024-05-14,R6,T2,118.2,19.7,144.4,165.9,1
TRA096-000831,2024-05-14,R5,T3,146.4,30.0,,198.4,1
TRA096-000832,2024-05-14,R1,T1,137.4,54.5,166.2,188.0,1
TRA096-000833,2024-05-15,R6,T2,77.2,145.6,118.4,118.8,1
TRA096-000834,2024-05-15,R6,T3,95.9,145.8,147.4,140.3,1
TRA096-000835,2024-05-15,R4,T1,57.7,33.4,88.3,96.4,1
TRA096-000836,2024-05-15,R3,T2,68.7,57.6,98.4,109.0,1
TRA096-000837,2024-05-15,R4,T3,131.0,30.6,188.5,180.6,1
TRA096-000838,2024-05-15,R4,T1,126.4,10.2,172.5,175.4,1
TRA096-000839,2024-05-16,R5,T2,81.3,98.9,125.9,123.5,1
TRA096-000840,2024-05-16,R4,T3,31.2,15.0,38.9,65.9,1
TRA096-000841,2024-05-16,R6,T1,85.1,112.1,141.9,127.9,1
TRA096-000842,2024-05-16,R4,T2,36.9,31.0,45.2,72.4,1
TRA096-000843,2024-05-16,R2,T3,133.8,39.4,190.9,183.9,1
TRA096-000844,2024-05-16,R6,T1,26.3,73.4,52.6,60.2,1
TRA096-000845,2024-05-17,R3,T2,149.5,139.2,"220,0",201.9,1
TRA096-000846,2024-05-17,R1,T3,29.5,4.6,18.0,63.9,1
TRA096-000847,2024-05-17,R6,T1,89.5,108.4,141.5,132.9,1
TRA096-000848,2024-05-17,R6,T2,17.3,117.1,54.4,49.9,1
TRA096-000849,2024-05-17,R4,T3,136.3,71.1,190.8,186.7,1
TRA096-000850,2024-05-17,R5,T1,136.1,5.1,,186.5,0
TRA096-000851,2024-05-18,R1,T2,8.6,13.9,6.6,39.9,1
TRA096-000852,2024-05-18,R3,T3,27.3,38.8,54.3,61.4,1
TRA096-000853,2024-05-18,R5,T1,82.6,85.5,,125.0,0
TRA096-000854,2024-05-18,R1,T2,149.7,142.4,184.5,202.2,1
TRA096-000855,2024-05-18,R1,T3,144.1,26.0,191.1,195.7,1
TRA096-000856,2024-05-18,R6,T1,149.0,127.7,200.2,201.3,1
TRA096-000857,2024-05-19,R3,T2,120.9,47.9,177.9,169.0,1
TRA096-000858,2024-05-19,R3,T3,12.8,34.3,42.1,44.7,1
TRA096-000859,2024-05-19,R3,T1,58.2,102.7,81.3,96.9,1
TRA096-000860,2024-05-19,R4,T2,86.2,25.5,104.4,129.1,1
TRA096-000861,2024-05-19,R3,T3,3.4,6.2,22.5,33.9,1
TRA096-000862,2024-05-19,R3,T1,11.3,139.9,11.4,43.0,1
TRA096-000863,2024-05-20,R4,T2,96.8,19.3,-999,141.3,1
TRA096-000864,2024-05-20,R4,T3,63.9,80.6,,103.5,0
TRA096-000865,2024-05-20,R1,T1,143.0,138.0,191.0,194.4,1
TRA096-000866,2024-05-20,R5,T2,138.9,52.4,214.0,189.7,1
TRA096-000867,2024-05-20,R3,T3,41.3,40.5,37.0,77.5,1
TRA096-000868,2024-05-20,R4,T1,94.0,65.0,119.4,138.1,1
TRA096-000869,2024-05-21,R5,T2,9.4,106.5,32.4,40.8,1
TRA096-000870,2024-05-21,R3,T3,138.3,8.5,197.8,189.0,1
TRA096-000871,2024-05-21,R3,T1,45.6,121.8,68.4,82.4,1
TRA096-000872,2024-05-21,R4,T2,26.4,60.7,61.3,60.4,1
TRA096-000873,2024-05-21,R3,T3,10.7,95.4,67.5,42.3,1
TRA096-000874,2024-05-21,R4,T1,49.8,102.3,92.5,87.3,1
TRA096-000875,2024-05-21,R4,T2,113.2,82.8,152.1,160.2,1
TRA096-000876,2024-05-22,R3,T3,32.2,105.4,76.0,67.0,1
TRA096-000877,2024-05-22,R4,T1,4.9,132.1,,35.6,0
TRA096-000878,2024-05-22,R1,T2,63.2,79.6,95.8,102.7,1
TRA096-000879,2024-05-22,R6,T3,132.4,70.9,201.3,182.3,1
TRA096-000880,2024-05-22,R4,T1,5.2,98.3,27.5,36.0,1
TRA096-000881,2024-05-22,R5,T2,9.7,68.2,47.0,41.2,1
TRA096-000882,2024-05-23,R5,T3,97.6,78.0,194.8,142.2,1
TRA096-000883,2024-05-23,R6,T1,23.8,142.9,,57.4,0
TRA096-000884,2024-05-23,R2,T2,109.1,56.3,165.0,155.5,1
TRA096-000885,2024-05-23,R4,T3,22.0,140.4,61.7,55.3,1
TRA096-000886,2024-05-23,R5,T1,65.7,116.1,121.4,105.6,1
TRA096-000887,2024-05-23,R5,T2,28.4,52.5,86.7,62.7,1
TRA096-000888,2024-05-24,R4,T3,58.7,77.1,98.5,97.5,1
TRA096-000889,2024-05-24,R3,T1,39.2,98.3,65.6,75.1,1
TRA096-000890,2024-05-24,R1,T2,147.1,1.9,211.0,199.2,1
TRA096-000891,2024-05-24,R4,T3,73.5,37.8,110.2,114.5,1
TRA096-000892,2024-05-24,R3,T1,86.9,17.4,100.2,129.9,1
TRA096-000893,2024-05-24,R4,T2,95.4,101.1,,139.7,0
TRA096-000894,2024-05-25,R2,T3,64.9,6.6,125.8,104.6,1
TRA096-000895,2024-05-25,R1,T1,88.0,120.8,102.3,131.2,1
TRA096-000896,2024-05-25,R4,T2,70.4,67.2,98.9,111.0,1
TRA096-000897,2024-05-25,R6,T3,143.2,69.1,206.9,194.7,1
TRA096-000898,2024-05-25,R1,T1,46.6,131.4,82.2,83.6,1
TRA096-000899,2024-05-25,R4,T2,115.7,118.7,159.8,163.1,1
TRA096-000900,2024-05-26,R3,T3,65.8,9.8,119.2,105.7,1
TRA096-000901,2024-05-26,R4,T1,40.3,144.3,74.4,76.3,1
TRA096-000902,2024-05-26,R3,T2,94.1,123.6,151.7,138.2,1
TRA096-000903,2024-05-26,R3,T3,3.4,136.7,41.3,33.9,1
TRA096-000904,2024-05-26,R2,T1,90.9,15.4,92.7,134.5,1
TRA096-000905,2024-05-26,R6,T2,99.2,35.7,137.4,144.1,1
TRA096-000906,2024-05-27,R1,T3,137.6,15.3,204.8,188.2,1
TRA096-000907,2024-05-27,R3,T1,142.8,61.8,196.9,194.2,1
TRA096-000908,2024-05-27,R6,T2,142.9,19.0,169.7,194.3,1
TRA096-000909,2024-05-27,R4,T3,73.8,13.6,100.0,114.9,1
TRA096-000910,2024-05-27,R5,T1,107.0,133.2,157.1,153.1,1
TRA096-000911,2024-05-27,R2,T2,111.4,136.6,169.2,158.1,1
TRA096-000912,2024-05-27,R5,T3,118.8,47.6,174.0,166.6,1
TRA096-000913,2024-05-28,R3,T1,87.2,5.4,87.9,130.3,1
TRA096-000914,2024-05-28,R4,T2,147.1,78.2,,199.2,1
TRA096-000915,2024-05-28,R1,T3,33.2,56.6,84.8,68.2,1
TRA096-000916,2024-05-28,R2,T1,149.3,66.0,172.6,201.7,1
TRA096-000917,2024-05-28,R2,T2,78.5,29.7,98.0,120.3,1
TRA096-000918,2024-05-28,R1,T3,61.5,129.6,141.1,100.7,1
TRA096-000919,2024-05-29,R3,T1,50.7,132.8,90.9,88.3,1
TRA096-000920,2024-05-29,R3,T2,74.1,97.3,,115.2,0
TRA096-000921,2024-05-29,R5,T3,99.8,2.8,153.5,144.8,1
TRA096-000922,2024-05-29,R6,T1,70.9,24.9,101.5,111.5,1
TRA096-000923,2024-05-29,R2,T2,12.8,131.9,76.6,44.7,1
TRA096-000924,2024-05-29,R6,T3,72.9,94.2,125.5,113.8,1
TRA096-000925,2024-05-30,R2,T1,92.8,112.9,130.9,136.7,1
TRA096-000926,2024-05-30,R4,T2,105.8,142.3,165.1,151.7,1
TRA096-000927,2024-05-30,R3,T3,89.5,122.1,125.1,132.9,1
TRA096-000928,2024-05-30,R3,T1,4.7,65.4,5,35.4,1
TRA096-000929,2024-05-30,R1,T2,48.5,39.8,92.8,85.8,1
TRA096-000930,2024-05-30,R6,T3,73.4,92.4,131.1,114.4,1
TRA096-000931,2024-05-31,R6,T1,110.3,13.9,135.6,156.8,1
TRA096-000932,2024-05-31,R4,T2,43.3,78.4,66.0,79.8,1
TRA096-000933,2024-05-31,R5,T3,104.0,67.4,144.8,149.6,1
TRA096-000934,2024-05-31,R1,T1,74.7,32.5,124.1,115.9,1
TRA096-000935,2024-05-31,R6,T2,87.2,2.8,108.2,130.3,1
TRA096-000936,2024-05-31,R4,T3,132.2,37.5,196.7,182.0,1
TRA096-000937,2024-06-01,R2,T1,146.1,92.6,176.0,198.0,1
TRA096-000938,2024-06-01,R3,T2,122.2,19.9,161.9,170.5,1
TRA096-000939,2024-06-01,R4,T3,110.9,140.7,,157.5,0
TRA096-000940,2024-06-01,R6,T1,19.5,87.0,47.0,52.4,1
TRA096-000941,2024-06-01,R3,T2,68.9,101.0,104.3,109.2,1
TRA096-000942,2024-06-01,R5,T3,121.4,12.0,157.1,169.6,1
TRA096-000943,2024-06-02,R1,T1,24.0,25.2,41.0,57.6,1
TRA096-000944,2024-06-02,R1,T2,48.5,114.1,83.4,85.8,1
TRA096-000945,2024-06-02,R6,T3,11.1,35.2,5,42.8,1
TRA096-000946,2024-06-02,R1,T1,99.2,43.5,141.8,144.1,1
TRA096-000947,2024-06-02,R1,T2,144.0,13.9,212.5,195.6,1
TRA096-000948,2024-06-02,R5,T3,5.0,116.0,45.2,35.8,1
TRA096-000949,2024-06-02,R3,T1,112.1,130.7,145.2,158.9,1
TRA096-000950,2024-06-03,R3,T2,59.3,73.4,92.8,98.2,1
TRA096-000951,2024-06-03,R2,T3,18.2,32.4,41.7,50.9,1
TRA096-000952,2024-06-03,R5,T1,8.8,127.2,45.5,40.1,1
TRA096-000953,2024-06-03,R3,T2,82.9,106.8,128.4,125.3,1
TRA096-000954,2024-06-03,R3,T3,32.6,143.2,83.1,67.5,1
TRA096-000955,2024-06-03,R1,T1,82.2,97.7,108.5,124.5,1
TRA096-000956,2024-06-04,R3,T2,88.4,41.1,132.8,131.7,1
TRA096-000957,2024-06-04,R1,T3,37.0,5.8,88.5,72.5,1
TRA096-000958,2024-06-04,R4,T1,8.9,9.0,13.1,40.2,1
TRA096-000959,2024-06-04,R3,T2,4.9,67.0,43.0,35.6,1
TRA096-000960,2024-06-04,R6,T3,82.6,61.2,121.8,125.0,1
TRA096-000961,2024-06-04,R3,T1,134.4,40.8,164.1,184.6,1
TRA096-000962,2024-06-05,R5,T2,69.3,97.2,114.9,109.7,1
TRA096-000963,2024-06-05,R1,T3,105.6,1.1,164.7,151.4,1
TRA096-000964,2024-06-05,R2,T1,133.5,47.6,156.4,183.5,1
TRA096-000965,2024-06-05,R2,T2,115.4,44.8,137.1,162.7,1
TRA096-000966,2024-06-05,R6,T3,132.1,120.5,217.5,181.9,1
TRA096-000967,2024-06-05,R6,T1,37.6,90.0,44.6,73.2,1
TRA096-000968,2024-06-06,R3,T2,104.4,24.3,,150.1,0
TRA096-000969,2024-06-06,R3,T3,83.1,31.9,128.9,125.6,1
TRA096-000970,2024-06-06,R3,T1,59.0,16.5,75.1,97.8,1
TRA096-000971,2024-06-06,R1,T2,85.9,123.2,109.7,128.8,1
TRA096-000972,2024-06-06,R4,T3,94.5,51.0,143.0,138.7,1
TRA096-000973,2024-06-06,R4,T1,46.0,38.1,67.2,82.9,1
TRA096-000974,2024-06-07,R2,T2,112.0,37.0,134.9,158.8,1
TRA096-000975,2024-06-07,R4,T3,22.6,66.9,59.7,56.0,1
TRA096-000976,2024-06-07,R6,T1,75.9,41.9,100.3,117.3,1
TRA096-000977,2024-06-07,R4,T2,42.7,34.9,,79.1,0
TRA096-000978,2024-06-07,R1,T3,7.8,124.0,35.1,39.0,1
TRA096-000979,2024-06-07,R3,T1,139.6,21.4,212.2,190.5,1
TRA096-000980,2024-06-08,R5,T2,89.6,120.5,138.4,133.0,1
TRA096-000981,2024-06-08,R5,T3,74.4,71.0,143.4,115.6,1
TRA096-000982,2024-06-08,R4,T1,119.7,16.3,135.8,167.7,1
TRA096-000983,2024-06-08,R4,T2,19.6,57.8,25.2,52.5,1
TRA096-000984,2024-06-08,R3,T3,56.2,87.4,115.2,94.6,1
TRA096-000985,2024-06-08,R4,T1,17.6,68.0,5,50.2,1
TRA096-000986,2024-06-09,R5,T2,104.9,73.6,144.1,150.6,1
TRA096-000987,2024-06-09,R2,T3,125.9,128.6,211.6,174.8,1
TRA096-000988,2024-06-09,R2,T1,124.7,21.5,128.9,173.4,1
TRA096-000989,2024-06-09,R3,T2,31.4,18.2,64.9,66.1,1
TRA096-000990,2024-06-09,R1,T3,150.0,81.1,214.3,202.5,1
TRA096-000991,2024-06-09,R2,T1,110.7,92.7,127.0,157.3,1
TRA096-000992,2024-06-09,R5,T2,149.5,87.6,205.7,201.9,1
TRA096-000993,2024-06-10,R4,T3,52.8,139.9,104.7,90.7,1
TRA096-000994,2024-06-10,R1,T1,66.1,71.3,,106.0,0
TRA096-000995,2024-06-10,R6,T2,63.0,16.1,103.7,102.4,1
TRA096-000996,2024-06-10,R6,T3,35.2,21.9,42.4,70.5,1
TRA096-000997,2024-06-10,R6,T1,104.7,38.8,,150.4,1
TRA096-000998,2024-06-10,R4,T2,121.2,35.6,164.0,169.4,1
TRA096-000999,2024-06-11,R6,T3,97.6,99.5,149.3,142.2,1
TRA096-001000,2024-06-11,R6,T1,10.9,79.0,44.3,42.5,1
TRA096-001001,2024-06-11,R4,T2,131.5,24.4,162.0,181.2,1
TRA096-001002,2024-06-11,R2,T3,18.9,113.9,63.7,51.7,1
TRA096-001003,2024-06-11,R1,T1,88.2,31.2,104.4,131.4,1
TRA096-001004,2024-06-11,R3,T2,7.3,143.5,,38.4,0
TRA096-001005,2024-06-12,R6,T3,16.6,62.1,,49.1,0
TRA096-001006,2024-06-12,R4,T1,112.2,4.5,114.0,159.0,1
TRA096-001007,2024-06-12,R5,T2,126.6,139.2,185.1,175.6,1
TRA096-001008,2024-06-12,R3,T3,137.5,138.3,228.7,188.1,1
TRA096-001009,2024-06-12,R6,T1,101.1,79.2,129.4,146.3,1
TRA096-001010,2024-06-12,R4,T2,149.3,21.6,210.0,201.7,1
TRA096-001011,2024-06-13,R4,T3,110.5,89.7,179.4,157.1,1
TRA096-001012,2024-06-13,R6,T1,7.8,104.9,37.7,39.0,1
TRA096-001013,2024-06-13,R3,T2,92.6,136.4,145.1,136.5,1
TRA096-001014,2024-06-13,R4,T3,24.5,56.9,48.1,58.2,1
TRA096-001015,2024-06-13,R1,T1,138.6,108.8,196.4,189.4,1
TRA096-001016,2024-06-13,R2,T2,123.2,142.0,174.0,171.7,1
TRA096-001017,2024-06-14,R1,T3,4.5,36.5,32.6,35.2,1
TRA096-001018,2024-06-14,R3,T1,86.7,71.7,137.0,129.7,1
TRA096-001019,2024-06-14,R5,T2,24.2,3.2,32.2,57.8,1
TRA096-001020,2024-06-14,R1,T3,106.6,78.4,181.1,152.6,1
TRA096-001021,2024-06-14,R5,T1,122.5,34.5,164.6,170.9,1
TRA096-001022,2024-06-14,R1,T2,7.0,14.8,17.7,38.0,1
TRA096-001023,2024-06-15,R6,T3,12.1,33.1,36.9,43.9,1
TRA096-001024,2024-06-15,R3,T1,97.4,83.3,139.6,142.0,1
TRA096-001025,2024-06-15,R2,T2,55.6,58.6,91.4,93.9,1
TRA096-001026,2024-06-15,R1,T3,51.2,100.6,60.6,88.9,1
TRA096-001027,2024-06-15,R6,T1,64.1,139.1,100.6,103.7,1
TRA096-001028,2024-06-15,R1,T2,86.3,92.7,142.7,129.2,1
TRA096-001029,2024-06-15,R1,T3,31.5,9.4,43.5,66.2,1
TRA096-001030,2024-06-16,R1,T1,102.4,142.8,147.2,147.8,1
TRA096-001031,2024-06-16,R6,T2,64.9,31.1,109.0,104.6,1
TRA096-001032,2024-06-16,R1,T3,61.7,101.8,108.9,101.0,1
TRA096-001033,2024-06-16,R5,T1,59.5,22.6,73.4,98.4,1
TRA096-001034,2024-06-16,R2,T2,141.7,76.7,194.9,193.0,1
TRA096-001035,2024-06-16,R1,T3,118.2,16.9,199.2,165.9,1
TRA096-001036,2024-06-17,R2,T1,49.5,85.3,84.4,86.9,1
TRA096-001037,2024-06-17,R4,T2,45.8,54.0,85.1,82.7,1
TRA096-001038,2024-06-17,R2,T3,35.4,57.6,70.2,70.7,1
TRA096-001039,2024-06-17,R6,T1,83.3,88.7,125.5,125.8,1
TRA096-001040,2024-06-17,R3,T2,90.0,10.6,117.1,133.5,1
TRA096-001041,2024-06-17,R6,T3,142.9,20.3,,194.3,0
TRA096-001042,2024-06-18,R4,T1,51.2,19.3,77.2,88.9,1
TRA096-001043,2024-06-18,R2,T2,32.1,61.1,74.7,66.9,1
TRA096-001044,2024-06-18,R4,T3,81.3,81.0,138.8,123.5,1
TRA096-001045,2024-06-18,R2,T1,2.2,130.4,24.4,32.5,1
TRA096-001046,2024-06-18,R2,T2,113.7,101.3,170.7,160.8,1
TRA096-001047,2024-06-18,R1,T3,5.1,125.7,36.6,35.9,1
TRA096-001048,2024-06-19,R5,T1,54.3,37.9,67.1,92.4,1
TRA096-001049,2024-06-19,R1,T2,113.9,8.2,146.6,161.0,1
TRA096-001050,2024-06-19,R3,T3,9.7,101.1,44.0,41.2,1
TRA096-001051,2024-06-19,R3,T1,9.8,18.8,16.1,41.3,1
TRA096-001052,2024-06-19,R3,T2,147.1,46.1,202.0,199.2,1
TRA096-001053,2024-06-19,R5,T3,32.4,126.4,92.6,67.3,1
TRA096-001054,2024-06-20,R2,T1,3.6,105.6,33.7,34.1,1
TRA096-001055,2024-06-20,R1,T2,122.4,15.3,162.0,170.8,1
TRA096-001056,2024-06-20,R1,T3,14.6,105.9,"65,2",46.8,1
TRA096-001057,2024-06-20,R4,T1,93.6,41.9,115.2,137.6,1
TRA096-001058,2024-06-20,R3,T2,65.5,49.8,119.0,105.3,1
TRA096-001059,2024-06-20,R5,T3,102.5,34.3,159.4,147.9,1
TRA096-001060,2024-06-21,R6,T1,40.1,89.2,60.0,76.1,1
TRA096-001061,2024-06-21,R4,T2,124.1,64.4,170.0,172.7,1
TRA096-001062,2024-06-21,R4,T3,26.8,71.1,64.1,60.8,1
TRA096-001063,2024-06-21,R3,T1,68.3,78.1,79.5,108.5,1
TRA096-001064,2024-06-21,R4,T2,104.7,59.7,139.5,150.4,1
TRA096-001065,2024-06-21,R6,T3,14.1,116.9,,46.2,0
TRA096-001066,2024-06-22,R5,T1,42.9,40.6,68.8,79.3,1
TRA096-001067,2024-06-22,R3,T2,101.5,45.5,135.0,146.7,1
TRA096-001068,2024-06-22,R1,T3,17.6,143.2,76.6,50.2,1
TRA096-001069,2024-06-22,R5,T1,74.8,82.5,98.9,116.0,1
TRA096-001070,2024-06-22,R2,T2,32.0,127.7,80.2,66.8,1
TRA096-001071,2024-06-22,R1,T3,146.9,137.8,208.4,198.9,1
TRA096-001072,2024-06-22,R2,T1,78.0,127.1,133.7,119.7,1
TRA096-001073,2024-06-23,R6,T2,85.9,13.9,106.0,128.8,1
TRA096-001074,2024-06-23,R3,T3,32.5,134.9,,67.4,0
TRA096-001075,2024-06-23,R6,T1,60.0,32.3,128.4,99.0,1
TRA096-001076,2024-06-23,R5,T2,78.1,136.9,121.1,119.8,1
TRA096-001077,2024-06-23,R6,T3,78.5,57.6,104.9,120.3,1
TRA096-001078,2024-06-23,R5,T1,123.8,12.8,,172.4,0
TRA096-001079,2024-06-24,R5,T2,149.4,29.1,206.4,201.8,1
TRA096-001080,2024-06-24,R2,T3,5.8,86.9,,36.7,1
TRA096-001081,2024-06-24,R3,T1,85.4,113.7,134.9,128.2,1
TRA096-001082,2024-06-24,R1,T2,115.9,67.4,163.5,163.3,1
TRA096-001083,2024-06-24,R6,T3,21.4,146.9,69.8,54.6,1
TRA096-001084,2024-06-24,R3,T1,57.6,75.5,67.5,96.2,1
TRA096-001085,2024-06-25,R2,T2,24.8,34.6,45.2,58.5,1
TRA096-001086,2024-06-25,R1,T3,11.5,13.9,13.0,43.2,1
TRA096-001087,2024-06-25,R2,T1,48.8,78.4,74.4,86.1,1
TRA096-001088,2024-06-25,R3,T2,31.4,126.5,78.1,66.1,1
TRA096-001089,2024-06-25,R1,T3,11.2,77.4,48.8,42.9,1
TRA096-001090,2024-06-25,R2,T1,114.8,9.7,146.9,162.0,1
TRA096-001091,2024-06-26,R3,T2,107.5,40.6,163.6,153.6,1
TRA096-001092,2024-06-26,R5,T3,86.5,79.8,99.1,129.5,1
TRA096-001093,2024-06-26,R3,T1,47.1,80.0,73.9,84.2,1
TRA096-001094,2024-06-26,R6,T2,16.2,67.5,62.9,48.6,1
TRA096-001095,2024-06-26,R4,T3,102.2,20.6,182.3,147.5,1
TRA096-001096,2024-06-26,R4,T1,53.3,112.9,98.7,91.3,1
TRA096-001097,2024-06-27,R4,T2,127.5,13.7,173.5,176.6,1
TRA096-001098,2024-06-27,R4,T3,138.6,67.4,183.8,189.4,1
TRA096-001099,2024-06-27,R2,T1,111.6,100.5,156.2,158.3,1
TRA096-001100,2024-06-27,R6,T2,67.4,57.6,98.1,107.5,1
TRA096-001101,2024-06-27,R6,T3,134.7,35.4,,184.9,0
TRA096-001102,2024-06-27,R1,T1,6.0,60.2,,36.9,0
TRA096-001103,2024-06-28,R5,T2,63.3,35.5,84.2,102.8,1
TRA096-001104,2024-06-28,R6,T3,112.4,94.5,172.5,159.3,1
TRA096-001105,2024-06-28,R5,T1,58.7,16.7,91.5,97.5,1
TRA096-001106,2024-06-28,R1,T2,128.5,71.7,190.2,177.8,1
TRA096-001107,2024-06-28,R6,T3,18.0,14.8,58.3,50.7,1
TRA096-001108,2024-06-28,R2,T1,146.8,1.2,190.0,198.8,1
TRA096-001109,2024-06-28,R6,T2,11.6,5.5,,43.3,0
TRA096-001110,2024-06-29,R5,T3,49.6,85.3,103.5,87.0,1
TRA096-001111,2024-06-29,R4,T1,77.9,96.4,117.4,119.6,1
TRA096-001112,2024-06-29,R6,T2,61.5,75.6,114.4,100.7,1
TRA096-001113,2024-06-29,R6,T3,2.2,48.3,9.3,32.5,1
TRA096-001114,2024-06-29,R1,T1,68.7,7.7,59.1,109.0,1
TRA096-001115,2024-06-29,R2,T2,88.1,58.7,125.3,131.3,1
TRA096-001116,2024-06-30,R5,T3,37.6,119.8,,73.2,0
TRA096-001117,2024-06-30,R6,T1,51.9,138.6,66.6,89.7,1
TRA096-001118,2024-06-30,R6,T2,69.5,48.2,89.4,109.9,1
TRA096-001119,2024-06-30,R1,T3,76.6,141.4,116.4,118.1,1
TRA096-001120,2024-06-30,R2,T1,104.3,81.8,160.5,149.9,1
TRA096-001121,2024-06-30,R3,T2,84.9,102.2,141.3,127.6,1
TRA096-001122,2024-07-01,R1,T3,62.0,33.7,112.7,101.3,1
TRA096-001123,2024-07-01,R6,T1,20.0,22.4,22.9,53.0,1
TRA096-001124,2024-07-01,R4,T2,25.7,35.4,60.6,59.6,1
TRA096-001125,2024-07-01,R3,T3,28.7,115.9,78.9,63.0,1
TRA096-001126,2024-07-01,R5,T1,42.2,124.7,63.3,78.5,1
TRA096-001127,2024-07-01,R6,T2,133.0,5.6,163.8,182.9,1
TRA096-001128,2024-07-02,R4,T3,20.4,127.6,62.7,53.5,1
TRA096-001129,2024-07-02,R4,T1,43.7,46.2,,80.3,0
TRA096-001130,2024-07-02,R1,T2,2.0,69.6,11.3,32.3,1
TRA096-001131,2024-07-02,R6,T3,19.5,107.2,49.3,52.4,1
TRA096-001132,2024-07-02,R4,T1,142.2,72.5,196.3,193.5,1
TRA096-001133,2024-07-02,R5,T2,68.6,119.4,78.2,108.9,1
TRA096-001134,2024-07-03,R1,T3,57.7,96.3,,96.4,0
TRA096-001135,2024-07-03,R4,T1,76.6,33.2,120.0,118.1,1
TRA096-001136,2024-07-03,R2,T2,95.0,84.9,123.8,139.2,1
TRA096-001137,2024-07-03,R1,T3,44.1,54.4,82.8,80.7,1
TRA096-001138,2024-07-03,R1,T1,128.4,47.6,,177.7,0
TRA096-001139,2024-07-03,R4,T2,34.2,11.9,44.7,69.3,1
TRA096-001140,2024-07-04,R4,T3,36.0,125.7,75.7,71.4,1
TRA096-001141,2024-07-04,R6,T1,49.4,93.5,65.9,86.8,1
TRA096-001142,2024-07-04,R5,T2,33.9,135.4,45.7,69.0,1
TRA096-001143,2024-07-04,R5,T3,62.5,97.6,119.8,101.9,1
TRA096-001144,2024-07-04,R2,T1,123.2,87.7,149.2,171.7,1
TRA096-001145,2024-07-04,R2,T2,47.0,63.0,91.6,84.0,1
TRA096-001146,2024-07-04,R1,T3,42.7,99.4,102.2,79.1,1
TRA096-001147,2024-07-05,R2,T1,127.7,27.8,167.2,176.9,1
TRA096-001148,2024-07-05,R2,T2,130.0,144.7,176.6,179.5,1
TRA096-001149,2024-07-05,R1,T3,12.3,131.1,57.6,44.1,1
TRA096-001150,2024-07-05,R3,T1,55.8,149.9,108.3,94.2,1
TRA096-001151,2024-07-05,R4,T2,111.0,19.2,144.9,157.6,1
TRA096-001152,2024-07-05,R3,T3,137.1,133.6,237.2,187.7,1
TRA096-001153,2024-07-06,R6,T1,40.9,110.1,,77.0,0
TRA096-001154,2024-07-06,R5,T2,122.9,142.1,183.7,171.3,1
TRA096-001155,2024-07-06,R1,T3,67.4,18.9,87.5,107.5,1
TRA096-001156,2024-07-06,R4,T1,39.9,119.9,74.3,75.9,1
TRA096-001157,2024-07-06,R6,T2,147.4,93.2,222.6,199.5,1
TRA096-001158,2024-07-06,R1,T3,121.1,35.7,174.2,169.3,1
TRA096-001159,2024-07-07,R3,T1,50.0,89.6,71.5,87.5,1
TRA096-001160,2024-07-07,R2,T2,82.9,139.0,122.3,125.3,1
TRA096-001161,2024-07-07,R4,T3,97.1,120.8,152.5,141.7,1
TRA096-001162,2024-07-07,R2,T1,57.4,83.6,81.5,96.0,1
TRA096-001163,2024-07-07,R1,T2,138.1,20.9,,188.8,1
TRA096-001164,2024-07-07,R4,T3,39.1,40.3,76.7,75.0,1
TRA096-001165,2024-07-08,R1,T1,20.2,11.8,60.5,53.2,1
TRA096-001166,2024-07-08,R2,T2,77.2,143.5,118.5,118.8,1
TRA096-001167,2024-07-08,R2,T3,39.0,146.3,83.5,74.8,1
TRA096-001168,2024-02-30,R6,T1,4.0,33.6,34.8,34.6,1
TRA096-001169,2024-07-08,R1,T2,68.4,51.1,89.9,108.7,1
TRA096-001170,2024-07-08,R1,T3,40.8,11.0,70.8,76.9,1
TRA096-001171,2024-07-09,R2,T1,19.5,129.8,39.1,52.4,1
TRA096-001172,2024-07-09,R6,T2,44.4,86.7,90.2,81.1,1
TRA096-001173,2024-07-09,R2,T3,149.2,73.2,236.2,201.6,1
TRA096-001174,2024-07-09,R3,T1,9.5,47.6,36.0,40.9,1
TRA096-001175,2024-07-09,R3,T2,35.9,18.3,26.1,71.3,1
TRA096-001176,2024-07-09,R5,T3,68.8,37.8,101.1,109.1,1
TRA096-001177,2024-07-10,R6,T1,130.6,29.8,147.5,180.2,1
TRA096-001178,2024-07-10,R6,T2,83.2,51.5,104.3,125.7,1
TRA096-001179,2024-07-10,R4,T3,75.4,4.5,159.5,116.7,1
TRA096-001180,2024-07-10,R3,T1,147.8,113.5,197.1,200.0,1
TRA096-001181,2024-07-10,R1,T2,135.6,19.4,175.3,185.9,1
TRA096-001182,2024-07-10,R6,T3,43.4,61.9,57.8,79.9,1
TRA096-001183,2024-07-11,R4,T1,18.5,39.5,48.2,51.3,1
TRA096-001184,2024-07-11,R2,T2,135.0,64.5,190.5,185.2,1
TRA096-001185,2024-07-11,R2,T3,74.5,108.1,128.9,115.7,1
TRA096-001186,2024-07-11,R5,T1,85.6,63.2,,128.4,0
TRA096-001187,2024-07-11,R3,T2,144.3,23.4,191.6,195.9,1
TRA096-001188,2024-07-11,R6,T3,139.7,40.4,191.9,190.7,1
TRA096-001189,2024-07-11,R6,T1,75.2,123.0,128.5,116.5,1
TRA096-001190,2024-07-12,R6,T2,45.8,66.7,85.6,82.7,1
TRA096-001191,2024-07-12,R5,T3,81.2,6.4,114.7,123.4,1
TRA096-001192,2024-07-12,R4,T1,41.6,63.2,75.8,77.8,1
TRA096-001193,2024-07-12,R1,T2,8.4,1.0,22.1,39.7,1
TRA096-001194,2024-07-12,R5,T3,28.5,106.6,50.0,62.8,1
TRA096-001195,2024-07-12,R2,T1,92.3,52.7,154.4,136.1,1
TRA096-001196,2024-07-13,R3,T2,116.4,69.5,158.3,163.9,1
TRA096-001197,2024-07-13,R4,T3,119.6,64.6,174.6,167.5,1
TRA096-001198,2024-07-13,R6,T1,128.3,91.5,199.7,177.5,1
TRA096-001199,2024-07-13,R4,T2,48.2,102.4,111.2,85.4,1
TRA096-001200,2024-07-13,R5,T3,132.0,14.5,173.6,181.8,1
TRA096-001201,2024-07-13,R3,T1,138.8,80.9,161.9,189.6,1
TRA096-001202,2024-07-14,R4,T2,12.0,115.8,37.8,43.8,1
TRA096-001203,2024-07-14,R1,T3,40.7,142.8,84.5,76.8,1
TRA096-001204,2024-07-14,R2,T1,10.5,30.6,13.2,42.1,1
TRA096-001205,2024-07-14,R2,T2,24.8,51.8,52.2,58.5,1
TRA096-001206,2024-07-14,R6,T3,60.5,37.7,87.9,99.6,1
TRA096-001207,2024-07-14,R5,T1,125.6,55.4,171.4,174.4,1
TRA096-001208,2024-07-15,R4,T2,103.3,9.2,135.6,148.8,1
TRA096-001209,2024-07-15,R2,T3,83.1,141.3,158.1,125.6,1
TRA096-001210,2024-07-15,R5,T1,106.0,119.7,154.4,151.9,1
TRA096-001211,2024-07-15,R2,T2,135.0,149.0,210.3,185.2,1
TRA096-001212,2024-07-15,R3,T3,28.8,73.5,54.5,63.1,1
TRA096-001213,2024-07-15,R6,T1,47.3,24.4,80.3,84.4,1
TRA096-001214,2024-07-16,R2,T2,105.8,4.9,131.6,151.7,1
TRA096-001215,2024-07-16,R6,T3,64.4,45.8,105.4,104.1,1
TRA096-001216,2024-07-16,R5,T1,31.6,50.9,57.3,66.3,1
TRA096-001217,2024-07-16,R6,T2,114.3,50.3,146.0,161.4,1
TRA096-001218,2024-07-16,R4,T3,135.0,45.0,188.1,185.2,1
TRA096-001219,2024-07-16,R6,T1,79.3,4.3,89.5,121.2,1
TRA096-001220,2024-07-17,R4,T2,141.4,68.4,167.2,192.6,1
TRA096-001221,2024-07-17,R5,T3,55.1,93.1,94.2,93.4,1
TRA096-001222,2024-07-17,R1,T1,43.4,36.6,51.1,79.9,1
TRA096-001223,2024-07-17,R2,T2,58.4,31.9,78.8,97.2,1
TRA096-001224,2024-07-17,R6,T3,73.9,72.0,120.2,115.0,1
TRA096-001225,2024-07-17,R6,T1,136.5,139.5,168.8,187.0,1
TRA096-001226,2024-07-17,R4,T2,143.8,92.7,206.3,195.4,1
TRA096-001227,2024-07-18,R4,T3,90.2,107.1,160.5,133.7,1
TRA096-001228,2024-07-18,R3,T1,108.5,112.0,145.9,154.8,1
TRA096-001229,2024-07-18,R2,T2,144.7,42.0,181.7,196.4,1
TRA096-001230,2024-07-18,R5,T3,114.3,141.8,142.7,161.4,1
TRA096-001231,2024-07-18,R3,T1,30.0,94.7,80.1,64.5,1
TRA096-001232,2024-07-18,R5,T2,5.7,81.5,43.0,36.6,1
TRA096-001233,2024-07-19,R2,T3,76.2,22.4,153.4,117.6,1
TRA096-001234,2024-07-19,R2,T1,82.3,128.1,124.8,124.6,1
TRA096-001235,2024-07-19,R5,T2,51.9,37.7,69.8,89.7,1
TRA096-001236,2024-07-19,R6,T3,38.6,112.4,69.5,74.4,1
TRA096-001237,2024-07-19,R3,T1,65.9,148.4,111.1,105.8,1
TRA096-001238,2024-07-19,R4,T2,72.6,92.3,,113.5,0
TRA096-001239,2024-07-20,R6,T3,120.5,104.8,196.7,168.6,1
TRA096-001240,2024-07-20,R1,T1,55.4,95.1,115.8,93.7,1
TRA096-001241,2024-07-20,R1,T2,133.2,121.3,211.3,183.2,1
TRA096-001242,2024-07-20,R5,T3,83.2,108.4,121.3,125.7,1
TRA096-001243,2024-07-20,R6,T1,25.6,33.5,34.5,59.4,1
TRA096-001244,2024-07-20,R6,T2,48.2,1.2,95.9,85.4,1
TRA096-001245,2024-07-21,R5,T3,69.4,85.8,96.2,109.8,1
TRA096-001246,2024-07-21,R2,T1,29.5,133.9,,63.9,1
TRA096-001247,2024-07-21,R2,T2,136.4,60.8,184.5,186.9,1
TRA096-001248,2024-07-21,R1,T3,123.8,90.1,174.3,172.4,1
TRA096-001249,2024-07-21,R5,T1,41.0,22.9,81.4,77.2,1
TRA096-001250,2024-07-21,R4,T2,83.5,29.1,99.8,126.0,1
TRA096-001251,2024-07-22,R2,T3,57.2,81.1,101.0,95.8,1
TRA096-001252,2024-07-22,R3,T1,24.7,97.4,40.6,58.4,1
TRA096-001253,2024-07-22,R2,T2,102.9,147.2,156.1,148.3,1
TRA096-001254,2024-07-22,R4,T3,10.1,108.3,25.1,41.6,1
TRA096-001255,2024-07-22,R4,T1,66.7,148.2,104.2,106.7,1
TRA096-001256,2024-07-22,R4,T2,47.7,27.7,47.0,84.9,1
TRA096-001257,2024-07-23,R6,T3,104.5,134.3,165.2,150.2,1
TRA096-001258,2024-07-23,R5,T1,53.6,12.5,78.4,91.6,1
TRA096-001259,2024-07-23,R5,T2,23.3,6.1,54.4,56.8,1
TRA096-001260,2024-07-23,R1,T3,6.9,121.8,17.5,37.9,1
TRA096-001261,2024-07-23,R1,T1,89.6,127.2,129.7,133.0,1
TRA096-001262,2024-07-23,R4,T2,4.4,72.9,42.5,35.1,1
TRA096-001263,2024-07-24,R4,T3,93.4,85.6,147.8,137.4,1
TRA096-001264,2024-07-24,R2,T1,83.3,27.7,105.9,125.8,1
TRA096-001265,2024-07-24,R3,T2,71.5,137.6,131.3,112.2,1
TRA096-001266,2024-07-24,R2,T3,143.9,40.2,174.3,195.5,1
TRA096-001267,2024-07-24,R1,T1,115.4,50.6,"157,4",162.7,1
TRA096-001268,2024-07-24,R6,T2,108.5,110.2,,154.8,0
TRA096-001269,2024-07-24,R6,T3,26.0,43.0,,59.9,0
TRA096-001270,2024-07-25,R4,T1,57.1,1.9,48.0,95.7,1
TRA096-001271,2024-07-25,R6,T2,103.8,118.2,176.1,149.4,1
TRA096-001272,2024-07-25,R3,T3,112.8,66.9,165.0,159.7,1
TRA096-001273,2024-07-25,R5,T1,17.0,16.9,23.8,49.5,1
TRA096-001274,2024-07-25,R1,T2,120.3,99.3,193.1,168.3,1
TRA096-001275,2024-07-25,R5,T3,4.1,29.1,34.5,34.7,1
TRA096-001276,2024-07-26,R4,T1,113.2,3.5,146.1,160.2,1
TRA096-001277,2024-07-26,R5,T2,36.7,89.1,57.3,72.2,1
TRA096-001278,2024-07-26,R6,T3,13.1,139.6,35.4,45.1,1
TRA096-001279,2024-07-26,R3,T1,104.4,14.5,142.9,150.1,1
TRA096-001280,2024-07-26,R1,T2,16.9,116.7,42.6,49.4,1
TRA096-001281,2024-07-26,R5,T3,45.8,134.1,100.8,82.7,1
TRA096-001282,2024-07-27,R4,T1,101.8,54.3,120.5,147.1,1
TRA096-001283,2024-07-27,R6,T2,17.9,68.5,,50.6,0
TRA096-001284,2024-07-27,R5,T3,127.8,99.4,172.7,177.0,1
TRA096-001285,2024-07-27,R6,T1,24.0,125.8,,57.6,0
TRA096-001286,2024-07-27,R3,T2,93.4,103.0,133.3,137.4,1
TRA096-001287,2024-07-27,R4,T3,134.4,77.1,196.6,184.6,1
TRA096-001288,2024-07-28,R1,T1,32.0,97.3,68.7,66.8,1
TRA096-001289,2024-07-28,R6,T2,107.8,117.0,167.6,154.0,1
TRA096-001290,2024-07-28,R6,T3,122.8,114.1,185.9,171.2,1
TRA096-001291,2024-07-28,R2,T1,68.2,75.9,,108.4,0
TRA096-001292,2024-07-28,R1,T2,29.3,14.8,61.7,63.7,1
TRA096-001293,2024-07-28,R2,T3,135.9,85.2,193.4,186.3,1
TRA096-001294,2024-07-29,R1,T1,45.9,51.3,-999,82.8,1
TRA096-001295,2024-07-29,R3,T2,58.1,47.5,48.9,96.8,1
TRA096-001296,2024-07-29,R4,T3,144.8,59.8,216.1,196.5,1
TRA096-001297,2024-07-29,R5,T1,28.1,60.3,58.9,62.3,1
TRA096-001298,2024-07-29,R2,T2,81.3,101.8,135.1,123.5,1
TRA096-001299,2024-07-29,R2,T3,95.3,102.6,139.8,139.6,1
TRA096-001300,2024-07-30,R2,T1,124.8,149.4,162.1,173.5,1
TRA096-001301,2024-07-30,R2,T2,2.5,83.7,24.1,32.9,1
TRA096-001302,2024-07-30,R1,T3,110.9,121.5,167.3,157.5,1
TRA096-001303,2024-07-30,R6,T1,79.5,29.1,123.5,121.4,1
TRA096-001304,2024-07-30,R4,T2,8.5,39.9,36.6,39.8,1
TRA096-001305,2024-07-30,R3,T3,90.9,72.9,128.0,134.5,1
TRA096-001306,2024-07-30,R4,T1,130.6,52.0,176.0,180.2,1
TRA096-001307,2024-07-31,R2,T2,71.5,118.5,92.6,112.2,1
TRA096-001308,2024-07-31,R6,T3,99.3,18.1,134.3,144.2,1
TRA096-001309,2024-07-31,R1,T1,131.9,60.6,164.2,181.7,1
TRA096-001310,2024-07-31,R6,T2,93.5,65.3,111.6,137.5,1
TRA096-001311,2024-07-31,R5,T3,7.6,22.9,27.0,38.7,1
TRA096-001312,2024-07-31,R4,T1,88.4,133.8,116.9,131.7,1
TRA096-001313,2024-08-01,R2,T2,64.7,119.1,93.9,104.4,1
TRA096-001314,2024-08-01,R1,T3,2.1,69.4,21.2,32.4,1
TRA096-001315,2024-08-01,R4,T1,110.4,102.4,136.2,157.0,1
TRA096-001316,2024-08-01,R4,T2,111.1,40.1,158.4,157.8,1
TRA096-001317,2024-08-01,R1,T3,79.9,55.9,96.9,121.9,1
TRA096-001318,2024-08-01,R3,T1,147.5,93.0,148.3,199.6,1
TRA096-001319,2024-08-02,R3,T2,145.1,4.7,177.3,196.9,1
TRA096-001320,2024-08-02,R1,T3,139.8,90.7,199.3,190.8,1
TRA096-001321,2024-08-02,R1,T1,84.6,33.1,113.2,127.3,1
TRA096-001322,2024-08-02,R2,T2,70.8,122.1,106.2,111.4,1
TRA096-001323,2024-08-02,R1,T3,109.1,19.2,166.9,155.5,1
TRA096-001324,2024-08-02,R5,T1,15.3,70.0,35.5,47.6,1
TRA096-001325,2024-08-03,R1,T2,70.1,63.1,92.6,110.6,1
TRA096-001326,2024-08-03,R4,T3,19.9,3.2,,52.9,0
TRA096-001327,2024-08-03,R4,T1,46.7,13.7,72.7,83.7,1
TRA096-001328,2024-08-03,R4,T2,48.1,96.6,93.2,85.3,1
TRA096-001329,2024-08-03,R3,T3,10.9,65.1,,42.5,1
TRA096-001330,2024-08-03,R1,T1,78.1,16.9,107.7,119.8,1
TRA096-001331,2024-08-04,R4,T2,125.3,121.8,174.4,174.1,1
TRA096-001332,2024-08-04,R6,T3,61.4,24.7,102.3,100.6,1
TRA096-001333,2024-08-04,R5,T1,72.1,79.9,90.7,112.9,1
TRA096-001334,2024-08-04,R3,T2,111.7,55.5,163.9,158.5,1
TRA096-001335,2024-08-04,R6,T3,20.4,30.5,37.0,53.5,1
TRA096-001336,2024-08-04,R6,T1,72.8,39.7,,113.7,0
TRA096-001337,2024-08-05,R3,T2,19.4,14.4,,52.3,0
TRA096-001338,2024-08-05,R5,T3,6.9,108.3,42.2,37.9,1
TRA096-001339,2024-08-05,R5,T1,38.2,56.1,31.9,73.9,1
TRA096-001340,2024-08-05,R1,T2,94.6,41.6,120.1,138.8,1
TRA096-001341,2024-08-05,R3,T3,37.6,61.6,79.3,73.2,1
TRA096-001342,2024-08-05,R3,T1,25.1,47.4,37.9,58.9,1
TRA096-001343,2024-08-06,R6,T2,28.9,16.8,26.7,63.2,1
TRA096-001344,2024-08-06,R3,T3,67.7,18.1,111.4,107.9,1
TRA096-001345,2024-08-06,R1,T1,70.0,137.9,110.3,110.5,1
TRA096-001346,2024-08-06,R2,T2,81.5,50.7,95.2,123.7,1
TRA096-001347,2024-08-06,R6,T3,43.1,110.6,98.5,79.6,1
TRA096-001348,2024-08-06,R4,T1,27.6,119.8,46.8,61.7,1
TRA096-001349,2024-08-06,R4,T2,79.3,146.2,131.5,121.2,1
TRA096-001350,2024-08-07,R6,T3,141.7,105.2,195.8,193.0,1
TRA096-001351,2024-08-07,R3,T1,74.1,38.7,94.2,115.2,1
TRA096-001352,2024-08-07,R5,T2,37.8,14.5,65.8,73.5,1
TRA096-001353,2024-08-07,R4,T3,94.8,141.8,140.4,139.0,1
TRA096-001354,2024-08-07,R1,T1,145.5,90.2,200.7,197.3,1
TRA096-001355,2024-08-07,R4,T2,51.3,141.0,129.9,89.0,1
TRA096-001356,2024-08-08,R4,T3,29.7,75.7,62.0,64.2,1
TRA096-001357,2024-08-08,R6,T1,50.5,94.8,49.8,88.1,1
TRA096-001358,2024-08-08,R5,T2,141.8,18.5,201.0,193.1,1
TRA096-001359,2024-08-08,R2,T3,92.9,69.2,149.7,136.8,1
TRA096-001360,2024-08-08,R5,T1,21.0,30.0,,54.1,0
TRA096-001361,2024-08-08,R4,T2,79.6,60.7,126.1,121.5,1
TRA096-001362,2024-08-09,R3,T3,109.0,77.5,173.0,155.3,1
TRA096-001363,2024-08-09,R1,T1,4.4,36.7,16.2,35.1,1
TRA096-001364,2024-08-09,R4,T2,136.3,60.5,185.7,186.7,1
TRA096-001365,2024-08-09,R5,T3,148.1,10.9,195.9,200.3,1
TRA096-001366,2024-08-09,R6,T1,26.2,112.0,64.2,60.1,1
TRA096-001367,2024-08-09,R4,T2,11.3,33.1,25.3,43.0,1
TRA096-001368,2024-08-10,R2,T3,56.6,146.4,97.7,95.1,1
TRA096-001369,2024-08-10,R5,T1,65.3,6.1,78.5,105.1,1
TRA096-001370,2024-08-10,R3,T2,140.3,121.2,216.8,191.3,1
TRA096-001371,2024-08-10,R3,T3,78.3,126.9,141.1,120.0,1
TRA096-001372,2024-08-10,R4,T1,43.5,62.4,90.2,80.0,1
TRA096-001373,2024-08-10,R2,T2,88.3,6.4,121.5,131.5,1
TRA096-001374,2024-08-11,R4,T3,70.8,11.1,117.7,111.4,1
TRA096-001375,2024-08-11,R5,T1,149.7,116.6,177.9,202.2,1
TRA096-001376,2024-08-11,R2,T2,35.6,64.3,69.9,70.9,1
TRA096-001377,2024-08-11,R1,T3,122.3,129.7,163.7,170.6,1
TRA096-001378,2024-08-11,R1,T1,91.6,108.5,124.0,135.3,1
TRA096-001379,2024-08-11,R3,T2,7.6,101.6,34.7,38.7,1
TRA096-001380,2024-08-12,R1,T3,12.0,124.7,57.3,43.8,1
TRA096-001381,2024-08-12,R6,T1,46.3,119.6,80.2,83.2,1
TRA096-001382,2024-08-12,R5,T2,142.4,110.4,168.2,193.8,1
TRA096-001383,2024-08-12,R2,T3,88.2,137.6,130.8,131.4,1
TRA096-001384,2024-08-12,R5,T1,43.7,62.1,70.8,80.3,1
TRA096-001385,2024-08-12,R6,T2,15.2,72.9,36.3,47.5,1
TRA096-001386,2024-08-12,R2,T3,67.1,127.1,126.9,107.2,1
TRA096-001387,2024-08-13,R3,T1,81.9,9.1,84.9,124.2,1
TRA096-001388,2024-08-13,R1,T2,148.4,29.0,194.8,200.7,1
TRA096-001389,2024-08-13,R6,T3,56.5,124.3,85.1,95.0,1
TRA096-001390,2024-08-13,R4,T1,24.2,34.5,53.0,57.8,1
TRA096-001391,2024-08-13,R3,T2,66.8,80.1,124.9,106.8,1
TRA096-001392,2024-08-13,R6,T3,56.8,16.4,71.4,95.3,1
TRA096-001393,2024-08-14,R2,T1,119.4,14.1,131.7,167.3,1
TRA096-001394,2024-08-14,R2,T2,106.7,31.0,150.7,152.7,1
TRA096-001395,2024-08-14,R3,T3,76.3,23.0,119.6,117.7,1
TRA096-001396,2024-08-14,R4,T1,71.9,64.4,85.1,112.7,1
TRA096-001397,2024-08-14,R3,T2,112.0,126.0,173.4,158.8,1
TRA096-001398,2024-08-14,R3,T3,129.5,105.2,214.4,178.9,1
TRA096-001399,2024-08-15,R2,T1,23.0,1.3,42.4,56.5,1
TRA096-001400,2024-08-15,R4,T2,125.9,115.1,201.0,174.8,1
TRA096-001401,2024-08-15,R3,T3,126.2,24.1,206.1,175.1,1
TRA096-001402,2024-08-15,R1,T1,67.4,22.2,91.8,107.5,1
TRA096-001403,2024-08-15,R5,T2,24.5,28.8,19.7,58.2,1
TRA096-001404,2024-08-15,R3,T3,136.1,134.7,216.1,186.5,1
TRA096-001405,2024-08-16,R2,T1,40.2,22.7,62.3,76.2,1
TRA096-001406,2024-08-16,R4,T2,96.2,134.4,149.4,140.6,1
TRA096-001407,2024-08-16,R6,T3,28.6,50.6,74.8,62.9,1
TRA096-001408,2024-08-16,R3,T1,13.5,17.3,36.9,45.5,1
TRA096-001409,2024-08-16,R6,T2,30.0,131.1,71.3,64.5,1
TRA096-001410,2024-08-16,R2,T3,11.0,18.8,36.8,42.6,1
TRA096-001411,2024-08-17,R5,T1,28.6,127.5,63.2,62.9,1
TRA096-001412,2024-08-17,R3,T2,60.9,82.7,,100.0,1
TRA096-001413,2024-08-17,R6,T3,7.0,32.5,12.7,38.0,1
TRA096-001414,2024-08-17,R5,T1,10.2,124.5,64.1,41.7,1
TRA096-001415,2024-08-17,R3,T2,145.4,103.7,199.7,197.2,1
TRA096-001416,2024-08-17,R2,T3,13.6,50.7,55.3,45.6,1
TRA096-001417,2024-08-18,R6,T1,92.4,92.2,141.5,136.3,1
TRA096-001418,2024-08-18,R5,T2,78.1,102.6,121.1,119.8,1
TRA096-001419,2024-08-18,R2,T3,77.1,103.8,130.9,118.7,1
TRA096-001420,2024-08-18,R6,T1,34.2,104.3,88.2,69.3,1
TRA096-001421,2024-08-18,R2,T2,131.6,68.8,189.8,181.3,1
TRA096-001422,2024-08-18,R1,T3,27.8,99.7,61.7,62.0,1
TRA096-001423,2024-08-18,R3,T1,20.6,40.8,48.3,53.7,1
TRA096-001424,2024-08-19,R5,T2,32.4,132.1,61.1,67.3,1
TRA096-001425,2024-08-19,R5,T3,102.7,41.0,146.8,148.1,1
TRA096-001426,2024-08-19,R6,T1,4.6,105.8,15.5,35.3,1
TRA096-001427,2024-08-19,R4,T2,66.9,24.0,74.3,106.9,1
TRA096-001428,2024-08-19,R3,T3,9.4,68.6,41.7,40.8,1
TRA096-001429,2024-08-19,R6,T1,84.0,61.1,99.0,126.6,1
TRA096-001430,2024-08-20,R2,T2,3.3,90.0,,33.8,0
TRA096-001431,2024-08-20,R4,T3,9.1,132.7,40.6,40.5,1
TRA096-001432,2024-08-20,R1,T1,4.9,84.3,5,35.6,1
TRA096-001433,2024-08-20,R6,T2,17.1,59.9,66.9,49.7,1
TRA096-001434,2024-08-20,R4,T3,134.5,31.2,191.9,184.7,1
TRA096-001435,2024-08-20,R6,T1,35.2,10.7,22.5,70.5,1
TRA096-001436,2024-08-21,R3,T2,93.2,143.1,128.9,137.2,1
TRA096-001437,2024-08-21,R6,T3,5.6,122.9,22.4,36.4,1
TRA096-001438,2024-08-21,R5,T1,81.1,144.2,129.1,123.3,1
TRA096-001439,2024-08-21,R3,T2,71.1,107.8,,111.8,0
TRA096-001440,2024-08-21,R2,T3,59.9,87.4,,98.9,0
TRA096-001441,2024-08-21,R2,T1,113.6,92.7,168.1,160.6,1
TRA096-001442,2024-08-22,R1,T2,49.1,60.1,,86.5,0
TRA096-001443,2024-08-22,R2,T3,10.2,85.3,47.5,41.7,1
TRA096-001444,2024-08-22,R5,T1,51.1,49.9,76.0,88.8,1
TRA096-001445,2024-08-22,R6,T2,30.3,133.9,,64.8,0
TRA096-001446,2024-08-22,R3,T3,135.1,45.0,220.6,185.4,1
TRA096-001447,2024-08-22,R4,T1,139.9,73.4,163.2,190.9,1
TRA096-001448,2024-08-23,R2,T2,50.9,128.2,76.5,88.5,1
TRA096-001449,2024-08-23,R4,T3,147.8,53.3,219.6,200.0,1
TRA096-001450,2024-08-23,R2,T1,76.8,47.0,99.7,118.3,1
TRA096-001451,2024-08-23,R3,T2,86.2,23.9,112.9,129.1,1
TRA096-001452,2024-08-23,R6,T3,67.4,147.1,,107.5,0
TRA096-001453,2024-08-23,R3,T1,126.8,105.9,167.2,175.8,1
TRA096-001454,2024-08-24,R6,T2,98.3,67.2,,143.0,0
TRA096-001455,2024-08-24,R1,T3,63.4,25.6,80.0,102.9,1
TRA096-001456,2024-08-24,R2,T1,86.2,91.9,147.3,129.1,1
TRA096-001457,2024-08-24,R4,T2,52.2,40.1,92.2,90.0,1
TRA096-001458,2024-08-24,R3,T3,133.1,30.9,189.9,183.1,1
TRA096-001459,2024-08-24,R2,T1,147.2,95.4,210.3,199.3,1
TRA096-001460,2024-08-25,R5,T2,56.7,30.1,85.0,95.2,1
TRA096-001461,2024-08-25,R5,T3,112.0,23.2,150.8,158.8,1
TRA096-001462,2024-08-25,R1,T1,81.1,91.4,136.4,123.3,1
TRA096-001463,2024-08-25,R3,T2,66.0,11.3,,105.9,0
TRA096-001464,2024-08-25,R6,T3,99.3,41.4,141.9,144.2,1
TRA096-001465,2024-08-25,R2,T1,120.8,58.0,163.1,168.9,1
TRA096-001466,2024-08-25,R4,T2,63.8,37.9,119.8,103.4,1
TRA096-001467,2024-08-26,R3,T3,114.5,33.4,169.5,161.7,1
TRA096-001468,2024-08-26,R2,T1,105.5,137.8,164.6,151.3,1
TRA096-001469,2024-08-26,R2,T2,9.9,54.9,33.6,41.4,1
TRA096-001470,2024-08-26,R4,T3,64.8,70.7,89.1,104.5,1
TRA096-001471,2024-08-26,R5,T1,61.6,94.9,89.0,100.8,1
TRA096-001472,2024-08-26,R1,T2,33.1,147.7,74.1,68.1,1
TRA096-001473,2024-08-27,R2,T3,6.4,30.3,17.3,37.4,1
TRA096-001474,2024-08-27,R3,T1,67.4,78.6,88.0,107.5,1
TRA096-001475,2024-08-27,R4,T2,48.0,74.2,89.1,85.2,1
TRA096-001476,2024-08-27,R2,T3,147.9,80.7,189.6,200.1,1
TRA096-001477,2024-08-27,R6,T1,76.0,51.5,108.8,117.4,1
TRA096-001478,2024-08-27,R5,T2,90.6,22.8,"125,4",134.2,1
TRA096-001479,2024-08-28,R4,T3,47.2,46.1,73.9,84.3,1
TRA096-001480,2024-08-28,R2,T1,101.2,142.2,147.6,146.4,1
TRA096-001481,2024-08-28,R6,T2,109.7,73.3,168.5,156.2,1
TRA096-001482,2024-08-28,R4,T3,138.4,128.9,199.5,189.2,1
TRA096-001483,2024-08-28,R5,T1,134.2,124.4,179.9,184.3,1
TRA096-001484,2024-08-28,R3,T2,54.2,66.5,89.0,92.3,1
TRA096-001485,2024-08-29,R2,T3,4.9,139.6,52.2,35.6,1
TRA096-001486,2024-08-29,R2,T1,33.4,72.2,58.8,68.4,1
TRA096-001487,2024-08-29,R2,T2,22.9,117.4,35.6,56.3,1
TRA096-001488,2024-08-29,R6,T3,112.1,113.6,176.6,158.9,1
TRA096-001489,2024-08-29,R2,T1,62.3,41.4,103.4,101.6,1
TRA096-001490,2024-08-29,R2,T2,53.5,12.0,62.7,91.5,1
TRA096-001491,2024-08-30,R4,T3,123.5,10.5,197.4,172.0,1
TRA096-001492,2024-08-30,R6,T1,95.2,65.0,135.7,139.5,1
TRA096-001493,2024-08-30,R4,T2,139.8,140.2,188.8,190.8,1
TRA096-001494,2024-08-30,R4,T3,140.4,134.3,219.1,191.5,1
TRA096-001495,2024-08-30,R4,T1,123.0,31.2,,171.4,1
TRA096-001496,2024-08-30,R6,T2,20.0,55.4,55.1,53.0,1
TRA096-001497,2024-08-31,R2,T3,47.6,111.7,116.3,84.7,1
TRA096-001498,2024-08-31,R4,T1,30.6,118.4,37.9,65.2,1
TRA096-001499,2024-08-31,R2,T2,120.5,81.6,130.9,168.6,1
TRA096-001500,2024-08-31,R2,T3,141.6,43.5,200.3,192.8,1
TRA096-001501,2024-08-31,R6,T1,59.6,140.9,122.3,98.5,1
TRA096-001502,2024-08-31,R6,T2,71.2,13.4,110.7,111.9,1
TRA096-001503,2024-08-31,R4,T3,103.0,144.8,141.8,148.4,1
TRA096-001504,2024-09-01,R1,T1,56.9,87.1,88.1,95.4,1
TRA096-001505,2024-09-01,R5,T2,64.8,29.6,94.3,104.5,1
TRA096-001506,2024-09-01,R6,T3,132.5,135.4,208.1,182.4,1
TRA096-001507,2024-09-01,R6,T1,45.7,87.2,78.9,82.6,1
TRA096-001508,2024-09-01,R4,T2,79.8,89.7,120.5,121.8,1
TRA096-001509,2024-09-01,R5,T3,54.7,51.6,,92.9,0
TRA096-001510,2024-09-02,R4,T1,122.0,105.2,175.9,170.3,1
TRA096-001511,2024-09-02,R4,T2,86.4,136.5,144.8,129.4,1
TRA096-001512,2024-09-02,R2,T3,17.0,127.2,82.9,49.5,1
TRA096-001513,2024-09-02,R6,T1,102.5,53.7,150.7,147.9,1
TRA096-001514,2024-09-02,R6,T2,91.0,35.4,121.8,134.6,1
TRA096-001515,2024-09-02,R2,T3,110.4,138.3,188.0,157.0,1
TRA096-001516,2024-09-03,R4,T1,7.2,64.1,27.8,38.3,1
TRA096-001517,2024-09-03,R6,T2,132.7,123.2,,182.6,0
TRA096-001518,2024-09-03,R6,T3,68.1,87.0,108.1,108.3,1
TRA096-001519,2024-09-03,R3,T1,118.3,128.4,,166.0,0
TRA096-001520,2024-09-03,R1,T2,70.5,42.4,106.5,111.1,1
TRA096-001521,2024-09-03,R6,T3,121.5,114.2,188.0,169.7,1
TRA096-001522,2024-09-04,R5,T1,71.5,8.0,111.3,112.2,1
TRA096-001523,2024-09-04,R2,T2,10.3,103.3,23.4,41.8,1
TRA096-001524,2024-09-04,R4,T3,49.8,30.2,95.2,87.3,1
TRA096-001525,2024-09-04,R1,T1,100.9,35.2,133.4,146.0,1
TRA096-001526,2024-09-04,R5,T2,86.9,119.1,137.6,129.9,1
TRA096-001527,2024-09-04,R3,T3,33.5,63.2,80.3,68.5,1
TRA096-001528,2024-09-05,R1,T1,90.1,145.0,153.0,133.6,1
TRA096-001529,2024-09-05,R6,T2,89.3,136.8,131.0,132.7,1
TRA096-001530,2024-09-05,R4,T3,13.3,106.8,43.0,45.3,1
TRA096-001531,2024-09-05,R4,T1,10.6,112.5,32.5,42.2,1
TRA096-001532,2024-09-05,R2,T2,77.4,79.8,130.7,119.0,1
TRA096-001533,2024-09-05,R1,T3,138.1,72.2,208.9,188.8,1
TRA096-001534,2024-09-06,R4,T1,60.9,139.8,109.2,100.0,1
TRA096-001535,2024-09-06,R1,T2,24.6,1.2,24.0,58.3,1
TRA096-001536,2024-09-06,R1,T3,103.4,13.2,152.9,148.9,1
TRA096-001537,2024-09-06,R4,T1,102.9,59.1,147.3,148.3,1
TRA096-001538,2024-09-06,R6,T2,128.9,116.1,180.8,178.2,1
TRA096-001539,2024-09-06,R1,T3,9.8,128.0,,41.3,0
TRA096-001540,2024-09-07,R5,T1,78.4,60.0,118.8,120.2,1
TRA096-001541,2024-09-07,R3,T2,95.6,26.0,145.5,139.9,1
TRA096-001542,2024-09-07,R5,T3,115.0,86.5,192.7,162.2,1
TRA096-001543,2024-09-07,R2,T1,85.1,21.1,113.3,127.9,1
TRA096-001544,2024-09-07,R4,T2,65.3,80.1,113.9,105.1,1
TRA096-001545,2024-09-07,R6,T3,38.6,71.1,103.3,74.4,1
TRA096-001546,2024-09-07,R6,T1,61.9,13.1,82.8,101.2,1
TRA096-001547,2024-09-08,R6,T2,33.3,105.7,62.3,68.3,1
TRA096-001548,2024-09-08,R6,T3,117.1,41.7,165.3,164.7,1
TRA096-001549,2024-09-08,R2,T1,87.7,133.6,125.8,130.9,1
TRA096-001550,2024-09-08,R1,T2,60.4,17.9,82.7,99.5,1
TRA096-001551,2024-09-08,R6,T3,73.0,35.1,102.1,113.9,1
TRA096-001552,2024-09-08,R3,T1,37.7,134.2,50.1,73.4,1
TRA096-001553,2024-09-09,R6,T2,82.8,76.5,133.1,125.2,1
TRA096-001554,2024-09-09,R3,T3,131.7,2.3,215.6,181.5,1
TRA096-001555,2024-09-09,R5,T1,56.2,69.5,105.9,94.6,1
TRA096-001556,2024-09-09,R5,T2,131.6,122.8,201.0,181.3,1
TRA096-001557,2024-02-30,R6,T3,111.2,15.6,158.5,157.9,1
TRA096-001558,2024-09-09,R4,T1,105.8,84.2,139.8,151.7,1
TRA096-001559,2024-09-10,R4,T2,73.5,148.1,104.7,114.5,1
TRA096-001560,2024-09-10,R2,T3,119.3,137.5,164.7,167.2,1
TRA096-001561,2024-09-10,R1,T1,72.3,55.2,101.1,113.1,1
TRA096-001562,2024-09-10,R4,T2,34.9,137.9,68.6,70.1,1
TRA096-001563,2024-09-10,R4,T3,84.4,43.0,101.7,127.1,1
TRA096-001564,2024-09-10,R2,T1,47.7,79.6,76.3,84.9,1
TRA096-001565,2024-09-11,R5,T2,74.9,56.7,143.9,116.1,1
TRA096-001566,2024-09-11,R5,T3,90.5,11.7,123.3,134.1,1
TRA096-001567,2024-09-11,R5,T1,49.7,13.1,66.6,87.2,1
TRA096-001568,2024-09-11,R4,T2,103.5,79.3,130.5,149.0,1
TRA096-001569,2024-09-11,R4,T3,121.8,29.9,158.4,170.1,1
TRA096-001570,2024-09-11,R5,T1,127.7,6.4,161.9,176.9,1
TRA096-001571,2024-09-12,R4,T2,85.3,135.3,123.6,128.1,1
TRA096-001572,2024-09-12,R4,T3,92.3,78.4,142.7,136.1,1
TRA096-001573,2024-09-12,R5,T1,70.2,61.3,,110.7,0
TRA096-001574,2024-09-12,R2,T2,147.9,98.6,212.5,200.1,1
TRA096-001575,2024-09-12,R6,T3,116.1,64.0,182.2,163.5,1
TRA096-001576,2024-09-12,R5,T1,88.3,112.3,,131.5,0
TRA096-001577,2024-09-13,R4,T2,64.4,93.3,102.9,104.1,1
TRA096-001578,2024-09-13,R1,T3,20.6,144.9,,53.7,1
TRA096-001579,2024-09-13,R1,T1,99.5,137.5,128.5,144.4,1
TRA096-001580,2024-09-13,R3,T2,94.3,110.1,163.1,138.4,1
TRA096-001581,2024-09-13,R4,T3,111.7,34.8,160.9,158.5,1
TRA096-001582,2024-09-13,R6,T1,130.9,71.7,161.7,180.5,1
TRA096-001583,2024-09-13,R4,T2,14.9,54.6,38.7,47.1,1
TRA096-001584,2024-09-14,R4,T3,68.8,81.3,105.9,109.1,1
TRA096-001585,2024-09-14,R6,T1,104.4,29.8,116.9,150.1,1
TRA096-001586,2024-09-14,R4,T2,26.0,38.6,17.8,59.9,1
TRA096-001587,2024-09-14,R1,T3,42.3,36.6,93.9,78.6,1
TRA096-001588,2024-09-14,R6,T1,28.5,86.4,68.8,62.8,1
TRA096-001589,2024-09-14,R5,T2,107.2,23.0,154.1,153.3,1
TRA096-001590,2024-09-15,R5,T3,27.8,45.1,84.6,62.0,1
TRA096-001591,2024-09-15,R1,T1,128.9,121.9,161.6,178.2,1
TRA096-001592,2024-09-15,R6,T2,7.7,23.8,5.4,38.9,1
TRA096-001593,2024-09-15,R4,T3,33.7,111.0,64.6,68.8,1
TRA096-001594,2024-09-15,R5,T1,37.1,40.3,60.8,72.7,1
TRA096-001595,2024-09-15,R4,T2,19.7,118.2,48.5,52.7,1
TRA096-001596,2024-09-16,R1,T3,9.6,79.5,8.4,41.0,1
TRA096-001597,2024-09-16,R4,T1,87.6,143.1,130.7,130.7,1
TRA096-001598,2024-09-16,R6,T2,77.2,25.8,101.4,118.8,1
TRA096-001599,2024-09-16,R5,T3,86.9,31.5,124.5,129.9,1
TRA096-001600,2024-09-16,R2,T1,106.7,84.4,,152.7,0
TRA096-001601,2024-09-16,R1,T2,125.7,77.5,194.4,174.6,1
TRA096-001602,2024-09-17,R3,T3,119.2,69.7,175.6,167.1,1
TRA096-001603,2024-09-17,R5,T1,45.4,52.0,93.7,82.2,1
TRA096-001604,2024-09-17,R6,T2,62.6,96.6,,102.0,0
TRA096-001605,2024-09-17,R6,T3,81.8,21.3,109.9,124.1,1
TRA096-001606,2024-09-17,R6,T1,123.1,58.4,172.2,171.6,1
TRA096-001607,2024-09-17,R5,T2,35.6,109.4,39.3,70.9,1
TRA096-001608,2024-09-18,R4,T3,141.0,118.7,214.8,192.1,1
TRA096-001609,2024-09-18,R2,T1,68.6,101.0,82.2,108.9,1
TRA096-001610,2024-09-18,R3,T2,107.2,50.4,140.3,153.3,1
TRA096-001611,2024-09-18,R1,T3,112.0,129.0,169.5,158.8,1
TRA096-001612,2024-09-18,R2,T1,86.9,39.2,97.4,129.9,1
TRA096-001613,2024-09-18,R6,T2,87.2,127.0,131.1,130.3,1
TRA096-001614,2024-09-19,R3,T3,18.3,38.1,49.1,51.0,1
TRA096-001615,2024-09-19,R3,T1,23.3,83.1,34.2,56.8,1
TRA096-001616,2024-09-19,R3,T2,115.8,103.2,137.4,163.2,1
TRA096-001617,2024-09-19,R5,T3,57.7,32.0,110.4,96.4,1
TRA096-001618,2024-09-19,R5,T1,56.5,144.0,81.6,95.0,1
TRA096-001619,2024-09-19,R2,T2,83.3,98.5,95.3,125.8,1
TRA096-001620,2024-09-19,R4,T3,98.6,140.3,154.6,143.4,1
TRA096-001621,2024-09-20,R6,T1,118.7,68.0,145.3,166.5,1
TRA096-001622,2024-09-20,R2,T2,7.6,129.6,34.6,38.7,1
TRA096-001623,2024-09-20,R4,T3,56.2,86.1,,94.6,0
TRA096-001624,2024-09-20,R5,T1,101.0,118.1,139.9,146.1,1
TRA096-001625,2024-09-20,R4,T2,102.0,36.2,122.0,147.3,1
TRA096-001626,2024-09-20,R6,T3,97.1,49.9,144.0,141.7,1
TRA096-001627,2024-09-21,R4,T1,104.0,42.8,158.6,149.6,1
TRA096-001628,2024-09-21,R5,T2,116.7,113.7,174.4,164.2,1
TRA096-001629,2024-09-21,R2,T3,21.1,88.6,50.2,54.3,1
TRA096-001630,2024-09-21,R4,T1,97.7,105.3,127.2,142.4,1
TRA096-001631,2024-09-21,R6,T2,9.6,29.4,25.5,41.0,1
TRA096-001632,2024-09-21,R4,T3,103.9,115.2,,149.5,0
TRA096-001633,2024-09-22,R5,T1,22.6,81.1,49.8,56.0,1
TRA096-001634,2024-09-22,R1,T2,8.1,99.9,30.9,39.3,1
TRA096-001635,2024-09-22,R5,T3,87.8,95.8,129.8,131.0,1
TRA096-001636,2024-09-22,R1,T1,50.9,60.0,100.4,88.5,1
TRA096-001637,2024-09-22,R1,T2,143.3,88.8,,194.8,0
TRA096-001638,2024-09-22,R3,T3,94.1,134.5,168.5,138.2,1
TRA096-001639,2024-09-23,R5,T1,52.5,34.6,63.7,90.4,1
TRA096-001640,2024-09-23,R1,T2,16.4,73.1,71.1,48.9,1
TRA096-001641,2024-09-23,R1,T3,147.5,42.2,223.7,199.6,1
TRA096-001642,2024-09-23,R3,T1,85.1,130.0,96.6,127.9,1
TRA096-001643,2024-09-23,R6,T2,63.0,148.2,91.2,102.4,1
TRA096-001644,2024-09-23,R6,T3,2.0,70.1,41.6,32.3,1
TRA096-001645,2024-09-24,R1,T1,142.4,92.4,169.2,193.8,1
TRA096-001646,2024-09-24,R6,T2,54.6,148.7,104.3,92.8,1
TRA096-001647,2024-09-24,R1,T3,136.2,29.3,194.4,186.6,1
TRA096-001648,2024-09-24,R5,T1,147.7,22.1,149.3,199.9,1
TRA096-001649,2024-09-24,R3,T2,38.5,118.2,65.2,74.3,1
TRA096-001650,2024-09-24,R4,T3,60.3,40.6,96.8,99.3,1
TRA096-001651,2024-09-25,R1,T1,104.8,26.9,138.1,150.5,1
TRA096-001652,2024-09-25,R4,T2,104.6,2.8,149.7,150.3,1
TRA096-001653,2024-09-25,R2,T3,119.1,92.2,161.9,167.0,1
TRA096-001654,2024-09-25,R1,T1,98.8,59.1,145.7,143.6,1
TRA096-001655,2024-09-25,R2,T2,7.7,12.8,7.3,38.9,1
TRA096-001656,2024-09-25,R4,T3,76.0,1.1,89.6,117.4,1
TRA096-001657,2024-09-26,R6,T1,111.3,52.8,114.2,158.0,1
TRA096-001658,2024-09-26,R2,T2,68.0,18.9,83.2,108.2,1
TRA096-001659,2024-09-26,R6,T3,137.4,77.2,200.4,188.0,1
TRA096-001660,2024-09-26,R1,T1,143.1,85.8,171.6,194.6,1
TRA096-001661,2024-09-26,R6,T2,6.2,141.8,,37.1,1
TRA096-001662,2024-09-26,R4,T3,115.1,126.2,182.2,162.4,1
TRA096-001663,2024-09-26,R2,T1,20.1,140.7,41.1,53.1,1
TRA096-001664,2024-09-27,R3,T2,122.4,58.4,151.8,170.8,1
TRA096-001665,2024-09-27,R6,T3,2.5,43.1,34.6,32.9,1
TRA096-001666,2024-09-27,R6,T1,94.8,32.3,119.5,139.0,1
TRA096-001667,2024-09-27,R1,T2,67.4,65.8,76.2,107.5,1
TRA096-001668,2024-09-27,R2,T3,139.7,57.8,196.0,190.7,1
TRA096-001669,2024-09-27,R2,T1,21.6,65.3,42.4,54.8,1
TRA096-001670,2024-09-28,R2,T2,27.8,51.5,53.4,62.0,1
TRA096-001671,2024-09-28,R1,T3,144.4,139.1,210.7,196.1,1
TRA096-001672,2024-09-28,R1,T1,87.3,6.4,122.1,130.4,1
TRA096-001673,2024-09-28,R3,T2,59.3,132.4,100.8,98.2,1
TRA096-001674,2024-09-28,R4,T3,8.4,54.2,28.4,39.7,1
TRA096-001675,2024-09-28,R3,T1,143.8,52.4,188.0,195.4,1
TRA096-001676,2024-09-29,R3,T2,144.4,78.1,186.4,196.1,1
TRA096-001677,2024-09-29,R1,T3,131.5,46.1,185.3,181.2,1
TRA096-001678,2024-09-29,R6,T1,17.5,25.8,26.4,50.1,1
TRA096-001679,2024-09-29,R1,T2,135.1,12.4,165.6,185.4,1
TRA096-001680,2024-09-29,R6,T3,20.2,121.0,20.8,53.2,1
TRA096-001681,2024-09-29,R5,T1,115.8,17.3,138.7,163.2,1
TRA096-001682,2024-09-30,R3,T2,33.7,25.9,69.7,68.8,1
TRA096-001683,2024-09-30,R2,T3,146.5,127.7,227.9,198.5,1
TRA096-001684,2024-09-30,R3,T1,45.3,90.3,71.2,82.1,1
TRA096-001685,2024-09-30,R6,T2,118.1,113.9,163.0,165.8,1
TRA096-001686,2024-09-30,R6,T3,120.5,140.6,202.5,168.6,1
TRA096-001687,2024-09-30,R4,T1,16.4,35.5,44.9,48.9,1
TRA096-001688,2024-10-01,R3,T2,133.7,39.9,185.2,183.8,1
TRA096-001689,2024-10-01,R4,T3,90.6,38.1,"115,8",134.2,1
TRA096-001690,2024-10-01,R6,T1,27.1,72.0,77.7,61.2,1
TRA096-001691,2024-10-01,R1,T2,12.0,119.3,42.5,43.8,1
TRA096-001692,2024-10-01,R3,T3,132.1,89.2,195.6,181.9,1
TRA096-001693,2024-10-01,R2,T1,71.9,79.5,95.3,112.7,1
TRA096-001694,2024-10-02,R3,T2,115.3,141.0,184.8,162.6,1
TRA096-001695,2024-10-02,R6,T3,112.3,37.1,153.7,159.1,1
TRA096-001696,2024-10-02,R3,T1,22.4,140.7,69.1,55.8,1
TRA096-001697,2024-10-02,R3,T2,81.1,51.0,123.0,123.3,1
TRA096-001698,2024-10-02,R6,T3,81.6,144.7,152.0,123.8,1
TRA096-001699,2024-10-02,R6,T1,101.7,93.3,126.6,147.0,1
TRA096-001700,2024-10-02,R6,T2,108.9,78.2,159.3,155.2,1
TRA096-001701,2024-10-03,R6,T3,114.0,126.8,177.9,161.1,1
TRA096-001702,2024-10-03,R5,T1,72.9,7.5,86.8,113.8,1
TRA096-001703,2024-10-03,R3,T2,77.6,84.1,128.5,119.2,1
TRA096-001704,2024-10-03,R3,T3,132.5,60.8,210.2,182.4,1
TRA096-001705,2024-10-03,R2,T1,39.9,71.3,45.9,75.9,1
TRA096-001706,2024-10-03,R5,T2,145.6,128.9,198.0,197.4,1
TRA096-001707,2024-10-04,R1,T3,40.7,81.4,89.3,76.8,1
TRA096-001708,2024-10-04,R6,T1,40.8,83.8,77.2,76.9,1
TRA096-001709,2024-10-04,R2,T2,59.7,120.2,116.1,98.7,1
TRA096-001710,2024-10-04,R4,T3,50.5,93.9,86.3,88.1,1
TRA096-001711,2024-10-04,R2,T1,5.0,88.0,29.8,35.8,1
TRA096-001712,2024-10-04,R2,T2,27.3,114.8,53.4,61.4,1
TRA096-001713,2024-10-05,R3,T3,61.5,133.3,116.3,100.7,1
TRA096-001714,2024-10-05,R4,T1,100.1,26.5,150.1,145.1,1
TRA096-001715,2024-10-05,R1,T2,144.3,116.2,199.0,195.9,1
TRA096-001716,2024-10-05,R4,T3,32.0,136.1,48.8,66.8,1
TRA096-001717,2024-10-05,R6,T1,118.6,1.2,147.9,166.4,1
TRA096-001718,2024-10-05,R6,T2,13.5,77.0,24.7,45.5,1
TRA096-001719,2024-10-06,R4,T3,88.0,122.2,160.6,131.2,1
TRA096-001720,2024-10-06,R5,T1,122.1,28.8,130.9,170.4,1
TRA096-001721,2024-10-06,R5,T2,8.4,136.8,54.8,39.7,1
TRA096-001722,2024-10-06,R2,T3,95.5,36.8,134.8,139.8,1
TRA096-001723,2024-10-06,R1,T1,137.0,110.9,167.4,187.5,1
TRA096-001724,2024-10-06,R5,T2,127.8,121.0,181.2,177.0,1
TRA096-001725,2024-10-07,R2,T3,122.1,12.0,-999,170.4,1
TRA096-001726,2024-10-07,R4,T1,69.3,38.6,104.5,109.7,1
TRA096-001727,2024-10-07,R1,T2,7.9,29.2,19.5,39.1,1
TRA096-001728,2024-10-07,R2,T3,57.7,69.9,90.5,96.4,1
TRA096-001729,2024-10-07,R4,T1,43.9,35.9,49.1,80.5,1
TRA096-001730,2024-10-07,R1,T2,78.0,24.7,111.1,119.7,1
TRA096-001731,2024-10-08,R4,T3,45.5,122.0,101.5,82.3,1
TRA096-001732,2024-10-08,R4,T1,14.5,102.9,32.3,46.7,1
TRA096-001733,2024-10-08,R3,T2,120.7,132.5,181.8,168.8,1
TRA096-001734,2024-10-08,R5,T3,93.6,7.2,140.2,137.6,1
TRA096-001735,2024-10-08,R5,T1,100.8,85.9,128.6,145.9,1
TRA096-001736,2024-10-08,R3,T2,80.1,93.5,116.5,122.1,1
TRA096-001737,2024-10-09,R4,T3,14.9,36.1,32.2,47.1,1
TRA096-001738,2024-10-09,R6,T1,108.1,9.9,144.5,154.3,1
TRA096-001739,2024-10-09,R2,T2,117.2,93.5,172.1,164.8,1
TRA096-001740,2024-10-09,R3,T3,39.7,120.4,74.2,75.7,1
TRA096-001741,2024-10-09,R2,T1,2.8,68.0,25.9,33.2,1
TRA096-001742,2024-10-09,R5,T2,23.5,103.4,40.1,57.0,1
TRA096-001743,2024-10-09,R5,T3,83.0,64.7,152.6,125.4,1
TRA096-001744,2024-10-10,R2,T1,88.9,53.3,,132.2,1
TRA096-001745,2024-10-10,R4,T2,83.8,55.7,102.8,126.4,1
TRA096-001746,2024-10-10,R1,T3,2.3,71.8,12.7,32.6,1
TRA096-001747,2024-10-10,R1,T1,49.8,19.3,61.5,87.3,1
TRA096-001748,2024-10-10,R1,T2,14.9,143.4,16.5,47.1,1
TRA096-001749,2024-10-10,R5,T3,90.3,68.2,160.0,133.8,1
TRA096-001750,2024-10-11,R6,T1,133.1,9.2,148.9,183.1,1
TRA096-001751,2024-10-11,R2,T2,58.9,4.1,96.6,97.7,1
TRA096-001752,2024-10-11,R1,T3,109.5,94.1,151.6,155.9,1
TRA096-001753,2024-10-11,R3,T1,25.5,149.0,65.8,59.3,1
TRA096-001754,2024-10-11,R1,T2,115.0,147.4,171.6,162.2,1
TRA096-001755,2024-10-11,R1,T3,9.1,104.7,25.2,40.5,1
TRA096-001756,2024-10-12,R1,T1,136.5,11.1,142.5,187.0,1
TRA096-001757,2024-10-12,R5,T2,91.3,70.2,143.5,135.0,1
TRA096-001758,2024-10-12,R5,T3,138.5,31.7,187.2,189.3,1
TRA096-001759,2024-10-12,R3,T1,55.9,13.8,76.5,94.3,1
TRA096-001760,2024-10-12,R6,T2,76.9,111.6,128.0,118.4,1
TRA096-001761,2024-10-12,R5,T3,31.5,1.3,49.9,66.2,1
TRA096-001762,2024-10-13,R4,T1,101.4,144.8,139.4,146.6,1
TRA096-001763,2024-10-13,R2,T2,96.3,112.6,135.8,140.7,1
TRA096-001764,2024-10-13,R3,T3,117.3,66.6,150.9,164.9,1
TRA096-001765,2024-10-13,R5,T1,22.5,54.0,58.4,55.9,1
TRA096-001766,2024-10-13,R4,T2,79.7,23.8,111.3,121.7,1
TRA096-001767,2024-10-13,R4,T3,114.3,139.2,185.0,161.4,1
TRA096-001768,2024-10-14,R3,T1,143.9,22.8,,195.5,0
TRA096-001769,2024-10-14,R2,T2,62.7,103.2,88.5,102.1,1
TRA096-001770,2024-10-14,R4,T3,107.1,96.9,,153.2,0
TRA096-001771,2024-10-14,R2,T1,45.3,15.3,70.7,82.1,1
TRA096-001772,2024-10-14,R6,T2,27.5,140.1,61.0,61.6,1
TRA096-001773,2024-10-14,R3,T3,140.1,98.8,181.3,191.1,1
TRA096-001774,2024-10-15,R3,T1,67.8,38.6,97.5,108.0,1
TRA096-001775,2024-10-15,R1,T2,75.6,5.7,95.8,116.9,1
TRA096-001776,2024-10-15,R3,T3,28.9,97.2,73.3,63.2,1
TRA096-001777,2024-10-15,R4,T1,63.2,38.5,73.7,102.7,1
TRA096-001778,2024-10-15,R3,T2,116.5,37.7,148.3,164.0,1
TRA096-001779,2024-10-15,R4,T3,88.8,23.5,128.1,132.1,1
TRA096-001780,2024-10-15,R6,T1,69.8,86.7,131.4,110.3,1
TRA096-001781,2024-10-16,R6,T2,22.1,51.2,52.5,55.4,1
TRA096-001782,2024-10-16,R5,T3,96.3,19.8,129.6,140.7,1
TRA096-001783,2024-10-16,R6,T1,24.4,71.1,51.0,58.1,1
TRA096-001784,2024-10-16,R4,T2,100.7,99.5,146.2,145.8,1
TRA096-001785,2024-10-16,R5,T3,49.3,47.6,86.6,86.7,1
TRA096-001786,2024-10-16,R6,T1,2.6,132.5,24.6,33.0,1
TRA096-001787,2024-10-17,R4,T2,91.4,64.5,118.8,135.1,1
TRA096-001788,2024-10-17,R2,T3,57.0,133.3,106.9,95.5,1
TRA096-001789,2024-10-17,R6,T1,61.2,48.1,86.2,100.4,1
TRA096-001790,2024-10-17,R2,T2,68.0,135.9,88.2,108.2,1
TRA096-001791,2024-10-17,R2,T3,61.1,44.2,81.3,100.3,1
TRA096-001792,2024-10-17,R1,T1,138.7,99.7,186.3,189.5,1
TRA096-001793,2024-10-18,R4,T2,93.7,67.1,151.1,137.8,1
TRA096-001794,2024-10-18,R6,T3,95.3,50.9,150.8,139.6,1
TRA096-001795,2024-10-18,R3,T1,25.6,63.0,49.2,59.4,1
TRA096-001796,2024-10-18,R1,T2,19.0,58.1,34.0,51.8,1
TRA096-001797,2024-10-18,R5,T3,74.4,65.5,96.3,115.6,1
TRA096-001798,2024-10-18,R1,T1,99.4,143.5,135.2,144.3,1
TRA096-001799,2024-10-19,R4,T2,64.5,142.4,140.6,104.2,1
TRA096-001800,2024-10-19,R1,T3,88.2,89.4,124.2,131.4,1
TRA096-001801,2024-10-19,R3,T1,128.8,116.3,176.3,178.1,1
TRA096-001802,2024-10-19,R5,T2,20.4,122.3,57.2,53.5,1
TRA096-001803,2024-10-19,R4,T3,76.8,16.2,107.4,118.3,1
TRA096-001804,2024-10-19,R1,T1,52.9,3.5,61.2,90.8,1
TRA096-001805,2024-10-20,R4,T2,133.2,113.3,191.9,183.2,1
TRA096-001806,2024-10-20,R2,T3,51.1,13.9,88.8,88.8,1
TRA096-001807,2024-10-20,R5,T1,89.0,32.8,126.6,132.3,1
TRA096-001808,2024-10-20,R6,T2,63.9,7.4,73.3,103.5,1
TRA096-001809,2024-10-20,R2,T3,53.5,85.7,80.2,91.5,1
TRA096-001810,2024-10-20,R4,T1,39.7,119.4,67.5,75.7,1
TRA096-001811,2024-10-21,R4,T2,125.7,87.3,182.8,174.6,1
TRA096-001812,2024-10-21,R1,T3,126.6,140.2,203.7,175.6,1
TRA096-001813,2024-10-21,R1,T1,41.2,43.3,67.3,77.4,1
TRA096-001814,2024-10-21,R1,T2,14.3,25.0,52.8,46.4,1
TRA096-001815,2024-10-21,R3,T3,41.0,61.4,63.3,77.2,1
TRA096-001816,2024-10-21,R5,T1,88.9,49.0,113.2,132.2,1
TRA096-001817,2024-10-21,R3,T2,120.7,58.1,145.8,168.8,1
TRA096-001818,2024-10-22,R1,T3,108.4,4.5,178.0,154.7,1
TRA096-001819,2024-10-22,R3,T1,139.0,73.2,194.4,189.8,1
TRA096-001820,2024-10-22,R4,T2,28.1,133.9,47.1,62.3,1
TRA096-001821,2024-10-22,R1,T3,53.6,131.1,105.2,91.6,1
TRA096-001822,2024-10-22,R3,T1,132.8,46.6,167.1,182.7,1
TRA096-001823,2024-10-22,R1,T2,128.2,26.9,152.3,177.4,1
TRA096-001824,2024-10-23,R3,T3,107.8,26.3,139.2,154.0,1
TRA096-001825,2024-10-23,R2,T1,66.8,33.9,73.2,106.8,1
TRA096-001826,2024-10-23,R3,T2,75.5,19.3,98.7,116.8,1
TRA096-001827,2024-10-23,R1,T3,42.7,55.0,,79.1,1
TRA096-001828,2024-10-23,R1,T1,107.0,34.8,135.7,153.1,1
TRA096-001829,2024-10-23,R2,T2,25.5,74.4,100.3,59.3,1
TRA096-001830,2024-10-24,R1,T3,117.9,31.1,183.7,165.6,1
TRA096-001831,2024-10-24,R1,T1,41.4,101.9,65.8,77.6,1
TRA096-001832,2024-10-24,R1,T2,114.1,148.5,163.9,161.2,1
TRA096-001833,2024-10-24,R5,T3,144.1,1.0,192.2,195.7,1
TRA096-001834,2024-10-24,R2,T1,112.0,35.1,110.1,158.8,1
TRA096-001835,2024-10-24,R3,T2,46.6,29.4,71.2,83.6,1
TRA096-001836,2024-10-25,R2,T3,72.7,69.2,103.7,113.6,1
TRA096-001837,2024-10-25,R6,T1,119.1,109.1,163.7,167.0,1
TRA096-001838,2024-10-25,R2,T2,64.7,93.9,101.5,104.4,1
TRA096-001839,2024-10-25,R4,T3,56.3,6.3,75.1,94.7,1
TRA096-001840,2024-10-25,R4,T1,99.7,56.8,132.6,144.7,1
TRA096-001841,2024-10-25,R3,T2,142.4,144.8,208.9,193.8,1
TRA096-001842,2024-10-26,R4,T3,110.5,60.2,175.5,157.1,1
TRA096-001843,2024-10-26,R4,T1,19.6,50.2,15.6,52.5,1
TRA096-001844,2024-10-26,R6,T2,29.9,18.0,41.1,64.4,1
TRA096-001845,2024-10-26,R5,T3,98.7,53.6,157.8,143.5,1
TRA096-001846,2024-10-26,R1,T1,98.7,100.1,120.5,143.5,1
TRA096-001847,2024-10-26,R2,T2,32.8,133.8,80.0,67.7,1
TRA096-001848,2024-10-27,R5,T3,35.3,91.4,66.6,70.6,1
TRA096-001849,2024-10-27,R1,T1,39.5,46.9,71.5,75.4,1
TRA096-001850,2024-10-27,R2,T2,29.7,6.2,54.7,64.2,1
TRA096-001851,2024-10-27,R5,T3,139.9,123.3,208.4,190.9,1
TRA096-001852,2024-10-27,R2,T1,33.9,4.2,69.2,69.0,1
TRA096-001853,2024-10-27,R1,T2,4.5,146.7,15.6,35.2,1
TRA096-001854,2024-10-28,R4,T3,30.9,47.7,,65.5,0
TRA096-001855,2024-10-28,R6,T1,25.2,16.9,38.2,59.0,1
TRA096-001856,2024-10-28,R6,T2,97.7,87.4,142.6,142.4,1
TRA096-001857,2024-10-28,R6,T3,32.4,28.7,42.2,67.3,1
TRA096-001858,2024-10-28,R2,T1,90.9,58.8,111.4,134.5,1
TRA096-001859,2024-10-28,R3,T2,127.6,124.1,182.0,176.7,1
TRA096-001860,2024-10-28,R4,T3,108.6,26.7,183.7,154.9,1
TRA096-001861,2024-10-29,R2,T1,89.3,116.9,145.0,132.7,1
TRA096-001862,2024-10-29,R4,T2,25.8,137.5,,59.7,0
TRA096-001863,2024-10-29,R3,T3,114.8,19.2,155.0,162.0,1
TRA096-001864,2024-10-29,R2,T1,121.5,94.0,175.3,169.7,1
TRA096-001865,2024-10-29,R5,T2,125.1,120.1,184.0,173.9,1
TRA096-001866,2024-10-29,R6,T3,60.3,115.1,94.0,99.3,1
TRA096-001867,2024-10-30,R5,T1,139.8,78.8,160.6,190.8,1
TRA096-001868,2024-10-30,R6,T2,99.9,12.8,157.1,144.9,1
TRA096-001869,2024-10-30,R3,T3,48.5,135.4,96.2,85.8,1
TRA096-001870,2024-10-30,R4,T1,105.1,20.7,148.3,150.9,1
TRA096-001871,2024-10-30,R3,T2,31.6,12.4,62.8,66.3,1
TRA096-001872,2024-10-30,R4,T3,26.7,115.8,41.7,60.7,1
TRA096-001873,2024-10-31,R6,T1,137.3,62.3,168.4,187.9,1
TRA096-001874,2024-10-31,R6,T2,44.7,38.9,41.1,81.4,1
TRA096-001875,2024-10-31,R2,T3,34.9,112.4,76.6,70.1,1
TRA096-001876,2024-10-31,R4,T1,115.4,104.4,143.5,162.7,1
TRA096-001877,2024-10-31,R5,T2,28.4,44.0,45.3,62.7,1
TRA096-001878,2024-10-31,R1,T3,55.7,79.4,114.5,94.1,1
TRA096-001879,2024-11-01,R5,T1,114.6,59.3,146.5,161.8,1
TRA096-001880,2024-11-01,R6,T2,47.4,90.4,65.1,84.5,1
TRA096-001881,2024-11-01,R1,T3,9.3,119.9,45.7,40.7,1
TRA096-001882,2024-11-01,R6,T1,4.4,58.7,,35.1,0
TRA096-001883,2024-11-01,R1,T2,62.1,15.0,58.3,101.4,1
TRA096-001884,2024-11-01,R4,T3,22.0,85.0,54.1,55.3,1
TRA096-001885,2024-11-02,R2,T1,23.8,45.9,89.7,57.4,1
TRA096-001886,2024-11-02,R1,T2,87.2,15.7,107.1,130.3,1
TRA096-001887,2024-11-02,R2,T3,95.6,7.2,143.8,139.9,1
TRA096-001888,2024-11-02,R6,T1,5.6,69.2,22.1,36.4,1
TRA096-001889,2024-11-02,R4,T2,22.1,87.3,54.2,55.4,1
TRA096-001890,2024-11-02,R5,T3,79.4,16.5,128.7,121.3,1
TRA096-001891,2024-11-03,R3,T1,12.6,20.7,23.8,44.5,1
TRA096-001892,2024-11-03,R5,T2,50.1,50.7,77.0,87.6,1
TRA096-001893,2024-11-03,R3,T3,105.6,114.3,186.0,151.4,1
TRA096-001894,2024-11-03,R5,T1,121.6,118.5,150.9,169.8,1
TRA096-001895,2024-11-03,R3,T2,93.8,17.6,163.2,137.9,1
TRA096-001896,2024-11-03,R5,T3,12.2,13.2,45.0,44.0,1
TRA096-001897,2024-11-03,R4,T1,136.7,5.8,171.1,187.2,1
TRA096-001898,2024-11-04,R4,T2,8.1,27.0,36.1,39.3,1
TRA096-001899,2024-11-04,R6,T3,10.4,31.6,31.9,42.0,1
TRA096-001900,2024-11-04,R1,T1,51.6,42.7,"82,2",89.3,1
TRA096-001901,2024-11-04,R1,T2,108.3,77.0,125.2,154.5,1
TRA096-001902,2024-11-04,R4,T3,80.6,143.6,134.6,122.7,1
TRA096-001903,2024-11-04,R6,T1,31.5,34.0,63.5,66.2,1
TRA096-001904,2024-11-05,R2,T2,140.7,65.2,184.6,191.8,1
TRA096-001905,2024-11-05,R5,T3,125.1,1.9,166.1,173.9,1
TRA096-001906,2024-11-05,R6,T1,91.0,130.3,142.1,134.6,1
TRA096-001907,2024-11-05,R1,T2,6.3,53.4,33.0,37.2,1
TRA096-001908,2024-11-05,R1,T3,61.7,36.2,,101.0,0
TRA096-001909,2024-11-05,R1,T1,48.3,103.4,64.1,85.5,1
TRA096-001910,2024-11-06,R3,T2,104.1,63.5,,149.7,1
TRA096-001911,2024-11-06,R3,T3,115.8,40.2,197.7,163.2,1
TRA096-001912,2024-11-06,R3,T1,68.1,102.0,110.3,108.3,1
TRA096-001913,2024-11-06,R4,T2,54.8,35.0,66.4,93.0,1
TRA096-001914,2024-11-06,R1,T3,42.7,60.5,42.8,79.1,1
TRA096-001915,2024-11-06,R1,T1,61.3,135.3,93.1,100.5,1
TRA096-001916,2024-11-07,R4,T2,116.4,13.0,172.1,163.9,1
TRA096-001917,2024-11-07,R1,T3,113.0,43.6,183.4,159.9,1
TRA096-001918,2024-11-07,R3,T1,10.4,18.1,24.1,42.0,1
TRA096-001919,2024-11-07,R1,T2,121.0,1.9,185.4,169.1,1
TRA096-001920,2024-11-07,R5,T3,55.6,111.2,120.5,93.9,1
TRA096-001921,2024-11-07,R4,T1,45.8,122.3,67.7,82.7,1
TRA096-001922,2024-11-08,R3,T2,130.1,8.2,187.9,179.6,1
TRA096-001923,2024-11-08,R4,T3,6.5,148.3,57.2,37.5,1
TRA096-001924,2024-11-08,R2,T1,64.9,136.2,111.2,104.6,1
TRA096-001925,2024-11-08,R5,T2,119.6,20.6,166.1,167.5,1
TRA096-001926,2024-11-08,R2,T3,71.4,49.9,91.9,112.1,1
TRA096-001927,2024-11-08,R6,T1,130.4,24.7,140.9,180.0,1
TRA096-001928,2024-11-09,R1,T2,47.2,118.0,91.7,84.3,1
TRA096-001929,2024-11-09,R3,T3,123.0,44.9,188.8,171.4,1
TRA096-001930,2024-11-09,R4,T1,56.8,96.8,112.2,95.3,1
TRA096-001931,2024-11-09,R3,T2,47.2,8.4,70.6,84.3,1
TRA096-001932,2024-11-09,R1,T3,29.9,142.3,95.4,64.4,1
TRA096-001933,2024-11-09,R6,T1,92.8,78.0,104.0,136.7,1
TRA096-001934,2024-11-10,R3,T2,114.1,38.8,165.6,161.2,1
TRA096-001935,2024-11-10,R6,T3,6.4,89.4,38.9,37.4,1
TRA096-001936,2024-11-10,R2,T1,142.2,13.9,171.5,193.5,1
TRA096-001937,2024-11-10,R4,T2,4.9,77.9,36.4,35.6,1
TRA096-001938,2024-11-10,R6,T3,59.0,116.4,84.4,97.8,1
TRA096-001939,2024-11-10,R6,T1,148.2,122.8,186.6,200.4,1
TRA096-001940,2024-11-10,R4,T2,136.5,11.1,147.6,187.0,1
TRA096-001941,2024-11-11,R4,T3,108.3,1.2,147.9,154.5,1
TRA096-001942,2024-11-11,R3,T1,97.8,102.1,145.3,142.5,1
TRA096-001943,2024-11-11,R2,T2,106.6,128.6,166.2,152.6,1
TRA096-001944,2024-11-11,R5,T3,4.6,25.3,15.3,35.3,1
TRA096-001945,2024-11-11,R2,T1,135.3,63.2,198.8,185.6,1
TRA096-001946,2024-02-30,R2,T2,140.5,91.4,185.0,191.6,1
TRA096-001947,2024-11-12,R5,T3,108.7,102.0,182.3,155.0,1
TRA096-001948,2024-11-12,R4,T1,136.4,28.3,156.7,186.9,1
TRA096-001949,2024-11-12,R5,T2,30.8,69.4,49.1,65.4,1
TRA096-001950,2024-11-12,R5,T3,82.9,98.3,126.7,125.3,1
TRA096-001951,2024-11-12,R6,T1,80.3,30.8,117.1,122.3,1
TRA096-001952,2024-11-12,R3,T2,52.9,149.4,98.7,90.8,1
TRA096-001953,2024-11-13,R6,T3,63.2,137.7,128.5,102.7,1
TRA096-001954,2024-11-13,R6,T1,137.6,51.8,172.3,188.2,1
TRA096-001955,2024-11-13,R5,T2,143.8,32.4,184.5,195.4,1
TRA096-001956,2024-11-13,R3,T3,44.6,26.5,71.6,81.3,1
TRA096-001957,2024-11-13,R1,T1,40.8,137.9,68.7,76.9,1
TRA096-001958,2024-11-13,R1,T2,76.5,19.7,125.3,118.0,1
TRA096-001959,2024-11-14,R2,T3,80.9,21.5,120.3,123.0,1
TRA096-001960,2024-11-14,R3,T1,126.9,71.2,171.4,175.9,1
TRA096-001961,2024-11-14,R4,T2,86.6,74.1,106.4,129.6,1
TRA096-001962,2024-11-14,R2,T3,124.1,43.4,168.4,172.7,1
TRA096-001963,2024-11-14,R1,T1,125.5,58.2,161.9,174.3,1
TRA096-001964,2024-11-14,R4,T2,82.5,77.6,118.5,124.9,1
TRA096-001965,2024-11-15,R3,T3,123.0,103.2,176.9,171.4,1
TRA096-001966,2024-11-15,R1,T1,50.5,11.7,79.3,88.1,1
TRA096-001967,2024-11-15,R3,T2,21.9,84.7,51.2,55.2,1
TRA096-001968,2024-11-15,R4,T3,22.9,147.1,69.5,56.3,1
TRA096-001969,2024-11-15,R6,T1,100.7,133.3,159.8,145.8,1
TRA096-001970,2024-11-15,R3,T2,100.3,102.7,146.3,145.3,1
TRA096-001971,2024-11-16,R5,T3,128.8,105.0,202.6,178.1,1
TRA096-001972,2024-11-16,R6,T1,36.9,129.6,46.6,72.4,1
TRA096-001973,2024-11-16,R5,T2,90.7,17.3,107.8,134.3,1
TRA096-001974,2024-11-16,R3,T3,59.9,78.5,80.6,98.9,1
TRA096-001975,2024-11-16,R4,T1,11.2,26.5,37.8,42.9,1
TRA096-001976,2024-11-16,R3,T2,56.4,94.8,95.6,94.9,1
TRA096-001977,2024-11-16,R5,T3,9.2,49.9,30.8,40.6,1
TRA096-001978,2024-11-17,R1,T1,101.8,69.8,132.0,147.1,1
TRA096-001979,2024-11-17,R6,T2,14.7,82.7,20.5,46.9,1
TRA096-001980,2024-11-17,R5,T3,103.8,16.4,159.8,149.4,1
TRA096-001981,2024-11-17,R2,T1,47.9,125.7,91.0,85.1,1
TRA096-001982,2024-11-17,R2,T2,7.0,96.6,40.7,38.0,1
TRA096-001983,2024-11-17,R3,T3,50.2,94.3,99.1,87.7,1
TRA096-001984,2024-11-18,R4,T1,105.2,25.1,118.4,151.0,1
TRA096-001985,2024-11-18,R6,T2,32.7,2.8,48.9,67.6,1
TRA096-001986,2024-11-18,R6,T3,121.5,56.3,175.0,169.7,1
TRA096-001987,2024-11-18,R1,T1,42.6,11.3,63.0,79.0,1
TRA096-001988,2024-11-18,R3,T2,79.2,17.9,125.6,121.1,1
TRA096-001989,2024-11-18,R4,T3,12.7,37.9,23.2,44.6,1
TRA096-001990,2024-11-19,R4,T1,22.5,64.0,69.2,55.9,1
TRA096-001991,2024-11-19,R3,T2,82.1,69.7,129.8,124.4,1
TRA096-001992,2024-11-19,R3,T3,126.8,46.2,170.1,175.8,1
TRA096-001993,2024-11-19,R2,T1,93.3,133.2,,137.3,1
TRA096-001994,2024-11-19,R5,T2,114.1,139.0,157.6,161.2,1
TRA096-001995,2024-11-19,R5,T3,55.9,124.7,109.6,94.3,1
TRA096-001996,2024-11-20,R3,T1,14.1,104.5,57.9,46.2,1
TRA096-001997,2024-11-20,R1,T2,81.2,22.2,114.3,123.4,1
TRA096-001998,2024-11-20,R4,T3,110.3,117.4,166.1,156.8,1
TRA096-001999,2024-11-20,R4,T1,17.0,69.0,27.2,49.5,1
TRA096-002000,2024-11-20,R2,T2,66.1,143.0,97.8,106.0,1
TRA096-002001,2024-11-20,R5,T3,124.8,64.1,184.7,173.5,1
TRA096-002002,2024-11-21,R4,T1,72.9,8.6,81.7,113.8,1
TRA096-002003,2024-11-21,R3,T2,144.3,109.1,200.7,195.9,1
TRA096-002004,2024-11-21,R6,T3,126.0,43.3,174.1,174.9,1
TRA096-002005,2024-11-21,R6,T1,105.8,89.3,150.0,151.7,1
TRA096-002006,2024-11-21,R4,T2,53.1,22.4,59.0,91.1,1
TRA096-002007,2024-11-21,R2,T3,15.2,29.8,60.8,47.5,1
TRA096-002008,2024-11-22,R2,T1,81.2,140.4,134.9,123.4,1
TRA096-002009,2024-11-22,R5,T2,130.9,138.6,217.3,180.5,1
TRA096-002010,2024-11-22,R2,T3,67.2,110.9,104.6,107.3,1
TRA096-002011,2024-11-22,R5,T1,78.9,43.9,116.6,120.7,1
TRA096-002012,2024-11-22,R3,T2,132.7,121.5,165.0,182.6,1
TRA096-002013,2024-11-22,R2,T3,13.8,142.1,60.2,45.9,1
TRA096-002014,2024-11-23,R3,T1,108.3,80.7,153.5,154.5,1
TRA096-002015,2024-11-23,R4,T2,47.8,98.0,81.7,85.0,1
TRA096-002016,2024-11-23,R2,T3,32.1,78.2,73.1,66.9,1
TRA096-002017,2024-11-23,R6,T1,120.0,53.4,138.4,168.0,1
TRA096-002018,2024-11-23,R1,T2,136.5,25.9,172.0,187.0,1
TRA096-002019,2024-11-23,R2,T3,88.6,61.1,127.6,131.9,1
TRA096-002020,2024-11-23,R1,T1,94.7,109.0,136.9,138.9,1
TRA096-002021,2024-11-24,R5,T2,122.9,98.5,160.2,171.3,1
TRA096-002022,2024-11-24,R2,T3,31.7,59.1,53.6,66.5,1
TRA096-002023,2024-11-24,R1,T1,101.6,30.1,117.8,146.8,1
TRA096-002024,2024-11-24,R6,T2,93.3,20.0,103.8,137.3,1
TRA096-002025,2024-11-24,R1,T3,91.8,126.1,132.4,135.6,1
TRA096-002026,2024-11-24,R3,T1,74.6,54.5,83.2,115.8,1
TRA096-002027,2024-11-25,R1,T2,40.4,39.0,59.2,76.5,1
TRA096-002028,2024-11-25,R2,T3,107.5,116.5,167.0,153.6,1
TRA096-002029,2024-11-25,R2,T1,4.7,87.6,56.6,35.4,1
TRA096-002030,2024-11-25,R4,T2,129.7,85.0,163.8,179.2,1
TRA096-002031,2024-11-25,R1,T3,107.5,119.1,175.1,153.6,1
TRA096-002032,2024-11-25,R1,T1,11.8,128.6,82.0,43.6,1
TRA096-002033,2024-11-26,R6,T2,105.6,99.8,152.9,151.4,1
TRA096-002034,2024-11-26,R1,T3,86.5,8.3,121.0,129.5,1
TRA096-002035,2024-11-26,R1,T1,31.2,23.3,39.3,65.9,1
TRA096-002036,2024-11-26,R5,T2,83.4,65.2,118.8,125.9,1
TRA096-002037,2024-11-26,R3,T3,103.5,128.1,137.7,149.0,1
TRA096-002038,2024-11-26,R2,T1,68.6,146.8,,108.9,0
TRA096-002039,2024-11-27,R4,T2,77.9,94.9,119.3,119.6,1
TRA096-002040,2024-11-27,R1,T3,12.0,106.9,41.1,43.8,1
TRA096-002041,2024-11-27,R4,T1,136.2,93.3,167.4,186.6,1
TRA096-002042,2024-11-27,R5,T2,74.3,132.6,105.9,115.4,1
TRA096-002043,2024-11-27,R6,T3,75.0,64.9,119.8,116.2,1
TRA096-002044,2024-11-27,R6,T1,70.0,21.4,64.1,110.5,1
TRA096-002045,2024-11-28,R5,T2,58.5,76.4,90.5,97.3,1
TRA096-002046,2024-11-28,R4,T3,32.4,131.2,56.4,67.3,1
TRA096-002047,2024-11-28,R1,T1,18.4,55.4,26.4,51.2,1
TRA096-002048,2024-11-28,R5,T2,31.4,145.8,86.0,66.1,1
TRA096-002049,2024-11-28,R3,T3,100.0,73.3,151.4,145.0,1
TRA096-002050,2024-11-28,R1,T1,8.9,83.3,28.4,40.2,1
TRA096-002051,2024-11-29,R5,T2,91.7,34.6,126.8,135.5,1
TRA096-002052,2024-11-29,R6,T3,144.3,16.8,227.4,195.9,1
TRA096-002053,2024-11-29,R1,T1,107.4,32.8,130.2,153.5,1
TRA096-002054,2024-11-29,R1,T2,77.3,24.9,104.8,118.9,1
TRA096-002055,2024-11-29,R5,T3,8.3,101.7,31.4,39.5,1
TRA096-002056,2024-11-29,R6,T1,7.4,61.4,18.4,38.5,1
TRA096-002057,2024-11-29,R4,T2,16.7,79.3,20.4,49.2,1
TRA096-002058,2024-11-30,R4,T3,124.1,56.5,194.4,172.7,1
TRA096-002059,2024-11-30,R4,T1,137.8,52.1,183.9,188.5,1
TRA096-002060,2024-11-30,R6,T2,137.1,36.0,186.0,187.7,1
TRA096-002061,2024-11-30,R5,T3,129.5,37.7,170.3,178.9,1
TRA096-002062,2024-11-30,R5,T1,67.0,48.0,,107.0,0
TRA096-002063,2024-11-30,R1,T2,109.8,136.9,160.0,156.3,1
TRA096-002064,2024-12-01,R2,T3,6.5,112.0,52.5,37.5,1
TRA096-002065,2024-12-01,R5,T1,30.4,22.9,49.4,65.0,1
TRA096-002066,2024-12-01,R4,T2,97.8,83.4,130.2,142.5,1
TRA096-002067,2024-12-01,R6,T3,116.2,95.2,168.0,163.6,1
TRA096-002068,2024-12-01,R5,T1,117.2,58.3,157.4,164.8,1
TRA096-002069,2024-12-01,R5,T2,72.7,109.0,124.0,113.6,1
TRA096-002070,2024-12-02,R2,T3,60.1,130.2,112.7,99.1,1
TRA096-002071,2024-12-02,R6,T1,3.9,111.4,22.9,34.5,1
TRA096-002072,2024-12-02,R2,T2,26.3,26.8,,60.2,0
TRA096-002073,2024-12-02,R2,T3,131.8,118.8,189.8,181.6,1
TRA096-002074,2024-12-02,R6,T1,115.0,123.7,145.3,162.2,1
TRA096-002075,2024-12-02,R2,T2,130.9,33.0,169.9,180.5,1
TRA096-002076,2024-12-03,R5,T3,105.4,23.4,,151.2,1
TRA096-002077,2024-12-03,R4,T1,37.9,149.5,102.0,73.6,1
TRA096-002078,2024-12-03,R2,T2,137.9,21.6,165.4,188.6,1
TRA096-002079,2024-12-03,R4,T3,2.4,26.7,10.4,32.8,1
TRA096-002080,2024-12-03,R2,T1,116.2,98.0,149.3,163.6,1
TRA096-002081,2024-12-03,R5,T2,66.5,142.5,119.4,106.5,1
TRA096-002082,2024-12-04,R4,T3,62.8,27.0,89.7,102.2,1
TRA096-002083,2024-12-04,R2,T1,27.0,85.0,64.0,61.0,1
TRA096-002084,2024-12-04,R1,T2,101.2,128.4,152.7,146.4,1
TRA096-002085,2024-12-04,R1,T3,134.0,119.9,182.6,184.1,1
TRA096-002086,2024-12-04,R2,T1,7.3,149.1,32.7,38.4,1
TRA096-002087,2024-12-04,R1,T2,39.1,8.5,57.7,75.0,1
TRA096-002088,2024-12-05,R2,T3,130.9,79.7,223.9,180.5,1
TRA096-002089,2024-12-05,R3,T1,15.8,109.8,,48.2,0
TRA096-002090,2024-12-05,R1,T2,43.6,61.9,70.7,80.1,1
TRA096-002091,2024-12-05,R2,T3,80.8,58.3,114.0,122.9,1
TRA096-002092,2024-12-05,R1,T1,19.0,87.6,39.6,51.8,1
TRA096-002093,2024-12-05,R5,T2,57.8,30.7,78.6,96.5,1
TRA096-002094,2024-12-05,R3,T3,22.4,4.1,44.6,55.8,1
TRA096-002095,2024-12-06,R2,T1,62.5,71.1,88.2,101.9,1
TRA096-002096,2024-12-06,R5,T2,126.5,103.0,164.1,175.5,1
TRA096-002097,2024-12-06,R6,T3,40.3,7.5,58.3,76.3,1
TRA096-002098,2024-12-06,R5,T1,110.7,125.1,131.8,157.3,1
TRA096-002099,2024-12-06,R5,T2,37.3,116.6,78.8,72.9,1
TRA096-002100,2024-12-06,R5,T3,121.2,20.4,163.0,169.4,1
TRA096-002101,2024-12-07,R4,T1,43.6,20.7,77.8,80.1,1
TRA096-002102,2024-12-07,R3,T2,64.1,5.5,76.1,103.7,1
TRA096-002103,2024-12-07,R1,T3,84.2,113.4,154.9,126.8,1
TRA096-002104,2024-12-07,R6,T1,62.0,17.4,96.9,101.3,1
TRA096-002105,2024-12-07,R1,T2,104.2,140.1,174.3,149.8,1
TRA096-002106,2024-12-07,R3,T3,136.0,26.1,218.4,186.4,1
TRA096-002107,2024-12-08,R4,T1,52.3,130.6,76.3,90.1,1
TRA096-002108,2024-12-08,R2,T2,143.7,96.6,190.9,195.3,1
TRA096-002109,2024-12-08,R4,T3,43.3,7.3,63.2,79.8,1
TRA096-002110,2024-12-08,R6,T1,130.2,116.9,160.4,179.7,1
TRA096-002111,2024-12-08,R2,T2,58.8,50.3,"81,8",97.6,1
TRA096-002112,2024-12-08,R6,T3,57.8,26.5,105.3,96.5,1
TRA096-002113,2024-12-09,R2,T1,47.9,13.9,52.7,85.1,1
TRA096-002114,2024-12-09,R3,T2,146.1,3.3,182.8,198.0,1
TRA096-002115,2024-12-09,R3,T3,71.4,142.4,129.5,112.1,1
TRA096-002116,2024-12-09,R2,T1,132.7,35.3,158.0,182.6,1
TRA096-002117,2024-12-09,R6,T2,75.5,62.4,109.9,116.8,1
TRA096-002118,2024-12-09,R1,T3,50.0,105.7,118.7,87.5,1
TRA096-002119,2024-12-10,R4,T1,105.0,20.7,119.1,150.8,1
TRA096-002120,2024-12-10,R5,T2,53.8,60.2,94.9,91.9,1
TRA096-002121,2024-12-10,R2,T3,24.1,35.1,69.5,57.7,1
TRA096-002122,2024-12-10,R3,T1,139.5,102.8,152.6,190.4,1
TRA096-002123,2024-12-10,R3,T2,75.8,101.7,135.8,117.2,1
TRA096-002124,2024-12-10,R4,T3,147.2,29.5,230.2,199.3,1
TRA096-002125,2024-12-11,R2,T1,123.3,6.1,165.9,171.8,1
TRA096-002126,2024-12-11,R4,T2,101.1,10.5,116.1,146.3,1
TRA096-002127,2024-12-11,R5,T3,62.1,32.2,100.6,101.4,1
TRA096-002128,2024-12-11,R6,T1,116.5,18.0,120.9,164.0,1
TRA096-002129,2024-12-11,R4,T2,36.2,76.4,59.1,71.6,1
TRA096-002130,2024-12-11,R3,T3,90.9,27.2,,134.5,0
TRA096-002131,2024-12-12,R4,T1,35.0,72.5,89.4,70.2,1
TRA096-002132,2024-12-12,R4,T2,130.6,46.2,178.6,180.2,1
TRA096-002133,2024-12-12,R3,T3,126.8,81.4,181.8,175.8,1
TRA096-002134,2024-12-12,R1,T1,38.5,49.4,72.5,74.3,1
TRA096-002135,2024-12-12,R4,T2,6.5,102.3,31.0,37.5,1
TRA096-002136,2024-12-12,R1,T3,144.2,88.4,236.4,195.8,1
TRA096-002137,2024-12-12,R4,T1,37.6,116.6,64.8,73.2,1
TRA096-002138,2024-12-13,R6,T2,90.1,88.5,150.2,133.6,1
TRA096-002139,2024-12-13,R3,T3,80.3,74.1,98.1,122.3,1
TRA096-002140,2024-12-13,R1,T1,44.5,116.8,58.9,81.2,1
TRA096-002141,2024-12-13,R6,T2,57.2,46.4,99.6,95.8,1
TRA096-002142,2024-12-13,R4,T3,62.9,20.3,94.9,102.3,1
TRA096-002143,2024-12-13,R1,T1,64.3,79.7,100.3,103.9,1
TRA096-002144,2024-12-14,R6,T2,48.3,82.2,56.0,85.5,1
TRA096-002145,2024-12-14,R4,T3,122.2,96.7,186.5,170.5,1
TRA096-002146,2024-12-14,R3,T1,8.1,121.0,53.6,39.3,1
TRA096-002147,2024-12-14,R4,T2,133.7,17.5,,183.8,0
TRA096-002148,2024-12-14,R3,T3,149.8,60.1,,202.3,0
TRA096-002149,2024-12-14,R4,T1,128.4,20.0,146.6,177.7,1
TRA096-002150,2024-12-15,R1,T2,28.7,137.9,50.5,63.0,1
TRA096-002151,2024-12-15,R3,T3,45.8,54.8,91.5,82.7,1
TRA096-002152,2024-12-15,R2,T1,115.8,136.9,177.0,163.2,1
TRA096-002153,2024-12-15,R5,T2,120.5,123.8,178.2,168.6,1
TRA096-002154,2024-12-15,R3,T3,131.6,79.7,197.0,181.3,1
TRA096-002155,2024-12-15,R4,T1,7.9,54.0,37.2,39.1,1
TRA096-002156,2024-12-16,R2,T2,102.4,18.0,-999,147.8,1
TRA096-002157,2024-12-16,R5,T3,46.3,99.8,79.2,83.2,1
TRA096-002158,2024-12-16,R1,T1,141.2,63.9,185.8,192.4,1
TRA096-002159,2024-12-16,R1,T2,72.4,24.6,,113.3,1
TRA096-002160,2024-12-16,R2,T3,23.2,121.6,,56.7,0
TRA096-002161,2024-12-16,R4,T1,115.5,134.2,155.5,162.8,1
TRA096-002162,2024-12-17,R6,T2,3.0,80.1,33.1,33.5,1
TRA096-002163,2024-12-17,R3,T3,146.3,93.2,219.8,198.2,1
TRA096-002164,2024-12-17,R1,T1,93.9,24.2,,138.0,0
TRA096-002165,2024-12-17,R2,T2,53.7,71.4,94.8,91.8,1
TRA096-002166,2024-12-17,R6,T3,92.7,8.5,141.5,136.6,1
TRA096-002167,2024-12-17,R6,T1,30.2,123.2,80.2,64.7,1
TRA096-002168,2024-12-18,R5,T2,112.7,125.9,151.7,159.6,1
TRA096-002169,2024-12-18,R4,T3,91.4,74.0,118.7,135.1,1
TRA096-002170,2024-12-18,R2,T1,21.1,149.7,52.1,54.3,1
TRA096-002171,2024-12-18,R1,T2,51.2,80.5,115.8,88.9,1
TRA096-002172,2024-12-18,R3,T3,100.9,6.8,150.5,146.0,1
TRA096-002173,2024-12-18,R2,T1,69.6,113.8,127.8,110.0,1
TRA096-002174,2024-12-18,R1,T2,113.8,126.0,179.0,160.9,1
TRA096-002175,2024-12-19,R6,T3,83.4,56.3,121.2,125.9,1
TRA096-002176,2024-12-19,R3,T1,81.3,75.9,124.5,123.5,1
TRA096-002177,2024-12-19,R6,T2,79.5,146.7,132.3,121.4,1
TRA096-002178,2024-12-19,R3,T3,3.8,58.7,5,34.4,1
TRA096-002179,2024-12-19,R6,T1,87.6,114.0,135.0,130.7,1
TRA096-002180,2024-12-19,R3,T2,80.0,59.2,120.6,122.0,1
TRA096-002181,2024-12-20,R6,T3,110.4,125.8,161.2,157.0,1
TRA096-002182,2024-12-20,R4,T1,148.4,67.4,193.2,200.7,1
TRA096-002183,2024-12-20,R6,T2,60.3,51.8,73.6,99.3,1
TRA096-002184,2024-12-20,R6,T3,148.7,131.2,228.7,201.0,1
TRA096-002185,2024-12-20,R4,T1,72.9,148.5,93.8,113.8,1
TRA096-002186,2024-12-20,R1,T2,69.1,18.5,98.0,109.5,1
TRA096-002187,2024-12-21,R5,T3,57.1,61.1,108.6,95.7,1
TRA096-002188,2024-12-21,R2,T1,121.4,38.1,173.3,169.6,1
TRA096-002189,2024-12-21,R6,T2,77.0,138.0,129.3,118.5,1
TRA096-002190,2024-12-21,R1,T3,25.3,56.5,46.9,59.1,1
TRA096-002191,2024-12-21,R1,T1,28.4,48.6,33.4,62.7,1
TRA096-002192,2024-12-21,R6,T2,112.2,100.7,161.9,159.0,1
TRA096-002193,2024-12-22,R1,T3,120.0,62.6,195.5,168.0,1
TRA096-002194,2024-12-22,R1,T1,84.3,15.9,100.3,126.9,1
TRA096-002195,2024-12-22,R5,T2,116.4,97.1,164.1,163.9,1
TRA096-002196,2024-12-22,R5,T3,56.0,42.2,74.7,94.4,1
TRA096-002197,2024-12-22,R2,T1,115.0,51.3,126.3,162.2,1
TRA096-002198,2024-12-22,R5,T2,83.0,118.8,137.7,125.4,1
TRA096-002199,2024-12-23,R2,T3,7.7,55.1,17.7,38.9,1
TRA096-002200,2024-12-23,R1,T1,125.7,15.0,149.6,174.6,1
TRA096-002201,2024-12-23,R3,T2,20.3,126.2,56.8,53.3,1
TRA096-002202,2024-12-23,R1,T3,114.2,41.5,183.9,161.3,1
TRA096-002203,2024-12-23,R4,T1,36.0,127.5,75.8,71.4,1
TRA096-002204,2024-12-23,R3,T2,44.6,89.5,77.9,81.3,1
TRA096-002205,2024-12-24,R1,T3,19.0,114.3,52.3,51.8,1
TRA096-002206,2024-12-24,R3,T1,21.5,54.9,29.7,54.7,1
TRA096-002207,2024-12-24,R6,T2,109.3,147.4,175.8,155.7,1
TRA096-002208,2024-12-24,R2,T3,59.9,145.3,124.0,98.9,1
TRA096-002209,2024-12-24,R6,T1,135.0,113.1,185.1,185.2,1
TRA096-002210,2024-12-24,R1,T2,94.0,78.9,148.7,138.1,1
TRA096-002211,2024-12-25,R3,T3,33.1,42.2,72.1,68.1,1
TRA096-002212,2024-12-25,R4,T1,138.7,74.7,174.0,189.5,1
TRA096-002213,2024-12-25,R2,T2,15.9,77.7,61.0,48.3,1
TRA096-002214,2024-12-25,R5,T3,98.7,137.3,133.4,143.5,1
TRA096-002215,2024-12-25,R1,T1,125.3,6.6,183.9,174.1,1
TRA096-002216,2024-12-25,R6,T2,97.2,142.6,144.9,141.8,1
TRA096-002217,2024-12-25,R4,T3,131.9,77.1,217.1,181.7,1
TRA096-002218,2024-12-26,R2,T1,148.5,125.1,180.5,200.8,1
TRA096-002219,2024-12-26,R6,T2,147.2,54.7,215.3,199.3,1
TRA096-002220,2024-12-26,R1,T3,24.6,144.6,59.2,58.3,1
TRA096-002221,2024-12-26,R1,T1,57.7,35.0,79.3,96.4,1
TRA096-002222,2024-12-26,R4,T2,70.5,41.1,78.9,111.1,1
TRA096-002223,2024-12-26,R4,T3,124.5,24.9,163.4,173.2,1
TRA096-002224,2024-12-27,R6,T1,37.8,4.0,48.0,73.5,1
TRA096-002225,2024-12-27,R6,T2,58.1,44.8,100.3,96.8,1
TRA096-002226,2024-12-27,R3,T3,119.7,143.5,184.5,167.7,1
TRA096-002227,2024-12-27,R5,T1,146.9,111.7,225.1,198.9,1
TRA096-002228,2024-12-27,R5,T2,106.2,136.9,162.3,152.1,1
TRA096-002229,2024-12-27,R2,T3,79.7,147.0,160.5,121.7,1
TRA096-002230,2024-12-28,R6,T1,44.9,111.9,69.4,81.6,1
TRA096-002231,2024-12-28,R5,T2,17.8,56.8,24.4,50.5,1
TRA096-002232,2024-12-28,R6,T3,21.7,16.1,51.8,55.0,1
TRA096-002233,2024-12-28,R3,T1,98.3,113.3,114.6,143.0,1
TRA096-002234,2024-12-28,R6,T2,76.4,13.7,116.6,117.9,1
TRA096-002235,2024-12-28,R2,T3,95.6,108.0,160.5,139.9,1
TRA096-002236,2024-12-29,R5,T1,126.4,111.8,145.8,175.4,1
TRA096-002237,2024-12-29,R6,T2,87.2,9.0,,130.3,0
TRA096-002238,2024-12-29,R6,T3,88.2,25.0,139.8,131.4,1
TRA096-002239,2024-12-29,R1,T1,30.7,6.9,42.4,65.3,1
TRA096-002240,2024-12-29,R5,T2,68.4,43.1,113.7,108.7,1
TRA096-002241,2024-12-29,R6,T3,145.3,34.2,208.8,197.1,1
TRA096-002242,2024-12-30,R3,T1,41.1,48.1,,77.3,1
TRA096-002243,2024-12-30,R5,T2,13.9,40.3,41.4,46.0,1
TRA096-002244,2024-12-30,R2,T3,96.3,68.1,154.6,140.7,1
TRA096-002245,2024-12-30,R1,T1,41.5,34.6,53.1,77.7,1
TRA096-002246,2024-12-30,R1,T2,125.5,40.4,163.8,174.3,1
TRA096-002247,2024-12-30,R4,T3,82.1,32.5,110.6,124.4,1
TRA096-002248,2024-12-31,R2,T1,22.3,50.2,62.6,70.6,1
TRA096-002249,2024-12-31,R3,T2,52.6,125.5,106.6,105.5,1
TRA096-002250,2024-12-31,R3,T3,67.6,112.8,,122.7,0
TRA096-002251,2024-12-31,R5,T1,33.8,97.5,36.7,83.9,1
TRA096-002252,2024-12-31,R5,T2,143.4,81.1,219.8,209.9,1
TRA096-002253,2024-12-31,R1,T3,28.1,93.2,47.6,77.3,1
TRA096-002254,2024-12-31,R6,T1,77.2,73.0,103.8,133.8,1
TRA096-002255,2025-01-01,R2,T2,16.6,38.7,41.7,64.1,1
TRA096-002256,2025-01-01,R5,T3,36.9,148.0,83.5,87.4,1
TRA096-002257,2025-01-01,R3,T1,81.3,109.4,121.2,138.5,1
TRA096-002258,2025-01-01,R4,T2,137.2,12.3,178.3,202.8,1
TRA096-002259,2025-01-01,R6,T3,34.1,129.3,84.6,84.2,1
TRA096-002260,2025-01-01,R5,T1,135.3,53.6,182.1,200.6,1
TRA096-002261,2025-01-02,R2,T2,81.1,30.7,94.5,138.3,1
TRA096-002262,2025-01-02,R1,T3,110.3,73.3,131.9,171.8,1
TRA096-002263,2025-01-02,R4,T1,26.7,25.7,,75.7,0
TRA096-002264,2025-01-02,R5,T2,146.6,148.7,206.9,213.6,1
TRA096-002265,2025-01-02,R4,T3,82.8,58.7,,140.2,0
TRA096-002266,2025-01-02,R5,T1,126.7,107.6,161.6,190.7,1
TRA096-002267,2025-01-03,R3,T2,57.3,120.8,109.9,110.9,1
TRA096-002268,2025-01-03,R5,T3,142.0,82.2,225.5,208.3,1
TRA096-002269,2025-01-03,R5,T1,15.5,75.6,12.0,62.8,1
TRA096-002270,2025-01-03,R3,T2,46.2,138.0,80.6,98.1,1
TRA096-002271,2025-01-03,R3,T3,30.9,47.3,40.9,80.5,1
TRA096-002272,2025-01-03,R3,T1,126.9,41.1,148.3,190.9,1
TRA096-002273,2025-01-04,R5,T2,28.3,112.0,77.4,77.5,1
TRA096-002274,2025-01-04,R6,T3,56.0,115.5,73.9,109.4,1
TRA096-002275,2025-01-04,R2,T1,31.1,105.0,51.7,80.8,1
TRA096-002276,2025-01-04,R2,T2,135.4,64.7,183.6,200.7,1
TRA096-002277,2025-01-04,R1,T3,137.3,131.4,219.6,202.9,1
TRA096-002278,2025-01-04,R1,T1,122.7,30.4,170.0,186.1,1
TRA096-002279,2025-01-05,R4,T2,42.1,27.4,63.9,93.4,1
TRA096-002280,2025-01-05,R6,T3,77.8,118.2,132.9,134.5,1
TRA096-002281,2025-01-05,R3,T1,91.7,59.1,139.0,150.5,1
TRA096-002282,2025-01-05,R4,T2,122.3,126.5,187.8,185.6,1
TRA096-002283,2025-01-05,R6,T3,69.1,68.1,77.1,124.5,1
TRA096-002284,2025-01-05,R6,T1,119.3,70.6,142.1,182.2,1
TRA096-002285,2025-01-06,R6,T2,53.9,96.1,,107.0,0
TRA096-002286,2025-01-06,R6,T3,60.1,15.2,103.6,114.1,1
TRA096-002287,2025-01-06,R4,T1,111.3,8.7,,173.0,0
TRA096-002288,2025-01-06,R2,T2,68.5,49.8,85.7,123.8,1
TRA096-002289,2025-01-06,R3,T3,6.6,12.7,18.8,52.6,1
TRA096-002290,2025-01-06,R3,T1,122.4,98.1,169.6,185.8,1
TRA096-002291,2025-01-06,R3,T2,18.3,2.5,33.3,66.0,1
TRA096-002292,2025-01-07,R3,T3,49.5,2.3,,101.9,0
TRA096-002293,2025-01-07,R2,T1,124.8,117.5,153.4,188.5,1
TRA096-002294,2025-01-07,R5,T2,61.4,52.2,81.5,115.6,1
TRA096-002295,2025-01-07,R2,T3,120.4,138.1,202.6,183.5,1
TRA096-002296,2025-01-07,R3,T1,144.3,126.7,195.3,210.9,1
TRA096-002297,2025-01-07,R5,T2,57.6,147.9,124.8,111.2,1
TRA096-002298,2025-01-08,R1,T3,42.2,28.3,96.4,93.5,1
TRA096-002299,2025-01-08,R5,T1,24.2,3.1,47.9,72.8,1
TRA096-002300,2025-01-08,R3,T2,103.5,116.7,169.5,164.0,1
TRA096-002301,2025-01-08,R6,T3,17.8,39.0,32.0,65.5,1
TRA096-002302,2025-01-08,R6,T1,15.6,7.5,26.0,62.9,1
TRA096-002303,2025-01-08,R1,T2,13.5,86.2,48.3,60.5,1
TRA096-002304,2025-01-09,R5,T3,59.1,111.5,105.4,113.0,1
TRA096-002305,2025-01-09,R6,T1,41.0,76.9,,92.2,0
TRA096-002306,2025-01-09,R1,T2,61.0,70.3,79.7,115.1,1
TRA096-002307,2025-01-09,R6,T3,40.2,132.4,89.4,91.2,1
TRA096-002308,2025-01-09,R3,T1,131.6,118.1,163.5,196.3,1
TRA096-002309,2025-01-09,R4,T2,33.4,149.0,57.2,83.4,1
TRA096-002310,2025-01-10,R6,T3,61.2,70.9,115.7,115.4,1
TRA096-002311,2025-01-10,R2,T1,72.6,58.3,104.5,128.5,1
TRA096-002312,2025-01-10,R1,T2,74.5,125.4,115.4,130.7,1
TRA096-002313,2025-01-10,R4,T3,102.9,123.9,164.7,163.3,1
TRA096-002314,2025-01-10,R1,T1,55.9,15.8,68.8,109.3,1
TRA096-002315,2025-01-10,R3,T2,6.7,131.7,,52.7,0
TRA096-002316,2025-01-11,R4,T3,56.5,42.9,111.1,110.0,1
TRA096-002317,2025-01-11,R3,T1,69.0,51.1,91.2,124.3,1
TRA096-002318,2025-01-11,R2,T2,123.2,104.4,150.2,186.7,1
TRA096-002319,2025-01-11,R3,T3,79.9,147.5,142.5,136.9,1
TRA096-002320,2025-01-11,R5,T1,95.5,69.9,137.8,154.8,1
TRA096-002321,2025-01-11,R1,T2,24.8,148.7,69.7,73.5,1
TRA096-002322,2025-01-12,R4,T3,53.8,35.3,,106.9,0
TRA096-002323,2025-01-12,R4,T1,8.3,35.3,5,54.5,1
TRA096-002324,2025-01-12,R1,T2,98.5,25.6,128.9,158.3,1
TRA096-002325,2025-01-12,R5,T3,44.9,107.6,,96.6,1
TRA096-002326,2025-01-12,R2,T1,50.0,89.8,107.1,102.5,1
TRA096-002327,2025-01-12,R5,T2,76.7,112.0,97.1,133.2,1
TRA096-002328,2025-01-13,R2,T3,33.8,54.2,70.6,83.9,1
TRA096-002329,2025-01-13,R1,T1,64.6,89.2,80.2,119.3,1
TRA096-002330,2025-01-13,R5,T2,117.8,8.2,184.3,180.5,1
TRA096-002331,2025-01-13,R3,T3,105.3,30.1,132.8,166.1,1
TRA096-002332,2025-01-13,R3,T1,87.2,24.6,107.0,145.3,1
TRA096-002333,2025-01-13,R6,T2,32.0,16.4,71.3,81.8,1
TRA096-002334,2025-01-13,R5,T3,107.3,4.6,155.4,168.4,1
TRA096-002335,2024-02-30,R1,T1,25.1,69.2,45.2,73.9,1
TRA096-002336,2025-01-14,R4,T2,35.0,77.1,57.3,85.2,1
TRA096-002337,2025-01-14,R1,T3,69.5,42.7,112.5,124.9,1
TRA096-002338,2025-01-14,R2,T1,15.2,93.4,53.0,62.5,1
TRA096-002339,2025-01-14,R1,T2,89.6,65.6,113.2,148.0,1
TRA096-002340,2025-01-14,R2,T3,81.4,132.8,119.8,138.6,1
TRA096-002341,2025-01-15,R2,T1,118.0,73.3,128.4,180.7,1
TRA096-002342,2025-01-15,R1,T2,8.1,88.8,57.2,54.3,1
TRA096-002343,2025-01-15,R1,T3,132.8,55.2,193.0,197.7,1
TRA096-002344,2025-01-15,R4,T1,134.7,135.5,176.5,199.9,1
TRA096-002345,2025-01-15,R3,T2,8.2,23.8,43.8,54.4,1
TRA096-002346,2025-01-15,R4,T3,30.4,49.1,66.3,80.0,1
TRA096-002347,2025-01-16,R6,T1,2.4,63.8,43.1,47.8,1
TRA096-002348,2025-01-16,R4,T2,118.7,13.8,147.3,181.5,1
TRA096-002349,2025-01-16,R2,T3,143.1,44.7,206.7,209.6,1
TRA096-002350,2025-01-16,R3,T1,125.6,3.2,157.6,189.4,1
TRA096-002351,2025-01-16,R4,T2,100.4,16.9,130.8,160.5,1
TRA096-002352,2025-01-16,R3,T3,72.6,23.5,87.2,128.5,1
TRA096-002353,2025-01-17,R6,T1,50.0,128.6,95.9,102.5,1
TRA096-002354,2025-01-17,R4,T2,134.1,33.6,178.7,199.2,1
TRA096-002355,2025-01-17,R4,T3,100.3,94.7,179.8,160.3,1
TRA096-002356,2025-01-17,R2,T1,104.7,29.1,113.9,165.4,1
TRA096-002357,2025-01-17,R5,T2,94.1,81.8,122.3,153.2,1
TRA096-002358,2025-01-17,R2,T3,135.7,132.1,213.2,201.1,1
TRA096-002359,2025-01-18,R4,T1,138.7,79.6,164.1,204.5,1
TRA096-002360,2025-01-18,R2,T2,48.5,94.5,83.8,100.8,1
TRA096-002361,2025-01-18,R6,T3,28.9,13.8,48.9,78.2,1
TRA096-002362,2025-01-18,R3,T1,107.9,51.7,127.8,169.1,1
TRA096-002363,2025-01-18,R1,T2,31.0,44.1,80.8,80.7,1
TRA096-002364,2025-01-18,R2,T3,21.7,74.4,74.7,70.0,1
TRA096-002365,2025-01-19,R2,T1,135.1,112.0,197.7,200.4,1
TRA096-002366,2025-01-19,R4,T2,133.7,135.3,187.8,198.8,1
TRA096-002367,2025-01-19,R5,T3,139.4,136.1,212.5,205.3,1
TRA096-002368,2025-01-19,R4,T1,120.7,104.3,170.8,183.8,1
TRA096-002369,2025-01-19,R3,T2,30.7,44.3,80.9,80.3,1
TRA096-002370,2025-01-19,R3,T3,84.6,9.7,,142.3,0
TRA096-002371,2025-01-19,R3,T1,57.7,61.4,68.4,111.4,1
TRA096-002372,2025-01-20,R4,T2,45.2,108.5,73.7,97.0,1
TRA096-002373,2025-01-20,R5,T3,21.1,77.0,33.3,69.3,1
TRA096-002374,2025-01-20,R1,T1,44.1,106.5,70.6,95.7,1
TRA096-002375,2025-01-20,R1,T2,118.6,77.7,173.0,181.4,1
TRA096-002376,2025-01-20,R2,T3,53.0,33.8,96.9,105.9,1
TRA096-002377,2025-01-20,R3,T1,74.5,118.5,109.8,130.7,1
TRA096-002378,2025-01-21,R2,T2,71.2,83.5,99.7,126.9,1
TRA096-002379,2025-01-21,R5,T3,137.8,42.0,186.2,203.5,1
TRA096-002380,2025-01-21,R5,T1,94.1,5.5,124.6,153.2,1
TRA096-002381,2025-01-21,R2,T2,99.3,148.2,163.8,159.2,1
TRA096-002382,2025-01-21,R6,T3,94.3,96.6,127.0,153.4,1
TRA096-002383,2025-01-21,R4,T1,70.2,72.6,77.9,125.7,1
TRA096-002384,2025-01-22,R5,T2,14.1,20.8,43.2,61.2,1
TRA096-002385,2025-01-22,R2,T3,136.8,73.7,200.9,202.3,1
TRA096-002386,2025-01-22,R4,T1,79.7,2.5,98.9,136.7,1
TRA096-002387,2025-01-22,R6,T2,25.6,25.8,70.2,74.4,1
TRA096-002388,2025-01-22,R2,T3,76.2,146.1,108.9,132.6,1
TRA096-002389,2025-01-22,R1,T1,81.5,33.0,111.4,138.7,1
TRA096-002390,2025-01-23,R1,T2,69.4,77.2,98.9,124.8,1
TRA096-002391,2025-01-23,R3,T3,10.1,46.3,16.0,56.6,1
TRA096-002392,2025-01-23,R1,T1,143.1,113.9,151.8,209.6,1
TRA096-002393,2025-01-23,R1,T2,135.0,9.2,158.9,200.2,1
TRA096-002394,2025-01-23,R3,T3,140.6,19.7,178.1,206.7,1
TRA096-002395,2025-01-23,R6,T1,86.2,62.4,115.4,144.1,1
TRA096-002396,2025-01-24,R4,T2,42.3,132.3,70.8,93.6,1
TRA096-002397,2025-01-24,R4,T3,86.4,42.1,124.3,144.4,1
TRA096-002398,2025-01-24,R1,T1,41.5,43.5,74.7,92.7,1
TRA096-002399,2025-01-24,R5,T2,40.0,118.6,55.9,91.0,1
TRA096-002400,2025-01-24,R5,T3,66.7,114.4,121.8,121.7,1
TRA096-002401,2025-01-24,R3,T1,115.7,129.4,158.1,178.1,1
TRA096-002402,2025-01-25,R5,T2,117.9,29.0,143.1,180.6,1
TRA096-002403,2025-01-25,R5,T3,117.9,55.4,169.2,180.6,1
TRA096-002404,2025-01-25,R1,T1,16.5,135.8,68.4,64.0,1
TRA096-002405,2025-01-25,R4,T2,116.7,126.4,171.5,179.2,1
TRA096-002406,2025-01-25,R1,T3,124.5,12.1,,188.2,0
TRA096-002407,2025-01-25,R2,T1,4.5,55.0,28.6,50.2,1
TRA096-002408,2025-01-26,R6,T2,61.5,41.4,,115.7,1
TRA096-002409,2025-01-26,R1,T3,66.4,64.9,126.2,121.4,1
TRA096-002410,2025-01-26,R6,T1,14.0,81.4,19.1,61.1,1
TRA096-002411,2025-01-26,R6,T2,139.2,35.6,159.3,205.1,1
TRA096-002412,2025-01-26,R3,T3,68.2,115.8,103.5,123.4,1
TRA096-002413,2025-01-26,R4,T1,112.9,13.4,149.2,174.8,1
TRA096-002414,2025-01-26,R5,T2,65.0,51.4,98.5,119.8,1
TRA096-002415,2025-01-27,R1,T3,148.4,6.4,196.2,215.7,1
TRA096-002416,2025-01-27,R6,T1,145.1,119.4,167.8,211.9,1
TRA096-002417,2025-01-27,R1,T2,17.4,52.7,52.6,65.0,1
TRA096-002418,2025-01-27,R1,T3,87.9,107.0,134.8,146.1,1
TRA096-002419,2025-01-27,R2,T1,108.1,10.5,140.7,169.3,1
TRA096-002420,2025-01-27,R6,T2,102.5,118.8,158.8,162.9,1
TRA096-002421,2025-01-28,R5,T3,135.9,47.9,206.1,201.3,1
TRA096-002422,2025-01-28,R4,T1,12.8,58.1,26.6,59.7,1
TRA096-002423,2025-01-28,R2,T2,80.5,15.1,98.2,137.6,1
TRA096-002424,2025-01-28,R6,T3,21.5,75.7,73.4,69.7,1
TRA096-002425,2025-01-28,R6,T1,143.7,24.4,163.6,210.3,1
TRA096-002426,2025-01-28,R3,T2,145.3,87.0,201.3,212.1,1
TRA096-002427,2025-01-29,R4,T3,111.4,58.8,178.8,173.1,1
TRA096-002428,2025-01-29,R3,T1,60.8,44.6,85.3,114.9,1
TRA096-002429,2025-01-29,R4,T2,60.0,51.1,,114.0,0
TRA096-002430,2025-01-29,R5,T3,25.4,52.4,37.4,74.2,1
TRA096-002431,2025-01-29,R4,T1,15.6,36.1,34.8,62.9,1
TRA096-002432,2025-01-29,R5,T2,102.6,73.0,128.3,163.0,1
TRA096-002433,2025-01-30,R6,T3,71.4,10.4,108.2,127.1,1
TRA096-002434,2025-01-30,R4,T1,136.1,72.6,186.7,201.5,1
TRA096-002435,2025-01-30,R3,T2,82.9,37.9,116.3,140.3,1
TRA096-002436,2025-01-30,R1,T3,134.1,25.0,176.9,199.2,1
TRA096-002437,2025-01-30,R4,T1,69.6,145.1,118.4,125.0,1
TRA096-002438,2025-01-30,R1,T2,84.2,9.1,104.5,141.8,1
TRA096-002439,2025-01-31,R5,T3,113.6,18.6,130.1,175.6,1
TRA096-002440,2025-01-31,R3,T1,139.6,63.0,155.7,205.5,1
TRA096-002441,2025-01-31,R6,T2,24.2,42.8,58.8,72.8,1
TRA096-002442,2025-01-31,R3,T3,70.1,83.3,110.5,125.6,1
TRA096-002443,2025-01-31,R3,T1,54.1,100.4,64.0,107.2,1
TRA096-002444,2025-01-31,R2,T2,86.6,104.4,133.8,144.6,1
TRA096-002445,2025-02-01,R1,T3,39.3,16.0,70.1,90.2,1
TRA096-002446,2025-02-01,R4,T1,24.0,86.2,39.7,72.6,1
TRA096-002447,2025-02-01,R6,T2,104.1,139.0,145.0,164.7,1
TRA096-002448,2025-02-01,R2,T3,115.6,88.3,211.4,177.9,1
TRA096-002449,2025-02-01,R4,T1,94.8,3.1,112.1,154.0,1
TRA096-002450,2025-02-01,R4,T2,19.0,122.0,70.9,66.8,1
TRA096-002451,2025-02-01,R4,T3,81.6,63.4,107.8,138.8,1
TRA096-002452,2025-02-02,R4,T1,64.1,148.8,120.7,118.7,1
TRA096-002453,2025-02-02,R3,T2,145.3,40.3,169.3,212.1,1
TRA096-002454,2025-02-02,R2,T3,10.1,133.0,31.5,56.6,1
TRA096-002455,2025-02-02,R6,T1,139.2,28.2,166.3,205.1,1
TRA096-002456,2025-02-02,R6,T2,121.5,44.3,159.1,184.7,1
TRA096-002457,2025-02-02,R1,T3,46.7,96.0,70.7,98.7,1
TRA096-002458,2025-02-03,R6,T1,70.1,40.3,100.0,125.6,1
TRA096-002459,2025-02-03,R6,T2,65.6,92.6,100.6,120.4,1
TRA096-002460,2025-02-03,R2,T3,112.6,67.0,166.8,174.5,1
TRA096-002461,2025-02-03,R5,T1,59.5,80.4,91.1,113.4,1
TRA096-002462,2025-02-03,R4,T2,144.3,99.8,195.2,210.9,1
TRA096-002463,2025-02-03,R1,T3,39.2,71.3,76.8,90.1,1
TRA096-002464,2025-02-04,R1,T1,11.0,64.4,19.7,57.6,1
TRA096-002465,2025-02-04,R6,T2,69.0,138.3,94.2,124.3,1
TRA096-002466,2025-02-04,R1,T3,62.7,69.3,101.8,117.1,1
TRA096-002467,2025-02-04,R4,T1,4.7,124.5,,50.4,0
TRA096-002468,2025-02-04,R3,T2,142.7,105.7,207.0,209.1,1
TRA096-002469,2025-02-04,R2,T3,98.1,136.8,162.3,157.8,1
TRA096-002470,2025-02-05,R3,T1,58.3,85.5,84.6,112.0,1
TRA096-002471,2025-02-05,R1,T2,137.3,10.9,176.5,202.9,1
TRA096-002472,2025-02-05,R4,T3,99.9,81.6,137.5,159.9,1
TRA096-002473,2025-02-05,R5,T1,109.9,55.8,121.5,171.4,1
TRA096-002474,2025-02-05,R4,T2,112.7,101.7,159.5,174.6,1
TRA096-002475,2025-02-05,R3,T3,59.5,67.7,95.3,113.4,1
TRA096-002476,2025-02-06,R3,T1,46.5,108.5,61.1,98.5,1
TRA096-002477,2025-02-06,R1,T2,28.3,2.3,53.9,77.5,1
TRA096-002478,2025-02-06,R2,T3,99.5,59.6,161.6,159.4,1
TRA096-002479,2025-02-06,R2,T1,132.2,9.3,160.1,197.0,1
TRA096-002480,2025-02-06,R4,T2,38.9,19.7,21.3,89.7,1
TRA096-002481,2025-02-06,R6,T3,114.5,121.7,169.8,176.7,1
TRA096-002482,2025-02-07,R2,T1,59.4,75.8,90.1,113.3,1
TRA096-002483,2025-02-07,R2,T2,140.4,128.9,193.4,206.5,1
TRA096-002484,2025-02-07,R6,T3,72.9,63.4,111.5,128.8,1
TRA096-002485,2025-02-07,R3,T1,87.6,136.5,153.6,145.7,1
TRA096-002486,2025-02-07,R5,T2,29.4,126.8,70.8,78.8,1
TRA096-002487,2025-02-07,R4,T3,141.0,145.8,220.3,207.1,1
TRA096-002488,2025-02-07,R6,T1,62.9,3.0,91.6,117.3,1
TRA096-002489,2025-02-08,R2,T2,23.8,103.5,58.2,72.4,1
TRA096-002490,2025-02-08,R2,T3,88.7,3.5,100.8,147.0,1
TRA096-002491,2025-02-08,R4,T1,104.0,53.1,,164.6,1
TRA096-002492,2025-02-08,R2,T2,66.5,143.5,105.7,121.5,1
TRA096-002493,2025-02-08,R3,T3,72.9,49.7,111.4,128.8,1
TRA096-002494,2025-02-08,R1,T1,10.5,9.5,13.8,57.1,1
TRA096-002495,2025-02-09,R4,T2,87.8,45.4,130.4,146.0,1
TRA096-002496,2025-02-09,R3,T3,33.6,147.7,84.6,83.6,1
TRA096-002497,2025-02-09,R4,T1,91.8,97.5,137.4,150.6,1
TRA096-002498,2025-02-09,R3,T2,128.5,144.1,198.7,192.8,1
TRA096-002499,2025-02-09,R6,T3,122.0,29.0,159.2,185.3,1
TRA096-002500,2025-02-09,R1,T1,32.2,42.9,41.1,82.0,1
TRA096-002501,2025-02-10,R5,T2,14.6,74.5,29.6,61.8,1
TRA096-002502,2025-02-10,R1,T3,71.0,11.2,99.9,126.6,1
TRA096-002503,2025-02-10,R2,T1,43.9,34.4,69.5,95.5,1
TRA096-002504,2025-02-10,R6,T2,130.7,85.5,180.9,195.3,1
TRA096-002505,2025-02-10,R4,T3,63.2,123.8,85.1,117.7,1
TRA096-002506,2025-02-10,R5,T1,131.9,43.0,147.8,196.7,1
TRA096-002507,2025-02-11,R1,T2,98.7,98.9,178.1,158.5,1
TRA096-002508,2025-02-11,R2,T3,42.4,14.7,55.4,93.8,1
TRA096-002509,2025-02-11,R5,T1,92.7,104.1,154.9,151.6,1
TRA096-002510,2025-02-11,R5,T2,120.9,119.5,193.8,184.0,1
TRA096-002511,2025-02-11,R1,T3,64.3,101.5,131.2,118.9,1
TRA096-002512,2025-02-11,R6,T1,68.4,106.0,111.6,123.7,1
TRA096-002513,2025-02-12,R1,T2,133.4,69.4,173.8,198.4,1
TRA096-002514,2025-02-12,R4,T3,21.6,56.4,59.5,69.8,1
TRA096-002515,2025-02-12,R6,T1,57.5,143.5,94.5,111.1,1
TRA096-002516,2025-02-12,R3,T2,84.6,116.1,122.4,142.3,1
TRA096-002517,2025-02-12,R6,T3,145.5,116.7,200.8,212.3,1
TRA096-002518,2025-02-12,R5,T1,133.2,50.6,154.7,198.2,1
TRA096-002519,2025-02-13,R2,T2,78.0,29.3,96.6,134.7,1
TRA096-002520,2025-02-13,R3,T3,22.3,137.9,34.5,70.6,1
TRA096-002521,2025-02-13,R6,T1,120.1,54.3,148.9,183.1,1
TRA096-002522,2025-02-13,R3,T2,88.9,117.8,153.7,147.2,1
TRA096-002523,2025-02-13,R4,T3,49.7,8.7,70.9,102.2,1
TRA096-002524,2025-02-13,R4,T1,25.2,105.4,70.2,74.0,1
TRA096-002525,2025-02-14,R1,T2,46.8,73.4,96.3,98.8,1
TRA096-002526,2025-02-14,R5,T3,45.2,138.8,111.2,97.0,1
TRA096-002527,2025-02-14,R1,T1,31.4,8.6,47.6,81.1,1
TRA096-002528,2025-02-14,R5,T2,142.6,130.4,172.5,209.0,1
TRA096-002529,2025-02-14,R5,T3,113.5,99.7,205.6,175.5,1
TRA096-002530,2025-02-14,R4,T1,118.9,15.8,164.0,181.7,1
TRA096-002531,2025-02-14,R6,T2,116.3,104.6,152.7,178.7,1
TRA096-002532,2025-02-15,R1,T3,20.6,87.2,27.9,68.7,1
TRA096-002533,2025-02-15,R2,T1,44.5,127.1,"109,9",96.2,1
TRA096-002534,2025-02-15,R4,T2,10.3,149.8,27.7,56.8,1
TRA096-002535,2025-02-15,R1,T3,84.3,123.4,157.4,141.9,1
TRA096-002536,2025-02-15,R6,T1,75.6,10.7,81.3,131.9,1
TRA096-002537,2025-02-15,R1,T2,65.2,105.7,109.8,120.0,1
TRA096-002538,2025-02-16,R2,T3,17.9,53.2,64.3,65.6,1
TRA096-002539,2025-02-16,R4,T1,16.2,99.4,41.4,63.6,1
TRA096-002540,2025-02-16,R5,T2,96.1,108.1,149.4,155.5,1
TRA096-002541,2025-02-16,R6,T3,22.0,68.0,52.5,70.3,1
TRA096-002542,2025-02-16,R3,T1,122.4,108.8,163.0,185.8,1
TRA096-002543,2025-02-16,R3,T2,127.6,23.4,159.1,191.7,1
TRA096-002544,2025-02-17,R1,T3,101.8,26.0,,162.1,0
TRA096-002545,2025-02-17,R1,T1,10.1,9.7,10.2,56.6,1
TRA096-002546,2025-02-17,R6,T2,55.2,148.4,134.7,108.5,1
TRA096-002547,2025-02-17,R2,T3,92.0,135.2,154.7,150.8,1
TRA096-002548,2025-02-17,R4,T1,74.6,50.1,80.3,130.8,1
TRA096-002549,2025-02-17,R5,T2,33.6,58.2,65.4,83.6,1
TRA096-002550,2025-02-18,R3,T3,14.8,74.7,76.2,62.0,1
TRA096-002551,2025-02-18,R6,T1,37.7,109.7,79.5,88.4,1
TRA096-002552,2025-02-18,R2,T2,109.0,9.9,156.9,170.3,1
TRA096-002553,2025-02-18,R5,T3,117.7,94.9,187.5,180.4,1
TRA096-002554,2025-02-18,R6,T1,145.9,14.0,170.2,212.8,1
TRA096-002555,2025-02-18,R2,T2,71.7,142.1,137.7,127.5,1
TRA096-002556,2025-02-19,R4,T3,62.6,91.2,102.4,117.0,1
TRA096-002557,2025-02-19,R3,T1,58.2,104.9,79.7,111.9,1
TRA096-002558,2025-02-19,R3,T2,13.1,149.2,37.3,60.1,1
TRA096-002559,2025-02-19,R6,T3,89.3,111.8,122.6,147.7,1
TRA096-002560,2025-02-19,R6,T1,108.2,125.8,155.3,169.4,1
TRA096-002561,2025-02-19,R6,T2,129.4,60.7,170.6,193.8,1
TRA096-002562,2025-02-20,R3,T3,60.6,145.5,108.6,114.7,1
TRA096-002563,2025-02-20,R5,T1,31.0,6.8,31.4,80.7,1
TRA096-002564,2025-02-20,R5,T2,37.7,51.5,49.8,88.4,1
TRA096-002565,2025-02-20,R2,T3,5.8,8.4,14.2,51.7,1
TRA096-002566,2025-02-20,R2,T1,114.2,3.9,132.5,176.3,1
TRA096-002567,2025-02-20,R4,T2,116.7,89.8,163.2,179.2,1
TRA096-002568,2025-02-20,R6,T3,66.3,36.5,105.6,121.2,1
TRA096-002569,2025-02-21,R2,T1,35.9,82.9,70.0,86.3,1
TRA096-002570,2025-02-21,R4,T2,120.0,61.3,140.2,183.0,1
TRA096-002571,2025-02-21,R6,T3,60.5,54.2,103.9,114.6,1
TRA096-002572,2025-02-21,R5,T1,59.2,30.6,87.8,113.1,1
TRA096-002573,2025-02-21,R6,T2,71.0,134.1,140.2,126.6,1
TRA096-002574,2025-02-21,R1,T3,105.9,57.6,,166.8,1
TRA096-002575,2025-02-22,R3,T1,4.9,137.1,34.2,50.6,1
TRA096-002576,2025-02-22,R4,T2,35.9,132.4,104.7,86.3,1
TRA096-002577,2025-02-22,R1,T3,7.4,81.8,24.9,53.5,1
TRA096-002578,2025-02-22,R2,T1,54.7,100.9,101.3,107.9,1
TRA096-002579,2025-02-22,R5,T2,126.3,98.2,155.7,190.2,1
TRA096-002580,2025-02-22,R1,T3,106.2,91.4,184.8,167.1,1
TRA096-002581,2025-02-23,R5,T1,139.3,44.3,190.3,205.2,1
TRA096-002582,2025-02-23,R5,T2,4.8,66.8,16.4,50.5,1
TRA096-002583,2025-02-23,R5,T3,111.5,95.8,,173.2,0
TRA096-002584,2025-02-23,R6,T1,139.3,79.0,,205.2,0
TRA096-002585,2025-02-23,R4,T2,28.9,43.1,61.9,78.2,1
TRA096-002586,2025-02-23,R3,T3,53.2,23.9,,106.2,0
TRA096-002587,2025-02-24,R1,T1,4.0,84.9,-999,49.6,1
TRA096-002588,2025-02-24,R5,T2,68.2,111.1,104.9,123.4,1
TRA096-002589,2025-02-24,R1,T3,148.1,42.2,214.3,215.3,1
TRA096-002590,2025-02-24,R5,T1,15.1,59.2,69.0,62.4,1
TRA096-002591,2025-02-24,R3,T2,21.0,68.6,38.5,69.2,1
TRA096-002592,2025-02-24,R6,T3,6.8,83.3,33.1,52.8,1
TRA096-002593,2025-02-25,R3,T1,147.6,139.0,203.7,214.7,1
TRA096-002594,2025-02-25,R1,T2,12.7,27.2,49.4,59.6,1
TRA096-002595,2025-02-25,R1,T3,98.4,148.3,,158.2,0
TRA096-002596,2025-02-25,R3,T1,26.8,101.1,57.1,75.8,1
TRA096-002597,2025-02-25,R1,T2,51.3,91.4,95.2,104.0,1
TRA096-002598,2025-02-25,R6,T3,78.3,119.1,120.5,135.0,1
TRA096-002599,2025-02-26,R6,T1,131.8,15.5,175.4,196.6,1
TRA096-002600,2025-02-26,R5,T2,42.9,122.7,94.4,94.3,1
TRA096-002601,2025-02-26,R5,T3,13.6,2.5,14.1,60.6,1
TRA096-002602,2025-02-26,R3,T1,134.8,56.4,145.2,200.0,1
TRA096-002603,2025-02-26,R2,T2,143.7,61.5,160.0,210.3,1
TRA096-002604,2025-02-26,R4,T3,39.8,108.9,74.9,90.8,1
TRA096-002605,2025-02-27,R3,T1,117.0,106.1,,179.5,0
TRA096-002606,2025-02-27,R1,T2,101.8,10.5,124.2,162.1,1
TRA096-002607,2025-02-27,R1,T3,34.4,149.3,57.0,84.6,1
TRA096-002608,2025-02-27,R5,T1,14.1,60.9,32.5,61.2,1
TRA096-002609,2025-02-27,R2,T2,128.4,7.3,163.5,192.7,1
TRA096-002610,2025-02-27,R4,T3,17.7,25.7,36.2,65.4,1
TRA096-002611,2025-02-27,R5,T1,124.4,78.1,147.6,188.1,1
TRA096-002612,2025-02-28,R1,T2,15.0,84.5,24.0,62.2,1
TRA096-002613,2025-02-28,R4,T3,134.9,143.8,203.2,200.1,1
TRA096-002614,2025-02-28,R1,T1,64.9,34.2,64.2,119.6,1
TRA096-002615,2025-02-28,R6,T2,21.2,144.4,58.1,69.4,1
TRA096-002616,2025-02-28,R6,T3,38.4,40.7,78.6,89.2,1
TRA096-002617,2025-02-28,R5,T1,145.6,73.9,189.4,212.4,1
TRA096-002618,2025-03-01,R6,T2,103.4,106.5,177.4,163.9,1
TRA096-002619,2025-03-01,R6,T3,115.6,41.4,158.3,177.9,1
TRA096-002620,2025-03-01,R2,T1,48.8,19.9,58.8,101.1,1
TRA096-002621,2025-03-01,R4,T2,67.7,10.6,68.8,122.9,1
TRA096-002622,2025-03-01,R3,T3,66.0,28.3,96.2,120.9,1
TRA096-002623,2025-03-01,R5,T1,102.6,102.6,148.9,163.0,1
TRA096-002624,2025-03-02,R3,T2,117.9,149.4,155.9,180.6,1
TRA096-002625,2025-03-02,R5,T3,132.8,141.6,192.3,197.7,1
TRA096-002626,2025-03-02,R5,T1,133.9,97.4,181.6,199.0,1
TRA096-002627,2025-03-02,R6,T2,4.5,133.4,,50.2,0
TRA096-002628,2025-03-02,R1,T3,17.9,117.1,52.3,65.6,1
TRA096-002629,2025-03-02,R5,T1,117.6,50.6,154.6,180.2,1
TRA096-002630,2025-03-03,R3,T2,40.5,17.3,36.3,91.6,1
TRA096-002631,2025-03-03,R4,T3,39.5,29.8,63.1,90.4,1
TRA096-002632,2025-03-03,R2,T1,74.7,112.5,99.8,130.9,1
TRA096-002633,2025-03-03,R3,T2,27.8,71.6,59.8,77.0,1
TRA096-002634,2025-03-03,R5,T3,76.3,124.9,130.4,132.7,1
TRA096-002635,2025-03-03,R1,T1,147.0,59.6,182.8,214.0,1
TRA096-002636,2025-03-04,R6,T2,95.1,89.2,154.3,154.4,1
TRA096-002637,2025-03-04,R2,T3,44.1,115.2,92.1,95.7,1
TRA096-002638,2025-03-04,R3,T1,65.7,102.9,91.8,120.6,1
TRA096-002639,2025-03-04,R2,T2,80.5,36.8,128.7,137.6,1
TRA096-002640,2025-03-04,R1,T3,131.3,126.3,193.6,196.0,1
TRA096-002641,2025-03-04,R6,T1,125.9,35.0,154.8,189.8,1
TRA096-002642,2025-03-05,R3,T2,101.2,3.5,122.1,161.4,1
TRA096-002643,2025-03-05,R1,T3,144.6,23.5,198.1,211.3,1
TRA096-002644,2025-03-05,R3,T1,90.8,133.8,105.1,149.4,1
TRA096-002645,2025-03-05,R5,T2,22.5,23.7,27.5,70.9,1
TRA096-002646,2025-03-05,R2,T3,144.4,22.5,201.0,211.1,1
TRA096-002647,2025-03-05,R1,T1,7.5,110.7,29.0,53.6,1
TRA096-002648,2025-03-05,R3,T2,25.5,36.0,57.5,74.3,1
TRA096-002649,2025-03-06,R1,T3,128.6,111.2,197.1,192.9,1
TRA096-002650,2025-03-06,R3,T1,42.8,15.4,56.7,94.2,1
TRA096-002651,2025-03-06,R3,T2,93.7,99.7,135.4,152.8,1
TRA096-002652,2025-03-06,R6,T3,48.7,21.4,96.2,101.0,1
TRA096-002653,2025-03-06,R2,T1,52.1,131.1,93.6,104.9,1
TRA096-002654,2025-03-06,R1,T2,58.8,94.3,97.7,112.6,1
TRA096-002655,2025-03-07,R5,T3,34.9,41.2,65.3,85.1,1
TRA096-002656,2025-03-07,R1,T1,30.1,6.5,52.0,79.6,1
TRA096-002657,2025-03-07,R6,T2,25.1,141.5,,73.9,1
TRA096-002658,2025-03-07,R4,T3,77.8,64.6,104.5,134.5,1
TRA096-002659,2025-03-07,R4,T1,23.7,136.7,53.7,72.3,1
TRA096-002660,2025-03-07,R2,T2,100.3,90.4,132.0,160.3,1
TRA096-002661,2025-03-08,R6,T3,39.9,34.8,76.2,90.9,1
TRA096-002662,2025-03-08,R6,T1,44.9,93.6,57.8,96.6,1
TRA096-002663,2025-03-08,R3,T2,123.3,72.3,,186.8,0
TRA096-002664,2025-03-08,R1,T3,29.2,111.3,61.7,78.6,1
TRA096-002665,2025-03-08,R2,T1,71.3,37.5,80.3,127.0,1
TRA096-002666,2025-03-08,R5,T2,124.9,48.1,162.9,188.6,1
TRA096-002667,2025-03-09,R2,T3,70.4,19.5,109.8,126.0,1
TRA096-002668,2025-03-09,R6,T1,118.1,75.0,,180.8,0
TRA096-002669,2025-03-09,R4,T2,75.5,11.2,147.1,131.8,1
TRA096-002670,2025-03-09,R2,T3,93.4,147.2,159.9,152.4,1
TRA096-002671,2025-03-09,R5,T1,140.2,80.8,168.3,206.2,1
TRA096-002672,2025-03-09,R2,T2,30.8,83.4,79.0,80.4,1
TRA096-002673,2025-03-10,R2,T3,141.0,117.3,194.3,207.1,1
TRA096-002674,2025-03-10,R4,T1,104.5,105.8,122.1,165.2,1
TRA096-002675,2025-03-10,R6,T2,58.2,133.6,74.0,111.9,1
TRA096-002676,2025-03-10,R5,T3,133.1,94.3,216.4,198.1,1
TRA096-002677,2025-03-10,R4,T1,76.4,39.1,112.4,132.9,1
TRA096-002678,2025-03-10,R2,T2,134.3,7.3,175.7,199.4,1
TRA096-002679,2025-03-11,R1,T3,83.2,25.5,124.0,140.7,1
TRA096-002680,2025-03-11,R3,T1,86.6,130.6,116.6,144.6,1
TRA096-002681,2025-03-11,R5,T2,9.0,20.8,52.5,55.4,1
TRA096-002682,2025-03-11,R2,T3,30.7,101.3,,80.3,0
TRA096-002683,2025-03-11,R4,T1,39.1,122.4,74.7,90.0,1
TRA096-002684,2025-03-11,R4,T2,97.9,53.2,142.7,157.6,1
TRA096-002685,2025-03-12,R1,T3,125.1,121.9,201.9,188.9,1
TRA096-002686,2025-03-12,R3,T1,112.7,66.1,146.2,174.6,1
TRA096-002687,2025-03-12,R3,T2,123.4,56.8,155.7,186.9,1
TRA096-002688,2025-03-12,R1,T3,93.7,72.8,137.2,152.8,1
TRA096-002689,2025-03-12,R1,T1,18.8,127.8,48.0,66.6,1
TRA096-002690,2025-03-12,R4,T2,66.1,15.7,80.4,121.0,1
TRA096-002691,2025-03-12,R5,T3,30.0,130.4,73.5,79.5,1
TRA096-002692,2025-03-13,R1,T1,106.0,11.5,112.3,166.9,1
TRA096-002693,2025-03-13,R2,T2,80.9,141.8,138.5,138.0,1
TRA096-002694,2025-03-13,R1,T3,85.7,72.3,123.5,143.6,1
TRA096-002695,2025-03-13,R1,T1,116.8,147.9,143.5,179.3,1
TRA096-002696,2025-03-13,R4,T2,99.0,75.4,138.3,158.8,1
TRA096-002697,2025-03-13,R4,T3,94.9,28.0,107.5,154.1,1
TRA096-002698,2025-03-14,R3,T1,8.7,48.1,27.1,55.0,1
TRA096-002699,2025-03-14,R6,T2,67.2,5.0,53.6,122.3,1
TRA096-002700,2025-03-14,R2,T3,138.8,149.6,223.6,204.6,1
TRA096-002701,2025-03-14,R2,T1,59.8,119.4,99.4,113.8,1
TRA096-002702,2025-03-14,R4,T2,42.4,99.3,,93.8,0
TRA096-002703,2025-03-14,R5,T3,92.6,15.0,157.7,151.5,1
TRA096-002704,2025-03-15,R2,T1,106.0,1.2,112.2,166.9,1
TRA096-002705,2025-03-15,R3,T2,13.2,85.8,61.4,60.2,1
TRA096-002706,2025-03-15,R6,T3,20.5,8.9,35.2,68.6,1
TRA096-002707,2025-03-15,R5,T1,63.3,143.8,87.8,117.8,1
TRA096-002708,2025-03-15,R3,T2,29.3,59.5,36.9,78.7,1
TRA096-002709,2025-03-15,R5,T3,13.1,5.8,5,60.1,1
TRA096-002710,2025-03-16,R5,T1,101.6,95.5,143.9,161.8,1
TRA096-002711,2025-03-16,R3,T2,70.0,9.2,101.9,125.5,1
TRA096-002712,2025-03-16,R6,T3,7.5,38.0,21.2,53.6,1
TRA096-002713,2025-03-16,R4,T1,4.8,42.0,19.9,50.5,1
TRA096-002714,2025-03-16,R5,T2,134.9,45.7,186.9,200.1,1
TRA096-002715,2025-03-16,R2,T3,29.6,14.1,46.8,79.0,1
TRA096-002716,2025-03-17,R4,T1,109.8,44.9,132.4,171.3,1
TRA096-002717,2025-03-17,R5,T2,140.1,41.3,174.3,206.1,1
TRA096-002718,2025-03-17,R3,T3,87.2,134.5,136.1,145.3,1
TRA096-002719,2025-03-17,R4,T1,147.5,3.2,152.2,214.6,1
TRA096-002720,2025-03-17,R2,T2,26.4,25.0,40.8,75.4,1
TRA096-002721,2025-03-17,R5,T3,118.1,53.9,216.7,180.8,1
TRA096-002722,2025-03-18,R3,T1,31.1,50.1,48.8,80.8,1
TRA096-002723,2025-03-18,R5,T2,33.1,135.5,,83.1,0
TRA096-002724,2024-02-30,R5,T3,90.3,127.5,142.9,148.8,1
TRA096-002725,2025-03-18,R3,T1,48.3,97.4,73.9,100.5,1
TRA096-002726,2025-03-18,R2,T2,7.8,75.3,38.3,54.0,1
TRA096-002727,2025-03-18,R6,T3,59.0,95.4,109.6,112.8,1
TRA096-002728,2025-03-18,R6,T1,13.6,63.4,51.1,60.6,1
TRA096-002729,2025-03-19,R3,T2,77.9,65.4,114.9,134.6,1
TRA096-002730,2025-03-19,R6,T3,39.9,75.4,35.8,90.9,1
TRA096-002731,2025-03-19,R4,T1,120.1,20.1,148.5,183.1,1
TRA096-002732,2025-03-19,R4,T2,14.7,144.1,38.6,61.9,1
TRA096-002733,2025-03-19,R4,T3,33.7,38.5,68.7,83.8,1
TRA096-002734,2025-03-19,R4,T1,61.6,95.3,110.1,115.8,1
TRA096-002735,2025-03-20,R6,T2,120.8,124.7,150.0,183.9,1
TRA096-002736,2025-03-20,R2,T3,12.9,147.8,,59.8,0
TRA096-002737,2025-03-20,R2,T1,38.6,6.6,72.2,89.4,1
TRA096-002738,2025-03-20,R6,T2,134.3,26.5,205.0,199.4,1
TRA096-002739,2025-03-20,R6,T3,14.6,78.3,58.9,61.8,1
TRA096-002740,2025-03-20,R6,T1,104.1,81.1,,164.7,1
TRA096-002741,2025-03-21,R5,T2,3.4,96.4,19.9,48.9,1
TRA096-002742,2025-03-21,R4,T3,148.8,129.1,205.6,216.1,1
TRA096-002743,2025-03-21,R1,T1,127.9,100.4,172.4,192.1,1
TRA096-002744,2025-03-21,R4,T2,116.3,12.2,"153,0",178.7,1
TRA096-002745,2025-03-21,R2,T3,133.0,52.4,,197.9,0
TRA096-002746,2025-03-21,R6,T1,117.5,95.3,156.3,180.1,1
TRA096-002747,2025-03-22,R2,T2,76.1,16.5,111.0,132.5,1
TRA096-002748,2025-03-22,R3,T3,95.8,63.8,153.8,155.2,1
TRA096-002749,2025-03-22,R6,T1,4.7,85.9,13.1,50.4,1
TRA096-002750,2025-03-22,R3,T2,34.8,56.8,53.6,85.0,1
TRA096-002751,2025-03-22,R2,T3,7.3,24.9,5,53.4,1
TRA096-002752,2025-03-22,R2,T1,144.7,54.5,165.4,211.4,1
TRA096-002753,2025-03-23,R2,T2,47.5,116.0,108.0,99.6,1
TRA096-002754,2025-03-23,R1,T3,10.0,3.0,31.6,56.5,1
TRA096-002755,2025-03-23,R4,T1,27.3,140.1,70.6,76.4,1
TRA096-002756,2025-03-23,R1,T2,111.9,129.1,156.7,173.7,1
TRA096-002757,2025-03-23,R6,T3,104.3,58.3,162.5,164.9,1
TRA096-002758,2025-03-23,R6,T1,46.0,94.9,86.5,97.9,1
TRA096-002759,2025-03-24,R5,T2,118.8,86.1,144.1,181.6,1
TRA096-002760,2025-03-24,R5,T3,143.7,133.6,205.5,210.3,1
TRA096-002761,2025-03-24,R5,T1,10.2,74.8,5.4,56.7,1
TRA096-002762,2025-03-24,R5,T2,114.3,28.7,,176.4,0
TRA096-002763,2025-03-24,R6,T3,91.7,74.9,155.2,150.5,1
TRA096-002764,2025-03-24,R4,T1,85.0,53.2,99.8,142.8,1
TRA096-002765,2025-03-24,R4,T2,59.0,128.0,96.0,112.8,1
TRA096-002766,2025-03-25,R3,T3,78.9,53.1,128.1,135.7,1
TRA096-002767,2025-03-25,R6,T1,15.7,22.6,13.9,63.1,1
TRA096-002768,2025-03-25,R1,T2,19.7,62.6,74.8,67.7,1
TRA096-002769,2025-03-25,R4,T3,38.2,53.5,65.3,88.9,1
TRA096-002770,2025-03-25,R6,T1,114.0,42.5,131.7,176.1,1
TRA096-002771,2025-03-25,R2,T2,90.1,54.9,125.8,148.6,1
TRA096-002772,2025-03-26,R4,T3,69.8,56.3,77.0,125.3,1
TRA096-002773,2025-03-26,R3,T1,26.2,134.8,64.2,75.1,1
TRA096-002774,2025-03-26,R3,T2,82.0,63.1,130.8,139.3,1
TRA096-002775,2025-03-26,R6,T3,24.7,68.5,48.3,73.4,1
TRA096-002776,2025-03-26,R1,T1,67.2,123.1,,122.3,0
TRA096-002777,2025-03-26,R1,T2,105.3,75.0,125.7,166.1,1
TRA096-002778,2025-03-27,R1,T3,116.2,46.3,161.7,178.6,1
TRA096-002779,2025-03-27,R4,T1,42.1,46.4,74.4,93.4,1
TRA096-002780,2025-03-27,R4,T2,5.9,4.4,12.0,51.8,1
TRA096-002781,2025-03-27,R4,T3,52.5,24.8,83.4,105.4,1
TRA096-002782,2025-03-27,R6,T1,54.7,89.3,85.9,107.9,1
TRA096-002783,2025-03-27,R3,T2,79.2,6.2,93.1,136.1,1
TRA096-002784,2025-03-28,R2,T3,53.4,121.9,93.6,106.4,1
TRA096-002785,2025-03-28,R1,T1,3.2,86.5,34.9,48.7,1
TRA096-002786,2025-03-28,R2,T2,61.6,33.2,85.6,115.8,1
TRA096-002787,2025-03-28,R4,T3,113.6,65.4,196.0,175.6,1
TRA096-002788,2025-03-28,R2,T1,128.9,53.9,179.6,193.2,1
TRA096-002789,2025-03-28,R2,T2,38.9,86.5,77.7,89.7,1
TRA096-002790,2025-03-29,R1,T3,81.8,73.3,139.1,139.1,1
TRA096-002791,2025-03-29,R6,T1,114.3,125.1,141.6,176.4,1
TRA096-002792,2025-03-29,R3,T2,8.2,90.4,5,54.4,1
TRA096-002793,2025-03-29,R1,T3,140.9,139.8,239.1,207.0,1
TRA096-002794,2025-03-29,R5,T1,74.2,122.5,107.1,130.3,1
TRA096-002795,2025-03-29,R4,T2,73.1,85.4,104.8,129.1,1
TRA096-002796,2025-03-30,R4,T3,69.5,89.1,124.9,124.9,1
TRA096-002797,2025-03-30,R4,T1,106.4,102.7,,167.4,0
TRA096-002798,2025-03-30,R1,T2,133.8,110.0,197.2,198.9,1
TRA096-002799,2025-03-30,R4,T3,97.7,19.9,156.9,157.4,1
TRA096-002800,2025-03-30,R5,T1,5.8,3.2,36.7,51.7,1
TRA096-002801,2025-03-30,R2,T2,87.8,89.5,118.4,146.0,1
TRA096-002802,2025-03-31,R5,T3,100.3,9.3,111.7,160.3,1
TRA096-002803,2025-03-31,R6,T1,116.1,76.6,140.5,178.5,1
TRA096-002804,2025-03-31,R1,T2,75.1,140.5,121.5,131.4,1
TRA096-002805,2025-03-31,R2,T3,131.3,23.0,,196.0,0
TRA096-002806,2025-03-31,R4,T1,113.0,138.2,163.3,174.9,1
TRA096-002807,2025-03-31,R3,T2,143.0,109.6,238.4,209.4,1
TRA096-002808,2025-03-31,R1,T3,131.7,146.9,219.3,196.5,1
TRA096-002809,2025-04-01,R6,T1,15.4,8.6,10.6,62.7,1
TRA096-002810,2025-04-01,R3,T2,109.6,124.9,142.4,171.0,1
TRA096-002811,2025-04-01,R3,T3,92.0,8.1,122.2,150.8,1
TRA096-002812,2025-04-01,R1,T1,122.4,132.1,191.3,185.8,1
TRA096-002813,2025-04-01,R2,T2,142.8,128.7,213.1,209.2,1
TRA096-002814,2025-04-01,R6,T3,68.7,57.3,103.7,124.0,1
TRA096-002815,2025-04-02,R3,T1,135.0,22.4,174.3,200.2,1
TRA096-002816,2025-04-02,R2,T2,145.1,91.1,203.2,211.9,1
TRA096-002817,2025-04-02,R3,T3,33.5,112.8,81.5,83.5,1
TRA096-002818,2025-04-02,R4,T1,127.6,109.8,169.4,191.7,1
TRA096-002819,2025-04-02,R3,T2,129.2,52.3,163.6,193.6,1
TRA096-002820,2025-04-02,R3,T3,98.9,43.2,160.0,158.7,1
TRA096-002821,2025-04-03,R2,T1,36.4,68.5,65.0,86.9,1
TRA096-002822,2025-04-03,R6,T2,57.4,84.6,98.1,111.0,1
TRA096-002823,2025-04-03,R5,T3,94.7,142.4,,153.9,1
TRA096-002824,2025-04-03,R3,T1,50.6,16.1,71.6,103.2,1
TRA096-002825,2025-04-03,R1,T2,33.8,134.1,71.6,83.9,1
TRA096-002826,2025-04-03,R5,T3,49.3,19.1,74.2,101.7,1
TRA096-002827,2025-04-04,R1,T1,111.4,112.5,161.5,173.1,1
TRA096-002828,2025-04-04,R2,T2,111.4,48.9,148.0,173.1,1
TRA096-002829,2025-04-04,R1,T3,143.1,65.2,218.3,209.6,1
TRA096-002830,2025-04-04,R6,T1,60.4,91.9,79.6,114.5,1
TRA096-002831,2025-04-04,R3,T2,57.9,86.0,84.5,111.6,1
TRA096-002832,2025-04-04,R3,T3,43.1,79.9,74.3,94.6,1
TRA096-002833,2025-04-05,R5,T1,35.0,100.8,81.3,85.2,1
TRA096-002834,2025-04-05,R1,T2,114.3,73.9,165.3,176.4,1
TRA096-002835,2025-04-05,R6,T3,129.5,89.5,204.8,193.9,1
TRA096-002836,2025-04-05,R4,T1,86.8,88.1,100.9,144.8,1
TRA096-002837,2025-04-05,R4,T2,118.9,20.3,112.7,181.7,1
TRA096-002838,2025-04-05,R6,T3,137.5,4.5,208.9,203.1,1
TRA096-002839,2025-04-06,R2,T1,38.2,81.4,61.3,88.9,1
TRA096-002840,2025-04-06,R4,T2,51.5,38.3,93.7,104.2,1
TRA096-002841,2025-04-06,R5,T3,90.4,19.7,129.6,149.0,1
TRA096-002842,2025-04-06,R6,T1,45.4,35.6,,97.2,0
TRA096-002843,2025-04-06,R3,T2,35.5,100.6,88.1,85.8,1
TRA096-002844,2025-04-06,R6,T3,34.5,45.9,76.9,84.7,1
TRA096-002845,2025-04-06,R4,T1,50.0,75.9,88.4,102.5,1
TRA096-002846,2025-04-07,R5,T2,39.9,65.9,81.1,90.9,1
TRA096-002847,2025-04-07,R1,T3,125.3,53.3,174.4,189.1,1
TRA096-002848,2025-04-07,R3,T1,122.6,21.2,147.9,186.0,1
TRA096-002849,2025-04-07,R4,T2,96.0,14.0,119.1,155.4,1
TRA096-002850,2025-04-07,R4,T3,64.2,36.4,107.8,118.8,1
TRA096-002851,2025-04-07,R1,T1,60.2,41.7,69.0,114.2,1
TRA096-002852,2025-04-08,R3,T2,5.7,87.5,25.3,51.6,1
TRA096-002853,2025-04-08,R6,T3,85.1,51.7,130.7,142.9,1
TRA096-002854,2025-04-08,R6,T1,24.7,11.4,20.8,73.4,1
TRA096-002855,2025-04-08,R1,T2,51.9,38.3,60.4,104.7,1
TRA096-002856,2025-04-08,R1,T3,129.2,136.8,210.9,193.6,1
TRA096-002857,2025-04-08,R1,T1,50.9,87.9,63.5,103.5,1
TRA096-002858,2025-04-09,R5,T2,49.1,34.2,83.0,101.5,1
TRA096-002859,2025-04-09,R3,T3,130.8,18.0,194.6,195.4,1
TRA096-002860,2025-04-09,R3,T1,111.3,3.3,138.6,173.0,1
TRA096-002861,2025-04-09,R2,T2,120.9,148.7,173.3,184.0,1
TRA096-002862,2025-04-09,R4,T3,77.1,78.2,133.8,133.7,1
TRA096-002863,2025-04-09,R3,T1,11.9,89.4,35.0,58.7,1
TRA096-002864,2025-04-10,R1,T2,49.8,39.5,,102.3,0
TRA096-002865,2025-04-10,R6,T3,125.6,103.5,181.8,189.4,1
TRA096-002866,2025-04-10,R2,T1,89.1,148.6,104.4,147.5,1
TRA096-002867,2025-04-10,R3,T2,107.1,124.9,145.0,168.2,1
TRA096-002868,2025-04-10,R4,T3,2.3,131.0,28.8,47.6,1
TRA096-002869,2025-04-10,R6,T1,117.3,61.6,135.0,179.9,1
TRA096-002870,2025-04-11,R5,T2,85.1,32.4,,142.9,0
TRA096-002871,2025-04-11,R4,T3,34.3,98.4,69.1,84.4,1
TRA096-002872,2025-04-11,R3,T1,142.2,42.4,153.6,208.5,1
TRA096-002873,2025-04-11,R6,T2,50.6,83.3,93.7,103.2,1
TRA096-002874,2025-04-11,R3,T3,107.4,118.8,150.0,168.5,1
TRA096-002875,2025-04-11,R2,T1,77.7,81.8,92.2,134.4,1
TRA096-002876,2025-04-12,R2,T2,44.1,69.2,85.9,95.7,1
TRA096-002877,2025-04-12,R6,T3,42.2,62.2,83.6,93.5,1
TRA096-002878,2025-04-12,R3,T1,120.5,115.3,163.6,183.6,1
TRA096-002879,2025-04-12,R3,T2,69.1,44.3,85.4,124.5,1
TRA096-002880,2025-04-12,R6,T3,68.4,119.9,96.8,123.7,1
TRA096-002881,2025-04-12,R1,T1,124.1,84.1,160.2,187.7,1
TRA096-002882,2025-04-13,R3,T2,143.4,18.7,211.2,209.9,1
TRA096-002883,2025-04-13,R1,T3,104.7,119.5,157.7,165.4,1
TRA096-002884,2025-04-13,R2,T1,116.8,132.0,168.5,179.3,1
TRA096-002885,2025-04-13,R4,T2,25.4,139.6,43.7,74.2,1
TRA096-002886,2025-04-13,R1,T3,64.0,127.3,121.1,118.6,1
TRA096-002887,2025-04-13,R1,T1,75.2,143.5,135.9,131.5,1
TRA096-002888,2025-04-13,R4,T2,130.3,138.4,173.7,194.8,1
TRA096-002889,2025-04-14,R2,T3,53.2,21.9,96.3,106.2,1
TRA096-002890,2025-04-14,R1,T1,84.8,148.7,137.1,142.5,1
TRA096-002891,2025-04-14,R2,T2,27.4,139.3,,76.5,0
TRA096-002892,2025-04-14,R5,T3,54.3,122.6,73.3,107.4,1
TRA096-002893,2025-04-14,R3,T1,49.7,94.9,54.1,102.2,1
TRA096-002894,2025-04-14,R1,T2,130.4,58.0,190.0,195.0,1
TRA096-002895,2025-04-15,R4,T3,24.5,46.2,56.1,73.2,1
TRA096-002896,2025-04-15,R3,T1,97.8,133.0,136.1,157.5,1
TRA096-002897,2025-04-15,R5,T2,33.1,132.5,61.9,83.1,1
TRA096-002898,2025-04-15,R5,T3,135.6,43.7,165.9,200.9,1
TRA096-002899,2025-04-15,R4,T1,41.9,60.0,66.8,93.2,1
TRA096-002900,2025-04-15,R1,T2,55.4,65.8,82.7,108.7,1
TRA096-002901,2025-04-16,R4,T3,55.4,43.5,78.5,108.7,1
TRA096-002902,2025-04-16,R6,T1,28.9,73.1,68.9,78.2,1
TRA096-002903,2025-04-16,R3,T2,135.1,32.5,167.3,200.4,1
TRA096-002904,2025-04-16,R6,T3,64.0,33.7,81.1,118.6,1
TRA096-002905,2025-04-16,R3,T1,36.7,73.9,79.2,87.2,1
TRA096-002906,2025-04-16,R5,T2,119.6,138.0,,182.5,1
TRA096-002907,2025-04-17,R3,T3,42.0,115.9,60.9,93.3,1
TRA096-002908,2025-04-17,R2,T1,110.3,113.5,159.5,171.8,1
TRA096-002909,2025-04-17,R5,T2,85.1,73.4,99.5,142.9,1
TRA096-002910,2025-04-17,R4,T3,88.2,119.2,152.4,146.4,1
TRA096-002911,2025-04-17,R6,T1,70.5,114.0,89.2,126.1,1
TRA096-002912,2025-04-17,R4,T2,129.5,115.3,168.6,193.9,1
TRA096-002913,2025-04-18,R2,T3,34.9,46.2,35.9,85.1,1
TRA096-002914,2025-04-18,R3,T1,72.0,70.3,,127.8,0
TRA096-002915,2025-04-18,R3,T2,130.4,97.1,181.4,195.0,1
TRA096-002916,2025-04-18,R6,T3,21.3,33.1,,69.5,0
TRA096-002917,2025-04-18,R2,T1,90.5,79.1,103.4,149.1,1
TRA096-002918,2025-04-18,R2,T2,98.4,116.0,143.7,158.2,1
TRA096-002919,2025-04-19,R5,T3,53.1,107.9,124.3,106.1,1
TRA096-002920,2025-04-19,R3,T1,72.5,132.5,63.9,128.4,1
TRA096-002921,2025-04-19,R1,T2,72.9,135.5,119.3,128.8,1
TRA096-002922,2025-04-19,R3,T3,2.9,26.9,6.4,48.3,1
TRA096-002923,2025-04-19,R4,T1,29.0,122.0,74.4,78.3,1
TRA096-002924,2025-04-19,R5,T2,53.2,108.8,82.9,106.2,1
TRA096-002925,2025-04-19,R3,T3,107.2,146.9,153.3,168.3,1
TRA096-002926,2025-04-20,R4,T1,78.9,27.9,80.8,135.7,1
TRA096-002927,2025-04-20,R4,T2,48.2,130.0,82.2,100.4,1
TRA096-002928,2025-04-20,R6,T3,49.9,23.6,92.5,102.4,1
TRA096-002929,2025-04-20,R5,T1,41.2,41.1,39.3,92.4,1
TRA096-002930,2025-04-20,R1,T2,72.1,98.1,132.8,127.9,1
TRA096-002931,2025-04-20,R6,T3,9.8,27.0,31.8,56.3,1
TRA096-002932,2025-04-21,R4,T1,111.3,63.6,153.0,173.0,1
TRA096-002933,2025-04-21,R3,T2,45.4,136.9,84.2,97.2,1
TRA096-002934,2025-04-21,R5,T3,39.1,11.7,53.8,90.0,1
TRA096-002935,2025-04-21,R1,T1,4.0,36.7,16.3,49.6,1
TRA096-002936,2025-04-21,R4,T2,32.6,19.4,39.5,82.5,1
TRA096-002937,2025-04-21,R2,T3,69.4,114.5,110.3,124.8,1
TRA096-002938,2025-04-22,R3,T1,75.2,138.7,113.5,131.5,1
TRA096-002939,2025-04-22,R6,T2,96.0,145.4,149.4,155.4,1
TRA096-002940,2025-04-22,R5,T3,12.0,105.8,53.7,58.8,1
TRA096-002941,2025-04-22,R4,T1,142.2,65.1,179.2,208.5,1
TRA096-002942,2025-04-22,R6,T2,131.7,76.0,197.7,196.5,1
TRA096-002943,2025-04-22,R1,T3,52.3,2.4,94.0,105.1,1
TRA096-002944,2025-04-23,R4,T1,100.3,25.4,,160.3,0
TRA096-002945,2025-04-23,R6,T2,71.0,61.3,140.3,126.6,1
TRA096-002946,2025-04-23,R6,T3,49.7,39.6,70.5,102.2,1
TRA096-002947,2025-04-23,R5,T1,87.7,132.1,103.5,145.9,1
TRA096-002948,2025-04-23,R2,T2,92.0,31.4,110.8,150.8,1
TRA096-002949,2025-04-23,R1,T3,37.0,93.8,70.8,87.5,1
TRA096-002950,2025-04-24,R2,T1,40.1,4.9,73.0,91.1,1
TRA096-002951,2025-04-24,R3,T2,21.0,4.1,56.9,69.2,1
TRA096-002952,2025-04-24,R2,T3,148.7,128.8,252.4,216.0,1
TRA096-002953,2025-04-24,R3,T1,29.2,20.0,12.2,78.6,1
TRA096-002954,2025-04-24,R5,T2,3.8,3.1,5,49.4,1
TRA096-002955,2025-04-24,R4,T3,36.6,52.1,"61,4",87.1,1
TRA096-002956,2025-04-25,R3,T1,12.4,142.5,39.2,59.3,1
TRA096-002957,2025-04-25,R4,T2,63.2,4.9,81.7,117.7,1
TRA096-002958,2025-04-25,R6,T3,43.0,125.8,102.8,94.4,1
TRA096-002959,2025-04-25,R1,T1,145.5,1.8,174.6,212.3,1
TRA096-002960,2025-04-25,R5,T2,36.7,101.4,62.1,87.2,1
TRA096-002961,2025-04-25,R2,T3,71.5,115.6,102.9,127.2,1
TRA096-002962,2025-04-25,R4,T1,80.5,44.5,105.4,137.6,1
TRA096-002963,2025-04-26,R5,T2,85.8,75.2,122.1,143.7,1
TRA096-002964,2025-04-26,R6,T3,140.7,8.0,202.4,206.8,1
TRA096-002965,2025-04-26,R2,T1,109.8,95.5,165.5,171.3,1
TRA096-002966,2025-04-26,R4,T2,32.3,77.5,64.5,82.1,1
TRA096-002967,2025-04-26,R4,T3,71.3,110.9,130.5,127.0,1
TRA096-002968,2025-04-26,R1,T1,148.3,3.3,166.8,215.5,1
TRA096-002969,2025-04-27,R6,T2,115.7,124.9,173.9,178.1,1
TRA096-002970,2025-04-27,R4,T3,67.7,41.9,83.9,122.9,1
TRA096-002971,2025-04-27,R1,T1,113.5,77.6,141.4,175.5,1
TRA096-002972,2025-04-27,R5,T2,59.1,78.0,91.6,113.0,1
TRA096-002973,2025-04-27,R3,T3,51.9,137.9,,104.7,0
TRA096-002974,2025-04-27,R6,T1,12.2,144.4,50.6,59.0,1
TRA096-002975,2025-04-28,R5,T2,95.1,99.8,135.4,154.4,1
TRA096-002976,2025-04-28,R1,T3,89.4,98.0,140.2,147.8,1
TRA096-002977,2025-04-28,R5,T1,50.9,65.3,92.3,103.5,1
TRA096-002978,2025-04-28,R5,T2,31.3,35.8,30.5,81.0,1
TRA096-002979,2025-04-28,R5,T3,112.6,102.6,184.7,174.5,1
TRA096-002980,2025-04-28,R3,T1,149.7,122.9,192.7,217.2,1
TRA096-002981,2025-04-29,R1,T2,112.7,44.4,140.5,174.6,1
TRA096-002982,2025-04-29,R2,T3,144.8,27.3,201.1,211.5,1
TRA096-002983,2025-04-29,R3,T1,120.2,49.3,145.5,183.2,1
TRA096-002984,2025-04-29,R1,T2,117.1,15.4,142.8,179.7,1
TRA096-002985,2025-04-29,R6,T3,119.2,126.1,190.1,182.1,1
TRA096-002986,2025-04-29,R5,T1,19.8,69.0,17.3,67.8,1
TRA096-002987,2025-04-30,R3,T2,66.9,58.3,111.1,121.9,1
TRA096-002988,2025-04-30,R6,T3,120.0,105.8,171.5,183.0,1
TRA096-002989,2025-04-30,R3,T1,148.2,4.1,,215.4,1
TRA096-002990,2025-04-30,R2,T2,78.3,14.7,117.4,135.0,1
TRA096-002991,2025-04-30,R6,T3,70.6,62.3,105.5,126.2,1
TRA096-002992,2025-04-30,R3,T1,55.2,88.0,88.7,108.5,1
TRA096-002993,2025-05-01,R4,T2,67.5,88.9,92.4,122.6,1
TRA096-002994,2025-05-01,R5,T3,108.1,120.9,,169.3,0
TRA096-002995,2025-05-01,R2,T1,11.6,33.7,23.7,58.3,1
TRA096-002996,2025-05-01,R2,T2,75.0,46.0,102.1,131.2,1
TRA096-002997,2025-05-01,R3,T3,127.0,125.7,202.2,191.0,1
TRA096-002998,2025-05-01,R1,T1,83.0,94.1,114.8,140.4,1
TRA096-002999,2025-05-02,R1,T2,41.7,59.0,49.1,93.0,1
TRA096-003000,2025-05-02,R6,T3,25.3,109.7,55.6,74.1,1
TRA096-003001,2025-05-02,R6,T1,29.5,49.1,37.6,78.9,1
TRA096-003002,2025-05-02,R1,T2,102.3,35.4,,162.6,0
TRA096-003003,2025-05-02,R3,T3,111.7,7.6,177.2,173.5,1
TRA096-003004,2025-05-02,R4,T1,87.9,128.7,132.6,146.1,1
TRA096-003005,2025-05-02,R6,T2,77.5,72.4,97.5,134.1,1
TRA096-003006,2025-05-03,R3,T3,142.4,91.1,213.8,208.8,1
TRA096-003007,2025-05-03,R1,T1,32.2,134.3,68.1,82.0,1
TRA096-003008,2025-05-03,R3,T2,79.7,113.1,114.8,136.7,1
TRA096-003009,2025-05-03,R3,T3,107.8,113.0,193.1,169.0,1
TRA096-003010,2025-05-03,R4,T1,40.2,143.4,89.0,91.2,1
TRA096-003011,2025-05-03,R5,T2,40.1,36.0,85.6,91.1,1
TRA096-003012,2025-05-04,R6,T3,79.3,141.1,144.6,136.2,1
TRA096-003013,2025-05-04,R4,T1,144.8,21.0,177.5,211.5,1
TRA096-003014,2025-05-04,R4,T2,63.4,1.2,103.0,117.9,1
TRA096-003015,2025-05-04,R6,T3,13.7,109.5,42.1,60.8,1
TRA096-003016,2025-05-04,R6,T1,61.7,147.2,106.7,116.0,1
TRA096-003017,2025-05-04,R5,T2,90.5,87.5,155.4,149.1,1
TRA096-003018,2025-05-05,R2,T3,136.4,29.7,-999,201.9,1
TRA096-003019,2025-05-05,R3,T1,87.6,20.3,134.9,145.7,1
TRA096-003020,2025-05-05,R2,T2,128.7,73.3,180.5,193.0,1
TRA096-003021,2025-05-05,R5,T3,7.4,97.5,22.2,53.5,1
TRA096-003022,2025-05-05,R2,T1,2.7,100.3,28.7,48.1,1
TRA096-003023,2025-05-05,R1,T2,63.2,38.7,88.2,117.7,1
TRA096-003024,2025-05-06,R6,T3,104.8,124.1,176.3,165.5,1
TRA096-003025,2025-05-06,R4,T1,115.3,38.1,109.8,177.6,1
TRA096-003026,2025-05-06,R3,T2,70.8,74.6,93.9,126.4,1
TRA096-003027,2025-05-06,R3,T3,87.1,96.9,133.5,145.2,1
TRA096-003028,2025-05-06,R4,T1,110.8,99.6,120.4,172.4,1
TRA096-003029,2025-05-06,R4,T2,24.0,112.5,48.3,72.6,1
TRA096-003030,2025-05-07,R2,T3,48.0,37.5,,100.2,0
TRA096-003031,2025-05-07,R2,T1,49.4,106.3,95.3,101.8,1
TRA096-003032,2025-05-07,R1,T2,89.0,36.1,109.3,147.3,1
TRA096-003033,2025-05-07,R1,T3,69.5,11.3,117.7,124.9,1
TRA096-003034,2025-05-07,R5,T1,105.6,136.0,,166.4,0
TRA096-003035,2025-05-07,R2,T2,81.3,87.5,110.8,138.5,1
TRA096-003036,2025-05-08,R6,T3,124.7,64.0,162.9,188.4,1
TRA096-003037,2025-05-08,R2,T1,113.3,149.8,142.7,175.3,1
TRA096-003038,2025-05-08,R5,T2,131.4,38.9,175.0,196.1,1
TRA096-003039,2025-05-08,R2,T3,141.3,145.0,213.4,207.5,1
TRA096-003040,2025-05-08,R2,T1,124.2,28.2,160.9,187.8,1
TRA096-003041,2025-05-08,R6,T2,45.6,109.2,68.7,97.4,1
TRA096-003042,2025-05-08,R4,T3,49.0,147.0,137.9,101.3,1
TRA096-003043,2025-05-09,R4,T1,46.4,121.2,82.8,98.4,1
TRA096-003044,2025-05-09,R3,T2,29.7,10.3,59.1,79.2,1
TRA096-003045,2025-05-09,R3,T3,73.0,57.0,92.0,128.9,1
TRA096-003046,2025-05-09,R1,T1,37.7,21.4,47.6,88.4,1
TRA096-003047,2025-05-09,R3,T2,111.8,114.6,179.1,173.6,1
TRA096-003048,2025-05-09,R2,T3,23.5,103.6,46.6,72.0,1
TRA096-003049,2025-05-10,R3,T1,126.0,105.9,154.0,189.9,1
TRA096-003050,2025-05-10,R6,T2,47.7,148.8,86.3,99.9,1
TRA096-003051,2025-05-10,R2,T3,17.8,127.1,24.9,65.5,1
TRA096-003052,2025-05-10,R3,T1,41.6,47.2,64.6,92.8,1
TRA096-003053,2025-05-10,R1,T2,117.4,96.9,189.8,180.0,1
TRA096-003054,2025-05-10,R6,T3,87.6,6.6,139.7,145.7,1
TRA096-003055,2025-05-11,R4,T1,92.3,96.5,124.5,151.1,1
TRA096-003056,2025-05-11,R6,T2,12.2,43.5,38.1,59.0,1
TRA096-003057,2025-05-11,R1,T3,42.6,53.7,57.3,94.0,1
TRA096-003058,2025-05-11,R6,T1,2.7,3.9,40.9,48.1,1
TRA096-003059,2025-05-11,R5,T2,102.7,18.4,130.7,163.1,1
TRA096-003060,2025-05-11,R1,T3,62.6,56.5,94.1,117.0,1
TRA096-003061,2025-05-12,R5,T1,107.2,4.9,110.7,168.3,1
TRA096-003062,2025-05-12,R3,T2,30.8,1.3,41.7,80.4,1
TRA096-003063,2025-05-12,R5,T3,142.2,39.2,228.3,208.5,1
TRA096-003064,2025-05-12,R5,T1,44.5,53.9,89.9,96.2,1
TRA096-003065,2025-05-12,R2,T2,48.9,53.3,77.5,101.2,1
TRA096-003066,2025-05-12,R4,T3,35.2,16.0,51.6,85.5,1
TRA096-003067,2025-05-13,R4,T1,28.4,30.0,40.5,77.7,1
TRA096-003068,2025-05-13,R2,T2,42.1,83.7,76.9,93.4,1
TRA096-003069,2025-05-13,R5,T3,24.2,110.4,51.7,72.8,1
TRA096-003070,2025-05-13,R5,T1,13.2,17.6,14.2,60.2,1
TRA096-003071,2025-05-13,R5,T2,76.6,77.4,110.7,133.1,1
TRA096-003072,2025-05-13,R2,T3,12.1,82.7,,58.9,1
TRA096-003073,2025-05-14,R4,T1,149.0,144.9,,216.3,0
TRA096-003074,2025-05-14,R6,T2,137.6,9.6,164.6,203.2,1
TRA096-003075,2025-05-14,R6,T3,27.8,11.2,44.7,77.0,1
TRA096-003076,2025-05-14,R2,T1,40.6,134.7,48.0,91.7,1
TRA096-003077,2025-05-14,R1,T2,2.7,64.2,36.0,48.1,1
TRA096-003078,2025-05-14,R6,T3,60.5,56.6,125.2,114.6,1
TRA096-003079,2025-05-15,R6,T1,130.1,90.8,165.8,194.6,1
TRA096-003080,2025-05-15,R1,T2,112.6,148.1,175.5,174.5,1
TRA096-003081,2025-05-15,R4,T3,123.5,19.9,178.7,187.0,1
TRA096-003082,2025-05-15,R1,T1,69.7,125.3,123.4,125.2,1
TRA096-003083,2025-05-15,R3,T2,147.4,58.3,172.9,214.5,1
TRA096-003084,2025-05-15,R4,T3,80.7,80.5,99.9,137.8,1
TRA096-003085,2025-05-15,R4,T1,38.3,64.5,69.0,89.0,1
TRA096-003086,2025-05-16,R2,T2,60.1,107.3,83.7,114.1,1
TRA096-003087,2025-05-16,R4,T3,54.1,118.5,,107.2,0
TRA096-003088,2025-05-16,R3,T1,66.6,50.4,99.2,121.6,1
TRA096-003089,2025-05-16,R3,T2,19.3,68.6,70.9,67.2,1
TRA096-003090,2025-05-16,R6,T3,48.8,116.1,96.0,101.1,1
TRA096-003091,2025-05-16,R2,T1,117.4,17.5,146.3,180.0,1
TRA096-003092,2025-05-17,R5,T2,15.2,40.8,19.0,62.5,1
TRA096-003093,2025-05-17,R6,T3,52.5,127.9,81.1,105.4,1
TRA096-003094,2025-05-17,R2,T1,71.3,128.4,120.6,127.0,1
TRA096-003095,2025-05-17,R2,T2,51.1,51.6,82.1,103.8,1
TRA096-003096,2025-05-17,R5,T3,120.4,148.1,,183.5,0
TRA096-003097,2025-05-17,R2,T1,33.5,133.1,41.3,83.5,1
TRA096-003098,2025-05-18,R1,T2,125.3,131.6,187.6,189.1,1
TRA096-003099,2025-05-18,R3,T3,62.4,54.0,120.1,116.8,1
TRA096-003100,2025-05-18,R1,T1,95.1,11.4,,154.4,0
TRA096-003101,2025-05-18,R4,T2,16.5,47.5,64.4,64.0,1
TRA096-003102,2025-05-18,R6,T3,102.4,139.2,138.4,162.8,1
TRA096-003103,2025-05-18,R6,T1,23.4,57.3,54.2,71.9,1
TRA096-003104,2025-05-19,R1,T2,14.7,128.5,40.1,61.9,1
TRA096-003105,2025-05-19,R2,T3,13.3,129.2,50.4,60.3,1
TRA096-003106,2025-05-19,R1,T1,86.5,3.5,86.8,144.5,1
TRA096-003107,2025-05-19,R3,T2,57.7,39.4,,111.4,0
TRA096-003108,2025-05-19,R2,T3,76.0,147.5,146.8,132.4,1
TRA096-003109,2025-05-19,R3,T1,127.3,135.4,183.6,191.4,1
TRA096-003110,2025-05-20,R6,T2,126.9,112.6,178.9,190.9,1
TRA096-003111,2025-05-20,R2,T3,19.2,141.4,,67.1,0
TRA096-003112,2025-05-20,R4,T1,11.7,19.0,52.3,58.5,1
TRA096-003113,2024-02-30,R4,T2,146.7,138.0,227.2,213.7,1
TRA096-003114,2025-05-20,R6,T3,34.3,10.9,36.0,84.4,1
TRA096-003115,2025-05-20,R4,T1,34.8,128.6,,85.0,0
TRA096-003116,2025-05-21,R6,T2,61.4,54.7,61.0,115.6,1
TRA096-003117,2025-05-21,R5,T3,32.3,65.1,59.9,82.1,1
TRA096-003118,2025-05-21,R2,T1,83.1,135.0,137.1,140.6,1
TRA096-003119,2025-05-21,R1,T2,11.3,104.2,38.5,58.0,1
TRA096-003120,2025-05-21,R2,T3,142.1,67.5,196.2,208.4,1
TRA096-003121,2025-05-21,R5,T1,28.6,80.4,58.2,77.9,1
TRA096-003122,2025-05-21,R4,T2,148.5,118.6,222.1,215.8,1
TRA096-003123,2025-05-22,R5,T3,22.7,110.9,53.6,71.1,1
TRA096-003124,2025-05-22,R6,T1,4.6,102.7,41.5,50.3,1
TRA096-003125,2025-05-22,R3,T2,68.3,129.5,,123.5,0
TRA096-003126,2025-05-22,R3,T3,61.6,58.0,111.1,115.8,1
TRA096-003127,2025-05-22,R2,T1,13.8,95.6,45.2,60.9,1
TRA096-003128,2025-05-22,R5,T2,100.0,10.0,128.2,160.0,1
TRA096-003129,2025-05-23,R6,T3,80.5,12.5,104.1,137.6,1
TRA096-003130,2025-05-23,R3,T1,148.0,143.8,191.0,215.2,1
TRA096-003131,2025-05-23,R2,T2,72.9,84.5,122.2,128.8,1
TRA096-003132,2025-05-23,R6,T3,40.3,45.8,52.9,91.3,1
TRA096-003133,2025-05-23,R6,T1,51.4,28.7,,104.1,0
TRA096-003134,2025-05-23,R1,T2,119.6,27.0,151.4,182.5,1
TRA096-003135,2025-05-24,R1,T3,68.9,19.0,115.8,124.2,1
TRA096-003136,2025-05-24,R2,T1,136.3,25.1,176.7,201.7,1
TRA096-003137,2025-05-24,R4,T2,62.3,6.3,77.9,116.6,1
TRA096-003138,2025-05-24,R5,T3,123.7,68.9,187.1,187.3,1
TRA096-003139,2025-05-24,R6,T1,64.7,59.1,86.4,119.4,1
TRA096-003140,2025-05-24,R2,T2,52.8,73.4,91.1,105.7,1
TRA096-003141,2025-05-25,R4,T3,96.4,116.7,134.6,155.9,1
TRA096-003142,2025-05-25,R5,T1,15.1,14.2,18.4,62.4,1
TRA096-003143,2025-05-25,R1,T2,113.4,86.4,155.6,175.4,1
TRA096-003144,2025-05-25,R3,T3,98.8,51.4,138.4,158.6,1
TRA096-003145,2025-05-25,R3,T1,83.4,24.8,,140.9,0
TRA096-003146,2025-05-25,R4,T2,112.9,129.3,142.9,174.8,1
TRA096-003147,2025-05-26,R4,T3,50.5,82.7,75.0,103.1,1
TRA096-003148,2025-05-26,R2,T1,46.9,34.2,64.8,98.9,1
TRA096-003149,2025-05-26,R3,T2,102.1,62.1,175.5,162.4,1
TRA096-003150,2025-05-26,R3,T3,111.2,60.2,,172.9,0
TRA096-003151,2025-05-26,R4,T1,10.3,105.1,39.5,56.8,1
TRA096-003152,2025-05-26,R5,T2,32.6,141.8,61.2,82.5,1
TRA096-003153,2025-05-27,R6,T3,101.3,82.1,150.1,161.5,1
TRA096-003154,2025-05-27,R3,T1,76.3,147.8,147.2,132.7,1
TRA096-003155,2025-05-27,R2,T2,137.0,6.2,,202.5,1
TRA096-003156,2025-05-27,R6,T3,20.8,100.4,61.3,68.9,1
TRA096-003157,2025-05-27,R3,T1,61.4,64.4,102.7,115.6,1
TRA096-003158,2025-05-27,R5,T2,32.0,27.2,51.4,81.8,1
TRA096-003159,2025-05-27,R1,T3,120.8,104.9,179.4,183.9,1
TRA096-003160,2025-05-28,R5,T1,16.5,58.1,66.7,64.0,1
TRA096-003161,2025-05-28,R3,T2,42.9,139.3,,94.3,0
TRA096-003162,2025-05-28,R5,T3,26.4,130.6,,75.4,0
TRA096-003163,2025-05-28,R4,T1,42.6,20.2,,94.0,0
TRA096-003164,2025-05-28,R5,T2,19.2,54.6,40.4,67.1,1
TRA096-003165,2025-05-28,R5,T3,87.4,121.8,123.7,145.5,1
TRA096-003166,2025-05-29,R1,T1,94.2,2.5,"117,7",153.3,1
TRA096-003167,2025-05-29,R6,T2,78.6,104.1,118.5,135.4,1
TRA096-003168,2025-05-29,R4,T3,120.1,139.6,199.0,183.1,1
TRA096-003169,2025-05-29,R2,T1,94.1,125.5,118.5,153.2,1
TRA096-003170,2025-05-29,R5,T2,85.5,17.4,113.2,143.3,1
TRA096-003171,2025-05-29,R5,T3,149.3,149.6,219.8,216.7,1
TRA096-003172,2025-05-30,R6,T1,40.6,130.1,52.6,91.7,1
TRA096-003173,2025-05-30,R3,T2,43.8,97.2,80.2,95.4,1
TRA096-003174,2025-05-30,R1,T3,73.5,24.1,121.5,129.5,1
TRA096-003175,2025-05-30,R1,T1,82.4,111.6,105.8,139.8,1
TRA096-003176,2025-05-30,R6,T2,90.2,69.6,127.4,148.7,1
TRA096-003177,2025-05-30,R6,T3,105.4,146.7,150.5,166.2,1
TRA096-003178,2025-05-31,R5,T1,17.9,106.5,33.2,65.6,1
TRA096-003179,2025-05-31,R4,T2,139.0,146.3,199.0,204.8,1
TRA096-003180,2025-05-31,R4,T3,118.5,54.0,173.7,181.3,1
TRA096-003181,2025-05-31,R4,T1,116.1,38.4,138.7,178.5,1
TRA096-003182,2025-05-31,R5,T2,49.6,67.7,71.3,102.0,1
TRA096-003183,2025-05-31,R5,T3,60.6,108.7,102.7,114.7,1
TRA096-003184,2025-06-01,R5,T1,118.5,56.2,110.0,181.3,1
TRA096-003185,2025-06-01,R3,T2,5.5,76.7,30.5,51.3,1
TRA096-003186,2025-06-01,R6,T3,46.8,31.9,76.2,98.8,1
TRA096-003187,2025-06-01,R5,T1,82.2,106.8,103.7,139.5,1
TRA096-003188,2025-06-01,R6,T2,73.9,125.4,118.6,130.0,1
TRA096-003189,2025-06-01,R4,T3,134.5,145.0,207.7,199.7,1
TRA096-003190,2025-06-02,R5,T1,130.9,100.3,180.0,195.5,1
TRA096-003191,2025-06-02,R6,T2,57.4,34.2,101.5,111.0,1
TRA096-003192,2025-06-02,R6,T3,18.3,40.7,55.5,66.0,1
TRA096-003193,2025-06-02,R5,T1,46.4,129.8,90.2,98.4,1
TRA096-003194,2025-06-02,R5,T2,6.5,58.3,22.9,52.5,1
TRA096-003195,2025-06-02,R2,T3,122.5,95.9,153.0,185.9,1
TRA096-003196,2025-06-03,R4,T1,119.3,91.6,150.1,182.2,1
TRA096-003197,2025-06-03,R5,T2,129.3,76.0,200.3,193.7,1
TRA096-003198,2025-06-03,R4,T3,125.3,31.8,171.4,189.1,1
TRA096-003199,2025-06-03,R4,T1,33.0,50.6,53.7,82.9,1
TRA096-003200,2025-06-03,R4,T2,143.0,39.8,162.5,209.4,1
TRA096-003201,2025-06-03,R4,T3,35.8,112.5,111.5,86.2,1
TRA096-003202,2025-06-03,R6,T1,73.9,36.2,110.4,130.0,1
TRA096-003203,2025-06-04,R4,T2,62.1,76.8,110.4,116.4,1
TRA096-003204,2025-06-04,R5,T3,57.9,26.4,64.9,111.6,1
TRA096-003205,2025-06-04,R6,T1,118.1,87.6,160.4,180.8,1
TRA096-003206,2025-06-04,R1,T2,127.9,47.7,178.4,192.1,1
TRA096-003207,2025-06-04,R5,T3,25.1,55.2,40.1,73.9,1
TRA096-003208,2025-06-04,R4,T1,35.8,132.5,62.4,86.2,1
TRA096-003209,2025-06-05,R6,T2,42.1,41.6,82.5,93.4,1
TRA096-003210,2025-06-05,R2,T3,111.8,20.8,155.1,173.6,1
TRA096-003211,2025-06-05,R5,T1,102.9,101.9,129.9,163.3,1
TRA096-003212,2025-06-05,R2,T2,8.9,107.4,18.6,55.2,1
TRA096-003213,2025-06-05,R5,T3,105.0,128.4,160.0,165.8,1
TRA096-003214,2025-06-05,R3,T1,130.6,52.9,163.6,195.2,1
TRA096-003215,2025-06-06,R6,T2,37.0,134.6,76.1,87.5,1
TRA096-003216,2025-06-06,R4,T3,132.4,98.4,196.2,197.3,1
TRA096-003217,2025-06-06,R3,T1,60.9,52.8,71.7,115.0,1
TRA096-003218,2025-06-06,R6,T2,64.9,93.7,89.1,119.6,1
TRA096-003219,2025-06-06,R2,T3,87.2,127.0,132.9,145.3,1
TRA096-003220,2025-06-06,R3,T1,148.6,98.1,237.1,215.9,1
TRA096-003221,2025-06-07,R5,T2,55.9,44.3,106.8,109.3,1
TRA096-003222,2025-06-07,R3,T3,122.3,64.1,180.7,185.6,1
TRA096-003223,2025-06-07,R2,T1,65.4,110.5,100.6,120.2,1
TRA096-003224,2025-06-07,R3,T2,140.8,1.5,166.1,206.9,1
TRA096-003225,2025-06-07,R4,T3,92.2,50.9,148.3,151.0,1
TRA096-003226,2025-06-07,R6,T1,63.2,99.4,107.6,117.7,1
TRA096-003227,2025-06-08,R3,T2,117.9,114.9,159.9,180.6,1
TRA096-003228,2025-06-08,R6,T3,36.8,40.4,82.3,87.3,1
TRA096-003229,2025-06-08,R6,T1,15.5,120.7,52.4,62.8,1
TRA096-003230,2025-06-08,R5,T2,25.2,138.1,70.2,74.0,1
TRA096-003231,2025-06-08,R3,T3,147.6,40.6,191.4,214.7,1
TRA096-003232,2025-06-08,R3,T1,32.2,142.1,66.2,82.0,1
TRA096-003233,2025-06-09,R5,T2,60.9,127.5,134.5,115.0,1
TRA096-003234,2025-06-09,R3,T3,125.6,16.9,185.2,189.4,1
TRA096-003235,2025-06-09,R4,T1,106.9,99.5,,167.9,0
TRA096-003236,2025-06-09,R2,T2,6.1,43.1,16.4,52.0,1
TRA096-003237,2025-06-09,R6,T3,3.7,101.0,38.5,49.3,1
TRA096-003238,2025-06-09,R6,T1,89.0,115.9,,147.3,1
TRA096-003239,2025-06-09,R2,T2,86.3,125.6,131.0,144.2,1
TRA096-003240,2025-06-10,R1,T3,94.6,2.8,147.4,153.8,1
TRA096-003241,2025-06-10,R6,T1,4.7,109.6,30.8,50.4,1
TRA096-003242,2025-06-10,R4,T2,107.5,59.3,127.8,168.6,1
TRA096-003243,2025-06-10,R2,T3,107.3,20.9,149.2,168.4,1
TRA096-003244,2025-06-10,R2,T1,69.4,38.2,117.9,124.8,1
TRA096-003245,2025-06-10,R3,T2,139.6,113.8,182.9,205.5,1
TRA096-003246,2025-06-11,R2,T3,20.5,92.4,37.0,68.6,1
TRA096-003247,2025-06-11,R6,T1,86.0,135.8,124.1,143.9,1
TRA096-003248,2025-06-11,R2,T2,144.1,14.3,195.9,210.7,1
TRA096-003249,2025-06-11,R5,T3,91.8,79.8,145.1,150.6,1
TRA096-003250,2025-06-11,R3,T1,116.9,34.7,175.6,179.4,1
TRA096-003251,2025-06-11,R1,T2,91.0,57.5,131.6,149.6,1
TRA096-003252,2025-06-12,R5,T3,135.7,112.3,182.9,201.1,1
TRA096-003253,2025-06-12,R3,T1,36.6,135.0,84.3,87.1,1
TRA096-003254,2025-06-12,R6,T2,114.3,124.9,,176.4,0
TRA096-003255,2025-06-12,R2,T3,11.4,66.8,38.8,58.1,1
TRA096-003256,2025-06-12,R4,T1,136.8,140.2,,202.3,0
TRA096-003257,2025-06-12,R5,T2,64.6,46.1,95.1,119.3,1
TRA096-003258,2025-06-13,R6,T3,66.8,25.6,106.3,121.8,1
TRA096-003259,2025-06-13,R2,T1,7.2,146.2,37.1,53.3,1
TRA096-003260,2025-06-13,R3,T2,46.4,33.5,73.2,98.4,1
TRA096-003261,2025-06-13,R3,T3,2.7,100.3,33.6,48.1,1
TRA096-003262,2025-06-13,R1,T1,123.6,40.2,159.9,187.1,1
TRA096-003263,2025-06-13,R5,T2,51.1,11.3,78.2,103.8,1
TRA096-003264,2025-06-14,R2,T3,138.4,33.9,190.9,204.2,1
TRA096-003265,2025-06-14,R2,T1,131.6,92.9,155.4,196.3,1
TRA096-003266,2025-06-14,R6,T2,61.0,120.3,69.2,115.1,1
TRA096-003267,2025-06-14,R5,T3,131.3,29.2,188.7,196.0,1
TRA096-003268,2025-06-14,R1,T1,128.0,125.3,171.7,192.2,1
TRA096-003269,2025-06-14,R3,T2,110.8,149.0,163.7,172.4,1
TRA096-003270,2025-06-15,R1,T3,123.6,66.6,168.1,187.1,1
TRA096-003271,2025-06-15,R5,T1,38.1,6.7,30.1,88.8,1
TRA096-003272,2025-06-15,R1,T2,147.3,81.5,182.3,214.4,1
TRA096-003273,2025-06-15,R1,T3,55.8,143.7,100.6,109.2,1
TRA096-003274,2025-06-15,R1,T1,56.0,81.7,77.1,109.4,1
TRA096-003275,2025-06-15,R4,T2,125.5,71.9,,189.3,0
TRA096-003276,2025-06-16,R4,T3,73.6,114.5,89.2,129.6,1
TRA096-003277,2025-06-16,R2,T1,35.0,71.9,63.4,85.2,1
TRA096-003278,2025-06-16,R4,T2,19.7,13.0,36.8,67.7,1
TRA096-003279,2025-06-16,R5,T3,59.2,109.8,92.7,113.1,1
TRA096-003280,2025-06-16,R6,T1,60.1,45.4,92.2,114.1,1
TRA096-003281,2025-06-16,R3,T2,89.2,121.9,128.5,147.6,1
TRA096-003282,2025-06-16,R6,T3,33.0,4.7,73.3,82.9,1
TRA096-003283,2025-06-17,R2,T1,120.6,144.8,174.4,183.7,1
TRA096-003284,2025-06-17,R6,T2,125.9,117.3,178.0,189.8,1
TRA096-003285,2025-06-17,R4,T3,18.9,107.0,64.5,66.7,1
TRA096-003286,2025-06-17,R4,T1,30.0,21.0,51.8,79.5,1
TRA096-003287,2025-06-17,R3,T2,25.7,145.0,88.1,74.6,1
TRA096-003288,2025-06-17,R1,T3,60.4,89.3,101.4,114.5,1
TRA096-003289,2025-06-18,R2,T1,17.4,46.4,32.4,65.0,1
TRA096-003290,2025-06-18,R5,T2,134.7,120.0,208.1,199.9,1
TRA096-003291,2025-06-18,R1,T3,148.6,22.1,228.8,215.9,1
TRA096-003292,2025-06-18,R6,T1,109.0,71.8,141.7,170.3,1
TRA096-003293,2025-06-18,R1,T2,117.7,119.0,157.4,180.4,1
TRA096-003294,2025-06-18,R3,T3,114.6,87.1,178.9,176.8,1
TRA096-003295,2025-06-19,R2,T1,140.1,139.0,143.3,206.1,1
TRA096-003296,2025-06-19,R3,T2,100.6,19.1,158.0,160.7,1
TRA096-003297,2025-06-19,R6,T3,48.9,54.9,98.3,101.2,1
TRA096-003298,2025-06-19,R5,T1,126.5,108.9,170.3,190.5,1
TRA096-003299,2025-06-19,R1,T2,145.9,100.1,200.5,212.8,1
TRA096-003300,2025-06-19,R3,T3,148.6,70.7,198.2,215.9,1
TRA096-003301,2025-06-20,R3,T1,128.6,103.5,,192.9,0
TRA096-003302,2025-06-20,R2,T2,30.2,132.2,84.7,79.7,1
TRA096-003303,2025-06-20,R3,T3,94.0,120.2,158.6,153.1,1
TRA096-003304,2025-06-20,R3,T1,113.2,66.1,158.1,175.2,1
TRA096-003305,2025-06-20,R5,T2,19.6,77.7,33.6,67.5,1
TRA096-003306,2025-06-20,R4,T3,73.8,47.6,99.8,129.9,1
TRA096-003307,2025-06-21,R2,T1,131.2,51.2,169.1,195.9,1
TRA096-003308,2025-06-21,R3,T2,37.5,2.9,38.9,88.1,1
TRA096-003309,2025-06-21,R2,T3,132.8,120.6,213.5,197.7,1
TRA096-003310,2025-06-21,R1,T1,87.8,43.8,85.5,146.0,1
TRA096-003311,2025-06-21,R6,T2,75.9,57.4,129.5,132.3,1
TRA096-003312,2025-06-21,R2,T3,41.5,88.5,89.8,92.7,1
TRA096-003313,2025-06-22,R2,T1,93.0,76.3,131.7,151.9,1
TRA096-003314,2025-06-22,R3,T2,52.5,58.0,87.4,105.4,1
TRA096-003315,2025-06-22,R3,T3,35.5,91.7,33.9,85.8,1
TRA096-003316,2025-06-22,R6,T1,99.7,69.4,124.9,159.7,1
TRA096-003317,2025-06-22,R6,T2,9.3,11.8,24.5,55.7,1
TRA096-003318,2025-06-22,R1,T3,140.9,31.7,187.6,207.0,1
TRA096-003319,2025-06-22,R2,T1,113.1,55.9,151.4,175.1,1
TRA096-003320,2025-06-23,R4,T2,90.6,134.1,121.4,149.2,1
TRA096-003321,2025-06-23,R6,T3,19.6,15.1,,67.5,1
TRA096-003322,2025-06-23,R5,T1,71.1,57.0,109.2,126.8,1
TRA096-003323,2025-06-23,R2,T2,87.2,66.5,125.1,145.3,1
TRA096-003324,2025-06-23,R2,T3,2.9,82.0,27.1,48.3,1
TRA096-003325,2025-06-23,R1,T1,2.5,94.8,46.7,47.9,1
TRA096-003326,2025-06-24,R5,T2,23.2,126.9,83.0,71.7,1
TRA096-003327,2025-06-24,R4,T3,43.8,125.6,110.3,95.4,1
TRA096-003328,2025-06-24,R3,T1,80.0,22.4,116.4,137.0,1
TRA096-003329,2025-06-24,R3,T2,118.4,125.2,152.4,181.2,1
TRA096-003330,2025-06-24,R2,T3,76.4,149.7,,132.9,0
TRA096-003331,2025-06-24,R5,T1,136.1,10.2,180.0,201.5,1
TRA096-003332,2025-06-25,R3,T2,75.5,88.8,125.2,131.8,1
TRA096-003333,2025-06-25,R4,T3,95.6,77.5,,154.9,0
TRA096-003334,2025-06-25,R1,T1,57.0,100.2,102.5,110.5,1
TRA096-003335,2025-06-25,R2,T2,107.8,113.3,157.2,169.0,1
TRA096-003336,2025-06-25,R1,T3,107.7,29.4,133.1,168.9,1
TRA096-003337,2025-06-25,R4,T1,139.7,95.4,192.4,205.7,1
TRA096-003338,2025-06-26,R6,T2,85.3,1.6,96.5,143.1,1
TRA096-003339,2025-06-26,R5,T3,23.8,70.5,31.3,72.4,1
TRA096-003340,2025-06-26,R4,T1,74.8,1.9,99.8,131.0,1
TRA096-003341,2025-06-26,R3,T2,57.1,7.8,84.6,110.7,1
TRA096-003342,2025-06-26,R3,T3,102.4,145.4,150.2,162.8,1
TRA096-003343,2025-06-26,R5,T1,118.3,128.6,173.5,181.0,1
TRA096-003344,2025-06-27,R3,T2,43.6,134.8,,95.1,0
TRA096-003345,2025-06-27,R5,T3,24.1,132.3,,72.7,0
TRA096-003346,2025-06-27,R6,T1,107.2,76.8,154.9,168.3,1
TRA096-003347,2025-06-27,R5,T2,97.8,91.3,129.7,157.5,1
TRA096-003348,2025-06-27,R2,T3,86.2,120.7,142.1,144.1,1
TRA096-003349,2025-06-27,R1,T1,60.9,126.1,108.8,115.0,1
TRA096-003350,2025-06-28,R3,T2,73.5,63.5,125.7,129.5,1
TRA096-003351,2025-06-28,R5,T3,70.6,73.3,144.4,126.2,1
TRA096-003352,2025-06-28,R1,T1,59.2,142.2,113.9,113.1,1
TRA096-003353,2025-06-28,R5,T2,36.9,12.4,48.2,87.4,1
TRA096-003354,2025-06-28,R6,T3,20.2,66.3,83.2,68.2,1
TRA096-003355,2025-06-28,R1,T1,100.4,140.8,156.0,160.5,1
TRA096-003356,2025-06-29,R6,T2,11.1,98.1,8.0,57.8,1
TRA096-003357,2025-06-29,R5,T3,64.9,34.1,136.3,119.6,1
TRA096-003358,2025-06-29,R5,T1,108.2,119.4,160.9,169.4,1
TRA096-003359,2025-06-29,R5,T2,94.7,6.1,139.8,153.9,1
TRA096-003360,2025-06-29,R3,T3,99.0,121.2,186.7,158.8,1
TRA096-003361,2025-06-29,R1,T1,124.9,42.0,139.8,188.6,1
TRA096-003362,2025-06-29,R3,T2,64.3,12.8,85.3,118.9,1
TRA096-003363,2025-06-30,R6,T3,97.7,4.9,166.6,157.4,1
TRA096-003364,2025-06-30,R1,T1,50.5,71.6,93.7,103.1,1
TRA096-003365,2025-06-30,R6,T2,120.5,84.1,166.7,183.6,1
TRA096-003366,2025-06-30,R6,T3,71.6,102.5,116.8,127.3,1
TRA096-003367,2025-06-30,R1,T1,25.8,20.3,13.9,74.7,1
TRA096-003368,2025-06-30,R5,T2,85.2,25.8,118.0,143.0,1
TRA096-003369,2025-07-01,R1,T3,7.1,26.2,28.1,53.2,1
TRA096-003370,2025-07-01,R4,T1,124.5,137.1,172.4,188.2,1
TRA096-003371,2025-07-01,R5,T2,144.8,39.3,197.3,211.5,1
TRA096-003372,2025-07-01,R4,T3,109.8,142.9,153.0,171.3,1
TRA096-003373,2025-07-01,R6,T1,115.6,70.3,158.8,177.9,1
TRA096-003374,2025-07-01,R2,T2,116.2,129.8,156.6,178.6,1
TRA096-003375,2025-07-02,R2,T3,141.7,93.0,215.3,208.0,1
TRA096-003376,2025-07-02,R4,T1,129.0,21.7,152.1,193.3,1
TRA096-003377,2025-07-02,R5,T2,100.7,71.5,"167,8",160.8,1
TRA096-003378,2025-07-02,R5,T3,32.5,110.0,72.3,82.4,1
TRA096-003379,2025-07-02,R2,T1,131.5,30.6,169.4,196.2,1
TRA096-003380,2025-07-02,R2,T2,115.9,70.5,176.0,178.3,1
TRA096-003381,2025-07-03,R1,T3,17.5,64.4,38.0,65.1,1
TRA096-003382,2025-07-03,R3,T1,63.1,86.4,104.3,117.6,1
TRA096-003383,2025-07-03,R5,T2,99.1,114.7,135.6,159.0,1
TRA096-003384,2025-07-03,R1,T3,26.2,5.5,38.4,75.1,1
TRA096-003385,2025-07-03,R4,T1,57.3,102.1,107.9,110.9,1
TRA096-003386,2025-07-03,R3,T2,69.9,68.8,99.3,125.4,1
TRA096-003387,2025-07-04,R5,T3,8.7,145.5,23.6,55.0,1
TRA096-003388,2025-07-04,R6,T1,66.2,56.0,73.5,121.1,1
TRA096-003389,2025-07-04,R3,T2,31.4,1.8,59.3,81.1,1
TRA096-003390,2025-07-04,R1,T3,74.3,148.9,99.4,130.4,1
TRA096-003391,2025-07-04,R1,T1,64.9,19.2,99.5,119.6,1
TRA096-003392,2025-07-04,R5,T2,115.7,62.1,164.4,178.1,1
TRA096-003393,2025-07-05,R3,T3,70.5,29.6,94.8,126.1,1
TRA096-003394,2025-07-05,R3,T1,42.0,101.4,72.0,93.3,1
TRA096-003395,2025-07-05,R5,T2,116.9,59.8,172.3,179.4,1
TRA096-003396,2025-07-05,R3,T3,32.4,43.9,65.0,82.3,1
TRA096-003397,2025-07-05,R2,T1,124.6,77.5,132.5,188.3,1
TRA096-003398,2025-07-05,R3,T2,123.8,68.6,157.2,187.4,1
TRA096-003399,2025-07-05,R2,T3,133.0,21.0,175.2,197.9,1
TRA096-003400,2025-07-06,R4,T1,37.9,16.0,62.3,88.6,1
TRA096-003401,2025-07-06,R2,T2,95.8,89.8,142.8,155.2,1
TRA096-003402,2025-07-06,R3,T3,46.8,130.2,78.5,98.8,1
TRA096-003403,2025-07-06,R4,T1,83.8,113.5,118.2,141.4,1
TRA096-003404,2025-07-06,R4,T2,22.1,129.9,,70.4,1
TRA096-003405,2025-07-06,R5,T3,135.6,3.5,181.5,200.9,1
TRA096-003406,2025-07-07,R4,T1,132.1,129.6,179.0,196.9,1
TRA096-003407,2025-07-07,R6,T2,131.0,84.9,177.3,195.6,1
TRA096-003408,2025-07-07,R4,T3,5.4,125.7,5,51.2,1
TRA096-003409,2025-07-07,R3,T1,150.0,34.3,183.6,217.5,1
TRA096-003410,2025-07-07,R6,T2,110.4,94.9,161.1,172.0,1
TRA096-003411,2025-07-07,R6,T3,93.3,104.2,,152.3,0
TRA096-003412,2025-07-08,R2,T1,144.5,65.5,181.7,211.2,1
TRA096-003413,2025-07-08,R1,T2,82.1,105.4,129.8,139.4,1
TRA096-003414,2025-07-08,R2,T3,21.4,67.3,19.5,69.6,1
TRA096-003415,2025-07-08,R4,T1,65.2,107.1,110.9,120.0,1
TRA096-003416,2025-07-08,R2,T2,122.8,104.9,185.7,186.2,1
TRA096-003417,2025-07-08,R6,T3,15.2,44.6,47.2,62.5,1
TRA096-003418,2025-07-09,R1,T1,30.5,74.2,48.4,80.1,1
TRA096-003419,2025-07-09,R6,T2,79.3,23.4,101.5,136.2,1
TRA096-003420,2025-07-09,R4,T3,68.3,92.7,128.6,123.5,1
TRA096-003421,2025-07-09,R6,T1,68.3,84.1,96.2,123.5,1
TRA096-003422,2025-07-09,R5,T2,50.8,98.4,71.5,103.4,1
TRA096-003423,2025-07-09,R5,T3,52.7,149.2,,105.6,0
TRA096-003424,2025-07-10,R6,T1,134.3,48.5,176.0,199.4,1
TRA096-003425,2025-07-10,R3,T2,143.6,12.6,176.6,210.1,1
TRA096-003426,2025-07-10,R3,T3,37.1,131.2,70.4,87.7,1
TRA096-003427,2025-07-10,R3,T1,141.4,102.4,170.3,207.6,1
TRA096-003428,2025-07-10,R6,T2,108.6,120.4,163.0,169.9,1
TRA096-003429,2025-07-10,R4,T3,6.7,122.1,44.0,52.7,1
TRA096-003430,2025-07-11,R2,T1,40.0,21.6,54.9,91.0,1
TRA096-003431,2025-07-11,R2,T2,116.3,66.6,182.9,178.7,1
TRA096-003432,2025-07-11,R3,T3,37.3,2.9,76.3,87.9,1
TRA096-003433,2025-07-11,R5,T1,49.2,133.1,84.6,101.6,1
TRA096-003434,2025-07-11,R1,T2,63.8,51.1,100.8,118.4,1
TRA096-003435,2025-07-11,R5,T3,114.3,58.4,157.0,176.4,1
TRA096-003436,2025-07-11,R5,T1,141.0,67.1,178.7,207.1,1
TRA096-003437,2025-07-12,R1,T2,77.0,70.0,118.8,133.6,1
TRA096-003438,2025-07-12,R2,T3,126.9,46.2,184.3,190.9,1
TRA096-003439,2025-07-12,R5,T1,121.6,72.0,163.3,184.8,1
TRA096-003440,2025-07-12,R1,T2,122.2,89.9,177.6,185.5,1
TRA096-003441,2025-07-12,R4,T3,146.3,47.1,195.4,213.2,1
TRA096-003442,2025-07-12,R5,T1,98.4,63.1,94.1,158.2,1
TRA096-003443,2025-07-13,R4,T2,73.5,116.8,92.7,129.5,1
TRA096-003444,2025-07-13,R6,T3,30.0,21.9,40.3,79.5,1
TRA096-003445,2025-07-13,R4,T1,145.7,6.4,198.9,212.6,1
TRA096-003446,2025-07-13,R4,T2,89.7,95.4,147.2,148.2,1
TRA096-003447,2025-07-13,R6,T3,18.7,99.8,68.1,66.5,1
TRA096-003448,2025-07-13,R1,T1,132.2,18.2,156.4,197.0,1
TRA096-003449,2025-07-14,R6,T2,134.6,79.4,-999,199.8,1
TRA096-003450,2025-07-14,R1,T3,48.6,43.2,57.1,100.9,1
TRA096-003451,2025-07-14,R5,T1,9.8,99.2,51.9,56.3,1
TRA096-003452,2025-07-14,R2,T2,7.3,46.1,32.5,53.4,1
TRA096-003453,2025-07-14,R5,T3,35.7,9.7,85.0,86.1,1
TRA096-003454,2025-07-14,R2,T1,103.2,146.2,126.4,163.7,1
TRA096-003455,2025-07-15,R1,T2,87.8,8.8,,146.0,0
TRA096-003456,2025-07-15,R4,T3,37.2,25.4,56.9,87.8,1
TRA096-003457,2025-07-15,R1,T1,141.8,44.6,175.0,208.1,1
TRA096-003458,2025-07-15,R5,T2,149.4,121.0,197.8,216.8,1
TRA096-003459,2025-07-15,R4,T3,139.1,23.4,186.1,205.0,1
TRA096-003460,2025-07-15,R2,T1,75.6,106.0,105.6,131.9,1
TRA096-003461,2025-07-16,R2,T2,49.9,4.4,63.6,102.4,1
TRA096-003462,2025-07-16,R6,T3,18.3,10.0,41.0,66.0,1
TRA096-003463,2025-07-16,R4,T1,80.8,55.9,124.6,137.9,1
TRA096-003464,2025-07-16,R2,T2,126.2,114.6,198.4,190.1,1
TRA096-003465,2025-07-16,R3,T3,76.5,57.8,117.3,133.0,1
TRA096-003466,2025-07-16,R3,T1,71.1,59.5,97.4,126.8,1
TRA096-003467,2025-07-17,R6,T2,122.3,71.3,155.9,185.6,1
TRA096-003468,2025-07-17,R1,T3,39.1,66.3,63.3,90.0,1
TRA096-003469,2025-07-17,R1,T1,141.4,118.1,174.2,207.6,1
TRA096-003470,2025-07-17,R2,T2,113.2,65.7,169.2,175.2,1
TRA096-003471,2025-07-17,R4,T3,63.0,88.8,112.0,117.4,1
TRA096-003472,2025-07-17,R6,T1,123.7,114.2,151.8,187.3,1
TRA096-003473,2025-07-18,R6,T2,60.1,144.2,94.9,114.1,1
TRA096-003474,2025-07-18,R4,T3,32.6,3.8,67.2,82.5,1
TRA096-003475,2025-07-18,R3,T1,57.3,109.0,84.0,110.9,1
TRA096-003476,2025-07-18,R5,T2,49.5,49.8,74.3,101.9,1
TRA096-003477,2025-07-18,R6,T3,133.5,101.5,214.3,198.5,1
TRA096-003478,2025-07-18,R3,T1,129.8,120.8,193.6,194.3,1
TRA096-003479,2025-07-18,R4,T2,7.7,135.4,40.8,53.9,1
TRA096-003480,2025-07-19,R3,T3,135.6,86.5,191.3,200.9,1
TRA096-003481,2025-07-19,R4,T1,16.5,90.2,26.1,64.0,1
TRA096-003482,2025-07-19,R5,T2,45.2,105.3,79.3,97.0,1
TRA096-003483,2025-07-19,R2,T3,25.5,3.3,5,74.3,1
TRA096-003484,2025-07-19,R6,T1,16.6,14.4,35.2,64.1,1
TRA096-003485,2025-07-19,R4,T2,36.0,46.2,47.5,86.4,1
TRA096-003486,2025-07-20,R5,T3,3.0,106.0,38.8,48.5,1
TRA096-003487,2025-07-20,R2,T1,10.6,86.4,,57.2,1
TRA096-003488,2025-07-20,R2,T2,83.8,66.2,118.6,141.4,1
TRA096-003489,2025-07-20,R5,T3,84.7,141.1,137.7,142.4,1
TRA096-003490,2025-07-20,R6,T1,102.5,39.4,121.5,162.9,1
TRA096-003491,2025-07-20,R1,T2,9.7,86.3,32.8,56.2,1
TRA096-003492,2025-07-21,R4,T3,10.1,147.4,52.2,56.6,1
TRA096-003493,2025-07-21,R6,T1,11.1,75.4,31.6,57.8,1
TRA096-003494,2025-07-21,R1,T2,69.1,56.0,103.7,124.5,1
TRA096-003495,2025-07-21,R1,T3,62.5,79.4,107.2,116.9,1
TRA096-003496,2025-07-21,R4,T1,36.8,71.0,62.2,87.3,1
TRA096-003497,2025-07-21,R5,T2,11.3,95.2,19.7,58.0,1
TRA096-003498,2025-07-22,R5,T3,6.5,1.7,5,52.5,1
TRA096-003499,2025-07-22,R4,T1,75.6,39.3,114.6,131.9,1
TRA096-003500,2025-07-22,R4,T2,113.5,110.3,149.8,175.5,1
TRA096-003501,2025-07-22,R6,T3,17.7,117.2,43.1,65.4,1
TRA096-003502,2024-02-30,R5,T1,148.5,35.0,164.0,215.8,1
TRA096-003503,2025-07-22,R3,T2,67.9,100.4,134.6,123.1,1
TRA096-003504,2025-07-23,R3,T3,125.4,20.1,172.8,189.2,1
TRA096-003505,2025-07-23,R1,T1,97.5,45.4,126.0,157.1,1
TRA096-003506,2025-07-23,R5,T2,80.7,39.8,119.2,137.8,1
TRA096-003507,2025-07-23,R6,T3,67.3,56.3,101.4,122.4,1
TRA096-003508,2025-07-23,R1,T1,144.1,95.0,177.7,210.7,1
TRA096-003509,2025-07-23,R6,T2,149.7,80.3,174.5,217.2,1
TRA096-003510,2025-07-24,R4,T3,23.6,63.8,92.3,72.1,1
TRA096-003511,2025-07-24,R5,T1,140.0,145.4,164.1,206.0,1
TRA096-003512,2025-07-24,R2,T2,9.8,80.4,39.0,56.3,1
TRA096-003513,2025-07-24,R5,T3,76.2,130.2,125.9,132.6,1
TRA096-003514,2025-07-24,R2,T1,53.9,84.0,,107.0,0
TRA096-003515,2025-07-24,R3,T2,42.3,60.1,67.3,93.6,1
TRA096-003516,2025-07-24,R6,T3,117.6,94.3,178.4,180.2,1
TRA096-003517,2025-07-25,R2,T1,137.0,90.8,179.7,202.5,1
TRA096-003518,2025-07-25,R1,T2,25.4,54.5,39.6,74.2,1
TRA096-003519,2025-07-25,R6,T3,45.3,45.4,62.9,97.1,1
TRA096-003520,2025-07-25,R2,T1,4.0,114.2,39.1,49.6,1
TRA096-003521,2025-07-25,R4,T2,93.1,42.5,145.4,152.1,1
TRA096-003522,2025-07-25,R3,T3,98.3,85.2,164.8,158.0,1
TRA096-003523,2025-07-26,R5,T1,92.0,35.5,154.8,150.8,1
TRA096-003524,2025-07-26,R1,T2,75.4,17.4,87.3,131.7,1
TRA096-003525,2025-07-26,R3,T3,143.6,122.8,212.0,210.1,1
TRA096-003526,2025-07-26,R2,T1,140.0,61.8,,206.0,0
TRA096-003527,2025-07-26,R1,T2,129.9,86.2,195.5,194.4,1
TRA096-003528,2025-07-26,R3,T3,107.3,135.1,164.0,168.4,1
TRA096-003529,2025-07-27,R2,T1,130.7,71.9,182.1,195.3,1
TRA096-003530,2025-07-27,R3,T2,51.7,117.4,102.5,104.5,1
TRA096-003531,2025-07-27,R4,T3,66.9,104.0,,121.9,0
TRA096-003532,2025-07-27,R2,T1,39.0,12.3,66.2,89.8,1
TRA096-003533,2025-07-27,R6,T2,149.1,74.5,,216.5,0
TRA096-003534,2025-07-27,R4,T3,34.1,41.8,95.0,84.2,1
TRA096-003535,2025-07-28,R1,T1,13.4,99.8,44.8,60.4,1
TRA096-003536,2025-07-28,R5,T2,123.2,87.4,152.3,186.7,1
TRA096-003537,2025-07-28,R3,T3,29.0,137.5,72.9,78.3,1
TRA096-003538,2025-07-28,R6,T1,97.5,127.1,146.7,157.1,1
TRA096-003539,2025-07-28,R3,T2,58.9,129.3,107.8,112.7,1
TRA096-003540,2025-07-28,R6,T3,48.8,27.3,78.8,101.1,1
TRA096-003541,2025-07-29,R6,T1,52.2,105.5,101.5,105.0,1
TRA096-003542,2025-07-29,R5,T2,92.8,126.9,134.2,151.7,1
TRA096-003543,2025-07-29,R6,T3,105.7,98.6,159.2,166.6,1
TRA096-003544,2025-07-29,R3,T1,46.2,134.6,88.6,98.1,1
TRA096-003545,2025-07-29,R1,T2,26.3,9.2,60.3,75.2,1
TRA096-003546,2025-07-29,R5,T3,36.6,28.7,73.0,87.1,1
TRA096-003547,2025-07-30,R1,T1,39.9,97.5,63.2,90.9,1
TRA096-003548,2025-07-30,R5,T2,113.9,123.3,188.4,176.0,1
TRA096-003549,2025-07-30,R1,T3,143.8,71.6,187.0,210.4,1
TRA096-003550,2025-07-30,R6,T1,126.2,26.5,165.7,190.1,1
TRA096-003551,2025-07-30,R1,T2,85.1,22.5,120.2,142.9,1
TRA096-003552,2025-07-30,R5,T3,94.7,66.1,143.6,153.9,1
TRA096-003553,2025-07-31,R2,T1,9.0,52.4,30.1,55.4,1
TRA096-003554,2025-07-31,R4,T2,122.8,14.8,157.5,186.2,1
TRA096-003555,2025-07-31,R5,T3,14.6,7.8,51.1,61.8,1
TRA096-003556,2025-07-31,R6,T1,49.1,119.7,56.2,101.5,1
TRA096-003557,2025-07-31,R5,T2,97.4,86.7,141.4,157.0,1
TRA096-003558,2025-07-31,R2,T3,124.7,63.3,181.0,188.4,1
TRA096-003559,2025-07-31,R6,T1,109.1,70.6,119.3,170.5,1
TRA096-003560,2025-08-01,R4,T2,5.9,20.6,32.0,51.8,1
TRA096-003561,2025-08-01,R2,T3,95.1,81.6,143.9,154.4,1
TRA096-003562,2025-08-01,R5,T1,7.9,1.2,11.6,54.1,1
TRA096-003563,2025-08-01,R1,T2,96.9,74.6,153.9,156.4,1
TRA096-003564,2025-08-01,R6,T3,89.9,48.2,163.1,148.4,1
TRA096-003565,2025-08-01,R1,T1,109.7,22.6,139.4,171.2,1
TRA096-003566,2025-08-02,R2,T2,97.4,110.2,159.7,157.0,1
TRA096-003567,2025-08-02,R2,T3,74.9,106.5,106.8,131.1,1
TRA096-003568,2025-08-02,R4,T1,50.5,132.3,107.7,103.1,1
TRA096-003569,2025-08-02,R5,T2,30.3,101.3,71.3,79.8,1
TRA096-003570,2025-08-02,R1,T3,84.4,110.9,,142.1,1
TRA096-003571,2025-08-02,R4,T1,19.6,149.9,51.4,67.5,1
TRA096-003572,2025-08-03,R1,T2,79.9,51.1,119.7,136.9,1
TRA096-003573,2025-08-03,R1,T3,125.3,4.9,171.3,189.1,1
TRA096-003574,2025-08-03,R3,T1,66.3,110.1,98.1,121.2,1
TRA096-003575,2025-08-03,R2,T2,73.0,25.0,88.4,128.9,1
TRA096-003576,2025-08-03,R1,T3,16.2,57.1,16.5,63.6,1
TRA096-003577,2025-08-03,R2,T1,52.8,122.8,64.4,105.7,1
TRA096-003578,2025-08-04,R1,T2,47.3,73.4,82.2,99.4,1
TRA096-003579,2025-08-04,R4,T3,115.9,121.0,173.5,178.3,1
TRA096-003580,2025-08-04,R3,T1,27.7,68.9,56.3,76.9,1
TRA096-003581,2025-08-04,R6,T2,132.9,40.4,133.9,197.8,1
TRA096-003582,2025-08-04,R4,T3,86.2,70.2,116.6,144.1,1
TRA096-003583,2025-08-04,R3,T1,123.1,14.3,152.4,186.6,1
TRA096-003584,2025-08-05,R5,T2,144.1,57.4,191.6,210.7,1
TRA096-003585,2025-08-05,R1,T3,110.5,22.6,138.9,172.1,1
TRA096-003586,2025-08-05,R6,T1,80.0,103.0,,137.0,0
TRA096-003587,2025-08-05,R4,T2,58.4,83.9,82.4,112.2,1
TRA096-003588,2025-08-05,R6,T3,26.7,67.8,"79,3",75.7,1
TRA096-003589,2025-08-05,R1,T1,129.1,19.1,,193.5,0
TRA096-003590,2025-08-06,R3,T2,7.2,62.1,37.7,53.3,1
TRA096-003591,2025-08-06,R5,T3,133.7,2.0,185.1,198.8,1
TRA096-003592,2025-08-06,R3,T1,127.6,133.9,158.7,191.7,1
TRA096-003593,2025-08-06,R5,T2,70.4,80.9,105.7,126.0,1
TRA096-003594,2025-08-06,R1,T3,113.8,42.6,163.6,175.9,1
TRA096-003595,2025-08-06,R3,T1,9.2,87.2,28.3,55.6,1
TRA096-003596,2025-08-06,R1,T2,94.9,24.4,118.1,154.1,1
TRA096-003597,2025-08-07,R2,T3,70.6,103.5,115.8,126.2,1
TRA096-003598,2025-08-07,R3,T1,33.6,132.5,51.4,83.6,1
TRA096-003599,2025-08-07,R2,T2,53.7,6.5,53.4,106.8,1
TRA096-003600,2025-08-07,R3,T3,57.2,64.7,103.5,110.8,1
TRA096-003601,2025-08-07,R1,T1,28.1,71.4,56.7,77.3,1
TRA096-003602,2025-08-07,R4,T2,38.9,16.7,64.3,89.7,1
TRA096-003603,2025-08-08,R5,T3,119.2,113.4,214.5,182.1,1
TRA096-003604,2025-08-08,R3,T1,148.0,14.3,165.2,215.2,1
TRA096-003605,2025-08-08,R6,T2,81.0,86.5,122.2,138.1,1
TRA096-003606,2025-08-08,R1,T3,129.2,18.2,188.2,193.6,1
TRA096-003607,2025-08-08,R3,T1,29.9,44.5,57.2,79.4,1
TRA096-003608,2025-08-08,R4,T2,126.1,131.6,,190.0,0
TRA096-003609,2025-08-09,R5,T3,20.4,77.1,53.7,68.5,1
TRA096-003610,2025-08-09,R1,T1,116.6,47.1,147.6,179.1,1
TRA096-003611,2025-08-09,R4,T2,24.9,58.0,19.4,73.6,1
TRA096-003612,2025-08-09,R5,T3,50.8,72.9,87.3,103.4,1
TRA096-003613,2025-08-09,R1,T1,137.6,101.5,161.5,203.2,1
TRA096-003614,2025-08-09,R6,T2,50.2,2.3,60.3,102.7,1
TRA096-003615,2025-08-10,R1,T3,48.6,62.0,86.7,100.9,1
TRA096-003616,2025-08-10,R5,T1,138.5,95.6,159.6,204.3,1
TRA096-003617,2025-08-10,R3,T2,119.3,47.2,159.8,182.2,1
TRA096-003618,2025-08-10,R3,T3,33.2,61.3,47.0,83.2,1
TRA096-003619,2025-08-10,R1,T1,33.4,66.9,59.5,83.4,1
TRA096-003620,2025-08-10,R4,T2,50.7,92.9,72.0,103.3,1
TRA096-003621,2025-08-11,R6,T3,53.5,117.7,91.3,106.5,1
TRA096-003622,2025-08-11,R5,T1,146.3,85.5,161.8,213.2,1
TRA096-003623,2025-08-11,R6,T2,126.5,110.9,163.8,190.5,1
TRA096-003624,2025-08-11,R2,T3,12.8,91.8,44.7,59.7,1
TRA096-003625,2025-08-11,R4,T1,104.1,147.4,166.4,164.7,1
TRA096-003626,2025-08-11,R1,T2,129.9,26.6,173.0,194.4,1
TRA096-003627,2025-08-12,R5,T3,43.4,96.6,105.8,94.9,1
TRA096-003628,2025-08-12,R4,T1,104.9,11.4,118.9,165.6,1
TRA096-003629,2025-08-12,R5,T2,131.9,41.3,170.1,196.7,1
TRA096-003630,2025-08-12,R3,T3,68.4,81.4,75.7,123.7,1
TRA096-003631,2025-08-12,R4,T1,40.5,128.4,74.9,91.6,1
TRA096-003632,2025-08-12,R4,T2,59.7,137.6,104.4,113.7,1
TRA096-003633,2025-08-12,R5,T3,88.1,31.0,125.8,146.3,1
TRA096-003634,2025-08-13,R1,T1,24.1,108.3,67.0,72.7,1
TRA096-003635,2025-08-13,R2,T2,47.3,109.2,74.8,99.4,1
TRA096-003636,2025-08-13,R3,T3,5.3,123.3,25.6,51.1,1
TRA096-003637,2025-08-13,R4,T1,94.4,80.9,123.8,153.6,1
TRA096-003638,2025-08-13,R6,T2,141.1,62.1,184.0,207.3,1
TRA096-003639,2025-08-13,R5,T3,84.2,122.3,158.7,141.8,1
TRA096-003640,2025-08-14,R1,T1,40.4,50.4,64.6,91.5,1
TRA096-003641,2025-08-14,R6,T2,41.8,13.2,58.7,93.1,1
TRA096-003642,2025-08-14,R4,T3,23.1,116.4,43.0,71.6,1
TRA096-003643,2025-08-14,R5,T1,81.3,54.1,121.2,138.5,1
TRA096-003644,2025-08-14,R2,T2,94.8,147.7,129.4,154.0,1
TRA096-003645,2025-08-14,R6,T3,24.5,133.4,53.5,73.2,1
TRA096-003646,2025-08-15,R3,T1,19.2,149.6,34.6,67.1,1
TRA096-003647,2025-08-15,R4,T2,128.4,67.2,160.5,192.7,1
TRA096-003648,2025-08-15,R6,T3,59.4,50.7,94.7,113.3,1
TRA096-003649,2025-08-15,R6,T1,81.8,105.0,127.5,139.1,1
TRA096-003650,2025-08-15,R6,T2,98.9,66.8,151.8,158.7,1
TRA096-003651,2025-08-15,R6,T3,136.7,23.1,197.1,202.2,1
TRA096-003652,2025-08-16,R5,T1,75.7,104.7,91.8,132.1,1
TRA096-003653,2025-08-16,R4,T2,101.6,21.9,,161.8,1
TRA096-003654,2025-08-16,R2,T3,143.8,135.4,209.1,210.4,1
TRA096-003655,2025-08-16,R4,T1,107.6,8.9,132.4,168.7,1
TRA096-003656,2025-08-16,R1,T2,144.0,20.1,188.6,210.6,1
TRA096-003657,2025-08-16,R4,T3,44.1,86.0,72.6,95.7,1
TRA096-003658,2025-08-17,R5,T1,9.6,46.6,22.7,56.0,1
TRA096-003659,2025-08-17,R2,T2,88.0,48.8,131.2,146.2,1
TRA096-003660,2025-08-17,R6,T3,45.7,120.1,69.0,97.6,1
TRA096-003661,2025-08-17,R1,T1,69.9,136.7,122.2,125.4,1
TRA096-003662,2025-08-17,R6,T2,45.5,86.2,72.5,97.3,1
TRA096-003663,2025-08-17,R5,T3,55.0,57.6,79.4,108.2,1
TRA096-003664,2025-08-18,R3,T1,75.5,100.1,117.3,131.8,1
TRA096-003665,2025-08-18,R1,T2,104.4,116.9,135.3,165.1,1
TRA096-003666,2025-08-18,R5,T3,72.1,84.5,111.1,127.9,1
TRA096-003667,2025-08-18,R4,T1,119.8,119.1,130.8,182.8,1
TRA096-003668,2025-08-18,R5,T2,128.3,14.4,195.2,192.5,1
TRA096-003669,2025-08-18,R6,T3,94.6,126.9,146.8,153.8,1
TRA096-003670,2025-08-19,R3,T1,35.6,134.0,53.6,85.9,1
TRA096-003671,2025-08-19,R4,T2,51.7,106.6,76.9,104.5,1
TRA096-003672,2025-08-19,R3,T3,81.6,26.9,120.5,138.8,1
TRA096-003673,2025-08-19,R5,T1,105.9,5.4,126.1,166.8,1
TRA096-003674,2025-08-19,R1,T2,49.4,34.1,84.2,101.8,1
TRA096-003675,2025-08-19,R4,T3,95.3,81.5,142.2,154.6,1
TRA096-003676,2025-08-19,R4,T1,43.9,7.1,62.0,95.5,1
TRA096-003677,2025-08-20,R3,T2,7.6,18.5,5,53.7,1
TRA096-003678,2025-08-20,R5,T3,84.3,63.4,147.7,141.9,1
TRA096-003679,2025-08-20,R1,T1,7.5,32.4,52.9,53.6,1
TRA096-003680,2025-08-20,R1,T2,73.2,17.9,94.1,129.2,1
TRA096-003681,2025-08-20,R5,T3,4.5,5.0,26.3,50.2,1
TRA096-003682,2025-08-20,R4,T1,140.5,131.5,239.1,206.6,1
TRA096-003683,2025-08-21,R6,T2,133.1,145.1,178.7,198.1,1
TRA096-003684,2025-08-21,R4,T3,12.2,112.0,29.0,59.0,1
TRA096-003685,2025-08-21,R4,T1,37.6,126.3,80.1,88.2,1
TRA096-003686,2025-08-21,R6,T2,142.6,111.4,198.8,209.0,1
TRA096-003687,2025-08-21,R4,T3,4.9,54.4,35.2,50.6,1
TRA096-003688,2025-08-21,R5,T1,144.7,119.9,186.8,211.4,1
TRA096-003689,2025-08-22,R1,T2,34.8,94.4,81.4,85.0,1
TRA096-003690,2025-08-22,R4,T3,113.9,134.0,189.2,176.0,1
TRA096-003691,2025-08-22,R6,T1,144.1,15.0,140.8,210.7,1
TRA096-003692,2025-08-22,R3,T2,118.5,89.2,162.9,181.3,1
TRA096-003693,2025-08-22,R6,T3,123.3,122.2,177.5,186.8,1
TRA096-003694,2025-08-22,R5,T1,95.2,38.4,,154.5,0
TRA096-003695,2025-08-23,R1,T2,8.2,43.3,15.7,54.4,1
TRA096-003696,2025-08-23,R5,T3,52.9,107.7,62.7,105.8,1
TRA096-003697,2025-08-23,R5,T1,23.1,149.2,52.5,71.6,1
TRA096-003698,2025-08-23,R2,T2,108.7,139.5,,170.0,0
TRA096-003699,2025-08-23,R5,T3,46.2,36.9,60.8,98.1,1
TRA096-003700,2025-08-23,R3,T1,112.3,79.1,121.9,174.1,1
TRA096-003701,2025-08-24,R2,T2,7.7,87.0,39.4,53.9,1
TRA096-003702,2025-08-24,R4,T3,12.1,32.5,34.5,58.9,1
TRA096-003703,2025-08-24,R3,T1,56.9,115.2,98.7,110.4,1
TRA096-003704,2025-08-24,R6,T2,63.7,132.6,125.6,118.3,1
TRA096-003705,2025-08-24,R6,T3,134.1,141.6,195.7,199.2,1
TRA096-003706,2025-08-24,R4,T1,74.3,9.9,90.7,130.4,1
TRA096-003707,2025-08-25,R2,T2,107.0,112.8,142.1,168.1,1
TRA096-003708,2025-08-25,R5,T3,97.5,86.5,149.1,157.1,1
TRA096-003709,2025-08-25,R5,T1,45.9,124.4,86.9,97.8,1
TRA096-003710,2025-08-25,R2,T2,3.6,15.6,5,49.1,1
TRA096-003711,2025-08-25,R2,T3,80.8,1.9,97.7,137.9,1
TRA096-003712,2025-08-25,R1,T1,112.9,21.7,133.1,174.8,1
TRA096-003713,2025-08-25,R4,T2,46.8,80.8,71.0,98.8,1
TRA096-003714,2025-08-26,R4,T3,134.8,127.0,206.1,200.0,1
TRA096-003715,2025-08-26,R1,T1,15.7,111.9,43.5,63.1,1
TRA096-003716,2025-08-26,R1,T2,93.4,33.6,142.3,152.4,1
TRA096-003717,2025-08-26,R1,T3,51.8,71.3,93.4,104.6,1
TRA096-003718,2025-08-26,R6,T1,59.7,61.1,114.4,113.7,1
TRA096-003719,2025-08-26,R5,T2,15.6,102.3,25.8,62.9,1
TRA096-003720,2025-08-27,R2,T3,53.4,88.0,94.7,106.4,1
TRA096-003721,2025-08-27,R2,T1,13.6,9.3,26.8,60.6,1
TRA096-003722,2025-08-27,R1,T2,34.8,30.5,36.1,85.0,1
TRA096-003723,2025-08-27,R2,T3,110.0,66.4,158.7,171.5,1
TRA096-003724,2025-08-27,R2,T1,43.6,86.1,69.4,95.1,1
TRA096-003725,2025-08-27,R4,T2,47.9,126.9,72.8,100.1,1
TRA096-003726,2025-08-28,R3,T3,26.3,9.7,32.2,75.2,1
TRA096-003727,2025-08-28,R4,T1,77.7,76.7,109.2,134.4,1
TRA096-003728,2025-08-28,R2,T2,24.8,124.3,81.6,73.5,1
TRA096-003729,2025-08-28,R2,T3,48.6,61.0,86.9,100.9,1
TRA096-003730,2025-08-28,R6,T1,121.8,63.4,168.4,185.1,1
TRA096-003731,2025-08-28,R3,T2,24.1,125.3,55.5,72.7,1
TRA096-003732,2025-08-29,R6,T3,97.7,100.2,138.8,157.4,1
TRA096-003733,2025-08-29,R6,T1,28.5,125.9,65.2,77.8,1
TRA096-003734,2025-08-29,R3,T2,3.7,110.7,,49.3,0
TRA096-003735,2025-08-29,R5,T3,119.3,128.5,163.5,182.2,1
TRA096-003736,2025-08-29,R3,T1,76.7,111.3,,133.2,1
TRA096-003737,2025-08-29,R5,T2,100.6,149.1,147.4,160.7,1
TRA096-003738,2025-08-30,R5,T3,147.9,129.2,230.4,215.1,1
TRA096-003739,2025-08-30,R3,T1,135.9,117.9,172.4,201.3,1
TRA096-003740,2025-08-30,R6,T2,4.8,65.2,23.1,50.5,1
TRA096-003741,2025-08-30,R3,T3,74.2,49.1,116.5,130.3,1
TRA096-003742,2025-08-30,R2,T1,20.5,10.9,,68.6,0
TRA096-003743,2025-08-30,R6,T2,26.5,72.9,69.6,75.5,1
TRA096-003744,2025-08-31,R1,T3,19.7,26.7,26.3,67.7,1
TRA096-003745,2025-08-31,R1,T1,108.6,103.3,161.7,169.9,1
TRA096-003746,2025-08-31,R1,T2,106.6,42.6,170.7,167.6,1
TRA096-003747,2025-08-31,R6,T3,90.9,136.8,139.2,149.5,1
TRA096-003748,2025-08-31,R2,T1,120.1,121.9,156.6,183.1,1
TRA096-003749,2025-08-31,R6,T2,119.6,58.7,181.9,182.5,1
TRA096-003750,2025-09-01,R6,T3,69.5,40.4,,124.9,0
TRA096-003751,2025-09-01,R2,T1,136.5,38.4,142.3,202.0,1
TRA096-003752,2025-09-01,R5,T2,94.9,75.7,122.9,154.1,1
TRA096-003753,2025-09-01,R5,T3,124.5,98.4,191.7,188.2,1
TRA096-003754,2025-09-01,R6,T1,123.0,97.9,163.1,186.4,1
TRA096-003755,2025-09-01,R1,T2,128.3,37.9,,192.5,0
TRA096-003756,2025-09-01,R3,T3,28.5,3.2,46.2,77.8,1
TRA096-003757,2025-09-02,R1,T1,133.6,3.8,170.8,198.6,1
TRA096-003758,2025-09-02,R3,T2,22.0,40.1,40.4,70.3,1
TRA096-003759,2025-09-02,R4,T3,16.1,123.8,48.5,63.5,1
TRA096-003760,2025-09-02,R1,T1,87.0,75.9,138.1,145.1,1
TRA096-003761,2025-09-02,R1,T2,97.5,107.1,151.8,157.1,1
TRA096-003762,2025-09-02,R1,T3,99.7,64.3,149.9,159.7,1
TRA096-003763,2025-09-03,R3,T1,135.2,76.8,179.6,200.5,1
TRA096-003764,2025-09-03,R4,T2,95.5,136.8,151.6,154.8,1
TRA096-003765,2025-09-03,R5,T3,51.8,13.6,92.4,104.6,1
TRA096-003766,2025-09-03,R2,T1,149.9,46.0,181.5,217.4,1
TRA096-003767,2025-09-03,R4,T2,86.1,96.1,144.3,144.0,1
TRA096-003768,2025-09-03,R4,T3,73.8,95.8,140.0,129.9,1
TRA096-003769,2025-09-04,R1,T1,119.3,49.5,144.6,182.2,1
TRA096-003770,2025-09-04,R3,T2,113.5,68.9,140.6,175.5,1
TRA096-003771,2025-09-04,R1,T3,132.3,100.7,208.2,197.1,1
TRA096-003772,2025-09-04,R5,T1,91.7,53.2,108.1,150.5,1
TRA096-003773,2025-09-04,R4,T2,14.0,126.3,39.6,61.1,1
TRA096-003774,2025-09-04,R2,T3,29.1,56.1,75.4,78.5,1
TRA096-003775,2025-09-05,R5,T1,53.7,115.8,82.8,106.8,1
TRA096-003776,2025-09-05,R3,T2,111.0,18.0,138.2,172.6,1
TRA096-003777,2025-09-05,R3,T3,106.0,17.5,143.1,166.9,1
TRA096-003778,2025-09-05,R4,T1,85.6,77.2,89.4,143.4,1
TRA096-003779,2025-09-05,R3,T2,20.5,57.8,51.7,68.6,1
TRA096-003780,2025-09-05,R4,T3,142.8,113.7,192.7,209.2,1
TRA096-003781,2025-09-06,R3,T1,40.9,90.2,49.7,92.0,1
TRA096-003782,2025-09-06,R1,T2,23.0,124.5,52.8,71.5,1
TRA096-003783,2025-09-06,R5,T3,87.9,5.7,137.0,146.1,1
TRA096-003784,2025-09-06,R5,T1,117.1,90.7,148.1,179.7,1
TRA096-003785,2025-09-06,R5,T2,139.1,8.0,174.7,205.0,1
TRA096-003786,2025-09-06,R5,T3,74.7,61.5,136.7,130.9,1
TRA096-003787,2025-09-07,R1,T1,16.4,120.3,47.7,63.9,1
TRA096-003788,2025-09-07,R3,T2,24.6,42.3,16.6,73.3,1
TRA096-003789,2025-09-07,R2,T3,38.3,18.3,50.3,89.0,1
TRA096-003790,2025-09-07,R4,T1,61.7,69.9,98.1,116.0,1
TRA096-003791,2025-09-07,R6,T2,112.3,97.5,156.3,174.1,1
TRA096-003792,2025-09-07,R2,T3,64.9,129.1,,119.6,0
TRA096-003793,2025-09-07,R3,T1,120.9,138.8,144.7,184.0,1
TRA096-003794,2025-09-08,R5,T2,39.9,127.8,61.8,90.9,1
TRA096-003795,2025-09-08,R2,T3,101.2,123.6,178.7,161.4,1
TRA096-003796,2025-09-08,R3,T1,55.2,26.3,82.9,108.5,1
TRA096-003797,2025-09-08,R5,T2,42.4,130.5,82.3,93.8,1
TRA096-003798,2025-09-08,R3,T3,85.6,94.6,146.6,143.4,1
TRA096-003799,2025-09-08,R3,T1,41.9,145.8,"63,1",93.2,1
TRA096-003800,2025-09-09,R2,T2,97.3,142.6,163.8,156.9,1
TRA096-003801,2025-09-09,R4,T3,149.8,72.2,214.3,217.3,1
TRA096-003802,2025-09-09,R5,T1,118.5,116.6,153.4,181.3,1
TRA096-003803,2025-09-09,R4,T2,76.6,19.9,104.2,133.1,1
TRA096-003804,2025-09-09,R1,T3,32.8,32.2,41.8,82.7,1
TRA096-003805,2025-09-09,R3,T1,51.2,122.0,91.3,103.9,1
TRA096-003806,2025-09-10,R5,T2,146.6,139.6,199.2,213.6,1
TRA096-003807,2025-09-10,R4,T3,128.8,128.5,186.7,193.1,1
TRA096-003808,2025-09-10,R6,T1,12.5,92.3,44.5,59.4,1
TRA096-003809,2025-09-10,R2,T2,130.9,143.1,159.5,195.5,1
TRA096-003810,2025-09-10,R5,T3,118.0,15.7,184.6,180.7,1
TRA096-003811,2025-09-10,R3,T1,139.0,47.1,171.3,204.8,1
TRA096-003812,2025-09-11,R6,T2,119.8,20.5,175.1,182.8,1
TRA096-003813,2025-09-11,R4,T3,11.8,45.6,17.6,58.6,1
TRA096-003814,2025-09-11,R6,T1,140.7,91.6,166.1,206.8,1
TRA096-003815,2025-09-11,R4,T2,75.2,129.1,126.5,131.5,1
TRA096-003816,2025-09-11,R3,T3,149.3,9.2,184.6,216.7,1
TRA096-003817,2025-09-11,R4,T1,48.3,14.4,59.5,100.5,1
TRA096-003818,2025-09-12,R4,T2,94.0,113.3,157.2,153.1,1
TRA096-003819,2025-09-12,R2,T3,40.2,143.8,,91.2,1
TRA096-003820,2025-09-12,R5,T1,39.1,137.6,112.2,90.0,1
TRA096-003821,2025-09-12,R1,T2,47.7,86.5,72.6,99.9,1
TRA096-003822,2025-09-12,R2,T3,114.9,21.9,160.1,177.1,1
TRA096-003823,2025-09-12,R2,T1,9.8,48.9,6.0,56.3,1
TRA096-003824,2025-09-13,R1,T2,19.5,90.9,38.2,67.4,1
TRA096-003825,2025-09-13,R5,T3,23.2,37.6,45.6,71.7,1
TRA096-003826,2025-09-13,R5,T1,115.5,24.5,138.3,177.8,1
TRA096-003827,2025-09-13,R5,T2,123.4,97.9,,186.9,0
TRA096-003828,2025-09-13,R3,T3,48.1,96.4,104.2,100.3,1
TRA096-003829,2025-09-13,R5,T1,36.5,18.4,64.1,87.0,1
TRA096-003830,2025-09-13,R2,T2,79.8,32.4,122.7,136.8,1
TRA096-003831,2025-09-14,R6,T3,130.8,4.4,188.3,195.4,1
TRA096-003832,2025-09-14,R6,T1,35.0,106.3,61.6,85.2,1
TRA096-003833,2025-09-14,R4,T2,127.8,38.5,189.0,192.0,1
TRA096-003834,2025-09-14,R2,T3,23.9,46.6,30.5,72.5,1
TRA096-003835,2025-09-14,R4,T1,28.6,138.2,83.4,77.9,1
TRA096-003836,2025-09-14,R2,T2,93.6,38.6,110.8,152.6,1
TRA096-003837,2025-09-15,R5,T3,86.3,56.5,112.0,144.2,1
TRA096-003838,2025-09-15,R1,T1,110.1,17.5,139.6,171.6,1
TRA096-003839,2025-09-15,R4,T2,111.7,73.7,141.1,173.5,1
TRA096-003840,2025-09-15,R6,T3,131.3,101.6,210.3,196.0,1
TRA096-003841,2025-09-15,R1,T1,41.9,114.4,63.8,93.2,1
TRA096-003842,2025-09-15,R3,T2,126.9,4.8,163.0,190.9,1
TRA096-003843,2025-09-16,R5,T3,113.1,6.0,157.1,175.1,1
TRA096-003844,2025-09-16,R4,T1,85.3,8.8,123.9,143.1,1
TRA096-003845,2025-09-16,R5,T2,51.3,63.0,69.6,104.0,1
TRA096-003846,2025-09-16,R6,T3,59.4,71.5,75.0,113.3,1
TRA096-003847,2025-09-16,R3,T1,149.5,6.7,171.7,216.9,1
TRA096-003848,2025-09-16,R4,T2,109.5,75.5,153.9,170.9,1
TRA096-003849,2025-09-17,R1,T3,96.0,87.1,137.4,155.4,1
TRA096-003850,2025-09-17,R3,T1,45.1,118.1,75.1,96.9,1
TRA096-003851,2025-09-17,R1,T2,32.5,102.1,65.2,82.4,1
TRA096-003852,2025-09-17,R5,T3,106.4,79.7,163.8,167.4,1
TRA096-003853,2025-09-17,R6,T1,78.1,31.1,107.5,134.8,1
TRA096-003854,2025-09-17,R2,T2,49.0,70.0,79.3,101.3,1
TRA096-003855,2025-09-18,R2,T3,100.6,67.7,153.8,160.7,1
TRA096-003856,2025-09-18,R3,T1,95.2,129.1,126.4,154.5,1
TRA096-003857,2025-09-18,R2,T2,91.4,127.8,110.2,150.1,1
TRA096-003858,2025-09-18,R4,T3,68.5,93.8,130.7,123.8,1
TRA096-003859,2025-09-18,R6,T1,12.8,94.0,,59.7,0
TRA096-003860,2025-09-18,R1,T2,64.6,70.6,115.6,119.3,1
TRA096-003861,2025-09-19,R2,T3,35.5,84.5,78.1,85.8,1
TRA096-003862,2025-09-19,R1,T1,87.8,74.0,120.2,146.0,1
TRA096-003863,2025-09-19,R3,T2,15.4,142.6,40.8,62.7,1
TRA096-003864,2025-09-19,R3,T3,119.2,67.6,195.2,182.1,1
TRA096-003865,2025-09-19,R3,T1,58.3,62.0,98.4,112.0,1
TRA096-003866,2025-09-19,R3,T2,26.6,128.2,56.3,75.6,1
TRA096-003867,2025-09-20,R2,T3,144.1,80.2,210.9,210.7,1
TRA096-003868,2025-09-20,R5,T1,69.6,86.7,101.3,125.0,1
TRA096-003869,2025-09-20,R3,T2,126.1,83.6,157.8,190.0,1
TRA096-003870,2025-09-20,R2,T3,32.2,146.6,63.8,82.0,1
TRA096-003871,2025-09-20,R4,T1,10.6,123.2,52.1,57.2,1
TRA096-003872,2025-09-20,R4,T2,36.7,31.2,,87.2,0
TRA096-003873,2025-09-20,R6,T3,132.9,55.1,170.5,197.8,1
TRA096-003874,2025-09-21,R1,T1,132.6,32.5,158.9,197.5,1
TRA096-003875,2025-09-21,R3,T2,15.4,79.6,73.1,62.7,1
TRA096-003876,2025-09-21,R6,T3,128.5,4.0,183.5,192.8,1
TRA096-003877,2025-09-21,R6,T1,146.9,112.9,184.7,213.9,1
TRA096-003878,2025-09-21,R5,T2,78.8,96.8,88.7,135.6,1
TRA096-003879,2025-09-21,R4,T3,11.8,56.6,40.1,58.6,1
TRA096-003880,2025-09-22,R1,T1,78.5,3.8,-999,135.3,1
TRA096-003881,2025-09-22,R3,T2,49.2,68.5,107.5,101.6,1
TRA096-003882,2025-09-22,R4,T3,5.7,60.6,58.0,51.6,1
TRA096-003883,2025-09-22,R6,T1,6.6,9.5,5,52.6,1
TRA096-003884,2025-09-22,R5,T2,145.9,87.8,219.2,212.8,1
TRA096-003885,2025-09-22,R6,T3,13.7,54.8,28.8,60.8,1
TRA096-003886,2025-09-23,R5,T1,22.9,89.5,39.8,71.3,1
TRA096-003887,2025-09-23,R6,T2,44.3,58.6,58.3,95.9,1
TRA096-003888,2025-09-23,R5,T3,4.4,26.6,24.0,50.1,1
TRA096-003889,2025-09-23,R4,T1,22.4,103.9,49.8,70.8,1
TRA096-003890,2025-09-23,R4,T2,98.7,55.1,151.0,158.5,1
TRA096-003891,2024-02-30,R5,T3,145.2,96.6,206.0,212.0,1
TRA096-003892,2025-09-24,R3,T1,19.7,122.5,35.6,67.7,1
TRA096-003893,2025-09-24,R6,T2,58.5,62.2,93.8,112.3,1
TRA096-003894,2025-09-24,R4,T3,71.4,35.2,120.9,127.1,1
TRA096-003895,2025-09-24,R1,T1,87.4,144.3,159.3,145.5,1
TRA096-003896,2025-09-24,R4,T2,97.3,62.5,124.9,156.9,1
TRA096-003897,2025-09-24,R6,T3,124.0,20.3,153.4,187.6,1
TRA096-003898,2025-09-25,R2,T1,8.4,80.5,25.6,54.7,1
TRA096-003899,2025-09-25,R1,T2,147.1,102.2,191.7,214.2,1
TRA096-003900,2025-09-25,R6,T3,62.0,139.1,113.9,116.3,1
TRA096-003901,2025-09-25,R6,T1,83.5,117.7,119.0,141.0,1
TRA096-003902,2025-09-25,R2,T2,23.8,44.7,,72.4,1
TRA096-003903,2025-09-25,R5,T3,106.7,130.3,142.8,167.7,1
TRA096-003904,2025-09-26,R2,T1,109.6,66.9,,171.0,0
TRA096-003905,2025-09-26,R4,T2,68.8,124.4,120.8,124.1,1
TRA096-003906,2025-09-26,R5,T3,120.6,86.2,,183.7,0
TRA096-003907,2025-09-26,R1,T1,130.5,103.6,183.0,195.1,1
TRA096-003908,2025-09-26,R4,T2,129.5,25.2,168.4,193.9,1
TRA096-003909,2025-09-26,R4,T3,60.3,16.6,90.0,114.3,1
TRA096-003910,2025-09-26,R5,T1,48.9,41.1,78.7,101.2,1
TRA096-003911,2025-09-27,R3,T2,79.0,28.3,103.5,135.8,1
TRA096-003912,2025-09-27,R5,T3,77.8,149.4,141.7,134.5,1
TRA096-003913,2025-09-27,R4,T1,51.8,14.5,50.3,104.6,1
TRA096-003914,2025-09-27,R4,T2,41.5,23.4,48.5,92.7,1
TRA096-003915,2025-09-27,R4,T3,129.8,115.9,191.3,194.3,1
TRA096-003916,2025-09-27,R5,T1,79.0,28.0,102.6,135.8,1
TRA096-003917,2025-09-28,R5,T2,17.6,53.1,41.5,65.2,1
TRA096-003918,2025-09-28,R1,T3,99.2,110.9,185.3,159.1,1
TRA096-003919,2025-09-28,R6,T1,61.9,46.2,67.4,116.2,1
TRA096-003920,2025-09-28,R4,T2,88.6,23.9,141.5,146.9,1
TRA096-003921,2025-09-28,R5,T3,26.5,149.8,82.8,75.5,1
TRA096-003922,2025-09-28,R4,T1,25.3,16.0,76.0,74.1,1
TRA096-003923,2025-09-29,R5,T2,42.7,148.2,92.5,94.1,1
TRA096-003924,2025-09-29,R5,T3,83.4,65.5,122.3,140.9,1
TRA096-003925,2025-09-29,R2,T1,96.5,123.5,93.2,156.0,1
TRA096-003926,2025-09-29,R4,T2,75.5,136.5,110.6,131.8,1
TRA096-003927,2025-09-29,R6,T3,143.0,91.6,197.5,209.4,1
TRA096-003928,2025-09-29,R2,T1,115.4,111.8,165.2,177.7,1
TRA096-003929,2025-09-30,R6,T2,63.0,142.9,113.4,117.4,1
TRA096-003930,2025-09-30,R6,T3,45.4,70.5,50.0,97.2,1
TRA096-003931,2025-09-30,R2,T1,144.7,9.9,183.8,211.4,1
TRA096-003932,2025-09-30,R4,T2,125.5,89.3,206.1,189.3,1
TRA096-003933,2025-09-30,R1,T3,142.8,140.1,223.7,209.2,1
TRA096-003934,2025-09-30,R3,T1,126.9,114.1,166.4,190.9,1
TRA096-003935,2025-10-01,R5,T2,141.6,111.3,189.2,207.8,1
TRA096-003936,2025-10-01,R1,T3,40.7,42.2,73.7,91.8,1
TRA096-003937,2025-10-01,R6,T1,14.8,133.1,28.6,62.0,1
TRA096-003938,2025-10-01,R3,T2,139.9,65.4,157.2,205.9,1
TRA096-003939,2025-10-01,R3,T3,112.0,85.8,167.2,173.8,1
TRA096-003940,2025-10-01,R2,T1,38.1,45.8,51.7,88.8,1
TRA096-003941,2025-10-02,R3,T2,97.4,44.6,122.3,157.0,1
TRA096-003942,2025-10-02,R1,T3,87.7,23.8,132.1,145.9,1
TRA096-003943,2025-10-02,R3,T1,114.0,103.2,172.3,176.1,1
TRA096-003944,2025-10-02,R3,T2,117.2,132.9,182.3,179.8,1
TRA096-003945,2025-10-02,R4,T3,107.9,100.0,170.8,169.1,1
TRA096-003946,2025-10-02,R4,T1,30.6,68.9,51.8,80.2,1
TRA096-003947,2025-10-03,R6,T2,131.7,68.2,186.6,196.5,1
TRA096-003948,2025-10-03,R1,T3,3.7,2.6,5,49.3,1
TRA096-003949,2025-10-03,R3,T1,139.7,121.9,183.1,205.7,1
TRA096-003950,2025-10-03,R5,T2,93.4,83.7,148.6,152.4,1
TRA096-003951,2025-10-03,R6,T3,111.1,43.8,147.0,172.8,1
TRA096-003952,2025-10-03,R5,T1,139.2,47.2,175.9,205.1,1
TRA096-003953,2025-10-03,R1,T2,75.5,79.7,116.7,131.8,1
TRA096-003954,2025-10-04,R4,T3,45.7,72.2,102.8,97.6,1
TRA096-003955,2025-10-04,R5,T1,131.4,128.6,174.5,196.1,1
TRA096-003956,2025-10-04,R4,T2,18.9,108.1,55.2,66.7,1
TRA096-003957,2025-10-04,R3,T3,90.0,41.0,113.6,148.5,1
TRA096-003958,2025-10-04,R6,T1,38.0,22.2,63.8,88.7,1
TRA096-003959,2025-10-04,R5,T2,67.8,13.9,95.1,123.0,1
TRA096-003960,2025-10-05,R3,T3,77.0,30.1,144.0,133.6,1
TRA096-003961,2025-10-05,R1,T1,27.7,76.7,34.5,76.9,1
TRA096-003962,2025-10-05,R3,T2,149.5,83.0,229.9,216.9,1
TRA096-003963,2025-10-05,R4,T3,28.5,64.0,35.8,77.8,1
TRA096-003964,2025-10-05,R1,T1,3.7,56.3,13.5,49.3,1
TRA096-003965,2025-10-05,R4,T2,140.0,143.2,193.0,206.0,1
TRA096-003966,2025-10-06,R3,T3,32.3,145.7,53.5,82.1,1
TRA096-003967,2025-10-06,R2,T1,48.0,145.2,96.0,100.2,1
TRA096-003968,2025-10-06,R3,T2,28.3,39.7,55.5,77.5,1
TRA096-003969,2025-10-06,R1,T3,40.4,40.9,62.3,91.5,1
TRA096-003970,2025-10-06,R3,T1,145.4,105.3,204.2,212.2,1
TRA096-003971,2025-10-06,R6,T2,47.3,27.0,50.4,99.4,1
TRA096-003972,2025-10-07,R2,T3,37.4,84.5,63.2,88.0,1
TRA096-003973,2025-10-07,R3,T1,136.8,53.6,159.9,202.3,1
TRA096-003974,2025-10-07,R1,T2,141.6,91.8,203.2,207.8,1
TRA096-003975,2025-10-07,R5,T3,73.4,72.4,117.5,129.4,1
TRA096-003976,2025-10-07,R4,T1,75.7,52.9,110.1,132.1,1
TRA096-003977,2025-10-07,R1,T2,131.4,56.7,180.4,196.1,1
TRA096-003978,2025-10-08,R4,T3,141.0,65.6,202.3,207.1,1
TRA096-003979,2025-10-08,R2,T1,14.3,11.9,47.2,61.4,1
TRA096-003980,2025-10-08,R1,T2,137.3,46.6,178.1,202.9,1
TRA096-003981,2025-10-08,R5,T3,33.4,105.4,80.5,83.4,1
TRA096-003982,2025-10-08,R6,T1,100.7,132.1,131.2,160.8,1
TRA096-003983,2025-10-08,R5,T2,49.2,37.3,66.4,101.6,1
TRA096-003984,2025-10-09,R1,T3,103.1,82.6,135.6,163.6,1
TRA096-003985,2025-10-09,R6,T1,107.7,4.4,,168.9,1
TRA096-003986,2025-10-09,R6,T2,83.8,28.8,106.2,141.4,1
TRA096-003987,2025-10-09,R2,T3,50.2,110.6,84.7,102.7,1
TRA096-003988,2025-10-09,R4,T1,46.5,20.0,92.2,98.5,1
TRA096-003989,2025-10-09,R3,T2,135.0,117.3,206.4,200.2,1
TRA096-003990,2025-10-09,R3,T3,32.1,41.7,49.9,81.9,1
TRA096-003991,2025-10-10,R1,T1,32.2,32.6,,82.0,0
TRA096-003992,2025-10-10,R5,T2,124.4,10.5,,188.1,0
TRA096-003993,2025-10-10,R4,T3,8.3,28.0,20.2,54.5,1
TRA096-003994,2025-10-10,R2,T1,101.2,47.9,139.3,161.4,1
TRA096-003995,2025-10-10,R3,T2,79.5,147.1,124.6,136.4,1
TRA096-003996,2025-10-10,R3,T3,120.0,148.5,201.3,183.0,1
TRA096-003997,2025-10-11,R1,T1,58.8,56.5,37.1,112.6,1
TRA096-003998,2025-10-11,R6,T2,6.9,101.1,36.7,52.9,1
TRA096-003999,2025-10-11,R2,T3,118.6,101.3,177.9,181.4,1
TRA096-004000,2025-10-11,R3,T1,72.8,89.0,87.7,128.7,1
TRA096-004001,2025-10-11,R6,T2,23.3,106.6,45.4,71.8,1
TRA096-004002,2025-10-11,R5,T3,119.5,78.3,197.9,182.4,1
TRA096-004003,2025-10-12,R5,T1,82.1,114.0,91.6,139.4,1
TRA096-004004,2025-10-12,R6,T2,17.5,42.9,50.4,65.1,1
TRA096-004005,2025-10-12,R5,T3,108.4,43.9,182.0,169.7,1
TRA096-004006,2025-10-12,R5,T1,135.6,98.8,200.3,200.9,1
TRA096-004007,2025-10-12,R4,T2,119.1,142.5,199.0,182.0,1
TRA096-004008,2025-10-12,R5,T3,86.6,134.0,169.8,144.6,1
TRA096-004009,2025-10-13,R6,T1,129.1,138.8,154.4,193.5,1
TRA096-004010,2025-10-13,R5,T2,96.0,27.6,"98,1",155.4,1
TRA096-004011,2025-10-13,R6,T3,59.2,137.2,135.8,113.1,1
TRA096-004012,2025-10-13,R6,T1,14.5,114.1,40.6,61.7,1
TRA096-004013,2025-10-13,R1,T2,105.9,86.4,161.4,166.8,1
TRA096-004014,2025-10-13,R4,T3,27.9,119.8,70.3,77.1,1
TRA096-004015,2025-10-14,R3,T1,56.8,111.1,91.8,110.3,1
TRA096-004016,2025-10-14,R6,T2,30.6,43.8,64.6,80.2,1
TRA096-004017,2025-10-14,R5,T3,98.6,144.9,151.0,158.4,1
TRA096-004018,2025-10-14,R5,T1,138.0,142.8,182.3,203.7,1
TRA096-004019,2025-10-14,R4,T2,61.9,111.6,112.9,116.2,1
TRA096-004020,2025-10-14,R3,T3,25.4,50.6,43.5,74.2,1
TRA096-004021,2025-10-15,R5,T1,128.1,10.5,137.8,192.3,1
TRA096-004022,2025-10-15,R4,T2,4.7,32.9,36.2,50.4,1
TRA096-004023,2025-10-15,R2,T3,28.7,104.0,68.4,78.0,1
TRA096-004024,2025-10-15,R5,T1,122.1,101.5,144.3,185.4,1
TRA096-004025,2025-10-15,R2,T2,78.7,90.8,124.1,135.5,1
TRA096-004026,2025-10-15,R6,T3,34.6,149.7,88.9,84.8,1
TRA096-004027,2025-10-16,R2,T1,145.1,121.6,191.4,211.9,1
TRA096-004028,2025-10-16,R3,T2,102.0,41.1,123.3,162.3,1
TRA096-004029,2025-10-16,R1,T3,75.6,17.5,126.2,131.9,1
TRA096-004030,2025-10-16,R2,T1,50.3,108.1,85.4,102.8,1
TRA096-004031,2025-10-16,R1,T2,11.4,98.2,38.7,58.1,1
TRA096-004032,2025-10-16,R1,T3,41.8,27.9,97.2,93.1,1
TRA096-004033,2025-10-16,R2,T1,132.2,33.2,155.7,197.0,1
TRA096-004034,2025-10-17,R5,T2,10.3,23.3,38.2,56.8,1
TRA096-004035,2025-10-17,R3,T3,130.0,79.3,167.5,194.5,1
TRA096-004036,2025-10-17,R6,T1,44.6,92.3,71.4,96.3,1
TRA096-004037,2025-10-17,R5,T2,59.9,146.3,119.0,113.9,1
TRA096-004038,2025-10-17,R2,T3,104.9,38.0,164.3,165.6,1
TRA096-004039,2025-10-17,R1,T1,56.4,15.6,61.3,109.9,1
TRA096-004040,2025-10-18,R2,T2,2.4,86.0,33.4,47.8,1
TRA096-004041,2025-10-18,R6,T3,140.0,29.2,211.2,206.0,1
TRA096-004042,2025-10-18,R6,T1,11.0,72.3,14.1,57.6,1
TRA096-004043,2025-10-18,R1,T2,132.6,96.3,200.8,197.5,1
TRA096-004044,2025-10-18,R2,T3,76.8,80.5,125.4,133.3,1
TRA096-004045,2025-10-18,R4,T1,52.1,75.8,84.2,104.9,1
TRA096-004046,2025-10-19,R2,T2,63.1,3.6,102.0,117.6,1
TRA096-004047,2025-10-19,R5,T3,75.4,129.3,131.8,131.7,1
TRA096-004048,2025-10-19,R2,T1,112.5,39.6,110.6,174.4,1
TRA096-004049,2025-10-19,R1,T2,138.0,97.4,180.0,203.7,1
TRA096-004050,2025-10-19,R3,T3,15.3,79.1,26.8,62.6,1
TRA096-004051,2025-10-19,R5,T1,55.0,35.3,96.8,108.2,1
TRA096-004052,2025-10-20,R4,T2,115.3,114.4,153.4,177.6,1
TRA096-004053,2025-10-20,R3,T3,23.5,102.9,46.4,72.0,1
TRA096-004054,2025-10-20,R2,T1,92.3,102.0,162.4,151.1,1
TRA096-004055,2025-10-20,R5,T2,47.9,87.7,82.8,100.1,1
TRA096-004056,2025-10-20,R3,T3,21.7,140.2,65.9,70.0,1
TRA096-004057,2025-10-20,R2,T1,74.5,37.5,105.7,130.7,1
TRA096-004058,2025-10-21,R5,T2,147.2,124.0,218.6,214.3,1
TRA096-004059,2025-10-21,R4,T3,18.0,61.4,17.7,65.7,1
TRA096-004060,2025-10-21,R3,T1,37.4,3.8,47.7,88.0,1
TRA096-004061,2025-10-21,R1,T2,69.1,61.1,78.8,124.5,1
TRA096-004062,2025-10-21,R1,T3,65.5,116.6,123.5,120.3,1
TRA096-004063,2025-10-21,R5,T1,130.6,139.0,205.1,195.2,1
TRA096-004064,2025-10-22,R5,T2,105.3,52.0,139.8,166.1,1
TRA096-004065,2025-10-22,R3,T3,61.8,50.1,132.3,116.1,1
TRA096-004066,2025-10-22,R4,T1,134.8,79.0,135.4,200.0,1
TRA096-004067,2025-10-22,R6,T2,25.1,90.3,61.8,73.9,1
TRA096-004068,2025-10-22,R2,T3,140.9,1.6,,207.0,1
TRA096-004069,2025-10-22,R5,T1,96.4,33.0,100.0,155.9,1
TRA096-004070,2025-10-22,R2,T2,47.1,58.9,91.3,99.2,1
TRA096-004071,2025-10-23,R1,T3,123.1,33.9,175.5,186.6,1
TRA096-004072,2025-10-23,R5,T1,18.6,105.9,47.9,66.4,1
TRA096-004073,2025-10-23,R3,T2,83.5,84.7,147.8,141.0,1
TRA096-004074,2025-10-23,R1,T3,5.2,78.7,34.7,51.0,1
TRA096-004075,2025-10-23,R6,T1,73.8,104.3,101.6,129.9,1
TRA096-004076,2025-10-23,R2,T2,32.0,108.9,,81.8,0
TRA096-004077,2025-10-24,R6,T3,144.5,87.3,214.3,211.2,1
TRA096-004078,2025-10-24,R5,T1,123.0,74.8,136.1,186.4,1
TRA096-004079,2025-10-24,R1,T2,74.5,83.4,102.4,130.7,1
TRA096-004080,2025-10-24,R5,T3,75.2,64.0,131.1,131.5,1
TRA096-004081,2025-10-24,R5,T1,19.5,70.3,62.6,67.4,1
TRA096-004082,2025-10-24,R3,T2,58.4,86.2,125.6,112.2,1
TRA096-004083,2025-10-25,R1,T3,57.7,46.0,114.7,111.4,1
TRA096-004084,2025-10-25,R2,T1,33.8,118.2,86.9,83.9,1
TRA096-004085,2025-10-25,R5,T2,48.9,4.6,78.4,101.2,1
TRA096-004086,2025-10-25,R4,T3,95.9,69.4,157.6,155.3,1
TRA096-004087,2025-10-25,R5,T1,63.3,5.0,90.7,117.8,1
TRA096-004088,2025-10-25,R3,T2,71.6,30.3,110.0,127.3,1
TRA096-004089,2025-10-26,R1,T3,107.6,55.5,150.8,168.7,1
TRA096-004090,2025-10-26,R3,T1,144.1,95.0,181.6,210.7,1
TRA096-004091,2025-10-26,R1,T2,58.2,92.5,89.4,111.9,1
TRA096-004092,2025-10-26,R1,T3,134.9,19.0,198.9,200.1,1
TRA096-004093,2025-10-26,R2,T1,42.0,80.0,59.6,93.3,1
TRA096-004094,2025-10-26,R2,T2,106.2,101.3,159.0,167.1,1
TRA096-004095,2025-10-27,R6,T3,10.3,54.8,30.6,56.8,1
TRA096-004096,2025-10-27,R4,T1,76.7,49.7,102.8,133.2,1
TRA096-004097,2025-10-27,R4,T2,122.7,126.9,174.0,186.1,1
TRA096-004098,2025-10-27,R3,T3,10.0,110.7,31.6,56.5,1
TRA096-004099,2025-10-27,R6,T1,7.4,79.4,15.5,53.5,1
TRA096-004100,2025-10-27,R1,T2,61.0,69.5,93.7,115.1,1
TRA096-004101,2025-10-28,R1,T3,95.2,24.3,129.5,154.5,1
TRA096-004102,2025-10-28,R4,T1,67.1,73.8,87.8,122.2,1
TRA096-004103,2025-10-28,R5,T2,134.9,100.4,166.9,200.1,1
TRA096-004104,2025-10-28,R2,T3,83.2,111.7,99.9,140.7,1
TRA096-004105,2025-10-28,R3,T1,116.7,25.3,147.9,179.2,1
TRA096-004106,2025-10-28,R4,T2,25.7,46.2,44.1,74.6,1
TRA096-004107,2025-10-28,R5,T3,35.8,143.1,73.6,86.2,1
TRA096-004108,2025-10-29,R1,T1,93.5,99.9,122.3,152.5,1
TRA096-004109,2025-10-29,R3,T2,127.5,142.0,227.7,191.6,1
TRA096-004110,2025-10-29,R5,T3,9.8,97.2,51.0,56.3,1
TRA096-004111,2025-10-29,R4,T1,14.5,83.2,17.5,61.7,1
TRA096-004112,2025-10-29,R4,T2,74.2,19.8,102.1,130.3,1
TRA096-004113,2025-10-29,R3,T3,114.7,68.9,189.4,176.9,1
TRA096-004114,2025-10-30,R2,T1,17.1,104.7,25.9,64.7,1
TRA096-004115,2025-10-30,R4,T2,33.8,115.0,88.2,83.9,1
TRA096-004116,2025-10-30,R1,T3,139.1,95.4,202.2,205.0,1
TRA096-004117,2025-10-30,R1,T1,7.3,12.8,42.0,53.4,1
TRA096-004118,2025-10-30,R1,T2,145.1,30.9,201.5,211.9,1
TRA096-004119,2025-10-30,R2,T3,126.0,48.1,181.4,189.9,1
TRA096-004120,2025-10-31,R3,T1,103.4,45.3,127.4,163.9,1
TRA096-004121,2025-10-31,R2,T2,122.9,76.8,,186.3,0
TRA096-004122,2025-10-31,R5,T3,73.0,17.0,92.5,128.9,1
TRA096-004123,2025-10-31,R2,T1,31.4,63.7,26.8,81.1,1
TRA096-004124,2025-10-31,R1,T2,41.5,102.2,82.6,92.7,1
TRA096-004125,2025-10-31,R2,T3,60.5,127.7,105.3,114.6,1
TRA096-004126,2025-11-01,R3,T1,40.5,121.8,68.0,91.6,1
TRA096-004127,2025-11-01,R6,T2,121.7,126.5,198.7,185.0,1
TRA096-004128,2025-11-01,R1,T3,85.8,32.7,103.4,143.7,1
TRA096-004129,2025-11-01,R5,T1,2.3,80.6,10.1,47.6,1
TRA096-004130,2025-11-01,R5,T2,139.3,124.9,196.1,205.2,1
TRA096-004131,2025-11-01,R6,T3,123.1,59.6,146.7,186.6,1
TRA096-004132,2025-11-02,R2,T1,86.2,14.0,,144.1,0
TRA096-004133,2025-11-02,R5,T2,138.2,86.4,177.6,203.9,1
TRA096-004134,2025-11-02,R5,T3,77.5,18.0,114.0,134.1,1
TRA096-004135,2025-11-02,R1,T1,34.7,88.9,20.1,84.9,1
TRA096-004136,2025-11-02,R1,T2,43.7,122.2,55.5,95.3,1
TRA096-004137,2025-11-02,R6,T3,127.9,54.8,179.8,192.1,1
TRA096-004138,2025-11-03,R2,T1,61.5,49.5,67.1,115.7,1
TRA096-004139,2025-11-03,R2,T2,105.2,79.1,157.7,166.0,1
TRA096-004140,2025-11-03,R6,T3,137.8,118.4,197.8,203.5,1
TRA096-004141,2025-11-03,R6,T1,29.2,60.7,13.0,78.6,1
TRA096-004142,2025-11-03,R4,T2,15.3,49.0,40.3,62.6,1
TRA096-004143,2025-11-03,R2,T3,86.7,6.1,146.4,144.7,1
TRA096-004144,2025-11-04,R5,T1,33.1,54.0,63.6,83.1,1
TRA096-004145,2025-11-04,R5,T2,57.7,45.5,90.2,111.4,1
TRA096-004146,2025-11-04,R1,T3,47.4,98.6,90.2,99.5,1
TRA096-004147,2025-11-04,R3,T1,124.7,20.7,164.9,188.4,1
TRA096-004148,2025-11-04,R1,T2,63.8,54.8,69.3,118.4,1
TRA096-004149,2025-11-04,R1,T3,126.4,114.1,196.7,190.4,1
TRA096-004150,2025-11-04,R6,T1,135.5,57.9,,200.8,0
TRA096-004151,2025-11-05,R1,T2,83.0,100.8,,140.4,1
TRA096-004152,2025-11-05,R4,T3,66.5,148.2,123.1,121.5,1
TRA096-004153,2025-11-05,R1,T1,125.0,109.5,173.4,188.8,1
TRA096-004154,2025-11-05,R6,T2,105.4,62.0,129.9,166.2,1
TRA096-004155,2025-11-05,R1,T3,138.0,46.9,194.3,203.7,1
TRA096-004156,2025-11-05,R4,T1,27.6,65.3,49.8,76.7,1
TRA096-004157,2025-11-06,R6,T2,24.5,118.9,60.6,73.2,1
TRA096-004158,2025-11-06,R2,T3,122.6,7.0,189.9,186.0,1
TRA096-004159,2025-11-06,R5,T1,44.3,88.2,52.6,95.9,1
TRA096-004160,2025-11-06,R6,T2,87.4,130.8,135.6,145.5,1
TRA096-004161,2025-11-06,R5,T3,65.3,24.2,100.2,120.1,1
TRA096-004162,2025-11-06,R5,T1,126.1,142.8,167.7,190.0,1
TRA096-004163,2025-11-07,R4,T2,48.5,100.1,,100.8,0
TRA096-004164,2025-11-07,R1,T3,120.3,12.0,192.2,183.3,1
TRA096-004165,2025-11-07,R6,T1,130.3,129.4,178.4,194.8,1
TRA096-004166,2025-11-07,R2,T2,82.0,96.4,103.2,139.3,1
TRA096-004167,2025-11-07,R1,T3,147.6,139.0,,214.7,0
TRA096-004168,2025-11-07,R4,T1,78.1,134.5,131.3,134.8,1
TRA096-004169,2025-11-08,R6,T2,4.5,7.5,16.2,50.2,1
TRA096-004170,2025-11-08,R3,T3,130.3,125.2,180.3,194.8,1
TRA096-004171,2025-11-08,R4,T1,50.1,116.5,77.9,102.6,1
TRA096-004172,2025-11-08,R6,T2,18.4,101.7,55.8,66.2,1
TRA096-004173,2025-11-08,R6,T3,58.1,54.6,,111.8,0
TRA096-004174,2025-11-08,R6,T1,139.1,85.6,181.4,205.0,1
TRA096-004175,2025-11-09,R5,T2,34.0,147.1,,84.1,0
TRA096-004176,2025-11-09,R3,T3,88.1,115.3,145.5,146.3,1
TRA096-004177,2025-11-09,R1,T1,66.4,14.2,95.0,121.4,1
TRA096-004178,2025-11-09,R2,T2,90.6,42.9,132.8,149.2,1
TRA096-004179,2025-11-09,R1,T3,90.6,89.2,146.5,149.2,1
TRA096-004180,2025-11-09,R2,T1,93.0,107.6,137.0,151.9,1
TRA096-004181,2025-11-10,R2,T2,119.0,73.2,156.0,181.8,1
TRA096-004182,2025-11-10,R5,T3,96.3,131.6,174.1,155.7,1
TRA096-004183,2025-11-10,R1,T1,138.8,54.1,,204.6,0
TRA096-004184,2025-11-10,R4,T2,111.0,61.7,146.2,172.6,1
TRA096-004185,2025-11-10,R5,T3,136.3,132.5,225.0,201.7,1
TRA096-004186,2025-11-10,R3,T1,62.4,86.4,88.2,116.8,1
TRA096-004187,2025-11-10,R2,T2,61.4,77.5,88.2,115.6,1
TRA096-004188,2025-11-11,R2,T3,136.7,3.3,179.9,202.2,1
TRA096-004189,2025-11-11,R2,T1,5.7,78.7,42.2,51.6,1
TRA096-004190,2025-11-11,R5,T2,106.1,122.9,156.7,167.0,1
TRA096-004191,2025-11-11,R4,T3,42.3,68.6,80.5,93.6,1
TRA096-004192,2025-11-11,R1,T1,137.7,84.7,176.6,203.4,1
TRA096-004193,2025-11-11,R1,T2,125.7,1.8,175.5,189.6,1
TRA096-004194,2025-11-12,R6,T3,2.1,126.0,37.0,47.4,1
TRA096-004195,2025-11-12,R6,T1,15.8,15.2,66.7,63.2,1
TRA096-004196,2025-11-12,R3,T2,42.7,66.7,61.6,94.1,1
TRA096-004197,2025-11-12,R5,T3,5.8,33.6,5,51.7,1
TRA096-004198,2025-11-12,R2,T1,125.8,45.8,148.5,189.7,1
TRA096-004199,2025-11-12,R4,T2,102.4,66.1,150.2,162.8,1
TRA096-004200,2025-11-13,R1,T3,36.5,43.6,76.3,87.0,1
TRA096-004201,2025-11-13,R1,T1,42.4,87.8,65.4,93.8,1
TRA096-004202,2025-11-13,R1,T2,70.4,4.4,80.3,126.0,1
TRA096-004203,2025-11-13,R2,T3,49.2,62.2,86.1,101.6,1
TRA096-004204,2025-11-13,R6,T1,123.7,67.3,155.0,187.3,1
TRA096-004205,2025-11-13,R1,T2,142.1,96.8,185.4,208.4,1
TRA096-004206,2025-11-14,R1,T3,78.4,123.1,124.4,135.2,1
TRA096-004207,2025-11-14,R6,T1,5.8,96.0,31.9,51.7,1
TRA096-004208,2025-11-14,R1,T2,76.5,12.4,82.8,133.0,1
TRA096-004209,2025-11-14,R6,T3,87.6,53.2,99.2,145.7,1
TRA096-004210,2025-11-14,R3,T1,2.1,108.6,5,47.4,1
TRA096-004211,2025-11-14,R1,T2,96.6,53.9,132.1,156.1,1
TRA096-004212,2025-11-15,R2,T3,104.2,104.2,162.7,164.8,1
TRA096-004213,2025-11-15,R2,T1,142.9,118.5,180.5,209.3,1
TRA096-004214,2025-11-15,R2,T2,87.8,8.9,116.6,146.0,1
TRA096-004215,2025-11-15,R6,T3,132.2,26.0,174.4,197.0,1
TRA096-004216,2025-11-15,R1,T1,138.2,121.4,167.9,203.9,1
TRA096-004217,2025-11-15,R4,T2,75.1,85.9,97.7,131.4,1
TRA096-004218,2025-11-16,R6,T3,126.9,59.7,194.8,190.9,1
TRA096-004219,2025-11-16,R5,T1,127.8,11.0,176.7,192.0,1
TRA096-004220,2025-11-16,R3,T2,46.6,58.3,72.6,98.6,1
TRA096-004221,2025-11-16,R3,T3,58.9,36.5,"91,4",112.7,1
TRA096-004222,2025-11-16,R2,T1,28.8,134.9,60.0,78.1,1
TRA096-004223,2025-11-16,R6,T2,102.1,10.4,155.8,162.4,1
TRA096-004224,2025-11-17,R2,T3,135.9,67.1,207.3,201.3,1
TRA096-004225,2025-11-17,R3,T1,132.8,90.9,184.9,197.7,1
TRA096-004226,2025-11-17,R2,T2,59.9,86.6,91.2,113.9,1
TRA096-004227,2025-11-17,R5,T3,126.3,9.6,,190.2,0
TRA096-004228,2025-11-17,R2,T1,14.7,129.2,53.0,61.9,1
TRA096-004229,2025-11-17,R5,T2,66.2,83.7,98.1,121.1,1
TRA096-004230,2025-11-17,R4,T3,69.9,94.9,132.9,125.4,1
TRA096-004231,2025-11-18,R2,T1,55.7,136.1,102.6,109.1,1
TRA096-004232,2025-11-18,R2,T2,34.9,117.6,66.1,85.1,1
TRA096-004233,2025-11-18,R4,T3,149.1,96.5,222.9,216.5,1
TRA096-004234,2025-11-18,R5,T1,72.3,96.1,,128.1,1
TRA096-004235,2025-11-18,R1,T2,70.0,72.1,91.3,125.5,1
TRA096-004236,2025-11-18,R2,T3,139.4,44.6,207.5,205.3,1
TRA096-004237,2025-11-19,R1,T1,25.6,16.9,34.7,74.4,1
TRA096-004238,2025-11-19,R4,T2,85.3,35.6,108.1,143.1,1
TRA096-004239,2025-11-19,R5,T3,117.0,119.3,181.0,179.5,1
TRA096-004240,2025-11-19,R4,T1,130.0,40.1,143.6,194.5,1
TRA096-004241,2025-11-19,R5,T2,60.5,90.4,107.4,114.6,1
TRA096-004242,2025-11-19,R1,T3,69.0,109.1,105.7,124.3,1
TRA096-004243,2025-11-20,R5,T1,88.1,78.6,126.0,146.3,1
TRA096-004244,2025-11-20,R4,T2,32.0,132.7,91.2,81.8,1
TRA096-004245,2025-11-20,R5,T3,124.4,26.0,196.2,188.1,1
TRA096-004246,2025-11-20,R1,T1,128.9,85.3,175.9,193.2,1
TRA096-004247,2025-11-20,R1,T2,26.2,79.8,49.1,75.1,1
TRA096-004248,2025-11-20,R2,T3,60.4,65.8,119.6,114.5,1
TRA096-004249,2025-11-21,R4,T1,70.8,99.6,109.8,126.4,1
TRA096-004250,2025-11-21,R5,T2,29.7,148.0,65.1,79.2,1
TRA096-004251,2025-11-21,R1,T3,70.0,38.8,118.1,125.5,1
TRA096-004252,2025-11-21,R3,T1,72.9,81.8,114.3,128.8,1
TRA096-004253,2025-11-21,R1,T2,17.1,70.8,39.7,64.7,1
TRA096-004254,2025-11-21,R6,T3,121.8,43.0,196.0,185.1,1
TRA096-004255,2025-11-22,R1,T1,113.8,147.4,170.4,175.9,1
TRA096-004256,2025-11-22,R6,T2,125.7,85.0,,189.6,0
TRA096-004257,2025-11-22,R1,T3,79.4,60.4,132.0,136.3,1
TRA096-004258,2025-11-22,R6,T1,5.0,20.1,17.6,50.8,1
TRA096-004259,2025-11-22,R5,T2,44.8,45.4,61.7,96.5,1
TRA096-004260,2025-11-22,R2,T3,146.9,8.4,,213.9,0
TRA096-004261,2025-11-23,R2,T1,42.2,145.4,75.4,93.5,1
TRA096-004262,2025-11-23,R5,T2,77.4,119.5,133.5,134.0,1
TRA096-004263,2025-11-23,R2,T3,45.2,140.4,81.9,97.0,1
TRA096-004264,2025-11-23,R4,T1,138.0,81.5,179.5,203.7,1
TRA096-004265,2025-11-23,R1,T2,106.0,48.0,128.2,166.9,1
TRA096-004266,2025-11-23,R3,T3,143.2,64.9,190.8,209.7,1
TRA096-004267,2025-11-23,R2,T1,148.6,2.5,179.1,215.9,1
TRA096-004268,2025-11-24,R5,T2,117.5,45.2,169.9,180.1,1
TRA096-004269,2025-11-24,R2,T3,105.1,2.7,152.6,165.9,1
TRA096-004270,2025-11-24,R3,T1,108.8,27.7,114.4,170.1,1
TRA096-004271,2025-11-24,R3,T2,68.0,131.0,110.5,123.2,1
TRA096-004272,2025-11-24,R2,T3,18.0,127.9,36.3,65.7,1
TRA096-004273,2025-11-24,R1,T1,81.4,1.5,96.2,138.6,1
TRA096-004274,2025-11-25,R4,T2,30.3,21.9,31.8,79.8,1
TRA096-004275,2025-11-25,R2,T3,20.9,26.5,26.8,69.0,1
TRA096-004276,2025-11-25,R3,T1,126.7,133.9,161.5,190.7,1
TRA096-004277,2025-11-25,R3,T2,47.0,32.0,66.3,99.0,1
TRA096-004278,2025-11-25,R3,T3,25.9,24.3,62.3,74.8,1
TRA096-004279,2025-11-25,R4,T1,48.8,124.5,81.1,101.1,1
TRA096-004280,2024-02-30,R6,T2,37.3,108.8,67.8,87.9,1
TRA096-004281,2025-11-26,R2,T3,9.6,6.3,11.9,56.0,1
TRA096-004282,2025-11-26,R6,T1,68.6,32.0,,123.9,0
TRA096-004283,2025-11-26,R1,T2,66.3,148.9,118.1,121.2,1
TRA096-004284,2025-11-26,R1,T3,139.1,120.3,209.9,205.0,1
TRA096-004285,2025-11-26,R6,T1,53.3,106.7,79.0,106.3,1
TRA096-004286,2025-11-27,R5,T2,98.1,31.7,106.5,157.8,1
TRA096-004287,2025-11-27,R5,T3,115.8,6.8,163.5,178.2,1
TRA096-004288,2025-11-27,R4,T1,128.2,129.8,169.4,192.4,1
TRA096-004289,2025-11-27,R4,T2,132.5,87.1,169.5,197.4,1
TRA096-004290,2025-11-27,R6,T3,130.7,65.3,201.7,195.3,1
TRA096-004291,2025-11-27,R5,T1,139.9,138.1,204.2,205.9,1
TRA096-004292,2025-11-28,R2,T2,50.6,90.8,70.1,103.2,1
TRA096-004293,2025-11-28,R5,T3,16.9,86.3,41.4,64.4,1
TRA096-004294,2025-11-28,R5,T1,20.7,121.9,50.5,68.8,1
TRA096-004295,2025-11-28,R6,T2,88.8,16.7,94.6,147.1,1
TRA096-004296,2025-11-28,R2,T3,71.5,112.5,117.0,127.2,1
TRA096-004297,2025-11-28,R3,T1,148.4,127.5,202.5,215.7,1
TRA096-004298,2025-11-29,R2,T2,53.4,19.3,69.7,106.4,1
TRA096-004299,2025-11-29,R1,T3,131.3,88.5,175.4,196.0,1
TRA096-004300,2025-11-29,R6,T1,66.5,85.0,98.7,121.5,1
TRA096-004301,2025-11-29,R3,T2,117.1,85.6,167.3,179.7,1
TRA096-004302,2025-11-29,R1,T3,79.5,147.7,150.9,136.4,1
TRA096-004303,2025-11-29,R1,T1,132.9,11.3,157.0,197.8,1
TRA096-004304,2025-11-29,R1,T2,41.4,101.2,67.0,92.6,1
TRA096-004305,2025-11-30,R2,T3,87.1,27.4,147.9,145.2,1
TRA096-004306,2025-11-30,R1,T1,52.8,8.8,,105.7,0
TRA096-004307,2025-11-30,R2,T2,5.4,145.3,40.8,51.2,1
TRA096-004308,2025-11-30,R6,T3,119.5,105.2,172.4,182.4,1
TRA096-004309,2025-11-30,R4,T1,94.4,37.7,97.1,153.6,1
TRA096-004310,2025-11-30,R4,T2,46.6,148.6,89.0,98.6,1
TRA096-004311,2025-12-01,R1,T3,36.3,52.8,-999,86.7,1
TRA096-004312,2025-12-01,R5,T1,65.2,108.4,127.9,120.0,1
TRA096-004313,2025-12-01,R4,T2,135.1,63.3,178.6,200.4,1
TRA096-004314,2025-12-01,R3,T3,64.1,111.7,111.9,118.7,1
TRA096-004315,2025-12-01,R4,T1,29.5,30.4,25.1,78.9,1
TRA096-004316,2025-12-01,R3,T2,77.7,52.4,117.9,134.4,1
TRA096-004317,2025-12-02,R2,T3,127.3,64.1,,191.4,1
TRA096-004318,2025-12-02,R4,T1,119.3,123.1,150.9,182.2,1
TRA096-004319,2025-12-02,R2,T2,35.2,118.7,58.4,85.5,1
TRA096-004320,2025-12-02,R6,T3,30.1,91.5,71.2,79.6,1
TRA096-004321,2025-12-02,R3,T1,124.2,114.7,150.4,187.8,1
TRA096-004322,2025-12-02,R5,T2,85.4,8.2,119.4,143.2,1
TRA096-004323,2025-12-03,R5,T3,75.6,149.7,137.9,131.9,1
TRA096-004324,2025-12-03,R1,T1,20.6,96.1,42.4,68.7,1
TRA096-004325,2025-12-03,R2,T2,40.1,45.2,87.7,91.1,1
TRA096-004326,2025-12-03,R4,T3,115.7,59.5,160.8,178.1,1
TRA096-004327,2025-12-03,R1,T1,67.1,58.7,93.2,122.2,1
TRA096-004328,2025-12-03,R5,T2,37.9,42.3,68.5,88.6,1
TRA096-004329,2025-12-04,R6,T3,121.8,51.5,189.2,185.1,1
TRA096-004330,2025-12-04,R5,T1,66.4,112.5,108.8,121.4,1
TRA096-004331,2025-12-04,R5,T2,128.6,143.1,191.4,192.9,1
TRA096-004332,2025-12-04,R4,T3,59.4,46.2,90.9,113.3,1
TRA096-004333,2025-12-04,R6,T1,95.7,143.9,155.4,155.1,1
TRA096-004334,2025-12-04,R3,T2,53.3,85.8,99.5,106.3,1
TRA096-004335,2025-12-05,R4,T3,118.1,107.2,172.5,180.8,1
TRA096-004336,2025-12-05,R2,T1,74.9,83.1,106.0,131.1,1
TRA096-004337,2025-12-05,R2,T2,96.4,9.9,120.3,155.9,1
TRA096-004338,2025-12-05,R6,T3,40.8,39.1,71.8,91.9,1
TRA096-004339,2025-12-05,R3,T1,124.4,108.3,148.8,188.1,1
TRA096-004340,2025-12-05,R6,T2,67.6,147.3,122.9,122.7,1
TRA096-004341,2025-12-06,R2,T3,35.3,114.4,75.1,85.6,1
TRA096-004342,2025-12-06,R3,T1,55.0,78.0,90.7,108.2,1
TRA096-004343,2025-12-06,R3,T2,7.6,61.0,37.6,53.7,1
TRA096-004344,2025-12-06,R3,T3,87.2,88.1,162.3,145.3,1
TRA096-004345,2025-12-06,R3,T1,134.5,32.8,154.3,199.7,1
TRA096-004346,2025-12-06,R2,T2,84.5,82.1,146.3,142.2,1
TRA096-004347,2025-12-06,R1,T3,19.9,147.1,63.5,67.9,1
TRA096-004348,2025-12-07,R1,T1,81.8,12.1,71.3,139.1,1
TRA096-004349,2025-12-07,R3,T2,6.9,123.1,21.3,52.9,1
TRA096-004350,2025-12-07,R4,T3,4.9,65.0,20.1,50.6,1
TRA096-004351,2025-12-07,R3,T1,42.9,113.4,60.8,94.3,1
TRA096-004352,2025-12-07,R1,T2,30.8,76.5,58.7,80.4,1
TRA096-004353,2025-12-07,R4,T3,16.9,69.5,39.5,64.4,1
TRA096-004354,2025-12-08,R3,T1,113.3,91.3,133.8,175.3,1
TRA096-004355,2025-12-08,R3,T2,36.4,130.1,48.0,86.9,1
TRA096-004356,2025-12-08,R5,T3,64.7,113.6,107.6,119.4,1
TRA096-004357,2025-12-08,R6,T1,20.2,32.6,39.4,68.2,1
TRA096-004358,2025-12-08,R6,T2,14.4,135.4,58.2,61.6,1
TRA096-004359,2025-12-08,R4,T3,66.4,124.3,103.0,121.4,1
TRA096-004360,2025-12-09,R3,T1,63.7,134.2,114.9,118.3,1
TRA096-004361,2025-12-09,R3,T2,21.4,43.1,51.6,69.6,1
TRA096-004362,2025-12-09,R5,T3,86.7,118.2,165.7,144.7,1
TRA096-004363,2025-12-09,R5,T1,49.3,138.6,92.7,101.7,1
TRA096-004364,2025-12-09,R1,T2,36.3,72.9,,86.7,0
TRA096-004365,2025-12-09,R3,T3,65.8,81.7,94.6,120.7,1
TRA096-004366,2025-12-10,R4,T1,96.1,105.4,127.3,155.5,1
TRA096-004367,2025-12-10,R3,T2,19.9,32.4,39.9,67.9,1
TRA096-004368,2025-12-10,R1,T3,133.1,147.4,210.4,198.1,1
TRA096-004369,2025-12-10,R3,T1,7.8,7.7,36.0,54.0,1
TRA096-004370,2025-12-10,R5,T2,112.0,15.7,158.2,173.8,1
TRA096-004371,2025-12-10,R5,T3,54.5,49.8,49.6,107.7,1
TRA096-004372,2025-12-11,R3,T1,83.6,21.2,113.5,141.1,1
TRA096-004373,2025-12-11,R1,T2,79.3,90.2,114.2,136.2,1
TRA096-004374,2025-12-11,R4,T3,118.2,34.6,186.0,180.9,1
TRA096-004375,2025-12-11,R3,T1,4.2,37.3,39.9,49.8,1
TRA096-004376,2025-12-11,R3,T2,37.6,138.1,62.8,88.2,1
TRA096-004377,2025-12-11,R2,T3,130.4,143.7,227.6,195.0,1
TRA096-004378,2025-12-12,R3,T1,89.4,23.8,122.1,147.8,1
TRA096-004379,2025-12-12,R6,T2,12.9,115.1,36.2,59.8,1
TRA096-004380,2025-12-12,R3,T3,98.3,22.7,137.6,158.0,1
TRA096-004381,2025-12-12,R3,T1,22.4,10.8,,70.8,0
TRA096-004382,2025-12-12,R6,T2,53.9,46.0,86.3,107.0,1
TRA096-004383,2025-12-12,R4,T3,24.0,145.6,61.6,72.6,1
TRA096-004384,2025-12-12,R6,T1,43.9,149.1,92.9,95.5,1
TRA096-004385,2025-12-13,R1,T2,98.1,92.0,127.1,157.8,1
TRA096-004386,2025-12-13,R5,T3,103.7,48.2,155.2,164.3,1
TRA096-004387,2025-12-13,R3,T1,6.2,91.9,47.8,52.1,1
TRA096-004388,2025-12-13,R4,T2,50.9,55.9,90.1,103.5,1
TRA096-004389,2025-12-13,R3,T3,11.1,108.2,47.1,57.8,1
TRA096-004390,2025-12-13,R4,T1,128.5,40.3,160.6,192.8,1
TRA096-004391,2025-12-14,R4,T2,117.9,34.4,141.3,180.6,1
TRA096-004392,2025-12-14,R2,T3,47.0,106.4,92.0,99.0,1
TRA096-004393,2025-12-14,R3,T1,141.3,10.8,173.6,207.5,1
TRA096-004394,2025-12-14,R1,T2,24.3,27.3,37.3,72.9,1
TRA096-004395,2025-12-14,R3,T3,30.5,125.9,58.6,80.1,1
TRA096-004396,2025-12-14,R5,T1,130.9,83.9,162.8,195.5,1
TRA096-004397,2025-12-15,R5,T2,36.0,102.6,62.3,86.4,1
TRA096-004398,2025-12-15,R3,T3,49.2,96.7,86.0,101.6,1
TRA096-004399,2025-12-15,R5,T1,97.8,37.1,124.2,157.5,1
TRA096-004400,2025-12-15,R3,T2,2.8,18.5,,48.2,1
TRA096-004401,2025-12-15,R6,T3,53.3,79.8,89.7,106.3,1
TRA096-004402,2025-12-15,R3,T1,118.7,24.4,136.2,181.5,1
TRA096-004403,2025-12-16,R1,T2,104.7,74.4,137.2,165.4,1
TRA096-004404,2025-12-16,R5,T3,51.5,76.4,94.8,104.2,1
TRA096-004405,2025-12-16,R2,T1,88.7,135.1,136.7,147.0,1
TRA096-004406,2025-12-16,R1,T2,75.8,67.2,101.0,132.2,1
TRA096-004407,2025-12-16,R1,T3,103.1,86.4,,163.6,0
TRA096-004408,2025-12-16,R3,T1,138.2,1.1,178.2,203.9,1
TRA096-004409,2025-12-17,R3,T2,26.0,141.2,77.8,74.9,1
TRA096-004410,2025-12-17,R6,T3,74.5,77.4,103.4,130.7,1
TRA096-004411,2025-12-17,R3,T1,12.0,67.3,17.4,58.8,1
TRA096-004412,2025-12-17,R1,T2,60.9,102.9,96.3,115.0,1
TRA096-004413,2025-12-17,R3,T3,77.2,90.9,141.3,133.8,1
TRA096-004414,2025-12-17,R4,T1,107.0,138.3,153.8,168.1,1
TRA096-004415,2025-12-18,R3,T2,95.9,44.3,110.9,155.3,1
TRA096-004416,2025-12-18,R1,T3,68.7,39.6,122.9,124.0,1
TRA096-004417,2025-12-18,R5,T1,127.0,40.8,160.6,191.0,1
TRA096-004418,2025-12-18,R5,T2,78.8,80.2,142.8,135.6,1
TRA096-004419,2025-12-18,R6,T3,100.8,58.3,152.4,160.9,1
TRA096-004420,2025-12-18,R3,T1,66.3,60.0,117.9,121.2,1
TRA096-004421,2025-12-19,R4,T2,96.6,82.6,139.3,156.1,1
TRA096-004422,2025-12-19,R1,T3,104.2,17.9,161.3,164.8,1
TRA096-004423,2025-12-19,R3,T1,87.0,21.8,95.4,145.1,1
TRA096-004424,2025-12-19,R3,T2,145.6,91.8,197.2,212.4,1
TRA096-004425,2025-12-19,R2,T3,38.8,44.6,61.3,89.6,1
TRA096-004426,2025-12-19,R3,T1,101.0,86.1,103.0,161.1,1
TRA096-004427,2025-12-19,R1,T2,26.3,43.9,57.4,75.2,1
TRA096-004428,2025-12-20,R2,T3,143.1,20.4,,209.6,0
TRA096-004429,2025-12-20,R4,T1,78.0,91.4,92.5,134.7,1
TRA096-004430,2025-12-20,R3,T2,131.8,91.4,168.4,196.6,1
TRA096-004431,2025-12-20,R6,T3,72.9,32.3,140.5,128.8,1
TRA096-004432,2025-12-20,R5,T1,113.9,7.7,,176.0,0
TRA096-004433,2025-12-20,R3,T2,54.1,57.8,70.8,107.2,1
TRA096-004434,2025-12-21,R3,T3,58.4,36.8,94.6,112.2,1
TRA096-004435,2025-12-21,R3,T1,38.7,72.6,59.5,89.5,1
TRA096-004436,2025-12-21,R4,T2,52.5,73.4,81.8,105.4,1
TRA096-004437,2025-12-21,R6,T3,64.7,20.2,99.2,119.4,1
TRA096-004438,2025-12-21,R3,T1,44.8,54.3,54.2,96.5,1
TRA096-004439,2025-12-21,R4,T2,10.0,79.8,48.0,56.5,1
TRA096-004440,2025-12-22,R4,T3,115.6,41.2,170.2,177.9,1
TRA096-004441,2025-12-22,R4,T1,130.2,49.6,,194.7,0
TRA096-004442,2025-12-22,R4,T2,34.6,39.7,83.4,84.8,1
TRA096-004443,2025-12-22,R1,T3,86.6,109.7,140.1,144.6,1
TRA096-004444,2025-12-22,R5,T1,26.8,128.4,51.2,75.8,1
TRA096-004445,2025-12-22,R4,T2,51.0,93.0,91.0,103.7,1
TRA096-004446,2025-12-23,R2,T3,128.3,78.4,198.3,192.5,1
TRA096-004447,2025-12-23,R2,T1,9.9,55.1,5,56.4,1
TRA096-004448,2025-12-23,R5,T2,19.2,140.5,52.1,67.1,1
TRA096-004449,2025-12-23,R6,T3,126.1,37.9,152.0,190.0,1
TRA096-004450,2025-12-23,R2,T1,132.4,30.1,167.9,197.3,1
TRA096-004451,2025-12-23,R6,T2,114.0,12.2,165.4,176.1,1
TRA096-004452,2025-12-24,R5,T3,135.0,48.9,202.9,200.2,1
TRA096-004453,2025-12-24,R6,T1,51.7,44.3,66.8,104.5,1
TRA096-004454,2025-12-24,R4,T2,10.7,51.8,16.6,57.3,1
TRA096-004455,2025-12-24,R3,T3,118.4,87.0,148.3,181.2,1
TRA096-004456,2025-12-24,R1,T1,75.8,50.4,144.2,132.2,1
TRA096-004457,2025-12-24,R5,T2,18.5,76.3,30.5,66.3,1
TRA096-004458,2025-12-25,R6,T3,17.2,147.1,57.2,64.8,1
TRA096-004459,2025-12-25,R1,T1,80.8,137.3,141.3,137.9,1
TRA096-004460,2025-12-25,R6,T2,49.0,134.3,97.3,101.3,1
TRA096-004461,2025-12-25,R6,T3,137.5,43.2,179.3,203.1,1
TRA096-004462,2025-12-25,R4,T1,74.9,85.4,91.5,131.1,1
TRA096-004463,2025-12-25,R3,T2,25.3,30.1,46.6,74.1,1
TRA096-004464,2025-12-25,R4,T3,6.2,51.4,,52.1,0
TRA096-004465,2025-12-26,R2,T1,27.5,90.3,59.5,76.6,1
TRA096-004466,2025-12-26,R5,T2,140.0,113.2,192.6,206.0,1
TRA096-004467,2025-12-26,R6,T3,15.7,90.1,61.8,63.1,1
TRA096-004468,2025-12-26,R1,T1,68.9,22.7,95.4,124.2,1
TRA096-004469,2025-12-26,R5,T2,117.1,89.2,161.2,179.7,1
TRA096-004470,2025-12-26,R4,T3,136.9,149.7,211.9,202.4,1
TRA096-004471,2025-12-27,R6,T1,70.6,60.8,97.3,126.2,1
TRA096-004472,2025-12-27,R6,T2,37.0,144.4,77.6,87.5,1
TRA096-004473,2025-12-27,R4,T3,46.9,14.2,,98.9,0
TRA096-004474,2025-12-27,R4,T1,145.2,73.2,201.7,212.0,1
TRA096-004475,2025-12-27,R3,T2,81.9,132.6,125.2,139.2,1
TRA096-004476,2025-12-27,R3,T3,81.1,91.8,123.6,138.3,1
TRA096-004477,2025-12-28,R6,T1,7.0,57.1,,53.0,0
TRA096-004478,2025-12-28,R4,T2,2.1,27.6,5,47.4,1
TRA096-004479,2025-12-28,R3,T3,95.3,48.7,150.1,154.6,1
TRA096-004480,2025-12-28,R5,T1,93.2,110.7,139.9,152.2,1
TRA096-004481,2025-12-28,R2,T2,58.7,66.5,95.3,112.5,1
TRA096-004482,2025-12-28,R6,T3,19.7,14.0,37.7,67.7,1
TRA096-004483,2025-12-29,R4,T1,129.0,60.0,,193.3,1
TRA096-004484,2025-12-29,R5,T2,53.5,16.4,81.9,106.5,1
TRA096-004485,2025-12-29,R6,T3,80.2,63.4,142.9,137.2,1
TRA096-004486,2025-12-29,R4,T1,20.6,29.3,67.5,68.7,1
TRA096-004487,2025-12-29,R4,T2,135.3,134.5,219.2,200.6,1
TRA096-004488,2025-12-29,R2,T3,83.3,20.2,86.4,140.8,1
TRA096-004489,2025-12-30,R4,T1,75.1,14.2,106.0,131.4,1
TRA096-004490,2025-12-30,R3,T2,102.6,110.5,158.2,163.0,1
TRA096-004491,2025-12-30,R5,T3,142.6,121.7,218.1,209.0,1
TRA096-004492,2025-12-30,R6,T1,143.2,109.3,186.2,209.7,1
TRA096-004493,2025-12-30,R2,T2,68.0,136.5,119.9,123.2,1
TRA096-004494,2025-12-30,R4,T3,60.9,22.0,,115.0,0
TRA096-004495,2025-12-31,R5,T1,100.6,30.1,120.1,160.7,1
TRA096-004496,2025-12-31,R1,T2,18.9,135.3,59.1,66.7,1
TRA096-004497,2025-12-31,R4,T3,115.2,102.6,186.0,177.5,1
TRA096-004498,2025-12-31,R5,T1,23.3,9.8,41.6,71.8,1
TRA096-004499,2025-12-31,R5,T2,108.9,75.1,150.2,170.2,1
TRA096-004500,2025-12-31,R5,T3,85.2,20.5,147.4,143.0,1
TRA096-000530,2024-03-26,R6,T2,99.9,145.9,154.5,144.9,1
TRA096-003858,2025-09-18,R4,T3,68.5,93.8,130.7,123.8,1
TRA096-000101,2024-01-17,R6,T2,130.7,86.0,167.2,180.3,1
TRA096-003758,2025-09-02,R3,T2,22.0,40.1,40.4,70.3,1
TRA096-002472,2025-02-05,R4,T3,99.9,81.6,137.5,159.9,1
TRA096-004288,2025-11-27,R4,T1,128.2,129.8,169.4,192.4,1
TRA096-001414,2024-08-17,R5,T1,10.2,124.5,64.1,41.7,1
TRA096-004474,2025-12-27,R4,T1,145.2,73.2,201.7,212.0,1
TRA096-001143,2024-07-04,R5,T3,62.5,97.6,119.8,101.9,1
TRA096-000491,2024-03-20,R4,T2,72.3,1.5,101.3,113.1,1
TRA096-004472,2025-12-27,R6,T2,37.0,144.4,77.6,87.5,1
TRA096-003068,2025-05-13,R2,T2,42.1,83.7,76.9,93.4,1
TRA096-003755,2025-09-01,R1,T2,128.3,37.9,,192.5,0
TRA096-003453,2025-07-14,R5,T3,35.7,9.7,85.0,86.1,1
TRA096-000022,2024-01-04,R1,T1,57.9,122.9,100.6,96.6,1
