registro_id,fecha,cliente,plan,zona,antiguedad_meses,consumo_gb,incidencias,baja_30d,motivo_baja
TEL078-000001,2024-01-01,C0001,esencial,norte,7,14.59,2,0,
TEL078-000002,2024-01-01,C0002,plus,norte,8,37.01,0,0,
TEL078-000003,2024-01-01,C0003,total,sur,31,53.06,2,0,
TEL078-000004,2024-01-01,C0004,esencial,norte,80,3.85,4,0,
TEL078-000005,2024-01-01,C0005,plus,sur,17,45.82,0,0,
TEL078-000006,2024-01-01,C0006,total,norte,2,57.09,0,0,
TEL078-000007,2024-01-01,C0007,esencial,centro,75,0,0,0,
TEL078-000008,2024-01-01,C0008,plus,norte,70,28.37,0,0,
TEL078-000009,2024-01-01,C0009,total,sur,43,52.75,0,0,
TEL078-000010,2024-01-01,C0010,esencial,sur,87,22.9,0,0,
TEL078-000011,2024-01-01,C0011,plus,norte,89,29.82,0,0,
TEL078-000012,2024-01-01,C0012,total,sur,12,52.24,0,1,mudanza
TEL078-000013,2024-01-01,C0013,esencial,norte,5,13.31,0,0,
TEL078-000014,2024-01-01,C0014,plus,centro,70,34.83,0,0,
TEL078-000015,2024-01-01,C0015,total,centro,90,49.9,0,0,
TEL078-000016,2024-01-01,C0016,esencial,sur,51,13.21,0,0,
TEL078-000017,2024-01-01,C0017,plus,sur,60,27.51,0,0,
TEL078-000018,2024-01-01,C0018,total,sur,14,43.34,3,0,
TEL078-000019,2024-01-01,C0019,esencial,norte,35,15.88,0,0,
TEL078-000020,2024-01-01,C0020,plus,sur,73,26.54,0,0,
TEL078-000021,2024-01-01,C0021,total,sur,13,41.88,0,0,
TEL078-000022,2024-01-01,C0022,esencial,centro,90,7.43,4,0,
TEL078-000023,2024-01-01,C0023,plus,centro,50,28.11,0,0,
TEL078-000024,2024-01-01,C0024,total,sur,89,40.77,0,0,
TEL078-000025,2024-01-01,C0025,esencial,centro,29,12.36,0,0,
TEL078-000026,2024-01-01,C0026,plus,sur,56,41.57,3,0,
TEL078-000027,2024-01-01,C0027,total,centro,13,36.39,0,0,
TEL078-000028,2024-01-01,C0028,esencial,norte,50,5.83,0,0,
TEL078-000029,2024-01-01,C0029,plus,centro,37,34.0,0,0,
TEL078-000030,2024-01-01,C0030,total,norte,42,44.64,1,0,
TEL078-000031,2024-01-01,C0031,esencial,centro,10,13.3,0,0,
TEL078-000032,2024-01-01,C0032,plus,norte,32,26.88,1,0,
TEL078-000033,2024-01-01,C0033,total,sur,89,35.92,0,1,precio
TEL078-000034,2024-01-01,C0034,esencial,norte,69,6.83,0,0,
TEL078-000035,2024-01-01,C0035,plus,sur,81,30.46,0,1,precio
TEL078-000036,2024-01-01,C0036,total,norte,51,53.1,0,0,
TEL078-000037,2024-01-01,C0037,esencial,norte,33,18.96,0,0,
TEL078-000038,2024-01-01,C0038,plus,centro,37,21.69,0,0,
TEL078-000039,2024-01-01,C0039,total,norte,81,39.36,0,0,
TEL078-000040,2024-01-01,C0040,esencial,norte,74,19.73,1,0,
TEL078-000041,2024-01-01,C0041,plus,norte,73,23.27,0,0,
TEL078-000042,2024-01-01,C0042,total,norte,22,42.35,0,0,
TEL078-000043,2024-01-01,C0043,esencial,centro,7,23.35,2,0,
TEL078-000044,2024-01-01,C0044,plus,centro,90,23.88,0,0,
TEL078-000045,2024-01-01,C0045,total,norte,52,48.1,0,0,
TEL078-000046,2024-01-01,C0046,esencial,norte,13,15.06,3,0,
TEL078-000047,2024-01-01,C0047,plus,centro,62,13.49,3,0,
TEL078-000048,2024-01-01,C0048,total,sur,62,46.18,0,0,
TEL078-000049,2024-01-01,C0049,esencial,centro,86,8.11,0,0,
TEL078-000050,2024-01-01,C0050,plus,norte,34,33.72,1,1,precio
TEL078-000051,2024-01-01,C0051,total,centro,69,44.77,0,0,
TEL078-000052,2024-01-01,C0052,esencial,norte,85,14.45,1,0,
TEL078-000053,2024-01-01,C0053,plus,centro,47,22.44,1,0,
TEL078-000054,2024-01-01,C0054,total,sur,48,41.4,1,0,
TEL078-000055,2024-01-01,C0055,esencial,norte,32,10.13,1,0,
TEL078-000056,2024-01-01,C0056,plus,centro,64,34.54,0,0,
TEL078-000057,2024-01-01,C0057,total,sur,34,60.33,0,0,
TEL078-000058,2024-01-01,C0058,esencial,centro,54,10.43,1,0,
TEL078-000059,2024-01-01,C0059,plus,centro,85,24.34,0,0,
TEL078-000060,2024-01-01,C0060,total,norte,57,59.13,0,0,
TEL078-000061,2024-01-01,C0061,esencial,centro,10,3.48,0,0,
TEL078-000062,2024-01-01,C0062,plus,centro,32,17.18,0,0,
TEL078-000063,2024-01-01,C0063,total,centro,3,59.88,3,0,
TEL078-000064,2024-01-01,C0064,esencial,centro,82,14.99,2,1,mudanza
TEL078-000065,2024-01-01,C0065,plus,centro,6,30.86,0,0,
TEL078-000066,2024-01-01,C0066,total,sur,42,52.28,2,0,
TEL078-000067,2024-01-01,C0067,esencial,sur,64,6.92,2,0,
TEL078-000068,2024-01-01,C0068,plus,norte,26,20.1,2,0,
TEL078-000069,2024-01-01,C0069,total,sur,48,46.94,0,0,
TEL078-000070,2024-01-01,C0070,esencial,centro,2,1.28,3,0,
TEL078-000071,2024-01-01,C0071,plus,centro,68,25.41,0,0,
TEL078-000072,2024-01-01,C0072,total,norte,27,50.51,1,0,
TEL078-000073,2024-01-01,C0073,esencial,sur,21,7.88,0,0,
TEL078-000074,2024-01-01,C0074,plus,centro,42,43.27,2,0,
TEL078-000075,2024-01-01,C0075,total,sur,52,55.24,1,0,
TEL078-000076,2024-01-01,C0076,esencial,centro,45,2.42,0,0,
TEL078-000077,2024-01-01,C0077,plus,sur,27,33.11,0,0,
TEL078-000078,2024-01-01,C0078,total,centro,69,26.68,0,0,
TEL078-000079,2024-01-01,C0079,esencial,sur,77,24.7,0,0,
TEL078-000080,2024-01-01,C0080,plus,sur,72,36.65,0,0,
TEL078-000081,2024-01-01,C0081,total,norte,19,46.16,2,0,
TEL078-000082,2024-01-01,C0082,esencial,centro,26,11.11,0,0,
TEL078-000083,2024-01-01,C0083,plus,centro,30,30.96,2,0,
TEL078-000084,2024-01-01,C0084,total,norte,18,,0,0,
TEL078-000085,2024-01-01,C0085,esencial,centro,37,8.41,1,0,
TEL078-000086,2024-01-01,C0086,plus,norte,65,40.31,0,0,
TEL078-000087,2024-01-01,C0087,total,centro,46,44.51,2,1,mudanza
TEL078-000088,2024-01-01,C0088,esencial,norte,10,5.75,0,0,
TEL078-000089,2024-01-01,C0089,plus,sur,31,29.33,2,0,
TEL078-000090,2024-01-01,C0090,total,sur,32,47.43,0,0,
TEL078-000091,2024-01-01,C0091,esencial,norte,52,13.78,3,1,servicio
TEL078-000092,2024-01-01,C0092,plus,sur,28,37.99,0,0,
TEL078-000093,2024-01-01,C0093,total,centro,53,54.87,0,0,
TEL078-000094,2024-01-01,C0094,esencial,norte,34,0,1,0,
TEL078-000095,2024-01-01,C0095,plus,norte,75,20.94,0,0,
TEL078-000096,2024-01-01,C0096,total,sur,67,55.32,0,0,
TEL078-000097,2024-01-01,C0097,esencial,norte,20,17.96,0,0,
TEL078-000098,2024-01-01,C0098, PLUS ,centro,20,30.51,0,0,
TEL078-000099,2024-01-01,C0099,total,sur,75,44.57,0,0,
TEL078-000100,2024-01-01,C0100,esencial,norte,4,16.7,0,0,
TEL078-000101,2024-01-01,C0101,plus,sur,19,26.58,1,0,
TEL078-000102,2024-01-01,C0102,total,centro,68,49.8,2,0,
TEL078-000103,2024-01-01,C0103,esencial,sur,40,15.09,0,0,
TEL078-000104,2024-01-01,C0104,plus,centro,10,22.23,0,0,
TEL078-000105,2024-01-01,C0105,total,norte,15,57.26,1,0,
TEL078-000106,2024-01-01,C0106,esencial,centro,53,20.12,1,0,
TEL078-000107,2024-01-01,C0107,plus,centro,5,30.69,1,0,
TEL078-000108,2024-01-01,C0108,total,centro,1,43.97,0,0,
TEL078-000109,2024-01-01,C0109,esencial,sur,65,3.61,0,1,mudanza
TEL078-000110,2024-01-01,C0110,plus,centro,83,32.27,3,1,mudanza
TEL078-000111,2024-01-01,C0111,total,norte,23,46.95,1,0,
TEL078-000112,2024-01-01,C0112,esencial,norte,22,25.25,1,0,
TEL078-000113,2024-01-01,C0113,plus,sur,31,15.47,1,0,
TEL078-000114,2024-01-01,C0114,total,norte,20,45.5,2,0,
TEL078-000115,2024-01-01,C0115,esencial,centro,22,3.09,0,0,
TEL078-000116,2024-01-01,C0116,plus,centro,12,33.58,0,0,
TEL078-000117,2024-01-01,C0117,total,sur,60,47.02,2,1,mudanza
TEL078-000118,2024-01-01,C0118,esencial,norte,14,12.66,1,0,
TEL078-000119,2024-01-01,C0119,plus,sur,46,31.6,0,0,
TEL078-000120,2024-01-01,C0120,total,norte,84,46.38,0,0,
TEL078-000121,2024-02-01,C0001,esencial,norte,8,2.82,0,0,
TEL078-000122,2024-02-01,C0002,plus,norte,9,32.39,0,0,
TEL078-000123,2024-02-01,C0003,total,sur,32,47.49,0,0,
TEL078-000124,2024-02-01,C0004,esencial,norte,81,0,1,1,mudanza
TEL078-000125,2024-02-01,C0005,plus,sur,18,39.18,0,0,
TEL078-000126,2024-02-01,C0006,total,norte,3,56.83,0,0,
TEL078-000127,2024-02-01,C0007,esencial,centro,76,10.15,1,0,
TEL078-000128,2024-02-01,C0008,plus,norte,71,34.02,0,0,
TEL078-000129,2024-02-01,C0009,total,sur,44,55.6,2,0,
TEL078-000130,2024-02-01,C0010,esencial,sur,88,12.59,4,1,precio
TEL078-000131,2024-02-01,C0011,plus,norte,90,28.69,0,0,
TEL078-000132,2024-02-01,C0012,total,sur,13,41.23,2,0,
TEL078-000133,2024-02-01,C0013,esencial,norte,6,2.69,0,0,
TEL078-000134,2024-02-01,C0014,plus,centro,71,28.96,0,0,
TEL078-000135,2024-02-01,C0015,total,centro,91,53.98,1,0,
TEL078-000136,2024-02-01,C0016,esencial,sur,52,9.9,0,0,
TEL078-000137,2024-02-01,C0017,plus,sur,61,40.95,0,0,
TEL078-000138,2024-02-01,C0018,total,sur,15,35.79,0,0,
TEL078-000139,2024-02-01,C0019,esencial,norte,36,16.18,0,0,
TEL078-000140,2024-02-01,C0020,plus,sur,74,36.56,0,0,
TEL078-000141,2024-02-01,C0021,total,sur,14,48.5,1,0,
TEL078-000142,2024-02-01,C0022,esencial,centro,91,15.88,0,0,
TEL078-000143,2024-02-01,C0023,plus,centro,51,34.57,1,0,
TEL078-000144,2024-02-01,C0024,total,sur,90,47.83,1,0,
TEL078-000145,2024-02-01,C0025,esencial,centro,30,15.34,0,0,
TEL078-000146,2024-02-01,C0026,plus,sur,57,36.0,1,0,
TEL078-000147,2024-02-01,C0027,total,centro,14,51.16,0,0,
TEL078-000148,2024-02-01,C0028,esencial,norte,51,12.3,1,0,
TEL078-000149,2024-02-01,C0029,plus,centro,38,30.53,0,0,
TEL078-000150,2024-02-01,C0030,total,norte,43,42.27,1,0,
TEL078-000151,2024-02-01,C0031,esencial,centro,11,11.68,3,0,
TEL078-000152,2024-02-01,C0032,plus,norte,33,29.66,0,0,
TEL078-000153,2024-02-01,C0033,total,sur,90,39.74,0,0,
TEL078-000154,2024-02-01,C0034,esencial,norte,70,9.06,0,0,
TEL078-000155,2024-02-01,C0035,plus,sur,82,29.16,0,0,
TEL078-000156,2024-02-01,C0036,total,norte,52,48.62,0,0,
TEL078-000157,2024-02-01,C0037,esencial,norte,34,0.64,0,0,
TEL078-000158,2024-02-01,C0038,plus,centro,38,29.43,1,1,precio
TEL078-000159,2024-02-01,C0039,total,norte,82,53.29,1,0,
TEL078-000160,2024-02-01,C0040,esencial,norte,75,11.65,4,0,
TEL078-000161,2024-02-01,C0041,plus,norte,74,25.55,0,0,
TEL078-000162,2024-02-01,C0042,total,norte,23,44.11,0,0,
TEL078-000163,2024-02-01,C0043,esencial,centro,8,9.44,1,0,
TEL078-000164,2024-02-01,C0044,plus,centro,91,36.47,0,0,
TEL078-000165,2024-02-01,C0045,total,norte,53,41.5,3,0,
TEL078-000166,2024-02-01,C0046,esencial,norte,14,1.72,0,0,
TEL078-000167,2024-02-01,C0047,plus,centro,63,,0,0,
TEL078-000168,2024-02-01,C0048,total,sur,63,51.62,0,0,
TEL078-000169,2024-02-01,C0049,esencial,centro,87,7.46,2,0,
TEL078-000170,2024-02-01,C0050,plus,norte,35,14.49,0,0,
TEL078-000171,2024-02-01,C0051,total,centro,70,55.72,1,0,
TEL078-000172,2024-02-01,C0052,esencial,norte,86,7.57,2,0,
TEL078-000173,2024-02-01,C0053,plus,centro,48,13.38,0,0,
TEL078-000174,2024-02-01,C0054,total,sur,49,46.55,0,0,
TEL078-000175,2024-02-01,C0055,esencial,norte,33,20.61,0,0,
TEL078-000176,2024-02-01,C0056,plus,centro,65,48.54,0,0,
TEL078-000177,2024-02-01,C0057,total,sur,35,60.75,0,0,
TEL078-000178,2024-02-01,C0058,esencial,centro,55,16.14,4,0,
TEL078-000179,2024-02-01,C0059,plus,centro,86,16.87,1,0,
TEL078-000180,2024-02-01,C0060,total,norte,58,46.79,1,0,
TEL078-000181,2024-02-01,C0061,esencial,centro,11,13.69,1,0,
TEL078-000182,2024-02-01,C0062,plus,centro,33,42.83,1,1,servicio
TEL078-000183,2024-02-01,C0063,total,centro,4,53.93,0,0,
TEL078-000184,2024-02-01,C0064,esencial,centro,83,7.16,0,0,
TEL078-000185,2024-02-01,C0065,plus,centro,7,18.42,0,0,
TEL078-000186,2024-02-01,C0066,total,sur,43,55.1,0,0,
TEL078-000187,2024-02-01,C0067,esencial,sur,65,17.88,2,0,
TEL078-000188,2024-02-01,C0068,plus,norte,27,19.15,0,0,
TEL078-000189,2024-02-01,C0069,total,sur,49,29.67,0,0,
TEL078-000190,2024-02-01,C0070,esencial,centro,3,8.58,0,0,
TEL078-000191,2024-02-01,C0071,plus,centro,69,39.67,0,0,
TEL078-000192,2024-02-01,C0072,total,norte,28,35.68,1,0,
TEL078-000193,2024-02-01,C0073,esencial,sur,22,10.01,4,0,
TEL078-000194,2024-02-01,C0074,plus,centro,43,26.34,0,0,
TEL078-000195,2024-02-01,C0075, TOTAL ,sur,53,43.14,2,0,
TEL078-000196,2024-02-01,C0076,esencial,centro,46,16.46,0,0,
TEL078-000197,2024-02-01,C0077,plus,sur,28,34.21,1,0,
TEL078-000198,2024-02-01,C0078,total,centro,70,45.99,0,0,
TEL078-000199,2024-02-01,C0079,esencial,sur,78,17.06,0,0,
TEL078-000200,2024-02-01,C0080,plus,sur,73,25.34,1,0,
TEL078-000201,2024-02-01,C0081,total,norte,20,44.05,0,0,
TEL078-000202,2024-02-01,C0082,esencial,centro,27,28.42,1,0,
TEL078-000203,2024-02-01,C0083,plus,centro,31,20.25,0,0,
TEL078-000204,2024-02-01,C0084,total,norte,19,46.7,0,0,
TEL078-000205,2024-02-01,C0085,esencial,centro,38,8.49,1,0,
TEL078-000206,2024-02-01,C0086,plus,norte,66,27.54,0,0,
TEL078-000207,2024-02-01,C0087,total,centro,47,36.69,1,0,
TEL078-000208,2024-02-01,C0088,esencial,norte,11,12.78,2,1,servicio
TEL078-000209,2024-02-01,C0089,plus,sur,32,27.96,0,0,
TEL078-000210,2024-02-01,C0090,total,sur,33,64.22,0,0,
TEL078-000211,2024-02-01,C0091,esencial,norte,53,17.71,0,0,
TEL078-000212,2024-02-01,C0092,plus,sur,29,"29,94",2,0,
TEL078-000213,2024-02-01,C0093,total,centro,54,49.27,0,0,
TEL078-000214,2024-02-01,C0094,esencial,norte,35,18.1,0,1,mudanza
TEL078-000215,2024-02-01,C0095,plus,norte,76,30.56,0,0,
TEL078-000216,2024-02-01,C0096,total,sur,68,33.49,0,0,
TEL078-000217,2024-02-01,C0097,esencial,norte,21,7.52,1,0,
TEL078-000218,2024-02-01,C0098,plus,centro,21,22.63,0,0,
TEL078-000219,2024-02-01,C0099,total,sur,76,58.66,1,0,
TEL078-000220,2024-02-01,C0100,esencial,norte,5,12.34,0,0,
TEL078-000221,2024-02-01,C0101,plus,sur,20,21.61,0,0,
TEL078-000222,2024-02-01,C0102,total,centro,69,40.64,0,0,
TEL078-000223,2024-02-01,C0103,esencial,sur,41,15.36,2,0,
TEL078-000224,2024-02-01,C0104,plus,centro,11,19.7,0,0,
TEL078-000225,2024-02-01,C0105,total,norte,16,52.07,1,0,
TEL078-000226,2024-02-01,C0106,esencial,centro,54,5.25,0,0,
TEL078-000227,2024-02-01,C0107,plus,centro,6,33.91,2,0,
TEL078-000228,2024-02-01,C0108,total,centro,2,55.89,0,0,
TEL078-000229,2024-02-01,C0109,esencial,sur,66,23.49,0,0,
TEL078-000230,2024-02-01,C0110,plus,centro,84,36.88,2,0,
TEL078-000231,2024-02-01,C0111,total,norte,24,37.82,1,0,
TEL078-000232,2024-02-01,C0112,esencial,norte,23,3.8,3,0,
TEL078-000233,2024-02-01,C0113,plus,sur,32,34.58,0,0,
TEL078-000234,2024-02-01,C0114,total,norte,21,53.22,1,0,
TEL078-000235,2024-02-01,C0115,esencial,centro,23,5.55,1,0,
TEL078-000236,2024-02-01,C0116,plus,centro,13,29.12,4,0,
TEL078-000237,2024-02-01,C0117,total,sur,61,62.41,0,1,servicio
TEL078-000238,2024-02-01,C0118,esencial,norte,15,20.03,2,0,
TEL078-000239,2024-02-01,C0119,plus,sur,47,26.81,0,0,
TEL078-000240,2024-02-01,C0120,total,norte,85,40.72,2,0,
TEL078-000241,2024-03-03,C0001,esencial,norte,9,13.67,2,0,
TEL078-000242,2024-03-03,C0002,plus,norte,10,32.66,1,0,
TEL078-000243,2024-03-03,C0003,total,sur,33,55.13,0,0,
TEL078-000244,2024-03-03,C0004,esencial,norte,82,8.24,2,0,
TEL078-000245,2024-03-03,C0005,plus,sur,19,19.35,0,0,
TEL078-000246,2024-03-03,C0006,total,norte,4,40.16,0,0,
TEL078-000247,2024-03-03,C0007,esencial,centro,77,15.57,0,0,
TEL078-000248,2024-03-03,C0008,plus,norte,72,33.53,0,0,
TEL078-000249,2024-03-03,C0009,total,sur,45,39.5,0,0,
TEL078-000250,2024-03-03,C0010,esencial,sur,89,,1,0,
TEL078-000251,2024-03-03,C0011,plus,norte,91,11.07,2,0,
TEL078-000252,2024-03-03,C0012,total,sur,14,56.9,1,0,
TEL078-000253,2024-03-03,C0013,esencial,norte,7,24.33,0,0,
TEL078-000254,2024-03-03,C0014,plus,centro,72,22.37,0,0,
TEL078-000255,2024-03-03,C0015,total,centro,92,55.63,0,0,
TEL078-000256,2024-03-03,C0016,esencial,sur,53,10.97,3,1,precio
TEL078-000257,2024-03-03,C0017,plus,sur,62,39.18,2,0,
TEL078-000258,2024-03-03,C0018,total,sur,16,44.35,0,0,
TEL078-000259,2024-03-03,C0019,esencial,norte,37,22.87,1,0,
TEL078-000260,2024-03-03,C0020,plus,sur,75,21.11,4,0,
TEL078-000261,2024-03-03,C0021,total,sur,15,43.55,0,0,
TEL078-000262,2024-03-03,C0022,esencial,centro,92,10.53,2,0,
TEL078-000263,2024-03-03,C0023,plus,centro,52,31.28,0,0,
TEL078-000264,2024-03-03,C0024,total,sur,91,50.25,0,0,
TEL078-000265,2024-03-03,C0025,esencial,centro,31,11.9,0,0,
TEL078-000266,2024-03-03,C0026,plus,sur,58,25.91,4,0,
TEL078-000267,2024-03-03,C0027,total,centro,15,45.17,1,0,
TEL078-000268,2024-03-03,C0028,esencial,norte,52,21.43,4,0,
TEL078-000269,2024-03-03,C0029,plus,centro,39,34.83,1,0,
TEL078-000270,2024-03-03,C0030,total,norte,44,49.01,4,0,
TEL078-000271,2024-03-03,C0031,esencial,centro,12,13.72,1,0,
TEL078-000272,2024-03-03,C0032,plus,norte,34,35.53,0,0,
TEL078-000273,2024-03-03,C0033,total,sur,91,48.61,2,0,
TEL078-000274,2024-03-03,C0034,esencial,norte,71,8.63,0,0,
TEL078-000275,2024-03-03,C0035,plus,sur,83,29.89,0,0,
TEL078-000276,2024-03-03,C0036,total,norte,53,52.74,0,0,
TEL078-000277,2024-03-03,C0037,esencial,norte,35,21.31,1,0,
TEL078-000278,2024-03-03,C0038,plus,centro,39,21.29,0,0,
TEL078-000279,2024-03-03,C0039,total,norte,83,51.91,1,0,
TEL078-000280,2024-03-03,C0040,esencial,norte,76,14.39,0,0,
TEL078-000281,2024-03-03,C0041,plus,norte,75,30.96,0,0,
TEL078-000282,2024-03-03,C0042,total,norte,24,50.86,0,0,
TEL078-000283,2024-03-03,C0043,esencial,centro,9,11.04,2,0,
TEL078-000284,2024-03-03,C0044,plus,centro,92,45.69,0,0,
TEL078-000285,2024-03-03,C0045,total,norte,54,35.64,1,0,
TEL078-000286,2024-03-03,C0046,esencial,norte,15,5.58,0,0,
TEL078-000287,2024-03-03,C0047,plus,centro,64,32.36,0,0,
TEL078-000288,2024-03-03,C0048,total,sur,64,43.74,0,0,
TEL078-000289,2024-03-03,C0049,esencial,centro,88,12.79,1,0,
TEL078-000290,2024-03-03,C0050,plus,norte,36,42.2,0,0,
TEL078-000291,2024-03-03,C0051,total,centro,71,37.53,2,0,
TEL078-000292,2024-03-03,C0052, ESENCIAL ,norte,87,25.17,3,0,
TEL078-000293,2024-03-03,C0053,plus,centro,49,40.75,0,0,
TEL078-000294,2024-03-03,C0054,total,sur,50,52.08,1,0,
TEL078-000295,2024-03-03,C0055,esencial,norte,34,28.31,0,0,
TEL078-000296,2024-03-03,C0056,plus,centro,66,39.12,0,0,
TEL078-000297,2024-03-03,C0057,total,sur,36,48.22,0,0,
TEL078-000298,2024-03-03,C0058,esencial,centro,56,16.67,0,0,
TEL078-000299,2024-03-03,C0059,plus,centro,87,27.79,0,0,
TEL078-000300,2024-03-03,C0060,total,norte,59,28.25,4,0,
TEL078-000301,2024-03-03,C0061,esencial,centro,12,26.98,0,0,
TEL078-000302,2024-03-03,C0062,plus,centro,34,20.99,1,0,
TEL078-000303,2024-03-03,C0063,total,centro,5,43.13,1,0,
TEL078-000304,2024-03-03,C0064,esencial,centro,84,28.84,0,0,
TEL078-000305,2024-03-03,C0065,plus,centro,8,24.77,2,0,
TEL078-000306,2024-03-03,C0066,total,sur,44,46.63,0,0,
TEL078-000307,2024-03-03,C0067,esencial,sur,66,17.29,1,0,
TEL078-000308,2024-03-03,C0068,plus,norte,28,38.02,0,0,
TEL078-000309,2024-03-03,C0069,total,sur,50,52.11,0,0,
TEL078-000310,2024-03-03,C0070,esencial,centro,4,3.43,1,0,
TEL078-000311,2024-03-03,C0071,plus,centro,70,34.38,0,0,
TEL078-000312,2024-03-03,C0072,total,norte,29,57.71,2,0,
TEL078-000313,2024-03-03,C0073,esencial,sur,23,14.79,2,1,precio
TEL078-000314,2024-03-03,C0074,plus,centro,44,39.26,1,0,
TEL078-000315,2024-03-03,C0075,total,sur,54,43.02,0,0,
TEL078-000316,2024-03-03,C0076,esencial,centro,47,6.44,1,0,
TEL078-000317,2024-03-03,C0077,plus,sur,29,22.92,0,0,
TEL078-000318,2024-03-03,C0078,total,centro,71,43.44,0,0,
TEL078-000319,2024-03-03,C0079,esencial,sur,79,27.77,0,0,
TEL078-000320,2024-03-03,C0080,plus,sur,74,31.71,0,0,
TEL078-000321,2024-03-03,C0081,total,norte,21,59.23,2,0,
TEL078-000322,2024-03-03,C0082,esencial,centro,28,10.88,2,0,
TEL078-000323,2024-03-03,C0083,plus,centro,32,37.84,0,0,
TEL078-000324,2024-03-03,C0084,total,norte,20,49.99,0,0,
TEL078-000325,2024-03-03,C0085,esencial,centro,39,0,4,0,
TEL078-000326,2024-03-03,C0086,plus,norte,67,27.16,0,0,
TEL078-000327,2024-03-03,C0087,total,centro,48,56.55,2,0,
TEL078-000328,2024-03-03,C0088,esencial,norte,12,7.29,0,0,
TEL078-000329,2024-03-03,C0089,plus,sur,33,33.52,3,0,
TEL078-000330,2024-03-03,C0090,total,sur,34,44.68,0,1,servicio
TEL078-000331,2024-03-03,C0091,esencial,norte,54,8.75,1,1,precio
TEL078-000332,2024-03-03,C0092,plus,sur,30,26.74,0,0,
TEL078-000333,2024-03-03,C0093,total,centro,55,,0,0,
TEL078-000334,2024-03-03,C0094,esencial,norte,36,9.08,0,0,
TEL078-000335,2024-03-03,C0095,plus,norte,77,34.48,0,1,mudanza
TEL078-000336,2024-03-03,C0096,total,sur,69,42.63,0,0,
TEL078-000337,2024-03-03,C0097,esencial,norte,22,23.71,0,0,
TEL078-000338,2024-03-03,C0098,plus,centro,22,25.95,1,0,
TEL078-000339,2024-03-03,C0099,total,sur,77,38.63,1,0,
TEL078-000340,2024-03-03,C0100,esencial,norte,6,13.56,0,0,
TEL078-000341,2024-03-03,C0101,plus,sur,21,30.53,0,0,
TEL078-000342,2024-03-03,C0102,total,centro,70,58.14,0,0,
TEL078-000343,2024-03-03,C0103,esencial,sur,42,11.94,0,0,
TEL078-000344,2024-03-03,C0104,plus,centro,12,22.98,0,0,
TEL078-000345,2024-03-03,C0105,total,norte,17,46.56,0,0,
TEL078-000346,2024-03-03,C0106,esencial,centro,55,0,0,0,
TEL078-000347,2024-03-03,C0107,plus,centro,7,26.64,1,0,
TEL078-000348,2024-03-03,C0108,total,centro,3,51.14,3,0,
TEL078-000349,2024-03-03,C0109,esencial,sur,67,18.66,0,0,
TEL078-000350,2024-03-03,C0110,plus,centro,85,27.98,0,0,
TEL078-000351,2024-03-03,C0111,total,norte,25,39.17,0,0,
TEL078-000352,2024-03-03,C0112,esencial,norte,24,8.41,1,1,mudanza
TEL078-000353,2024-03-03,C0113,plus,sur,33,39.34,0,0,
TEL078-000354,2024-03-03,C0114,total,norte,22,48.59,0,0,
TEL078-000355,2024-03-03,C0115,esencial,centro,24,12.09,2,0,
TEL078-000356,2024-03-03,C0116,plus,centro,14,25.4,0,1,mudanza
TEL078-000357,2024-03-03,C0117,total,sur,62,51.55,0,0,
TEL078-000358,2024-03-03,C0118,esencial,norte,16,4.27,2,0,
TEL078-000359,2024-03-03,C0119,plus,sur,48,27.56,0,0,
TEL078-000360,2024-03-03,C0120,total,norte,86,55.04,1,1,servicio
TEL078-000361,2024-04-03,C0001,esencial,norte,10,16.3,3,0,
TEL078-000362,2024-04-03,C0002,plus,norte,11,35.17,0,0,
TEL078-000363,2024-04-03,C0003,total,sur,34,35.11,0,0,
TEL078-000364,2024-04-03,C0004,esencial,norte,83,35.18,0,0,
TEL078-000365,2024-04-03,C0005,plus,sur,20,24.76,1,0,
TEL078-000366,2024-04-03,C0006,total,norte,5,44.81,0,0,
TEL078-000367,2024-04-03,C0007,esencial,centro,78,11.37,0,0,
TEL078-000368,2024-04-03,C0008,plus,norte,73,32.59,2,0,
TEL078-000369,2024-04-03,C0009,total,sur,46,51.17,1,0,
TEL078-000370,2024-04-03,C0010,esencial,sur,90,7.67,3,0,
TEL078-000371,2024-04-03,C0011,plus,norte,92,34.38,3,0,
TEL078-000372,2024-04-03,C0012,total,sur,15,44.94,0,0,
TEL078-000373,2024-04-03,C0013,esencial,norte,8,24.55,0,1,precio
TEL078-000374,2024-04-03,C0014,plus,centro,73,30.18,0,0,
TEL078-000375,2024-04-03,C0015,total,centro,93,50.28,0,0,
TEL078-000376,2024-04-03,C0016,esencial,sur,54,9.23,0,0,
TEL078-000377,2024-04-03,C0017,plus,sur,63,23.32,3,0,
TEL078-000378,2024-04-03,C0018,total,sur,17,45.56,3,0,
TEL078-000379,2024-04-03,C0019,esencial,norte,38,0,3,0,
TEL078-000380,2024-04-03,C0020,plus,sur,76,33.3,2,0,
TEL078-000381,2024-04-03,C0021,total,sur,16,63.14,0,0,
TEL078-000382,2024-04-03,C0022,esencial,centro,93,8.29,0,0,
TEL078-000383,2024-04-03,C0023,plus,centro,53,25.79,2,0,
TEL078-000384,2024-04-03,C0024,total,sur,92,46.8,1,0,
TEL078-000385,2024-04-03,C0025,esencial,centro,32,24.5,0,0,
TEL078-000386,2024-04-03,C0026,plus,sur,59,25.37,0,0,
TEL078-000387,2024-04-03,C0027,total,centro,16,46.68,0,0,
TEL078-000388,2024-04-03,C0028,esencial,norte,53,21.92,1,0,
TEL078-000389,2024-04-03,C0029, PLUS ,centro,40,32.96,0,0,
TEL078-000390,2024-02-30,C0030,total,norte,45,40.66,1,0,
TEL078-000391,2024-04-03,C0031,esencial,centro,13,13.08,0,0,
TEL078-000392,2024-04-03,C0032,plus,norte,35,24.6,3,0,
TEL078-000393,2024-04-03,C0033,total,sur,92,54.35,1,0,
TEL078-000394,2024-04-03,C0034,esencial,norte,72,15.15,0,0,
TEL078-000395,2024-04-03,C0035,plus,sur,84,34.92,0,0,
TEL078-000396,2024-04-03,C0036,total,norte,54,53.24,0,0,
TEL078-000397,2024-04-03,C0037,esencial,norte,36,9.7,0,0,
TEL078-000398,2024-04-03,C0038,plus,centro,40,15.03,0,0,
TEL078-000399,2024-04-03,C0039,total,norte,84,58.86,2,0,
TEL078-000400,2024-04-03,C0040,esencial,norte,77,19.52,0,0,
TEL078-000401,2024-04-03,C0041,plus,norte,76,32.99,1,0,
TEL078-000402,2024-04-03,C0042,total,norte,25,37.65,0,0,
TEL078-000403,2024-04-03,C0043,esencial,centro,10,34.62,1,1,mudanza
TEL078-000404,2024-04-03,C0044,plus,centro,93,21.65,1,0,
TEL078-000405,2024-04-03,C0045,total,norte,55,47.63,0,0,
TEL078-000406,2024-04-03,C0046,esencial,norte,16,16.39,2,0,
TEL078-000407,2024-04-03,C0047,plus,centro,65,30.55,0,0,
TEL078-000408,2024-04-03,C0048,total,sur,65,41.25,3,1,mudanza
TEL078-000409,2024-04-03,C0049,esencial,centro,89,6.47,1,0,
TEL078-000410,2024-04-03,C0050,plus,norte,37,21.05,0,0,
TEL078-000411,2024-04-03,C0051,total,centro,72,63.4,0,0,
TEL078-000412,2024-04-03,C0052,esencial,norte,88,4.01,0,0,
TEL078-000413,2024-04-03,C0053,plus,centro,50,29.27,0,0,
TEL078-000414,2024-04-03,C0054,total,sur,51,46.39,0,0,
TEL078-000415,2024-04-03,C0055,esencial,norte,35,14.92,0,0,
TEL078-000416,2024-04-03,C0056,plus,centro,67,,0,0,
TEL078-000417,2024-04-03,C0057,total,sur,37,46.02,1,0,
TEL078-000418,2024-04-03,C0058,esencial,centro,57,9.42,1,0,
TEL078-000419,2024-04-03,C0059,plus,centro,88,34.65,0,0,
TEL078-000420,2024-04-03,C0060,total,norte,60,39.24,0,0,
TEL078-000421,2024-04-03,C0061,esencial,centro,13,0.22,0,0,
TEL078-000422,2024-04-03,C0062,plus,centro,35,30.09,0,0,
TEL078-000423,2024-04-03,C0063,total,centro,6,"40,89",2,1,servicio
TEL078-000424,2024-04-03,C0064,esencial,centro,85,13.61,0,0,
TEL078-000425,2024-04-03,C0065,plus,centro,9,22.0,1,0,
TEL078-000426,2024-04-03,C0066,total,sur,45,50.74,3,0,
TEL078-000427,2024-04-03,C0067,esencial,sur,67,13.96,0,0,
TEL078-000428,2024-04-03,C0068,plus,norte,29,32.47,0,0,
TEL078-000429,2024-04-03,C0069,total,sur,51,49.48,0,0,
TEL078-000430,2024-04-03,C0070,esencial,centro,5,15.18,0,0,
TEL078-000431,2024-04-03,C0071,plus,centro,71,35.92,0,0,
TEL078-000432,2024-04-03,C0072,total,norte,30,56.13,0,0,
TEL078-000433,2024-04-03,C0073,esencial,sur,24,18.3,0,0,
TEL078-000434,2024-04-03,C0074,plus,centro,45,27.36,1,0,
TEL078-000435,2024-04-03,C0075,total,sur,55,63.91,0,0,
TEL078-000436,2024-04-03,C0076,esencial,centro,48,20.62,1,1,precio
TEL078-000437,2024-04-03,C0077,plus,sur,30,38.48,2,0,
TEL078-000438,2024-04-03,C0078,total,centro,72,54.81,3,0,
TEL078-000439,2024-04-03,C0079,esencial,sur,80,12.52,1,0,
TEL078-000440,2024-04-03,C0080,plus,sur,75,27.63,0,0,
TEL078-000441,2024-04-03,C0081,total,norte,22,63.65,2,0,
TEL078-000442,2024-04-03,C0082,esencial,centro,29,11.47,4,0,
TEL078-000443,2024-04-03,C0083,plus,centro,33,24.25,0,0,
TEL078-000444,2024-04-03,C0084,total,norte,21,47.52,1,0,
TEL078-000445,2024-04-03,C0085,esencial,centro,40,13.8,0,0,
TEL078-000446,2024-04-03,C0086,plus,norte,68,38.28,0,0,
TEL078-000447,2024-04-03,C0087,total,centro,49,51.56,1,0,
TEL078-000448,2024-04-03,C0088,esencial,norte,13,20.11,0,0,
TEL078-000449,2024-04-03,C0089,plus,sur,34,12.49,1,0,
TEL078-000450,2024-04-03,C0090,total,sur,35,52.74,3,0,
TEL078-000451,2024-04-03,C0091,esencial,norte,55,7.68,2,0,
TEL078-000452,2024-04-03,C0092,plus,sur,31,18.82,0,0,
TEL078-000453,2024-04-03,C0093,total,centro,56,60.57,0,0,
TEL078-000454,2024-04-03,C0094,esencial,norte,37,0,0,0,
TEL078-000455,2024-04-03,C0095,plus,norte,78,12.87,0,0,
TEL078-000456,2024-04-03,C0096,total,sur,70,46.07,0,0,
TEL078-000457,2024-04-03,C0097,esencial,norte,23,16.25,0,0,
TEL078-000458,2024-04-03,C0098,plus,centro,23,40.91,4,1,precio
TEL078-000459,2024-04-03,C0099,total,sur,78,60.76,0,0,
TEL078-000460,2024-04-03,C0100,esencial,norte,7,1.44,4,0,
TEL078-000461,2024-04-03,C0101,plus,sur,22,29.69,0,0,
TEL078-000462,2024-04-03,C0102,total,centro,71,30.32,1,0,
TEL078-000463,2024-04-03,C0103,esencial,sur,43,15.85,3,0,
TEL078-000464,2024-04-03,C0104,plus,centro,13,39.23,2,1,precio
TEL078-000465,2024-04-03,C0105,total,norte,18,66.1,2,1,mudanza
TEL078-000466,2024-04-03,C0106,esencial,centro,56,21.62,0,0,
TEL078-000467,2024-04-03,C0107,plus,centro,8,35.63,2,0,
TEL078-000468,2024-04-03,C0108,total,centro,4,45.06,0,1,precio
TEL078-000469,2024-04-03,C0109,esencial,sur,68,14.45,0,0,
TEL078-000470,2024-04-03,C0110,plus,centro,86,41.03,0,0,
TEL078-000471,2024-04-03,C0111,total,norte,26,46.08,1,0,
TEL078-000472,2024-04-03,C0112,esencial,norte,25,8.5,3,0,
TEL078-000473,2024-04-03,C0113,plus,sur,34,39.6,2,0,
TEL078-000474,2024-04-03,C0114,total,norte,23,47.47,0,0,
TEL078-000475,2024-04-03,C0115,esencial,centro,25,25.6,0,0,
TEL078-000476,2024-04-03,C0116,plus,centro,15,34.9,0,0,
TEL078-000477,2024-04-03,C0117,total,sur,63,36.65,2,0,
TEL078-000478,2024-04-03,C0118,esencial,norte,17,17.75,3,0,
TEL078-000479,2024-04-03,C0119,plus,sur,49,47.59,0,0,
TEL078-000480,2024-04-03,C0120,total,norte,87,42.13,0,0,
TEL078-000481,2024-05-04,C0001,esencial,norte,11,18.17,0,0,
TEL078-000482,2024-05-04,C0002,plus,norte,12,23.15,0,0,
TEL078-000483,2024-05-04,C0003,total,sur,35,45.77,0,0,
TEL078-000484,2024-05-04,C0004,esencial,norte,84,20.55,2,0,
TEL078-000485,2024-05-04,C0005,plus,sur,21,43.41,2,0,
TEL078-000486,2024-05-04,C0006, TOTAL ,norte,6,57.76,0,0,
TEL078-000487,2024-05-04,C0007,esencial,centro,79,15.4,1,0,
TEL078-000488,2024-05-04,C0008,plus,norte,74,34.96,0,0,
TEL078-000489,2024-05-04,C0009,total,sur,47,37.21,0,0,
TEL078-000490,2024-05-04,C0010,esencial,sur,91,11.65,0,0,
TEL078-000491,2024-05-04,C0011,plus,norte,93,18.11,0,0,
TEL078-000492,2024-05-04,C0012,total,sur,16,49.65,0,0,
TEL078-000493,2024-05-04,C0013,esencial,norte,9,0.61,1,0,
TEL078-000494,2024-05-04,C0014,plus,centro,74,20.01,1,0,
TEL078-000495,2024-05-04,C0015,total,centro,94,45.37,2,0,
TEL078-000496,2024-05-04,C0016,esencial,sur,55,11.99,2,0,
TEL078-000497,2024-05-04,C0017,plus,sur,64,38.94,1,0,
TEL078-000498,2024-05-04,C0018,total,sur,18,55.71,0,0,
TEL078-000499,2024-05-04,C0019,esencial,norte,39,,0,0,
TEL078-000500,2024-05-04,C0020,plus,sur,77,13.13,1,1,servicio
TEL078-000501,2024-05-04,C0021,total,sur,17,44.54,0,0,
TEL078-000502,2024-05-04,C0022,esencial,centro,94,0.97,2,0,
TEL078-000503,2024-05-04,C0023,plus,centro,54,29.75,0,0,
TEL078-000504,2024-05-04,C0024,total,sur,93,42.86,1,0,
TEL078-000505,2024-05-04,C0025,esencial,centro,33,4.0,0,0,
TEL078-000506,2024-05-04,C0026,plus,sur,60,11.25,2,0,
TEL078-000507,2024-05-04,C0027,total,centro,17,61.92,0,0,
TEL078-000508,2024-05-04,C0028,esencial,norte,54,2.69,0,0,
TEL078-000509,2024-05-04,C0029,plus,centro,41,37.45,1,0,
TEL078-000510,2024-05-04,C0030,total,norte,46,56.15,0,0,
TEL078-000511,2024-05-04,C0031,esencial,centro,14,13.57,0,0,
TEL078-000512,2024-05-04,C0032,plus,norte,36,33.73,0,0,
TEL078-000513,2024-05-04,C0033,total,sur,93,52.01,2,0,
TEL078-000514,2024-05-04,C0034,esencial,norte,73,16.12,0,0,
TEL078-000515,2024-05-04,C0035,plus,sur,85,23.64,0,0,
TEL078-000516,2024-05-04,C0036,total,norte,55,53.35,0,0,
TEL078-000517,2024-05-04,C0037,esencial,norte,37,11.56,0,0,
TEL078-000518,2024-05-04,C0038,plus,centro,41,30.8,2,0,
TEL078-000519,2024-05-04,C0039,total,norte,85,43.82,1,0,
TEL078-000520,2024-05-04,C0040,esencial,norte,78,9.61,0,0,
TEL078-000521,2024-05-04,C0041,plus,norte,77,49.72,1,0,
TEL078-000522,2024-05-04,C0042,total,norte,26,35.57,0,0,
TEL078-000523,2024-05-04,C0043,esencial,centro,11,4.16,0,0,
TEL078-000524,2024-05-04,C0044,plus,centro,94,21.48,1,0,
TEL078-000525,2024-05-04,C0045,total,norte,56,58.65,2,1,precio
TEL078-000526,2024-05-04,C0046,esencial,norte,17,0,3,0,
TEL078-000527,2024-05-04,C0047,plus,centro,66,32.46,1,0,
TEL078-000528,2024-05-04,C0048,total,sur,66,37.23,0,0,
TEL078-000529,2024-05-04,C0049,esencial,centro,90,15.9,0,0,
TEL078-000530,2024-05-04,C0050,plus,norte,38,35.15,0,0,
TEL078-000531,2024-05-04,C0051,total,centro,73,53.34,0,0,
TEL078-000532,2024-05-04,C0052,esencial,norte,89,6.66,3,0,
TEL078-000533,2024-05-04,C0053,plus,centro,51,33.35,0,0,
TEL078-000534,2024-05-04,C0054,total,sur,52,45.84,1,0,
TEL078-000535,2024-05-04,C0055,esencial,norte,36,11.07,0,0,
TEL078-000536,2024-05-04,C0056,plus,centro,68,21.33,0,0,
TEL078-000537,2024-05-04,C0057,total,sur,38,27.59,1,0,
TEL078-000538,2024-05-04,C0058,esencial,centro,58,15.74,4,1,servicio
TEL078-000539,2024-05-04,C0059,plus,centro,89,30.46,2,0,
TEL078-000540,2024-05-04,C0060,total,norte,61,44.28,0,0,
TEL078-000541,2024-05-04,C0061,esencial,centro,14,20.83,1,0,
TEL078-000542,2024-05-04,C0062,plus,centro,36,25.58,0,0,
TEL078-000543,2024-05-04,C0063,total,centro,7,50.37,0,0,
TEL078-000544,2024-05-04,C0064,esencial,centro,86,14.37,1,0,
TEL078-000545,2024-05-04,C0065,plus,centro,10,19.63,2,0,
TEL078-000546,2024-05-04,C0066,total,sur,46,34.82,0,0,
TEL078-000547,2024-05-04,C0067,esencial,sur,68,14.21,1,0,
TEL078-000548,2024-05-04,C0068,plus,norte,30,39.04,2,0,
TEL078-000549,2024-05-04,C0069,total,sur,52,43.8,1,0,
TEL078-000550,2024-05-04,C0070,esencial,centro,6,0,0,0,
TEL078-000551,2024-05-04,C0071,plus,centro,72,32.96,0,0,
TEL078-000552,2024-05-04,C0072,total,norte,31,55.5,1,0,
TEL078-000553,2024-05-04,C0073,esencial,sur,25,8.65,0,0,
TEL078-000554,2024-05-04,C0074,plus,centro,46,31.25,2,0,
TEL078-000555,2024-05-04,C0075,total,sur,56,40.2,0,0,
TEL078-000556,2024-05-04,C0076,esencial,centro,49,22.33,0,0,
TEL078-000557,2024-05-04,C0077,plus,sur,31,32.09,0,0,
TEL078-000558,2024-05-04,C0078,total,centro,73,52.06,3,0,
TEL078-000559,2024-05-04,C0079,esencial,sur,81,0,0,0,
TEL078-000560,2024-05-04,C0080,plus,sur,76,26.56,0,0,
TEL078-000561,2024-05-04,C0081,total,norte,23,42.78,2,0,
TEL078-000562,2024-05-04,C0082,esencial,centro,30,11.2,0,0,
TEL078-000563,2024-05-04,C0083,plus,centro,34,34.83,0,0,
TEL078-000564,2024-05-04,C0084,total,norte,22,46.56,1,0,
TEL078-000565,2024-05-04,C0085,esencial,centro,41,18.25,0,0,
TEL078-000566,2024-05-04,C0086,plus,norte,69,23.1,0,0,
TEL078-000567,2024-05-04,C0087,total,centro,50,51.76,0,0,
TEL078-000568,2024-05-04,C0088,esencial,norte,14,13.23,0,0,
TEL078-000569,2024-05-04,C0089,plus,sur,35,40.04,0,0,
TEL078-000570,2024-05-04,C0090,total,sur,36,36.87,1,0,
TEL078-000571,2024-05-04,C0091,esencial,norte,56,19.84,0,0,
TEL078-000572,2024-05-04,C0092,plus,sur,32,37.11,0,1,servicio
TEL078-000573,2024-05-04,C0093,total,centro,57,35.46,0,0,
TEL078-000574,2024-05-04,C0094,esencial,norte,38,25.92,1,0,
TEL078-000575,2024-05-04,C0095,plus,norte,79,35.55,4,1,servicio
TEL078-000576,2024-05-04,C0096,total,sur,71,60.3,0,0,
TEL078-000577,2024-05-04,C0097,esencial,norte,24,2.26,0,0,
TEL078-000578,2024-05-04,C0098,plus,centro,24,27.64,1,0,
TEL078-000579,2024-05-04,C0099,total,sur,79,54.14,2,0,
TEL078-000580,2024-05-04,C0100,esencial,norte,8,11.27,1,1,servicio
TEL078-000581,2024-05-04,C0101,plus,sur,23,38.01,0,0,
TEL078-000582,2024-05-04,C0102,total,centro,72,,0,0,
TEL078-000583,2024-05-04,C0103, ESENCIAL ,sur,44,22.63,0,0,
TEL078-000584,2024-05-04,C0104,plus,centro,14,27.99,1,0,
TEL078-000585,2024-05-04,C0105,total,norte,19,47.48,0,1,mudanza
TEL078-000586,2024-05-04,C0106,esencial,centro,57,7.34,0,0,
TEL078-000587,2024-05-04,C0107,plus,centro,9,46.57,1,0,
TEL078-000588,2024-05-04,C0108,total,centro,5,51.95,0,0,
TEL078-000589,2024-05-04,C0109,esencial,sur,69,21.29,3,0,
TEL078-000590,2024-05-04,C0110,plus,centro,87,35.62,2,0,
TEL078-000591,2024-05-04,C0111,total,norte,27,54.39,0,0,
TEL078-000592,2024-05-04,C0112,esencial,norte,26,6.64,0,0,
TEL078-000593,2024-05-04,C0113,plus,sur,35,38.81,3,0,
TEL078-000594,2024-05-04,C0114,total,norte,24,45.65,0,0,
TEL078-000595,2024-05-04,C0115,esencial,centro,26,20.34,0,0,
TEL078-000596,2024-05-04,C0116,plus,centro,16,22.05,0,0,
TEL078-000597,2024-05-04,C0117,total,sur,64,73.52,2,0,
TEL078-000598,2024-05-04,C0118,esencial,norte,18,7.71,3,1,mudanza
TEL078-000599,2024-05-04,C0119,plus,sur,50,16.7,0,0,
TEL078-000600,2024-05-04,C0120,total,norte,88,52.24,0,0,
TEL078-000601,2024-06-04,C0001,esencial,norte,12,8.51,1,0,
TEL078-000602,2024-06-04,C0002,plus,norte,13,37.04,0,0,
TEL078-000603,2024-06-04,C0003,total,sur,36,37.91,1,0,
TEL078-000604,2024-06-04,C0004,esencial,norte,85,18.27,4,0,
TEL078-000605,2024-06-04,C0005,plus,sur,22,29.05,1,0,
TEL078-000606,2024-06-04,C0006,total,norte,7,42.01,0,0,
TEL078-000607,2024-06-04,C0007,esencial,centro,80,0,1,0,
TEL078-000608,2024-06-04,C0008,plus,norte,75,19.68,0,0,
TEL078-000609,2024-06-04,C0009,total,sur,48,47.18,0,0,
TEL078-000610,2024-06-04,C0010,esencial,sur,92,16.07,4,0,
TEL078-000611,2024-06-04,C0011,plus,norte,94,30.75,1,0,
TEL078-000612,2024-06-04,C0012,total,sur,17,44.3,0,0,
TEL078-000613,2024-06-04,C0013,esencial,norte,10,12.99,4,0,
TEL078-000614,2024-06-04,C0014,plus,centro,75,18.5,0,0,
TEL078-000615,2024-06-04,C0015,total,centro,95,44.67,3,0,
TEL078-000616,2024-06-04,C0016,esencial,sur,56,0,0,0,
TEL078-000617,2024-06-04,C0017,plus,sur,65,16.66,0,0,
TEL078-000618,2024-06-04,C0018,total,sur,19,33.22,0,0,
TEL078-000619,2024-06-04,C0019,esencial,norte,40,2.06,0,0,
TEL078-000620,2024-06-04,C0020,plus,sur,78,39.82,0,0,
TEL078-000621,2024-06-04,C0021,total,sur,18,52.88,0,0,
TEL078-000622,2024-06-04,C0022,esencial,centro,95,8.31,1,0,
TEL078-000623,2024-06-04,C0023,plus,centro,55,39.21,1,0,
TEL078-000624,2024-06-04,C0024,total,sur,94,46.19,0,0,
TEL078-000625,2024-06-04,C0025,esencial,centro,34,0,0,1,mudanza
TEL078-000626,2024-06-04,C0026,plus,sur,61,36.42,0,0,
TEL078-000627,2024-06-04,C0027,total,centro,18,45.66,0,0,
TEL078-000628,2024-06-04,C0028,esencial,norte,55,12.12,2,0,
TEL078-000629,2024-06-04,C0029,plus,centro,42,30.57,0,1,precio
TEL078-000630,2024-06-04,C0030,total,norte,47,37.85,3,1,precio
TEL078-000631,2024-06-04,C0031,esencial,centro,15,7.71,0,0,
TEL078-000632,2024-06-04,C0032,plus,norte,37,23.31,0,0,
TEL078-000633,2024-06-04,C0033,total,sur,94,40.24,1,0,
TEL078-000634,2024-06-04,C0034,esencial,norte,74,"5,12",1,0,
TEL078-000635,2024-06-04,C0035,plus,sur,86,34.96,0,0,
TEL078-000636,2024-06-04,C0036,total,norte,56,39.02,0,0,
TEL078-000637,2024-06-04,C0037,esencial,norte,38,2.58,0,0,
TEL078-000638,2024-06-04,C0038,plus,centro,42,30.5,0,0,
TEL078-000639,2024-06-04,C0039,total,norte,86,61.95,0,0,
TEL078-000640,2024-06-04,C0040,esencial,norte,79,17.45,0,0,
TEL078-000641,2024-06-04,C0041,plus,norte,78,37.62,0,0,
TEL078-000642,2024-06-04,C0042,total,norte,27,34.31,1,0,
TEL078-000643,2024-06-04,C0043,esencial,centro,12,25.5,1,1,mudanza
TEL078-000644,2024-06-04,C0044,plus,centro,95,42.26,0,0,
TEL078-000645,2024-06-04,C0045,total,norte,57,53.1,0,0,
TEL078-000646,2024-06-04,C0046,esencial,norte,18,9.57,0,0,
TEL078-000647,2024-06-04,C0047,plus,centro,67,30.06,0,0,
TEL078-000648,2024-06-04,C0048,total,sur,67,42.4,3,0,
TEL078-000649,2024-06-04,C0049,esencial,centro,91,16.86,0,0,
TEL078-000650,2024-06-04,C0050,plus,norte,39,40.32,1,0,
TEL078-000651,2024-06-04,C0051,total,centro,74,34.85,0,0,
TEL078-000652,2024-06-04,C0052,esencial,norte,90,12.61,0,0,
TEL078-000653,2024-06-04,C0053,plus,centro,52,37.75,2,0,
TEL078-000654,2024-06-04,C0054,total,sur,53,38.47,1,0,
TEL078-000655,2024-06-04,C0055,esencial,norte,37,14.38,2,0,
TEL078-000656,2024-06-04,C0056,plus,centro,69,29.81,1,0,
TEL078-000657,2024-06-04,C0057,total,sur,39,33.93,0,0,
TEL078-000658,2024-06-04,C0058,esencial,centro,59,10.62,0,0,
TEL078-000659,2024-06-04,C0059,plus,centro,90,29.17,0,0,
TEL078-000660,2024-06-04,C0060,total,norte,62,41.09,0,0,
TEL078-000661,2024-06-04,C0061,esencial,centro,15,21.18,2,0,
TEL078-000662,2024-06-04,C0062,plus,centro,37,37.52,0,0,
TEL078-000663,2024-06-04,C0063,total,centro,8,48.06,0,0,
TEL078-000664,2024-06-04,C0064,esencial,centro,87,20.59,0,0,
TEL078-000665,2024-06-04,C0065,plus,centro,11,,3,0,
TEL078-000666,2024-06-04,C0066,total,sur,47,38.08,1,0,
TEL078-000667,2024-06-04,C0067,esencial,sur,69,8.68,0,0,
TEL078-000668,2024-06-04,C0068,plus,norte,31,32.76,2,0,
TEL078-000669,2024-06-04,C0069,total,sur,53,55.46,1,0,
TEL078-000670,2024-06-04,C0070,esencial,centro,7,1.1,0,0,
TEL078-000671,2024-06-04,C0071,plus,centro,73,2.05,0,0,
TEL078-000672,2024-06-04,C0072,total,norte,32,40.28,0,0,
TEL078-000673,2024-06-04,C0073,esencial,sur,26,12.49,0,1,mudanza
TEL078-000674,2024-06-04,C0074,plus,centro,47,23.77,2,0,
TEL078-000675,2024-06-04,C0075,total,sur,57,38.68,2,1,mudanza
TEL078-000676,2024-06-04,C0076,esencial,centro,50,16.01,1,0,
TEL078-000677,2024-06-04,C0077,plus,sur,32,38.69,1,0,
TEL078-000678,2024-06-04,C0078,total,centro,74,42.05,0,0,
TEL078-000679,2024-06-04,C0079,esencial,sur,82,10.07,0,1,servicio
TEL078-000680,2024-06-04,C0080, PLUS ,sur,77,30.81,0,0,
TEL078-000681,2024-06-04,C0081,total,norte,24,35.73,1,0,
TEL078-000682,2024-06-04,C0082,esencial,centro,31,0,0,0,
TEL078-000683,2024-06-04,C0083,plus,centro,35,17.77,3,0,
TEL078-000684,2024-06-04,C0084,total,norte,23,40.46,0,0,
TEL078-000685,2024-06-04,C0085,esencial,centro,42,22.8,2,1,servicio
TEL078-000686,2024-06-04,C0086,plus,norte,70,44.24,0,1,precio
TEL078-000687,2024-06-04,C0087,total,centro,51,40.0,2,0,
TEL078-000688,2024-06-04,C0088,esencial,norte,15,7.48,1,0,
TEL078-000689,2024-06-04,C0089,plus,sur,36,30.89,0,0,
TEL078-000690,2024-06-04,C0090,total,sur,37,47.1,0,0,
TEL078-000691,2024-06-04,C0091,esencial,norte,57,16.72,0,0,
TEL078-000692,2024-06-04,C0092,plus,sur,33,34.4,0,0,
TEL078-000693,2024-06-04,C0093,total,centro,58,37.09,0,0,
TEL078-000694,2024-06-04,C0094,esencial,norte,39,14.02,0,0,
TEL078-000695,2024-06-04,C0095,plus,norte,80,29.66,0,0,
TEL078-000696,2024-06-04,C0096,total,sur,72,46.95,1,0,
TEL078-000697,2024-06-04,C0097,esencial,norte,25,12.21,0,0,
TEL078-000698,2024-06-04,C0098,plus,centro,25,29.37,2,0,
TEL078-000699,2024-06-04,C0099,total,sur,80,56.78,1,0,
TEL078-000700,2024-06-04,C0100,esencial,norte,9,0,0,0,
TEL078-000701,2024-06-04,C0101,plus,sur,24,26.35,3,0,
TEL078-000702,2024-06-04,C0102,total,centro,73,40.57,0,0,
TEL078-000703,2024-06-04,C0103,esencial,sur,45,10.14,0,1,servicio
TEL078-000704,2024-06-04,C0104,plus,centro,15,24.15,1,0,
TEL078-000705,2024-06-04,C0105,total,norte,20,43.79,1,0,
TEL078-000706,2024-06-04,C0106,esencial,centro,58,21.13,1,0,
TEL078-000707,2024-06-04,C0107,plus,centro,10,24.57,4,0,
TEL078-000708,2024-06-04,C0108,total,centro,6,53.8,3,0,
TEL078-000709,2024-06-04,C0109,esencial,sur,70,24.33,2,0,
TEL078-000710,2024-06-04,C0110,plus,centro,88,24.35,0,0,
TEL078-000711,2024-06-04,C0111,total,norte,28,52.31,3,0,
TEL078-000712,2024-06-04,C0112,esencial,norte,27,0,1,1,precio
TEL078-000713,2024-06-04,C0113,plus,sur,36,26.35,2,0,
TEL078-000714,2024-06-04,C0114,total,norte,25,42.22,1,0,
TEL078-000715,2024-06-04,C0115,esencial,centro,27,23.93,2,1,precio
TEL078-000716,2024-06-04,C0116,plus,centro,17,33.31,2,0,
TEL078-000717,2024-06-04,C0117,total,sur,65,53.2,0,0,
TEL078-000718,2024-06-04,C0118,esencial,norte,19,10.12,0,0,
TEL078-000719,2024-06-04,C0119,plus,sur,51,16.23,1,0,
TEL078-000720,2024-06-04,C0120,total,norte,89,61.72,0,0,
TEL078-000721,2024-07-05,C0001,esencial,norte,13,17.74,0,0,
TEL078-000722,2024-07-05,C0002,plus,norte,14,15.78,1,0,
TEL078-000723,2024-07-05,C0003,total,sur,37,42.19,0,0,
TEL078-000724,2024-07-05,C0004,esencial,norte,86,19.2,0,0,
TEL078-000725,2024-07-05,C0005,plus,sur,23,32.41,1,0,
TEL078-000726,2024-07-05,C0006,total,norte,8,42.68,0,0,
TEL078-000727,2024-07-05,C0007,esencial,centro,81,27.48,0,0,
TEL078-000728,2024-07-05,C0008,plus,norte,76,35.38,0,0,
TEL078-000729,2024-07-05,C0009,total,sur,49,54.05,1,0,
TEL078-000730,2024-07-05,C0010,esencial,sur,93,16.0,1,0,
TEL078-000731,2024-07-05,C0011,plus,norte,95,16.15,3,0,
TEL078-000732,2024-07-05,C0012,total,sur,18,49.44,2,0,
TEL078-000733,2024-07-05,C0013,esencial,norte,11,21.83,0,0,
TEL078-000734,2024-07-05,C0014,plus,centro,76,32.77,0,0,
TEL078-000735,2024-07-05,C0015,total,centro,96,46.85,0,0,
TEL078-000736,2024-07-05,C0016,esencial,sur,57,0,3,0,
TEL078-000737,2024-07-05,C0017,plus,sur,66,27.14,0,0,
TEL078-000738,2024-07-05,C0018,total,sur,20,52.74,1,0,
TEL078-000739,2024-07-05,C0019,esencial,norte,41,5.35,0,0,
TEL078-000740,2024-07-05,C0020,plus,sur,79,31.26,0,0,
TEL078-000741,2024-07-05,C0021,total,sur,19,61.39,2,0,
TEL078-000742,2024-07-05,C0022,esencial,centro,96,0,0,0,
TEL078-000743,2024-07-05,C0023,plus,centro,56,11.07,1,0,
TEL078-000744,2024-07-05,C0024,total,sur,95,61.38,0,0,
TEL078-000745,2024-07-05,C0025,esencial,centro,35,8.38,0,0,
TEL078-000746,2024-07-05,C0026,plus,sur,62,24.64,0,0,
TEL078-000747,2024-07-05,C0027,total,centro,19,58.96,3,0,
TEL078-000748,2024-07-05,C0028,esencial,norte,56,,0,0,
TEL078-000749,2024-07-05,C0029,plus,centro,43,26.28,0,0,
TEL078-000750,2024-07-05,C0030,total,norte,48,44.85,0,0,
TEL078-000751,2024-07-05,C0031,esencial,centro,16,4.43,0,0,
TEL078-000752,2024-07-05,C0032,plus,norte,38,23.74,0,0,
TEL078-000753,2024-07-05,C0033,total,sur,95,47.64,0,0,
TEL078-000754,2024-07-05,C0034,esencial,norte,75,12.17,0,0,
TEL078-000755,2024-07-05,C0035,plus,sur,87,33.84,0,0,
TEL078-000756,2024-07-05,C0036,total,norte,57,48.55,0,0,
TEL078-000757,2024-07-05,C0037,esencial,norte,39,12.15,2,1,servicio
TEL078-000758,2024-07-05,C0038,plus,centro,43,33.05,2,0,
TEL078-000759,2024-07-05,C0039,total,norte,87,40.31,0,0,
TEL078-000760,2024-07-05,C0040,esencial,norte,80,9.73,2,0,
TEL078-000761,2024-07-05,C0041,plus,norte,79,34.31,0,0,
TEL078-000762,2024-07-05,C0042,total,norte,28,47.85,0,0,
TEL078-000763,2024-07-05,C0043,esencial,centro,13,23.81,0,0,
TEL078-000764,2024-07-05,C0044,plus,centro,96,34.99,0,0,
TEL078-000765,2024-07-05,C0045,total,norte,58,47.69,0,0,
TEL078-000766,2024-07-05,C0046,esencial,norte,19,15.89,0,0,
TEL078-000767,2024-07-05,C0047,plus,centro,68,35.97,0,0,
TEL078-000768,2024-07-05,C0048,total,sur,68,38.46,0,0,
TEL078-000769,2024-07-05,C0049,esencial,centro,92,11.07,0,0,
TEL078-000770,2024-07-05,C0050,plus,norte,40,21.47,0,0,
TEL078-000771,2024-07-05,C0051,total,centro,75,44.75,1,0,
TEL078-000772,2024-07-05,C0052,esencial,norte,91,0,1,0,
TEL078-000773,2024-07-05,C0053,plus,centro,53,28.75,0,0,
TEL078-000774,2024-07-05,C0054,total,sur,54,34.95,0,0,
TEL078-000775,2024-07-05,C0055,esencial,norte,38,16.68,4,1,servicio
TEL078-000776,2024-07-05,C0056,plus,centro,70,30.53,0,0,
TEL078-000777,2024-07-05,C0057, TOTAL ,sur,40,49.48,3,0,
TEL078-000778,2024-07-05,C0058,esencial,centro,60,5.79,1,0,
TEL078-000779,2024-02-30,C0059,plus,centro,91,36.63,2,0,
TEL078-000780,2024-07-05,C0060,total,norte,63,52.76,0,0,
TEL078-000781,2024-07-05,C0061,esencial,centro,16,10.24,4,0,
TEL078-000782,2024-07-05,C0062,plus,centro,38,37.88,1,0,
TEL078-000783,2024-07-05,C0063,total,centro,9,50.62,4,0,
TEL078-000784,2024-07-05,C0064,esencial,centro,88,28.69,2,0,
TEL078-000785,2024-07-05,C0065,plus,centro,12,28.33,0,1,servicio
TEL078-000786,2024-07-05,C0066,total,sur,48,40.1,0,0,
TEL078-000787,2024-07-05,C0067,esencial,sur,70,0,3,0,
TEL078-000788,2024-07-05,C0068,plus,norte,32,33.63,2,0,
TEL078-000789,2024-07-05,C0069,total,sur,54,46.99,0,0,
TEL078-000790,2024-07-05,C0070,esencial,centro,8,8.13,2,0,
TEL078-000791,2024-07-05,C0071,plus,centro,74,17.16,0,1,precio
TEL078-000792,2024-07-05,C0072,total,norte,33,59.76,0,0,
TEL078-000793,2024-07-05,C0073,esencial,sur,27,10.24,0,1,servicio
TEL078-000794,2024-07-05,C0074,plus,centro,48,30.9,1,0,
TEL078-000795,2024-07-05,C0075,total,sur,58,52.95,0,0,
TEL078-000796,2024-07-05,C0076,esencial,centro,51,9.87,3,0,
TEL078-000797,2024-07-05,C0077,plus,sur,33,40.7,0,0,
TEL078-000798,2024-07-05,C0078,total,centro,75,54.97,1,0,
TEL078-000799,2024-07-05,C0079,esencial,sur,83,17.44,3,0,
TEL078-000800,2024-07-05,C0080,plus,sur,78,41.39,0,0,
TEL078-000801,2024-07-05,C0081,total,norte,25,55.94,0,0,
TEL078-000802,2024-07-05,C0082,esencial,centro,32,16.16,0,0,
TEL078-000803,2024-07-05,C0083,plus,centro,36,45.96,1,0,
TEL078-000804,2024-07-05,C0084,total,norte,24,53.46,1,0,
TEL078-000805,2024-07-05,C0085,esencial,centro,43,24.12,1,0,
TEL078-000806,2024-07-05,C0086,plus,norte,71,20.64,0,0,
TEL078-000807,2024-07-05,C0087,total,centro,52,51.14,0,0,
TEL078-000808,2024-07-05,C0088,esencial,norte,16,0,1,0,
TEL078-000809,2024-07-05,C0089,plus,sur,37,22.38,1,0,
TEL078-000810,2024-07-05,C0090,total,sur,38,48.83,2,0,
TEL078-000811,2024-07-05,C0091,esencial,norte,58,12.64,1,0,
TEL078-000812,2024-07-05,C0092,plus,sur,34,23.98,0,0,
TEL078-000813,2024-07-05,C0093,total,centro,59,56.13,3,0,
TEL078-000814,2024-07-05,C0094,esencial,norte,40,14.19,1,0,
TEL078-000815,2024-07-05,C0095,plus,norte,81,37.38,0,0,
TEL078-000816,2024-07-05,C0096,total,sur,73,54.95,0,0,
TEL078-000817,2024-07-05,C0097,esencial,norte,26,15.09,0,0,
TEL078-000818,2024-07-05,C0098,plus,centro,26,33.43,0,0,
TEL078-000819,2024-07-05,C0099,total,sur,81,45.51,0,1,precio
TEL078-000820,2024-07-05,C0100,esencial,norte,10,4.24,1,0,
TEL078-000821,2024-07-05,C0101,plus,sur,25,20.97,3,0,
TEL078-000822,2024-07-05,C0102,total,centro,74,38.84,1,0,
TEL078-000823,2024-07-05,C0103,esencial,sur,46,14.38,0,0,
TEL078-000824,2024-07-05,C0104,plus,centro,16,31.1,0,0,
TEL078-000825,2024-07-05,C0105,total,norte,21,45.98,0,0,
TEL078-000826,2024-07-05,C0106,esencial,centro,59,6.09,2,0,
TEL078-000827,2024-07-05,C0107,plus,centro,11,29.92,0,0,
TEL078-000828,2024-07-05,C0108,total,centro,7,53.75,0,0,
TEL078-000829,2024-07-05,C0109,esencial,sur,71,0,2,0,
TEL078-000830,2024-07-05,C0110,plus,centro,89,39.59,1,0,
TEL078-000831,2024-07-05,C0111,total,norte,29,,2,0,
TEL078-000832,2024-07-05,C0112,esencial,norte,28,12.28,0,0,
TEL078-000833,2024-07-05,C0113,plus,sur,37,31.61,0,0,
TEL078-000834,2024-07-05,C0114,total,norte,26,44.88,1,0,
TEL078-000835,2024-07-05,C0115,esencial,centro,28,13.35,0,0,
TEL078-000836,2024-07-05,C0116,plus,centro,18,25.86,0,0,
TEL078-000837,2024-07-05,C0117,total,sur,66,45.49,0,0,
TEL078-000838,2024-07-05,C0118,esencial,norte,20,14.01,0,0,
TEL078-000839,2024-07-05,C0119,plus,sur,52,35.84,0,0,
TEL078-000840,2024-07-05,C0120,total,norte,90,44.34,0,0,
TEL078-000841,2024-08-05,C0001,esencial,norte,14,5.6,1,0,
TEL078-000842,2024-08-05,C0002,plus,norte,15,29.88,2,0,
TEL078-000843,2024-08-05,C0003,total,sur,38,49.25,1,0,
TEL078-000844,2024-08-05,C0004,esencial,norte,87,10.09,0,0,
TEL078-000845,2024-08-05,C0005,plus,sur,24,"33,89",0,0,
TEL078-000846,2024-08-05,C0006,total,norte,9,53.32,0,0,
TEL078-000847,2024-08-05,C0007,esencial,centro,82,16.01,3,1,servicio
TEL078-000848,2024-08-05,C0008,plus,norte,77,36.0,1,0,
TEL078-000849,2024-08-05,C0009,total,sur,50,44.23,0,0,
TEL078-000850,2024-08-05,C0010,esencial,sur,94,18.73,1,0,
TEL078-000851,2024-08-05,C0011,plus,norte,96,20.73,0,0,
TEL078-000852,2024-08-05,C0012,total,sur,19,25.74,2,0,
TEL078-000853,2024-08-05,C0013,esencial,norte,12,0,1,0,
TEL078-000854,2024-08-05,C0014,plus,centro,77,27.78,2,0,
TEL078-000855,2024-08-05,C0015,total,centro,97,53.19,0,0,
TEL078-000856,2024-08-05,C0016,esencial,sur,58,11.53,1,0,
TEL078-000857,2024-08-05,C0017,plus,sur,67,39.8,0,0,
TEL078-000858,2024-08-05,C0018,total,sur,21,51.13,1,0,
TEL078-000859,2024-08-05,C0019,esencial,norte,42,2.56,0,0,
TEL078-000860,2024-08-05,C0020,plus,sur,80,23.7,0,0,
TEL078-000861,2024-08-05,C0021,total,sur,20,47.66,0,0,
TEL078-000862,2024-08-05,C0022,esencial,centro,97,13.0,1,0,
TEL078-000863,2024-08-05,C0023,plus,centro,57,30.19,3,0,
TEL078-000864,2024-08-05,C0024,total,sur,96,57.13,0,0,
TEL078-000865,2024-08-05,C0025,esencial,centro,36,3.31,0,0,
TEL078-000866,2024-08-05,C0026,plus,sur,63,33.71,0,1,precio
TEL078-000867,2024-08-05,C0027,total,centro,20,48.34,2,0,
TEL078-000868,2024-08-05,C0028,esencial,norte,57,2.9,0,0,
TEL078-000869,2024-08-05,C0029,plus,centro,44,23.99,0,0,
TEL078-000870,2024-08-05,C0030,total,norte,49,58.11,0,0,
TEL078-000871,2024-08-05,C0031,esencial,centro,17,12.2,0,0,
TEL078-000872,2024-08-05,C0032,plus,norte,39,30.27,1,1,mudanza
TEL078-000873,2024-08-05,C0033,total,sur,96,50.72,0,0,
TEL078-000874,2024-08-05,C0034, ESENCIAL ,norte,76,22.64,0,0,
TEL078-000875,2024-08-05,C0035,plus,sur,88,27.99,0,0,
TEL078-000876,2024-08-05,C0036,total,norte,58,46.86,0,0,
TEL078-000877,2024-08-05,C0037,esencial,norte,40,29.04,0,0,
TEL078-000878,2024-08-05,C0038,plus,centro,44,24.7,0,0,
TEL078-000879,2024-08-05,C0039,total,norte,88,46.76,0,0,
TEL078-000880,2024-08-05,C0040,esencial,norte,81,0.35,0,0,
TEL078-000881,2024-08-05,C0041,plus,norte,80,32.52,0,0,
TEL078-000882,2024-08-05,C0042,total,norte,29,56.0,0,0,
TEL078-000883,2024-08-05,C0043,esencial,centro,14,19.39,0,0,
TEL078-000884,2024-08-05,C0044,plus,centro,97,33.71,0,0,
TEL078-000885,2024-08-05,C0045,total,norte,59,54.67,2,0,
TEL078-000886,2024-08-05,C0046,esencial,norte,20,6.37,0,0,
TEL078-000887,2024-08-05,C0047,plus,centro,69,17.95,1,0,
TEL078-000888,2024-08-05,C0048,total,sur,69,49.08,1,0,
TEL078-000889,2024-08-05,C0049,esencial,centro,93,4.35,0,0,
TEL078-000890,2024-08-05,C0050,plus,norte,41,30.27,2,0,
TEL078-000891,2024-08-05,C0051,total,centro,76,45.81,1,0,
TEL078-000892,2024-08-05,C0052,esencial,norte,92,1.02,4,0,
TEL078-000893,2024-08-05,C0053,plus,centro,54,27.19,1,0,
TEL078-000894,2024-08-05,C0054,total,sur,55,50.08,0,0,
TEL078-000895,2024-08-05,C0055,esencial,norte,39,12.49,0,0,
TEL078-000896,2024-08-05,C0056,plus,centro,71,39.5,1,0,
TEL078-000897,2024-08-05,C0057,total,sur,41,55.35,1,0,
TEL078-000898,2024-08-05,C0058,esencial,centro,61,4.67,1,0,
TEL078-000899,2024-08-05,C0059,plus,centro,92,26.27,1,0,
TEL078-000900,2024-08-05,C0060,total,norte,64,39.94,1,0,
TEL078-000901,2024-08-05,C0061,esencial,centro,17,16.3,1,0,
TEL078-000902,2024-08-05,C0062,plus,centro,39,21.21,0,0,
TEL078-000903,2024-08-05,C0063,total,centro,10,48.78,0,0,
TEL078-000904,2024-08-05,C0064,esencial,centro,89,16.1,0,0,
TEL078-000905,2024-08-05,C0065,plus,centro,13,26.84,3,0,
TEL078-000906,2024-08-05,C0066,total,sur,49,47.59,0,0,
TEL078-000907,2024-08-05,C0067,esencial,sur,71,9.22,0,0,
TEL078-000908,2024-08-05,C0068,plus,norte,33,28.92,0,0,
TEL078-000909,2024-08-05,C0069,total,sur,55,47.92,0,0,
TEL078-000910,2024-08-05,C0070,esencial,centro,9,6.5,0,0,
TEL078-000911,2024-08-05,C0071,plus,centro,75,28.31,3,1,precio
TEL078-000912,2024-08-05,C0072,total,norte,34,46.53,0,0,
TEL078-000913,2024-08-05,C0073,esencial,sur,28,14.76,1,0,
TEL078-000914,2024-08-05,C0074,plus,centro,49,,0,0,
TEL078-000915,2024-08-05,C0075,total,sur,59,33.52,1,0,
TEL078-000916,2024-08-05,C0076,esencial,centro,52,15.59,1,0,
TEL078-000917,2024-08-05,C0077,plus,sur,34,23.86,0,0,
TEL078-000918,2024-08-05,C0078,total,centro,76,43.78,1,0,
TEL078-000919,2024-08-05,C0079,esencial,sur,84,8.39,1,0,
TEL078-000920,2024-08-05,C0080,plus,sur,79,30.88,0,0,
TEL078-000921,2024-08-05,C0081,total,norte,26,59.55,0,0,
TEL078-000922,2024-08-05,C0082,esencial,centro,33,0,1,0,
TEL078-000923,2024-08-05,C0083,plus,centro,37,45.87,0,0,
TEL078-000924,2024-08-05,C0084,total,norte,25,53.78,2,0,
TEL078-000925,2024-08-05,C0085,esencial,centro,44,6.18,2,0,
TEL078-000926,2024-08-05,C0086,plus,norte,72,11.61,1,0,
TEL078-000927,2024-08-05,C0087,total,centro,53,44.55,0,0,
TEL078-000928,2024-08-05,C0088,esencial,norte,17,13.84,1,0,
TEL078-000929,2024-08-05,C0089,plus,sur,38,37.81,2,0,
TEL078-000930,2024-08-05,C0090,total,sur,39,33.54,3,0,
TEL078-000931,2024-08-05,C0091,esencial,norte,59,6.33,0,0,
TEL078-000932,2024-08-05,C0092,plus,sur,35,33.5,0,0,
TEL078-000933,2024-08-05,C0093,total,centro,60,42.25,1,0,
TEL078-000934,2024-08-05,C0094,esencial,norte,41,25.76,1,0,
TEL078-000935,2024-08-05,C0095,plus,norte,82,43.33,1,0,
TEL078-000936,2024-08-05,C0096,total,sur,74,39.63,1,0,
TEL078-000937,2024-08-05,C0097,esencial,norte,27,3.65,0,0,
TEL078-000938,2024-08-05,C0098,plus,centro,27,19.25,0,0,
TEL078-000939,2024-08-05,C0099,total,sur,82,44.84,0,0,
TEL078-000940,2024-08-05,C0100,esencial,norte,11,14.44,0,0,
TEL078-000941,2024-08-05,C0101,plus,sur,26,32.44,0,0,
TEL078-000942,2024-08-05,C0102,total,centro,75,46.25,1,0,
TEL078-000943,2024-08-05,C0103,esencial,sur,47,1.6,0,0,
TEL078-000944,2024-08-05,C0104,plus,centro,17,24.85,2,0,
TEL078-000945,2024-08-05,C0105,total,norte,22,44.0,3,0,
TEL078-000946,2024-08-05,C0106,esencial,centro,60,14.38,3,0,
TEL078-000947,2024-08-05,C0107,plus,centro,12,42.47,1,0,
TEL078-000948,2024-08-05,C0108,total,centro,8,54.15,1,0,
TEL078-000949,2024-08-05,C0109,esencial,sur,72,8.89,0,0,
TEL078-000950,2024-08-05,C0110,plus,centro,90,30.98,2,0,
TEL078-000951,2024-08-05,C0111,total,norte,30,35.92,3,0,
TEL078-000952,2024-08-05,C0112,esencial,norte,29,8.77,1,0,
TEL078-000953,2024-08-05,C0113,plus,sur,38,41.3,0,0,
TEL078-000954,2024-08-05,C0114,total,norte,27,45.84,0,0,
TEL078-000955,2024-08-05,C0115,esencial,centro,29,4.28,0,0,
TEL078-000956,2024-08-05,C0116,plus,centro,19,16.14,0,0,
TEL078-000957,2024-08-05,C0117,total,sur,67,41.84,1,0,
TEL078-000958,2024-08-05,C0118,esencial,norte,21,29.63,0,0,
TEL078-000959,2024-08-05,C0119,plus,sur,53,28.57,2,0,
TEL078-000960,2024-08-05,C0120,total,norte,91,32.21,0,0,
TEL078-000961,2024-09-05,C0001,esencial,norte,15,8.35,3,0,
TEL078-000962,2024-09-05,C0002,plus,norte,16,28.08,2,0,
TEL078-000963,2024-09-05,C0003,total,sur,39,48.07,1,0,
TEL078-000964,2024-09-05,C0004,esencial,norte,88,0,2,0,
TEL078-000965,2024-09-05,C0005,plus,sur,25,33.51,0,0,
TEL078-000966,2024-09-05,C0006,total,norte,10,49.58,0,0,
TEL078-000967,2024-09-05,C0007,esencial,centro,83,0,1,1,mudanza
TEL078-000968,2024-09-05,C0008,plus,norte,78,14.9,1,0,
TEL078-000969,2024-09-05,C0009,total,sur,51,49.98,0,0,
TEL078-000970,2024-09-05,C0010,esencial,sur,95,4.15,0,0,
TEL078-000971,2024-09-05,C0011, PLUS ,norte,97,30.07,1,0,
TEL078-000972,2024-09-05,C0012,total,sur,20,37.81,1,0,
TEL078-000973,2024-09-05,C0013,esencial,norte,13,0,0,0,
TEL078-000974,2024-09-05,C0014,plus,centro,78,25.15,0,0,
TEL078-000975,2024-09-05,C0015,total,centro,98,50.81,0,0,
TEL078-000976,2024-09-05,C0016,esencial,sur,59,10.83,0,0,
TEL078-000977,2024-09-05,C0017,plus,sur,68,20.41,0,0,
TEL078-000978,2024-09-05,C0018,total,sur,22,29.81,0,0,
TEL078-000979,2024-09-05,C0019,esencial,norte,43,14.71,0,0,
TEL078-000980,2024-09-05,C0020,plus,sur,81,36.21,2,0,
TEL078-000981,2024-09-05,C0021,total,sur,21,32.19,1,0,
TEL078-000982,2024-09-05,C0022,esencial,centro,98,33.68,1,0,
TEL078-000983,2024-09-05,C0023,plus,centro,58,18.52,1,0,
TEL078-000984,2024-09-05,C0024,total,sur,97,50.28,1,0,
TEL078-000985,2024-09-05,C0025,esencial,centro,37,6.76,0,0,
TEL078-000986,2024-09-05,C0026,plus,sur,64,16.68,1,0,
TEL078-000987,2024-09-05,C0027,total,centro,21,50.48,0,0,
TEL078-000988,2024-09-05,C0028,esencial,norte,58,14.35,0,0,
TEL078-000989,2024-09-05,C0029,plus,centro,45,38.39,1,0,
TEL078-000990,2024-09-05,C0030,total,norte,50,47.71,0,0,
TEL078-000991,2024-09-05,C0031,esencial,centro,18,20.54,0,0,
TEL078-000992,2024-09-05,C0032,plus,norte,40,16.02,1,0,
TEL078-000993,2024-09-05,C0033,total,sur,97,36.51,0,0,
TEL078-000994,2024-09-05,C0034,esencial,norte,77,8.83,0,0,
TEL078-000995,2024-09-05,C0035,plus,sur,89,25.91,1,0,
TEL078-000996,2024-09-05,C0036,total,norte,59,48.04,0,0,
TEL078-000997,2024-09-05,C0037,esencial,norte,41,,0,0,
TEL078-000998,2024-09-05,C0038,plus,centro,45,23.57,0,0,
TEL078-000999,2024-09-05,C0039,total,norte,89,57.5,4,0,
TEL078-001000,2024-09-05,C0040,esencial,norte,82,3.74,3,0,
TEL078-001001,2024-09-05,C0041,plus,norte,81,31.95,0,0,
TEL078-001002,2024-09-05,C0042,total,norte,30,52.34,0,0,
TEL078-001003,2024-09-05,C0043,esencial,centro,15,15.65,3,0,
TEL078-001004,2024-09-05,C0044,plus,centro,98,36.47,0,0,
TEL078-001005,2024-09-05,C0045,total,norte,60,44.51,0,0,
TEL078-001006,2024-09-05,C0046,esencial,norte,21,1.86,1,0,
TEL078-001007,2024-09-05,C0047,plus,centro,70,32.36,0,0,
TEL078-001008,2024-09-05,C0048,total,sur,70,47.32,1,0,
TEL078-001009,2024-09-05,C0049,esencial,centro,94,2.47,3,0,
TEL078-001010,2024-09-05,C0050,plus,norte,42,41.12,2,0,
TEL078-001011,2024-09-05,C0051,total,centro,77,56.8,0,0,
TEL078-001012,2024-09-05,C0052,esencial,norte,93,10.69,0,0,
TEL078-001013,2024-09-05,C0053,plus,centro,55,34.14,2,0,
TEL078-001014,2024-09-05,C0054,total,sur,56,56.87,0,0,
TEL078-001015,2024-09-05,C0055,esencial,norte,40,8.68,0,0,
TEL078-001016,2024-09-05,C0056,plus,centro,72,29.75,0,0,
TEL078-001017,2024-09-05,C0057,total,sur,42,39.91,1,0,
TEL078-001018,2024-09-05,C0058,esencial,centro,62,9.43,0,0,
TEL078-001019,2024-09-05,C0059,plus,centro,93,24.36,0,1,mudanza
TEL078-001020,2024-09-05,C0060,total,norte,65,34.11,0,0,
TEL078-001021,2024-09-05,C0061,esencial,centro,18,2.78,1,0,
TEL078-001022,2024-09-05,C0062,plus,centro,40,6.78,1,0,
TEL078-001023,2024-09-05,C0063,total,centro,11,37.96,1,0,
TEL078-001024,2024-09-05,C0064,esencial,centro,90,19.92,0,0,
TEL078-001025,2024-09-05,C0065,plus,centro,14,23.37,1,0,
TEL078-001026,2024-09-05,C0066,total,sur,50,65.03,0,0,
TEL078-001027,2024-09-05,C0067,esencial,sur,72,23.84,0,0,
TEL078-001028,2024-09-05,C0068,plus,norte,34,35.25,1,0,
TEL078-001029,2024-09-05,C0069,total,sur,56,50.9,0,0,
TEL078-001030,2024-09-05,C0070,esencial,centro,10,18.07,3,1,servicio
TEL078-001031,2024-09-05,C0071,plus,centro,76,29.96,0,0,
TEL078-001032,2024-09-05,C0072,total,norte,35,67.54,2,0,
TEL078-001033,2024-09-05,C0073,esencial,sur,29,23.39,0,0,
TEL078-001034,2024-09-05,C0074,plus,centro,50,25.13,0,0,
TEL078-001035,2024-09-05,C0075,total,sur,60,51.18,1,0,
TEL078-001036,2024-09-05,C0076,esencial,centro,53,5.09,0,0,
TEL078-001037,2024-09-05,C0077,plus,sur,35,18.61,0,0,
TEL078-001038,2024-09-05,C0078,total,centro,77,46.88,2,0,
TEL078-001039,2024-09-05,C0079,esencial,sur,85,0,0,0,
TEL078-001040,2024-09-05,C0080,plus,sur,80,35.44,1,0,
TEL078-001041,2024-09-05,C0081,total,norte,27,50.52,0,0,
TEL078-001042,2024-09-05,C0082,esencial,centro,34,7.36,0,0,
TEL078-001043,2024-09-05,C0083,plus,centro,38,24.38,0,0,
TEL078-001044,2024-09-05,C0084,total,norte,26,46.06,0,0,
TEL078-001045,2024-09-05,C0085,esencial,centro,45,6.05,1,0,
TEL078-001046,2024-09-05,C0086,plus,norte,73,42.5,1,0,
TEL078-001047,2024-09-05,C0087,total,centro,54,46.91,0,0,
TEL078-001048,2024-09-05,C0088,esencial,norte,18,5.37,3,0,
TEL078-001049,2024-09-05,C0089,plus,sur,39,29.12,4,1,precio
TEL078-001050,2024-09-05,C0090,total,sur,40,38.7,0,0,
TEL078-001051,2024-09-05,C0091,esencial,norte,60,9.32,0,0,
TEL078-001052,2024-09-05,C0092,plus,sur,36,32.98,3,0,
TEL078-001053,2024-09-05,C0093,total,centro,61,41.84,0,0,
TEL078-001054,2024-09-05,C0094,esencial,norte,42,9.56,1,1,mudanza
TEL078-001055,2024-09-05,C0095,plus,norte,83,38.83,0,0,
TEL078-001056,2024-09-05,C0096,total,sur,75,"44,92",0,0,
TEL078-001057,2024-09-05,C0097,esencial,norte,28,19.11,1,0,
TEL078-001058,2024-09-05,C0098,plus,centro,28,20.13,0,0,
TEL078-001059,2024-09-05,C0099,total,sur,83,61.3,0,0,
TEL078-001060,2024-09-05,C0100,esencial,norte,12,6.91,1,0,
TEL078-001061,2024-09-05,C0101,plus,sur,27,31.25,0,0,
TEL078-001062,2024-09-05,C0102,total,centro,76,27.02,2,0,
TEL078-001063,2024-09-05,C0103,esencial,sur,48,10.78,1,0,
TEL078-001064,2024-09-05,C0104,plus,centro,18,57.64,1,0,
TEL078-001065,2024-09-05,C0105,total,norte,23,52.85,0,0,
TEL078-001066,2024-09-05,C0106,esencial,centro,61,22.87,0,0,
TEL078-001067,2024-09-05,C0107,plus,centro,13,29.78,1,0,
TEL078-001068,2024-09-05,C0108, TOTAL ,centro,9,41.68,0,0,
TEL078-001069,2024-09-05,C0109,esencial,sur,73,10.25,2,0,
TEL078-001070,2024-09-05,C0110,plus,centro,91,28.48,0,0,
TEL078-001071,2024-09-05,C0111,total,norte,31,59.1,0,0,
TEL078-001072,2024-09-05,C0112,esencial,norte,30,0,3,0,
TEL078-001073,2024-09-05,C0113,plus,sur,39,43.04,1,1,servicio
TEL078-001074,2024-09-05,C0114,total,norte,28,53.14,0,0,
TEL078-001075,2024-09-05,C0115,esencial,centro,30,0,0,0,
TEL078-001076,2024-09-05,C0116,plus,centro,20,32.02,2,1,precio
TEL078-001077,2024-09-05,C0117,total,sur,68,48.02,4,0,
TEL078-001078,2024-09-05,C0118,esencial,norte,22,0,2,0,
TEL078-001079,2024-09-05,C0119,plus,sur,54,21.19,1,0,
TEL078-001080,2024-09-05,C0120,total,norte,92,,1,0,
TEL078-001081,2024-10-06,C0001,esencial,norte,16,17.45,2,0,
TEL078-001082,2024-10-06,C0002,plus,norte,17,14.82,0,0,
TEL078-001083,2024-10-06,C0003,total,sur,40,37.45,1,0,
TEL078-001084,2024-10-06,C0004,esencial,norte,89,20.92,0,0,
TEL078-001085,2024-10-06,C0005,plus,sur,26,13.35,0,0,
TEL078-001086,2024-10-06,C0006,total,norte,11,49.15,0,0,
TEL078-001087,2024-10-06,C0007,esencial,centro,84,17.65,0,0,
TEL078-001088,2024-10-06,C0008,plus,norte,79,34.57,0,0,
TEL078-001089,2024-10-06,C0009,total,sur,52,52.07,0,0,
TEL078-001090,2024-10-06,C0010,esencial,sur,96,25.24,3,0,
TEL078-001091,2024-10-06,C0011,plus,norte,98,25.91,0,0,
TEL078-001092,2024-10-06,C0012,total,sur,21,43.85,0,0,
TEL078-001093,2024-10-06,C0013,esencial,norte,14,8.72,0,0,
TEL078-001094,2024-10-06,C0014,plus,centro,79,35.46,0,0,
TEL078-001095,2024-10-06,C0015,total,centro,99,53.19,0,0,
TEL078-001096,2024-10-06,C0016,esencial,sur,60,1.57,0,0,
TEL078-001097,2024-10-06,C0017,plus,sur,69,25.14,0,0,
TEL078-001098,2024-10-06,C0018,total,sur,23,33.31,1,0,
TEL078-001099,2024-10-06,C0019,esencial,norte,44,10.51,2,0,
TEL078-001100,2024-10-06,C0020,plus,sur,82,19.56,1,0,
TEL078-001101,2024-10-06,C0021,total,sur,22,60.07,0,0,
TEL078-001102,2024-10-06,C0022,esencial,centro,99,20.16,0,0,
TEL078-001103,2024-10-06,C0023,plus,centro,59,32.62,1,1,mudanza
TEL078-001104,2024-10-06,C0024,total,sur,98,37.12,0,0,
TEL078-001105,2024-10-06,C0025,esencial,centro,38,13.0,4,0,
TEL078-001106,2024-10-06,C0026,plus,sur,65,32.23,0,0,
TEL078-001107,2024-10-06,C0027,total,centro,22,50.91,1,0,
TEL078-001108,2024-10-06,C0028,esencial,norte,59,10.62,0,0,
TEL078-001109,2024-10-06,C0029,plus,centro,46,29.95,0,0,
TEL078-001110,2024-10-06,C0030,total,norte,51,39.03,0,0,
TEL078-001111,2024-10-06,C0031,esencial,centro,19,20.24,3,1,precio
TEL078-001112,2024-10-06,C0032,plus,norte,41,35.99,0,0,
TEL078-001113,2024-10-06,C0033,total,sur,98,47.04,0,0,
TEL078-001114,2024-10-06,C0034,esencial,norte,78,4.11,1,0,
TEL078-001115,2024-10-06,C0035,plus,sur,90,29.34,0,0,
TEL078-001116,2024-10-06,C0036,total,norte,60,37.18,0,0,
TEL078-001117,2024-10-06,C0037,esencial,norte,42,16.02,0,0,
TEL078-001118,2024-10-06,C0038,plus,centro,46,27.07,0,0,
TEL078-001119,2024-10-06,C0039,total,norte,90,49.65,3,1,servicio
TEL078-001120,2024-10-06,C0040,esencial,norte,83,18.49,0,1,mudanza
TEL078-001121,2024-10-06,C0041,plus,norte,82,44.99,1,0,
TEL078-001122,2024-10-06,C0042,total,norte,31,35.92,0,0,
TEL078-001123,2024-10-06,C0043,esencial,centro,16,15.61,1,0,
TEL078-001124,2024-10-06,C0044,plus,centro,99,21.88,1,0,
TEL078-001125,2024-10-06,C0045,total,norte,61,51.43,0,0,
TEL078-001126,2024-10-06,C0046,esencial,norte,22,30.07,2,0,
TEL078-001127,2024-10-06,C0047,plus,centro,71,22.91,0,0,
TEL078-001128,2024-10-06,C0048,total,sur,71,50.86,1,0,
TEL078-001129,2024-10-06,C0049,esencial,centro,95,15.83,1,0,
TEL078-001130,2024-10-06,C0050,plus,norte,43,35.42,0,0,
TEL078-001131,2024-10-06,C0051,total,centro,78,42.41,0,0,
TEL078-001132,2024-10-06,C0052,esencial,norte,94,16.89,2,0,
TEL078-001133,2024-10-06,C0053,plus,centro,56,35.35,0,0,
TEL078-001134,2024-10-06,C0054,total,sur,57,40.34,1,0,
TEL078-001135,2024-10-06,C0055,esencial,norte,41,32.02,0,0,
TEL078-001136,2024-10-06,C0056,plus,centro,73,27.04,0,0,
TEL078-001137,2024-10-06,C0057,total,sur,43,61.47,0,0,
TEL078-001138,2024-10-06,C0058,esencial,centro,63,2.58,2,0,
TEL078-001139,2024-10-06,C0059,plus,centro,94,34.18,0,0,
TEL078-001140,2024-10-06,C0060,total,norte,66,47.72,2,0,
TEL078-001141,2024-10-06,C0061,esencial,centro,19,11.11,3,0,
TEL078-001142,2024-10-06,C0062,plus,centro,41,23.45,2,0,
TEL078-001143,2024-10-06,C0063,total,centro,12,45.99,0,0,
TEL078-001144,2024-10-06,C0064,esencial,centro,91,14.98,0,0,
TEL078-001145,2024-10-06,C0065,plus,centro,15,29.77,0,0,
TEL078-001146,2024-10-06,C0066,total,sur,51,54.82,1,0,
TEL078-001147,2024-10-06,C0067,esencial,sur,73,13.59,0,0,
TEL078-001148,2024-10-06,C0068,plus,norte,35,20.32,0,0,
TEL078-001149,2024-10-06,C0069,total,sur,57,48.91,0,0,
TEL078-001150,2024-10-06,C0070,esencial,centro,11,15.25,1,0,
TEL078-001151,2024-10-06,C0071,plus,centro,77,26.66,1,0,
TEL078-001152,2024-10-06,C0072,total,norte,36,57.99,1,0,
TEL078-001153,2024-10-06,C0073,esencial,sur,30,7.63,0,0,
TEL078-001154,2024-10-06,C0074,plus,centro,51,39.17,2,0,
TEL078-001155,2024-10-06,C0075,total,sur,61,60.25,1,0,
TEL078-001156,2024-10-06,C0076,esencial,centro,54,13.78,1,0,
TEL078-001157,2024-10-06,C0077,plus,sur,36,21.69,0,0,
TEL078-001158,2024-10-06,C0078,total,centro,78,57.23,0,0,
TEL078-001159,2024-10-06,C0079,esencial,sur,86,5.94,0,0,
TEL078-001160,2024-10-06,C0080,plus,sur,81,20.59,0,0,
TEL078-001161,2024-10-06,C0081,total,norte,28,43.58,1,0,
TEL078-001162,2024-10-06,C0082,esencial,centro,35,11.22,0,0,
TEL078-001163,2024-10-06,C0083,plus,centro,39,,0,0,
TEL078-001164,2024-10-06,C0084,total,norte,27,48.88,1,0,
TEL078-001165,2024-10-06,C0085, ESENCIAL ,centro,46,0.47,0,1,mudanza
TEL078-001166,2024-10-06,C0086,plus,norte,74,29.2,0,0,
TEL078-001167,2024-10-06,C0087,total,centro,55,43.29,1,0,
TEL078-001168,2024-02-30,C0088,esencial,norte,19,10.36,1,0,
TEL078-001169,2024-10-06,C0089,plus,sur,40,16.17,0,0,
TEL078-001170,2024-10-06,C0090,total,sur,41,41.93,0,0,
TEL078-001171,2024-10-06,C0091,esencial,norte,61,2.71,0,0,
TEL078-001172,2024-10-06,C0092,plus,sur,37,35.34,0,0,
TEL078-001173,2024-10-06,C0093,total,centro,62,43.28,2,0,
TEL078-001174,2024-10-06,C0094,esencial,norte,43,12.19,0,0,
TEL078-001175,2024-10-06,C0095,plus,norte,84,21.73,0,0,
TEL078-001176,2024-10-06,C0096,total,sur,76,50.56,1,0,
TEL078-001177,2024-10-06,C0097,esencial,norte,29,1.66,1,0,
TEL078-001178,2024-10-06,C0098,plus,centro,29,17.62,1,0,
TEL078-001179,2024-10-06,C0099,total,sur,84,31.88,0,0,
TEL078-001180,2024-10-06,C0100,esencial,norte,13,21.33,0,0,
TEL078-001181,2024-10-06,C0101,plus,sur,28,24.36,0,0,
TEL078-001182,2024-10-06,C0102,total,centro,77,55.22,3,0,
TEL078-001183,2024-10-06,C0103,esencial,sur,49,18.27,0,0,
TEL078-001184,2024-10-06,C0104,plus,centro,19,31.58,1,0,
TEL078-001185,2024-10-06,C0105,total,norte,24,46.97,4,0,
TEL078-001186,2024-10-06,C0106,esencial,centro,62,21.26,4,0,
TEL078-001187,2024-10-06,C0107,plus,centro,14,28.58,0,0,
TEL078-001188,2024-10-06,C0108,total,centro,10,56.29,0,0,
TEL078-001189,2024-10-06,C0109,esencial,sur,74,10.56,0,0,
TEL078-001190,2024-10-06,C0110,plus,centro,92,33.08,1,0,
TEL078-001191,2024-10-06,C0111,total,norte,32,43.02,1,0,
TEL078-001192,2024-10-06,C0112,esencial,norte,31,7.4,1,0,
TEL078-001193,2024-10-06,C0113,plus,sur,40,36.17,1,0,
TEL078-001194,2024-10-06,C0114,total,norte,29,54.84,0,0,
TEL078-001195,2024-10-06,C0115,esencial,centro,31,18.57,3,1,servicio
TEL078-001196,2024-10-06,C0116,plus,centro,21,10.08,1,1,precio
TEL078-001197,2024-10-06,C0117,total,sur,69,55.1,3,1,servicio
TEL078-001198,2024-10-06,C0118,esencial,norte,23,0,2,0,
TEL078-001199,2024-10-06,C0119,plus,sur,55,24.41,0,0,
TEL078-001200,2024-10-06,C0120,total,norte,93,51.16,0,0,
TEL078-001201,2024-11-06,C0001,esencial,norte,17,27.68,0,0,
TEL078-001202,2024-11-06,C0002,plus,norte,18,23.7,0,0,
TEL078-001203,2024-11-06,C0003,total,sur,41,59.08,0,0,
TEL078-001204,2024-11-06,C0004,esencial,norte,90,18.36,0,0,
TEL078-001205,2024-11-06,C0005,plus,sur,27,24.83,3,1,mudanza
TEL078-001206,2024-11-06,C0006,total,norte,12,53.77,0,0,
TEL078-001207,2024-11-06,C0007,esencial,centro,85,5.05,2,0,
TEL078-001208,2024-11-06,C0008,plus,norte,80,31.65,1,0,
TEL078-001209,2024-11-06,C0009,total,sur,53,48.38,2,0,
TEL078-001210,2024-11-06,C0010,esencial,sur,97,13.82,0,0,
TEL078-001211,2024-11-06,C0011,plus,norte,99,30.27,0,0,
TEL078-001212,2024-11-06,C0012,total,sur,22,39.66,0,0,
TEL078-001213,2024-11-06,C0013,esencial,norte,15,12.53,0,0,
TEL078-001214,2024-11-06,C0014,plus,centro,80,23.8,0,0,
TEL078-001215,2024-11-06,C0015,total,centro,100,47.93,1,1,precio
TEL078-001216,2024-11-06,C0016,esencial,sur,61,6.6,3,0,
TEL078-001217,2024-11-06,C0017,plus,sur,70,36.38,2,0,
TEL078-001218,2024-11-06,C0018,total,sur,24,51.49,1,0,
TEL078-001219,2024-11-06,C0019,esencial,norte,45,3.22,0,0,
TEL078-001220,2024-11-06,C0020,plus,sur,83,34.52,2,0,
TEL078-001221,2024-11-06,C0021,total,sur,23,37.69,2,0,
TEL078-001222,2024-11-06,C0022,esencial,centro,100,22.88,0,0,
TEL078-001223,2024-11-06,C0023,plus,centro,60,35.42,0,0,
TEL078-001224,2024-11-06,C0024,total,sur,99,52.71,0,0,
TEL078-001225,2024-11-06,C0025,esencial,centro,39,10.09,2,1,precio
TEL078-001226,2024-11-06,C0026,plus,sur,66,33.95,1,0,
TEL078-001227,2024-11-06,C0027,total,centro,23,46.69,0,0,
TEL078-001228,2024-11-06,C0028,esencial,norte,60,8.54,0,0,
TEL078-001229,2024-11-06,C0029,plus,centro,47,35.49,0,0,
TEL078-001230,2024-11-06,C0030,total,norte,52,45.06,0,0,
TEL078-001231,2024-11-06,C0031,esencial,centro,20,7.72,0,0,
TEL078-001232,2024-11-06,C0032,plus,norte,42,22.29,0,0,
TEL078-001233,2024-11-06,C0033,total,sur,99,44.77,1,0,
TEL078-001234,2024-11-06,C0034,esencial,norte,79,17.42,1,0,
TEL078-001235,2024-11-06,C0035,plus,sur,91,20.95,2,0,
TEL078-001236,2024-11-06,C0036,total,norte,61,60.84,1,0,
TEL078-001237,2024-11-06,C0037,esencial,norte,43,0,3,0,
TEL078-001238,2024-11-06,C0038,plus,centro,47,31.93,0,0,
TEL078-001239,2024-11-06,C0039,total,norte,91,52.21,1,0,
TEL078-001240,2024-11-06,C0040,esencial,norte,84,16.23,0,0,
TEL078-001241,2024-11-06,C0041,plus,norte,83,32.23,1,0,
TEL078-001242,2024-11-06,C0042,total,norte,32,48.6,1,1,servicio
TEL078-001243,2024-11-06,C0043,esencial,centro,17,5.47,0,0,
TEL078-001244,2024-11-06,C0044,plus,centro,100,15.74,0,0,
TEL078-001245,2024-11-06,C0045,total,norte,62,61.95,0,0,
TEL078-001246,2024-11-06,C0046,esencial,norte,23,,0,0,
TEL078-001247,2024-11-06,C0047,plus,centro,72,31.84,0,0,
TEL078-001248,2024-11-06,C0048,total,sur,72,41.38,1,0,
TEL078-001249,2024-11-06,C0049,esencial,centro,96,15.08,0,0,
TEL078-001250,2024-11-06,C0050,plus,norte,44,23.02,1,0,
TEL078-001251,2024-11-06,C0051,total,centro,79,25.09,0,0,
TEL078-001252,2024-11-06,C0052,esencial,norte,95,23.69,1,0,
TEL078-001253,2024-11-06,C0053,plus,centro,57,39.53,3,0,
TEL078-001254,2024-11-06,C0054,total,sur,58,43.97,0,0,
TEL078-001255,2024-11-06,C0055,esencial,norte,42,9.63,1,0,
TEL078-001256,2024-11-06,C0056,plus,centro,74,20.08,2,0,
TEL078-001257,2024-11-06,C0057,total,sur,44,47.46,0,0,
TEL078-001258,2024-11-06,C0058,esencial,centro,64,9.92,3,0,
TEL078-001259,2024-11-06,C0059,plus,centro,95,29.51,1,0,
TEL078-001260,2024-11-06,C0060,total,norte,67,42.86,0,0,
TEL078-001261,2024-11-06,C0061,esencial,centro,20,15.25,1,0,
TEL078-001262,2024-11-06,C0062, PLUS ,centro,42,15.16,2,0,
TEL078-001263,2024-11-06,C0063,total,centro,13,42.03,0,0,
TEL078-001264,2024-11-06,C0064,esencial,centro,92,8.01,3,1,mudanza
TEL078-001265,2024-11-06,C0065,plus,centro,16,21.31,1,0,
TEL078-001266,2024-11-06,C0066,total,sur,52,46.14,1,0,
TEL078-001267,2024-11-06,C0067,esencial,sur,74,"24,4",0,0,
TEL078-001268,2024-11-06,C0068,plus,norte,36,29.3,1,0,
TEL078-001269,2024-11-06,C0069,total,sur,58,48.41,0,0,
TEL078-001270,2024-11-06,C0070,esencial,centro,12,5.44,1,1,precio
TEL078-001271,2024-11-06,C0071,plus,centro,78,39.6,1,0,
TEL078-001272,2024-11-06,C0072,total,norte,37,50.54,0,0,
TEL078-001273,2024-11-06,C0073,esencial,sur,31,19.15,2,0,
TEL078-001274,2024-11-06,C0074,plus,centro,52,34.77,0,0,
TEL078-001275,2024-11-06,C0075,total,sur,62,44.93,0,0,
TEL078-001276,2024-11-06,C0076,esencial,centro,55,14.73,0,0,
TEL078-001277,2024-11-06,C0077,plus,sur,37,34.71,0,0,
TEL078-001278,2024-11-06,C0078,total,centro,79,55.38,1,0,
TEL078-001279,2024-11-06,C0079,esencial,sur,87,8.7,1,0,
TEL078-001280,2024-11-06,C0080,plus,sur,82,33.5,2,0,
TEL078-001281,2024-11-06,C0081,total,norte,29,56.14,0,0,
TEL078-001282,2024-11-06,C0082,esencial,centro,36,3.91,1,0,
TEL078-001283,2024-11-06,C0083,plus,centro,40,28.28,0,0,
TEL078-001284,2024-11-06,C0084,total,norte,28,59.73,0,0,
TEL078-001285,2024-11-06,C0085,esencial,centro,47,23.33,0,0,
TEL078-001286,2024-11-06,C0086,plus,norte,75,26.73,1,0,
TEL078-001287,2024-11-06,C0087,total,centro,56,43.83,0,0,
TEL078-001288,2024-11-06,C0088,esencial,norte,20,10.35,0,0,
TEL078-001289,2024-11-06,C0089,plus,sur,41,13.04,0,0,
TEL078-001290,2024-11-06,C0090,total,sur,42,52.92,2,0,
TEL078-001291,2024-11-06,C0091,esencial,norte,62,7.45,0,0,
TEL078-001292,2024-11-06,C0092,plus,sur,38,33.47,0,0,
TEL078-001293,2024-11-06,C0093,total,centro,63,44.03,0,0,
TEL078-001294,2024-11-06,C0094,esencial,norte,44,5.97,1,1,mudanza
TEL078-001295,2024-11-06,C0095,plus,norte,85,30.83,4,0,
TEL078-001296,2024-11-06,C0096,total,sur,77,52.43,0,0,
TEL078-001297,2024-11-06,C0097,esencial,norte,30,14.92,0,1,mudanza
TEL078-001298,2024-11-06,C0098,plus,centro,30,33.26,1,0,
TEL078-001299,2024-11-06,C0099,total,sur,85,35.88,0,0,
TEL078-001300,2024-11-06,C0100,esencial,norte,14,6.84,0,0,
TEL078-001301,2024-11-06,C0101,plus,sur,29,32.14,0,0,
TEL078-001302,2024-11-06,C0102,total,centro,78,35.42,1,0,
TEL078-001303,2024-11-06,C0103,esencial,sur,50,25.28,1,0,
TEL078-001304,2024-11-06,C0104,plus,centro,20,34.59,0,0,
TEL078-001305,2024-11-06,C0105,total,norte,25,34.26,2,0,
TEL078-001306,2024-11-06,C0106,esencial,centro,63,6.81,1,0,
TEL078-001307,2024-11-06,C0107,plus,centro,15,29.34,0,0,
TEL078-001308,2024-11-06,C0108,total,centro,11,49.38,3,0,
TEL078-001309,2024-11-06,C0109,esencial,sur,75,10.12,2,0,
TEL078-001310,2024-11-06,C0110,plus,centro,93,31.12,0,0,
TEL078-001311,2024-11-06,C0111,total,norte,33,47.83,0,0,
TEL078-001312,2024-11-06,C0112,esencial,norte,32,6.97,0,0,
TEL078-001313,2024-11-06,C0113,plus,sur,41,23.04,4,0,
TEL078-001314,2024-11-06,C0114,total,norte,30,41.13,0,0,
TEL078-001315,2024-11-06,C0115,esencial,centro,32,20.32,1,0,
TEL078-001316,2024-11-06,C0116,plus,centro,22,35.18,0,0,
TEL078-001317,2024-11-06,C0117,total,sur,70,51.65,0,0,
TEL078-001318,2024-11-06,C0118,esencial,norte,24,13.48,1,0,
TEL078-001319,2024-11-06,C0119,plus,sur,56,25.64,1,0,
TEL078-001320,2024-11-06,C0120,total,norte,94,55.79,1,0,
TEL078-001321,2024-12-07,C0001,esencial,norte,18,18.75,0,0,
TEL078-001322,2024-12-07,C0002,plus,norte,19,31.12,0,0,
TEL078-001323,2024-12-07,C0003,total,sur,42,46.39,0,0,
TEL078-001324,2024-12-07,C0004,esencial,norte,91,8.48,2,0,
TEL078-001325,2024-12-07,C0005,plus,sur,28,25.21,1,1,mudanza
TEL078-001326,2024-12-07,C0006,total,norte,13,46.11,0,0,
TEL078-001327,2024-12-07,C0007,esencial,centro,86,0,3,0,
TEL078-001328,2024-12-07,C0008,plus,norte,81,17.88,2,0,
TEL078-001329,2024-12-07,C0009,total,sur,54,,0,0,
TEL078-001330,2024-12-07,C0010,esencial,sur,98,21.09,1,0,
TEL078-001331,2024-12-07,C0011,plus,norte,100,34.55,0,0,
TEL078-001332,2024-12-07,C0012,total,sur,23,48.15,2,1,mudanza
TEL078-001333,2024-12-07,C0013,esencial,norte,16,17.41,0,0,
TEL078-001334,2024-12-07,C0014,plus,centro,81,37.61,0,0,
TEL078-001335,2024-12-07,C0015,total,centro,101,54.49,0,0,
TEL078-001336,2024-12-07,C0016,esencial,sur,62,0,1,0,
TEL078-001337,2024-12-07,C0017,plus,sur,71,39.59,1,0,
TEL078-001338,2024-12-07,C0018,total,sur,25,54.99,0,0,
TEL078-001339,2024-12-07,C0019,esencial,norte,46,11.61,1,0,
TEL078-001340,2024-12-07,C0020,plus,sur,84,29.64,0,0,
TEL078-001341,2024-12-07,C0021,total,sur,24,48.23,0,0,
TEL078-001342,2024-12-07,C0022,esencial,centro,101,4.69,2,0,
TEL078-001343,2024-12-07,C0023,plus,centro,61,31.75,2,0,
TEL078-001344,2024-12-07,C0024,total,sur,100,56.23,0,0,
TEL078-001345,2024-12-07,C0025,esencial,centro,40,25.56,0,0,
TEL078-001346,2024-12-07,C0026,plus,sur,67,32.8,1,0,
TEL078-001347,2024-12-07,C0027,total,centro,24,50.54,1,0,
TEL078-001348,2024-12-07,C0028,esencial,norte,61,0,1,0,
TEL078-001349,2024-12-07,C0029,plus,centro,48,31.6,2,1,mudanza
TEL078-001350,2024-12-07,C0030,total,norte,53,60.14,3,0,
TEL078-001351,2024-12-07,C0031,esencial,centro,21,12.13,1,0,
TEL078-001352,2024-12-07,C0032,plus,norte,43,24.32,2,0,
TEL078-001353,2024-12-07,C0033,total,sur,100,41.12,1,0,
TEL078-001354,2024-12-07,C0034,esencial,norte,80,1.67,1,0,
TEL078-001355,2024-12-07,C0035,plus,sur,92,6.68,1,0,
TEL078-001356,2024-12-07,C0036,total,norte,62,65.41,0,0,
TEL078-001357,2024-12-07,C0037,esencial,norte,44,5.43,0,1,mudanza
TEL078-001358,2024-12-07,C0038,plus,centro,48,29.05,1,0,
TEL078-001359,2024-12-07,C0039, TOTAL ,norte,92,21.09,1,1,mudanza
TEL078-001360,2024-12-07,C0040,esencial,norte,85,0,1,0,
TEL078-001361,2024-12-07,C0041,plus,norte,84,34.79,0,0,
TEL078-001362,2024-12-07,C0042,total,norte,33,50.45,1,0,
TEL078-001363,2024-12-07,C0043,esencial,centro,18,20.48,4,1,precio
TEL078-001364,2024-12-07,C0044,plus,centro,101,21.69,4,0,
TEL078-001365,2024-12-07,C0045,total,norte,63,52.61,1,0,
TEL078-001366,2024-12-07,C0046,esencial,norte,24,0,0,0,
TEL078-001367,2024-12-07,C0047,plus,centro,73,28.93,0,0,
TEL078-001368,2024-12-07,C0048,total,sur,73,38.72,0,0,
TEL078-001369,2024-12-07,C0049,esencial,centro,97,0.92,0,0,
TEL078-001370,2024-12-07,C0050,plus,norte,45,40.15,0,0,
TEL078-001371,2024-12-07,C0051,total,centro,80,56.16,1,0,
TEL078-001372,2024-12-07,C0052,esencial,norte,96,5.54,3,0,
TEL078-001373,2024-12-07,C0053,plus,centro,58,33.59,0,0,
TEL078-001374,2024-12-07,C0054,total,sur,59,42.71,1,0,
TEL078-001375,2024-12-07,C0055,esencial,norte,43,6.68,0,0,
TEL078-001376,2024-12-07,C0056,plus,centro,75,23.63,1,0,
TEL078-001377,2024-12-07,C0057,total,sur,45,45.44,0,0,
TEL078-001378,2024-12-07,C0058,esencial,centro,65,8.13,0,0,
TEL078-001379,2024-12-07,C0059,plus,centro,96,30.04,0,0,
TEL078-001380,2024-12-07,C0060,total,norte,68,47.52,3,0,
TEL078-001381,2024-12-07,C0061,esencial,centro,21,8.58,1,0,
TEL078-001382,2024-12-07,C0062,plus,centro,43,23.63,1,0,
TEL078-001383,2024-12-07,C0063,total,centro,14,34.86,0,0,
TEL078-001384,2024-12-07,C0064,esencial,centro,93,2.75,3,1,mudanza
TEL078-001385,2024-12-07,C0065,plus,centro,17,29.94,1,0,
TEL078-001386,2024-12-07,C0066,total,sur,53,55.46,0,0,
TEL078-001387,2024-12-07,C0067,esencial,sur,75,9.3,0,0,
TEL078-001388,2024-12-07,C0068,plus,norte,37,51.21,0,0,
TEL078-001389,2024-12-07,C0069,total,sur,59,45.59,0,0,
TEL078-001390,2024-12-07,C0070,esencial,centro,13,11.33,0,0,
TEL078-001391,2024-12-07,C0071,plus,centro,79,21.66,1,0,
TEL078-001392,2024-12-07,C0072,total,norte,38,58.52,0,0,
TEL078-001393,2024-12-07,C0073,esencial,sur,32,18.28,1,1,servicio
TEL078-001394,2024-12-07,C0074,plus,centro,53,37.32,0,0,
TEL078-001395,2024-12-07,C0075,total,sur,63,48.05,1,0,
TEL078-001396,2024-12-07,C0076,esencial,centro,56,9.01,0,0,
TEL078-001397,2024-12-07,C0077,plus,sur,38,23.18,0,0,
TEL078-001398,2024-12-07,C0078,total,centro,80,37.94,1,1,mudanza
TEL078-001399,2024-12-07,C0079,esencial,sur,88,0,0,0,
TEL078-001400,2024-12-07,C0080,plus,sur,83,36.32,2,0,
TEL078-001401,2024-12-07,C0081,total,norte,30,51.65,0,0,
TEL078-001402,2024-12-07,C0082,esencial,centro,37,2.99,3,0,
TEL078-001403,2024-12-07,C0083,plus,centro,41,34.49,0,0,
TEL078-001404,2024-12-07,C0084,total,norte,29,50.51,0,0,
TEL078-001405,2024-12-07,C0085,esencial,centro,48,11.98,0,0,
TEL078-001406,2024-12-07,C0086,plus,norte,76,29.14,0,0,
TEL078-001407,2024-12-07,C0087,total,centro,57,40.94,0,0,
TEL078-001408,2024-12-07,C0088,esencial,norte,21,15.86,1,0,
TEL078-001409,2024-12-07,C0089,plus,sur,42,26.79,0,0,
TEL078-001410,2024-12-07,C0090,total,sur,43,60.54,2,0,
TEL078-001411,2024-12-07,C0091,esencial,norte,63,26.83,0,0,
TEL078-001412,2024-12-07,C0092,plus,sur,39,,3,1,mudanza
TEL078-001413,2024-12-07,C0093,total,centro,64,49.67,1,0,
TEL078-001414,2024-12-07,C0094,esencial,norte,45,12.98,0,0,
TEL078-001415,2024-12-07,C0095,plus,norte,86,22.96,3,0,
TEL078-001416,2024-12-07,C0096,total,sur,78,46.34,0,0,
TEL078-001417,2024-12-07,C0097,esencial,norte,31,16.69,0,0,
TEL078-001418,2024-12-07,C0098,plus,centro,31,32.03,0,0,
TEL078-001419,2024-12-07,C0099,total,sur,86,49.33,0,0,
TEL078-001420,2024-12-07,C0100,esencial,norte,15,8.76,2,0,
TEL078-001421,2024-12-07,C0101,plus,sur,30,28.46,0,0,
TEL078-001422,2024-12-07,C0102,total,centro,79,42.78,1,0,
TEL078-001423,2024-12-07,C0103,esencial,sur,51,23.78,0,0,
TEL078-001424,2024-12-07,C0104,plus,centro,21,25.85,0,0,
TEL078-001425,2024-12-07,C0105,total,norte,26,50.99,1,0,
TEL078-001426,2024-12-07,C0106,esencial,centro,64,7.09,1,0,
TEL078-001427,2024-12-07,C0107,plus,centro,16,42.35,0,0,
TEL078-001428,2024-12-07,C0108,total,centro,12,39.85,0,0,
TEL078-001429,2024-12-07,C0109,esencial,sur,76,8.6,1,0,
TEL078-001430,2024-12-07,C0110,plus,centro,94,33.57,0,0,
TEL078-001431,2024-12-07,C0111,total,norte,34,49.66,0,0,
TEL078-001432,2024-12-07,C0112,esencial,norte,33,16.63,2,0,
TEL078-001433,2024-12-07,C0113,plus,sur,42,33.5,0,0,
TEL078-001434,2024-12-07,C0114,total,norte,31,59.48,2,0,
TEL078-001435,2024-12-07,C0115,esencial,centro,33,9.82,0,0,
TEL078-001436,2024-12-07,C0116,plus,centro,23,20.83,0,0,
TEL078-001437,2024-12-07,C0117,total,sur,71,50.47,0,0,
TEL078-001438,2024-12-07,C0118,esencial,norte,25,7.26,1,1,precio
TEL078-001439,2024-12-07,C0119,plus,sur,57,27.94,0,0,
TEL078-001440,2024-12-07,C0120,total,norte,95,45.71,3,0,
TEL078-001441,2025-01-07,C0001,esencial,norte,19,30.3,1,0,
TEL078-001442,2025-01-07,C0002,plus,norte,20,33.55,0,0,
TEL078-001443,2025-01-07,C0003,total,sur,43,56.52,0,0,
TEL078-001444,2025-01-07,C0004,esencial,norte,92,10.79,0,0,
TEL078-001445,2025-01-07,C0005,plus,sur,29,38.92,1,1,servicio
TEL078-001446,2025-01-07,C0006,total,norte,14,50.02,0,0,
TEL078-001447,2025-01-07,C0007,esencial,centro,87,14.0,1,0,
TEL078-001448,2025-01-07,C0008,plus,norte,82,32.92,1,0,
TEL078-001449,2025-01-07,C0009,total,sur,55,54.98,0,1,precio
TEL078-001450,2025-01-07,C0010,esencial,sur,99,5.54,0,0,
TEL078-001451,2025-01-07,C0011,plus,norte,101,41.57,0,0,
TEL078-001452,2025-01-07,C0012,total,sur,24,46.66,0,0,
TEL078-001453,2025-01-07,C0013,esencial,norte,17,24.42,1,0,
TEL078-001454,2025-01-07,C0014,plus,centro,82,34.12,0,0,
TEL078-001455,2025-01-07,C0015,total,centro,102,68.09,1,0,
TEL078-001456,2025-01-07,C0016, ESENCIAL ,sur,63,21.54,0,0,
TEL078-001457,2025-01-07,C0017,plus,sur,72,24.1,0,0,
TEL078-001458,2025-01-07,C0018,total,sur,26,65.21,0,0,
TEL078-001459,2025-01-07,C0019,esencial,norte,47,5.57,0,0,
TEL078-001460,2025-01-07,C0020,plus,sur,85,52.33,0,0,
TEL078-001461,2025-01-07,C0021,total,sur,25,62.23,1,0,
TEL078-001462,2025-01-07,C0022,esencial,centro,102,12.27,0,0,
TEL078-001463,2025-01-07,C0023,plus,centro,62,36.24,0,0,
TEL078-001464,2025-01-07,C0024,total,sur,101,64.2,0,0,
TEL078-001465,2025-01-07,C0025,esencial,centro,41,14.27,2,0,
TEL078-001466,2025-01-07,C0026,plus,sur,68,43.51,0,0,
TEL078-001467,2025-01-07,C0027,total,centro,25,46.68,0,0,
TEL078-001468,2025-01-07,C0028,esencial,norte,62,10.36,1,0,
TEL078-001469,2025-01-07,C0029,plus,centro,49,41.56,3,1,mudanza
TEL078-001470,2025-01-07,C0030,total,norte,54,48.87,0,0,
TEL078-001471,2025-01-07,C0031,esencial,centro,22,19.96,0,0,
TEL078-001472,2025-01-07,C0032,plus,norte,44,24.52,0,0,
TEL078-001473,2025-01-07,C0033,total,sur,101,60.27,1,0,
TEL078-001474,2025-01-07,C0034,esencial,norte,81,9.33,1,0,
TEL078-001475,2025-01-07,C0035,plus,sur,93,31.9,0,0,
TEL078-001476,2025-01-07,C0036,total,norte,63,46.82,1,0,
TEL078-001477,2025-01-07,C0037,esencial,norte,45,23.53,4,0,
TEL078-001478,2025-01-07,C0038,plus,centro,49,"38,35",3,1,mudanza
TEL078-001479,2025-01-07,C0039,total,norte,93,41.23,0,0,
TEL078-001480,2025-01-07,C0040,esencial,norte,86,28.49,0,0,
TEL078-001481,2025-01-07,C0041,plus,norte,85,30.61,1,0,
TEL078-001482,2025-01-07,C0042,total,norte,34,52.8,2,0,
TEL078-001483,2025-01-07,C0043,esencial,centro,19,18.93,0,0,
TEL078-001484,2025-01-07,C0044,plus,centro,102,40.97,1,0,
TEL078-001485,2025-01-07,C0045,total,norte,64,56.96,0,0,
TEL078-001486,2025-01-07,C0046,esencial,norte,25,13.58,1,0,
TEL078-001487,2025-01-07,C0047,plus,centro,74,30.74,0,0,
TEL078-001488,2025-01-07,C0048,total,sur,74,53.04,0,0,
TEL078-001489,2025-01-07,C0049,esencial,centro,98,9.34,2,0,
TEL078-001490,2025-01-07,C0050,plus,norte,46,38.51,0,0,
TEL078-001491,2025-01-07,C0051,total,centro,81,59.68,0,0,
TEL078-001492,2025-01-07,C0052,esencial,norte,97,21.72,0,0,
TEL078-001493,2025-01-07,C0053,plus,centro,59,25.26,1,0,
TEL078-001494,2025-01-07,C0054,total,sur,60,46.67,3,0,
TEL078-001495,2025-01-07,C0055,esencial,norte,44,,0,0,
TEL078-001496,2025-01-07,C0056,plus,centro,76,38.69,3,0,
TEL078-001497,2025-01-07,C0057,total,sur,46,66.23,0,1,precio
TEL078-001498,2025-01-07,C0058,esencial,centro,66,27.08,3,0,
TEL078-001499,2025-01-07,C0059,plus,centro,97,25.31,1,0,
TEL078-001500,2025-01-07,C0060,total,norte,69,56.6,0,0,
TEL078-001501,2025-01-07,C0061,esencial,centro,22,10.25,2,0,
TEL078-001502,2025-01-07,C0062,plus,centro,44,29.35,0,0,
TEL078-001503,2025-01-07,C0063,total,centro,15,52.81,0,0,
TEL078-001504,2025-01-07,C0064,esencial,centro,94,15.96,0,0,
TEL078-001505,2025-01-07,C0065,plus,centro,18,43.51,0,1,mudanza
TEL078-001506,2025-01-07,C0066,total,sur,54,64.24,0,0,
TEL078-001507,2025-01-07,C0067,esencial,sur,76,20.25,1,0,
TEL078-001508,2025-01-07,C0068,plus,norte,38,29.65,0,0,
TEL078-001509,2025-01-07,C0069,total,sur,60,63.5,1,0,
TEL078-001510,2025-01-07,C0070,esencial,centro,14,1.57,0,0,
TEL078-001511,2025-01-07,C0071,plus,centro,80,36.08,0,0,
TEL078-001512,2025-01-07,C0072,total,norte,39,54.6,2,0,
TEL078-001513,2025-01-07,C0073,esencial,sur,33,21.32,0,0,
TEL078-001514,2025-01-07,C0074,plus,centro,54,30.74,1,0,
TEL078-001515,2025-01-07,C0075,total,sur,64,50.68,0,0,
TEL078-001516,2025-01-07,C0076,esencial,centro,57,9.55,2,0,
TEL078-001517,2025-01-07,C0077,plus,sur,39,33.13,0,0,
TEL078-001518,2025-01-07,C0078,total,centro,81,52.84,1,0,
TEL078-001519,2025-01-07,C0079,esencial,sur,89,12.77,1,0,
TEL078-001520,2025-01-07,C0080,plus,sur,84,44.3,0,0,
TEL078-001521,2025-01-07,C0081,total,norte,31,47.06,2,0,
TEL078-001522,2025-01-07,C0082,esencial,centro,38,10.91,2,0,
TEL078-001523,2025-01-07,C0083,plus,centro,42,34.25,1,0,
TEL078-001524,2025-01-07,C0084,total,norte,30,61.3,0,0,
TEL078-001525,2025-01-07,C0085,esencial,centro,49,18.11,0,0,
TEL078-001526,2025-01-07,C0086,plus,norte,77,30.32,0,0,
TEL078-001527,2025-01-07,C0087,total,centro,58,53.7,0,0,
TEL078-001528,2025-01-07,C0088,esencial,norte,22,7.38,1,0,
TEL078-001529,2025-01-07,C0089,plus,sur,43,41.39,1,0,
TEL078-001530,2025-01-07,C0090,total,sur,44,46.87,1,0,
TEL078-001531,2025-01-07,C0091,esencial,norte,64,11.2,1,0,
TEL078-001532,2025-01-07,C0092,plus,sur,40,30.32,1,1,mudanza
TEL078-001533,2025-01-07,C0093,total,centro,65,45.49,1,0,
TEL078-001534,2025-01-07,C0094,esencial,norte,46,16.92,1,0,
TEL078-001535,2025-01-07,C0095,plus,norte,87,43.06,0,0,
TEL078-001536,2025-01-07,C0096,total,sur,79,56.09,0,0,
TEL078-001537,2025-01-07,C0097,esencial,norte,32,13.79,0,0,
TEL078-001538,2025-01-07,C0098,plus,centro,32,37.96,0,0,
TEL078-001539,2025-01-07,C0099,total,sur,87,43.18,4,0,
TEL078-001540,2025-01-07,C0100,esencial,norte,16,20.51,0,0,
TEL078-001541,2025-01-07,C0101,plus,sur,31,33.18,0,0,
TEL078-001542,2025-01-07,C0102,total,centro,80,51.56,0,0,
TEL078-001543,2025-01-07,C0103,esencial,sur,52,22.19,1,0,
TEL078-001544,2025-01-07,C0104,plus,centro,22,42.77,2,1,servicio
TEL078-001545,2025-01-07,C0105,total,norte,27,59.07,0,0,
TEL078-001546,2025-01-07,C0106,esencial,centro,65,12.16,1,0,
TEL078-001547,2025-01-07,C0107,plus,centro,17,27.0,0,0,
TEL078-001548,2025-01-07,C0108,total,centro,13,55.63,2,0,
TEL078-001549,2025-01-07,C0109,esencial,sur,77,2.99,0,0,
TEL078-001550,2025-01-07,C0110,plus,centro,95,40.62,0,0,
TEL078-001551,2025-01-07,C0111,total,norte,35,42.27,0,0,
TEL078-001552,2025-01-07,C0112,esencial,norte,34,21.59,0,0,
TEL078-001553,2025-01-07,C0113, PLUS ,sur,43,27.1,0,0,
TEL078-001554,2025-01-07,C0114,total,norte,32,41.76,0,0,
TEL078-001555,2025-01-07,C0115,esencial,centro,34,24.88,4,1,precio
TEL078-001556,2025-01-07,C0116,plus,centro,24,35.72,1,0,
TEL078-001557,2024-02-30,C0117,total,sur,72,50.85,0,0,
TEL078-001558,2025-01-07,C0118,esencial,norte,26,25.13,0,0,
TEL078-001559,2025-01-07,C0119,plus,sur,58,31.29,1,0,
TEL078-001560,2025-01-07,C0120,total,norte,96,33.47,1,0,
TEL078-001561,2025-02-07,C0001,esencial,norte,20,22.65,0,0,
TEL078-001562,2025-02-07,C0002,plus,norte,21,34.22,1,0,
TEL078-001563,2025-02-07,C0003,total,sur,44,52.79,1,0,
TEL078-001564,2025-02-07,C0004,esencial,norte,93,19.69,0,0,
TEL078-001565,2025-02-07,C0005,plus,sur,30,35.59,1,0,
TEL078-001566,2025-02-07,C0006,total,norte,15,45.17,1,0,
TEL078-001567,2025-02-07,C0007,esencial,centro,88,17.68,0,0,
TEL078-001568,2025-02-07,C0008,plus,norte,83,28.18,0,0,
TEL078-001569,2025-02-07,C0009,total,sur,56,48.86,1,0,
TEL078-001570,2025-02-07,C0010,esencial,sur,100,23.7,1,1,precio
TEL078-001571,2025-02-07,C0011,plus,norte,102,38.94,0,0,
TEL078-001572,2025-02-07,C0012,total,sur,25,56.01,0,0,
TEL078-001573,2025-02-07,C0013,esencial,norte,18,10.75,1,0,
TEL078-001574,2025-02-07,C0014,plus,centro,83,30.58,0,0,
TEL078-001575,2025-02-07,C0015,total,centro,103,63.8,1,0,
TEL078-001576,2025-02-07,C0016,esencial,sur,64,23.68,3,0,
TEL078-001577,2025-02-07,C0017,plus,sur,73,29.9,0,0,
TEL078-001578,2025-02-07,C0018,total,sur,27,,0,0,
TEL078-001579,2025-02-07,C0019,esencial,norte,48,12.57,0,1,servicio
TEL078-001580,2025-02-07,C0020,plus,sur,86,28.09,0,0,
TEL078-001581,2025-02-07,C0021,total,sur,26,59.7,0,0,
TEL078-001582,2025-02-07,C0022,esencial,centro,103,19.02,0,0,
TEL078-001583,2025-02-07,C0023,plus,centro,63,28.88,0,0,
TEL078-001584,2025-02-07,C0024,total,sur,102,55.66,0,1,precio
TEL078-001585,2025-02-07,C0025,esencial,centro,42,37.06,1,0,
TEL078-001586,2025-02-07,C0026,plus,sur,69,40.89,0,0,
TEL078-001587,2025-02-07,C0027,total,centro,26,50.79,0,0,
TEL078-001588,2025-02-07,C0028,esencial,norte,63,19.54,0,0,
TEL078-001589,2025-02-07,C0029,plus,centro,50,33.3,1,0,
TEL078-001590,2025-02-07,C0030,total,norte,55,45.59,0,0,
TEL078-001591,2025-02-07,C0031,esencial,centro,23,22.21,2,0,
TEL078-001592,2025-02-07,C0032,plus,norte,45,28.1,2,1,servicio
TEL078-001593,2025-02-07,C0033,total,sur,102,46.02,1,0,
TEL078-001594,2025-02-07,C0034,esencial,norte,82,17.91,1,0,
TEL078-001595,2025-02-07,C0035,plus,sur,94,44.4,1,0,
TEL078-001596,2025-02-07,C0036,total,norte,64,60.23,1,0,
TEL078-001597,2025-02-07,C0037,esencial,norte,46,24.48,3,0,
TEL078-001598,2025-02-07,C0038,plus,centro,50,28.7,0,0,
TEL078-001599,2025-02-07,C0039,total,norte,94,63.74,3,0,
TEL078-001600,2025-02-07,C0040,esencial,norte,87,0,0,0,
TEL078-001601,2025-02-07,C0041,plus,norte,86,38.22,0,0,
TEL078-001602,2025-02-07,C0042,total,norte,35,55.17,0,0,
TEL078-001603,2025-02-07,C0043,esencial,centro,20,24.54,1,0,
TEL078-001604,2025-02-07,C0044,plus,centro,103,47.5,2,0,
TEL078-001605,2025-02-07,C0045,total,norte,65,69.34,0,0,
TEL078-001606,2025-02-07,C0046,esencial,norte,26,6.87,0,0,
TEL078-001607,2025-02-07,C0047,plus,centro,75,32.09,1,0,
TEL078-001608,2025-02-07,C0048,total,sur,75,71.3,0,0,
TEL078-001609,2025-02-07,C0049,esencial,centro,99,1.31,0,0,
TEL078-001610,2025-02-07,C0050,plus,norte,47,25.9,2,0,
TEL078-001611,2025-02-07,C0051,total,centro,82,58.39,3,1,precio
TEL078-001612,2025-02-07,C0052,esencial,norte,98,29.49,0,0,
TEL078-001613,2025-02-07,C0053,plus,centro,60,38.37,0,0,
TEL078-001614,2025-02-07,C0054,total,sur,61,48.42,1,0,
TEL078-001615,2025-02-07,C0055,esencial,norte,45,21.51,0,0,
TEL078-001616,2025-02-07,C0056,plus,centro,77,29.0,0,0,
TEL078-001617,2025-02-07,C0057,total,sur,47,67.32,0,0,
TEL078-001618,2025-02-07,C0058,esencial,centro,67,13.13,0,0,
TEL078-001619,2025-02-07,C0059,plus,centro,98,34.65,2,0,
TEL078-001620,2025-02-07,C0060,total,norte,70,48.22,1,0,
TEL078-001621,2025-02-07,C0061,esencial,centro,23,16.18,1,0,
TEL078-001622,2025-02-07,C0062,plus,centro,45,24.73,0,0,
TEL078-001623,2025-02-07,C0063,total,centro,16,54.64,0,0,
TEL078-001624,2025-02-07,C0064,esencial,centro,95,25.2,0,0,
TEL078-001625,2025-02-07,C0065,plus,centro,19,28.42,4,0,
TEL078-001626,2025-02-07,C0066,total,sur,55,55.03,3,0,
TEL078-001627,2025-02-07,C0067,esencial,sur,77,7.93,0,0,
TEL078-001628,2025-02-07,C0068,plus,norte,39,49.12,0,0,
TEL078-001629,2025-02-07,C0069,total,sur,61,41.54,0,0,
TEL078-001630,2025-02-07,C0070,esencial,centro,15,16.3,1,0,
TEL078-001631,2025-02-07,C0071,plus,centro,81,34.68,1,0,
TEL078-001632,2025-02-07,C0072,total,norte,40,57.2,1,0,
TEL078-001633,2025-02-07,C0073,esencial,sur,34,19.32,0,0,
TEL078-001634,2025-02-07,C0074,plus,centro,55,38.63,0,0,
TEL078-001635,2025-02-07,C0075,total,sur,65,53.37,0,0,
TEL078-001636,2025-02-07,C0076,esencial,centro,58,23.96,3,0,
TEL078-001637,2025-02-07,C0077,plus,sur,40,33.48,0,0,
TEL078-001638,2025-02-07,C0078,total,centro,82,66.14,0,0,
TEL078-001639,2025-02-07,C0079,esencial,sur,90,9.46,0,0,
TEL078-001640,2025-02-07,C0080,plus,sur,85,38.9,0,1,servicio
TEL078-001641,2025-02-07,C0081,total,norte,32,49.86,0,0,
TEL078-001642,2025-02-07,C0082,esencial,centro,39,9.45,2,0,
TEL078-001643,2025-02-07,C0083,plus,centro,43,36.84,0,0,
TEL078-001644,2025-02-07,C0084,total,norte,31,40.53,2,1,servicio
TEL078-001645,2025-02-07,C0085,esencial,centro,50,5.91,0,0,
TEL078-001646,2025-02-07,C0086,plus,norte,78,25.03,0,0,
TEL078-001647,2025-02-07,C0087,total,centro,59,71.35,2,0,
TEL078-001648,2025-02-07,C0088,esencial,norte,23,10.15,1,0,
TEL078-001649,2025-02-07,C0089,plus,sur,44,42.79,0,0,
TEL078-001650,2025-02-07,C0090, TOTAL ,sur,45,67.43,1,0,
TEL078-001651,2025-02-07,C0091,esencial,norte,65,0,1,0,
TEL078-001652,2025-02-07,C0092,plus,sur,41,38.98,1,0,
TEL078-001653,2025-02-07,C0093,total,centro,66,56.22,1,0,
TEL078-001654,2025-02-07,C0094,esencial,norte,47,19.29,0,0,
TEL078-001655,2025-02-07,C0095,plus,norte,88,53.64,0,0,
TEL078-001656,2025-02-07,C0096,total,sur,80,48.93,0,0,
TEL078-001657,2025-02-07,C0097,esencial,norte,33,12.4,1,0,
TEL078-001658,2025-02-07,C0098,plus,centro,33,25.24,2,1,mudanza
TEL078-001659,2025-02-07,C0099,total,sur,88,40.97,0,0,
TEL078-001660,2025-02-07,C0100,esencial,norte,17,13.58,0,0,
TEL078-001661,2025-02-07,C0101,plus,sur,32,,1,1,mudanza
TEL078-001662,2025-02-07,C0102,total,centro,81,50.99,1,0,
TEL078-001663,2025-02-07,C0103,esencial,sur,53,11.63,2,1,servicio
TEL078-001664,2025-02-07,C0104,plus,centro,23,43.94,0,0,
TEL078-001665,2025-02-07,C0105,total,norte,28,41.98,0,0,
TEL078-001666,2025-02-07,C0106,esencial,centro,66,14.95,0,0,
TEL078-001667,2025-02-07,C0107,plus,centro,18,28.47,0,0,
TEL078-001668,2025-02-07,C0108,total,centro,14,53.23,4,0,
TEL078-001669,2025-02-07,C0109,esencial,sur,78,0.43,2,0,
TEL078-001670,2025-02-07,C0110,plus,centro,96,43.09,1,0,
TEL078-001671,2025-02-07,C0111,total,norte,36,59.98,2,0,
TEL078-001672,2025-02-07,C0112,esencial,norte,35,11.25,1,0,
TEL078-001673,2025-02-07,C0113,plus,sur,44,41.56,0,0,
TEL078-001674,2025-02-07,C0114,total,norte,33,49.54,0,0,
TEL078-001675,2025-02-07,C0115,esencial,centro,35,9.09,0,0,
TEL078-001676,2025-02-07,C0116,plus,centro,25,42.93,0,0,
TEL078-001677,2025-02-07,C0117,total,sur,73,45.5,0,0,
TEL078-001678,2025-02-07,C0118,esencial,norte,27,24.42,0,0,
TEL078-001679,2025-02-07,C0119,plus,sur,59,46.26,0,0,
TEL078-001680,2025-02-07,C0120,total,norte,97,51.21,0,0,
TEL078-001681,2025-03-10,C0001,esencial,norte,21,29.57,0,0,
TEL078-001682,2025-03-10,C0002,plus,norte,22,11.67,0,0,
TEL078-001683,2025-03-10,C0003,total,sur,45,52.96,1,0,
TEL078-001684,2025-03-10,C0004,esencial,norte,94,0,1,0,
TEL078-001685,2025-03-10,C0005,plus,sur,31,38.93,0,0,
TEL078-001686,2025-03-10,C0006,total,norte,16,51.55,2,0,
TEL078-001687,2025-03-10,C0007,esencial,centro,89,16.42,2,1,mudanza
TEL078-001688,2025-03-10,C0008,plus,norte,84,34.6,2,0,
TEL078-001689,2025-03-10,C0009,total,sur,57,"64,64",0,0,
TEL078-001690,2025-03-10,C0010,esencial,sur,101,23.02,3,0,
TEL078-001691,2025-03-10,C0011,plus,norte,103,39.36,4,0,
TEL078-001692,2025-03-10,C0012,total,sur,26,56.38,0,0,
TEL078-001693,2025-03-10,C0013,esencial,norte,19,16.53,1,0,
TEL078-001694,2025-03-10,C0014,plus,centro,84,32.12,0,0,
TEL078-001695,2025-03-10,C0015,total,centro,104,60.78,1,0,
TEL078-001696,2025-03-10,C0016,esencial,sur,65,6.34,0,0,
TEL078-001697,2025-03-10,C0017,plus,sur,74,44.9,0,0,
TEL078-001698,2025-03-10,C0018,total,sur,28,53.92,0,0,
TEL078-001699,2025-03-10,C0019,esencial,norte,49,10.89,1,0,
TEL078-001700,2025-03-10,C0020,plus,sur,87,35.04,0,0,
TEL078-001701,2025-03-10,C0021,total,sur,27,55.23,0,0,
TEL078-001702,2025-03-10,C0022,esencial,centro,104,19.45,1,0,
TEL078-001703,2025-03-10,C0023,plus,centro,64,43.62,0,0,
TEL078-001704,2025-03-10,C0024,total,sur,103,48.01,1,0,
TEL078-001705,2025-03-10,C0025,esencial,centro,43,9.21,3,0,
TEL078-001706,2025-03-10,C0026,plus,sur,70,39.73,0,0,
TEL078-001707,2025-03-10,C0027,total,centro,27,51.6,1,0,
TEL078-001708,2025-03-10,C0028,esencial,norte,64,13.86,1,0,
TEL078-001709,2025-03-10,C0029,plus,centro,51,37.6,2,0,
TEL078-001710,2025-03-10,C0030,total,norte,56,67.89,0,0,
TEL078-001711,2025-03-10,C0031,esencial,centro,24,21.36,0,0,
TEL078-001712,2025-03-10,C0032,plus,norte,46,45.17,1,0,
TEL078-001713,2025-03-10,C0033,total,sur,103,41.45,2,0,
TEL078-001714,2025-03-10,C0034,esencial,norte,83,25.68,0,0,
TEL078-001715,2025-03-10,C0035,plus,sur,95,27.55,0,0,
TEL078-001716,2025-03-10,C0036,total,norte,65,57.67,0,0,
TEL078-001717,2025-03-10,C0037,esencial,norte,47,32.62,1,0,
TEL078-001718,2025-03-10,C0038,plus,centro,51,45.33,2,0,
TEL078-001719,2025-03-10,C0039,total,norte,95,34.02,0,0,
TEL078-001720,2025-03-10,C0040,esencial,norte,88,8.98,0,0,
TEL078-001721,2025-03-10,C0041,plus,norte,87,29.5,0,0,
TEL078-001722,2025-03-10,C0042,total,norte,36,55.39,0,0,
TEL078-001723,2025-03-10,C0043,esencial,centro,21,14.9,0,0,
TEL078-001724,2025-03-10,C0044,plus,centro,104,44.71,0,0,
TEL078-001725,2025-03-10,C0045,total,norte,66,52.6,0,0,
TEL078-001726,2025-03-10,C0046,esencial,norte,27,14.99,1,1,servicio
TEL078-001727,2025-03-10,C0047,plus,centro,76,39.77,1,0,
TEL078-001728,2025-03-10,C0048,total,sur,76,48.17,2,1,mudanza
TEL078-001729,2025-03-10,C0049,esencial,centro,100,14.86,1,0,
TEL078-001730,2025-03-10,C0050,plus,norte,48,36.77,1,0,
TEL078-001731,2025-03-10,C0051,total,centro,83,51.86,3,0,
TEL078-001732,2025-03-10,C0052,esencial,norte,99,6.36,0,1,precio
TEL078-001733,2025-03-10,C0053,plus,centro,61,40.75,0,0,
TEL078-001734,2025-03-10,C0054,total,sur,62,43.8,1,0,
TEL078-001735,2025-03-10,C0055,esencial,norte,46,33.97,0,0,
TEL078-001736,2025-03-10,C0056,plus,centro,78,45.55,1,0,
TEL078-001737,2025-03-10,C0057,total,sur,48,57.01,3,0,
TEL078-001738,2025-03-10,C0058,esencial,centro,68,29.99,1,0,
TEL078-001739,2025-03-10,C0059,plus,centro,99,37.53,0,0,
TEL078-001740,2025-03-10,C0060,total,norte,71,70.93,0,0,
TEL078-001741,2025-03-10,C0061,esencial,centro,24,20.19,1,0,
TEL078-001742,2025-03-10,C0062,plus,centro,46,28.59,1,0,
TEL078-001743,2025-03-10,C0063,total,centro,17,36.64,2,1,servicio
TEL078-001744,2025-03-10,C0064,esencial,centro,96,,3,0,
TEL078-001745,2025-03-10,C0065,plus,centro,20,29.26,0,0,
TEL078-001746,2025-03-10,C0066,total,sur,56,46.61,0,0,
TEL078-001747,2025-03-10,C0067, ESENCIAL ,sur,78,20.27,0,0,
TEL078-001748,2025-03-10,C0068,plus,norte,40,41.9,0,0,
TEL078-001749,2025-03-10,C0069,total,sur,62,61.34,0,0,
TEL078-001750,2025-03-10,C0070,esencial,centro,16,14.3,0,0,
TEL078-001751,2025-03-10,C0071,plus,centro,82,39.89,2,0,
TEL078-001752,2025-03-10,C0072,total,norte,41,70.52,0,0,
TEL078-001753,2025-03-10,C0073,esencial,sur,35,28.84,1,0,
TEL078-001754,2025-03-10,C0074,plus,centro,56,30.97,0,0,
TEL078-001755,2025-03-10,C0075,total,sur,66,57.66,1,1,mudanza
TEL078-001756,2025-03-10,C0076,esencial,centro,59,13.43,3,0,
TEL078-001757,2025-03-10,C0077,plus,sur,41,33.66,0,0,
TEL078-001758,2025-03-10,C0078,total,centro,83,45.77,0,0,
TEL078-001759,2025-03-10,C0079,esencial,sur,91,24.09,0,0,
TEL078-001760,2025-03-10,C0080,plus,sur,86,35.82,0,0,
TEL078-001761,2025-03-10,C0081,total,norte,33,47.79,0,0,
TEL078-001762,2025-03-10,C0082,esencial,centro,40,25.41,0,0,
TEL078-001763,2025-03-10,C0083,plus,centro,44,15.74,1,1,mudanza
TEL078-001764,2025-03-10,C0084,total,norte,32,56.4,1,0,
TEL078-001765,2025-03-10,C0085,esencial,centro,51,14.99,3,0,
TEL078-001766,2025-03-10,C0086,plus,norte,79,33.62,0,0,
TEL078-001767,2025-03-10,C0087,total,centro,60,66.4,3,0,
TEL078-001768,2025-03-10,C0088,esencial,norte,24,14.02,1,0,
TEL078-001769,2025-03-10,C0089,plus,sur,45,35.71,0,0,
TEL078-001770,2025-03-10,C0090,total,sur,46,44.22,0,0,
TEL078-001771,2025-03-10,C0091,esencial,norte,66,0.51,3,0,
TEL078-001772,2025-03-10,C0092,plus,sur,42,24.55,0,1,mudanza
TEL078-001773,2025-03-10,C0093,total,centro,67,53.49,3,0,
TEL078-001774,2025-03-10,C0094,esencial,norte,48,6.76,2,1,servicio
TEL078-001775,2025-03-10,C0095,plus,norte,89,40.23,0,0,
TEL078-001776,2025-03-10,C0096,total,sur,81,56.74,1,0,
TEL078-001777,2025-03-10,C0097,esencial,norte,34,2.0,0,0,
TEL078-001778,2025-03-10,C0098,plus,centro,34,32.76,1,1,precio
TEL078-001779,2025-03-10,C0099,total,sur,89,50.64,2,0,
TEL078-001780,2025-03-10,C0100,esencial,norte,18,19.21,0,0,
TEL078-001781,2025-03-10,C0101,plus,sur,33,29.88,1,0,
TEL078-001782,2025-03-10,C0102,total,centro,82,62.61,0,0,
TEL078-001783,2025-03-10,C0103,esencial,sur,54,19.72,1,0,
TEL078-001784,2025-03-10,C0104,plus,centro,24,37.79,0,0,
TEL078-001785,2025-03-10,C0105,total,norte,29,53.05,1,0,
TEL078-001786,2025-03-10,C0106,esencial,centro,67,16.6,0,0,
TEL078-001787,2025-03-10,C0107,plus,centro,19,24.72,1,0,
TEL078-001788,2025-03-10,C0108,total,centro,15,52.22,0,0,
TEL078-001789,2025-03-10,C0109,esencial,sur,79,24.11,0,0,
TEL078-001790,2025-03-10,C0110,plus,centro,97,33.2,1,0,
TEL078-001791,2025-03-10,C0111,total,norte,37,57.69,0,0,
TEL078-001792,2025-03-10,C0112,esencial,norte,36,16.68,0,0,
TEL078-001793,2025-03-10,C0113,plus,sur,45,52.54,1,0,
TEL078-001794,2025-03-10,C0114,total,norte,34,53.57,0,0,
TEL078-001795,2025-03-10,C0115,esencial,centro,36,16.08,0,0,
TEL078-001796,2025-03-10,C0116,plus,centro,26,25.5,1,1,mudanza
TEL078-001797,2025-03-10,C0117,total,sur,74,44.13,2,0,
TEL078-001798,2025-03-10,C0118,esencial,norte,28,14.92,2,0,
TEL078-001799,2025-03-10,C0119,plus,sur,60,45.57,1,0,
TEL078-001800,2025-03-10,C0120,total,norte,98,58.26,0,0,
TEL078-001801,2025-04-10,C0001,esencial,norte,22,20.02,1,0,
TEL078-001802,2025-04-10,C0002,plus,norte,23,26.69,3,0,
TEL078-001803,2025-04-10,C0003,total,sur,46,48.97,0,0,
TEL078-001804,2025-04-10,C0004,esencial,norte,95,28.45,0,0,
TEL078-001805,2025-04-10,C0005,plus,sur,32,34.32,0,0,
TEL078-001806,2025-04-10,C0006,total,norte,17,60.08,0,1,servicio
TEL078-001807,2025-04-10,C0007,esencial,centro,90,20.06,0,0,
TEL078-001808,2025-04-10,C0008,plus,norte,85,36.04,0,0,
TEL078-001809,2025-04-10,C0009,total,sur,58,43.58,3,0,
TEL078-001810,2025-04-10,C0010,esencial,sur,102,19.8,1,0,
TEL078-001811,2025-04-10,C0011,plus,norte,104,30.93,0,0,
TEL078-001812,2025-04-10,C0012,total,sur,27,53.99,1,0,
TEL078-001813,2025-04-10,C0013,esencial,norte,20,36.3,0,0,
TEL078-001814,2025-04-10,C0014,plus,centro,85,22.37,1,0,
TEL078-001815,2025-04-10,C0015,total,centro,105,37.08,0,0,
TEL078-001816,2025-04-10,C0016,esencial,sur,66,13.65,0,0,
TEL078-001817,2025-04-10,C0017,plus,sur,75,43.42,1,0,
TEL078-001818,2025-04-10,C0018,total,sur,29,59.71,1,0,
TEL078-001819,2025-04-10,C0019,esencial,norte,50,20.36,3,0,
TEL078-001820,2025-04-10,C0020,plus,sur,88,45.61,1,1,precio
TEL078-001821,2025-04-10,C0021,total,sur,28,63.97,0,0,
TEL078-001822,2025-04-10,C0022,esencial,centro,105,11.21,1,0,
TEL078-001823,2025-04-10,C0023,plus,centro,65,45.86,2,0,
TEL078-001824,2025-04-10,C0024,total,sur,104,55.23,2,0,
TEL078-001825,2025-04-10,C0025,esencial,centro,44,29.28,2,0,
TEL078-001826,2025-04-10,C0026,plus,sur,71,44.29,1,1,servicio
TEL078-001827,2025-04-10,C0027,total,centro,28,,1,0,
TEL078-001828,2025-04-10,C0028,esencial,norte,65,22.44,0,0,
TEL078-001829,2025-04-10,C0029,plus,centro,52,34.47,0,0,
TEL078-001830,2025-04-10,C0030,total,norte,57,63.9,1,0,
TEL078-001831,2025-04-10,C0031,esencial,centro,25,27.16,2,0,
TEL078-001832,2025-04-10,C0032,plus,norte,47,29.2,0,0,
TEL078-001833,2025-04-10,C0033,total,sur,104,52.24,0,1,mudanza
TEL078-001834,2025-04-10,C0034,esencial,norte,84,22.48,1,0,
TEL078-001835,2025-04-10,C0035,plus,sur,96,35.36,1,0,
TEL078-001836,2025-04-10,C0036,total,norte,66,55.55,0,0,
TEL078-001837,2025-04-10,C0037,esencial,norte,48,25.46,0,0,
TEL078-001838,2025-04-10,C0038,plus,centro,52,22.21,0,0,
TEL078-001839,2025-04-10,C0039,total,norte,96,36.32,1,0,
TEL078-001840,2025-04-10,C0040,esencial,norte,89,12.83,0,0,
TEL078-001841,2025-04-10,C0041,plus,norte,88,34.15,0,0,
TEL078-001842,2025-04-10,C0042,total,norte,37,45.18,2,0,
TEL078-001843,2025-04-10,C0043,esencial,centro,22,9.78,1,0,
TEL078-001844,2025-04-10,C0044, PLUS ,centro,105,58.17,1,0,
TEL078-001845,2025-04-10,C0045,total,norte,67,69.84,1,1,mudanza
TEL078-001846,2025-04-10,C0046,esencial,norte,28,16.14,2,0,
TEL078-001847,2025-04-10,C0047,plus,centro,77,36.24,0,0,
TEL078-001848,2025-04-10,C0048,total,sur,77,67.2,0,0,
TEL078-001849,2025-04-10,C0049,esencial,centro,101,8.82,0,0,
TEL078-001850,2025-04-10,C0050,plus,norte,49,40.98,2,0,
TEL078-001851,2025-04-10,C0051,total,centro,84,62.07,1,0,
TEL078-001852,2025-04-10,C0052,esencial,norte,100,12.58,0,0,
TEL078-001853,2025-04-10,C0053,plus,centro,62,24.77,1,0,
TEL078-001854,2025-04-10,C0054,total,sur,63,60.64,2,0,
TEL078-001855,2025-04-10,C0055,esencial,norte,47,18.77,0,0,
TEL078-001856,2025-04-10,C0056,plus,centro,79,31.34,0,0,
TEL078-001857,2025-04-10,C0057,total,sur,49,64.45,2,0,
TEL078-001858,2025-04-10,C0058,esencial,centro,69,10.33,1,0,
TEL078-001859,2025-04-10,C0059,plus,centro,100,28.93,3,1,precio
TEL078-001860,2025-04-10,C0060,total,norte,72,54.93,0,0,
TEL078-001861,2025-04-10,C0061,esencial,centro,25,10.52,0,0,
TEL078-001862,2025-04-10,C0062,plus,centro,47,35.85,0,0,
TEL078-001863,2025-04-10,C0063,total,centro,18,52.43,0,0,
TEL078-001864,2025-04-10,C0064,esencial,centro,97,22.16,3,1,mudanza
TEL078-001865,2025-04-10,C0065,plus,centro,21,47.11,0,0,
TEL078-001866,2025-04-10,C0066,total,sur,57,66.85,0,0,
TEL078-001867,2025-04-10,C0067,esencial,sur,79,3.53,2,1,mudanza
TEL078-001868,2025-04-10,C0068,plus,norte,41,34.93,1,0,
TEL078-001869,2025-04-10,C0069,total,sur,63,44.14,0,0,
TEL078-001870,2025-04-10,C0070,esencial,centro,17,16.49,0,0,
TEL078-001871,2025-04-10,C0071,plus,centro,83,30.3,0,0,
TEL078-001872,2025-04-10,C0072,total,norte,42,46.54,0,0,
TEL078-001873,2025-04-10,C0073,esencial,sur,36,22.57,1,0,
TEL078-001874,2025-04-10,C0074,plus,centro,57,32.86,0,0,
TEL078-001875,2025-04-10,C0075,total,sur,67,62.34,0,0,
TEL078-001876,2025-04-10,C0076,esencial,centro,60,3.99,2,0,
TEL078-001877,2025-04-10,C0077,plus,sur,42,46.5,4,0,
TEL078-001878,2025-04-10,C0078,total,centro,84,48.26,1,0,
TEL078-001879,2025-04-10,C0079,esencial,sur,92,11.18,1,0,
TEL078-001880,2025-04-10,C0080,plus,sur,87,44.72,3,0,
TEL078-001881,2025-04-10,C0081,total,norte,34,33.96,0,0,
TEL078-001882,2025-04-10,C0082,esencial,centro,41,2.64,4,0,
TEL078-001883,2025-04-10,C0083,plus,centro,45,38.59,1,0,
TEL078-001884,2025-04-10,C0084,total,norte,33,57.92,0,0,
TEL078-001885,2025-04-10,C0085,esencial,centro,52,19.05,1,1,precio
TEL078-001886,2025-04-10,C0086,plus,norte,80,26.18,2,0,
TEL078-001887,2025-04-10,C0087,total,centro,61,55.79,0,0,
TEL078-001888,2025-04-10,C0088,esencial,norte,25,22.92,2,0,
TEL078-001889,2025-04-10,C0089,plus,sur,46,29.66,0,0,
TEL078-001890,2025-04-10,C0090,total,sur,47,43.54,2,0,
TEL078-001891,2025-04-10,C0091,esencial,norte,67,13.4,0,0,
TEL078-001892,2025-04-10,C0092,plus,sur,43,24.94,1,0,
TEL078-001893,2025-04-10,C0093,total,centro,68,39.6,0,0,
TEL078-001894,2025-04-10,C0094,esencial,norte,49,8.27,0,0,
TEL078-001895,2025-04-10,C0095,plus,norte,90,37.97,1,0,
TEL078-001896,2025-04-10,C0096,total,sur,82,51.2,0,0,
TEL078-001897,2025-04-10,C0097,esencial,norte,35,10.45,0,0,
TEL078-001898,2025-04-10,C0098,plus,centro,35,36.69,0,0,
TEL078-001899,2025-04-10,C0099,total,sur,90,39.54,2,0,
TEL078-001900,2025-04-10,C0100,esencial,norte,19,"41,34",0,0,
TEL078-001901,2025-04-10,C0101,plus,sur,34,29.44,0,0,
TEL078-001902,2025-04-10,C0102,total,centro,83,40.74,4,0,
TEL078-001903,2025-04-10,C0103,esencial,sur,55,13.26,0,0,
TEL078-001904,2025-04-10,C0104,plus,centro,25,28.29,0,0,
TEL078-001905,2025-04-10,C0105,total,norte,30,51.29,1,1,mudanza
TEL078-001906,2025-04-10,C0106,esencial,centro,68,7.79,0,0,
TEL078-001907,2025-04-10,C0107,plus,centro,20,33.66,0,0,
TEL078-001908,2025-04-10,C0108,total,centro,16,56.44,2,0,
TEL078-001909,2025-04-10,C0109,esencial,sur,80,9.33,0,0,
TEL078-001910,2025-04-10,C0110,plus,centro,98,,4,1,precio
TEL078-001911,2025-04-10,C0111,total,norte,38,44.17,0,0,
TEL078-001912,2025-04-10,C0112,esencial,norte,37,30.84,0,0,
TEL078-001913,2025-04-10,C0113,plus,sur,46,37.59,1,0,
TEL078-001914,2025-04-10,C0114,total,norte,35,49.89,0,0,
TEL078-001915,2025-04-10,C0115,esencial,centro,37,20.65,0,0,
TEL078-001916,2025-04-10,C0116,plus,centro,27,35.13,1,0,
TEL078-001917,2025-04-10,C0117,total,sur,75,53.67,3,0,
TEL078-001918,2025-04-10,C0118,esencial,norte,29,29.02,0,1,mudanza
TEL078-001919,2025-04-10,C0119,plus,sur,61,39.6,0,0,
TEL078-001920,2025-04-10,C0120,total,norte,99,48.74,1,0,
TEL078-001921,2025-05-11,C0001,esencial,norte,23,16.49,2,0,
TEL078-001922,2025-05-11,C0002,plus,norte,24,35.13,0,0,
TEL078-001923,2025-05-11,C0003,total,sur,47,52.39,0,0,
TEL078-001924,2025-05-11,C0004,esencial,norte,96,13.43,0,0,
TEL078-001925,2025-05-11,C0005,plus,sur,33,42.2,1,1,precio
TEL078-001926,2025-05-11,C0006,total,norte,18,72.35,0,0,
TEL078-001927,2025-05-11,C0007,esencial,centro,91,15.58,0,1,servicio
TEL078-001928,2025-05-11,C0008,plus,norte,86,35.17,1,0,
TEL078-001929,2025-05-11,C0009,total,sur,59,57.73,0,0,
TEL078-001930,2025-05-11,C0010,esencial,sur,103,23.37,1,0,
TEL078-001931,2025-05-11,C0011,plus,norte,105,32.05,1,0,
TEL078-001932,2025-05-11,C0012,total,sur,28,57.3,0,0,
TEL078-001933,2025-05-11,C0013,esencial,norte,21,15.63,0,0,
TEL078-001934,2025-05-11,C0014,plus,centro,86,46.71,0,0,
TEL078-001935,2025-05-11,C0015,total,centro,106,50.03,0,0,
TEL078-001936,2025-05-11,C0016,esencial,sur,67,15.68,0,0,
TEL078-001937,2025-05-11,C0017,plus,sur,76,34.7,0,0,
TEL078-001938,2025-05-11,C0018,total,sur,30,69.7,0,0,
TEL078-001939,2025-05-11,C0019,esencial,norte,51,13.13,0,1,precio
TEL078-001940,2025-05-11,C0020,plus,sur,89,44.99,0,0,
TEL078-001941,2025-05-11,C0021, TOTAL ,sur,29,36.53,0,0,
TEL078-001942,2025-05-11,C0022,esencial,centro,106,25.73,0,0,
TEL078-001943,2025-05-11,C0023,plus,centro,66,36.24,2,0,
TEL078-001944,2025-05-11,C0024,total,sur,105,54.41,2,1,mudanza
TEL078-001945,2025-05-11,C0025,esencial,centro,45,14.8,0,0,
TEL078-001946,2024-02-30,C0026,plus,sur,72,42.97,0,0,
TEL078-001947,2025-05-11,C0027,total,centro,29,47.05,0,0,
TEL078-001948,2025-05-11,C0028,esencial,norte,66,14.63,2,0,
TEL078-001949,2025-05-11,C0029,plus,centro,53,42.79,0,0,
TEL078-001950,2025-05-11,C0030,total,norte,58,51.31,0,0,
TEL078-001951,2025-05-11,C0031,esencial,centro,26,27.63,1,0,
TEL078-001952,2025-05-11,C0032,plus,norte,48,41.99,0,0,
TEL078-001953,2025-05-11,C0033,total,sur,105,59.6,0,0,
TEL078-001954,2025-05-11,C0034,esencial,norte,85,17.6,1,0,
TEL078-001955,2025-05-11,C0035,plus,sur,97,19.87,1,0,
TEL078-001956,2025-05-11,C0036,total,norte,67,40.36,2,0,
TEL078-001957,2025-05-11,C0037,esencial,norte,49,14.01,0,0,
TEL078-001958,2025-05-11,C0038,plus,centro,53,37.25,1,0,
TEL078-001959,2025-05-11,C0039,total,norte,97,44.36,1,0,
TEL078-001960,2025-05-11,C0040,esencial,norte,90,16.02,1,0,
TEL078-001961,2025-05-11,C0041,plus,norte,89,41.66,0,0,
TEL078-001962,2025-05-11,C0042,total,norte,38,57.21,3,0,
TEL078-001963,2025-05-11,C0043,esencial,centro,23,6.65,1,1,precio
TEL078-001964,2025-05-11,C0044,plus,centro,106,7.68,0,0,
TEL078-001965,2025-05-11,C0045,total,norte,68,64.28,0,0,
TEL078-001966,2025-05-11,C0046,esencial,norte,29,30.35,1,0,
TEL078-001967,2025-05-11,C0047,plus,centro,78,28.16,0,0,
TEL078-001968,2025-05-11,C0048,total,sur,78,56.31,1,0,
TEL078-001969,2025-05-11,C0049,esencial,centro,102,14.46,1,0,
TEL078-001970,2025-05-11,C0050,plus,norte,50,35.18,1,0,
TEL078-001971,2025-05-11,C0051,total,centro,85,63.26,0,0,
TEL078-001972,2025-05-11,C0052,esencial,norte,101,20.48,2,0,
TEL078-001973,2025-05-11,C0053,plus,centro,63,32.46,0,0,
TEL078-001974,2025-05-11,C0054,total,sur,64,50.5,0,0,
TEL078-001975,2025-05-11,C0055,esencial,norte,48,24.3,2,0,
TEL078-001976,2025-05-11,C0056,plus,centro,80,39.35,0,0,
TEL078-001977,2025-05-11,C0057,total,sur,50,53.32,2,0,
TEL078-001978,2025-05-11,C0058,esencial,centro,70,9.5,0,0,
TEL078-001979,2025-05-11,C0059,plus,centro,101,34.95,2,1,precio
TEL078-001980,2025-05-11,C0060,total,norte,73,62.93,0,0,
TEL078-001981,2025-05-11,C0061,esencial,centro,26,5.96,1,0,
TEL078-001982,2025-05-11,C0062,plus,centro,48,34.34,0,0,
TEL078-001983,2025-05-11,C0063,total,centro,19,54.48,0,0,
TEL078-001984,2025-05-11,C0064,esencial,centro,98,5.13,0,0,
TEL078-001985,2025-05-11,C0065,plus,centro,22,41.24,2,0,
TEL078-001986,2025-05-11,C0066,total,sur,58,45.58,3,0,
TEL078-001987,2025-05-11,C0067,esencial,sur,80,13.73,2,0,
TEL078-001988,2025-05-11,C0068,plus,norte,42,36.87,1,0,
TEL078-001989,2025-05-11,C0069,total,sur,64,54.56,1,0,
TEL078-001990,2025-05-11,C0070,esencial,centro,18,9.61,0,0,
TEL078-001991,2025-05-11,C0071,plus,centro,84,20.98,0,0,
TEL078-001992,2025-05-11,C0072,total,norte,43,53.93,0,0,
TEL078-001993,2025-05-11,C0073,esencial,sur,37,,0,0,
TEL078-001994,2025-05-11,C0074,plus,centro,58,23.0,0,0,
TEL078-001995,2025-05-11,C0075,total,sur,68,61.4,0,0,
TEL078-001996,2025-05-11,C0076,esencial,centro,61,6.84,0,0,
TEL078-001997,2025-05-11,C0077,plus,sur,43,39.37,1,0,
TEL078-001998,2025-05-11,C0078,total,centro,85,39.3,1,0,
TEL078-001999,2025-05-11,C0079,esencial,sur,93,14.86,1,0,
TEL078-002000,2025-05-11,C0080,plus,sur,88,26.71,0,0,
TEL078-002001,2025-05-11,C0081,total,norte,35,42.24,3,0,
TEL078-002002,2025-05-11,C0082,esencial,centro,42,7.13,0,0,
TEL078-002003,2025-05-11,C0083,plus,centro,46,44.32,0,0,
TEL078-002004,2025-05-11,C0084,total,norte,34,62.35,1,0,
TEL078-002005,2025-05-11,C0085,esencial,centro,53,17.06,1,0,
TEL078-002006,2025-05-11,C0086,plus,norte,81,18.85,0,0,
TEL078-002007,2025-05-11,C0087,total,centro,62,54.14,3,0,
TEL078-002008,2025-05-11,C0088,esencial,norte,26,15.36,0,0,
TEL078-002009,2025-05-11,C0089,plus,sur,47,34.4,0,0,
TEL078-002010,2025-05-11,C0090,total,sur,48,53.4,3,0,
TEL078-002011,2025-05-11,C0091,esencial,norte,68,19.04,0,0,
TEL078-002012,2025-05-11,C0092,plus,sur,44,24.91,1,0,
TEL078-002013,2025-05-11,C0093,total,centro,69,64.25,1,0,
TEL078-002014,2025-05-11,C0094,esencial,norte,50,7.14,0,0,
TEL078-002015,2025-05-11,C0095,plus,norte,91,30.02,1,0,
TEL078-002016,2025-05-11,C0096,total,sur,83,51.46,0,0,
TEL078-002017,2025-05-11,C0097,esencial,norte,36,23.21,0,0,
TEL078-002018,2025-05-11,C0098,plus,centro,36,21.68,0,0,
TEL078-002019,2025-05-11,C0099,total,sur,91,58.22,2,0,
TEL078-002020,2025-05-11,C0100,esencial,norte,20,11.76,1,0,
TEL078-002021,2025-05-11,C0101,plus,sur,35,47.91,3,0,
TEL078-002022,2025-05-11,C0102,total,centro,84,54.64,3,0,
TEL078-002023,2025-05-11,C0103,esencial,sur,56,20.43,3,0,
TEL078-002024,2025-05-11,C0104,plus,centro,26,28.07,0,0,
TEL078-002025,2025-05-11,C0105,total,norte,31,52.83,1,0,
TEL078-002026,2025-05-11,C0106,esencial,centro,69,18.16,3,1,servicio
TEL078-002027,2025-05-11,C0107,plus,centro,21,31.14,0,0,
TEL078-002028,2025-05-11,C0108,total,centro,17,55.4,0,1,mudanza
TEL078-002029,2025-05-11,C0109,esencial,sur,81,28.16,2,0,
TEL078-002030,2025-05-11,C0110,plus,centro,99,27.62,1,0,
TEL078-002031,2025-05-11,C0111,total,norte,39,60.4,2,0,
TEL078-002032,2025-05-11,C0112,esencial,norte,38,16.52,1,0,
TEL078-002033,2025-05-11,C0113,plus,sur,47,40.0,0,0,
TEL078-002034,2025-05-11,C0114,total,norte,36,46.43,3,1,precio
TEL078-002035,2025-05-11,C0115,esencial,centro,38,21.6,1,0,
TEL078-002036,2025-05-11,C0116,plus,centro,28,50.39,1,1,servicio
TEL078-002037,2025-05-11,C0117,total,sur,76,57.7,1,0,
TEL078-002038,2025-05-11,C0118, ESENCIAL ,norte,30,16.27,4,0,
TEL078-002039,2025-05-11,C0119,plus,sur,62,47.17,2,0,
TEL078-002040,2025-05-11,C0120,total,norte,100,63.61,0,0,
TEL078-002041,2025-06-11,C0001,esencial,norte,24,0.34,0,0,
TEL078-002042,2025-06-11,C0002,plus,norte,25,50.91,0,0,
TEL078-002043,2025-06-11,C0003,total,sur,48,48.55,1,0,
TEL078-002044,2025-06-11,C0004,esencial,norte,97,10.51,0,0,
TEL078-002045,2025-06-11,C0005,plus,sur,34,37.59,0,0,
TEL078-002046,2025-06-11,C0006,total,norte,19,43.95,0,0,
TEL078-002047,2025-06-11,C0007,esencial,centro,92,24.55,2,0,
TEL078-002048,2025-06-11,C0008,plus,norte,87,14.04,0,0,
TEL078-002049,2025-06-11,C0009,total,sur,60,53.66,0,0,
TEL078-002050,2025-06-11,C0010,esencial,sur,104,16.04,2,0,
TEL078-002051,2025-06-11,C0011,plus,norte,106,35.09,1,0,
TEL078-002052,2025-06-11,C0012,total,sur,29,46.18,3,0,
TEL078-002053,2025-06-11,C0013,esencial,norte,22,7.11,1,0,
TEL078-002054,2025-06-11,C0014,plus,centro,87,36.7,0,0,
TEL078-002055,2025-06-11,C0015,total,centro,107,48.25,0,0,
TEL078-002056,2025-06-11,C0016,esencial,sur,68,3.02,2,0,
TEL078-002057,2025-06-11,C0017,plus,sur,77,23.67,0,0,
TEL078-002058,2025-06-11,C0018,total,sur,31,58.14,0,0,
TEL078-002059,2025-06-11,C0019,esencial,norte,52,11.88,0,0,
TEL078-002060,2025-06-11,C0020,plus,sur,90,39.77,0,0,
TEL078-002061,2025-06-11,C0021,total,sur,30,63.17,1,0,
TEL078-002062,2025-06-11,C0022,esencial,centro,107,12.89,3,0,
TEL078-002063,2025-06-11,C0023,plus,centro,67,33.61,0,0,
TEL078-002064,2025-06-11,C0024,total,sur,106,38.94,0,0,
TEL078-002065,2025-06-11,C0025,esencial,centro,46,2.06,2,0,
TEL078-002066,2025-06-11,C0026,plus,sur,73,29.42,1,0,
TEL078-002067,2025-06-11,C0027,total,centro,30,49.25,0,0,
TEL078-002068,2025-06-11,C0028,esencial,norte,67,6.9,4,0,
TEL078-002069,2025-06-11,C0029,plus,centro,54,39.75,2,0,
TEL078-002070,2025-06-11,C0030,total,norte,59,52.03,1,0,
TEL078-002071,2025-06-11,C0031,esencial,centro,27,14.0,1,0,
TEL078-002072,2025-06-11,C0032,plus,norte,49,31.9,0,0,
TEL078-002073,2025-06-11,C0033,total,sur,106,52.17,0,0,
TEL078-002074,2025-06-11,C0034,esencial,norte,86,17.97,1,0,
TEL078-002075,2025-06-11,C0035,plus,sur,98,38.2,1,0,
TEL078-002076,2025-06-11,C0036,total,norte,68,,1,0,
TEL078-002077,2025-06-11,C0037,esencial,norte,50,31.35,0,0,
TEL078-002078,2025-06-11,C0038,plus,centro,54,32.41,0,0,
TEL078-002079,2025-06-11,C0039,total,norte,98,45.21,0,0,
TEL078-002080,2025-06-11,C0040,esencial,norte,91,26.7,0,0,
TEL078-002081,2025-06-11,C0041,plus,norte,90,31.9,0,0,
TEL078-002082,2025-06-11,C0042,total,norte,39,50.39,0,0,
TEL078-002083,2025-06-11,C0043,esencial,centro,24,16.58,0,0,
TEL078-002084,2025-06-11,C0044,plus,centro,107,23.84,0,0,
TEL078-002085,2025-06-11,C0045,total,norte,69,50.44,3,0,
TEL078-002086,2025-06-11,C0046,esencial,norte,30,15.14,1,0,
TEL078-002087,2025-06-11,C0047,plus,centro,79,36.96,1,0,
TEL078-002088,2025-06-11,C0048,total,sur,79,65.14,2,0,
TEL078-002089,2025-06-11,C0049,esencial,centro,103,24.93,4,0,
TEL078-002090,2025-06-11,C0050,plus,norte,51,27.1,1,0,
TEL078-002091,2025-06-11,C0051,total,centro,86,64.31,0,0,
TEL078-002092,2025-06-11,C0052,esencial,norte,102,14.94,4,0,
TEL078-002093,2025-06-11,C0053,plus,centro,64,38.3,0,0,
TEL078-002094,2025-06-11,C0054,total,sur,65,57.75,0,0,
TEL078-002095,2025-06-11,C0055,esencial,norte,49,7.63,0,0,
TEL078-002096,2025-06-11,C0056,plus,centro,81,39.88,2,0,
TEL078-002097,2025-06-11,C0057,total,sur,51,39.36,2,0,
TEL078-002098,2025-06-11,C0058,esencial,centro,71,31.76,0,0,
TEL078-002099,2025-06-11,C0059,plus,centro,102,54.18,2,1,mudanza
TEL078-002100,2025-06-11,C0060,total,norte,74,51.01,0,0,
TEL078-002101,2025-06-11,C0061,esencial,centro,27,11.99,0,0,
TEL078-002102,2025-06-11,C0062,plus,centro,49,39.17,2,0,
TEL078-002103,2025-06-11,C0063,total,centro,20,44.88,2,1,mudanza
TEL078-002104,2025-06-11,C0064,esencial,centro,99,26.24,0,0,
TEL078-002105,2025-06-11,C0065,plus,centro,23,45.45,1,0,
TEL078-002106,2025-06-11,C0066,total,sur,59,55.69,0,0,
TEL078-002107,2025-06-11,C0067,esencial,sur,81,14.28,1,0,
TEL078-002108,2025-06-11,C0068,plus,norte,43,29.76,1,0,
TEL078-002109,2025-06-11,C0069,total,sur,65,53.68,0,0,
TEL078-002110,2025-06-11,C0070,esencial,centro,19,12.11,0,0,
TEL078-002111,2025-06-11,C0071,plus,centro,85,"35,0",0,0,
TEL078-002112,2025-06-11,C0072,total,norte,44,44.54,1,0,
TEL078-002113,2025-06-11,C0073,esencial,sur,38,15.17,2,0,
TEL078-002114,2025-06-11,C0074,plus,centro,59,40.99,2,0,
TEL078-002115,2025-06-11,C0075,total,sur,69,45.45,0,0,
TEL078-002116,2025-06-11,C0076,esencial,centro,62,25.04,1,0,
TEL078-002117,2025-06-11,C0077,plus,sur,44,33.41,0,0,
TEL078-002118,2025-06-11,C0078,total,centro,86,62.68,3,0,
TEL078-002119,2025-06-11,C0079,esencial,sur,94,25.47,4,1,servicio
TEL078-002120,2025-06-11,C0080,plus,sur,89,27.42,0,0,
TEL078-002121,2025-06-11,C0081,total,norte,36,44.96,0,0,
TEL078-002122,2025-06-11,C0082,esencial,centro,43,14.29,1,0,
TEL078-002123,2025-06-11,C0083,plus,centro,47,30.64,0,0,
TEL078-002124,2025-06-11,C0084,total,norte,35,53.98,1,0,
TEL078-002125,2025-06-11,C0085,esencial,centro,54,19.06,0,0,
TEL078-002126,2025-06-11,C0086,plus,norte,82,38.54,0,0,
TEL078-002127,2025-06-11,C0087,total,centro,63,54.73,0,0,
TEL078-002128,2025-06-11,C0088,esencial,norte,27,25.88,0,0,
TEL078-002129,2025-06-11,C0089,plus,sur,48,25.37,2,0,
TEL078-002130,2025-06-11,C0090,total,sur,49,53.99,0,0,
TEL078-002131,2025-06-11,C0091,esencial,norte,69,16.43,2,0,
TEL078-002132,2025-06-11,C0092,plus,sur,45,37.82,0,0,
TEL078-002133,2025-06-11,C0093,total,centro,70,53.4,0,0,
TEL078-002134,2025-06-11,C0094,esencial,norte,51,4.25,1,0,
TEL078-002135,2025-06-11,C0095, PLUS ,norte,92,36.57,2,0,
TEL078-002136,2025-06-11,C0096,total,sur,84,58.47,0,0,
TEL078-002137,2025-06-11,C0097,esencial,norte,37,17.24,1,0,
TEL078-002138,2025-06-11,C0098,plus,centro,37,36.6,3,0,
TEL078-002139,2025-06-11,C0099,total,sur,92,49.78,0,0,
TEL078-002140,2025-06-11,C0100,esencial,norte,21,9.37,1,0,
TEL078-002141,2025-06-11,C0101,plus,sur,36,47.42,0,0,
TEL078-002142,2025-06-11,C0102,total,centro,85,52.37,0,0,
TEL078-002143,2025-06-11,C0103,esencial,sur,57,12.07,0,0,
TEL078-002144,2025-06-11,C0104,plus,centro,27,47.77,0,0,
TEL078-002145,2025-06-11,C0105,total,norte,32,53.83,3,0,
TEL078-002146,2025-06-11,C0106,esencial,centro,70,17.38,0,0,
TEL078-002147,2025-06-11,C0107,plus,centro,22,23.24,0,0,
TEL078-002148,2025-06-11,C0108,total,centro,18,57.22,2,0,
TEL078-002149,2025-06-11,C0109,esencial,sur,82,2.49,0,0,
TEL078-002150,2025-06-11,C0110,plus,centro,100,41.32,0,0,
TEL078-002151,2025-06-11,C0111,total,norte,40,53.77,0,0,
TEL078-002152,2025-06-11,C0112,esencial,norte,39,12.87,1,0,
TEL078-002153,2025-06-11,C0113,plus,sur,48,30.19,0,0,
TEL078-002154,2025-06-11,C0114,total,norte,37,65.61,0,0,
TEL078-002155,2025-06-11,C0115,esencial,centro,39,12.68,2,1,mudanza
TEL078-002156,2025-06-11,C0116,plus,centro,29,34.08,3,1,precio
TEL078-002157,2025-06-11,C0117,total,sur,77,60.13,0,0,
TEL078-002158,2025-06-11,C0118,esencial,norte,31,16.52,3,0,
TEL078-002159,2025-06-11,C0119,plus,sur,63,,0,0,
TEL078-002160,2025-06-11,C0120,total,norte,101,54.5,1,0,
TEL078-002161,2025-07-12,C0001,esencial,norte,25,15.21,2,0,
TEL078-002162,2025-07-12,C0002,plus,norte,26,29.14,0,0,
TEL078-002163,2025-07-12,C0003,total,sur,49,57.78,0,0,
TEL078-002164,2025-07-12,C0004,esencial,norte,98,27.41,0,0,
TEL078-002165,2025-07-12,C0005,plus,sur,35,40.93,4,0,
TEL078-002166,2025-07-12,C0006,total,norte,20,63.66,0,0,
TEL078-002167,2025-07-12,C0007,esencial,centro,93,0,1,0,
TEL078-002168,2025-07-12,C0008,plus,norte,88,37.61,2,0,
TEL078-002169,2025-07-12,C0009,total,sur,61,54.1,0,0,
TEL078-002170,2025-07-12,C0010,esencial,sur,105,23.13,0,0,
TEL078-002171,2025-07-12,C0011,plus,norte,107,41.0,0,0,
TEL078-002172,2025-07-12,C0012,total,sur,30,41.59,0,0,
TEL078-002173,2025-07-12,C0013,esencial,norte,23,25.22,1,0,
TEL078-002174,2025-07-12,C0014,plus,centro,88,48.81,0,0,
TEL078-002175,2025-07-12,C0015,total,centro,108,39.43,4,0,
TEL078-002176,2025-07-12,C0016,esencial,sur,69,15.89,3,0,
TEL078-002177,2025-07-12,C0017,plus,sur,78,42.72,0,0,
TEL078-002178,2025-07-12,C0018,total,sur,32,50.93,0,0,
TEL078-002179,2025-07-12,C0019,esencial,norte,53,22.93,0,0,
TEL078-002180,2025-07-12,C0020,plus,sur,91,30.0,0,0,
TEL078-002181,2025-07-12,C0021,total,sur,31,58.65,1,0,
TEL078-002182,2025-07-12,C0022,esencial,centro,108,11.98,0,0,
TEL078-002183,2025-07-12,C0023,plus,centro,68,23.59,0,0,
TEL078-002184,2025-07-12,C0024,total,sur,107,46.67,0,0,
TEL078-002185,2025-07-12,C0025,esencial,centro,47,1.78,0,0,
TEL078-002186,2025-07-12,C0026,plus,sur,74,37.04,4,1,mudanza
TEL078-002187,2025-07-12,C0027,total,centro,31,58.56,0,0,
TEL078-002188,2025-07-12,C0028,esencial,norte,68,18.71,4,0,
TEL078-002189,2025-07-12,C0029,plus,centro,55,19.16,0,0,
TEL078-002190,2025-07-12,C0030,total,norte,60,51.19,1,0,
TEL078-002191,2025-07-12,C0031,esencial,centro,28,15.68,0,0,
TEL078-002192,2025-07-12,C0032,plus,norte,50,29.93,0,0,
TEL078-002193,2025-07-12,C0033,total,sur,107,60.02,0,0,
TEL078-002194,2025-07-12,C0034,esencial,norte,87,27.77,0,0,
TEL078-002195,2025-07-12,C0035,plus,sur,99,36.36,0,0,
TEL078-002196,2025-07-12,C0036,total,norte,69,47.73,1,0,
TEL078-002197,2025-07-12,C0037,esencial,norte,51,17.77,0,0,
TEL078-002198,2025-07-12,C0038,plus,centro,55,34.22,3,0,
TEL078-002199,2025-07-12,C0039,total,norte,99,56.6,1,0,
TEL078-002200,2025-07-12,C0040,esencial,norte,92,7.03,1,0,
TEL078-002201,2025-07-12,C0041,plus,norte,91,25.57,1,0,
TEL078-002202,2025-07-12,C0042,total,norte,40,55.66,0,0,
TEL078-002203,2025-07-12,C0043,esencial,centro,25,20.18,1,0,
TEL078-002204,2025-07-12,C0044,plus,centro,108,39.01,1,1,precio
TEL078-002205,2025-07-12,C0045,total,norte,70,37.88,0,0,
TEL078-002206,2025-07-12,C0046,esencial,norte,31,17.03,2,1,precio
TEL078-002207,2025-07-12,C0047,plus,centro,80,43.42,0,0,
TEL078-002208,2025-07-12,C0048,total,sur,80,60.61,3,0,
TEL078-002209,2025-07-12,C0049,esencial,centro,104,29.19,0,0,
TEL078-002210,2025-07-12,C0050,plus,norte,52,41.16,0,0,
TEL078-002211,2025-07-12,C0051,total,centro,87,58.46,0,0,
TEL078-002212,2025-07-12,C0052,esencial,norte,103,5.84,0,0,
TEL078-002213,2025-07-12,C0053,plus,centro,65,42.39,2,0,
TEL078-002214,2025-07-12,C0054,total,sur,66,53.44,0,0,
TEL078-002215,2025-07-12,C0055,esencial,norte,50,35.18,0,0,
TEL078-002216,2025-07-12,C0056,plus,centro,82,37.9,0,0,
TEL078-002217,2025-07-12,C0057,total,sur,52,49.78,0,1,servicio
TEL078-002218,2025-07-12,C0058,esencial,centro,72,11.28,3,0,
TEL078-002219,2025-07-12,C0059,plus,centro,103,23.92,1,0,
TEL078-002220,2025-07-12,C0060,total,norte,75,50.14,0,0,
TEL078-002221,2025-07-12,C0061,esencial,centro,28,15.87,4,0,
TEL078-002222,2025-07-12,C0062,plus,centro,50,31.49,0,0,
TEL078-002223,2025-07-12,C0063,total,centro,21,49.47,3,0,
TEL078-002224,2025-07-12,C0064,esencial,centro,100,21.65,1,0,
TEL078-002225,2025-07-12,C0065,plus,centro,24,26.33,0,0,
TEL078-002226,2025-07-12,C0066,total,sur,60,55.88,0,1,precio
TEL078-002227,2025-07-12,C0067,esencial,sur,82,32.83,0,0,
TEL078-002228,2025-07-12,C0068,plus,norte,44,40.4,0,0,
TEL078-002229,2025-07-12,C0069,total,sur,66,43.8,0,0,
TEL078-002230,2025-07-12,C0070,esencial,centro,20,18.26,0,0,
TEL078-002231,2025-07-12,C0071,plus,centro,86,22.52,0,0,
TEL078-002232,2025-07-12,C0072, TOTAL ,norte,45,41.63,1,0,
TEL078-002233,2025-07-12,C0073,esencial,sur,39,16.46,1,0,
TEL078-002234,2025-07-12,C0074,plus,centro,60,34.93,4,0,
TEL078-002235,2025-07-12,C0075,total,sur,70,49.04,1,0,
TEL078-002236,2025-07-12,C0076,esencial,centro,63,17.38,0,0,
TEL078-002237,2025-07-12,C0077,plus,sur,45,31.08,2,0,
TEL078-002238,2025-07-12,C0078,total,centro,87,45.56,0,0,
TEL078-002239,2025-07-12,C0079,esencial,sur,95,16.57,1,0,
TEL078-002240,2025-07-12,C0080,plus,sur,90,37.7,0,0,
TEL078-002241,2025-07-12,C0081,total,norte,37,52.86,0,0,
TEL078-002242,2025-07-12,C0082,esencial,centro,44,,1,0,
TEL078-002243,2025-07-12,C0083,plus,centro,48,40.73,1,0,
TEL078-002244,2025-07-12,C0084,total,norte,36,56.95,1,0,
TEL078-002245,2025-07-12,C0085,esencial,centro,55,13.2,1,1,servicio
TEL078-002246,2025-07-12,C0086,plus,norte,83,47.83,1,0,
TEL078-002247,2025-07-12,C0087,total,centro,64,66.78,0,0,
TEL078-002248,2025-07-12,C0088,esencial,norte,28,8.8,1,0,
TEL078-002249,2025-07-12,C0089,plus,sur,49,28.37,1,0,
TEL078-002250,2025-07-12,C0090,total,sur,50,63.9,3,1,mudanza
TEL078-002251,2025-07-12,C0091,esencial,norte,70,9.52,1,0,
TEL078-002252,2025-07-12,C0092,plus,sur,46,31.68,0,0,
TEL078-002253,2025-07-12,C0093,total,centro,71,49.14,0,0,
TEL078-002254,2025-07-12,C0094,esencial,norte,52,19.98,2,0,
TEL078-002255,2025-07-12,C0095,plus,norte,93,46.23,1,0,
TEL078-002256,2025-07-12,C0096,total,sur,85,64.66,0,0,
TEL078-002257,2025-07-12,C0097,esencial,norte,38,21.07,1,0,
TEL078-002258,2025-07-12,C0098,plus,centro,38,22.5,0,0,
TEL078-002259,2025-07-12,C0099,total,sur,93,49.07,1,0,
TEL078-002260,2025-07-12,C0100,esencial,norte,22,22.47,0,0,
TEL078-002261,2025-07-12,C0101,plus,sur,37,46.86,0,0,
TEL078-002262,2025-07-12,C0102,total,centro,86,46.41,0,0,
TEL078-002263,2025-07-12,C0103,esencial,sur,58,12.09,1,0,
TEL078-002264,2025-07-12,C0104,plus,centro,28,44.61,1,0,
TEL078-002265,2025-07-12,C0105,total,norte,33,52.49,0,0,
TEL078-002266,2025-07-12,C0106,esencial,centro,71,29.9,0,0,
TEL078-002267,2025-07-12,C0107,plus,centro,23,28.07,0,0,
TEL078-002268,2025-07-12,C0108,total,centro,19,43.67,2,0,
TEL078-002269,2025-07-12,C0109,esencial,sur,83,22.87,0,0,
TEL078-002270,2025-07-12,C0110,plus,centro,101,28.64,0,0,
TEL078-002271,2025-07-12,C0111,total,norte,41,66.71,0,0,
TEL078-002272,2025-07-12,C0112,esencial,norte,40,19.8,0,0,
TEL078-002273,2025-07-12,C0113,plus,sur,49,44.21,0,0,
TEL078-002274,2025-07-12,C0114,total,norte,38,58.31,0,0,
TEL078-002275,2025-07-12,C0115,esencial,centro,40,17.84,0,0,
TEL078-002276,2025-07-12,C0116,plus,centro,30,38.15,3,0,
TEL078-002277,2025-07-12,C0117,total,sur,78,58.56,2,0,
TEL078-002278,2025-07-12,C0118,esencial,norte,32,18.13,1,0,
TEL078-002279,2025-07-12,C0119,plus,sur,64,41.24,1,0,
TEL078-002280,2025-07-12,C0120,total,norte,102,48.47,0,0,
TEL078-002281,2025-08-12,C0001,esencial,norte,26,19.26,1,0,
TEL078-002282,2025-08-12,C0002,plus,norte,27,41.98,3,0,
TEL078-002283,2025-08-12,C0003,total,sur,50,49.15,0,0,
TEL078-002284,2025-08-12,C0004,esencial,norte,99,20.43,0,0,
TEL078-002285,2025-08-12,C0005,plus,sur,36,39.8,0,0,
TEL078-002286,2025-08-12,C0006,total,norte,21,54.68,0,0,
TEL078-002287,2025-08-12,C0007,esencial,centro,94,23.11,1,0,
TEL078-002288,2025-08-12,C0008,plus,norte,89,27.25,0,0,
TEL078-002289,2025-08-12,C0009,total,sur,62,48.49,3,0,
TEL078-002290,2025-08-12,C0010,esencial,sur,106,18.49,0,0,
TEL078-002291,2025-08-12,C0011,plus,norte,108,25.34,0,0,
TEL078-002292,2025-08-12,C0012,total,sur,31,39.43,0,0,
TEL078-002293,2025-08-12,C0013,esencial,norte,24,14.5,0,0,
TEL078-002294,2025-08-12,C0014,plus,centro,89,35.05,0,0,
TEL078-002295,2025-08-12,C0015,total,centro,109,68.93,1,0,
TEL078-002296,2025-08-12,C0016,esencial,sur,70,18.85,1,1,precio
TEL078-002297,2025-08-12,C0017,plus,sur,79,43.99,0,0,
TEL078-002298,2025-08-12,C0018,total,sur,33,48.41,0,0,
TEL078-002299,2025-08-12,C0019,esencial,norte,54,25.64,0,0,
TEL078-002300,2025-08-12,C0020,plus,sur,92,32.24,0,0,
TEL078-002301,2025-08-12,C0021,total,sur,32,58.56,0,0,
TEL078-002302,2025-08-12,C0022,esencial,centro,109,23.52,1,0,
TEL078-002303,2025-08-12,C0023,plus,centro,69,25.33,1,0,
TEL078-002304,2025-08-12,C0024,total,sur,108,45.75,0,0,
TEL078-002305,2025-08-12,C0025,esencial,centro,48,13.29,3,0,
TEL078-002306,2025-08-12,C0026,plus,sur,75,27.34,0,0,
TEL078-002307,2025-08-12,C0027,total,centro,32,60.38,0,0,
TEL078-002308,2025-08-12,C0028,esencial,norte,69,20.23,0,0,
TEL078-002309,2025-08-12,C0029,plus,centro,56,13.23,2,0,
TEL078-002310,2025-08-12,C0030,total,norte,61,48.54,0,0,
TEL078-002311,2025-08-12,C0031,esencial,centro,29,33.21,1,0,
TEL078-002312,2025-08-12,C0032,plus,norte,51,32.88,3,1,servicio
TEL078-002313,2025-08-12,C0033,total,sur,108,42.14,3,0,
TEL078-002314,2025-08-12,C0034,esencial,norte,88,21.88,0,0,
TEL078-002315,2025-08-12,C0035,plus,sur,100,33.22,2,1,mudanza
TEL078-002316,2025-08-12,C0036,total,norte,70,67.89,1,1,mudanza
TEL078-002317,2025-08-12,C0037,esencial,norte,52,16.92,0,0,
TEL078-002318,2025-08-12,C0038,plus,centro,56,36.53,0,0,
TEL078-002319,2025-08-12,C0039,total,norte,100,52.62,1,1,servicio
TEL078-002320,2025-08-12,C0040,esencial,norte,93,17.42,1,0,
TEL078-002321,2025-08-12,C0041,plus,norte,92,21.34,0,0,
TEL078-002322,2025-08-12,C0042,total,norte,41,"60,18",1,0,
TEL078-002323,2025-08-12,C0043,esencial,centro,26,11.61,0,0,
TEL078-002324,2025-08-12,C0044,plus,centro,109,39.5,1,1,precio
TEL078-002325,2025-08-12,C0045,total,norte,71,,0,0,
TEL078-002326,2025-08-12,C0046,esencial,norte,32,22.45,2,0,
TEL078-002327,2025-08-12,C0047,plus,centro,81,40.71,0,0,
TEL078-002328,2025-08-12,C0048,total,sur,81,36.65,0,0,
TEL078-002329,2025-08-12,C0049, ESENCIAL ,centro,105,18.33,1,1,mudanza
TEL078-002330,2025-08-12,C0050,plus,norte,53,17.27,0,0,
TEL078-002331,2025-08-12,C0051,total,centro,88,60.78,0,0,
TEL078-002332,2025-08-12,C0052,esencial,norte,104,20.08,0,0,
TEL078-002333,2025-08-12,C0053,plus,centro,66,45.1,2,0,
TEL078-002334,2025-08-12,C0054,total,sur,67,56.27,0,0,
TEL078-002335,2024-02-30,C0055,esencial,norte,51,12.14,0,0,
TEL078-002336,2025-08-12,C0056,plus,centro,83,26.89,1,0,
TEL078-002337,2025-08-12,C0057,total,sur,53,46.42,0,0,
TEL078-002338,2025-08-12,C0058,esencial,centro,73,15.18,0,0,
TEL078-002339,2025-08-12,C0059,plus,centro,104,29.65,0,0,
TEL078-002340,2025-08-12,C0060,total,norte,76,36.92,0,0,
TEL078-002341,2025-08-12,C0061,esencial,centro,29,0,4,0,
TEL078-002342,2025-08-12,C0062,plus,centro,51,37.7,0,0,
TEL078-002343,2025-08-12,C0063,total,centro,22,51.13,0,0,
TEL078-002344,2025-08-12,C0064,esencial,centro,101,20.38,1,0,
TEL078-002345,2025-08-12,C0065,plus,centro,25,28.6,1,0,
TEL078-002346,2025-08-12,C0066,total,sur,61,59.05,0,0,
TEL078-002347,2025-08-12,C0067,esencial,sur,83,3.89,0,0,
TEL078-002348,2025-08-12,C0068,plus,norte,45,36.01,2,0,
TEL078-002349,2025-08-12,C0069,total,sur,67,47.2,0,1,servicio
TEL078-002350,2025-08-12,C0070,esencial,centro,21,21.96,2,1,precio
TEL078-002351,2025-08-12,C0071,plus,centro,87,34.32,3,0,
TEL078-002352,2025-08-12,C0072,total,norte,46,39.66,2,0,
TEL078-002353,2025-08-12,C0073,esencial,sur,40,17.84,2,0,
TEL078-002354,2025-08-12,C0074,plus,centro,61,31.96,1,0,
TEL078-002355,2025-08-12,C0075,total,sur,71,49.87,0,0,
TEL078-002356,2025-08-12,C0076,esencial,centro,64,15.74,0,0,
TEL078-002357,2025-08-12,C0077,plus,sur,46,39.46,0,0,
TEL078-002358,2025-08-12,C0078,total,centro,88,33.57,1,0,
TEL078-002359,2025-08-12,C0079,esencial,sur,96,11.37,0,1,precio
TEL078-002360,2025-08-12,C0080,plus,sur,91,23.52,2,0,
TEL078-002361,2025-08-12,C0081,total,norte,38,55.91,0,0,
TEL078-002362,2025-08-12,C0082,esencial,centro,45,31.46,0,1,precio
TEL078-002363,2025-08-12,C0083,plus,centro,49,31.52,0,0,
TEL078-002364,2025-08-12,C0084,total,norte,37,54.73,4,0,
TEL078-002365,2025-08-12,C0085,esencial,centro,56,38.06,0,0,
TEL078-002366,2025-08-12,C0086,plus,norte,84,35.39,0,0,
TEL078-002367,2025-08-12,C0087,total,centro,65,59.9,0,0,
TEL078-002368,2025-08-12,C0088,esencial,norte,29,17.62,0,0,
TEL078-002369,2025-08-12,C0089,plus,sur,50,28.89,1,0,
TEL078-002370,2025-08-12,C0090,total,sur,51,54.87,2,1,mudanza
TEL078-002371,2025-08-12,C0091,esencial,norte,71,13.35,1,0,
TEL078-002372,2025-08-12,C0092,plus,sur,47,23.96,2,0,
TEL078-002373,2025-08-12,C0093,total,centro,72,48.72,1,0,
TEL078-002374,2025-08-12,C0094,esencial,norte,53,16.38,2,0,
TEL078-002375,2025-08-12,C0095,plus,norte,94,25.99,0,0,
TEL078-002376,2025-08-12,C0096,total,sur,86,49.66,0,0,
TEL078-002377,2025-08-12,C0097,esencial,norte,39,15.86,1,0,
TEL078-002378,2025-08-12,C0098,plus,centro,39,30.31,1,0,
TEL078-002379,2025-08-12,C0099,total,sur,94,54.27,1,0,
TEL078-002380,2025-08-12,C0100,esencial,norte,23,15.13,0,0,
TEL078-002381,2025-08-12,C0101,plus,sur,38,31.51,0,1,servicio
TEL078-002382,2025-08-12,C0102,total,centro,87,54.89,2,0,
TEL078-002383,2025-08-12,C0103,esencial,sur,59,11.31,1,0,
TEL078-002384,2025-08-12,C0104,plus,centro,29,37.87,0,0,
TEL078-002385,2025-08-12,C0105,total,norte,34,56.02,2,0,
TEL078-002386,2025-08-12,C0106,esencial,centro,72,19.79,0,0,
TEL078-002387,2025-08-12,C0107,plus,centro,24,33.47,1,0,
TEL078-002388,2025-08-12,C0108,total,centro,20,45.45,0,0,
TEL078-002389,2025-08-12,C0109,esencial,sur,84,13.05,2,1,precio
TEL078-002390,2025-08-12,C0110,plus,centro,102,46.9,1,0,
TEL078-002391,2025-08-12,C0111,total,norte,42,58.09,0,0,
TEL078-002392,2025-08-12,C0112,esencial,norte,41,7.72,1,0,
TEL078-002393,2025-08-12,C0113,plus,sur,50,29.96,0,0,
TEL078-002394,2025-08-12,C0114,total,norte,39,56.46,1,0,
TEL078-002395,2025-08-12,C0115,esencial,centro,41,18.14,0,0,
TEL078-002396,2025-08-12,C0116,plus,centro,31,37.91,0,0,
TEL078-002397,2025-08-12,C0117,total,sur,79,64.61,2,0,
TEL078-002398,2025-08-12,C0118,esencial,norte,33,14.7,0,0,
TEL078-002399,2025-08-12,C0119,plus,sur,65,37.43,0,0,
TEL078-002400,2025-08-12,C0120,total,norte,103,49.43,1,1,servicio
TEL078-002401,2025-09-12,C0001,esencial,norte,27,23.99,1,0,
TEL078-002402,2025-09-12,C0002,plus,norte,28,31.13,0,0,
TEL078-002403,2025-09-12,C0003,total,sur,51,51.78,0,0,
TEL078-002404,2025-09-12,C0004,esencial,norte,100,13.07,0,0,
TEL078-002405,2025-09-12,C0005,plus,sur,37,39.07,2,0,
TEL078-002406,2025-09-12,C0006,total,norte,22,53.03,4,1,mudanza
TEL078-002407,2025-09-12,C0007,esencial,centro,95,9.22,1,0,
TEL078-002408,2025-09-12,C0008,plus,norte,90,,0,0,
TEL078-002409,2025-09-12,C0009,total,sur,63,53.04,1,0,
TEL078-002410,2025-09-12,C0010,esencial,sur,107,15.83,0,0,
TEL078-002411,2025-09-12,C0011,plus,norte,109,30.88,0,0,
TEL078-002412,2025-09-12,C0012,total,sur,32,51.57,0,0,
TEL078-002413,2025-09-12,C0013,esencial,norte,25,9.77,0,0,
TEL078-002414,2025-09-12,C0014,plus,centro,90,23.6,3,0,
TEL078-002415,2025-09-12,C0015,total,centro,110,57.85,0,0,
TEL078-002416,2025-09-12,C0016,esencial,sur,71,10.2,1,0,
TEL078-002417,2025-09-12,C0017,plus,sur,80,22.81,3,1,precio
TEL078-002418,2025-09-12,C0018,total,sur,34,47.98,0,0,
TEL078-002419,2025-09-12,C0019,esencial,norte,55,18.51,1,0,
TEL078-002420,2025-09-12,C0020,plus,sur,93,43.18,1,0,
TEL078-002421,2025-09-12,C0021,total,sur,33,65.09,0,0,
TEL078-002422,2025-09-12,C0022,esencial,centro,110,8.19,0,1,precio
TEL078-002423,2025-09-12,C0023,plus,centro,70,21.89,0,0,
TEL078-002424,2025-09-12,C0024,total,sur,109,35.92,2,0,
TEL078-002425,2025-09-12,C0025,esencial,centro,49,15.76,1,0,
TEL078-002426,2025-09-12,C0026, PLUS ,sur,76,33.21,0,0,
TEL078-002427,2025-09-12,C0027,total,centro,33,59.81,1,0,
TEL078-002428,2025-09-12,C0028,esencial,norte,70,18.32,0,0,
TEL078-002429,2025-09-12,C0029,plus,centro,57,44.7,0,0,
TEL078-002430,2025-09-12,C0030,total,norte,62,52.52,2,0,
TEL078-002431,2025-09-12,C0031,esencial,centro,30,17.36,0,0,
TEL078-002432,2025-09-12,C0032,plus,norte,52,29.83,3,0,
TEL078-002433,2025-09-12,C0033,total,sur,109,59.35,0,0,
TEL078-002434,2025-09-12,C0034,esencial,norte,89,27.22,0,0,
TEL078-002435,2025-09-12,C0035,plus,sur,101,39.88,0,0,
TEL078-002436,2025-09-12,C0036,total,norte,71,63.82,0,0,
TEL078-002437,2025-09-12,C0037,esencial,norte,53,13.78,1,0,
TEL078-002438,2025-09-12,C0038,plus,centro,57,39.61,2,0,
TEL078-002439,2025-09-12,C0039,total,norte,101,50.0,2,0,
TEL078-002440,2025-09-12,C0040,esencial,norte,94,17.35,0,1,precio
TEL078-002441,2025-09-12,C0041,plus,norte,93,35.06,1,1,servicio
TEL078-002442,2025-09-12,C0042,total,norte,42,57.56,1,0,
TEL078-002443,2025-09-12,C0043,esencial,centro,27,21.96,3,0,
TEL078-002444,2025-09-12,C0044,plus,centro,110,38.24,2,0,
TEL078-002445,2025-09-12,C0045,total,norte,72,66.23,1,0,
TEL078-002446,2025-09-12,C0046,esencial,norte,33,4.78,0,0,
TEL078-002447,2025-09-12,C0047,plus,centro,82,43.64,3,0,
TEL078-002448,2025-09-12,C0048,total,sur,82,43.84,2,1,servicio
TEL078-002449,2025-09-12,C0049,esencial,centro,106,9.01,2,0,
TEL078-002450,2025-09-12,C0050,plus,norte,54,38.67,0,0,
TEL078-002451,2025-09-12,C0051,total,centro,89,68.51,3,0,
TEL078-002452,2025-09-12,C0052,esencial,norte,105,7.23,0,0,
TEL078-002453,2025-09-12,C0053,plus,centro,67,38.09,2,0,
TEL078-002454,2025-09-12,C0054,total,sur,68,47.8,1,0,
TEL078-002455,2025-09-12,C0055,esencial,norte,52,18.52,0,0,
TEL078-002456,2025-09-12,C0056,plus,centro,84,29.08,1,0,
TEL078-002457,2025-09-12,C0057,total,sur,54,45.87,0,0,
TEL078-002458,2025-09-12,C0058,esencial,centro,74,37.67,1,0,
TEL078-002459,2025-09-12,C0059,plus,centro,105,34.29,0,0,
TEL078-002460,2025-09-12,C0060,total,norte,77,66.14,0,0,
TEL078-002461,2025-09-12,C0061,esencial,centro,30,21.97,1,0,
TEL078-002462,2025-09-12,C0062,plus,centro,52,35.08,0,0,
TEL078-002463,2025-09-12,C0063,total,centro,23,65.96,4,0,
TEL078-002464,2025-09-12,C0064,esencial,centro,102,3.54,0,0,
TEL078-002465,2025-09-12,C0065,plus,centro,26,26.11,4,1,mudanza
TEL078-002466,2025-09-12,C0066,total,sur,62,50.26,1,0,
TEL078-002467,2025-09-12,C0067,esencial,sur,84,10.13,0,0,
TEL078-002468,2025-09-12,C0068,plus,norte,46,30.28,0,0,
TEL078-002469,2025-09-12,C0069,total,sur,68,54.98,0,0,
TEL078-002470,2025-09-12,C0070,esencial,centro,22,13.42,1,0,
TEL078-002471,2025-09-12,C0071,plus,centro,88,17.97,1,0,
TEL078-002472,2025-09-12,C0072,total,norte,47,50.59,3,0,
TEL078-002473,2025-09-12,C0073,esencial,sur,41,26.08,1,0,
TEL078-002474,2025-09-12,C0074,plus,centro,62,43.29,2,0,
TEL078-002475,2025-09-12,C0075,total,sur,72,53.84,2,1,mudanza
TEL078-002476,2025-09-12,C0076,esencial,centro,65,23.89,0,0,
TEL078-002477,2025-09-12,C0077,plus,sur,47,41.11,1,0,
TEL078-002478,2025-09-12,C0078,total,centro,89,55.17,1,0,
TEL078-002479,2025-09-12,C0079,esencial,sur,97,18.02,0,0,
TEL078-002480,2025-09-12,C0080,plus,sur,92,30.92,3,1,mudanza
TEL078-002481,2025-09-12,C0081,total,norte,39,38.7,0,0,
TEL078-002482,2025-09-12,C0082,esencial,centro,46,11.66,1,0,
TEL078-002483,2025-09-12,C0083,plus,centro,50,37.35,0,0,
TEL078-002484,2025-09-12,C0084,total,norte,38,59.57,0,0,
TEL078-002485,2025-09-12,C0085,esencial,centro,57,22.53,4,0,
TEL078-002486,2025-09-12,C0086,plus,norte,85,35.84,1,0,
TEL078-002487,2025-09-12,C0087,total,centro,66,46.49,0,0,
TEL078-002488,2025-09-12,C0088,esencial,norte,30,19.52,0,0,
TEL078-002489,2025-09-12,C0089,plus,sur,51,38.67,0,0,
TEL078-002490,2025-09-12,C0090,total,sur,52,56.72,0,0,
TEL078-002491,2025-09-12,C0091,esencial,norte,72,,0,0,
TEL078-002492,2025-09-12,C0092,plus,sur,48,27.37,0,0,
TEL078-002493,2025-09-12,C0093,total,centro,73,49.37,0,0,
TEL078-002494,2025-09-12,C0094,esencial,norte,54,15.59,2,0,
TEL078-002495,2025-09-12,C0095,plus,norte,95,40.61,1,1,mudanza
TEL078-002496,2025-09-12,C0096,total,sur,87,54.5,0,0,
TEL078-002497,2025-09-12,C0097,esencial,norte,40,15.44,1,0,
TEL078-002498,2025-09-12,C0098,plus,centro,40,32.88,0,0,
TEL078-002499,2025-09-12,C0099,total,sur,95,48.24,0,0,
TEL078-002500,2025-09-12,C0100,esencial,norte,24,23.3,0,0,
TEL078-002501,2025-09-12,C0101,plus,sur,39,42.22,0,0,
TEL078-002502,2025-09-12,C0102,total,centro,88,39.85,0,0,
TEL078-002503,2025-09-12,C0103,esencial,sur,60,12.25,4,0,
TEL078-002504,2025-09-12,C0104,plus,centro,30,29.39,2,0,
TEL078-002505,2025-09-12,C0105,total,norte,35,57.27,2,0,
TEL078-002506,2025-09-12,C0106,esencial,centro,73,7.46,0,0,
TEL078-002507,2025-09-12,C0107,plus,centro,25,38.69,0,0,
TEL078-002508,2025-09-12,C0108,total,centro,21,40.58,0,0,
TEL078-002509,2025-09-12,C0109,esencial,sur,85,8.36,0,0,
TEL078-002510,2025-09-12,C0110,plus,centro,103,49.2,0,0,
TEL078-002511,2025-09-12,C0111,total,norte,43,50.96,1,0,
TEL078-002512,2025-09-12,C0112,esencial,norte,42,0,0,0,
TEL078-002513,2025-09-12,C0113,plus,sur,51,40.0,0,0,
TEL078-002514,2025-09-12,C0114,total,norte,40,68.77,1,0,
TEL078-002515,2025-09-12,C0115,esencial,centro,42,28.19,0,0,
TEL078-002516,2025-09-12,C0116,plus,centro,32,52.2,1,0,
TEL078-002517,2025-09-12,C0117,total,sur,80,57.07,0,0,
TEL078-002518,2025-09-12,C0118,esencial,norte,34,12.13,0,0,
TEL078-002519,2025-09-12,C0119,plus,sur,66,51.99,1,0,
TEL078-002520,2025-09-12,C0120,total,norte,104,51.01,0,0,
TEL078-002521,2025-10-13,C0001,esencial,norte,28,10.39,1,0,
TEL078-002522,2025-10-13,C0002,plus,norte,29,38.75,0,0,
TEL078-002523,2025-10-13,C0003, TOTAL ,sur,52,57.19,0,0,
TEL078-002524,2025-10-13,C0004,esencial,norte,101,6.99,0,0,
TEL078-002525,2025-10-13,C0005,plus,sur,38,32.51,3,0,
TEL078-002526,2025-10-13,C0006,total,norte,23,39.62,0,0,
TEL078-002527,2025-10-13,C0007,esencial,centro,96,24.91,0,0,
TEL078-002528,2025-10-13,C0008,plus,norte,91,27.64,0,0,
TEL078-002529,2025-10-13,C0009,total,sur,64,60.53,1,0,
TEL078-002530,2025-10-13,C0010,esencial,sur,108,24.34,0,0,
TEL078-002531,2025-10-13,C0011,plus,norte,110,46.2,1,0,
TEL078-002532,2025-10-13,C0012,total,sur,33,64.62,0,0,
TEL078-002533,2025-10-13,C0013,esencial,norte,26,"11,08",2,0,
TEL078-002534,2025-10-13,C0014,plus,centro,91,46.57,0,0,
TEL078-002535,2025-10-13,C0015,total,centro,111,59.58,0,0,
TEL078-002536,2025-10-13,C0016,esencial,sur,72,11.45,4,1,mudanza
TEL078-002537,2025-10-13,C0017,plus,sur,81,41.15,1,0,
TEL078-002538,2025-10-13,C0018,total,sur,35,41.85,0,0,
TEL078-002539,2025-10-13,C0019,esencial,norte,56,15.53,0,0,
TEL078-002540,2025-10-13,C0020,plus,sur,94,39.65,1,0,
TEL078-002541,2025-10-13,C0021,total,sur,34,44.69,0,0,
TEL078-002542,2025-10-13,C0022,esencial,centro,111,6.84,0,0,
TEL078-002543,2025-10-13,C0023,plus,centro,71,24.68,0,0,
TEL078-002544,2025-10-13,C0024,total,sur,110,49.99,2,1,mudanza
TEL078-002545,2025-10-13,C0025,esencial,centro,50,15.32,0,0,
TEL078-002546,2025-10-13,C0026,plus,sur,77,42.16,1,0,
TEL078-002547,2025-10-13,C0027,total,centro,34,51.78,2,0,
TEL078-002548,2025-10-13,C0028,esencial,norte,71,23.98,3,0,
TEL078-002549,2025-10-13,C0029,plus,centro,58,33.26,1,0,
TEL078-002550,2025-10-13,C0030,total,norte,63,51.03,1,1,precio
TEL078-002551,2025-10-13,C0031,esencial,centro,31,24.74,0,0,
TEL078-002552,2025-10-13,C0032,plus,norte,53,38.22,1,0,
TEL078-002553,2025-10-13,C0033,total,sur,110,58.87,1,0,
TEL078-002554,2025-10-13,C0034,esencial,norte,90,0.84,4,0,
TEL078-002555,2025-10-13,C0035,plus,sur,102,24.53,1,0,
TEL078-002556,2025-10-13,C0036,total,norte,72,66.67,1,1,precio
TEL078-002557,2025-10-13,C0037,esencial,norte,54,21.31,1,0,
TEL078-002558,2025-10-13,C0038,plus,centro,58,42.83,1,0,
TEL078-002559,2025-10-13,C0039,total,norte,102,49.58,1,0,
TEL078-002560,2025-10-13,C0040,esencial,norte,95,28.23,0,0,
TEL078-002561,2025-10-13,C0041,plus,norte,94,33.48,0,0,
TEL078-002562,2025-10-13,C0042,total,norte,43,48.95,0,0,
TEL078-002563,2025-10-13,C0043,esencial,centro,28,11.9,0,0,
TEL078-002564,2025-10-13,C0044,plus,centro,111,42.45,0,0,
TEL078-002565,2025-10-13,C0045,total,norte,73,57.33,0,0,
TEL078-002566,2025-10-13,C0046,esencial,norte,34,16.96,0,0,
TEL078-002567,2025-10-13,C0047,plus,centro,83,38.24,0,0,
TEL078-002568,2025-10-13,C0048,total,sur,83,49.8,0,0,
TEL078-002569,2025-10-13,C0049,esencial,centro,107,26.84,0,0,
TEL078-002570,2025-10-13,C0050,plus,norte,55,35.31,1,0,
TEL078-002571,2025-10-13,C0051,total,centro,90,63.79,0,0,
TEL078-002572,2025-10-13,C0052,esencial,norte,106,15.93,0,0,
TEL078-002573,2025-10-13,C0053,plus,centro,68,33.71,1,0,
TEL078-002574,2025-10-13,C0054,total,sur,69,,2,0,
TEL078-002575,2025-10-13,C0055,esencial,norte,53,12.19,3,0,
TEL078-002576,2025-10-13,C0056,plus,centro,85,18.89,2,1,mudanza
TEL078-002577,2025-10-13,C0057,total,sur,55,59.76,0,0,
TEL078-002578,2025-10-13,C0058,esencial,centro,75,14.09,0,0,
TEL078-002579,2025-10-13,C0059,plus,centro,106,31.63,0,0,
TEL078-002580,2025-10-13,C0060,total,norte,78,65.52,2,0,
TEL078-002581,2025-10-13,C0061,esencial,centro,31,24.25,0,0,
TEL078-002582,2025-10-13,C0062,plus,centro,53,33.93,2,1,servicio
TEL078-002583,2025-10-13,C0063,total,centro,24,66.65,2,1,mudanza
TEL078-002584,2025-10-13,C0064,esencial,centro,103,4.26,0,1,precio
TEL078-002585,2025-10-13,C0065,plus,centro,27,31.46,3,0,
TEL078-002586,2025-10-13,C0066,total,sur,63,60.71,0,0,
TEL078-002587,2025-10-13,C0067,esencial,sur,85,22.97,0,0,
TEL078-002588,2025-10-13,C0068,plus,norte,47,40.88,0,0,
TEL078-002589,2025-10-13,C0069,total,sur,69,67.88,0,0,
TEL078-002590,2025-10-13,C0070,esencial,centro,23,20.74,0,0,
TEL078-002591,2025-10-13,C0071,plus,centro,89,29.1,0,0,
TEL078-002592,2025-10-13,C0072,total,norte,48,48.98,0,0,
TEL078-002593,2025-10-13,C0073,esencial,sur,42,5.89,1,0,
TEL078-002594,2025-10-13,C0074,plus,centro,63,36.06,0,0,
TEL078-002595,2025-10-13,C0075,total,sur,73,41.68,0,0,
TEL078-002596,2025-10-13,C0076,esencial,centro,66,15.84,4,0,
TEL078-002597,2025-10-13,C0077,plus,sur,48,34.86,1,0,
TEL078-002598,2025-10-13,C0078,total,centro,90,50.81,1,0,
TEL078-002599,2025-10-13,C0079,esencial,sur,98,13.66,0,0,
TEL078-002600,2025-10-13,C0080,plus,sur,93,37.52,0,0,
TEL078-002601,2025-10-13,C0081,total,norte,40,58.85,1,0,
TEL078-002602,2025-10-13,C0082,esencial,centro,47,29.81,0,0,
TEL078-002603,2025-10-13,C0083,plus,centro,51,36.56,1,0,
TEL078-002604,2025-10-13,C0084,total,norte,39,44.18,2,0,
TEL078-002605,2025-10-13,C0085,esencial,centro,58,3.1,1,0,
TEL078-002606,2025-10-13,C0086,plus,norte,86,40.21,4,0,
TEL078-002607,2025-10-13,C0087,total,centro,67,50.86,0,0,
TEL078-002608,2025-10-13,C0088,esencial,norte,31,34.99,0,1,mudanza
TEL078-002609,2025-10-13,C0089,plus,sur,52,46.84,1,0,
TEL078-002610,2025-10-13,C0090,total,sur,53,49.99,1,0,
TEL078-002611,2025-10-13,C0091,esencial,norte,73,20.92,1,0,
TEL078-002612,2025-10-13,C0092,plus,sur,49,42.19,0,0,
TEL078-002613,2025-10-13,C0093,total,centro,74,51.29,2,0,
TEL078-002614,2025-10-13,C0094,esencial,norte,55,17.3,1,0,
TEL078-002615,2025-10-13,C0095,plus,norte,96,34.78,0,0,
TEL078-002616,2025-10-13,C0096,total,sur,88,46.34,0,0,
TEL078-002617,2025-10-13,C0097,esencial,norte,41,17.63,1,0,
TEL078-002618,2025-10-13,C0098,plus,centro,41,39.69,1,0,
TEL078-002619,2025-10-13,C0099,total,sur,96,55.43,0,0,
TEL078-002620,2025-10-13,C0100, ESENCIAL ,norte,25,24.28,0,0,
TEL078-002621,2025-10-13,C0101,plus,sur,40,26.54,1,0,
TEL078-002622,2025-10-13,C0102,total,centro,89,41.41,3,0,
TEL078-002623,2025-10-13,C0103,esencial,sur,61,34.0,1,0,
TEL078-002624,2025-10-13,C0104,plus,centro,31,32.81,0,0,
TEL078-002625,2025-10-13,C0105,total,norte,36,39.46,2,0,
TEL078-002626,2025-10-13,C0106,esencial,centro,74,12.79,0,0,
TEL078-002627,2025-10-13,C0107,plus,centro,26,35.67,0,0,
TEL078-002628,2025-10-13,C0108,total,centro,22,53.46,0,0,
TEL078-002629,2025-10-13,C0109,esencial,sur,86,11.85,0,0,
TEL078-002630,2025-10-13,C0110,plus,centro,104,39.12,2,0,
TEL078-002631,2025-10-13,C0111,total,norte,44,63.28,2,0,
TEL078-002632,2025-10-13,C0112,esencial,norte,43,11.82,0,0,
TEL078-002633,2025-10-13,C0113,plus,sur,52,24.45,1,0,
TEL078-002634,2025-10-13,C0114,total,norte,41,58.77,0,0,
TEL078-002635,2025-10-13,C0115,esencial,centro,43,10.71,4,1,servicio
TEL078-002636,2025-10-13,C0116,plus,centro,33,30.49,0,0,
TEL078-002637,2025-10-13,C0117,total,sur,81,67.02,0,0,
TEL078-002638,2025-10-13,C0118,esencial,norte,35,10.61,0,0,
TEL078-002639,2025-10-13,C0119,plus,sur,67,26.44,0,0,
TEL078-002640,2025-10-13,C0120,total,norte,105,35.09,2,0,
TEL078-002641,2025-11-13,C0001,esencial,norte,29,4.04,0,0,
TEL078-002642,2025-11-13,C0002,plus,norte,30,32.23,0,0,
TEL078-002643,2025-11-13,C0003,total,sur,53,44.19,1,0,
TEL078-002644,2025-11-13,C0004,esencial,norte,102,22.87,0,0,
TEL078-002645,2025-11-13,C0005,plus,sur,39,37.96,2,0,
TEL078-002646,2025-11-13,C0006,total,norte,24,58.05,2,0,
TEL078-002647,2025-11-13,C0007,esencial,centro,97,29.73,1,0,
TEL078-002648,2025-11-13,C0008,plus,norte,92,44.78,1,0,
TEL078-002649,2025-11-13,C0009,total,sur,65,48.76,3,1,precio
TEL078-002650,2025-11-13,C0010,esencial,sur,109,22.52,3,1,precio
TEL078-002651,2025-11-13,C0011,plus,norte,111,24.15,3,0,
TEL078-002652,2025-11-13,C0012,total,sur,34,52.65,3,0,
TEL078-002653,2025-11-13,C0013,esencial,norte,27,16.36,0,0,
TEL078-002654,2025-11-13,C0014,plus,centro,92,34.42,0,0,
TEL078-002655,2025-11-13,C0015,total,centro,112,61.66,1,0,
TEL078-002656,2025-11-13,C0016,esencial,sur,73,20.45,2,0,
TEL078-002657,2025-11-13,C0017,plus,sur,82,,1,0,
TEL078-002658,2025-11-13,C0018,total,sur,36,40.64,0,0,
TEL078-002659,2025-11-13,C0019,esencial,norte,57,3.18,0,1,precio
TEL078-002660,2025-11-13,C0020,plus,sur,95,44.98,1,0,
TEL078-002661,2025-11-13,C0021,total,sur,35,64.29,0,0,
TEL078-002662,2025-11-13,C0022,esencial,centro,112,26.8,1,0,
TEL078-002663,2025-11-13,C0023,plus,centro,72,42.02,0,0,
TEL078-002664,2025-11-13,C0024,total,sur,111,51.24,1,0,
TEL078-002665,2025-11-13,C0025,esencial,centro,51,7.57,1,0,
TEL078-002666,2025-11-13,C0026,plus,sur,78,43.45,0,0,
TEL078-002667,2025-11-13,C0027,total,centro,35,63.28,0,0,
TEL078-002668,2025-11-13,C0028,esencial,norte,72,20.0,0,0,
TEL078-002669,2025-11-13,C0029,plus,centro,59,41.04,1,0,
TEL078-002670,2025-11-13,C0030,total,norte,64,44.51,1,1,precio
TEL078-002671,2025-11-13,C0031,esencial,centro,32,23.86,0,0,
TEL078-002672,2025-11-13,C0032,plus,norte,54,41.52,0,0,
TEL078-002673,2025-11-13,C0033,total,sur,111,45.09,0,0,
TEL078-002674,2025-11-13,C0034,esencial,norte,91,23.62,2,1,servicio
TEL078-002675,2025-11-13,C0035,plus,sur,103,33.66,2,0,
TEL078-002676,2025-11-13,C0036,total,norte,73,50.98,0,0,
TEL078-002677,2025-11-13,C0037,esencial,norte,55,12.35,0,0,
TEL078-002678,2025-11-13,C0038,plus,centro,59,37.67,3,0,
TEL078-002679,2025-11-13,C0039,total,norte,103,53.91,0,0,
TEL078-002680,2025-11-13,C0040,esencial,norte,96,18.08,0,0,
TEL078-002681,2025-11-13,C0041,plus,norte,95,47.12,1,0,
TEL078-002682,2025-11-13,C0042,total,norte,44,35.92,0,0,
TEL078-002683,2025-11-13,C0043,esencial,centro,29,27.33,2,1,precio
TEL078-002684,2025-11-13,C0044,plus,centro,112,46.37,1,0,
TEL078-002685,2025-11-13,C0045,total,norte,74,55.3,1,0,
TEL078-002686,2025-11-13,C0046,esencial,norte,35,15.17,0,0,
TEL078-002687,2025-11-13,C0047,plus,centro,84,39.92,0,0,
TEL078-002688,2025-11-13,C0048,total,sur,84,55.88,0,0,
TEL078-002689,2025-11-13,C0049,esencial,centro,108,23.73,0,0,
TEL078-002690,2025-11-13,C0050,plus,norte,56,42.44,1,0,
TEL078-002691,2025-11-13,C0051,total,centro,91,48.24,0,0,
TEL078-002692,2025-11-13,C0052,esencial,norte,107,20.27,2,0,
TEL078-002693,2025-11-13,C0053,plus,centro,69,26.09,3,1,mudanza
TEL078-002694,2025-11-13,C0054,total,sur,70,57.03,1,0,
TEL078-002695,2025-11-13,C0055,esencial,norte,54,19.46,0,1,precio
TEL078-002696,2025-11-13,C0056,plus,centro,86,31.96,1,0,
TEL078-002697,2025-11-13,C0057,total,sur,56,50.21,1,1,servicio
TEL078-002698,2025-11-13,C0058,esencial,centro,76,1.41,1,1,precio
TEL078-002699,2025-11-13,C0059,plus,centro,107,44.12,0,0,
TEL078-002700,2025-11-13,C0060,total,norte,79,48.93,1,0,
TEL078-002701,2025-11-13,C0061,esencial,centro,32,19.32,1,0,
TEL078-002702,2025-11-13,C0062,plus,centro,54,46.48,0,0,
TEL078-002703,2025-11-13,C0063,total,centro,25,41.46,0,0,
TEL078-002704,2025-11-13,C0064,esencial,centro,104,24.84,4,0,
TEL078-002705,2025-11-13,C0065,plus,centro,28,47.82,0,0,
TEL078-002706,2025-11-13,C0066,total,sur,64,60.54,0,0,
TEL078-002707,2025-11-13,C0067,esencial,sur,86,21.7,2,0,
TEL078-002708,2025-11-13,C0068,plus,norte,48,33.29,2,0,
TEL078-002709,2025-11-13,C0069,total,sur,70,30.71,0,0,
TEL078-002710,2025-11-13,C0070,esencial,centro,24,21.44,0,0,
TEL078-002711,2025-11-13,C0071,plus,centro,90,39.52,1,0,
TEL078-002712,2025-11-13,C0072,total,norte,49,57.12,1,0,
TEL078-002713,2025-11-13,C0073,esencial,sur,43,24.06,0,0,
TEL078-002714,2025-11-13,C0074,plus,centro,64,24.15,0,0,
TEL078-002715,2025-11-13,C0075,total,sur,74,59.92,0,0,
TEL078-002716,2025-11-13,C0076,esencial,centro,67,21.29,0,0,
TEL078-002717,2025-11-13,C0077, PLUS ,sur,49,28.88,3,0,
TEL078-002718,2025-11-13,C0078,total,centro,91,54.09,0,0,
TEL078-002719,2025-11-13,C0079,esencial,sur,99,7.19,1,0,
TEL078-002720,2025-11-13,C0080,plus,sur,94,31.8,3,0,
TEL078-002721,2025-11-13,C0081,total,norte,41,50.89,0,0,
TEL078-002722,2025-11-13,C0082,esencial,centro,48,29.97,1,0,
TEL078-002723,2025-11-13,C0083,plus,centro,52,34.32,0,0,
TEL078-002724,2024-02-30,C0084,total,norte,40,34.57,0,0,
TEL078-002725,2025-11-13,C0085,esencial,centro,59,16.28,1,0,
TEL078-002726,2025-11-13,C0086,plus,norte,87,41.75,0,0,
TEL078-002727,2025-11-13,C0087,total,centro,68,59.68,0,0,
TEL078-002728,2025-11-13,C0088,esencial,norte,32,24.94,0,0,
TEL078-002729,2025-11-13,C0089,plus,sur,53,46.79,0,0,
TEL078-002730,2025-11-13,C0090,total,sur,54,59.55,0,0,
TEL078-002731,2025-11-13,C0091,esencial,norte,74,25.45,3,0,
TEL078-002732,2025-11-13,C0092,plus,sur,50,52.34,1,0,
TEL078-002733,2025-11-13,C0093,total,centro,75,58.43,1,0,
TEL078-002734,2025-11-13,C0094,esencial,norte,56,20.56,0,0,
TEL078-002735,2025-11-13,C0095,plus,norte,97,26.82,0,0,
TEL078-002736,2025-11-13,C0096,total,sur,89,53.17,2,0,
TEL078-002737,2025-11-13,C0097,esencial,norte,42,15.71,2,1,mudanza
TEL078-002738,2025-11-13,C0098,plus,centro,42,22.49,1,0,
TEL078-002739,2025-11-13,C0099,total,sur,97,49.68,2,0,
TEL078-002740,2025-11-13,C0100,esencial,norte,26,,0,0,
TEL078-002741,2025-11-13,C0101,plus,sur,41,32.17,0,1,mudanza
TEL078-002742,2025-11-13,C0102,total,centro,90,60.87,0,0,
TEL078-002743,2025-11-13,C0103,esencial,sur,62,18.04,0,0,
TEL078-002744,2025-11-13,C0104,plus,centro,32,"38,0",1,0,
TEL078-002745,2025-11-13,C0105,total,norte,37,58.58,0,0,
TEL078-002746,2025-11-13,C0106,esencial,centro,75,16.32,0,0,
TEL078-002747,2025-11-13,C0107,plus,centro,27,31.51,0,0,
TEL078-002748,2025-11-13,C0108,total,centro,23,55.28,1,0,
TEL078-002749,2025-11-13,C0109,esencial,sur,87,16.14,1,0,
TEL078-002750,2025-11-13,C0110,plus,centro,105,34.68,0,0,
TEL078-002751,2025-11-13,C0111,total,norte,45,46.28,0,0,
TEL078-002752,2025-11-13,C0112,esencial,norte,44,0.28,0,0,
TEL078-002753,2025-11-13,C0113,plus,sur,53,41.91,0,0,
TEL078-002754,2025-11-13,C0114,total,norte,42,57.68,0,0,
TEL078-002755,2025-11-13,C0115,esencial,centro,44,8.97,2,1,mudanza
TEL078-002756,2025-11-13,C0116,plus,centro,34,27.84,0,0,
TEL078-002757,2025-11-13,C0117,total,sur,82,57.41,2,0,
TEL078-002758,2025-11-13,C0118,esencial,norte,36,25.81,1,0,
TEL078-002759,2025-11-13,C0119,plus,sur,68,32.4,1,0,
TEL078-002760,2025-11-13,C0120,total,norte,106,71.21,1,1,servicio
TEL078-002761,2025-12-14,C0001,esencial,norte,30,21.76,0,0,
TEL078-002762,2025-12-14,C0002,plus,norte,31,51.43,0,0,
TEL078-002763,2025-12-14,C0003,total,sur,54,51.52,0,0,
TEL078-002764,2025-12-14,C0004,esencial,norte,103,11.15,1,0,
TEL078-002765,2025-12-14,C0005,plus,sur,40,47.08,3,0,
TEL078-002766,2025-12-14,C0006,total,norte,25,48.87,1,0,
TEL078-002767,2025-12-14,C0007,esencial,centro,98,14.72,0,0,
TEL078-002768,2025-12-14,C0008,plus,norte,93,28.69,0,0,
TEL078-002769,2025-12-14,C0009,total,sur,66,39.03,2,0,
TEL078-002770,2025-12-14,C0010,esencial,sur,110,16.57,1,0,
TEL078-002771,2025-12-14,C0011,plus,norte,112,47.49,1,0,
TEL078-002772,2025-12-14,C0012,total,sur,35,45.37,1,0,
TEL078-002773,2025-12-14,C0013,esencial,norte,28,29.35,1,0,
TEL078-002774,2025-12-14,C0014,plus,centro,93,33.07,1,0,
TEL078-002775,2025-12-14,C0015,total,centro,113,39.49,1,0,
TEL078-002776,2025-12-14,C0016,esencial,sur,74,14.21,0,0,
TEL078-002777,2025-12-14,C0017,plus,sur,83,36.18,2,1,precio
TEL078-002778,2025-12-14,C0018,total,sur,37,48.74,0,0,
TEL078-002779,2025-12-14,C0019,esencial,norte,58,19.12,0,0,
TEL078-002780,2025-12-14,C0020,plus,sur,96,53.11,0,0,
TEL078-002781,2025-12-14,C0021,total,sur,36,47.99,0,0,
TEL078-002782,2025-12-14,C0022,esencial,centro,113,14.35,0,0,
TEL078-002783,2025-12-14,C0023,plus,centro,73,45.66,0,0,
TEL078-002784,2025-12-14,C0024,total,sur,112,42.35,1,0,
TEL078-002785,2025-12-14,C0025,esencial,centro,52,18.85,0,0,
TEL078-002786,2025-12-14,C0026,plus,sur,79,34.43,0,0,
TEL078-002787,2025-12-14,C0027,total,centro,36,30.26,0,0,
TEL078-002788,2025-12-14,C0028,esencial,norte,73,25.93,2,0,
TEL078-002789,2025-12-14,C0029,plus,centro,60,29.12,0,0,
TEL078-002790,2025-12-14,C0030,total,norte,65,63.98,0,0,
TEL078-002791,2025-12-14,C0031,esencial,centro,33,21.47,0,0,
TEL078-002792,2025-12-14,C0032,plus,norte,55,41.64,2,0,
TEL078-002793,2025-12-14,C0033,total,sur,112,53.19,0,0,
TEL078-002794,2025-12-14,C0034,esencial,norte,92,10.88,1,0,
TEL078-002795,2025-12-14,C0035,plus,sur,104,39.37,3,1,mudanza
TEL078-002796,2025-12-14,C0036,total,norte,74,54.5,0,0,
TEL078-002797,2025-12-14,C0037,esencial,norte,56,13.76,0,0,
TEL078-002798,2025-12-14,C0038,plus,centro,60,38.81,1,1,mudanza
TEL078-002799,2025-12-14,C0039,total,norte,104,57.98,0,0,
TEL078-002800,2025-12-14,C0040,esencial,norte,97,14.51,0,0,
TEL078-002801,2025-12-14,C0041,plus,norte,96,42.46,2,0,
TEL078-002802,2025-12-14,C0042,total,norte,45,36.95,0,0,
TEL078-002803,2025-12-14,C0043,esencial,centro,30,21.06,2,0,
TEL078-002804,2025-12-14,C0044,plus,centro,113,40.05,0,0,
TEL078-002805,2025-12-14,C0045,total,norte,75,64.98,1,0,
TEL078-002806,2025-12-14,C0046,esencial,norte,36,25.19,0,0,
TEL078-002807,2025-12-14,C0047,plus,centro,85,41.69,2,0,
TEL078-002808,2025-12-14,C0048,total,sur,85,48.66,0,0,
TEL078-002809,2025-12-14,C0049,esencial,centro,109,14.14,0,0,
TEL078-002810,2025-12-14,C0050,plus,norte,57,36.93,0,0,
TEL078-002811,2025-12-14,C0051,total,centro,92,48.25,1,1,mudanza
TEL078-002812,2025-12-14,C0052,esencial,norte,108,9.17,0,0,
TEL078-002813,2025-12-14,C0053,plus,centro,70,26.45,3,0,
TEL078-002814,2025-12-14,C0054, TOTAL ,sur,71,51.86,0,0,
TEL078-002815,2025-12-14,C0055,esencial,norte,55,26.88,0,0,
TEL078-002816,2025-12-14,C0056,plus,centro,87,40.94,0,0,
TEL078-002817,2025-12-14,C0057,total,sur,57,58.27,0,0,
TEL078-002818,2025-12-14,C0058,esencial,centro,77,23.06,3,0,
TEL078-002819,2025-12-14,C0059,plus,centro,108,45.11,1,0,
TEL078-002820,2025-12-14,C0060,total,norte,80,52.85,0,0,
TEL078-002821,2025-12-14,C0061,esencial,centro,33,32.5,0,0,
TEL078-002822,2025-12-14,C0062,plus,centro,55,18.2,3,0,
TEL078-002823,2025-12-14,C0063,total,centro,26,,3,1,servicio
TEL078-002824,2025-12-14,C0064,esencial,centro,105,6.4,2,0,
TEL078-002825,2025-12-14,C0065,plus,centro,29,31.23,0,1,servicio
TEL078-002826,2025-12-14,C0066,total,sur,65,43.69,1,0,
TEL078-002827,2025-12-14,C0067,esencial,sur,87,14.19,1,0,
TEL078-002828,2025-12-14,C0068,plus,norte,49,31.93,0,0,
TEL078-002829,2025-12-14,C0069,total,sur,71,36.72,2,0,
TEL078-002830,2025-12-14,C0070,esencial,centro,25,18.78,1,0,
TEL078-002831,2025-12-14,C0071,plus,centro,91,27.31,0,0,
TEL078-002832,2025-12-14,C0072,total,norte,50,38.99,0,0,
TEL078-002833,2025-12-14,C0073,esencial,sur,44,6.0,1,0,
TEL078-002834,2025-12-14,C0074,plus,centro,65,37.81,1,1,servicio
TEL078-002835,2025-12-14,C0075,total,sur,75,59.1,0,0,
TEL078-002836,2025-12-14,C0076,esencial,centro,68,24.51,0,0,
TEL078-002837,2025-12-14,C0077,plus,sur,50,41.67,0,0,
TEL078-002838,2025-12-14,C0078,total,centro,92,47.36,1,0,
TEL078-002839,2025-12-14,C0079,esencial,sur,100,26.32,0,0,
TEL078-002840,2025-12-14,C0080,plus,sur,95,28.72,1,0,
TEL078-002841,2025-12-14,C0081,total,norte,42,52.8,0,0,
TEL078-002842,2025-12-14,C0082,esencial,centro,49,11.19,2,0,
TEL078-002843,2025-12-14,C0083,plus,centro,53,35.11,0,0,
TEL078-002844,2025-12-14,C0084,total,norte,41,47.42,0,0,
TEL078-002845,2025-12-14,C0085,esencial,centro,60,31.66,1,0,
TEL078-002846,2025-12-14,C0086,plus,norte,88,31.07,0,0,
TEL078-002847,2025-12-14,C0087,total,centro,69,54.99,2,0,
TEL078-002848,2025-12-14,C0088,esencial,norte,33,26.69,0,0,
TEL078-002849,2025-12-14,C0089,plus,sur,54,39.85,1,0,
TEL078-002850,2025-12-14,C0090,total,sur,55,54.69,0,0,
TEL078-002851,2025-12-14,C0091,esencial,norte,75,16.42,0,0,
TEL078-002852,2025-12-14,C0092,plus,sur,51,38.61,0,0,
TEL078-002853,2025-12-14,C0093,total,centro,76,53.09,1,1,mudanza
TEL078-002854,2025-12-14,C0094,esencial,norte,57,9.96,0,0,
TEL078-002855,2025-12-14,C0095,plus,norte,98,27.93,0,0,
TEL078-002856,2025-12-14,C0096,total,sur,90,49.15,1,0,
TEL078-002857,2025-12-14,C0097,esencial,norte,43,6.1,1,0,
TEL078-002858,2025-12-14,C0098,plus,centro,43,23.65,2,0,
TEL078-002859,2025-12-14,C0099,total,sur,98,58.18,0,0,
TEL078-002860,2025-12-14,C0100,esencial,norte,27,11.54,0,0,
TEL078-002861,2025-12-14,C0101,plus,sur,42,21.7,1,0,
TEL078-002862,2025-12-14,C0102,total,centro,91,55.92,3,1,servicio
TEL078-002863,2025-12-14,C0103,esencial,sur,63,6.02,3,0,
TEL078-002864,2025-12-14,C0104,plus,centro,33,43.3,0,0,
TEL078-002865,2025-12-14,C0105,total,norte,38,49.3,1,0,
TEL078-002866,2025-12-14,C0106,esencial,centro,76,23.28,1,0,
TEL078-002867,2025-12-14,C0107,plus,centro,28,38.86,0,0,
TEL078-002868,2025-12-14,C0108,total,centro,24,56.94,1,0,
TEL078-002869,2025-12-14,C0109,esencial,sur,88,11.09,1,0,
TEL078-002870,2025-12-14,C0110,plus,centro,106,39.83,1,0,
TEL078-002871,2025-12-14,C0111,total,norte,46,52.38,1,0,
TEL078-002872,2025-12-14,C0112,esencial,norte,45,26.78,0,0,
TEL078-002873,2025-12-14,C0113,plus,sur,54,33.68,2,1,precio
TEL078-002874,2025-12-14,C0114,total,norte,43,48.75,0,0,
TEL078-002875,2025-12-14,C0115,esencial,centro,45,18.77,0,0,
TEL078-002876,2025-12-14,C0116,plus,centro,35,36.53,0,0,
TEL078-002877,2025-12-14,C0117,total,sur,83,67.14,0,0,
TEL078-002878,2025-12-14,C0118,esencial,norte,37,20.91,0,0,
TEL078-002879,2025-12-14,C0119,plus,sur,69,34.01,0,0,
TEL078-002880,2025-12-14,C0120,total,norte,107,48.47,0,0,
TEL078-001074,2024-09-05,C0114,total,norte,28,53.14,0,0,
TEL078-001313,2024-11-06,C0113,plus,sur,41,23.04,4,0,
TEL078-002178,2025-07-12,C0018,total,sur,32,50.93,0,0,
TEL078-001586,2025-02-07,C0026,plus,sur,69,40.89,0,0,
TEL078-000780,2024-07-05,C0060,total,norte,63,52.76,0,0,
TEL078-001650,2025-02-07,C0090, TOTAL ,sur,45,67.43,1,0,
TEL078-001977,2025-05-11,C0057,total,sur,50,53.32,2,0,
TEL078-002681,2025-11-13,C0041,plus,norte,95,47.12,1,0,
TEL078-002237,2025-07-12,C0077,plus,sur,45,31.08,2,0,
