registro_id,fecha,sede,modalidad,asistencia_pct,nota_inicial,nota_final,horas_estudio,tutorias
NOT092-000001,2024-01-01,S1,virtual,67.6,10.7,10.0,9.2,3
NOT092-000002,2024-01-01,S2,virtual,72.0,9.5,11.6,3.8,10
NOT092-000003,2024-01-01,S3,virtual,44.5,13.4,15.0,5.2,1
NOT092-000004,2024-01-01,S1,virtual,54.2,13.1,13.1,11.7,3
NOT092-000005,2024-01-01,S2,virtual,50.2,12.1,10.6,6.8,0
NOT092-000006,2024-01-01,S3,virtual,81.2,9.0,9.2,1.2,6
NOT092-000007,2024-01-01,S1,virtual,62.4,16.8,18.2,11.6,0
NOT092-000008,2024-01-02,S2,presencial,59.6,15.6,15.4,4.3,1
NOT092-000009,2024-01-02,S3,presencial,100,13.1,17.0,6.2,0
NOT092-000010,2024-01-02,S1,virtual,72.3,11.1,7.4,4.4,0
NOT092-000011,2024-01-02,S2,presencial,78.0,11.0,12.4,9.1,3
NOT092-000012,2024-01-02,S3,virtual,88.8,10.8,14.5,10.0,1
NOT092-000013,2024-01-02,S1,virtual,89.5,10.6,10.6,1.2,1
NOT092-000014,2024-01-03,S2,presencial,91.5,15.7,14.1,11.9,1
NOT092-000015,2024-01-03,S3,presencial,80.7,14.3,11.7,7.1,3
NOT092-000016,2024-01-03,S1,virtual,75.5,11.6,9.4,5.7,2
NOT092-000017,2024-01-03,S2,presencial,100,11.9,10.4,3.4,3
NOT092-000018,2024-01-03,S3,virtual,65.9,11.1,13.1,11.9,3
NOT092-000019,2024-01-03,S1,presencial,67.4,8.8,9.2,5.2,7
NOT092-000020,2024-01-04,S2,virtual,66.1,11.9,8.8,5.5,1
NOT092-000021,2024-01-04,S3,virtual,81.0,12.7,8.9,4.2,2
NOT092-000022,2024-01-04,S1,presencial,62.1,11.4,9.1,0.9,0
NOT092-000023,2024-01-04,S2,virtual,67.8,11.4,10.4,5.0,2
NOT092-000024,2024-01-04,S3,virtual,88.2,6.6,11.4,10.2,9
NOT092-000025,2024-01-04,S1,presencial,100,13.7,12.2,7.0,1
NOT092-000026,2024-01-05,S2,virtual,55.8,13.6,13.0,8.0,0
NOT092-000027,2024-01-05,S3,virtual,76.0,7.6,9.4,11.1,4
NOT092-000028,2024-01-05,S1,presencial,86.2,9.5,12.1,1.4,10
NOT092-000029,2024-01-05,S2,virtual,80.3,10.1,9.2,1.1,1
NOT092-000030,2024-01-05,S3,presencial,84.1,10.7,10.2,10.0,1
NOT092-000031,2024-01-05,S1,virtual,63.7,8.5,7.8,4.8,6
NOT092-000032,2024-01-06,S2,presencial,78.7,11.8,11.5,2.1,0
NOT092-000033,2024-01-06,S3,presencial,65.6,7.4,7.5,4.1,9
NOT092-000034,2024-01-06,S1,presencial,100,12.6,13.0,8.1,0
NOT092-000035,2024-01-06,S2,virtual,100,13.3,10.8,4.0,2
NOT092-000036,2024-01-06,S3,presencial,87.1,5.6,9.8,9.3,5
NOT092-000037,2024-01-06,S1,presencial,82.4,15.4,14.1,5.4,1
NOT092-000038,2024-01-07,S2,presencial,69.2,13.9,9.3,1.5,0
NOT092-000039,2024-01-07,S3,presencial,91.9,13.8,12.1,2.2,1
NOT092-000040,2024-01-07,S1,presencial,76.3,17.6,13.4,11.1,3
NOT092-000041,2024-01-07,S2,virtual,67.5,16.1,9.3,5.9,0
NOT092-000042,2024-01-07,S3,virtual,77.6,8.5,11.6,5.3,9
NOT092-000043,2024-01-07,S1,virtual,97.1,8.4,9.3,3.2,2
NOT092-000044,2024-01-07,S2,virtual,100,11.6,12.0,3.4,1
NOT092-000045,2024-01-08,S3,presencial,85.0,10.8,11.2,8.7,3
NOT092-000046,2024-01-08,S1,presencial,100,11.9,17.1,7.0,0
NOT092-000047,2024-01-08,S2,virtual,57.8,16.2,14.3,5.2,3
NOT092-000048,2024-01-08,S3,presencial,70.8,11.2,11.3,6.8,2
NOT092-000049,2024-01-08,S1,virtual,88.2,13.0,13.2,1.5,1
NOT092-000050,2024-01-08,S2,virtual,79.1,8.6,12.3,11.7,7
NOT092-000051,2024-01-09,S3,virtual,100,11.3,12.0,8.8,3
NOT092-000052,2024-01-09,S1,presencial,82.0,14.5,14.2,10.7,2
NOT092-000053,2024-01-09,S2,presencial,69.6,13.9,11.4,1.4,2
NOT092-000054,2024-01-09,S3,presencial,94.7,9.1,10.2,5.1,3
NOT092-000055,2024-01-09,S1,virtual,58.7,9.6,11.2,9.0,5
NOT092-000056,2024-01-09,S2,virtual,88.2,12.4,9.9,0.0,0
NOT092-000057,2024-01-10,S3,presencial,60.2,13.1,15.5,7.4,0
NOT092-000058,2024-01-10,S1,presencial,92.2,11.9,12.5,5.5,0
NOT092-000059,2024-01-10,S2,virtual,76.5,7.7,9.4,5.0,10
NOT092-000060,2024-01-10,S3,virtual,78.1,8.9,11.4,0.2,6
NOT092-000061,2024-01-10,S1,presencial,28.6,11.9,9.3,7.3,2
NOT092-000062,2024-01-10,S2,virtual,54.3,12.6,10.4,9.6,0
NOT092-000063,2024-01-11,S3,virtual,72.6,16.3,14.9,7.0,0
NOT092-000064,2024-01-11,S1,virtual,84.9,4.6,9.5,8.6,10
NOT092-000065,2024-01-11,S2,virtual,100,12.2,14.3,9.8,1
NOT092-000066,2024-01-11,S3,presencial,65.0,14.1,11.9,3.1,0
NOT092-000067,2024-01-11,S1,virtual,69.8,11.4,14.3,11.6,0
NOT092-000068,2024-01-11,S2,virtual,67.2,12.5,13.6,11.7,3
NOT092-000069,2024-01-12,S3,presencial,68.8,17.9,16.1,6.2,1
NOT092-000070,2024-01-12,S1,presencial,80.4,8.9,10.3,3.0,8
NOT092-000071,2024-01-12,S2,virtual,96.4,11.8,12.1,5.3,0
NOT092-000072,2024-01-12,S3,virtual,59.1,6.1,10.6,0.9,9
NOT092-000073,2024-01-12,S1,presencial,67.0,11.4,9.4,7.8,0
NOT092-000074,2024-01-12,S2,presencial,69.3,10.8,8.2,7.1,1
NOT092-000075,2024-01-13,S3,presencial,59.5,9.9,8.4,0.0,5
NOT092-000076,2024-01-13,S1,virtual,69.3,13.1,14.9,9.7,0
NOT092-000077,2024-01-13,S2,virtual,91.5,10.3,12.1,4.8,0
NOT092-000078,2024-01-13,S3,virtual,71.6,13.0,17.6,10.3,0
NOT092-000079,2024-01-13,S1,presencial,83.9,12.0,12.2,7.1,2
NOT092-000080,2024-01-13,S2,presencial,79.8,11.1,13.3,3.3,3
NOT092-000081,2024-01-13,S3,virtual,60.9,10.3,8.2,2.7,2
NOT092-000082,2024-01-14,S1,virtual,90.2,13.6,12.1,2.3,3
NOT092-000083,2024-01-14,S2,presencial,70.9,6.1,13.4,9.5,2
NOT092-000084,2024-01-14,S3,presencial,79.3,13.5,,11.2,2
NOT092-000085,2024-01-14,S1,presencial,85.0,10.6,11.1,3.5,3
NOT092-000086,2024-01-14,S2,presencial,100,9.9,11.5,6.3,5
NOT092-000087,2024-01-14,S3,presencial,95.4,10.1,9.4,0.1,3
NOT092-000088,2024-01-15,S1,virtual,97.8,14.0,12.6,5.6,0
NOT092-000089,2024-01-15,S2,virtual,75.7,10.2,10.5,11.9,3
NOT092-000090,2024-01-15,S3,virtual,82.8,10.4,11.4,8.1,0
NOT092-000091,2024-01-15,S1,presencial,75.4,7.5,7.9,5.6,5
NOT092-000092,2024-01-15,S2,presencial,79.1,14.2,14.0,3.9,2
NOT092-000093,2024-01-15,S3,presencial,62.8,9.5,9.1,11.1,5
NOT092-000094,2024-01-16,S1,presencial,83.8,7.9,11.4,6.3,5
NOT092-000095,2024-01-16,S2,virtual,76.3,10.4,10.1,4.0,0
NOT092-000096,2024-01-16,S3,virtual,94.5,10.5,11.5,3.0,2
NOT092-000097,2024-01-16,S1,presencial,75.9,6.0,7.3,1.7,8
NOT092-000098,2024-01-16,S2, VIRTUAL ,95.7,13.0,15.9,5.8,2
NOT092-000099,2024-01-16,S3,presencial,76.3,14.3,11.0,4.8,0
NOT092-000100,2024-01-17,S1,presencial,100,10.3,8.9,11.6,1
NOT092-000101,2024-01-17,S2,virtual,100,9.7,12.7,11.9,3
NOT092-000102,2024-01-17,S3,presencial,86.3,8.1,15.3,11.7,9
NOT092-000103,2024-01-17,S1,virtual,100,11.0,15.3,11.0,2
NOT092-000104,2024-01-17,S2,presencial,68.1,12.3,14.3,7.8,1
NOT092-000105,2024-01-17,S3,presencial,73.7,12.2,7.2,6.1,3
NOT092-000106,2024-01-18,S1,virtual,72.1,9.5,10.5,1.2,9
NOT092-000107,2024-01-18,S2,presencial,100,9.4,10.6,3.2,3
NOT092-000108,2024-01-18,S3,presencial,94.0,9.1,9.9,5.4,4
NOT092-000109,2024-01-18,S1,virtual,95.4,13.7,16.1,6.5,0
NOT092-000110,2024-01-18,S2,virtual,100,5.9,10.9,3.4,5
NOT092-000111,2024-01-18,S3,presencial,72.5,7.6,5.0,3.8,10
NOT092-000112,2024-01-19,S1,virtual,50.1,8.6,11.4,1.7,4
NOT092-000113,2024-01-19,S2,presencial,63.0,8.4,10.6,7.4,10
NOT092-000114,2024-01-19,S3,virtual,96.8,10.9,15.2,5.8,2
NOT092-000115,2024-01-19,S1,virtual,53.8,11.7,10.7,5.2,3
NOT092-000116,2024-01-19,S2,presencial,91.8,9.2,7.2,3.2,2
NOT092-000117,2024-01-19,S3,virtual,74.9,12.0,13.0,2.6,3
NOT092-000118,2024-01-20,S1,presencial,94.2,10.6,10.3,3.4,0
NOT092-000119,2024-01-20,S2,presencial,76.5,11.6,15.4,9.4,3
NOT092-000120,2024-01-20,S3,virtual,85.2,8.4,12.5,1.2,9
NOT092-000121,2024-01-20,S1,virtual,97.2,13.1,12.2,4.0,1
NOT092-000122,2024-01-20,S2,virtual,78.4,11.8,9.0,9.5,0
NOT092-000123,2024-01-20,S3,virtual,80.8,10.3,11.3,9.9,0
NOT092-000124,2024-01-20,S1,presencial,36.0,13.6,13.2,8.2,0
NOT092-000125,2024-01-21,S2,virtual,92.3,15.0,14.8,9.2,3
NOT092-000126,2024-01-21,S3,presencial,74.2,8.3,8.9,7.1,8
NOT092-000127,2024-01-21,S1,presencial,91.3,15.5,12.0,8.9,2
NOT092-000128,2024-01-21,S2,virtual,72.7,11.2,12.4,3.2,3
NOT092-000129,2024-01-21,S3,presencial,100,13.8,15.7,7.8,1
NOT092-000130,2024-01-21,S1,presencial,95.2,7.1,9.7,11.5,4
NOT092-000131,2024-01-22,S2,virtual,66.2,14.4,11.2,1.3,0
NOT092-000132,2024-01-22,S3,presencial,58.6,13.3,11.6,6.9,0
NOT092-000133,2024-01-22,S1,presencial,77.1,12.8,13.3,0.7,2
NOT092-000134,2024-01-22,S2,virtual,100,6.9,9.6,4.3,2
NOT092-000135,2024-01-22,S3,virtual,69.8,12.6,12.4,1.1,0
NOT092-000136,2024-01-22,S1,virtual,49.0,12.8,12.0,9.4,1
NOT092-000137,2024-01-23,S2,virtual,76.2,14.3,12.2,5.4,2
NOT092-000138,2024-01-23,S3,virtual,70.2,11.5,10.6,0.8,1
NOT092-000139,2024-01-23,S1,presencial,86.5,6.8,9.4,9.5,4
NOT092-000140,2024-01-23,S2,presencial,89.6,13.6,13.8,11.0,1
NOT092-000141,2024-01-23,S3,presencial,87.4,10.2,7.7,3.5,2
NOT092-000142,2024-01-23,S1,virtual,73.4,14.4,13.7,11.1,1
NOT092-000143,2024-01-24,S2,presencial,59.2,6.7,6.3,3.1,3
NOT092-000144,2024-01-24,S3,presencial,43.6,14.5,10.7,5.6,0
NOT092-000145,2024-01-24,S1,presencial,100,12.3,13.3,10.1,2
NOT092-000146,2024-01-24,S2,presencial,75.3,10.9,13.6,10.8,2
NOT092-000147,2024-01-24,S3,virtual,95.9,12.2,14.3,8.6,0
NOT092-000148,2024-01-24,S1,virtual,84.6,8.6,10.0,11.9,4
NOT092-000149,2024-01-25,S2,virtual,61.6,12.8,16.0,2.7,0
NOT092-000150,2024-01-25,S3,virtual,45.4,7.7,6.5,1.2,7
NOT092-000151,2024-01-25,S1,virtual,63.2,9.7,8.4,4.0,3
NOT092-000152,2024-01-25,S2,virtual,67.7,11.3,11.5,10.0,1
NOT092-000153,2024-01-25,S3,virtual,70.2,7.9,9.4,2.1,10
NOT092-000154,2024-01-25,S1,presencial,37.7,7.0,5.9,1.5,6
NOT092-000155,2024-01-26,S2,virtual,80.6,9.8,13.4,10.5,6
NOT092-000156,2024-01-26,S3,virtual,82.6,10.9,8.6,1.3,0
NOT092-000157,2024-01-26,S1,presencial,80.3,8.8,12.9,1.7,9
NOT092-000158,2024-01-26,S2,virtual,61.2,6.8,8.7,3.9,2
NOT092-000159,2024-01-26,S3,presencial,89.9,8.3,7.3,1.1,10
NOT092-000160,2024-01-26,S1,presencial,60.6,10.9,12.6,1.2,3
NOT092-000161,2024-01-26,S2,virtual,95.3,7.9,11.8,10.8,7
NOT092-000162,2024-01-27,S3,virtual,100,13.7,17.3,8.3,0
NOT092-000163,2024-01-27,S1,virtual,100,8.1,9.2,6.8,5
NOT092-000164,2024-01-27,S2,presencial,95.1,9.1,10.6,8.3,5
NOT092-000165,2024-01-27,S3,virtual,100,9.4,7.7,1.7,7
NOT092-000166,2024-01-27,S1,presencial,76.6,10.8,12.9,2.7,2
NOT092-000167,2024-01-27,S2,virtual,78.8,12.4,,9.6,3
NOT092-000168,2024-01-28,S3,virtual,76.0,8.0,13.1,6.9,7
NOT092-000169,2024-01-28,S1,presencial,78.2,12.3,11.9,3.9,2
NOT092-000170,2024-01-28,S2,virtual,84.2,8.6,10.8,2.5,3
NOT092-000171,2024-01-28,S3,virtual,48.2,10.7,10.6,7.2,0
NOT092-000172,2024-01-28,S1,virtual,51.6,12.3,10.6,3.6,0
NOT092-000173,2024-01-28,S2,presencial,100,17.0,16.3,4.1,3
NOT092-000174,2024-01-29,S3,virtual,70.9,13.9,12.1,2.0,3
NOT092-000175,2024-01-29,S1,presencial,99.0,15.4,13.3,7.4,0
NOT092-000176,2024-01-29,S2,presencial,68.8,12.2,11.3,10.9,2
NOT092-000177,2024-01-29,S3,virtual,55.7,13.9,12.1,8.8,0
NOT092-000178,2024-01-29,S1,virtual,80.5,11.5,13.5,10.9,2
NOT092-000179,2024-01-29,S2,virtual,65.7,10.7,10.7,7.8,3
NOT092-000180,2024-01-30,S3,virtual,64.1,12.6,16.6,4.6,3
NOT092-000181,2024-01-30,S1,presencial,78.3,11.8,12.4,11.5,0
NOT092-000182,2024-01-30,S2,virtual,83.2,12.9,13.8,9.5,1
NOT092-000183,2024-01-30,S3,presencial,100,14.3,12.9,4.4,0
NOT092-000184,2024-01-30,S1,virtual,62.6,11.0,10.1,7.2,3
NOT092-000185,2024-01-30,S2,presencial,80.5,9.9,9.0,5.1,2
NOT092-000186,2024-01-31,S3,virtual,89.2,12.0,8.6,7.0,1
NOT092-000187,2024-01-31,S1,presencial,83.8,13.4,11.5,0.4,1
NOT092-000188,2024-01-31,S2,virtual,96.8,11.6,14.0,7.8,2
NOT092-000189,2024-01-31,S3,presencial,78.5,12.3,9.7,2.3,0
NOT092-000190,2024-01-31,S1,presencial,100,8.3,10.1,0.3,10
NOT092-000191,2024-01-31,S2,presencial,49.4,9.5,8.9,2.3,6
NOT092-000192,2024-02-01,S3,presencial,60.3,11.5,9.3,3.7,0
NOT092-000193,2024-02-01,S1,virtual,83.3,15.2,16.6,0.3,3
NOT092-000194,2024-02-01,S2,presencial,87.9,14.3,11.5,6.2,1
NOT092-000195,2024-02-01,S3, VIRTUAL ,68.8,8.1,8.3,3.8,4
NOT092-000196,2024-02-01,S1,presencial,100,9.5,10.4,8.5,2
NOT092-000197,2024-02-01,S2,virtual,76.9,9.5,8.3,5.9,7
NOT092-000198,2024-02-02,S3,virtual,68.0,5.8,6.9,5.3,4
NOT092-000199,2024-02-02,S1,presencial,58.0,13.6,10.1,3.0,0
NOT092-000200,2024-02-02,S2,presencial,94.7,14.3,14.5,9.5,1
NOT092-000201,2024-02-02,S3,virtual,91.0,8.6,8.3,1.4,2
NOT092-000202,2024-02-02,S1,virtual,78.9,14.0,13.7,4.2,1
NOT092-000203,2024-02-02,S2,presencial,65.6,15.0,9.5,0.5,3
NOT092-000204,2024-02-02,S3,presencial,68.6,13.2,13.3,2.1,3
NOT092-000205,2024-02-03,S1,virtual,78.0,5.3,5.7,3.9,8
NOT092-000206,2024-02-03,S2,presencial,72.4,13.3,17.0,11.7,3
NOT092-000207,2024-02-03,S3,virtual,51.6,11.1,10.0,8.4,2
NOT092-000208,2024-02-03,S1,presencial,72.0,10.4,10.5,1.2,1
NOT092-000209,2024-02-03,S2,presencial,52.6,8.5,8.5,7.5,5
NOT092-000210,2024-02-03,S3,presencial,100,14.3,11.0,11.7,1
NOT092-000211,2024-02-04,S1,virtual,85.7,9.4,11.7,12.0,10
NOT092-000212,2024-02-04,S2,virtual,88.6,5.7,"10,7",7.8,7
NOT092-000213,2024-02-04,S3,presencial,68.2,16.6,17.2,7.7,3
NOT092-000214,2024-02-04,S1,presencial,59.7,12.6,13.4,6.7,3
NOT092-000215,2024-02-04,S2,virtual,63.8,12.0,8.0,2.0,2
NOT092-000216,2024-02-04,S3,presencial,71.7,12.4,8.9,9.4,0
NOT092-000217,2024-02-05,S1,presencial,78.3,10.3,10.9,1.6,2
NOT092-000218,2024-02-05,S2,virtual,54.8,9.8,9.0,8.9,8
NOT092-000219,2024-02-05,S3,presencial,81.1,3.8,8.3,2.1,8
NOT092-000220,2024-02-05,S1,presencial,70.5,9.6,9.1,9.3,5
NOT092-000221,2024-02-05,S2,virtual,85.6,6.4,8.7,3.2,8
NOT092-000222,2024-02-05,S3,virtual,59.3,6.0,8.4,2.9,6
NOT092-000223,2024-02-06,S1,presencial,85.8,11.6,11.9,11.6,1
NOT092-000224,2024-02-06,S2,virtual,59.7,7.5,7.3,4.5,3
NOT092-000225,2024-02-06,S3,presencial,87.0,13.2,15.4,6.0,3
NOT092-000226,2024-02-06,S1,virtual,87.1,8.1,8.8,4.8,6
NOT092-000227,2024-02-06,S2,presencial,63.9,7.3,10.6,6.9,7
NOT092-000228,2024-02-06,S3,presencial,71.5,10.8,10.0,0.8,3
NOT092-000229,2024-02-07,S1,presencial,83.8,10.7,9.3,5.4,2
NOT092-000230,2024-02-07,S2,virtual,79.0,12.3,8.9,0.5,1
NOT092-000231,2024-02-07,S3,presencial,100,7.9,13.7,10.8,8
NOT092-000232,2024-02-07,S1,virtual,66.8,12.7,14.2,9.2,1
NOT092-000233,2024-02-07,S2,virtual,77.7,9.6,10.3,5.9,5
NOT092-000234,2024-02-07,S3,virtual,75.1,11.6,9.7,8.0,1
NOT092-000235,2024-02-08,S1,presencial,89.0,8.9,8.6,9.2,6
NOT092-000236,2024-02-08,S2,presencial,59.8,10.9,10.8,1.1,3
NOT092-000237,2024-02-08,S3,presencial,70.7,6.2,5.9,1.4,10
NOT092-000238,2024-02-08,S1,presencial,83.5,7.5,8.3,2.1,7
NOT092-000239,2024-02-08,S2,virtual,82.7,7.5,8.6,6.3,7
NOT092-000240,2024-02-08,S3,presencial,51.9,7.9,12.9,4.0,9
NOT092-000241,2024-02-08,S1,virtual,79.7,8.9,12.8,3.0,7
NOT092-000242,2024-02-09,S2,virtual,87.0,13.4,13.0,11.4,2
NOT092-000243,2024-02-09,S3,presencial,46.4,7.4,9.3,8.4,10
NOT092-000244,2024-02-09,S1,virtual,90.5,13.5,13.4,0.5,0
NOT092-000245,2024-02-09,S2,virtual,52.8,13.2,11.1,8.0,2
NOT092-000246,2024-02-09,S3,virtual,52.3,12.4,14.3,9.2,2
NOT092-000247,2024-02-09,S1,virtual,76.3,10.5,7.2,2.4,1
NOT092-000248,2024-02-10,S2,presencial,85.1,9.9,12.6,10.3,2
NOT092-000249,2024-02-10,S3,presencial,71.8,12.3,8.2,2.3,3
NOT092-000250,2024-02-10,S1,presencial,46.3,11.2,,10.9,1
NOT092-000251,2024-02-10,S2,presencial,87.9,13.1,15.7,10.1,2
NOT092-000252,2024-02-10,S3,presencial,70.9,15.7,14.6,5.6,3
NOT092-000253,2024-02-10,S1,presencial,76.7,9.2,13.0,7.9,7
NOT092-000254,2024-02-11,S2,presencial,85.6,10.6,10.6,0.6,1
NOT092-000255,2024-02-11,S3,presencial,57.7,12.5,12.1,4.9,2
NOT092-000256,2024-02-11,S1,presencial,77.8,10.1,8.9,1.0,3
NOT092-000257,2024-02-11,S2,presencial,79.4,11.8,13.1,5.6,1
NOT092-000258,2024-02-11,S3,virtual,73.4,12.0,11.6,11.0,0
NOT092-000259,2024-02-11,S1,presencial,88.3,6.5,11.0,7.9,2
NOT092-000260,2024-02-12,S2,virtual,60.0,8.3,10.1,8.0,3
NOT092-000261,2024-02-12,S3,virtual,64.3,7.3,10.4,7.2,9
NOT092-000262,2024-02-12,S1,presencial,79.2,12.8,11.7,8.1,0
NOT092-000263,2024-02-12,S2,presencial,59.3,15.6,12.2,7.1,1
NOT092-000264,2024-02-12,S3,presencial,86.4,13.9,9.5,8.5,1
NOT092-000265,2024-02-12,S1,virtual,64.0,11.2,13.3,2.6,3
NOT092-000266,2024-02-13,S2,virtual,49.5,10.3,10.8,11.6,2
NOT092-000267,2024-02-13,S3,presencial,76.2,8.5,11.6,3.0,9
NOT092-000268,2024-02-13,S1,presencial,70.1,4.3,7.3,3.7,4
NOT092-000269,2024-02-13,S2,presencial,99.4,9.9,15.3,4.9,10
NOT092-000270,2024-02-13,S3,presencial,79.9,11.0,9.8,9.8,3
NOT092-000271,2024-02-13,S1,virtual,100,12.1,14.8,5.1,2
NOT092-000272,2024-02-14,S2,presencial,64.3,10.2,12.3,11.0,0
NOT092-000273,2024-02-14,S3,presencial,79.3,11.4,11.7,9.6,0
NOT092-000274,2024-02-14,S1,presencial,74.4,10.8,16.8,5.7,2
NOT092-000275,2024-02-14,S2,virtual,73.0,10.8,6.4,0.2,2
NOT092-000276,2024-02-14,S3,virtual,100,15.8,15.2,2.7,1
NOT092-000277,2024-02-14,S1,virtual,78.4,8.5,9.6,7.2,8
NOT092-000278,2024-02-14,S2,virtual,100,9.1,11.0,3.7,9
NOT092-000279,2024-02-15,S3,presencial,75.6,8.5,8.2,8.8,9
NOT092-000280,2024-02-15,S1,virtual,91.5,14.1,15.5,4.5,1
NOT092-000281,2024-02-15,S2,virtual,61.3,10.1,10.3,12.0,1
NOT092-000282,2024-02-15,S3,virtual,61.9,14.2,12.9,5.7,0
NOT092-000283,2024-02-15,S1,presencial,100,6.8,12.8,10.2,5
NOT092-000284,2024-02-15,S2,virtual,66.7,12.1,9.8,9.3,0
NOT092-000285,2024-02-16,S3,virtual,82.1,7.4,7.7,0.8,6
NOT092-000286,2024-02-16,S1,virtual,61.9,10.1,9.8,4.9,1
NOT092-000287,2024-02-16,S2,presencial,100,11.3,10.1,9.7,3
NOT092-000288,2024-02-16,S3,presencial,67.5,14.1,13.8,2.7,3
NOT092-000289,2024-02-16,S1,presencial,100,9.6,10.4,6.7,5
NOT092-000290,2024-02-16,S2,presencial,91.8,12.7,14.8,11.6,3
NOT092-000291,2024-02-17,S3,virtual,62.3,9.4,9.7,7.3,8
NOT092-000292,2024-02-17,S1, PRESENCIAL ,61.3,9.5,10.5,3.7,10
NOT092-000293,2024-02-17,S2,presencial,56.0,12.8,9.8,10.7,3
NOT092-000294,2024-02-17,S3,presencial,85.7,8.6,11.4,6.9,2
NOT092-000295,2024-02-17,S1,presencial,100,13.5,13.5,10.2,1
NOT092-000296,2024-02-17,S2,presencial,91.9,20.0,17.5,4.9,3
NOT092-000297,2024-02-18,S3,virtual,84.0,5.8,7.6,11.1,3
NOT092-000298,2024-02-18,S1,presencial,85.4,13.3,12.3,6.8,3
NOT092-000299,2024-02-18,S2,virtual,100,3.6,11.4,9.5,3
NOT092-000300,2024-02-18,S3,virtual,94.9,14.0,12.3,4.5,2
NOT092-000301,2024-02-18,S1,virtual,100,13.7,12.2,0.5,3
NOT092-000302,2024-02-18,S2,virtual,74.8,13.4,12.7,11.2,3
NOT092-000303,2024-02-19,S3,presencial,76.0,14.2,13.0,2.4,0
NOT092-000304,2024-02-19,S1,virtual,43.6,9.4,10.6,11.2,9
NOT092-000305,2024-02-19,S2,presencial,54.0,8.4,13.1,2.1,9
NOT092-000306,2024-02-19,S3,virtual,74.6,10.9,13.3,0.8,0
NOT092-000307,2024-02-19,S1,virtual,90.2,16.0,15.2,5.8,1
NOT092-000308,2024-02-19,S2,presencial,68.2,16.4,16.8,6.3,0
NOT092-000309,2024-02-20,S3,virtual,79.1,8.5,10.1,3.4,10
NOT092-000310,2024-02-20,S1,presencial,89.9,16.0,16.4,5.7,1
NOT092-000311,2024-02-20,S2,presencial,81.2,8.0,9.5,0.9,9
NOT092-000312,2024-02-20,S3,presencial,91.1,16.2,17.9,8.4,2
NOT092-000313,2024-02-20,S1,presencial,68.3,17.8,14.5,3.5,3
NOT092-000314,2024-02-20,S2,presencial,96.1,12.6,14.3,2.9,3
NOT092-000315,2024-02-21,S3,presencial,55.3,11.5,8.9,10.5,1
NOT092-000316,2024-02-21,S1,presencial,74.5,10.2,11.4,1.0,3
NOT092-000317,2024-02-21,S2,presencial,60.2,12.9,13.2,0.6,2
NOT092-000318,2024-02-21,S3,virtual,92.7,12.7,12.3,2.9,2
NOT092-000319,2024-02-21,S1,presencial,67.1,13.2,13.5,8.1,0
NOT092-000320,2024-02-21,S2,presencial,74.3,13.8,8.5,0.1,1
NOT092-000321,2024-02-21,S3,virtual,88.9,5.8,12.0,4.4,8
NOT092-000322,2024-02-22,S1,virtual,60.9,10.0,9.3,8.4,0
NOT092-000323,2024-02-22,S2,presencial,86.3,11.0,10.9,7.3,1
NOT092-000324,2024-02-22,S3,presencial,73.5,9.0,10.3,4.0,7
NOT092-000325,2024-02-22,S1,presencial,100,10.6,10.4,5.1,0
NOT092-000326,2024-02-22,S2,presencial,99.5,13.4,13.9,5.1,0
NOT092-000327,2024-02-22,S3,presencial,94.9,12.7,11.4,6.9,2
NOT092-000328,2024-02-23,S1,presencial,69.0,11.1,13.0,10.0,3
NOT092-000329,2024-02-23,S2,virtual,39.0,10.1,10.2,11.3,3
NOT092-000330,2024-02-23,S3,virtual,75.3,14.0,15.9,1.3,1
NOT092-000331,2024-02-23,S1,virtual,83.6,9.5,13.0,10.7,4
NOT092-000332,2024-02-23,S2,virtual,90.1,11.5,13.3,1.0,1
NOT092-000333,2024-02-23,S3,virtual,75.5,14.8,,6.8,2
NOT092-000334,2024-02-24,S1,virtual,86.7,14.0,15.4,5.4,2
NOT092-000335,2024-02-24,S2,presencial,95.7,16.7,13.6,0.2,0
NOT092-000336,2024-02-24,S3,presencial,100,13.0,12.1,4.2,1
NOT092-000337,2024-02-24,S1,virtual,86.4,9.3,11.2,4.3,3
NOT092-000338,2024-02-24,S2,virtual,58.8,11.9,12.4,4.5,3
NOT092-000339,2024-02-24,S3,virtual,95.6,8.7,10.5,10.9,8
NOT092-000340,2024-02-25,S1,presencial,100,10.6,14.3,7.0,0
NOT092-000341,2024-02-25,S2,presencial,80.0,12.7,12.5,4.7,2
NOT092-000342,2024-02-25,S3,virtual,93.0,6.4,8.1,6.5,10
NOT092-000343,2024-02-25,S1,virtual,80.4,10.2,12.5,6.8,2
NOT092-000344,2024-02-25,S2,presencial,80.0,12.9,12.6,1.9,0
NOT092-000345,2024-02-25,S3,presencial,83.8,10.5,19.1,9.4,1
NOT092-000346,2024-02-26,S1,virtual,69.7,6.0,8.2,7.9,4
NOT092-000347,2024-02-26,S2,virtual,89.7,8.3,10.5,11.8,2
NOT092-000348,2024-02-26,S3,virtual,63.9,5.4,8.0,4.3,2
NOT092-000349,2024-02-26,S1,virtual,94.0,15.5,14.6,4.1,3
NOT092-000350,2024-02-26,S2,virtual,45.4,12.9,14.2,10.2,2
NOT092-000351,2024-02-26,S3,virtual,81.0,5.9,8.4,1.5,3
NOT092-000352,2024-02-27,S1,virtual,66.8,10.0,8.9,3.6,2
NOT092-000353,2024-02-27,S2,virtual,100,9.5,13.8,10.6,4
NOT092-000354,2024-02-27,S3,presencial,66.3,12.8,13.4,2.5,1
NOT092-000355,2024-02-27,S1,presencial,100,10.3,9.4,9.1,3
NOT092-000356,2024-02-27,S2,presencial,100,8.8,13.1,8.9,9
NOT092-000357,2024-02-27,S3,presencial,90.3,8.6,9.7,1.5,3
NOT092-000358,2024-02-27,S1,virtual,59.9,9.5,9.1,7.3,3
NOT092-000359,2024-02-28,S2,presencial,69.5,5.4,8.5,5.4,6
NOT092-000360,2024-02-28,S3,virtual,57.5,5.4,9.2,4.1,5
NOT092-000361,2024-02-28,S1,virtual,100,10.3,10.3,11.4,2
NOT092-000362,2024-02-28,S2,presencial,69.3,10.9,13.8,1.0,2
NOT092-000363,2024-02-28,S3,virtual,73.0,13.2,12.7,5.4,0
NOT092-000364,2024-02-28,S1,presencial,46.8,14.8,12.3,5.0,2
NOT092-000365,2024-02-29,S2,presencial,68.8,5.0,9.8,8.3,5
NOT092-000366,2024-02-29,S3,presencial,96.7,11.5,14.3,6.9,0
NOT092-000367,2024-02-29,S1,presencial,93.7,11.6,10.4,10.2,2
NOT092-000368,2024-02-29,S2,presencial,71.9,9.5,11.9,10.7,8
NOT092-000369,2024-02-29,S3,presencial,82.1,9.8,13.4,4.4,5
NOT092-000370,2024-02-29,S1,presencial,98.6,8.5,10.3,8.9,5
NOT092-000371,2024-03-01,S2,presencial,72.6,8.9,10.8,6.2,9
NOT092-000372,2024-03-01,S3,presencial,60.0,10.2,10.3,10.5,3
NOT092-000373,2024-03-01,S1,presencial,63.4,11.3,13.4,9.2,1
NOT092-000374,2024-03-01,S2,presencial,78.7,11.3,11.4,10.6,1
NOT092-000375,2024-03-01,S3,presencial,81.3,15.5,14.5,11.6,1
NOT092-000376,2024-03-01,S1,presencial,87.4,8.7,9.5,9.7,7
NOT092-000377,2024-03-02,S2,virtual,96.8,10.7,12.3,0.6,1
NOT092-000378,2024-03-02,S3,presencial,56.1,10.4,10.7,7.6,2
NOT092-000379,2024-03-02,S1,virtual,100,8.3,8.6,11.0,6
NOT092-000380,2024-03-02,S2,presencial,99.7,7.3,8.5,11.7,9
NOT092-000381,2024-03-02,S3,presencial,97.4,11.1,13.2,5.9,2
NOT092-000382,2024-03-02,S1,virtual,100,10.7,10.0,2.8,3
NOT092-000383,2024-03-03,S2,virtual,84.9,13.4,11.1,3.4,1
NOT092-000384,2024-03-03,S3,virtual,59.9,13.2,13.9,5.2,1
NOT092-000385,2024-03-03,S1,presencial,82.4,11.8,11.7,9.0,0
NOT092-000386,2024-03-03,S2,virtual,96.5,6.7,8.2,3.2,7
NOT092-000387,2024-03-03,S3,virtual,87.2,12.3,11.1,11.8,2
NOT092-000388,2024-03-03,S1,virtual,60.5,7.4,11.7,10.3,6
NOT092-000389,2024-03-04,S2, VIRTUAL ,81.2,10.5,14.3,9.4,1
NOT092-000390,2024-03-04,S3,virtual,91.2,12.8,12.7,6.0,0
NOT092-000391,2024-03-04,S1,presencial,62.3,13.6,11.5,8.6,1
NOT092-000392,2024-03-04,S2,presencial,96.9,14.0,14.4,2.4,1
NOT092-000393,2024-03-04,S3,presencial,57.9,5.2,5.8,2.5,2
NOT092-000394,2024-03-04,S1,virtual,79.3,14.0,12.2,0.2,1
NOT092-000395,2024-03-05,S2,presencial,78.1,14.2,9.5,1.3,2
NOT092-000396,2024-03-05,S3,presencial,100,3.0,6.0,1.9,3
NOT092-000397,2024-03-05,S1,presencial,81.2,11.2,9.8,10.0,3
NOT092-000398,2024-03-05,S2,virtual,100,9.3,8.5,6.4,5
NOT092-000399,2024-03-05,S3,virtual,91.6,3.3,3.8,1.1,5
NOT092-000400,2024-03-05,S1,virtual,67.3,8.9,11.7,3.3,5
NOT092-000401,2024-03-05,S2,virtual,100,10.9,14.3,8.2,0
NOT092-000402,2024-03-06,S3,virtual,67.7,13.1,11.1,11.8,2
NOT092-000403,2024-03-06,S1,virtual,80.6,12.9,13.5,3.9,3
NOT092-000404,2024-03-06,S2,presencial,96.4,14.5,13.2,7.4,1
NOT092-000405,2024-03-06,S3,virtual,69.9,7.6,8.1,7.3,3
NOT092-000406,2024-03-06,S1,virtual,100,14.9,17.1,1.2,2
NOT092-000407,2024-03-06,S2,virtual,80.9,7.7,10.0,8.6,10
NOT092-000408,2024-03-07,S3,virtual,86.6,14.3,12.2,10.7,3
NOT092-000409,2024-03-07,S1,presencial,98.6,11.7,13.4,7.3,0
NOT092-000410,2024-03-07,S2,presencial,100,11.4,14.6,9.4,3
NOT092-000411,2024-03-07,S3,virtual,58.5,12.4,11.7,10.0,3
NOT092-000412,2024-03-07,S1,presencial,73.0,12.3,10.0,0.2,1
NOT092-000413,2024-03-07,S2,presencial,91.3,14.3,12.6,5.4,0
NOT092-000414,2024-03-08,S3,virtual,57.7,6.2,4.7,5.3,4
NOT092-000415,2024-03-08,S1,virtual,52.8,18.0,16.9,10.1,3
NOT092-000416,2024-03-08,S2,virtual,55.2,10.7,,5.4,1
NOT092-000417,2024-03-08,S3,virtual,83.4,9.6,10.7,6.8,10
NOT092-000418,2024-03-08,S1,presencial,74.2,7.3,9.2,10.7,2
NOT092-000419,2024-03-08,S2,virtual,84.5,3.6,8.1,8.0,10
NOT092-000420,2024-03-09,S3,presencial,91.1,10.1,10.5,8.0,2
NOT092-000421,2024-03-09,S1,presencial,96.2,11.3,11.9,4.5,3
NOT092-000422,2024-03-09,S2,presencial,100,9.7,13.9,11.7,10
NOT092-000423,2024-03-09,S3,virtual,67.5,10.2,"12,9",8.2,2
NOT092-000424,2024-03-09,S1,presencial,90.5,12.4,10.1,2.7,2
NOT092-000425,2024-03-09,S2,virtual,92.4,13.4,14.0,10.5,2
NOT092-000426,2024-03-10,S3,virtual,74.4,7.9,12.3,11.9,3
NOT092-000427,2024-03-10,S1,presencial,81.9,11.0,6.7,1.5,1
NOT092-000428,2024-03-10,S2,virtual,87.4,12.2,11.1,3.7,0
NOT092-000429,2024-03-10,S3,presencial,78.7,14.6,12.8,9.4,3
NOT092-000430,2024-03-10,S1,presencial,95.3,11.2,10.5,2.3,3
NOT092-000431,2024-03-10,S2,presencial,69.4,13.9,12.9,3.0,2
NOT092-000432,2024-03-11,S3,presencial,76.2,9.1,-999,11.4,9
NOT092-000433,2024-03-11,S1,presencial,88.4,6.6,7.9,4.5,6
NOT092-000434,2024-03-11,S2,presencial,88.8,12.2,14.8,9.1,2
NOT092-000435,2024-03-11,S3,virtual,87.6,13.7,10.5,7.1,2
NOT092-000436,2024-03-11,S1,virtual,85.2,13.5,15.4,7.2,3
NOT092-000437,2024-03-11,S2,virtual,82.2,14.2,10.6,6.1,2
NOT092-000438,2024-03-11,S3,virtual,72.5,5.0,3.4,2.9,2
NOT092-000439,2024-03-12,S1,virtual,65.4,9.1,11.2,1.6,9
NOT092-000440,2024-03-12,S2,virtual,79.6,12.6,10.4,2.5,2
NOT092-000441,2024-03-12,S3,presencial,59.7,12.1,9.8,4.3,0
NOT092-000442,2024-03-12,S1,virtual,52.9,12.4,11.2,0.2,1
NOT092-000443,2024-03-12,S2,presencial,93.5,10.0,11.4,1.7,2
NOT092-000444,2024-03-12,S3,presencial,85.8,11.1,14.5,8.8,2
NOT092-000445,2024-03-13,S1,virtual,96.7,9.9,10.2,3.6,6
NOT092-000446,2024-03-13,S2,virtual,70.0,11.8,7.9,2.5,3
NOT092-000447,2024-03-13,S3,virtual,86.4,9.6,9.2,9.8,8
NOT092-000448,2024-03-13,S1,virtual,82.3,11.1,14.8,10.4,3
NOT092-000449,2024-03-13,S2,presencial,84.5,11.0,10.2,7.9,0
NOT092-000450,2024-03-13,S3,virtual,72.5,15.0,15.3,7.1,2
NOT092-000451,2024-03-14,S1,virtual,100,6.0,10.5,6.0,9
NOT092-000452,2024-03-14,S2,virtual,77.5,5.9,12.4,11.5,10
NOT092-000453,2024-03-14,S3,virtual,60.4,11.3,13.9,10.0,3
NOT092-000454,2024-03-14,S1,virtual,65.2,19.1,19.5,10.7,2
NOT092-000455,2024-03-14,S2,presencial,57.2,15.4,12.5,2.3,2
NOT092-000456,2024-03-14,S3,presencial,97.3,10.6,7.9,3.7,1
NOT092-000457,2024-03-15,S1,presencial,71.0,10.3,11.9,7.1,1
NOT092-000458,2024-03-15,S2,virtual,100,11.8,11.6,2.8,2
NOT092-000459,2024-03-15,S3,virtual,48.4,10.2,10.7,1.6,3
NOT092-000460,2024-03-15,S1,virtual,83.8,10.3,8.3,1.2,1
NOT092-000461,2024-03-15,S2,presencial,81.1,11.5,14.5,0.0,0
NOT092-000462,2024-03-15,S3,presencial,96.6,11.1,9.8,4.9,3
NOT092-000463,2024-03-16,S1,virtual,96.1,10.3,7.7,6.5,3
NOT092-000464,2024-03-16,S2,virtual,88.3,9.7,12.9,10.2,5
NOT092-000465,2024-03-16,S3,presencial,82.5,9.6,13.2,10.5,9
NOT092-000466,2024-03-16,S1,virtual,75.1,14.5,13.6,11.4,1
NOT092-000467,2024-03-16,S2,presencial,100,9.1,10.3,3.4,9
NOT092-000468,2024-03-16,S3,virtual,80.5,10.6,10.0,7.7,0
NOT092-000469,2024-03-17,S1,virtual,100,9.4,11.1,7.4,3
NOT092-000470,2024-03-17,S2,virtual,70.5,10.8,10.3,11.2,0
NOT092-000471,2024-03-17,S3,presencial,83.2,12.3,12.2,4.5,0
NOT092-000472,2024-03-17,S1,virtual,80.0,10.1,9.9,6.6,1
NOT092-000473,2024-03-17,S2,virtual,85.2,16.6,15.8,2.7,0
NOT092-000474,2024-03-17,S3,presencial,59.6,10.0,11.4,8.6,2
NOT092-000475,2024-03-17,S1,virtual,71.5,9.7,14.2,6.0,6
NOT092-000476,2024-03-18,S2,virtual,82.3,6.0,6.3,7.1,6
NOT092-000477,2024-03-18,S3,presencial,88.3,12.1,10.4,2.8,0
NOT092-000478,2024-03-18,S1,virtual,57.3,7.1,9.0,10.3,3
NOT092-000479,2024-03-18,S2,virtual,79.2,14.1,10.9,5.1,3
NOT092-000480,2024-03-18,S3,virtual,89.1,7.6,10.9,7.8,9
NOT092-000481,2024-03-18,S1,virtual,94.4,7.5,11.2,6.8,4
NOT092-000482,2024-03-19,S2,virtual,55.3,11.5,11.9,5.2,1
NOT092-000483,2024-03-19,S3,presencial,61.7,13.5,10.3,1.1,0
NOT092-000484,2024-03-19,S1,virtual,70.1,7.8,9.8,10.7,4
NOT092-000485,2024-03-19,S2,presencial,97.5,7.0,10.1,10.5,2
NOT092-000486,2024-03-19,S3, VIRTUAL ,100,14.8,15.3,1.6,3
NOT092-000487,2024-03-19,S1,virtual,91.2,10.9,12.8,5.8,3
NOT092-000488,2024-03-20,S2,virtual,100,13.4,11.0,1.1,0
NOT092-000489,2024-03-20,S3,virtual,89.9,8.3,15.5,10.4,9
NOT092-000490,2024-03-20,S1,virtual,63.6,8.4,11.7,4.9,2
NOT092-000491,2024-03-20,S2,presencial,79.8,10.9,11.1,7.1,2
NOT092-000492,2024-03-20,S3,presencial,77.9,11.5,8.4,3.4,1
NOT092-000493,2024-03-20,S1,presencial,100,12.7,13.3,6.2,0
NOT092-000494,2024-03-21,S2,presencial,62.0,13.1,14.0,6.1,1
NOT092-000495,2024-03-21,S3,presencial,77.3,11.9,10.1,7.3,3
NOT092-000496,2024-03-21,S1,presencial,92.3,6.8,10.6,6.7,10
NOT092-000497,2024-03-21,S2,virtual,83.1,10.1,14.5,7.9,3
NOT092-000498,2024-03-21,S3,virtual,63.6,9.9,12.6,4.4,3
NOT092-000499,2024-03-21,S1,virtual,81.7,12.8,,8.4,3
NOT092-000500,2024-03-22,S2,virtual,80.1,11.9,12.9,8.0,1
NOT092-000501,2024-03-22,S3,presencial,85.1,11.3,11.8,2.7,0
NOT092-000502,2024-03-22,S1,virtual,68.4,8.8,12.3,7.7,9
NOT092-000503,2024-03-22,S2,virtual,82.5,9.5,9.1,4.4,3
NOT092-000504,2024-03-22,S3,virtual,87.6,6.1,9.8,4.5,8
NOT092-000505,2024-03-22,S1,virtual,57.4,14.5,10.0,0.1,0
NOT092-000506,2024-03-23,S2,virtual,89.4,15.7,13.0,11.8,2
NOT092-000507,2024-03-23,S3,virtual,68.6,11.1,11.1,11.3,2
NOT092-000508,2024-03-23,S1,virtual,100,12.1,12.9,8.3,3
NOT092-000509,2024-03-23,S2,presencial,80.2,10.7,11.9,11.7,2
NOT092-000510,2024-03-23,S3,virtual,76.2,11.5,8.2,4.0,0
NOT092-000511,2024-03-23,S1,presencial,100,10.5,11.3,1.3,2
NOT092-000512,2024-03-24,S2,virtual,94.3,9.9,15.0,7.0,5
NOT092-000513,2024-03-24,S3,presencial,97.0,11.4,9.4,4.0,3
NOT092-000514,2024-03-24,S1,presencial,84.3,10.7,10.8,4.6,0
NOT092-000515,2024-03-24,S2,virtual,63.3,12.3,11.5,2.1,1
NOT092-000516,2024-03-24,S3,virtual,49.6,9.2,9.4,9.3,6
NOT092-000517,2024-03-24,S1,virtual,76.5,11.2,11.0,4.1,2
NOT092-000518,2024-03-24,S2,presencial,88.6,10.5,11.8,4.2,0
NOT092-000519,2024-03-25,S3,virtual,69.6,13.3,15.4,9.9,1
NOT092-000520,2024-03-25,S1,presencial,69.1,14.7,13.4,3.8,2
NOT092-000521,2024-03-25,S2,virtual,78.7,7.6,8.7,5.7,6
NOT092-000522,2024-03-25,S3,virtual,62.4,15.5,9.7,10.0,2
NOT092-000523,2024-03-25,S1,virtual,72.4,5.8,8.1,0.7,7
NOT092-000524,2024-03-25,S2,presencial,89.5,9.7,13.4,1.5,2
NOT092-000525,2024-03-26,S3,virtual,63.0,9.5,8.0,7.8,5
NOT092-000526,2024-03-26,S1,virtual,61.0,14.6,9.2,0.3,0
NOT092-000527,2024-03-26,S2,presencial,92.0,8.0,12.6,9.2,4
NOT092-000528,2024-03-26,S3,presencial,89.9,14.8,16.4,11.7,3
NOT092-000529,2024-03-26,S1,virtual,65.5,11.9,8.5,1.7,0
NOT092-000530,2024-03-26,S2,virtual,100,13.4,14.1,11.1,3
NOT092-000531,2024-03-27,S3,presencial,67.3,12.7,5.0,0.1,2
NOT092-000532,2024-03-27,S1,virtual,53.1,7.1,9.8,3.2,3
NOT092-000533,2024-03-27,S2,presencial,46.8,6.7,7.3,0.4,2
NOT092-000534,2024-03-27,S3,virtual,59.9,14.6,13.2,9.7,3
NOT092-000535,2024-03-27,S1,presencial,48.8,9.3,9.7,2.3,9
NOT092-000536,2024-03-27,S2,virtual,78.3,7.0,10.4,1.6,5
NOT092-000537,2024-03-28,S3,virtual,65.5,9.5,9.7,1.3,3
NOT092-000538,2024-03-28,S1,virtual,55.3,13.7,9.6,3.9,2
NOT092-000539,2024-03-28,S2,presencial,67.5,11.4,10.7,1.5,0
NOT092-000540,2024-03-28,S3,presencial,85.5,13.7,11.2,5.1,1
NOT092-000541,2024-03-28,S1,virtual,100,11.2,11.9,5.2,2
NOT092-000542,2024-03-28,S2,presencial,100,9.8,11.0,2.4,3
NOT092-000543,2024-03-29,S3,virtual,75.5,7.8,10.6,3.7,3
NOT092-000544,2024-03-29,S1,presencial,69.5,11.6,14.6,6.9,0
NOT092-000545,2024-03-29,S2,virtual,67.5,18.2,17.2,7.7,3
NOT092-000546,2024-03-29,S3,presencial,57.2,7.3,5.5,3.8,7
NOT092-000547,2024-03-29,S1,presencial,58.3,17.2,13.1,8.2,2
NOT092-000548,2024-03-29,S2,presencial,85.6,9.5,8.9,5.2,8
NOT092-000549,2024-03-30,S3,virtual,86.2,16.7,13.9,6.4,3
NOT092-000550,2024-03-30,S1,virtual,95.5,6.3,7.4,2.7,6
NOT092-000551,2024-03-30,S2,virtual,66.1,10.6,12.5,9.6,3
NOT092-000552,2024-03-30,S3,virtual,69.5,9.1,10.8,6.1,8
NOT092-000553,2024-03-30,S1,virtual,53.0,9.9,11.6,9.5,7
NOT092-000554,2024-03-30,S2,virtual,99.1,6.6,11.7,6.9,4
NOT092-000555,2024-03-30,S3,presencial,85.3,13.6,12.4,1.8,1
NOT092-000556,2024-03-31,S1,presencial,62.2,9.5,9.1,8.7,9
NOT092-000557,2024-03-31,S2,virtual,22.6,12.9,10.9,5.6,2
NOT092-000558,2024-03-31,S3,presencial,81.0,9.4,14.2,7.6,10
NOT092-000559,2024-03-31,S1,presencial,100,15.4,13.0,9.6,0
NOT092-000560,2024-03-31,S2,virtual,89.2,17.3,15.5,10.8,0
NOT092-000561,2024-03-31,S3,presencial,81.3,9.0,4.1,0.4,8
NOT092-000562,2024-04-01,S1,virtual,100,13.4,13.0,8.1,1
NOT092-000563,2024-04-01,S2,presencial,67.1,7.6,11.1,5.7,6
NOT092-000564,2024-04-01,S3,virtual,100,9.3,12.5,8.8,9
NOT092-000565,2024-04-01,S1,virtual,44.1,13.5,14.4,8.5,3
NOT092-000566,2024-04-01,S2,virtual,74.0,13.9,5.4,0.6,1
NOT092-000567,2024-04-01,S3,virtual,66.7,4.9,10.3,7.6,6
NOT092-000568,2024-04-02,S1,presencial,65.3,12.9,11.2,9.0,2
NOT092-000569,2024-04-02,S2,presencial,72.1,9.8,11.5,11.5,6
NOT092-000570,2024-04-02,S3,presencial,41.9,10.7,14.7,2.6,1
NOT092-000571,2024-04-02,S1,virtual,53.8,14.8,14.2,0.3,0
NOT092-000572,2024-04-02,S2,virtual,65.1,7.1,8.5,1.2,6
NOT092-000573,2024-04-02,S3,virtual,85.2,14.3,12.1,1.9,0
NOT092-000574,2024-04-03,S1,virtual,62.4,8.2,9.8,10.3,8
NOT092-000575,2024-04-03,S2,virtual,76.4,11.9,8.4,3.0,2
NOT092-000576,2024-04-03,S3,presencial,74.8,8.6,10.3,2.9,4
NOT092-000577,2024-04-03,S1,virtual,57.7,17.4,13.9,3.5,0
NOT092-000578,2024-04-03,S2,virtual,71.3,11.8,6.2,3.1,2
NOT092-000579,2024-04-03,S3,virtual,80.6,14.5,13.8,9.6,2
NOT092-000580,2024-04-04,S1,virtual,66.6,10.6,9.3,2.2,3
NOT092-000581,2024-04-04,S2,virtual,79.5,13.9,9.8,5.8,1
NOT092-000582,2024-04-04,S3,virtual,80.8,9.6,,2.4,7
NOT092-000583,2024-04-04,S1, PRESENCIAL ,96.3,11.3,10.0,2.9,2
NOT092-000584,2024-04-04,S2,virtual,57.9,13.0,10.1,6.4,3
NOT092-000585,2024-04-04,S3,presencial,59.2,11.6,12.3,9.6,1
NOT092-000586,2024-04-05,S1,presencial,70.1,12.3,13.5,0.6,3
NOT092-000587,2024-04-05,S2,virtual,79.8,10.8,11.9,4.2,1
NOT092-000588,2024-04-05,S3,virtual,100,8.0,6.1,3.6,4
NOT092-000589,2024-04-05,S1,presencial,65.8,10.9,7.1,8.5,0
NOT092-000590,2024-04-05,S2,virtual,99.0,15.0,15.0,4.2,2
NOT092-000591,2024-04-05,S3,virtual,57.4,11.7,11.5,3.4,3
NOT092-000592,2024-04-06,S1,presencial,88.3,9.4,15.0,8.6,5
NOT092-000593,2024-04-06,S2,presencial,73.8,12.0,15.6,8.8,0
NOT092-000594,2024-04-06,S3,presencial,82.7,10.4,12.9,5.5,2
NOT092-000595,2024-04-06,S1,virtual,95.6,9.9,7.8,4.0,2
NOT092-000596,2024-04-06,S2,virtual,99.5,16.8,10.5,3.8,0
NOT092-000597,2024-04-06,S3,presencial,78.6,11.5,12.4,9.2,2
NOT092-000598,2024-04-06,S1,virtual,77.3,6.7,8.9,9.5,10
NOT092-000599,2024-04-07,S2,presencial,71.2,11.1,13.4,11.9,2
NOT092-000600,2024-04-07,S3,virtual,95.5,15.5,20,3.9,1
NOT092-000601,2024-04-07,S1,presencial,93.1,11.4,12.1,5.9,0
NOT092-000602,2024-04-07,S2,virtual,100,8.1,10.5,11.4,4
NOT092-000603,2024-04-07,S3,virtual,61.7,10.7,13.3,8.1,1
NOT092-000604,2024-04-07,S1,virtual,94.7,11.5,12.0,11.1,3
NOT092-000605,2024-04-08,S2,virtual,77.5,12.4,10.6,4.0,2
NOT092-000606,2024-04-08,S3,virtual,58.9,11.3,13.5,10.7,1
NOT092-000607,2024-04-08,S1,virtual,79.5,13.8,13.8,2.4,3
NOT092-000608,2024-04-08,S2,virtual,75.5,12.9,10.1,4.1,1
NOT092-000609,2024-04-08,S3,virtual,72.1,8.6,9.2,2.7,6
NOT092-000610,2024-04-08,S1,presencial,63.3,9.9,10.0,10.9,5
NOT092-000611,2024-04-09,S2,presencial,91.5,10.3,7.8,9.7,2
NOT092-000612,2024-04-09,S3,presencial,95.9,9.7,11.2,5.4,8
NOT092-000613,2024-04-09,S1,virtual,94.4,11.2,11.5,9.3,0
NOT092-000614,2024-04-09,S2,virtual,89.2,15.0,15.1,8.0,1
NOT092-000615,2024-04-09,S3,virtual,43.6,8.4,7.6,0.8,5
NOT092-000616,2024-04-09,S1,presencial,74.5,5.7,6.6,8.8,4
NOT092-000617,2024-04-10,S2,virtual,85.4,13.9,15.6,6.7,0
NOT092-000618,2024-04-10,S3,virtual,68.0,7.1,8.0,2.2,4
NOT092-000619,2024-04-10,S1,virtual,69.4,13.8,14.7,0.5,0
NOT092-000620,2024-04-10,S2,virtual,90.7,8.0,8.8,1.5,4
NOT092-000621,2024-04-10,S3,virtual,74.7,9.5,11.0,11.4,10
NOT092-000622,2024-04-10,S1,virtual,73.7,15.0,11.5,7.1,0
NOT092-000623,2024-04-11,S2,virtual,69.8,14.0,18.2,10.4,2
NOT092-000624,2024-04-11,S3,presencial,100,12.3,11.3,4.8,3
NOT092-000625,2024-04-11,S1,presencial,75.3,11.7,11.0,6.2,1
NOT092-000626,2024-04-11,S2,presencial,83.8,10.5,10.7,3.7,1
NOT092-000627,2024-04-11,S3,virtual,100,8.2,15.6,3.8,7
NOT092-000628,2024-04-11,S1,virtual,81.4,13.6,9.4,0.9,1
NOT092-000629,2024-04-12,S2,virtual,97.6,11.7,11.7,11.7,1
NOT092-000630,2024-04-12,S3,virtual,82.4,2.7,6.3,6.5,8
NOT092-000631,2024-04-12,S1,virtual,80.8,11.4,8.1,4.1,2
NOT092-000632,2024-04-12,S2,virtual,64.7,8.1,11.5,11.5,6
NOT092-000633,2024-04-12,S3,virtual,67.7,10.6,11.4,4.3,3
NOT092-000634,2024-04-12,S1,virtual,83.2,12.7,"14,9",8.8,2
NOT092-000635,2024-04-12,S2,virtual,98.9,13.8,19.8,12.0,2
NOT092-000636,2024-04-13,S3,virtual,45.3,9.0,12.0,10.9,8
NOT092-000637,2024-04-13,S1,presencial,89.7,13.2,13.7,0.2,1
NOT092-000638,2024-04-13,S2,presencial,92.4,10.6,10.8,6.4,2
NOT092-000639,2024-04-13,S3,presencial,72.1,14.3,14.0,10.1,0
NOT092-000640,2024-04-13,S1,virtual,87.9,18.5,20,9.4,3
NOT092-000641,2024-04-13,S2,virtual,66.9,10.8,8.7,3.5,2
NOT092-000642,2024-04-14,S3,presencial,48.3,11.1,8.4,5.8,2
NOT092-000643,2024-04-14,S1,presencial,72.8,13.0,10.5,0.4,3
NOT092-000644,2024-04-14,S2,virtual,100,9.3,8.9,0.4,5
NOT092-000645,2024-04-14,S3,presencial,59.6,8.2,9.5,4.3,9
NOT092-000646,2024-04-14,S1,presencial,81.5,12.9,12.9,0.0,2
NOT092-000647,2024-04-14,S2,virtual,92.0,12.5,14.1,10.5,3
NOT092-000648,2024-04-15,S3,presencial,69.4,11.0,11.0,11.3,1
NOT092-000649,2024-04-15,S1,presencial,100,14.2,13.4,0.8,0
NOT092-000650,2024-04-15,S2,virtual,77.9,15.8,12.5,3.5,3
NOT092-000651,2024-04-15,S3,virtual,76.3,7.8,5.9,5.6,10
NOT092-000652,2024-04-15,S1,virtual,83.5,11.7,9.8,5.6,3
NOT092-000653,2024-04-15,S2,virtual,68.9,9.4,13.2,7.3,9
NOT092-000654,2024-04-16,S3,virtual,98.4,8.3,10.5,9.3,8
NOT092-000655,2024-04-16,S1,virtual,70.9,6.6,6.8,5.0,3
NOT092-000656,2024-04-16,S2,virtual,70.8,14.0,12.7,10.0,1
NOT092-000657,2024-04-16,S3,virtual,74.6,11.9,12.4,8.4,3
NOT092-000658,2024-04-16,S1,virtual,56.3,9.3,8.4,10.7,7
NOT092-000659,2024-04-16,S2,virtual,83.9,14.5,16.1,8.9,2
NOT092-000660,2024-04-17,S3,virtual,65.8,5.5,10.4,10.6,5
NOT092-000661,2024-04-17,S1,presencial,100,10.4,11.1,4.1,2
NOT092-000662,2024-04-17,S2,presencial,67.7,9.7,10.9,6.5,3
NOT092-000663,2024-04-17,S3,virtual,100,10.1,13.1,9.4,0
NOT092-000664,2024-04-17,S1,virtual,100.0,5.8,12.0,0.2,5
NOT092-000665,2024-04-17,S2,presencial,67.1,11.9,,6.3,3
NOT092-000666,2024-04-18,S3,virtual,66.6,11.9,11.9,11.3,1
NOT092-000667,2024-04-18,S1,virtual,81.9,5.3,8.7,0.5,4
NOT092-000668,2024-04-18,S2,presencial,71.9,8.3,7.1,2.7,3
NOT092-000669,2024-04-18,S3,virtual,41.5,11.2,7.1,7.1,3
NOT092-000670,2024-04-18,S1,virtual,71.6,11.5,13.4,4.3,0
NOT092-000671,2024-04-18,S2,virtual,83.8,10.2,14.3,11.0,1
NOT092-000672,2024-04-19,S3,virtual,51.3,6.6,7.1,6.0,2
NOT092-000673,2024-04-19,S1,presencial,49.1,11.3,8.5,6.0,0
NOT092-000674,2024-04-19,S2,presencial,44.0,3.2,5.3,4.4,10
NOT092-000675,2024-04-19,S3,virtual,75.9,6.3,7.8,2.0,5
NOT092-000676,2024-04-19,S1,presencial,63.2,6.2,10.7,6.2,5
NOT092-000677,2024-04-19,S2,virtual,68.7,12.3,15.1,0.7,0
NOT092-000678,2024-04-19,S3,presencial,92.7,6.0,9.4,10.1,6
NOT092-000679,2024-04-20,S1,presencial,82.3,9.0,11.4,10.4,10
NOT092-000680,2024-04-20,S2, VIRTUAL ,100,8.8,13.7,11.3,7
NOT092-000681,2024-04-20,S3,presencial,81.6,12.2,16.6,11.9,3
NOT092-000682,2024-04-20,S1,presencial,51.4,15.2,13.7,2.2,0
NOT092-000683,2024-04-20,S2,virtual,80.9,9.3,9.1,0.6,10
NOT092-000684,2024-04-20,S3,virtual,89.6,13.5,13.8,1.8,0
NOT092-000685,2024-04-21,S1,presencial,83.3,13.8,15.5,10.2,0
NOT092-000686,2024-04-21,S2,virtual,81.0,13.0,13.3,7.5,1
NOT092-000687,2024-04-21,S3,virtual,61.5,9.4,9.8,4.1,10
NOT092-000688,2024-04-21,S1,presencial,49.9,7.8,10.7,2.9,3
NOT092-000689,2024-04-21,S2,presencial,76.8,16.3,11.9,0.9,2
NOT092-000690,2024-04-21,S3,virtual,81.0,7.5,7.7,11.5,2
NOT092-000691,2024-04-22,S1,virtual,100,8.7,14.3,11.1,7
NOT092-000692,2024-04-22,S2,presencial,100,12.6,11.5,2.5,2
NOT092-000693,2024-04-22,S3,virtual,67.7,9.0,13.4,2.8,10
NOT092-000694,2024-04-22,S1,presencial,90.9,13.5,11.6,3.3,0
NOT092-000695,2024-04-22,S2,presencial,84.0,11.8,13.3,6.6,0
NOT092-000696,2024-04-22,S3,virtual,71.0,9.1,12.5,11.1,9
NOT092-000697,2024-04-23,S1,virtual,88.6,16.7,14.0,9.6,3
NOT092-000698,2024-04-23,S2,virtual,70.1,16.3,10.2,0.2,1
NOT092-000699,2024-04-23,S3,presencial,69.7,12.1,11.9,9.0,2
NOT092-000700,2024-04-23,S1,virtual,66.8,5.0,8.9,1.9,6
NOT092-000701,2024-04-23,S2,virtual,67.5,9.2,10.6,6.6,2
NOT092-000702,2024-04-23,S3,presencial,89.4,13.2,13.5,10.6,2
NOT092-000703,2024-04-24,S1,presencial,64.8,14.1,15.7,0.6,2
NOT092-000704,2024-04-24,S2,virtual,89.3,12.3,12.1,9.8,1
NOT092-000705,2024-04-24,S3,virtual,96.8,11.1,9.1,4.1,2
NOT092-000706,2024-04-24,S1,virtual,92.3,15.1,16.9,11.4,2
NOT092-000707,2024-04-24,S2,presencial,100,7.2,10.0,2.3,3
NOT092-000708,2024-04-24,S3,virtual,99.1,15.0,13.4,0.4,0
NOT092-000709,2024-04-25,S1,virtual,52.5,14.6,14.4,6.3,2
NOT092-000710,2024-04-25,S2,presencial,67.3,17.2,15.4,4.4,1
NOT092-000711,2024-04-25,S3,virtual,85.5,8.6,10.7,6.6,2
NOT092-000712,2024-04-25,S1,presencial,74.6,14.8,10.0,1.2,1
NOT092-000713,2024-04-25,S2,presencial,40.5,12.6,13.1,1.4,2
NOT092-000714,2024-04-25,S3,virtual,66.2,13.6,15.3,9.3,2
NOT092-000715,2024-04-25,S1,presencial,93.4,7.2,12.4,3.8,5
NOT092-000716,2024-04-26,S2,presencial,79.2,7.9,8.7,10.2,3
NOT092-000717,2024-04-26,S3,presencial,66.4,16.3,14.6,10.8,2
NOT092-000718,2024-04-26,S1,virtual,78.3,12.3,12.8,9.9,1
NOT092-000719,2024-04-26,S2,virtual,100,11.8,12.5,1.7,2
NOT092-000720,2024-04-26,S3,virtual,51.0,7.8,9.6,2.2,8
NOT092-000721,2024-04-26,S1,presencial,80.1,7.3,11.1,9.7,6
NOT092-000722,2024-04-27,S2,virtual,79.3,13.2,11.2,1.4,1
NOT092-000723,2024-04-27,S3,virtual,87.5,9.8,10.3,7.4,4
NOT092-000724,2024-04-27,S1,presencial,97.8,13.5,13.9,4.6,3
NOT092-000725,2024-04-27,S2,virtual,84.6,15.6,14.4,3.2,0
NOT092-000726,2024-04-27,S3,virtual,72.5,7.6,13.9,11.7,3
NOT092-000727,2024-04-27,S1,virtual,64.3,7.5,10.8,10.1,2
NOT092-000728,2024-04-28,S2,presencial,80.3,11.2,16.7,3.6,3
NOT092-000729,2024-04-28,S3,presencial,83.6,11.2,10.4,0.1,3
NOT092-000730,2024-04-28,S1,virtual,88.1,5.4,4.6,2.3,10
NOT092-000731,2024-04-28,S2,presencial,54.0,15.3,14.7,6.2,1
NOT092-000732,2024-04-28,S3,virtual,71.4,8.9,9.3,10.8,6
NOT092-000733,2024-04-28,S1,presencial,68.5,14.6,12.5,9.8,3
NOT092-000734,2024-04-29,S2,virtual,88.3,13.9,15.0,5.0,2
NOT092-000735,2024-04-29,S3,presencial,53.6,11.4,11.7,10.7,2
NOT092-000736,2024-04-29,S1,virtual,66.4,12.1,9.8,4.5,0
NOT092-000737,2024-04-29,S2,presencial,78.1,11.9,11.1,5.0,1
NOT092-000738,2024-04-29,S3,virtual,100,12.3,9.8,2.1,1
NOT092-000739,2024-04-29,S1,virtual,96.9,11.2,12.6,6.3,0
NOT092-000740,2024-04-30,S2,presencial,58.0,11.6,12.9,9.3,3
NOT092-000741,2024-04-30,S3,virtual,69.7,7.3,5.4,6.9,7
NOT092-000742,2024-04-30,S1,virtual,95.6,10.6,16.0,8.4,0
NOT092-000743,2024-04-30,S2,presencial,65.2,10.7,14.7,4.8,3
NOT092-000744,2024-04-30,S3,virtual,90.4,3.1,5.7,5.6,2
NOT092-000745,2024-04-30,S1,virtual,66.0,14.8,15.0,5.7,3
NOT092-000746,2024-05-01,S2,virtual,100,11.0,8.3,3.7,1
NOT092-000747,2024-05-01,S3,presencial,93.8,12.8,10.3,4.9,0
NOT092-000748,2024-05-01,S1,virtual,60.2,9.1,,3.9,10
NOT092-000749,2024-05-01,S2,presencial,63.6,10.3,6.2,3.2,3
NOT092-000750,2024-05-01,S3,presencial,69.1,14.0,12.6,10.1,3
NOT092-000751,2024-05-01,S1,virtual,82.7,6.8,6.0,0.1,2
NOT092-000752,2024-05-01,S2,virtual,86.5,11.0,11.5,0.5,3
NOT092-000753,2024-05-02,S3,virtual,89.8,18.4,16.9,7.2,1
NOT092-000754,2024-05-02,S1,virtual,95.5,9.8,10.9,4.8,10
NOT092-000755,2024-05-02,S2,presencial,67.5,9.8,7.6,10.9,8
NOT092-000756,2024-05-02,S3,virtual,100,6.3,7.3,7.3,4
NOT092-000757,2024-05-02,S1,virtual,61.1,7.6,9.5,5.6,8
NOT092-000758,2024-05-02,S2,virtual,53.5,13.7,9.5,6.4,0
NOT092-000759,2024-05-03,S3,virtual,89.0,7.6,12.4,8.2,2
NOT092-000760,2024-05-03,S1,virtual,81.9,8.8,10.4,1.2,2
NOT092-000761,2024-05-03,S2,presencial,50.4,3.8,4.9,0.6,7
NOT092-000762,2024-05-03,S3,presencial,58.6,12.8,12.9,4.8,0
NOT092-000763,2024-05-03,S1,virtual,87.4,13.4,15.5,1.1,3
NOT092-000764,2024-05-03,S2,presencial,93.1,15.5,11.6,6.5,0
NOT092-000765,2024-05-04,S3,virtual,63.8,12.8,9.9,2.2,0
NOT092-000766,2024-05-04,S1,virtual,75.0,11.2,10.0,10.8,0
NOT092-000767,2024-05-04,S2,virtual,56.3,10.9,10.1,3.2,2
NOT092-000768,2024-05-04,S3,virtual,92.5,10.0,11.2,7.2,1
NOT092-000769,2024-05-04,S1,presencial,74.6,15.8,15.1,8.2,0
NOT092-000770,2024-05-04,S2,presencial,92.7,5.9,10.3,1.1,5
NOT092-000771,2024-05-05,S3,virtual,78.7,9.2,12.2,0.1,8
NOT092-000772,2024-05-05,S1,presencial,73.5,14.7,15.4,6.5,0
NOT092-000773,2024-05-05,S2,presencial,77.3,9.9,12.8,7.9,6
NOT092-000774,2024-05-05,S3,virtual,59.4,10.4,9.5,10.5,1
NOT092-000775,2024-05-05,S1,virtual,59.8,7.9,10.0,9.7,9
NOT092-000776,2024-05-05,S2,presencial,76.0,11.3,8.4,5.9,1
NOT092-000777,2024-05-06,S3, VIRTUAL ,83.9,10.1,7.8,7.4,3
NOT092-000778,2024-05-06,S1,presencial,98.6,10.9,11.6,3.1,3
NOT092-000779,2024-05-06,S2,presencial,95.5,5.8,8.2,5.1,2
NOT092-000780,2024-05-06,S3,virtual,68.2,8.5,11.9,3.5,5
NOT092-000781,2024-05-06,S1,virtual,63.5,9.7,9.8,8.9,4
NOT092-000782,2024-05-06,S2,presencial,79.5,13.1,9.9,4.9,0
NOT092-000783,2024-05-07,S3,virtual,88.9,13.9,18.0,6.7,2
NOT092-000784,2024-05-07,S1,virtual,75.6,14.4,11.8,1.9,0
NOT092-000785,2024-05-07,S2,presencial,74.0,12.0,10.7,3.6,1
NOT092-000786,2024-05-07,S3,virtual,96.3,14.8,14.5,4.8,1
NOT092-000787,2024-05-07,S1,virtual,100,12.9,11.3,4.9,3
NOT092-000788,2024-05-07,S2,virtual,75.8,14.0,11.3,8.7,3
NOT092-000789,2024-05-08,S3,virtual,90.8,8.9,14.0,2.8,9
NOT092-000790,2024-05-08,S1,virtual,100,10.3,10.3,10.6,2
NOT092-000791,2024-05-08,S2,presencial,73.8,10.9,13.4,6.7,3
NOT092-000792,2024-05-08,S3,presencial,68.0,9.0,10.1,2.1,4
NOT092-000793,2024-05-08,S1,presencial,98.0,8.3,11.6,9.1,7
NOT092-000794,2024-05-08,S2,virtual,70.1,8.9,14.2,3.5,9
NOT092-000795,2024-05-08,S3,virtual,85.3,14.4,13.2,5.5,0
NOT092-000796,2024-05-09,S1,presencial,61.0,14.0,10.8,2.9,3
NOT092-000797,2024-05-09,S2,presencial,100,14.1,13.9,5.5,0
NOT092-000798,2024-05-09,S3,virtual,83.1,7.6,10.9,8.3,8
NOT092-000799,2024-05-09,S1,virtual,87.8,4.6,8.7,6.9,4
NOT092-000800,2024-05-09,S2,virtual,96.9,15.3,16.5,1.5,2
NOT092-000801,2024-05-09,S3,virtual,63.4,13.3,9.9,0.2,1
NOT092-000802,2024-05-10,S1,virtual,65.7,9.7,6.9,0.9,7
NOT092-000803,2024-05-10,S2,presencial,78.0,14.9,15.1,7.2,2
NOT092-000804,2024-05-10,S3,virtual,58.4,7.7,9.3,3.1,6
NOT092-000805,2024-05-10,S1,virtual,57.6,11.2,12.4,1.1,3
NOT092-000806,2024-05-10,S2,virtual,67.4,12.4,14.0,8.4,3
NOT092-000807,2024-05-10,S3,presencial,100,9.7,14.1,8.6,10
NOT092-000808,2024-05-11,S1,virtual,52.7,12.8,10.7,9.7,2
NOT092-000809,2024-05-11,S2,virtual,49.6,7.1,11.0,7.7,2
NOT092-000810,2024-05-11,S3,virtual,62.6,12.2,16.6,11.8,0
NOT092-000811,2024-05-11,S1,virtual,84.2,11.9,12.4,6.8,0
NOT092-000812,2024-05-11,S2,presencial,71.9,9.1,13.3,7.4,9
NOT092-000813,2024-05-11,S3,virtual,49.9,12.0,12.5,11.1,2
NOT092-000814,2024-05-12,S1,presencial,84.6,12.7,14.5,9.6,0
NOT092-000815,2024-05-12,S2,presencial,82.6,10.8,9.5,3.4,0
NOT092-000816,2024-05-12,S3,virtual,59.6,13.2,8.2,7.3,1
NOT092-000817,2024-05-12,S1,presencial,98.8,11.5,16.0,7.6,3
NOT092-000818,2024-05-12,S2,virtual,98.1,7.5,12.3,5.3,7
NOT092-000819,2024-05-12,S3,presencial,88.8,11.6,12.9,4.4,3
NOT092-000820,2024-05-13,S1,virtual,98.0,8.3,12.2,4.1,7
NOT092-000821,2024-05-13,S2,presencial,100,11.2,14.2,2.3,3
NOT092-000822,2024-05-13,S3,presencial,100,9.3,12.6,9.2,9
NOT092-000823,2024-05-13,S1,presencial,78.1,18.2,16.9,8.7,1
NOT092-000824,2024-05-13,S2,presencial,55.6,8.0,9.4,7.4,5
NOT092-000825,2024-05-13,S3,virtual,90.3,8.3,11.3,4.6,8
NOT092-000826,2024-05-14,S1,virtual,95.9,6.7,10.8,1.9,3
NOT092-000827,2024-05-14,S2,presencial,91.9,13.4,11.6,4.2,2
NOT092-000828,2024-05-14,S3,presencial,66.6,13.5,14.0,4.1,3
NOT092-000829,2024-05-14,S1,presencial,76.7,9.9,11.7,11.3,9
NOT092-000830,2024-05-14,S2,presencial,62.5,9.1,10.6,11.3,5
NOT092-000831,2024-05-14,S3,virtual,85.9,11.3,,4.3,3
NOT092-000832,2024-05-14,S1,presencial,72.3,9.9,11.4,0.9,2
NOT092-000833,2024-05-15,S2,presencial,87.1,9.9,15.2,8.2,5
NOT092-000834,2024-05-15,S3,presencial,68.4,7.3,9.3,3.8,3
NOT092-000835,2024-05-15,S1,virtual,62.7,11.9,11.9,3.8,2
NOT092-000836,2024-05-15,S2,virtual,100,7.2,6.0,1.5,10
NOT092-000837,2024-05-15,S3,virtual,62.5,13.3,11.2,9.4,1
NOT092-000838,2024-05-15,S1,virtual,100,14.2,14.1,3.0,0
NOT092-000839,2024-05-16,S2,virtual,100,17.6,15.6,7.9,0
NOT092-000840,2024-05-16,S3,presencial,78.1,2.3,3.1,4.7,3
NOT092-000841,2024-05-16,S1,virtual,89.5,12.4,8.3,1.5,2
NOT092-000842,2024-05-16,S2,presencial,56.2,12.4,8.9,10.9,1
NOT092-000843,2024-05-16,S3,presencial,95.9,11.8,10.7,1.9,1
NOT092-000844,2024-05-16,S1,virtual,80.5,14.8,10.8,5.6,1
NOT092-000845,2024-05-17,S2,virtual,98.2,12.2,"11,6",4.0,2
NOT092-000846,2024-05-17,S3,presencial,59.1,16.1,11.5,0.4,0
NOT092-000847,2024-05-17,S1,virtual,78.2,11.6,8.7,7.7,0
NOT092-000848,2024-05-17,S2,virtual,83.8,11.7,16.3,4.6,3
NOT092-000849,2024-05-17,S3,virtual,77.2,8.4,12.6,9.2,8
NOT092-000850,2024-05-17,S1,presencial,85.4,16.5,17.5,9.3,1
NOT092-000851,2024-05-18,S2,virtual,75.4,7.0,8.0,5.9,8
NOT092-000852,2024-05-18,S3,virtual,67.7,8.4,11.7,11.1,2
NOT092-000853,2024-05-18,S1,virtual,92.2,9.5,13.9,4.9,6
NOT092-000854,2024-05-18,S2,presencial,94.6,11.6,14.1,5.5,1
NOT092-000855,2024-05-18,S3,virtual,59.4,17.2,14.3,5.0,3
NOT092-000856,2024-05-18,S1,virtual,76.7,13.4,13.8,10.6,1
NOT092-000857,2024-05-19,S2,presencial,82.0,11.4,11.5,7.6,1
NOT092-000858,2024-05-19,S3,virtual,85.5,12.7,14.2,2.7,2
NOT092-000859,2024-05-19,S1,virtual,72.7,7.4,13.4,5.3,9
NOT092-000860,2024-05-19,S2,presencial,79.6,9.4,14.0,9.6,8
NOT092-000861,2024-05-19,S3,presencial,69.3,11.7,13.5,7.8,1
NOT092-000862,2024-05-19,S1,virtual,89.3,6.6,7.8,11.8,2
NOT092-000863,2024-05-20,S2,virtual,73.6,8.1,-999,0.8,9
NOT092-000864,2024-05-20,S3,presencial,76.1,7.8,10.8,3.8,10
NOT092-000865,2024-05-20,S1,presencial,83.6,11.9,11.7,5.8,0
NOT092-000866,2024-05-20,S2,virtual,73.7,9.9,7.9,10.1,5
NOT092-000867,2024-05-20,S3,presencial,84.3,14.0,9.5,4.3,0
NOT092-000868,2024-05-20,S1,presencial,100,11.1,10.6,2.9,2
NOT092-000869,2024-05-21,S2,presencial,63.7,13.3,11.4,7.7,0
NOT092-000870,2024-05-21,S3,presencial,100,16.6,13.9,0.9,0
NOT092-000871,2024-05-21,S1,presencial,49.7,16.6,11.8,7.1,1
NOT092-000872,2024-05-21,S2,virtual,83.7,8.0,11.4,8.0,4
NOT092-000873,2024-05-21,S3,presencial,54.6,9.0,13.0,6.5,4
NOT092-000874,2024-05-21,S1, PRESENCIAL ,86.0,12.1,9.0,5.1,3
NOT092-000875,2024-05-21,S2,virtual,100,8.6,7.4,7.1,4
NOT092-000876,2024-05-22,S3,presencial,63.9,8.6,10.3,10.1,8
NOT092-000877,2024-05-22,S1,virtual,91.5,12.6,10.7,2.3,2
NOT092-000878,2024-05-22,S2,presencial,65.9,15.2,16.0,4.3,3
NOT092-000879,2024-05-22,S3,presencial,48.7,7.2,7.3,3.9,4
NOT092-000880,2024-05-22,S1,presencial,70.4,5.8,7.2,10.9,5
NOT092-000881,2024-05-22,S2,presencial,82.7,13.3,17.4,10.1,2
NOT092-000882,2024-05-23,S3,virtual,84.2,16.7,17.5,6.5,1
NOT092-000883,2024-05-23,S1,virtual,68.3,8.6,9.5,3.5,3
NOT092-000884,2024-05-23,S2,presencial,80.8,11.6,14.3,1.8,0
NOT092-000885,2024-05-23,S3,presencial,100,14.0,19.8,9.8,3
NOT092-000886,2024-05-23,S1,virtual,69.4,11.6,10.0,7.7,1
NOT092-000887,2024-05-23,S2,virtual,59.4,8.9,8.2,3.3,3
NOT092-000888,2024-05-24,S3,presencial,65.3,13.3,13.3,2.0,0
NOT092-000889,2024-05-24,S1,presencial,85.8,8.9,9.9,7.2,10
NOT092-000890,2024-05-24,S2,virtual,50.2,4.6,8.7,0.4,10
NOT092-000891,2024-05-24,S3,presencial,100,8.9,13.0,11.5,9
NOT092-000892,2024-05-24,S1,presencial,72.9,9.5,10.9,10.4,9
NOT092-000893,2024-05-24,S2,presencial,74.0,8.8,12.3,11.2,5
NOT092-000894,2024-05-25,S3,virtual,81.0,14.4,15.7,11.0,3
NOT092-000895,2024-05-25,S1,presencial,92.3,11.1,9.1,0.7,3
NOT092-000896,2024-05-25,S2,presencial,55.0,6.6,12.0,11.7,9
NOT092-000897,2024-05-25,S3,presencial,73.2,10.6,8.7,1.4,0
NOT092-000898,2024-05-25,S1,virtual,84.1,10.9,12.6,9.4,2
NOT092-000899,2024-05-25,S2,presencial,65.7,11.6,12.1,5.4,3
NOT092-000900,2024-05-26,S3,presencial,81.4,4.6,10.0,9.0,8
NOT092-000901,2024-05-26,S1,virtual,30.3,10.3,9.1,6.7,0
NOT092-000902,2024-05-26,S2,presencial,80.0,15.5,13.3,9.9,0
NOT092-000903,2024-05-26,S3,virtual,77.9,5.2,6.2,2.3,4
NOT092-000904,2024-05-26,S1,virtual,83.3,16.6,10.8,5.5,2
NOT092-000905,2024-05-26,S2,virtual,67.6,13.4,13.6,3.7,1
NOT092-000906,2024-05-27,S3,presencial,51.5,7.8,6.0,10.0,5
NOT092-000907,2024-05-27,S1,virtual,33.2,7.3,10.3,2.9,8
NOT092-000908,2024-05-27,S2,presencial,57.0,10.9,12.3,0.0,1
NOT092-000909,2024-05-27,S3,presencial,49.4,4.9,7.2,10.9,10
NOT092-000910,2024-05-27,S1,presencial,100,13.2,8.7,1.3,2
NOT092-000911,2024-05-27,S2,virtual,60.6,7.5,6.1,6.4,8
NOT092-000912,2024-05-27,S3,virtual,75.3,14.0,15.4,7.6,2
NOT092-000913,2024-05-28,S1,presencial,85.1,10.2,12.2,12.0,3
NOT092-000914,2024-05-28,S2,presencial,86.7,11.9,,11.1,2
NOT092-000915,2024-05-28,S3,virtual,71.5,16.4,15.3,8.9,0
NOT092-000916,2024-05-28,S1,virtual,77.6,6.9,9.0,6.2,10
NOT092-000917,2024-05-28,S2,virtual,68.9,14.3,10.2,1.5,2
NOT092-000918,2024-05-28,S3,virtual,86.2,17.2,16.5,11.5,2
NOT092-000919,2024-05-29,S1,presencial,92.0,14.3,9.7,4.6,2
NOT092-000920,2024-05-29,S2,virtual,81.3,12.2,10.2,5.4,2
NOT092-000921,2024-05-29,S3,presencial,67.1,13.9,11.2,5.6,2
NOT092-000922,2024-05-29,S1,presencial,58.7,7.8,8.9,0.4,8
NOT092-000923,2024-05-29,S2,presencial,65.4,9.2,10.0,5.1,10
NOT092-000924,2024-05-29,S3,presencial,55.4,9.2,11.6,5.3,4
NOT092-000925,2024-05-30,S1,presencial,100,11.5,10.6,7.3,3
NOT092-000926,2024-05-30,S2,presencial,100,8.2,12.1,6.4,3
NOT092-000927,2024-05-30,S3,virtual,78.9,11.6,14.9,10.4,2
NOT092-000928,2024-05-30,S1,virtual,79.3,12.0,13.2,12.0,2
NOT092-000929,2024-05-30,S2,presencial,65.5,14.5,13.7,6.3,3
NOT092-000930,2024-05-30,S3,virtual,76.8,9.1,8.4,0.8,9
NOT092-000931,2024-05-31,S1,presencial,68.6,8.1,10.9,1.7,9
NOT092-000932,2024-05-31,S2,presencial,90.8,10.2,9.6,8.1,3
NOT092-000933,2024-05-31,S3,virtual,70.6,13.7,13.1,7.7,1
NOT092-000934,2024-05-31,S1,presencial,80.4,9.8,7.8,5.4,2
NOT092-000935,2024-05-31,S2,presencial,76.9,11.6,13.0,3.1,2
NOT092-000936,2024-05-31,S3,presencial,75.7,8.4,12.1,6.6,2
NOT092-000937,2024-06-01,S1,presencial,80.1,9.7,10.7,5.1,3
NOT092-000938,2024-06-01,S2,virtual,88.5,10.4,11.0,6.2,1
NOT092-000939,2024-06-01,S3,virtual,90.2,16.4,12.7,6.6,1
NOT092-000940,2024-06-01,S1,virtual,73.6,7.9,12.9,10.1,10
NOT092-000941,2024-06-01,S2,presencial,89.3,11.7,10.6,2.9,2
NOT092-000942,2024-06-01,S3,virtual,68.9,13.9,11.9,11.5,1
NOT092-000943,2024-06-02,S1,virtual,62.9,8.1,9.0,9.8,4
NOT092-000944,2024-06-02,S2,virtual,100,13.6,14.8,3.0,1
NOT092-000945,2024-06-02,S3,virtual,93.2,14.6,15.6,11.5,1
NOT092-000946,2024-06-02,S1,presencial,96.0,10.5,10.6,0.7,3
NOT092-000947,2024-06-02,S2,virtual,100,13.1,13.2,9.5,1
NOT092-000948,2024-06-02,S3,virtual,59.6,9.9,11.2,11.6,2
NOT092-000949,2024-06-02,S1,virtual,90.6,12.4,13.4,5.9,1
NOT092-000950,2024-06-03,S2,presencial,81.2,14.2,12.5,7.9,3
NOT092-000951,2024-06-03,S3,presencial,74.7,15.2,16.6,4.5,0
NOT092-000952,2024-06-03,S1,presencial,36.7,14.3,11.6,7.2,2
NOT092-000953,2024-06-03,S2,presencial,79.6,11.1,15.0,6.1,2
NOT092-000954,2024-06-03,S3,virtual,54.5,14.0,15.4,11.1,0
NOT092-000955,2024-06-03,S1,presencial,88.5,13.8,14.4,9.3,3
NOT092-000956,2024-06-04,S2,presencial,77.6,12.1,12.5,9.9,3
NOT092-000957,2024-06-04,S3,presencial,79.2,11.3,13.5,9.6,3
NOT092-000958,2024-06-04,S1,presencial,87.2,10.7,11.2,7.0,1
NOT092-000959,2024-06-04,S2,virtual,62.9,13.8,15.4,4.4,1
NOT092-000960,2024-06-04,S3,virtual,68.4,16.6,11.1,5.7,2
NOT092-000961,2024-06-04,S1,virtual,72.8,9.2,10.1,7.6,5
NOT092-000962,2024-06-05,S2,presencial,93.2,9.1,10.8,10.9,2
NOT092-000963,2024-06-05,S3,presencial,67.8,11.4,11.5,5.5,1
NOT092-000964,2024-06-05,S1,virtual,92.8,10.5,10.9,11.6,0
NOT092-000965,2024-06-05,S2,virtual,55.1,10.6,8.7,5.7,3
NOT092-000966,2024-06-05,S3,virtual,60.7,10.0,11.8,6.1,1
NOT092-000967,2024-06-05,S1,virtual,82.1,13.6,15.8,4.8,1
NOT092-000968,2024-06-06,S2,virtual,66.8,8.8,6.1,1.9,2
NOT092-000969,2024-06-06,S3,presencial,100,16.4,17.7,6.8,0
NOT092-000970,2024-06-06,S1,presencial,77.3,13.1,12.7,3.5,3
NOT092-000971,2024-06-06,S2, PRESENCIAL ,73.0,11.9,12.7,5.6,3
NOT092-000972,2024-06-06,S3,presencial,90.3,10.8,12.2,10.8,0
NOT092-000973,2024-06-06,S1,presencial,80.1,11.4,7.3,0.1,3
NOT092-000974,2024-06-07,S2,presencial,100,14.2,16.9,6.2,3
NOT092-000975,2024-06-07,S3,virtual,94.0,14.7,13.4,6.6,3
NOT092-000976,2024-06-07,S1,virtual,68.2,7.8,15.0,9.5,5
NOT092-000977,2024-06-07,S2,virtual,56.0,10.3,8.0,8.7,1
NOT092-000978,2024-06-07,S3,virtual,100,12.0,11.9,10.1,0
NOT092-000979,2024-06-07,S1,presencial,83.2,9.9,11.9,6.8,3
NOT092-000980,2024-06-08,S2,presencial,80.0,7.8,12.4,5.9,10
NOT092-000981,2024-06-08,S3,virtual,76.0,16.1,12.8,11.6,2
NOT092-000982,2024-06-08,S1,presencial,84.2,9.1,11.0,7.9,10
NOT092-000983,2024-06-08,S2,virtual,81.5,11.8,10.3,0.8,3
NOT092-000984,2024-06-08,S3,virtual,61.4,12.8,9.1,6.5,0
NOT092-000985,2024-06-08,S1,virtual,63.9,11.1,12.1,8.6,3
NOT092-000986,2024-06-09,S2,presencial,89.3,10.0,12.6,2.0,1
NOT092-000987,2024-06-09,S3,virtual,91.7,14.5,16.1,7.1,3
NOT092-000988,2024-06-09,S1,presencial,100,6.3,10.8,3.8,2
NOT092-000989,2024-06-09,S2,virtual,86.3,12.0,14.6,10.7,3
NOT092-000990,2024-06-09,S3,virtual,85.3,13.6,14.2,5.5,1
NOT092-000991,2024-06-09,S1,presencial,100,10.2,7.8,6.1,1
NOT092-000992,2024-06-09,S2,virtual,67.7,12.3,10.0,4.2,2
NOT092-000993,2024-06-10,S3,virtual,96.5,15.8,9.1,1.2,2
NOT092-000994,2024-06-10,S1,virtual,44.0,7.3,6.1,5.0,2
NOT092-000995,2024-06-10,S2,virtual,55.3,13.2,11.6,1.9,0
NOT092-000996,2024-06-10,S3,virtual,72.8,11.6,12.9,4.3,0
NOT092-000997,2024-06-10,S1,presencial,75.3,12.7,,3.1,2
NOT092-000998,2024-06-10,S2,presencial,100,9.6,11.4,11.2,8
NOT092-000999,2024-06-11,S3,presencial,63.5,13.2,14.6,9.2,2
NOT092-001000,2024-06-11,S1,virtual,78.3,7.5,8.8,1.3,4
NOT092-001001,2024-06-11,S2,presencial,59.5,10.5,11.0,11.6,2
NOT092-001002,2024-06-11,S3,virtual,68.7,10.4,12.9,10.3,0
NOT092-001003,2024-06-11,S1,presencial,80.2,12.5,11.8,1.0,1
NOT092-001004,2024-06-11,S2,virtual,76.1,12.0,14.4,10.2,1
NOT092-001005,2024-06-12,S3,virtual,93.3,9.5,12.0,10.9,5
NOT092-001006,2024-06-12,S1,virtual,63.2,13.8,12.4,0.6,0
NOT092-001007,2024-06-12,S2,virtual,83.8,8.2,9.1,6.8,2
NOT092-001008,2024-06-12,S3,virtual,44.7,7.3,8.3,7.4,9
NOT092-001009,2024-06-12,S1,presencial,59.3,5.4,7.0,1.5,8
NOT092-001010,2024-06-12,S2,presencial,61.2,9.5,10.0,4.0,7
NOT092-001011,2024-06-13,S3,virtual,65.4,15.5,13.7,2.7,0
NOT092-001012,2024-06-13,S1,presencial,73.4,12.6,13.1,6.5,0
NOT092-001013,2024-06-13,S2,presencial,79.2,8.3,11.4,4.7,7
NOT092-001014,2024-06-13,S3,presencial,72.9,11.0,8.7,2.4,3
NOT092-001015,2024-06-13,S1,virtual,74.0,14.7,14.9,10.7,3
NOT092-001016,2024-06-13,S2,virtual,90.6,9.4,11.0,1.6,10
NOT092-001017,2024-06-14,S3,presencial,84.0,8.1,9.0,2.1,4
NOT092-001018,2024-06-14,S1,virtual,74.9,7.6,8.2,2.0,5
NOT092-001019,2024-06-14,S2,virtual,80.6,10.1,9.0,1.9,3
NOT092-001020,2024-06-14,S3,presencial,100,8.5,8.9,6.8,7
NOT092-001021,2024-06-14,S1,virtual,91.9,5.8,12.4,11.9,10
NOT092-001022,2024-06-14,S2,virtual,86.6,8.3,12.2,4.6,7
NOT092-001023,2024-06-15,S3,virtual,79.8,15.0,13.9,2.7,0
NOT092-001024,2024-06-15,S1,virtual,76.6,9.1,10.7,7.7,6
NOT092-001025,2024-06-15,S2,presencial,73.8,7.5,8.2,0.1,6
NOT092-001026,2024-06-15,S3,presencial,71.1,10.0,13.1,9.2,0
NOT092-001027,2024-06-15,S1,virtual,81.9,10.3,10.1,10.1,0
NOT092-001028,2024-06-15,S2,presencial,50.5,15.3,11.5,3.9,1
NOT092-001029,2024-06-15,S3,virtual,93.8,8.8,10.1,3.8,2
NOT092-001030,2024-06-16,S1,virtual,57.4,13.8,14.1,10.2,0
NOT092-001031,2024-06-16,S2,presencial,100,16.6,16.2,8.9,2
NOT092-001032,2024-06-16,S3,presencial,58.8,13.1,10.1,3.5,2
NOT092-001033,2024-06-16,S1,virtual,62.9,9.0,11.7,10.3,9
NOT092-001034,2024-06-16,S2,virtual,95.6,12.1,10.8,3.3,0
NOT092-001035,2024-06-16,S3,presencial,81.0,4.6,7.0,7.9,7
NOT092-001036,2024-06-17,S1,presencial,74.2,10.9,11.3,5.5,3
NOT092-001037,2024-06-17,S2,virtual,78.1,11.3,13.2,4.5,0
NOT092-001038,2024-06-17,S3,presencial,83.8,15.2,12.3,0.3,2
NOT092-001039,2024-06-17,S1,virtual,62.0,5.9,8.5,2.6,9
NOT092-001040,2024-06-17,S2,presencial,84.4,13.8,14.2,8.0,2
NOT092-001041,2024-06-17,S3,virtual,56.7,11.2,12.6,8.3,3
NOT092-001042,2024-06-18,S1,virtual,100,11.6,8.7,2.5,0
NOT092-001043,2024-06-18,S2,virtual,80.5,11.5,12.1,7.8,3
NOT092-001044,2024-06-18,S3,virtual,76.5,7.8,8.7,11.3,3
NOT092-001045,2024-06-18,S1,presencial,94.7,9.2,7.5,8.0,3
NOT092-001046,2024-06-18,S2,presencial,78.4,12.9,12.5,9.0,0
NOT092-001047,2024-06-18,S3,virtual,77.3,14.0,14.2,4.0,3
NOT092-001048,2024-06-19,S1,virtual,98.8,4.4,9.1,3.1,9
NOT092-001049,2024-06-19,S2,virtual,82.6,4.5,8.1,9.7,9
NOT092-001050,2024-06-19,S3,virtual,100,7.9,13.0,11.5,3
NOT092-001051,2024-06-19,S1,virtual,84.0,15.1,13.5,4.0,3
NOT092-001052,2024-06-19,S2,virtual,87.6,18.7,19.4,3.0,1
NOT092-001053,2024-06-19,S3,presencial,93.8,8.9,10.3,2.0,4
NOT092-001054,2024-06-20,S1,presencial,77.3,10.3,7.7,0.5,1
NOT092-001055,2024-06-20,S2,presencial,91.2,14.2,12.0,4.7,0
NOT092-001056,2024-06-20,S3,virtual,64.3,13.2,"13,3",4.6,3
NOT092-001057,2024-06-20,S1,virtual,100,13.5,14.1,3.6,1
NOT092-001058,2024-06-20,S2,virtual,59.2,11.8,10.3,11.2,3
NOT092-001059,2024-06-20,S3,presencial,69.0,12.5,14.4,6.6,1
NOT092-001060,2024-06-21,S1,virtual,82.3,8.5,12.5,10.1,8
NOT092-001061,2024-06-21,S2,virtual,81.0,13.0,12.1,4.7,1
NOT092-001062,2024-06-21,S3,virtual,93.8,8.7,11.7,6.7,9
NOT092-001063,2024-06-21,S1,virtual,62.5,8.2,12.8,11.5,9
NOT092-001064,2024-06-21,S2,presencial,59.8,9.6,9.9,2.7,9
NOT092-001065,2024-06-21,S3,virtual,99.1,8.7,10.3,5.7,3
NOT092-001066,2024-06-22,S1,virtual,68.8,16.7,18.1,3.9,1
NOT092-001067,2024-06-22,S2,virtual,66.3,13.2,11.5,2.0,2
NOT092-001068,2024-06-22,S3, VIRTUAL ,100,6.6,8.9,4.6,8
NOT092-001069,2024-06-22,S1,presencial,70.6,6.5,7.8,4.3,5
NOT092-001070,2024-06-22,S2,virtual,100,5.7,7.5,7.0,9
NOT092-001071,2024-06-22,S3,presencial,91.1,13.5,17.4,6.6,2
NOT092-001072,2024-06-22,S1,presencial,78.8,14.6,14.3,3.3,1
NOT092-001073,2024-06-23,S2,virtual,100,13.4,9.1,9.2,0
NOT092-001074,2024-06-23,S3,virtual,65.1,11.7,10.2,3.9,2
NOT092-001075,2024-06-23,S1,presencial,87.3,13.1,9.9,2.7,3
NOT092-001076,2024-06-23,S2,virtual,80.8,6.9,9.5,1.0,4
NOT092-001077,2024-06-23,S3,virtual,79.5,11.4,11.2,9.9,1
NOT092-001078,2024-06-23,S1,presencial,85.4,11.9,14.2,5.6,1
NOT092-001079,2024-06-24,S2,presencial,82.4,15.0,14.1,8.0,3
NOT092-001080,2024-06-24,S3,virtual,80.6,16.2,,11.8,3
NOT092-001081,2024-06-24,S1,virtual,54.6,12.6,11.4,6.1,2
NOT092-001082,2024-06-24,S2,presencial,90.9,9.4,7.8,0.5,3
NOT092-001083,2024-06-24,S3,presencial,85.7,12.0,12.5,11.1,3
NOT092-001084,2024-06-24,S1,presencial,80.9,12.5,9.7,3.4,1
NOT092-001085,2024-06-25,S2,presencial,94.5,10.1,10.0,11.5,2
NOT092-001086,2024-06-25,S3,virtual,76.8,13.5,11.9,7.6,2
NOT092-001087,2024-06-25,S1,virtual,88.6,12.4,12.1,5.6,2
NOT092-001088,2024-06-25,S2,presencial,70.8,10.7,11.6,8.7,0
NOT092-001089,2024-06-25,S3,virtual,78.3,13.4,13.8,7.2,1
NOT092-001090,2024-06-25,S1,presencial,87.0,9.9,12.2,5.8,10
NOT092-001091,2024-06-26,S2,virtual,76.6,14.2,11.9,3.6,3
NOT092-001092,2024-06-26,S3,presencial,88.4,5.0,6.8,1.7,2
NOT092-001093,2024-06-26,S1,virtual,58.5,6.2,5.6,9.0,5
NOT092-001094,2024-06-26,S2,presencial,87.3,12.3,11.2,1.8,0
NOT092-001095,2024-06-26,S3,virtual,100,14.2,14.2,5.3,3
NOT092-001096,2024-06-26,S1,virtual,100,12.5,13.7,4.5,3
NOT092-001097,2024-06-27,S2,presencial,70.8,6.4,5.7,8.3,3
NOT092-001098,2024-06-27,S3,virtual,71.6,9.7,12.4,10.4,4
NOT092-001099,2024-06-27,S1,presencial,100,4.6,6.2,6.5,2
NOT092-001100,2024-06-27,S2,virtual,69.3,14.0,11.3,7.5,2
NOT092-001101,2024-06-27,S3,presencial,40.7,10.9,12.8,9.0,1
NOT092-001102,2024-06-27,S1,virtual,74.7,7.8,7.0,2.8,3
NOT092-001103,2024-06-28,S2,presencial,100,12.3,11.8,11.9,0
NOT092-001104,2024-06-28,S3,virtual,79.5,16.4,15.2,8.0,3
NOT092-001105,2024-06-28,S1,presencial,75.4,11.2,13.0,9.3,3
NOT092-001106,2024-06-28,S2,presencial,91.5,13.2,13.6,6.7,3
NOT092-001107,2024-06-28,S3,virtual,66.5,13.3,12.6,6.8,3
NOT092-001108,2024-06-28,S1,virtual,85.2,9.3,10.5,9.0,2
NOT092-001109,2024-06-28,S2,presencial,85.7,8.4,8.9,2.3,4
NOT092-001110,2024-06-29,S3,virtual,77.3,8.3,9.6,8.4,4
NOT092-001111,2024-06-29,S1,presencial,63.0,11.2,12.0,8.8,1
NOT092-001112,2024-06-29,S2,virtual,69.4,11.8,13.2,11.3,3
NOT092-001113,2024-06-29,S3,virtual,79.5,9.4,8.7,0.2,9
NOT092-001114,2024-06-29,S1,virtual,76.1,11.7,13.0,3.8,3
NOT092-001115,2024-06-29,S2,presencial,57.1,15.6,14.6,10.0,1
NOT092-001116,2024-06-30,S3,presencial,88.7,9.5,9.9,7.9,9
NOT092-001117,2024-06-30,S1,presencial,55.2,6.3,7.0,6.2,7
NOT092-001118,2024-06-30,S2,presencial,69.5,7.7,10.4,11.4,6
NOT092-001119,2024-06-30,S3,presencial,81.1,13.8,12.8,3.0,1
NOT092-001120,2024-06-30,S1,virtual,89.6,8.9,10.3,0.7,2
NOT092-001121,2024-06-30,S2,virtual,75.0,5.6,8.7,10.3,7
NOT092-001122,2024-07-01,S3,presencial,76.5,8.5,6.9,4.5,2
NOT092-001123,2024-07-01,S1,virtual,54.9,8.7,13.0,11.6,4
NOT092-001124,2024-07-01,S2,presencial,88.4,6.4,4.6,3.0,5
NOT092-001125,2024-07-01,S3,presencial,67.6,10.1,7.0,1.9,1
NOT092-001126,2024-07-01,S1,presencial,79.9,12.3,9.9,5.6,2
NOT092-001127,2024-07-01,S2,virtual,58.8,17.1,11.1,0.7,3
NOT092-001128,2024-07-02,S3,virtual,78.0,12.5,12.7,3.6,0
NOT092-001129,2024-07-02,S1,presencial,72.1,11.0,9.8,3.9,3
NOT092-001130,2024-07-02,S2,presencial,83.9,14.3,12.6,1.5,1
NOT092-001131,2024-07-02,S3,virtual,81.4,14.6,17.1,9.5,0
NOT092-001132,2024-07-02,S1,presencial,76.7,11.1,9.5,2.8,3
NOT092-001133,2024-07-02,S2,presencial,78.1,12.2,8.8,8.4,3
NOT092-001134,2024-07-03,S3,virtual,69.5,9.3,10.8,2.5,3
NOT092-001135,2024-07-03,S1,presencial,70.0,14.1,16.5,8.8,3
NOT092-001136,2024-07-03,S2,virtual,80.3,13.1,16.7,10.2,3
NOT092-001137,2024-07-03,S3,virtual,76.2,11.3,15.1,7.8,1
NOT092-001138,2024-07-03,S1,presencial,100,13.0,10.9,2.3,3
NOT092-001139,2024-07-03,S2,presencial,48.4,7.5,3.4,0.9,2
NOT092-001140,2024-07-04,S3,virtual,94.6,9.3,12.4,9.3,5
NOT092-001141,2024-07-04,S1,virtual,83.8,7.4,10.5,12.0,9
NOT092-001142,2024-07-04,S2,virtual,69.4,9.9,12.6,10.2,4
NOT092-001143,2024-07-04,S3,virtual,63.1,14.9,8.4,5.2,1
NOT092-001144,2024-07-04,S1,presencial,77.0,2.3,6.0,8.2,2
NOT092-001145,2024-07-04,S2,presencial,59.7,11.6,11.1,0.9,1
NOT092-001146,2024-07-04,S3,presencial,95.1,14.6,13.4,0.5,0
NOT092-001147,2024-07-05,S1,virtual,51.3,10.3,9.5,5.6,3
NOT092-001148,2024-07-05,S2,presencial,100,10.0,8.8,3.4,3
NOT092-001149,2024-07-05,S3,virtual,85.0,9.3,12.4,0.3,7
NOT092-001150,2024-07-05,S1,virtual,78.1,9.7,12.6,10.6,8
NOT092-001151,2024-07-05,S2,virtual,86.2,12.0,9.8,2.9,1
NOT092-001152,2024-07-05,S3,virtual,57.5,10.3,9.9,5.1,2
NOT092-001153,2024-07-06,S1,presencial,69.8,8.9,10.9,1.3,6
NOT092-001154,2024-07-06,S2,presencial,68.8,6.7,8.1,0.0,4
NOT092-001155,2024-07-06,S3,presencial,53.7,8.1,7.0,0.4,5
NOT092-001156,2024-07-06,S1,virtual,87.7,15.5,13.6,8.9,0
NOT092-001157,2024-07-06,S2,virtual,66.1,17.7,20,10.8,2
NOT092-001158,2024-07-06,S3,virtual,81.2,6.3,10.6,3.1,5
NOT092-001159,2024-07-07,S1,virtual,78.3,12.4,6.7,1.0,0
NOT092-001160,2024-07-07,S2,virtual,71.4,9.4,14.2,10.7,4
NOT092-001161,2024-07-07,S3,virtual,76.6,7.8,12.7,5.4,10
NOT092-001162,2024-07-07,S1,presencial,100,5.7,9.7,0.8,3
NOT092-001163,2024-07-07,S2,virtual,77.2,9.3,,7.1,4
NOT092-001164,2024-07-07,S3,presencial,71.6,6.9,10.3,8.3,7
NOT092-001165,2024-07-08,S1, PRESENCIAL ,74.0,8.1,8.4,7.2,3
NOT092-001166,2024-07-08,S2,virtual,67.1,13.8,12.6,4.1,3
NOT092-001167,2024-07-08,S3,presencial,80.1,11.5,10.5,10.3,3
NOT092-001168,2024-07-08,S1,virtual,83.6,8.2,13.7,6.1,7
NOT092-001169,2024-07-08,S2,presencial,100,8.3,10.0,2.3,2
NOT092-001170,2024-07-08,S3,virtual,89.0,12.8,12.6,1.5,1
NOT092-001171,2024-07-09,S1,presencial,55.6,14.3,11.0,7.7,2
NOT092-001172,2024-07-09,S2,presencial,44.5,11.7,6.5,2.3,0
NOT092-001173,2024-07-09,S3,presencial,100,11.7,12.9,8.8,1
NOT092-001174,2024-07-09,S1,virtual,65.5,16.6,13.3,2.0,1
NOT092-001175,2024-07-09,S2,virtual,90.3,16.9,16.1,9.6,1
NOT092-001176,2024-07-09,S3,presencial,73.8,15.4,14.9,8.9,0
NOT092-001177,2024-07-10,S1,virtual,88.8,14.5,11.9,1.5,2
NOT092-001178,2024-07-10,S2,presencial,59.5,10.7,6.4,3.2,1
NOT092-001179,2024-07-10,S3,presencial,79.0,14.1,15.3,3.1,2
NOT092-001180,2024-07-10,S1,presencial,89.4,8.1,12.3,10.2,2
NOT092-001181,2024-07-10,S2,virtual,83.8,8.8,12.6,4.6,6
NOT092-001182,2024-07-10,S3,presencial,88.3,8.5,9.4,6.8,6
NOT092-001183,2024-07-11,S1,presencial,100,12.2,12.2,3.4,0
NOT092-001184,2024-07-11,S2,presencial,58.9,5.7,4.7,6.9,2
NOT092-001185,2024-07-11,S3,presencial,80.9,14.8,15.5,9.2,2
NOT092-001186,2024-07-11,S1,presencial,49.7,11.1,11.0,7.5,3
NOT092-001187,2024-07-11,S2,virtual,75.2,9.9,12.8,9.5,7
NOT092-001188,2024-07-11,S3,virtual,100,20,20,1.2,1
NOT092-001189,2024-07-11,S1,virtual,54.1,9.7,10.8,10.1,6
NOT092-001190,2024-07-12,S2,presencial,100,10.1,9.4,11.9,0
NOT092-001191,2024-07-12,S3,virtual,91.3,17.3,16.6,5.7,3
NOT092-001192,2024-07-12,S1,virtual,54.1,14.5,11.5,2.8,1
NOT092-001193,2024-07-12,S2,virtual,97.1,12.5,15.2,3.4,2
NOT092-001194,2024-07-12,S3,presencial,96.5,15.4,17.6,10.2,2
NOT092-001195,2024-07-12,S1,virtual,83.0,3.7,6.8,1.8,6
NOT092-001196,2024-07-13,S2,virtual,77.6,11.0,11.5,5.0,0
NOT092-001197,2024-07-13,S3,virtual,100,12.0,14.2,5.4,2
NOT092-001198,2024-07-13,S1,virtual,64.0,3.5,4.1,0.1,5
NOT092-001199,2024-07-13,S2,virtual,75.6,12.5,10.8,1.9,1
NOT092-001200,2024-07-13,S3,virtual,88.4,6.9,9.4,4.4,10
NOT092-001201,2024-07-13,S1,virtual,63.1,13.1,13.2,10.3,3
NOT092-001202,2024-07-14,S2,virtual,59.8,10.6,8.3,2.9,3
NOT092-001203,2024-07-14,S3,presencial,90.0,11.4,9.7,5.0,0
NOT092-001204,2024-07-14,S1,virtual,65.7,13.2,12.1,0.0,2
NOT092-001205,2024-07-14,S2,presencial,71.2,7.7,10.8,8.6,3
NOT092-001206,2024-07-14,S3,presencial,100,10.0,6.0,2.6,2
NOT092-001207,2024-07-14,S1,virtual,77.5,5.6,6.7,5.1,4
NOT092-001208,2024-07-15,S2,presencial,98.8,8.2,8.6,3.8,10
NOT092-001209,2024-07-15,S3,presencial,83.7,15.7,14.9,5.0,0
NOT092-001210,2024-07-15,S1,virtual,85.7,10.1,11.2,3.4,3
NOT092-001211,2024-07-15,S2,presencial,46.0,12.7,10.1,11.8,0
NOT092-001212,2024-07-15,S3,presencial,60.1,15.3,11.3,3.2,1
NOT092-001213,2024-07-15,S1,presencial,67.2,7.9,9.1,4.1,4
NOT092-001214,2024-07-16,S2,presencial,79.9,5.0,7.6,1.9,2
NOT092-001215,2024-07-16,S3,virtual,82.0,14.3,14.6,9.8,1
NOT092-001216,2024-07-16,S1,virtual,85.0,10.5,15.2,11.6,3
NOT092-001217,2024-07-16,S2,virtual,100,13.2,12.0,1.0,3
NOT092-001218,2024-07-16,S3,virtual,100,12.0,12.3,11.2,1
NOT092-001219,2024-07-16,S1,virtual,96.3,12.6,16.9,2.6,0
NOT092-001220,2024-07-17,S2,virtual,100,12.9,13.3,10.3,0
NOT092-001221,2024-07-17,S3,presencial,73.1,1.9,6.4,4.4,7
NOT092-001222,2024-07-17,S1,virtual,60.9,8.6,11.8,11.5,2
NOT092-001223,2024-07-17,S2,presencial,81.0,7.1,7.6,9.5,3
NOT092-001224,2024-07-17,S3,presencial,67.8,14.3,11.5,0.7,2
NOT092-001225,2024-07-17,S1,virtual,94.5,8.0,6.2,3.2,8
NOT092-001226,2024-07-17,S2,presencial,79.8,8.3,6.8,2.1,2
NOT092-001227,2024-07-18,S3,virtual,54.6,12.7,14.7,4.0,1
NOT092-001228,2024-07-18,S1,virtual,86.8,10.7,13.2,11.2,2
NOT092-001229,2024-07-18,S2,virtual,83.4,13.6,12.5,7.8,1
NOT092-001230,2024-07-18,S3,virtual,75.9,9.0,12.9,11.7,10
NOT092-001231,2024-07-18,S1,virtual,62.7,10.5,10.1,1.1,3
NOT092-001232,2024-07-18,S2,virtual,34.3,12.5,11.1,8.1,2
NOT092-001233,2024-07-19,S3,presencial,81.3,11.2,14.0,10.0,1
NOT092-001234,2024-07-19,S1,virtual,95.6,10.1,11.3,8.8,0
NOT092-001235,2024-07-19,S2,virtual,88.0,11.9,15.0,7.3,0
NOT092-001236,2024-07-19,S3,presencial,55.3,11.6,8.4,2.8,3
NOT092-001237,2024-07-19,S1,virtual,68.5,13.2,9.3,7.5,0
NOT092-001238,2024-07-19,S2,virtual,86.6,7.8,14.4,10.8,5
NOT092-001239,2024-07-20,S3,presencial,47.3,15.1,12.1,3.0,1
NOT092-001240,2024-07-20,S1,virtual,90.8,14.9,15.0,8.8,0
NOT092-001241,2024-07-20,S2,virtual,87.7,13.4,13.0,7.6,2
NOT092-001242,2024-07-20,S3,presencial,75.1,10.4,9.6,10.5,1
NOT092-001243,2024-07-20,S1,virtual,94.1,11.6,13.7,4.4,3
NOT092-001244,2024-07-20,S2,presencial,74.3,15.4,14.1,11.0,2
NOT092-001245,2024-07-21,S3,presencial,100,12.6,12.7,8.1,1
NOT092-001246,2024-07-21,S1,virtual,64.9,9.5,,5.5,6
NOT092-001247,2024-07-21,S2,presencial,78.8,9.6,11.0,10.1,5
NOT092-001248,2024-07-21,S3,presencial,75.9,6.4,8.8,4.1,4
NOT092-001249,2024-07-21,S1,virtual,85.7,15.0,15.5,8.5,1
NOT092-001250,2024-07-21,S2,presencial,88.6,3.4,6.0,6.1,8
NOT092-001251,2024-07-22,S3,presencial,81.5,17.6,17.1,8.1,2
NOT092-001252,2024-07-22,S1,presencial,100,13.5,12.8,5.0,2
NOT092-001253,2024-07-22,S2,virtual,95.9,11.7,12.6,3.8,2
NOT092-001254,2024-07-22,S3,virtual,76.6,10.0,11.1,10.8,2
NOT092-001255,2024-07-22,S1,virtual,100,15.5,13.9,6.0,0
NOT092-001256,2024-07-22,S2,presencial,76.6,10.1,7.3,3.2,2
NOT092-001257,2024-07-23,S3,presencial,52.1,12.7,14.6,2.2,3
NOT092-001258,2024-07-23,S1,virtual,78.5,8.9,8.4,3.7,7
NOT092-001259,2024-07-23,S2,presencial,88.4,8.4,9.9,2.2,3
NOT092-001260,2024-07-23,S3,virtual,74.7,14.9,15.7,8.3,2
NOT092-001261,2024-07-23,S1,virtual,69.1,14.6,13.9,3.0,2
NOT092-001262,2024-07-23,S2, VIRTUAL ,100,14.5,14.1,10.7,3
NOT092-001263,2024-07-24,S3,presencial,70.6,12.0,11.6,6.2,1
NOT092-001264,2024-07-24,S1,virtual,93.4,14.6,13.4,10.0,0
NOT092-001265,2024-07-24,S2,virtual,74.3,7.3,11.7,4.1,8
NOT092-001266,2024-07-24,S3,presencial,100,14.3,17.5,10.8,1
NOT092-001267,2024-07-24,S1,presencial,73.8,14.5,"12,5",11.7,2
NOT092-001268,2024-07-24,S2,virtual,88.5,9.5,11.0,4.4,8
NOT092-001269,2024-07-24,S3,presencial,84.6,4.9,10.7,10.5,7
NOT092-001270,2024-07-25,S1,virtual,100,8.8,11.0,9.8,9
NOT092-001271,2024-07-25,S2,virtual,60.2,8.5,4.2,9.3,10
NOT092-001272,2024-07-25,S3,virtual,90.9,14.3,13.4,2.4,2
NOT092-001273,2024-07-25,S1,virtual,66.3,13.1,13.5,2.3,3
NOT092-001274,2024-07-25,S2,virtual,84.9,13.1,16.3,9.6,3
NOT092-001275,2024-07-25,S3,presencial,75.2,13.5,12.8,7.6,0
NOT092-001276,2024-07-26,S1,virtual,87.8,8.6,11.8,11.8,4
NOT092-001277,2024-07-26,S2,presencial,71.3,11.8,17.0,8.8,1
NOT092-001278,2024-07-26,S3,virtual,55.0,10.0,8.5,3.2,1
NOT092-001279,2024-07-26,S1,presencial,84.6,9.6,13.0,10.2,9
NOT092-001280,2024-07-26,S2,presencial,91.7,14.3,12.6,4.2,1
NOT092-001281,2024-07-26,S3,presencial,89.9,16.2,13.7,10.3,0
NOT092-001282,2024-07-27,S1,virtual,58.2,15.1,13.1,8.8,1
NOT092-001283,2024-07-27,S2,presencial,87.3,6.4,10.0,5.6,6
NOT092-001284,2024-07-27,S3,virtual,82.0,10.2,12.5,1.7,3
NOT092-001285,2024-07-27,S1,presencial,90.6,17.0,12.7,1.5,3
NOT092-001286,2024-07-27,S2,virtual,73.5,15.9,13.9,10.1,1
NOT092-001287,2024-07-27,S3,presencial,79.7,13.0,13.2,10.9,1
NOT092-001288,2024-07-28,S1,presencial,85.2,12.5,13.1,11.6,1
NOT092-001289,2024-07-28,S2,presencial,87.4,11.8,14.2,6.2,0
NOT092-001290,2024-07-28,S3,presencial,100,10.7,10.9,3.7,0
NOT092-001291,2024-07-28,S1,virtual,79.7,15.2,15.1,5.0,1
NOT092-001292,2024-07-28,S2,virtual,65.8,10.4,8.6,11.9,0
NOT092-001293,2024-07-28,S3,virtual,78.9,11.0,11.8,11.4,2
NOT092-001294,2024-07-29,S1,virtual,61.2,7.1,-999,5.6,9
NOT092-001295,2024-07-29,S2,presencial,76.0,11.0,7.5,9.2,2
NOT092-001296,2024-07-29,S3,presencial,55.2,10.1,11.7,7.7,1
NOT092-001297,2024-07-29,S1,virtual,100,14.7,14.5,10.7,0
NOT092-001298,2024-07-29,S2,presencial,62.9,10.9,12.2,11.0,1
NOT092-001299,2024-07-29,S3,presencial,96.5,10.2,11.0,2.8,0
NOT092-001300,2024-07-30,S1,presencial,100,7.7,10.7,9.4,6
NOT092-001301,2024-07-30,S2,presencial,61.0,11.8,8.1,3.8,0
NOT092-001302,2024-07-30,S3,virtual,71.5,10.4,13.4,7.3,1
NOT092-001303,2024-07-30,S1,virtual,66.3,13.1,16.2,11.6,3
NOT092-001304,2024-07-30,S2,presencial,60.4,10.9,8.7,5.0,2
NOT092-001305,2024-07-30,S3,virtual,65.0,13.6,11.8,0.5,1
NOT092-001306,2024-07-30,S1,virtual,68.0,16.4,13.4,9.1,2
NOT092-001307,2024-07-31,S2,virtual,100,10.0,12.7,3.4,2
NOT092-001308,2024-07-31,S3,virtual,75.9,8.9,10.3,1.6,2
NOT092-001309,2024-07-31,S1,presencial,74.6,12.4,12.0,8.0,3
NOT092-001310,2024-07-31,S2,virtual,73.7,11.7,5.5,1.7,2
NOT092-001311,2024-07-31,S3,presencial,79.6,12.8,17.9,11.8,0
NOT092-001312,2024-07-31,S1,presencial,48.8,10.7,7.2,2.5,3
NOT092-001313,2024-08-01,S2,virtual,95.1,12.9,10.4,0.1,2
NOT092-001314,2024-08-01,S3,virtual,98.4,14.7,13.1,8.9,2
NOT092-001315,2024-08-01,S1,presencial,52.4,9.7,11.3,7.2,6
NOT092-001316,2024-08-01,S2,virtual,97.1,9.5,15.7,6.5,8
NOT092-001317,2024-08-01,S3,virtual,45.7,12.5,13.7,9.2,3
NOT092-001318,2024-08-01,S1,presencial,99.6,13.9,15.5,7.9,2
NOT092-001319,2024-08-02,S2,virtual,80.2,11.4,13.7,6.7,3
NOT092-001320,2024-08-02,S3,virtual,87.5,10.0,10.5,9.2,0
NOT092-001321,2024-08-02,S1,presencial,82.3,8.5,10.8,3.3,6
NOT092-001322,2024-08-02,S2,virtual,90.5,8.8,9.0,2.6,4
NOT092-001323,2024-08-02,S3,virtual,53.2,11.3,8.8,6.4,0
NOT092-001324,2024-08-02,S1,virtual,43.9,10.3,13.3,7.4,1
NOT092-001325,2024-08-03,S2,presencial,83.7,11.8,12.2,10.5,2
NOT092-001326,2024-08-03,S3,presencial,100,11.3,15.6,2.7,1
NOT092-001327,2024-08-03,S1,virtual,87.0,12.2,13.0,6.8,3
NOT092-001328,2024-08-03,S2,presencial,90.8,6.6,9.6,5.2,6
NOT092-001329,2024-08-03,S3,virtual,100,16.9,,1.3,1
NOT092-001330,2024-08-03,S1,presencial,82.6,11.9,8.3,9.0,2
NOT092-001331,2024-08-04,S2,presencial,88.5,10.0,7.7,1.1,3
NOT092-001332,2024-08-04,S3,presencial,81.2,8.3,10.4,6.6,3
NOT092-001333,2024-08-04,S1,presencial,84.2,12.4,11.1,5.9,0
NOT092-001334,2024-08-04,S2,presencial,70.8,20,18.4,11.4,2
NOT092-001335,2024-08-04,S3,presencial,56.5,11.7,10.0,3.9,2
NOT092-001336,2024-08-04,S1,presencial,96.9,9.8,11.9,7.9,3
NOT092-001337,2024-08-05,S2,presencial,89.7,11.9,11.3,10.6,1
NOT092-001338,2024-08-05,S3,presencial,77.2,9.2,14.6,10.5,10
NOT092-001339,2024-08-05,S1,presencial,61.7,13.0,13.9,7.0,2
NOT092-001340,2024-08-05,S2,virtual,69.2,7.5,7.2,2.5,10
NOT092-001341,2024-08-05,S3,virtual,100,10.4,10.4,3.3,3
NOT092-001342,2024-08-05,S1,presencial,100,10.5,11.4,1.3,3
NOT092-001343,2024-08-06,S2,virtual,63.1,6.7,9.5,9.3,10
NOT092-001344,2024-08-06,S3,virtual,97.7,12.1,11.3,6.5,1
NOT092-001345,2024-08-06,S1,presencial,90.3,8.9,11.6,7.1,6
NOT092-001346,2024-08-06,S2,presencial,83.2,12.6,10.6,2.4,0
NOT092-001347,2024-08-06,S3,presencial,60.1,7.3,9.6,2.3,3
NOT092-001348,2024-08-06,S1,presencial,69.5,11.0,14.2,0.5,3
NOT092-001349,2024-08-06,S2,presencial,100,14.6,17.0,6.0,2
NOT092-001350,2024-08-07,S3,virtual,90.0,8.6,11.1,5.7,10
NOT092-001351,2024-08-07,S1,virtual,73.5,13.1,10.1,0.5,2
NOT092-001352,2024-08-07,S2,virtual,93.3,13.5,18.2,8.6,2
NOT092-001353,2024-08-07,S3,presencial,59.4,5.7,10.9,9.1,4
NOT092-001354,2024-08-07,S1,presencial,89.1,6.6,8.4,2.7,7
NOT092-001355,2024-08-07,S2,presencial,87.9,8.8,9.2,1.1,9
NOT092-001356,2024-08-08,S3,presencial,78.0,12.2,9.5,1.0,0
NOT092-001357,2024-08-08,S1,presencial,75.8,12.4,10.0,10.1,2
NOT092-001358,2024-08-08,S2,virtual,77.1,9.9,5.9,1.5,7
NOT092-001359,2024-08-08,S3, VIRTUAL ,78.0,17.5,12.9,1.6,3
NOT092-001360,2024-08-08,S1,virtual,100,12.8,13.9,8.0,1
NOT092-001361,2024-08-08,S2,presencial,43.5,12.3,10.0,0.0,0
NOT092-001362,2024-08-09,S3,virtual,100,8.1,9.8,1.4,2
NOT092-001363,2024-08-09,S1,presencial,100,7.9,10.2,0.3,3
NOT092-001364,2024-08-09,S2,virtual,100,11.4,12.1,2.9,1
NOT092-001365,2024-08-09,S3,presencial,69.1,8.6,12.5,10.2,8
NOT092-001366,2024-08-09,S1,presencial,66.7,4.3,8.4,6.5,9
NOT092-001367,2024-08-09,S2,virtual,63.5,14.9,11.3,6.0,3
NOT092-001368,2024-08-10,S3,virtual,57.6,12.3,9.2,6.4,1
NOT092-001369,2024-08-10,S1,presencial,97.2,7.0,9.9,7.8,9
NOT092-001370,2024-08-10,S2,presencial,87.6,14.2,17.3,6.8,1
NOT092-001371,2024-08-10,S3,presencial,94.3,12.9,13.4,12.0,2
NOT092-001372,2024-08-10,S1,presencial,81.4,11.1,12.1,7.7,0
NOT092-001373,2024-08-10,S2,presencial,61.7,10.1,10.0,9.6,2
NOT092-001374,2024-08-11,S3,presencial,67.4,11.2,14.2,3.2,0
NOT092-001375,2024-08-11,S1,presencial,63.4,8.5,8.3,11.9,2
NOT092-001376,2024-08-11,S2,presencial,63.9,9.5,11.6,4.7,10
NOT092-001377,2024-08-11,S3,virtual,100,6.8,10.9,6.6,10
NOT092-001378,2024-08-11,S1,virtual,81.8,10.5,10.0,3.6,2
NOT092-001379,2024-08-11,S2,presencial,79.2,6.6,8.0,4.6,4
NOT092-001380,2024-08-12,S3,virtual,62.9,12.2,14.4,10.4,3
NOT092-001381,2024-08-12,S1,virtual,90.6,11.1,10.8,8.3,1
NOT092-001382,2024-08-12,S2,presencial,93.3,13.7,13.3,6.8,2
NOT092-001383,2024-08-12,S3,virtual,74.5,5.7,9.6,6.3,5
NOT092-001384,2024-08-12,S1,presencial,58.1,6.0,5.9,4.6,3
NOT092-001385,2024-08-12,S2,virtual,85.4,11.3,8.4,5.7,2
NOT092-001386,2024-08-12,S3,virtual,69.4,10.7,12.5,7.8,1
NOT092-001387,2024-08-13,S1,virtual,87.9,10.4,11.5,2.3,2
NOT092-001388,2024-08-13,S2,virtual,75.7,6.1,4.9,5.9,4
NOT092-001389,2024-08-13,S3,virtual,100,8.7,11.3,9.5,9
NOT092-001390,2024-08-13,S1,presencial,81.5,17.2,14.4,3.7,1
NOT092-001391,2024-08-13,S2,virtual,79.3,10.6,11.5,11.0,0
NOT092-001392,2024-08-13,S3,virtual,100,7.9,11.0,11.7,6
NOT092-001393,2024-08-14,S1,virtual,75.8,16.1,13.0,8.1,2
NOT092-001394,2024-08-14,S2,virtual,97.4,8.2,8.5,11.2,10
NOT092-001395,2024-08-14,S3,presencial,73.7,8.1,12.4,7.6,7
NOT092-001396,2024-08-14,S1,presencial,93.8,8.2,9.2,7.2,5
NOT092-001397,2024-08-14,S2,virtual,89.0,10.3,11.6,10.1,0
NOT092-001398,2024-08-14,S3,virtual,48.3,9.1,9.3,3.7,5
NOT092-001399,2024-08-15,S1,virtual,67.2,10.8,11.6,6.1,3
NOT092-001400,2024-08-15,S2,presencial,93.4,10.6,13.2,4.5,2
NOT092-001401,2024-08-15,S3,virtual,92.2,13.6,14.9,6.4,3
NOT092-001402,2024-08-15,S1,virtual,92.0,13.4,8.8,1.1,2
NOT092-001403,2024-08-15,S2,presencial,56.4,14.8,11.2,0.4,0
NOT092-001404,2024-08-15,S3,presencial,75.2,14.6,12.8,8.2,2
NOT092-001405,2024-08-16,S1,virtual,93.6,15.6,16.9,8.6,0
NOT092-001406,2024-08-16,S2,virtual,100,12.1,13.2,7.8,0
NOT092-001407,2024-08-16,S3,virtual,78.6,11.3,12.7,2.1,3
NOT092-001408,2024-08-16,S1,virtual,80.6,10.3,9.1,7.8,2
NOT092-001409,2024-08-16,S2,presencial,69.6,10.3,11.4,2.4,0
NOT092-001410,2024-08-16,S3,virtual,76.2,6.2,9.2,6.8,10
NOT092-001411,2024-08-17,S1,virtual,58.3,10.8,12.2,10.3,2
NOT092-001412,2024-08-17,S2,virtual,88.9,13.1,,6.7,3
NOT092-001413,2024-08-17,S3,presencial,54.3,10.6,11.3,2.4,0
NOT092-001414,2024-08-17,S1,presencial,64.1,9.6,8.9,2.3,9
NOT092-001415,2024-08-17,S2,virtual,61.5,11.9,11.9,5.8,3
NOT092-001416,2024-08-17,S3,presencial,66.6,5.7,5.0,8.3,3
NOT092-001417,2024-08-18,S1,presencial,95.2,12.4,10.2,5.1,1
NOT092-001418,2024-08-18,S2,virtual,68.4,11.0,10.6,5.0,3
NOT092-001419,2024-08-18,S3,presencial,83.4,12.9,13.2,8.5,2
NOT092-001420,2024-08-18,S1,presencial,94.5,9.5,9.5,0.6,8
NOT092-001421,2024-08-18,S2,virtual,100,17.4,19.7,9.2,2
NOT092-001422,2024-08-18,S3,presencial,71.3,13.7,14.2,3.9,1
NOT092-001423,2024-08-18,S1,presencial,39.2,9.8,9.2,1.0,3
NOT092-001424,2024-08-19,S2,presencial,59.3,12.2,8.6,0.3,2
NOT092-001425,2024-08-19,S3,presencial,79.8,10.9,13.0,2.6,2
NOT092-001426,2024-08-19,S1,presencial,80.2,7.1,9.0,8.7,2
NOT092-001427,2024-08-19,S2,virtual,74.3,14.1,17.1,11.6,1
NOT092-001428,2024-08-19,S3,virtual,70.9,4.4,9.0,7.6,9
NOT092-001429,2024-08-19,S1,virtual,61.3,10.9,10.4,7.3,2
NOT092-001430,2024-08-20,S2,presencial,63.9,6.0,4.5,11.5,4
NOT092-001431,2024-08-20,S3,virtual,70.6,9.9,14.8,10.6,5
NOT092-001432,2024-08-20,S1,virtual,81.1,12.9,18.4,12.0,0
NOT092-001433,2024-08-20,S2,virtual,76.8,15.2,11.2,2.0,3
NOT092-001434,2024-08-20,S3,presencial,78.0,9.7,16.4,11.9,10
NOT092-001435,2024-08-20,S1,presencial,92.8,13.3,13.7,2.8,1
NOT092-001436,2024-08-21,S2,virtual,70.5,7.9,9.9,0.5,2
NOT092-001437,2024-08-21,S3,virtual,61.7,18.9,16.1,3.6,1
NOT092-001438,2024-08-21,S1,virtual,100,11.2,13.4,10.2,2
NOT092-001439,2024-08-21,S2,presencial,67.0,6.5,10.4,8.7,6
NOT092-001440,2024-08-21,S3,presencial,90.7,7.9,3.7,2.2,3
NOT092-001441,2024-08-21,S1,presencial,94.9,6.2,9.5,11.8,2
NOT092-001442,2024-08-22,S2,virtual,58.2,8.0,9.2,1.7,7
NOT092-001443,2024-08-22,S3,virtual,81.9,11.9,16.5,4.5,1
NOT092-001444,2024-08-22,S1,virtual,99.3,9.7,14.6,1.5,9
NOT092-001445,2024-08-22,S2,presencial,85.2,11.4,13.7,6.9,2
NOT092-001446,2024-08-22,S3,virtual,72.3,10.1,6.4,6.1,3
NOT092-001447,2024-08-22,S1,presencial,98.6,9.8,14.9,7.1,2
NOT092-001448,2024-08-23,S2,presencial,67.6,13.2,14.5,8.3,1
NOT092-001449,2024-08-23,S3,presencial,100,18.0,17.5,5.8,0
NOT092-001450,2024-08-23,S1,virtual,100,4.2,12.5,10.1,10
NOT092-001451,2024-08-23,S2,presencial,73.6,10.2,11.2,0.1,0
NOT092-001452,2024-08-23,S3,virtual,61.6,16.0,9.1,0.5,3
NOT092-001453,2024-08-23,S1,virtual,85.6,13.4,11.4,2.3,3
NOT092-001454,2024-08-24,S2,presencial,70.3,8.9,10.4,4.2,4
NOT092-001455,2024-08-24,S3,virtual,76.5,9.2,11.0,8.8,8
NOT092-001456,2024-08-24,S1, PRESENCIAL ,70.8,9.4,11.6,3.9,9
NOT092-001457,2024-08-24,S2,presencial,100,11.5,12.0,9.6,3
NOT092-001458,2024-08-24,S3,virtual,53.5,11.2,13.5,3.7,0
NOT092-001459,2024-08-24,S1,presencial,93.7,8.2,10.0,5.4,5
NOT092-001460,2024-08-25,S2,virtual,77.1,12.5,9.7,11.0,3
NOT092-001461,2024-08-25,S3,presencial,69.0,12.9,13.1,7.7,0
NOT092-001462,2024-08-25,S1,virtual,100,10.0,5.5,3.3,1
NOT092-001463,2024-08-25,S2,virtual,75.6,8.4,10.2,2.5,10
NOT092-001464,2024-08-25,S3,presencial,54.0,10.8,8.9,1.2,0
NOT092-001465,2024-08-25,S1,virtual,79.4,16.2,11.6,8.4,2
NOT092-001466,2024-08-25,S2,presencial,84.4,10.4,7.9,1.9,2
NOT092-001467,2024-08-26,S3,presencial,92.3,12.3,12.8,8.9,2
NOT092-001468,2024-08-26,S1,virtual,84.1,15.7,14.0,11.8,2
NOT092-001469,2024-08-26,S2,virtual,70.2,12.8,14.9,0.5,3
NOT092-001470,2024-08-26,S3,presencial,83.5,6.2,10.9,11.9,8
NOT092-001471,2024-08-26,S1,virtual,69.7,8.5,6.8,1.5,9
NOT092-001472,2024-08-26,S2,virtual,67.4,10.5,5.7,2.1,2
NOT092-001473,2024-08-27,S3,presencial,80.9,6.7,10.6,3.4,7
NOT092-001474,2024-08-27,S1,presencial,91.4,8.8,10.0,1.0,2
NOT092-001475,2024-08-27,S2,virtual,83.8,16.3,14.6,6.8,3
NOT092-001476,2024-08-27,S3,virtual,74.0,17.7,19.1,5.1,0
NOT092-001477,2024-08-27,S1,presencial,61.5,11.2,9.9,8.0,2
NOT092-001478,2024-08-27,S2,presencial,82.8,8.4,"7,7",2.6,3
NOT092-001479,2024-08-28,S3,virtual,52.5,9.2,10.5,5.8,6
NOT092-001480,2024-08-28,S1,virtual,82.6,12.6,11.8,5.6,3
NOT092-001481,2024-08-28,S2,presencial,83.1,15.3,12.9,6.1,1
NOT092-001482,2024-08-28,S3,presencial,87.1,11.6,10.0,0.4,1
NOT092-001483,2024-08-28,S1,presencial,81.2,13.4,11.2,6.3,0
NOT092-001484,2024-08-28,S2,virtual,68.4,14.5,11.3,9.6,2
NOT092-001485,2024-08-29,S3,virtual,71.5,12.1,10.1,7.9,3
NOT092-001486,2024-08-29,S1,virtual,45.0,9.8,9.0,5.4,2
NOT092-001487,2024-08-29,S2,virtual,98.9,9.4,9.1,4.7,2
NOT092-001488,2024-08-29,S3,virtual,73.0,8.5,8.4,5.2,6
NOT092-001489,2024-08-29,S1,presencial,73.5,13.8,7.1,9.5,0
NOT092-001490,2024-08-29,S2,presencial,63.9,7.3,8.3,1.2,7
NOT092-001491,2024-08-30,S3,virtual,69.5,13.9,11.6,3.7,2
NOT092-001492,2024-08-30,S1,presencial,94.3,10.1,9.5,9.4,0
NOT092-001493,2024-08-30,S2,presencial,84.0,10.3,16.1,5.0,2
NOT092-001494,2024-08-30,S3,virtual,39.1,11.7,10.3,0.8,1
NOT092-001495,2024-08-30,S1,presencial,77.1,8.1,,10.9,5
NOT092-001496,2024-08-30,S2,virtual,68.6,7.5,9.2,3.4,6
NOT092-001497,2024-08-31,S3,presencial,75.8,11.7,11.5,4.0,0
NOT092-001498,2024-08-31,S1,presencial,69.4,8.5,14.5,8.4,10
NOT092-001499,2024-08-31,S2,presencial,100,12.2,13.3,0.5,2
NOT092-001500,2024-08-31,S3,presencial,56.7,10.1,13.6,5.3,3
NOT092-001501,2024-08-31,S1,presencial,62.1,11.4,10.3,8.4,0
NOT092-001502,2024-08-31,S2,virtual,72.4,7.9,11.7,11.5,2
NOT092-001503,2024-08-31,S3,virtual,100,9.5,13.0,2.8,3
NOT092-001504,2024-09-01,S1,presencial,92.5,12.8,14.2,10.9,3
NOT092-001505,2024-09-01,S2,presencial,93.4,14.1,11.4,2.2,1
NOT092-001506,2024-09-01,S3,virtual,79.0,15.6,15.4,8.2,0
NOT092-001507,2024-09-01,S1,presencial,84.7,7.2,2.0,6.6,2
NOT092-001508,2024-09-01,S2,presencial,69.6,14.0,10.2,4.6,2
NOT092-001509,2024-09-01,S3,presencial,79.5,11.4,11.2,9.8,0
NOT092-001510,2024-09-02,S1,virtual,80.0,9.4,13.2,10.5,9
NOT092-001511,2024-09-02,S2,presencial,86.6,8.5,8.1,0.8,3
NOT092-001512,2024-09-02,S3,presencial,48.5,13.4,12.2,9.9,1
NOT092-001513,2024-09-02,S1,presencial,81.1,14.3,17.3,9.5,1
NOT092-001514,2024-09-02,S2,presencial,72.7,12.1,13.9,4.4,2
NOT092-001515,2024-09-02,S3,presencial,100,7.4,10.4,6.3,10
NOT092-001516,2024-09-03,S1,virtual,94.4,11.5,13.3,0.2,2
NOT092-001517,2024-09-03,S2,presencial,88.9,13.1,15.3,6.4,3
NOT092-001518,2024-09-03,S3,virtual,70.2,7.0,8.7,4.2,10
NOT092-001519,2024-09-03,S1,virtual,70.1,9.9,8.1,9.6,5
NOT092-001520,2024-09-03,S2,virtual,86.4,9.1,10.2,8.3,6
NOT092-001521,2024-09-03,S3,virtual,100,9.0,14.7,7.1,10
NOT092-001522,2024-09-04,S1,virtual,80.5,12.1,12.9,6.9,3
NOT092-001523,2024-09-04,S2,presencial,77.5,10.3,11.2,10.9,2
NOT092-001524,2024-09-04,S3,presencial,56.5,9.4,7.3,0.6,3
NOT092-001525,2024-09-04,S1,virtual,100,11.1,9.5,1.7,1
NOT092-001526,2024-09-04,S2,presencial,81.5,12.4,12.8,5.2,3
NOT092-001527,2024-09-04,S3,virtual,80.8,5.4,8.0,1.6,8
NOT092-001528,2024-09-05,S1,virtual,97.9,10.7,12.8,10.0,1
NOT092-001529,2024-09-05,S2,presencial,96.1,13.1,13.2,9.4,0
NOT092-001530,2024-09-05,S3,virtual,68.7,13.7,10.8,2.2,0
NOT092-001531,2024-09-05,S1,virtual,64.1,8.5,11.7,6.3,5
NOT092-001532,2024-09-05,S2,virtual,88.4,8.8,8.5,1.5,2
NOT092-001533,2024-09-05,S3,virtual,61.4,12.5,12.4,8.1,0
NOT092-001534,2024-09-06,S1,virtual,90.4,9.4,10.5,7.8,7
NOT092-001535,2024-09-06,S2,virtual,100,10.1,10.9,1.6,2
NOT092-001536,2024-09-06,S3,virtual,95.3,8.4,7.2,8.5,2
NOT092-001537,2024-09-06,S1,presencial,77.9,12.4,11.1,4.4,0
NOT092-001538,2024-09-06,S2,presencial,73.8,10.0,13.0,10.4,2
NOT092-001539,2024-09-06,S3,presencial,65.2,9.5,9.1,9.7,8
NOT092-001540,2024-09-07,S1,presencial,80.2,8.2,9.4,1.2,6
NOT092-001541,2024-09-07,S2,virtual,77.6,7.3,13.8,6.6,9
NOT092-001542,2024-09-07,S3,presencial,81.0,11.1,8.3,6.0,1
NOT092-001543,2024-09-07,S1,virtual,73.5,10.4,10.4,10.6,2
NOT092-001544,2024-09-07,S2,virtual,64.0,18.2,17.4,5.3,3
NOT092-001545,2024-09-07,S3,presencial,75.6,12.6,9.2,0.4,1
NOT092-001546,2024-09-07,S1,presencial,71.3,8.3,10.0,4.3,7
NOT092-001547,2024-09-08,S2,presencial,82.1,14.4,15.1,8.5,3
NOT092-001548,2024-09-08,S3,virtual,60.8,14.2,15.0,0.7,1
NOT092-001549,2024-09-08,S1,virtual,65.0,14.6,11.1,3.4,2
NOT092-001550,2024-09-08,S2,presencial,67.0,11.5,11.8,8.6,2
NOT092-001551,2024-09-08,S3,presencial,96.0,10.1,9.8,0.0,2
NOT092-001552,2024-09-08,S1,presencial,100,11.3,10.7,9.1,1
NOT092-001553,2024-09-09,S2, VIRTUAL ,96.3,10.0,12.7,5.6,1
NOT092-001554,2024-09-09,S3,virtual,69.4,10.9,9.5,4.7,2
NOT092-001555,2024-09-09,S1,virtual,100,6.7,11.1,2.8,6
NOT092-001556,2024-09-09,S2,virtual,67.8,9.6,12.4,11.4,10
NOT092-001557,2024-09-09,S3,virtual,100,12.8,11.8,5.6,0
NOT092-001558,2024-09-09,S1,presencial,76.9,7.4,8.3,7.9,2
NOT092-001559,2024-09-10,S2,virtual,69.2,11.9,13.3,7.6,0
NOT092-001560,2024-09-10,S3,presencial,75.9,11.0,8.3,3.6,0
NOT092-001561,2024-09-10,S1,virtual,80.9,10.6,11.2,8.5,0
NOT092-001562,2024-09-10,S2,virtual,74.6,8.9,7.4,6.4,4
NOT092-001563,2024-09-10,S3,presencial,98.0,13.9,14.0,2.7,1
NOT092-001564,2024-09-10,S1,virtual,90.7,12.5,13.2,12.0,0
NOT092-001565,2024-09-11,S2,virtual,52.9,15.2,12.7,5.1,1
NOT092-001566,2024-09-11,S3,virtual,74.8,11.5,13.3,2.2,0
NOT092-001567,2024-09-11,S1,virtual,82.6,10.5,14.6,3.0,2
NOT092-001568,2024-09-11,S2,presencial,64.9,12.4,11.1,11.7,0
NOT092-001569,2024-09-11,S3,virtual,59.9,7.9,6.8,4.5,3
NOT092-001570,2024-09-11,S1,presencial,86.8,17.5,15.0,6.4,3
NOT092-001571,2024-09-12,S2,virtual,48.2,7.2,5.9,5.0,6
NOT092-001572,2024-09-12,S3,presencial,70.6,12.7,10.9,6.2,1
NOT092-001573,2024-09-12,S1,virtual,100,9.0,11.4,8.8,9
NOT092-001574,2024-09-12,S2,virtual,44.4,6.3,6.3,8.9,4
NOT092-001575,2024-09-12,S3,virtual,72.6,11.8,11.3,3.4,2
NOT092-001576,2024-09-12,S1,presencial,67.9,11.3,10.9,7.3,0
NOT092-001577,2024-09-13,S2,virtual,100,13.6,12.5,1.6,2
NOT092-001578,2024-09-13,S3,virtual,74.1,5.2,,3.5,8
NOT092-001579,2024-09-13,S1,virtual,59.1,8.7,11.4,0.7,10
NOT092-001580,2024-09-13,S2,presencial,69.7,13.3,16.3,8.1,2
NOT092-001581,2024-09-13,S3,presencial,100,15.5,14.4,1.8,0
NOT092-001582,2024-09-13,S1,virtual,81.3,12.2,9.8,3.4,2
NOT092-001583,2024-09-13,S2,presencial,66.1,9.7,10.7,3.3,2
NOT092-001584,2024-09-14,S3,virtual,94.7,8.8,9.8,7.4,9
NOT092-001585,2024-09-14,S1,presencial,57.3,8.5,9.2,1.2,5
NOT092-001586,2024-09-14,S2,virtual,84.1,10.9,12.6,5.6,0
NOT092-001587,2024-09-14,S3,virtual,61.6,11.2,11.8,4.6,2
NOT092-001588,2024-09-14,S1,presencial,67.1,14.2,13.1,3.6,2
NOT092-001589,2024-09-14,S2,presencial,67.0,8.7,8.3,2.9,4
NOT092-001590,2024-09-15,S3,presencial,69.8,9.2,8.5,0.9,6
NOT092-001591,2024-09-15,S1,presencial,100,12.0,16.1,4.0,2
NOT092-001592,2024-09-15,S2,presencial,50.3,9.9,13.5,5.4,4
NOT092-001593,2024-09-15,S3,presencial,75.6,9.8,6.9,3.8,4
NOT092-001594,2024-09-15,S1,presencial,37.4,14.1,11.2,6.5,2
NOT092-001595,2024-09-15,S2,presencial,85.1,9.9,9.9,8.7,8
NOT092-001596,2024-09-16,S3,presencial,94.8,13.9,18.7,10.1,0
NOT092-001597,2024-09-16,S1,virtual,83.0,11.1,7.2,8.0,1
NOT092-001598,2024-09-16,S2,virtual,85.0,12.5,11.3,10.5,1
NOT092-001599,2024-09-16,S3,presencial,86.4,16.4,17.0,1.3,1
NOT092-001600,2024-09-16,S1,virtual,44.0,9.3,12.2,2.9,10
NOT092-001601,2024-09-16,S2,presencial,44.5,12.5,9.9,5.6,1
NOT092-001602,2024-09-17,S3,virtual,60.8,8.8,7.4,5.7,2
NOT092-001603,2024-09-17,S1,virtual,68.3,11.2,9.9,0.7,1
NOT092-001604,2024-09-17,S2,virtual,100,15.6,15.1,9.9,3
NOT092-001605,2024-09-17,S3,virtual,48.7,10.2,10.2,1.3,3
NOT092-001606,2024-09-17,S1,virtual,79.8,8.8,11.1,5.5,5
NOT092-001607,2024-09-17,S2,presencial,61.7,7.6,11.0,1.9,9
NOT092-001608,2024-09-18,S3,presencial,85.7,8.7,13.8,6.1,4
NOT092-001609,2024-09-18,S1,presencial,88.8,9.4,11.9,10.3,4
NOT092-001610,2024-09-18,S2,virtual,62.7,9.2,7.2,4.9,4
NOT092-001611,2024-09-18,S3,presencial,100,7.6,11.0,11.7,4
NOT092-001612,2024-09-18,S1,virtual,100,9.1,11.5,9.4,10
NOT092-001613,2024-09-18,S2,virtual,49.0,15.5,13.1,3.4,2
NOT092-001614,2024-09-19,S3,virtual,81.8,15.5,15.2,9.1,0
NOT092-001615,2024-09-19,S1,virtual,75.1,6.7,7.1,0.1,5
NOT092-001616,2024-09-19,S2,virtual,58.2,7.9,4.7,3.8,2
NOT092-001617,2024-09-19,S3,virtual,72.5,10.3,9.6,1.1,2
NOT092-001618,2024-09-19,S1,virtual,92.9,10.9,9.1,1.0,2
NOT092-001619,2024-09-19,S2,virtual,49.7,16.4,17.3,11.7,1
NOT092-001620,2024-09-19,S3,presencial,82.8,7.4,12.2,8.2,6
NOT092-001621,2024-09-20,S1,virtual,100,14.0,7.7,1.3,0
NOT092-001622,2024-09-20,S2,presencial,77.8,7.7,5.9,10.3,3
NOT092-001623,2024-09-20,S3,presencial,88.8,9.6,12.0,5.9,3
NOT092-001624,2024-09-20,S1,presencial,69.3,9.9,9.9,5.5,5
NOT092-001625,2024-09-20,S2,presencial,90.2,9.7,14.2,8.6,6
NOT092-001626,2024-09-20,S3,virtual,42.9,13.0,14.2,6.2,3
NOT092-001627,2024-09-21,S1,virtual,94.8,13.4,13.7,6.8,3
NOT092-001628,2024-09-21,S2,virtual,100,14.5,13.3,8.6,2
NOT092-001629,2024-09-21,S3,presencial,80.2,11.2,12.8,6.4,2
NOT092-001630,2024-09-21,S1,presencial,49.9,3.9,7.5,11.2,8
NOT092-001631,2024-09-21,S2,presencial,96.8,11.8,13.1,11.3,2
NOT092-001632,2024-09-21,S3,presencial,57.2,10.6,10.7,4.9,0
NOT092-001633,2024-09-22,S1,virtual,83.1,4.9,8.1,10.2,6
NOT092-001634,2024-09-22,S2,presencial,75.3,13.3,14.3,3.1,3
NOT092-001635,2024-09-22,S3,virtual,65.4,8.1,9.7,4.7,3
NOT092-001636,2024-09-22,S1,virtual,59.6,11.8,13.0,8.4,3
NOT092-001637,2024-09-22,S2,virtual,52.2,10.5,9.1,0.2,1
NOT092-001638,2024-09-22,S3,presencial,58.3,5.5,4.5,9.6,2
NOT092-001639,2024-09-23,S1,virtual,83.9,13.2,12.2,1.0,3
NOT092-001640,2024-09-23,S2,virtual,65.9,7.4,6.7,5.8,4
NOT092-001641,2024-09-23,S3,presencial,96.1,11.2,12.9,8.7,2
NOT092-001642,2024-09-23,S1,virtual,67.8,9.7,13.8,9.1,6
NOT092-001643,2024-09-23,S2,presencial,73.8,11.1,10.2,7.5,1
NOT092-001644,2024-09-23,S3,presencial,77.5,10.1,13.7,1.8,0
NOT092-001645,2024-09-24,S1,virtual,71.6,9.4,7.1,8.0,8
NOT092-001646,2024-09-24,S2,presencial,94.8,10.0,12.0,2.5,1
NOT092-001647,2024-09-24,S3,presencial,91.6,10.2,11.9,8.2,3
NOT092-001648,2024-09-24,S1,presencial,67.0,11.1,7.8,3.6,0
NOT092-001649,2024-09-24,S2,presencial,75.8,5.6,8.4,6.9,4
NOT092-001650,2024-09-24,S3, PRESENCIAL ,97.7,14.0,16.2,8.5,1
NOT092-001651,2024-09-25,S1,presencial,86.5,15.0,14.9,3.9,2
NOT092-001652,2024-09-25,S2,virtual,92.8,13.1,14.9,11.3,3
NOT092-001653,2024-09-25,S3,presencial,79.2,12.9,13.7,0.4,2
NOT092-001654,2024-09-25,S1,presencial,84.3,12.5,16.3,5.1,3
NOT092-001655,2024-09-25,S2,presencial,100,14.4,14.7,3.7,1
NOT092-001656,2024-09-25,S3,presencial,73.1,8.7,9.0,10.0,5
NOT092-001657,2024-09-26,S1,presencial,47.9,5.3,9.5,10.1,4
NOT092-001658,2024-09-26,S2,virtual,100,11.5,12.4,1.4,0
NOT092-001659,2024-09-26,S3,virtual,78.4,10.2,13.2,3.2,2
NOT092-001660,2024-09-26,S1,virtual,95.7,8.8,11.6,2.8,3
NOT092-001661,2024-09-26,S2,presencial,90.7,14.5,,1.9,2
NOT092-001662,2024-09-26,S3,presencial,70.9,11.0,10.7,7.5,0
NOT092-001663,2024-09-26,S1,virtual,62.6,12.4,10.8,6.5,1
NOT092-001664,2024-09-27,S2,virtual,98.6,11.4,13.4,9.0,1
NOT092-001665,2024-09-27,S3,presencial,87.4,14.6,15.3,6.6,3
NOT092-001666,2024-09-27,S1,presencial,88.2,13.4,17.7,8.5,3
NOT092-001667,2024-09-27,S2,virtual,84.9,12.5,10.8,1.7,0
NOT092-001668,2024-09-27,S3,presencial,97.5,11.3,14.2,8.1,1
NOT092-001669,2024-09-27,S1,virtual,85.1,12.7,15.9,10.5,2
NOT092-001670,2024-09-28,S2,presencial,76.0,13.2,10.6,8.5,1
NOT092-001671,2024-09-28,S3,presencial,70.5,11.4,9.2,6.4,2
NOT092-001672,2024-09-28,S1,virtual,70.2,6.7,7.0,7.5,10
NOT092-001673,2024-09-28,S2,presencial,52.0,7.6,6.5,7.4,9
NOT092-001674,2024-09-28,S3,virtual,67.6,7.8,10.9,10.4,4
NOT092-001675,2024-09-28,S1,virtual,99.3,13.1,15.4,10.4,3
NOT092-001676,2024-09-29,S2,presencial,72.6,8.3,10.7,9.1,5
NOT092-001677,2024-09-29,S3,virtual,98.8,12.1,10.2,4.4,2
NOT092-001678,2024-09-29,S1,virtual,61.0,4.6,6.3,1.7,7
NOT092-001679,2024-09-29,S2,virtual,45.7,11.0,6.4,1.0,0
NOT092-001680,2024-09-29,S3,virtual,87.2,15.1,16.1,2.1,0
NOT092-001681,2024-09-29,S1,virtual,88.6,13.0,15.8,11.0,2
NOT092-001682,2024-09-30,S2,virtual,68.9,11.6,10.0,6.6,2
NOT092-001683,2024-09-30,S3,presencial,92.7,18.1,16.3,1.3,2
NOT092-001684,2024-09-30,S1,virtual,74.7,8.8,8.7,7.3,10
NOT092-001685,2024-09-30,S2,presencial,80.7,9.3,8.3,9.7,6
NOT092-001686,2024-09-30,S3,virtual,100,9.1,14.8,8.1,8
NOT092-001687,2024-09-30,S1,virtual,46.3,10.0,10.4,2.7,3
NOT092-001688,2024-10-01,S2,virtual,92.6,6.8,6.5,0.8,2
NOT092-001689,2024-10-01,S3,virtual,98.8,9.6,"10,5",5.1,6
NOT092-001690,2024-10-01,S1,presencial,88.9,8.9,7.9,8.0,4
NOT092-001691,2024-10-01,S2,presencial,88.8,12.9,9.8,1.7,0
NOT092-001692,2024-10-01,S3,presencial,100,9.1,11.1,0.3,4
NOT092-001693,2024-10-01,S1,presencial,97.7,12.7,12.2,0.5,3
NOT092-001694,2024-10-02,S2,virtual,91.2,9.3,13.0,5.1,6
NOT092-001695,2024-10-02,S3,presencial,89.8,11.7,9.7,11.7,1
NOT092-001696,2024-10-02,S1,presencial,45.3,14.8,15.2,10.5,2
NOT092-001697,2024-10-02,S2,virtual,76.0,11.7,11.5,8.2,2
NOT092-001698,2024-10-02,S3,virtual,91.1,12.9,15.6,10.5,0
NOT092-001699,2024-10-02,S1,virtual,79.4,7.4,10.7,3.7,4
NOT092-001700,2024-10-02,S2,virtual,100,14.7,12.1,3.7,0
NOT092-001701,2024-10-03,S3,presencial,59.7,5.1,8.4,8.6,6
NOT092-001702,2024-10-03,S1,virtual,74.9,8.4,11.2,4.6,10
NOT092-001703,2024-10-03,S2,virtual,69.1,8.6,11.4,4.8,10
NOT092-001704,2024-10-03,S3,virtual,58.1,9.7,10.6,8.0,5
NOT092-001705,2024-10-03,S1,presencial,58.3,13.0,8.0,4.0,0
NOT092-001706,2024-10-03,S2,virtual,44.3,13.9,15.1,11.8,0
NOT092-001707,2024-10-04,S3,virtual,51.2,3.0,8.8,9.6,10
NOT092-001708,2024-10-04,S1,virtual,79.8,12.3,14.1,9.4,1
NOT092-001709,2024-10-04,S2,presencial,78.5,12.4,12.9,2.9,0
NOT092-001710,2024-10-04,S3,presencial,80.2,13.0,10.5,8.3,0
NOT092-001711,2024-10-04,S1,virtual,86.4,6.1,6.7,0.7,3
NOT092-001712,2024-10-04,S2,presencial,61.9,6.1,8.1,4.2,6
NOT092-001713,2024-10-05,S3,virtual,97.2,10.0,9.3,7.6,3
NOT092-001714,2024-10-05,S1,presencial,89.2,16.0,14.4,7.4,0
NOT092-001715,2024-10-05,S2,presencial,82.7,9.1,12.3,1.2,9
NOT092-001716,2024-10-05,S3,virtual,84.3,13.6,12.5,2.5,2
NOT092-001717,2024-10-05,S1,presencial,51.2,12.8,9.6,2.8,3
NOT092-001718,2024-10-05,S2,presencial,63.1,14.8,7.5,5.0,2
NOT092-001719,2024-10-06,S3,presencial,58.6,7.7,6.5,6.7,10
NOT092-001720,2024-10-06,S1,virtual,87.1,15.6,13.5,1.2,2
NOT092-001721,2024-10-06,S2,presencial,69.4,13.4,13.5,3.6,2
NOT092-001722,2024-10-06,S3,presencial,81.6,4.1,9.2,11.4,9
NOT092-001723,2024-10-06,S1,presencial,66.0,15.3,14.4,8.3,3
NOT092-001724,2024-10-06,S2,virtual,72.4,8.7,8.5,3.9,4
NOT092-001725,2024-10-07,S3,presencial,59.3,11.6,-999,11.9,3
NOT092-001726,2024-10-07,S1,virtual,52.5,11.0,7.6,11.7,2
NOT092-001727,2024-10-07,S2,presencial,100,8.8,10.7,0.4,3
NOT092-001728,2024-10-07,S3,virtual,71.1,12.3,9.1,3.7,2
NOT092-001729,2024-10-07,S1,virtual,62.9,9.9,14.0,11.6,9
NOT092-001730,2024-10-07,S2,virtual,99.9,7.7,8.2,3.4,5
NOT092-001731,2024-10-08,S3,presencial,87.7,6.0,9.4,5.6,3
NOT092-001732,2024-10-08,S1,presencial,25.0,14.6,14.5,7.0,0
NOT092-001733,2024-10-08,S2,virtual,100,7.5,12.2,8.6,9
NOT092-001734,2024-10-08,S3,virtual,77.0,12.4,13.0,0.5,3
NOT092-001735,2024-10-08,S1,presencial,86.4,11.9,12.5,0.3,2
NOT092-001736,2024-10-08,S2,virtual,90.9,2.1,6.1,2.3,2
NOT092-001737,2024-10-09,S3,presencial,96.5,7.9,11.1,7.6,8
NOT092-001738,2024-10-09,S1,virtual,67.9,14.6,15.0,0.5,1
NOT092-001739,2024-10-09,S2,virtual,81.6,5.5,6.8,6.2,2
NOT092-001740,2024-10-09,S3,presencial,69.1,10.2,14.4,7.8,3
NOT092-001741,2024-10-09,S1,virtual,88.0,12.5,11.8,5.2,2
NOT092-001742,2024-10-09,S2,presencial,100,14.2,17.9,11.9,1
NOT092-001743,2024-10-09,S3,virtual,67.5,8.4,12.3,11.4,4
NOT092-001744,2024-10-10,S1,virtual,61.3,13.1,,6.3,1
NOT092-001745,2024-10-10,S2,presencial,64.0,14.3,10.1,5.2,3
NOT092-001746,2024-10-10,S3,presencial,58.8,6.2,6.0,0.4,10
NOT092-001747,2024-10-10,S1, VIRTUAL ,76.6,12.8,12.7,6.1,0
NOT092-001748,2024-10-10,S2,presencial,79.7,8.5,9.6,8.1,6
NOT092-001749,2024-10-10,S3,virtual,61.3,10.9,10.2,3.1,1
NOT092-001750,2024-10-11,S1,virtual,79.7,5.2,7.5,6.1,5
NOT092-001751,2024-10-11,S2,virtual,38.6,13.3,13.0,8.7,1
NOT092-001752,2024-10-11,S3,presencial,91.0,16.9,14.9,0.4,3
NOT092-001753,2024-10-11,S1,virtual,100,13.6,15.8,0.6,3
NOT092-001754,2024-10-11,S2,virtual,86.1,15.7,14.7,7.6,0
NOT092-001755,2024-10-11,S3,virtual,100,13.0,11.1,4.3,2
NOT092-001756,2024-10-12,S1,virtual,86.0,10.7,8.4,4.2,2
NOT092-001757,2024-10-12,S2,presencial,74.2,11.2,12.3,0.4,0
NOT092-001758,2024-10-12,S3,presencial,70.5,9.3,8.9,7.6,4
NOT092-001759,2024-10-12,S1,virtual,67.3,8.1,9.5,11.3,10
NOT092-001760,2024-10-12,S2,virtual,56.3,16.0,13.6,9.1,0
NOT092-001761,2024-10-12,S3,presencial,73.5,11.4,12.2,11.4,3
NOT092-001762,2024-10-13,S1,virtual,78.6,10.3,11.9,10.8,1
NOT092-001763,2024-10-13,S2,virtual,50.8,9.8,12.5,8.4,4
NOT092-001764,2024-10-13,S3,virtual,48.6,10.5,11.5,4.7,1
NOT092-001765,2024-10-13,S1,virtual,64.9,6.2,6.7,1.6,4
NOT092-001766,2024-10-13,S2,presencial,100,14.8,12.2,3.0,2
NOT092-001767,2024-10-13,S3,presencial,76.7,14.2,11.4,1.9,1
NOT092-001768,2024-10-14,S1,virtual,54.2,6.7,10.0,7.7,3
NOT092-001769,2024-10-14,S2,virtual,86.3,11.2,12.2,5.8,0
NOT092-001770,2024-10-14,S3,presencial,96.7,10.5,13.7,8.7,1
NOT092-001771,2024-10-14,S1,presencial,74.5,12.6,12.6,3.2,3
NOT092-001772,2024-10-14,S2,virtual,83.6,20,17.7,6.1,1
NOT092-001773,2024-10-14,S3,presencial,100,7.7,13.0,9.4,10
NOT092-001774,2024-10-15,S1,virtual,45.0,11.9,9.2,0.8,1
NOT092-001775,2024-10-15,S2,presencial,75.4,8.7,8.1,5.3,6
NOT092-001776,2024-10-15,S3,virtual,45.8,12.0,11.5,10.5,2
NOT092-001777,2024-10-15,S1,virtual,49.0,15.6,12.8,5.5,2
NOT092-001778,2024-10-15,S2,presencial,77.1,8.3,11.1,3.8,2
NOT092-001779,2024-10-15,S3,virtual,86.7,8.6,8.8,0.2,4
NOT092-001780,2024-10-15,S1,virtual,88.5,3.7,7.3,8.6,4
NOT092-001781,2024-10-16,S2,presencial,95.5,13.4,14.1,10.1,3
NOT092-001782,2024-10-16,S3,virtual,49.8,10.8,13.2,10.7,0
NOT092-001783,2024-10-16,S1,virtual,100,11.1,7.3,1.7,0
NOT092-001784,2024-10-16,S2,presencial,73.4,15.5,12.2,4.8,0
NOT092-001785,2024-10-16,S3,virtual,71.6,5.7,5.3,2.4,3
NOT092-001786,2024-10-16,S1,presencial,81.4,11.1,9.5,4.4,1
NOT092-001787,2024-10-17,S2,presencial,86.8,13.3,11.6,1.2,2
NOT092-001788,2024-10-17,S3,presencial,79.3,11.9,11.1,6.1,2
NOT092-001789,2024-10-17,S1,presencial,84.1,8.3,16.6,9.2,9
NOT092-001790,2024-10-17,S2,virtual,67.0,13.6,11.0,9.7,2
NOT092-001791,2024-10-17,S3,virtual,87.9,10.5,10.0,0.6,2
NOT092-001792,2024-10-17,S1,presencial,100,11.2,9.4,5.6,1
NOT092-001793,2024-10-18,S2,virtual,72.2,10.9,8.5,2.0,1
NOT092-001794,2024-10-18,S3,presencial,67.4,14.0,12.3,5.8,2
NOT092-001795,2024-10-18,S1,presencial,68.2,8.0,11.9,11.9,10
NOT092-001796,2024-10-18,S2,virtual,68.6,11.0,13.9,10.7,1
NOT092-001797,2024-10-18,S3,virtual,71.8,12.3,9.3,0.4,0
NOT092-001798,2024-10-18,S1,presencial,69.8,10.6,13.6,8.4,3
NOT092-001799,2024-10-19,S2,virtual,59.1,11.0,8.5,1.8,1
NOT092-001800,2024-10-19,S3,virtual,62.4,6.5,6.9,5.4,2
NOT092-001801,2024-10-19,S1,presencial,74.1,17.4,15.6,8.8,3
NOT092-001802,2024-10-19,S2,presencial,59.2,13.7,11.1,11.0,1
NOT092-001803,2024-10-19,S3,presencial,50.0,14.2,13.4,11.1,2
NOT092-001804,2024-10-19,S1,presencial,69.0,13.7,14.4,3.6,3
NOT092-001805,2024-10-20,S2,virtual,92.4,11.1,11.1,4.0,0
NOT092-001806,2024-10-20,S3,presencial,57.8,13.2,11.4,8.2,3
NOT092-001807,2024-10-20,S1,virtual,70.6,9.3,9.8,5.9,3
NOT092-001808,2024-10-20,S2,virtual,49.8,11.0,10.8,10.0,2
NOT092-001809,2024-10-20,S3,virtual,45.9,11.7,9.1,8.5,1
NOT092-001810,2024-10-20,S1,presencial,96.2,9.3,11.4,6.9,6
NOT092-001811,2024-10-21,S2,presencial,83.7,9.3,12.7,5.5,10
NOT092-001812,2024-10-21,S3,presencial,75.0,14.2,11.5,1.6,1
NOT092-001813,2024-10-21,S1,presencial,78.0,7.1,6.5,0.1,10
NOT092-001814,2024-10-21,S2,presencial,57.4,9.9,14.6,11.8,7
NOT092-001815,2024-10-21,S3,virtual,83.1,9.9,10.7,8.8,4
NOT092-001816,2024-10-21,S1,virtual,84.0,13.9,15.3,4.1,2
NOT092-001817,2024-10-21,S2,virtual,71.7,10.4,9.9,1.8,1
NOT092-001818,2024-10-22,S3,virtual,59.1,5.6,7.5,11.2,8
NOT092-001819,2024-10-22,S1,presencial,74.5,8.5,11.3,11.5,3
NOT092-001820,2024-10-22,S2,presencial,68.0,11.7,12.8,9.6,1
NOT092-001821,2024-10-22,S3,virtual,81.8,8.9,11.2,7.7,6
NOT092-001822,2024-10-22,S1,presencial,80.1,10.1,11.4,4.3,0
NOT092-001823,2024-10-22,S2,virtual,81.2,8.9,10.7,7.7,5
NOT092-001824,2024-10-23,S3,presencial,69.2,11.8,11.0,5.7,3
NOT092-001825,2024-10-23,S1,presencial,86.8,11.5,14.4,7.3,3
NOT092-001826,2024-10-23,S2,virtual,61.8,4.1,7.6,10.6,3
NOT092-001827,2024-10-23,S3,presencial,64.9,3.7,,8.2,2
NOT092-001828,2024-10-23,S1,presencial,77.0,7.5,8.9,2.3,10
NOT092-001829,2024-10-23,S2,presencial,62.7,7.6,7.9,1.1,7
NOT092-001830,2024-10-24,S3,virtual,69.1,13.4,8.9,7.2,0
NOT092-001831,2024-10-24,S1,presencial,67.5,12.5,9.7,6.7,1
NOT092-001832,2024-10-24,S2,virtual,83.2,12.2,15.6,1.8,3
NOT092-001833,2024-10-24,S3,presencial,96.1,10.1,8.8,1.4,2
NOT092-001834,2024-10-24,S1,virtual,73.5,13.8,10.5,1.2,3
NOT092-001835,2024-10-24,S2,presencial,67.0,12.2,14.5,10.5,2
NOT092-001836,2024-10-25,S3,presencial,53.0,17.5,11.9,0.3,1
NOT092-001837,2024-10-25,S1,presencial,87.0,13.0,9.7,2.6,2
NOT092-001838,2024-10-25,S2,virtual,91.4,9.4,11.5,0.2,6
NOT092-001839,2024-10-25,S3,presencial,74.3,8.0,7.6,4.6,9
NOT092-001840,2024-10-25,S1,virtual,67.2,9.8,11.2,1.9,8
NOT092-001841,2024-10-25,S2,presencial,74.3,10.4,11.7,5.3,0
NOT092-001842,2024-10-26,S3,presencial,59.8,15.6,13.8,7.2,1
NOT092-001843,2024-10-26,S1,presencial,100,12.0,16.7,4.4,0
NOT092-001844,2024-10-26,S2, PRESENCIAL ,90.5,10.7,11.2,10.5,0
NOT092-001845,2024-10-26,S3,virtual,100,16.2,17.2,2.6,3
NOT092-001846,2024-10-26,S1,virtual,87.0,10.4,10.4,9.5,3
NOT092-001847,2024-10-26,S2,virtual,74.4,10.9,11.9,9.8,0
NOT092-001848,2024-10-27,S3,virtual,80.7,9.4,9.2,7.2,6
NOT092-001849,2024-10-27,S1,virtual,84.2,11.9,14.5,7.9,0
NOT092-001850,2024-10-27,S2,presencial,69.5,10.2,11.1,3.1,2
NOT092-001851,2024-10-27,S3,virtual,68.3,9.3,9.9,10.1,4
NOT092-001852,2024-10-27,S1,presencial,75.7,10.9,8.9,2.8,2
NOT092-001853,2024-10-27,S2,virtual,47.3,8.3,6.4,3.3,4
NOT092-001854,2024-10-28,S3,virtual,100.0,10.6,9.5,11.5,3
NOT092-001855,2024-10-28,S1,presencial,79.6,5.9,6.3,1.3,4
NOT092-001856,2024-10-28,S2,presencial,67.0,7.3,8.9,1.6,2
NOT092-001857,2024-10-28,S3,presencial,77.4,11.3,14.3,9.8,1
NOT092-001858,2024-10-28,S1,presencial,95.7,11.7,8.9,5.1,2
NOT092-001859,2024-10-28,S2,virtual,92.6,9.0,10.8,11.2,2
NOT092-001860,2024-10-28,S3,presencial,45.5,12.3,10.1,8.5,2
NOT092-001861,2024-10-29,S1,virtual,77.8,14.0,10.1,11.7,1
NOT092-001862,2024-10-29,S2,virtual,71.2,7.6,9.8,2.0,8
NOT092-001863,2024-10-29,S3,presencial,79.6,11.5,9.4,6.1,0
NOT092-001864,2024-10-29,S1,virtual,93.5,11.6,9.6,3.2,2
NOT092-001865,2024-10-29,S2,virtual,80.0,11.1,11.3,7.3,2
NOT092-001866,2024-10-29,S3,virtual,69.0,14.3,11.9,1.6,0
NOT092-001867,2024-10-30,S1,presencial,58.2,10.7,9.4,7.2,1
NOT092-001868,2024-10-30,S2,presencial,93.0,18.3,16.5,4.0,1
NOT092-001869,2024-10-30,S3,presencial,64.5,9.7,9.4,1.8,4
NOT092-001870,2024-10-30,S1,virtual,77.8,8.3,11.5,7.4,5
NOT092-001871,2024-10-30,S2,virtual,60.8,10.8,13.2,8.8,3
NOT092-001872,2024-10-30,S3,presencial,100,11.0,11.5,1.7,0
NOT092-001873,2024-10-31,S1,virtual,65.5,10.6,8.7,1.7,1
NOT092-001874,2024-10-31,S2,presencial,72.1,11.0,13.3,0.8,1
NOT092-001875,2024-10-31,S3,presencial,94.8,11.0,11.9,5.5,2
NOT092-001876,2024-10-31,S1,virtual,80.8,5.5,10.7,2.2,7
NOT092-001877,2024-10-31,S2,virtual,100,10.2,8.8,1.8,3
NOT092-001878,2024-10-31,S3,presencial,85.0,10.3,14.0,11.4,3
NOT092-001879,2024-11-01,S1,presencial,100,7.2,8.6,10.9,7
NOT092-001880,2024-11-01,S2,virtual,85.7,10.5,14.0,11.5,0
NOT092-001881,2024-11-01,S3,virtual,54.5,7.3,11.8,10.3,6
NOT092-001882,2024-11-01,S1,virtual,100,8.3,13.2,12.0,4
NOT092-001883,2024-11-01,S2,virtual,100,10.7,12.3,4.9,3
NOT092-001884,2024-11-01,S3,virtual,88.5,9.3,10.7,6.9,7
NOT092-001885,2024-11-02,S1,virtual,69.6,9.0,11.4,1.9,8
NOT092-001886,2024-11-02,S2,presencial,76.4,16.4,14.9,7.2,3
NOT092-001887,2024-11-02,S3,virtual,54.2,10.3,12.9,7.7,0
NOT092-001888,2024-11-02,S1,virtual,37.9,8.8,12.6,7.5,4
NOT092-001889,2024-11-02,S2,presencial,100,15.9,15.6,4.4,2
NOT092-001890,2024-11-02,S3,presencial,79.9,7.0,11.0,8.9,5
NOT092-001891,2024-11-03,S1,presencial,67.5,9.5,9.6,5.2,7
NOT092-001892,2024-11-03,S2,virtual,69.9,10.0,10.1,9.4,2
NOT092-001893,2024-11-03,S3,virtual,100,11.2,14.1,3.9,3
NOT092-001894,2024-11-03,S1,virtual,78.3,6.1,13.1,4.4,9
NOT092-001895,2024-11-03,S2,virtual,82.1,11.5,12.7,4.8,3
NOT092-001896,2024-11-03,S3,virtual,91.9,8.6,14.0,8.0,10
NOT092-001897,2024-11-03,S1,presencial,54.6,11.7,12.9,4.4,3
NOT092-001898,2024-11-04,S2,virtual,94.4,10.6,13.5,0.4,0
NOT092-001899,2024-11-04,S3,presencial,76.4,8.7,14.4,11.8,7
NOT092-001900,2024-11-04,S1,presencial,47.5,15.7,"13,9",1.9,2
NOT092-001901,2024-11-04,S2,presencial,73.2,11.2,12.5,7.6,3
NOT092-001902,2024-11-04,S3,virtual,81.8,10.1,9.7,1.5,2
NOT092-001903,2024-11-04,S1,virtual,79.6,11.4,11.5,11.8,2
NOT092-001904,2024-11-05,S2,presencial,64.2,7.3,13.7,7.6,6
NOT092-001905,2024-11-05,S3,presencial,80.6,9.8,11.9,8.8,2
NOT092-001906,2024-11-05,S1,virtual,77.4,14.2,16.1,10.3,3
NOT092-001907,2024-11-05,S2,virtual,80.2,16.8,14.3,9.2,0
NOT092-001908,2024-11-05,S3,presencial,71.2,6.2,7.6,2.2,4
NOT092-001909,2024-11-05,S1,presencial,95.4,10.7,10.2,3.9,3
NOT092-001910,2024-11-06,S2,presencial,86.1,13.4,,9.6,1
NOT092-001911,2024-11-06,S3,presencial,43.4,12.9,11.9,8.0,1
NOT092-001912,2024-11-06,S1,virtual,52.0,6.2,8.7,0.7,8
NOT092-001913,2024-11-06,S2,presencial,65.3,9.5,8.4,8.3,8
NOT092-001914,2024-11-06,S3,virtual,77.6,12.5,12.2,2.8,3
NOT092-001915,2024-11-06,S1,virtual,44.2,13.1,10.9,1.5,2
NOT092-001916,2024-11-07,S2,virtual,100,9.9,14.7,5.7,5
NOT092-001917,2024-11-07,S3,presencial,99.5,8.1,8.9,2.7,9
NOT092-001918,2024-11-07,S1,presencial,100,11.0,10.1,10.3,0
NOT092-001919,2024-11-07,S2,presencial,51.9,10.7,13.8,6.0,1
NOT092-001920,2024-11-07,S3,virtual,85.9,8.1,9.5,2.9,3
NOT092-001921,2024-11-07,S1,virtual,97.5,11.8,12.0,5.1,0
NOT092-001922,2024-11-08,S2,virtual,68.2,9.6,9.6,1.4,10
NOT092-001923,2024-11-08,S3,virtual,94.1,10.2,14.0,10.0,3
NOT092-001924,2024-11-08,S1,presencial,100,7.0,10.8,4.8,4
NOT092-001925,2024-11-08,S2,virtual,99.6,10.9,10.8,5.8,3
NOT092-001926,2024-11-08,S3,presencial,68.5,10.0,13.3,4.6,1
NOT092-001927,2024-11-08,S1,presencial,100,15.1,17.4,7.0,1
NOT092-001928,2024-11-09,S2,virtual,80.3,11.0,7.8,1.8,2
NOT092-001929,2024-11-09,S3,virtual,92.0,14.5,14.0,0.9,0
NOT092-001930,2024-11-09,S1,virtual,54.9,12.2,10.6,7.3,1
NOT092-001931,2024-11-09,S2,virtual,71.0,7.3,8.5,2.8,3
NOT092-001932,2024-11-09,S3,presencial,62.7,11.8,13.4,7.2,0
NOT092-001933,2024-11-09,S1,virtual,88.1,6.4,5.8,3.5,4
NOT092-001934,2024-11-10,S2,virtual,96.2,14.7,15.1,7.0,2
NOT092-001935,2024-11-10,S3,virtual,61.5,11.3,11.1,3.8,1
NOT092-001936,2024-11-10,S1,presencial,69.7,8.8,9.9,11.5,5
NOT092-001937,2024-11-10,S2,virtual,100,14.8,13.5,3.1,0
NOT092-001938,2024-11-10,S3,presencial,91.9,12.7,11.1,1.8,1
NOT092-001939,2024-11-10,S1,presencial,84.0,11.2,9.2,6.2,0
NOT092-001940,2024-11-10,S2,virtual,63.8,15.7,11.6,1.7,2
NOT092-001941,2024-11-11,S3, PRESENCIAL ,100,10.9,9.6,8.7,2
NOT092-001942,2024-11-11,S1,virtual,69.6,11.2,8.1,8.6,2
NOT092-001943,2024-11-11,S2,virtual,75.5,10.7,9.5,0.9,1
NOT092-001944,2024-11-11,S3,virtual,86.2,15.4,14.6,10.7,1
NOT092-001945,2024-11-11,S1,virtual,100,10.8,11.7,1.2,0
NOT092-001946,2024-11-11,S2,presencial,79.4,5.0,9.7,5.5,3
NOT092-001947,2024-11-12,S3,virtual,75.9,9.2,10.3,10.7,7
NOT092-001948,2024-11-12,S1,virtual,87.5,6.7,11.6,8.1,6
NOT092-001949,2024-11-12,S2,presencial,83.1,13.6,14.8,11.5,3
NOT092-001950,2024-11-12,S3,presencial,82.1,13.0,9.4,6.7,1
NOT092-001951,2024-11-12,S1,presencial,79.3,13.6,14.3,6.1,3
NOT092-001952,2024-11-12,S2,presencial,60.5,7.4,7.4,5.1,6
NOT092-001953,2024-11-13,S3,presencial,77.0,10.0,12.5,1.4,2
NOT092-001954,2024-11-13,S1,presencial,37.2,11.6,11.5,9.0,1
NOT092-001955,2024-11-13,S2,presencial,82.0,11.5,11.6,6.6,2
NOT092-001956,2024-11-13,S3,virtual,77.4,15.1,17.5,10.7,3
NOT092-001957,2024-11-13,S1,presencial,86.8,13.3,9.4,7.3,3
NOT092-001958,2024-11-13,S2,virtual,51.4,2.4,3.6,1.6,10
NOT092-001959,2024-11-14,S3,presencial,81.1,8.5,9.5,11.2,5
NOT092-001960,2024-11-14,S1,virtual,80.4,13.4,14.7,9.7,1
NOT092-001961,2024-11-14,S2,virtual,42.1,13.1,11.8,2.6,3
NOT092-001962,2024-11-14,S3,presencial,100,16.3,17.9,10.7,2
NOT092-001963,2024-11-14,S1,virtual,68.7,16.4,17.3,7.8,1
NOT092-001964,2024-11-14,S2,presencial,57.5,9.3,10.3,4.5,9
NOT092-001965,2024-11-15,S3,presencial,92.6,10.2,13.5,9.9,2
NOT092-001966,2024-11-15,S1,presencial,55.2,13.6,12.2,11.4,1
NOT092-001967,2024-11-15,S2,virtual,100,14.2,16.6,10.6,2
NOT092-001968,2024-11-15,S3,virtual,91.1,1.8,6.6,11.7,7
NOT092-001969,2024-11-15,S1,virtual,80.8,13.8,9.3,2.4,3
NOT092-001970,2024-11-15,S2,virtual,63.0,6.6,6.4,1.0,10
NOT092-001971,2024-11-16,S3,virtual,78.4,4.0,6.8,9.0,3
NOT092-001972,2024-11-16,S1,presencial,75.2,9.8,10.0,8.0,2
NOT092-001973,2024-11-16,S2,virtual,68.1,6.3,8.9,12.0,9
NOT092-001974,2024-11-16,S3,virtual,64.4,10.8,11.4,4.5,1
NOT092-001975,2024-11-16,S1,presencial,68.7,12.5,15.9,9.9,3
NOT092-001976,2024-11-16,S2,virtual,100,11.6,14.1,7.4,1
NOT092-001977,2024-11-16,S3,virtual,54.4,11.4,9.4,2.1,0
NOT092-001978,2024-11-17,S1,virtual,76.0,15.6,15.7,0.4,3
NOT092-001979,2024-11-17,S2,presencial,43.0,11.6,14.5,5.5,2
NOT092-001980,2024-11-17,S3,virtual,56.6,19.2,14.8,4.8,0
NOT092-001981,2024-11-17,S1,presencial,92.6,13.7,14.8,7.1,2
NOT092-001982,2024-11-17,S2,virtual,63.6,7.4,8.9,7.4,7
NOT092-001983,2024-11-17,S3,virtual,63.6,9.0,12.6,0.7,2
NOT092-001984,2024-11-18,S1,presencial,99.1,12.2,10.6,0.6,2
NOT092-001985,2024-11-18,S2,virtual,100,9.4,14.8,11.8,8
NOT092-001986,2024-11-18,S3,presencial,60.3,8.8,6.7,2.9,7
NOT092-001987,2024-11-18,S1,virtual,83.7,5.7,5.3,6.4,6
NOT092-001988,2024-11-18,S2,presencial,84.7,13.3,14.4,5.8,3
NOT092-001989,2024-11-18,S3,virtual,59.5,16.0,13.0,8.3,2
NOT092-001990,2024-11-19,S1,presencial,77.8,11.7,14.7,4.3,1
NOT092-001991,2024-11-19,S2,presencial,100.0,10.7,10.9,1.4,0
NOT092-001992,2024-11-19,S3,presencial,88.6,8.9,9.0,3.3,7
NOT092-001993,2024-11-19,S1,presencial,70.7,10.4,,1.1,1
NOT092-001994,2024-11-19,S2,presencial,95.7,8.0,8.1,8.3,4
NOT092-001995,2024-11-19,S3,virtual,88.3,5.3,7.9,1.1,6
NOT092-001996,2024-11-20,S1,virtual,93.4,11.6,8.4,5.9,0
NOT092-001997,2024-11-20,S2,presencial,45.0,16.4,13.9,2.8,2
NOT092-001998,2024-11-20,S3,virtual,78.5,11.3,9.6,4.3,3
NOT092-001999,2024-11-20,S1,virtual,88.7,10.3,11.4,8.5,0
NOT092-002000,2024-11-20,S2,presencial,71.0,17.7,15.2,11.2,1
NOT092-002001,2024-11-20,S3,virtual,90.5,14.7,8.8,5.4,1
NOT092-002002,2024-11-21,S1,presencial,67.7,14.9,12.8,4.2,0
NOT092-002003,2024-11-21,S2,virtual,95.8,11.1,11.5,9.5,1
NOT092-002004,2024-11-21,S3,virtual,100,7.0,11.1,3.2,3
NOT092-002005,2024-11-21,S1,virtual,84.1,10.0,9.9,6.8,3
NOT092-002006,2024-11-21,S2,presencial,100,15.7,17.3,9.8,0
NOT092-002007,2024-11-21,S3,virtual,63.2,10.9,11.1,11.7,2
NOT092-002008,2024-11-22,S1,presencial,94.5,11.8,13.4,8.9,0
NOT092-002009,2024-11-22,S2,virtual,86.5,9.4,9.7,5.9,6
NOT092-002010,2024-11-22,S3,presencial,100,13.8,13.3,9.6,2
NOT092-002011,2024-11-22,S1,virtual,81.6,14.7,14.3,4.1,3
NOT092-002012,2024-11-22,S2,presencial,67.6,17.2,17.6,8.1,0
NOT092-002013,2024-11-22,S3,virtual,93.1,11.3,10.4,6.1,3
NOT092-002014,2024-11-23,S1,virtual,81.2,11.0,12.1,5.5,0
NOT092-002015,2024-11-23,S2,virtual,90.1,9.8,9.4,11.3,6
NOT092-002016,2024-11-23,S3,virtual,89.8,11.6,13.0,11.2,0
NOT092-002017,2024-11-23,S1,presencial,60.8,12.7,7.9,1.6,1
NOT092-002018,2024-11-23,S2,virtual,66.4,10.7,11.7,6.6,3
NOT092-002019,2024-11-23,S3,presencial,84.2,9.0,12.3,9.6,2
NOT092-002020,2024-11-23,S1,presencial,44.3,14.2,10.1,11.0,2
NOT092-002021,2024-11-24,S2,virtual,80.4,5.5,13.3,11.2,9
NOT092-002022,2024-11-24,S3,presencial,99.5,12.1,12.5,0.4,3
NOT092-002023,2024-11-24,S1,virtual,70.0,10.4,11.9,0.3,2
NOT092-002024,2024-11-24,S2,presencial,57.6,11.4,9.8,9.0,2
NOT092-002025,2024-11-24,S3,presencial,97.7,8.9,13.1,5.6,8
NOT092-002026,2024-11-24,S1,virtual,90.3,8.7,14.2,6.1,7
NOT092-002027,2024-11-25,S2,presencial,67.4,11.8,11.8,4.3,3
NOT092-002028,2024-11-25,S3,virtual,62.1,6.6,9.5,10.4,4
NOT092-002029,2024-11-25,S1,virtual,71.9,4.8,7.8,11.8,5
NOT092-002030,2024-11-25,S2,virtual,95.5,16.9,13.2,0.0,0
NOT092-002031,2024-11-25,S3,virtual,60.6,14.8,15.9,9.0,0
NOT092-002032,2024-11-25,S1,presencial,95.4,8.7,11.8,3.1,9
NOT092-002033,2024-11-26,S2,presencial,83.2,13.1,11.8,0.6,2
NOT092-002034,2024-11-26,S3,presencial,82.1,17.0,13.5,6.9,3
NOT092-002035,2024-11-26,S1,presencial,53.0,8.8,8.1,4.4,3
NOT092-002036,2024-11-26,S2,presencial,91.4,16.8,14.5,6.1,2
NOT092-002037,2024-11-26,S3,presencial,77.9,10.3,9.1,9.5,3
NOT092-002038,2024-11-26,S1, VIRTUAL ,54.4,8.4,9.9,5.5,9
NOT092-002039,2024-11-27,S2,virtual,76.6,6.1,13.8,8.9,10
NOT092-002040,2024-11-27,S3,presencial,79.9,10.5,9.6,6.8,2
NOT092-002041,2024-11-27,S1,presencial,79.3,8.1,10.8,3.9,6
NOT092-002042,2024-11-27,S2,presencial,90.5,11.3,11.5,8.9,0
NOT092-002043,2024-11-27,S3,presencial,61.7,9.1,10.1,5.0,8
NOT092-002044,2024-11-27,S1,virtual,87.1,11.4,13.3,5.2,2
NOT092-002045,2024-11-28,S2,presencial,87.0,6.9,9.3,8.4,4
NOT092-002046,2024-11-28,S3,virtual,73.9,11.0,10.6,8.6,1
NOT092-002047,2024-11-28,S1,virtual,100,10.1,8.2,3.6,2
NOT092-002048,2024-11-28,S2,virtual,79.4,9.8,9.1,2.4,3
NOT092-002049,2024-11-28,S3,virtual,84.5,12.3,10.7,1.4,3
NOT092-002050,2024-11-28,S1,presencial,73.8,5.2,10.9,2.2,10
NOT092-002051,2024-11-29,S2,virtual,82.2,8.8,8.7,9.4,4
NOT092-002052,2024-11-29,S3,presencial,47.2,13.3,12.3,9.4,2
NOT092-002053,2024-11-29,S1,virtual,75.1,10.8,8.6,2.4,1
NOT092-002054,2024-11-29,S2,virtual,78.4,17.2,17.3,8.3,2
NOT092-002055,2024-11-29,S3,virtual,52.6,14.8,11.6,2.7,0
NOT092-002056,2024-11-29,S1,presencial,85.4,9.9,14.4,10.4,8
NOT092-002057,2024-11-29,S2,virtual,76.5,12.7,11.2,5.6,1
NOT092-002058,2024-11-30,S3,virtual,44.4,12.4,11.6,11.5,0
NOT092-002059,2024-11-30,S1,virtual,42.6,17.1,13.4,8.8,2
NOT092-002060,2024-11-30,S2,virtual,56.1,11.9,10.4,3.2,0
NOT092-002061,2024-11-30,S3,virtual,64.5,13.8,13.1,11.9,3
NOT092-002062,2024-11-30,S1,presencial,100,14.9,11.9,5.4,1
NOT092-002063,2024-11-30,S2,presencial,84.3,11.0,15.1,8.3,2
NOT092-002064,2024-12-01,S3,presencial,71.0,11.9,10.6,8.7,0
NOT092-002065,2024-12-01,S1,virtual,80.4,8.0,11.9,5.7,7
NOT092-002066,2024-12-01,S2,presencial,79.8,8.5,13.2,5.9,9
NOT092-002067,2024-12-01,S3,virtual,76.9,7.2,8.0,6.9,2
NOT092-002068,2024-12-01,S1,presencial,38.9,12.6,11.0,9.3,0
NOT092-002069,2024-12-01,S2,virtual,59.1,9.8,9.7,7.4,3
NOT092-002070,2024-12-02,S3,virtual,94.5,6.8,11.6,9.0,8
NOT092-002071,2024-12-02,S1,virtual,95.2,13.8,10.9,2.3,2
NOT092-002072,2024-12-02,S2,presencial,49.0,8.8,10.4,8.1,8
NOT092-002073,2024-12-02,S3,virtual,100,5.5,8.1,2.3,7
NOT092-002074,2024-12-02,S1,virtual,54.6,9.2,9.1,4.1,3
NOT092-002075,2024-12-02,S2,virtual,75.7,13.8,11.8,6.1,3
NOT092-002076,2024-12-03,S3,presencial,61.1,9.7,,3.6,2
NOT092-002077,2024-12-03,S1,virtual,83.9,12.0,11.3,7.8,2
NOT092-002078,2024-12-03,S2,presencial,77.8,12.1,11.3,10.1,1
NOT092-002079,2024-12-03,S3,presencial,64.7,11.2,8.5,6.4,1
NOT092-002080,2024-12-03,S1,virtual,59.0,5.8,4.5,0.7,4
NOT092-002081,2024-12-03,S2,virtual,52.9,13.2,10.5,3.1,3
NOT092-002082,2024-12-04,S3,virtual,91.0,12.8,10.3,7.4,0
NOT092-002083,2024-12-04,S1,virtual,85.0,8.4,11.8,11.8,6
NOT092-002084,2024-12-04,S2,presencial,100,9.5,10.2,5.6,2
NOT092-002085,2024-12-04,S3,presencial,100,11.3,12.5,3.7,0
NOT092-002086,2024-12-04,S1,presencial,85.6,9.7,9.7,8.7,4
NOT092-002087,2024-12-04,S2,presencial,66.7,15.9,13.5,6.6,0
NOT092-002088,2024-12-05,S3,presencial,93.1,8.7,11.1,2.0,9
NOT092-002089,2024-12-05,S1,virtual,61.4,15.1,13.6,7.2,1
NOT092-002090,2024-12-05,S2,virtual,75.0,17.1,13.9,3.5,3
NOT092-002091,2024-12-05,S3,virtual,67.5,9.0,9.6,2.5,2
NOT092-002092,2024-12-05,S1,presencial,84.3,13.0,12.0,9.7,0
NOT092-002093,2024-12-05,S2,virtual,72.3,8.3,12.4,11.3,9
NOT092-002094,2024-12-05,S3,virtual,100,13.6,11.4,1.2,2
NOT092-002095,2024-12-06,S1,presencial,70.9,6.4,8.5,11.5,3
NOT092-002096,2024-12-06,S2,virtual,58.3,9.7,13.1,1.2,10
NOT092-002097,2024-12-06,S3,presencial,93.3,9.3,12.8,8.5,9
NOT092-002098,2024-12-06,S1,virtual,95.2,13.6,11.2,5.5,3
NOT092-002099,2024-12-06,S2,presencial,100,5.5,7.5,10.0,8
NOT092-002100,2024-12-06,S3,presencial,82.9,7.9,7.9,1.4,9
NOT092-002101,2024-12-07,S1,virtual,100,11.0,12.7,11.0,1
NOT092-002102,2024-12-07,S2,presencial,55.7,9.3,10.7,5.3,5
NOT092-002103,2024-12-07,S3,presencial,99.2,11.4,9.3,0.4,0
NOT092-002104,2024-12-07,S1,virtual,64.5,9.4,12.1,9.9,8
NOT092-002105,2024-12-07,S2,virtual,95.5,9.6,13.7,9.4,4
NOT092-002106,2024-12-07,S3,virtual,60.7,9.7,15.1,8.2,6
NOT092-002107,2024-12-08,S1,virtual,78.9,14.7,13.5,10.9,2
NOT092-002108,2024-12-08,S2,virtual,48.8,4.7,9.2,7.0,10
NOT092-002109,2024-12-08,S3,virtual,80.4,17.1,20,10.3,2
NOT092-002110,2024-12-08,S1,presencial,73.3,16.0,14.6,7.6,3
NOT092-002111,2024-12-08,S2,presencial,77.5,8.6,"11,0",2.0,6
NOT092-002112,2024-12-08,S3,virtual,76.8,16.5,15.4,0.9,1
NOT092-002113,2024-12-09,S1,presencial,60.2,11.9,12.2,9.9,1
NOT092-002114,2024-12-09,S2,virtual,73.3,13.5,16.6,10.7,3
NOT092-002115,2024-12-09,S3,presencial,53.3,13.5,13.9,5.8,2
NOT092-002116,2024-12-09,S1,presencial,97.4,8.4,10.0,5.6,7
NOT092-002117,2024-12-09,S2,presencial,97.7,4.6,13.7,11.6,6
NOT092-002118,2024-12-09,S3,presencial,87.4,9.3,10.0,11.7,2
NOT092-002119,2024-12-10,S1,presencial,76.7,9.3,10.1,6.5,4
NOT092-002120,2024-12-10,S2,virtual,71.3,9.1,12.3,10.0,6
NOT092-002121,2024-12-10,S3,presencial,75.2,13.0,11.4,5.8,0
NOT092-002122,2024-12-10,S1,virtual,92.8,10.7,11.1,5.4,1
NOT092-002123,2024-12-10,S2,presencial,66.8,10.0,12.8,4.3,3
NOT092-002124,2024-12-10,S3,virtual,52.2,14.1,12.3,3.9,3
NOT092-002125,2024-12-11,S1,presencial,59.8,6.7,6.2,10.5,8
NOT092-002126,2024-12-11,S2,presencial,86.8,10.5,7.3,3.1,1
NOT092-002127,2024-12-11,S3,presencial,75.9,11.9,14.6,8.4,0
NOT092-002128,2024-12-11,S1,virtual,58.6,9.6,8.4,5.2,3
NOT092-002129,2024-12-11,S2,presencial,98.3,5.6,9.2,5.3,6
NOT092-002130,2024-12-11,S3,presencial,100,5.1,9.6,10.3,7
NOT092-002131,2024-12-12,S1,presencial,60.0,11.9,12.0,6.0,1
NOT092-002132,2024-12-12,S2,presencial,84.0,12.6,8.9,0.8,3
NOT092-002133,2024-12-12,S3,virtual,85.0,5.6,9.0,5.6,7
NOT092-002134,2024-12-12,S1,virtual,88.5,10.7,11.9,11.3,1
NOT092-002135,2024-12-12,S2, VIRTUAL ,69.7,8.9,10.7,9.8,10
NOT092-002136,2024-12-12,S3,virtual,66.1,11.1,10.4,5.6,2
NOT092-002137,2024-12-12,S1,presencial,49.7,7.6,9.0,8.2,10
NOT092-002138,2024-12-13,S2,virtual,99.6,9.8,10.5,6.3,5
NOT092-002139,2024-12-13,S3,presencial,76.3,8.9,9.2,5.1,4
NOT092-002140,2024-12-13,S1,virtual,80.7,11.5,11.1,5.1,2
NOT092-002141,2024-12-13,S2,virtual,64.2,13.4,12.5,3.2,0
NOT092-002142,2024-12-13,S3,presencial,74.4,13.5,10.6,7.9,0
NOT092-002143,2024-12-13,S1,virtual,76.6,11.9,11.0,9.7,3
NOT092-002144,2024-12-14,S2,presencial,49.7,5.0,8.5,7.9,2
NOT092-002145,2024-12-14,S3,virtual,56.5,10.1,8.4,0.4,3
NOT092-002146,2024-12-14,S1,presencial,83.1,14.5,11.7,4.1,0
NOT092-002147,2024-12-14,S2,presencial,76.4,9.0,9.2,3.1,7
NOT092-002148,2024-12-14,S3,virtual,92.7,13.3,13.9,4.7,2
NOT092-002149,2024-12-14,S1,virtual,82.1,3.6,7.1,4.1,4
NOT092-002150,2024-12-15,S2,presencial,23.2,11.5,11.5,8.9,1
NOT092-002151,2024-12-15,S3,presencial,100,7.7,11.1,0.6,7
NOT092-002152,2024-12-15,S1,presencial,100,11.0,13.6,6.6,1
NOT092-002153,2024-12-15,S2,presencial,95.2,10.4,11.5,1.7,2
NOT092-002154,2024-12-15,S3,virtual,90.9,6.4,14.6,11.3,10
NOT092-002155,2024-12-15,S1,presencial,53.4,9.5,14.0,9.3,3
NOT092-002156,2024-12-16,S2,virtual,80.6,10.3,-999,1.7,3
NOT092-002157,2024-12-16,S3,virtual,79.4,11.0,11.3,5.3,3
NOT092-002158,2024-12-16,S1,presencial,94.9,10.9,10.6,10.5,1
NOT092-002159,2024-12-16,S2,presencial,83.3,11.0,,3.1,3
NOT092-002160,2024-12-16,S3,virtual,84.8,8.3,12.0,0.8,9
NOT092-002161,2024-12-16,S1,virtual,82.1,13.1,11.2,5.1,0
NOT092-002162,2024-12-17,S2,virtual,100,6.8,5.7,5.7,6
NOT092-002163,2024-12-17,S3,presencial,100,9.9,8.2,4.8,4
NOT092-002164,2024-12-17,S1,presencial,73.2,12.8,8.5,3.8,0
NOT092-002165,2024-12-17,S2,virtual,91.5,15.4,15.9,9.8,1
NOT092-002166,2024-12-17,S3,virtual,100,8.0,10.4,8.2,4
NOT092-002167,2024-12-17,S1,presencial,87.8,18.0,20,9.3,3
NOT092-002168,2024-12-18,S2,presencial,54.4,15.1,12.2,3.1,3
NOT092-002169,2024-12-18,S3,virtual,59.5,10.0,8.5,1.8,2
NOT092-002170,2024-12-18,S1,presencial,90.3,15.0,13.3,5.7,0
NOT092-002171,2024-12-18,S2,virtual,69.1,13.3,15.7,6.8,3
NOT092-002172,2024-12-18,S3,virtual,77.0,6.8,10.5,8.3,9
NOT092-002173,2024-12-18,S1,virtual,100,3.0,1.3,1.3,7
NOT092-002174,2024-12-18,S2,virtual,51.2,8.7,11.2,8.6,6
NOT092-002175,2024-12-19,S3,virtual,100,15.9,13.8,0.1,1
NOT092-002176,2024-12-19,S1,presencial,74.1,14.9,16.5,7.7,2
NOT092-002177,2024-12-19,S2,presencial,93.9,10.8,12.4,4.5,0
NOT092-002178,2024-12-19,S3,presencial,69.4,13.8,14.7,10.6,3
NOT092-002179,2024-12-19,S1,virtual,59.0,12.3,11.3,10.7,0
NOT092-002180,2024-12-19,S2,presencial,81.3,12.1,12.9,9.8,1
NOT092-002181,2024-12-20,S3,virtual,100,15.1,15.4,1.9,2
NOT092-002182,2024-12-20,S1,virtual,90.4,13.3,15.7,9.5,3
NOT092-002183,2024-12-20,S2,presencial,60.4,10.7,7.2,7.5,3
NOT092-002184,2024-12-20,S3,virtual,67.6,14.8,13.2,5.1,2
NOT092-002185,2024-12-20,S1,virtual,71.9,11.1,7.5,3.1,1
NOT092-002186,2024-12-20,S2,presencial,54.3,7.8,10.9,12.0,5
NOT092-002187,2024-12-21,S3,presencial,83.0,15.1,12.9,9.8,2
NOT092-002188,2024-12-21,S1,virtual,70.3,12.2,12.5,6.6,0
NOT092-002189,2024-12-21,S2,virtual,100,11.5,15.8,10.0,1
NOT092-002190,2024-12-21,S3,presencial,65.6,4.8,7.1,10.9,6
NOT092-002191,2024-12-21,S1,presencial,66.6,8.2,11.4,11.2,6
NOT092-002192,2024-12-21,S2,virtual,96.4,16.2,17.7,11.1,2
NOT092-002193,2024-12-22,S3,presencial,78.3,11.7,12.6,2.3,1
NOT092-002194,2024-12-22,S1,presencial,69.1,9.3,13.6,9.8,4
NOT092-002195,2024-12-22,S2,virtual,53.1,13.8,10.3,1.5,2
NOT092-002196,2024-12-22,S3,virtual,87.8,11.2,10.8,4.9,0
NOT092-002197,2024-12-22,S1,virtual,84.4,11.9,16.6,12.0,1
NOT092-002198,2024-12-22,S2,presencial,98.0,10.0,11.7,4.3,1
NOT092-002199,2024-12-23,S3,virtual,78.4,8.7,6.2,0.3,6
NOT092-002200,2024-12-23,S1,presencial,86.0,13.5,16.4,10.8,2
NOT092-002201,2024-12-23,S2,virtual,96.5,9.9,8.6,1.4,3
NOT092-002202,2024-12-23,S3,virtual,74.6,17.8,17.4,9.8,2
NOT092-002203,2024-12-23,S1,virtual,45.0,9.5,10.8,2.1,4
NOT092-002204,2024-12-23,S2,virtual,58.2,14.4,11.4,4.7,3
NOT092-002205,2024-12-24,S3,virtual,67.6,8.9,7.3,0.8,5
NOT092-002206,2024-12-24,S1,presencial,73.7,6.6,8.9,8.2,9
NOT092-002207,2024-12-24,S2,virtual,74.1,8.2,10.3,10.4,10
NOT092-002208,2024-12-24,S3,presencial,98.0,10.8,11.0,8.2,3
NOT092-002209,2024-12-24,S1,presencial,87.3,6.6,9.6,11.6,7
NOT092-002210,2024-12-24,S2,presencial,64.0,12.0,10.4,9.4,1
NOT092-002211,2024-12-25,S3,virtual,98.8,13.6,11.5,1.9,0
NOT092-002212,2024-12-25,S1,virtual,82.4,3.4,9.5,11.6,8
NOT092-002213,2024-12-25,S2,virtual,82.0,15.5,18.4,5.3,3
NOT092-002214,2024-12-25,S3,presencial,92.3,9.9,6.4,1.5,2
NOT092-002215,2024-12-25,S1,presencial,77.9,9.7,15.4,5.7,8
NOT092-002216,2024-12-25,S2,virtual,94.5,13.1,11.2,2.3,0
NOT092-002217,2024-12-25,S3,virtual,81.3,9.7,9.1,6.7,7
NOT092-002218,2024-12-26,S1,virtual,96.2,7.2,7.3,7.6,8
NOT092-002219,2024-12-26,S2,virtual,73.2,12.9,10.9,9.0,2
NOT092-002220,2024-12-26,S3,virtual,59.3,9.8,9.9,6.2,2
NOT092-002221,2024-12-26,S1,presencial,84.6,7.3,9.6,2.4,2
NOT092-002222,2024-12-26,S2,presencial,92.2,13.7,13.4,3.0,3
NOT092-002223,2024-12-26,S3,presencial,97.9,8.8,12.8,2.0,7
NOT092-002224,2024-12-27,S1,virtual,72.6,7.5,8.6,1.7,7
NOT092-002225,2024-12-27,S2,virtual,62.6,15.0,11.6,7.2,3
NOT092-002226,2024-12-27,S3,presencial,40.5,6.5,9.2,8.1,2
NOT092-002227,2024-12-27,S1,presencial,100,9.1,9.9,0.1,10
NOT092-002228,2024-12-27,S2,presencial,45.5,10.4,11.8,10.8,1
NOT092-002229,2024-12-27,S3,presencial,85.4,8.2,12.2,10.1,5
NOT092-002230,2024-12-28,S1,virtual,66.2,16.8,14.5,8.7,3
NOT092-002231,2024-12-28,S2,virtual,86.3,13.1,16.1,10.1,1
NOT092-002232,2024-12-28,S3, PRESENCIAL ,100,8.6,10.7,9.7,2
NOT092-002233,2024-12-28,S1,presencial,58.2,8.4,7.2,5.5,6
NOT092-002234,2024-12-28,S2,presencial,33.0,9.5,5.5,3.5,8
NOT092-002235,2024-12-28,S3,presencial,61.2,13.8,12.7,9.1,3
NOT092-002236,2024-12-29,S1,presencial,93.6,12.9,11.7,4.5,3
NOT092-002237,2024-12-29,S2,presencial,73.4,10.0,7.5,5.4,0
NOT092-002238,2024-12-29,S3,presencial,49.4,11.5,7.4,1.3,3
NOT092-002239,2024-12-29,S1,presencial,95.6,7.7,8.7,2.6,7
NOT092-002240,2024-12-29,S2,presencial,80.1,9.8,6.0,0.6,5
NOT092-002241,2024-12-29,S3,virtual,81.3,9.3,11.7,6.3,10
NOT092-002242,2024-12-30,S1,virtual,61.2,10.4,,6.9,2
NOT092-002243,2024-12-30,S2,virtual,75.4,13.5,11.3,2.9,2
NOT092-002244,2024-12-30,S3,presencial,100,5.0,9.5,2.4,7
NOT092-002245,2024-12-30,S1,presencial,93.6,12.1,9.8,0.9,1
NOT092-002246,2024-12-30,S2,virtual,100,12.0,13.0,10.7,2
NOT092-002247,2024-12-30,S3,presencial,46.7,10.7,9.9,5.1,2
NOT092-002248,2024-12-31,S1,virtual,70.8,6.7,7.8,0.9,6
NOT092-002249,2024-12-31,S2,presencial,100,8.4,9.4,11.2,6
NOT092-002250,2024-12-31,S3,presencial,69.7,11.3,12.8,7.0,2
NOT092-002251,2024-12-31,S1,virtual,79.9,10.7,9.2,5.5,0
NOT092-002252,2024-12-31,S2,presencial,74.2,11.2,13.4,9.0,3
NOT092-002253,2024-12-31,S3,presencial,100,8.1,10.0,7.1,7
NOT092-002254,2024-12-31,S1,virtual,86.1,9.6,10.0,0.4,2
NOT092-002255,2025-01-01,S2,presencial,64.3,9.6,10.7,5.0,9
NOT092-002256,2025-01-01,S3,virtual,84.0,11.5,11.9,6.5,1
NOT092-002257,2025-01-01,S1,presencial,72.1,8.5,12.6,8.3,9
NOT092-002258,2025-01-01,S2,virtual,78.9,12.7,10.5,2.8,0
NOT092-002259,2025-01-01,S3,virtual,80.7,6.8,10.0,4.6,7
NOT092-002260,2025-01-01,S1,presencial,69.2,9.1,8.3,2.7,3
NOT092-002261,2025-01-02,S2,presencial,90.6,6.8,7.7,7.5,3
NOT092-002262,2025-01-02,S3,presencial,39.9,12.9,11.3,8.2,3
NOT092-002263,2025-01-02,S1,virtual,77.1,7.9,10.0,0.5,4
NOT092-002264,2025-01-02,S2,presencial,84.2,16.6,11.4,7.9,2
NOT092-002265,2025-01-02,S3,virtual,74.7,14.8,16.6,6.2,1
NOT092-002266,2025-01-02,S1,virtual,58.7,18.7,14.8,7.6,3
NOT092-002267,2025-01-03,S2,virtual,76.5,8.1,11.6,9.7,7
NOT092-002268,2025-01-03,S3,presencial,57.0,10.2,8.9,1.1,1
NOT092-002269,2025-01-03,S1,presencial,76.3,5.6,7.6,7.2,8
NOT092-002270,2025-01-03,S2,virtual,83.4,12.1,11.9,11.9,0
NOT092-002271,2025-01-03,S3,presencial,74.8,13.2,10.0,7.4,2
NOT092-002272,2025-01-03,S1,presencial,43.6,9.6,6.7,1.7,2
NOT092-002273,2025-01-04,S2,virtual,60.2,13.2,13.3,11.5,0
NOT092-002274,2025-01-04,S3,presencial,66.5,11.7,11.1,0.2,3
NOT092-002275,2025-01-04,S1,virtual,67.4,10.6,8.4,8.6,0
NOT092-002276,2025-01-04,S2,virtual,100,14.4,12.1,4.7,1
NOT092-002277,2025-01-04,S3,virtual,100,8.3,12.0,1.3,8
NOT092-002278,2025-01-04,S1,presencial,100,10.8,14.3,8.0,2
NOT092-002279,2025-01-05,S2,presencial,68.9,9.0,15.0,4.2,2
NOT092-002280,2025-01-05,S3,virtual,55.5,12.9,11.6,9.9,1
NOT092-002281,2025-01-05,S1,presencial,82.9,11.7,14.2,11.6,1
NOT092-002282,2025-01-05,S2,presencial,91.6,12.6,15.0,11.9,0
NOT092-002283,2025-01-05,S3,virtual,88.6,12.5,12.8,7.1,3
NOT092-002284,2025-01-05,S1,presencial,86.4,11.8,16.0,10.7,3
NOT092-002285,2025-01-06,S2,presencial,100,11.7,13.6,11.5,3
NOT092-002286,2025-01-06,S3,presencial,81.1,16.6,16.2,5.6,2
NOT092-002287,2025-01-06,S1,presencial,57.0,8.8,5.7,1.8,2
NOT092-002288,2025-01-06,S2,presencial,75.1,11.1,12.4,4.5,1
NOT092-002289,2025-01-06,S3,virtual,95.3,9.9,12.2,3.5,6
NOT092-002290,2025-01-06,S1,presencial,76.6,14.2,12.9,7.4,3
NOT092-002291,2025-01-06,S2,presencial,81.6,13.4,13.6,2.9,0
NOT092-002292,2025-01-07,S3,presencial,75.4,8.5,12.7,6.4,10
NOT092-002293,2025-01-07,S1,presencial,76.5,7.8,9.3,4.2,7
NOT092-002294,2025-01-07,S2,virtual,77.7,6.5,9.3,4.3,10
NOT092-002295,2025-01-07,S3,virtual,74.4,6.4,7.0,6.6,5
NOT092-002296,2025-01-07,S1,virtual,100,9.8,12.8,3.0,6
NOT092-002297,2025-01-07,S2,virtual,100,9.4,9.8,3.3,3
NOT092-002298,2025-01-08,S3,presencial,77.3,15.0,18.4,10.4,2
NOT092-002299,2025-01-08,S1,presencial,82.5,12.9,16.3,10.3,1
NOT092-002300,2025-01-08,S2,presencial,100,8.0,11.9,5.1,8
NOT092-002301,2025-01-08,S3,presencial,100,10.8,12.2,9.3,1
NOT092-002302,2025-01-08,S1,virtual,85.1,10.4,13.5,5.5,3
NOT092-002303,2025-01-08,S2,presencial,70.7,7.7,9.4,9.2,7
NOT092-002304,2025-01-09,S3,presencial,66.4,12.6,13.1,10.1,0
NOT092-002305,2025-01-09,S1,presencial,100,17.0,13.9,1.0,1
NOT092-002306,2025-01-09,S2,presencial,92.6,15.1,13.5,11.0,3
NOT092-002307,2025-01-09,S3,presencial,58.4,9.8,10.3,9.7,3
NOT092-002308,2025-01-09,S1,presencial,51.6,2.5,6.3,4.5,2
NOT092-002309,2025-01-09,S2,virtual,93.7,12.6,11.6,5.2,3
NOT092-002310,2025-01-10,S3,virtual,81.2,16.2,10.7,9.3,0
NOT092-002311,2025-01-10,S1,virtual,74.1,11.7,10.7,3.9,2
NOT092-002312,2025-01-10,S2,presencial,84.5,11.8,13.0,7.1,0
NOT092-002313,2025-01-10,S3,presencial,85.6,9.7,6.3,3.4,4
NOT092-002314,2025-01-10,S1,presencial,56.5,11.8,12.2,9.8,1
NOT092-002315,2025-01-10,S2,virtual,86.7,10.9,13.0,9.9,0
NOT092-002316,2025-01-11,S3,presencial,86.7,12.6,12.1,9.9,3
NOT092-002317,2025-01-11,S1,presencial,63.8,17.2,13.1,7.0,1
NOT092-002318,2025-01-11,S2,presencial,84.5,14.8,15.4,5.3,0
NOT092-002319,2025-01-11,S3,virtual,77.1,15.2,13.5,2.3,3
NOT092-002320,2025-01-11,S1,virtual,94.1,11.4,16.3,8.8,3
NOT092-002321,2025-01-11,S2,presencial,70.0,17.4,11.8,5.1,0
NOT092-002322,2025-01-12,S3,presencial,63.1,14.1,"14,2",7.7,1
NOT092-002323,2025-01-12,S1,virtual,81.1,10.5,11.1,10.1,1
NOT092-002324,2025-01-12,S2,presencial,78.6,15.1,13.3,8.2,0
NOT092-002325,2025-01-12,S3,presencial,88.8,7.6,,0.4,8
NOT092-002326,2025-01-12,S1,virtual,97.6,10.8,10.7,2.7,2
NOT092-002327,2025-01-12,S2,presencial,83.9,14.2,13.7,6.5,3
NOT092-002328,2025-01-13,S3,presencial,86.0,16.3,17.2,11.2,0
NOT092-002329,2025-01-13,S1, PRESENCIAL ,92.0,11.7,11.1,11.5,1
NOT092-002330,2025-01-13,S2,presencial,73.2,10.8,9.6,0.7,0
NOT092-002331,2025-01-13,S3,presencial,74.1,12.0,15.0,11.5,3
NOT092-002332,2025-01-13,S1,virtual,100,6.7,1.9,1.2,6
NOT092-002333,2025-01-13,S2,presencial,100,16.9,13.2,0.2,0
NOT092-002334,2025-01-13,S3,presencial,100,11.2,10.0,1.8,0
NOT092-002335,2025-01-14,S1,virtual,58.5,7.1,9.6,8.3,6
NOT092-002336,2025-01-14,S2,presencial,81.0,11.5,11.1,2.4,2
NOT092-002337,2025-01-14,S3,virtual,61.5,14.4,11.8,4.6,1
NOT092-002338,2025-01-14,S1,virtual,90.2,11.5,13.4,10.9,0
NOT092-002339,2025-01-14,S2,presencial,98.1,10.6,14.6,9.9,3
NOT092-002340,2025-01-14,S3,virtual,43.7,8.1,7.1,9.6,10
NOT092-002341,2025-01-15,S1,presencial,55.8,14.9,13.4,5.4,3
NOT092-002342,2025-01-15,S2,virtual,88.4,12.3,13.2,11.2,1
NOT092-002343,2025-01-15,S3,presencial,60.3,10.3,7.8,2.6,2
NOT092-002344,2025-01-15,S1,virtual,80.8,3.2,7.5,4.9,6
NOT092-002345,2025-01-15,S2,presencial,98.4,8.6,13.7,5.2,6
NOT092-002346,2025-01-15,S3,virtual,78.1,13.6,12.7,6.3,0
NOT092-002347,2025-01-16,S1,virtual,82.7,15.9,15.4,11.4,1
NOT092-002348,2025-01-16,S2,presencial,51.2,12.4,11.3,6.2,2
NOT092-002349,2025-01-16,S3,virtual,94.2,11.3,10.9,1.5,2
NOT092-002350,2025-01-16,S1,presencial,100,12.9,11.0,12.0,1
NOT092-002351,2025-01-16,S2,presencial,61.0,13.7,7.3,7.2,3
NOT092-002352,2025-01-16,S3,virtual,70.6,14.1,10.1,7.6,1
NOT092-002353,2025-01-17,S1,virtual,54.4,10.2,10.8,6.8,1
NOT092-002354,2025-01-17,S2,virtual,70.2,13.5,13.4,9.4,3
NOT092-002355,2025-01-17,S3,virtual,50.0,12.2,7.8,6.2,3
NOT092-002356,2025-01-17,S1,virtual,91.5,7.2,12.8,7.8,10
NOT092-002357,2025-01-17,S2,presencial,70.5,12.5,13.7,1.7,1
NOT092-002358,2025-01-17,S3,virtual,69.5,4.3,6.4,5.3,9
NOT092-002359,2025-01-18,S1,presencial,58.5,14.1,14.5,5.2,0
NOT092-002360,2025-01-18,S2,presencial,65.5,11.0,12.6,0.3,2
NOT092-002361,2025-01-18,S3,presencial,70.1,13.5,14.6,3.0,3
NOT092-002362,2025-01-18,S1,presencial,89.1,14.2,12.0,0.1,1
NOT092-002363,2025-01-18,S2,presencial,72.0,6.2,7.1,6.1,9
NOT092-002364,2025-01-18,S3,virtual,80.1,11.1,11.1,11.9,2
NOT092-002365,2025-01-19,S1,presencial,75.9,7.6,8.2,2.3,10
NOT092-002366,2025-01-19,S2,presencial,62.1,3.4,10.8,9.2,10
NOT092-002367,2025-01-19,S3,virtual,82.9,11.4,13.0,5.1,2
NOT092-002368,2025-01-19,S1,virtual,66.5,15.3,15.3,11.5,1
NOT092-002369,2025-01-19,S2,presencial,98.9,11.1,11.3,6.1,1
NOT092-002370,2025-01-19,S3,virtual,100,11.2,10.1,2.7,2
NOT092-002371,2025-01-19,S1,presencial,61.8,13.1,13.9,0.7,3
NOT092-002372,2025-01-20,S2,presencial,91.9,11.6,16.1,10.5,3
NOT092-002373,2025-01-20,S3,presencial,49.6,7.0,4.7,7.2,2
NOT092-002374,2025-01-20,S1,presencial,88.4,10.6,10.3,11.7,3
NOT092-002375,2025-01-20,S2,virtual,74.3,12.6,13.4,7.5,3
NOT092-002376,2025-01-20,S3,virtual,81.3,15.9,13.2,7.3,1
NOT092-002377,2025-01-20,S1,presencial,83.1,8.7,10.0,6.0,7
NOT092-002378,2025-01-21,S2,presencial,86.6,19.0,18.6,11.8,3
NOT092-002379,2025-01-21,S3,presencial,74.2,11.4,7.6,6.1,0
NOT092-002380,2025-01-21,S1,virtual,70.5,7.7,15.2,9.6,10
NOT092-002381,2025-01-21,S2,presencial,82.3,13.1,17.0,12.0,1
NOT092-002382,2025-01-21,S3,virtual,87.2,10.9,12.4,2.4,1
NOT092-002383,2025-01-21,S1,virtual,76.1,7.1,9.7,11.2,2
NOT092-002384,2025-01-22,S2,virtual,71.0,12.8,11.8,5.9,0
NOT092-002385,2025-01-22,S3,presencial,57.1,11.3,14.0,7.1,2
NOT092-002386,2025-01-22,S1,virtual,59.6,9.0,8.5,8.2,8
NOT092-002387,2025-01-22,S2,virtual,80.8,9.9,8.5,5.5,9
NOT092-002388,2025-01-22,S3,presencial,67.2,13.9,11.9,5.1,3
NOT092-002389,2025-01-22,S1,virtual,100,14.5,14.2,3.3,3
NOT092-002390,2025-01-23,S2,virtual,63.6,12.9,13.4,7.2,3
NOT092-002391,2025-01-23,S3,presencial,100,11.3,12.5,5.0,2
NOT092-002392,2025-01-23,S1,presencial,49.7,12.9,7.8,2.8,0
NOT092-002393,2025-01-23,S2,presencial,74.7,10.0,10.5,7.6,1
NOT092-002394,2025-01-23,S3,presencial,70.5,10.5,10.0,1.5,3
NOT092-002395,2025-01-23,S1,virtual,75.4,13.5,14.7,0.8,2
NOT092-002396,2025-01-24,S2,presencial,65.9,17.9,14.7,1.9,3
NOT092-002397,2025-01-24,S3,presencial,77.1,9.9,15.3,8.9,7
NOT092-002398,2025-01-24,S1,virtual,84.7,11.9,14.2,1.6,3
NOT092-002399,2025-01-24,S2,presencial,60.8,14.7,13.2,12.0,0
NOT092-002400,2025-01-24,S3,presencial,88.2,8.8,10.4,11.9,3
NOT092-002401,2025-01-24,S1,presencial,82.5,9.3,10.5,2.7,2
NOT092-002402,2025-01-25,S2,virtual,85.2,7.0,8.2,1.3,6
NOT092-002403,2025-01-25,S3,virtual,78.1,12.6,11.1,0.2,3
NOT092-002404,2025-01-25,S1,presencial,57.0,14.5,12.9,2.8,1
NOT092-002405,2025-01-25,S2,presencial,72.6,15.5,15.3,6.0,2
NOT092-002406,2025-01-25,S3,presencial,73.4,14.1,12.2,0.7,2
NOT092-002407,2025-01-25,S1,presencial,89.6,14.2,15.6,10.4,2
NOT092-002408,2025-01-26,S2,virtual,100,13.1,,7.0,0
NOT092-002409,2025-01-26,S3,presencial,87.2,9.4,16.0,7.7,9
NOT092-002410,2025-01-26,S1,virtual,63.7,9.4,10.0,11.0,6
NOT092-002411,2025-01-26,S2,virtual,95.2,12.2,11.9,7.4,0
NOT092-002412,2025-01-26,S3,presencial,43.2,3.9,4.3,7.4,10
NOT092-002413,2025-01-26,S1,presencial,67.7,5.4,7.5,1.6,5
NOT092-002414,2025-01-26,S2,presencial,100,14.4,10.5,0.1,0
NOT092-002415,2025-01-27,S3,virtual,100,8.2,11.8,6.8,5
NOT092-002416,2025-01-27,S1,virtual,100,16.8,15.1,9.7,2
NOT092-002417,2025-01-27,S2,virtual,82.5,8.9,9.5,10.6,8
NOT092-002418,2025-01-27,S3,virtual,82.7,14.8,13.5,7.8,3
NOT092-002419,2025-01-27,S1,virtual,79.0,14.5,13.4,4.0,1
NOT092-002420,2025-01-27,S2,presencial,80.2,6.3,6.8,2.8,7
NOT092-002421,2025-01-28,S3,presencial,94.7,13.8,14.4,10.7,0
NOT092-002422,2025-01-28,S1,presencial,91.4,11.0,11.7,0.2,1
NOT092-002423,2025-01-28,S2,virtual,80.6,10.4,10.3,11.8,3
NOT092-002424,2025-01-28,S3,virtual,100,12.3,14.0,10.1,3
NOT092-002425,2025-01-28,S1,virtual,100,13.3,14.5,5.8,1
NOT092-002426,2025-01-28,S2, VIRTUAL ,65.5,14.6,18.3,8.4,3
NOT092-002427,2025-01-29,S3,presencial,98.7,9.8,13.5,6.7,5
NOT092-002428,2025-01-29,S1,virtual,59.2,10.1,10.5,11.2,2
NOT092-002429,2025-01-29,S2,virtual,76.0,13.1,17.5,5.3,1
NOT092-002430,2025-01-29,S3,virtual,77.6,12.0,9.5,0.6,2
NOT092-002431,2025-01-29,S1,virtual,100,14.9,14.2,3.4,1
NOT092-002432,2025-01-29,S2,virtual,75.9,11.0,14.1,4.3,2
NOT092-002433,2025-01-30,S3,presencial,88.7,11.9,11.3,9.3,0
NOT092-002434,2025-01-30,S1,virtual,68.9,10.6,9.8,6.8,0
NOT092-002435,2025-01-30,S2,presencial,59.5,6.7,3.5,8.3,3
NOT092-002436,2025-01-30,S3,virtual,100,9.4,16.1,11.3,10
NOT092-002437,2025-01-30,S1,virtual,100,9.4,10.9,3.4,7
NOT092-002438,2025-01-30,S2,presencial,93.0,11.6,12.4,5.7,2
NOT092-002439,2025-01-31,S3,virtual,79.1,13.7,15.6,11.7,0
NOT092-002440,2025-01-31,S1,presencial,70.2,4.7,8.7,9.9,6
NOT092-002441,2025-01-31,S2,presencial,56.6,15.1,15.4,6.1,2
NOT092-002442,2025-01-31,S3,virtual,58.0,6.1,8.7,10.5,10
NOT092-002443,2025-01-31,S1,virtual,100,10.5,8.4,8.4,3
NOT092-002444,2025-01-31,S2,presencial,76.5,17.8,18.1,4.4,3
NOT092-002445,2025-02-01,S3,presencial,100,10.0,14.2,10.3,1
NOT092-002446,2025-02-01,S1,presencial,73.9,4.5,9.5,10.3,9
NOT092-002447,2025-02-01,S2,presencial,83.9,5.2,7.3,11.5,3
NOT092-002448,2025-02-01,S3,virtual,95.7,7.0,10.0,5.4,4
NOT092-002449,2025-02-01,S1,virtual,84.8,16.4,15.1,2.5,3
NOT092-002450,2025-02-01,S2,presencial,54.6,10.8,12.2,9.5,2
NOT092-002451,2025-02-01,S3,presencial,66.3,10.2,8.8,1.4,3
NOT092-002452,2025-02-02,S1,presencial,84.8,5.0,10.4,5.1,3
NOT092-002453,2025-02-02,S2,virtual,82.5,9.4,7.4,1.9,7
NOT092-002454,2025-02-02,S3,virtual,81.1,11.9,12.9,6.4,0
NOT092-002455,2025-02-02,S1,presencial,78.4,11.9,11.2,2.2,3
NOT092-002456,2025-02-02,S2,virtual,100,11.3,15.8,11.0,2
NOT092-002457,2025-02-02,S3,presencial,30.5,13.1,9.3,9.5,2
NOT092-002458,2025-02-03,S1,presencial,46.1,3.9,9.2,9.1,6
NOT092-002459,2025-02-03,S2,presencial,55.9,5.5,7.8,7.9,8
NOT092-002460,2025-02-03,S3,virtual,92.7,6.3,10.9,8.8,5
NOT092-002461,2025-02-03,S1,virtual,92.7,11.4,13.2,10.8,3
NOT092-002462,2025-02-03,S2,presencial,69.3,10.9,11.2,0.7,1
NOT092-002463,2025-02-03,S3,virtual,74.1,13.2,10.7,8.9,0
NOT092-002464,2025-02-04,S1,virtual,67.6,11.4,14.7,10.1,1
NOT092-002465,2025-02-04,S2,virtual,68.4,14.8,16.2,9.3,0
NOT092-002466,2025-02-04,S3,virtual,69.8,9.9,13.8,6.7,5
NOT092-002467,2025-02-04,S1,virtual,42.3,14.3,14.0,9.1,1
NOT092-002468,2025-02-04,S2,presencial,67.0,15.2,11.0,8.6,3
NOT092-002469,2025-02-04,S3,presencial,81.9,15.5,13.5,9.6,1
NOT092-002470,2025-02-05,S1,presencial,98.1,6.3,11.4,8.5,4
NOT092-002471,2025-02-05,S2,presencial,29.0,12.9,10.5,0.8,1
NOT092-002472,2025-02-05,S3,virtual,52.5,9.3,14.3,6.8,4
NOT092-002473,2025-02-05,S1,virtual,72.0,16.9,13.3,8.9,1
NOT092-002474,2025-02-05,S2,presencial,78.4,18.0,16.3,0.2,0
NOT092-002475,2025-02-05,S3,virtual,91.6,10.6,10.8,1.0,0
NOT092-002476,2025-02-06,S1,presencial,77.0,9.0,8.9,9.3,8
NOT092-002477,2025-02-06,S2,presencial,75.3,11.5,10.1,8.0,3
NOT092-002478,2025-02-06,S3,presencial,73.2,11.1,7.7,6.4,3
NOT092-002479,2025-02-06,S1,virtual,100,10.9,7.9,3.3,0
NOT092-002480,2025-02-06,S2,virtual,37.6,7.6,6.1,0.8,4
NOT092-002481,2025-02-06,S3,presencial,75.4,16.3,10.8,2.0,1
NOT092-002482,2025-02-07,S1,virtual,76.8,8.6,8.1,6.2,3
NOT092-002483,2025-02-07,S2,presencial,75.2,14.0,16.4,9.9,2
NOT092-002484,2025-02-07,S3,presencial,61.6,11.6,12.5,9.7,1
NOT092-002485,2025-02-07,S1,virtual,97.1,5.6,5.0,8.7,4
NOT092-002486,2025-02-07,S2,virtual,53.9,13.5,13.6,5.7,3
NOT092-002487,2025-02-07,S3,virtual,100,10.1,10.5,7.1,3
NOT092-002488,2025-02-07,S1,virtual,90.3,6.4,7.5,4.2,3
NOT092-002489,2025-02-08,S2,presencial,63.9,12.3,11.7,9.0,1
NOT092-002490,2025-02-08,S3,presencial,84.3,12.2,10.8,7.2,2
NOT092-002491,2025-02-08,S1,presencial,74.5,13.2,,6.7,0
NOT092-002492,2025-02-08,S2,virtual,87.2,13.9,14.7,7.3,2
NOT092-002493,2025-02-08,S3,presencial,75.5,6.7,9.8,2.0,9
NOT092-002494,2025-02-08,S1,virtual,100,11.2,15.3,4.9,0
NOT092-002495,2025-02-09,S2,virtual,82.5,10.2,9.8,5.4,3
NOT092-002496,2025-02-09,S3,presencial,87.9,7.0,10.2,9.2,8
NOT092-002497,2025-02-09,S1,virtual,61.0,10.3,11.3,1.8,0
NOT092-002498,2025-02-09,S2,presencial,85.8,6.0,10.7,3.4,10
NOT092-002499,2025-02-09,S3,virtual,69.3,6.0,10.2,11.4,9
NOT092-002500,2025-02-09,S1,virtual,86.7,7.8,10.0,9.4,3
NOT092-002501,2025-02-10,S2,presencial,83.7,10.3,12.3,6.0,1
NOT092-002502,2025-02-10,S3,presencial,70.5,7.7,11.4,11.4,10
NOT092-002503,2025-02-10,S1,presencial,100,14.5,15.9,7.0,3
NOT092-002504,2025-02-10,S2,virtual,53.7,15.7,16.1,6.8,1
NOT092-002505,2025-02-10,S3,presencial,86.6,5.0,7.6,3.6,3
NOT092-002506,2025-02-10,S1,virtual,59.5,11.9,9.0,1.3,2
NOT092-002507,2025-02-11,S2,virtual,45.9,12.9,9.1,6.4,2
NOT092-002508,2025-02-11,S3,virtual,100,11.9,10.6,0.8,3
NOT092-002509,2025-02-11,S1,virtual,81.8,11.3,10.9,2.9,0
NOT092-002510,2025-02-11,S2,virtual,72.7,14.2,13.3,10.2,2
NOT092-002511,2025-02-11,S3,presencial,84.2,13.1,9.3,1.8,2
NOT092-002512,2025-02-11,S1,virtual,86.7,9.7,9.2,6.5,3
NOT092-002513,2025-02-12,S2,virtual,57.7,5.0,9.7,10.2,3
NOT092-002514,2025-02-12,S3,presencial,73.3,9.8,13.2,4.0,2
NOT092-002515,2025-02-12,S1,presencial,100,14.6,15.4,1.1,0
NOT092-002516,2025-02-12,S2,virtual,81.6,12.8,11.5,3.1,3
NOT092-002517,2025-02-12,S3,virtual,67.3,12.9,12.0,9.2,0
NOT092-002518,2025-02-12,S1,virtual,58.6,11.4,10.8,11.2,1
NOT092-002519,2025-02-13,S2,presencial,83.5,11.0,12.8,9.8,3
NOT092-002520,2025-02-13,S3,presencial,96.8,12.4,13.9,11.3,2
NOT092-002521,2025-02-13,S1,virtual,80.0,6.8,10.0,10.1,3
NOT092-002522,2025-02-13,S2,virtual,75.6,12.5,11.1,1.8,1
NOT092-002523,2025-02-13,S3, PRESENCIAL ,87.6,13.6,14.1,6.8,2
NOT092-002524,2025-02-13,S1,presencial,61.2,10.8,8.4,2.1,3
NOT092-002525,2025-02-14,S2,presencial,32.3,8.4,8.9,11.1,2
NOT092-002526,2025-02-14,S3,presencial,100,7.8,8.3,3.3,4
NOT092-002527,2025-02-14,S1,virtual,50.0,10.3,8.1,4.6,2
NOT092-002528,2025-02-14,S2,virtual,76.3,15.9,18.4,11.3,2
NOT092-002529,2025-02-14,S3,presencial,100,12.8,14.4,9.1,3
NOT092-002530,2025-02-14,S1,virtual,63.8,9.4,10.3,0.8,7
NOT092-002531,2025-02-14,S2,presencial,84.6,12.4,14.9,8.4,1
NOT092-002532,2025-02-15,S3,virtual,59.9,9.8,8.1,6.3,8
NOT092-002533,2025-02-15,S1,presencial,53.5,6.8,"8,2",3.3,6
NOT092-002534,2025-02-15,S2,presencial,65.9,4.9,8.7,8.6,5
NOT092-002535,2025-02-15,S3,virtual,73.6,14.7,12.8,0.2,3
NOT092-002536,2025-02-15,S1,virtual,74.2,9.6,14.7,10.3,2
NOT092-002537,2025-02-15,S2,virtual,93.5,6.5,8.7,7.7,9
NOT092-002538,2025-02-16,S3,virtual,65.5,11.2,11.9,11.6,0
NOT092-002539,2025-02-16,S1,presencial,86.9,8.4,12.2,8.9,8
NOT092-002540,2025-02-16,S2,virtual,87.5,8.6,9.9,6.5,2
NOT092-002541,2025-02-16,S3,virtual,51.6,11.4,9.2,11.3,2
NOT092-002542,2025-02-16,S1,virtual,100,8.8,11.9,4.0,4
NOT092-002543,2025-02-16,S2,presencial,96.2,8.5,14.3,9.8,6
NOT092-002544,2025-02-17,S3,virtual,79.8,17.1,16.3,3.5,2
NOT092-002545,2025-02-17,S1,presencial,77.4,6.9,9.0,8.0,7
NOT092-002546,2025-02-17,S2,virtual,76.8,14.6,15.3,7.7,1
NOT092-002547,2025-02-17,S3,presencial,80.2,7.6,7.2,0.6,9
NOT092-002548,2025-02-17,S1,presencial,78.7,6.9,10.6,1.0,6
NOT092-002549,2025-02-17,S2,presencial,58.6,15.3,12.4,9.7,2
NOT092-002550,2025-02-18,S3,presencial,100,8.3,11.6,9.9,10
NOT092-002551,2025-02-18,S1,virtual,54.4,10.1,10.6,8.2,1
NOT092-002552,2025-02-18,S2,virtual,63.9,11.5,12.1,10.1,1
NOT092-002553,2025-02-18,S3,presencial,68.8,8.8,7.6,3.8,4
NOT092-002554,2025-02-18,S1,virtual,69.6,11.2,8.1,1.8,0
NOT092-002555,2025-02-18,S2,virtual,74.4,8.5,10.0,3.8,8
NOT092-002556,2025-02-19,S3,virtual,76.5,18.7,15.0,2.3,3
NOT092-002557,2025-02-19,S1,virtual,62.9,7.8,11.6,4.6,4
NOT092-002558,2025-02-19,S2,presencial,72.5,9.2,9.9,8.3,8
NOT092-002559,2025-02-19,S3,virtual,87.5,11.9,11.8,10.7,3
NOT092-002560,2025-02-19,S1,virtual,49.2,11.5,10.0,10.7,3
NOT092-002561,2025-02-19,S2,presencial,53.3,8.4,10.3,5.4,3
NOT092-002562,2025-02-20,S3,virtual,79.0,7.6,8.0,5.2,9
NOT092-002563,2025-02-20,S1,virtual,87.1,7.0,8.6,1.2,6
NOT092-002564,2025-02-20,S2,virtual,88.6,9.9,12.3,8.1,5
NOT092-002565,2025-02-20,S3,presencial,90.3,11.8,10.5,4.1,3
NOT092-002566,2025-02-20,S1,presencial,66.4,11.2,10.6,11.4,1
NOT092-002567,2025-02-20,S2,presencial,47.7,14.3,12.7,6.5,1
NOT092-002568,2025-02-20,S3,virtual,63.6,5.8,6.6,9.7,3
NOT092-002569,2025-02-21,S1,virtual,77.5,10.9,9.0,10.7,0
NOT092-002570,2025-02-21,S2,presencial,36.9,10.2,11.1,6.6,3
NOT092-002571,2025-02-21,S3,virtual,49.0,14.3,14.4,1.9,3
NOT092-002572,2025-02-21,S1,presencial,73.5,9.2,10.0,3.4,5
NOT092-002573,2025-02-21,S2,presencial,69.9,10.6,9.6,10.9,2
NOT092-002574,2025-02-21,S3,presencial,64.3,14.9,,0.5,3
NOT092-002575,2025-02-22,S1,virtual,93.3,13.1,11.6,3.6,0
NOT092-002576,2025-02-22,S2,presencial,56.8,11.5,9.4,1.8,0
NOT092-002577,2025-02-22,S3,virtual,67.9,7.7,12.3,1.3,3
NOT092-002578,2025-02-22,S1,virtual,73.6,9.3,11.3,0.4,6
NOT092-002579,2025-02-22,S2,presencial,92.9,7.4,11.6,8.8,5
NOT092-002580,2025-02-22,S3,presencial,76.6,7.4,7.3,7.1,3
NOT092-002581,2025-02-23,S1,presencial,76.1,9.4,9.8,3.5,3
NOT092-002582,2025-02-23,S2,virtual,77.3,10.7,8.1,3.0,3
NOT092-002583,2025-02-23,S3,presencial,81.6,13.1,9.8,6.3,1
NOT092-002584,2025-02-23,S1,virtual,41.7,10.7,11.4,5.5,1
NOT092-002585,2025-02-23,S2,virtual,87.6,12.0,12.2,2.9,3
NOT092-002586,2025-02-23,S3,presencial,76.6,8.1,12.7,1.2,8
NOT092-002587,2025-02-24,S1,virtual,89.0,11.0,-999,6.5,0
NOT092-002588,2025-02-24,S2,presencial,87.6,8.0,10.5,7.5,7
NOT092-002589,2025-02-24,S3,presencial,100,8.9,12.9,7.1,9
NOT092-002590,2025-02-24,S1,presencial,91.8,5.7,9.9,4.9,5
NOT092-002591,2025-02-24,S2,virtual,63.9,7.0,4.3,4.8,2
NOT092-002592,2025-02-24,S3,virtual,28.3,11.1,10.2,2.6,3
NOT092-002593,2025-02-25,S1,presencial,55.5,11.3,8.8,6.5,2
NOT092-002594,2025-02-25,S2,presencial,89.8,5.9,7.0,8.2,3
NOT092-002595,2025-02-25,S3,virtual,75.1,13.4,14.5,7.3,0
NOT092-002596,2025-02-25,S1,presencial,53.9,9.7,8.8,5.0,10
NOT092-002597,2025-02-25,S2,presencial,31.9,5.9,5.3,9.7,7
NOT092-002598,2025-02-25,S3,presencial,52.4,10.3,11.0,7.5,1
NOT092-002599,2025-02-26,S1,presencial,56.2,11.2,11.4,1.1,0
NOT092-002600,2025-02-26,S2,virtual,68.8,12.4,14.8,4.6,3
NOT092-002601,2025-02-26,S3,virtual,72.7,15.5,12.9,6.5,0
NOT092-002602,2025-02-26,S1,virtual,79.8,12.9,12.3,11.0,1
NOT092-002603,2025-02-26,S2,presencial,84.2,9.4,12.9,11.8,8
NOT092-002604,2025-02-26,S3,presencial,80.7,10.3,13.0,4.0,3
NOT092-002605,2025-02-27,S1,presencial,96.2,6.7,12.8,7.7,10
NOT092-002606,2025-02-27,S2,virtual,73.5,6.5,10.4,2.8,6
NOT092-002607,2025-02-27,S3,virtual,92.7,9.3,11.3,3.3,5
NOT092-002608,2025-02-27,S1,presencial,59.1,9.4,8.8,1.1,10
NOT092-002609,2025-02-27,S2,virtual,85.6,12.2,13.7,2.1,2
NOT092-002610,2025-02-27,S3,virtual,42.5,7.4,9.2,10.0,10
NOT092-002611,2025-02-27,S1,presencial,83.7,7.7,8.2,3.6,7
NOT092-002612,2025-02-28,S2,presencial,73.3,5.6,6.0,2.7,8
NOT092-002613,2025-02-28,S3,virtual,80.3,10.8,11.1,11.6,0
NOT092-002614,2025-02-28,S1,presencial,93.9,7.5,10.3,11.9,6
NOT092-002615,2025-02-28,S2,virtual,63.8,15.1,14.9,5.4,0
NOT092-002616,2025-02-28,S3,virtual,92.6,10.6,12.5,1.6,1
NOT092-002617,2025-02-28,S1,presencial,85.2,7.3,7.6,1.1,4
NOT092-002618,2025-03-01,S2,presencial,66.8,14.2,12.6,2.8,0
NOT092-002619,2025-03-01,S3,presencial,96.0,11.2,13.7,8.1,2
NOT092-002620,2025-03-01,S1, PRESENCIAL ,90.2,11.1,11.1,1.3,0
NOT092-002621,2025-03-01,S2,virtual,100,12.8,9.3,3.2,0
NOT092-002622,2025-03-01,S3,virtual,69.5,8.9,6.8,0.1,2
NOT092-002623,2025-03-01,S1,presencial,100,6.6,10.9,6.9,6
NOT092-002624,2025-03-02,S2,virtual,80.7,15.4,15.3,8.6,0
NOT092-002625,2025-03-02,S3,virtual,78.3,10.2,16.3,11.4,2
NOT092-002626,2025-03-02,S1,virtual,81.7,8.9,10.1,4.3,6
NOT092-002627,2025-03-02,S2,presencial,100,14.2,11.8,0.1,1
NOT092-002628,2025-03-02,S3,virtual,63.0,11.7,11.5,4.6,0
NOT092-002629,2025-03-02,S1,virtual,55.0,12.5,13.5,6.3,2
NOT092-002630,2025-03-03,S2,presencial,87.8,6.9,8.3,2.7,3
NOT092-002631,2025-03-03,S3,virtual,96.9,10.6,10.5,5.0,2
NOT092-002632,2025-03-03,S1,virtual,77.2,12.3,11.1,0.9,2
NOT092-002633,2025-03-03,S2,presencial,91.3,13.9,11.2,7.6,0
NOT092-002634,2025-03-03,S3,presencial,64.4,12.7,11.5,9.9,1
NOT092-002635,2025-03-03,S1,virtual,90.8,14.2,14.5,4.9,0
NOT092-002636,2025-03-04,S2,presencial,100,14.2,15.2,5.9,0
NOT092-002637,2025-03-04,S3,virtual,73.1,13.3,13.1,6.3,0
NOT092-002638,2025-03-04,S1,virtual,46.2,10.2,8.8,9.4,0
NOT092-002639,2025-03-04,S2,virtual,63.7,9.6,11.3,11.0,8
NOT092-002640,2025-03-04,S3,presencial,52.7,7.2,7.1,10.4,2
NOT092-002641,2025-03-04,S1,presencial,48.3,10.5,10.8,7.5,3
NOT092-002642,2025-03-05,S2,presencial,67.0,14.8,13.1,10.1,3
NOT092-002643,2025-03-05,S3,presencial,50.6,7.6,7.2,2.9,8
NOT092-002644,2025-03-05,S1,virtual,83.3,8.5,8.5,8.6,9
NOT092-002645,2025-03-05,S2,presencial,59.7,9.9,13.6,6.0,2
NOT092-002646,2025-03-05,S3,virtual,75.4,12.4,14.4,7.8,0
NOT092-002647,2025-03-05,S1,virtual,71.4,10.0,8.3,5.0,1
NOT092-002648,2025-03-05,S2,virtual,92.5,15.1,14.7,2.8,3
NOT092-002649,2025-03-06,S3,virtual,90.8,11.5,9.0,3.9,3
NOT092-002650,2025-03-06,S1,virtual,61.5,11.6,12.0,11.5,2
NOT092-002651,2025-03-06,S2,virtual,62.6,11.2,10.1,1.2,3
NOT092-002652,2025-03-06,S3,virtual,66.4,10.4,7.0,4.6,1
NOT092-002653,2025-03-06,S1,presencial,84.9,12.7,10.4,2.1,2
NOT092-002654,2025-03-06,S2,virtual,25.0,13.4,13.1,8.1,1
NOT092-002655,2025-03-07,S3,virtual,86.5,14.4,12.1,10.8,2
NOT092-002656,2025-03-07,S1,presencial,85.8,13.7,14.7,1.2,3
NOT092-002657,2025-03-07,S2,virtual,81.7,7.5,,12.0,7
NOT092-002658,2025-03-07,S3,virtual,69.6,8.5,9.5,5.5,3
NOT092-002659,2025-03-07,S1,presencial,81.9,10.6,11.6,11.6,1
NOT092-002660,2025-03-07,S2,virtual,82.9,11.7,12.7,7.4,1
NOT092-002661,2025-03-08,S3,virtual,82.9,9.3,12.6,4.6,10
NOT092-002662,2025-03-08,S1,virtual,100,9.8,9.7,4.9,8
NOT092-002663,2025-03-08,S2,virtual,74.4,13.7,10.2,3.4,1
NOT092-002664,2025-03-08,S3,presencial,66.5,17.3,15.2,11.1,1
NOT092-002665,2025-03-08,S1,virtual,80.5,12.0,9.2,9.0,1
NOT092-002666,2025-03-08,S2,presencial,77.5,8.9,9.7,5.3,3
NOT092-002667,2025-03-09,S3,virtual,45.7,12.8,11.0,3.8,1
NOT092-002668,2025-03-09,S1,virtual,74.2,12.1,13.0,10.3,3
NOT092-002669,2025-03-09,S2,presencial,76.5,7.9,10.6,5.8,10
NOT092-002670,2025-03-09,S3,presencial,83.9,11.7,10.3,11.3,0
NOT092-002671,2025-03-09,S1,virtual,68.4,9.6,7.3,11.4,6
NOT092-002672,2025-03-09,S2,virtual,100,5.5,9.6,5.6,2
NOT092-002673,2025-03-10,S3,presencial,98.7,3.1,8.8,2.2,8
NOT092-002674,2025-03-10,S1,virtual,83.6,13.1,12.6,7.5,1
NOT092-002675,2025-03-10,S2,presencial,62.0,11.3,8.7,4.0,2
NOT092-002676,2025-03-10,S3,presencial,81.4,11.0,12.2,3.4,2
NOT092-002677,2025-03-10,S1,presencial,90.6,12.0,14.3,11.5,2
NOT092-002678,2025-03-10,S2,virtual,89.3,14.7,12.3,1.1,0
NOT092-002679,2025-03-11,S3,presencial,82.0,11.2,9.5,3.1,2
NOT092-002680,2025-03-11,S1,presencial,85.3,12.3,14.4,4.5,3
NOT092-002681,2025-03-11,S2,virtual,93.9,7.7,6.2,8.0,9
NOT092-002682,2025-03-11,S3,virtual,73.6,11.4,11.7,2.8,2
NOT092-002683,2025-03-11,S1,virtual,82.9,12.1,12.8,6.3,1
NOT092-002684,2025-03-11,S2,presencial,77.7,16.1,13.4,6.8,1
NOT092-002685,2025-03-12,S3,virtual,79.6,5.8,6.1,2.1,9
NOT092-002686,2025-03-12,S1,virtual,70.4,11.3,9.5,0.2,2
NOT092-002687,2025-03-12,S2,virtual,77.4,8.7,6.6,1.0,10
NOT092-002688,2025-03-12,S3,presencial,61.8,15.3,11.4,7.9,2
NOT092-002689,2025-03-12,S1,virtual,93.4,13.9,9.6,1.7,1
NOT092-002690,2025-03-12,S2,virtual,89.0,15.2,13.5,2.7,2
NOT092-002691,2025-03-12,S3,presencial,60.0,15.3,15.6,9.1,3
NOT092-002692,2025-03-13,S1,presencial,68.7,12.8,11.3,8.8,0
NOT092-002693,2025-03-13,S2,virtual,65.9,11.6,12.6,9.8,2
NOT092-002694,2025-03-13,S3,virtual,99.0,9.9,10.2,0.5,8
NOT092-002695,2025-03-13,S1,virtual,78.2,14.5,14.4,1.4,3
NOT092-002696,2025-03-13,S2,presencial,52.0,17.6,16.5,11.4,3
NOT092-002697,2025-03-13,S3,virtual,55.5,8.3,9.8,0.9,6
NOT092-002698,2025-03-14,S1,presencial,80.8,12.5,12.0,3.2,2
NOT092-002699,2025-03-14,S2,virtual,79.9,11.1,14.0,8.0,0
NOT092-002700,2025-03-14,S3,presencial,79.3,8.0,7.3,2.4,5
NOT092-002701,2025-03-14,S1,presencial,64.6,5.5,7.5,6.7,6
NOT092-002702,2025-03-14,S2,presencial,85.9,15.9,18.0,8.1,2
NOT092-002703,2025-03-14,S3,presencial,64.6,16.9,15.2,0.5,3
NOT092-002704,2025-03-15,S1,presencial,87.5,9.3,12.0,10.7,7
NOT092-002705,2025-03-15,S2,presencial,96.1,9.0,12.0,10.7,6
NOT092-002706,2025-03-15,S3,virtual,34.9,12.0,8.8,0.2,3
NOT092-002707,2025-03-15,S1,virtual,78.1,16.4,12.7,2.4,0
NOT092-002708,2025-03-15,S2,presencial,75.7,9.5,9.7,1.5,8
NOT092-002709,2025-03-15,S3,presencial,95.9,4.3,8.5,8.0,8
NOT092-002710,2025-03-16,S1,virtual,50.3,10.5,9.8,9.1,3
NOT092-002711,2025-03-16,S2,virtual,83.0,11.2,14.6,11.5,1
NOT092-002712,2025-03-16,S3,presencial,50.2,9.3,8.1,4.4,6
NOT092-002713,2025-03-16,S1,presencial,68.8,11.9,9.4,2.5,2
NOT092-002714,2025-03-16,S2,virtual,64.1,9.2,10.0,3.0,2
NOT092-002715,2025-03-16,S3,presencial,63.9,12.2,14.4,3.3,2
NOT092-002716,2025-03-17,S1,presencial,87.1,12.5,12.6,0.3,3
NOT092-002717,2025-03-17,S2, PRESENCIAL ,91.3,14.3,10.6,8.2,2
NOT092-002718,2025-03-17,S3,presencial,82.2,16.4,16.3,5.4,2
NOT092-002719,2025-03-17,S1,presencial,67.8,7.3,10.3,4.9,4
NOT092-002720,2025-03-17,S2,presencial,95.0,10.8,11.1,3.8,3
NOT092-002721,2025-03-17,S3,virtual,47.7,15.0,8.5,4.0,3
NOT092-002722,2025-03-18,S1,virtual,100,13.7,16.0,10.7,2
NOT092-002723,2025-03-18,S2,presencial,50.8,11.8,11.1,1.9,3
NOT092-002724,2025-03-18,S3,presencial,81.5,10.5,15.0,10.4,1
NOT092-002725,2025-03-18,S1,presencial,80.0,8.6,9.9,8.6,3
NOT092-002726,2025-03-18,S2,presencial,98.3,11.0,16.4,11.1,0
NOT092-002727,2025-03-18,S3,presencial,60.3,17.1,15.6,10.0,0
NOT092-002728,2025-03-18,S1,virtual,100,10.9,12.1,3.6,2
NOT092-002729,2025-03-19,S2,presencial,90.3,9.2,13.3,5.5,10
NOT092-002730,2025-03-19,S3,virtual,83.7,7.1,10.4,8.3,10
NOT092-002731,2025-03-19,S1,presencial,100,14.9,17.5,11.5,1
NOT092-002732,2025-03-19,S2,virtual,68.3,13.6,12.5,7.8,1
NOT092-002733,2025-03-19,S3,virtual,73.1,13.3,12.6,2.2,1
NOT092-002734,2025-03-19,S1,presencial,57.5,9.7,10.1,5.0,10
NOT092-002735,2025-03-20,S2,presencial,66.6,11.5,12.8,10.4,3
NOT092-002736,2025-03-20,S3,presencial,96.8,7.1,6.3,11.9,10
NOT092-002737,2025-03-20,S1,virtual,64.7,14.6,16.1,5.0,2
NOT092-002738,2025-03-20,S2,presencial,91.7,8.7,6.4,1.6,7
NOT092-002739,2025-03-20,S3,presencial,99.0,10.8,13.0,4.4,2
NOT092-002740,2025-03-20,S1,virtual,64.3,11.7,,8.7,2
NOT092-002741,2025-03-21,S2,virtual,79.3,17.8,14.5,0.7,1
NOT092-002742,2025-03-21,S3,presencial,100,12.3,11.2,9.1,1
NOT092-002743,2025-03-21,S1,virtual,100,10.3,11.0,1.5,0
NOT092-002744,2025-03-21,S2,virtual,77.2,12.4,"10,2",3.2,2
NOT092-002745,2025-03-21,S3,virtual,66.9,8.9,11.7,10.8,3
NOT092-002746,2025-03-21,S1,virtual,67.1,10.4,12.1,7.7,2
NOT092-002747,2025-03-22,S2,presencial,96.7,7.1,13.3,11.6,10
NOT092-002748,2025-03-22,S3,virtual,87.0,11.4,9.4,5.3,1
NOT092-002749,2025-03-22,S1,virtual,100,10.8,12.3,11.9,3
NOT092-002750,2025-03-22,S2,virtual,73.2,9.5,9.5,8.3,4
NOT092-002751,2025-03-22,S3,presencial,86.0,5.8,8.7,4.8,6
NOT092-002752,2025-03-22,S1,virtual,100,9.9,12.4,5.8,8
NOT092-002753,2025-03-23,S2,virtual,58.0,17.2,14.0,1.7,2
NOT092-002754,2025-03-23,S3,virtual,68.7,8.8,11.3,3.6,6
NOT092-002755,2025-03-23,S1,presencial,89.0,11.4,13.8,7.1,3
NOT092-002756,2025-03-23,S2,presencial,89.5,7.0,10.5,5.1,8
NOT092-002757,2025-03-23,S3,presencial,68.4,15.4,13.4,4.2,0
NOT092-002758,2025-03-23,S1,presencial,100,5.9,4.4,2.1,5
NOT092-002759,2025-03-24,S2,presencial,78.9,9.1,9.8,3.7,10
NOT092-002760,2025-03-24,S3,virtual,81.8,9.8,8.6,4.5,5
NOT092-002761,2025-03-24,S1,virtual,94.0,4.2,9.3,5.8,8
NOT092-002762,2025-03-24,S2,virtual,100,14.0,12.9,10.1,0
NOT092-002763,2025-03-24,S3,virtual,43.5,12.9,13.8,10.6,1
NOT092-002764,2025-03-24,S1,virtual,94.0,9.5,8.4,6.2,10
NOT092-002765,2025-03-24,S2,presencial,65.9,10.1,8.9,5.6,1
NOT092-002766,2025-03-25,S3,virtual,70.6,13.3,14.7,7.6,3
NOT092-002767,2025-03-25,S1,presencial,51.8,14.5,8.3,0.3,2
NOT092-002768,2025-03-25,S2,virtual,89.7,8.5,6.2,1.5,4
NOT092-002769,2025-03-25,S3,presencial,83.5,11.1,9.4,9.9,1
NOT092-002770,2025-03-25,S1,virtual,43.0,11.5,14.7,11.7,1
NOT092-002771,2025-03-25,S2,presencial,59.5,9.0,11.7,4.2,6
NOT092-002772,2025-03-26,S3,presencial,73.0,7.9,7.9,5.3,2
NOT092-002773,2025-03-26,S1,presencial,100,9.9,9.4,6.5,9
NOT092-002774,2025-03-26,S2,virtual,81.3,8.4,10.5,11.7,6
NOT092-002775,2025-03-26,S3,presencial,87.6,13.3,16.0,8.9,2
NOT092-002776,2025-03-26,S1,presencial,71.0,12.7,10.5,10.6,0
NOT092-002777,2025-03-26,S2,presencial,48.7,16.0,13.5,5.4,0
NOT092-002778,2025-03-27,S3,presencial,59.6,13.0,13.3,6.5,3
NOT092-002779,2025-03-27,S1,presencial,43.5,8.3,7.3,9.3,10
NOT092-002780,2025-03-27,S2,presencial,67.8,15.8,14.6,10.9,0
NOT092-002781,2025-03-27,S3,virtual,89.9,11.6,15.5,8.8,3
NOT092-002782,2025-03-27,S1,presencial,76.1,14.2,14.5,10.4,2
NOT092-002783,2025-03-27,S2,presencial,77.9,13.4,15.8,2.2,1
NOT092-002784,2025-03-28,S3,presencial,69.0,13.1,13.2,10.8,2
NOT092-002785,2025-03-28,S1,presencial,72.2,10.1,9.6,3.8,2
NOT092-002786,2025-03-28,S2,presencial,100,14.3,13.3,9.2,1
NOT092-002787,2025-03-28,S3,presencial,84.2,11.3,13.0,10.1,1
NOT092-002788,2025-03-28,S1,virtual,67.5,8.7,11.4,2.8,5
NOT092-002789,2025-03-28,S2,virtual,93.8,14.2,15.5,1.2,0
NOT092-002790,2025-03-29,S3,presencial,95.4,14.1,13.4,6.6,0
NOT092-002791,2025-03-29,S1,presencial,91.0,15.1,17.0,6.9,2
NOT092-002792,2025-03-29,S2,presencial,73.8,4.9,8.5,3.3,9
NOT092-002793,2025-03-29,S3,presencial,61.5,16.6,14.9,8.3,0
NOT092-002794,2025-03-29,S1,presencial,92.0,9.7,13.5,11.2,5
NOT092-002795,2025-03-29,S2,presencial,95.9,7.0,9.6,6.9,4
NOT092-002796,2025-03-30,S3,virtual,100,7.4,9.3,3.2,8
NOT092-002797,2025-03-30,S1,presencial,87.6,11.4,15.2,8.7,2
NOT092-002798,2025-03-30,S2,virtual,80.1,11.8,10.4,5.6,0
NOT092-002799,2025-03-30,S3,virtual,72.8,15.8,14.0,2.4,1
NOT092-002800,2025-03-30,S1,virtual,75.7,10.6,8.6,7.0,1
NOT092-002801,2025-03-30,S2,virtual,83.6,13.0,10.9,8.3,0
NOT092-002802,2025-03-31,S3,presencial,90.7,12.5,10.9,8.9,0
NOT092-002803,2025-03-31,S1,presencial,57.7,9.5,9.8,3.6,9
NOT092-002804,2025-03-31,S2,virtual,74.8,6.9,8.5,8.5,5
NOT092-002805,2025-03-31,S3,presencial,93.7,11.4,11.4,8.3,3
NOT092-002806,2025-03-31,S1,presencial,55.3,16.4,14.9,3.0,1
NOT092-002807,2025-03-31,S2,presencial,66.3,9.0,12.9,11.3,7
NOT092-002808,2025-03-31,S3,presencial,100,7.2,12.6,3.8,10
NOT092-002809,2025-04-01,S1,virtual,70.7,14.5,15.0,5.9,1
NOT092-002810,2025-04-01,S2,virtual,100,7.7,9.8,0.4,6
NOT092-002811,2025-04-01,S3,presencial,83.8,10.0,15.8,11.7,3
NOT092-002812,2025-04-01,S1,virtual,92.9,8.4,11.4,10.6,2
NOT092-002813,2025-04-01,S2,presencial,70.6,11.6,15.0,8.9,0
NOT092-002814,2025-04-01,S3, VIRTUAL ,80.8,10.1,9.3,9.5,3
NOT092-002815,2025-04-02,S1,presencial,63.0,10.0,11.0,12.0,3
NOT092-002816,2025-04-02,S2,virtual,78.0,20,17.4,6.9,3
NOT092-002817,2025-04-02,S3,presencial,51.0,12.2,9.2,9.0,1
NOT092-002818,2025-04-02,S1,presencial,91.7,4.6,8.2,1.4,4
NOT092-002819,2025-04-02,S2,virtual,73.9,8.4,8.3,10.6,2
NOT092-002820,2025-04-02,S3,virtual,76.5,12.3,14.7,2.2,2
NOT092-002821,2025-04-03,S1,virtual,86.9,8.4,8.2,4.1,3
NOT092-002822,2025-04-03,S2,virtual,83.0,15.6,13.8,5.5,2
NOT092-002823,2025-04-03,S3,presencial,56.2,9.9,,6.5,8
NOT092-002824,2025-04-03,S1,virtual,77.7,6.9,13.3,11.2,3
NOT092-002825,2025-04-03,S2,presencial,84.3,11.2,16.8,9.2,1
NOT092-002826,2025-04-03,S3,virtual,45.5,9.4,5.9,7.6,4
NOT092-002827,2025-04-04,S1,presencial,63.2,8.9,7.6,1.4,10
NOT092-002828,2025-04-04,S2,presencial,76.8,11.9,13.0,5.1,1
NOT092-002829,2025-04-04,S3,virtual,94.7,5.5,7.3,1.2,6
NOT092-002830,2025-04-04,S1,virtual,67.4,5.7,5.1,1.4,9
NOT092-002831,2025-04-04,S2,virtual,100,9.9,11.1,1.0,10
NOT092-002832,2025-04-04,S3,virtual,95.5,5.7,7.4,10.8,8
NOT092-002833,2025-04-05,S1,presencial,65.8,8.2,7.8,9.3,4
NOT092-002834,2025-04-05,S2,presencial,94.6,11.1,14.6,5.5,2
NOT092-002835,2025-04-05,S3,presencial,29.3,6.5,8.4,10.6,9
NOT092-002836,2025-04-05,S1,presencial,85.7,15.7,14.2,3.2,2
NOT092-002837,2025-04-05,S2,virtual,54.9,7.2,8.8,4.6,2
NOT092-002838,2025-04-05,S3,virtual,77.2,7.9,6.7,2.7,4
NOT092-002839,2025-04-06,S1,virtual,94.4,10.3,11.4,1.7,2
NOT092-002840,2025-04-06,S2,presencial,71.2,5.9,10.5,8.0,7
NOT092-002841,2025-04-06,S3,presencial,58.8,7.7,11.4,11.1,8
NOT092-002842,2025-04-06,S1,presencial,74.8,9.6,11.6,7.7,7
NOT092-002843,2025-04-06,S2,virtual,100,11.9,15.0,3.4,0
NOT092-002844,2025-04-06,S3,virtual,61.1,13.4,13.7,7.2,2
NOT092-002845,2025-04-06,S1,virtual,92.2,7.1,9.4,9.5,6
NOT092-002846,2025-04-07,S2,presencial,71.6,10.5,13.3,7.8,0
NOT092-002847,2025-04-07,S3,presencial,93.9,12.7,12.8,5.9,1
NOT092-002848,2025-04-07,S1,presencial,85.9,11.3,13.9,5.8,0
NOT092-002849,2025-04-07,S2,presencial,81.2,3.5,6.6,4.7,6
NOT092-002850,2025-04-07,S3,presencial,91.1,17.4,15.6,4.8,2
NOT092-002851,2025-04-07,S1,presencial,65.1,13.3,14.6,8.4,0
NOT092-002852,2025-04-08,S2,virtual,76.0,12.8,7.9,6.5,1
NOT092-002853,2025-04-08,S3,virtual,87.7,11.6,11.9,0.4,1
NOT092-002854,2025-04-08,S1,virtual,57.8,15.7,16.9,9.5,2
NOT092-002855,2025-04-08,S2,presencial,88.9,16.2,13.1,5.1,2
NOT092-002856,2025-04-08,S3,virtual,81.7,10.7,11.9,9.8,0
NOT092-002857,2025-04-08,S1,presencial,75.8,14.7,16.6,5.4,1
NOT092-002858,2025-04-09,S2,virtual,74.9,8.3,9.2,5.9,3
NOT092-002859,2025-04-09,S3,presencial,50.5,10.9,7.4,0.0,1
NOT092-002860,2025-04-09,S1,presencial,90.1,14.3,14.1,0.9,2
NOT092-002861,2025-04-09,S2,virtual,80.6,12.1,13.0,7.9,3
NOT092-002862,2025-04-09,S3,presencial,50.3,7.9,10.2,3.5,6
NOT092-002863,2025-04-09,S1,virtual,76.5,6.1,10.9,6.1,9
NOT092-002864,2025-04-10,S2,virtual,78.1,9.9,10.3,12.0,9
NOT092-002865,2025-04-10,S3,virtual,75.3,12.2,12.7,7.5,0
NOT092-002866,2025-04-10,S1,virtual,81.2,10.0,12.1,11.1,2
NOT092-002867,2025-04-10,S2,presencial,67.3,8.1,9.4,10.2,4
NOT092-002868,2025-04-10,S3,virtual,92.0,14.1,15.0,7.1,2
NOT092-002869,2025-04-10,S1,presencial,100,10.8,8.6,4.1,1
NOT092-002870,2025-04-11,S2,virtual,81.3,12.9,17.3,11.0,1
NOT092-002871,2025-04-11,S3,virtual,80.2,7.1,10.1,6.9,5
NOT092-002872,2025-04-11,S1,virtual,77.8,8.1,8.3,4.5,5
NOT092-002873,2025-04-11,S2,virtual,84.4,17.7,16.4,6.5,0
NOT092-002874,2025-04-11,S3,presencial,100,13.0,17.2,10.1,0
NOT092-002875,2025-04-11,S1,virtual,100,9.2,14.3,2.6,5
NOT092-002876,2025-04-12,S2,virtual,77.2,7.8,9.8,4.3,10
NOT092-002877,2025-04-12,S3,presencial,57.5,9.3,8.7,2.0,2
NOT092-002878,2025-04-12,S1,virtual,85.4,10.2,13.2,9.7,3
NOT092-002879,2025-04-12,S2,virtual,57.9,7.4,14.6,10.4,3
NOT092-002880,2025-04-12,S3,presencial,98.5,9.9,14.4,3.7,4
NOT092-002881,2025-04-12,S1,virtual,54.7,13.5,10.2,8.6,3
NOT092-002882,2025-04-13,S2,presencial,100,14.4,13.8,5.7,0
NOT092-002883,2025-04-13,S3,virtual,85.4,15.0,13.2,11.0,0
NOT092-002884,2025-04-13,S1,virtual,92.4,10.6,8.3,0.9,0
NOT092-002885,2025-04-13,S2,virtual,94.3,5.3,8.8,1.8,6
NOT092-002886,2025-04-13,S3,presencial,77.7,6.8,10.0,0.5,10
NOT092-002887,2025-04-13,S1,virtual,63.6,6.8,11.5,11.2,9
NOT092-002888,2025-04-13,S2,presencial,100,7.5,8.5,1.0,8
NOT092-002889,2025-04-14,S3,virtual,91.3,11.1,10.2,5.2,2
NOT092-002890,2025-04-14,S1,presencial,100,8.0,7.4,7.0,10
NOT092-002891,2025-04-14,S2,virtual,89.8,9.3,10.6,1.0,5
NOT092-002892,2025-04-14,S3,virtual,96.4,6.7,4.7,5.1,7
NOT092-002893,2025-04-14,S1,presencial,44.3,10.2,10.9,2.4,0
NOT092-002894,2025-04-14,S2,virtual,97.1,9.7,12.6,5.4,6
NOT092-002895,2025-04-15,S3,presencial,92.2,12.0,10.9,1.6,0
NOT092-002896,2025-04-15,S1,virtual,61.0,9.0,11.6,9.2,10
NOT092-002897,2025-04-15,S2,presencial,89.5,15.7,15.8,4.5,1
NOT092-002898,2025-04-15,S3,presencial,67.2,13.5,11.1,0.6,0
NOT092-002899,2025-04-15,S1,presencial,86.4,14.2,13.6,1.3,2
NOT092-002900,2025-04-15,S2,virtual,94.6,5.8,9.6,7.1,5
NOT092-002901,2025-04-16,S3,presencial,87.6,11.9,13.1,6.1,2
NOT092-002902,2025-04-16,S1,presencial,85.6,15.9,12.4,4.5,3
NOT092-002903,2025-04-16,S2,virtual,60.7,17.3,13.6,5.3,2
NOT092-002904,2025-04-16,S3,virtual,66.1,15.4,12.2,4.6,1
NOT092-002905,2025-04-16,S1,presencial,85.3,8.1,12.0,6.1,3
NOT092-002906,2025-04-16,S2,virtual,83.8,11.7,,0.2,0
NOT092-002907,2025-04-17,S3,presencial,67.2,13.8,11.8,0.8,2
NOT092-002908,2025-04-17,S1,presencial,61.8,6.3,9.4,6.8,9
NOT092-002909,2025-04-17,S2,presencial,100,8.5,10.7,0.5,4
NOT092-002910,2025-04-17,S3,presencial,52.3,8.3,12.3,10.2,6
NOT092-002911,2025-04-17,S1, PRESENCIAL ,95.0,13.1,12.2,3.9,2
NOT092-002912,2025-04-17,S2,virtual,76.0,6.2,7.0,1.2,4
NOT092-002913,2025-04-18,S3,virtual,76.0,8.8,10.2,4.3,4
NOT092-002914,2025-04-18,S1,virtual,65.6,9.0,12.2,8.8,7
NOT092-002915,2025-04-18,S2,presencial,71.1,12.3,9.5,3.6,3
NOT092-002916,2025-04-18,S3,presencial,96.4,13.0,13.5,2.0,0
NOT092-002917,2025-04-18,S1,presencial,38.5,12.1,12.6,4.4,1
NOT092-002918,2025-04-18,S2,presencial,70.5,12.7,11.7,10.0,2
NOT092-002919,2025-04-19,S3,presencial,90.8,8.9,7.2,1.1,4
NOT092-002920,2025-04-19,S1,virtual,91.4,11.5,13.6,7.8,3
NOT092-002921,2025-04-19,S2,presencial,79.8,9.9,11.4,3.5,10
NOT092-002922,2025-04-19,S3,virtual,91.4,12.6,11.9,6.3,2
NOT092-002923,2025-04-19,S1,virtual,76.3,9.5,10.3,10.5,7
NOT092-002924,2025-04-19,S2,presencial,99.7,11.4,10.3,6.4,3
NOT092-002925,2025-04-19,S3,presencial,51.6,12.0,8.4,11.9,0
NOT092-002926,2025-04-20,S1,virtual,71.6,7.6,10.7,8.6,5
NOT092-002927,2025-04-20,S2,presencial,89.7,6.8,13.5,8.0,8
NOT092-002928,2025-04-20,S3,presencial,40.9,9.6,11.6,11.3,5
NOT092-002929,2025-04-20,S1,presencial,62.2,10.4,8.2,2.4,1
NOT092-002930,2025-04-20,S2,virtual,68.6,11.1,11.0,4.8,3
NOT092-002931,2025-04-20,S3,presencial,94.1,13.9,13.6,4.2,3
NOT092-002932,2025-04-21,S1,virtual,81.7,8.5,12.4,9.0,10
NOT092-002933,2025-04-21,S2,presencial,70.7,7.0,7.4,8.8,4
NOT092-002934,2025-04-21,S3,virtual,90.4,9.8,9.5,6.5,7
NOT092-002935,2025-04-21,S1,virtual,73.0,11.3,12.8,8.8,0
NOT092-002936,2025-04-21,S2,presencial,75.1,14.8,10.0,11.1,1
NOT092-002937,2025-04-21,S3,virtual,49.2,10.4,11.8,1.4,2
NOT092-002938,2025-04-22,S1,presencial,80.2,7.3,13.6,10.2,5
NOT092-002939,2025-04-22,S2,virtual,79.0,10.3,11.9,9.2,2
NOT092-002940,2025-04-22,S3,presencial,100,14.1,13.9,10.4,1
NOT092-002941,2025-04-22,S1,virtual,73.8,9.7,9.9,1.4,10
NOT092-002942,2025-04-22,S2,presencial,79.5,12.7,14.4,1.9,3
NOT092-002943,2025-04-22,S3,presencial,97.2,7.5,9.7,3.8,8
NOT092-002944,2025-04-23,S1,virtual,70.7,4.7,7.5,0.9,2
NOT092-002945,2025-04-23,S2,virtual,70.9,11.5,10.9,7.5,3
NOT092-002946,2025-04-23,S3,virtual,68.5,12.7,9.3,1.9,3
NOT092-002947,2025-04-23,S1,presencial,72.2,9.2,9.3,11.9,6
NOT092-002948,2025-04-23,S2,presencial,80.0,10.7,13.8,2.0,3
NOT092-002949,2025-04-23,S3,virtual,93.4,13.5,16.3,4.6,1
NOT092-002950,2025-04-24,S1,virtual,98.0,4.2,10.3,4.2,7
NOT092-002951,2025-04-24,S2,presencial,54.6,7.9,7.4,8.8,6
NOT092-002952,2025-04-24,S3,virtual,70.7,13.1,12.4,0.0,3
NOT092-002953,2025-04-24,S1,virtual,89.4,13.1,13.6,6.6,2
NOT092-002954,2025-04-24,S2,presencial,53.3,14.7,12.0,7.2,3
NOT092-002955,2025-04-24,S3,virtual,89.7,9.6,"9,1",10.9,9
NOT092-002956,2025-04-25,S1,presencial,95.1,8.1,10.2,7.0,9
NOT092-002957,2025-04-25,S2,presencial,86.9,10.8,14.6,11.6,1
NOT092-002958,2025-04-25,S3,presencial,79.9,7.3,9.0,10.1,6
NOT092-002959,2025-04-25,S1,presencial,45.8,9.1,11.7,10.6,10
NOT092-002960,2025-04-25,S2,virtual,45.9,10.9,11.6,11.3,2
NOT092-002961,2025-04-25,S3,virtual,76.4,15.0,14.7,3.3,3
NOT092-002962,2025-04-25,S1,presencial,76.0,11.6,6.8,4.6,2
NOT092-002963,2025-04-26,S2,presencial,91.2,12.8,14.5,10.6,2
NOT092-002964,2025-04-26,S3,virtual,62.9,8.5,11.2,9.3,3
NOT092-002965,2025-04-26,S1,presencial,76.8,9.2,8.0,0.4,6
NOT092-002966,2025-04-26,S2,virtual,64.2,6.7,8.3,2.1,4
NOT092-002967,2025-04-26,S3,virtual,72.9,8.9,5.3,3.7,2
NOT092-002968,2025-04-26,S1,virtual,96.6,16.6,12.0,3.7,2
NOT092-002969,2025-04-27,S2,virtual,79.6,7.7,11.6,4.3,6
NOT092-002970,2025-04-27,S3,virtual,100,8.1,11.1,11.6,3
NOT092-002971,2025-04-27,S1,virtual,93.3,10.5,12.6,6.7,3
NOT092-002972,2025-04-27,S2,virtual,100,10.2,10.0,7.0,1
NOT092-002973,2025-04-27,S3,virtual,98.7,16.0,16.2,9.9,2
NOT092-002974,2025-04-27,S1,virtual,63.2,7.4,6.9,9.3,8
NOT092-002975,2025-04-28,S2,presencial,95.0,9.3,10.6,1.7,4
NOT092-002976,2025-04-28,S3,virtual,79.1,4.9,11.2,2.2,10
NOT092-002977,2025-04-28,S1,virtual,60.7,13.3,11.5,4.6,2
NOT092-002978,2025-04-28,S2,presencial,70.9,13.4,13.6,11.9,0
NOT092-002979,2025-04-28,S3,virtual,74.7,11.2,13.5,9.2,2
NOT092-002980,2025-04-28,S1,presencial,78.7,11.8,8.7,7.8,1
NOT092-002981,2025-04-29,S2,virtual,90.0,16.8,16.7,6.2,1
NOT092-002982,2025-04-29,S3,presencial,96.9,19.9,18.1,11.8,0
NOT092-002983,2025-04-29,S1,presencial,55.6,7.7,8.0,1.8,10
NOT092-002984,2025-04-29,S2,virtual,52.3,14.2,12.9,7.6,2
NOT092-002985,2025-04-29,S3,virtual,71.5,11.5,13.2,5.9,1
NOT092-002986,2025-04-29,S1,presencial,66.7,14.4,9.5,6.2,1
NOT092-002987,2025-04-30,S2,presencial,64.4,10.9,12.6,11.5,0
NOT092-002988,2025-04-30,S3,virtual,67.7,12.8,14.6,11.5,2
NOT092-002989,2025-04-30,S1,virtual,83.7,14.8,,5.6,3
NOT092-002990,2025-04-30,S2,virtual,68.4,17.2,13.2,11.0,2
NOT092-002991,2025-04-30,S3,presencial,100,12.1,11.4,3.2,0
NOT092-002992,2025-04-30,S1,presencial,77.4,12.2,16.1,7.7,3
NOT092-002993,2025-05-01,S2,presencial,65.7,14.7,9.7,5.1,1
NOT092-002994,2025-05-01,S3,virtual,87.6,7.8,9.7,4.3,5
NOT092-002995,2025-05-01,S1,presencial,94.4,15.5,15.6,5.5,2
NOT092-002996,2025-05-01,S2,virtual,91.0,14.0,9.3,4.8,3
NOT092-002997,2025-05-01,S3,virtual,59.3,13.7,12.5,6.7,3
NOT092-002998,2025-05-01,S1,virtual,89.9,10.1,14.9,9.6,3
NOT092-002999,2025-05-02,S2,virtual,85.7,10.2,11.7,5.0,2
NOT092-003000,2025-05-02,S3,presencial,57.5,10.3,9.3,11.5,0
NOT092-003001,2025-05-02,S1,virtual,90.1,6.9,8.8,11.2,7
NOT092-003002,2025-05-02,S2,virtual,60.7,11.5,9.3,0.4,1
NOT092-003003,2025-05-02,S3,presencial,96.5,7.1,5.4,0.2,2
NOT092-003004,2025-05-02,S1,presencial,60.5,14.6,12.5,2.2,0
NOT092-003005,2025-05-02,S2,virtual,73.5,15.0,10.3,1.0,2
NOT092-003006,2025-05-03,S3,presencial,100,13.5,17.2,8.9,0
NOT092-003007,2025-05-03,S1,presencial,59.0,6.5,7.8,3.7,9
NOT092-003008,2025-05-03,S2, PRESENCIAL ,72.7,8.7,9.1,8.1,2
NOT092-003009,2025-05-03,S3,virtual,54.7,7.5,9.4,6.2,8
NOT092-003010,2025-05-03,S1,presencial,61.3,9.8,9.4,2.8,8
NOT092-003011,2025-05-03,S2,virtual,100,9.6,12.3,2.4,10
NOT092-003012,2025-05-04,S3,virtual,65.0,11.3,14.4,9.8,0
NOT092-003013,2025-05-04,S1,presencial,86.4,14.0,12.8,11.8,1
NOT092-003014,2025-05-04,S2,virtual,64.2,8.5,9.6,9.7,8
NOT092-003015,2025-05-04,S3,presencial,64.5,13.4,11.6,3.9,2
NOT092-003016,2025-05-04,S1,presencial,70.1,12.0,12.8,2.1,0
NOT092-003017,2025-05-04,S2,presencial,59.2,16.7,11.7,3.9,1
NOT092-003018,2025-05-05,S3,presencial,43.4,9.2,-999,3.2,9
NOT092-003019,2025-05-05,S1,presencial,95.0,12.9,12.0,1.0,0
NOT092-003020,2025-05-05,S2,virtual,73.9,11.5,14.2,8.4,1
NOT092-003021,2025-05-05,S3,presencial,100,12.2,10.5,6.8,2
NOT092-003022,2025-05-05,S1,presencial,68.9,11.5,13.3,9.2,3
NOT092-003023,2025-05-05,S2,presencial,58.3,10.4,14.7,11.8,2
NOT092-003024,2025-05-06,S3,virtual,89.1,17.5,18.9,10.8,3
NOT092-003025,2025-05-06,S1,presencial,82.8,11.3,11.0,9.0,0
NOT092-003026,2025-05-06,S2,virtual,57.3,5.9,7.9,1.1,9
NOT092-003027,2025-05-06,S3,virtual,56.3,12.5,14.0,0.1,1
NOT092-003028,2025-05-06,S1,virtual,100,11.5,14.0,4.4,0
NOT092-003029,2025-05-06,S2,presencial,95.7,4.8,7.1,6.6,2
NOT092-003030,2025-05-07,S3,virtual,82.6,15.8,13.1,0.1,1
NOT092-003031,2025-05-07,S1,presencial,65.9,10.0,7.4,5.6,1
NOT092-003032,2025-05-07,S2,virtual,72.6,13.7,12.5,7.3,3
NOT092-003033,2025-05-07,S3,presencial,70.2,12.8,12.4,2.4,3
NOT092-003034,2025-05-07,S1,presencial,62.4,8.7,5.6,7.0,9
NOT092-003035,2025-05-07,S2,presencial,84.3,16.2,14.2,0.2,2
NOT092-003036,2025-05-08,S3,virtual,98.5,14.3,12.7,3.6,0
NOT092-003037,2025-05-08,S1,virtual,97.9,9.7,14.9,0.2,10
NOT092-003038,2025-05-08,S2,virtual,74.7,16.4,13.1,2.9,1
NOT092-003039,2025-05-08,S3,presencial,100,7.4,9.9,4.0,8
NOT092-003040,2025-05-08,S1,virtual,78.0,10.9,10.3,2.7,3
NOT092-003041,2025-05-08,S2,presencial,69.1,13.0,9.4,5.1,0
NOT092-003042,2025-05-08,S3,virtual,69.1,6.9,11.4,12.0,4
NOT092-003043,2025-05-09,S1,presencial,87.0,7.2,8.0,0.7,6
NOT092-003044,2025-05-09,S2,presencial,83.1,9.2,10.3,8.9,3
NOT092-003045,2025-05-09,S3,virtual,100,11.9,14.1,8.5,1
NOT092-003046,2025-05-09,S1,presencial,75.5,12.4,15.9,11.0,1
NOT092-003047,2025-05-09,S2,virtual,47.3,12.7,11.0,2.1,2
NOT092-003048,2025-05-09,S3,virtual,82.1,10.2,11.4,6.5,0
NOT092-003049,2025-05-10,S1,virtual,89.4,13.9,14.2,11.5,0
NOT092-003050,2025-05-10,S2,virtual,84.7,13.6,15.0,10.5,2
NOT092-003051,2025-05-10,S3,virtual,49.3,5.6,8.1,10.6,3
NOT092-003052,2025-05-10,S1,virtual,84.5,13.4,11.4,6.0,3
NOT092-003053,2025-05-10,S2,presencial,96.6,10.3,10.9,8.5,1
NOT092-003054,2025-05-10,S3,virtual,90.1,10.8,8.1,7.9,0
NOT092-003055,2025-05-11,S1,presencial,73.6,5.6,2.1,1.7,2
NOT092-003056,2025-05-11,S2,virtual,100,13.6,11.2,6.5,3
NOT092-003057,2025-05-11,S3,presencial,47.0,8.5,10.1,3.0,3
NOT092-003058,2025-05-11,S1,presencial,64.7,5.2,7.6,9.1,9
NOT092-003059,2025-05-11,S2,presencial,85.1,9.1,8.9,1.1,3
NOT092-003060,2025-05-11,S3,presencial,92.2,10.6,9.0,7.2,0
NOT092-003061,2025-05-12,S1,virtual,79.9,14.5,12.6,3.9,0
NOT092-003062,2025-05-12,S2,presencial,35.2,13.6,13.4,10.0,2
NOT092-003063,2025-05-12,S3,presencial,75.2,12.1,6.4,1.1,3
NOT092-003064,2025-05-12,S1,virtual,95.8,10.5,14.5,10.3,3
NOT092-003065,2025-05-12,S2,virtual,73.7,8.2,8.0,6.4,2
NOT092-003066,2025-05-12,S3,virtual,72.2,9.3,11.2,11.4,3
NOT092-003067,2025-05-13,S1,presencial,91.6,8.5,11.1,8.3,9
NOT092-003068,2025-05-13,S2,virtual,81.2,12.2,12.3,7.0,3
NOT092-003069,2025-05-13,S3,presencial,93.1,3.1,7.2,1.6,7
NOT092-003070,2025-05-13,S1,presencial,64.3,11.9,12.4,11.3,2
NOT092-003071,2025-05-13,S2,presencial,75.8,7.1,6.3,3.7,4
NOT092-003072,2025-05-13,S3,virtual,76.7,12.0,,4.4,0
NOT092-003073,2025-05-14,S1,virtual,64.0,11.3,10.0,1.5,3
NOT092-003074,2025-05-14,S2,presencial,87.0,13.6,13.6,6.6,1
NOT092-003075,2025-05-14,S3,presencial,79.3,10.1,10.2,3.5,1
NOT092-003076,2025-05-14,S1,presencial,67.4,11.0,10.4,11.1,0
NOT092-003077,2025-05-14,S2,presencial,72.6,5.1,7.0,0.9,7
NOT092-003078,2025-05-14,S3,presencial,59.8,15.7,12.8,5.4,3
NOT092-003079,2025-05-15,S1,virtual,60.0,13.9,13.1,1.9,2
NOT092-003080,2025-05-15,S2,virtual,62.2,11.1,10.0,6.5,1
NOT092-003081,2025-05-15,S3,virtual,48.5,11.8,10.1,3.4,1
NOT092-003082,2025-05-15,S1,presencial,73.7,12.4,10.1,3.1,1
NOT092-003083,2025-05-15,S2,presencial,54.1,10.8,8.8,0.4,1
NOT092-003084,2025-05-15,S3,presencial,48.3,9.9,8.2,4.1,9
NOT092-003085,2025-05-15,S1,presencial,86.6,10.6,10.5,7.3,0
NOT092-003086,2025-05-16,S2,presencial,59.3,10.2,9.8,1.4,1
NOT092-003087,2025-05-16,S3,presencial,72.6,8.3,13.8,11.7,7
NOT092-003088,2025-05-16,S1,virtual,73.9,13.2,13.2,5.5,0
NOT092-003089,2025-05-16,S2,virtual,96.4,8.6,8.3,1.5,7
NOT092-003090,2025-05-16,S3,presencial,81.5,7.9,7.8,6.9,5
NOT092-003091,2025-05-16,S1,presencial,64.2,11.3,10.4,2.6,0
NOT092-003092,2025-05-17,S2,presencial,76.3,8.3,11.5,7.8,2
NOT092-003093,2025-05-17,S3,virtual,63.3,5.9,10.6,4.2,8
NOT092-003094,2025-05-17,S1,presencial,84.7,9.6,14.2,9.1,3
NOT092-003095,2025-05-17,S2,virtual,89.6,11.5,13.8,6.8,0
NOT092-003096,2025-05-17,S3,presencial,70.1,15.1,14.7,11.8,2
NOT092-003097,2025-05-17,S1,virtual,85.3,13.9,10.3,2.4,0
NOT092-003098,2025-05-18,S2,virtual,71.1,11.2,13.5,1.6,0
NOT092-003099,2025-05-18,S3,virtual,76.7,9.1,12.5,5.7,9
NOT092-003100,2025-05-18,S1,presencial,94.1,13.6,14.4,6.7,1
NOT092-003101,2025-05-18,S2,presencial,59.5,12.2,9.5,6.4,1
NOT092-003102,2025-05-18,S3,virtual,55.8,9.0,10.8,0.5,2
NOT092-003103,2025-05-18,S1,presencial,91.5,6.0,6.5,8.0,7
NOT092-003104,2025-05-19,S2,presencial,40.5,17.9,13.9,6.5,3
NOT092-003105,2025-05-19,S3, VIRTUAL ,63.6,15.2,13.0,8.7,0
NOT092-003106,2025-05-19,S1,presencial,59.8,7.3,10.8,5.7,8
NOT092-003107,2025-05-19,S2,virtual,93.4,14.7,15.8,4.1,1
NOT092-003108,2025-05-19,S3,virtual,94.7,10.6,9.7,10.3,1
NOT092-003109,2025-05-19,S1,virtual,78.9,13.2,11.6,2.3,0
NOT092-003110,2025-05-20,S2,virtual,65.2,8.7,12.3,7.9,7
NOT092-003111,2025-05-20,S3,virtual,100,9.0,9.1,4.3,4
NOT092-003112,2025-05-20,S1,presencial,91.9,10.7,11.1,1.1,3
NOT092-003113,2025-05-20,S2,virtual,88.5,5.2,7.7,6.1,8
NOT092-003114,2025-05-20,S3,virtual,81.7,12.0,12.7,8.1,1
NOT092-003115,2025-05-20,S1,presencial,82.5,12.1,10.4,2.9,2
NOT092-003116,2025-05-21,S2,virtual,64.3,10.4,10.5,9.7,0
NOT092-003117,2025-05-21,S3,presencial,76.2,11.3,8.4,1.1,0
NOT092-003118,2025-05-21,S1,presencial,65.6,13.0,11.8,10.3,1
NOT092-003119,2025-05-21,S2,presencial,73.2,11.3,10.5,0.2,2
NOT092-003120,2025-05-21,S3,presencial,78.8,16.0,15.9,6.8,0
NOT092-003121,2025-05-21,S1,presencial,67.7,14.3,12.0,6.8,0
NOT092-003122,2025-05-21,S2,virtual,90.1,8.2,9.7,3.4,3
NOT092-003123,2025-05-22,S3,presencial,84.3,12.6,9.0,2.3,3
NOT092-003124,2025-05-22,S1,presencial,59.6,12.2,12.6,3.3,1
NOT092-003125,2025-05-22,S2,virtual,75.8,11.3,7.7,4.4,1
NOT092-003126,2025-05-22,S3,presencial,75.3,15.2,16.7,4.2,2
NOT092-003127,2025-05-22,S1,presencial,96.1,7.8,13.1,7.4,5
NOT092-003128,2025-05-22,S2,virtual,54.1,10.4,7.1,3.0,1
NOT092-003129,2025-05-23,S3,presencial,68.1,10.8,9.9,0.7,2
NOT092-003130,2025-05-23,S1,virtual,72.3,12.8,10.9,9.0,1
NOT092-003131,2025-05-23,S2,virtual,72.5,12.4,12.1,5.0,0
NOT092-003132,2025-05-23,S3,virtual,72.7,8.2,8.6,0.7,5
NOT092-003133,2025-05-23,S1,presencial,100,11.3,12.1,4.1,3
NOT092-003134,2025-05-23,S2,virtual,100,14.2,12.3,4.2,1
NOT092-003135,2025-05-24,S3,presencial,85.4,13.6,16.0,3.6,0
NOT092-003136,2025-05-24,S1,virtual,71.4,10.8,11.5,5.0,1
NOT092-003137,2025-05-24,S2,presencial,75.6,13.7,14.3,3.9,2
NOT092-003138,2025-05-24,S3,virtual,62.5,13.5,10.9,6.2,3
NOT092-003139,2025-05-24,S1,presencial,77.9,9.5,11.0,9.4,9
NOT092-003140,2025-05-24,S2,presencial,81.1,13.6,15.1,11.8,1
NOT092-003141,2025-05-25,S3,presencial,87.4,15.5,15.4,4.4,2
NOT092-003142,2025-05-25,S1,virtual,69.8,14.8,14.1,8.9,2
NOT092-003143,2025-05-25,S2,virtual,64.8,9.4,9.4,10.9,6
NOT092-003144,2025-05-25,S3,virtual,58.1,13.5,11.7,6.0,2
NOT092-003145,2025-05-25,S1,presencial,95.8,14.4,14.8,0.1,1
NOT092-003146,2025-05-25,S2,virtual,79.8,13.4,10.2,2.3,2
NOT092-003147,2025-05-26,S3,presencial,61.9,12.8,15.0,11.6,1
NOT092-003148,2025-05-26,S1,virtual,69.5,14.1,10.4,2.5,0
NOT092-003149,2025-05-26,S2,virtual,89.3,15.9,14.3,4.3,1
NOT092-003150,2025-05-26,S3,virtual,69.3,10.0,13.5,10.7,1
NOT092-003151,2025-05-26,S1,presencial,91.1,9.6,11.4,3.7,7
NOT092-003152,2025-05-26,S2,virtual,65.6,12.4,10.4,3.2,0
NOT092-003153,2025-05-27,S3,presencial,58.3,7.5,7.4,11.0,9
NOT092-003154,2025-05-27,S1,virtual,59.1,14.4,11.5,8.5,1
NOT092-003155,2025-05-27,S2,presencial,66.1,8.7,,1.4,4
NOT092-003156,2025-05-27,S3,virtual,69.3,11.5,11.8,2.9,0
NOT092-003157,2025-05-27,S1,virtual,60.4,15.1,16.0,10.7,3
NOT092-003158,2025-05-27,S2,presencial,52.9,12.1,9.6,8.9,3
NOT092-003159,2025-05-27,S3,presencial,46.5,9.5,10.5,4.2,4
NOT092-003160,2025-05-28,S1,virtual,75.7,15.4,17.1,6.8,3
NOT092-003161,2025-05-28,S2,virtual,84.3,8.2,11.0,4.5,10
NOT092-003162,2025-05-28,S3,presencial,85.3,9.7,8.9,0.4,6
NOT092-003163,2025-05-28,S1,virtual,85.8,12.9,13.0,11.5,0
NOT092-003164,2025-05-28,S2,presencial,65.9,12.3,12.6,1.2,2
NOT092-003165,2025-05-28,S3,virtual,50.1,13.3,11.6,3.4,2
NOT092-003166,2025-05-29,S1,presencial,85.8,8.2,"13,1",8.3,6
NOT092-003167,2025-05-29,S2,virtual,52.7,15.3,17.7,7.4,3
NOT092-003168,2025-05-29,S3,presencial,60.1,10.3,12.2,11.9,3
NOT092-003169,2025-05-29,S1,presencial,71.7,8.2,6.9,7.6,2
NOT092-003170,2025-05-29,S2,virtual,90.2,12.7,11.1,1.8,2
NOT092-003171,2025-05-29,S3,virtual,81.0,11.2,8.5,0.3,0
NOT092-003172,2025-05-30,S1,presencial,78.4,12.6,13.8,11.1,3
NOT092-003173,2025-05-30,S2,presencial,100,11.0,8.2,11.4,0
NOT092-003174,2025-05-30,S3,virtual,74.9,10.4,8.4,3.4,0
NOT092-003175,2025-05-30,S1,presencial,93.5,9.0,12.4,0.2,6
NOT092-003176,2025-05-30,S2,virtual,94.1,13.0,13.7,9.3,0
NOT092-003177,2025-05-30,S3,virtual,85.3,6.9,8.9,9.1,9
NOT092-003178,2025-05-31,S1,virtual,78.6,14.0,14.3,2.0,0
NOT092-003179,2025-05-31,S2,presencial,79.5,8.7,13.1,9.4,9
NOT092-003180,2025-05-31,S3,presencial,61.4,3.3,5.1,3.8,9
NOT092-003181,2025-05-31,S1,virtual,95.8,15.5,15.0,7.8,3
NOT092-003182,2025-05-31,S2,virtual,80.9,10.8,10.8,9.3,1
NOT092-003183,2025-05-31,S3,virtual,96.0,13.0,8.8,2.7,2
NOT092-003184,2025-06-01,S1,presencial,90.1,7.5,13.3,11.7,4
NOT092-003185,2025-06-01,S2,virtual,55.9,9.1,8.0,8.5,3
NOT092-003186,2025-06-01,S3,virtual,59.0,12.9,10.2,4.1,3
NOT092-003187,2025-06-01,S1,presencial,91.0,7.5,9.4,4.5,5
NOT092-003188,2025-06-01,S2,virtual,66.7,9.6,13.9,6.7,10
NOT092-003189,2025-06-01,S3,virtual,84.3,9.2,8.4,2.8,3
NOT092-003190,2025-06-02,S1,virtual,78.2,8.9,14.9,5.5,5
NOT092-003191,2025-06-02,S2,presencial,88.2,11.7,13.6,8.4,1
NOT092-003192,2025-06-02,S3,virtual,95.2,8.6,10.7,4.7,7
NOT092-003193,2025-06-02,S1,presencial,37.4,9.7,11.6,5.6,10
NOT092-003194,2025-06-02,S2,presencial,62.9,9.4,10.0,4.7,6
NOT092-003195,2025-06-02,S3,presencial,92.7,7.4,8.1,4.8,8
NOT092-003196,2025-06-03,S1,presencial,73.8,11.0,13.2,11.1,1
NOT092-003197,2025-06-03,S2,presencial,82.3,16.7,17.6,7.7,0
NOT092-003198,2025-06-03,S3,presencial,73.2,8.7,10.2,8.7,10
NOT092-003199,2025-06-03,S1,virtual,54.2,12.9,11.9,4.1,2
NOT092-003200,2025-06-03,S2,virtual,87.7,12.7,13.3,10.5,0
NOT092-003201,2025-06-03,S3,presencial,46.9,6.7,8.7,4.0,6
NOT092-003202,2025-06-03,S1, VIRTUAL ,68.3,9.1,11.4,3.5,9
NOT092-003203,2025-06-04,S2,virtual,100,15.5,15.6,0.5,1
NOT092-003204,2025-06-04,S3,presencial,87.8,11.9,11.4,10.8,1
NOT092-003205,2025-06-04,S1,virtual,92.0,11.4,12.4,1.4,0
NOT092-003206,2025-06-04,S2,virtual,69.5,6.6,9.4,8.5,3
NOT092-003207,2025-06-04,S3,presencial,68.8,12.9,10.6,8.9,1
NOT092-003208,2025-06-04,S1,virtual,62.7,13.2,10.7,4.3,2
NOT092-003209,2025-06-05,S2,virtual,55.3,15.5,13.5,6.7,0
NOT092-003210,2025-06-05,S3,virtual,69.5,11.3,15.1,11.9,1
NOT092-003211,2025-06-05,S1,presencial,81.7,9.4,11.2,10.2,6
NOT092-003212,2025-06-05,S2,virtual,75.5,8.9,13.8,9.3,8
NOT092-003213,2025-06-05,S3,virtual,78.9,8.0,10.1,1.5,9
NOT092-003214,2025-06-05,S1,presencial,72.8,13.2,9.9,7.1,3
NOT092-003215,2025-06-06,S2,presencial,73.9,16.3,13.8,5.1,3
NOT092-003216,2025-06-06,S3,presencial,88.7,14.7,17.4,10.5,3
NOT092-003217,2025-06-06,S1,virtual,100,7.2,7.5,9.2,4
NOT092-003218,2025-06-06,S2,presencial,79.3,13.5,14.0,5.5,2
NOT092-003219,2025-06-06,S3,virtual,87.1,15.9,14.4,2.0,1
NOT092-003220,2025-06-06,S1,presencial,76.6,10.1,10.2,11.5,0
NOT092-003221,2025-06-07,S2,virtual,89.9,7.2,12.1,1.7,8
NOT092-003222,2025-06-07,S3,presencial,44.9,14.9,11.1,11.6,3
NOT092-003223,2025-06-07,S1,virtual,60.9,12.7,9.4,1.9,3
NOT092-003224,2025-06-07,S2,virtual,71.6,14.1,14.7,7.9,2
NOT092-003225,2025-06-07,S3,presencial,97.7,11.7,14.3,10.8,0
NOT092-003226,2025-06-07,S1,virtual,60.8,18.5,15.0,10.0,1
NOT092-003227,2025-06-08,S2,virtual,100,11.1,11.6,4.3,0
NOT092-003228,2025-06-08,S3,virtual,58.3,10.1,9.1,1.5,1
NOT092-003229,2025-06-08,S1,presencial,63.5,11.3,10.1,3.5,1
NOT092-003230,2025-06-08,S2,presencial,90.9,13.5,11.4,3.7,2
NOT092-003231,2025-06-08,S3,presencial,89.8,10.3,11.9,6.1,1
NOT092-003232,2025-06-08,S1,presencial,94.7,12.1,12.9,2.1,1
NOT092-003233,2025-06-09,S2,presencial,93.6,10.3,8.6,6.4,0
NOT092-003234,2025-06-09,S3,presencial,100,10.1,10.1,6.5,2
NOT092-003235,2025-06-09,S1,presencial,78.0,10.9,12.2,2.2,2
NOT092-003236,2025-06-09,S2,virtual,72.5,7.0,8.0,4.8,5
NOT092-003237,2025-06-09,S3,virtual,60.4,8.9,11.2,11.3,6
NOT092-003238,2025-06-09,S1,virtual,67.9,9.0,,0.7,2
NOT092-003239,2025-06-09,S2,virtual,90.8,12.2,11.1,0.2,0
NOT092-003240,2025-06-10,S3,presencial,54.3,11.8,10.9,0.2,1
NOT092-003241,2025-06-10,S1,presencial,57.6,9.3,13.6,2.8,4
NOT092-003242,2025-06-10,S2,virtual,100,10.0,10.9,11.2,3
NOT092-003243,2025-06-10,S3,presencial,96.9,10.8,10.6,7.9,2
NOT092-003244,2025-06-10,S1,presencial,44.4,9.1,9.7,8.8,5
NOT092-003245,2025-06-10,S2,virtual,100,11.6,11.0,6.4,1
NOT092-003246,2025-06-11,S3,virtual,62.8,12.5,11.3,11.8,2
NOT092-003247,2025-06-11,S1,presencial,69.9,9.2,4.5,6.1,2
NOT092-003248,2025-06-11,S2,presencial,81.7,11.3,10.5,1.6,2
NOT092-003249,2025-06-11,S3,presencial,62.9,10.5,10.9,5.1,0
NOT092-003250,2025-06-11,S1,presencial,38.2,11.4,11.5,3.2,3
NOT092-003251,2025-06-11,S2,virtual,65.7,11.1,10.2,2.9,3
NOT092-003252,2025-06-12,S3,presencial,92.4,15.1,13.7,3.7,1
NOT092-003253,2025-06-12,S1,presencial,67.2,12.3,13.7,10.1,0
NOT092-003254,2025-06-12,S2,presencial,70.8,16.8,13.1,3.9,1
NOT092-003255,2025-06-12,S3,virtual,95.5,10.9,12.3,9.1,0
NOT092-003256,2025-06-12,S1,virtual,84.6,8.9,10.6,11.7,2
NOT092-003257,2025-06-12,S2,virtual,84.5,9.0,10.5,1.7,4
NOT092-003258,2025-06-13,S3,virtual,100,12.6,14.0,9.0,1
NOT092-003259,2025-06-13,S1,presencial,61.7,8.6,10.6,9.0,7
NOT092-003260,2025-06-13,S2,presencial,66.8,9.8,12.3,11.8,6
NOT092-003261,2025-06-13,S3,presencial,99.8,12.0,12.4,5.7,1
NOT092-003262,2025-06-13,S1,virtual,93.1,11.1,10.3,10.0,1
NOT092-003263,2025-06-13,S2,virtual,66.7,6.7,7.0,4.3,6
NOT092-003264,2025-06-14,S3,virtual,67.6,15.1,13.1,4.1,3
NOT092-003265,2025-06-14,S1,virtual,79.4,9.5,10.9,11.1,7
NOT092-003266,2025-06-14,S2,virtual,81.2,13.9,12.0,5.9,2
NOT092-003267,2025-06-14,S3,presencial,68.7,8.3,8.9,10.4,7
NOT092-003268,2025-06-14,S1,presencial,76.5,15.2,15.8,3.0,2
NOT092-003269,2025-06-14,S2,presencial,69.6,10.3,9.2,2.2,2
NOT092-003270,2025-06-15,S3,virtual,88.6,9.4,13.0,10.6,9
NOT092-003271,2025-06-15,S1,virtual,78.5,13.8,10.2,2.4,1
NOT092-003272,2025-06-15,S2,presencial,91.7,11.5,10.6,10.4,1
NOT092-003273,2025-06-15,S3,presencial,88.2,11.2,11.8,0.7,0
NOT092-003274,2025-06-15,S1,presencial,86.4,17.8,12.0,6.1,1
NOT092-003275,2025-06-15,S2,virtual,63.1,8.9,9.4,8.3,7
NOT092-003276,2025-06-16,S3,presencial,70.7,11.0,8.5,10.8,0
NOT092-003277,2025-06-16,S1,virtual,68.8,5.8,4.2,0.9,2
NOT092-003278,2025-06-16,S2,presencial,67.5,6.0,7.0,2.8,2
NOT092-003279,2025-06-16,S3,presencial,100,13.3,13.5,9.5,1
NOT092-003280,2025-06-16,S1,virtual,67.4,16.4,15.0,4.5,1
NOT092-003281,2025-06-16,S2,virtual,76.0,18.0,12.0,4.1,3
NOT092-003282,2025-06-16,S3,virtual,97.3,9.0,13.9,8.2,10
NOT092-003283,2025-06-17,S1,presencial,81.5,8.5,10.3,2.0,4
NOT092-003284,2025-06-17,S2,virtual,63.1,12.5,15.3,6.0,0
NOT092-003285,2025-06-17,S3,presencial,58.2,11.6,14.1,4.9,1
NOT092-003286,2025-06-17,S1,virtual,100,15.1,16.5,10.4,1
NOT092-003287,2025-06-17,S2,virtual,93.7,16.8,13.4,11.1,1
NOT092-003288,2025-06-17,S3,virtual,89.7,11.7,12.0,8.7,1
NOT092-003289,2025-06-18,S1,virtual,85.8,15.4,12.2,7.6,2
NOT092-003290,2025-06-18,S2,virtual,77.9,8.3,11.2,2.0,3
NOT092-003291,2025-06-18,S3,presencial,62.4,14.3,12.8,7.8,2
NOT092-003292,2025-06-18,S1,presencial,83.4,7.1,11.9,7.7,8
NOT092-003293,2025-06-18,S2,presencial,71.2,13.7,11.8,4.9,2
NOT092-003294,2025-06-18,S3,virtual,57.4,10.3,10.8,11.4,1
NOT092-003295,2025-06-19,S1,presencial,100,10.4,13.0,3.2,3
NOT092-003296,2025-06-19,S2,virtual,65.6,8.8,6.4,3.7,4
NOT092-003297,2025-06-19,S3,presencial,77.0,5.6,10.0,9.5,6
NOT092-003298,2025-06-19,S1,presencial,81.3,10.5,8.8,6.0,1
NOT092-003299,2025-06-19,S2, VIRTUAL ,65.2,12.3,14.4,4.9,0
NOT092-003300,2025-06-19,S3,virtual,58.0,6.9,6.0,5.9,7
NOT092-003301,2025-06-20,S1,presencial,72.2,12.4,13.1,2.0,0
NOT092-003302,2025-06-20,S2,presencial,85.8,13.2,11.4,4.9,0
NOT092-003303,2025-06-20,S3,virtual,91.3,8.5,13.5,9.4,6
NOT092-003304,2025-06-20,S1,virtual,35.7,9.3,5.4,1.3,5
NOT092-003305,2025-06-20,S2,virtual,78.4,13.4,13.9,6.5,0
NOT092-003306,2025-06-20,S3,virtual,59.6,7.0,10.0,11.8,10
NOT092-003307,2025-06-21,S1,presencial,47.8,15.2,15.0,0.4,2
NOT092-003308,2025-06-21,S2,presencial,83.4,4.7,10.3,10.1,8
NOT092-003309,2025-06-21,S3,virtual,73.4,13.0,14.0,8.4,0
NOT092-003310,2025-06-21,S1,presencial,65.1,11.7,10.9,2.2,3
NOT092-003311,2025-06-21,S2,virtual,72.8,6.2,10.5,2.7,9
NOT092-003312,2025-06-21,S3,virtual,41.8,12.7,11.5,9.1,2
NOT092-003313,2025-06-22,S1,virtual,97.5,4.6,7.2,3.6,4
NOT092-003314,2025-06-22,S2,virtual,77.0,10.9,11.5,6.9,1
NOT092-003315,2025-06-22,S3,presencial,83.2,13.4,11.3,1.1,0
NOT092-003316,2025-06-22,S1,presencial,80.7,10.1,12.9,7.2,0
NOT092-003317,2025-06-22,S2,virtual,67.8,14.3,13.0,8.4,0
NOT092-003318,2025-06-22,S3,virtual,59.3,10.2,12.3,11.8,0
NOT092-003319,2025-06-22,S1,presencial,96.8,14.5,16.7,11.8,2
NOT092-003320,2025-06-23,S2,virtual,58.3,7.4,11.6,6.4,2
NOT092-003321,2025-06-23,S3,presencial,66.5,14.3,,2.4,0
NOT092-003322,2025-06-23,S1,virtual,61.7,7.5,7.4,0.6,10
NOT092-003323,2025-06-23,S2,virtual,94.0,15.2,14.5,6.6,3
NOT092-003324,2025-06-23,S3,virtual,86.8,12.1,11.8,3.3,2
NOT092-003325,2025-06-23,S1,presencial,96.0,9.0,12.2,3.8,10
NOT092-003326,2025-06-24,S2,virtual,72.7,9.8,12.8,5.7,6
NOT092-003327,2025-06-24,S3,virtual,67.7,8.3,10.1,9.4,5
NOT092-003328,2025-06-24,S1,presencial,99.8,9.9,12.5,4.6,10
NOT092-003329,2025-06-24,S2,virtual,56.6,12.0,8.8,1.2,3
NOT092-003330,2025-06-24,S3,virtual,68.2,10.7,8.1,6.2,0
NOT092-003331,2025-06-24,S1,virtual,70.5,14.7,13.9,5.6,3
NOT092-003332,2025-06-25,S2,virtual,65.5,10.6,10.3,5.7,1
NOT092-003333,2025-06-25,S3,virtual,99.8,7.8,10.1,0.8,10
NOT092-003334,2025-06-25,S1,presencial,61.2,8.7,10.2,10.5,7
NOT092-003335,2025-06-25,S2,presencial,80.7,8.3,10.7,1.5,9
NOT092-003336,2025-06-25,S3,virtual,67.8,14.5,13.9,8.9,0
NOT092-003337,2025-06-25,S1,presencial,91.1,11.0,11.1,10.5,3
NOT092-003338,2025-06-26,S2,presencial,80.4,12.4,13.8,5.2,2
NOT092-003339,2025-06-26,S3,presencial,60.8,7.2,8.1,2.7,8
NOT092-003340,2025-06-26,S1,virtual,81.3,13.2,11.8,11.4,1
NOT092-003341,2025-06-26,S2,presencial,100,15.1,13.8,0.2,1
NOT092-003342,2025-06-26,S3,virtual,91.1,11.8,13.9,9.4,3
NOT092-003343,2025-06-26,S1,virtual,84.4,11.4,9.1,7.9,2
NOT092-003344,2025-06-27,S2,presencial,86.6,15.9,14.6,2.9,2
NOT092-003345,2025-06-27,S3,presencial,53.4,9.7,6.5,3.8,5
NOT092-003346,2025-06-27,S1,virtual,89.7,17.2,15.4,1.8,2
NOT092-003347,2025-06-27,S2,virtual,81.8,6.0,10.2,11.4,5
NOT092-003348,2025-06-27,S3,virtual,87.8,11.8,9.5,0.2,0
NOT092-003349,2025-06-27,S1,virtual,100,15.0,20,10.5,2
NOT092-003350,2025-06-28,S2,presencial,71.1,7.6,5.6,1.6,10
NOT092-003351,2025-06-28,S3,virtual,76.4,11.9,10.6,2.3,2
NOT092-003352,2025-06-28,S1,virtual,87.0,11.4,13.4,7.3,3
NOT092-003353,2025-06-28,S2,virtual,81.2,12.9,13.2,0.8,3
NOT092-003354,2025-06-28,S3,presencial,71.1,11.5,12.0,7.8,1
NOT092-003355,2025-06-28,S1,virtual,100,12.9,11.0,4.3,3
NOT092-003356,2025-06-29,S2,virtual,62.0,15.1,14.1,6.8,3
NOT092-003357,2025-06-29,S3,virtual,61.9,14.7,15.8,7.5,2
NOT092-003358,2025-06-29,S1,presencial,75.1,7.9,8.6,8.8,10
NOT092-003359,2025-06-29,S2,presencial,100,5.5,7.0,3.0,7
NOT092-003360,2025-06-29,S3,virtual,92.6,11.1,12.7,6.5,0
NOT092-003361,2025-06-29,S1,virtual,75.4,9.1,8.3,8.4,6
NOT092-003362,2025-06-29,S2,presencial,59.9,10.2,9.7,4.2,2
NOT092-003363,2025-06-30,S3,presencial,82.3,5.6,8.8,6.1,4
NOT092-003364,2025-06-30,S1,virtual,67.6,13.9,12.4,1.2,3
NOT092-003365,2025-06-30,S2,virtual,80.0,13.3,12.8,0.4,3
NOT092-003366,2025-06-30,S3,presencial,80.1,8.4,11.4,5.4,10
NOT092-003367,2025-06-30,S1,presencial,70.3,9.3,11.8,5.4,10
NOT092-003368,2025-06-30,S2,presencial,61.8,14.9,13.8,4.7,3
NOT092-003369,2025-07-01,S3,virtual,68.6,15.6,14.0,3.5,2
NOT092-003370,2025-07-01,S1,presencial,100,13.0,10.3,5.9,3
NOT092-003371,2025-07-01,S2,virtual,81.9,14.7,12.0,10.4,3
NOT092-003372,2025-07-01,S3,virtual,70.6,16.0,12.9,6.7,3
NOT092-003373,2025-07-01,S1,virtual,88.4,13.4,11.2,10.2,1
NOT092-003374,2025-07-01,S2,virtual,64.3,10.3,12.7,6.9,3
NOT092-003375,2025-07-02,S3,presencial,71.0,11.2,7.9,0.9,2
NOT092-003376,2025-07-02,S1,presencial,66.6,15.0,11.4,0.2,2
NOT092-003377,2025-07-02,S2,virtual,86.4,13.1,"13,2",10.3,3
NOT092-003378,2025-07-02,S3,presencial,60.3,6.7,7.2,4.5,5
NOT092-003379,2025-07-02,S1,virtual,76.4,10.6,7.5,4.9,0
NOT092-003380,2025-07-02,S2,presencial,44.3,7.4,6.0,11.1,8
NOT092-003381,2025-07-03,S3,virtual,100,11.6,11.5,10.9,1
NOT092-003382,2025-07-03,S1,virtual,80.2,9.1,9.6,8.6,6
NOT092-003383,2025-07-03,S2,virtual,52.2,15.9,15.3,11.8,1
NOT092-003384,2025-07-03,S3,presencial,100,11.7,9.3,2.4,2
NOT092-003385,2025-07-03,S1,presencial,65.6,8.8,8.5,2.7,9
NOT092-003386,2025-07-03,S2,virtual,69.1,12.0,9.9,2.7,3
NOT092-003387,2025-07-04,S3,presencial,83.8,7.4,9.8,11.9,4
NOT092-003388,2025-07-04,S1,presencial,74.6,6.9,9.0,1.6,9
NOT092-003389,2025-07-04,S2,virtual,66.7,11.0,9.1,6.5,2
NOT092-003390,2025-07-04,S3,virtual,94.1,8.7,8.3,2.5,7
NOT092-003391,2025-07-04,S1,virtual,67.6,13.9,11.3,7.4,3
NOT092-003392,2025-07-04,S2,presencial,89.0,11.9,11.7,10.4,2
NOT092-003393,2025-07-05,S3,virtual,67.5,11.4,9.1,6.5,2
NOT092-003394,2025-07-05,S1,presencial,95.6,12.3,12.2,4.3,0
NOT092-003395,2025-07-05,S2,presencial,83.5,7.1,13.2,9.4,8
NOT092-003396,2025-07-05,S3, PRESENCIAL ,76.4,12.0,11.0,3.6,3
NOT092-003397,2025-07-05,S1,presencial,85.8,14.2,13.3,7.5,0
NOT092-003398,2025-07-05,S2,presencial,98.3,10.5,12.2,7.9,3
NOT092-003399,2025-07-05,S3,virtual,58.4,11.8,8.2,6.8,0
NOT092-003400,2025-07-06,S1,virtual,71.4,12.4,12.6,7.7,2
NOT092-003401,2025-07-06,S2,virtual,63.9,10.7,10.8,8.7,2
NOT092-003402,2025-07-06,S3,presencial,55.0,13.1,11.6,7.4,3
NOT092-003403,2025-07-06,S1,virtual,64.2,6.5,10.1,1.9,8
NOT092-003404,2025-07-06,S2,virtual,93.5,16.8,,6.7,0
NOT092-003405,2025-07-06,S3,virtual,60.8,10.0,11.9,5.0,3
NOT092-003406,2025-07-07,S1,presencial,82.9,8.7,8.3,0.8,7
NOT092-003407,2025-07-07,S2,presencial,61.8,9.2,11.4,5.9,8
NOT092-003408,2025-07-07,S3,presencial,100,9.0,9.1,0.8,8
NOT092-003409,2025-07-07,S1,virtual,47.2,10.1,9.1,9.6,2
NOT092-003410,2025-07-07,S2,presencial,78.9,10.7,11.8,10.8,0
NOT092-003411,2025-07-07,S3,presencial,68.5,9.7,12.3,3.8,7
NOT092-003412,2025-07-08,S1,virtual,67.9,11.8,12.4,0.1,2
NOT092-003413,2025-07-08,S2,presencial,59.5,13.7,12.7,3.3,0
NOT092-003414,2025-07-08,S3,presencial,97.3,11.1,14.5,7.7,2
NOT092-003415,2025-07-08,S1,presencial,83.5,7.8,6.9,4.6,8
NOT092-003416,2025-07-08,S2,presencial,77.8,8.6,7.6,0.0,4
NOT092-003417,2025-07-08,S3,presencial,100,9.5,11.5,8.6,2
NOT092-003418,2025-07-09,S1,presencial,89.8,13.5,14.3,6.3,1
NOT092-003419,2025-07-09,S2,presencial,71.6,11.5,10.0,1.6,3
NOT092-003420,2025-07-09,S3,virtual,79.9,11.0,13.0,9.7,2
NOT092-003421,2025-07-09,S1,virtual,81.7,11.9,14.3,6.8,2
NOT092-003422,2025-07-09,S2,presencial,85.0,8.0,11.2,7.4,3
NOT092-003423,2025-07-09,S3,presencial,81.9,8.6,8.2,4.5,4
NOT092-003424,2025-07-10,S1,presencial,98.4,11.0,14.6,7.2,2
NOT092-003425,2025-07-10,S2,virtual,95.5,10.8,10.6,4.8,1
NOT092-003426,2025-07-10,S3,presencial,75.0,8.3,11.9,2.5,4
NOT092-003427,2025-07-10,S1,virtual,62.1,14.3,16.0,5.5,2
NOT092-003428,2025-07-10,S2,presencial,57.0,14.2,14.9,0.3,0
NOT092-003429,2025-07-10,S3,virtual,51.3,12.0,11.9,8.5,2
NOT092-003430,2025-07-11,S1,presencial,100,14.3,15.9,5.4,0
NOT092-003431,2025-07-11,S2,presencial,71.4,12.3,9.9,4.5,1
NOT092-003432,2025-07-11,S3,presencial,89.7,12.6,15.7,7.1,3
NOT092-003433,2025-07-11,S1,presencial,73.5,14.2,13.9,9.7,2
NOT092-003434,2025-07-11,S2,presencial,79.7,8.1,10.2,5.3,3
NOT092-003435,2025-07-11,S3,virtual,93.4,13.5,12.2,2.5,2
NOT092-003436,2025-07-11,S1,presencial,63.2,13.5,13.6,8.1,2
NOT092-003437,2025-07-12,S2,virtual,58.0,14.3,16.0,6.8,2
NOT092-003438,2025-07-12,S3,virtual,72.8,14.0,10.2,5.2,0
NOT092-003439,2025-07-12,S1,virtual,100,14.0,14.1,2.6,2
NOT092-003440,2025-07-12,S2,presencial,62.0,14.7,17.6,9.6,2
NOT092-003441,2025-07-12,S3,virtual,52.7,7.4,8.9,5.7,8
NOT092-003442,2025-07-12,S1,virtual,84.7,20,17.7,4.5,1
NOT092-003443,2025-07-13,S2,presencial,65.8,11.1,9.8,0.9,3
NOT092-003444,2025-07-13,S3,virtual,90.8,10.6,12.9,7.4,3
NOT092-003445,2025-07-13,S1,presencial,75.6,10.3,10.6,1.7,1
NOT092-003446,2025-07-13,S2,presencial,70.3,3.7,3.3,0.1,8
NOT092-003447,2025-07-13,S3,presencial,76.0,3.7,4.1,1.6,10
NOT092-003448,2025-07-13,S1,virtual,63.9,7.2,9.5,7.3,5
NOT092-003449,2025-07-14,S2,virtual,50.3,10.6,-999,7.3,2
NOT092-003450,2025-07-14,S3,virtual,66.1,17.4,10.8,5.9,3
NOT092-003451,2025-07-14,S1,virtual,86.5,16.3,15.5,6.8,0
NOT092-003452,2025-07-14,S2,presencial,85.7,9.4,7.2,0.7,4
NOT092-003453,2025-07-14,S3,virtual,53.4,8.2,6.6,6.1,5
NOT092-003454,2025-07-14,S1,presencial,68.4,8.6,6.2,1.7,5
NOT092-003455,2025-07-15,S2,presencial,76.7,12.6,11.3,11.3,0
NOT092-003456,2025-07-15,S3,presencial,71.5,11.9,13.4,5.4,0
NOT092-003457,2025-07-15,S1,virtual,62.2,12.1,11.4,0.3,1
NOT092-003458,2025-07-15,S2,presencial,80.3,9.6,13.1,0.2,9
NOT092-003459,2025-07-15,S3,presencial,100,13.3,15.4,3.1,0
NOT092-003460,2025-07-15,S1,virtual,52.1,17.4,12.7,8.2,1
NOT092-003461,2025-07-16,S2,presencial,97.8,15.6,15.8,0.6,3
NOT092-003462,2025-07-16,S3,presencial,50.7,13.9,8.7,0.3,2
NOT092-003463,2025-07-16,S1,presencial,60.6,9.2,9.7,3.8,9
NOT092-003464,2025-07-16,S2,virtual,67.6,7.6,9.8,3.0,10
NOT092-003465,2025-07-16,S3,presencial,58.8,9.1,13.0,5.9,8
NOT092-003466,2025-07-16,S1,virtual,73.1,16.0,13.3,7.4,2
NOT092-003467,2025-07-17,S2,virtual,54.3,11.8,9.6,6.9,1
NOT092-003468,2025-07-17,S3,virtual,68.8,12.0,11.2,4.9,2
NOT092-003469,2025-07-17,S1,virtual,48.3,9.3,7.1,10.0,6
NOT092-003470,2025-07-17,S2,presencial,72.1,14.1,16.7,9.2,1
NOT092-003471,2025-07-17,S3,presencial,43.0,12.1,12.4,5.4,3
NOT092-003472,2025-07-17,S1,virtual,89.6,12.8,11.7,4.0,2
NOT092-003473,2025-07-18,S2,virtual,71.2,9.3,9.5,7.9,4
NOT092-003474,2025-07-18,S3,virtual,99.7,17.2,18.5,7.1,0
NOT092-003475,2025-07-18,S1,virtual,100,8.5,11.7,8.0,8
NOT092-003476,2025-07-18,S2,presencial,72.7,10.1,11.3,10.7,2
NOT092-003477,2025-07-18,S3,virtual,92.9,8.1,10.9,7.9,3
NOT092-003478,2025-07-18,S1,virtual,94.8,11.0,11.9,0.7,0
NOT092-003479,2025-07-18,S2,presencial,60.5,13.9,14.7,9.8,2
NOT092-003480,2025-07-19,S3,virtual,59.1,10.1,9.6,9.0,0
NOT092-003481,2025-07-19,S1,virtual,100,5.7,6.7,4.8,5
NOT092-003482,2025-07-19,S2,virtual,84.2,13.3,15.5,6.0,3
NOT092-003483,2025-07-19,S3,virtual,80.6,4.7,6.5,4.5,3
NOT092-003484,2025-07-19,S1,virtual,49.2,13.1,10.6,2.1,0
NOT092-003485,2025-07-19,S2,presencial,63.6,13.0,11.8,4.7,1
NOT092-003486,2025-07-20,S3,presencial,90.1,9.2,8.5,7.3,7
NOT092-003487,2025-07-20,S1,virtual,81.3,12.2,,7.4,2
NOT092-003488,2025-07-20,S2,presencial,100,11.1,11.4,1.8,2
NOT092-003489,2025-07-20,S3,presencial,82.8,10.6,14.3,9.2,2
NOT092-003490,2025-07-20,S1,virtual,100,10.4,11.2,1.8,1
NOT092-003491,2025-07-20,S2,virtual,77.6,11.8,9.4,0.3,0
NOT092-003492,2025-07-21,S3,presencial,94.7,15.9,18.2,11.9,1
NOT092-003493,2025-07-21,S1, PRESENCIAL ,100,10.4,13.7,1.7,1
NOT092-003494,2025-07-21,S2,virtual,58.6,12.6,7.9,0.2,0
NOT092-003495,2025-07-21,S3,virtual,98.7,10.9,11.3,3.0,2
NOT092-003496,2025-07-21,S1,presencial,56.7,11.4,8.5,7.8,1
NOT092-003497,2025-07-21,S2,virtual,75.5,11.1,11.1,3.0,2
NOT092-003498,2025-07-22,S3,presencial,52.8,10.3,9.4,11.0,1
NOT092-003499,2025-07-22,S1,virtual,82.1,7.2,10.0,4.7,3
NOT092-003500,2025-07-22,S2,presencial,78.3,7.1,11.9,9.0,9
NOT092-003501,2025-07-22,S3,presencial,89.0,11.3,12.0,8.5,2
NOT092-003502,2025-07-22,S1,presencial,70.2,10.6,10.9,7.7,2
NOT092-003503,2025-07-22,S2,presencial,64.7,11.8,15.2,7.0,1
NOT092-003504,2025-07-23,S3,presencial,76.9,9.1,10.0,2.3,6
NOT092-003505,2025-07-23,S1,virtual,67.1,9.7,14.6,5.8,10
NOT092-003506,2025-07-23,S2,virtual,93.7,10.5,11.5,6.9,2
NOT092-003507,2025-07-23,S3,presencial,82.9,11.2,12.2,8.0,1
NOT092-003508,2025-07-23,S1,virtual,97.1,11.7,13.0,11.2,3
NOT092-003509,2025-07-23,S2,virtual,89.2,10.2,14.4,11.8,2
NOT092-003510,2025-07-24,S3,presencial,100,12.7,14.9,3.3,3
NOT092-003511,2025-07-24,S1,virtual,83.4,7.5,6.8,1.4,2
NOT092-003512,2025-07-24,S2,virtual,64.1,10.3,10.9,10.5,3
NOT092-003513,2025-07-24,S3,presencial,65.7,9.5,8.8,0.2,3
NOT092-003514,2025-07-24,S1,presencial,100,10.1,9.9,9.7,2
NOT092-003515,2025-07-24,S2,presencial,62.9,7.0,5.5,4.8,2
NOT092-003516,2025-07-24,S3,presencial,95.3,7.9,9.3,2.2,2
NOT092-003517,2025-07-25,S1,presencial,75.0,10.4,12.0,5.4,3
NOT092-003518,2025-07-25,S2,virtual,72.0,10.0,9.0,0.3,0
NOT092-003519,2025-07-25,S3,presencial,74.2,14.2,14.6,11.5,3
NOT092-003520,2025-07-25,S1,virtual,61.4,14.2,9.3,1.8,3
NOT092-003521,2025-07-25,S2,virtual,95.8,8.2,8.2,6.8,2
NOT092-003522,2025-07-25,S3,virtual,77.4,9.8,11.4,2.9,6
NOT092-003523,2025-07-26,S1,virtual,82.9,5.1,7.0,4.3,2
NOT092-003524,2025-07-26,S2,virtual,74.6,9.4,11.9,1.6,5
NOT092-003525,2025-07-26,S3,virtual,45.4,15.2,13.4,0.1,1
NOT092-003526,2025-07-26,S1,presencial,76.3,7.4,7.2,3.0,6
NOT092-003527,2025-07-26,S2,virtual,89.8,10.4,14.6,0.2,1
NOT092-003528,2025-07-26,S3,virtual,68.1,9.0,8.8,10.0,4
NOT092-003529,2025-07-27,S1,virtual,91.5,14.8,16.8,5.5,2
NOT092-003530,2025-07-27,S2,virtual,63.8,10.6,11.9,5.5,3
NOT092-003531,2025-07-27,S3,presencial,84.4,15.2,15.5,4.6,3
NOT092-003532,2025-07-27,S1,presencial,95.4,15.9,16.4,6.0,2
NOT092-003533,2025-07-27,S2,presencial,77.6,13.4,11.4,5.6,1
NOT092-003534,2025-07-27,S3,presencial,76.8,9.7,7.8,0.0,9
NOT092-003535,2025-07-28,S1,virtual,64.4,13.7,6.1,2.9,1
NOT092-003536,2025-07-28,S2,virtual,54.7,10.2,10.6,10.5,3
NOT092-003537,2025-07-28,S3,virtual,58.2,15.4,11.9,5.8,0
NOT092-003538,2025-07-28,S1,presencial,89.8,13.3,11.2,6.1,3
NOT092-003539,2025-07-28,S2,virtual,73.7,12.2,12.0,10.9,3
NOT092-003540,2025-07-28,S3,virtual,75.2,9.4,8.5,7.4,4
NOT092-003541,2025-07-29,S1,virtual,83.0,5.8,5.1,9.0,7
NOT092-003542,2025-07-29,S2,presencial,60.9,12.0,10.5,0.9,3
NOT092-003543,2025-07-29,S3,presencial,69.6,6.8,8.5,0.3,10
NOT092-003544,2025-07-29,S1,virtual,89.9,12.3,13.4,0.2,0
NOT092-003545,2025-07-29,S2,presencial,77.0,9.5,12.7,1.3,8
NOT092-003546,2025-07-29,S3,presencial,66.3,10.7,10.4,0.7,1
NOT092-003547,2025-07-30,S1,presencial,64.5,8.0,12.1,9.3,6
NOT092-003548,2025-07-30,S2,presencial,79.8,12.8,12.4,1.7,3
NOT092-003549,2025-07-30,S3,virtual,68.8,13.1,8.3,0.5,2
NOT092-003550,2025-07-30,S1,presencial,87.4,9.8,12.0,11.2,10
NOT092-003551,2025-07-30,S2,presencial,91.4,14.3,12.5,6.7,2
NOT092-003552,2025-07-30,S3,virtual,100,9.3,7.5,2.1,7
NOT092-003553,2025-07-31,S1,presencial,66.2,13.4,10.1,8.6,0
NOT092-003554,2025-07-31,S2,virtual,96.7,8.8,9.5,9.9,7
NOT092-003555,2025-07-31,S3,virtual,49.4,11.6,10.9,6.7,1
NOT092-003556,2025-07-31,S1,virtual,71.3,9.0,10.8,5.9,8
NOT092-003557,2025-07-31,S2,presencial,84.8,11.2,11.9,3.9,3
NOT092-003558,2025-07-31,S3,virtual,74.7,11.5,12.6,6.0,0
NOT092-003559,2025-07-31,S1,presencial,100,6.3,13.7,6.4,2
NOT092-003560,2025-08-01,S2,virtual,99.3,11.2,13.2,11.7,0
NOT092-003561,2025-08-01,S3,presencial,74.4,17.3,13.8,2.4,1
NOT092-003562,2025-08-01,S1,presencial,94.0,10.7,9.8,1.8,3
NOT092-003563,2025-08-01,S2,presencial,45.0,9.5,10.0,4.7,6
NOT092-003564,2025-08-01,S3,presencial,63.3,6.5,9.2,4.2,7
NOT092-003565,2025-08-01,S1,presencial,100,3.9,7.3,11.5,9
NOT092-003566,2025-08-02,S2,virtual,88.3,6.4,7.0,4.6,8
NOT092-003567,2025-08-02,S3,virtual,70.9,12.4,14.8,9.0,3
NOT092-003568,2025-08-02,S1,virtual,85.5,9.8,10.8,5.4,6
NOT092-003569,2025-08-02,S2,presencial,74.7,7.4,8.8,4.6,2
NOT092-003570,2025-08-02,S3,presencial,46.7,11.6,,11.2,2
NOT092-003571,2025-08-02,S1,presencial,58.5,11.9,12.7,4.4,2
NOT092-003572,2025-08-03,S2,presencial,82.4,8.6,7.2,2.3,5
NOT092-003573,2025-08-03,S3,virtual,85.6,10.4,11.2,11.0,1
NOT092-003574,2025-08-03,S1,presencial,85.7,11.6,10.0,10.6,2
NOT092-003575,2025-08-03,S2,virtual,53.3,5.8,7.8,6.1,7
NOT092-003576,2025-08-03,S3,virtual,86.7,13.9,14.8,3.7,3
NOT092-003577,2025-08-03,S1,virtual,84.8,10.8,9.0,4.3,2
NOT092-003578,2025-08-04,S2,presencial,98.4,11.8,17.0,10.0,1
NOT092-003579,2025-08-04,S3,virtual,73.1,11.4,11.5,2.6,1
NOT092-003580,2025-08-04,S1,virtual,62.8,12.1,13.4,6.7,0
NOT092-003581,2025-08-04,S2,presencial,69.3,8.2,6.6,7.5,8
NOT092-003582,2025-08-04,S3,virtual,85.6,12.4,13.4,2.6,1
NOT092-003583,2025-08-04,S1,presencial,83.9,12.8,12.5,10.9,0
NOT092-003584,2025-08-05,S2,virtual,100,12.8,13.8,9.5,0
NOT092-003585,2025-08-05,S3,virtual,73.9,9.9,8.8,1.1,10
NOT092-003586,2025-08-05,S1,presencial,89.6,9.8,10.4,4.1,5
NOT092-003587,2025-08-05,S2,presencial,84.9,7.4,11.3,2.1,9
NOT092-003588,2025-08-05,S3,virtual,39.5,10.6,"9,7",3.6,0
NOT092-003589,2025-08-05,S1,presencial,56.9,7.8,9.4,4.0,7
NOT092-003590,2025-08-06,S2, VIRTUAL ,76.6,10.4,11.7,11.4,3
NOT092-003591,2025-08-06,S3,virtual,53.9,7.3,9.0,3.2,3
NOT092-003592,2025-08-06,S1,presencial,79.9,7.2,6.6,0.0,4
NOT092-003593,2025-08-06,S2,virtual,94.8,15.6,13.2,10.1,2
NOT092-003594,2025-08-06,S3,virtual,78.8,12.9,13.1,0.6,2
NOT092-003595,2025-08-06,S1,virtual,84.5,7.9,8.0,1.8,6
NOT092-003596,2025-08-06,S2,presencial,92.2,10.6,11.4,10.4,2
NOT092-003597,2025-08-07,S3,presencial,84.8,10.6,9.3,6.7,2
NOT092-003598,2025-08-07,S1,virtual,76.2,7.9,11.6,11.1,4
NOT092-003599,2025-08-07,S2,presencial,72.9,13.9,15.3,6.9,2
NOT092-003600,2025-08-07,S3,virtual,83.5,9.3,13.7,3.9,6
NOT092-003601,2025-08-07,S1,virtual,55.5,10.1,9.6,11.5,0
NOT092-003602,2025-08-07,S2,virtual,57.1,8.3,8.1,10.6,3
NOT092-003603,2025-08-08,S3,presencial,88.4,12.6,10.1,5.6,0
NOT092-003604,2025-08-08,S1,virtual,93.8,11.7,11.3,4.1,1
NOT092-003605,2025-08-08,S2,virtual,85.3,10.0,10.5,7.1,2
NOT092-003606,2025-08-08,S3,presencial,69.1,12.1,11.9,8.3,0
NOT092-003607,2025-08-08,S1,virtual,40.6,17.8,11.9,8.2,0
NOT092-003608,2025-08-08,S2,presencial,75.6,14.2,13.6,11.8,0
NOT092-003609,2025-08-09,S3,presencial,86.5,15.1,12.7,3.3,2
NOT092-003610,2025-08-09,S1,virtual,79.6,10.5,10.4,5.3,3
NOT092-003611,2025-08-09,S2,virtual,90.5,12.2,11.2,7.5,0
NOT092-003612,2025-08-09,S3,presencial,91.3,10.3,7.9,3.5,0
NOT092-003613,2025-08-09,S1,presencial,67.2,11.9,7.4,4.1,2
NOT092-003614,2025-08-09,S2,virtual,88.1,13.6,10.4,0.6,1
NOT092-003615,2025-08-10,S3,virtual,55.5,9.1,6.7,0.5,8
NOT092-003616,2025-08-10,S1,virtual,56.3,3.7,7.5,10.4,2
NOT092-003617,2025-08-10,S2,virtual,100,5.6,11.6,7.5,8
NOT092-003618,2025-08-10,S3,virtual,76.1,8.2,9.7,1.8,6
NOT092-003619,2025-08-10,S1,virtual,88.2,20,17.5,10.3,1
NOT092-003620,2025-08-10,S2,presencial,54.9,12.6,11.1,0.5,2
NOT092-003621,2025-08-11,S3,presencial,100,9.4,11.3,0.1,4
NOT092-003622,2025-08-11,S1,presencial,70.6,7.8,9.6,8.7,2
NOT092-003623,2025-08-11,S2,virtual,65.7,9.7,8.5,5.3,6
NOT092-003624,2025-08-11,S3,presencial,83.7,11.1,9.5,3.9,0
NOT092-003625,2025-08-11,S1,presencial,53.9,8.2,6.4,1.4,8
NOT092-003626,2025-08-11,S2,presencial,87.8,4.3,10.5,6.8,8
NOT092-003627,2025-08-12,S3,virtual,53.1,11.8,9.1,3.5,1
NOT092-003628,2025-08-12,S1,presencial,73.7,12.7,11.5,0.8,0
NOT092-003629,2025-08-12,S2,presencial,91.4,10.8,12.3,5.9,0
NOT092-003630,2025-08-12,S3,virtual,95.8,12.6,16.2,5.9,0
NOT092-003631,2025-08-12,S1,virtual,94.1,13.3,8.7,5.7,0
NOT092-003632,2025-08-12,S2,virtual,73.3,13.9,10.4,8.7,3
NOT092-003633,2025-08-12,S3,presencial,76.1,7.3,8.0,3.6,2
NOT092-003634,2025-08-13,S1,presencial,74.2,8.0,7.9,4.8,4
NOT092-003635,2025-08-13,S2,virtual,67.9,13.6,12.1,8.1,3
NOT092-003636,2025-08-13,S3,virtual,82.3,9.8,10.2,11.1,7
NOT092-003637,2025-08-13,S1,virtual,93.7,9.6,13.2,11.4,9
NOT092-003638,2025-08-13,S2,presencial,73.9,8.3,10.6,11.6,3
NOT092-003639,2025-08-13,S3,presencial,52.2,6.8,8.5,4.2,6
NOT092-003640,2025-08-14,S1,virtual,80.8,8.4,11.1,6.6,10
NOT092-003641,2025-08-14,S2,virtual,75.5,13.1,11.6,8.6,0
NOT092-003642,2025-08-14,S3,virtual,85.6,12.6,11.8,10.6,2
NOT092-003643,2025-08-14,S1,presencial,67.9,5.3,5.1,3.2,6
NOT092-003644,2025-08-14,S2,virtual,81.8,12.4,12.5,2.9,1
NOT092-003645,2025-08-14,S3,virtual,100,14.5,12.4,1.7,3
NOT092-003646,2025-08-15,S1,virtual,97.5,17.2,13.1,11.4,3
NOT092-003647,2025-08-15,S2,presencial,55.4,12.0,8.4,10.2,0
NOT092-003648,2025-08-15,S3,presencial,98.4,11.5,17.5,9.8,2
NOT092-003649,2025-08-15,S1,virtual,99.3,9.3,12.5,11.1,8
NOT092-003650,2025-08-15,S2,presencial,63.7,7.8,11.6,8.5,8
NOT092-003651,2025-08-15,S3,virtual,61.2,9.9,8.8,4.8,8
NOT092-003652,2025-08-16,S1,virtual,92.4,8.5,11.9,8.9,8
NOT092-003653,2025-08-16,S2,presencial,44.5,16.9,,0.8,2
NOT092-003654,2025-08-16,S3,presencial,72.7,13.2,13.5,8.9,1
NOT092-003655,2025-08-16,S1,virtual,68.1,9.2,5.8,6.2,5
NOT092-003656,2025-08-16,S2,presencial,67.7,12.4,15.3,5.5,1
NOT092-003657,2025-08-16,S3,virtual,81.1,6.6,8.5,10.5,5
NOT092-003658,2025-08-17,S1,virtual,59.4,14.8,14.5,10.0,2
NOT092-003659,2025-08-17,S2,virtual,86.5,7.8,8.0,0.0,5
NOT092-003660,2025-08-17,S3,virtual,58.3,10.8,4.1,1.2,1
NOT092-003661,2025-08-17,S1,virtual,95.0,8.8,13.5,2.8,8
NOT092-003662,2025-08-17,S2,virtual,83.6,11.7,12.8,5.5,2
NOT092-003663,2025-08-17,S3,presencial,96.9,16.2,15.6,4.2,2
NOT092-003664,2025-08-18,S1,presencial,87.2,13.7,13.3,7.0,2
NOT092-003665,2025-08-18,S2,presencial,72.4,9.6,12.8,2.6,3
NOT092-003666,2025-08-18,S3,presencial,97.0,8.6,8.9,5.7,6
NOT092-003667,2025-08-18,S1,virtual,72.9,12.9,8.9,1.7,1
NOT092-003668,2025-08-18,S2,presencial,83.1,13.5,18.3,7.2,3
NOT092-003669,2025-08-18,S3,virtual,35.1,11.8,10.2,3.3,1
NOT092-003670,2025-08-19,S1,presencial,87.3,11.8,11.3,3.7,3
NOT092-003671,2025-08-19,S2,presencial,96.3,11.1,13.0,5.5,3
NOT092-003672,2025-08-19,S3,virtual,85.9,12.2,10.9,6.4,1
NOT092-003673,2025-08-19,S1,virtual,100,13.8,14.7,11.2,2
NOT092-003674,2025-08-19,S2,presencial,73.5,10.3,10.5,10.2,0
NOT092-003675,2025-08-19,S3,virtual,69.3,11.0,9.0,3.5,1
NOT092-003676,2025-08-19,S1,virtual,52.8,8.8,6.7,0.3,7
NOT092-003677,2025-08-20,S2,virtual,71.8,14.1,15.2,6.8,0
NOT092-003678,2025-08-20,S3,presencial,98.3,10.1,18.6,11.5,3
NOT092-003679,2025-08-20,S1,virtual,60.6,12.3,10.4,4.7,2
NOT092-003680,2025-08-20,S2,presencial,100,10.9,11.7,4.4,0
NOT092-003681,2025-08-20,S3,presencial,79.8,12.6,9.2,2.9,1
NOT092-003682,2025-08-20,S1,virtual,79.9,14.1,12.0,1.5,2
NOT092-003683,2025-08-21,S2,virtual,67.4,12.1,13.4,9.8,2
NOT092-003684,2025-08-21,S3,virtual,73.6,14.2,16.4,10.0,3
NOT092-003685,2025-08-21,S1,presencial,99.2,10.9,17.0,6.3,2
NOT092-003686,2025-08-21,S2,virtual,63.4,9.9,8.8,8.0,9
NOT092-003687,2025-08-21,S3, VIRTUAL ,66.9,12.6,8.5,11.7,0
NOT092-003688,2025-08-21,S1,presencial,61.2,11.5,10.8,9.3,1
NOT092-003689,2025-08-22,S2,presencial,84.1,11.0,12.7,1.1,1
NOT092-003690,2025-08-22,S3,virtual,74.0,13.2,9.9,5.4,0
NOT092-003691,2025-08-22,S1,presencial,89.7,9.6,10.2,10.6,5
NOT092-003692,2025-08-22,S2,presencial,52.8,9.4,10.6,8.0,10
NOT092-003693,2025-08-22,S3,presencial,93.3,10.5,15.2,2.6,1
NOT092-003694,2025-08-22,S1,presencial,75.9,10.2,8.4,1.3,1
NOT092-003695,2025-08-23,S2,virtual,52.4,8.1,8.4,3.1,9
NOT092-003696,2025-08-23,S3,presencial,74.0,12.2,12.6,9.8,2
NOT092-003697,2025-08-23,S1,presencial,57.7,10.7,8.9,7.2,1
NOT092-003698,2025-08-23,S2,presencial,100,12.7,12.8,2.4,0
NOT092-003699,2025-08-23,S3,virtual,65.4,14.9,11.1,0.4,2
NOT092-003700,2025-08-23,S1,presencial,75.6,14.5,12.8,5.6,0
NOT092-003701,2025-08-24,S2,presencial,71.7,15.6,14.7,8.3,2
NOT092-003702,2025-08-24,S3,presencial,52.8,8.6,13.6,6.0,9
NOT092-003703,2025-08-24,S1,virtual,64.6,11.0,8.0,11.6,2
NOT092-003704,2025-08-24,S2,virtual,96.3,11.3,15.2,10.8,1
NOT092-003705,2025-08-24,S3,virtual,87.6,11.9,11.0,0.3,0
NOT092-003706,2025-08-24,S1,virtual,61.3,9.3,10.4,12.0,4
NOT092-003707,2025-08-25,S2,virtual,53.3,9.0,9.7,5.4,4
NOT092-003708,2025-08-25,S3,presencial,92.2,13.9,11.6,2.8,0
NOT092-003709,2025-08-25,S1,presencial,59.4,8.6,10.9,3.2,9
NOT092-003710,2025-08-25,S2,presencial,68.9,11.6,9.8,5.9,1
NOT092-003711,2025-08-25,S3,virtual,74.0,15.8,15.8,1.6,2
NOT092-003712,2025-08-25,S1,presencial,83.4,10.1,6.8,3.4,2
NOT092-003713,2025-08-25,S2,virtual,75.3,11.0,10.2,4.3,0
NOT092-003714,2025-08-26,S3,virtual,85.7,13.2,12.2,0.7,0
NOT092-003715,2025-08-26,S1,virtual,70.6,14.0,12.9,2.6,0
NOT092-003716,2025-08-26,S2,virtual,64.7,7.4,7.3,8.5,10
NOT092-003717,2025-08-26,S3,virtual,61.9,7.5,10.6,7.1,6
NOT092-003718,2025-08-26,S1,virtual,90.7,3.8,7.7,1.1,10
NOT092-003719,2025-08-26,S2,virtual,86.3,11.6,9.0,5.1,3
NOT092-003720,2025-08-27,S3,virtual,100,12.5,11.3,8.1,1
NOT092-003721,2025-08-27,S1,virtual,62.2,10.0,11.8,3.3,2
NOT092-003722,2025-08-27,S2,virtual,72.8,16.3,18.4,11.3,1
NOT092-003723,2025-08-27,S3,presencial,100,13.0,10.4,2.8,3
NOT092-003724,2025-08-27,S1,presencial,67.8,10.8,11.7,4.8,3
NOT092-003725,2025-08-27,S2,presencial,87.4,12.7,10.3,4.0,0
NOT092-003726,2025-08-28,S3,virtual,68.8,9.3,15.2,10.7,9
NOT092-003727,2025-08-28,S1,virtual,72.3,16.7,18.0,9.9,3
NOT092-003728,2025-08-28,S2,virtual,94.3,8.2,11.7,6.6,5
NOT092-003729,2025-08-28,S3,virtual,83.8,14.2,10.9,9.9,0
NOT092-003730,2025-08-28,S1,presencial,100,8.2,6.0,0.9,6
NOT092-003731,2025-08-28,S2,virtual,60.3,10.0,13.2,10.3,2
NOT092-003732,2025-08-29,S3,virtual,33.7,10.9,10.0,7.7,1
NOT092-003733,2025-08-29,S1,virtual,58.2,10.5,8.8,1.9,3
NOT092-003734,2025-08-29,S2,virtual,66.1,13.2,16.9,11.0,1
NOT092-003735,2025-08-29,S3,presencial,89.4,13.0,14.2,3.5,3
NOT092-003736,2025-08-29,S1,virtual,79.6,9.9,,0.6,3
NOT092-003737,2025-08-29,S2,presencial,63.9,13.7,14.7,5.4,3
NOT092-003738,2025-08-30,S3,virtual,86.2,11.4,10.3,1.7,0
NOT092-003739,2025-08-30,S1,virtual,97.1,11.9,9.9,8.7,1
NOT092-003740,2025-08-30,S2,presencial,83.6,12.0,13.5,7.6,1
NOT092-003741,2025-08-30,S3,presencial,73.1,8.3,9.4,6.6,4
NOT092-003742,2025-08-30,S1,virtual,87.7,7.8,10.4,6.5,8
NOT092-003743,2025-08-30,S2,virtual,100,4.5,5.5,6.2,3
NOT092-003744,2025-08-31,S3,virtual,60.6,11.2,15.6,0.9,1
NOT092-003745,2025-08-31,S1,virtual,100,10.6,11.0,0.5,2
NOT092-003746,2025-08-31,S2,presencial,82.8,9.5,10.6,3.5,4
NOT092-003747,2025-08-31,S3,presencial,100,16.8,14.7,1.9,2
NOT092-003748,2025-08-31,S1,virtual,70.4,10.2,10.9,4.4,2
NOT092-003749,2025-08-31,S2,presencial,95.3,14.6,14.9,9.3,3
NOT092-003750,2025-09-01,S3,presencial,50.0,9.2,10.6,4.0,8
NOT092-003751,2025-09-01,S1,virtual,98.4,6.8,6.1,1.6,7
NOT092-003752,2025-09-01,S2,presencial,73.7,11.6,11.7,7.0,1
NOT092-003753,2025-09-01,S3,virtual,87.7,11.1,9.9,3.1,1
NOT092-003754,2025-09-01,S1,presencial,76.4,13.8,10.8,0.2,3
NOT092-003755,2025-09-01,S2,virtual,77.5,7.1,9.2,5.3,6
NOT092-003756,2025-09-01,S3,virtual,72.3,8.0,9.2,4.2,2
NOT092-003757,2025-09-02,S1,virtual,81.6,4.8,8.7,3.8,8
NOT092-003758,2025-09-02,S2,presencial,88.0,6.9,6.4,5.0,6
NOT092-003759,2025-09-02,S3,virtual,73.6,10.5,11.2,2.1,3
NOT092-003760,2025-09-02,S1,virtual,85.8,8.2,8.9,0.5,6
NOT092-003761,2025-09-02,S2,presencial,81.7,9.6,15.1,11.2,5
NOT092-003762,2025-09-02,S3,virtual,89.3,10.3,10.2,4.3,3
NOT092-003763,2025-09-03,S1,presencial,87.2,9.6,12.1,2.1,8
NOT092-003764,2025-09-03,S2,virtual,100,8.8,10.6,1.4,7
NOT092-003765,2025-09-03,S3,virtual,76.2,14.2,11.1,8.8,2
NOT092-003766,2025-09-03,S1,virtual,74.0,13.4,13.2,7.0,3
NOT092-003767,2025-09-03,S2,virtual,84.4,9.9,7.0,1.7,6
NOT092-003768,2025-09-03,S3,presencial,72.0,13.9,10.9,6.9,1
NOT092-003769,2025-09-04,S1,presencial,74.9,14.6,14.3,3.8,2
NOT092-003770,2025-09-04,S2,presencial,40.2,13.7,14.6,7.2,1
NOT092-003771,2025-09-04,S3,virtual,56.2,8.5,15.2,9.5,2
NOT092-003772,2025-09-04,S1,presencial,78.8,11.9,11.9,5.1,3
NOT092-003773,2025-09-04,S2,presencial,71.8,8.4,8.8,1.4,9
NOT092-003774,2025-09-04,S3,presencial,68.3,8.8,13.2,4.4,2
NOT092-003775,2025-09-05,S1,virtual,71.5,10.5,13.4,11.2,1
NOT092-003776,2025-09-05,S2,presencial,100,7.9,8.3,2.8,7
NOT092-003777,2025-09-05,S3,virtual,59.6,14.9,14.5,1.8,1
NOT092-003778,2025-09-05,S1,presencial,57.6,12.1,10.9,7.5,2
NOT092-003779,2025-09-05,S2,virtual,93.2,14.1,14.3,6.9,0
NOT092-003780,2025-09-05,S3,presencial,74.4,11.8,8.0,4.7,0
NOT092-003781,2025-09-06,S1,presencial,78.3,12.7,12.0,9.8,0
NOT092-003782,2025-09-06,S2,virtual,61.8,10.8,7.4,8.6,0
NOT092-003783,2025-09-06,S3,presencial,100,12.2,12.1,1.3,1
NOT092-003784,2025-09-06,S1, VIRTUAL ,61.9,8.1,9.3,11.6,3
NOT092-003785,2025-09-06,S2,presencial,79.9,12.9,14.5,9.7,3
NOT092-003786,2025-09-06,S3,virtual,100,14.6,16.8,10.9,3
NOT092-003787,2025-09-07,S1,presencial,81.9,8.5,13.0,6.1,9
NOT092-003788,2025-09-07,S2,presencial,87.0,11.4,10.4,8.2,2
NOT092-003789,2025-09-07,S3,presencial,46.5,6.8,7.1,11.3,9
NOT092-003790,2025-09-07,S1,virtual,75.2,13.0,16.6,3.6,3
NOT092-003791,2025-09-07,S2,virtual,100,11.7,13.5,7.4,2
NOT092-003792,2025-09-07,S3,virtual,87.2,10.2,12.3,3.4,2
NOT092-003793,2025-09-07,S1,virtual,67.5,12.2,9.2,8.1,3
NOT092-003794,2025-09-08,S2,presencial,81.5,14.3,14.7,10.7,2
NOT092-003795,2025-09-08,S3,presencial,90.7,10.7,14.5,11.9,2
NOT092-003796,2025-09-08,S1,virtual,82.1,7.8,5.8,11.0,6
NOT092-003797,2025-09-08,S2,presencial,80.1,12.7,12.8,7.7,2
NOT092-003798,2025-09-08,S3,presencial,85.9,10.4,10.2,4.2,0
NOT092-003799,2025-09-08,S1,presencial,56.4,12.3,"9,2",2.1,1
NOT092-003800,2025-09-09,S2,virtual,100,11.8,9.8,1.9,1
NOT092-003801,2025-09-09,S3,presencial,67.5,13.9,11.5,3.9,2
NOT092-003802,2025-09-09,S1,presencial,100,14.4,15.7,5.9,0
NOT092-003803,2025-09-09,S2,virtual,62.0,12.7,7.9,9.7,1
NOT092-003804,2025-09-09,S3,presencial,63.3,12.1,14.0,9.2,2
NOT092-003805,2025-09-09,S1,presencial,83.5,12.2,12.9,2.9,0
NOT092-003806,2025-09-10,S2,presencial,78.4,10.1,15.8,7.6,3
NOT092-003807,2025-09-10,S3,presencial,100,14.1,12.7,6.6,2
NOT092-003808,2025-09-10,S1,presencial,70.4,3.7,11.2,9.3,4
NOT092-003809,2025-09-10,S2,virtual,85.8,7.9,9.9,5.6,4
NOT092-003810,2025-09-10,S3,presencial,81.7,10.2,10.7,4.7,0
NOT092-003811,2025-09-10,S1,presencial,45.0,10.2,7.5,6.9,2
NOT092-003812,2025-09-11,S2,presencial,95.2,10.8,8.0,0.3,1
NOT092-003813,2025-09-11,S3,presencial,67.9,11.7,12.6,4.7,0
NOT092-003814,2025-09-11,S1,presencial,74.3,15.0,9.1,2.9,2
NOT092-003815,2025-09-11,S2,virtual,90.5,10.7,12.3,7.8,0
NOT092-003816,2025-09-11,S3,presencial,91.1,6.9,12.4,9.1,6
NOT092-003817,2025-09-11,S1,presencial,44.1,13.2,9.9,8.3,0
NOT092-003818,2025-09-12,S2,presencial,97.8,8.3,10.0,10.0,6
NOT092-003819,2025-09-12,S3,virtual,85.1,14.7,,11.3,2
NOT092-003820,2025-09-12,S1,virtual,29.3,11.6,11.2,4.3,1
NOT092-003821,2025-09-12,S2,presencial,94.2,7.4,10.4,4.6,9
NOT092-003822,2025-09-12,S3,virtual,94.9,12.1,11.9,0.5,0
NOT092-003823,2025-09-12,S1,presencial,83.9,12.8,13.1,6.3,0
NOT092-003824,2025-09-13,S2,presencial,59.8,8.1,10.6,3.9,7
NOT092-003825,2025-09-13,S3,presencial,51.6,13.3,12.9,3.0,0
NOT092-003826,2025-09-13,S1,presencial,26.6,13.6,11.4,11.7,0
NOT092-003827,2025-09-13,S2,presencial,77.2,8.5,5.9,8.3,3
NOT092-003828,2025-09-13,S3,presencial,84.2,15.1,13.3,9.7,2
NOT092-003829,2025-09-13,S1,presencial,82.5,15.6,16.5,10.0,3
NOT092-003830,2025-09-13,S2,presencial,81.3,13.0,10.5,0.7,1
NOT092-003831,2025-09-14,S3,presencial,77.2,9.5,7.8,2.9,2
NOT092-003832,2025-09-14,S1,presencial,87.9,10.0,11.0,6.2,3
NOT092-003833,2025-09-14,S2,presencial,72.3,15.9,14.0,5.7,1
NOT092-003834,2025-09-14,S3,virtual,100,8.6,9.5,0.6,5
NOT092-003835,2025-09-14,S1,presencial,71.8,10.2,10.3,5.9,3
NOT092-003836,2025-09-14,S2,virtual,100,10.7,11.6,10.6,2
NOT092-003837,2025-09-15,S3,presencial,100,10.3,12.6,6.3,1
NOT092-003838,2025-09-15,S1,presencial,40.2,10.5,10.0,4.8,3
NOT092-003839,2025-09-15,S2,presencial,77.2,15.5,10.4,2.6,3
NOT092-003840,2025-09-15,S3,presencial,96.7,11.4,12.3,5.5,2
NOT092-003841,2025-09-15,S1,presencial,82.6,15.2,12.8,0.5,1
NOT092-003842,2025-09-15,S2,virtual,66.7,11.4,12.8,6.0,0
NOT092-003843,2025-09-16,S3,virtual,78.6,13.9,14.4,7.0,0
NOT092-003844,2025-09-16,S1,virtual,78.1,4.4,9.1,2.5,7
NOT092-003845,2025-09-16,S2,virtual,61.7,9.9,11.2,6.6,7
NOT092-003846,2025-09-16,S3,presencial,80.8,13.5,12.2,2.2,3
NOT092-003847,2025-09-16,S1,virtual,86.7,11.3,12.6,6.4,3
NOT092-003848,2025-09-16,S2,virtual,49.6,7.6,7.8,4.4,4
NOT092-003849,2025-09-17,S3,presencial,57.6,10.4,7.6,3.2,2
NOT092-003850,2025-09-17,S1,presencial,98.5,7.1,10.6,3.5,8
NOT092-003851,2025-09-17,S2,virtual,90.1,10.4,11.7,6.1,2
NOT092-003852,2025-09-17,S3,presencial,74.7,13.0,12.6,9.2,3
NOT092-003853,2025-09-17,S1,presencial,64.3,13.3,9.4,2.6,2
NOT092-003854,2025-09-17,S2,virtual,80.5,14.9,10.5,3.9,1
NOT092-003855,2025-09-18,S3,virtual,100,12.8,12.2,6.9,3
NOT092-003856,2025-09-18,S1,virtual,63.5,15.2,11.8,8.2,2
NOT092-003857,2025-09-18,S2,presencial,64.5,6.8,7.2,4.1,10
NOT092-003858,2025-09-18,S3,virtual,90.9,11.1,10.5,7.6,2
NOT092-003859,2025-09-18,S1,presencial,87.3,13.3,14.6,3.6,2
NOT092-003860,2025-09-18,S2,virtual,53.3,11.2,11.5,8.7,3
NOT092-003861,2025-09-19,S3,virtual,59.0,9.7,4.1,3.2,3
NOT092-003862,2025-09-19,S1,presencial,61.0,14.5,10.3,6.6,1
NOT092-003863,2025-09-19,S2,presencial,84.4,5.4,6.9,8.7,6
NOT092-003864,2025-09-19,S3,virtual,72.8,7.3,6.3,0.3,10
NOT092-003865,2025-09-19,S1,virtual,86.1,14.5,13.8,1.5,3
NOT092-003866,2025-09-19,S2,virtual,75.0,14.2,13.8,11.7,0
NOT092-003867,2025-09-20,S3,virtual,100,13.3,11.5,2.4,0
NOT092-003868,2025-09-20,S1,presencial,87.4,13.2,17.4,7.0,1
NOT092-003869,2025-09-20,S2,presencial,100,11.1,11.8,4.4,2
NOT092-003870,2025-09-20,S3,presencial,82.0,12.6,13.6,7.2,0
NOT092-003871,2025-09-20,S1,virtual,87.9,10.7,9.8,5.8,3
NOT092-003872,2025-09-20,S2,virtual,74.2,9.8,8.7,5.4,8
NOT092-003873,2025-09-20,S3,virtual,68.5,6.5,11.7,7.3,6
NOT092-003874,2025-09-21,S1,virtual,80.4,11.2,10.1,8.6,0
NOT092-003875,2025-09-21,S2,virtual,71.3,7.2,10.5,8.0,4
NOT092-003876,2025-09-21,S3,presencial,86.1,14.0,11.3,3.1,1
NOT092-003877,2025-09-21,S1,virtual,66.3,8.1,10.0,6.2,3
NOT092-003878,2025-09-21,S2,presencial,68.6,7.3,8.9,0.6,5
NOT092-003879,2025-09-21,S3,presencial,93.0,10.2,8.7,4.6,0
NOT092-003880,2025-09-22,S1,virtual,76.8,10.3,-999,7.9,3
NOT092-003881,2025-09-22,S2, VIRTUAL ,97.0,14.6,13.1,11.1,2
NOT092-003882,2025-09-22,S3,virtual,63.9,11.8,8.2,2.7,0
NOT092-003883,2025-09-22,S1,virtual,78.5,11.3,12.6,9.8,3
NOT092-003884,2025-09-22,S2,virtual,85.0,16.2,11.2,5.7,2
NOT092-003885,2025-09-22,S3,presencial,88.8,19.1,15.9,2.7,2
NOT092-003886,2025-09-23,S1,virtual,83.4,5.3,8.8,5.5,10
NOT092-003887,2025-09-23,S2,virtual,76.0,13.7,12.7,5.6,1
NOT092-003888,2025-09-23,S3,virtual,60.7,15.3,10.4,3.3,3
NOT092-003889,2025-09-23,S1,presencial,100,10.8,13.6,11.3,2
NOT092-003890,2025-09-23,S2,presencial,77.8,3.2,7.2,6.2,6
NOT092-003891,2025-09-23,S3,presencial,85.4,12.4,12.8,6.6,2
NOT092-003892,2025-09-24,S1,presencial,96.2,11.2,12.5,5.8,0
NOT092-003893,2025-09-24,S2,presencial,60.2,12.2,11.7,9.2,1
NOT092-003894,2025-09-24,S3,presencial,60.6,7.2,10.9,9.8,7
NOT092-003895,2025-09-24,S1,presencial,52.4,12.9,11.8,7.6,2
NOT092-003896,2025-09-24,S2,presencial,80.4,13.7,10.6,0.3,0
NOT092-003897,2025-09-24,S3,presencial,49.8,15.6,13.4,3.5,3
NOT092-003898,2025-09-25,S1,virtual,83.1,13.6,16.2,7.1,1
NOT092-003899,2025-09-25,S2,virtual,90.7,5.9,9.4,9.5,10
NOT092-003900,2025-09-25,S3,virtual,64.0,11.3,9.9,3.9,3
NOT092-003901,2025-09-25,S1,presencial,56.0,10.8,8.4,9.9,3
NOT092-003902,2025-09-25,S2,presencial,74.3,10.7,,6.9,0
NOT092-003903,2025-09-25,S3,presencial,85.8,11.7,13.0,9.4,0
NOT092-003904,2025-09-26,S1,presencial,73.7,12.8,12.3,5.6,0
NOT092-003905,2025-09-26,S2,virtual,81.8,11.6,11.3,11.4,0
NOT092-003906,2025-09-26,S3,virtual,76.5,6.1,10.8,9.3,9
NOT092-003907,2025-09-26,S1,presencial,79.2,12.3,15.1,10.1,1
NOT092-003908,2025-09-26,S2,virtual,83.6,11.9,12.4,10.6,2
NOT092-003909,2025-09-26,S3,presencial,75.0,15.0,12.4,3.4,1
NOT092-003910,2025-09-26,S1,virtual,63.2,12.1,10.9,7.3,3
NOT092-003911,2025-09-27,S2,virtual,97.8,10.3,13.1,5.1,1
NOT092-003912,2025-09-27,S3,virtual,100,11.8,13.1,2.4,2
NOT092-003913,2025-09-27,S1,virtual,80.6,12.3,9.8,4.9,3
NOT092-003914,2025-09-27,S2,virtual,72.2,9.5,11.6,7.7,7
NOT092-003915,2025-09-27,S3,presencial,48.9,9.7,8.2,3.8,2
NOT092-003916,2025-09-27,S1,presencial,86.1,11.5,14.2,9.9,2
NOT092-003917,2025-09-28,S2,virtual,72.3,17.0,14.8,5.8,1
NOT092-003918,2025-09-28,S3,virtual,85.1,12.5,16.0,6.3,2
NOT092-003919,2025-09-28,S1,presencial,98.3,13.9,11.9,6.3,0
NOT092-003920,2025-09-28,S2,virtual,64.6,9.1,7.9,5.1,6
NOT092-003921,2025-09-28,S3,virtual,65.8,12.4,8.2,4.5,1
NOT092-003922,2025-09-28,S1,presencial,72.8,10.5,8.6,0.7,0
NOT092-003923,2025-09-29,S2,virtual,64.2,6.7,7.8,0.8,8
NOT092-003924,2025-09-29,S3,virtual,100,11.0,15.2,11.8,2
NOT092-003925,2025-09-29,S1,presencial,66.8,11.9,11.8,4.2,1
NOT092-003926,2025-09-29,S2,virtual,71.0,8.2,9.2,7.3,10
NOT092-003927,2025-09-29,S3,virtual,100,11.5,8.6,0.3,0
NOT092-003928,2025-09-29,S1,virtual,77.5,11.0,8.2,9.0,2
NOT092-003929,2025-09-30,S2,virtual,94.2,11.3,10.3,4.0,2
NOT092-003930,2025-09-30,S3,virtual,56.7,11.0,10.1,4.9,0
NOT092-003931,2025-09-30,S1,virtual,100,12.0,13.4,9.0,1
NOT092-003932,2025-09-30,S2,presencial,79.0,11.5,15.4,9.6,3
NOT092-003933,2025-09-30,S3,virtual,93.8,6.8,5.7,11.9,6
NOT092-003934,2025-09-30,S1,presencial,75.0,12.3,9.5,8.6,2
NOT092-003935,2025-10-01,S2,virtual,49.1,9.3,9.3,7.4,8
NOT092-003936,2025-10-01,S3,presencial,52.7,9.8,11.3,8.7,6
NOT092-003937,2025-10-01,S1,virtual,78.0,15.6,15.0,1.6,1
NOT092-003938,2025-10-01,S2,virtual,65.8,7.5,9.4,1.0,4
NOT092-003939,2025-10-01,S3,virtual,65.4,8.1,9.4,6.7,5
NOT092-003940,2025-10-01,S1,presencial,100,7.5,7.9,5.1,2
NOT092-003941,2025-10-02,S2,virtual,66.7,7.2,6.2,0.8,10
NOT092-003942,2025-10-02,S3,virtual,71.4,8.4,9.7,6.8,7
NOT092-003943,2025-10-02,S1,virtual,63.6,11.0,12.8,4.3,0
NOT092-003944,2025-10-02,S2,presencial,76.7,6.1,11.6,11.2,10
NOT092-003945,2025-10-02,S3,virtual,84.6,9.0,11.6,2.6,3
NOT092-003946,2025-10-02,S1,presencial,97.5,12.3,12.7,5.3,2
NOT092-003947,2025-10-03,S2,presencial,91.9,15.0,14.5,3.1,0
NOT092-003948,2025-10-03,S3,presencial,71.2,13.2,10.1,8.5,0
NOT092-003949,2025-10-03,S1,virtual,100,7.1,10.2,9.4,6
NOT092-003950,2025-10-03,S2,virtual,95.3,7.9,13.0,11.7,10
NOT092-003951,2025-10-03,S3,presencial,93.5,11.5,10.0,6.9,1
NOT092-003952,2025-10-03,S1,virtual,98.0,11.8,9.7,0.7,3
NOT092-003953,2025-10-03,S2,virtual,59.3,12.4,12.3,2.2,2
NOT092-003954,2025-10-04,S3,virtual,72.1,9.1,5.3,0.4,5
NOT092-003955,2025-10-04,S1,presencial,76.4,6.5,8.2,0.5,4
NOT092-003956,2025-10-04,S2,presencial,100,13.8,16.3,8.1,0
NOT092-003957,2025-10-04,S3,presencial,84.2,12.5,9.5,0.4,3
NOT092-003958,2025-10-04,S1,virtual,85.7,17.5,17.2,9.6,1
NOT092-003959,2025-10-04,S2,presencial,70.6,10.9,10.0,2.1,0
NOT092-003960,2025-10-05,S3,presencial,100,7.9,10.4,6.6,4
NOT092-003961,2025-10-05,S1,virtual,86.9,11.7,10.2,3.9,2
NOT092-003962,2025-10-05,S2,presencial,77.7,18.2,20,1.1,3
NOT092-003963,2025-10-05,S3,presencial,68.1,9.2,8.5,6.4,5
NOT092-003964,2025-10-05,S1,virtual,62.2,10.6,9.0,5.3,2
NOT092-003965,2025-10-05,S2,presencial,100,12.3,10.2,3.1,3
NOT092-003966,2025-10-06,S3,presencial,63.5,12.2,8.9,0.8,2
NOT092-003967,2025-10-06,S1,virtual,63.5,9.0,10.0,3.5,8
NOT092-003968,2025-10-06,S2,virtual,55.5,12.3,11.6,4.3,1
NOT092-003969,2025-10-06,S3,presencial,71.5,14.0,13.3,4.8,1
NOT092-003970,2025-10-06,S1,presencial,56.2,11.4,10.8,1.9,1
NOT092-003971,2025-10-06,S2,virtual,87.0,14.1,14.3,5.9,3
NOT092-003972,2025-10-07,S3,presencial,65.9,11.1,9.0,1.9,2
NOT092-003973,2025-10-07,S1,virtual,73.6,4.2,9.6,10.6,2
NOT092-003974,2025-10-07,S2,virtual,81.4,6.7,7.3,2.0,6
NOT092-003975,2025-10-07,S3,presencial,85.5,11.5,11.9,9.0,3
NOT092-003976,2025-10-07,S1,virtual,82.2,11.4,11.4,1.8,1
NOT092-003977,2025-10-07,S2,presencial,26.8,9.5,10.7,8.1,8
NOT092-003978,2025-10-08,S3, PRESENCIAL ,77.9,12.9,11.6,6.4,1
NOT092-003979,2025-10-08,S1,presencial,77.7,11.1,11.8,11.3,0
NOT092-003980,2025-10-08,S2,virtual,83.8,10.5,14.9,2.7,1
NOT092-003981,2025-10-08,S3,presencial,68.0,8.2,8.4,1.1,6
NOT092-003982,2025-10-08,S1,presencial,88.2,11.6,12.9,0.4,0
NOT092-003983,2025-10-08,S2,presencial,71.7,11.7,12.6,10.9,0
NOT092-003984,2025-10-09,S3,presencial,85.2,7.1,6.9,5.8,9
NOT092-003985,2025-10-09,S1,virtual,78.4,11.3,,1.1,2
NOT092-003986,2025-10-09,S2,virtual,84.6,8.9,7.3,8.4,7
NOT092-003987,2025-10-09,S3,presencial,66.8,5.7,11.0,10.1,4
NOT092-003988,2025-10-09,S1,virtual,71.3,8.7,9.7,1.6,3
NOT092-003989,2025-10-09,S2,virtual,90.9,12.7,11.5,1.2,0
NOT092-003990,2025-10-09,S3,presencial,66.5,8.6,12.2,6.7,7
NOT092-003991,2025-10-10,S1,presencial,96.9,6.4,10.5,8.7,8
NOT092-003992,2025-10-10,S2,presencial,65.6,10.0,9.1,2.2,2
NOT092-003993,2025-10-10,S3,virtual,81.4,8.4,11.3,5.0,10
NOT092-003994,2025-10-10,S1,presencial,100,11.9,13.8,8.8,0
NOT092-003995,2025-10-10,S2,presencial,43.2,10.7,7.0,5.7,3
NOT092-003996,2025-10-10,S3,virtual,84.8,6.0,3.4,0.5,3
NOT092-003997,2025-10-11,S1,virtual,76.7,10.2,10.5,9.2,3
NOT092-003998,2025-10-11,S2,presencial,92.0,9.5,13.1,3.1,9
NOT092-003999,2025-10-11,S3,virtual,61.8,11.7,7.9,0.3,3
NOT092-004000,2025-10-11,S1,presencial,56.8,9.9,10.5,11.0,7
NOT092-004001,2025-10-11,S2,presencial,94.7,10.2,7.9,2.4,0
NOT092-004002,2025-10-11,S3,virtual,49.6,13.9,14.2,8.2,2
NOT092-004003,2025-10-12,S1,virtual,88.2,9.8,13.9,9.3,7
NOT092-004004,2025-10-12,S2,virtual,85.6,11.9,8.1,1.9,1
NOT092-004005,2025-10-12,S3,virtual,73.3,12.0,15.3,9.8,1
NOT092-004006,2025-10-12,S1,presencial,66.7,17.5,15.1,11.7,1
NOT092-004007,2025-10-12,S2,presencial,76.8,5.4,9.0,8.4,4
NOT092-004008,2025-10-12,S3,presencial,64.9,11.7,11.1,1.6,1
NOT092-004009,2025-10-13,S1,presencial,100,10.3,12.8,7.9,1
NOT092-004010,2025-10-13,S2,presencial,68.2,9.7,"10,8",10.2,2
NOT092-004011,2025-10-13,S3,presencial,66.0,8.0,6.5,3.1,2
NOT092-004012,2025-10-13,S1,presencial,58.9,7.7,7.6,2.7,8
NOT092-004013,2025-10-13,S2,virtual,46.2,8.8,8.9,1.8,9
NOT092-004014,2025-10-13,S3,presencial,88.5,9.6,7.8,1.8,5
NOT092-004015,2025-10-14,S1,virtual,100,10.4,13.0,4.8,3
NOT092-004016,2025-10-14,S2,presencial,65.3,16.3,16.8,10.0,3
NOT092-004017,2025-10-14,S3,virtual,83.3,7.5,10.2,10.3,7
NOT092-004018,2025-10-14,S1,virtual,59.6,8.9,10.6,11.5,7
NOT092-004019,2025-10-14,S2,presencial,98.6,6.3,7.2,1.9,7
NOT092-004020,2025-10-14,S3,virtual,100,10.9,13.8,1.6,3
NOT092-004021,2025-10-15,S1,presencial,75.5,16.1,14.6,2.6,2
NOT092-004022,2025-10-15,S2,presencial,71.3,5.1,11.5,11.9,4
NOT092-004023,2025-10-15,S3,presencial,61.9,5.0,7.5,8.5,9
NOT092-004024,2025-10-15,S1,presencial,94.9,10.2,12.2,6.3,3
NOT092-004025,2025-10-15,S2,virtual,97.1,13.2,14.5,11.4,3
NOT092-004026,2025-10-15,S3,presencial,71.6,10.3,9.7,10.6,1
NOT092-004027,2025-10-16,S1,virtual,63.9,8.8,9.0,2.2,2
NOT092-004028,2025-10-16,S2,presencial,42.1,9.3,11.1,8.4,4
NOT092-004029,2025-10-16,S3,presencial,66.0,12.4,10.0,6.2,0
NOT092-004030,2025-10-16,S1,virtual,84.7,10.0,7.8,4.8,1
NOT092-004031,2025-10-16,S2,virtual,62.9,12.0,10.2,5.7,0
NOT092-004032,2025-10-16,S3,presencial,55.8,12.3,10.6,8.9,0
NOT092-004033,2025-10-16,S1,virtual,82.9,9.1,12.7,10.0,2
NOT092-004034,2025-10-17,S2,virtual,72.3,13.0,7.9,2.6,1
NOT092-004035,2025-10-17,S3,virtual,84.9,12.5,17.8,10.6,3
NOT092-004036,2025-10-17,S1,virtual,79.0,8.5,10.4,7.5,9
NOT092-004037,2025-10-17,S2,presencial,83.1,13.1,12.7,6.4,1
NOT092-004038,2025-10-17,S3,presencial,69.7,10.7,9.3,5.8,1
NOT092-004039,2025-10-17,S1,virtual,79.5,16.9,16.0,0.8,2
NOT092-004040,2025-10-18,S2,virtual,96.5,12.7,12.7,2.2,1
NOT092-004041,2025-10-18,S3,presencial,73.2,17.1,15.4,5.7,3
NOT092-004042,2025-10-18,S1,presencial,76.7,12.0,7.8,1.4,2
NOT092-004043,2025-10-18,S2,presencial,55.7,8.9,11.6,4.5,10
NOT092-004044,2025-10-18,S3,presencial,100,11.3,9.8,10.3,3
NOT092-004045,2025-10-18,S1,presencial,55.9,8.6,6.3,0.3,2
NOT092-004046,2025-10-19,S2,presencial,85.7,7.3,9.4,6.6,10
NOT092-004047,2025-10-19,S3,presencial,72.2,11.7,11.6,3.5,2
NOT092-004048,2025-10-19,S1,presencial,91.2,12.9,13.8,3.1,0
NOT092-004049,2025-10-19,S2,presencial,76.9,8.6,12.4,3.0,3
NOT092-004050,2025-10-19,S3,virtual,51.2,9.4,9.6,10.5,8
NOT092-004051,2025-10-19,S1,presencial,62.0,9.6,11.7,11.1,5
NOT092-004052,2025-10-20,S2,virtual,74.7,7.8,9.2,3.4,8
NOT092-004053,2025-10-20,S3,virtual,97.6,10.8,11.6,0.9,3
NOT092-004054,2025-10-20,S1,virtual,72.1,13.1,12.0,5.7,2
NOT092-004055,2025-10-20,S2,presencial,87.2,8.5,10.4,8.1,5
NOT092-004056,2025-10-20,S3,virtual,100,15.0,12.7,3.5,1
NOT092-004057,2025-10-20,S1,virtual,70.1,9.6,7.7,2.0,2
NOT092-004058,2025-10-21,S2,presencial,84.3,11.9,11.5,4.1,2
NOT092-004059,2025-10-21,S3,presencial,46.1,14.2,13.7,8.6,0
NOT092-004060,2025-10-21,S1,presencial,59.1,13.5,14.5,8.1,3
NOT092-004061,2025-10-21,S2,virtual,86.3,13.5,12.3,2.1,3
NOT092-004062,2025-10-21,S3,virtual,89.2,9.8,8.7,1.4,5
NOT092-004063,2025-10-21,S1,virtual,72.0,7.8,11.8,5.8,7
NOT092-004064,2025-10-22,S2,virtual,88.6,9.0,9.8,6.7,8
NOT092-004065,2025-10-22,S3,presencial,71.1,6.8,12.4,4.8,10
NOT092-004066,2025-10-22,S1,presencial,68.8,9.3,7.9,1.2,2
NOT092-004067,2025-10-22,S2,virtual,28.5,12.2,5.2,3.8,3
NOT092-004068,2025-10-22,S3,presencial,100,8.4,,10.0,2
NOT092-004069,2025-10-22,S1,presencial,72.8,11.2,12.9,11.3,0
NOT092-004070,2025-10-22,S2,presencial,76.8,16.4,15.1,7.9,3
NOT092-004071,2025-10-23,S3,virtual,88.6,10.7,13.4,7.2,0
NOT092-004072,2025-10-23,S1,virtual,87.2,6.0,8.4,0.1,7
NOT092-004073,2025-10-23,S2,presencial,78.9,14.4,11.1,10.9,1
NOT092-004074,2025-10-23,S3,virtual,60.7,11.9,12.1,1.2,3
NOT092-004075,2025-10-23,S1, VIRTUAL ,89.6,11.8,15.4,11.1,3
NOT092-004076,2025-10-23,S2,presencial,95.2,10.3,11.4,10.1,2
NOT092-004077,2025-10-24,S3,presencial,100,9.7,11.2,9.1,9
NOT092-004078,2025-10-24,S1,virtual,71.1,9.9,7.0,1.5,2
NOT092-004079,2025-10-24,S2,presencial,100,13.7,15.9,6.1,3
NOT092-004080,2025-10-24,S3,presencial,66.6,10.7,15.0,4.1,0
NOT092-004081,2025-10-24,S1,virtual,70.3,15.1,13.9,4.4,2
NOT092-004082,2025-10-24,S2,virtual,73.9,12.2,11.1,3.7,3
NOT092-004083,2025-10-25,S3,virtual,65.9,12.8,12.6,1.3,1
NOT092-004084,2025-10-25,S1,presencial,72.8,12.7,12.6,6.7,1
NOT092-004085,2025-10-25,S2,virtual,65.1,5.4,7.7,6.2,5
NOT092-004086,2025-10-25,S3,virtual,39.6,8.4,8.2,4.1,2
NOT092-004087,2025-10-25,S1,presencial,99.1,16.0,14.3,8.2,0
NOT092-004088,2025-10-25,S2,presencial,56.1,13.4,13.7,4.0,2
NOT092-004089,2025-10-26,S3,presencial,81.9,19.1,17.0,9.6,1
NOT092-004090,2025-10-26,S1,virtual,64.9,10.6,13.6,10.3,2
NOT092-004091,2025-10-26,S2,virtual,73.9,8.3,8.6,1.2,4
NOT092-004092,2025-10-26,S3,presencial,59.9,12.7,10.9,2.9,1
NOT092-004093,2025-10-26,S1,presencial,96.7,14.6,15.2,3.4,3
NOT092-004094,2025-10-26,S2,presencial,74.8,16.2,13.3,1.6,1
NOT092-004095,2025-10-27,S3,presencial,92.0,11.3,13.1,11.1,1
NOT092-004096,2025-10-27,S1,presencial,92.3,11.9,12.4,1.8,1
NOT092-004097,2025-10-27,S2,presencial,70.2,10.6,7.5,4.8,1
NOT092-004098,2025-10-27,S3,presencial,73.1,13.1,13.4,8.0,2
NOT092-004099,2025-10-27,S1,virtual,100.0,10.9,14.5,5.3,2
NOT092-004100,2025-10-27,S2,virtual,73.6,7.9,5.2,2.4,4
NOT092-004101,2025-10-28,S3,presencial,100,8.1,9.9,9.9,9
NOT092-004102,2025-10-28,S1,virtual,66.2,13.5,14.1,8.2,2
NOT092-004103,2025-10-28,S2,presencial,84.1,5.6,10.8,10.4,10
NOT092-004104,2025-10-28,S3,presencial,68.7,10.5,10.6,4.9,2
NOT092-004105,2025-10-28,S1,presencial,82.8,11.1,7.9,0.2,0
NOT092-004106,2025-10-28,S2,virtual,77.6,9.0,7.2,8.2,7
NOT092-004107,2025-10-28,S3,virtual,100,14.4,16.4,12.0,2
NOT092-004108,2025-10-29,S1,virtual,81.9,11.9,12.4,10.8,3
NOT092-004109,2025-10-29,S2,virtual,59.3,11.8,13.4,9.5,3
NOT092-004110,2025-10-29,S3,presencial,73.0,8.9,12.9,8.2,9
NOT092-004111,2025-10-29,S1,presencial,91.3,10.4,11.4,11.6,2
NOT092-004112,2025-10-29,S2,virtual,69.9,12.4,10.2,2.3,0
NOT092-004113,2025-10-29,S3,presencial,69.2,6.7,9.5,1.9,10
NOT092-004114,2025-10-30,S1,presencial,92.4,9.5,11.8,11.8,8
NOT092-004115,2025-10-30,S2,virtual,37.1,10.0,9.3,5.3,2
NOT092-004116,2025-10-30,S3,presencial,58.1,8.8,8.3,4.9,7
NOT092-004117,2025-10-30,S1,virtual,100,6.0,9.7,8.1,5
NOT092-004118,2025-10-30,S2,virtual,79.4,10.4,7.5,0.9,0
NOT092-004119,2025-10-30,S3,presencial,76.5,17.2,14.0,2.4,3
NOT092-004120,2025-10-31,S1,presencial,93.3,8.7,12.0,11.1,8
NOT092-004121,2025-10-31,S2,virtual,79.8,14.3,10.6,0.2,3
NOT092-004122,2025-10-31,S3,presencial,59.6,10.3,8.7,2.2,2
NOT092-004123,2025-10-31,S1,presencial,86.3,11.6,8.1,7.6,3
NOT092-004124,2025-10-31,S2,presencial,100,4.7,9.6,11.9,8
NOT092-004125,2025-10-31,S3,virtual,97.8,11.2,11.9,7.9,3
NOT092-004126,2025-11-01,S1,virtual,47.1,12.4,11.2,10.2,0
NOT092-004127,2025-11-01,S2,virtual,72.3,9.6,13.6,8.8,6
NOT092-004128,2025-11-01,S3,virtual,59.7,9.7,9.4,8.8,4
NOT092-004129,2025-11-01,S1,presencial,69.7,8.7,13.1,3.8,9
NOT092-004130,2025-11-01,S2,virtual,96.4,7.5,9.9,0.1,6
NOT092-004131,2025-11-01,S3,presencial,96.2,12.3,11.9,6.9,3
NOT092-004132,2025-11-02,S1,presencial,69.4,9.0,13.8,11.9,10
NOT092-004133,2025-11-02,S2,virtual,95.3,10.5,12.2,7.5,2
NOT092-004134,2025-11-02,S3,virtual,59.1,15.4,11.8,6.4,3
NOT092-004135,2025-11-02,S1,presencial,58.9,14.7,11.1,2.8,0
NOT092-004136,2025-11-02,S2,virtual,82.5,11.9,6.7,1.7,3
NOT092-004137,2025-11-02,S3,virtual,55.0,16.9,10.9,2.8,0
NOT092-004138,2025-11-03,S1,virtual,86.2,11.1,12.8,6.2,1
NOT092-004139,2025-11-03,S2,presencial,70.0,12.1,14.5,5.1,2
NOT092-004140,2025-11-03,S3,presencial,74.1,11.5,11.6,4.3,2
NOT092-004141,2025-11-03,S1,virtual,54.1,11.5,13.5,5.2,1
NOT092-004142,2025-11-03,S2,virtual,100,15.2,15.5,0.3,2
NOT092-004143,2025-11-03,S3,virtual,70.1,11.9,12.3,10.2,0
NOT092-004144,2025-11-04,S1,virtual,78.1,8.3,6.1,0.6,9
NOT092-004145,2025-11-04,S2,virtual,71.7,16.9,17.7,9.3,3
NOT092-004146,2025-11-04,S3,virtual,90.0,2.8,7.5,4.4,8
NOT092-004147,2025-11-04,S1,presencial,96.2,11.8,12.8,0.2,3
NOT092-004148,2025-11-04,S2,presencial,100,8.2,8.9,0.6,3
NOT092-004149,2025-11-04,S3,presencial,100,14.1,14.3,3.5,3
NOT092-004150,2025-11-04,S1,virtual,98.2,9.9,14.7,6.4,6
NOT092-004151,2025-11-05,S2,virtual,83.4,7.7,,9.5,4
NOT092-004152,2025-11-05,S3,virtual,100,9.3,13.6,1.1,4
NOT092-004153,2025-11-05,S1,presencial,100,11.2,16.8,9.2,2
NOT092-004154,2025-11-05,S2,presencial,81.9,7.6,8.3,2.4,10
NOT092-004155,2025-11-05,S3,presencial,65.9,10.4,10.0,3.7,3
NOT092-004156,2025-11-05,S1,virtual,89.9,11.3,13.4,10.6,3
NOT092-004157,2025-11-06,S2,virtual,89.2,8.8,13.5,10.7,8
NOT092-004158,2025-11-06,S3,virtual,71.4,11.9,12.2,1.5,2
NOT092-004159,2025-11-06,S1,presencial,85.3,7.9,11.3,1.6,8
NOT092-004160,2025-11-06,S2,presencial,93.8,9.0,5.7,2.9,5
NOT092-004161,2025-11-06,S3,presencial,99.4,4.4,7.6,11.7,6
NOT092-004162,2025-11-06,S1,virtual,61.9,13.5,14.5,8.0,1
NOT092-004163,2025-11-07,S2,virtual,76.1,8.0,9.8,5.1,4
NOT092-004164,2025-11-07,S3,virtual,91.2,10.3,10.0,2.2,2
NOT092-004165,2025-11-07,S1,virtual,87.0,14.3,13.4,3.2,3
NOT092-004166,2025-11-07,S2,virtual,88.7,14.2,13.1,9.4,3
NOT092-004167,2025-11-07,S3,presencial,83.8,10.7,8.5,2.6,3
NOT092-004168,2025-11-07,S1,virtual,89.0,9.2,12.1,6.9,2
NOT092-004169,2025-11-08,S2,presencial,88.6,13.8,14.6,7.2,0
NOT092-004170,2025-11-08,S3,virtual,91.9,8.2,9.3,4.7,8
NOT092-004171,2025-11-08,S1,virtual,92.9,6.5,12.1,4.5,9
NOT092-004172,2025-11-08,S2, VIRTUAL ,77.2,10.4,8.3,10.0,1
NOT092-004173,2025-11-08,S3,presencial,51.8,11.5,13.7,11.1,1
NOT092-004174,2025-11-08,S1,presencial,94.2,9.6,10.7,6.2,2
NOT092-004175,2025-11-09,S2,virtual,69.6,5.7,6.6,7.0,9
NOT092-004176,2025-11-09,S3,presencial,81.8,8.5,8.0,1.1,6
NOT092-004177,2025-11-09,S1,presencial,78.1,6.0,5.6,0.7,5
NOT092-004178,2025-11-09,S2,virtual,64.0,7.6,8.3,6.0,3
NOT092-004179,2025-11-09,S3,virtual,78.0,10.9,8.3,0.3,2
NOT092-004180,2025-11-09,S1,presencial,94.3,13.7,15.0,3.3,1
NOT092-004181,2025-11-10,S2,virtual,74.2,7.1,9.6,6.1,7
NOT092-004182,2025-11-10,S3,presencial,80.0,12.9,10.7,1.3,3
NOT092-004183,2025-11-10,S1,presencial,39.0,9.6,11.5,10.9,3
NOT092-004184,2025-11-10,S2,presencial,74.1,9.8,9.5,6.6,7
NOT092-004185,2025-11-10,S3,presencial,99.2,9.0,10.2,5.9,10
NOT092-004186,2025-11-10,S1,presencial,63.0,11.4,14.2,6.1,0
NOT092-004187,2025-11-10,S2,presencial,90.2,8.5,12.7,6.7,9
NOT092-004188,2025-11-11,S3,presencial,98.5,10.7,12.3,10.0,0
NOT092-004189,2025-11-11,S1,virtual,91.8,12.7,10.1,4.1,3
NOT092-004190,2025-11-11,S2,presencial,94.8,9.0,13.0,11.8,5
NOT092-004191,2025-11-11,S3,presencial,96.2,9.7,11.7,7.0,3
NOT092-004192,2025-11-11,S1,presencial,77.9,12.9,12.3,2.2,1
NOT092-004193,2025-11-11,S2,virtual,100,16.0,11.3,0.8,1
NOT092-004194,2025-11-12,S3,virtual,88.5,10.6,10.1,11.5,3
NOT092-004195,2025-11-12,S1,presencial,88.3,11.1,13.0,6.5,2
NOT092-004196,2025-11-12,S2,presencial,42.1,14.5,12.6,11.7,3
NOT092-004197,2025-11-12,S3,virtual,73.3,9.4,13.5,1.7,7
NOT092-004198,2025-11-12,S1,virtual,47.2,12.0,8.7,3.7,0
NOT092-004199,2025-11-12,S2,presencial,63.8,13.9,9.9,2.7,3
NOT092-004200,2025-11-13,S3,virtual,100,7.9,9.6,3.3,2
NOT092-004201,2025-11-13,S1,virtual,82.3,10.1,12.2,3.6,3
NOT092-004202,2025-11-13,S2,presencial,94.9,9.9,9.0,0.0,2
NOT092-004203,2025-11-13,S3,presencial,71.4,8.2,6.9,0.8,2
NOT092-004204,2025-11-13,S1,presencial,79.7,7.1,9.9,10.9,7
NOT092-004205,2025-11-13,S2,virtual,81.6,9.1,7.6,2.8,6
NOT092-004206,2025-11-14,S3,virtual,81.9,8.5,8.4,2.9,8
NOT092-004207,2025-11-14,S1,virtual,85.1,5.4,9.5,5.1,10
NOT092-004208,2025-11-14,S2,presencial,70.8,10.8,13.8,3.1,2
NOT092-004209,2025-11-14,S3,presencial,77.9,11.3,10.1,10.3,3
NOT092-004210,2025-11-14,S1,virtual,85.0,12.5,11.4,8.6,0
NOT092-004211,2025-11-14,S2,virtual,50.7,13.0,13.6,11.1,1
NOT092-004212,2025-11-15,S3,virtual,52.7,8.9,7.4,4.5,7
NOT092-004213,2025-11-15,S1,presencial,60.9,11.4,11.1,0.2,1
NOT092-004214,2025-11-15,S2,presencial,64.5,16.0,18.5,11.5,2
NOT092-004215,2025-11-15,S3,virtual,78.4,13.8,12.1,2.9,0
NOT092-004216,2025-11-15,S1,presencial,95.3,14.5,14.3,7.5,2
NOT092-004217,2025-11-15,S2,presencial,65.4,10.1,7.4,11.8,1
NOT092-004218,2025-11-16,S3,virtual,76.1,10.9,7.4,4.9,0
NOT092-004219,2025-11-16,S1,presencial,54.6,7.1,9.8,3.7,7
NOT092-004220,2025-11-16,S2,presencial,100,13.9,14.6,4.9,3
NOT092-004221,2025-11-16,S3,presencial,78.8,9.6,"7,8",7.6,6
NOT092-004222,2025-11-16,S1,presencial,99.2,12.4,13.7,3.6,0
NOT092-004223,2025-11-16,S2,virtual,77.6,10.5,6.9,3.0,2
NOT092-004224,2025-11-17,S3,virtual,86.2,12.4,11.4,8.6,0
NOT092-004225,2025-11-17,S1,presencial,90.3,8.5,8.7,11.6,3
NOT092-004226,2025-11-17,S2,presencial,58.9,10.6,10.4,10.2,2
NOT092-004227,2025-11-17,S3,virtual,85.4,8.4,9.8,5.4,5
NOT092-004228,2025-11-17,S1,virtual,93.7,12.2,13.8,8.5,3
NOT092-004229,2025-11-17,S2,virtual,74.0,7.8,9.3,0.6,3
NOT092-004230,2025-11-17,S3,virtual,48.7,11.4,11.1,8.6,1
NOT092-004231,2025-11-18,S1,presencial,92.8,10.4,11.2,9.5,2
NOT092-004232,2025-11-18,S2,virtual,100,12.3,13.0,8.2,3
NOT092-004233,2025-11-18,S3,presencial,86.6,8.8,13.0,6.6,10
NOT092-004234,2025-11-18,S1,presencial,100,15.1,,0.7,0
NOT092-004235,2025-11-18,S2,virtual,95.4,9.9,10.3,7.6,10
NOT092-004236,2025-11-18,S3,virtual,94.9,15.4,12.3,6.2,1
NOT092-004237,2025-11-19,S1,virtual,92.7,10.9,13.9,11.6,0
NOT092-004238,2025-11-19,S2,virtual,82.7,10.2,12.5,3.4,3
NOT092-004239,2025-11-19,S3,virtual,84.9,8.9,10.1,9.7,3
NOT092-004240,2025-11-19,S1,presencial,32.9,11.2,13.2,11.2,3
NOT092-004241,2025-11-19,S2,virtual,72.4,11.1,10.1,1.4,3
NOT092-004242,2025-11-19,S3,virtual,72.5,14.5,17.4,10.8,0
NOT092-004243,2025-11-20,S1,virtual,45.6,8.8,12.0,4.1,6
NOT092-004244,2025-11-20,S2,presencial,70.9,14.5,18.1,5.7,3
NOT092-004245,2025-11-20,S3,presencial,62.9,10.1,9.2,9.1,0
NOT092-004246,2025-11-20,S1,virtual,89.9,6.3,9.5,0.5,3
NOT092-004247,2025-11-20,S2,virtual,71.8,14.0,11.3,10.5,1
NOT092-004248,2025-11-20,S3,virtual,72.4,9.6,8.8,2.3,2
NOT092-004249,2025-11-21,S1,presencial,60.4,9.0,11.1,11.5,5
NOT092-004250,2025-11-21,S2,presencial,83.1,11.6,13.4,3.8,3
NOT092-004251,2025-11-21,S3,virtual,84.0,14.3,19.2,10.8,2
NOT092-004252,2025-11-21,S1,virtual,64.7,9.1,16.1,11.7,9
NOT092-004253,2025-11-21,S2,virtual,55.4,7.2,7.5,9.0,5
NOT092-004254,2025-11-21,S3,virtual,51.1,7.6,8.2,9.2,9
NOT092-004255,2025-11-22,S1,presencial,68.9,15.1,13.4,4.1,3
NOT092-004256,2025-11-22,S2,presencial,72.1,13.2,12.3,5.1,3
NOT092-004257,2025-11-22,S3,virtual,100,15.7,13.7,3.2,1
NOT092-004258,2025-11-22,S1,virtual,84.0,10.5,13.0,6.7,2
NOT092-004259,2025-11-22,S2,presencial,81.4,8.7,11.8,7.4,8
NOT092-004260,2025-11-22,S3,presencial,71.5,3.8,6.0,6.5,2
NOT092-004261,2025-11-23,S1,presencial,81.6,7.7,9.7,7.9,6
NOT092-004262,2025-11-23,S2,virtual,89.5,13.4,15.6,8.0,1
NOT092-004263,2025-11-23,S3,presencial,70.0,12.2,12.1,0.7,2
NOT092-004264,2025-11-23,S1,presencial,51.2,6.9,6.7,4.9,4
NOT092-004265,2025-11-23,S2,presencial,100,16.4,18.8,6.5,2
NOT092-004266,2025-11-23,S3,presencial,73.6,9.3,12.7,8.8,9
NOT092-004267,2025-11-23,S1,virtual,53.2,11.4,7.1,0.5,2
NOT092-004268,2025-11-24,S2,virtual,51.3,9.3,12.3,11.5,6
NOT092-004269,2025-11-24,S3, VIRTUAL ,75.9,9.9,13.2,1.3,4
NOT092-004270,2025-11-24,S1,presencial,87.2,13.0,11.3,0.1,0
NOT092-004271,2025-11-24,S2,virtual,75.3,9.4,9.0,9.9,7
NOT092-004272,2025-11-24,S3,presencial,95.8,12.5,11.1,6.0,0
NOT092-004273,2025-11-24,S1,virtual,78.5,12.4,15.1,4.1,1
NOT092-004274,2025-11-25,S2,virtual,75.4,13.6,13.6,7.0,3
NOT092-004275,2025-11-25,S3,virtual,95.1,12.7,12.0,4.7,2
NOT092-004276,2025-11-25,S1,presencial,88.0,8.6,11.5,9.0,8
NOT092-004277,2025-11-25,S2,virtual,77.8,11.3,9.5,10.4,3
NOT092-004278,2025-11-25,S3,virtual,95.5,9.3,7.2,0.9,7
NOT092-004279,2025-11-25,S1,virtual,71.3,12.1,9.3,1.6,1
NOT092-004280,2025-11-26,S2,virtual,77.6,12.0,11.7,1.5,1
NOT092-004281,2025-11-26,S3,virtual,72.9,7.9,7.7,5.2,6
NOT092-004282,2025-11-26,S1,presencial,75.8,6.8,4.2,5.7,4
NOT092-004283,2025-11-26,S2,presencial,81.4,10.4,8.5,3.9,1
NOT092-004284,2025-11-26,S3,presencial,62.4,6.1,4.5,0.8,2
NOT092-004285,2025-11-26,S1,presencial,85.9,10.4,11.7,6.5,3
NOT092-004286,2025-11-27,S2,virtual,79.7,15.5,11.7,7.5,3
NOT092-004287,2025-11-27,S3,presencial,65.6,11.8,11.3,7.1,1
NOT092-004288,2025-11-27,S1,virtual,96.8,8.0,12.2,8.5,2
NOT092-004289,2025-11-27,S2,presencial,100,13.9,13.7,5.6,2
NOT092-004290,2025-11-27,S3,presencial,93.7,8.9,8.8,9.1,3
NOT092-004291,2025-11-27,S1,virtual,68.5,8.6,6.2,2.9,4
NOT092-004292,2025-11-28,S2,presencial,56.6,10.6,10.0,1.2,0
NOT092-004293,2025-11-28,S3,presencial,74.0,10.1,12.1,8.4,0
NOT092-004294,2025-11-28,S1,virtual,100,5.8,7.5,1.2,5
NOT092-004295,2025-11-28,S2,virtual,99.8,11.4,10.9,0.9,3
NOT092-004296,2025-11-28,S3,virtual,76.1,11.8,14.2,11.0,3
NOT092-004297,2025-11-28,S1,virtual,80.5,10.9,12.5,10.7,3
NOT092-004298,2025-11-29,S2,virtual,75.2,11.5,7.8,1.7,2
NOT092-004299,2025-11-29,S3,presencial,68.2,8.7,7.8,2.5,7
NOT092-004300,2025-11-29,S1,presencial,94.0,11.3,11.7,10.6,1
NOT092-004301,2025-11-29,S2,presencial,100,16.5,16.9,4.6,1
NOT092-004302,2025-11-29,S3,virtual,85.3,7.5,9.4,9.7,8
NOT092-004303,2025-11-29,S1,presencial,83.7,15.6,17.0,9.4,1
NOT092-004304,2025-11-29,S2,presencial,94.5,7.7,11.9,8.9,8
NOT092-004305,2025-11-30,S3,virtual,45.8,12.5,10.8,2.9,1
NOT092-004306,2025-11-30,S1,presencial,100,10.2,11.7,4.8,3
NOT092-004307,2025-11-30,S2,virtual,49.2,10.8,10.4,2.2,1
NOT092-004308,2025-11-30,S3,presencial,100,12.4,14.3,2.3,0
NOT092-004309,2025-11-30,S1,presencial,77.1,12.4,12.9,0.3,3
NOT092-004310,2025-11-30,S2,presencial,57.5,10.6,7.7,4.4,1
NOT092-004311,2025-12-01,S3,virtual,96.8,7.2,-999,4.3,10
NOT092-004312,2025-12-01,S1,virtual,99.1,10.5,11.5,1.6,0
NOT092-004313,2025-12-01,S2,presencial,81.4,10.3,10.1,8.1,1
NOT092-004314,2025-12-01,S3,presencial,77.3,13.9,12.5,10.2,3
NOT092-004315,2025-12-01,S1,presencial,74.6,11.3,13.7,11.9,0
NOT092-004316,2025-12-01,S2,virtual,53.4,12.3,10.1,1.2,2
NOT092-004317,2025-12-02,S3,presencial,51.2,12.5,,2.8,2
NOT092-004318,2025-12-02,S1,presencial,58.2,11.8,7.8,7.0,3
NOT092-004319,2025-12-02,S2,virtual,88.0,8.7,11.0,8.4,3
NOT092-004320,2025-12-02,S3,virtual,66.7,11.6,13.5,8.3,1
NOT092-004321,2025-12-02,S1,virtual,70.8,10.3,9.7,6.1,2
NOT092-004322,2025-12-02,S2,virtual,95.3,9.9,14.4,8.8,4
NOT092-004323,2025-12-03,S3,presencial,80.6,12.3,10.0,3.1,2
NOT092-004324,2025-12-03,S1,virtual,52.9,10.1,7.8,6.6,1
NOT092-004325,2025-12-03,S2,presencial,82.0,9.4,7.8,10.9,6
NOT092-004326,2025-12-03,S3,presencial,92.2,11.4,8.8,2.4,1
NOT092-004327,2025-12-03,S1,virtual,42.6,14.3,12.9,0.1,0
NOT092-004328,2025-12-03,S2,presencial,52.5,9.2,7.5,6.3,10
NOT092-004329,2025-12-04,S3,virtual,57.5,11.2,7.2,0.5,3
NOT092-004330,2025-12-04,S1,virtual,95.4,8.2,8.1,10.0,2
NOT092-004331,2025-12-04,S2,presencial,99.8,10.9,12.2,4.3,1
NOT092-004332,2025-12-04,S3,virtual,70.4,8.8,9.0,6.3,9
NOT092-004333,2025-12-04,S1,presencial,73.3,13.8,11.0,0.5,1
NOT092-004334,2025-12-04,S2,presencial,57.9,17.0,15.5,0.2,0
NOT092-004335,2025-12-05,S3,presencial,87.5,14.8,14.3,4.3,1
NOT092-004336,2025-12-05,S1,virtual,46.1,16.6,17.6,6.8,2
NOT092-004337,2025-12-05,S2,presencial,73.6,5.1,8.7,7.3,7
NOT092-004338,2025-12-05,S3,presencial,85.7,10.4,13.6,9.7,2
NOT092-004339,2025-12-05,S1,presencial,100,14.4,13.4,6.5,1
NOT092-004340,2025-12-05,S2,presencial,78.2,14.4,15.7,3.6,3
NOT092-004341,2025-12-06,S3,virtual,76.7,13.2,18.3,11.7,2
NOT092-004342,2025-12-06,S1,virtual,88.8,14.2,15.9,9.8,3
NOT092-004343,2025-12-06,S2,virtual,79.1,8.6,10.6,3.0,8
NOT092-004344,2025-12-06,S3,presencial,33.9,11.0,13.0,3.8,0
NOT092-004345,2025-12-06,S1,virtual,84.7,12.8,11.4,11.0,3
NOT092-004346,2025-12-06,S2,virtual,96.1,11.7,12.1,7.8,0
NOT092-004347,2025-12-06,S3,virtual,91.9,13.1,12.6,4.5,0
NOT092-004348,2025-12-07,S1,virtual,97.2,10.0,8.1,3.4,0
NOT092-004349,2025-12-07,S2,virtual,86.2,10.9,10.0,6.3,1
NOT092-004350,2025-12-07,S3,virtual,59.5,11.7,7.7,1.5,3
NOT092-004351,2025-12-07,S1,virtual,91.8,10.4,11.4,9.4,1
NOT092-004352,2025-12-07,S2,presencial,53.0,14.3,12.5,5.5,0
NOT092-004353,2025-12-07,S3,presencial,49.3,20,13.4,11.3,3
NOT092-004354,2025-12-08,S1,presencial,91.8,11.5,12.3,8.7,3
NOT092-004355,2025-12-08,S2,virtual,56.4,13.3,8.5,6.8,3
NOT092-004356,2025-12-08,S3,virtual,72.8,9.4,11.7,8.6,10
NOT092-004357,2025-12-08,S1,presencial,68.4,9.1,11.2,0.8,4
NOT092-004358,2025-12-08,S2,virtual,77.5,10.4,9.6,0.0,1
NOT092-004359,2025-12-08,S3,virtual,86.6,11.4,13.6,0.1,2
NOT092-004360,2025-12-09,S1,virtual,66.6,16.9,13.7,4.9,2
NOT092-004361,2025-12-09,S2,presencial,66.3,9.5,10.6,7.2,8
NOT092-004362,2025-12-09,S3,presencial,97.6,9.8,12.7,6.6,9
NOT092-004363,2025-12-09,S1,presencial,55.6,9.4,9.0,1.3,3
NOT092-004364,2025-12-09,S2,presencial,74.0,8.9,7.7,8.3,8
NOT092-004365,2025-12-09,S3,virtual,59.1,7.3,10.2,9.5,10
NOT092-004366,2025-12-10,S1, PRESENCIAL ,69.8,6.6,9.3,0.7,10
NOT092-004367,2025-12-10,S2,virtual,92.5,10.9,9.0,1.4,2
NOT092-004368,2025-12-10,S3,presencial,78.1,12.5,11.6,7.7,3
NOT092-004369,2025-12-10,S1,virtual,88.8,9.7,13.7,11.9,8
NOT092-004370,2025-12-10,S2,virtual,93.9,15.5,19.0,4.6,0
NOT092-004371,2025-12-10,S3,virtual,76.7,16.8,10.3,2.3,1
NOT092-004372,2025-12-11,S1,virtual,51.0,10.6,13.3,7.0,3
NOT092-004373,2025-12-11,S2,presencial,70.7,10.8,10.0,7.0,3
NOT092-004374,2025-12-11,S3,virtual,77.0,8.1,7.9,5.1,2
NOT092-004375,2025-12-11,S1,presencial,56.8,15.2,13.6,7.9,2
NOT092-004376,2025-12-11,S2,virtual,63.1,13.7,13.3,8.5,3
NOT092-004377,2025-12-11,S3,presencial,72.8,11.6,10.0,3.6,3
NOT092-004378,2025-12-12,S1,virtual,78.0,8.3,11.1,11.1,4
NOT092-004379,2025-12-12,S2,virtual,91.3,11.1,10.1,2.5,3
NOT092-004380,2025-12-12,S3,presencial,100,10.9,10.7,3.9,3
NOT092-004381,2025-12-12,S1,virtual,82.1,6.6,6.1,3.7,3
NOT092-004382,2025-12-12,S2,virtual,49.0,7.7,8.1,2.4,8
NOT092-004383,2025-12-12,S3,virtual,77.3,11.8,10.8,0.6,3
NOT092-004384,2025-12-12,S1,virtual,84.3,14.5,15.1,11.5,2
NOT092-004385,2025-12-13,S2,presencial,69.2,10.4,11.3,11.6,2
NOT092-004386,2025-12-13,S3,virtual,58.6,12.3,13.0,4.2,1
NOT092-004387,2025-12-13,S1,presencial,87.4,4.4,10.6,9.3,5
NOT092-004388,2025-12-13,S2,presencial,100,8.5,10.5,8.4,4
NOT092-004389,2025-12-13,S3,virtual,96.9,7.0,4.5,0.7,10
NOT092-004390,2025-12-13,S1,virtual,78.7,13.1,10.9,5.8,2
NOT092-004391,2025-12-14,S2,virtual,100,9.5,5.7,2.2,9
NOT092-004392,2025-12-14,S3,virtual,82.4,10.8,11.5,5.9,2
NOT092-004393,2025-12-14,S1,virtual,76.7,8.7,10.1,10.6,4
NOT092-004394,2025-12-14,S2,virtual,32.9,17.8,13.0,3.2,2
NOT092-004395,2025-12-14,S3,presencial,71.6,9.8,11.2,0.2,2
NOT092-004396,2025-12-14,S1,presencial,67.2,10.1,7.7,11.4,0
NOT092-004397,2025-12-15,S2,presencial,92.9,11.1,14.8,8.3,0
NOT092-004398,2025-12-15,S3,presencial,84.7,16.1,17.2,10.0,1
NOT092-004399,2025-12-15,S1,virtual,76.0,4.4,8.8,10.3,2
NOT092-004400,2025-12-15,S2,virtual,56.5,10.4,,7.1,2
NOT092-004401,2025-12-15,S3,virtual,69.1,12.3,12.9,1.7,2
NOT092-004402,2025-12-15,S1,virtual,98.6,7.3,14.5,10.6,8
NOT092-004403,2025-12-16,S2,virtual,69.5,11.9,10.4,1.6,2
NOT092-004404,2025-12-16,S3,virtual,53.7,7.8,9.0,5.5,8
NOT092-004405,2025-12-16,S1,virtual,44.9,14.5,10.8,3.7,2
NOT092-004406,2025-12-16,S2,virtual,72.4,10.8,12.9,10.2,3
NOT092-004407,2025-12-16,S3,virtual,95.4,13.6,15.5,10.4,3
NOT092-004408,2025-12-16,S1,presencial,72.3,12.3,8.9,1.7,3
NOT092-004409,2025-12-17,S2,presencial,93.5,8.5,10.5,11.5,5
NOT092-004410,2025-12-17,S3,presencial,76.8,8.5,13.3,8.4,8
NOT092-004411,2025-12-17,S1,virtual,56.1,12.1,9.1,1.4,1
NOT092-004412,2025-12-17,S2,virtual,78.1,8.8,13.0,10.4,4
NOT092-004413,2025-12-17,S3,virtual,68.0,8.2,13.0,5.9,6
NOT092-004414,2025-12-17,S1,virtual,99.6,7.8,11.5,2.2,10
NOT092-004415,2025-12-18,S2,virtual,100,14.8,13.1,0.4,1
NOT092-004416,2025-12-18,S3,virtual,97.6,13.4,12.8,1.1,2
NOT092-004417,2025-12-18,S1,virtual,88.8,15.6,12.2,10.4,2
NOT092-004418,2025-12-18,S2,presencial,71.6,10.9,14.5,1.8,2
NOT092-004419,2025-12-18,S3,virtual,75.9,10.5,5.8,10.8,0
NOT092-004420,2025-12-18,S1,virtual,54.6,9.1,8.1,6.6,6
NOT092-004421,2025-12-19,S2,virtual,50.1,10.2,12.8,4.6,3
NOT092-004422,2025-12-19,S3,virtual,71.8,13.6,14.1,0.4,2
NOT092-004423,2025-12-19,S1,virtual,75.2,8.8,9.1,8.9,8
NOT092-004424,2025-12-19,S2,virtual,100,15.1,16.9,9.9,1
NOT092-004425,2025-12-19,S3,presencial,94.9,9.0,11.9,5.7,8
NOT092-004426,2025-12-19,S1,presencial,78.6,7.3,9.2,7.7,9
NOT092-004427,2025-12-19,S2,virtual,89.4,7.2,8.7,2.3,9
NOT092-004428,2025-12-20,S3,presencial,83.8,12.4,10.5,6.5,1
NOT092-004429,2025-12-20,S1,presencial,87.4,9.1,11.4,9.9,6
NOT092-004430,2025-12-20,S2,presencial,60.6,9.8,9.9,7.6,8
NOT092-004431,2025-12-20,S3,virtual,100,5.7,16.1,7.5,9
NOT092-004432,2025-12-20,S1,presencial,63.3,16.5,"12,8",8.2,0
NOT092-004433,2025-12-20,S2,presencial,72.4,11.8,9.6,5.4,1
NOT092-004434,2025-12-21,S3,virtual,45.2,15.8,15.0,9.6,3
NOT092-004435,2025-12-21,S1,presencial,99.5,7.7,10.8,0.4,6
NOT092-004436,2025-12-21,S2,presencial,100,11.0,10.1,2.9,1
NOT092-004437,2025-12-21,S3,presencial,97.1,12.8,14.0,7.2,1
NOT092-004438,2025-12-21,S1,virtual,86.4,7.8,10.7,6.7,9
NOT092-004439,2025-12-21,S2,virtual,62.7,15.2,16.4,8.4,1
NOT092-004440,2025-12-22,S3,virtual,74.3,9.2,13.7,0.9,5
NOT092-004441,2025-12-22,S1,virtual,92.9,13.5,14.1,4.8,1
NOT092-004442,2025-12-22,S2,virtual,81.8,11.2,10.6,11.2,3
NOT092-004443,2025-12-22,S3,presencial,49.3,6.0,5.8,2.0,6
NOT092-004444,2025-12-22,S1,virtual,88.2,4.4,9.6,0.3,2
NOT092-004445,2025-12-22,S2,virtual,63.0,13.0,12.5,9.3,0
NOT092-004446,2025-12-23,S3,virtual,54.0,16.0,17.6,10.6,3
NOT092-004447,2025-12-23,S1,presencial,81.4,7.6,9.3,3.2,7
NOT092-004448,2025-12-23,S2,presencial,71.5,13.5,8.5,5.0,3
NOT092-004449,2025-12-23,S3,virtual,72.1,13.4,14.7,10.6,0
NOT092-004450,2025-12-23,S1,presencial,72.1,14.3,13.6,1.1,3
NOT092-004451,2025-12-23,S2,presencial,97.3,6.6,10.4,11.8,3
NOT092-004452,2025-12-24,S3,virtual,73.9,8.5,11.9,6.6,6
NOT092-004453,2025-12-24,S1,presencial,65.2,11.2,10.3,11.1,0
NOT092-004454,2025-12-24,S2,virtual,51.1,9.1,9.2,2.8,6
NOT092-004455,2025-12-24,S3,presencial,89.2,4.9,8.5,8.6,8
NOT092-004456,2025-12-24,S1,presencial,53.5,10.2,9.9,9.4,0
NOT092-004457,2025-12-24,S2,presencial,87.8,7.1,11.0,5.5,4
NOT092-004458,2025-12-25,S3,presencial,93.3,9.8,5.9,5.1,4
NOT092-004459,2025-12-25,S1,presencial,100,12.9,11.4,6.2,0
NOT092-004460,2025-12-25,S2,virtual,60.7,11.0,13.9,0.8,3
NOT092-004461,2025-12-25,S3,virtual,73.9,11.3,9.9,1.0,3
NOT092-004462,2025-12-25,S1,presencial,65.8,8.9,7.6,5.0,3
NOT092-004463,2025-12-25,S2, PRESENCIAL ,77.6,10.5,12.3,0.6,1
NOT092-004464,2025-12-25,S3,virtual,82.0,6.4,4.0,6.2,7
NOT092-004465,2025-12-26,S1,presencial,37.9,9.7,6.3,2.1,8
NOT092-004466,2025-12-26,S2,presencial,80.2,14.3,17.9,11.6,3
NOT092-004467,2025-12-26,S3,virtual,74.5,7.0,7.6,3.1,7
NOT092-004468,2025-12-26,S1,virtual,55.6,12.9,15.7,10.7,2
NOT092-004469,2025-12-26,S2,presencial,85.7,5.6,8.5,8.0,4
NOT092-004470,2025-12-26,S3,presencial,81.3,8.4,11.8,10.8,7
NOT092-004471,2025-12-27,S1,virtual,82.0,14.1,12.2,0.7,1
NOT092-004472,2025-12-27,S2,virtual,76.2,8.4,13.6,9.3,10
NOT092-004473,2025-12-27,S3,presencial,64.3,8.7,10.1,11.3,3
NOT092-004474,2025-12-27,S1,virtual,99.7,13.9,14.8,8.8,0
NOT092-004475,2025-12-27,S2,virtual,78.2,15.8,14.5,5.1,2
NOT092-004476,2025-12-27,S3,presencial,100,12.3,10.6,9.9,2
NOT092-004477,2025-12-28,S1,virtual,83.6,7.0,8.0,7.6,7
NOT092-004478,2025-12-28,S2,virtual,69.6,12.0,9.3,3.3,1
NOT092-004479,2025-12-28,S3,presencial,77.2,8.9,14.2,3.5,3
NOT092-004480,2025-12-28,S1,presencial,58.7,9.1,13.1,3.5,9
NOT092-004481,2025-12-28,S2,virtual,88.3,11.5,12.5,9.2,2
NOT092-004482,2025-12-28,S3,presencial,61.1,9.7,13.9,4.1,4
NOT092-004483,2025-12-29,S1,virtual,74.3,12.0,,10.3,2
NOT092-004484,2025-12-29,S2,virtual,90.2,13.7,14.7,5.0,1
NOT092-004485,2025-12-29,S3,presencial,72.0,6.5,7.7,0.7,3
NOT092-004486,2025-12-29,S1,presencial,97.8,10.9,10.4,3.1,1
NOT092-004487,2025-12-29,S2,presencial,94.9,14.5,13.6,4.7,3
NOT092-004488,2025-12-29,S3,presencial,99.4,9.6,15.8,4.8,5
NOT092-004489,2025-12-30,S1,virtual,67.5,10.3,10.0,8.0,2
NOT092-004490,2025-12-30,S2,virtual,79.9,11.3,12.0,3.7,3
NOT092-004491,2025-12-30,S3,presencial,55.9,9.7,10.8,10.4,2
NOT092-004492,2025-12-30,S1,virtual,96.5,13.8,14.7,7.0,1
NOT092-004493,2025-12-30,S2,virtual,100,8.4,12.5,0.4,10
NOT092-004494,2025-12-30,S3,presencial,55.2,9.6,11.7,4.5,8
NOT092-004495,2025-12-31,S1,presencial,90.2,10.2,13.1,10.7,1
NOT092-004496,2025-12-31,S2,virtual,64.2,1.2,2.5,4.7,2
NOT092-004497,2025-12-31,S3,presencial,89.9,12.4,12.0,5.5,3
NOT092-004498,2025-12-31,S1,presencial,82.1,7.1,8.4,8.6,6
NOT092-004499,2025-12-31,S2,presencial,80.3,11.5,17.2,9.2,0
NOT092-004500,2025-12-31,S3,virtual,66.9,9.8,8.2,8.6,5
NOT092-001443,2024-08-22,S3,virtual,81.9,11.9,16.5,4.5,1
NOT092-002755,2025-03-23,S1,presencial,89.0,11.4,13.8,7.1,3
NOT092-001142,2024-07-04,S2,virtual,69.4,9.9,12.6,10.2,4
NOT092-000602,2024-04-07,S2,virtual,100,8.1,10.5,11.4,4
NOT092-004126,2025-11-01,S1,virtual,47.1,12.4,11.2,10.2,0
NOT092-000348,2024-02-26,S3,virtual,63.9,5.4,8.0,4.3,2
NOT092-002585,2025-02-23,S2,virtual,87.6,12.0,12.2,2.9,3
NOT092-002545,2025-02-17,S1,presencial,77.4,6.9,9.0,8.0,7
NOT092-004224,2025-11-17,S3,virtual,86.2,12.4,11.4,8.6,0
NOT092-000532,2024-03-27,S1,virtual,53.1,7.1,9.8,3.2,3
NOT092-001205,2024-07-14,S2,presencial,71.2,7.7,10.8,8.6,3
NOT092-002787,2025-03-28,S3,presencial,84.2,11.3,13.0,10.1,1
NOT092-003837,2025-09-15,S3,presencial,100,10.3,12.6,6.3,1
NOT092-000568,2024-04-02,S1,presencial,65.3,12.9,11.2,9.0,2
NOT092-001559,2024-09-10,S2,virtual,69.2,11.9,13.3,7.6,0
