registro_id,fecha,zona,canal,invitado,responde,satisfaccion,peso
ENC097-000001,2024-01-01,norte,web,1,1,5,1.6
ENC097-000002,2024-01-01,centro,telefono,1,0,,4.0
ENC097-000003,2024-01-01,sur,telefono,1,1,4,2.4
ENC097-000004,2024-01-01,norte,telefono,1,1,4,1.6
ENC097-000005,2024-01-01,centro,telefono,1,0,,4.0
ENC097-000006,2024-01-01,sur,web,1,1,4,2.4
ENC097-000007,2024-01-01,norte,telefono,1,1,5,1.6
ENC097-000008,2024-01-02,centro,web,1,1,2,4.0
ENC097-000009,2024-01-02,sur,web,1,1,4,2.4
ENC097-000010,2024-01-02,norte,telefono,1,0,,1.6
ENC097-000011,2024-01-02,centro,telefono,1,1,3,4.0
ENC097-000012,2024-01-02,sur,telefono,1,1,2,2.4
ENC097-000013,2024-01-02,norte,web,1,1,3,1.6
ENC097-000014,2024-01-03,centro,telefono,1,0,,4.0
ENC097-000015,2024-01-03,sur,telefono,1,1,4,2.4
ENC097-000016,2024-01-03,norte,web,1,1,3,1.6
ENC097-000017,2024-01-03,centro,web,1,1,3,4.0
ENC097-000018,2024-01-03,sur,telefono,1,1,2,2.4
ENC097-000019,2024-01-03,norte,web,1,1,5,1.6
ENC097-000020,2024-01-04,centro,telefono,1,0,,4.0
ENC097-000021,2024-01-04,sur,web,1,1,5,2.4
ENC097-000022,2024-01-04,norte,telefono,1,0,,1.6
ENC097-000023,2024-01-04,centro,telefono,1,0,,4.0
ENC097-000024,2024-01-04,sur,telefono,1,1,4,2.4
ENC097-000025,2024-01-04,norte,telefono,1,1,4,1.6
ENC097-000026,2024-01-05,centro,telefono,1,0,,4.0
ENC097-000027,2024-01-05,sur,telefono,1,1,5,2.4
ENC097-000028,2024-01-05,norte,telefono,1,1,4,1.6
ENC097-000029,2024-01-05,centro,telefono,1,0,,4.0
ENC097-000030,2024-01-05,sur,web,1,1,3,2.4
ENC097-000031,2024-01-05,norte,telefono,1,1,5,1.6
ENC097-000032,2024-01-06,centro,web,1,1,4,4.0
ENC097-000033,2024-01-06,sur,web,1,0,,2.4
ENC097-000034,2024-01-06,norte,telefono,1,1,3,1.6
ENC097-000035,2024-01-06,centro,web,1,0,,4.0
ENC097-000036,2024-01-06,sur,web,1,0,,2.4
ENC097-000037,2024-01-06,norte,web,1,1,4,1.6
ENC097-000038,2024-01-07,centro,web,1,1,2,4.0
ENC097-000039,2024-01-07,sur,web,1,1,5,2.4
ENC097-000040,2024-01-07,norte,telefono,1,1,5,1.6
ENC097-000041,2024-01-07,centro,web,1,0,,4.0
ENC097-000042,2024-01-07,sur,telefono,1,1,2,2.4
ENC097-000043,2024-01-07,norte,telefono,1,1,3,1.6
ENC097-000044,2024-01-07,centro,web,1,1,2,4.0
ENC097-000045,2024-01-08,sur,web,1,1,3,2.4
ENC097-000046,2024-01-08,norte,telefono,1,1,5,1.6
ENC097-000047,2024-01-08,centro,web,1,0,,4.0
ENC097-000048,2024-01-08,sur,web,1,1,3,2.4
ENC097-000049,2024-01-08,norte,web,1,1,4,1.6
ENC097-000050,2024-01-08,centro,web,1,0,,4.0
ENC097-000051,2024-01-09,sur,web,1,1,2,2.4
ENC097-000052,2024-01-09,norte,web,1,1,3,1.6
ENC097-000053,2024-01-09,centro,web,1,0,,4.0
ENC097-000054,2024-01-09,sur,telefono,1,1,4,2.4
ENC097-000055,2024-01-09,norte,telefono,1,1,5,1.6
ENC097-000056,2024-01-09,centro,web,1,0,,4.0
ENC097-000057,2024-01-10,sur,web,1,1,3,2.4
ENC097-000058,2024-01-10,norte,telefono,1,1,3,1.6
ENC097-000059,2024-01-10,centro,telefono,1,0,,4.0
ENC097-000060,2024-01-10,sur,web,1,1,5,2.4
ENC097-000061,2024-01-10,norte,web,1,1,4,1.6
ENC097-000062,2024-01-10,centro,telefono,1,0,,4.0
ENC097-000063,2024-01-11,sur,telefono,1,0,,2.4
ENC097-000064,2024-01-11,norte,telefono,1,1,4,1.6
ENC097-000065,2024-01-11,centro,telefono,1,0,,4.0
ENC097-000066,2024-01-11,sur,telefono,1,1,5,2.4
ENC097-000067,2024-01-11,norte,telefono,1,1,4,1.6
ENC097-000068,2024-01-11,centro,telefono,1,0,,4.0
ENC097-000069,2024-01-12,sur,telefono,1,1,4,2.4
ENC097-000070,2024-01-12,norte,telefono,1,0,,1.6
ENC097-000071,2024-01-12,centro,telefono,1,1,4,4.0
ENC097-000072,2024-01-12,sur,telefono,1,1,3,2.4
ENC097-000073,2024-01-12,norte,web,1,1,2,1.6
ENC097-000074,2024-01-12,centro,telefono,1,0,,4.0
ENC097-000075,2024-01-13,sur,telefono,1,0,,2.4
ENC097-000076,2024-01-13,norte,web,1,1,4,1.6
ENC097-000077,2024-01-13,centro,web,1,0,,4.0
ENC097-000078,2024-01-13,sur,telefono,1,1,5,2.4
ENC097-000079,2024-01-13,norte,web,1,1,4,1.6
ENC097-000080,2024-01-13,centro,telefono,1,0,,4.0
ENC097-000081,2024-01-13,sur,web,1,0,,2.4
ENC097-000082,2024-01-14,norte,telefono,1,1,2,1.6
ENC097-000083,2024-01-14,centro,telefono,1,1,3,4.0
ENC097-000084,2024-01-14,sur,web,1,0,,2.4
ENC097-000085,2024-01-14,norte,web,1,1,3,1.6
ENC097-000086,2024-01-14,centro,telefono,1,0,,4.0
ENC097-000087,2024-01-14,sur,web,1,0,,2.4
ENC097-000088,2024-01-15,norte,web,1,1,2,1.6
ENC097-000089,2024-01-15,centro,telefono,1,1,3,4.0
ENC097-000090,2024-01-15,sur,web,1,0,,2.4
ENC097-000091,2024-01-15,norte,web,1,0,,1.6
ENC097-000092,2024-01-15,centro,web,1,0,,4.0
ENC097-000093,2024-01-15,sur,web,1,1,1,2.4
ENC097-000094,2024-01-16,norte,web,1,1,4,1.6
ENC097-000095,2024-01-16,centro,telefono,1,0,,4.0
ENC097-000096,2024-01-16,sur,telefono,1,1,2,2.4
ENC097-000097,2024-01-16,norte,telefono,1,0,,1.6
ENC097-000098,2024-01-16, CENTRO ,web,1,0,,4.0
ENC097-000099,2024-01-16,sur,web,1,1,4,2.4
ENC097-000100,2024-01-17,norte,web,1,1,4,1.6
ENC097-000101,2024-01-17,centro,web,1,1,1,4.0
ENC097-000102,2024-01-17,sur,telefono,1,0,,2.4
ENC097-000103,2024-01-17,norte,telefono,1,0,,1.6
ENC097-000104,2024-01-17,centro,telefono,1,0,,4.0
ENC097-000105,2024-01-17,sur,web,1,0,,2.4
ENC097-000106,2024-01-18,norte,web,1,1,4,1.6
ENC097-000107,2024-01-18,centro,web,1,0,,4.0
ENC097-000108,2024-01-18,sur,telefono,1,0,,2.4
ENC097-000109,2024-01-18,norte,web,1,1,3,1.6
ENC097-000110,2024-01-18,centro,web,1,1,5,4.0
ENC097-000111,2024-01-18,sur,telefono,1,1,4,2.4
ENC097-000112,2024-01-19,norte,telefono,1,1,4,1.6
ENC097-000113,2024-01-19,centro,telefono,1,1,4,4.0
ENC097-000114,2024-01-19,sur,web,1,1,3,2.4
ENC097-000115,2024-01-19,norte,telefono,1,1,4,1.6
ENC097-000116,2024-01-19,centro,web,1,0,,4.0
ENC097-000117,2024-01-19,sur,telefono,1,1,5,2.4
ENC097-000118,2024-01-20,norte,telefono,1,1,4,1.6
ENC097-000119,2024-01-20,centro,telefono,1,1,2,4.0
ENC097-000120,2024-01-20,sur,web,1,0,,2.4
ENC097-000121,2024-01-20,norte,telefono,1,1,3,1.6
ENC097-000122,2024-01-20,centro,web,1,1,1,4.0
ENC097-000123,2024-01-20,sur,web,1,0,,2.4
ENC097-000124,2024-01-20,norte,web,1,1,3,1.6
ENC097-000125,2024-01-21,centro,telefono,1,0,,4.0
ENC097-000126,2024-01-21,sur,web,1,1,4,2.4
ENC097-000127,2024-01-21,norte,web,1,1,4,1.6
ENC097-000128,2024-01-21,centro,web,1,1,3,4.0
ENC097-000129,2024-01-21,sur,web,1,1,3,2.4
ENC097-000130,2024-01-21,norte,telefono,1,1,4,1.6
ENC097-000131,2024-01-22,centro,web,1,1,4,4.0
ENC097-000132,2024-01-22,sur,web,1,0,,2.4
ENC097-000133,2024-01-22,norte,telefono,1,1,4,1.6
ENC097-000134,2024-01-22,centro,web,1,0,,4.0
ENC097-000135,2024-01-22,sur,web,1,0,,2.4
ENC097-000136,2024-01-22,norte,telefono,1,1,5,1.6
ENC097-000137,2024-01-23,centro,telefono,1,1,3,4.0
ENC097-000138,2024-01-23,sur,web,1,0,,2.4
ENC097-000139,2024-01-23,norte,telefono,1,1,5,1.6
ENC097-000140,2024-01-23,centro,web,1,0,,4.0
ENC097-000141,2024-01-23,sur,telefono,1,0,,2.4
ENC097-000142,2024-01-23,norte,telefono,1,1,5,1.6
ENC097-000143,2024-01-24,centro,telefono,1,0,,4.0
ENC097-000144,2024-01-24,sur,telefono,1,1,2,2.4
ENC097-000145,2024-01-24,norte,telefono,1,1,5,1.6
ENC097-000146,2024-01-24,centro,web,1,0,,4.0
ENC097-000147,2024-01-24,sur,telefono,1,1,4,2.4
ENC097-000148,2024-01-24,norte,web,1,1,3,1.6
ENC097-000149,2024-01-25,centro,web,1,1,4,4.0
ENC097-000150,2024-01-25,sur,telefono,1,1,4,2.4
ENC097-000151,2024-01-25,norte,web,1,1,4,1.6
ENC097-000152,2024-01-25,centro,web,1,1,3,4.0
ENC097-000153,2024-01-25,sur,telefono,1,0,,2.4
ENC097-000154,2024-01-25,norte,web,1,1,5,1.6
ENC097-000155,2024-01-26,centro,telefono,1,1,2,4.0
ENC097-000156,2024-01-26,sur,web,1,1,3,2.4
ENC097-000157,2024-01-26,norte,web,1,1,3,1.6
ENC097-000158,2024-01-26,centro,web,1,1,2,4.0
ENC097-000159,2024-01-26,sur,web,1,0,,2.4
ENC097-000160,2024-01-26,norte,telefono,1,1,5,1.6
ENC097-000161,2024-01-26,centro,telefono,1,1,2,4.0
ENC097-000162,2024-01-27,sur,telefono,1,0,,2.4
ENC097-000163,2024-01-27,norte,telefono,1,1,5,1.6
ENC097-000164,2024-01-27,centro,telefono,1,0,,4.0
ENC097-000165,2024-01-27,sur,web,1,0,,2.4
ENC097-000166,2024-01-27,norte,telefono,1,1,4,1.6
ENC097-000167,2024-01-27,centro,web,1,0,,4.0
ENC097-000168,2024-01-28,sur,telefono,1,1,3,2.4
ENC097-000169,2024-01-28,norte,web,1,1,4,1.6
ENC097-000170,2024-01-28,centro,web,1,1,2,4.0
ENC097-000171,2024-01-28,sur,web,1,0,,2.4
ENC097-000172,2024-01-28,norte,telefono,1,1,4,1.6
ENC097-000173,2024-01-28,centro,web,1,0,,4.0
ENC097-000174,2024-01-29,sur,telefono,1,1,4,2.4
ENC097-000175,2024-01-29,norte,web,1,0,,1.6
ENC097-000176,2024-01-29,centro,web,1,1,4,4.0
ENC097-000177,2024-01-29,sur,web,1,0,,2.4
ENC097-000178,2024-01-29,norte,web,1,1,3,1.6
ENC097-000179,2024-01-29,centro,web,1,0,,4.0
ENC097-000180,2024-01-30,sur,web,1,1,4,2.4
ENC097-000181,2024-01-30,norte,telefono,1,1,3,1.6
ENC097-000182,2024-01-30,centro,web,1,0,,4.0
ENC097-000183,2024-01-30,sur,web,1,1,5,2.4
ENC097-000184,2024-01-30,norte,web,1,1,5,1.6
ENC097-000185,2024-01-30,centro,telefono,1,1,4,4.0
ENC097-000186,2024-01-31,sur,telefono,1,1,4,2.4
ENC097-000187,2024-01-31,norte,web,1,1,4,1.6
ENC097-000188,2024-01-31,centro,telefono,1,1,1,4.0
ENC097-000189,2024-01-31,sur,web,1,1,5,2.4
ENC097-000190,2024-01-31,norte,web,1,1,4,1.6
ENC097-000191,2024-01-31,centro,telefono,1,0,,4.0
ENC097-000192,2024-02-01,sur,web,1,1,2,2.4
ENC097-000193,2024-02-01,norte,telefono,1,1,4,1.6
ENC097-000194,2024-02-01,centro,web,1,0,,4.0
ENC097-000195,2024-02-01, SUR ,telefono,1,0,,2.4
ENC097-000196,2024-02-01,norte,web,1,1,4,1.6
ENC097-000197,2024-02-01,centro,web,1,0,,4.0
ENC097-000198,2024-02-02,sur,web,1,1,3,2.4
ENC097-000199,2024-02-02,norte,web,1,1,2,1.6
ENC097-000200,2024-02-02,centro,web,1,0,,4.0
ENC097-000201,2024-02-02,sur,telefono,1,1,2,2.4
ENC097-000202,2024-02-02,norte,telefono,1,1,4,1.6
ENC097-000203,2024-02-02,centro,telefono,1,0,,4.0
ENC097-000204,2024-02-02,sur,web,1,0,,2.4
ENC097-000205,2024-02-03,norte,telefono,1,1,4,1.6
ENC097-000206,2024-02-03,centro,telefono,1,0,,4.0
ENC097-000207,2024-02-03,sur,telefono,1,0,,2.4
ENC097-000208,2024-02-03,norte,telefono,1,1,4,1.6
ENC097-000209,2024-02-03,centro,web,1,1,4,4.0
ENC097-000210,2024-02-03,sur,web,1,1,3,2.4
ENC097-000211,2024-02-04,norte,telefono,1,0,,1.6
ENC097-000212,2024-02-04,centro,web,1,1,3,4.0
ENC097-000213,2024-02-04,sur,web,1,1,3,2.4
ENC097-000214,2024-02-04,norte,web,1,1,3,1.6
ENC097-000215,2024-02-04,centro,telefono,1,1,4,4.0
ENC097-000216,2024-02-04,sur,telefono,1,0,,2.4
ENC097-000217,2024-02-05,norte,telefono,1,0,,1.6
ENC097-000218,2024-02-05,centro,telefono,1,1,1,4.0
ENC097-000219,2024-02-05,sur,telefono,1,1,3,2.4
ENC097-000220,2024-02-05,norte,telefono,1,1,3,1.6
ENC097-000221,2024-02-05,centro,web,1,0,,4.0
ENC097-000222,2024-02-05,sur,web,1,1,4,2.4
ENC097-000223,2024-02-06,norte,web,1,1,4,1.6
ENC097-000224,2024-02-06,centro,web,1,1,3,4.0
ENC097-000225,2024-02-06,sur,web,1,1,4,2.4
ENC097-000226,2024-02-06,norte,web,1,1,5,1.6
ENC097-000227,2024-02-06,centro,telefono,1,1,2,4.0
ENC097-000228,2024-02-06,sur,web,1,1,5,2.4
ENC097-000229,2024-02-07,norte,web,1,1,5,1.6
ENC097-000230,2024-02-07,centro,web,1,1,4,4.0
ENC097-000231,2024-02-07,sur,telefono,1,1,2,2.4
ENC097-000232,2024-02-07,norte,web,1,1,3,1.6
ENC097-000233,2024-02-07,centro,telefono,1,1,3,4.0
ENC097-000234,2024-02-07,sur,telefono,1,1,2,2.4
ENC097-000235,2024-02-08,norte,telefono,1,0,,1.6
ENC097-000236,2024-02-08,centro,web,1,0,,4.0
ENC097-000237,2024-02-08,sur,telefono,1,1,2,2.4
ENC097-000238,2024-02-08,norte,telefono,1,1,4,1.6
ENC097-000239,2024-02-08,centro,web,1,0,,4.0
ENC097-000240,2024-02-08,sur,web,1,0,,2.4
ENC097-000241,2024-02-08,norte,web,1,1,2,1.6
ENC097-000242,2024-02-09,centro,web,1,1,2,4.0
ENC097-000243,2024-02-09,sur,web,1,0,,2.4
ENC097-000244,2024-02-09,norte,web,1,1,3,1.6
ENC097-000245,2024-02-09,centro,web,1,1,4,4.0
ENC097-000246,2024-02-09,sur,telefono,1,0,,2.4
ENC097-000247,2024-02-09,norte,telefono,1,1,5,1.6
ENC097-000248,2024-02-10,centro,telefono,1,0,,4.0
ENC097-000249,2024-02-10,sur,telefono,1,1,3,2.4
ENC097-000250,2024-02-10,norte,telefono,1,1,,1.6
ENC097-000251,2024-02-10,centro,web,1,0,,4.0
ENC097-000252,2024-02-10,sur,web,1,1,3,2.4
ENC097-000253,2024-02-10,norte,telefono,1,1,4,1.6
ENC097-000254,2024-02-11,centro,web,1,1,5,4.0
ENC097-000255,2024-02-11,sur,telefono,1,1,5,2.4
ENC097-000256,2024-02-11,norte,web,1,1,5,1.6
ENC097-000257,2024-02-11,centro,web,1,1,3,4.0
ENC097-000258,2024-02-11,sur,web,1,0,,2.4
ENC097-000259,2024-02-11,norte,web,1,1,4,1.6
ENC097-000260,2024-02-12,centro,telefono,1,0,,4.0
ENC097-000261,2024-02-12,sur,web,1,1,3,2.4
ENC097-000262,2024-02-12,norte,telefono,1,1,5,1.6
ENC097-000263,2024-02-12,centro,telefono,1,0,,4.0
ENC097-000264,2024-02-12,sur,web,1,1,4,2.4
ENC097-000265,2024-02-12,norte,web,1,1,4,1.6
ENC097-000266,2024-02-13,centro,telefono,1,1,2,4.0
ENC097-000267,2024-02-13,sur,telefono,1,0,,2.4
ENC097-000268,2024-02-13,norte,web,1,1,4,1.6
ENC097-000269,2024-02-13,centro,telefono,1,0,,4.0
ENC097-000270,2024-02-13,sur,web,1,0,,2.4
ENC097-000271,2024-02-13,norte,telefono,1,0,,1.6
ENC097-000272,2024-02-14,centro,web,1,0,,4.0
ENC097-000273,2024-02-14,sur,web,1,1,3,2.4
ENC097-000274,2024-02-14,norte,web,1,1,4,1.6
ENC097-000275,2024-02-14,centro,telefono,1,0,,4.0
ENC097-000276,2024-02-14,sur,web,1,0,,2.4
ENC097-000277,2024-02-14,norte,web,1,1,3,1.6
ENC097-000278,2024-02-14,centro,telefono,1,0,,4.0
ENC097-000279,2024-02-15,sur,telefono,1,0,,2.4
ENC097-000280,2024-02-15,norte,web,1,0,,1.6
ENC097-000281,2024-02-15,centro,web,1,0,,4.0
ENC097-000282,2024-02-15,sur,telefono,1,1,3,2.4
ENC097-000283,2024-02-15,norte,telefono,1,1,5,1.6
ENC097-000284,2024-02-15,centro,telefono,1,0,,4.0
ENC097-000285,2024-02-16,sur,telefono,1,1,5,2.4
ENC097-000286,2024-02-16,norte,telefono,1,1,5,1.6
ENC097-000287,2024-02-16,centro,web,1,0,,4.0
ENC097-000288,2024-02-16,sur,telefono,1,0,,2.4
ENC097-000289,2024-02-16,norte,web,1,1,5,1.6
ENC097-000290,2024-02-16,centro,telefono,1,1,4,4.0
ENC097-000291,2024-02-17,sur,telefono,1,1,2,2.4
ENC097-000292,2024-02-17, NORTE ,web,1,1,4,1.6
ENC097-000293,2024-02-17,centro,telefono,1,1,3,4.0
ENC097-000294,2024-02-17,sur,web,1,0,,2.4
ENC097-000295,2024-02-17,norte,web,1,1,2,1.6
ENC097-000296,2024-02-17,centro,web,1,1,2,4.0
ENC097-000297,2024-02-18,sur,web,1,1,3,2.4
ENC097-000298,2024-02-18,norte,telefono,1,1,4,1.6
ENC097-000299,2024-02-18,centro,telefono,1,0,,4.0
ENC097-000300,2024-02-18,sur,telefono,1,1,2,2.4
ENC097-000301,2024-02-18,norte,web,1,0,,1.6
ENC097-000302,2024-02-18,centro,telefono,1,0,,4.0
ENC097-000303,2024-02-19,sur,web,1,0,,2.4
ENC097-000304,2024-02-19,norte,telefono,1,1,5,1.6
ENC097-000305,2024-02-19,centro,web,1,0,,4.0
ENC097-000306,2024-02-19,sur,web,1,1,4,2.4
ENC097-000307,2024-02-19,norte,telefono,1,1,3,1.6
ENC097-000308,2024-02-19,centro,telefono,1,1,3,4.0
ENC097-000309,2024-02-20,sur,telefono,1,1,4,2.4
ENC097-000310,2024-02-20,norte,telefono,1,1,5,1.6
ENC097-000311,2024-02-20,centro,web,1,0,,4.0
ENC097-000312,2024-02-20,sur,telefono,1,1,4,2.4
ENC097-000313,2024-02-20,norte,web,1,1,4,1.6
ENC097-000314,2024-02-20,centro,telefono,1,1,4,4.0
ENC097-000315,2024-02-21,sur,telefono,1,1,3,2.4
ENC097-000316,2024-02-21,norte,telefono,1,1,3,1.6
ENC097-000317,2024-02-21,centro,web,1,0,,4.0
ENC097-000318,2024-02-21,sur,web,1,1,4,2.4
ENC097-000319,2024-02-21,norte,web,1,1,5,1.6
ENC097-000320,2024-02-21,centro,telefono,1,1,5,4.0
ENC097-000321,2024-02-21,sur,web,1,1,3,2.4
ENC097-000322,2024-02-22,norte,web,1,1,5,1.6
ENC097-000323,2024-02-22,centro,web,1,0,,4.0
ENC097-000324,2024-02-22,sur,telefono,1,1,4,2.4
ENC097-000325,2024-02-22,norte,web,1,1,4,1.6
ENC097-000326,2024-02-22,centro,telefono,1,0,,4.0
ENC097-000327,2024-02-22,sur,web,1,1,4,2.4
ENC097-000328,2024-02-23,norte,web,1,1,5,1.6
ENC097-000329,2024-02-23,centro,telefono,1,1,3,4.0
ENC097-000330,2024-02-23,sur,telefono,1,0,,2.4
ENC097-000331,2024-02-23,norte,telefono,1,1,3,1.6
ENC097-000332,2024-02-23,centro,web,1,0,,4.0
ENC097-000333,2024-02-23,sur,telefono,1,0,,2.4
ENC097-000334,2024-02-24,norte,telefono,1,1,5,1.6
ENC097-000335,2024-02-24,centro,telefono,1,0,,4.0
ENC097-000336,2024-02-24,sur,telefono,1,1,3,2.4
ENC097-000337,2024-02-24,norte,telefono,1,1,4,1.6
ENC097-000338,2024-02-24,centro,web,1,0,,4.0
ENC097-000339,2024-02-24,sur,telefono,1,1,2,2.4
ENC097-000340,2024-02-25,norte,web,1,1,2,1.6
ENC097-000341,2024-02-25,centro,web,1,0,,4.0
ENC097-000342,2024-02-25,sur,web,1,1,3,2.4
ENC097-000343,2024-02-25,norte,web,1,1,4,1.6
ENC097-000344,2024-02-25,centro,telefono,1,1,1,4.0
ENC097-000345,2024-02-25,sur,web,1,0,,2.4
ENC097-000346,2024-02-26,norte,telefono,1,1,4,1.6
ENC097-000347,2024-02-26,centro,web,1,0,,4.0
ENC097-000348,2024-02-26,sur,web,1,0,,2.4
ENC097-000349,2024-02-26,norte,web,1,1,5,1.6
ENC097-000350,2024-02-26,centro,web,1,0,,4.0
ENC097-000351,2024-02-26,sur,web,1,1,1,2.4
ENC097-000352,2024-02-27,norte,telefono,1,1,4,1.6
ENC097-000353,2024-02-27,centro,web,1,0,,4.0
ENC097-000354,2024-02-27,sur,telefono,1,1,4,2.4
ENC097-000355,2024-02-27,norte,telefono,1,1,4,1.6
ENC097-000356,2024-02-27,centro,web,1,0,,4.0
ENC097-000357,2024-02-27,sur,web,1,1,4,2.4
ENC097-000358,2024-02-27,norte,telefono,1,1,4,1.6
ENC097-000359,2024-02-28,centro,web,1,0,,4.0
ENC097-000360,2024-02-28,sur,web,1,0,,2.4
ENC097-000361,2024-02-28,norte,telefono,1,1,5,1.6
ENC097-000362,2024-02-28,centro,web,1,1,3,4.0
ENC097-000363,2024-02-28,sur,web,1,1,4,2.4
ENC097-000364,2024-02-28,norte,web,1,0,,1.6
ENC097-000365,2024-02-29,centro,web,1,0,,4.0
ENC097-000366,2024-02-29,sur,telefono,1,0,,2.4
ENC097-000367,2024-02-29,norte,telefono,1,1,4,1.6
ENC097-000368,2024-02-29,centro,telefono,1,1,2,4.0
ENC097-000369,2024-02-29,sur,web,1,0,,2.4
ENC097-000370,2024-02-29,norte,web,1,1,3,1.6
ENC097-000371,2024-03-01,centro,web,1,1,4,4.0
ENC097-000372,2024-03-01,sur,web,1,1,4,2.4
ENC097-000373,2024-03-01,norte,telefono,1,0,,1.6
ENC097-000374,2024-03-01,centro,telefono,1,1,4,4.0
ENC097-000375,2024-03-01,sur,web,1,1,3,2.4
ENC097-000376,2024-03-01,norte,telefono,1,1,4,1.6
ENC097-000377,2024-03-02,centro,telefono,1,0,,4.0
ENC097-000378,2024-03-02,sur,telefono,1,1,5,2.4
ENC097-000379,2024-03-02,norte,telefono,1,0,,1.6
ENC097-000380,2024-03-02,centro,telefono,1,0,,4.0
ENC097-000381,2024-03-02,sur,telefono,1,1,4,2.4
ENC097-000382,2024-03-02,norte,web,1,1,4,1.6
ENC097-000383,2024-03-03,centro,web,1,0,,4.0
ENC097-000384,2024-03-03,sur,telefono,1,0,,2.4
ENC097-000385,2024-03-03,norte,web,1,1,4,1.6
ENC097-000386,2024-03-03,centro,web,1,0,,4.0
ENC097-000387,2024-03-03,sur,telefono,1,1,5,2.4
ENC097-000388,2024-03-03,norte,web,1,0,,1.6
ENC097-000389,2024-03-04, CENTRO ,web,1,1,3,4.0
ENC097-000390,2024-03-04,sur,web,1,1,4,2.4
ENC097-000391,2024-03-04,norte,telefono,1,1,5,1.6
ENC097-000392,2024-03-04,centro,web,1,1,3,4.0
ENC097-000393,2024-03-04,sur,web,1,1,2,2.4
ENC097-000394,2024-03-04,norte,web,1,0,,1.6
ENC097-000395,2024-03-05,centro,web,1,0,,4.0
ENC097-000396,2024-03-05,sur,web,1,0,,2.4
ENC097-000397,2024-03-05,norte,telefono,1,1,4,1.6
ENC097-000398,2024-03-05,centro,web,1,0,,4.0
ENC097-000399,2024-03-05,sur,telefono,1,0,,2.4
ENC097-000400,2024-03-05,norte,telefono,1,1,4,1.6
ENC097-000401,2024-03-05,centro,web,1,1,3,4.0
ENC097-000402,2024-03-06,sur,telefono,1,1,2,2.4
ENC097-000403,2024-03-06,norte,web,1,1,5,1.6
ENC097-000404,2024-03-06,centro,web,1,1,2,4.0
ENC097-000405,2024-03-06,sur,telefono,1,0,,2.4
ENC097-000406,2024-03-06,norte,telefono,1,1,5,1.6
ENC097-000407,2024-03-06,centro,telefono,1,0,,4.0
ENC097-000408,2024-03-07,sur,telefono,1,1,3,2.4
ENC097-000409,2024-03-07,norte,telefono,1,1,3,1.6
ENC097-000410,2024-03-07,centro,telefono,1,0,,4.0
ENC097-000411,2024-03-07,sur,web,1,0,,2.4
ENC097-000412,2024-03-07,norte,telefono,1,1,4,1.6
ENC097-000413,2024-03-07,centro,telefono,1,0,,4.0
ENC097-000414,2024-03-08,sur,web,1,0,,2.4
ENC097-000415,2024-03-08,norte,web,1,1,3,1.6
ENC097-000416,2024-03-08,centro,telefono,1,1,,4.0
ENC097-000417,2024-03-08,sur,web,1,1,5,2.4
ENC097-000418,2024-03-08,norte,telefono,1,0,,1.6
ENC097-000419,2024-03-08,centro,web,1,0,,4.0
ENC097-000420,2024-03-09,sur,telefono,1,1,5,2.4
ENC097-000421,2024-03-09,norte,web,1,1,2,1.6
ENC097-000422,2024-03-09,centro,web,1,0,,4.0
ENC097-000423,2024-03-09,sur,telefono,1,0,,2.4
ENC097-000424,2024-03-09,norte,web,1,1,3,1.6
ENC097-000425,2024-03-09,centro,telefono,1,1,3,4.0
ENC097-000426,2024-03-10,sur,telefono,1,1,3,2.4
ENC097-000427,2024-03-10,norte,web,1,1,5,1.6
ENC097-000428,2024-03-10,centro,web,1,1,5,4.0
ENC097-000429,2024-03-10,sur,telefono,1,1,4,2.4
ENC097-000430,2024-03-10,norte,telefono,1,1,4,1.6
ENC097-000431,2024-03-10,centro,web,1,1,4,4.0
ENC097-000432,2024-03-11,sur,telefono,1,0,,2.4
ENC097-000433,2024-03-11,norte,web,1,1,5,1.6
ENC097-000434,2024-03-11,centro,web,1,1,2,4.0
ENC097-000435,2024-03-11,sur,web,1,1,3,2.4
ENC097-000436,2024-03-11,norte,telefono,1,1,4,1.6
ENC097-000437,2024-03-11,centro,telefono,1,0,,4.0
ENC097-000438,2024-03-11,sur,telefono,1,1,4,2.4
ENC097-000439,2024-03-12,norte,telefono,1,1,2,1.6
ENC097-000440,2024-03-12,centro,telefono,1,1,3,4.0
ENC097-000441,2024-03-12,sur,web,1,0,,2.4
ENC097-000442,2024-03-12,norte,web,1,0,,1.6
ENC097-000443,2024-03-12,centro,telefono,1,0,,4.0
ENC097-000444,2024-03-12,sur,web,1,0,,2.4
ENC097-000445,2024-03-13,norte,telefono,1,1,3,1.6
ENC097-000446,2024-03-13,centro,telefono,1,0,,4.0
ENC097-000447,2024-03-13,sur,telefono,1,1,4,2.4
ENC097-000448,2024-03-13,norte,web,1,1,5,1.6
ENC097-000449,2024-03-13,centro,telefono,1,0,,4.0
ENC097-000450,2024-03-13,sur,web,1,0,,2.4
ENC097-000451,2024-03-14,norte,telefono,1,1,3,1.6
ENC097-000452,2024-03-14,centro,web,1,0,,4.0
ENC097-000453,2024-03-14,sur,telefono,1,1,4,2.4
ENC097-000454,2024-03-14,norte,web,1,1,5,1.6
ENC097-000455,2024-03-14,centro,telefono,1,0,,4.0
ENC097-000456,2024-03-14,sur,web,1,1,4,2.4
ENC097-000457,2024-03-15,norte,telefono,1,0,,1.6
ENC097-000458,2024-03-15,centro,telefono,1,1,2,4.0
ENC097-000459,2024-03-15,sur,telefono,1,1,4,2.4
ENC097-000460,2024-03-15,norte,web,1,0,,1.6
ENC097-000461,2024-03-15,centro,web,1,0,,4.0
ENC097-000462,2024-03-15,sur,web,1,1,4,2.4
ENC097-000463,2024-03-16,norte,web,1,1,4,1.6
ENC097-000464,2024-03-16,centro,web,1,1,2,4.0
ENC097-000465,2024-03-16,sur,telefono,1,1,4,2.4
ENC097-000466,2024-03-16,norte,web,1,0,,1.6
ENC097-000467,2024-03-16,centro,web,1,0,,4.0
ENC097-000468,2024-03-16,sur,telefono,1,0,,2.4
ENC097-000469,2024-03-17,norte,web,1,1,5,1.6
ENC097-000470,2024-03-17,centro,telefono,1,1,3,4.0
ENC097-000471,2024-03-17,sur,telefono,1,1,3,2.4
ENC097-000472,2024-03-17,norte,telefono,1,1,5,1.6
ENC097-000473,2024-03-17,centro,telefono,1,1,5,4.0
ENC097-000474,2024-03-17,sur,web,1,0,,2.4
ENC097-000475,2024-03-17,norte,telefono,1,1,5,1.6
ENC097-000476,2024-03-18,centro,telefono,1,0,,4.0
ENC097-000477,2024-03-18,sur,web,1,1,4,2.4
ENC097-000478,2024-03-18,norte,web,1,1,3,1.6
ENC097-000479,2024-03-18,centro,telefono,1,0,,4.0
ENC097-000480,2024-03-18,sur,telefono,1,0,,2.4
ENC097-000481,2024-03-18,norte,web,1,1,3,1.6
ENC097-000482,2024-03-19,centro,web,1,0,,4.0
ENC097-000483,2024-03-19,sur,telefono,1,1,3,2.4
ENC097-000484,2024-03-19,norte,web,1,1,4,1.6
ENC097-000485,2024-03-19,centro,web,1,1,1,4.0
ENC097-000486,2024-03-19, SUR ,telefono,1,1,3,2.4
ENC097-000487,2024-03-19,norte,telefono,1,1,3,1.6
ENC097-000488,2024-03-20,centro,web,1,1,2,4.0
ENC097-000489,2024-03-20,sur,web,1,0,,2.4
ENC097-000490,2024-03-20,norte,web,1,1,5,1.6
ENC097-000491,2024-03-20,centro,web,1,0,,4.0
ENC097-000492,2024-03-20,sur,web,1,1,3,2.4
ENC097-000493,2024-03-20,norte,telefono,1,1,4,1.6
ENC097-000494,2024-03-21,centro,web,1,0,,4.0
ENC097-000495,2024-03-21,sur,web,1,0,,2.4
ENC097-000496,2024-03-21,norte,web,1,1,3,1.6
ENC097-000497,2024-03-21,centro,telefono,1,1,4,4.0
ENC097-000498,2024-03-21,sur,web,1,0,,2.4
ENC097-000499,2024-03-21,norte,telefono,1,1,,1.6
ENC097-000500,2024-03-22,centro,telefono,1,1,2,4.0
ENC097-000501,2024-03-22,sur,web,1,1,4,2.4
ENC097-000502,2024-03-22,norte,telefono,1,1,3,1.6
ENC097-000503,2024-03-22,centro,web,1,1,2,4.0
ENC097-000504,2024-03-22,sur,web,1,1,2,2.4
ENC097-000505,2024-03-22,norte,telefono,1,0,,1.6
ENC097-000506,2024-03-23,centro,web,1,1,3,4.0
ENC097-000507,2024-03-23,sur,web,1,0,,2.4
ENC097-000508,2024-03-23,norte,web,1,0,,1.6
ENC097-000509,2024-03-23,centro,telefono,1,1,2,4.0
ENC097-000510,2024-03-23,sur,web,1,1,4,2.4
ENC097-000511,2024-03-23,norte,web,1,1,4,1.6
ENC097-000512,2024-03-24,centro,web,1,0,,4.0
ENC097-000513,2024-03-24,sur,web,1,1,3,2.4
ENC097-000514,2024-03-24,norte,web,1,1,4,1.6
ENC097-000515,2024-03-24,centro,web,1,1,2,4.0
ENC097-000516,2024-03-24,sur,web,1,0,,2.4
ENC097-000517,2024-03-24,norte,web,1,1,3,1.6
ENC097-000518,2024-03-24,centro,web,1,0,,4.0
ENC097-000519,2024-03-25,sur,telefono,1,0,,2.4
ENC097-000520,2024-03-25,norte,telefono,1,1,5,1.6
ENC097-000521,2024-03-25,centro,web,1,1,3,4.0
ENC097-000522,2024-03-25,sur,web,1,1,3,2.4
ENC097-000523,2024-03-25,norte,telefono,1,1,1,1.6
ENC097-000524,2024-03-25,centro,telefono,1,1,2,4.0
ENC097-000525,2024-03-26,sur,web,1,0,,2.4
ENC097-000526,2024-03-26,norte,web,1,0,,1.6
ENC097-000527,2024-03-26,centro,web,1,0,,4.0
ENC097-000528,2024-03-26,sur,web,1,1,3,2.4
ENC097-000529,2024-03-26,norte,web,1,1,4,1.6
ENC097-000530,2024-03-26,centro,web,1,1,2,4.0
ENC097-000531,2024-03-27,sur,telefono,1,0,,2.4
ENC097-000532,2024-03-27,norte,web,1,1,4,1.6
ENC097-000533,2024-03-27,centro,web,1,1,3,4.0
ENC097-000534,2024-03-27,sur,telefono,1,1,4,2.4
ENC097-000535,2024-03-27,norte,web,1,1,3,1.6
ENC097-000536,2024-03-27,centro,telefono,1,0,,4.0
ENC097-000537,2024-03-28,sur,telefono,1,0,,2.4
ENC097-000538,2024-03-28,norte,web,1,1,4,1.6
ENC097-000539,2024-03-28,centro,telefono,1,1,3,4.0
ENC097-000540,2024-03-28,sur,telefono,1,0,,2.4
ENC097-000541,2024-03-28,norte,web,1,1,3,1.6
ENC097-000542,2024-03-28,centro,telefono,1,0,,4.0
ENC097-000543,2024-03-29,sur,web,1,1,4,2.4
ENC097-000544,2024-03-29,norte,telefono,1,1,5,1.6
ENC097-000545,2024-03-29,centro,telefono,1,1,1,4.0
ENC097-000546,2024-03-29,sur,web,1,1,3,2.4
ENC097-000547,2024-03-29,norte,telefono,1,1,4,1.6
ENC097-000548,2024-03-29,centro,web,1,0,,4.0
ENC097-000549,2024-03-30,sur,web,1,1,4,2.4
ENC097-000550,2024-03-30,norte,telefono,1,0,,1.6
ENC097-000551,2024-03-30,centro,telefono,1,0,,4.0
ENC097-000552,2024-03-30,sur,telefono,1,1,3,2.4
ENC097-000553,2024-03-30,norte,web,1,1,5,1.6
ENC097-000554,2024-03-30,centro,web,1,0,,4.0
ENC097-000555,2024-03-30,sur,telefono,1,0,,2.4
ENC097-000556,2024-03-31,norte,telefono,1,1,2,1.6
ENC097-000557,2024-03-31,centro,telefono,1,0,,4.0
ENC097-000558,2024-03-31,sur,web,1,0,,2.4
ENC097-000559,2024-03-31,norte,telefono,1,1,4,1.6
ENC097-000560,2024-03-31,centro,telefono,1,1,3,4.0
ENC097-000561,2024-03-31,sur,web,1,1,4,2.4
ENC097-000562,2024-04-01,norte,telefono,1,0,,1.6
ENC097-000563,2024-04-01,centro,web,1,0,,4.0
ENC097-000564,2024-04-01,sur,web,1,0,,2.4
ENC097-000565,2024-04-01,norte,telefono,1,0,,1.6
ENC097-000566,2024-04-01,centro,telefono,1,1,3,4.0
ENC097-000567,2024-04-01,sur,telefono,1,0,,2.4
ENC097-000568,2024-04-02,norte,telefono,1,0,,1.6
ENC097-000569,2024-04-02,centro,web,1,1,3,4.0
ENC097-000570,2024-04-02,sur,telefono,1,0,,2.4
ENC097-000571,2024-04-02,norte,telefono,1,1,3,1.6
ENC097-000572,2024-04-02,centro,telefono,1,0,,4.0
ENC097-000573,2024-04-02,sur,web,1,1,2,2.4
ENC097-000574,2024-04-03,norte,web,1,0,,1.6
ENC097-000575,2024-04-03,centro,telefono,1,0,,4.0
ENC097-000576,2024-04-03,sur,telefono,1,1,2,2.4
ENC097-000577,2024-04-03,norte,telefono,1,1,4,1.6
ENC097-000578,2024-04-03,centro,telefono,1,0,,4.0
ENC097-000579,2024-04-03,sur,telefono,1,1,3,2.4
ENC097-000580,2024-04-04,norte,web,1,1,4,1.6
ENC097-000581,2024-04-04,centro,web,1,0,,4.0
ENC097-000582,2024-04-04,sur,telefono,1,1,,2.4
ENC097-000583,2024-04-04, NORTE ,web,1,1,4,1.6
ENC097-000584,2024-04-04,centro,telefono,1,0,,4.0
ENC097-000585,2024-04-04,sur,telefono,1,1,5,2.4
ENC097-000586,2024-04-05,norte,telefono,1,1,4,1.6
ENC097-000587,2024-04-05,centro,web,1,1,4,4.0
ENC097-000588,2024-04-05,sur,telefono,1,0,,2.4
ENC097-000589,2024-04-05,norte,web,1,1,4,1.6
ENC097-000590,2024-04-05,centro,telefono,1,0,,4.0
ENC097-000591,2024-04-05,sur,telefono,1,0,,2.4
ENC097-000592,2024-04-06,norte,web,1,1,4,1.6
ENC097-000593,2024-04-06,centro,telefono,1,0,,4.0
ENC097-000594,2024-04-06,sur,telefono,1,1,4,2.4
ENC097-000595,2024-04-06,norte,web,1,0,,1.6
ENC097-000596,2024-04-06,centro,telefono,1,0,,4.0
ENC097-000597,2024-04-06,sur,web,1,1,2,2.4
ENC097-000598,2024-04-06,norte,web,1,1,1,1.6
ENC097-000599,2024-04-07,centro,web,1,1,3,4.0
ENC097-000600,2024-04-07,sur,telefono,1,1,5,2.4
ENC097-000601,2024-04-07,norte,telefono,1,0,,1.6
ENC097-000602,2024-04-07,centro,telefono,1,0,,4.0
ENC097-000603,2024-04-07,sur,web,1,1,5,2.4
ENC097-000604,2024-04-07,norte,telefono,1,1,3,1.6
ENC097-000605,2024-04-08,centro,telefono,1,1,3,4.0
ENC097-000606,2024-04-08,sur,web,1,1,3,2.4
ENC097-000607,2024-04-08,norte,telefono,1,1,3,1.6
ENC097-000608,2024-04-08,centro,telefono,1,1,4,4.0
ENC097-000609,2024-04-08,sur,web,1,1,4,2.4
ENC097-000610,2024-04-08,norte,web,1,1,5,1.6
ENC097-000611,2024-04-09,centro,telefono,1,1,3,4.0
ENC097-000612,2024-04-09,sur,web,1,1,2,2.4
ENC097-000613,2024-04-09,norte,web,1,1,4,1.6
ENC097-000614,2024-04-09,centro,web,1,1,3,4.0
ENC097-000615,2024-04-09,sur,telefono,1,1,4,2.4
ENC097-000616,2024-04-09,norte,web,1,1,2,1.6
ENC097-000617,2024-04-10,centro,telefono,1,0,,4.0
ENC097-000618,2024-04-10,sur,telefono,1,1,4,2.4
ENC097-000619,2024-04-10,norte,telefono,1,1,4,1.6
ENC097-000620,2024-04-10,centro,web,1,1,2,4.0
ENC097-000621,2024-04-10,sur,web,1,1,5,2.4
ENC097-000622,2024-04-10,norte,telefono,1,1,3,1.6
ENC097-000623,2024-04-11,centro,web,1,0,,4.0
ENC097-000624,2024-04-11,sur,web,1,1,4,2.4
ENC097-000625,2024-04-11,norte,web,1,1,5,1.6
ENC097-000626,2024-04-11,centro,web,1,0,,4.0
ENC097-000627,2024-04-11,sur,telefono,1,1,3,2.4
ENC097-000628,2024-04-11,norte,web,1,1,2,1.6
ENC097-000629,2024-04-12,centro,telefono,1,1,3,4.0
ENC097-000630,2024-04-12,sur,web,1,0,,2.4
ENC097-000631,2024-04-12,norte,telefono,1,0,,1.6
ENC097-000632,2024-04-12,centro,telefono,1,0,,4.0
ENC097-000633,2024-04-12,sur,web,1,0,,2.4
ENC097-000634,2024-04-12,norte,telefono,1,0,,1.6
ENC097-000635,2024-04-12,centro,web,1,0,,4.0
ENC097-000636,2024-04-13,sur,telefono,1,1,2,2.4
ENC097-000637,2024-04-13,norte,telefono,1,1,4,1.6
ENC097-000638,2024-04-13,centro,web,1,1,4,4.0
ENC097-000639,2024-04-13,sur,web,1,1,4,2.4
ENC097-000640,2024-04-13,norte,web,1,1,4,1.6
ENC097-000641,2024-04-13,centro,telefono,1,1,3,4.0
ENC097-000642,2024-04-14,sur,web,1,1,4,2.4
ENC097-000643,2024-04-14,norte,telefono,1,1,2,1.6
ENC097-000644,2024-04-14,centro,telefono,1,1,2,4.0
ENC097-000645,2024-04-14,sur,telefono,1,0,,2.4
ENC097-000646,2024-04-14,norte,web,1,1,5,1.6
ENC097-000647,2024-04-14,centro,web,1,1,3,4.0
ENC097-000648,2024-04-15,sur,telefono,1,1,5,2.4
ENC097-000649,2024-04-15,norte,telefono,1,1,5,1.6
ENC097-000650,2024-04-15,centro,web,1,0,,4.0
ENC097-000651,2024-04-15,sur,telefono,1,1,3,2.4
ENC097-000652,2024-04-15,norte,telefono,1,1,4,1.6
ENC097-000653,2024-04-15,centro,telefono,1,1,4,4.0
ENC097-000654,2024-04-16,sur,telefono,1,0,,2.4
ENC097-000655,2024-04-16,norte,telefono,1,1,2,1.6
ENC097-000656,2024-04-16,centro,web,1,1,5,4.0
ENC097-000657,2024-04-16,sur,telefono,1,0,,2.4
ENC097-000658,2024-04-16,norte,web,1,1,4,1.6
ENC097-000659,2024-04-16,centro,telefono,1,0,,4.0
ENC097-000660,2024-04-17,sur,telefono,1,1,4,2.4
ENC097-000661,2024-04-17,norte,web,1,0,,1.6
ENC097-000662,2024-04-17,centro,web,1,0,,4.0
ENC097-000663,2024-04-17,sur,web,1,0,,2.4
ENC097-000664,2024-04-17,norte,telefono,1,0,,1.6
ENC097-000665,2024-04-17,centro,web,1,1,,4.0
ENC097-000666,2024-04-18,sur,web,1,1,3,2.4
ENC097-000667,2024-04-18,norte,telefono,1,1,2,1.6
ENC097-000668,2024-04-18,centro,web,1,1,4,4.0
ENC097-000669,2024-04-18,sur,web,1,1,3,2.4
ENC097-000670,2024-04-18,norte,web,1,1,5,1.6
ENC097-000671,2024-04-18,centro,web,1,0,,4.0
ENC097-000672,2024-04-19,sur,telefono,1,1,4,2.4
ENC097-000673,2024-04-19,norte,telefono,1,1,3,1.6
ENC097-000674,2024-04-19,centro,web,1,0,,4.0
ENC097-000675,2024-04-19,sur,web,1,0,,2.4
ENC097-000676,2024-04-19,norte,web,1,0,,1.6
ENC097-000677,2024-04-19,centro,web,1,1,5,4.0
ENC097-000678,2024-04-19,sur,web,1,1,2,2.4
ENC097-000679,2024-04-20,norte,telefono,1,1,5,1.6
ENC097-000680,2024-04-20, CENTRO ,telefono,1,1,4,4.0
ENC097-000681,2024-04-20,sur,web,1,1,3,2.4
ENC097-000682,2024-04-20,norte,telefono,1,1,5,1.6
ENC097-000683,2024-04-20,centro,telefono,1,0,,4.0
ENC097-000684,2024-04-20,sur,telefono,1,1,2,2.4
ENC097-000685,2024-04-21,norte,telefono,1,1,5,1.6
ENC097-000686,2024-04-21,centro,telefono,1,1,2,4.0
ENC097-000687,2024-04-21,sur,telefono,1,1,4,2.4
ENC097-000688,2024-04-21,norte,web,1,1,5,1.6
ENC097-000689,2024-04-21,centro,web,1,0,,4.0
ENC097-000690,2024-04-21,sur,web,1,0,,2.4
ENC097-000691,2024-04-22,norte,telefono,1,0,,1.6
ENC097-000692,2024-04-22,centro,telefono,1,1,3,4.0
ENC097-000693,2024-04-22,sur,web,1,1,3,2.4
ENC097-000694,2024-04-22,norte,web,1,1,4,1.6
ENC097-000695,2024-04-22,centro,web,1,0,,4.0
ENC097-000696,2024-04-22,sur,telefono,1,1,5,2.4
ENC097-000697,2024-04-23,norte,telefono,1,1,2,1.6
ENC097-000698,2024-04-23,centro,web,1,0,,4.0
ENC097-000699,2024-04-23,sur,web,1,0,,2.4
ENC097-000700,2024-04-23,norte,telefono,1,0,,1.6
ENC097-000701,2024-04-23,centro,web,1,1,3,4.0
ENC097-000702,2024-04-23,sur,telefono,1,1,5,2.4
ENC097-000703,2024-04-24,norte,web,1,1,5,1.6
ENC097-000704,2024-04-24,centro,telefono,1,0,,4.0
ENC097-000705,2024-04-24,sur,telefono,1,0,,2.4
ENC097-000706,2024-04-24,norte,telefono,1,1,3,1.6
ENC097-000707,2024-04-24,centro,web,1,1,2,4.0
ENC097-000708,2024-04-24,sur,web,1,1,5,2.4
ENC097-000709,2024-04-25,norte,telefono,1,0,,1.6
ENC097-000710,2024-04-25,centro,web,1,1,2,4.0
ENC097-000711,2024-04-25,sur,web,1,1,4,2.4
ENC097-000712,2024-04-25,norte,telefono,1,1,2,1.6
ENC097-000713,2024-04-25,centro,web,1,0,,4.0
ENC097-000714,2024-04-25,sur,telefono,1,1,3,2.4
ENC097-000715,2024-04-25,norte,telefono,1,1,3,1.6
ENC097-000716,2024-04-26,centro,telefono,1,1,3,4.0
ENC097-000717,2024-04-26,sur,telefono,1,1,3,2.4
ENC097-000718,2024-04-26,norte,telefono,1,1,4,1.6
ENC097-000719,2024-04-26,centro,web,1,1,2,4.0
ENC097-000720,2024-04-26,sur,telefono,1,1,4,2.4
ENC097-000721,2024-04-26,norte,web,1,1,1,1.6
ENC097-000722,2024-04-27,centro,web,1,0,,4.0
ENC097-000723,2024-04-27,sur,telefono,1,0,,2.4
ENC097-000724,2024-04-27,norte,web,1,1,5,1.6
ENC097-000725,2024-04-27,centro,telefono,1,1,2,4.0
ENC097-000726,2024-04-27,sur,telefono,1,1,5,2.4
ENC097-000727,2024-04-27,norte,telefono,1,0,,1.6
ENC097-000728,2024-04-28,centro,web,1,0,,4.0
ENC097-000729,2024-04-28,sur,telefono,1,1,3,2.4
ENC097-000730,2024-04-28,norte,web,1,1,5,1.6
ENC097-000731,2024-04-28,centro,telefono,1,1,4,4.0
ENC097-000732,2024-04-28,sur,web,1,1,4,2.4
ENC097-000733,2024-04-28,norte,telefono,1,1,5,1.6
ENC097-000734,2024-04-29,centro,telefono,1,0,,4.0
ENC097-000735,2024-04-29,sur,telefono,1,1,4,2.4
ENC097-000736,2024-04-29,norte,web,1,1,5,1.6
ENC097-000737,2024-04-29,centro,web,1,0,,4.0
ENC097-000738,2024-04-29,sur,telefono,1,1,4,2.4
ENC097-000739,2024-04-29,norte,telefono,1,1,3,1.6
ENC097-000740,2024-04-30,centro,telefono,1,0,,4.0
ENC097-000741,2024-04-30,sur,telefono,1,1,4,2.4
ENC097-000742,2024-04-30,norte,web,1,1,5,1.6
ENC097-000743,2024-04-30,centro,web,1,0,,4.0
ENC097-000744,2024-04-30,sur,web,1,0,,2.4
ENC097-000745,2024-04-30,norte,web,1,1,3,1.6
ENC097-000746,2024-05-01,centro,web,1,1,4,4.0
ENC097-000747,2024-05-01,sur,telefono,1,1,2,2.4
ENC097-000748,2024-05-01,norte,web,1,1,,1.6
ENC097-000749,2024-05-01,centro,web,1,0,,4.0
ENC097-000750,2024-05-01,sur,telefono,1,1,5,2.4
ENC097-000751,2024-05-01,norte,telefono,1,1,3,1.6
ENC097-000752,2024-05-01,centro,telefono,1,0,,4.0
ENC097-000753,2024-05-02,sur,telefono,1,1,3,2.4
ENC097-000754,2024-05-02,norte,telefono,1,0,,1.6
ENC097-000755,2024-05-02,centro,web,1,1,2,4.0
ENC097-000756,2024-05-02,sur,telefono,1,1,5,2.4
ENC097-000757,2024-05-02,norte,telefono,1,0,,1.6
ENC097-000758,2024-05-02,centro,telefono,1,0,,4.0
ENC097-000759,2024-05-03,sur,web,1,0,,2.4
ENC097-000760,2024-05-03,norte,web,1,1,3,1.6
ENC097-000761,2024-05-03,centro,telefono,1,1,2,4.0
ENC097-000762,2024-05-03,sur,telefono,1,0,,2.4
ENC097-000763,2024-05-03,norte,telefono,1,1,4,1.6
ENC097-000764,2024-05-03,centro,telefono,1,1,3,4.0
ENC097-000765,2024-05-04,sur,web,1,1,4,2.4
ENC097-000766,2024-05-04,norte,telefono,1,1,5,1.6
ENC097-000767,2024-05-04,centro,telefono,1,0,,4.0
ENC097-000768,2024-05-04,sur,web,1,1,3,2.4
ENC097-000769,2024-05-04,norte,web,1,1,3,1.6
ENC097-000770,2024-05-04,centro,web,1,0,,4.0
ENC097-000771,2024-05-05,sur,web,1,1,4,2.4
ENC097-000772,2024-05-05,norte,telefono,1,1,3,1.6
ENC097-000773,2024-05-05,centro,web,1,1,4,4.0
ENC097-000774,2024-05-05,sur,web,1,0,,2.4
ENC097-000775,2024-05-05,norte,web,1,1,3,1.6
ENC097-000776,2024-05-05,centro,web,1,1,4,4.0
ENC097-000777,2024-05-06, SUR ,telefono,1,1,5,2.4
ENC097-000778,2024-05-06,norte,telefono,1,0,,1.6
ENC097-000779,2024-05-06,centro,web,1,0,,4.0
ENC097-000780,2024-05-06,sur,telefono,1,1,5,2.4
ENC097-000781,2024-05-06,norte,web,1,1,2,1.6
ENC097-000782,2024-05-06,centro,web,1,0,,4.0
ENC097-000783,2024-05-07,sur,web,1,0,,2.4
ENC097-000784,2024-05-07,norte,web,1,1,3,1.6
ENC097-000785,2024-05-07,centro,telefono,1,1,1,4.0
ENC097-000786,2024-05-07,sur,telefono,1,0,,2.4
ENC097-000787,2024-05-07,norte,telefono,1,1,2,1.6
ENC097-000788,2024-05-07,centro,web,1,0,,4.0
ENC097-000789,2024-05-08,sur,web,1,0,,2.4
ENC097-000790,2024-05-08,norte,telefono,1,1,4,1.6
ENC097-000791,2024-05-08,centro,web,1,0,,4.0
ENC097-000792,2024-05-08,sur,telefono,1,1,4,2.4
ENC097-000793,2024-05-08,norte,web,1,1,5,1.6
ENC097-000794,2024-05-08,centro,telefono,1,1,1,4.0
ENC097-000795,2024-05-08,sur,web,1,0,,2.4
ENC097-000796,2024-05-09,norte,telefono,1,1,3,1.6
ENC097-000797,2024-05-09,centro,web,1,1,3,4.0
ENC097-000798,2024-05-09,sur,telefono,1,1,2,2.4
ENC097-000799,2024-05-09,norte,telefono,1,1,4,1.6
ENC097-000800,2024-05-09,centro,web,1,0,,4.0
ENC097-000801,2024-05-09,sur,telefono,1,0,,2.4
ENC097-000802,2024-05-10,norte,telefono,1,1,4,1.6
ENC097-000803,2024-05-10,centro,web,1,0,,4.0
ENC097-000804,2024-05-10,sur,telefono,1,1,4,2.4
ENC097-000805,2024-05-10,norte,telefono,1,1,4,1.6
ENC097-000806,2024-05-10,centro,web,1,0,,4.0
ENC097-000807,2024-05-10,sur,web,1,0,,2.4
ENC097-000808,2024-05-11,norte,web,1,1,3,1.6
ENC097-000809,2024-05-11,centro,web,1,0,,4.0
ENC097-000810,2024-05-11,sur,web,1,1,5,2.4
ENC097-000811,2024-05-11,norte,telefono,1,1,4,1.6
ENC097-000812,2024-05-11,centro,web,1,0,,4.0
ENC097-000813,2024-05-11,sur,web,1,1,5,2.4
ENC097-000814,2024-05-12,norte,web,1,1,4,1.6
ENC097-000815,2024-05-12,centro,telefono,1,0,,4.0
ENC097-000816,2024-05-12,sur,web,1,0,,2.4
ENC097-000817,2024-05-12,norte,telefono,1,0,,1.6
ENC097-000818,2024-05-12,centro,telefono,1,0,,4.0
ENC097-000819,2024-05-12,sur,web,1,1,3,2.4
ENC097-000820,2024-05-13,norte,telefono,1,1,4,1.6
ENC097-000821,2024-05-13,centro,web,1,0,,4.0
ENC097-000822,2024-05-13,sur,telefono,1,0,,2.4
ENC097-000823,2024-05-13,norte,telefono,1,1,4,1.6
ENC097-000824,2024-05-13,centro,web,1,0,,4.0
ENC097-000825,2024-05-13,sur,telefono,1,1,5,2.4
ENC097-000826,2024-05-14,norte,telefono,1,1,3,1.6
ENC097-000827,2024-05-14,centro,web,1,0,,4.0
ENC097-000828,2024-05-14,sur,web,1,1,2,2.4
ENC097-000829,2024-05-14,norte,web,1,1,4,1.6
ENC097-000830,2024-05-14,centro,telefono,1,0,,4.0
ENC097-000831,2024-05-14,sur,telefono,1,1,,2.4
ENC097-000832,2024-05-14,norte,web,1,0,,1.6
ENC097-000833,2024-05-15,centro,web,1,1,2,4.0
ENC097-000834,2024-05-15,sur,web,1,0,,2.4
ENC097-000835,2024-05-15,norte,telefono,1,1,4,1.6
ENC097-000836,2024-05-15,centro,telefono,1,0,,4.0
ENC097-000837,2024-05-15,sur,telefono,1,0,,2.4
ENC097-000838,2024-05-15,norte,web,1,1,5,1.6
ENC097-000839,2024-05-16,centro,web,1,0,,4.0
ENC097-000840,2024-05-16,sur,web,1,1,4,2.4
ENC097-000841,2024-05-16,norte,web,1,1,4,1.6
ENC097-000842,2024-05-16,centro,telefono,1,0,,4.0
ENC097-000843,2024-05-16,sur,telefono,1,1,3,2.4
ENC097-000844,2024-05-16,norte,web,1,1,4,1.6
ENC097-000845,2024-05-17,centro,web,1,0,,4.0
ENC097-000846,2024-05-17,sur,web,1,0,,2.4
ENC097-000847,2024-05-17,norte,web,1,1,3,1.6
ENC097-000848,2024-05-17,centro,web,1,0,,4.0
ENC097-000849,2024-05-17,sur,telefono,1,0,,2.4
ENC097-000850,2024-05-17,norte,web,1,0,,1.6
ENC097-000851,2024-05-18,centro,telefono,1,1,2,4.0
ENC097-000852,2024-05-18,sur,telefono,1,1,4,2.4
ENC097-000853,2024-05-18,norte,web,1,1,5,1.6
ENC097-000854,2024-05-18,centro,telefono,1,0,,4.0
ENC097-000855,2024-05-18,sur,web,1,1,5,2.4
ENC097-000856,2024-05-18,norte,web,1,1,3,1.6
ENC097-000857,2024-05-19,centro,web,1,0,,4.0
ENC097-000858,2024-05-19,sur,telefono,1,0,,2.4
ENC097-000859,2024-05-19,norte,web,1,1,2,1.6
ENC097-000860,2024-05-19,centro,telefono,1,0,,4.0
ENC097-000861,2024-05-19,sur,telefono,1,0,,2.4
ENC097-000862,2024-05-19,norte,telefono,1,1,3,1.6
ENC097-000863,2024-05-20,centro,telefono,1,0,,4.0
ENC097-000864,2024-05-20,sur,web,1,1,3,2.4
ENC097-000865,2024-05-20,norte,telefono,1,1,5,1.6
ENC097-000866,2024-05-20,centro,telefono,1,1,4,4.0
ENC097-000867,2024-05-20,sur,telefono,1,0,,2.4
ENC097-000868,2024-05-20,norte,web,1,1,2,1.6
ENC097-000869,2024-05-21,centro,web,1,0,,4.0
ENC097-000870,2024-05-21,sur,web,1,0,,2.4
ENC097-000871,2024-05-21,norte,web,1,1,3,1.6
ENC097-000872,2024-05-21,centro,web,1,0,,4.0
ENC097-000873,2024-05-21,sur,web,1,1,4,2.4
ENC097-000874,2024-05-21, NORTE ,telefono,1,1,5,1.6
ENC097-000875,2024-05-21,centro,telefono,1,0,,4.0
ENC097-000876,2024-05-22,sur,web,1,0,,2.4
ENC097-000877,2024-05-22,norte,telefono,1,1,5,1.6
ENC097-000878,2024-05-22,centro,web,1,1,3,4.0
ENC097-000879,2024-05-22,sur,telefono,1,1,3,2.4
ENC097-000880,2024-05-22,norte,web,1,1,4,1.6
ENC097-000881,2024-05-22,centro,telefono,1,1,5,4.0
ENC097-000882,2024-05-23,sur,telefono,1,0,,2.4
ENC097-000883,2024-05-23,norte,telefono,1,1,4,1.6
ENC097-000884,2024-05-23,centro,telefono,1,1,4,4.0
ENC097-000885,2024-05-23,sur,web,1,1,4,2.4
ENC097-000886,2024-05-23,norte,web,1,1,4,1.6
ENC097-000887,2024-05-23,centro,telefono,1,1,3,4.0
ENC097-000888,2024-05-24,sur,web,1,1,2,2.4
ENC097-000889,2024-05-24,norte,web,1,0,,1.6
ENC097-000890,2024-05-24,centro,telefono,1,0,,4.0
ENC097-000891,2024-05-24,sur,telefono,1,0,,2.4
ENC097-000892,2024-05-24,norte,telefono,1,0,,1.6
ENC097-000893,2024-05-24,centro,telefono,1,0,,4.0
ENC097-000894,2024-05-25,sur,web,1,0,,2.4
ENC097-000895,2024-05-25,norte,web,1,1,5,1.6
ENC097-000896,2024-05-25,centro,web,1,1,3,4.0
ENC097-000897,2024-05-25,sur,telefono,1,1,4,2.4
ENC097-000898,2024-05-25,norte,telefono,1,1,5,1.6
ENC097-000899,2024-05-25,centro,web,1,1,4,4.0
ENC097-000900,2024-05-26,sur,telefono,1,1,3,2.4
ENC097-000901,2024-05-26,norte,web,1,0,,1.6
ENC097-000902,2024-05-26,centro,telefono,1,0,,4.0
ENC097-000903,2024-05-26,sur,telefono,1,0,,2.4
ENC097-000904,2024-05-26,norte,web,1,1,4,1.6
ENC097-000905,2024-05-26,centro,telefono,1,1,3,4.0
ENC097-000906,2024-05-27,sur,web,1,1,4,2.4
ENC097-000907,2024-05-27,norte,web,1,0,,1.6
ENC097-000908,2024-05-27,centro,web,1,0,,4.0
ENC097-000909,2024-05-27,sur,web,1,0,,2.4
ENC097-000910,2024-05-27,norte,web,1,1,4,1.6
ENC097-000911,2024-05-27,centro,telefono,1,0,,4.0
ENC097-000912,2024-05-27,sur,web,1,0,,2.4
ENC097-000913,2024-05-28,norte,telefono,1,1,5,1.6
ENC097-000914,2024-05-28,centro,telefono,1,1,,4.0
ENC097-000915,2024-05-28,sur,telefono,1,1,5,2.4
ENC097-000916,2024-05-28,norte,telefono,1,1,4,1.6
ENC097-000917,2024-05-28,centro,web,1,1,2,4.0
ENC097-000918,2024-05-28,sur,telefono,1,0,,2.4
ENC097-000919,2024-05-29,norte,web,1,1,3,1.6
ENC097-000920,2024-05-29,centro,telefono,1,0,,4.0
ENC097-000921,2024-05-29,sur,web,1,0,,2.4
ENC097-000922,2024-05-29,norte,web,1,0,,1.6
ENC097-000923,2024-05-29,centro,web,1,0,,4.0
ENC097-000924,2024-05-29,sur,web,1,0,,2.4
ENC097-000925,2024-05-30,norte,telefono,1,1,4,1.6
ENC097-000926,2024-05-30,centro,web,1,0,,4.0
ENC097-000927,2024-05-30,sur,web,1,1,5,2.4
ENC097-000928,2024-05-30,norte,web,1,1,5,1.6
ENC097-000929,2024-05-30,centro,telefono,1,0,,4.0
ENC097-000930,2024-05-30,sur,telefono,1,0,,2.4
ENC097-000931,2024-05-31,norte,web,1,1,5,1.6
ENC097-000932,2024-05-31,centro,telefono,1,1,4,4.0
ENC097-000933,2024-05-31,sur,telefono,1,0,,2.4
ENC097-000934,2024-05-31,norte,web,1,1,4,1.6
ENC097-000935,2024-05-31,centro,web,1,0,,4.0
ENC097-000936,2024-05-31,sur,web,1,1,4,2.4
ENC097-000937,2024-06-01,norte,telefono,1,1,5,1.6
ENC097-000938,2024-06-01,centro,web,1,1,3,4.0
ENC097-000939,2024-06-01,sur,telefono,1,1,3,2.4
ENC097-000940,2024-06-01,norte,telefono,1,0,,1.6
ENC097-000941,2024-06-01,centro,web,1,0,,4.0
ENC097-000942,2024-06-01,sur,web,1,1,3,2.4
ENC097-000943,2024-06-02,norte,web,1,1,3,1.6
ENC097-000944,2024-06-02,centro,telefono,1,0,,4.0
ENC097-000945,2024-06-02,sur,web,1,0,,2.4
ENC097-000946,2024-06-02,norte,web,1,1,4,1.6
ENC097-000947,2024-06-02,centro,web,1,1,3,4.0
ENC097-000948,2024-06-02,sur,telefono,1,0,,2.4
ENC097-000949,2024-06-02,norte,web,1,1,5,1.6
ENC097-000950,2024-06-03,centro,web,1,1,3,4.0
ENC097-000951,2024-06-03,sur,web,1,0,,2.4
ENC097-000952,2024-06-03,norte,web,1,1,4,1.6
ENC097-000953,2024-06-03,centro,telefono,1,0,,4.0
ENC097-000954,2024-06-03,sur,telefono,1,1,4,2.4
ENC097-000955,2024-06-03,norte,telefono,1,0,,1.6
ENC097-000956,2024-06-04,centro,telefono,1,1,3,4.0
ENC097-000957,2024-06-04,sur,web,1,0,,2.4
ENC097-000958,2024-06-04,norte,telefono,1,1,3,1.6
ENC097-000959,2024-06-04,centro,telefono,1,0,,4.0
ENC097-000960,2024-06-04,sur,telefono,1,1,2,2.4
ENC097-000961,2024-06-04,norte,telefono,1,1,5,1.6
ENC097-000962,2024-06-05,centro,telefono,1,0,,4.0
ENC097-000963,2024-06-05,sur,web,1,1,2,2.4
ENC097-000964,2024-06-05,norte,telefono,1,1,5,1.6
ENC097-000965,2024-06-05,centro,telefono,1,0,,4.0
ENC097-000966,2024-06-05,sur,web,1,1,1,2.4
ENC097-000967,2024-06-05,norte,web,1,1,3,1.6
ENC097-000968,2024-06-06,centro,telefono,1,0,,4.0
ENC097-000969,2024-06-06,sur,web,1,0,,2.4
ENC097-000970,2024-06-06,norte,web,1,1,5,1.6
ENC097-000971,2024-06-06, CENTRO ,telefono,1,0,,4.0
ENC097-000972,2024-06-06,sur,telefono,1,1,4,2.4
ENC097-000973,2024-06-06,norte,web,1,1,4,1.6
ENC097-000974,2024-06-07,centro,telefono,1,0,,4.0
ENC097-000975,2024-06-07,sur,web,1,1,5,2.4
ENC097-000976,2024-06-07,norte,web,1,0,,1.6
ENC097-000977,2024-06-07,centro,web,1,1,3,4.0
ENC097-000978,2024-06-07,sur,web,1,1,4,2.4
ENC097-000979,2024-06-07,norte,web,1,1,3,1.6
ENC097-000980,2024-06-08,centro,telefono,1,1,3,4.0
ENC097-000981,2024-06-08,sur,telefono,1,0,,2.4
ENC097-000982,2024-06-08,norte,telefono,1,1,3,1.6
ENC097-000983,2024-06-08,centro,telefono,1,1,3,4.0
ENC097-000984,2024-06-08,sur,web,1,0,,2.4
ENC097-000985,2024-06-08,norte,web,1,1,5,1.6
ENC097-000986,2024-06-09,centro,web,1,0,,4.0
ENC097-000987,2024-06-09,sur,telefono,1,0,,2.4
ENC097-000988,2024-06-09,norte,web,1,1,4,1.6
ENC097-000989,2024-06-09,centro,telefono,1,0,,4.0
ENC097-000990,2024-06-09,sur,web,1,1,4,2.4
ENC097-000991,2024-06-09,norte,web,1,1,3,1.6
ENC097-000992,2024-06-09,centro,telefono,1,1,2,4.0
ENC097-000993,2024-06-10,sur,telefono,1,1,3,2.4
ENC097-000994,2024-06-10,norte,web,1,1,4,1.6
ENC097-000995,2024-06-10,centro,telefono,1,1,3,4.0
ENC097-000996,2024-06-10,sur,telefono,1,1,3,2.4
ENC097-000997,2024-06-10,norte,web,1,0,,1.6
ENC097-000998,2024-06-10,centro,web,1,1,3,4.0
ENC097-000999,2024-06-11,sur,web,1,1,2,2.4
ENC097-001000,2024-06-11,norte,telefono,1,1,3,1.6
ENC097-001001,2024-06-11,centro,telefono,1,1,3,4.0
ENC097-001002,2024-06-11,sur,telefono,1,0,,2.4
ENC097-001003,2024-06-11,norte,telefono,1,1,3,1.6
ENC097-001004,2024-06-11,centro,telefono,1,0,,4.0
ENC097-001005,2024-06-12,sur,telefono,1,1,4,2.4
ENC097-001006,2024-06-12,norte,telefono,1,1,5,1.6
ENC097-001007,2024-06-12,centro,web,1,1,4,4.0
ENC097-001008,2024-06-12,sur,telefono,1,1,4,2.4
ENC097-001009,2024-06-12,norte,telefono,1,0,,1.6
ENC097-001010,2024-06-12,centro,web,1,0,,4.0
ENC097-001011,2024-06-13,sur,telefono,1,1,3,2.4
ENC097-001012,2024-06-13,norte,web,1,1,4,1.6
ENC097-001013,2024-06-13,centro,telefono,1,1,4,4.0
ENC097-001014,2024-06-13,sur,web,1,1,5,2.4
ENC097-001015,2024-06-13,norte,telefono,1,1,3,1.6
ENC097-001016,2024-06-13,centro,telefono,1,1,3,4.0
ENC097-001017,2024-06-14,sur,web,1,0,,2.4
ENC097-001018,2024-06-14,norte,telefono,1,1,2,1.6
ENC097-001019,2024-06-14,centro,web,1,0,,4.0
ENC097-001020,2024-06-14,sur,telefono,1,1,3,2.4
ENC097-001021,2024-06-14,norte,web,1,1,4,1.6
ENC097-001022,2024-06-14,centro,web,1,1,3,4.0
ENC097-001023,2024-06-15,sur,web,1,1,4,2.4
ENC097-001024,2024-06-15,norte,web,1,1,5,1.6
ENC097-001025,2024-06-15,centro,web,1,0,,4.0
ENC097-001026,2024-06-15,sur,telefono,1,0,,2.4
ENC097-001027,2024-06-15,norte,telefono,1,1,4,1.6
ENC097-001028,2024-06-15,centro,telefono,1,0,,4.0
ENC097-001029,2024-06-15,sur,web,1,1,5,2.4
ENC097-001030,2024-06-16,norte,web,1,1,2,1.6
ENC097-001031,2024-06-16,centro,web,1,0,,4.0
ENC097-001032,2024-06-16,sur,web,1,1,3,2.4
ENC097-001033,2024-06-16,norte,web,1,1,5,1.6
ENC097-001034,2024-06-16,centro,telefono,1,0,,4.0
ENC097-001035,2024-06-16,sur,web,1,0,,2.4
ENC097-001036,2024-06-17,norte,telefono,1,1,5,1.6
ENC097-001037,2024-06-17,centro,telefono,1,0,,4.0
ENC097-001038,2024-06-17,sur,web,1,0,,2.4
ENC097-001039,2024-06-17,norte,telefono,1,0,,1.6
ENC097-001040,2024-06-17,centro,web,1,1,4,4.0
ENC097-001041,2024-06-17,sur,web,1,1,3,2.4
ENC097-001042,2024-06-18,norte,web,1,1,5,1.6
ENC097-001043,2024-06-18,centro,telefono,1,1,3,4.0
ENC097-001044,2024-06-18,sur,telefono,1,1,4,2.4
ENC097-001045,2024-06-18,norte,telefono,1,1,5,1.6
ENC097-001046,2024-06-18,centro,web,1,0,,4.0
ENC097-001047,2024-06-18,sur,telefono,1,1,1,2.4
ENC097-001048,2024-06-19,norte,web,1,0,,1.6
ENC097-001049,2024-06-19,centro,web,1,0,,4.0
ENC097-001050,2024-06-19,sur,web,1,0,,2.4
ENC097-001051,2024-06-19,norte,telefono,1,0,,1.6
ENC097-001052,2024-06-19,centro,web,1,0,,4.0
ENC097-001053,2024-06-19,sur,web,1,1,4,2.4
ENC097-001054,2024-06-20,norte,telefono,1,0,,1.6
ENC097-001055,2024-06-20,centro,web,1,0,,4.0
ENC097-001056,2024-06-20,sur,web,1,1,4,2.4
ENC097-001057,2024-06-20,norte,web,1,1,4,1.6
ENC097-001058,2024-06-20,centro,telefono,1,1,3,4.0
ENC097-001059,2024-06-20,sur,telefono,1,0,,2.4
ENC097-001060,2024-06-21,norte,web,1,1,5,1.6
ENC097-001061,2024-06-21,centro,telefono,1,0,,4.0
ENC097-001062,2024-06-21,sur,telefono,1,0,,2.4
ENC097-001063,2024-06-21,norte,telefono,1,1,5,1.6
ENC097-001064,2024-06-21,centro,telefono,1,1,2,4.0
ENC097-001065,2024-06-21,sur,telefono,1,0,,2.4
ENC097-001066,2024-06-22,norte,web,1,1,4,1.6
ENC097-001067,2024-06-22,centro,web,1,1,3,4.0
ENC097-001068,2024-06-22, SUR ,web,1,1,3,2.4
ENC097-001069,2024-06-22,norte,web,1,1,3,1.6
ENC097-001070,2024-06-22,centro,web,1,0,,4.0
ENC097-001071,2024-06-22,sur,telefono,1,0,,2.4
ENC097-001072,2024-06-22,norte,telefono,1,1,5,1.6
ENC097-001073,2024-06-23,centro,telefono,1,0,,4.0
ENC097-001074,2024-06-23,sur,web,1,0,,2.4
ENC097-001075,2024-06-23,norte,web,1,1,4,1.6
ENC097-001076,2024-06-23,centro,telefono,1,1,2,4.0
ENC097-001077,2024-06-23,sur,web,1,1,2,2.4
ENC097-001078,2024-06-23,norte,telefono,1,0,,1.6
ENC097-001079,2024-06-24,centro,telefono,1,0,,4.0
ENC097-001080,2024-06-24,sur,telefono,1,0,,2.4
ENC097-001081,2024-06-24,norte,telefono,1,1,4,1.6
ENC097-001082,2024-06-24,centro,telefono,1,1,3,4.0
ENC097-001083,2024-06-24,sur,telefono,1,0,,2.4
ENC097-001084,2024-06-24,norte,web,1,1,3,1.6
ENC097-001085,2024-06-25,centro,web,1,0,,4.0
ENC097-001086,2024-06-25,sur,web,1,0,,2.4
ENC097-001087,2024-06-25,norte,web,1,1,4,1.6
ENC097-001088,2024-06-25,centro,web,1,1,3,4.0
ENC097-001089,2024-06-25,sur,web,1,1,4,2.4
ENC097-001090,2024-06-25,norte,web,1,1,4,1.6
ENC097-001091,2024-06-26,centro,web,1,0,,4.0
ENC097-001092,2024-06-26,sur,web,1,1,5,2.4
ENC097-001093,2024-06-26,norte,telefono,1,1,4,1.6
ENC097-001094,2024-06-26,centro,web,1,0,,4.0
ENC097-001095,2024-06-26,sur,telefono,1,0,,2.4
ENC097-001096,2024-06-26,norte,web,1,1,5,1.6
ENC097-001097,2024-06-27,centro,web,1,0,,4.0
ENC097-001098,2024-06-27,sur,telefono,1,1,4,2.4
ENC097-001099,2024-06-27,norte,telefono,1,1,5,1.6
ENC097-001100,2024-06-27,centro,telefono,1,0,,4.0
ENC097-001101,2024-06-27,sur,web,1,1,2,2.4
ENC097-001102,2024-06-27,norte,telefono,1,1,5,1.6
ENC097-001103,2024-06-28,centro,telefono,1,0,,4.0
ENC097-001104,2024-06-28,sur,telefono,1,1,4,2.4
ENC097-001105,2024-06-28,norte,web,1,0,,1.6
ENC097-001106,2024-06-28,centro,telefono,1,0,,4.0
ENC097-001107,2024-06-28,sur,web,1,0,,2.4
ENC097-001108,2024-06-28,norte,telefono,1,1,5,1.6
ENC097-001109,2024-06-28,centro,web,1,1,4,4.0
ENC097-001110,2024-06-29,sur,web,1,1,3,2.4
ENC097-001111,2024-06-29,norte,telefono,1,1,2,1.6
ENC097-001112,2024-06-29,centro,web,1,0,,4.0
ENC097-001113,2024-06-29,sur,telefono,1,0,,2.4
ENC097-001114,2024-06-29,norte,telefono,1,1,4,1.6
ENC097-001115,2024-06-29,centro,web,1,1,3,4.0
ENC097-001116,2024-06-30,sur,web,1,0,,2.4
ENC097-001117,2024-06-30,norte,web,1,1,5,1.6
ENC097-001118,2024-06-30,centro,web,1,0,,4.0
ENC097-001119,2024-06-30,sur,web,1,0,,2.4
ENC097-001120,2024-06-30,norte,telefono,1,1,3,1.6
ENC097-001121,2024-06-30,centro,web,1,0,,4.0
ENC097-001122,2024-07-01,sur,telefono,1,1,3,2.4
ENC097-001123,2024-07-01,norte,web,1,1,5,1.6
ENC097-001124,2024-07-01,centro,web,1,0,,4.0
ENC097-001125,2024-07-01,sur,telefono,1,0,,2.4
ENC097-001126,2024-07-01,norte,web,1,1,4,1.6
ENC097-001127,2024-07-01,centro,web,1,0,,4.0
ENC097-001128,2024-07-02,sur,telefono,1,1,3,2.4
ENC097-001129,2024-07-02,norte,web,1,0,,1.6
ENC097-001130,2024-07-02,centro,telefono,1,0,,4.0
ENC097-001131,2024-07-02,sur,web,1,1,4,2.4
ENC097-001132,2024-07-02,norte,telefono,1,1,4,1.6
ENC097-001133,2024-07-02,centro,web,1,0,,4.0
ENC097-001134,2024-07-03,sur,web,1,1,3,2.4
ENC097-001135,2024-07-03,norte,telefono,1,0,,1.6
ENC097-001136,2024-07-03,centro,web,1,1,3,4.0
ENC097-001137,2024-07-03,sur,telefono,1,0,,2.4
ENC097-001138,2024-07-03,norte,web,1,1,3,1.6
ENC097-001139,2024-07-03,centro,web,1,1,3,4.0
ENC097-001140,2024-07-04,sur,web,1,1,3,2.4
ENC097-001141,2024-07-04,norte,telefono,1,1,4,1.6
ENC097-001142,2024-07-04,centro,telefono,1,1,4,4.0
ENC097-001143,2024-07-04,sur,telefono,1,1,4,2.4
ENC097-001144,2024-07-04,norte,telefono,1,1,5,1.6
ENC097-001145,2024-07-04,centro,web,1,0,,4.0
ENC097-001146,2024-07-04,sur,web,1,1,3,2.4
ENC097-001147,2024-07-05,norte,web,1,1,3,1.6
ENC097-001148,2024-07-05,centro,web,1,1,3,4.0
ENC097-001149,2024-07-05,sur,web,1,1,4,2.4
ENC097-001150,2024-07-05,norte,telefono,1,1,3,1.6
ENC097-001151,2024-07-05,centro,telefono,1,1,2,4.0
ENC097-001152,2024-07-05,sur,telefono,1,1,4,2.4
ENC097-001153,2024-07-06,norte,telefono,1,1,4,1.6
ENC097-001154,2024-07-06,centro,web,1,0,,4.0
ENC097-001155,2024-07-06,sur,web,1,0,,2.4
ENC097-001156,2024-07-06,norte,telefono,1,1,4,1.6
ENC097-001157,2024-07-06,centro,telefono,1,0,,4.0
ENC097-001158,2024-07-06,sur,web,1,0,,2.4
ENC097-001159,2024-07-07,norte,telefono,1,1,2,1.6
ENC097-001160,2024-07-07,centro,web,1,0,,4.0
ENC097-001161,2024-07-07,sur,telefono,1,0,,2.4
ENC097-001162,2024-07-07,norte,telefono,1,1,3,1.6
ENC097-001163,2024-07-07,centro,web,1,0,,4.0
ENC097-001164,2024-07-07,sur,web,1,1,3,2.4
ENC097-001165,2024-07-08, NORTE ,web,1,1,3,1.6
ENC097-001166,2024-07-08,centro,web,1,0,,4.0
ENC097-001167,2024-07-08,sur,telefono,1,0,,2.4
ENC097-001168,2024-07-08,norte,web,1,1,5,1.6
ENC097-001169,2024-07-08,centro,telefono,1,1,4,4.0
ENC097-001170,2024-07-08,sur,web,1,0,,2.4
ENC097-001171,2024-07-09,norte,web,1,1,4,1.6
ENC097-001172,2024-07-09,centro,web,1,0,,4.0
ENC097-001173,2024-07-09,sur,web,1,1,4,2.4
ENC097-001174,2024-07-09,norte,telefono,1,0,,1.6
ENC097-001175,2024-07-09,centro,web,1,1,2,4.0
ENC097-001176,2024-07-09,sur,telefono,1,1,4,2.4
ENC097-001177,2024-07-10,norte,telefono,1,1,5,1.6
ENC097-001178,2024-07-10,centro,web,1,1,2,4.0
ENC097-001179,2024-07-10,sur,web,1,0,,2.4
ENC097-001180,2024-07-10,norte,web,1,1,3,1.6
ENC097-001181,2024-07-10,centro,web,1,0,,4.0
ENC097-001182,2024-07-10,sur,telefono,1,0,,2.4
ENC097-001183,2024-07-11,norte,telefono,1,1,2,1.6
ENC097-001184,2024-07-11,centro,web,1,1,2,4.0
ENC097-001185,2024-07-11,sur,web,1,1,3,2.4
ENC097-001186,2024-07-11,norte,telefono,1,0,,1.6
ENC097-001187,2024-07-11,centro,web,1,0,,4.0
ENC097-001188,2024-07-11,sur,web,1,1,4,2.4
ENC097-001189,2024-07-11,norte,web,1,1,5,1.6
ENC097-001190,2024-07-12,centro,telefono,1,1,2,4.0
ENC097-001191,2024-07-12,sur,telefono,1,1,5,2.4
ENC097-001192,2024-07-12,norte,web,1,0,,1.6
ENC097-001193,2024-07-12,centro,telefono,1,0,,4.0
ENC097-001194,2024-07-12,sur,web,1,1,4,2.4
ENC097-001195,2024-07-12,norte,web,1,1,5,1.6
ENC097-001196,2024-07-13,centro,telefono,1,0,,4.0
ENC097-001197,2024-07-13,sur,web,1,1,2,2.4
ENC097-001198,2024-07-13,norte,web,1,1,3,1.6
ENC097-001199,2024-07-13,centro,web,1,0,,4.0
ENC097-001200,2024-07-13,sur,telefono,1,1,3,2.4
ENC097-001201,2024-07-13,norte,telefono,1,1,4,1.6
ENC097-001202,2024-07-14,centro,telefono,1,1,2,4.0
ENC097-001203,2024-07-14,sur,telefono,1,1,5,2.4
ENC097-001204,2024-07-14,norte,web,1,0,,1.6
ENC097-001205,2024-07-14,centro,web,1,1,3,4.0
ENC097-001206,2024-07-14,sur,web,1,0,,2.4
ENC097-001207,2024-07-14,norte,telefono,1,0,,1.6
ENC097-001208,2024-07-15,centro,web,1,0,,4.0
ENC097-001209,2024-07-15,sur,web,1,0,,2.4
ENC097-001210,2024-07-15,norte,telefono,1,1,3,1.6
ENC097-001211,2024-07-15,centro,web,1,1,3,4.0
ENC097-001212,2024-07-15,sur,telefono,1,1,4,2.4
ENC097-001213,2024-07-15,norte,web,1,1,5,1.6
ENC097-001214,2024-07-16,centro,web,1,1,2,4.0
ENC097-001215,2024-07-16,sur,web,1,0,,2.4
ENC097-001216,2024-07-16,norte,web,1,1,3,1.6
ENC097-001217,2024-07-16,centro,web,1,0,,4.0
ENC097-001218,2024-07-16,sur,web,1,1,5,2.4
ENC097-001219,2024-07-16,norte,web,1,1,4,1.6
ENC097-001220,2024-07-17,centro,web,1,0,,4.0
ENC097-001221,2024-07-17,sur,telefono,1,1,3,2.4
ENC097-001222,2024-07-17,norte,web,1,1,5,1.6
ENC097-001223,2024-07-17,centro,web,1,0,,4.0
ENC097-001224,2024-07-17,sur,telefono,1,1,3,2.4
ENC097-001225,2024-07-17,norte,telefono,1,1,4,1.6
ENC097-001226,2024-07-17,centro,web,1,0,,4.0
ENC097-001227,2024-07-18,sur,telefono,1,0,,2.4
ENC097-001228,2024-07-18,norte,web,1,1,3,1.6
ENC097-001229,2024-07-18,centro,web,1,1,3,4.0
ENC097-001230,2024-07-18,sur,web,1,1,3,2.4
ENC097-001231,2024-07-18,norte,web,1,0,,1.6
ENC097-001232,2024-07-18,centro,web,1,0,,4.0
ENC097-001233,2024-07-19,sur,web,1,1,4,2.4
ENC097-001234,2024-07-19,norte,telefono,1,0,,1.6
ENC097-001235,2024-07-19,centro,telefono,1,0,,4.0
ENC097-001236,2024-07-19,sur,telefono,1,1,3,2.4
ENC097-001237,2024-07-19,norte,web,1,1,4,1.6
ENC097-001238,2024-07-19,centro,telefono,1,1,4,4.0
ENC097-001239,2024-07-20,sur,web,1,0,,2.4
ENC097-001240,2024-07-20,norte,telefono,1,1,5,1.6
ENC097-001241,2024-07-20,centro,telefono,1,1,2,4.0
ENC097-001242,2024-07-20,sur,telefono,1,1,5,2.4
ENC097-001243,2024-07-20,norte,telefono,1,0,,1.6
ENC097-001244,2024-07-20,centro,telefono,1,0,,4.0
ENC097-001245,2024-07-21,sur,telefono,1,1,3,2.4
ENC097-001246,2024-07-21,norte,telefono,1,1,,1.6
ENC097-001247,2024-07-21,centro,web,1,1,4,4.0
ENC097-001248,2024-07-21,sur,web,1,0,,2.4
ENC097-001249,2024-07-21,norte,telefono,1,1,3,1.6
ENC097-001250,2024-07-21,centro,web,1,1,3,4.0
ENC097-001251,2024-07-22,sur,telefono,1,1,4,2.4
ENC097-001252,2024-07-22,norte,telefono,1,1,4,1.6
ENC097-001253,2024-07-22,centro,telefono,1,1,3,4.0
ENC097-001254,2024-07-22,sur,web,1,1,4,2.4
ENC097-001255,2024-07-22,norte,web,1,1,4,1.6
ENC097-001256,2024-07-22,centro,telefono,1,1,3,4.0
ENC097-001257,2024-07-23,sur,web,1,1,3,2.4
ENC097-001258,2024-07-23,norte,web,1,1,4,1.6
ENC097-001259,2024-07-23,centro,web,1,1,3,4.0
ENC097-001260,2024-07-23,sur,telefono,1,1,5,2.4
ENC097-001261,2024-07-23,norte,web,1,1,2,1.6
ENC097-001262,2024-07-23, CENTRO ,telefono,1,1,2,4.0
ENC097-001263,2024-07-24,sur,telefono,1,1,4,2.4
ENC097-001264,2024-07-24,norte,telefono,1,0,,1.6
ENC097-001265,2024-07-24,centro,telefono,1,0,,4.0
ENC097-001266,2024-07-24,sur,web,1,1,2,2.4
ENC097-001267,2024-07-24,norte,web,1,0,,1.6
ENC097-001268,2024-07-24,centro,web,1,0,,4.0
ENC097-001269,2024-07-24,sur,telefono,1,1,4,2.4
ENC097-001270,2024-07-25,norte,web,1,1,3,1.6
ENC097-001271,2024-07-25,centro,web,1,0,,4.0
ENC097-001272,2024-07-25,sur,telefono,1,1,4,2.4
ENC097-001273,2024-07-25,norte,telefono,1,1,4,1.6
ENC097-001274,2024-07-25,centro,web,1,1,3,4.0
ENC097-001275,2024-07-25,sur,web,1,1,5,2.4
ENC097-001276,2024-07-26,norte,telefono,1,1,5,1.6
ENC097-001277,2024-07-26,centro,telefono,1,1,5,4.0
ENC097-001278,2024-07-26,sur,web,1,1,4,2.4
ENC097-001279,2024-07-26,norte,web,1,1,4,1.6
ENC097-001280,2024-07-26,centro,web,1,0,,4.0
ENC097-001281,2024-07-26,sur,web,1,1,5,2.4
ENC097-001282,2024-07-27,norte,telefono,1,1,3,1.6
ENC097-001283,2024-07-27,centro,telefono,1,1,4,4.0
ENC097-001284,2024-07-27,sur,web,1,1,5,2.4
ENC097-001285,2024-07-27,norte,telefono,1,1,5,1.6
ENC097-001286,2024-07-27,centro,web,1,1,1,4.0
ENC097-001287,2024-07-27,sur,telefono,1,1,4,2.4
ENC097-001288,2024-07-28,norte,web,1,1,5,1.6
ENC097-001289,2024-07-28,centro,web,1,0,,4.0
ENC097-001290,2024-07-28,sur,telefono,1,1,4,2.4
ENC097-001291,2024-07-28,norte,telefono,1,1,5,1.6
ENC097-001292,2024-07-28,centro,web,1,1,4,4.0
ENC097-001293,2024-07-28,sur,web,1,0,,2.4
ENC097-001294,2024-07-29,norte,telefono,1,1,4,1.6
ENC097-001295,2024-07-29,centro,telefono,1,0,,4.0
ENC097-001296,2024-07-29,sur,web,1,1,5,2.4
ENC097-001297,2024-07-29,norte,web,1,1,4,1.6
ENC097-001298,2024-07-29,centro,telefono,1,1,1,4.0
ENC097-001299,2024-07-29,sur,telefono,1,0,,2.4
ENC097-001300,2024-07-30,norte,telefono,1,0,,1.6
ENC097-001301,2024-07-30,centro,web,1,1,3,4.0
ENC097-001302,2024-07-30,sur,telefono,1,0,,2.4
ENC097-001303,2024-07-30,norte,telefono,1,1,3,1.6
ENC097-001304,2024-07-30,centro,web,1,0,,4.0
ENC097-001305,2024-07-30,sur,telefono,1,1,4,2.4
ENC097-001306,2024-07-30,norte,web,1,1,4,1.6
ENC097-001307,2024-07-31,centro,telefono,1,1,2,4.0
ENC097-001308,2024-07-31,sur,web,1,1,3,2.4
ENC097-001309,2024-07-31,norte,web,1,1,5,1.6
ENC097-001310,2024-07-31,centro,telefono,1,0,,4.0
ENC097-001311,2024-07-31,sur,web,1,1,3,2.4
ENC097-001312,2024-07-31,norte,web,1,1,3,1.6
ENC097-001313,2024-08-01,centro,web,1,1,2,4.0
ENC097-001314,2024-08-01,sur,web,1,1,3,2.4
ENC097-001315,2024-08-01,norte,web,1,1,3,1.6
ENC097-001316,2024-08-01,centro,web,1,1,3,4.0
ENC097-001317,2024-08-01,sur,web,1,0,,2.4
ENC097-001318,2024-08-01,norte,web,1,1,4,1.6
ENC097-001319,2024-08-02,centro,telefono,1,0,,4.0
ENC097-001320,2024-08-02,sur,telefono,1,1,4,2.4
ENC097-001321,2024-08-02,norte,web,1,0,,1.6
ENC097-001322,2024-08-02,centro,web,1,1,3,4.0
ENC097-001323,2024-08-02,sur,web,1,1,4,2.4
ENC097-001324,2024-08-02,norte,web,1,1,3,1.6
ENC097-001325,2024-08-03,centro,web,1,0,,4.0
ENC097-001326,2024-08-03,sur,web,1,0,,2.4
ENC097-001327,2024-08-03,norte,web,1,1,4,1.6
ENC097-001328,2024-08-03,centro,telefono,1,1,3,4.0
ENC097-001329,2024-08-03,sur,web,1,0,,2.4
ENC097-001330,2024-08-03,norte,telefono,1,1,4,1.6
ENC097-001331,2024-08-04,centro,telefono,1,0,,4.0
ENC097-001332,2024-08-04,sur,telefono,1,1,4,2.4
ENC097-001333,2024-08-04,norte,web,1,1,3,1.6
ENC097-001334,2024-08-04,centro,telefono,1,1,2,4.0
ENC097-001335,2024-08-04,sur,telefono,1,1,4,2.4
ENC097-001336,2024-08-04,norte,telefono,1,1,5,1.6
ENC097-001337,2024-08-05,centro,web,1,0,,4.0
ENC097-001338,2024-08-05,sur,web,1,0,,2.4
ENC097-001339,2024-08-05,norte,telefono,1,1,3,1.6
ENC097-001340,2024-08-05,centro,web,1,0,,4.0
ENC097-001341,2024-08-05,sur,web,1,1,3,2.4
ENC097-001342,2024-08-05,norte,telefono,1,1,5,1.6
ENC097-001343,2024-08-06,centro,web,1,0,,4.0
ENC097-001344,2024-08-06,sur,web,1,1,4,2.4
ENC097-001345,2024-08-06,norte,telefono,1,0,,1.6
ENC097-001346,2024-08-06,centro,telefono,1,0,,4.0
ENC097-001347,2024-08-06,sur,telefono,1,1,5,2.4
ENC097-001348,2024-08-06,norte,telefono,1,0,,1.6
ENC097-001349,2024-08-06,centro,web,1,0,,4.0
ENC097-001350,2024-08-07,sur,telefono,1,1,4,2.4
ENC097-001351,2024-08-07,norte,web,1,1,5,1.6
ENC097-001352,2024-08-07,centro,web,1,0,,4.0
ENC097-001353,2024-08-07,sur,telefono,1,1,3,2.4
ENC097-001354,2024-08-07,norte,telefono,1,1,3,1.6
ENC097-001355,2024-08-07,centro,web,1,1,4,4.0
ENC097-001356,2024-08-08,sur,web,1,0,,2.4
ENC097-001357,2024-08-08,norte,web,1,1,4,1.6
ENC097-001358,2024-08-08,centro,web,1,1,2,4.0
ENC097-001359,2024-08-08, SUR ,telefono,1,1,4,2.4
ENC097-001360,2024-08-08,norte,telefono,1,1,4,1.6
ENC097-001361,2024-08-08,centro,web,1,1,5,4.0
ENC097-001362,2024-08-09,sur,telefono,1,0,,2.4
ENC097-001363,2024-08-09,norte,telefono,1,0,,1.6
ENC097-001364,2024-08-09,centro,web,1,0,,4.0
ENC097-001365,2024-08-09,sur,telefono,1,0,,2.4
ENC097-001366,2024-08-09,norte,telefono,1,1,5,1.6
ENC097-001367,2024-08-09,centro,web,1,1,4,4.0
ENC097-001368,2024-08-10,sur,web,1,1,3,2.4
ENC097-001369,2024-08-10,norte,web,1,1,2,1.6
ENC097-001370,2024-08-10,centro,telefono,1,1,5,4.0
ENC097-001371,2024-08-10,sur,telefono,1,0,,2.4
ENC097-001372,2024-08-10,norte,web,1,1,5,1.6
ENC097-001373,2024-08-10,centro,telefono,1,0,,4.0
ENC097-001374,2024-08-11,sur,web,1,1,3,2.4
ENC097-001375,2024-08-11,norte,web,1,1,3,1.6
ENC097-001376,2024-08-11,centro,telefono,1,0,,4.0
ENC097-001377,2024-08-11,sur,telefono,1,1,5,2.4
ENC097-001378,2024-08-11,norte,web,1,1,5,1.6
ENC097-001379,2024-08-11,centro,web,1,0,,4.0
ENC097-001380,2024-08-12,sur,web,1,0,,2.4
ENC097-001381,2024-08-12,norte,telefono,1,1,2,1.6
ENC097-001382,2024-08-12,centro,telefono,1,0,,4.0
ENC097-001383,2024-08-12,sur,web,1,0,,2.4
ENC097-001384,2024-08-12,norte,telefono,1,0,,1.6
ENC097-001385,2024-08-12,centro,telefono,1,0,,4.0
ENC097-001386,2024-08-12,sur,web,1,1,4,2.4
ENC097-001387,2024-08-13,norte,telefono,1,1,3,1.6
ENC097-001388,2024-08-13,centro,telefono,1,1,2,4.0
ENC097-001389,2024-08-13,sur,telefono,1,1,4,2.4
ENC097-001390,2024-08-13,norte,telefono,1,0,,1.6
ENC097-001391,2024-08-13,centro,web,1,1,5,4.0
ENC097-001392,2024-08-13,sur,web,1,0,,2.4
ENC097-001393,2024-08-14,norte,telefono,1,1,4,1.6
ENC097-001394,2024-08-14,centro,telefono,1,1,5,4.0
ENC097-001395,2024-08-14,sur,web,1,0,,2.4
ENC097-001396,2024-08-14,norte,telefono,1,0,,1.6
ENC097-001397,2024-08-14,centro,web,1,1,2,4.0
ENC097-001398,2024-08-14,sur,web,1,1,3,2.4
ENC097-001399,2024-08-15,norte,telefono,1,1,3,1.6
ENC097-001400,2024-08-15,centro,telefono,1,0,,4.0
ENC097-001401,2024-08-15,sur,telefono,1,1,2,2.4
ENC097-001402,2024-08-15,norte,telefono,1,1,4,1.6
ENC097-001403,2024-08-15,centro,web,1,0,,4.0
ENC097-001404,2024-08-15,sur,telefono,1,1,5,2.4
ENC097-001405,2024-08-16,norte,web,1,0,,1.6
ENC097-001406,2024-08-16,centro,web,1,0,,4.0
ENC097-001407,2024-08-16,sur,telefono,1,1,2,2.4
ENC097-001408,2024-08-16,norte,telefono,1,1,2,1.6
ENC097-001409,2024-08-16,centro,telefono,1,0,,4.0
ENC097-001410,2024-08-16,sur,telefono,1,0,,2.4
ENC097-001411,2024-08-17,norte,telefono,1,1,4,1.6
ENC097-001412,2024-08-17,centro,web,1,0,,4.0
ENC097-001413,2024-08-17,sur,telefono,1,1,4,2.4
ENC097-001414,2024-08-17,norte,web,1,1,5,1.6
ENC097-001415,2024-08-17,centro,telefono,1,0,,4.0
ENC097-001416,2024-08-17,sur,telefono,1,1,4,2.4
ENC097-001417,2024-08-18,norte,web,1,1,4,1.6
ENC097-001418,2024-08-18,centro,web,1,1,3,4.0
ENC097-001419,2024-08-18,sur,web,1,1,3,2.4
ENC097-001420,2024-08-18,norte,web,1,1,4,1.6
ENC097-001421,2024-08-18,centro,web,1,1,3,4.0
ENC097-001422,2024-08-18,sur,web,1,1,4,2.4
ENC097-001423,2024-08-18,norte,telefono,1,1,4,1.6
ENC097-001424,2024-08-19,centro,web,1,1,2,4.0
ENC097-001425,2024-08-19,sur,web,1,0,,2.4
ENC097-001426,2024-08-19,norte,web,1,1,4,1.6
ENC097-001427,2024-08-19,centro,web,1,1,2,4.0
ENC097-001428,2024-08-19,sur,web,1,0,,2.4
ENC097-001429,2024-08-19,norte,telefono,1,1,5,1.6
ENC097-001430,2024-08-20,centro,web,1,0,,4.0
ENC097-001431,2024-08-20,sur,telefono,1,1,3,2.4
ENC097-001432,2024-08-20,norte,telefono,1,1,3,1.6
ENC097-001433,2024-08-20,centro,telefono,1,1,4,4.0
ENC097-001434,2024-08-20,sur,web,1,1,4,2.4
ENC097-001435,2024-08-20,norte,web,1,1,3,1.6
ENC097-001436,2024-08-21,centro,telefono,1,0,,4.0
ENC097-001437,2024-08-21,sur,web,1,1,4,2.4
ENC097-001438,2024-08-21,norte,web,1,1,5,1.6
ENC097-001439,2024-08-21,centro,web,1,1,4,4.0
ENC097-001440,2024-08-21,sur,web,1,0,,2.4
ENC097-001441,2024-08-21,norte,telefono,1,1,4,1.6
ENC097-001442,2024-08-22,centro,telefono,1,1,2,4.0
ENC097-001443,2024-08-22,sur,telefono,1,0,,2.4
ENC097-001444,2024-08-22,norte,web,1,1,5,1.6
ENC097-001445,2024-08-22,centro,telefono,1,0,,4.0
ENC097-001446,2024-08-22,sur,web,1,1,2,2.4
ENC097-001447,2024-08-22,norte,web,1,1,5,1.6
ENC097-001448,2024-08-23,centro,telefono,1,0,,4.0
ENC097-001449,2024-08-23,sur,web,1,1,5,2.4
ENC097-001450,2024-08-23,norte,web,1,1,3,1.6
ENC097-001451,2024-08-23,centro,telefono,1,1,2,4.0
ENC097-001452,2024-08-23,sur,web,1,1,3,2.4
ENC097-001453,2024-08-23,norte,telefono,1,1,4,1.6
ENC097-001454,2024-08-24,centro,web,1,0,,4.0
ENC097-001455,2024-08-24,sur,web,1,1,5,2.4
ENC097-001456,2024-08-24, NORTE ,web,1,1,4,1.6
ENC097-001457,2024-08-24,centro,telefono,1,0,,4.0
ENC097-001458,2024-08-24,sur,telefono,1,0,,2.4
ENC097-001459,2024-08-24,norte,web,1,0,,1.6
ENC097-001460,2024-08-25,centro,telefono,1,1,2,4.0
ENC097-001461,2024-08-25,sur,telefono,1,1,3,2.4
ENC097-001462,2024-08-25,norte,telefono,1,1,3,1.6
ENC097-001463,2024-08-25,centro,web,1,0,,4.0
ENC097-001464,2024-08-25,sur,telefono,1,1,4,2.4
ENC097-001465,2024-08-25,norte,telefono,1,1,3,1.6
ENC097-001466,2024-08-25,centro,telefono,1,0,,4.0
ENC097-001467,2024-08-26,sur,web,1,1,5,2.4
ENC097-001468,2024-08-26,norte,telefono,1,1,2,1.6
ENC097-001469,2024-08-26,centro,telefono,1,0,,4.0
ENC097-001470,2024-08-26,sur,telefono,1,1,4,2.4
ENC097-001471,2024-08-26,norte,telefono,1,1,3,1.6
ENC097-001472,2024-08-26,centro,web,1,0,,4.0
ENC097-001473,2024-08-27,sur,web,1,1,4,2.4
ENC097-001474,2024-08-27,norte,telefono,1,1,4,1.6
ENC097-001475,2024-08-27,centro,telefono,1,0,,4.0
ENC097-001476,2024-08-27,sur,telefono,1,0,,2.4
ENC097-001477,2024-08-27,norte,telefono,1,1,5,1.6
ENC097-001478,2024-08-27,centro,telefono,1,1,2,4.0
ENC097-001479,2024-08-28,sur,web,1,1,4,2.4
ENC097-001480,2024-08-28,norte,telefono,1,1,4,1.6
ENC097-001481,2024-08-28,centro,telefono,1,0,,4.0
ENC097-001482,2024-08-28,sur,web,1,1,3,2.4
ENC097-001483,2024-08-28,norte,telefono,1,1,5,1.6
ENC097-001484,2024-08-28,centro,telefono,1,1,4,4.0
ENC097-001485,2024-08-29,sur,web,1,1,1,2.4
ENC097-001486,2024-08-29,norte,telefono,1,1,5,1.6
ENC097-001487,2024-08-29,centro,web,1,1,4,4.0
ENC097-001488,2024-08-29,sur,telefono,1,0,,2.4
ENC097-001489,2024-08-29,norte,telefono,1,0,,1.6
ENC097-001490,2024-08-29,centro,telefono,1,0,,4.0
ENC097-001491,2024-08-30,sur,web,1,1,3,2.4
ENC097-001492,2024-08-30,norte,web,1,1,3,1.6
ENC097-001493,2024-08-30,centro,telefono,1,0,,4.0
ENC097-001494,2024-08-30,sur,web,1,1,4,2.4
ENC097-001495,2024-08-30,norte,web,1,0,,1.6
ENC097-001496,2024-08-30,centro,telefono,1,0,,4.0
ENC097-001497,2024-08-31,sur,web,1,1,3,2.4
ENC097-001498,2024-08-31,norte,web,1,1,3,1.6
ENC097-001499,2024-08-31,centro,telefono,1,1,2,4.0
ENC097-001500,2024-08-31,sur,telefono,1,1,3,2.4
ENC097-001501,2024-08-31,norte,telefono,1,1,4,1.6
ENC097-001502,2024-08-31,centro,telefono,1,0,,4.0
ENC097-001503,2024-08-31,sur,web,1,1,4,2.4
ENC097-001504,2024-09-01,norte,telefono,1,1,5,1.6
ENC097-001505,2024-09-01,centro,web,1,1,2,4.0
ENC097-001506,2024-09-01,sur,web,1,0,,2.4
ENC097-001507,2024-09-01,norte,telefono,1,1,4,1.6
ENC097-001508,2024-09-01,centro,web,1,0,,4.0
ENC097-001509,2024-09-01,sur,telefono,1,1,4,2.4
ENC097-001510,2024-09-02,norte,web,1,1,4,1.6
ENC097-001511,2024-09-02,centro,web,1,1,3,4.0
ENC097-001512,2024-09-02,sur,telefono,1,1,5,2.4
ENC097-001513,2024-09-02,norte,telefono,1,0,,1.6
ENC097-001514,2024-09-02,centro,telefono,1,0,,4.0
ENC097-001515,2024-09-02,sur,web,1,1,5,2.4
ENC097-001516,2024-09-03,norte,web,1,0,,1.6
ENC097-001517,2024-09-03,centro,telefono,1,0,,4.0
ENC097-001518,2024-09-03,sur,web,1,1,1,2.4
ENC097-001519,2024-09-03,norte,telefono,1,1,5,1.6
ENC097-001520,2024-09-03,centro,telefono,1,0,,4.0
ENC097-001521,2024-09-03,sur,web,1,0,,2.4
ENC097-001522,2024-09-04,norte,telefono,1,0,,1.6
ENC097-001523,2024-09-04,centro,web,1,1,2,4.0
ENC097-001524,2024-09-04,sur,telefono,1,1,4,2.4
ENC097-001525,2024-09-04,norte,web,1,0,,1.6
ENC097-001526,2024-09-04,centro,telefono,1,0,,4.0
ENC097-001527,2024-09-04,sur,web,1,1,4,2.4
ENC097-001528,2024-09-05,norte,web,1,1,3,1.6
ENC097-001529,2024-09-05,centro,telefono,1,0,,4.0
ENC097-001530,2024-09-05,sur,telefono,1,1,1,2.4
ENC097-001531,2024-09-05,norte,web,1,1,5,1.6
ENC097-001532,2024-09-05,centro,telefono,1,1,3,4.0
ENC097-001533,2024-09-05,sur,web,1,1,2,2.4
ENC097-001534,2024-09-06,norte,telefono,1,1,4,1.6
ENC097-001535,2024-09-06,centro,telefono,1,0,,4.0
ENC097-001536,2024-09-06,sur,web,1,1,3,2.4
ENC097-001537,2024-09-06,norte,telefono,1,1,3,1.6
ENC097-001538,2024-09-06,centro,telefono,1,1,4,4.0
ENC097-001539,2024-09-06,sur,web,1,1,3,2.4
ENC097-001540,2024-09-07,norte,telefono,1,0,,1.6
ENC097-001541,2024-09-07,centro,web,1,1,2,4.0
ENC097-001542,2024-09-07,sur,web,1,0,,2.4
ENC097-001543,2024-09-07,norte,web,1,1,2,1.6
ENC097-001544,2024-09-07,centro,web,1,0,,4.0
ENC097-001545,2024-09-07,sur,telefono,1,1,4,2.4
ENC097-001546,2024-09-07,norte,telefono,1,1,3,1.6
ENC097-001547,2024-09-08,centro,telefono,1,0,,4.0
ENC097-001548,2024-09-08,sur,web,1,1,3,2.4
ENC097-001549,2024-09-08,norte,web,1,1,5,1.6
ENC097-001550,2024-09-08,centro,web,1,1,4,4.0
ENC097-001551,2024-09-08,sur,web,1,1,5,2.4
ENC097-001552,2024-09-08,norte,telefono,1,1,4,1.6
ENC097-001553,2024-09-09, CENTRO ,telefono,1,1,2,4.0
ENC097-001554,2024-09-09,sur,telefono,1,0,,2.4
ENC097-001555,2024-09-09,norte,web,1,1,4,1.6
ENC097-001556,2024-09-09,centro,web,1,0,,4.0
ENC097-001557,2024-09-09,sur,telefono,1,1,5,2.4
ENC097-001558,2024-09-09,norte,web,1,1,5,1.6
ENC097-001559,2024-09-10,centro,web,1,0,,4.0
ENC097-001560,2024-09-10,sur,telefono,1,1,3,2.4
ENC097-001561,2024-09-10,norte,telefono,1,1,5,1.6
ENC097-001562,2024-09-10,centro,telefono,1,0,,4.0
ENC097-001563,2024-09-10,sur,web,1,1,3,2.4
ENC097-001564,2024-09-10,norte,telefono,1,1,4,1.6
ENC097-001565,2024-09-11,centro,web,1,0,,4.0
ENC097-001566,2024-09-11,sur,telefono,1,0,,2.4
ENC097-001567,2024-09-11,norte,telefono,1,1,3,1.6
ENC097-001568,2024-09-11,centro,web,1,1,2,4.0
ENC097-001569,2024-09-11,sur,web,1,0,,2.4
ENC097-001570,2024-09-11,norte,web,1,1,3,1.6
ENC097-001571,2024-09-12,centro,web,1,1,3,4.0
ENC097-001572,2024-09-12,sur,telefono,1,0,,2.4
ENC097-001573,2024-09-12,norte,telefono,1,1,3,1.6
ENC097-001574,2024-09-12,centro,telefono,1,0,,4.0
ENC097-001575,2024-09-12,sur,telefono,1,0,,2.4
ENC097-001576,2024-09-12,norte,telefono,1,1,2,1.6
ENC097-001577,2024-09-13,centro,web,1,0,,4.0
ENC097-001578,2024-09-13,sur,telefono,1,1,,2.4
ENC097-001579,2024-09-13,norte,web,1,1,4,1.6
ENC097-001580,2024-09-13,centro,web,1,0,,4.0
ENC097-001581,2024-09-13,sur,web,1,0,,2.4
ENC097-001582,2024-09-13,norte,web,1,0,,1.6
ENC097-001583,2024-09-13,centro,web,1,1,3,4.0
ENC097-001584,2024-09-14,sur,telefono,1,1,4,2.4
ENC097-001585,2024-09-14,norte,telefono,1,1,4,1.6
ENC097-001586,2024-09-14,centro,telefono,1,0,,4.0
ENC097-001587,2024-09-14,sur,web,1,1,3,2.4
ENC097-001588,2024-09-14,norte,web,1,1,4,1.6
ENC097-001589,2024-09-14,centro,telefono,1,1,1,4.0
ENC097-001590,2024-09-15,sur,web,1,1,4,2.4
ENC097-001591,2024-09-15,norte,telefono,1,1,3,1.6
ENC097-001592,2024-09-15,centro,web,1,0,,4.0
ENC097-001593,2024-09-15,sur,telefono,1,1,5,2.4
ENC097-001594,2024-09-15,norte,telefono,1,1,4,1.6
ENC097-001595,2024-09-15,centro,web,1,1,2,4.0
ENC097-001596,2024-09-16,sur,web,1,0,,2.4
ENC097-001597,2024-09-16,norte,telefono,1,1,3,1.6
ENC097-001598,2024-09-16,centro,web,1,0,,4.0
ENC097-001599,2024-09-16,sur,web,1,1,4,2.4
ENC097-001600,2024-09-16,norte,web,1,1,4,1.6
ENC097-001601,2024-09-16,centro,web,1,1,4,4.0
ENC097-001602,2024-09-17,sur,web,1,1,2,2.4
ENC097-001603,2024-09-17,norte,telefono,1,1,4,1.6
ENC097-001604,2024-09-17,centro,telefono,1,1,3,4.0
ENC097-001605,2024-09-17,sur,web,1,1,3,2.4
ENC097-001606,2024-09-17,norte,telefono,1,1,5,1.6
ENC097-001607,2024-09-17,centro,web,1,0,,4.0
ENC097-001608,2024-09-18,sur,web,1,0,,2.4
ENC097-001609,2024-09-18,norte,telefono,1,1,4,1.6
ENC097-001610,2024-09-18,centro,web,1,1,2,4.0
ENC097-001611,2024-09-18,sur,telefono,1,1,4,2.4
ENC097-001612,2024-09-18,norte,web,1,0,,1.6
ENC097-001613,2024-09-18,centro,web,1,0,,4.0
ENC097-001614,2024-09-19,sur,telefono,1,0,,2.4
ENC097-001615,2024-09-19,norte,web,1,1,3,1.6
ENC097-001616,2024-09-19,centro,telefono,1,0,,4.0
ENC097-001617,2024-09-19,sur,web,1,1,3,2.4
ENC097-001618,2024-09-19,norte,web,1,1,5,1.6
ENC097-001619,2024-09-19,centro,web,1,0,,4.0
ENC097-001620,2024-09-19,sur,web,1,1,4,2.4
ENC097-001621,2024-09-20,norte,web,1,1,5,1.6
ENC097-001622,2024-09-20,centro,telefono,1,0,,4.0
ENC097-001623,2024-09-20,sur,web,1,1,4,2.4
ENC097-001624,2024-09-20,norte,telefono,1,1,4,1.6
ENC097-001625,2024-09-20,centro,web,1,0,,4.0
ENC097-001626,2024-09-20,sur,telefono,1,1,4,2.4
ENC097-001627,2024-09-21,norte,telefono,1,1,4,1.6
ENC097-001628,2024-09-21,centro,web,1,0,,4.0
ENC097-001629,2024-09-21,sur,telefono,1,0,,2.4
ENC097-001630,2024-09-21,norte,telefono,1,1,5,1.6
ENC097-001631,2024-09-21,centro,telefono,1,0,,4.0
ENC097-001632,2024-09-21,sur,web,1,1,3,2.4
ENC097-001633,2024-09-22,norte,telefono,1,0,,1.6
ENC097-001634,2024-09-22,centro,telefono,1,1,2,4.0
ENC097-001635,2024-09-22,sur,telefono,1,0,,2.4
ENC097-001636,2024-09-22,norte,web,1,0,,1.6
ENC097-001637,2024-09-22,centro,telefono,1,1,4,4.0
ENC097-001638,2024-09-22,sur,web,1,0,,2.4
ENC097-001639,2024-09-23,norte,telefono,1,0,,1.6
ENC097-001640,2024-09-23,centro,web,1,1,4,4.0
ENC097-001641,2024-09-23,sur,telefono,1,1,4,2.4
ENC097-001642,2024-09-23,norte,web,1,1,3,1.6
ENC097-001643,2024-09-23,centro,web,1,0,,4.0
ENC097-001644,2024-09-23,sur,web,1,1,3,2.4
ENC097-001645,2024-09-24,norte,web,1,1,5,1.6
ENC097-001646,2024-09-24,centro,web,1,0,,4.0
ENC097-001647,2024-09-24,sur,telefono,1,0,,2.4
ENC097-001648,2024-09-24,norte,telefono,1,1,3,1.6
ENC097-001649,2024-09-24,centro,web,1,0,,4.0
ENC097-001650,2024-09-24, SUR ,telefono,1,0,,2.4
ENC097-001651,2024-09-25,norte,telefono,1,0,,1.6
ENC097-001652,2024-09-25,centro,web,1,0,,4.0
ENC097-001653,2024-09-25,sur,web,1,1,3,2.4
ENC097-001654,2024-09-25,norte,telefono,1,1,2,1.6
ENC097-001655,2024-09-25,centro,telefono,1,1,2,4.0
ENC097-001656,2024-09-25,sur,telefono,1,1,4,2.4
ENC097-001657,2024-09-26,norte,telefono,1,1,2,1.6
ENC097-001658,2024-09-26,centro,web,1,1,4,4.0
ENC097-001659,2024-09-26,sur,telefono,1,1,4,2.4
ENC097-001660,2024-09-26,norte,telefono,1,1,5,1.6
ENC097-001661,2024-09-26,centro,web,1,0,,4.0
ENC097-001662,2024-09-26,sur,web,1,0,,2.4
ENC097-001663,2024-09-26,norte,telefono,1,1,4,1.6
ENC097-001664,2024-09-27,centro,web,1,1,2,4.0
ENC097-001665,2024-09-27,sur,telefono,1,1,3,2.4
ENC097-001666,2024-09-27,norte,telefono,1,1,4,1.6
ENC097-001667,2024-09-27,centro,web,1,0,,4.0
ENC097-001668,2024-09-27,sur,web,1,1,3,2.4
ENC097-001669,2024-09-27,norte,web,1,1,5,1.6
ENC097-001670,2024-09-28,centro,web,1,0,,4.0
ENC097-001671,2024-09-28,sur,web,1,0,,2.4
ENC097-001672,2024-09-28,norte,web,1,1,5,1.6
ENC097-001673,2024-09-28,centro,telefono,1,1,3,4.0
ENC097-001674,2024-09-28,sur,web,1,1,2,2.4
ENC097-001675,2024-09-28,norte,telefono,1,1,5,1.6
ENC097-001676,2024-09-29,centro,telefono,1,0,,4.0
ENC097-001677,2024-09-29,sur,telefono,1,1,3,2.4
ENC097-001678,2024-09-29,norte,telefono,1,1,4,1.6
ENC097-001679,2024-09-29,centro,telefono,1,0,,4.0
ENC097-001680,2024-09-29,sur,web,1,0,,2.4
ENC097-001681,2024-09-29,norte,web,1,0,,1.6
ENC097-001682,2024-09-30,centro,telefono,1,0,,4.0
ENC097-001683,2024-09-30,sur,web,1,0,,2.4
ENC097-001684,2024-09-30,norte,web,1,0,,1.6
ENC097-001685,2024-09-30,centro,web,1,0,,4.0
ENC097-001686,2024-09-30,sur,web,1,1,4,2.4
ENC097-001687,2024-09-30,norte,telefono,1,1,5,1.6
ENC097-001688,2024-10-01,centro,web,1,1,2,4.0
ENC097-001689,2024-10-01,sur,web,1,0,,2.4
ENC097-001690,2024-10-01,norte,web,1,1,4,1.6
ENC097-001691,2024-10-01,centro,telefono,1,1,4,4.0
ENC097-001692,2024-10-01,sur,web,1,0,,2.4
ENC097-001693,2024-10-01,norte,web,1,0,,1.6
ENC097-001694,2024-10-02,centro,telefono,1,1,2,4.0
ENC097-001695,2024-10-02,sur,telefono,1,0,,2.4
ENC097-001696,2024-10-02,norte,web,1,1,4,1.6
ENC097-001697,2024-10-02,centro,telefono,1,0,,4.0
ENC097-001698,2024-10-02,sur,web,1,1,4,2.4
ENC097-001699,2024-10-02,norte,web,1,1,5,1.6
ENC097-001700,2024-10-02,centro,web,1,0,,4.0
ENC097-001701,2024-10-03,sur,web,1,0,,2.4
ENC097-001702,2024-10-03,norte,web,1,1,4,1.6
ENC097-001703,2024-10-03,centro,telefono,1,0,,4.0
ENC097-001704,2024-10-03,sur,web,1,1,4,2.4
ENC097-001705,2024-10-03,norte,web,1,1,5,1.6
ENC097-001706,2024-10-03,centro,web,1,0,,4.0
ENC097-001707,2024-10-04,sur,telefono,1,0,,2.4
ENC097-001708,2024-10-04,norte,web,1,0,,1.6
ENC097-001709,2024-10-04,centro,web,1,0,,4.0
ENC097-001710,2024-10-04,sur,web,1,0,,2.4
ENC097-001711,2024-10-04,norte,web,1,1,4,1.6
ENC097-001712,2024-10-04,centro,web,1,1,3,4.0
ENC097-001713,2024-10-05,sur,telefono,1,1,4,2.4
ENC097-001714,2024-10-05,norte,telefono,1,1,4,1.6
ENC097-001715,2024-10-05,centro,web,1,0,,4.0
ENC097-001716,2024-10-05,sur,telefono,1,0,,2.4
ENC097-001717,2024-10-05,norte,telefono,1,1,4,1.6
ENC097-001718,2024-10-05,centro,telefono,1,0,,4.0
ENC097-001719,2024-10-06,sur,web,1,1,5,2.4
ENC097-001720,2024-10-06,norte,telefono,1,1,4,1.6
ENC097-001721,2024-10-06,centro,telefono,1,0,,4.0
ENC097-001722,2024-10-06,sur,telefono,1,1,2,2.4
ENC097-001723,2024-10-06,norte,telefono,1,1,5,1.6
ENC097-001724,2024-10-06,centro,telefono,1,1,2,4.0
ENC097-001725,2024-10-07,sur,telefono,1,0,,2.4
ENC097-001726,2024-10-07,norte,telefono,1,1,4,1.6
ENC097-001727,2024-10-07,centro,web,1,0,,4.0
ENC097-001728,2024-10-07,sur,web,1,1,3,2.4
ENC097-001729,2024-10-07,norte,web,1,1,3,1.6
ENC097-001730,2024-10-07,centro,web,1,0,,4.0
ENC097-001731,2024-10-08,sur,telefono,1,1,3,2.4
ENC097-001732,2024-10-08,norte,telefono,1,1,3,1.6
ENC097-001733,2024-10-08,centro,telefono,1,0,,4.0
ENC097-001734,2024-10-08,sur,web,1,0,,2.4
ENC097-001735,2024-10-08,norte,web,1,0,,1.6
ENC097-001736,2024-10-08,centro,telefono,1,1,3,4.0
ENC097-001737,2024-10-09,sur,telefono,1,0,,2.4
ENC097-001738,2024-10-09,norte,web,1,0,,1.6
ENC097-001739,2024-10-09,centro,web,1,1,3,4.0
ENC097-001740,2024-10-09,sur,web,1,0,,2.4
ENC097-001741,2024-10-09,norte,web,1,1,3,1.6
ENC097-001742,2024-10-09,centro,telefono,1,0,,4.0
ENC097-001743,2024-10-09,sur,telefono,1,1,4,2.4
ENC097-001744,2024-10-10,norte,web,1,1,,1.6
ENC097-001745,2024-10-10,centro,web,1,1,2,4.0
ENC097-001746,2024-10-10,sur,web,1,0,,2.4
ENC097-001747,2024-10-10, NORTE ,telefono,1,1,3,1.6
ENC097-001748,2024-10-10,centro,telefono,1,0,,4.0
ENC097-001749,2024-10-10,sur,web,1,0,,2.4
ENC097-001750,2024-10-11,norte,telefono,1,1,4,1.6
ENC097-001751,2024-10-11,centro,telefono,1,1,3,4.0
ENC097-001752,2024-10-11,sur,web,1,0,,2.4
ENC097-001753,2024-10-11,norte,web,1,0,,1.6
ENC097-001754,2024-10-11,centro,telefono,1,0,,4.0
ENC097-001755,2024-10-11,sur,telefono,1,1,5,2.4
ENC097-001756,2024-10-12,norte,web,1,0,,1.6
ENC097-001757,2024-10-12,centro,web,1,0,,4.0
ENC097-001758,2024-10-12,sur,web,1,0,,2.4
ENC097-001759,2024-10-12,norte,telefono,1,1,4,1.6
ENC097-001760,2024-10-12,centro,telefono,1,1,3,4.0
ENC097-001761,2024-10-12,sur,telefono,1,0,,2.4
ENC097-001762,2024-10-13,norte,telefono,1,0,,1.6
ENC097-001763,2024-10-13,centro,web,1,1,3,4.0
ENC097-001764,2024-10-13,sur,web,1,0,,2.4
ENC097-001765,2024-10-13,norte,web,1,1,3,1.6
ENC097-001766,2024-10-13,centro,web,1,0,,4.0
ENC097-001767,2024-10-13,sur,web,1,1,3,2.4
ENC097-001768,2024-10-14,norte,telefono,1,0,,1.6
ENC097-001769,2024-10-14,centro,web,1,1,4,4.0
ENC097-001770,2024-10-14,sur,web,1,1,3,2.4
ENC097-001771,2024-10-14,norte,web,1,0,,1.6
ENC097-001772,2024-10-14,centro,web,1,0,,4.0
ENC097-001773,2024-10-14,sur,telefono,1,0,,2.4
ENC097-001774,2024-10-15,norte,web,1,1,3,1.6
ENC097-001775,2024-10-15,centro,telefono,1,1,1,4.0
ENC097-001776,2024-10-15,sur,web,1,1,2,2.4
ENC097-001777,2024-10-15,norte,telefono,1,1,5,1.6
ENC097-001778,2024-10-15,centro,web,1,1,3,4.0
ENC097-001779,2024-10-15,sur,web,1,1,5,2.4
ENC097-001780,2024-10-15,norte,web,1,1,4,1.6
ENC097-001781,2024-10-16,centro,web,1,0,,4.0
ENC097-001782,2024-10-16,sur,telefono,1,0,,2.4
ENC097-001783,2024-10-16,norte,web,1,1,4,1.6
ENC097-001784,2024-10-16,centro,web,1,0,,4.0
ENC097-001785,2024-10-16,sur,telefono,1,0,,2.4
ENC097-001786,2024-10-16,norte,telefono,1,0,,1.6
ENC097-001787,2024-10-17,centro,telefono,1,1,3,4.0
ENC097-001788,2024-10-17,sur,web,1,0,,2.4
ENC097-001789,2024-10-17,norte,web,1,1,4,1.6
ENC097-001790,2024-10-17,centro,web,1,0,,4.0
ENC097-001791,2024-10-17,sur,web,1,1,5,2.4
ENC097-001792,2024-10-17,norte,web,1,0,,1.6
ENC097-001793,2024-10-18,centro,telefono,1,1,4,4.0
ENC097-001794,2024-10-18,sur,telefono,1,1,2,2.4
ENC097-001795,2024-10-18,norte,web,1,1,5,1.6
ENC097-001796,2024-10-18,centro,telefono,1,0,,4.0
ENC097-001797,2024-10-18,sur,web,1,0,,2.4
ENC097-001798,2024-10-18,norte,web,1,1,3,1.6
ENC097-001799,2024-10-19,centro,telefono,1,0,,4.0
ENC097-001800,2024-10-19,sur,telefono,1,1,4,2.4
ENC097-001801,2024-10-19,norte,web,1,1,5,1.6
ENC097-001802,2024-10-19,centro,web,1,0,,4.0
ENC097-001803,2024-10-19,sur,web,1,0,,2.4
ENC097-001804,2024-10-19,norte,telefono,1,1,5,1.6
ENC097-001805,2024-10-20,centro,telefono,1,0,,4.0
ENC097-001806,2024-10-20,sur,web,1,1,5,2.4
ENC097-001807,2024-10-20,norte,web,1,1,4,1.6
ENC097-001808,2024-10-20,centro,telefono,1,1,2,4.0
ENC097-001809,2024-10-20,sur,telefono,1,0,,2.4
ENC097-001810,2024-10-20,norte,telefono,1,1,5,1.6
ENC097-001811,2024-10-21,centro,telefono,1,0,,4.0
ENC097-001812,2024-10-21,sur,web,1,1,3,2.4
ENC097-001813,2024-10-21,norte,web,1,1,3,1.6
ENC097-001814,2024-10-21,centro,telefono,1,1,3,4.0
ENC097-001815,2024-10-21,sur,telefono,1,1,5,2.4
ENC097-001816,2024-10-21,norte,web,1,1,4,1.6
ENC097-001817,2024-10-21,centro,telefono,1,1,1,4.0
ENC097-001818,2024-10-22,sur,web,1,1,4,2.4
ENC097-001819,2024-10-22,norte,telefono,1,1,5,1.6
ENC097-001820,2024-10-22,centro,telefono,1,0,,4.0
ENC097-001821,2024-10-22,sur,telefono,1,1,4,2.4
ENC097-001822,2024-10-22,norte,telefono,1,1,3,1.6
ENC097-001823,2024-10-22,centro,telefono,1,0,,4.0
ENC097-001824,2024-10-23,sur,telefono,1,0,,2.4
ENC097-001825,2024-10-23,norte,telefono,1,1,5,1.6
ENC097-001826,2024-10-23,centro,web,1,1,3,4.0
ENC097-001827,2024-10-23,sur,telefono,1,1,,2.4
ENC097-001828,2024-10-23,norte,telefono,1,1,5,1.6
ENC097-001829,2024-10-23,centro,telefono,1,0,,4.0
ENC097-001830,2024-10-24,sur,web,1,0,,2.4
ENC097-001831,2024-10-24,norte,web,1,1,5,1.6
ENC097-001832,2024-10-24,centro,web,1,0,,4.0
ENC097-001833,2024-10-24,sur,telefono,1,1,4,2.4
ENC097-001834,2024-10-24,norte,web,1,0,,1.6
ENC097-001835,2024-10-24,centro,web,1,0,,4.0
ENC097-001836,2024-10-25,sur,telefono,1,0,,2.4
ENC097-001837,2024-10-25,norte,web,1,1,4,1.6
ENC097-001838,2024-10-25,centro,telefono,1,0,,4.0
ENC097-001839,2024-10-25,sur,telefono,1,1,4,2.4
ENC097-001840,2024-10-25,norte,web,1,0,,1.6
ENC097-001841,2024-10-25,centro,web,1,1,4,4.0
ENC097-001842,2024-10-26,sur,telefono,1,0,,2.4
ENC097-001843,2024-10-26,norte,web,1,1,3,1.6
ENC097-001844,2024-10-26, CENTRO ,web,1,0,,4.0
ENC097-001845,2024-10-26,sur,web,1,1,3,2.4
ENC097-001846,2024-10-26,norte,telefono,1,1,4,1.6
ENC097-001847,2024-10-26,centro,web,1,0,,4.0
ENC097-001848,2024-10-27,sur,web,1,0,,2.4
ENC097-001849,2024-10-27,norte,web,1,0,,1.6
ENC097-001850,2024-10-27,centro,telefono,1,1,1,4.0
ENC097-001851,2024-10-27,sur,telefono,1,1,3,2.4
ENC097-001852,2024-10-27,norte,web,1,1,5,1.6
ENC097-001853,2024-10-27,centro,telefono,1,0,,4.0
ENC097-001854,2024-10-28,sur,web,1,1,2,2.4
ENC097-001855,2024-10-28,norte,telefono,1,1,3,1.6
ENC097-001856,2024-10-28,centro,web,1,1,3,4.0
ENC097-001857,2024-10-28,sur,telefono,1,1,3,2.4
ENC097-001858,2024-10-28,norte,telefono,1,1,3,1.6
ENC097-001859,2024-10-28,centro,telefono,1,1,2,4.0
ENC097-001860,2024-10-28,sur,telefono,1,1,3,2.4
ENC097-001861,2024-10-29,norte,telefono,1,0,,1.6
ENC097-001862,2024-10-29,centro,web,1,1,4,4.0
ENC097-001863,2024-10-29,sur,telefono,1,0,,2.4
ENC097-001864,2024-10-29,norte,web,1,1,5,1.6
ENC097-001865,2024-10-29,centro,telefono,1,0,,4.0
ENC097-001866,2024-10-29,sur,web,1,1,5,2.4
ENC097-001867,2024-10-30,norte,telefono,1,1,4,1.6
ENC097-001868,2024-10-30,centro,telefono,1,0,,4.0
ENC097-001869,2024-10-30,sur,telefono,1,1,5,2.4
ENC097-001870,2024-10-30,norte,telefono,1,1,4,1.6
ENC097-001871,2024-10-30,centro,web,1,0,,4.0
ENC097-001872,2024-10-30,sur,telefono,1,0,,2.4
ENC097-001873,2024-10-31,norte,web,1,1,5,1.6
ENC097-001874,2024-10-31,centro,web,1,1,2,4.0
ENC097-001875,2024-10-31,sur,telefono,1,1,3,2.4
ENC097-001876,2024-10-31,norte,telefono,1,0,,1.6
ENC097-001877,2024-10-31,centro,web,1,0,,4.0
ENC097-001878,2024-10-31,sur,telefono,1,0,,2.4
ENC097-001879,2024-11-01,norte,telefono,1,1,4,1.6
ENC097-001880,2024-11-01,centro,telefono,1,0,,4.0
ENC097-001881,2024-11-01,sur,telefono,1,0,,2.4
ENC097-001882,2024-11-01,norte,web,1,1,2,1.6
ENC097-001883,2024-11-01,centro,telefono,1,1,2,4.0
ENC097-001884,2024-11-01,sur,telefono,1,0,,2.4
ENC097-001885,2024-11-02,norte,telefono,1,1,4,1.6
ENC097-001886,2024-11-02,centro,web,1,1,1,4.0
ENC097-001887,2024-11-02,sur,telefono,1,1,3,2.4
ENC097-001888,2024-11-02,norte,web,1,1,3,1.6
ENC097-001889,2024-11-02,centro,telefono,1,1,2,4.0
ENC097-001890,2024-11-02,sur,web,1,0,,2.4
ENC097-001891,2024-11-03,norte,web,1,1,4,1.6
ENC097-001892,2024-11-03,centro,web,1,1,1,4.0
ENC097-001893,2024-11-03,sur,telefono,1,0,,2.4
ENC097-001894,2024-11-03,norte,web,1,1,3,1.6
ENC097-001895,2024-11-03,centro,telefono,1,1,3,4.0
ENC097-001896,2024-11-03,sur,telefono,1,0,,2.4
ENC097-001897,2024-11-03,norte,telefono,1,1,3,1.6
ENC097-001898,2024-11-04,centro,web,1,1,2,4.0
ENC097-001899,2024-11-04,sur,web,1,1,4,2.4
ENC097-001900,2024-11-04,norte,web,1,0,,1.6
ENC097-001901,2024-11-04,centro,web,1,0,,4.0
ENC097-001902,2024-11-04,sur,telefono,1,1,3,2.4
ENC097-001903,2024-11-04,norte,telefono,1,0,,1.6
ENC097-001904,2024-11-05,centro,telefono,1,0,,4.0
ENC097-001905,2024-11-05,sur,telefono,1,1,4,2.4
ENC097-001906,2024-11-05,norte,web,1,0,,1.6
ENC097-001907,2024-11-05,centro,web,1,1,2,4.0
ENC097-001908,2024-11-05,sur,telefono,1,1,3,2.4
ENC097-001909,2024-11-05,norte,telefono,1,1,5,1.6
ENC097-001910,2024-11-06,centro,telefono,1,1,,4.0
ENC097-001911,2024-11-06,sur,web,1,1,3,2.4
ENC097-001912,2024-11-06,norte,telefono,1,1,5,1.6
ENC097-001913,2024-11-06,centro,telefono,1,1,5,4.0
ENC097-001914,2024-11-06,sur,web,1,1,5,2.4
ENC097-001915,2024-11-06,norte,telefono,1,0,,1.6
ENC097-001916,2024-11-07,centro,telefono,1,1,1,4.0
ENC097-001917,2024-11-07,sur,telefono,1,0,,2.4
ENC097-001918,2024-11-07,norte,telefono,1,1,2,1.6
ENC097-001919,2024-11-07,centro,telefono,1,1,4,4.0
ENC097-001920,2024-11-07,sur,web,1,1,2,2.4
ENC097-001921,2024-11-07,norte,telefono,1,1,3,1.6
ENC097-001922,2024-11-08,centro,telefono,1,1,5,4.0
ENC097-001923,2024-11-08,sur,web,1,0,,2.4
ENC097-001924,2024-11-08,norte,telefono,1,1,3,1.6
ENC097-001925,2024-11-08,centro,web,1,1,4,4.0
ENC097-001926,2024-11-08,sur,web,1,1,3,2.4
ENC097-001927,2024-11-08,norte,web,1,0,,1.6
ENC097-001928,2024-11-09,centro,telefono,1,0,,4.0
ENC097-001929,2024-11-09,sur,telefono,1,1,3,2.4
ENC097-001930,2024-11-09,norte,telefono,1,0,,1.6
ENC097-001931,2024-11-09,centro,telefono,1,0,,4.0
ENC097-001932,2024-11-09,sur,web,1,1,4,2.4
ENC097-001933,2024-11-09,norte,web,1,0,,1.6
ENC097-001934,2024-11-10,centro,web,1,1,4,4.0
ENC097-001935,2024-11-10,sur,telefono,1,1,3,2.4
ENC097-001936,2024-11-10,norte,web,1,1,4,1.6
ENC097-001937,2024-11-10,centro,telefono,1,0,,4.0
ENC097-001938,2024-11-10,sur,telefono,1,1,3,2.4
ENC097-001939,2024-11-10,norte,telefono,1,0,,1.6
ENC097-001940,2024-11-10,centro,telefono,1,0,,4.0
ENC097-001941,2024-11-11, SUR ,web,1,1,2,2.4
ENC097-001942,2024-11-11,norte,telefono,1,1,2,1.6
ENC097-001943,2024-11-11,centro,telefono,1,0,,4.0
ENC097-001944,2024-11-11,sur,web,1,1,4,2.4
ENC097-001945,2024-11-11,norte,web,1,1,4,1.6
ENC097-001946,2024-11-11,centro,telefono,1,1,3,4.0
ENC097-001947,2024-11-12,sur,telefono,1,0,,2.4
ENC097-001948,2024-11-12,norte,web,1,1,4,1.6
ENC097-001949,2024-11-12,centro,telefono,1,1,1,4.0
ENC097-001950,2024-11-12,sur,web,1,1,3,2.4
ENC097-001951,2024-11-12,norte,telefono,1,0,,1.6
ENC097-001952,2024-11-12,centro,web,1,1,3,4.0
ENC097-001953,2024-11-13,sur,web,1,0,,2.4
ENC097-001954,2024-11-13,norte,web,1,1,2,1.6
ENC097-001955,2024-11-13,centro,telefono,1,0,,4.0
ENC097-001956,2024-11-13,sur,web,1,1,4,2.4
ENC097-001957,2024-11-13,norte,web,1,1,4,1.6
ENC097-001958,2024-11-13,centro,telefono,1,1,1,4.0
ENC097-001959,2024-11-14,sur,web,1,0,,2.4
ENC097-001960,2024-11-14,norte,telefono,1,1,5,1.6
ENC097-001961,2024-11-14,centro,telefono,1,1,4,4.0
ENC097-001962,2024-11-14,sur,telefono,1,1,3,2.4
ENC097-001963,2024-11-14,norte,web,1,1,5,1.6
ENC097-001964,2024-11-14,centro,telefono,1,1,3,4.0
ENC097-001965,2024-11-15,sur,web,1,0,,2.4
ENC097-001966,2024-11-15,norte,telefono,1,1,5,1.6
ENC097-001967,2024-11-15,centro,web,1,0,,4.0
ENC097-001968,2024-11-15,sur,telefono,1,0,,2.4
ENC097-001969,2024-11-15,norte,telefono,1,0,,1.6
ENC097-001970,2024-11-15,centro,web,1,1,3,4.0
ENC097-001971,2024-11-16,sur,web,1,0,,2.4
ENC097-001972,2024-11-16,norte,web,1,1,4,1.6
ENC097-001973,2024-11-16,centro,web,1,1,2,4.0
ENC097-001974,2024-11-16,sur,web,1,1,4,2.4
ENC097-001975,2024-11-16,norte,telefono,1,1,5,1.6
ENC097-001976,2024-11-16,centro,web,1,0,,4.0
ENC097-001977,2024-11-16,sur,telefono,1,0,,2.4
ENC097-001978,2024-11-17,norte,web,1,1,3,1.6
ENC097-001979,2024-11-17,centro,telefono,1,0,,4.0
ENC097-001980,2024-11-17,sur,telefono,1,0,,2.4
ENC097-001981,2024-11-17,norte,web,1,0,,1.6
ENC097-001982,2024-11-17,centro,web,1,1,4,4.0
ENC097-001983,2024-11-17,sur,telefono,1,1,3,2.4
ENC097-001984,2024-11-18,norte,web,1,1,4,1.6
ENC097-001985,2024-11-18,centro,web,1,1,5,4.0
ENC097-001986,2024-11-18,sur,web,1,1,4,2.4
ENC097-001987,2024-11-18,norte,web,1,1,5,1.6
ENC097-001988,2024-11-18,centro,web,1,0,,4.0
ENC097-001989,2024-11-18,sur,telefono,1,1,4,2.4
ENC097-001990,2024-11-19,norte,web,1,1,4,1.6
ENC097-001991,2024-11-19,centro,web,1,1,1,4.0
ENC097-001992,2024-11-19,sur,web,1,1,3,2.4
ENC097-001993,2024-11-19,norte,telefono,1,1,,1.6
ENC097-001994,2024-11-19,centro,web,1,0,,4.0
ENC097-001995,2024-11-19,sur,telefono,1,1,3,2.4
ENC097-001996,2024-11-20,norte,web,1,1,4,1.6
ENC097-001997,2024-11-20,centro,web,1,1,3,4.0
ENC097-001998,2024-11-20,sur,telefono,1,1,5,2.4
ENC097-001999,2024-11-20,norte,telefono,1,0,,1.6
ENC097-002000,2024-11-20,centro,web,1,0,,4.0
ENC097-002001,2024-11-20,sur,telefono,1,1,4,2.4
ENC097-002002,2024-11-21,norte,web,1,1,4,1.6
ENC097-002003,2024-11-21,centro,web,1,1,3,4.0
ENC097-002004,2024-11-21,sur,web,1,0,,2.4
ENC097-002005,2024-11-21,norte,web,1,0,,1.6
ENC097-002006,2024-11-21,centro,web,1,0,,4.0
ENC097-002007,2024-11-21,sur,telefono,1,1,1,2.4
ENC097-002008,2024-11-22,norte,telefono,1,0,,1.6
ENC097-002009,2024-11-22,centro,web,1,0,,4.0
ENC097-002010,2024-11-22,sur,telefono,1,1,2,2.4
ENC097-002011,2024-11-22,norte,telefono,1,1,4,1.6
ENC097-002012,2024-11-22,centro,telefono,1,0,,4.0
ENC097-002013,2024-11-22,sur,web,1,1,3,2.4
ENC097-002014,2024-11-23,norte,telefono,1,1,4,1.6
ENC097-002015,2024-11-23,centro,telefono,1,0,,4.0
ENC097-002016,2024-11-23,sur,web,1,1,4,2.4
ENC097-002017,2024-11-23,norte,telefono,1,1,3,1.6
ENC097-002018,2024-11-23,centro,telefono,1,1,3,4.0
ENC097-002019,2024-11-23,sur,web,1,0,,2.4
ENC097-002020,2024-11-23,norte,web,1,1,5,1.6
ENC097-002021,2024-11-24,centro,web,1,0,,4.0
ENC097-002022,2024-11-24,sur,web,1,1,4,2.4
ENC097-002023,2024-11-24,norte,web,1,1,3,1.6
ENC097-002024,2024-11-24,centro,web,1,1,4,4.0
ENC097-002025,2024-11-24,sur,web,1,0,,2.4
ENC097-002026,2024-11-24,norte,web,1,1,5,1.6
ENC097-002027,2024-11-25,centro,web,1,0,,4.0
ENC097-002028,2024-11-25,sur,web,1,1,3,2.4
ENC097-002029,2024-11-25,norte,telefono,1,1,4,1.6
ENC097-002030,2024-11-25,centro,web,1,0,,4.0
ENC097-002031,2024-11-25,sur,telefono,1,0,,2.4
ENC097-002032,2024-11-25,norte,telefono,1,0,,1.6
ENC097-002033,2024-11-26,centro,telefono,1,0,,4.0
ENC097-002034,2024-11-26,sur,telefono,1,0,,2.4
ENC097-002035,2024-11-26,norte,telefono,1,1,4,1.6
ENC097-002036,2024-11-26,centro,web,1,1,4,4.0
ENC097-002037,2024-11-26,sur,web,1,1,4,2.4
ENC097-002038,2024-11-26, NORTE ,web,1,1,3,1.6
ENC097-002039,2024-11-27,centro,telefono,1,1,1,4.0
ENC097-002040,2024-11-27,sur,telefono,1,0,,2.4
ENC097-002041,2024-11-27,norte,web,1,1,5,1.6
ENC097-002042,2024-11-27,centro,web,1,1,2,4.0
ENC097-002043,2024-11-27,sur,web,1,1,5,2.4
ENC097-002044,2024-11-27,norte,telefono,1,0,,1.6
ENC097-002045,2024-11-28,centro,telefono,1,1,3,4.0
ENC097-002046,2024-11-28,sur,web,1,0,,2.4
ENC097-002047,2024-11-28,norte,telefono,1,1,5,1.6
ENC097-002048,2024-11-28,centro,telefono,1,0,,4.0
ENC097-002049,2024-11-28,sur,web,1,0,,2.4
ENC097-002050,2024-11-28,norte,web,1,0,,1.6
ENC097-002051,2024-11-29,centro,telefono,1,1,4,4.0
ENC097-002052,2024-11-29,sur,web,1,0,,2.4
ENC097-002053,2024-11-29,norte,web,1,0,,1.6
ENC097-002054,2024-11-29,centro,web,1,0,,4.0
ENC097-002055,2024-11-29,sur,web,1,0,,2.4
ENC097-002056,2024-11-29,norte,telefono,1,0,,1.6
ENC097-002057,2024-11-29,centro,telefono,1,1,2,4.0
ENC097-002058,2024-11-30,sur,telefono,1,0,,2.4
ENC097-002059,2024-11-30,norte,web,1,1,5,1.6
ENC097-002060,2024-11-30,centro,web,1,0,,4.0
ENC097-002061,2024-11-30,sur,telefono,1,0,,2.4
ENC097-002062,2024-11-30,norte,telefono,1,1,4,1.6
ENC097-002063,2024-11-30,centro,web,1,0,,4.0
ENC097-002064,2024-12-01,sur,web,1,0,,2.4
ENC097-002065,2024-12-01,norte,web,1,1,3,1.6
ENC097-002066,2024-12-01,centro,web,1,0,,4.0
ENC097-002067,2024-12-01,sur,telefono,1,0,,2.4
ENC097-002068,2024-12-01,norte,web,1,1,3,1.6
ENC097-002069,2024-12-01,centro,web,1,1,4,4.0
ENC097-002070,2024-12-02,sur,web,1,1,4,2.4
ENC097-002071,2024-12-02,norte,telefono,1,0,,1.6
ENC097-002072,2024-12-02,centro,telefono,1,1,1,4.0
ENC097-002073,2024-12-02,sur,telefono,1,1,3,2.4
ENC097-002074,2024-12-02,norte,telefono,1,1,4,1.6
ENC097-002075,2024-12-02,centro,web,1,0,,4.0
ENC097-002076,2024-12-03,sur,telefono,1,0,,2.4
ENC097-002077,2024-12-03,norte,web,1,0,,1.6
ENC097-002078,2024-12-03,centro,telefono,1,0,,4.0
ENC097-002079,2024-12-03,sur,web,1,1,4,2.4
ENC097-002080,2024-12-03,norte,web,1,0,,1.6
ENC097-002081,2024-12-03,centro,telefono,1,1,3,4.0
ENC097-002082,2024-12-04,sur,telefono,1,1,1,2.4
ENC097-002083,2024-12-04,norte,web,1,1,3,1.6
ENC097-002084,2024-12-04,centro,web,1,1,3,4.0
ENC097-002085,2024-12-04,sur,web,1,1,3,2.4
ENC097-002086,2024-12-04,norte,telefono,1,1,3,1.6
ENC097-002087,2024-12-04,centro,telefono,1,1,4,4.0
ENC097-002088,2024-12-05,sur,telefono,1,0,,2.4
ENC097-002089,2024-12-05,norte,web,1,1,5,1.6
ENC097-002090,2024-12-05,centro,web,1,0,,4.0
ENC097-002091,2024-12-05,sur,web,1,0,,2.4
ENC097-002092,2024-12-05,norte,telefono,1,1,4,1.6
ENC097-002093,2024-12-05,centro,web,1,1,2,4.0
ENC097-002094,2024-12-05,sur,telefono,1,0,,2.4
ENC097-002095,2024-12-06,norte,web,1,1,5,1.6
ENC097-002096,2024-12-06,centro,web,1,1,4,4.0
ENC097-002097,2024-12-06,sur,telefono,1,1,5,2.4
ENC097-002098,2024-12-06,norte,web,1,1,4,1.6
ENC097-002099,2024-12-06,centro,web,1,0,,4.0
ENC097-002100,2024-12-06,sur,telefono,1,0,,2.4
ENC097-002101,2024-12-07,norte,web,1,0,,1.6
ENC097-002102,2024-12-07,centro,telefono,1,0,,4.0
ENC097-002103,2024-12-07,sur,web,1,0,,2.4
ENC097-002104,2024-12-07,norte,web,1,1,4,1.6
ENC097-002105,2024-12-07,centro,telefono,1,1,5,4.0
ENC097-002106,2024-12-07,sur,telefono,1,0,,2.4
ENC097-002107,2024-12-08,norte,web,1,1,5,1.6
ENC097-002108,2024-12-08,centro,web,1,1,3,4.0
ENC097-002109,2024-12-08,sur,web,1,1,3,2.4
ENC097-002110,2024-12-08,norte,web,1,1,4,1.6
ENC097-002111,2024-12-08,centro,telefono,1,0,,4.0
ENC097-002112,2024-12-08,sur,web,1,0,,2.4
ENC097-002113,2024-12-09,norte,telefono,1,1,3,1.6
ENC097-002114,2024-12-09,centro,telefono,1,0,,4.0
ENC097-002115,2024-12-09,sur,web,1,1,5,2.4
ENC097-002116,2024-12-09,norte,telefono,1,1,4,1.6
ENC097-002117,2024-12-09,centro,telefono,1,0,,4.0
ENC097-002118,2024-12-09,sur,telefono,1,0,,2.4
ENC097-002119,2024-12-10,norte,telefono,1,0,,1.6
ENC097-002120,2024-12-10,centro,web,1,0,,4.0
ENC097-002121,2024-12-10,sur,telefono,1,0,,2.4
ENC097-002122,2024-12-10,norte,web,1,1,5,1.6
ENC097-002123,2024-12-10,centro,telefono,1,1,4,4.0
ENC097-002124,2024-12-10,sur,web,1,0,,2.4
ENC097-002125,2024-12-11,norte,telefono,1,1,4,1.6
ENC097-002126,2024-12-11,centro,telefono,1,0,,4.0
ENC097-002127,2024-12-11,sur,telefono,1,1,5,2.4
ENC097-002128,2024-12-11,norte,web,1,1,5,1.6
ENC097-002129,2024-12-11,centro,telefono,1,0,,4.0
ENC097-002130,2024-12-11,sur,telefono,1,1,5,2.4
ENC097-002131,2024-12-12,norte,telefono,1,1,5,1.6
ENC097-002132,2024-12-12,centro,web,1,1,4,4.0
ENC097-002133,2024-12-12,sur,telefono,1,0,,2.4
ENC097-002134,2024-12-12,norte,telefono,1,1,4,1.6
ENC097-002135,2024-12-12, CENTRO ,web,1,0,,4.0
ENC097-002136,2024-12-12,sur,web,1,1,5,2.4
ENC097-002137,2024-12-12,norte,telefono,1,1,2,1.6
ENC097-002138,2024-12-13,centro,telefono,1,0,,4.0
ENC097-002139,2024-12-13,sur,telefono,1,1,3,2.4
ENC097-002140,2024-12-13,norte,telefono,1,1,5,1.6
ENC097-002141,2024-12-13,centro,telefono,1,0,,4.0
ENC097-002142,2024-12-13,sur,web,1,1,5,2.4
ENC097-002143,2024-12-13,norte,web,1,1,3,1.6
ENC097-002144,2024-12-14,centro,web,1,0,,4.0
ENC097-002145,2024-12-14,sur,telefono,1,0,,2.4
ENC097-002146,2024-12-14,norte,web,1,1,3,1.6
ENC097-002147,2024-12-14,centro,web,1,1,2,4.0
ENC097-002148,2024-12-14,sur,telefono,1,1,5,2.4
ENC097-002149,2024-12-14,norte,web,1,0,,1.6
ENC097-002150,2024-12-15,centro,web,1,0,,4.0
ENC097-002151,2024-12-15,sur,telefono,1,0,,2.4
ENC097-002152,2024-12-15,norte,telefono,1,1,4,1.6
ENC097-002153,2024-12-15,centro,web,1,1,1,4.0
ENC097-002154,2024-12-15,sur,telefono,1,1,3,2.4
ENC097-002155,2024-12-15,norte,web,1,1,4,1.6
ENC097-002156,2024-12-16,centro,telefono,1,1,2,4.0
ENC097-002157,2024-12-16,sur,web,1,1,3,2.4
ENC097-002158,2024-12-16,norte,telefono,1,1,5,1.6
ENC097-002159,2024-12-16,centro,telefono,1,1,,4.0
ENC097-002160,2024-12-16,sur,telefono,1,1,4,2.4
ENC097-002161,2024-12-16,norte,telefono,1,1,4,1.6
ENC097-002162,2024-12-17,centro,web,1,0,,4.0
ENC097-002163,2024-12-17,sur,web,1,1,3,2.4
ENC097-002164,2024-12-17,norte,telefono,1,0,,1.6
ENC097-002165,2024-12-17,centro,web,1,1,2,4.0
ENC097-002166,2024-12-17,sur,web,1,1,2,2.4
ENC097-002167,2024-12-17,norte,web,1,1,4,1.6
ENC097-002168,2024-12-18,centro,telefono,1,0,,4.0
ENC097-002169,2024-12-18,sur,telefono,1,0,,2.4
ENC097-002170,2024-12-18,norte,web,1,0,,1.6
ENC097-002171,2024-12-18,centro,telefono,1,1,2,4.0
ENC097-002172,2024-12-18,sur,telefono,1,1,3,2.4
ENC097-002173,2024-12-18,norte,telefono,1,1,5,1.6
ENC097-002174,2024-12-18,centro,telefono,1,0,,4.0
ENC097-002175,2024-12-19,sur,telefono,1,0,,2.4
ENC097-002176,2024-12-19,norte,telefono,1,1,5,1.6
ENC097-002177,2024-12-19,centro,web,1,1,2,4.0
ENC097-002178,2024-12-19,sur,telefono,1,1,3,2.4
ENC097-002179,2024-12-19,norte,telefono,1,1,4,1.6
ENC097-002180,2024-12-19,centro,web,1,1,4,4.0
ENC097-002181,2024-12-20,sur,web,1,1,3,2.4
ENC097-002182,2024-12-20,norte,telefono,1,1,5,1.6
ENC097-002183,2024-12-20,centro,web,1,0,,4.0
ENC097-002184,2024-12-20,sur,telefono,1,1,5,2.4
ENC097-002185,2024-12-20,norte,web,1,1,4,1.6
ENC097-002186,2024-12-20,centro,web,1,0,,4.0
ENC097-002187,2024-12-21,sur,web,1,1,3,2.4
ENC097-002188,2024-12-21,norte,telefono,1,1,5,1.6
ENC097-002189,2024-12-21,centro,telefono,1,1,4,4.0
ENC097-002190,2024-12-21,sur,telefono,1,0,,2.4
ENC097-002191,2024-12-21,norte,telefono,1,1,3,1.6
ENC097-002192,2024-12-21,centro,web,1,0,,4.0
ENC097-002193,2024-12-22,sur,telefono,1,1,3,2.4
ENC097-002194,2024-12-22,norte,web,1,1,5,1.6
ENC097-002195,2024-12-22,centro,web,1,0,,4.0
ENC097-002196,2024-12-22,sur,web,1,0,,2.4
ENC097-002197,2024-12-22,norte,web,1,1,3,1.6
ENC097-002198,2024-12-22,centro,web,1,0,,4.0
ENC097-002199,2024-12-23,sur,telefono,1,1,3,2.4
ENC097-002200,2024-12-23,norte,web,1,0,,1.6
ENC097-002201,2024-12-23,centro,web,1,1,4,4.0
ENC097-002202,2024-12-23,sur,web,1,1,4,2.4
ENC097-002203,2024-12-23,norte,telefono,1,1,5,1.6
ENC097-002204,2024-12-23,centro,web,1,1,3,4.0
ENC097-002205,2024-12-24,sur,telefono,1,0,,2.4
ENC097-002206,2024-12-24,norte,web,1,1,4,1.6
ENC097-002207,2024-12-24,centro,web,1,1,4,4.0
ENC097-002208,2024-12-24,sur,web,1,1,5,2.4
ENC097-002209,2024-12-24,norte,telefono,1,0,,1.6
ENC097-002210,2024-12-24,centro,telefono,1,1,2,4.0
ENC097-002211,2024-12-25,sur,web,1,1,5,2.4
ENC097-002212,2024-12-25,norte,web,1,1,4,1.6
ENC097-002213,2024-12-25,centro,telefono,1,0,,4.0
ENC097-002214,2024-12-25,sur,web,1,1,4,2.4
ENC097-002215,2024-12-25,norte,telefono,1,1,5,1.6
ENC097-002216,2024-12-25,centro,web,1,0,,4.0
ENC097-002217,2024-12-25,sur,telefono,1,0,,2.4
ENC097-002218,2024-12-26,norte,web,1,1,4,1.6
ENC097-002219,2024-12-26,centro,telefono,1,1,5,4.0
ENC097-002220,2024-12-26,sur,telefono,1,0,,2.4
ENC097-002221,2024-12-26,norte,telefono,1,0,,1.6
ENC097-002222,2024-12-26,centro,web,1,0,,4.0
ENC097-002223,2024-12-26,sur,web,1,1,4,2.4
ENC097-002224,2024-12-27,norte,web,1,1,4,1.6
ENC097-002225,2024-12-27,centro,telefono,1,1,3,4.0
ENC097-002226,2024-12-27,sur,telefono,1,1,3,2.4
ENC097-002227,2024-12-27,norte,web,1,0,,1.6
ENC097-002228,2024-12-27,centro,web,1,0,,4.0
ENC097-002229,2024-12-27,sur,telefono,1,1,3,2.4
ENC097-002230,2024-12-28,norte,web,1,1,4,1.6
ENC097-002231,2024-12-28,centro,telefono,1,0,,4.0
ENC097-002232,2024-12-28, SUR ,telefono,1,1,2,2.4
ENC097-002233,2024-12-28,norte,web,1,1,4,1.6
ENC097-002234,2024-12-28,centro,telefono,1,1,2,4.0
ENC097-002235,2024-12-28,sur,telefono,1,1,4,2.4
ENC097-002236,2024-12-29,norte,telefono,1,1,2,1.6
ENC097-002237,2024-12-29,centro,telefono,1,0,,4.0
ENC097-002238,2024-12-29,sur,web,1,0,,2.4
ENC097-002239,2024-12-29,norte,web,1,1,3,1.6
ENC097-002240,2024-12-29,centro,web,1,0,,4.0
ENC097-002241,2024-12-29,sur,web,1,1,4,2.4
ENC097-002242,2024-12-30,norte,web,1,1,,1.6
ENC097-002243,2024-12-30,centro,web,1,0,,4.0
ENC097-002244,2024-12-30,sur,web,1,0,,2.4
ENC097-002245,2024-12-30,norte,telefono,1,1,3,1.6
ENC097-002246,2024-12-30,centro,web,1,0,,4.0
ENC097-002247,2024-12-30,sur,telefono,1,1,4,2.4
ENC097-002248,2024-12-31,norte,telefono,1,1,4,1.6
ENC097-002249,2024-12-31,centro,web,1,1,3,4.0
ENC097-002250,2024-12-31,sur,web,1,1,3,2.4
ENC097-002251,2024-12-31,norte,web,1,1,5,1.6
ENC097-002252,2024-12-31,centro,telefono,1,0,,4.0
ENC097-002253,2024-12-31,sur,web,1,1,5,2.4
ENC097-002254,2024-12-31,norte,telefono,1,1,4,1.6
ENC097-002255,2025-01-01,centro,telefono,1,1,4,4.0
ENC097-002256,2025-01-01,sur,web,1,1,3,2.4
ENC097-002257,2025-01-01,norte,telefono,1,0,,1.6
ENC097-002258,2025-01-01,centro,web,1,1,2,4.0
ENC097-002259,2025-01-01,sur,web,1,1,5,2.4
ENC097-002260,2025-01-01,norte,web,1,1,5,1.6
ENC097-002261,2025-01-02,centro,telefono,1,0,,4.0
ENC097-002262,2025-01-02,sur,web,1,1,4,2.4
ENC097-002263,2025-01-02,norte,web,1,1,3,1.6
ENC097-002264,2025-01-02,centro,telefono,1,0,,4.0
ENC097-002265,2025-01-02,sur,telefono,1,1,3,2.4
ENC097-002266,2025-01-02,norte,telefono,1,1,4,1.6
ENC097-002267,2025-01-03,centro,web,1,0,,4.0
ENC097-002268,2025-01-03,sur,web,1,1,4,2.4
ENC097-002269,2025-01-03,norte,telefono,1,1,4,1.6
ENC097-002270,2025-01-03,centro,telefono,1,1,2,4.0
ENC097-002271,2025-01-03,sur,telefono,1,1,5,2.4
ENC097-002272,2025-01-03,norte,web,1,1,4,1.6
ENC097-002273,2025-01-04,centro,web,1,1,3,4.0
ENC097-002274,2025-01-04,sur,web,1,0,,2.4
ENC097-002275,2025-01-04,norte,telefono,1,1,5,1.6
ENC097-002276,2025-01-04,centro,telefono,1,0,,4.0
ENC097-002277,2025-01-04,sur,telefono,1,0,,2.4
ENC097-002278,2025-01-04,norte,telefono,1,0,,1.6
ENC097-002279,2025-01-05,centro,telefono,1,0,,4.0
ENC097-002280,2025-01-05,sur,web,1,1,5,2.4
ENC097-002281,2025-01-05,norte,telefono,1,1,3,1.6
ENC097-002282,2025-01-05,centro,web,1,0,,4.0
ENC097-002283,2025-01-05,sur,web,1,0,,2.4
ENC097-002284,2025-01-05,norte,web,1,1,5,1.6
ENC097-002285,2025-01-06,centro,web,1,1,1,4.0
ENC097-002286,2025-01-06,sur,telefono,1,0,,2.4
ENC097-002287,2025-01-06,norte,telefono,1,1,4,1.6
ENC097-002288,2025-01-06,centro,web,1,1,3,4.0
ENC097-002289,2025-01-06,sur,web,1,1,3,2.4
ENC097-002290,2025-01-06,norte,telefono,1,1,4,1.6
ENC097-002291,2025-01-06,centro,web,1,0,,4.0
ENC097-002292,2025-01-07,sur,telefono,1,0,,2.4
ENC097-002293,2025-01-07,norte,telefono,1,1,3,1.6
ENC097-002294,2025-01-07,centro,web,1,0,,4.0
ENC097-002295,2025-01-07,sur,web,1,0,,2.4
ENC097-002296,2025-01-07,norte,web,1,1,3,1.6
ENC097-002297,2025-01-07,centro,web,1,1,4,4.0
ENC097-002298,2025-01-08,sur,web,1,1,3,2.4
ENC097-002299,2025-01-08,norte,telefono,1,1,5,1.6
ENC097-002300,2025-01-08,centro,web,1,1,5,4.0
ENC097-002301,2025-01-08,sur,telefono,1,1,5,2.4
ENC097-002302,2025-01-08,norte,web,1,1,5,1.6
ENC097-002303,2025-01-08,centro,telefono,1,1,3,4.0
ENC097-002304,2025-01-09,sur,web,1,1,5,2.4
ENC097-002305,2025-01-09,norte,telefono,1,0,,1.6
ENC097-002306,2025-01-09,centro,telefono,1,0,,4.0
ENC097-002307,2025-01-09,sur,telefono,1,0,,2.4
ENC097-002308,2025-01-09,norte,telefono,1,1,2,1.6
ENC097-002309,2025-01-09,centro,web,1,1,4,4.0
ENC097-002310,2025-01-10,sur,web,1,0,,2.4
ENC097-002311,2025-01-10,norte,web,1,1,5,1.6
ENC097-002312,2025-01-10,centro,telefono,1,0,,4.0
ENC097-002313,2025-01-10,sur,telefono,1,0,,2.4
ENC097-002314,2025-01-10,norte,telefono,1,1,1,1.6
ENC097-002315,2025-01-10,centro,telefono,1,0,,4.0
ENC097-002316,2025-01-11,sur,telefono,1,0,,2.4
ENC097-002317,2025-01-11,norte,web,1,1,5,1.6
ENC097-002318,2025-01-11,centro,telefono,1,0,,4.0
ENC097-002319,2025-01-11,sur,telefono,1,0,,2.4
ENC097-002320,2025-01-11,norte,telefono,1,0,,1.6
ENC097-002321,2025-01-11,centro,web,1,0,,4.0
ENC097-002322,2025-01-12,sur,web,1,0,,2.4
ENC097-002323,2025-01-12,norte,telefono,1,1,3,1.6
ENC097-002324,2025-01-12,centro,web,1,1,5,4.0
ENC097-002325,2025-01-12,sur,web,1,0,,2.4
ENC097-002326,2025-01-12,norte,web,1,1,5,1.6
ENC097-002327,2025-01-12,centro,telefono,1,1,2,4.0
ENC097-002328,2025-01-13,sur,telefono,1,0,,2.4
ENC097-002329,2025-01-13, NORTE ,telefono,1,1,5,1.6
ENC097-002330,2025-01-13,centro,telefono,1,1,3,4.0
ENC097-002331,2025-01-13,sur,web,1,1,5,2.4
ENC097-002332,2025-01-13,norte,web,1,1,5,1.6
ENC097-002333,2025-01-13,centro,web,1,0,,4.0
ENC097-002334,2025-01-13,sur,web,1,1,4,2.4
ENC097-002335,2025-01-14,norte,telefono,1,1,5,1.6
ENC097-002336,2025-01-14,centro,web,1,0,,4.0
ENC097-002337,2025-01-14,sur,web,1,0,,2.4
ENC097-002338,2025-01-14,norte,web,1,0,,1.6
ENC097-002339,2025-01-14,centro,telefono,1,0,,4.0
ENC097-002340,2025-01-14,sur,telefono,1,0,,2.4
ENC097-002341,2025-01-15,norte,telefono,1,1,3,1.6
ENC097-002342,2025-01-15,centro,telefono,1,0,,4.0
ENC097-002343,2025-01-15,sur,web,1,1,4,2.4
ENC097-002344,2025-01-15,norte,telefono,1,1,3,1.6
ENC097-002345,2025-01-15,centro,telefono,1,0,,4.0
ENC097-002346,2025-01-15,sur,web,1,0,,2.4
ENC097-002347,2025-01-16,norte,telefono,1,1,5,1.6
ENC097-002348,2025-01-16,centro,web,1,0,,4.0
ENC097-002349,2025-01-16,sur,web,1,1,4,2.4
ENC097-002350,2025-01-16,norte,telefono,1,0,,1.6
ENC097-002351,2025-01-16,centro,telefono,1,0,,4.0
ENC097-002352,2025-01-16,sur,telefono,1,0,,2.4
ENC097-002353,2025-01-17,norte,web,1,1,4,1.6
ENC097-002354,2025-01-17,centro,telefono,1,1,3,4.0
ENC097-002355,2025-01-17,sur,telefono,1,0,,2.4
ENC097-002356,2025-01-17,norte,web,1,1,3,1.6
ENC097-002357,2025-01-17,centro,web,1,1,3,4.0
ENC097-002358,2025-01-17,sur,telefono,1,1,4,2.4
ENC097-002359,2025-01-18,norte,telefono,1,1,4,1.6
ENC097-002360,2025-01-18,centro,telefono,1,0,,4.0
ENC097-002361,2025-01-18,sur,web,1,1,3,2.4
ENC097-002362,2025-01-18,norte,telefono,1,1,3,1.6
ENC097-002363,2025-01-18,centro,telefono,1,1,2,4.0
ENC097-002364,2025-01-18,sur,telefono,1,1,4,2.4
ENC097-002365,2025-01-19,norte,telefono,1,1,5,1.6
ENC097-002366,2025-01-19,centro,telefono,1,0,,4.0
ENC097-002367,2025-01-19,sur,web,1,0,,2.4
ENC097-002368,2025-01-19,norte,telefono,1,1,5,1.6
ENC097-002369,2025-01-19,centro,telefono,1,0,,4.0
ENC097-002370,2025-01-19,sur,telefono,1,1,3,2.4
ENC097-002371,2025-01-19,norte,telefono,1,1,5,1.6
ENC097-002372,2025-01-20,centro,telefono,1,0,,4.0
ENC097-002373,2025-01-20,sur,web,1,1,5,2.4
ENC097-002374,2025-01-20,norte,telefono,1,0,,1.6
ENC097-002375,2025-01-20,centro,web,1,1,3,4.0
ENC097-002376,2025-01-20,sur,web,1,1,5,2.4
ENC097-002377,2025-01-20,norte,web,1,0,,1.6
ENC097-002378,2025-01-21,centro,web,1,0,,4.0
ENC097-002379,2025-01-21,sur,telefono,1,1,3,2.4
ENC097-002380,2025-01-21,norte,telefono,1,1,4,1.6
ENC097-002381,2025-01-21,centro,telefono,1,1,3,4.0
ENC097-002382,2025-01-21,sur,telefono,1,0,,2.4
ENC097-002383,2025-01-21,norte,web,1,1,3,1.6
ENC097-002384,2025-01-22,centro,web,1,1,2,4.0
ENC097-002385,2025-01-22,sur,telefono,1,1,5,2.4
ENC097-002386,2025-01-22,norte,web,1,1,4,1.6
ENC097-002387,2025-01-22,centro,web,1,0,,4.0
ENC097-002388,2025-01-22,sur,telefono,1,1,3,2.4
ENC097-002389,2025-01-22,norte,web,1,1,4,1.6
ENC097-002390,2025-01-23,centro,web,1,0,,4.0
ENC097-002391,2025-01-23,sur,telefono,1,1,5,2.4
ENC097-002392,2025-01-23,norte,web,1,1,5,1.6
ENC097-002393,2025-01-23,centro,telefono,1,1,3,4.0
ENC097-002394,2025-01-23,sur,web,1,1,3,2.4
ENC097-002395,2025-01-23,norte,telefono,1,0,,1.6
ENC097-002396,2025-01-24,centro,telefono,1,1,3,4.0
ENC097-002397,2025-01-24,sur,web,1,1,3,2.4
ENC097-002398,2025-01-24,norte,web,1,1,2,1.6
ENC097-002399,2025-01-24,centro,telefono,1,1,3,4.0
ENC097-002400,2025-01-24,sur,web,1,0,,2.4
ENC097-002401,2025-01-24,norte,telefono,1,1,5,1.6
ENC097-002402,2025-01-25,centro,web,1,0,,4.0
ENC097-002403,2025-01-25,sur,web,1,1,5,2.4
ENC097-002404,2025-01-25,norte,telefono,1,0,,1.6
ENC097-002405,2025-01-25,centro,telefono,1,0,,4.0
ENC097-002406,2025-01-25,sur,web,1,1,2,2.4
ENC097-002407,2025-01-25,norte,web,1,1,1,1.6
ENC097-002408,2025-01-26,centro,web,1,1,,4.0
ENC097-002409,2025-01-26,sur,telefono,1,0,,2.4
ENC097-002410,2025-01-26,norte,web,1,1,2,1.6
ENC097-002411,2025-01-26,centro,telefono,1,1,1,4.0
ENC097-002412,2025-01-26,sur,web,1,0,,2.4
ENC097-002413,2025-01-26,norte,telefono,1,1,3,1.6
ENC097-002414,2025-01-26,centro,web,1,0,,4.0
ENC097-002415,2025-01-27,sur,web,1,1,4,2.4
ENC097-002416,2025-01-27,norte,telefono,1,1,3,1.6
ENC097-002417,2025-01-27,centro,web,1,1,3,4.0
ENC097-002418,2025-01-27,sur,web,1,1,4,2.4
ENC097-002419,2025-01-27,norte,telefono,1,1,3,1.6
ENC097-002420,2025-01-27,centro,web,1,0,,4.0
ENC097-002421,2025-01-28,sur,telefono,1,1,2,2.4
ENC097-002422,2025-01-28,norte,web,1,1,2,1.6
ENC097-002423,2025-01-28,centro,telefono,1,0,,4.0
ENC097-002424,2025-01-28,sur,web,1,0,,2.4
ENC097-002425,2025-01-28,norte,telefono,1,1,4,1.6
ENC097-002426,2025-01-28, CENTRO ,web,1,0,,4.0
ENC097-002427,2025-01-29,sur,web,1,1,2,2.4
ENC097-002428,2025-01-29,norte,telefono,1,1,5,1.6
ENC097-002429,2025-01-29,centro,telefono,1,1,1,4.0
ENC097-002430,2025-01-29,sur,telefono,1,0,,2.4
ENC097-002431,2025-01-29,norte,web,1,1,4,1.6
ENC097-002432,2025-01-29,centro,telefono,1,0,,4.0
ENC097-002433,2025-01-30,sur,web,1,1,4,2.4
ENC097-002434,2025-01-30,norte,telefono,1,1,5,1.6
ENC097-002435,2025-01-30,centro,web,1,1,4,4.0
ENC097-002436,2025-01-30,sur,telefono,1,1,5,2.4
ENC097-002437,2025-01-30,norte,telefono,1,1,4,1.6
ENC097-002438,2025-01-30,centro,telefono,1,1,3,4.0
ENC097-002439,2025-01-31,sur,telefono,1,0,,2.4
ENC097-002440,2025-01-31,norte,web,1,1,4,1.6
ENC097-002441,2025-01-31,centro,telefono,1,0,,4.0
ENC097-002442,2025-01-31,sur,telefono,1,1,3,2.4
ENC097-002443,2025-01-31,norte,web,1,1,5,1.6
ENC097-002444,2025-01-31,centro,telefono,1,1,3,4.0
ENC097-002445,2025-02-01,sur,web,1,1,2,2.4
ENC097-002446,2025-02-01,norte,web,1,1,4,1.6
ENC097-002447,2025-02-01,centro,telefono,1,0,,4.0
ENC097-002448,2025-02-01,sur,telefono,1,1,5,2.4
ENC097-002449,2025-02-01,norte,telefono,1,1,1,1.6
ENC097-002450,2025-02-01,centro,web,1,0,,4.0
ENC097-002451,2025-02-01,sur,web,1,0,,2.4
ENC097-002452,2025-02-02,norte,web,1,1,5,1.6
ENC097-002453,2025-02-02,centro,web,1,1,2,4.0
ENC097-002454,2025-02-02,sur,telefono,1,1,5,2.4
ENC097-002455,2025-02-02,norte,telefono,1,1,5,1.6
ENC097-002456,2025-02-02,centro,web,1,1,3,4.0
ENC097-002457,2025-02-02,sur,web,1,0,,2.4
ENC097-002458,2025-02-03,norte,telefono,1,1,5,1.6
ENC097-002459,2025-02-03,centro,web,1,0,,4.0
ENC097-002460,2025-02-03,sur,telefono,1,1,1,2.4
ENC097-002461,2025-02-03,norte,telefono,1,1,4,1.6
ENC097-002462,2025-02-03,centro,telefono,1,0,,4.0
ENC097-002463,2025-02-03,sur,telefono,1,0,,2.4
ENC097-002464,2025-02-04,norte,telefono,1,1,5,1.6
ENC097-002465,2025-02-04,centro,telefono,1,1,3,4.0
ENC097-002466,2025-02-04,sur,web,1,1,5,2.4
ENC097-002467,2025-02-04,norte,telefono,1,1,3,1.6
ENC097-002468,2025-02-04,centro,web,1,0,,4.0
ENC097-002469,2025-02-04,sur,web,1,1,4,2.4
ENC097-002470,2025-02-05,norte,web,1,1,3,1.6
ENC097-002471,2025-02-05,centro,telefono,1,1,3,4.0
ENC097-002472,2025-02-05,sur,web,1,1,4,2.4
ENC097-002473,2025-02-05,norte,web,1,1,4,1.6
ENC097-002474,2025-02-05,centro,web,1,1,4,4.0
ENC097-002475,2025-02-05,sur,telefono,1,0,,2.4
ENC097-002476,2025-02-06,norte,web,1,1,3,1.6
ENC097-002477,2025-02-06,centro,web,1,1,3,4.0
ENC097-002478,2025-02-06,sur,web,1,1,2,2.4
ENC097-002479,2025-02-06,norte,telefono,1,0,,1.6
ENC097-002480,2025-02-06,centro,web,1,1,4,4.0
ENC097-002481,2025-02-06,sur,telefono,1,1,5,2.4
ENC097-002482,2025-02-07,norte,web,1,1,4,1.6
ENC097-002483,2025-02-07,centro,telefono,1,0,,4.0
ENC097-002484,2025-02-07,sur,telefono,1,0,,2.4
ENC097-002485,2025-02-07,norte,web,1,1,5,1.6
ENC097-002486,2025-02-07,centro,telefono,1,1,4,4.0
ENC097-002487,2025-02-07,sur,web,1,1,3,2.4
ENC097-002488,2025-02-07,norte,telefono,1,0,,1.6
ENC097-002489,2025-02-08,centro,telefono,1,0,,4.0
ENC097-002490,2025-02-08,sur,telefono,1,0,,2.4
ENC097-002491,2025-02-08,norte,web,1,1,,1.6
ENC097-002492,2025-02-08,centro,web,1,1,3,4.0
ENC097-002493,2025-02-08,sur,web,1,1,4,2.4
ENC097-002494,2025-02-08,norte,telefono,1,1,5,1.6
ENC097-002495,2025-02-09,centro,web,1,1,3,4.0
ENC097-002496,2025-02-09,sur,telefono,1,1,5,2.4
ENC097-002497,2025-02-09,norte,telefono,1,1,4,1.6
ENC097-002498,2025-02-09,centro,telefono,1,1,4,4.0
ENC097-002499,2025-02-09,sur,web,1,0,,2.4
ENC097-002500,2025-02-09,norte,telefono,1,1,4,1.6
ENC097-002501,2025-02-10,centro,telefono,1,1,1,4.0
ENC097-002502,2025-02-10,sur,web,1,1,4,2.4
ENC097-002503,2025-02-10,norte,telefono,1,1,3,1.6
ENC097-002504,2025-02-10,centro,telefono,1,0,,4.0
ENC097-002505,2025-02-10,sur,telefono,1,1,4,2.4
ENC097-002506,2025-02-10,norte,telefono,1,1,5,1.6
ENC097-002507,2025-02-11,centro,web,1,0,,4.0
ENC097-002508,2025-02-11,sur,telefono,1,1,4,2.4
ENC097-002509,2025-02-11,norte,web,1,1,3,1.6
ENC097-002510,2025-02-11,centro,telefono,1,0,,4.0
ENC097-002511,2025-02-11,sur,web,1,1,3,2.4
ENC097-002512,2025-02-11,norte,telefono,1,1,4,1.6
ENC097-002513,2025-02-12,centro,telefono,1,1,2,4.0
ENC097-002514,2025-02-12,sur,telefono,1,1,4,2.4
ENC097-002515,2025-02-12,norte,web,1,0,,1.6
ENC097-002516,2025-02-12,centro,web,1,0,,4.0
ENC097-002517,2025-02-12,sur,telefono,1,1,3,2.4
ENC097-002518,2025-02-12,norte,web,1,1,3,1.6
ENC097-002519,2025-02-13,centro,web,1,0,,4.0
ENC097-002520,2025-02-13,sur,web,1,1,3,2.4
ENC097-002521,2025-02-13,norte,web,1,1,4,1.6
ENC097-002522,2025-02-13,centro,web,1,1,1,4.0
ENC097-002523,2025-02-13, SUR ,telefono,1,1,2,2.4
ENC097-002524,2025-02-13,norte,telefono,1,1,5,1.6
ENC097-002525,2025-02-14,centro,web,1,0,,4.0
ENC097-002526,2025-02-14,sur,telefono,1,0,,2.4
ENC097-002527,2025-02-14,norte,web,1,1,4,1.6
ENC097-002528,2025-02-14,centro,telefono,1,1,3,4.0
ENC097-002529,2025-02-14,sur,web,1,0,,2.4
ENC097-002530,2025-02-14,norte,telefono,1,1,4,1.6
ENC097-002531,2025-02-14,centro,telefono,1,0,,4.0
ENC097-002532,2025-02-15,sur,telefono,1,1,4,2.4
ENC097-002533,2025-02-15,norte,telefono,1,1,3,1.6
ENC097-002534,2025-02-15,centro,web,1,0,,4.0
ENC097-002535,2025-02-15,sur,web,1,0,,2.4
ENC097-002536,2025-02-15,norte,web,1,0,,1.6
ENC097-002537,2025-02-15,centro,web,1,0,,4.0
ENC097-002538,2025-02-16,sur,telefono,1,0,,2.4
ENC097-002539,2025-02-16,norte,telefono,1,1,5,1.6
ENC097-002540,2025-02-16,centro,web,1,1,2,4.0
ENC097-002541,2025-02-16,sur,telefono,1,0,,2.4
ENC097-002542,2025-02-16,norte,telefono,1,1,2,1.6
ENC097-002543,2025-02-16,centro,web,1,0,,4.0
ENC097-002544,2025-02-17,sur,web,1,1,4,2.4
ENC097-002545,2025-02-17,norte,web,1,0,,1.6
ENC097-002546,2025-02-17,centro,telefono,1,1,4,4.0
ENC097-002547,2025-02-17,sur,telefono,1,0,,2.4
ENC097-002548,2025-02-17,norte,telefono,1,0,,1.6
ENC097-002549,2025-02-17,centro,telefono,1,0,,4.0
ENC097-002550,2025-02-18,sur,telefono,1,0,,2.4
ENC097-002551,2025-02-18,norte,telefono,1,1,3,1.6
ENC097-002552,2025-02-18,centro,telefono,1,1,3,4.0
ENC097-002553,2025-02-18,sur,telefono,1,0,,2.4
ENC097-002554,2025-02-18,norte,web,1,1,3,1.6
ENC097-002555,2025-02-18,centro,telefono,1,0,,4.0
ENC097-002556,2025-02-19,sur,web,1,1,4,2.4
ENC097-002557,2025-02-19,norte,telefono,1,1,4,1.6
ENC097-002558,2025-02-19,centro,web,1,0,,4.0
ENC097-002559,2025-02-19,sur,web,1,1,3,2.4
ENC097-002560,2025-02-19,norte,web,1,1,4,1.6
ENC097-002561,2025-02-19,centro,telefono,1,1,3,4.0
ENC097-002562,2025-02-20,sur,telefono,1,1,4,2.4
ENC097-002563,2025-02-20,norte,telefono,1,1,3,1.6
ENC097-002564,2025-02-20,centro,telefono,1,0,,4.0
ENC097-002565,2025-02-20,sur,web,1,1,4,2.4
ENC097-002566,2025-02-20,norte,telefono,1,0,,1.6
ENC097-002567,2025-02-20,centro,telefono,1,0,,4.0
ENC097-002568,2025-02-20,sur,telefono,1,1,3,2.4
ENC097-002569,2025-02-21,norte,telefono,1,1,4,1.6
ENC097-002570,2025-02-21,centro,telefono,1,1,4,4.0
ENC097-002571,2025-02-21,sur,telefono,1,1,4,2.4
ENC097-002572,2025-02-21,norte,telefono,1,1,5,1.6
ENC097-002573,2025-02-21,centro,web,1,0,,4.0
ENC097-002574,2025-02-21,sur,telefono,1,0,,2.4
ENC097-002575,2025-02-22,norte,web,1,0,,1.6
ENC097-002576,2025-02-22,centro,web,1,0,,4.0
ENC097-002577,2025-02-22,sur,web,1,1,5,2.4
ENC097-002578,2025-02-22,norte,web,1,1,5,1.6
ENC097-002579,2025-02-22,centro,web,1,0,,4.0
ENC097-002580,2025-02-22,sur,web,1,0,,2.4
ENC097-002581,2025-02-23,norte,telefono,1,1,5,1.6
ENC097-002582,2025-02-23,centro,telefono,1,0,,4.0
ENC097-002583,2025-02-23,sur,web,1,1,2,2.4
ENC097-002584,2025-02-23,norte,telefono,1,1,2,1.6
ENC097-002585,2025-02-23,centro,web,1,1,4,4.0
ENC097-002586,2025-02-23,sur,web,1,1,3,2.4
ENC097-002587,2025-02-24,norte,telefono,1,1,3,1.6
ENC097-002588,2025-02-24,centro,telefono,1,1,4,4.0
ENC097-002589,2025-02-24,sur,telefono,1,1,2,2.4
ENC097-002590,2025-02-24,norte,telefono,1,1,4,1.6
ENC097-002591,2025-02-24,centro,web,1,0,,4.0
ENC097-002592,2025-02-24,sur,web,1,0,,2.4
ENC097-002593,2025-02-25,norte,telefono,1,1,5,1.6
ENC097-002594,2025-02-25,centro,telefono,1,0,,4.0
ENC097-002595,2025-02-25,sur,web,1,0,,2.4
ENC097-002596,2025-02-25,norte,telefono,1,1,5,1.6
ENC097-002597,2025-02-25,centro,telefono,1,0,,4.0
ENC097-002598,2025-02-25,sur,web,1,1,2,2.4
ENC097-002599,2025-02-26,norte,web,1,1,3,1.6
ENC097-002600,2025-02-26,centro,telefono,1,1,4,4.0
ENC097-002601,2025-02-26,sur,telefono,1,0,,2.4
ENC097-002602,2025-02-26,norte,web,1,1,5,1.6
ENC097-002603,2025-02-26,centro,telefono,1,0,,4.0
ENC097-002604,2025-02-26,sur,telefono,1,1,3,2.4
ENC097-002605,2025-02-27,norte,web,1,1,4,1.6
ENC097-002606,2025-02-27,centro,telefono,1,0,,4.0
ENC097-002607,2025-02-27,sur,web,1,0,,2.4
ENC097-002608,2025-02-27,norte,web,1,1,4,1.6
ENC097-002609,2025-02-27,centro,telefono,1,1,3,4.0
ENC097-002610,2025-02-27,sur,web,1,0,,2.4
ENC097-002611,2025-02-27,norte,web,1,1,5,1.6
ENC097-002612,2025-02-28,centro,telefono,1,1,3,4.0
ENC097-002613,2025-02-28,sur,web,1,1,4,2.4
ENC097-002614,2025-02-28,norte,web,1,1,5,1.6
ENC097-002615,2025-02-28,centro,web,1,0,,4.0
ENC097-002616,2025-02-28,sur,telefono,1,0,,2.4
ENC097-002617,2025-02-28,norte,web,1,1,3,1.6
ENC097-002618,2025-03-01,centro,telefono,1,0,,4.0
ENC097-002619,2025-03-01,sur,web,1,0,,2.4
ENC097-002620,2025-03-01, NORTE ,telefono,1,1,3,1.6
ENC097-002621,2025-03-01,centro,web,1,1,3,4.0
ENC097-002622,2025-03-01,sur,telefono,1,0,,2.4
ENC097-002623,2025-03-01,norte,web,1,1,4,1.6
ENC097-002624,2025-03-02,centro,telefono,1,1,3,4.0
ENC097-002625,2025-03-02,sur,web,1,1,3,2.4
ENC097-002626,2025-03-02,norte,telefono,1,1,3,1.6
ENC097-002627,2025-03-02,centro,telefono,1,1,2,4.0
ENC097-002628,2025-03-02,sur,web,1,0,,2.4
ENC097-002629,2025-03-02,norte,web,1,0,,1.6
ENC097-002630,2025-03-03,centro,web,1,0,,4.0
ENC097-002631,2025-03-03,sur,telefono,1,1,4,2.4
ENC097-002632,2025-03-03,norte,web,1,0,,1.6
ENC097-002633,2025-03-03,centro,telefono,1,1,2,4.0
ENC097-002634,2025-03-03,sur,web,1,1,5,2.4
ENC097-002635,2025-03-03,norte,web,1,1,2,1.6
ENC097-002636,2025-03-04,centro,web,1,1,4,4.0
ENC097-002637,2025-03-04,sur,telefono,1,0,,2.4
ENC097-002638,2025-03-04,norte,telefono,1,1,4,1.6
ENC097-002639,2025-03-04,centro,web,1,1,2,4.0
ENC097-002640,2025-03-04,sur,telefono,1,0,,2.4
ENC097-002641,2025-03-04,norte,telefono,1,1,5,1.6
ENC097-002642,2025-03-05,centro,telefono,1,0,,4.0
ENC097-002643,2025-03-05,sur,web,1,0,,2.4
ENC097-002644,2025-03-05,norte,telefono,1,0,,1.6
ENC097-002645,2025-03-05,centro,web,1,1,2,4.0
ENC097-002646,2025-03-05,sur,telefono,1,1,3,2.4
ENC097-002647,2025-03-05,norte,web,1,1,3,1.6
ENC097-002648,2025-03-05,centro,telefono,1,1,2,4.0
ENC097-002649,2025-03-06,sur,telefono,1,0,,2.4
ENC097-002650,2025-03-06,norte,web,1,1,2,1.6
ENC097-002651,2025-03-06,centro,telefono,1,0,,4.0
ENC097-002652,2025-03-06,sur,telefono,1,1,3,2.4
ENC097-002653,2025-03-06,norte,telefono,1,1,4,1.6
ENC097-002654,2025-03-06,centro,web,1,1,5,4.0
ENC097-002655,2025-03-07,sur,web,1,1,3,2.4
ENC097-002656,2025-03-07,norte,telefono,1,1,5,1.6
ENC097-002657,2025-03-07,centro,web,1,0,,4.0
ENC097-002658,2025-03-07,sur,telefono,1,1,2,2.4
ENC097-002659,2025-03-07,norte,web,1,1,3,1.6
ENC097-002660,2025-03-07,centro,telefono,1,0,,4.0
ENC097-002661,2025-03-08,sur,web,1,1,4,2.4
ENC097-002662,2025-03-08,norte,telefono,1,0,,1.6
ENC097-002663,2025-03-08,centro,web,1,0,,4.0
ENC097-002664,2025-03-08,sur,telefono,1,1,3,2.4
ENC097-002665,2025-03-08,norte,telefono,1,1,5,1.6
ENC097-002666,2025-03-08,centro,telefono,1,0,,4.0
ENC097-002667,2025-03-09,sur,telefono,1,0,,2.4
ENC097-002668,2025-03-09,norte,web,1,1,4,1.6
ENC097-002669,2025-03-09,centro,web,1,1,2,4.0
ENC097-002670,2025-03-09,sur,web,1,0,,2.4
ENC097-002671,2025-03-09,norte,telefono,1,0,,1.6
ENC097-002672,2025-03-09,centro,telefono,1,0,,4.0
ENC097-002673,2025-03-10,sur,telefono,1,1,3,2.4
ENC097-002674,2025-03-10,norte,telefono,1,1,4,1.6
ENC097-002675,2025-03-10,centro,telefono,1,0,,4.0
ENC097-002676,2025-03-10,sur,telefono,1,1,4,2.4
ENC097-002677,2025-03-10,norte,telefono,1,1,4,1.6
ENC097-002678,2025-03-10,centro,web,1,0,,4.0
ENC097-002679,2025-03-11,sur,telefono,1,0,,2.4
ENC097-002680,2025-03-11,norte,telefono,1,1,5,1.6
ENC097-002681,2025-03-11,centro,web,1,1,2,4.0
ENC097-002682,2025-03-11,sur,web,1,1,4,2.4
ENC097-002683,2025-03-11,norte,telefono,1,1,3,1.6
ENC097-002684,2025-03-11,centro,telefono,1,1,2,4.0
ENC097-002685,2025-03-12,sur,telefono,1,1,5,2.4
ENC097-002686,2025-03-12,norte,web,1,1,5,1.6
ENC097-002687,2025-03-12,centro,web,1,0,,4.0
ENC097-002688,2025-03-12,sur,web,1,1,3,2.4
ENC097-002689,2025-03-12,norte,web,1,1,5,1.6
ENC097-002690,2025-03-12,centro,web,1,0,,4.0
ENC097-002691,2025-03-12,sur,web,1,0,,2.4
ENC097-002692,2025-03-13,norte,web,1,1,4,1.6
ENC097-002693,2025-03-13,centro,web,1,0,,4.0
ENC097-002694,2025-03-13,sur,web,1,1,2,2.4
ENC097-002695,2025-03-13,norte,web,1,0,,1.6
ENC097-002696,2025-03-13,centro,web,1,0,,4.0
ENC097-002697,2025-03-13,sur,telefono,1,1,3,2.4
ENC097-002698,2025-03-14,norte,web,1,1,4,1.6
ENC097-002699,2025-03-14,centro,web,1,0,,4.0
ENC097-002700,2025-03-14,sur,web,1,0,,2.4
ENC097-002701,2025-03-14,norte,telefono,1,1,3,1.6
ENC097-002702,2025-03-14,centro,telefono,1,0,,4.0
ENC097-002703,2025-03-14,sur,web,1,1,2,2.4
ENC097-002704,2025-03-15,norte,web,1,0,,1.6
ENC097-002705,2025-03-15,centro,telefono,1,0,,4.0
ENC097-002706,2025-03-15,sur,telefono,1,1,4,2.4
ENC097-002707,2025-03-15,norte,web,1,1,4,1.6
ENC097-002708,2025-03-15,centro,web,1,0,,4.0
ENC097-002709,2025-03-15,sur,telefono,1,0,,2.4
ENC097-002710,2025-03-16,norte,web,1,1,5,1.6
ENC097-002711,2025-03-16,centro,telefono,1,1,4,4.0
ENC097-002712,2025-03-16,sur,telefono,1,0,,2.4
ENC097-002713,2025-03-16,norte,web,1,0,,1.6
ENC097-002714,2025-03-16,centro,telefono,1,0,,4.0
ENC097-002715,2025-03-16,sur,telefono,1,0,,2.4
ENC097-002716,2025-03-17,norte,telefono,1,1,4,1.6
ENC097-002717,2025-03-17, CENTRO ,web,1,0,,4.0
ENC097-002718,2025-03-17,sur,web,1,1,3,2.4
ENC097-002719,2025-03-17,norte,telefono,1,1,4,1.6
ENC097-002720,2025-03-17,centro,web,1,0,,4.0
ENC097-002721,2025-03-17,sur,web,1,1,5,2.4
ENC097-002722,2025-03-18,norte,web,1,1,4,1.6
ENC097-002723,2025-03-18,centro,web,1,0,,4.0
ENC097-002724,2025-03-18,sur,web,1,1,3,2.4
ENC097-002725,2025-03-18,norte,telefono,1,1,3,1.6
ENC097-002726,2025-03-18,centro,web,1,1,3,4.0
ENC097-002727,2025-03-18,sur,telefono,1,0,,2.4
ENC097-002728,2025-03-18,norte,telefono,1,1,5,1.6
ENC097-002729,2025-03-19,centro,telefono,1,1,3,4.0
ENC097-002730,2025-03-19,sur,telefono,1,1,2,2.4
ENC097-002731,2025-03-19,norte,telefono,1,1,3,1.6
ENC097-002732,2025-03-19,centro,telefono,1,0,,4.0
ENC097-002733,2025-03-19,sur,telefono,1,0,,2.4
ENC097-002734,2025-03-19,norte,telefono,1,0,,1.6
ENC097-002735,2025-03-20,centro,telefono,1,1,4,4.0
ENC097-002736,2025-03-20,sur,telefono,1,1,3,2.4
ENC097-002737,2025-03-20,norte,telefono,1,0,,1.6
ENC097-002738,2025-03-20,centro,web,1,1,4,4.0
ENC097-002739,2025-03-20,sur,web,1,1,3,2.4
ENC097-002740,2025-03-20,norte,web,1,1,,1.6
ENC097-002741,2025-03-21,centro,telefono,1,0,,4.0
ENC097-002742,2025-03-21,sur,telefono,1,1,5,2.4
ENC097-002743,2025-03-21,norte,telefono,1,1,3,1.6
ENC097-002744,2025-03-21,centro,telefono,1,1,2,4.0
ENC097-002745,2025-03-21,sur,telefono,1,1,4,2.4
ENC097-002746,2025-03-21,norte,web,1,1,3,1.6
ENC097-002747,2025-03-22,centro,web,1,0,,4.0
ENC097-002748,2025-03-22,sur,web,1,0,,2.4
ENC097-002749,2025-03-22,norte,telefono,1,0,,1.6
ENC097-002750,2025-03-22,centro,telefono,1,1,5,4.0
ENC097-002751,2025-03-22,sur,web,1,1,3,2.4
ENC097-002752,2025-03-22,norte,telefono,1,1,3,1.6
ENC097-002753,2025-03-23,centro,web,1,1,2,4.0
ENC097-002754,2025-03-23,sur,web,1,1,4,2.4
ENC097-002755,2025-03-23,norte,web,1,0,,1.6
ENC097-002756,2025-03-23,centro,telefono,1,0,,4.0
ENC097-002757,2025-03-23,sur,web,1,0,,2.4
ENC097-002758,2025-03-23,norte,web,1,1,5,1.6
ENC097-002759,2025-03-24,centro,web,1,1,2,4.0
ENC097-002760,2025-03-24,sur,web,1,0,,2.4
ENC097-002761,2025-03-24,norte,telefono,1,1,3,1.6
ENC097-002762,2025-03-24,centro,telefono,1,0,,4.0
ENC097-002763,2025-03-24,sur,web,1,0,,2.4
ENC097-002764,2025-03-24,norte,web,1,1,5,1.6
ENC097-002765,2025-03-24,centro,web,1,0,,4.0
ENC097-002766,2025-03-25,sur,telefono,1,1,4,2.4
ENC097-002767,2025-03-25,norte,web,1,1,3,1.6
ENC097-002768,2025-03-25,centro,web,1,1,3,4.0
ENC097-002769,2025-03-25,sur,web,1,0,,2.4
ENC097-002770,2025-03-25,norte,telefono,1,0,,1.6
ENC097-002771,2025-03-25,centro,telefono,1,0,,4.0
ENC097-002772,2025-03-26,sur,web,1,1,3,2.4
ENC097-002773,2025-03-26,norte,web,1,1,4,1.6
ENC097-002774,2025-03-26,centro,web,1,0,,4.0
ENC097-002775,2025-03-26,sur,web,1,0,,2.4
ENC097-002776,2025-03-26,norte,web,1,1,5,1.6
ENC097-002777,2025-03-26,centro,telefono,1,1,3,4.0
ENC097-002778,2025-03-27,sur,telefono,1,1,4,2.4
ENC097-002779,2025-03-27,norte,web,1,0,,1.6
ENC097-002780,2025-03-27,centro,telefono,1,1,2,4.0
ENC097-002781,2025-03-27,sur,telefono,1,0,,2.4
ENC097-002782,2025-03-27,norte,telefono,1,1,4,1.6
ENC097-002783,2025-03-27,centro,web,1,1,1,4.0
ENC097-002784,2025-03-28,sur,telefono,1,1,3,2.4
ENC097-002785,2025-03-28,norte,telefono,1,1,5,1.6
ENC097-002786,2025-03-28,centro,telefono,1,1,3,4.0
ENC097-002787,2025-03-28,sur,web,1,1,2,2.4
ENC097-002788,2025-03-28,norte,telefono,1,0,,1.6
ENC097-002789,2025-03-28,centro,web,1,1,4,4.0
ENC097-002790,2025-03-29,sur,web,1,1,5,2.4
ENC097-002791,2025-03-29,norte,telefono,1,1,3,1.6
ENC097-002792,2025-03-29,centro,telefono,1,1,2,4.0
ENC097-002793,2025-03-29,sur,telefono,1,0,,2.4
ENC097-002794,2025-03-29,norte,web,1,1,4,1.6
ENC097-002795,2025-03-29,centro,web,1,0,,4.0
ENC097-002796,2025-03-30,sur,telefono,1,1,3,2.4
ENC097-002797,2025-03-30,norte,telefono,1,0,,1.6
ENC097-002798,2025-03-30,centro,telefono,1,1,3,4.0
ENC097-002799,2025-03-30,sur,web,1,0,,2.4
ENC097-002800,2025-03-30,norte,telefono,1,1,3,1.6
ENC097-002801,2025-03-30,centro,web,1,0,,4.0
ENC097-002802,2025-03-31,sur,telefono,1,1,5,2.4
ENC097-002803,2025-03-31,norte,web,1,1,5,1.6
ENC097-002804,2025-03-31,centro,telefono,1,1,1,4.0
ENC097-002805,2025-03-31,sur,telefono,1,1,3,2.4
ENC097-002806,2025-03-31,norte,web,1,1,5,1.6
ENC097-002807,2025-03-31,centro,web,1,0,,4.0
ENC097-002808,2025-03-31,sur,web,1,1,4,2.4
ENC097-002809,2025-04-01,norte,web,1,1,4,1.6
ENC097-002810,2025-04-01,centro,telefono,1,0,,4.0
ENC097-002811,2025-04-01,sur,telefono,1,0,,2.4
ENC097-002812,2025-04-01,norte,web,1,1,4,1.6
ENC097-002813,2025-04-01,centro,telefono,1,1,3,4.0
ENC097-002814,2025-04-01, SUR ,web,1,1,4,2.4
ENC097-002815,2025-04-02,norte,web,1,1,2,1.6
ENC097-002816,2025-04-02,centro,telefono,1,0,,4.0
ENC097-002817,2025-04-02,sur,telefono,1,1,3,2.4
ENC097-002818,2025-04-02,norte,web,1,1,4,1.6
ENC097-002819,2025-04-02,centro,web,1,0,,4.0
ENC097-002820,2025-04-02,sur,web,1,1,3,2.4
ENC097-002821,2025-04-03,norte,web,1,1,4,1.6
ENC097-002822,2025-04-03,centro,web,1,1,5,4.0
ENC097-002823,2025-04-03,sur,telefono,1,1,,2.4
ENC097-002824,2025-04-03,norte,web,1,1,4,1.6
ENC097-002825,2025-04-03,centro,telefono,1,0,,4.0
ENC097-002826,2025-04-03,sur,web,1,0,,2.4
ENC097-002827,2025-04-04,norte,web,1,1,4,1.6
ENC097-002828,2025-04-04,centro,web,1,1,4,4.0
ENC097-002829,2025-04-04,sur,web,1,1,4,2.4
ENC097-002830,2025-04-04,norte,web,1,1,4,1.6
ENC097-002831,2025-04-04,centro,web,1,0,,4.0
ENC097-002832,2025-04-04,sur,web,1,1,3,2.4
ENC097-002833,2025-04-05,norte,telefono,1,0,,1.6
ENC097-002834,2025-04-05,centro,telefono,1,1,3,4.0
ENC097-002835,2025-04-05,sur,web,1,0,,2.4
ENC097-002836,2025-04-05,norte,telefono,1,1,2,1.6
ENC097-002837,2025-04-05,centro,web,1,1,3,4.0
ENC097-002838,2025-04-05,sur,web,1,0,,2.4
ENC097-002839,2025-04-06,norte,telefono,1,0,,1.6
ENC097-002840,2025-04-06,centro,telefono,1,1,3,4.0
ENC097-002841,2025-04-06,sur,telefono,1,1,2,2.4
ENC097-002842,2025-04-06,norte,web,1,0,,1.6
ENC097-002843,2025-04-06,centro,web,1,1,1,4.0
ENC097-002844,2025-04-06,sur,web,1,1,5,2.4
ENC097-002845,2025-04-06,norte,web,1,0,,1.6
ENC097-002846,2025-04-07,centro,web,1,1,3,4.0
ENC097-002847,2025-04-07,sur,telefono,1,1,2,2.4
ENC097-002848,2025-04-07,norte,web,1,0,,1.6
ENC097-002849,2025-04-07,centro,telefono,1,0,,4.0
ENC097-002850,2025-04-07,sur,telefono,1,1,3,2.4
ENC097-002851,2025-04-07,norte,web,1,1,3,1.6
ENC097-002852,2025-04-08,centro,web,1,1,3,4.0
ENC097-002853,2025-04-08,sur,telefono,1,1,5,2.4
ENC097-002854,2025-04-08,norte,telefono,1,1,4,1.6
ENC097-002855,2025-04-08,centro,web,1,1,3,4.0
ENC097-002856,2025-04-08,sur,telefono,1,0,,2.4
ENC097-002857,2025-04-08,norte,web,1,1,5,1.6
ENC097-002858,2025-04-09,centro,web,1,1,1,4.0
ENC097-002859,2025-04-09,sur,telefono,1,0,,2.4
ENC097-002860,2025-04-09,norte,web,1,0,,1.6
ENC097-002861,2025-04-09,centro,web,1,0,,4.0
ENC097-002862,2025-04-09,sur,telefono,1,1,4,2.4
ENC097-002863,2025-04-09,norte,web,1,1,3,1.6
ENC097-002864,2025-04-10,centro,web,1,1,3,4.0
ENC097-002865,2025-04-10,sur,web,1,1,3,2.4
ENC097-002866,2025-04-10,norte,telefono,1,1,3,1.6
ENC097-002867,2025-04-10,centro,web,1,0,,4.0
ENC097-002868,2025-04-10,sur,telefono,1,0,,2.4
ENC097-002869,2025-04-10,norte,web,1,1,4,1.6
ENC097-002870,2025-04-11,centro,web,1,0,,4.0
ENC097-002871,2025-04-11,sur,telefono,1,1,4,2.4
ENC097-002872,2025-04-11,norte,telefono,1,1,3,1.6
ENC097-002873,2025-04-11,centro,telefono,1,1,4,4.0
ENC097-002874,2025-04-11,sur,web,1,1,4,2.4
ENC097-002875,2025-04-11,norte,telefono,1,0,,1.6
ENC097-002876,2025-04-12,centro,telefono,1,1,3,4.0
ENC097-002877,2025-04-12,sur,web,1,0,,2.4
ENC097-002878,2025-04-12,norte,web,1,1,4,1.6
ENC097-002879,2025-04-12,centro,telefono,1,0,,4.0
ENC097-002880,2025-04-12,sur,telefono,1,1,3,2.4
ENC097-002881,2025-04-12,norte,telefono,1,0,,1.6
ENC097-002882,2025-04-13,centro,telefono,1,0,,4.0
ENC097-002883,2025-04-13,sur,web,1,0,,2.4
ENC097-002884,2025-04-13,norte,telefono,1,1,4,1.6
ENC097-002885,2025-04-13,centro,web,1,0,,4.0
ENC097-002886,2025-04-13,sur,web,1,1,2,2.4
ENC097-002887,2025-04-13,norte,web,1,1,2,1.6
ENC097-002888,2025-04-13,centro,telefono,1,1,5,4.0
ENC097-002889,2025-04-14,sur,web,1,1,4,2.4
ENC097-002890,2025-04-14,norte,telefono,1,1,4,1.6
ENC097-002891,2025-04-14,centro,web,1,0,,4.0
ENC097-002892,2025-04-14,sur,telefono,1,0,,2.4
ENC097-002893,2025-04-14,norte,web,1,1,4,1.6
ENC097-002894,2025-04-14,centro,telefono,1,0,,4.0
ENC097-002895,2025-04-15,sur,web,1,1,4,2.4
ENC097-002896,2025-04-15,norte,telefono,1,1,4,1.6
ENC097-002897,2025-04-15,centro,web,1,1,2,4.0
ENC097-002898,2025-04-15,sur,web,1,0,,2.4
ENC097-002899,2025-04-15,norte,web,1,1,2,1.6
ENC097-002900,2025-04-15,centro,web,1,0,,4.0
ENC097-002901,2025-04-16,sur,telefono,1,1,4,2.4
ENC097-002902,2025-04-16,norte,web,1,1,4,1.6
ENC097-002903,2025-04-16,centro,web,1,1,4,4.0
ENC097-002904,2025-04-16,sur,telefono,1,1,3,2.4
ENC097-002905,2025-04-16,norte,telefono,1,1,3,1.6
ENC097-002906,2025-04-16,centro,telefono,1,0,,4.0
ENC097-002907,2025-04-17,sur,telefono,1,1,3,2.4
ENC097-002908,2025-04-17,norte,telefono,1,0,,1.6
ENC097-002909,2025-04-17,centro,web,1,0,,4.0
ENC097-002910,2025-04-17,sur,telefono,1,1,3,2.4
ENC097-002911,2025-04-17, NORTE ,web,1,1,3,1.6
ENC097-002912,2025-04-17,centro,telefono,1,1,3,4.0
ENC097-002913,2025-04-18,sur,web,1,0,,2.4
ENC097-002914,2025-04-18,norte,web,1,1,3,1.6
ENC097-002915,2025-04-18,centro,telefono,1,0,,4.0
ENC097-002916,2025-04-18,sur,telefono,1,1,4,2.4
ENC097-002917,2025-04-18,norte,telefono,1,1,5,1.6
ENC097-002918,2025-04-18,centro,web,1,0,,4.0
ENC097-002919,2025-04-19,sur,telefono,1,1,4,2.4
ENC097-002920,2025-04-19,norte,web,1,1,4,1.6
ENC097-002921,2025-04-19,centro,telefono,1,0,,4.0
ENC097-002922,2025-04-19,sur,web,1,0,,2.4
ENC097-002923,2025-04-19,norte,web,1,1,3,1.6
ENC097-002924,2025-04-19,centro,telefono,1,0,,4.0
ENC097-002925,2025-04-19,sur,telefono,1,1,4,2.4
ENC097-002926,2025-04-20,norte,telefono,1,1,5,1.6
ENC097-002927,2025-04-20,centro,web,1,0,,4.0
ENC097-002928,2025-04-20,sur,web,1,0,,2.4
ENC097-002929,2025-04-20,norte,web,1,1,4,1.6
ENC097-002930,2025-04-20,centro,telefono,1,0,,4.0
ENC097-002931,2025-04-20,sur,telefono,1,1,4,2.4
ENC097-002932,2025-04-21,norte,web,1,1,5,1.6
ENC097-002933,2025-04-21,centro,web,1,1,2,4.0
ENC097-002934,2025-04-21,sur,telefono,1,0,,2.4
ENC097-002935,2025-04-21,norte,telefono,1,0,,1.6
ENC097-002936,2025-04-21,centro,telefono,1,0,,4.0
ENC097-002937,2025-04-21,sur,web,1,1,4,2.4
ENC097-002938,2025-04-22,norte,telefono,1,0,,1.6
ENC097-002939,2025-04-22,centro,telefono,1,0,,4.0
ENC097-002940,2025-04-22,sur,telefono,1,1,3,2.4
ENC097-002941,2025-04-22,norte,telefono,1,1,3,1.6
ENC097-002942,2025-04-22,centro,telefono,1,1,1,4.0
ENC097-002943,2025-04-22,sur,web,1,1,5,2.4
ENC097-002944,2025-04-23,norte,telefono,1,1,3,1.6
ENC097-002945,2025-04-23,centro,telefono,1,1,3,4.0
ENC097-002946,2025-04-23,sur,web,1,1,3,2.4
ENC097-002947,2025-04-23,norte,web,1,1,4,1.6
ENC097-002948,2025-04-23,centro,web,1,0,,4.0
ENC097-002949,2025-04-23,sur,telefono,1,1,3,2.4
ENC097-002950,2025-04-24,norte,telefono,1,1,3,1.6
ENC097-002951,2025-04-24,centro,telefono,1,0,,4.0
ENC097-002952,2025-04-24,sur,telefono,1,0,,2.4
ENC097-002953,2025-04-24,norte,telefono,1,1,5,1.6
ENC097-002954,2025-04-24,centro,telefono,1,1,4,4.0
ENC097-002955,2025-04-24,sur,telefono,1,1,3,2.4
ENC097-002956,2025-04-25,norte,telefono,1,1,3,1.6
ENC097-002957,2025-04-25,centro,web,1,1,4,4.0
ENC097-002958,2025-04-25,sur,web,1,0,,2.4
ENC097-002959,2025-04-25,norte,web,1,1,3,1.6
ENC097-002960,2025-04-25,centro,web,1,1,2,4.0
ENC097-002961,2025-04-25,sur,web,1,1,3,2.4
ENC097-002962,2025-04-25,norte,telefono,1,1,4,1.6
ENC097-002963,2025-04-26,centro,telefono,1,1,3,4.0
ENC097-002964,2025-04-26,sur,telefono,1,1,4,2.4
ENC097-002965,2025-04-26,norte,web,1,0,,1.6
ENC097-002966,2025-04-26,centro,telefono,1,0,,4.0
ENC097-002967,2025-04-26,sur,telefono,1,1,2,2.4
ENC097-002968,2025-04-26,norte,web,1,1,5,1.6
ENC097-002969,2025-04-27,centro,web,1,0,,4.0
ENC097-002970,2025-04-27,sur,telefono,1,0,,2.4
ENC097-002971,2025-04-27,norte,web,1,0,,1.6
ENC097-002972,2025-04-27,centro,web,1,0,,4.0
ENC097-002973,2025-04-27,sur,telefono,1,1,3,2.4
ENC097-002974,2025-04-27,norte,web,1,1,4,1.6
ENC097-002975,2025-04-28,centro,telefono,1,0,,4.0
ENC097-002976,2025-04-28,sur,web,1,0,,2.4
ENC097-002977,2025-04-28,norte,telefono,1,1,2,1.6
ENC097-002978,2025-04-28,centro,web,1,0,,4.0
ENC097-002979,2025-04-28,sur,telefono,1,1,3,2.4
ENC097-002980,2025-04-28,norte,web,1,0,,1.6
ENC097-002981,2025-04-29,centro,telefono,1,1,3,4.0
ENC097-002982,2025-04-29,sur,web,1,0,,2.4
ENC097-002983,2025-04-29,norte,web,1,1,5,1.6
ENC097-002984,2025-04-29,centro,telefono,1,0,,4.0
ENC097-002985,2025-04-29,sur,web,1,0,,2.4
ENC097-002986,2025-04-29,norte,telefono,1,1,3,1.6
ENC097-002987,2025-04-30,centro,web,1,0,,4.0
ENC097-002988,2025-04-30,sur,telefono,1,1,4,2.4
ENC097-002989,2025-04-30,norte,telefono,1,1,,1.6
ENC097-002990,2025-04-30,centro,web,1,0,,4.0
ENC097-002991,2025-04-30,sur,telefono,1,1,4,2.4
ENC097-002992,2025-04-30,norte,telefono,1,1,4,1.6
ENC097-002993,2025-05-01,centro,web,1,1,2,4.0
ENC097-002994,2025-05-01,sur,web,1,0,,2.4
ENC097-002995,2025-05-01,norte,telefono,1,0,,1.6
ENC097-002996,2025-05-01,centro,web,1,0,,4.0
ENC097-002997,2025-05-01,sur,web,1,1,5,2.4
ENC097-002998,2025-05-01,norte,web,1,0,,1.6
ENC097-002999,2025-05-02,centro,telefono,1,0,,4.0
ENC097-003000,2025-05-02,sur,web,1,1,4,2.4
ENC097-003001,2025-05-02,norte,telefono,1,1,5,1.6
ENC097-003002,2025-05-02,centro,telefono,1,0,,4.0
ENC097-003003,2025-05-02,sur,web,1,0,,2.4
ENC097-003004,2025-05-02,norte,telefono,1,1,3,1.6
ENC097-003005,2025-05-02,centro,web,1,0,,4.0
ENC097-003006,2025-05-03,sur,web,1,1,4,2.4
ENC097-003007,2025-05-03,norte,web,1,0,,1.6
ENC097-003008,2025-05-03, CENTRO ,telefono,1,1,4,4.0
ENC097-003009,2025-05-03,sur,telefono,1,1,4,2.4
ENC097-003010,2025-05-03,norte,web,1,0,,1.6
ENC097-003011,2025-05-03,centro,web,1,1,4,4.0
ENC097-003012,2025-05-04,sur,web,1,0,,2.4
ENC097-003013,2025-05-04,norte,web,1,1,5,1.6
ENC097-003014,2025-05-04,centro,web,1,0,,4.0
ENC097-003015,2025-05-04,sur,web,1,1,2,2.4
ENC097-003016,2025-05-04,norte,web,1,1,5,1.6
ENC097-003017,2025-05-04,centro,web,1,0,,4.0
ENC097-003018,2025-05-05,sur,telefono,1,0,,2.4
ENC097-003019,2025-05-05,norte,web,1,1,5,1.6
ENC097-003020,2025-05-05,centro,telefono,1,0,,4.0
ENC097-003021,2025-05-05,sur,web,1,0,,2.4
ENC097-003022,2025-05-05,norte,telefono,1,1,4,1.6
ENC097-003023,2025-05-05,centro,web,1,1,3,4.0
ENC097-003024,2025-05-06,sur,web,1,1,5,2.4
ENC097-003025,2025-05-06,norte,web,1,1,5,1.6
ENC097-003026,2025-05-06,centro,web,1,0,,4.0
ENC097-003027,2025-05-06,sur,web,1,1,3,2.4
ENC097-003028,2025-05-06,norte,telefono,1,0,,1.6
ENC097-003029,2025-05-06,centro,web,1,1,4,4.0
ENC097-003030,2025-05-07,sur,web,1,1,4,2.4
ENC097-003031,2025-05-07,norte,telefono,1,1,5,1.6
ENC097-003032,2025-05-07,centro,web,1,1,4,4.0
ENC097-003033,2025-05-07,sur,telefono,1,0,,2.4
ENC097-003034,2025-05-07,norte,web,1,1,4,1.6
ENC097-003035,2025-05-07,centro,telefono,1,1,4,4.0
ENC097-003036,2025-05-08,sur,telefono,1,0,,2.4
ENC097-003037,2025-05-08,norte,web,1,1,2,1.6
ENC097-003038,2025-05-08,centro,web,1,0,,4.0
ENC097-003039,2025-05-08,sur,telefono,1,0,,2.4
ENC097-003040,2025-05-08,norte,web,1,1,3,1.6
ENC097-003041,2025-05-08,centro,web,1,0,,4.0
ENC097-003042,2025-05-08,sur,web,1,0,,2.4
ENC097-003043,2025-05-09,norte,web,1,1,4,1.6
ENC097-003044,2025-05-09,centro,telefono,1,0,,4.0
ENC097-003045,2025-05-09,sur,telefono,1,0,,2.4
ENC097-003046,2025-05-09,norte,telefono,1,1,1,1.6
ENC097-003047,2025-05-09,centro,telefono,1,0,,4.0
ENC097-003048,2025-05-09,sur,web,1,1,5,2.4
ENC097-003049,2025-05-10,norte,telefono,1,1,4,1.6
ENC097-003050,2025-05-10,centro,web,1,1,3,4.0
ENC097-003051,2025-05-10,sur,web,1,1,3,2.4
ENC097-003052,2025-05-10,norte,web,1,1,4,1.6
ENC097-003053,2025-05-10,centro,web,1,0,,4.0
ENC097-003054,2025-05-10,sur,telefono,1,1,3,2.4
ENC097-003055,2025-05-11,norte,telefono,1,1,5,1.6
ENC097-003056,2025-05-11,centro,telefono,1,0,,4.0
ENC097-003057,2025-05-11,sur,web,1,1,4,2.4
ENC097-003058,2025-05-11,norte,web,1,1,5,1.6
ENC097-003059,2025-05-11,centro,telefono,1,1,4,4.0
ENC097-003060,2025-05-11,sur,telefono,1,1,5,2.4
ENC097-003061,2025-05-12,norte,telefono,1,1,3,1.6
ENC097-003062,2025-05-12,centro,telefono,1,0,,4.0
ENC097-003063,2025-05-12,sur,telefono,1,1,5,2.4
ENC097-003064,2025-05-12,norte,web,1,1,5,1.6
ENC097-003065,2025-05-12,centro,web,1,1,4,4.0
ENC097-003066,2025-05-12,sur,telefono,1,0,,2.4
ENC097-003067,2025-05-13,norte,web,1,1,5,1.6
ENC097-003068,2025-05-13,centro,telefono,1,0,,4.0
ENC097-003069,2025-05-13,sur,web,1,1,3,2.4
ENC097-003070,2025-05-13,norte,web,1,1,5,1.6
ENC097-003071,2025-05-13,centro,telefono,1,0,,4.0
ENC097-003072,2025-05-13,sur,web,1,1,,2.4
ENC097-003073,2025-05-14,norte,telefono,1,1,3,1.6
ENC097-003074,2025-05-14,centro,telefono,1,0,,4.0
ENC097-003075,2025-05-14,sur,telefono,1,1,3,2.4
ENC097-003076,2025-05-14,norte,telefono,1,1,3,1.6
ENC097-003077,2025-05-14,centro,telefono,1,1,3,4.0
ENC097-003078,2025-05-14,sur,telefono,1,1,4,2.4
ENC097-003079,2025-05-15,norte,web,1,1,3,1.6
ENC097-003080,2025-05-15,centro,telefono,1,0,,4.0
ENC097-003081,2025-05-15,sur,telefono,1,1,3,2.4
ENC097-003082,2025-05-15,norte,telefono,1,1,5,1.6
ENC097-003083,2025-05-15,centro,web,1,1,3,4.0
ENC097-003084,2025-05-15,sur,telefono,1,1,3,2.4
ENC097-003085,2025-05-15,norte,telefono,1,0,,1.6
ENC097-003086,2025-05-16,centro,web,1,1,4,4.0
ENC097-003087,2025-05-16,sur,telefono,1,1,4,2.4
ENC097-003088,2025-05-16,norte,web,1,1,4,1.6
ENC097-003089,2025-05-16,centro,web,1,1,3,4.0
ENC097-003090,2025-05-16,sur,telefono,1,0,,2.4
ENC097-003091,2025-05-16,norte,telefono,1,1,3,1.6
ENC097-003092,2025-05-17,centro,telefono,1,0,,4.0
ENC097-003093,2025-05-17,sur,web,1,1,2,2.4
ENC097-003094,2025-05-17,norte,telefono,1,0,,1.6
ENC097-003095,2025-05-17,centro,telefono,1,0,,4.0
ENC097-003096,2025-05-17,sur,web,1,1,4,2.4
ENC097-003097,2025-05-17,norte,web,1,1,5,1.6
ENC097-003098,2025-05-18,centro,web,1,0,,4.0
ENC097-003099,2025-05-18,sur,telefono,1,1,5,2.4
ENC097-003100,2025-05-18,norte,telefono,1,0,,1.6
ENC097-003101,2025-05-18,centro,web,1,0,,4.0
ENC097-003102,2025-05-18,sur,telefono,1,1,4,2.4
ENC097-003103,2025-05-18,norte,telefono,1,0,,1.6
ENC097-003104,2025-05-19,centro,telefono,1,0,,4.0
ENC097-003105,2025-05-19, SUR ,web,1,1,2,2.4
ENC097-003106,2025-05-19,norte,web,1,1,3,1.6
ENC097-003107,2025-05-19,centro,telefono,1,0,,4.0
ENC097-003108,2025-05-19,sur,telefono,1,1,5,2.4
ENC097-003109,2025-05-19,norte,web,1,1,4,1.6
ENC097-003110,2025-05-20,centro,telefono,1,0,,4.0
ENC097-003111,2025-05-20,sur,web,1,0,,2.4
ENC097-003112,2025-05-20,norte,web,1,1,4,1.6
ENC097-003113,2025-05-20,centro,web,1,0,,4.0
ENC097-003114,2025-05-20,sur,web,1,1,4,2.4
ENC097-003115,2025-05-20,norte,telefono,1,0,,1.6
ENC097-003116,2025-05-21,centro,web,1,1,3,4.0
ENC097-003117,2025-05-21,sur,web,1,1,3,2.4
ENC097-003118,2025-05-21,norte,web,1,0,,1.6
ENC097-003119,2025-05-21,centro,telefono,1,0,,4.0
ENC097-003120,2025-05-21,sur,web,1,1,3,2.4
ENC097-003121,2025-05-21,norte,telefono,1,1,3,1.6
ENC097-003122,2025-05-21,centro,web,1,0,,4.0
ENC097-003123,2025-05-22,sur,telefono,1,1,3,2.4
ENC097-003124,2025-05-22,norte,web,1,1,3,1.6
ENC097-003125,2025-05-22,centro,telefono,1,0,,4.0
ENC097-003126,2025-05-22,sur,telefono,1,1,4,2.4
ENC097-003127,2025-05-22,norte,telefono,1,1,3,1.6
ENC097-003128,2025-05-22,centro,telefono,1,1,4,4.0
ENC097-003129,2025-05-23,sur,web,1,1,5,2.4
ENC097-003130,2025-05-23,norte,telefono,1,0,,1.6
ENC097-003131,2025-05-23,centro,web,1,0,,4.0
ENC097-003132,2025-05-23,sur,web,1,1,4,2.4
ENC097-003133,2025-05-23,norte,telefono,1,0,,1.6
ENC097-003134,2025-05-23,centro,telefono,1,1,4,4.0
ENC097-003135,2025-05-24,sur,web,1,0,,2.4
ENC097-003136,2025-05-24,norte,web,1,1,4,1.6
ENC097-003137,2025-05-24,centro,web,1,0,,4.0
ENC097-003138,2025-05-24,sur,telefono,1,1,5,2.4
ENC097-003139,2025-05-24,norte,telefono,1,1,3,1.6
ENC097-003140,2025-05-24,centro,web,1,1,1,4.0
ENC097-003141,2025-05-25,sur,telefono,1,0,,2.4
ENC097-003142,2025-05-25,norte,telefono,1,1,4,1.6
ENC097-003143,2025-05-25,centro,web,1,0,,4.0
ENC097-003144,2025-05-25,sur,telefono,1,1,4,2.4
ENC097-003145,2025-05-25,norte,web,1,1,5,1.6
ENC097-003146,2025-05-25,centro,web,1,0,,4.0
ENC097-003147,2025-05-26,sur,telefono,1,1,4,2.4
ENC097-003148,2025-05-26,norte,telefono,1,1,2,1.6
ENC097-003149,2025-05-26,centro,web,1,1,3,4.0
ENC097-003150,2025-05-26,sur,telefono,1,1,3,2.4
ENC097-003151,2025-05-26,norte,web,1,1,3,1.6
ENC097-003152,2025-05-26,centro,telefono,1,1,3,4.0
ENC097-003153,2025-05-27,sur,telefono,1,1,4,2.4
ENC097-003154,2025-05-27,norte,telefono,1,1,5,1.6
ENC097-003155,2025-05-27,centro,web,1,1,,4.0
ENC097-003156,2025-05-27,sur,telefono,1,1,1,2.4
ENC097-003157,2025-05-27,norte,web,1,0,,1.6
ENC097-003158,2025-05-27,centro,telefono,1,0,,4.0
ENC097-003159,2025-05-27,sur,web,1,0,,2.4
ENC097-003160,2025-05-28,norte,web,1,1,3,1.6
ENC097-003161,2025-05-28,centro,telefono,1,0,,4.0
ENC097-003162,2025-05-28,sur,web,1,1,5,2.4
ENC097-003163,2025-05-28,norte,web,1,1,3,1.6
ENC097-003164,2025-05-28,centro,telefono,1,1,1,4.0
ENC097-003165,2025-05-28,sur,web,1,1,3,2.4
ENC097-003166,2025-05-29,norte,telefono,1,1,4,1.6
ENC097-003167,2025-05-29,centro,web,1,1,2,4.0
ENC097-003168,2025-05-29,sur,telefono,1,0,,2.4
ENC097-003169,2025-05-29,norte,telefono,1,1,5,1.6
ENC097-003170,2025-05-29,centro,telefono,1,1,4,4.0
ENC097-003171,2025-05-29,sur,telefono,1,0,,2.4
ENC097-003172,2025-05-30,norte,telefono,1,0,,1.6
ENC097-003173,2025-05-30,centro,web,1,0,,4.0
ENC097-003174,2025-05-30,sur,web,1,1,4,2.4
ENC097-003175,2025-05-30,norte,telefono,1,0,,1.6
ENC097-003176,2025-05-30,centro,web,1,1,3,4.0
ENC097-003177,2025-05-30,sur,telefono,1,1,4,2.4
ENC097-003178,2025-05-31,norte,telefono,1,1,4,1.6
ENC097-003179,2025-05-31,centro,web,1,0,,4.0
ENC097-003180,2025-05-31,sur,web,1,0,,2.4
ENC097-003181,2025-05-31,norte,web,1,1,4,1.6
ENC097-003182,2025-05-31,centro,telefono,1,1,3,4.0
ENC097-003183,2025-05-31,sur,telefono,1,1,4,2.4
ENC097-003184,2025-06-01,norte,telefono,1,0,,1.6
ENC097-003185,2025-06-01,centro,telefono,1,0,,4.0
ENC097-003186,2025-06-01,sur,web,1,0,,2.4
ENC097-003187,2025-06-01,norte,web,1,0,,1.6
ENC097-003188,2025-06-01,centro,web,1,0,,4.0
ENC097-003189,2025-06-01,sur,telefono,1,1,3,2.4
ENC097-003190,2025-06-02,norte,telefono,1,1,5,1.6
ENC097-003191,2025-06-02,centro,telefono,1,0,,4.0
ENC097-003192,2025-06-02,sur,telefono,1,1,4,2.4
ENC097-003193,2025-06-02,norte,telefono,1,1,3,1.6
ENC097-003194,2025-06-02,centro,web,1,1,3,4.0
ENC097-003195,2025-06-02,sur,web,1,1,5,2.4
ENC097-003196,2025-06-03,norte,web,1,1,3,1.6
ENC097-003197,2025-06-03,centro,telefono,1,1,4,4.0
ENC097-003198,2025-06-03,sur,telefono,1,1,4,2.4
ENC097-003199,2025-06-03,norte,web,1,1,4,1.6
ENC097-003200,2025-06-03,centro,web,1,0,,4.0
ENC097-003201,2025-06-03,sur,web,1,1,3,2.4
ENC097-003202,2025-06-03, NORTE ,web,1,1,5,1.6
ENC097-003203,2025-06-04,centro,web,1,1,4,4.0
ENC097-003204,2025-06-04,sur,web,1,1,2,2.4
ENC097-003205,2025-06-04,norte,web,1,1,4,1.6
ENC097-003206,2025-06-04,centro,telefono,1,0,,4.0
ENC097-003207,2025-06-04,sur,telefono,1,0,,2.4
ENC097-003208,2025-06-04,norte,web,1,1,3,1.6
ENC097-003209,2025-06-05,centro,telefono,1,0,,4.0
ENC097-003210,2025-06-05,sur,web,1,1,3,2.4
ENC097-003211,2025-06-05,norte,telefono,1,1,5,1.6
ENC097-003212,2025-06-05,centro,web,1,0,,4.0
ENC097-003213,2025-06-05,sur,web,1,0,,2.4
ENC097-003214,2025-06-05,norte,web,1,1,5,1.6
ENC097-003215,2025-06-06,centro,telefono,1,1,4,4.0
ENC097-003216,2025-06-06,sur,web,1,0,,2.4
ENC097-003217,2025-06-06,norte,telefono,1,1,4,1.6
ENC097-003218,2025-06-06,centro,telefono,1,0,,4.0
ENC097-003219,2025-06-06,sur,telefono,1,1,2,2.4
ENC097-003220,2025-06-06,norte,telefono,1,1,3,1.6
ENC097-003221,2025-06-07,centro,web,1,0,,4.0
ENC097-003222,2025-06-07,sur,web,1,0,,2.4
ENC097-003223,2025-06-07,norte,web,1,1,4,1.6
ENC097-003224,2025-06-07,centro,web,1,0,,4.0
ENC097-003225,2025-06-07,sur,telefono,1,1,1,2.4
ENC097-003226,2025-06-07,norte,web,1,1,5,1.6
ENC097-003227,2025-06-08,centro,telefono,1,0,,4.0
ENC097-003228,2025-06-08,sur,web,1,0,,2.4
ENC097-003229,2025-06-08,norte,web,1,0,,1.6
ENC097-003230,2025-06-08,centro,telefono,1,1,3,4.0
ENC097-003231,2025-06-08,sur,web,1,1,4,2.4
ENC097-003232,2025-06-08,norte,web,1,1,3,1.6
ENC097-003233,2025-06-09,centro,web,1,1,3,4.0
ENC097-003234,2025-06-09,sur,telefono,1,1,5,2.4
ENC097-003235,2025-06-09,norte,web,1,1,3,1.6
ENC097-003236,2025-06-09,centro,telefono,1,0,,4.0
ENC097-003237,2025-06-09,sur,telefono,1,1,2,2.4
ENC097-003238,2025-06-09,norte,web,1,1,,1.6
ENC097-003239,2025-06-09,centro,web,1,0,,4.0
ENC097-003240,2025-06-10,sur,telefono,1,1,4,2.4
ENC097-003241,2025-06-10,norte,telefono,1,1,4,1.6
ENC097-003242,2025-06-10,centro,telefono,1,1,3,4.0
ENC097-003243,2025-06-10,sur,telefono,1,0,,2.4
ENC097-003244,2025-06-10,norte,web,1,1,4,1.6
ENC097-003245,2025-06-10,centro,telefono,1,0,,4.0
ENC097-003246,2025-06-11,sur,web,1,1,5,2.4
ENC097-003247,2025-06-11,norte,web,1,1,5,1.6
ENC097-003248,2025-06-11,centro,web,1,1,1,4.0
ENC097-003249,2025-06-11,sur,web,1,1,3,2.4
ENC097-003250,2025-06-11,norte,telefono,1,1,3,1.6
ENC097-003251,2025-06-11,centro,telefono,1,1,2,4.0
ENC097-003252,2025-06-12,sur,telefono,1,0,,2.4
ENC097-003253,2025-06-12,norte,telefono,1,0,,1.6
ENC097-003254,2025-06-12,centro,telefono,1,0,,4.0
ENC097-003255,2025-06-12,sur,web,1,1,4,2.4
ENC097-003256,2025-06-12,norte,telefono,1,1,3,1.6
ENC097-003257,2025-06-12,centro,web,1,1,3,4.0
ENC097-003258,2025-06-13,sur,web,1,1,4,2.4
ENC097-003259,2025-06-13,norte,telefono,1,0,,1.6
ENC097-003260,2025-06-13,centro,telefono,1,0,,4.0
ENC097-003261,2025-06-13,sur,web,1,0,,2.4
ENC097-003262,2025-06-13,norte,telefono,1,1,4,1.6
ENC097-003263,2025-06-13,centro,web,1,1,1,4.0
ENC097-003264,2025-06-14,sur,web,1,1,5,2.4
ENC097-003265,2025-06-14,norte,telefono,1,1,4,1.6
ENC097-003266,2025-06-14,centro,telefono,1,0,,4.0
ENC097-003267,2025-06-14,sur,telefono,1,1,3,2.4
ENC097-003268,2025-06-14,norte,telefono,1,1,4,1.6
ENC097-003269,2025-06-14,centro,telefono,1,1,2,4.0
ENC097-003270,2025-06-15,sur,telefono,1,1,3,2.4
ENC097-003271,2025-06-15,norte,telefono,1,1,5,1.6
ENC097-003272,2025-06-15,centro,web,1,1,4,4.0
ENC097-003273,2025-06-15,sur,telefono,1,1,5,2.4
ENC097-003274,2025-06-15,norte,web,1,0,,1.6
ENC097-003275,2025-06-15,centro,web,1,1,3,4.0
ENC097-003276,2025-06-16,sur,telefono,1,1,3,2.4
ENC097-003277,2025-06-16,norte,web,1,1,4,1.6
ENC097-003278,2025-06-16,centro,web,1,1,3,4.0
ENC097-003279,2025-06-16,sur,telefono,1,1,5,2.4
ENC097-003280,2025-06-16,norte,web,1,1,4,1.6
ENC097-003281,2025-06-16,centro,telefono,1,0,,4.0
ENC097-003282,2025-06-16,sur,web,1,1,2,2.4
ENC097-003283,2025-06-17,norte,web,1,1,4,1.6
ENC097-003284,2025-06-17,centro,web,1,1,3,4.0
ENC097-003285,2025-06-17,sur,telefono,1,0,,2.4
ENC097-003286,2025-06-17,norte,telefono,1,1,3,1.6
ENC097-003287,2025-06-17,centro,web,1,0,,4.0
ENC097-003288,2025-06-17,sur,telefono,1,1,3,2.4
ENC097-003289,2025-06-18,norte,telefono,1,0,,1.6
ENC097-003290,2025-06-18,centro,web,1,1,1,4.0
ENC097-003291,2025-06-18,sur,telefono,1,1,4,2.4
ENC097-003292,2025-06-18,norte,web,1,1,4,1.6
ENC097-003293,2025-06-18,centro,web,1,0,,4.0
ENC097-003294,2025-06-18,sur,telefono,1,0,,2.4
ENC097-003295,2025-06-19,norte,telefono,1,1,3,1.6
ENC097-003296,2025-06-19,centro,telefono,1,0,,4.0
ENC097-003297,2025-06-19,sur,telefono,1,0,,2.4
ENC097-003298,2025-06-19,norte,web,1,1,3,1.6
ENC097-003299,2025-06-19, CENTRO ,web,1,1,3,4.0
ENC097-003300,2025-06-19,sur,telefono,1,0,,2.4
ENC097-003301,2025-06-20,norte,telefono,1,1,5,1.6
ENC097-003302,2025-06-20,centro,web,1,1,4,4.0
ENC097-003303,2025-06-20,sur,telefono,1,1,5,2.4
ENC097-003304,2025-06-20,norte,web,1,1,5,1.6
ENC097-003305,2025-06-20,centro,web,1,0,,4.0
ENC097-003306,2025-06-20,sur,telefono,1,1,4,2.4
ENC097-003307,2025-06-21,norte,telefono,1,0,,1.6
ENC097-003308,2025-06-21,centro,web,1,1,1,4.0
ENC097-003309,2025-06-21,sur,telefono,1,1,5,2.4
ENC097-003310,2025-06-21,norte,telefono,1,1,5,1.6
ENC097-003311,2025-06-21,centro,web,1,0,,4.0
ENC097-003312,2025-06-21,sur,web,1,0,,2.4
ENC097-003313,2025-06-22,norte,telefono,1,1,4,1.6
ENC097-003314,2025-06-22,centro,web,1,0,,4.0
ENC097-003315,2025-06-22,sur,telefono,1,0,,2.4
ENC097-003316,2025-06-22,norte,telefono,1,1,4,1.6
ENC097-003317,2025-06-22,centro,web,1,0,,4.0
ENC097-003318,2025-06-22,sur,telefono,1,0,,2.4
ENC097-003319,2025-06-22,norte,telefono,1,1,4,1.6
ENC097-003320,2025-06-23,centro,telefono,1,0,,4.0
ENC097-003321,2025-06-23,sur,telefono,1,1,,2.4
ENC097-003322,2025-06-23,norte,web,1,1,5,1.6
ENC097-003323,2025-06-23,centro,telefono,1,0,,4.0
ENC097-003324,2025-06-23,sur,telefono,1,0,,2.4
ENC097-003325,2025-06-23,norte,telefono,1,1,5,1.6
ENC097-003326,2025-06-24,centro,web,1,1,2,4.0
ENC097-003327,2025-06-24,sur,telefono,1,1,4,2.4
ENC097-003328,2025-06-24,norte,web,1,1,2,1.6
ENC097-003329,2025-06-24,centro,telefono,1,0,,4.0
ENC097-003330,2025-06-24,sur,web,1,0,,2.4
ENC097-003331,2025-06-24,norte,web,1,1,3,1.6
ENC097-003332,2025-06-25,centro,telefono,1,1,3,4.0
ENC097-003333,2025-06-25,sur,web,1,1,4,2.4
ENC097-003334,2025-06-25,norte,telefono,1,0,,1.6
ENC097-003335,2025-06-25,centro,web,1,1,2,4.0
ENC097-003336,2025-06-25,sur,web,1,0,,2.4
ENC097-003337,2025-06-25,norte,web,1,0,,1.6
ENC097-003338,2025-06-26,centro,telefono,1,1,2,4.0
ENC097-003339,2025-06-26,sur,web,1,1,5,2.4
ENC097-003340,2025-06-26,norte,telefono,1,0,,1.6
ENC097-003341,2025-06-26,centro,web,1,0,,4.0
ENC097-003342,2025-06-26,sur,web,1,1,4,2.4
ENC097-003343,2025-06-26,norte,web,1,0,,1.6
ENC097-003344,2025-06-27,centro,web,1,1,2,4.0
ENC097-003345,2025-06-27,sur,telefono,1,0,,2.4
ENC097-003346,2025-06-27,norte,telefono,1,1,3,1.6
ENC097-003347,2025-06-27,centro,telefono,1,1,2,4.0
ENC097-003348,2025-06-27,sur,telefono,1,1,3,2.4
ENC097-003349,2025-06-27,norte,telefono,1,1,4,1.6
ENC097-003350,2025-06-28,centro,web,1,0,,4.0
ENC097-003351,2025-06-28,sur,web,1,1,3,2.4
ENC097-003352,2025-06-28,norte,telefono,1,1,4,1.6
ENC097-003353,2025-06-28,centro,web,1,0,,4.0
ENC097-003354,2025-06-28,sur,web,1,1,4,2.4
ENC097-003355,2025-06-28,norte,web,1,1,3,1.6
ENC097-003356,2025-06-29,centro,telefono,1,1,3,4.0
ENC097-003357,2025-06-29,sur,telefono,1,1,4,2.4
ENC097-003358,2025-06-29,norte,telefono,1,1,3,1.6
ENC097-003359,2025-06-29,centro,telefono,1,0,,4.0
ENC097-003360,2025-06-29,sur,telefono,1,1,5,2.4
ENC097-003361,2025-06-29,norte,telefono,1,1,3,1.6
ENC097-003362,2025-06-29,centro,web,1,1,3,4.0
ENC097-003363,2025-06-30,sur,web,1,1,3,2.4
ENC097-003364,2025-06-30,norte,web,1,1,5,1.6
ENC097-003365,2025-06-30,centro,web,1,0,,4.0
ENC097-003366,2025-06-30,sur,telefono,1,1,2,2.4
ENC097-003367,2025-06-30,norte,telefono,1,0,,1.6
ENC097-003368,2025-06-30,centro,telefono,1,1,2,4.0
ENC097-003369,2025-07-01,sur,web,1,1,2,2.4
ENC097-003370,2025-07-01,norte,telefono,1,1,2,1.6
ENC097-003371,2025-07-01,centro,telefono,1,0,,4.0
ENC097-003372,2025-07-01,sur,web,1,1,5,2.4
ENC097-003373,2025-07-01,norte,web,1,1,4,1.6
ENC097-003374,2025-07-01,centro,telefono,1,0,,4.0
ENC097-003375,2025-07-02,sur,web,1,1,2,2.4
ENC097-003376,2025-07-02,norte,telefono,1,1,1,1.6
ENC097-003377,2025-07-02,centro,web,1,1,3,4.0
ENC097-003378,2025-07-02,sur,telefono,1,1,3,2.4
ENC097-003379,2025-07-02,norte,telefono,1,1,5,1.6
ENC097-003380,2025-07-02,centro,web,1,0,,4.0
ENC097-003381,2025-07-03,sur,web,1,1,5,2.4
ENC097-003382,2025-07-03,norte,telefono,1,0,,1.6
ENC097-003383,2025-07-03,centro,telefono,1,1,4,4.0
ENC097-003384,2025-07-03,sur,web,1,1,5,2.4
ENC097-003385,2025-07-03,norte,telefono,1,0,,1.6
ENC097-003386,2025-07-03,centro,web,1,0,,4.0
ENC097-003387,2025-07-04,sur,telefono,1,1,5,2.4
ENC097-003388,2025-07-04,norte,web,1,1,4,1.6
ENC097-003389,2025-07-04,centro,web,1,0,,4.0
ENC097-003390,2025-07-04,sur,web,1,0,,2.4
ENC097-003391,2025-07-04,norte,telefono,1,1,5,1.6
ENC097-003392,2025-07-04,centro,telefono,1,0,,4.0
ENC097-003393,2025-07-05,sur,web,1,0,,2.4
ENC097-003394,2025-07-05,norte,telefono,1,1,3,1.6
ENC097-003395,2025-07-05,centro,web,1,0,,4.0
ENC097-003396,2025-07-05, SUR ,telefono,1,1,4,2.4
ENC097-003397,2025-07-05,norte,telefono,1,1,4,1.6
ENC097-003398,2025-07-05,centro,telefono,1,1,2,4.0
ENC097-003399,2025-07-05,sur,web,1,1,5,2.4
ENC097-003400,2025-07-06,norte,telefono,1,1,2,1.6
ENC097-003401,2025-07-06,centro,web,1,0,,4.0
ENC097-003402,2025-07-06,sur,telefono,1,1,5,2.4
ENC097-003403,2025-07-06,norte,telefono,1,1,3,1.6
ENC097-003404,2025-07-06,centro,web,1,0,,4.0
ENC097-003405,2025-07-06,sur,web,1,1,4,2.4
ENC097-003406,2025-07-07,norte,telefono,1,0,,1.6
ENC097-003407,2025-07-07,centro,telefono,1,0,,4.0
ENC097-003408,2025-07-07,sur,telefono,1,1,5,2.4
ENC097-003409,2025-07-07,norte,telefono,1,0,,1.6
ENC097-003410,2025-07-07,centro,web,1,0,,4.0
ENC097-003411,2025-07-07,sur,telefono,1,1,5,2.4
ENC097-003412,2025-07-08,norte,telefono,1,1,5,1.6
ENC097-003413,2025-07-08,centro,telefono,1,1,3,4.0
ENC097-003414,2025-07-08,sur,web,1,0,,2.4
ENC097-003415,2025-07-08,norte,web,1,1,5,1.6
ENC097-003416,2025-07-08,centro,web,1,0,,4.0
ENC097-003417,2025-07-08,sur,telefono,1,1,4,2.4
ENC097-003418,2025-07-09,norte,web,1,0,,1.6
ENC097-003419,2025-07-09,centro,telefono,1,0,,4.0
ENC097-003420,2025-07-09,sur,web,1,0,,2.4
ENC097-003421,2025-07-09,norte,telefono,1,0,,1.6
ENC097-003422,2025-07-09,centro,web,1,1,1,4.0
ENC097-003423,2025-07-09,sur,telefono,1,0,,2.4
ENC097-003424,2025-07-10,norte,telefono,1,1,5,1.6
ENC097-003425,2025-07-10,centro,web,1,1,2,4.0
ENC097-003426,2025-07-10,sur,web,1,1,5,2.4
ENC097-003427,2025-07-10,norte,telefono,1,1,5,1.6
ENC097-003428,2025-07-10,centro,web,1,0,,4.0
ENC097-003429,2025-07-10,sur,web,1,1,4,2.4
ENC097-003430,2025-07-11,norte,telefono,1,1,5,1.6
ENC097-003431,2025-07-11,centro,telefono,1,0,,4.0
ENC097-003432,2025-07-11,sur,telefono,1,1,5,2.4
ENC097-003433,2025-07-11,norte,telefono,1,1,5,1.6
ENC097-003434,2025-07-11,centro,telefono,1,0,,4.0
ENC097-003435,2025-07-11,sur,web,1,1,1,2.4
ENC097-003436,2025-07-11,norte,telefono,1,1,3,1.6
ENC097-003437,2025-07-12,centro,web,1,0,,4.0
ENC097-003438,2025-07-12,sur,telefono,1,0,,2.4
ENC097-003439,2025-07-12,norte,telefono,1,0,,1.6
ENC097-003440,2025-07-12,centro,telefono,1,1,2,4.0
ENC097-003441,2025-07-12,sur,telefono,1,0,,2.4
ENC097-003442,2025-07-12,norte,telefono,1,1,5,1.6
ENC097-003443,2025-07-13,centro,telefono,1,1,3,4.0
ENC097-003444,2025-07-13,sur,telefono,1,1,5,2.4
ENC097-003445,2025-07-13,norte,web,1,1,4,1.6
ENC097-003446,2025-07-13,centro,web,1,0,,4.0
ENC097-003447,2025-07-13,sur,telefono,1,1,3,2.4
ENC097-003448,2025-07-13,norte,telefono,1,1,5,1.6
ENC097-003449,2025-07-14,centro,telefono,1,1,4,4.0
ENC097-003450,2025-07-14,sur,web,1,0,,2.4
ENC097-003451,2025-07-14,norte,web,1,1,3,1.6
ENC097-003452,2025-07-14,centro,telefono,1,1,3,4.0
ENC097-003453,2025-07-14,sur,web,1,1,3,2.4
ENC097-003454,2025-07-14,norte,web,1,1,4,1.6
ENC097-003455,2025-07-15,centro,telefono,1,0,,4.0
ENC097-003456,2025-07-15,sur,web,1,0,,2.4
ENC097-003457,2025-07-15,norte,telefono,1,1,3,1.6
ENC097-003458,2025-07-15,centro,web,1,1,3,4.0
ENC097-003459,2025-07-15,sur,web,1,0,,2.4
ENC097-003460,2025-07-15,norte,telefono,1,1,3,1.6
ENC097-003461,2025-07-16,centro,telefono,1,1,3,4.0
ENC097-003462,2025-07-16,sur,telefono,1,1,5,2.4
ENC097-003463,2025-07-16,norte,web,1,1,5,1.6
ENC097-003464,2025-07-16,centro,telefono,1,1,2,4.0
ENC097-003465,2025-07-16,sur,telefono,1,1,5,2.4
ENC097-003466,2025-07-16,norte,telefono,1,1,4,1.6
ENC097-003467,2025-07-17,centro,web,1,0,,4.0
ENC097-003468,2025-07-17,sur,telefono,1,1,3,2.4
ENC097-003469,2025-07-17,norte,web,1,0,,1.6
ENC097-003470,2025-07-17,centro,web,1,0,,4.0
ENC097-003471,2025-07-17,sur,web,1,1,3,2.4
ENC097-003472,2025-07-17,norte,web,1,1,5,1.6
ENC097-003473,2025-07-18,centro,web,1,0,,4.0
ENC097-003474,2025-07-18,sur,web,1,1,5,2.4
ENC097-003475,2025-07-18,norte,telefono,1,1,4,1.6
ENC097-003476,2025-07-18,centro,web,1,0,,4.0
ENC097-003477,2025-07-18,sur,telefono,1,1,3,2.4
ENC097-003478,2025-07-18,norte,telefono,1,0,,1.6
ENC097-003479,2025-07-18,centro,web,1,0,,4.0
ENC097-003480,2025-07-19,sur,web,1,1,3,2.4
ENC097-003481,2025-07-19,norte,web,1,1,4,1.6
ENC097-003482,2025-07-19,centro,web,1,1,5,4.0
ENC097-003483,2025-07-19,sur,web,1,1,2,2.4
ENC097-003484,2025-07-19,norte,web,1,1,5,1.6
ENC097-003485,2025-07-19,centro,telefono,1,1,3,4.0
ENC097-003486,2025-07-20,sur,web,1,1,5,2.4
ENC097-003487,2025-07-20,norte,web,1,1,,1.6
ENC097-003488,2025-07-20,centro,telefono,1,0,,4.0
ENC097-003489,2025-07-20,sur,telefono,1,1,5,2.4
ENC097-003490,2025-07-20,norte,web,1,1,5,1.6
ENC097-003491,2025-07-20,centro,web,1,1,4,4.0
ENC097-003492,2025-07-21,sur,web,1,1,1,2.4
ENC097-003493,2025-07-21, NORTE ,telefono,1,1,4,1.6
ENC097-003494,2025-07-21,centro,web,1,1,1,4.0
ENC097-003495,2025-07-21,sur,telefono,1,0,,2.4
ENC097-003496,2025-07-21,norte,telefono,1,1,1,1.6
ENC097-003497,2025-07-21,centro,web,1,1,4,4.0
ENC097-003498,2025-07-22,sur,web,1,1,5,2.4
ENC097-003499,2025-07-22,norte,web,1,1,3,1.6
ENC097-003500,2025-07-22,centro,telefono,1,1,5,4.0
ENC097-003501,2025-07-22,sur,web,1,1,4,2.4
ENC097-003502,2025-07-22,norte,web,1,1,5,1.6
ENC097-003503,2025-07-22,centro,web,1,1,3,4.0
ENC097-003504,2025-07-23,sur,telefono,1,0,,2.4
ENC097-003505,2025-07-23,norte,telefono,1,1,3,1.6
ENC097-003506,2025-07-23,centro,web,1,1,3,4.0
ENC097-003507,2025-07-23,sur,telefono,1,0,,2.4
ENC097-003508,2025-07-23,norte,web,1,0,,1.6
ENC097-003509,2025-07-23,centro,telefono,1,0,,4.0
ENC097-003510,2025-07-24,sur,web,1,1,3,2.4
ENC097-003511,2025-07-24,norte,telefono,1,1,2,1.6
ENC097-003512,2025-07-24,centro,telefono,1,1,2,4.0
ENC097-003513,2025-07-24,sur,web,1,1,5,2.4
ENC097-003514,2025-07-24,norte,telefono,1,1,5,1.6
ENC097-003515,2025-07-24,centro,telefono,1,0,,4.0
ENC097-003516,2025-07-24,sur,web,1,0,,2.4
ENC097-003517,2025-07-25,norte,web,1,0,,1.6
ENC097-003518,2025-07-25,centro,telefono,1,0,,4.0
ENC097-003519,2025-07-25,sur,web,1,1,5,2.4
ENC097-003520,2025-07-25,norte,web,1,1,4,1.6
ENC097-003521,2025-07-25,centro,telefono,1,1,1,4.0
ENC097-003522,2025-07-25,sur,telefono,1,0,,2.4
ENC097-003523,2025-07-26,norte,web,1,1,5,1.6
ENC097-003524,2025-07-26,centro,telefono,1,0,,4.0
ENC097-003525,2025-07-26,sur,web,1,0,,2.4
ENC097-003526,2025-07-26,norte,telefono,1,0,,1.6
ENC097-003527,2025-07-26,centro,telefono,1,0,,4.0
ENC097-003528,2025-07-26,sur,telefono,1,0,,2.4
ENC097-003529,2025-07-27,norte,telefono,1,1,5,1.6
ENC097-003530,2025-07-27,centro,telefono,1,0,,4.0
ENC097-003531,2025-07-27,sur,web,1,1,3,2.4
ENC097-003532,2025-07-27,norte,web,1,1,4,1.6
ENC097-003533,2025-07-27,centro,web,1,1,2,4.0
ENC097-003534,2025-07-27,sur,telefono,1,1,4,2.4
ENC097-003535,2025-07-28,norte,telefono,1,1,2,1.6
ENC097-003536,2025-07-28,centro,web,1,0,,4.0
ENC097-003537,2025-07-28,sur,telefono,1,0,,2.4
ENC097-003538,2025-07-28,norte,web,1,0,,1.6
ENC097-003539,2025-07-28,centro,telefono,1,1,2,4.0
ENC097-003540,2025-07-28,sur,telefono,1,0,,2.4
ENC097-003541,2025-07-29,norte,telefono,1,1,3,1.6
ENC097-003542,2025-07-29,centro,web,1,1,3,4.0
ENC097-003543,2025-07-29,sur,telefono,1,1,5,2.4
ENC097-003544,2025-07-29,norte,telefono,1,1,5,1.6
ENC097-003545,2025-07-29,centro,web,1,1,3,4.0
ENC097-003546,2025-07-29,sur,web,1,1,4,2.4
ENC097-003547,2025-07-30,norte,web,1,0,,1.6
ENC097-003548,2025-07-30,centro,telefono,1,0,,4.0
ENC097-003549,2025-07-30,sur,telefono,1,1,4,2.4
ENC097-003550,2025-07-30,norte,web,1,1,4,1.6
ENC097-003551,2025-07-30,centro,web,1,0,,4.0
ENC097-003552,2025-07-30,sur,telefono,1,1,2,2.4
ENC097-003553,2025-07-31,norte,web,1,1,4,1.6
ENC097-003554,2025-07-31,centro,web,1,1,3,4.0
ENC097-003555,2025-07-31,sur,web,1,1,5,2.4
ENC097-003556,2025-07-31,norte,telefono,1,1,4,1.6
ENC097-003557,2025-07-31,centro,web,1,0,,4.0
ENC097-003558,2025-07-31,sur,telefono,1,0,,2.4
ENC097-003559,2025-07-31,norte,web,1,1,3,1.6
ENC097-003560,2025-08-01,centro,web,1,1,3,4.0
ENC097-003561,2025-08-01,sur,web,1,0,,2.4
ENC097-003562,2025-08-01,norte,web,1,1,5,1.6
ENC097-003563,2025-08-01,centro,web,1,0,,4.0
ENC097-003564,2025-08-01,sur,telefono,1,1,4,2.4
ENC097-003565,2025-08-01,norte,web,1,1,4,1.6
ENC097-003566,2025-08-02,centro,telefono,1,1,4,4.0
ENC097-003567,2025-08-02,sur,web,1,1,3,2.4
ENC097-003568,2025-08-02,norte,web,1,1,5,1.6
ENC097-003569,2025-08-02,centro,web,1,0,,4.0
ENC097-003570,2025-08-02,sur,web,1,0,,2.4
ENC097-003571,2025-08-02,norte,web,1,1,4,1.6
ENC097-003572,2025-08-03,centro,web,1,0,,4.0
ENC097-003573,2025-08-03,sur,web,1,0,,2.4
ENC097-003574,2025-08-03,norte,web,1,0,,1.6
ENC097-003575,2025-08-03,centro,telefono,1,1,3,4.0
ENC097-003576,2025-08-03,sur,telefono,1,1,2,2.4
ENC097-003577,2025-08-03,norte,web,1,1,4,1.6
ENC097-003578,2025-08-04,centro,telefono,1,1,3,4.0
ENC097-003579,2025-08-04,sur,telefono,1,1,2,2.4
ENC097-003580,2025-08-04,norte,telefono,1,0,,1.6
ENC097-003581,2025-08-04,centro,web,1,0,,4.0
ENC097-003582,2025-08-04,sur,web,1,0,,2.4
ENC097-003583,2025-08-04,norte,telefono,1,0,,1.6
ENC097-003584,2025-08-05,centro,web,1,0,,4.0
ENC097-003585,2025-08-05,sur,web,1,1,4,2.4
ENC097-003586,2025-08-05,norte,telefono,1,0,,1.6
ENC097-003587,2025-08-05,centro,web,1,0,,4.0
ENC097-003588,2025-08-05,sur,telefono,1,1,3,2.4
ENC097-003589,2025-08-05,norte,web,1,1,4,1.6
ENC097-003590,2025-08-06, CENTRO ,telefono,1,0,,4.0
ENC097-003591,2025-08-06,sur,web,1,0,,2.4
ENC097-003592,2025-08-06,norte,web,1,1,4,1.6
ENC097-003593,2025-08-06,centro,web,1,1,3,4.0
ENC097-003594,2025-08-06,sur,web,1,1,3,2.4
ENC097-003595,2025-08-06,norte,telefono,1,1,1,1.6
ENC097-003596,2025-08-06,centro,telefono,1,1,1,4.0
ENC097-003597,2025-08-07,sur,telefono,1,1,3,2.4
ENC097-003598,2025-08-07,norte,telefono,1,1,3,1.6
ENC097-003599,2025-08-07,centro,web,1,0,,4.0
ENC097-003600,2025-08-07,sur,telefono,1,1,5,2.4
ENC097-003601,2025-08-07,norte,telefono,1,0,,1.6
ENC097-003602,2025-08-07,centro,web,1,0,,4.0
ENC097-003603,2025-08-08,sur,web,1,1,3,2.4
ENC097-003604,2025-08-08,norte,telefono,1,1,5,1.6
ENC097-003605,2025-08-08,centro,telefono,1,1,3,4.0
ENC097-003606,2025-08-08,sur,telefono,1,1,4,2.4
ENC097-003607,2025-08-08,norte,web,1,0,,1.6
ENC097-003608,2025-08-08,centro,web,1,0,,4.0
ENC097-003609,2025-08-09,sur,telefono,1,0,,2.4
ENC097-003610,2025-08-09,norte,web,1,1,4,1.6
ENC097-003611,2025-08-09,centro,telefono,1,1,2,4.0
ENC097-003612,2025-08-09,sur,web,1,0,,2.4
ENC097-003613,2025-08-09,norte,web,1,1,4,1.6
ENC097-003614,2025-08-09,centro,web,1,0,,4.0
ENC097-003615,2025-08-10,sur,web,1,1,2,2.4
ENC097-003616,2025-08-10,norte,web,1,1,4,1.6
ENC097-003617,2025-08-10,centro,telefono,1,0,,4.0
ENC097-003618,2025-08-10,sur,telefono,1,1,3,2.4
ENC097-003619,2025-08-10,norte,web,1,0,,1.6
ENC097-003620,2025-08-10,centro,telefono,1,1,4,4.0
ENC097-003621,2025-08-11,sur,web,1,0,,2.4
ENC097-003622,2025-08-11,norte,web,1,1,4,1.6
ENC097-003623,2025-08-11,centro,telefono,1,1,3,4.0
ENC097-003624,2025-08-11,sur,telefono,1,1,5,2.4
ENC097-003625,2025-08-11,norte,telefono,1,1,3,1.6
ENC097-003626,2025-08-11,centro,telefono,1,0,,4.0
ENC097-003627,2025-08-12,sur,web,1,1,4,2.4
ENC097-003628,2025-08-12,norte,telefono,1,1,4,1.6
ENC097-003629,2025-08-12,centro,web,1,0,,4.0
ENC097-003630,2025-08-12,sur,telefono,1,0,,2.4
ENC097-003631,2025-08-12,norte,telefono,1,0,,1.6
ENC097-003632,2025-08-12,centro,web,1,1,2,4.0
ENC097-003633,2025-08-12,sur,web,1,1,4,2.4
ENC097-003634,2025-08-13,norte,web,1,1,3,1.6
ENC097-003635,2025-08-13,centro,web,1,1,4,4.0
ENC097-003636,2025-08-13,sur,web,1,0,,2.4
ENC097-003637,2025-08-13,norte,web,1,0,,1.6
ENC097-003638,2025-08-13,centro,telefono,1,1,3,4.0
ENC097-003639,2025-08-13,sur,web,1,1,5,2.4
ENC097-003640,2025-08-14,norte,web,1,0,,1.6
ENC097-003641,2025-08-14,centro,web,1,0,,4.0
ENC097-003642,2025-08-14,sur,telefono,1,0,,2.4
ENC097-003643,2025-08-14,norte,telefono,1,1,2,1.6
ENC097-003644,2025-08-14,centro,telefono,1,1,2,4.0
ENC097-003645,2025-08-14,sur,telefono,1,1,4,2.4
ENC097-003646,2025-08-15,norte,web,1,1,4,1.6
ENC097-003647,2025-08-15,centro,telefono,1,1,3,4.0
ENC097-003648,2025-08-15,sur,telefono,1,0,,2.4
ENC097-003649,2025-08-15,norte,telefono,1,1,5,1.6
ENC097-003650,2025-08-15,centro,web,1,1,3,4.0
ENC097-003651,2025-08-15,sur,web,1,1,4,2.4
ENC097-003652,2025-08-16,norte,telefono,1,1,4,1.6
ENC097-003653,2025-08-16,centro,telefono,1,1,,4.0
ENC097-003654,2025-08-16,sur,web,1,1,3,2.4
ENC097-003655,2025-08-16,norte,telefono,1,1,4,1.6
ENC097-003656,2025-08-16,centro,telefono,1,0,,4.0
ENC097-003657,2025-08-16,sur,telefono,1,0,,2.4
ENC097-003658,2025-08-17,norte,web,1,0,,1.6
ENC097-003659,2025-08-17,centro,telefono,1,1,3,4.0
ENC097-003660,2025-08-17,sur,telefono,1,1,3,2.4
ENC097-003661,2025-08-17,norte,web,1,1,5,1.6
ENC097-003662,2025-08-17,centro,telefono,1,0,,4.0
ENC097-003663,2025-08-17,sur,telefono,1,0,,2.4
ENC097-003664,2025-08-18,norte,telefono,1,1,4,1.6
ENC097-003665,2025-08-18,centro,web,1,1,4,4.0
ENC097-003666,2025-08-18,sur,telefono,1,1,4,2.4
ENC097-003667,2025-08-18,norte,web,1,1,3,1.6
ENC097-003668,2025-08-18,centro,telefono,1,0,,4.0
ENC097-003669,2025-08-18,sur,web,1,1,5,2.4
ENC097-003670,2025-08-19,norte,web,1,1,5,1.6
ENC097-003671,2025-08-19,centro,web,1,1,2,4.0
ENC097-003672,2025-08-19,sur,telefono,1,1,3,2.4
ENC097-003673,2025-08-19,norte,telefono,1,1,5,1.6
ENC097-003674,2025-08-19,centro,telefono,1,0,,4.0
ENC097-003675,2025-08-19,sur,telefono,1,1,3,2.4
ENC097-003676,2025-08-19,norte,telefono,1,1,3,1.6
ENC097-003677,2025-08-20,centro,telefono,1,1,1,4.0
ENC097-003678,2025-08-20,sur,telefono,1,0,,2.4
ENC097-003679,2025-08-20,norte,telefono,1,1,4,1.6
ENC097-003680,2025-08-20,centro,telefono,1,1,3,4.0
ENC097-003681,2025-08-20,sur,telefono,1,1,3,2.4
ENC097-003682,2025-08-20,norte,telefono,1,1,4,1.6
ENC097-003683,2025-08-21,centro,telefono,1,0,,4.0
ENC097-003684,2025-08-21,sur,telefono,1,1,3,2.4
ENC097-003685,2025-08-21,norte,telefono,1,1,3,1.6
ENC097-003686,2025-08-21,centro,telefono,1,0,,4.0
ENC097-003687,2025-08-21, SUR ,telefono,1,1,2,2.4
ENC097-003688,2025-08-21,norte,telefono,1,1,4,1.6
ENC097-003689,2025-08-22,centro,web,1,1,5,4.0
ENC097-003690,2025-08-22,sur,web,1,1,4,2.4
ENC097-003691,2025-08-22,norte,telefono,1,1,5,1.6
ENC097-003692,2025-08-22,centro,telefono,1,0,,4.0
ENC097-003693,2025-08-22,sur,telefono,1,0,,2.4
ENC097-003694,2025-08-22,norte,web,1,1,5,1.6
ENC097-003695,2025-08-23,centro,telefono,1,1,3,4.0
ENC097-003696,2025-08-23,sur,telefono,1,0,,2.4
ENC097-003697,2025-08-23,norte,web,1,1,5,1.6
ENC097-003698,2025-08-23,centro,telefono,1,0,,4.0
ENC097-003699,2025-08-23,sur,telefono,1,1,3,2.4
ENC097-003700,2025-08-23,norte,telefono,1,1,4,1.6
ENC097-003701,2025-08-24,centro,web,1,1,3,4.0
ENC097-003702,2025-08-24,sur,web,1,1,2,2.4
ENC097-003703,2025-08-24,norte,web,1,0,,1.6
ENC097-003704,2025-08-24,centro,telefono,1,0,,4.0
ENC097-003705,2025-08-24,sur,telefono,1,1,4,2.4
ENC097-003706,2025-08-24,norte,web,1,0,,1.6
ENC097-003707,2025-08-25,centro,web,1,1,2,4.0
ENC097-003708,2025-08-25,sur,web,1,1,5,2.4
ENC097-003709,2025-08-25,norte,web,1,1,4,1.6
ENC097-003710,2025-08-25,centro,web,1,1,3,4.0
ENC097-003711,2025-08-25,sur,telefono,1,0,,2.4
ENC097-003712,2025-08-25,norte,telefono,1,1,4,1.6
ENC097-003713,2025-08-25,centro,telefono,1,0,,4.0
ENC097-003714,2025-08-26,sur,telefono,1,1,3,2.4
ENC097-003715,2025-08-26,norte,web,1,1,4,1.6
ENC097-003716,2025-08-26,centro,web,1,1,2,4.0
ENC097-003717,2025-08-26,sur,web,1,0,,2.4
ENC097-003718,2025-08-26,norte,telefono,1,1,4,1.6
ENC097-003719,2025-08-26,centro,telefono,1,0,,4.0
ENC097-003720,2025-08-27,sur,web,1,1,4,2.4
ENC097-003721,2025-08-27,norte,telefono,1,1,5,1.6
ENC097-003722,2025-08-27,centro,web,1,0,,4.0
ENC097-003723,2025-08-27,sur,web,1,1,3,2.4
ENC097-003724,2025-08-27,norte,telefono,1,0,,1.6
ENC097-003725,2025-08-27,centro,web,1,1,3,4.0
ENC097-003726,2025-08-28,sur,telefono,1,0,,2.4
ENC097-003727,2025-08-28,norte,telefono,1,1,5,1.6
ENC097-003728,2025-08-28,centro,web,1,0,,4.0
ENC097-003729,2025-08-28,sur,telefono,1,0,,2.4
ENC097-003730,2025-08-28,norte,telefono,1,0,,1.6
ENC097-003731,2025-08-28,centro,telefono,1,1,3,4.0
ENC097-003732,2025-08-29,sur,web,1,1,5,2.4
ENC097-003733,2025-08-29,norte,web,1,1,4,1.6
ENC097-003734,2025-08-29,centro,telefono,1,0,,4.0
ENC097-003735,2025-08-29,sur,telefono,1,0,,2.4
ENC097-003736,2025-08-29,norte,telefono,1,1,,1.6
ENC097-003737,2025-08-29,centro,telefono,1,0,,4.0
ENC097-003738,2025-08-30,sur,web,1,1,4,2.4
ENC097-003739,2025-08-30,norte,web,1,1,4,1.6
ENC097-003740,2025-08-30,centro,web,1,0,,4.0
ENC097-003741,2025-08-30,sur,web,1,0,,2.4
ENC097-003742,2025-08-30,norte,web,1,1,5,1.6
ENC097-003743,2025-08-30,centro,web,1,0,,4.0
ENC097-003744,2025-08-31,sur,telefono,1,1,5,2.4
ENC097-003745,2025-08-31,norte,web,1,1,3,1.6
ENC097-003746,2025-08-31,centro,telefono,1,0,,4.0
ENC097-003747,2025-08-31,sur,web,1,1,4,2.4
ENC097-003748,2025-08-31,norte,web,1,1,3,1.6
ENC097-003749,2025-08-31,centro,web,1,1,2,4.0
ENC097-003750,2025-09-01,sur,web,1,0,,2.4
ENC097-003751,2025-09-01,norte,web,1,0,,1.6
ENC097-003752,2025-09-01,centro,telefono,1,1,4,4.0
ENC097-003753,2025-09-01,sur,web,1,0,,2.4
ENC097-003754,2025-09-01,norte,telefono,1,1,3,1.6
ENC097-003755,2025-09-01,centro,telefono,1,1,1,4.0
ENC097-003756,2025-09-01,sur,web,1,1,5,2.4
ENC097-003757,2025-09-02,norte,web,1,1,2,1.6
ENC097-003758,2025-09-02,centro,web,1,1,4,4.0
ENC097-003759,2025-09-02,sur,telefono,1,1,5,2.4
ENC097-003760,2025-09-02,norte,telefono,1,1,3,1.6
ENC097-003761,2025-09-02,centro,telefono,1,1,4,4.0
ENC097-003762,2025-09-02,sur,telefono,1,0,,2.4
ENC097-003763,2025-09-03,norte,web,1,1,4,1.6
ENC097-003764,2025-09-03,centro,web,1,0,,4.0
ENC097-003765,2025-09-03,sur,telefono,1,1,5,2.4
ENC097-003766,2025-09-03,norte,telefono,1,1,4,1.6
ENC097-003767,2025-09-03,centro,telefono,1,1,3,4.0
ENC097-003768,2025-09-03,sur,web,1,1,3,2.4
ENC097-003769,2025-09-04,norte,web,1,1,4,1.6
ENC097-003770,2025-09-04,centro,web,1,1,3,4.0
ENC097-003771,2025-09-04,sur,telefono,1,1,2,2.4
ENC097-003772,2025-09-04,norte,telefono,1,1,3,1.6
ENC097-003773,2025-09-04,centro,web,1,0,,4.0
ENC097-003774,2025-09-04,sur,telefono,1,1,4,2.4
ENC097-003775,2025-09-05,norte,telefono,1,1,2,1.6
ENC097-003776,2025-09-05,centro,telefono,1,1,5,4.0
ENC097-003777,2025-09-05,sur,telefono,1,1,3,2.4
ENC097-003778,2025-09-05,norte,web,1,1,2,1.6
ENC097-003779,2025-09-05,centro,web,1,0,,4.0
ENC097-003780,2025-09-05,sur,telefono,1,0,,2.4
ENC097-003781,2025-09-06,norte,web,1,1,4,1.6
ENC097-003782,2025-09-06,centro,telefono,1,0,,4.0
ENC097-003783,2025-09-06,sur,telefono,1,1,3,2.4
ENC097-003784,2025-09-06, NORTE ,web,1,1,4,1.6
ENC097-003785,2025-09-06,centro,telefono,1,0,,4.0
ENC097-003786,2025-09-06,sur,web,1,1,5,2.4
ENC097-003787,2025-09-07,norte,telefono,1,1,5,1.6
ENC097-003788,2025-09-07,centro,telefono,1,1,2,4.0
ENC097-003789,2025-09-07,sur,web,1,0,,2.4
ENC097-003790,2025-09-07,norte,web,1,1,5,1.6
ENC097-003791,2025-09-07,centro,web,1,0,,4.0
ENC097-003792,2025-09-07,sur,web,1,1,4,2.4
ENC097-003793,2025-09-07,norte,web,1,0,,1.6
ENC097-003794,2025-09-08,centro,web,1,0,,4.0
ENC097-003795,2025-09-08,sur,telefono,1,0,,2.4
ENC097-003796,2025-09-08,norte,web,1,1,3,1.6
ENC097-003797,2025-09-08,centro,web,1,1,1,4.0
ENC097-003798,2025-09-08,sur,telefono,1,0,,2.4
ENC097-003799,2025-09-08,norte,web,1,1,3,1.6
ENC097-003800,2025-09-09,centro,telefono,1,0,,4.0
ENC097-003801,2025-09-09,sur,telefono,1,1,3,2.4
ENC097-003802,2025-09-09,norte,telefono,1,1,3,1.6
ENC097-003803,2025-09-09,centro,web,1,1,2,4.0
ENC097-003804,2025-09-09,sur,telefono,1,1,3,2.4
ENC097-003805,2025-09-09,norte,web,1,0,,1.6
ENC097-003806,2025-09-10,centro,telefono,1,0,,4.0
ENC097-003807,2025-09-10,sur,web,1,1,3,2.4
ENC097-003808,2025-09-10,norte,telefono,1,1,4,1.6
ENC097-003809,2025-09-10,centro,web,1,1,2,4.0
ENC097-003810,2025-09-10,sur,web,1,1,4,2.4
ENC097-003811,2025-09-10,norte,web,1,0,,1.6
ENC097-003812,2025-09-11,centro,telefono,1,1,4,4.0
ENC097-003813,2025-09-11,sur,telefono,1,1,2,2.4
ENC097-003814,2025-09-11,norte,web,1,1,5,1.6
ENC097-003815,2025-09-11,centro,telefono,1,0,,4.0
ENC097-003816,2025-09-11,sur,web,1,1,5,2.4
ENC097-003817,2025-09-11,norte,telefono,1,1,4,1.6
ENC097-003818,2025-09-12,centro,web,1,0,,4.0
ENC097-003819,2025-09-12,sur,telefono,1,1,,2.4
ENC097-003820,2025-09-12,norte,web,1,0,,1.6
ENC097-003821,2025-09-12,centro,telefono,1,0,,4.0
ENC097-003822,2025-09-12,sur,web,1,0,,2.4
ENC097-003823,2025-09-12,norte,telefono,1,1,4,1.6
ENC097-003824,2025-09-13,centro,telefono,1,0,,4.0
ENC097-003825,2025-09-13,sur,telefono,1,1,2,2.4
ENC097-003826,2025-09-13,norte,web,1,1,4,1.6
ENC097-003827,2025-09-13,centro,telefono,1,1,2,4.0
ENC097-003828,2025-09-13,sur,telefono,1,1,2,2.4
ENC097-003829,2025-09-13,norte,telefono,1,1,4,1.6
ENC097-003830,2025-09-13,centro,telefono,1,0,,4.0
ENC097-003831,2025-09-14,sur,telefono,1,1,5,2.4
ENC097-003832,2025-09-14,norte,web,1,1,4,1.6
ENC097-003833,2025-09-14,centro,telefono,1,0,,4.0
ENC097-003834,2025-09-14,sur,web,1,1,4,2.4
ENC097-003835,2025-09-14,norte,telefono,1,1,4,1.6
ENC097-003836,2025-09-14,centro,telefono,1,0,,4.0
ENC097-003837,2025-09-15,sur,web,1,0,,2.4
ENC097-003838,2025-09-15,norte,web,1,1,5,1.6
ENC097-003839,2025-09-15,centro,web,1,1,4,4.0
ENC097-003840,2025-09-15,sur,telefono,1,0,,2.4
ENC097-003841,2025-09-15,norte,web,1,1,3,1.6
ENC097-003842,2025-09-15,centro,telefono,1,1,3,4.0
ENC097-003843,2025-09-16,sur,telefono,1,0,,2.4
ENC097-003844,2025-09-16,norte,web,1,1,4,1.6
ENC097-003845,2025-09-16,centro,telefono,1,1,2,4.0
ENC097-003846,2025-09-16,sur,web,1,0,,2.4
ENC097-003847,2025-09-16,norte,web,1,1,5,1.6
ENC097-003848,2025-09-16,centro,telefono,1,0,,4.0
ENC097-003849,2025-09-17,sur,telefono,1,0,,2.4
ENC097-003850,2025-09-17,norte,web,1,1,4,1.6
ENC097-003851,2025-09-17,centro,web,1,0,,4.0
ENC097-003852,2025-09-17,sur,web,1,0,,2.4
ENC097-003853,2025-09-17,norte,web,1,0,,1.6
ENC097-003854,2025-09-17,centro,telefono,1,1,1,4.0
ENC097-003855,2025-09-18,sur,web,1,1,5,2.4
ENC097-003856,2025-09-18,norte,web,1,1,5,1.6
ENC097-003857,2025-09-18,centro,web,1,1,4,4.0
ENC097-003858,2025-09-18,sur,telefono,1,0,,2.4
ENC097-003859,2025-09-18,norte,web,1,1,5,1.6
ENC097-003860,2025-09-18,centro,telefono,1,0,,4.0
ENC097-003861,2025-09-19,sur,web,1,0,,2.4
ENC097-003862,2025-09-19,norte,web,1,1,3,1.6
ENC097-003863,2025-09-19,centro,telefono,1,0,,4.0
ENC097-003864,2025-09-19,sur,telefono,1,0,,2.4
ENC097-003865,2025-09-19,norte,web,1,1,3,1.6
ENC097-003866,2025-09-19,centro,web,1,1,2,4.0
ENC097-003867,2025-09-20,sur,telefono,1,0,,2.4
ENC097-003868,2025-09-20,norte,web,1,1,4,1.6
ENC097-003869,2025-09-20,centro,telefono,1,0,,4.0
ENC097-003870,2025-09-20,sur,web,1,1,3,2.4
ENC097-003871,2025-09-20,norte,telefono,1,1,4,1.6
ENC097-003872,2025-09-20,centro,telefono,1,0,,4.0
ENC097-003873,2025-09-20,sur,web,1,0,,2.4
ENC097-003874,2025-09-21,norte,web,1,0,,1.6
ENC097-003875,2025-09-21,centro,telefono,1,0,,4.0
ENC097-003876,2025-09-21,sur,telefono,1,1,5,2.4
ENC097-003877,2025-09-21,norte,web,1,1,4,1.6
ENC097-003878,2025-09-21,centro,telefono,1,0,,4.0
ENC097-003879,2025-09-21,sur,telefono,1,1,5,2.4
ENC097-003880,2025-09-22,norte,telefono,1,1,5,1.6
ENC097-003881,2025-09-22, CENTRO ,web,1,0,,4.0
ENC097-003882,2025-09-22,sur,telefono,1,1,4,2.4
ENC097-003883,2025-09-22,norte,telefono,1,1,3,1.6
ENC097-003884,2025-09-22,centro,telefono,1,0,,4.0
ENC097-003885,2025-09-22,sur,web,1,1,5,2.4
ENC097-003886,2025-09-23,norte,web,1,1,3,1.6
ENC097-003887,2025-09-23,centro,web,1,0,,4.0
ENC097-003888,2025-09-23,sur,telefono,1,1,4,2.4
ENC097-003889,2025-09-23,norte,web,1,1,4,1.6
ENC097-003890,2025-09-23,centro,telefono,1,1,2,4.0
ENC097-003891,2025-09-23,sur,web,1,1,2,2.4
ENC097-003892,2025-09-24,norte,telefono,1,0,,1.6
ENC097-003893,2025-09-24,centro,web,1,0,,4.0
ENC097-003894,2025-09-24,sur,telefono,1,1,4,2.4
ENC097-003895,2025-09-24,norte,telefono,1,1,3,1.6
ENC097-003896,2025-09-24,centro,telefono,1,0,,4.0
ENC097-003897,2025-09-24,sur,web,1,0,,2.4
ENC097-003898,2025-09-25,norte,web,1,0,,1.6
ENC097-003899,2025-09-25,centro,telefono,1,1,3,4.0
ENC097-003900,2025-09-25,sur,telefono,1,0,,2.4
ENC097-003901,2025-09-25,norte,telefono,1,1,5,1.6
ENC097-003902,2025-09-25,centro,telefono,1,0,,4.0
ENC097-003903,2025-09-25,sur,web,1,0,,2.4
ENC097-003904,2025-09-26,norte,telefono,1,1,4,1.6
ENC097-003905,2025-09-26,centro,web,1,0,,4.0
ENC097-003906,2025-09-26,sur,web,1,1,4,2.4
ENC097-003907,2025-09-26,norte,telefono,1,1,3,1.6
ENC097-003908,2025-09-26,centro,web,1,1,2,4.0
ENC097-003909,2025-09-26,sur,telefono,1,1,3,2.4
ENC097-003910,2025-09-26,norte,telefono,1,1,2,1.6
ENC097-003911,2025-09-27,centro,web,1,1,3,4.0
ENC097-003912,2025-09-27,sur,telefono,1,0,,2.4
ENC097-003913,2025-09-27,norte,web,1,1,4,1.6
ENC097-003914,2025-09-27,centro,web,1,1,3,4.0
ENC097-003915,2025-09-27,sur,telefono,1,1,2,2.4
ENC097-003916,2025-09-27,norte,telefono,1,1,4,1.6
ENC097-003917,2025-09-28,centro,telefono,1,1,3,4.0
ENC097-003918,2025-09-28,sur,web,1,1,4,2.4
ENC097-003919,2025-09-28,norte,telefono,1,1,4,1.6
ENC097-003920,2025-09-28,centro,web,1,0,,4.0
ENC097-003921,2025-09-28,sur,telefono,1,0,,2.4
ENC097-003922,2025-09-28,norte,web,1,1,4,1.6
ENC097-003923,2025-09-29,centro,web,1,0,,4.0
ENC097-003924,2025-09-29,sur,web,1,1,4,2.4
ENC097-003925,2025-09-29,norte,telefono,1,1,4,1.6
ENC097-003926,2025-09-29,centro,web,1,0,,4.0
ENC097-003927,2025-09-29,sur,telefono,1,1,5,2.4
ENC097-003928,2025-09-29,norte,web,1,1,3,1.6
ENC097-003929,2025-09-30,centro,web,1,1,2,4.0
ENC097-003930,2025-09-30,sur,web,1,0,,2.4
ENC097-003931,2025-09-30,norte,web,1,1,5,1.6
ENC097-003932,2025-09-30,centro,web,1,0,,4.0
ENC097-003933,2025-09-30,sur,telefono,1,1,3,2.4
ENC097-003934,2025-09-30,norte,web,1,1,2,1.6
ENC097-003935,2025-10-01,centro,telefono,1,0,,4.0
ENC097-003936,2025-10-01,sur,telefono,1,1,5,2.4
ENC097-003937,2025-10-01,norte,web,1,1,3,1.6
ENC097-003938,2025-10-01,centro,web,1,0,,4.0
ENC097-003939,2025-10-01,sur,telefono,1,1,4,2.4
ENC097-003940,2025-10-01,norte,telefono,1,1,4,1.6
ENC097-003941,2025-10-02,centro,telefono,1,1,4,4.0
ENC097-003942,2025-10-02,sur,telefono,1,1,3,2.4
ENC097-003943,2025-10-02,norte,telefono,1,1,3,1.6
ENC097-003944,2025-10-02,centro,telefono,1,1,3,4.0
ENC097-003945,2025-10-02,sur,web,1,1,3,2.4
ENC097-003946,2025-10-02,norte,web,1,1,5,1.6
ENC097-003947,2025-10-03,centro,telefono,1,1,2,4.0
ENC097-003948,2025-10-03,sur,web,1,0,,2.4
ENC097-003949,2025-10-03,norte,web,1,1,4,1.6
ENC097-003950,2025-10-03,centro,web,1,0,,4.0
ENC097-003951,2025-10-03,sur,telefono,1,1,5,2.4
ENC097-003952,2025-10-03,norte,web,1,1,2,1.6
ENC097-003953,2025-10-03,centro,web,1,1,2,4.0
ENC097-003954,2025-10-04,sur,web,1,1,4,2.4
ENC097-003955,2025-10-04,norte,telefono,1,1,4,1.6
ENC097-003956,2025-10-04,centro,web,1,1,5,4.0
ENC097-003957,2025-10-04,sur,web,1,0,,2.4
ENC097-003958,2025-10-04,norte,telefono,1,1,4,1.6
ENC097-003959,2025-10-04,centro,web,1,0,,4.0
ENC097-003960,2025-10-05,sur,telefono,1,1,4,2.4
ENC097-003961,2025-10-05,norte,web,1,1,5,1.6
ENC097-003962,2025-10-05,centro,web,1,1,2,4.0
ENC097-003963,2025-10-05,sur,web,1,1,2,2.4
ENC097-003964,2025-10-05,norte,web,1,1,4,1.6
ENC097-003965,2025-10-05,centro,telefono,1,0,,4.0
ENC097-003966,2025-10-06,sur,web,1,0,,2.4
ENC097-003967,2025-10-06,norte,telefono,1,1,2,1.6
ENC097-003968,2025-10-06,centro,web,1,0,,4.0
ENC097-003969,2025-10-06,sur,telefono,1,1,4,2.4
ENC097-003970,2025-10-06,norte,web,1,1,3,1.6
ENC097-003971,2025-10-06,centro,telefono,1,1,2,4.0
ENC097-003972,2025-10-07,sur,web,1,1,3,2.4
ENC097-003973,2025-10-07,norte,telefono,1,1,3,1.6
ENC097-003974,2025-10-07,centro,telefono,1,0,,4.0
ENC097-003975,2025-10-07,sur,web,1,1,4,2.4
ENC097-003976,2025-10-07,norte,web,1,1,5,1.6
ENC097-003977,2025-10-07,centro,web,1,1,4,4.0
ENC097-003978,2025-10-08, SUR ,web,1,0,,2.4
ENC097-003979,2025-10-08,norte,telefono,1,1,4,1.6
ENC097-003980,2025-10-08,centro,web,1,0,,4.0
ENC097-003981,2025-10-08,sur,telefono,1,1,4,2.4
ENC097-003982,2025-10-08,norte,web,1,1,5,1.6
ENC097-003983,2025-10-08,centro,web,1,1,4,4.0
ENC097-003984,2025-10-09,sur,web,1,1,3,2.4
ENC097-003985,2025-10-09,norte,telefono,1,0,,1.6
ENC097-003986,2025-10-09,centro,web,1,1,2,4.0
ENC097-003987,2025-10-09,sur,telefono,1,0,,2.4
ENC097-003988,2025-10-09,norte,web,1,1,4,1.6
ENC097-003989,2025-10-09,centro,telefono,1,0,,4.0
ENC097-003990,2025-10-09,sur,web,1,1,3,2.4
ENC097-003991,2025-10-10,norte,web,1,1,4,1.6
ENC097-003992,2025-10-10,centro,telefono,1,0,,4.0
ENC097-003993,2025-10-10,sur,telefono,1,1,4,2.4
ENC097-003994,2025-10-10,norte,web,1,0,,1.6
ENC097-003995,2025-10-10,centro,web,1,0,,4.0
ENC097-003996,2025-10-10,sur,telefono,1,1,1,2.4
ENC097-003997,2025-10-11,norte,telefono,1,1,5,1.6
ENC097-003998,2025-10-11,centro,web,1,1,3,4.0
ENC097-003999,2025-10-11,sur,web,1,1,4,2.4
ENC097-004000,2025-10-11,norte,web,1,1,3,1.6
ENC097-004001,2025-10-11,centro,telefono,1,1,3,4.0
ENC097-004002,2025-10-11,sur,web,1,1,2,2.4
ENC097-004003,2025-10-12,norte,telefono,1,1,3,1.6
ENC097-004004,2025-10-12,centro,telefono,1,1,4,4.0
ENC097-004005,2025-10-12,sur,web,1,1,2,2.4
ENC097-004006,2025-10-12,norte,web,1,1,4,1.6
ENC097-004007,2025-10-12,centro,web,1,0,,4.0
ENC097-004008,2025-10-12,sur,telefono,1,1,5,2.4
ENC097-004009,2025-10-13,norte,telefono,1,0,,1.6
ENC097-004010,2025-10-13,centro,telefono,1,0,,4.0
ENC097-004011,2025-10-13,sur,web,1,1,4,2.4
ENC097-004012,2025-10-13,norte,web,1,0,,1.6
ENC097-004013,2025-10-13,centro,web,1,0,,4.0
ENC097-004014,2025-10-13,sur,telefono,1,1,3,2.4
ENC097-004015,2025-10-14,norte,telefono,1,1,3,1.6
ENC097-004016,2025-10-14,centro,web,1,0,,4.0
ENC097-004017,2025-10-14,sur,web,1,1,1,2.4
ENC097-004018,2025-10-14,norte,telefono,1,1,1,1.6
ENC097-004019,2025-10-14,centro,web,1,0,,4.0
ENC097-004020,2025-10-14,sur,web,1,0,,2.4
ENC097-004021,2025-10-15,norte,web,1,0,,1.6
ENC097-004022,2025-10-15,centro,web,1,1,2,4.0
ENC097-004023,2025-10-15,sur,telefono,1,0,,2.4
ENC097-004024,2025-10-15,norte,web,1,1,3,1.6
ENC097-004025,2025-10-15,centro,web,1,0,,4.0
ENC097-004026,2025-10-15,sur,web,1,0,,2.4
ENC097-004027,2025-10-16,norte,web,1,1,4,1.6
ENC097-004028,2025-10-16,centro,web,1,0,,4.0
ENC097-004029,2025-10-16,sur,web,1,0,,2.4
ENC097-004030,2025-10-16,norte,web,1,0,,1.6
ENC097-004031,2025-10-16,centro,telefono,1,1,2,4.0
ENC097-004032,2025-10-16,sur,telefono,1,1,2,2.4
ENC097-004033,2025-10-16,norte,telefono,1,1,4,1.6
ENC097-004034,2025-10-17,centro,telefono,1,0,,4.0
ENC097-004035,2025-10-17,sur,telefono,1,1,2,2.4
ENC097-004036,2025-10-17,norte,web,1,0,,1.6
ENC097-004037,2025-10-17,centro,telefono,1,0,,4.0
ENC097-004038,2025-10-17,sur,web,1,1,3,2.4
ENC097-004039,2025-10-17,norte,web,1,0,,1.6
ENC097-004040,2025-10-18,centro,telefono,1,0,,4.0
ENC097-004041,2025-10-18,sur,telefono,1,0,,2.4
ENC097-004042,2025-10-18,norte,telefono,1,1,4,1.6
ENC097-004043,2025-10-18,centro,web,1,1,3,4.0
ENC097-004044,2025-10-18,sur,web,1,1,4,2.4
ENC097-004045,2025-10-18,norte,telefono,1,1,4,1.6
ENC097-004046,2025-10-19,centro,web,1,0,,4.0
ENC097-004047,2025-10-19,sur,web,1,1,3,2.4
ENC097-004048,2025-10-19,norte,telefono,1,0,,1.6
ENC097-004049,2025-10-19,centro,telefono,1,0,,4.0
ENC097-004050,2025-10-19,sur,telefono,1,0,,2.4
ENC097-004051,2025-10-19,norte,web,1,0,,1.6
ENC097-004052,2025-10-20,centro,telefono,1,0,,4.0
ENC097-004053,2025-10-20,sur,web,1,1,4,2.4
ENC097-004054,2025-10-20,norte,web,1,1,4,1.6
ENC097-004055,2025-10-20,centro,telefono,1,0,,4.0
ENC097-004056,2025-10-20,sur,telefono,1,1,2,2.4
ENC097-004057,2025-10-20,norte,telefono,1,1,4,1.6
ENC097-004058,2025-10-21,centro,telefono,1,1,3,4.0
ENC097-004059,2025-10-21,sur,telefono,1,1,4,2.4
ENC097-004060,2025-10-21,norte,telefono,1,1,3,1.6
ENC097-004061,2025-10-21,centro,web,1,0,,4.0
ENC097-004062,2025-10-21,sur,web,1,0,,2.4
ENC097-004063,2025-10-21,norte,web,1,0,,1.6
ENC097-004064,2025-10-22,centro,telefono,1,0,,4.0
ENC097-004065,2025-10-22,sur,web,1,1,2,2.4
ENC097-004066,2025-10-22,norte,web,1,1,4,1.6
ENC097-004067,2025-10-22,centro,telefono,1,0,,4.0
ENC097-004068,2025-10-22,sur,web,1,1,,2.4
ENC097-004069,2025-10-22,norte,telefono,1,1,3,1.6
ENC097-004070,2025-10-22,centro,web,1,0,,4.0
ENC097-004071,2025-10-23,sur,telefono,1,1,2,2.4
ENC097-004072,2025-10-23,norte,web,1,1,4,1.6
ENC097-004073,2025-10-23,centro,telefono,1,1,4,4.0
ENC097-004074,2025-10-23,sur,telefono,1,1,3,2.4
ENC097-004075,2025-10-23, NORTE ,telefono,1,0,,1.6
ENC097-004076,2025-10-23,centro,telefono,1,1,4,4.0
ENC097-004077,2025-10-24,sur,web,1,1,5,2.4
ENC097-004078,2025-10-24,norte,telefono,1,0,,1.6
ENC097-004079,2025-10-24,centro,telefono,1,0,,4.0
ENC097-004080,2025-10-24,sur,telefono,1,0,,2.4
ENC097-004081,2025-10-24,norte,telefono,1,1,4,1.6
ENC097-004082,2025-10-24,centro,telefono,1,1,2,4.0
ENC097-004083,2025-10-25,sur,telefono,1,0,,2.4
ENC097-004084,2025-10-25,norte,telefono,1,1,2,1.6
ENC097-004085,2025-10-25,centro,telefono,1,0,,4.0
ENC097-004086,2025-10-25,sur,telefono,1,1,4,2.4
ENC097-004087,2025-10-25,norte,telefono,1,1,5,1.6
ENC097-004088,2025-10-25,centro,web,1,0,,4.0
ENC097-004089,2025-10-26,sur,telefono,1,1,3,2.4
ENC097-004090,2025-10-26,norte,telefono,1,1,3,1.6
ENC097-004091,2025-10-26,centro,telefono,1,1,2,4.0
ENC097-004092,2025-10-26,sur,web,1,0,,2.4
ENC097-004093,2025-10-26,norte,web,1,1,3,1.6
ENC097-004094,2025-10-26,centro,web,1,1,1,4.0
ENC097-004095,2025-10-27,sur,web,1,1,4,2.4
ENC097-004096,2025-10-27,norte,web,1,1,4,1.6
ENC097-004097,2025-10-27,centro,web,1,0,,4.0
ENC097-004098,2025-10-27,sur,web,1,1,3,2.4
ENC097-004099,2025-10-27,norte,web,1,0,,1.6
ENC097-004100,2025-10-27,centro,telefono,1,0,,4.0
ENC097-004101,2025-10-28,sur,web,1,0,,2.4
ENC097-004102,2025-10-28,norte,web,1,1,4,1.6
ENC097-004103,2025-10-28,centro,web,1,1,3,4.0
ENC097-004104,2025-10-28,sur,web,1,1,3,2.4
ENC097-004105,2025-10-28,norte,web,1,1,5,1.6
ENC097-004106,2025-10-28,centro,web,1,0,,4.0
ENC097-004107,2025-10-28,sur,telefono,1,0,,2.4
ENC097-004108,2025-10-29,norte,web,1,1,4,1.6
ENC097-004109,2025-10-29,centro,telefono,1,1,4,4.0
ENC097-004110,2025-10-29,sur,web,1,1,5,2.4
ENC097-004111,2025-10-29,norte,web,1,1,4,1.6
ENC097-004112,2025-10-29,centro,telefono,1,0,,4.0
ENC097-004113,2025-10-29,sur,telefono,1,1,4,2.4
ENC097-004114,2025-10-30,norte,web,1,1,3,1.6
ENC097-004115,2025-10-30,centro,telefono,1,0,,4.0
ENC097-004116,2025-10-30,sur,telefono,1,1,4,2.4
ENC097-004117,2025-10-30,norte,telefono,1,1,4,1.6
ENC097-004118,2025-10-30,centro,telefono,1,1,4,4.0
ENC097-004119,2025-10-30,sur,telefono,1,1,3,2.4
ENC097-004120,2025-10-31,norte,telefono,1,1,3,1.6
ENC097-004121,2025-10-31,centro,telefono,1,1,1,4.0
ENC097-004122,2025-10-31,sur,telefono,1,1,2,2.4
ENC097-004123,2025-10-31,norte,web,1,0,,1.6
ENC097-004124,2025-10-31,centro,web,1,1,1,4.0
ENC097-004125,2025-10-31,sur,telefono,1,0,,2.4
ENC097-004126,2025-11-01,norte,telefono,1,1,3,1.6
ENC097-004127,2025-11-01,centro,telefono,1,0,,4.0
ENC097-004128,2025-11-01,sur,web,1,1,3,2.4
ENC097-004129,2025-11-01,norte,web,1,0,,1.6
ENC097-004130,2025-11-01,centro,telefono,1,1,2,4.0
ENC097-004131,2025-11-01,sur,web,1,0,,2.4
ENC097-004132,2025-11-02,norte,telefono,1,1,3,1.6
ENC097-004133,2025-11-02,centro,telefono,1,1,4,4.0
ENC097-004134,2025-11-02,sur,web,1,1,5,2.4
ENC097-004135,2025-11-02,norte,web,1,1,3,1.6
ENC097-004136,2025-11-02,centro,telefono,1,1,5,4.0
ENC097-004137,2025-11-02,sur,web,1,1,5,2.4
ENC097-004138,2025-11-03,norte,web,1,1,3,1.6
ENC097-004139,2025-11-03,centro,telefono,1,1,2,4.0
ENC097-004140,2025-11-03,sur,web,1,0,,2.4
ENC097-004141,2025-11-03,norte,telefono,1,1,2,1.6
ENC097-004142,2025-11-03,centro,web,1,0,,4.0
ENC097-004143,2025-11-03,sur,telefono,1,0,,2.4
ENC097-004144,2025-11-04,norte,web,1,1,4,1.6
ENC097-004145,2025-11-04,centro,web,1,1,1,4.0
ENC097-004146,2025-11-04,sur,telefono,1,0,,2.4
ENC097-004147,2025-11-04,norte,telefono,1,1,4,1.6
ENC097-004148,2025-11-04,centro,telefono,1,0,,4.0
ENC097-004149,2025-11-04,sur,telefono,1,0,,2.4
ENC097-004150,2025-11-04,norte,telefono,1,0,,1.6
ENC097-004151,2025-11-05,centro,web,1,1,,4.0
ENC097-004152,2025-11-05,sur,telefono,1,0,,2.4
ENC097-004153,2025-11-05,norte,web,1,1,4,1.6
ENC097-004154,2025-11-05,centro,telefono,1,0,,4.0
ENC097-004155,2025-11-05,sur,telefono,1,1,3,2.4
ENC097-004156,2025-11-05,norte,telefono,1,1,4,1.6
ENC097-004157,2025-11-06,centro,telefono,1,1,3,4.0
ENC097-004158,2025-11-06,sur,telefono,1,1,4,2.4
ENC097-004159,2025-11-06,norte,telefono,1,1,5,1.6
ENC097-004160,2025-11-06,centro,telefono,1,0,,4.0
ENC097-004161,2025-11-06,sur,telefono,1,0,,2.4
ENC097-004162,2025-11-06,norte,telefono,1,1,4,1.6
ENC097-004163,2025-11-07,centro,telefono,1,0,,4.0
ENC097-004164,2025-11-07,sur,telefono,1,1,1,2.4
ENC097-004165,2025-11-07,norte,web,1,1,4,1.6
ENC097-004166,2025-11-07,centro,web,1,0,,4.0
ENC097-004167,2025-11-07,sur,telefono,1,1,3,2.4
ENC097-004168,2025-11-07,norte,telefono,1,1,3,1.6
ENC097-004169,2025-11-08,centro,web,1,1,3,4.0
ENC097-004170,2025-11-08,sur,web,1,0,,2.4
ENC097-004171,2025-11-08,norte,web,1,1,4,1.6
ENC097-004172,2025-11-08, CENTRO ,web,1,1,4,4.0
ENC097-004173,2025-11-08,sur,web,1,0,,2.4
ENC097-004174,2025-11-08,norte,telefono,1,1,3,1.6
ENC097-004175,2025-11-09,centro,telefono,1,0,,4.0
ENC097-004176,2025-11-09,sur,web,1,1,4,2.4
ENC097-004177,2025-11-09,norte,telefono,1,1,3,1.6
ENC097-004178,2025-11-09,centro,web,1,0,,4.0
ENC097-004179,2025-11-09,sur,telefono,1,1,4,2.4
ENC097-004180,2025-11-09,norte,web,1,1,4,1.6
ENC097-004181,2025-11-10,centro,web,1,0,,4.0
ENC097-004182,2025-11-10,sur,telefono,1,1,4,2.4
ENC097-004183,2025-11-10,norte,telefono,1,0,,1.6
ENC097-004184,2025-11-10,centro,telefono,1,1,4,4.0
ENC097-004185,2025-11-10,sur,web,1,0,,2.4
ENC097-004186,2025-11-10,norte,web,1,1,5,1.6
ENC097-004187,2025-11-10,centro,telefono,1,0,,4.0
ENC097-004188,2025-11-11,sur,web,1,1,4,2.4
ENC097-004189,2025-11-11,norte,web,1,0,,1.6
ENC097-004190,2025-11-11,centro,web,1,0,,4.0
ENC097-004191,2025-11-11,sur,web,1,1,3,2.4
ENC097-004192,2025-11-11,norte,web,1,1,5,1.6
ENC097-004193,2025-11-11,centro,telefono,1,1,2,4.0
ENC097-004194,2025-11-12,sur,web,1,0,,2.4
ENC097-004195,2025-11-12,norte,telefono,1,1,4,1.6
ENC097-004196,2025-11-12,centro,telefono,1,1,3,4.0
ENC097-004197,2025-11-12,sur,web,1,1,5,2.4
ENC097-004198,2025-11-12,norte,web,1,1,3,1.6
ENC097-004199,2025-11-12,centro,web,1,0,,4.0
ENC097-004200,2025-11-13,sur,web,1,0,,2.4
ENC097-004201,2025-11-13,norte,telefono,1,0,,1.6
ENC097-004202,2025-11-13,centro,web,1,1,4,4.0
ENC097-004203,2025-11-13,sur,web,1,0,,2.4
ENC097-004204,2025-11-13,norte,web,1,1,4,1.6
ENC097-004205,2025-11-13,centro,web,1,0,,4.0
ENC097-004206,2025-11-14,sur,telefono,1,1,3,2.4
ENC097-004207,2025-11-14,norte,web,1,1,1,1.6
ENC097-004208,2025-11-14,centro,web,1,0,,4.0
ENC097-004209,2025-11-14,sur,web,1,1,4,2.4
ENC097-004210,2025-11-14,norte,telefono,1,1,3,1.6
ENC097-004211,2025-11-14,centro,web,1,1,2,4.0
ENC097-004212,2025-11-15,sur,telefono,1,0,,2.4
ENC097-004213,2025-11-15,norte,telefono,1,1,5,1.6
ENC097-004214,2025-11-15,centro,telefono,1,0,,4.0
ENC097-004215,2025-11-15,sur,telefono,1,1,2,2.4
ENC097-004216,2025-11-15,norte,web,1,1,4,1.6
ENC097-004217,2025-11-15,centro,web,1,1,4,4.0
ENC097-004218,2025-11-16,sur,web,1,0,,2.4
ENC097-004219,2025-11-16,norte,telefono,1,1,4,1.6
ENC097-004220,2025-11-16,centro,web,1,1,3,4.0
ENC097-004221,2025-11-16,sur,web,1,0,,2.4
ENC097-004222,2025-11-16,norte,web,1,0,,1.6
ENC097-004223,2025-11-16,centro,web,1,0,,4.0
ENC097-004224,2025-11-17,sur,web,1,1,1,2.4
ENC097-004225,2025-11-17,norte,telefono,1,1,4,1.6
ENC097-004226,2025-11-17,centro,web,1,0,,4.0
ENC097-004227,2025-11-17,sur,web,1,1,2,2.4
ENC097-004228,2025-11-17,norte,telefono,1,1,5,1.6
ENC097-004229,2025-11-17,centro,telefono,1,0,,4.0
ENC097-004230,2025-11-17,sur,web,1,1,5,2.4
ENC097-004231,2025-11-18,norte,telefono,1,0,,1.6
ENC097-004232,2025-11-18,centro,web,1,0,,4.0
ENC097-004233,2025-11-18,sur,web,1,0,,2.4
ENC097-004234,2025-11-18,norte,telefono,1,1,,1.6
ENC097-004235,2025-11-18,centro,web,1,0,,4.0
ENC097-004236,2025-11-18,sur,web,1,1,2,2.4
ENC097-004237,2025-11-19,norte,web,1,1,3,1.6
ENC097-004238,2025-11-19,centro,web,1,0,,4.0
ENC097-004239,2025-11-19,sur,web,1,0,,2.4
ENC097-004240,2025-11-19,norte,telefono,1,0,,1.6
ENC097-004241,2025-11-19,centro,telefono,1,1,2,4.0
ENC097-004242,2025-11-19,sur,web,1,1,4,2.4
ENC097-004243,2025-11-20,norte,web,1,1,3,1.6
ENC097-004244,2025-11-20,centro,web,1,1,2,4.0
ENC097-004245,2025-11-20,sur,web,1,1,4,2.4
ENC097-004246,2025-11-20,norte,telefono,1,0,,1.6
ENC097-004247,2025-11-20,centro,web,1,1,2,4.0
ENC097-004248,2025-11-20,sur,web,1,1,3,2.4
ENC097-004249,2025-11-21,norte,telefono,1,1,3,1.6
ENC097-004250,2025-11-21,centro,telefono,1,0,,4.0
ENC097-004251,2025-11-21,sur,telefono,1,0,,2.4
ENC097-004252,2025-11-21,norte,web,1,1,3,1.6
ENC097-004253,2025-11-21,centro,web,1,0,,4.0
ENC097-004254,2025-11-21,sur,telefono,1,1,3,2.4
ENC097-004255,2025-11-22,norte,web,1,1,5,1.6
ENC097-004256,2025-11-22,centro,web,1,1,3,4.0
ENC097-004257,2025-11-22,sur,telefono,1,0,,2.4
ENC097-004258,2025-11-22,norte,telefono,1,1,4,1.6
ENC097-004259,2025-11-22,centro,telefono,1,1,1,4.0
ENC097-004260,2025-11-22,sur,web,1,1,4,2.4
ENC097-004261,2025-11-23,norte,telefono,1,1,5,1.6
ENC097-004262,2025-11-23,centro,web,1,0,,4.0
ENC097-004263,2025-11-23,sur,web,1,1,4,2.4
ENC097-004264,2025-11-23,norte,telefono,1,1,4,1.6
ENC097-004265,2025-11-23,centro,telefono,1,1,3,4.0
ENC097-004266,2025-11-23,sur,web,1,0,,2.4
ENC097-004267,2025-11-23,norte,telefono,1,0,,1.6
ENC097-004268,2025-11-24,centro,telefono,1,1,3,4.0
ENC097-004269,2025-11-24, SUR ,web,1,0,,2.4
ENC097-004270,2025-11-24,norte,web,1,1,4,1.6
ENC097-004271,2025-11-24,centro,web,1,0,,4.0
ENC097-004272,2025-11-24,sur,telefono,1,0,,2.4
ENC097-004273,2025-11-24,norte,telefono,1,0,,1.6
ENC097-004274,2025-11-25,centro,telefono,1,0,,4.0
ENC097-004275,2025-11-25,sur,telefono,1,1,4,2.4
ENC097-004276,2025-11-25,norte,web,1,1,5,1.6
ENC097-004277,2025-11-25,centro,telefono,1,1,3,4.0
ENC097-004278,2025-11-25,sur,web,1,1,5,2.4
ENC097-004279,2025-11-25,norte,telefono,1,1,5,1.6
ENC097-004280,2025-11-26,centro,web,1,1,3,4.0
ENC097-004281,2025-11-26,sur,telefono,1,0,,2.4
ENC097-004282,2025-11-26,norte,web,1,1,3,1.6
ENC097-004283,2025-11-26,centro,telefono,1,0,,4.0
ENC097-004284,2025-11-26,sur,web,1,1,4,2.4
ENC097-004285,2025-11-26,norte,telefono,1,1,3,1.6
ENC097-004286,2025-11-27,centro,telefono,1,0,,4.0
ENC097-004287,2025-11-27,sur,web,1,0,,2.4
ENC097-004288,2025-11-27,norte,telefono,1,1,3,1.6
ENC097-004289,2025-11-27,centro,web,1,1,3,4.0
ENC097-004290,2025-11-27,sur,web,1,0,,2.4
ENC097-004291,2025-11-27,norte,web,1,1,5,1.6
ENC097-004292,2025-11-28,centro,telefono,1,0,,4.0
ENC097-004293,2025-11-28,sur,web,1,1,3,2.4
ENC097-004294,2025-11-28,norte,web,1,0,,1.6
ENC097-004295,2025-11-28,centro,web,1,1,3,4.0
ENC097-004296,2025-11-28,sur,telefono,1,0,,2.4
ENC097-004297,2025-11-28,norte,web,1,1,5,1.6
ENC097-004298,2025-11-29,centro,telefono,1,1,4,4.0
ENC097-004299,2025-11-29,sur,telefono,1,0,,2.4
ENC097-004300,2025-11-29,norte,telefono,1,1,5,1.6
ENC097-004301,2025-11-29,centro,web,1,1,4,4.0
ENC097-004302,2025-11-29,sur,web,1,0,,2.4
ENC097-004303,2025-11-29,norte,web,1,1,3,1.6
ENC097-004304,2025-11-29,centro,telefono,1,1,3,4.0
ENC097-004305,2025-11-30,sur,telefono,1,0,,2.4
ENC097-004306,2025-11-30,norte,telefono,1,1,5,1.6
ENC097-004307,2025-11-30,centro,telefono,1,0,,4.0
ENC097-004308,2025-11-30,sur,web,1,0,,2.4
ENC097-004309,2025-11-30,norte,web,1,0,,1.6
ENC097-004310,2025-11-30,centro,telefono,1,1,3,4.0
ENC097-004311,2025-12-01,sur,web,1,1,2,2.4
ENC097-004312,2025-12-01,norte,web,1,1,5,1.6
ENC097-004313,2025-12-01,centro,telefono,1,0,,4.0
ENC097-004314,2025-12-01,sur,web,1,0,,2.4
ENC097-004315,2025-12-01,norte,web,1,1,4,1.6
ENC097-004316,2025-12-01,centro,telefono,1,0,,4.0
ENC097-004317,2025-12-02,sur,telefono,1,0,,2.4
ENC097-004318,2025-12-02,norte,telefono,1,1,4,1.6
ENC097-004319,2025-12-02,centro,web,1,0,,4.0
ENC097-004320,2025-12-02,sur,telefono,1,1,4,2.4
ENC097-004321,2025-12-02,norte,telefono,1,1,4,1.6
ENC097-004322,2025-12-02,centro,telefono,1,0,,4.0
ENC097-004323,2025-12-03,sur,web,1,0,,2.4
ENC097-004324,2025-12-03,norte,web,1,1,4,1.6
ENC097-004325,2025-12-03,centro,web,1,0,,4.0
ENC097-004326,2025-12-03,sur,telefono,1,1,4,2.4
ENC097-004327,2025-12-03,norte,telefono,1,1,4,1.6
ENC097-004328,2025-12-03,centro,web,1,1,2,4.0
ENC097-004329,2025-12-04,sur,web,1,1,3,2.4
ENC097-004330,2025-12-04,norte,telefono,1,1,5,1.6
ENC097-004331,2025-12-04,centro,telefono,1,0,,4.0
ENC097-004332,2025-12-04,sur,telefono,1,1,5,2.4
ENC097-004333,2025-12-04,norte,telefono,1,1,5,1.6
ENC097-004334,2025-12-04,centro,telefono,1,1,4,4.0
ENC097-004335,2025-12-05,sur,telefono,1,1,5,2.4
ENC097-004336,2025-12-05,norte,telefono,1,1,1,1.6
ENC097-004337,2025-12-05,centro,telefono,1,1,2,4.0
ENC097-004338,2025-12-05,sur,telefono,1,1,4,2.4
ENC097-004339,2025-12-05,norte,telefono,1,1,4,1.6
ENC097-004340,2025-12-05,centro,telefono,1,1,2,4.0
ENC097-004341,2025-12-06,sur,telefono,1,1,3,2.4
ENC097-004342,2025-12-06,norte,telefono,1,0,,1.6
ENC097-004343,2025-12-06,centro,telefono,1,1,2,4.0
ENC097-004344,2025-12-06,sur,telefono,1,1,3,2.4
ENC097-004345,2025-12-06,norte,web,1,1,5,1.6
ENC097-004346,2025-12-06,centro,telefono,1,1,3,4.0
ENC097-004347,2025-12-06,sur,telefono,1,1,3,2.4
ENC097-004348,2025-12-07,norte,web,1,1,4,1.6
ENC097-004349,2025-12-07,centro,web,1,0,,4.0
ENC097-004350,2025-12-07,sur,web,1,1,5,2.4
ENC097-004351,2025-12-07,norte,telefono,1,1,4,1.6
ENC097-004352,2025-12-07,centro,telefono,1,1,3,4.0
ENC097-004353,2025-12-07,sur,telefono,1,1,3,2.4
ENC097-004354,2025-12-08,norte,telefono,1,1,5,1.6
ENC097-004355,2025-12-08,centro,web,1,0,,4.0
ENC097-004356,2025-12-08,sur,web,1,1,4,2.4
ENC097-004357,2025-12-08,norte,telefono,1,1,3,1.6
ENC097-004358,2025-12-08,centro,telefono,1,1,2,4.0
ENC097-004359,2025-12-08,sur,web,1,1,3,2.4
ENC097-004360,2025-12-09,norte,web,1,0,,1.6
ENC097-004361,2025-12-09,centro,web,1,0,,4.0
ENC097-004362,2025-12-09,sur,telefono,1,1,5,2.4
ENC097-004363,2025-12-09,norte,web,1,1,4,1.6
ENC097-004364,2025-12-09,centro,telefono,1,0,,4.0
ENC097-004365,2025-12-09,sur,web,1,1,4,2.4
ENC097-004366,2025-12-10, NORTE ,telefono,1,1,4,1.6
ENC097-004367,2025-12-10,centro,telefono,1,1,4,4.0
ENC097-004368,2025-12-10,sur,web,1,1,4,2.4
ENC097-004369,2025-12-10,norte,web,1,0,,1.6
ENC097-004370,2025-12-10,centro,web,1,1,4,4.0
ENC097-004371,2025-12-10,sur,web,1,0,,2.4
ENC097-004372,2025-12-11,norte,telefono,1,0,,1.6
ENC097-004373,2025-12-11,centro,web,1,0,,4.0
ENC097-004374,2025-12-11,sur,web,1,1,3,2.4
ENC097-004375,2025-12-11,norte,web,1,0,,1.6
ENC097-004376,2025-12-11,centro,telefono,1,0,,4.0
ENC097-004377,2025-12-11,sur,telefono,1,1,4,2.4
ENC097-004378,2025-12-12,norte,web,1,0,,1.6
ENC097-004379,2025-12-12,centro,telefono,1,0,,4.0
ENC097-004380,2025-12-12,sur,web,1,1,4,2.4
ENC097-004381,2025-12-12,norte,web,1,1,5,1.6
ENC097-004382,2025-12-12,centro,telefono,1,0,,4.0
ENC097-004383,2025-12-12,sur,web,1,0,,2.4
ENC097-004384,2025-12-12,norte,web,1,1,4,1.6
ENC097-004385,2025-12-13,centro,web,1,1,2,4.0
ENC097-004386,2025-12-13,sur,web,1,1,3,2.4
ENC097-004387,2025-12-13,norte,telefono,1,0,,1.6
ENC097-004388,2025-12-13,centro,telefono,1,1,4,4.0
ENC097-004389,2025-12-13,sur,telefono,1,1,4,2.4
ENC097-004390,2025-12-13,norte,telefono,1,1,5,1.6
ENC097-004391,2025-12-14,centro,web,1,1,4,4.0
ENC097-004392,2025-12-14,sur,telefono,1,1,5,2.4
ENC097-004393,2025-12-14,norte,web,1,1,5,1.6
ENC097-004394,2025-12-14,centro,web,1,0,,4.0
ENC097-004395,2025-12-14,sur,web,1,0,,2.4
ENC097-004396,2025-12-14,norte,telefono,1,1,4,1.6
ENC097-004397,2025-12-15,centro,telefono,1,0,,4.0
ENC097-004398,2025-12-15,sur,telefono,1,0,,2.4
ENC097-004399,2025-12-15,norte,web,1,0,,1.6
ENC097-004400,2025-12-15,centro,web,1,0,,4.0
ENC097-004401,2025-12-15,sur,web,1,0,,2.4
ENC097-004402,2025-12-15,norte,web,1,1,3,1.6
ENC097-004403,2025-12-16,centro,telefono,1,0,,4.0
ENC097-004404,2025-12-16,sur,telefono,1,1,3,2.4
ENC097-004405,2025-12-16,norte,web,1,0,,1.6
ENC097-004406,2025-12-16,centro,web,1,0,,4.0
ENC097-004407,2025-12-16,sur,telefono,1,1,2,2.4
ENC097-004408,2025-12-16,norte,web,1,1,4,1.6
ENC097-004409,2025-12-17,centro,telefono,1,1,1,4.0
ENC097-004410,2025-12-17,sur,telefono,1,0,,2.4
ENC097-004411,2025-12-17,norte,telefono,1,1,5,1.6
ENC097-004412,2025-12-17,centro,web,1,0,,4.0
ENC097-004413,2025-12-17,sur,telefono,1,1,3,2.4
ENC097-004414,2025-12-17,norte,telefono,1,1,4,1.6
ENC097-004415,2025-12-18,centro,telefono,1,0,,4.0
ENC097-004416,2025-12-18,sur,telefono,1,1,2,2.4
ENC097-004417,2025-12-18,norte,telefono,1,1,4,1.6
ENC097-004418,2025-12-18,centro,web,1,1,4,4.0
ENC097-004419,2025-12-18,sur,web,1,0,,2.4
ENC097-004420,2025-12-18,norte,web,1,1,5,1.6
ENC097-004421,2025-12-19,centro,web,1,0,,4.0
ENC097-004422,2025-12-19,sur,web,1,1,4,2.4
ENC097-004423,2025-12-19,norte,telefono,1,1,3,1.6
ENC097-004424,2025-12-19,centro,telefono,1,1,5,4.0
ENC097-004425,2025-12-19,sur,web,1,1,5,2.4
ENC097-004426,2025-12-19,norte,web,1,1,2,1.6
ENC097-004427,2025-12-19,centro,telefono,1,0,,4.0
ENC097-004428,2025-12-20,sur,web,1,1,2,2.4
ENC097-004429,2025-12-20,norte,telefono,1,1,4,1.6
ENC097-004430,2025-12-20,centro,telefono,1,1,2,4.0
ENC097-004431,2025-12-20,sur,telefono,1,0,,2.4
ENC097-004432,2025-12-20,norte,web,1,1,4,1.6
ENC097-004433,2025-12-20,centro,telefono,1,1,1,4.0
ENC097-004434,2025-12-21,sur,web,1,1,4,2.4
ENC097-004435,2025-12-21,norte,web,1,1,4,1.6
ENC097-004436,2025-12-21,centro,telefono,1,0,,4.0
ENC097-004437,2025-12-21,sur,web,1,0,,2.4
ENC097-004438,2025-12-21,norte,telefono,1,1,2,1.6
ENC097-004439,2025-12-21,centro,telefono,1,1,4,4.0
ENC097-004440,2025-12-22,sur,telefono,1,0,,2.4
ENC097-004441,2025-12-22,norte,web,1,1,3,1.6
ENC097-004442,2025-12-22,centro,web,1,0,,4.0
ENC097-004443,2025-12-22,sur,telefono,1,1,5,2.4
ENC097-004444,2025-12-22,norte,web,1,1,4,1.6
ENC097-004445,2025-12-22,centro,web,1,1,2,4.0
ENC097-004446,2025-12-23,sur,web,1,1,4,2.4
ENC097-004447,2025-12-23,norte,telefono,1,1,5,1.6
ENC097-004448,2025-12-23,centro,web,1,0,,4.0
ENC097-004449,2025-12-23,sur,web,1,1,3,2.4
ENC097-004450,2025-12-23,norte,telefono,1,1,3,1.6
ENC097-004451,2025-12-23,centro,web,1,0,,4.0
ENC097-004452,2025-12-24,sur,telefono,1,0,,2.4
ENC097-004453,2025-12-24,norte,telefono,1,0,,1.6
ENC097-004454,2025-12-24,centro,web,1,1,2,4.0
ENC097-004455,2025-12-24,sur,web,1,0,,2.4
ENC097-004456,2025-12-24,norte,web,1,1,2,1.6
ENC097-004457,2025-12-24,centro,web,1,1,1,4.0
ENC097-004458,2025-12-25,sur,web,1,1,3,2.4
ENC097-004459,2025-12-25,norte,web,1,1,3,1.6
ENC097-004460,2025-12-25,centro,web,1,0,,4.0
ENC097-004461,2025-12-25,sur,web,1,1,5,2.4
ENC097-004462,2025-12-25,norte,web,1,1,5,1.6
ENC097-004463,2025-12-25, CENTRO ,web,1,0,,4.0
ENC097-004464,2025-12-25,sur,telefono,1,1,5,2.4
ENC097-004465,2025-12-26,norte,web,1,1,4,1.6
ENC097-004466,2025-12-26,centro,telefono,1,0,,4.0
ENC097-004467,2025-12-26,sur,web,1,1,3,2.4
ENC097-004468,2025-12-26,norte,telefono,1,1,5,1.6
ENC097-004469,2025-12-26,centro,telefono,1,0,,4.0
ENC097-004470,2025-12-26,sur,web,1,0,,2.4
ENC097-004471,2025-12-27,norte,web,1,0,,1.6
ENC097-004472,2025-12-27,centro,web,1,0,,4.0
ENC097-004473,2025-12-27,sur,web,1,0,,2.4
ENC097-004474,2025-12-27,norte,telefono,1,1,3,1.6
ENC097-004475,2025-12-27,centro,web,1,1,4,4.0
ENC097-004476,2025-12-27,sur,telefono,1,1,4,2.4
ENC097-004477,2025-12-28,norte,telefono,1,1,4,1.6
ENC097-004478,2025-12-28,centro,web,1,0,,4.0
ENC097-004479,2025-12-28,sur,telefono,1,1,3,2.4
ENC097-004480,2025-12-28,norte,web,1,1,5,1.6
ENC097-004481,2025-12-28,centro,telefono,1,1,2,4.0
ENC097-004482,2025-12-28,sur,telefono,1,1,4,2.4
ENC097-004483,2025-12-29,norte,web,1,1,,1.6
ENC097-004484,2025-12-29,centro,telefono,1,0,,4.0
ENC097-004485,2025-12-29,sur,web,1,1,5,2.4
ENC097-004486,2025-12-29,norte,telefono,1,0,,1.6
ENC097-004487,2025-12-29,centro,telefono,1,1,5,4.0
ENC097-004488,2025-12-29,sur,telefono,1,0,,2.4
ENC097-004489,2025-12-30,norte,telefono,1,1,4,1.6
ENC097-004490,2025-12-30,centro,telefono,1,0,,4.0
ENC097-004491,2025-12-30,sur,telefono,1,1,5,2.4
ENC097-004492,2025-12-30,norte,telefono,1,1,5,1.6
ENC097-004493,2025-12-30,centro,web,1,0,,4.0
ENC097-004494,2025-12-30,sur,web,1,1,3,2.4
ENC097-004495,2025-12-31,norte,telefono,1,1,4,1.6
ENC097-004496,2025-12-31,centro,telefono,1,0,,4.0
ENC097-004497,2025-12-31,sur,web,1,1,3,2.4
ENC097-004498,2025-12-31,norte,web,1,1,5,1.6
ENC097-004499,2025-12-31,centro,web,1,1,4,4.0
ENC097-004500,2025-12-31,sur,telefono,1,0,,2.4
ENC097-001617,2024-09-19,sur,web,1,1,3,2.4
ENC097-004380,2025-12-12,sur,web,1,1,4,2.4
ENC097-003785,2025-09-06,centro,telefono,1,0,,4.0
ENC097-000044,2024-01-07,centro,web,1,1,2,4.0
ENC097-000464,2024-03-16,centro,web,1,1,2,4.0
ENC097-001301,2024-07-30,centro,web,1,1,3,4.0
ENC097-000209,2024-02-03,centro,web,1,1,4,4.0
ENC097-000712,2024-04-25,norte,telefono,1,1,2,1.6
ENC097-003108,2025-05-19,sur,telefono,1,1,5,2.4
ENC097-004318,2025-12-02,norte,telefono,1,1,4,1.6
ENC097-003461,2025-07-16,centro,telefono,1,1,3,4.0
ENC097-000060,2024-01-10,sur,web,1,1,5,2.4
ENC097-001128,2024-07-02,sur,telefono,1,1,3,2.4
ENC097-001953,2024-11-13,sur,web,1,0,,2.4
ENC097-000643,2024-04-14,norte,telefono,1,1,2,1.6
