registro_id,fecha,cliente,plan,zona,antiguedad_meses,consumo_gb,incidencias,baja_30d,motivo_baja
TEL088-000001,2024-01-01,C0001,esencial,norte,7,10.77,0,0,
TEL088-000002,2024-01-01,C0002,plus,norte,8,28.0,0,0,
TEL088-000003,2024-01-01,C0003,total,sur,31,44.55,0,0,
TEL088-000004,2024-01-01,C0004,esencial,norte,80,8.46,0,0,
TEL088-000005,2024-01-01,C0005,plus,sur,17,24.89,0,0,
TEL088-000006,2024-01-01,C0006,total,norte,2,57.63,0,0,
TEL088-000007,2024-01-01,C0007,esencial,centro,75,10.56,1,0,
TEL088-000008,2024-01-01,C0008,plus,norte,70,26.95,2,0,
TEL088-000009,2024-01-01,C0009,total,sur,43,43.85,1,0,
TEL088-000010,2024-01-01,C0010,esencial,sur,87,13.22,1,0,
TEL088-000011,2024-01-01,C0011,plus,norte,89,34.63,0,0,
TEL088-000012,2024-01-01,C0012,total,sur,12,57.82,2,0,
TEL088-000013,2024-01-01,C0013,esencial,norte,5,0,2,0,
TEL088-000014,2024-01-01,C0014,plus,centro,70,19.84,0,0,
TEL088-000015,2024-01-01,C0015,total,centro,90,44.99,0,1,servicio
TEL088-000016,2024-01-01,C0016,esencial,sur,51,14.11,0,0,
TEL088-000017,2024-01-01,C0017,plus,sur,60,23.86,0,0,
TEL088-000018,2024-01-01,C0018,total,sur,14,40.33,1,0,
TEL088-000019,2024-01-01,C0019,esencial,norte,35,11.4,0,0,
TEL088-000020,2024-01-01,C0020,plus,sur,73,35.53,1,0,
TEL088-000021,2024-01-01,C0021,total,sur,13,44.96,0,0,
TEL088-000022,2024-01-01,C0022,esencial,centro,90,23.65,0,0,
TEL088-000023,2024-01-01,C0023,plus,centro,50,38.76,0,1,precio
TEL088-000024,2024-01-01,C0024,total,sur,89,39.76,2,0,
TEL088-000025,2024-01-01,C0025,esencial,centro,29,8.14,2,0,
TEL088-000026,2024-01-01,C0026,plus,sur,56,29.36,0,0,
TEL088-000027,2024-01-01,C0027,total,centro,13,37.04,0,0,
TEL088-000028,2024-01-01,C0028,esencial,norte,50,20.33,1,0,
TEL088-000029,2024-01-01,C0029,plus,centro,37,45.73,0,0,
TEL088-000030,2024-01-01,C0030,total,norte,42,40.77,4,0,
TEL088-000031,2024-01-01,C0031,esencial,centro,10,28.96,0,0,
TEL088-000032,2024-01-01,C0032,plus,norte,32,43.67,0,0,
TEL088-000033,2024-01-01,C0033,total,sur,89,44.55,1,0,
TEL088-000034,2024-01-01,C0034,esencial,norte,69,0,0,0,
TEL088-000035,2024-01-01,C0035,plus,sur,81,31.39,1,0,
TEL088-000036,2024-01-01,C0036,total,norte,51,42.43,0,0,
TEL088-000037,2024-01-01,C0037,esencial,norte,33,6.78,1,0,
TEL088-000038,2024-01-01,C0038,plus,centro,37,29.42,0,0,
TEL088-000039,2024-01-01,C0039,total,norte,81,60.98,2,0,
TEL088-000040,2024-01-01,C0040,esencial,norte,74,9.43,3,1,servicio
TEL088-000041,2024-01-01,C0041,plus,norte,73,4.08,0,0,
TEL088-000042,2024-01-01,C0042,total,norte,22,55.59,1,0,
TEL088-000043,2024-01-01,C0043,esencial,centro,7,2.84,1,0,
TEL088-000044,2024-01-01,C0044,plus,centro,90,26.53,2,0,
TEL088-000045,2024-01-01,C0045,total,norte,52,45.93,0,0,
TEL088-000046,2024-01-01,C0046,esencial,norte,13,2.22,2,1,precio
TEL088-000047,2024-01-01,C0047,plus,centro,62,25.43,0,0,
TEL088-000048,2024-01-01,C0048,total,sur,62,44.86,3,0,
TEL088-000049,2024-01-01,C0049,esencial,centro,86,12.12,3,1,precio
TEL088-000050,2024-01-01,C0050,plus,norte,34,37.92,0,0,
TEL088-000051,2024-01-01,C0051,total,centro,69,41.9,0,1,servicio
TEL088-000052,2024-01-01,C0052,esencial,norte,85,18.45,0,0,
TEL088-000053,2024-01-01,C0053,plus,centro,47,26.63,0,0,
TEL088-000054,2024-01-01,C0054,total,sur,48,46.95,2,0,
TEL088-000055,2024-01-01,C0055,esencial,norte,32,20.67,1,0,
TEL088-000056,2024-01-01,C0056,plus,centro,64,28.69,1,1,precio
TEL088-000057,2024-01-01,C0057,total,sur,34,46.89,0,0,
TEL088-000058,2024-01-01,C0058,esencial,centro,54,11.66,0,0,
TEL088-000059,2024-01-01,C0059,plus,centro,85,27.73,2,0,
TEL088-000060,2024-01-01,C0060,total,norte,57,51.3,0,0,
TEL088-000061,2024-01-01,C0061,esencial,centro,10,9.38,1,0,
TEL088-000062,2024-01-01,C0062,plus,centro,32,35.78,1,0,
TEL088-000063,2024-01-01,C0063,total,centro,3,42.39,0,0,
TEL088-000064,2024-01-01,C0064,esencial,centro,82,20.22,1,0,
TEL088-000065,2024-01-01,C0065,plus,centro,6,31.28,0,0,
TEL088-000066,2024-01-01,C0066,total,sur,42,54.55,3,0,
TEL088-000067,2024-01-01,C0067,esencial,sur,64,4.05,2,1,mudanza
TEL088-000068,2024-01-01,C0068,plus,norte,26,20.8,0,0,
TEL088-000069,2024-01-01,C0069,total,sur,48,46.78,0,0,
TEL088-000070,2024-01-01,C0070,esencial,centro,2,21.89,0,0,
TEL088-000071,2024-01-01,C0071,plus,centro,68,30.38,2,0,
TEL088-000072,2024-01-01,C0072,total,norte,27,46.63,2,0,
TEL088-000073,2024-01-01,C0073,esencial,sur,21,15.76,3,0,
TEL088-000074,2024-01-01,C0074,plus,centro,42,19.23,0,0,
TEL088-000075,2024-01-01,C0075,total,sur,52,51.9,2,0,
TEL088-000076,2024-01-01,C0076,esencial,centro,45,20.44,2,0,
TEL088-000077,2024-01-01,C0077,plus,sur,27,35.68,2,0,
TEL088-000078,2024-01-01,C0078,total,centro,69,60.89,0,0,
TEL088-000079,2024-01-01,C0079,esencial,sur,77,7.33,1,0,
TEL088-000080,2024-01-01,C0080,plus,sur,72,23.44,0,0,
TEL088-000081,2024-01-01,C0081,total,norte,19,32.6,0,0,
TEL088-000082,2024-01-01,C0082,esencial,centro,26,16.4,1,0,
TEL088-000083,2024-01-01,C0083,plus,centro,30,23.99,0,0,
TEL088-000084,2024-01-01,C0084,total,norte,18,,1,0,
TEL088-000085,2024-01-01,C0085,esencial,centro,37,17.25,0,0,
TEL088-000086,2024-01-01,C0086,plus,norte,65,22.71,0,0,
TEL088-000087,2024-01-01,C0087,total,centro,46,47.99,1,0,
TEL088-000088,2024-01-01,C0088,esencial,norte,10,19.05,0,0,
TEL088-000089,2024-01-01,C0089,plus,sur,31,34.51,0,1,mudanza
TEL088-000090,2024-01-01,C0090,total,sur,32,55.85,1,0,
TEL088-000091,2024-01-01,C0091,esencial,norte,52,7.64,2,0,
TEL088-000092,2024-01-01,C0092,plus,sur,28,28.15,0,0,
TEL088-000093,2024-01-01,C0093,total,centro,53,39.87,1,0,
TEL088-000094,2024-01-01,C0094,esencial,norte,34,13.5,1,0,
TEL088-000095,2024-01-01,C0095,plus,norte,75,30.69,2,0,
TEL088-000096,2024-01-01,C0096,total,sur,67,52.99,1,0,
TEL088-000097,2024-01-01,C0097,esencial,norte,20,8.34,0,0,
TEL088-000098,2024-01-01,C0098, PLUS ,centro,20,44.1,0,0,
TEL088-000099,2024-01-01,C0099,total,sur,75,42.92,0,0,
TEL088-000100,2024-01-01,C0100,esencial,norte,4,17.77,0,1,mudanza
TEL088-000101,2024-01-01,C0101,plus,sur,19,13.89,1,0,
TEL088-000102,2024-01-01,C0102,total,centro,68,51.78,1,0,
TEL088-000103,2024-01-01,C0103,esencial,sur,40,1.46,0,0,
TEL088-000104,2024-01-01,C0104,plus,centro,10,36.86,0,0,
TEL088-000105,2024-01-01,C0105,total,norte,15,37.26,0,0,
TEL088-000106,2024-01-01,C0106,esencial,centro,53,12.31,1,0,
TEL088-000107,2024-01-01,C0107,plus,centro,5,22.64,0,0,
TEL088-000108,2024-01-01,C0108,total,centro,1,47.93,1,0,
TEL088-000109,2024-01-01,C0109,esencial,sur,65,12.23,1,0,
TEL088-000110,2024-01-01,C0110,plus,centro,83,31.12,0,0,
TEL088-000111,2024-01-01,C0111,total,norte,23,55.18,0,0,
TEL088-000112,2024-01-01,C0112,esencial,norte,22,10.05,0,1,mudanza
TEL088-000113,2024-01-01,C0113,plus,sur,31,30.72,0,0,
TEL088-000114,2024-01-01,C0114,total,norte,20,55.96,0,0,
TEL088-000115,2024-01-01,C0115,esencial,centro,22,1.19,1,0,
TEL088-000116,2024-01-01,C0116,plus,centro,12,37.24,0,0,
TEL088-000117,2024-01-01,C0117,total,sur,60,57.46,2,0,
TEL088-000118,2024-01-01,C0118,esencial,norte,14,15.81,1,0,
TEL088-000119,2024-01-01,C0119,plus,sur,46,38.6,0,0,
TEL088-000120,2024-01-01,C0120,total,norte,84,47.86,1,0,
TEL088-000121,2024-02-01,C0001,esencial,norte,8,11.37,1,1,servicio
TEL088-000122,2024-02-01,C0002,plus,norte,9,28.17,3,0,
TEL088-000123,2024-02-01,C0003,total,sur,32,40.45,0,0,
TEL088-000124,2024-02-01,C0004,esencial,norte,81,8.75,0,0,
TEL088-000125,2024-02-01,C0005,plus,sur,18,34.74,2,1,servicio
TEL088-000126,2024-02-01,C0006,total,norte,3,42.4,0,0,
TEL088-000127,2024-02-01,C0007,esencial,centro,76,6.12,3,0,
TEL088-000128,2024-02-01,C0008,plus,norte,71,24.61,0,0,
TEL088-000129,2024-02-01,C0009,total,sur,44,56.58,0,0,
TEL088-000130,2024-02-01,C0010,esencial,sur,88,17.96,2,0,
TEL088-000131,2024-02-01,C0011,plus,norte,90,20.29,1,0,
TEL088-000132,2024-02-01,C0012,total,sur,13,57.36,1,0,
TEL088-000133,2024-02-01,C0013,esencial,norte,6,11.5,0,0,
TEL088-000134,2024-02-01,C0014,plus,centro,71,24.77,0,0,
TEL088-000135,2024-02-01,C0015,total,centro,91,47.69,0,0,
TEL088-000136,2024-02-01,C0016,esencial,sur,52,7.02,1,0,
TEL088-000137,2024-02-01,C0017,plus,sur,61,34.87,1,0,
TEL088-000138,2024-02-01,C0018,total,sur,15,46.84,1,0,
TEL088-000139,2024-02-01,C0019,esencial,norte,36,23.65,0,0,
TEL088-000140,2024-02-01,C0020,plus,sur,74,51.6,0,0,
TEL088-000141,2024-02-01,C0021,total,sur,14,56.17,3,0,
TEL088-000142,2024-02-01,C0022,esencial,centro,91,11.12,0,0,
TEL088-000143,2024-02-01,C0023,plus,centro,51,35.55,0,0,
TEL088-000144,2024-02-01,C0024,total,sur,90,47.38,0,0,
TEL088-000145,2024-02-01,C0025,esencial,centro,30,3.44,2,0,
TEL088-000146,2024-02-01,C0026,plus,sur,57,25.47,1,0,
TEL088-000147,2024-02-01,C0027,total,centro,14,52.38,1,0,
TEL088-000148,2024-02-01,C0028,esencial,norte,51,2.83,0,0,
TEL088-000149,2024-02-01,C0029,plus,centro,38,24.69,2,0,
TEL088-000150,2024-02-01,C0030,total,norte,43,34.26,1,0,
TEL088-000151,2024-02-01,C0031,esencial,centro,11,21.0,1,0,
TEL088-000152,2024-02-01,C0032,plus,norte,33,31.55,2,1,servicio
TEL088-000153,2024-02-01,C0033,total,sur,90,60.62,1,0,
TEL088-000154,2024-02-01,C0034,esencial,norte,70,10.38,1,0,
TEL088-000155,2024-02-01,C0035,plus,sur,82,24.56,1,1,mudanza
TEL088-000156,2024-02-01,C0036,total,norte,52,44.14,0,0,
TEL088-000157,2024-02-01,C0037,esencial,norte,34,22.94,1,0,
TEL088-000158,2024-02-01,C0038,plus,centro,38,22.15,1,0,
TEL088-000159,2024-02-01,C0039,total,norte,82,43.5,1,0,
TEL088-000160,2024-02-01,C0040,esencial,norte,75,5.78,0,0,
TEL088-000161,2024-02-01,C0041,plus,norte,74,34.67,0,0,
TEL088-000162,2024-02-01,C0042,total,norte,23,27.51,0,0,
TEL088-000163,2024-02-01,C0043,esencial,centro,8,8.21,0,0,
TEL088-000164,2024-02-01,C0044,plus,centro,91,22.77,3,0,
TEL088-000165,2024-02-01,C0045,total,norte,53,44.07,3,1,mudanza
TEL088-000166,2024-02-01,C0046,esencial,norte,14,16.28,2,1,servicio
TEL088-000167,2024-02-01,C0047,plus,centro,63,,0,0,
TEL088-000168,2024-02-01,C0048,total,sur,63,62.55,0,0,
TEL088-000169,2024-02-01,C0049,esencial,centro,87,22.65,1,0,
TEL088-000170,2024-02-01,C0050,plus,norte,35,31.8,1,0,
TEL088-000171,2024-02-01,C0051,total,centro,70,57.12,2,0,
TEL088-000172,2024-02-01,C0052,esencial,norte,86,4.89,1,0,
TEL088-000173,2024-02-01,C0053,plus,centro,48,39.79,0,0,
TEL088-000174,2024-02-01,C0054,total,sur,49,47.09,0,0,
TEL088-000175,2024-02-01,C0055,esencial,norte,33,8.47,1,0,
TEL088-000176,2024-02-01,C0056,plus,centro,65,30.97,0,0,
TEL088-000177,2024-02-01,C0057,total,sur,35,35.56,0,0,
TEL088-000178,2024-02-01,C0058,esencial,centro,55,15.78,0,0,
TEL088-000179,2024-02-01,C0059,plus,centro,86,23.89,1,0,
TEL088-000180,2024-02-01,C0060,total,norte,58,52.31,0,0,
TEL088-000181,2024-02-01,C0061,esencial,centro,11,26.79,0,0,
TEL088-000182,2024-02-01,C0062,plus,centro,33,48.73,0,0,
TEL088-000183,2024-02-01,C0063,total,centro,4,31.29,0,0,
TEL088-000184,2024-02-01,C0064,esencial,centro,83,0,0,0,
TEL088-000185,2024-02-01,C0065,plus,centro,7,31.57,0,0,
TEL088-000186,2024-02-01,C0066,total,sur,43,48.87,1,0,
TEL088-000187,2024-02-01,C0067,esencial,sur,65,17.4,0,0,
TEL088-000188,2024-02-01,C0068,plus,norte,27,30.35,0,0,
TEL088-000189,2024-02-01,C0069,total,sur,49,54.14,0,0,
TEL088-000190,2024-02-01,C0070,esencial,centro,3,0,0,1,mudanza
TEL088-000191,2024-02-01,C0071,plus,centro,69,40.93,1,0,
TEL088-000192,2024-02-01,C0072,total,norte,28,37.06,3,0,
TEL088-000193,2024-02-01,C0073,esencial,sur,22,19.42,2,0,
TEL088-000194,2024-02-01,C0074,plus,centro,43,40.15,3,0,
TEL088-000195,2024-02-01,C0075, TOTAL ,sur,53,44.53,1,0,
TEL088-000196,2024-02-01,C0076,esencial,centro,46,10.98,2,0,
TEL088-000197,2024-02-01,C0077,plus,sur,28,27.93,0,0,
TEL088-000198,2024-02-01,C0078,total,centro,70,37.65,0,0,
TEL088-000199,2024-02-01,C0079,esencial,sur,78,0,1,0,
TEL088-000200,2024-02-01,C0080,plus,sur,73,23.82,1,0,
TEL088-000201,2024-02-01,C0081,total,norte,20,48.47,2,0,
TEL088-000202,2024-02-01,C0082,esencial,centro,27,14.91,0,0,
TEL088-000203,2024-02-01,C0083,plus,centro,31,31.6,2,0,
TEL088-000204,2024-02-01,C0084,total,norte,19,54.77,0,0,
TEL088-000205,2024-02-01,C0085,esencial,centro,38,19.21,1,0,
TEL088-000206,2024-02-01,C0086,plus,norte,66,30.43,1,0,
TEL088-000207,2024-02-01,C0087,total,centro,47,40.42,0,0,
TEL088-000208,2024-02-01,C0088,esencial,norte,11,19.4,0,0,
TEL088-000209,2024-02-01,C0089,plus,sur,32,25.87,0,0,
TEL088-000210,2024-02-01,C0090,total,sur,33,42.71,1,1,servicio
TEL088-000211,2024-02-01,C0091,esencial,norte,53,25.38,2,0,
TEL088-000212,2024-02-01,C0092,plus,sur,29,"35,06",1,0,
TEL088-000213,2024-02-01,C0093,total,centro,54,46.18,1,0,
TEL088-000214,2024-02-01,C0094,esencial,norte,35,7.88,1,0,
TEL088-000215,2024-02-01,C0095,plus,norte,76,10.47,0,0,
TEL088-000216,2024-02-01,C0096,total,sur,68,54.89,3,0,
TEL088-000217,2024-02-01,C0097,esencial,norte,21,23.37,1,0,
TEL088-000218,2024-02-01,C0098,plus,centro,21,48.4,0,0,
TEL088-000219,2024-02-01,C0099,total,sur,76,59.93,1,0,
TEL088-000220,2024-02-01,C0100,esencial,norte,5,17.48,1,0,
TEL088-000221,2024-02-01,C0101,plus,sur,20,29.27,1,0,
TEL088-000222,2024-02-01,C0102,total,centro,69,51.18,0,0,
TEL088-000223,2024-02-01,C0103,esencial,sur,41,11.85,0,0,
TEL088-000224,2024-02-01,C0104,plus,centro,11,31.27,2,0,
TEL088-000225,2024-02-01,C0105,total,norte,16,57.74,0,0,
TEL088-000226,2024-02-01,C0106,esencial,centro,54,11.22,1,0,
TEL088-000227,2024-02-01,C0107,plus,centro,6,34.34,1,0,
TEL088-000228,2024-02-01,C0108,total,centro,2,45.81,0,0,
TEL088-000229,2024-02-01,C0109,esencial,sur,66,7.38,0,0,
TEL088-000230,2024-02-01,C0110,plus,centro,84,34.93,0,0,
TEL088-000231,2024-02-01,C0111,total,norte,24,53.33,0,0,
TEL088-000232,2024-02-01,C0112,esencial,norte,23,14.14,2,0,
TEL088-000233,2024-02-01,C0113,plus,sur,32,28.08,0,0,
TEL088-000234,2024-02-01,C0114,total,norte,21,45.54,1,0,
TEL088-000235,2024-02-01,C0115,esencial,centro,23,15.85,0,0,
TEL088-000236,2024-02-01,C0116,plus,centro,13,31.52,0,0,
TEL088-000237,2024-02-01,C0117,total,sur,61,49.08,2,1,mudanza
TEL088-000238,2024-02-01,C0118,esencial,norte,15,33.16,2,0,
TEL088-000239,2024-02-01,C0119,plus,sur,47,40.49,3,0,
TEL088-000240,2024-02-01,C0120,total,norte,85,43.28,0,0,
TEL088-000241,2024-03-03,C0001,esencial,norte,9,21.86,0,0,
TEL088-000242,2024-03-03,C0002,plus,norte,10,42.45,1,0,
TEL088-000243,2024-03-03,C0003,total,sur,33,49.31,0,0,
TEL088-000244,2024-03-03,C0004,esencial,norte,82,14.45,0,0,
TEL088-000245,2024-03-03,C0005,plus,sur,19,35.99,1,1,mudanza
TEL088-000246,2024-03-03,C0006,total,norte,4,43.15,0,0,
TEL088-000247,2024-03-03,C0007,esencial,centro,77,4.59,0,0,
TEL088-000248,2024-03-03,C0008,plus,norte,72,21.72,3,0,
TEL088-000249,2024-03-03,C0009,total,sur,45,42.26,0,0,
TEL088-000250,2024-03-03,C0010,esencial,sur,89,,0,0,
TEL088-000251,2024-03-03,C0011,plus,norte,91,25.36,2,0,
TEL088-000252,2024-03-03,C0012,total,sur,14,50.06,0,0,
TEL088-000253,2024-03-03,C0013,esencial,norte,7,14.42,1,0,
TEL088-000254,2024-03-03,C0014,plus,centro,72,30.78,1,0,
TEL088-000255,2024-03-03,C0015,total,centro,92,50.31,3,0,
TEL088-000256,2024-03-03,C0016,esencial,sur,53,20.82,0,0,
TEL088-000257,2024-03-03,C0017,plus,sur,62,18.52,0,0,
TEL088-000258,2024-03-03,C0018,total,sur,16,45.13,0,0,
TEL088-000259,2024-03-03,C0019,esencial,norte,37,20.21,0,0,
TEL088-000260,2024-03-03,C0020,plus,sur,75,23.56,0,0,
TEL088-000261,2024-03-03,C0021,total,sur,15,48.59,1,1,servicio
TEL088-000262,2024-03-03,C0022,esencial,centro,92,5.02,0,0,
TEL088-000263,2024-03-03,C0023,plus,centro,52,26.97,0,0,
TEL088-000264,2024-03-03,C0024,total,sur,91,30.83,0,0,
TEL088-000265,2024-03-03,C0025,esencial,centro,31,10.28,0,0,
TEL088-000266,2024-03-03,C0026,plus,sur,58,27.3,0,0,
TEL088-000267,2024-03-03,C0027,total,centro,15,47.28,0,0,
TEL088-000268,2024-03-03,C0028,esencial,norte,52,0.12,1,0,
TEL088-000269,2024-03-03,C0029,plus,centro,39,23.9,0,0,
TEL088-000270,2024-03-03,C0030,total,norte,44,50.15,0,0,
TEL088-000271,2024-03-03,C0031,esencial,centro,12,12.16,0,0,
TEL088-000272,2024-03-03,C0032,plus,norte,34,27.0,0,0,
TEL088-000273,2024-03-03,C0033,total,sur,91,54.69,0,0,
TEL088-000274,2024-03-03,C0034,esencial,norte,71,9.05,0,0,
TEL088-000275,2024-03-03,C0035,plus,sur,83,36.36,1,0,
TEL088-000276,2024-03-03,C0036,total,norte,53,43.21,1,0,
TEL088-000277,2024-03-03,C0037,esencial,norte,35,13.67,0,0,
TEL088-000278,2024-03-03,C0038,plus,centro,39,29.29,0,0,
TEL088-000279,2024-03-03,C0039,total,norte,83,47.85,2,0,
TEL088-000280,2024-03-03,C0040,esencial,norte,76,13.39,0,0,
TEL088-000281,2024-03-03,C0041,plus,norte,75,27.81,0,0,
TEL088-000282,2024-03-03,C0042,total,norte,24,53.87,0,0,
TEL088-000283,2024-03-03,C0043,esencial,centro,9,16.34,0,0,
TEL088-000284,2024-03-03,C0044,plus,centro,92,36.0,0,0,
TEL088-000285,2024-03-03,C0045,total,norte,54,54.44,0,0,
TEL088-000286,2024-03-03,C0046,esencial,norte,15,8.19,0,0,
TEL088-000287,2024-03-03,C0047,plus,centro,64,24.39,0,0,
TEL088-000288,2024-03-03,C0048,total,sur,64,45.61,0,0,
TEL088-000289,2024-03-03,C0049,esencial,centro,88,18.38,0,1,servicio
TEL088-000290,2024-03-03,C0050,plus,norte,36,16.95,0,0,
TEL088-000291,2024-03-03,C0051,total,centro,71,40.53,0,0,
TEL088-000292,2024-03-03,C0052, ESENCIAL ,norte,87,29.34,1,0,
TEL088-000293,2024-03-03,C0053,plus,centro,49,17.85,4,1,servicio
TEL088-000294,2024-03-03,C0054,total,sur,50,52.67,0,0,
TEL088-000295,2024-03-03,C0055,esencial,norte,34,16.88,0,0,
TEL088-000296,2024-03-03,C0056,plus,centro,66,32.05,1,0,
TEL088-000297,2024-03-03,C0057,total,sur,36,35.31,0,0,
TEL088-000298,2024-03-03,C0058,esencial,centro,56,18.8,0,0,
TEL088-000299,2024-03-03,C0059,plus,centro,87,28.15,1,0,
TEL088-000300,2024-03-03,C0060,total,norte,59,56.0,0,0,
TEL088-000301,2024-03-03,C0061,esencial,centro,12,27.71,0,0,
TEL088-000302,2024-03-03,C0062,plus,centro,34,33.14,0,0,
TEL088-000303,2024-03-03,C0063,total,centro,5,57.73,2,0,
TEL088-000304,2024-03-03,C0064,esencial,centro,84,1.97,0,0,
TEL088-000305,2024-03-03,C0065,plus,centro,8,13.96,1,0,
TEL088-000306,2024-03-03,C0066,total,sur,44,46.52,0,0,
TEL088-000307,2024-03-03,C0067,esencial,sur,66,3.57,2,0,
TEL088-000308,2024-03-03,C0068,plus,norte,28,36.74,1,0,
TEL088-000309,2024-03-03,C0069,total,sur,50,48.12,0,0,
TEL088-000310,2024-03-03,C0070,esencial,centro,4,1.66,0,0,
TEL088-000311,2024-03-03,C0071,plus,centro,70,32.54,0,0,
TEL088-000312,2024-03-03,C0072,total,norte,29,51.66,2,0,
TEL088-000313,2024-03-03,C0073,esencial,sur,23,12.02,0,0,
TEL088-000314,2024-03-03,C0074,plus,centro,44,35.77,2,0,
TEL088-000315,2024-03-03,C0075,total,sur,54,37.2,0,0,
TEL088-000316,2024-03-03,C0076,esencial,centro,47,19.7,1,0,
TEL088-000317,2024-03-03,C0077,plus,sur,29,25.69,3,1,mudanza
TEL088-000318,2024-03-03,C0078,total,centro,71,41.84,0,0,
TEL088-000319,2024-03-03,C0079,esencial,sur,79,13.26,0,0,
TEL088-000320,2024-03-03,C0080,plus,sur,74,33.74,0,0,
TEL088-000321,2024-03-03,C0081,total,norte,21,56.03,1,0,
TEL088-000322,2024-03-03,C0082,esencial,centro,28,10.26,2,1,mudanza
TEL088-000323,2024-03-03,C0083,plus,centro,32,28.87,0,1,servicio
TEL088-000324,2024-03-03,C0084,total,norte,20,48.81,0,0,
TEL088-000325,2024-03-03,C0085,esencial,centro,39,18.78,2,0,
TEL088-000326,2024-03-03,C0086,plus,norte,67,31.27,1,0,
TEL088-000327,2024-03-03,C0087,total,centro,48,45.41,0,0,
TEL088-000328,2024-03-03,C0088,esencial,norte,12,13.79,1,0,
TEL088-000329,2024-03-03,C0089,plus,sur,33,23.18,1,1,servicio
TEL088-000330,2024-03-03,C0090,total,sur,34,47.19,1,0,
TEL088-000331,2024-03-03,C0091,esencial,norte,54,23.47,0,0,
TEL088-000332,2024-03-03,C0092,plus,sur,30,22.13,2,0,
TEL088-000333,2024-03-03,C0093,total,centro,55,,0,0,
TEL088-000334,2024-03-03,C0094,esencial,norte,36,17.38,2,0,
TEL088-000335,2024-03-03,C0095,plus,norte,77,47.33,3,1,precio
TEL088-000336,2024-03-03,C0096,total,sur,69,38.92,4,0,
TEL088-000337,2024-03-03,C0097,esencial,norte,22,4.7,0,0,
TEL088-000338,2024-03-03,C0098,plus,centro,22,16.6,1,0,
TEL088-000339,2024-03-03,C0099,total,sur,77,49.05,2,0,
TEL088-000340,2024-03-03,C0100,esencial,norte,6,24.13,1,1,precio
TEL088-000341,2024-03-03,C0101,plus,sur,21,33.57,2,0,
TEL088-000342,2024-03-03,C0102,total,centro,70,55.95,0,0,
TEL088-000343,2024-03-03,C0103,esencial,sur,42,0,0,0,
TEL088-000344,2024-03-03,C0104,plus,centro,12,49.07,1,0,
TEL088-000345,2024-03-03,C0105,total,norte,17,42.96,4,0,
TEL088-000346,2024-03-03,C0106,esencial,centro,55,16.24,0,0,
TEL088-000347,2024-03-03,C0107,plus,centro,7,20.84,1,0,
TEL088-000348,2024-03-03,C0108,total,centro,3,39.52,3,0,
TEL088-000349,2024-03-03,C0109,esencial,sur,67,20.73,0,0,
TEL088-000350,2024-03-03,C0110,plus,centro,85,39.27,0,0,
TEL088-000351,2024-03-03,C0111,total,norte,25,44.87,0,0,
TEL088-000352,2024-03-03,C0112,esencial,norte,24,19.27,0,0,
TEL088-000353,2024-03-03,C0113,plus,sur,33,11.41,2,1,mudanza
TEL088-000354,2024-03-03,C0114,total,norte,22,59.46,0,0,
TEL088-000355,2024-03-03,C0115,esencial,centro,24,13.66,0,0,
TEL088-000356,2024-03-03,C0116,plus,centro,14,14.55,3,0,
TEL088-000357,2024-03-03,C0117,total,sur,62,45.27,1,0,
TEL088-000358,2024-03-03,C0118,esencial,norte,16,17.41,0,0,
TEL088-000359,2024-03-03,C0119,plus,sur,48,35.77,0,0,
TEL088-000360,2024-03-03,C0120,total,norte,86,44.57,2,0,
TEL088-000361,2024-04-03,C0001,esencial,norte,10,19.76,0,0,
TEL088-000362,2024-04-03,C0002,plus,norte,11,26.11,2,0,
TEL088-000363,2024-04-03,C0003,total,sur,34,41.83,0,1,mudanza
TEL088-000364,2024-04-03,C0004,esencial,norte,83,7.29,1,0,
TEL088-000365,2024-04-03,C0005,plus,sur,20,19.42,1,0,
TEL088-000366,2024-04-03,C0006,total,norte,5,47.42,0,0,
TEL088-000367,2024-04-03,C0007,esencial,centro,78,17.81,0,0,
TEL088-000368,2024-04-03,C0008,plus,norte,73,20.91,0,0,
TEL088-000369,2024-04-03,C0009,total,sur,46,41.47,0,1,precio
TEL088-000370,2024-04-03,C0010,esencial,sur,90,10.37,1,0,
TEL088-000371,2024-04-03,C0011,plus,norte,92,50.63,1,0,
TEL088-000372,2024-04-03,C0012,total,sur,15,60.43,3,0,
TEL088-000373,2024-04-03,C0013,esencial,norte,8,13.43,1,0,
TEL088-000374,2024-04-03,C0014,plus,centro,73,30.99,2,0,
TEL088-000375,2024-04-03,C0015,total,centro,93,34.73,1,0,
TEL088-000376,2024-04-03,C0016,esencial,sur,54,16.11,1,0,
TEL088-000377,2024-04-03,C0017,plus,sur,63,6.62,1,0,
TEL088-000378,2024-04-03,C0018,total,sur,17,44.87,0,0,
TEL088-000379,2024-04-03,C0019,esencial,norte,38,7.15,0,0,
TEL088-000380,2024-04-03,C0020,plus,sur,76,23.39,0,0,
TEL088-000381,2024-04-03,C0021,total,sur,16,51.56,0,0,
TEL088-000382,2024-04-03,C0022,esencial,centro,93,12.93,0,0,
TEL088-000383,2024-04-03,C0023,plus,centro,53,28.38,1,0,
TEL088-000384,2024-04-03,C0024,total,sur,92,60.86,0,0,
TEL088-000385,2024-04-03,C0025,esencial,centro,32,5.69,1,0,
TEL088-000386,2024-04-03,C0026,plus,sur,59,29.99,2,0,
TEL088-000387,2024-04-03,C0027,total,centro,16,50.87,0,0,
TEL088-000388,2024-04-03,C0028,esencial,norte,53,10.06,0,0,
TEL088-000389,2024-04-03,C0029, PLUS ,centro,40,23.62,0,0,
TEL088-000390,2024-04-03,C0030,total,norte,45,54.9,3,1,servicio
TEL088-000391,2024-04-03,C0031,esencial,centro,13,14.63,0,0,
TEL088-000392,2024-04-03,C0032,plus,norte,35,30.25,0,0,
TEL088-000393,2024-04-03,C0033,total,sur,92,52.42,0,0,
TEL088-000394,2024-04-03,C0034,esencial,norte,72,21.24,0,0,
TEL088-000395,2024-04-03,C0035,plus,sur,84,21.48,0,0,
TEL088-000396,2024-04-03,C0036,total,norte,54,65.32,0,0,
TEL088-000397,2024-04-03,C0037,esencial,norte,36,7.33,3,1,precio
TEL088-000398,2024-04-03,C0038,plus,centro,40,36.42,0,0,
TEL088-000399,2024-04-03,C0039,total,norte,84,48.06,1,0,
TEL088-000400,2024-04-03,C0040,esencial,norte,77,0,0,0,
TEL088-000401,2024-04-03,C0041,plus,norte,76,20.61,0,0,
TEL088-000402,2024-04-03,C0042,total,norte,25,41.74,0,0,
TEL088-000403,2024-04-03,C0043,esencial,centro,10,20.86,3,1,precio
TEL088-000404,2024-04-03,C0044,plus,centro,93,36.11,0,0,
TEL088-000405,2024-04-03,C0045,total,norte,55,52.73,0,0,
TEL088-000406,2024-04-03,C0046,esencial,norte,16,7.18,1,0,
TEL088-000407,2024-04-03,C0047,plus,centro,65,41.35,0,1,mudanza
TEL088-000408,2024-04-03,C0048,total,sur,65,46.17,2,0,
TEL088-000409,2024-04-03,C0049,esencial,centro,89,7.4,2,0,
TEL088-000410,2024-04-03,C0050,plus,norte,37,22.57,3,0,
TEL088-000411,2024-04-03,C0051,total,centro,72,43.84,1,0,
TEL088-000412,2024-04-03,C0052,esencial,norte,88,7.84,2,0,
TEL088-000413,2024-04-03,C0053,plus,centro,50,33.0,0,0,
TEL088-000414,2024-04-03,C0054,total,sur,51,58.21,0,0,
TEL088-000415,2024-04-03,C0055,esencial,norte,35,0,1,0,
TEL088-000416,2024-04-03,C0056,plus,centro,67,,0,0,
TEL088-000417,2024-04-03,C0057,total,sur,37,54.26,0,0,
TEL088-000418,2024-04-03,C0058,esencial,centro,57,7.86,0,0,
TEL088-000419,2024-04-03,C0059,plus,centro,88,21.92,1,0,
TEL088-000420,2024-04-03,C0060,total,norte,60,47.9,0,0,
TEL088-000421,2024-04-03,C0061,esencial,centro,13,13.39,0,0,
TEL088-000422,2024-04-03,C0062,plus,centro,35,27.89,0,0,
TEL088-000423,2024-04-03,C0063,total,centro,6,"37,23",0,0,
TEL088-000424,2024-04-03,C0064,esencial,centro,85,3.42,1,1,servicio
TEL088-000425,2024-04-03,C0065,plus,centro,9,35.0,1,0,
TEL088-000426,2024-04-03,C0066,total,sur,45,43.58,0,0,
TEL088-000427,2024-04-03,C0067,esencial,sur,67,1.33,0,0,
TEL088-000428,2024-04-03,C0068,plus,norte,29,35.44,0,0,
TEL088-000429,2024-04-03,C0069,total,sur,51,51.21,0,0,
TEL088-000430,2024-04-03,C0070,esencial,centro,5,0,0,0,
TEL088-000431,2024-04-03,C0071,plus,centro,71,30.27,0,0,
TEL088-000432,2024-04-03,C0072,total,norte,30,-999,1,0,
TEL088-000433,2024-04-03,C0073,esencial,sur,24,22.58,0,0,
TEL088-000434,2024-04-03,C0074,plus,centro,45,29.3,0,0,
TEL088-000435,2024-04-03,C0075,total,sur,55,47.88,3,0,
TEL088-000436,2024-04-03,C0076,esencial,centro,48,4.81,1,0,
TEL088-000437,2024-04-03,C0077,plus,sur,30,41.03,1,0,
TEL088-000438,2024-04-03,C0078,total,centro,72,46.73,0,0,
TEL088-000439,2024-04-03,C0079,esencial,sur,80,18.54,0,0,
TEL088-000440,2024-04-03,C0080,plus,sur,75,23.97,0,0,
TEL088-000441,2024-04-03,C0081,total,norte,22,47.15,1,0,
TEL088-000442,2024-04-03,C0082,esencial,centro,29,17.79,0,0,
TEL088-000443,2024-04-03,C0083,plus,centro,33,17.18,0,0,
TEL088-000444,2024-04-03,C0084,total,norte,21,49.99,1,0,
TEL088-000445,2024-04-03,C0085,esencial,centro,40,9.04,1,0,
TEL088-000446,2024-04-03,C0086,plus,norte,68,31.18,0,0,
TEL088-000447,2024-04-03,C0087,total,centro,49,50.28,1,0,
TEL088-000448,2024-04-03,C0088,esencial,norte,13,18.31,2,0,
TEL088-000449,2024-04-03,C0089,plus,sur,34,32.6,2,0,
TEL088-000450,2024-04-03,C0090,total,sur,35,35.37,0,0,
TEL088-000451,2024-04-03,C0091,esencial,norte,55,23.48,4,0,
TEL088-000452,2024-04-03,C0092,plus,sur,31,24.43,0,0,
TEL088-000453,2024-04-03,C0093,total,centro,56,46.33,1,0,
TEL088-000454,2024-04-03,C0094,esencial,norte,37,10.77,0,0,
TEL088-000455,2024-04-03,C0095,plus,norte,78,28.46,1,0,
TEL088-000456,2024-04-03,C0096,total,sur,70,49.84,0,0,
TEL088-000457,2024-04-03,C0097,esencial,norte,23,2.9,0,0,
TEL088-000458,2024-04-03,C0098,plus,centro,23,26.07,1,0,
TEL088-000459,2024-04-03,C0099,total,sur,78,42.26,3,1,servicio
TEL088-000460,2024-04-03,C0100,esencial,norte,7,8.11,0,0,
TEL088-000461,2024-04-03,C0101,plus,sur,22,43.25,1,0,
TEL088-000462,2024-04-03,C0102,total,centro,71,51.98,0,0,
TEL088-000463,2024-04-03,C0103,esencial,sur,43,11.81,0,0,
TEL088-000464,2024-04-03,C0104,plus,centro,13,31.07,1,0,
TEL088-000465,2024-04-03,C0105,total,norte,18,23.64,1,0,
TEL088-000466,2024-04-03,C0106,esencial,centro,56,17.41,0,0,
TEL088-000467,2024-04-03,C0107,plus,centro,8,26.14,0,0,
TEL088-000468,2024-04-03,C0108,total,centro,4,49.56,0,0,
TEL088-000469,2024-04-03,C0109,esencial,sur,68,12.55,0,0,
TEL088-000470,2024-04-03,C0110,plus,centro,86,31.57,1,0,
TEL088-000471,2024-04-03,C0111,total,norte,26,42.76,0,0,
TEL088-000472,2024-04-03,C0112,esencial,norte,25,18.19,0,0,
TEL088-000473,2024-04-03,C0113,plus,sur,34,26.0,0,0,
TEL088-000474,2024-04-03,C0114,total,norte,23,42.56,1,0,
TEL088-000475,2024-04-03,C0115,esencial,centro,25,15.69,2,0,
TEL088-000476,2024-04-03,C0116,plus,centro,15,35.88,0,0,
TEL088-000477,2024-04-03,C0117,total,sur,63,49.71,0,0,
TEL088-000478,2024-04-03,C0118,esencial,norte,17,28.29,0,0,
TEL088-000479,2024-04-03,C0119,plus,sur,49,27.73,0,0,
TEL088-000480,2024-04-03,C0120,total,norte,87,43.7,0,0,
TEL088-000481,2024-05-04,C0001,esencial,norte,11,18.86,1,0,
TEL088-000482,2024-05-04,C0002,plus,norte,12,35.52,0,0,
TEL088-000483,2024-05-04,C0003,total,sur,35,49.25,1,0,
TEL088-000484,2024-05-04,C0004,esencial,norte,84,20.42,1,0,
TEL088-000485,2024-05-04,C0005,plus,sur,21,36.45,1,0,
TEL088-000486,2024-05-04,C0006, TOTAL ,norte,6,44.17,1,0,
TEL088-000487,2024-05-04,C0007,esencial,centro,79,10.98,2,1,mudanza
TEL088-000488,2024-05-04,C0008,plus,norte,74,35.56,0,0,
TEL088-000489,2024-05-04,C0009,total,sur,47,42.55,0,0,
TEL088-000490,2024-05-04,C0010,esencial,sur,91,3.95,1,0,
TEL088-000491,2024-05-04,C0011,plus,norte,93,21.87,0,0,
TEL088-000492,2024-05-04,C0012,total,sur,16,55.96,1,0,
TEL088-000493,2024-05-04,C0013,esencial,norte,9,23.0,0,0,
TEL088-000494,2024-05-04,C0014,plus,centro,74,29.69,0,0,
TEL088-000495,2024-05-04,C0015,total,centro,94,55.59,2,0,
TEL088-000496,2024-05-04,C0016,esencial,sur,55,8.1,0,0,
TEL088-000497,2024-05-04,C0017,plus,sur,64,12.67,1,0,
TEL088-000498,2024-05-04,C0018,total,sur,18,61.44,3,0,
TEL088-000499,2024-05-04,C0019,esencial,norte,39,,1,0,
TEL088-000500,2024-05-04,C0020,plus,sur,77,17.54,0,0,
TEL088-000501,2024-05-04,C0021,total,sur,17,47.78,0,0,
TEL088-000502,2024-05-04,C0022,esencial,centro,94,0,3,0,
TEL088-000503,2024-05-04,C0023,plus,centro,54,13.58,3,0,
TEL088-000504,2024-05-04,C0024,total,sur,93,54.6,1,0,
TEL088-000505,2024-05-04,C0025,esencial,centro,33,12.91,0,0,
TEL088-000506,2024-05-04,C0026,plus,sur,60,31.74,1,0,
TEL088-000507,2024-05-04,C0027,total,centro,17,51.53,0,0,
TEL088-000508,2024-05-04,C0028,esencial,norte,54,11.38,0,0,
TEL088-000509,2024-05-04,C0029,plus,centro,41,10.92,2,0,
TEL088-000510,2024-05-04,C0030,total,norte,46,51.65,1,0,
TEL088-000511,2024-05-04,C0031,esencial,centro,14,0,0,0,
TEL088-000512,2024-05-04,C0032,plus,norte,36,35.06,0,0,
TEL088-000513,2024-05-04,C0033,total,sur,93,37.05,0,0,
TEL088-000514,2024-05-04,C0034,esencial,norte,73,21.07,2,0,
TEL088-000515,2024-05-04,C0035,plus,sur,85,22.58,0,0,
TEL088-000516,2024-05-04,C0036,total,norte,55,48.04,0,0,
TEL088-000517,2024-05-04,C0037,esencial,norte,37,12.47,0,0,
TEL088-000518,2024-05-04,C0038,plus,centro,41,30.39,1,0,
TEL088-000519,2024-05-04,C0039,total,norte,85,39.57,0,0,
TEL088-000520,2024-05-04,C0040,esencial,norte,78,11.83,0,1,servicio
TEL088-000521,2024-05-04,C0041,plus,norte,77,31.53,1,0,
TEL088-000522,2024-05-04,C0042,total,norte,26,49.39,0,0,
TEL088-000523,2024-05-04,C0043,esencial,centro,11,8.07,0,0,
TEL088-000524,2024-05-04,C0044,plus,centro,94,27.03,0,0,
TEL088-000525,2024-05-04,C0045,total,norte,56,46.63,0,1,precio
TEL088-000526,2024-05-04,C0046,esencial,norte,17,9.0,4,0,
TEL088-000527,2024-05-04,C0047,plus,centro,66,11.69,0,0,
TEL088-000528,2024-05-04,C0048,total,sur,66,39.87,0,0,
TEL088-000529,2024-05-04,C0049,esencial,centro,90,6.46,0,0,
TEL088-000530,2024-05-04,C0050,plus,norte,38,37.09,0,0,
TEL088-000531,2024-05-04,C0051,total,centro,73,56.54,0,0,
TEL088-000532,2024-05-04,C0052,esencial,norte,89,9.06,0,0,
TEL088-000533,2024-05-04,C0053,plus,centro,51,29.67,1,0,
TEL088-000534,2024-05-04,C0054,total,sur,52,46.4,0,0,
TEL088-000535,2024-05-04,C0055,esencial,norte,36,5.41,0,0,
TEL088-000536,2024-05-04,C0056,plus,centro,68,33.69,0,0,
TEL088-000537,2024-05-04,C0057,total,sur,38,54.52,0,0,
TEL088-000538,2024-05-04,C0058,esencial,centro,58,11.33,0,0,
TEL088-000539,2024-05-04,C0059,plus,centro,89,16.91,0,0,
TEL088-000540,2024-05-04,C0060,total,norte,61,39.51,0,1,servicio
TEL088-000541,2024-05-04,C0061,esencial,centro,14,0.49,0,0,
TEL088-000542,2024-05-04,C0062,plus,centro,36,27.62,3,0,
TEL088-000543,2024-05-04,C0063,total,centro,7,55.08,0,0,
TEL088-000544,2024-05-04,C0064,esencial,centro,86,1.59,2,0,
TEL088-000545,2024-05-04,C0065,plus,centro,10,29.94,0,0,
TEL088-000546,2024-05-04,C0066,total,sur,46,62.53,0,0,
TEL088-000547,2024-05-04,C0067,esencial,sur,68,1.09,0,0,
TEL088-000548,2024-05-04,C0068,plus,norte,30,15.79,0,0,
TEL088-000549,2024-05-04,C0069,total,sur,52,44.1,4,1,mudanza
TEL088-000550,2024-05-04,C0070,esencial,centro,6,1.55,0,0,
TEL088-000551,2024-05-04,C0071,plus,centro,72,35.49,2,0,
TEL088-000552,2024-05-04,C0072,total,norte,31,52.34,0,0,
TEL088-000553,2024-05-04,C0073,esencial,sur,25,14.74,1,0,
TEL088-000554,2024-05-04,C0074,plus,centro,46,34.0,2,0,
TEL088-000555,2024-05-04,C0075,total,sur,56,46.7,1,0,
TEL088-000556,2024-05-04,C0076,esencial,centro,49,7.57,4,0,
TEL088-000557,2024-05-04,C0077,plus,sur,31,34.55,0,0,
TEL088-000558,2024-05-04,C0078,total,centro,73,43.0,0,0,
TEL088-000559,2024-05-04,C0079,esencial,sur,81,8.98,4,0,
TEL088-000560,2024-05-04,C0080,plus,sur,76,28.33,1,0,
TEL088-000561,2024-05-04,C0081,total,norte,23,44.05,0,0,
TEL088-000562,2024-05-04,C0082,esencial,centro,30,13.2,0,0,
TEL088-000563,2024-05-04,C0083,plus,centro,34,35.91,0,0,
TEL088-000564,2024-05-04,C0084,total,norte,22,38.64,0,0,
TEL088-000565,2024-05-04,C0085,esencial,centro,41,13.56,0,0,
TEL088-000566,2024-05-04,C0086,plus,norte,69,31.27,1,0,
TEL088-000567,2024-05-04,C0087,total,centro,50,48.56,0,0,
TEL088-000568,2024-05-04,C0088,esencial,norte,14,4.35,1,1,servicio
TEL088-000569,2024-05-04,C0089,plus,sur,35,22.5,0,0,
TEL088-000570,2024-05-04,C0090,total,sur,36,44.15,0,0,
TEL088-000571,2024-05-04,C0091,esencial,norte,56,25.55,0,0,
TEL088-000572,2024-05-04,C0092,plus,sur,32,37.58,0,0,
TEL088-000573,2024-05-04,C0093,total,centro,57,41.58,1,0,
TEL088-000574,2024-05-04,C0094,esencial,norte,38,16.16,0,0,
TEL088-000575,2024-05-04,C0095,plus,norte,79,26.19,1,0,
TEL088-000576,2024-05-04,C0096,total,sur,71,45.16,1,0,
TEL088-000577,2024-05-04,C0097,esencial,norte,24,5.4,0,0,
TEL088-000578,2024-05-04,C0098,plus,centro,24,35.94,3,0,
TEL088-000579,2024-05-04,C0099,total,sur,79,39.27,1,0,
TEL088-000580,2024-05-04,C0100,esencial,norte,8,24.76,0,1,servicio
TEL088-000581,2024-05-04,C0101,plus,sur,23,37.35,2,0,
TEL088-000582,2024-05-04,C0102,total,centro,72,,0,0,
TEL088-000583,2024-05-04,C0103, ESENCIAL ,sur,44,11.16,0,0,
TEL088-000584,2024-05-04,C0104,plus,centro,14,27.58,0,0,
TEL088-000585,2024-05-04,C0105,total,norte,19,49.89,0,0,
TEL088-000586,2024-05-04,C0106,esencial,centro,57,14.39,2,1,servicio
TEL088-000587,2024-05-04,C0107,plus,centro,9,37.45,0,0,
TEL088-000588,2024-05-04,C0108,total,centro,5,48.21,3,1,servicio
TEL088-000589,2024-05-04,C0109,esencial,sur,69,9.94,1,0,
TEL088-000590,2024-05-04,C0110,plus,centro,87,27.34,1,0,
TEL088-000591,2024-05-04,C0111,total,norte,27,54.96,2,0,
TEL088-000592,2024-05-04,C0112,esencial,norte,26,19.93,0,0,
TEL088-000593,2024-05-04,C0113,plus,sur,35,30.64,0,0,
TEL088-000594,2024-05-04,C0114,total,norte,24,46.29,0,0,
TEL088-000595,2024-05-04,C0115,esencial,centro,26,7.01,0,0,
TEL088-000596,2024-05-04,C0116,plus,centro,16,20.76,0,0,
TEL088-000597,2024-05-04,C0117,total,sur,64,57.94,0,0,
TEL088-000598,2024-05-04,C0118,esencial,norte,18,7.58,1,0,
TEL088-000599,2024-05-04,C0119,plus,sur,50,43.69,1,0,
TEL088-000600,2024-05-04,C0120,total,norte,88,41.4,0,0,
TEL088-000601,2024-06-04,C0001,esencial,norte,12,14.85,0,0,
TEL088-000602,2024-06-04,C0002,plus,norte,13,32.59,0,0,
TEL088-000603,2024-06-04,C0003,total,sur,36,30.19,0,0,
TEL088-000604,2024-06-04,C0004,esencial,norte,85,9.17,0,0,
TEL088-000605,2024-06-04,C0005,plus,sur,22,43.35,2,0,
TEL088-000606,2024-06-04,C0006,total,norte,7,45.65,1,0,
TEL088-000607,2024-06-04,C0007,esencial,centro,80,15.78,1,0,
TEL088-000608,2024-06-04,C0008,plus,norte,75,41.28,0,0,
TEL088-000609,2024-06-04,C0009,total,sur,48,48.67,0,0,
TEL088-000610,2024-06-04,C0010,esencial,sur,92,14.6,0,0,
TEL088-000611,2024-06-04,C0011,plus,norte,94,32.74,1,0,
TEL088-000612,2024-06-04,C0012,total,sur,17,56.65,0,0,
TEL088-000613,2024-06-04,C0013,esencial,norte,10,1.05,0,0,
TEL088-000614,2024-06-04,C0014,plus,centro,75,33.39,3,0,
TEL088-000615,2024-06-04,C0015,total,centro,95,44.63,0,0,
TEL088-000616,2024-06-04,C0016,esencial,sur,56,13.74,3,0,
TEL088-000617,2024-06-04,C0017,plus,sur,65,23.47,1,0,
TEL088-000618,2024-06-04,C0018,total,sur,19,51.8,1,1,servicio
TEL088-000619,2024-06-04,C0019,esencial,norte,40,16.33,0,0,
TEL088-000620,2024-06-04,C0020,plus,sur,78,36.25,2,0,
TEL088-000621,2024-06-04,C0021,total,sur,18,57.49,1,1,mudanza
TEL088-000622,2024-06-04,C0022,esencial,centro,95,6.23,2,0,
TEL088-000623,2024-06-04,C0023,plus,centro,55,18.54,3,0,
TEL088-000624,2024-06-04,C0024,total,sur,94,59.1,0,0,
TEL088-000625,2024-06-04,C0025,esencial,centro,34,19.7,0,0,
TEL088-000626,2024-06-04,C0026,plus,sur,61,33.72,1,0,
TEL088-000627,2024-06-04,C0027,total,centro,18,46.62,0,0,
TEL088-000628,2024-06-04,C0028,esencial,norte,55,14.53,0,0,
TEL088-000629,2024-06-04,C0029,plus,centro,42,33.22,0,0,
TEL088-000630,2024-06-04,C0030,total,norte,47,53.35,0,0,
TEL088-000631,2024-06-04,C0031,esencial,centro,15,15.49,0,0,
TEL088-000632,2024-06-04,C0032,plus,norte,37,38.38,1,0,
TEL088-000633,2024-06-04,C0033,total,sur,94,52.64,1,0,
TEL088-000634,2024-06-04,C0034,esencial,norte,74,"13,66",0,0,
TEL088-000635,2024-06-04,C0035,plus,sur,86,34.04,2,0,
TEL088-000636,2024-06-04,C0036,total,norte,56,45.34,0,0,
TEL088-000637,2024-06-04,C0037,esencial,norte,38,7.51,0,0,
TEL088-000638,2024-06-04,C0038,plus,centro,42,37.45,0,0,
TEL088-000639,2024-06-04,C0039,total,norte,86,44.94,0,0,
TEL088-000640,2024-06-04,C0040,esencial,norte,79,18.13,0,0,
TEL088-000641,2024-06-04,C0041,plus,norte,78,30.08,0,0,
TEL088-000642,2024-06-04,C0042,total,norte,27,48.35,0,0,
TEL088-000643,2024-06-04,C0043,esencial,centro,12,6.59,0,0,
TEL088-000644,2024-06-04,C0044,plus,centro,95,25.88,2,0,
TEL088-000645,2024-06-04,C0045,total,norte,57,46.3,1,0,
TEL088-000646,2024-06-04,C0046,esencial,norte,18,20.17,2,0,
TEL088-000647,2024-06-04,C0047,plus,centro,67,30.54,0,0,
TEL088-000648,2024-06-04,C0048,total,sur,67,53.51,0,0,
TEL088-000649,2024-06-04,C0049,esencial,centro,91,16.46,0,0,
TEL088-000650,2024-06-04,C0050,plus,norte,39,28.07,1,0,
TEL088-000651,2024-06-04,C0051,total,centro,74,49.97,0,0,
TEL088-000652,2024-06-04,C0052,esencial,norte,90,6.68,0,0,
TEL088-000653,2024-06-04,C0053,plus,centro,52,23.07,1,0,
TEL088-000654,2024-06-04,C0054,total,sur,53,44.62,0,0,
TEL088-000655,2024-06-04,C0055,esencial,norte,37,5.98,1,0,
TEL088-000656,2024-06-04,C0056,plus,centro,69,32.46,0,0,
TEL088-000657,2024-06-04,C0057,total,sur,39,49.29,4,0,
TEL088-000658,2024-06-04,C0058,esencial,centro,59,0,0,0,
TEL088-000659,2024-06-04,C0059,plus,centro,90,28.16,1,0,
TEL088-000660,2024-06-04,C0060,total,norte,62,45.79,0,0,
TEL088-000661,2024-06-04,C0061,esencial,centro,15,21.07,1,0,
TEL088-000662,2024-06-04,C0062,plus,centro,37,42.85,0,0,
TEL088-000663,2024-06-04,C0063,total,centro,8,38.99,0,0,
TEL088-000664,2024-06-04,C0064,esencial,centro,87,11.83,2,0,
TEL088-000665,2024-06-04,C0065,plus,centro,11,,0,0,
TEL088-000666,2024-06-04,C0066,total,sur,47,49.14,0,0,
TEL088-000667,2024-06-04,C0067,esencial,sur,69,24.34,0,0,
TEL088-000668,2024-06-04,C0068,plus,norte,31,32.61,0,0,
TEL088-000669,2024-06-04,C0069,total,sur,53,63.26,2,0,
TEL088-000670,2024-06-04,C0070,esencial,centro,7,8.79,0,0,
TEL088-000671,2024-06-04,C0071,plus,centro,73,25.07,0,0,
TEL088-000672,2024-06-04,C0072,total,norte,32,53.73,0,0,
TEL088-000673,2024-06-04,C0073,esencial,sur,26,11.8,0,0,
TEL088-000674,2024-06-04,C0074,plus,centro,47,37.01,0,0,
TEL088-000675,2024-06-04,C0075,total,sur,57,55.33,1,0,
TEL088-000676,2024-06-04,C0076,esencial,centro,50,26.15,0,0,
TEL088-000677,2024-06-04,C0077,plus,sur,32,40.16,0,0,
TEL088-000678,2024-06-04,C0078,total,centro,74,40.29,1,0,
TEL088-000679,2024-06-04,C0079,esencial,sur,82,0.87,0,0,
TEL088-000680,2024-06-04,C0080, PLUS ,sur,77,32.29,0,0,
TEL088-000681,2024-06-04,C0081,total,norte,24,48.36,0,0,
TEL088-000682,2024-06-04,C0082,esencial,centro,31,14.39,0,0,
TEL088-000683,2024-06-04,C0083,plus,centro,35,36.07,0,0,
TEL088-000684,2024-06-04,C0084,total,norte,23,47.78,0,0,
TEL088-000685,2024-06-04,C0085,esencial,centro,42,15.58,0,0,
TEL088-000686,2024-06-04,C0086,plus,norte,70,20.46,3,1,servicio
TEL088-000687,2024-06-04,C0087,total,centro,51,38.18,0,0,
TEL088-000688,2024-06-04,C0088,esencial,norte,15,6.01,0,0,
TEL088-000689,2024-06-04,C0089,plus,sur,36,17.04,0,0,
TEL088-000690,2024-06-04,C0090,total,sur,37,49.18,2,0,
TEL088-000691,2024-06-04,C0091,esencial,norte,57,25.46,3,0,
TEL088-000692,2024-06-04,C0092,plus,sur,33,32.79,1,0,
TEL088-000693,2024-06-04,C0093,total,centro,58,48.37,1,1,mudanza
TEL088-000694,2024-06-04,C0094,esencial,norte,39,2.83,2,1,mudanza
TEL088-000695,2024-06-04,C0095,plus,norte,80,34.11,0,0,
TEL088-000696,2024-06-04,C0096,total,sur,72,44.98,0,0,
TEL088-000697,2024-06-04,C0097,esencial,norte,25,3.96,1,0,
TEL088-000698,2024-06-04,C0098,plus,centro,25,35.35,0,0,
TEL088-000699,2024-06-04,C0099,total,sur,80,45.82,0,0,
TEL088-000700,2024-06-04,C0100,esencial,norte,9,0,0,0,
TEL088-000701,2024-06-04,C0101,plus,sur,24,36.78,0,0,
TEL088-000702,2024-06-04,C0102,total,centro,73,49.57,0,0,
TEL088-000703,2024-06-04,C0103,esencial,sur,45,4.19,0,0,
TEL088-000704,2024-06-04,C0104,plus,centro,15,33.11,0,0,
TEL088-000705,2024-06-04,C0105,total,norte,20,47.35,0,0,
TEL088-000706,2024-06-04,C0106,esencial,centro,58,0,1,1,precio
TEL088-000707,2024-06-04,C0107,plus,centro,10,7.73,2,0,
TEL088-000708,2024-06-04,C0108,total,centro,6,53.37,0,0,
TEL088-000709,2024-06-04,C0109,esencial,sur,70,7.86,0,0,
TEL088-000710,2024-06-04,C0110,plus,centro,88,36.47,0,0,
TEL088-000711,2024-06-04,C0111,total,norte,28,61.45,0,0,
TEL088-000712,2024-06-04,C0112,esencial,norte,27,27.35,0,0,
TEL088-000713,2024-06-04,C0113,plus,sur,36,35.85,1,0,
TEL088-000714,2024-06-04,C0114,total,norte,25,46.93,0,0,
TEL088-000715,2024-06-04,C0115,esencial,centro,27,16.6,2,0,
TEL088-000716,2024-06-04,C0116,plus,centro,17,41.8,0,0,
TEL088-000717,2024-06-04,C0117,total,sur,65,59.25,0,0,
TEL088-000718,2024-06-04,C0118,esencial,norte,19,9.9,3,0,
TEL088-000719,2024-06-04,C0119,plus,sur,51,12.27,3,0,
TEL088-000720,2024-06-04,C0120,total,norte,89,52.41,0,0,
TEL088-000721,2024-07-05,C0001,esencial,norte,13,0.42,0,0,
TEL088-000722,2024-07-05,C0002,plus,norte,14,31.05,0,0,
TEL088-000723,2024-07-05,C0003,total,sur,37,49.25,0,0,
TEL088-000724,2024-07-05,C0004,esencial,norte,86,25.84,0,0,
TEL088-000725,2024-07-05,C0005,plus,sur,23,22.4,3,0,
TEL088-000726,2024-07-05,C0006,total,norte,8,44.83,0,0,
TEL088-000727,2024-07-05,C0007,esencial,centro,81,2.93,2,0,
TEL088-000728,2024-07-05,C0008,plus,norte,76,39.38,0,0,
TEL088-000729,2024-07-05,C0009,total,sur,49,24.99,1,0,
TEL088-000730,2024-07-05,C0010,esencial,sur,93,5.36,0,0,
TEL088-000731,2024-07-05,C0011,plus,norte,95,26.2,0,0,
TEL088-000732,2024-07-05,C0012,total,sur,18,33.19,0,0,
TEL088-000733,2024-07-05,C0013,esencial,norte,11,15.12,2,0,
TEL088-000734,2024-07-05,C0014,plus,centro,76,23.73,0,0,
TEL088-000735,2024-07-05,C0015,total,centro,96,62.9,0,0,
TEL088-000736,2024-07-05,C0016,esencial,sur,57,20.57,0,0,
TEL088-000737,2024-07-05,C0017,plus,sur,66,26.33,0,0,
TEL088-000738,2024-07-05,C0018,total,sur,20,39.65,0,0,
TEL088-000739,2024-07-05,C0019,esencial,norte,41,15.73,1,0,
TEL088-000740,2024-07-05,C0020,plus,sur,79,28.37,1,0,
TEL088-000741,2024-07-05,C0021,total,sur,19,45.22,1,0,
TEL088-000742,2024-07-05,C0022,esencial,centro,96,24.83,0,0,
TEL088-000743,2024-07-05,C0023,plus,centro,56,26.64,0,0,
TEL088-000744,2024-07-05,C0024,total,sur,95,41.71,1,0,
TEL088-000745,2024-07-05,C0025,esencial,centro,35,9.72,0,0,
TEL088-000746,2024-07-05,C0026,plus,sur,62,25.08,1,0,
TEL088-000747,2024-07-05,C0027,total,centro,19,40.1,0,0,
TEL088-000748,2024-07-05,C0028,esencial,norte,56,,0,0,
TEL088-000749,2024-07-05,C0029,plus,centro,43,31.5,0,0,
TEL088-000750,2024-07-05,C0030,total,norte,48,39.58,1,0,
TEL088-000751,2024-07-05,C0031,esencial,centro,16,3.27,1,0,
TEL088-000752,2024-07-05,C0032,plus,norte,38,24.16,0,0,
TEL088-000753,2024-07-05,C0033,total,sur,95,52.63,1,0,
TEL088-000754,2024-07-05,C0034,esencial,norte,75,31.82,0,0,
TEL088-000755,2024-07-05,C0035,plus,sur,87,27.8,0,0,
TEL088-000756,2024-07-05,C0036,total,norte,57,49.82,3,0,
TEL088-000757,2024-07-05,C0037,esencial,norte,39,0,0,0,
TEL088-000758,2024-07-05,C0038,plus,centro,43,22.3,0,0,
TEL088-000759,2024-07-05,C0039,total,norte,87,58.01,2,0,
TEL088-000760,2024-07-05,C0040,esencial,norte,80,20.92,0,0,
TEL088-000761,2024-07-05,C0041,plus,norte,79,22.93,0,0,
TEL088-000762,2024-07-05,C0042,total,norte,28,52.07,1,0,
TEL088-000763,2024-07-05,C0043,esencial,centro,13,8.58,0,0,
TEL088-000764,2024-07-05,C0044,plus,centro,96,32.59,0,0,
TEL088-000765,2024-07-05,C0045,total,norte,58,28.0,0,0,
TEL088-000766,2024-07-05,C0046,esencial,norte,19,12.89,0,0,
TEL088-000767,2024-07-05,C0047,plus,centro,68,52.09,0,0,
TEL088-000768,2024-07-05,C0048,total,sur,68,65.1,1,0,
TEL088-000769,2024-07-05,C0049,esencial,centro,92,20.76,0,0,
TEL088-000770,2024-07-05,C0050,plus,norte,40,38.46,0,0,
TEL088-000771,2024-07-05,C0051,total,centro,75,50.27,2,0,
TEL088-000772,2024-07-05,C0052,esencial,norte,91,13.64,4,0,
TEL088-000773,2024-07-05,C0053,plus,centro,53,32.54,2,0,
TEL088-000774,2024-07-05,C0054,total,sur,54,48.27,1,0,
TEL088-000775,2024-07-05,C0055,esencial,norte,38,3.84,4,0,
TEL088-000776,2024-07-05,C0056,plus,centro,70,25.77,0,0,
TEL088-000777,2024-07-05,C0057, TOTAL ,sur,40,52.01,0,0,
TEL088-000778,2024-07-05,C0058,esencial,centro,60,6.35,0,0,
TEL088-000779,2024-07-05,C0059,plus,centro,91,21.81,2,0,
TEL088-000780,2024-07-05,C0060,total,norte,63,31.23,0,0,
TEL088-000781,2024-07-05,C0061,esencial,centro,16,12.52,0,0,
TEL088-000782,2024-07-05,C0062,plus,centro,38,34.27,0,0,
TEL088-000783,2024-07-05,C0063,total,centro,9,42.13,0,0,
TEL088-000784,2024-07-05,C0064,esencial,centro,88,16.52,0,0,
TEL088-000785,2024-07-05,C0065,plus,centro,12,25.9,1,0,
TEL088-000786,2024-07-05,C0066,total,sur,48,42.47,0,0,
TEL088-000787,2024-07-05,C0067,esencial,sur,70,13.2,0,0,
TEL088-000788,2024-07-05,C0068,plus,norte,32,20.04,0,0,
TEL088-000789,2024-07-05,C0069,total,sur,54,42.7,1,0,
TEL088-000790,2024-07-05,C0070,esencial,centro,8,16.99,0,0,
TEL088-000791,2024-07-05,C0071,plus,centro,74,11.84,3,0,
TEL088-000792,2024-07-05,C0072,total,norte,33,53.97,0,0,
TEL088-000793,2024-07-05,C0073,esencial,sur,27,2.38,0,0,
TEL088-000794,2024-07-05,C0074,plus,centro,48,24.86,1,0,
TEL088-000795,2024-07-05,C0075,total,sur,58,58.11,1,0,
TEL088-000796,2024-07-05,C0076,esencial,centro,51,8.02,2,0,
TEL088-000797,2024-07-05,C0077,plus,sur,33,41.43,1,1,precio
TEL088-000798,2024-07-05,C0078,total,centro,75,40.84,3,0,
TEL088-000799,2024-07-05,C0079,esencial,sur,83,6.28,0,0,
TEL088-000800,2024-07-05,C0080,plus,sur,78,28.39,2,0,
TEL088-000801,2024-07-05,C0081,total,norte,25,58.67,0,0,
TEL088-000802,2024-07-05,C0082,esencial,centro,32,18.06,1,0,
TEL088-000803,2024-07-05,C0083,plus,centro,36,22.98,0,0,
TEL088-000804,2024-07-05,C0084,total,norte,24,34.54,0,1,servicio
TEL088-000805,2024-07-05,C0085,esencial,centro,43,6.92,3,0,
TEL088-000806,2024-07-05,C0086,plus,norte,71,34.0,1,0,
TEL088-000807,2024-07-05,C0087,total,centro,52,29.98,0,1,precio
TEL088-000808,2024-07-05,C0088,esencial,norte,16,18.56,2,0,
TEL088-000809,2024-07-05,C0089,plus,sur,37,25.86,0,0,
TEL088-000810,2024-07-05,C0090,total,sur,38,53.55,0,0,
TEL088-000811,2024-07-05,C0091,esencial,norte,58,17.22,0,0,
TEL088-000812,2024-07-05,C0092,plus,sur,34,33.98,1,0,
TEL088-000813,2024-07-05,C0093,total,centro,59,42.98,1,0,
TEL088-000814,2024-07-05,C0094,esencial,norte,40,9.87,0,0,
TEL088-000815,2024-07-05,C0095,plus,norte,81,31.07,1,0,
TEL088-000816,2024-07-05,C0096,total,sur,73,55.29,0,0,
TEL088-000817,2024-07-05,C0097,esencial,norte,26,10.82,0,0,
TEL088-000818,2024-07-05,C0098,plus,centro,26,47.73,0,1,precio
TEL088-000819,2024-07-05,C0099,total,sur,81,47.09,0,0,
TEL088-000820,2024-07-05,C0100,esencial,norte,10,0,0,0,
TEL088-000821,2024-07-05,C0101,plus,sur,25,30.27,0,0,
TEL088-000822,2024-07-05,C0102,total,centro,74,58.78,0,0,
TEL088-000823,2024-07-05,C0103,esencial,sur,46,38.35,0,0,
TEL088-000824,2024-07-05,C0104,plus,centro,16,37.46,0,0,
TEL088-000825,2024-07-05,C0105,total,norte,21,39.32,1,0,
TEL088-000826,2024-07-05,C0106,esencial,centro,59,19.65,0,0,
TEL088-000827,2024-07-05,C0107,plus,centro,11,32.55,0,0,
TEL088-000828,2024-07-05,C0108,total,centro,7,43.23,0,0,
TEL088-000829,2024-07-05,C0109,esencial,sur,71,0,0,0,
TEL088-000830,2024-07-05,C0110,plus,centro,89,33.43,0,0,
TEL088-000831,2024-07-05,C0111,total,norte,29,,1,0,
TEL088-000832,2024-07-05,C0112,esencial,norte,28,3.96,0,0,
TEL088-000833,2024-07-05,C0113,plus,sur,37,22.32,0,0,
TEL088-000834,2024-07-05,C0114,total,norte,26,52.34,2,1,servicio
TEL088-000835,2024-07-05,C0115,esencial,centro,28,20.13,0,0,
TEL088-000836,2024-07-05,C0116,plus,centro,18,33.67,1,0,
TEL088-000837,2024-07-05,C0117,total,sur,66,41.79,1,0,
TEL088-000838,2024-07-05,C0118,esencial,norte,20,28.86,2,0,
TEL088-000839,2024-07-05,C0119,plus,sur,52,37.59,0,0,
TEL088-000840,2024-07-05,C0120,total,norte,90,48.01,1,0,
TEL088-000841,2024-08-05,C0001,esencial,norte,14,11.08,0,0,
TEL088-000842,2024-08-05,C0002,plus,norte,15,28.46,0,0,
TEL088-000843,2024-08-05,C0003,total,sur,38,34.27,0,0,
TEL088-000844,2024-08-05,C0004,esencial,norte,87,30.19,0,0,
TEL088-000845,2024-08-05,C0005,plus,sur,24,"25,67",0,0,
TEL088-000846,2024-08-05,C0006,total,norte,9,44.63,0,0,
TEL088-000847,2024-08-05,C0007,esencial,centro,82,0,1,0,
TEL088-000848,2024-08-05,C0008,plus,norte,77,25.35,2,0,
TEL088-000849,2024-08-05,C0009,total,sur,50,42.22,0,0,
TEL088-000850,2024-08-05,C0010,esencial,sur,94,0,1,1,servicio
TEL088-000851,2024-08-05,C0011,plus,norte,96,29.61,0,0,
TEL088-000852,2024-08-05,C0012,total,sur,19,36.28,0,0,
TEL088-000853,2024-08-05,C0013,esencial,norte,12,5.86,0,0,
TEL088-000854,2024-08-05,C0014,plus,centro,77,12.84,1,1,mudanza
TEL088-000855,2024-08-05,C0015,total,centro,97,44.99,2,0,
TEL088-000856,2024-08-05,C0016,esencial,sur,58,9.5,0,0,
TEL088-000857,2024-08-05,C0017,plus,sur,67,26.11,2,0,
TEL088-000858,2024-08-05,C0018,total,sur,21,44.33,0,0,
TEL088-000859,2024-08-05,C0019,esencial,norte,42,10.9,1,0,
TEL088-000860,2024-08-05,C0020,plus,sur,80,34.14,2,0,
TEL088-000861,2024-08-05,C0021,total,sur,20,42.37,0,0,
TEL088-000862,2024-08-05,C0022,esencial,centro,97,21.45,0,0,
TEL088-000863,2024-08-05,C0023,plus,centro,57,-999,1,0,
TEL088-000864,2024-08-05,C0024,total,sur,96,45.87,0,0,
TEL088-000865,2024-08-05,C0025,esencial,centro,36,14.84,0,0,
TEL088-000866,2024-08-05,C0026,plus,sur,63,31.82,1,0,
TEL088-000867,2024-08-05,C0027,total,centro,20,59.25,3,0,
TEL088-000868,2024-08-05,C0028,esencial,norte,57,0,2,0,
TEL088-000869,2024-08-05,C0029,plus,centro,44,40.3,2,0,
TEL088-000870,2024-08-05,C0030,total,norte,49,40.53,1,0,
TEL088-000871,2024-08-05,C0031,esencial,centro,17,17.3,0,0,
TEL088-000872,2024-08-05,C0032,plus,norte,39,21.45,1,0,
TEL088-000873,2024-08-05,C0033,total,sur,96,56.35,0,0,
TEL088-000874,2024-08-05,C0034, ESENCIAL ,norte,76,5.35,0,1,precio
TEL088-000875,2024-08-05,C0035,plus,sur,88,46.78,1,0,
TEL088-000876,2024-08-05,C0036,total,norte,58,41.93,3,0,
TEL088-000877,2024-08-05,C0037,esencial,norte,40,11.32,0,0,
TEL088-000878,2024-08-05,C0038,plus,centro,44,20.69,0,0,
TEL088-000879,2024-08-05,C0039,total,norte,88,44.46,0,0,
TEL088-000880,2024-08-05,C0040,esencial,norte,81,8.4,0,0,
TEL088-000881,2024-08-05,C0041,plus,norte,80,40.03,1,0,
TEL088-000882,2024-08-05,C0042,total,norte,29,47.94,2,0,
TEL088-000883,2024-08-05,C0043,esencial,centro,14,11.07,2,0,
TEL088-000884,2024-08-05,C0044,plus,centro,97,34.02,3,0,
TEL088-000885,2024-08-05,C0045,total,norte,59,52.13,0,0,
TEL088-000886,2024-08-05,C0046,esencial,norte,20,17.05,0,0,
TEL088-000887,2024-08-05,C0047,plus,centro,69,25.31,0,0,
TEL088-000888,2024-08-05,C0048,total,sur,69,44.55,1,0,
TEL088-000889,2024-08-05,C0049,esencial,centro,93,21.31,1,0,
TEL088-000890,2024-08-05,C0050,plus,norte,41,46.9,1,0,
TEL088-000891,2024-08-05,C0051,total,centro,76,46.37,2,0,
TEL088-000892,2024-08-05,C0052,esencial,norte,92,0,0,0,
TEL088-000893,2024-08-05,C0053,plus,centro,54,4.8,0,0,
TEL088-000894,2024-08-05,C0054,total,sur,55,46.88,0,0,
TEL088-000895,2024-08-05,C0055,esencial,norte,39,14.84,0,0,
TEL088-000896,2024-08-05,C0056,plus,centro,71,38.71,0,0,
TEL088-000897,2024-08-05,C0057,total,sur,41,52.25,0,0,
TEL088-000898,2024-08-05,C0058,esencial,centro,61,6.41,1,0,
TEL088-000899,2024-08-05,C0059,plus,centro,92,37.92,0,0,
TEL088-000900,2024-08-05,C0060,total,norte,64,59.6,1,0,
TEL088-000901,2024-08-05,C0061,esencial,centro,17,0,0,0,
TEL088-000902,2024-08-05,C0062,plus,centro,39,32.34,1,0,
TEL088-000903,2024-08-05,C0063,total,centro,10,49.69,2,0,
TEL088-000904,2024-08-05,C0064,esencial,centro,89,5.62,0,1,mudanza
TEL088-000905,2024-08-05,C0065,plus,centro,13,43.68,1,0,
TEL088-000906,2024-08-05,C0066,total,sur,49,46.29,0,0,
TEL088-000907,2024-08-05,C0067,esencial,sur,71,15.47,0,0,
TEL088-000908,2024-08-05,C0068,plus,norte,33,27.74,0,0,
TEL088-000909,2024-08-05,C0069,total,sur,55,55.12,2,0,
TEL088-000910,2024-08-05,C0070,esencial,centro,9,2.65,0,0,
TEL088-000911,2024-08-05,C0071,plus,centro,75,32.2,0,0,
TEL088-000912,2024-08-05,C0072,total,norte,34,53.87,2,0,
TEL088-000913,2024-08-05,C0073,esencial,sur,28,11.81,0,0,
TEL088-000914,2024-08-05,C0074,plus,centro,49,,4,0,
TEL088-000915,2024-08-05,C0075,total,sur,59,44.62,3,1,precio
TEL088-000916,2024-08-05,C0076,esencial,centro,52,21.92,0,0,
TEL088-000917,2024-08-05,C0077,plus,sur,34,26.69,1,0,
TEL088-000918,2024-08-05,C0078,total,centro,76,52.1,0,0,
TEL088-000919,2024-08-05,C0079,esencial,sur,84,15.36,1,0,
TEL088-000920,2024-08-05,C0080,plus,sur,79,28.17,0,0,
TEL088-000921,2024-08-05,C0081,total,norte,26,45.71,0,0,
TEL088-000922,2024-08-05,C0082,esencial,centro,33,17.81,3,0,
TEL088-000923,2024-08-05,C0083,plus,centro,37,32.85,0,0,
TEL088-000924,2024-08-05,C0084,total,norte,25,56.2,1,0,
TEL088-000925,2024-08-05,C0085,esencial,centro,44,5.0,0,0,
TEL088-000926,2024-08-05,C0086,plus,norte,72,31.27,0,0,
TEL088-000927,2024-08-05,C0087,total,centro,53,48.55,1,0,
TEL088-000928,2024-08-05,C0088,esencial,norte,17,16.52,0,0,
TEL088-000929,2024-08-05,C0089,plus,sur,38,47.26,0,0,
TEL088-000930,2024-08-05,C0090,total,sur,39,44.37,0,0,
TEL088-000931,2024-08-05,C0091,esencial,norte,59,12.15,0,0,
TEL088-000932,2024-08-05,C0092,plus,sur,35,17.87,3,0,
TEL088-000933,2024-08-05,C0093,total,centro,60,36.67,2,0,
TEL088-000934,2024-08-05,C0094,esencial,norte,41,8.94,0,0,
TEL088-000935,2024-08-05,C0095,plus,norte,82,11.53,1,0,
TEL088-000936,2024-08-05,C0096,total,sur,74,58.28,2,0,
TEL088-000937,2024-08-05,C0097,esencial,norte,27,17.89,3,0,
TEL088-000938,2024-08-05,C0098,plus,centro,27,49.28,0,0,
TEL088-000939,2024-08-05,C0099,total,sur,82,46.58,0,0,
TEL088-000940,2024-08-05,C0100,esencial,norte,11,9.27,1,0,
TEL088-000941,2024-08-05,C0101,plus,sur,26,31.51,0,0,
TEL088-000942,2024-08-05,C0102,total,centro,75,64.79,1,0,
TEL088-000943,2024-08-05,C0103,esencial,sur,47,7.53,1,0,
TEL088-000944,2024-08-05,C0104,plus,centro,17,38.37,0,0,
TEL088-000945,2024-08-05,C0105,total,norte,22,37.39,2,0,
TEL088-000946,2024-08-05,C0106,esencial,centro,60,13.44,0,0,
TEL088-000947,2024-08-05,C0107,plus,centro,12,35.7,0,0,
TEL088-000948,2024-08-05,C0108,total,centro,8,51.94,0,0,
TEL088-000949,2024-08-05,C0109,esencial,sur,72,11.32,1,0,
TEL088-000950,2024-08-05,C0110,plus,centro,90,27.58,3,0,
TEL088-000951,2024-08-05,C0111,total,norte,30,43.47,3,0,
TEL088-000952,2024-08-05,C0112,esencial,norte,29,19.68,0,0,
TEL088-000953,2024-08-05,C0113,plus,sur,38,18.6,1,0,
TEL088-000954,2024-08-05,C0114,total,norte,27,49.59,2,1,servicio
TEL088-000955,2024-08-05,C0115,esencial,centro,29,5.3,0,0,
TEL088-000956,2024-08-05,C0116,plus,centro,19,13.65,0,0,
TEL088-000957,2024-08-05,C0117,total,sur,67,43.82,0,0,
TEL088-000958,2024-08-05,C0118,esencial,norte,21,13.27,2,0,
TEL088-000959,2024-08-05,C0119,plus,sur,53,22.89,1,0,
TEL088-000960,2024-08-05,C0120,total,norte,91,56.59,0,1,servicio
TEL088-000961,2024-09-05,C0001,esencial,norte,15,14.64,0,0,
TEL088-000962,2024-09-05,C0002,plus,norte,16,19.01,0,1,precio
TEL088-000963,2024-09-05,C0003,total,sur,39,35.57,0,0,
TEL088-000964,2024-09-05,C0004,esencial,norte,88,6.8,0,0,
TEL088-000965,2024-09-05,C0005,plus,sur,25,27.54,0,0,
TEL088-000966,2024-09-05,C0006,total,norte,10,50.48,1,0,
TEL088-000967,2024-09-05,C0007,esencial,centro,83,12.35,1,1,mudanza
TEL088-000968,2024-09-05,C0008,plus,norte,78,30.12,0,0,
TEL088-000969,2024-09-05,C0009,total,sur,51,52.53,0,0,
TEL088-000970,2024-09-05,C0010,esencial,sur,95,6.01,0,0,
TEL088-000971,2024-09-05,C0011, PLUS ,norte,97,26.31,0,0,
TEL088-000972,2024-09-05,C0012,total,sur,20,44.63,0,0,
TEL088-000973,2024-09-05,C0013,esencial,norte,13,7.06,1,0,
TEL088-000974,2024-09-05,C0014,plus,centro,78,21.65,0,0,
TEL088-000975,2024-09-05,C0015,total,centro,98,52.77,0,0,
TEL088-000976,2024-09-05,C0016,esencial,sur,59,16.01,1,0,
TEL088-000977,2024-09-05,C0017,plus,sur,68,22.81,0,0,
TEL088-000978,2024-09-05,C0018,total,sur,22,54.24,1,0,
TEL088-000979,2024-09-05,C0019,esencial,norte,43,17.61,1,1,servicio
TEL088-000980,2024-09-05,C0020,plus,sur,81,27.24,0,0,
TEL088-000981,2024-09-05,C0021,total,sur,21,36.24,0,0,
TEL088-000982,2024-09-05,C0022,esencial,centro,98,7.79,1,0,
TEL088-000983,2024-09-05,C0023,plus,centro,58,29.43,0,0,
TEL088-000984,2024-09-05,C0024,total,sur,97,61.54,2,0,
TEL088-000985,2024-09-05,C0025,esencial,centro,37,21.75,1,0,
TEL088-000986,2024-09-05,C0026,plus,sur,64,34.23,1,0,
TEL088-000987,2024-09-05,C0027,total,centro,21,53.61,1,0,
TEL088-000988,2024-09-05,C0028,esencial,norte,58,6.39,1,0,
TEL088-000989,2024-09-05,C0029,plus,centro,45,30.12,0,0,
TEL088-000990,2024-09-05,C0030,total,norte,50,45.88,0,0,
TEL088-000991,2024-09-05,C0031,esencial,centro,18,13.47,1,0,
TEL088-000992,2024-09-05,C0032,plus,norte,40,29.14,0,0,
TEL088-000993,2024-09-05,C0033,total,sur,97,42.83,0,1,precio
TEL088-000994,2024-09-05,C0034,esencial,norte,77,4.53,0,0,
TEL088-000995,2024-09-05,C0035,plus,sur,89,31.4,4,0,
TEL088-000996,2024-09-05,C0036,total,norte,59,65.36,0,0,
TEL088-000997,2024-09-05,C0037,esencial,norte,41,,2,0,
TEL088-000998,2024-09-05,C0038,plus,centro,45,37.97,1,0,
TEL088-000999,2024-09-05,C0039,total,norte,89,53.28,0,0,
TEL088-001000,2024-09-05,C0040,esencial,norte,82,12.55,2,0,
TEL088-001001,2024-09-05,C0041,plus,norte,81,31.52,0,0,
TEL088-001002,2024-09-05,C0042,total,norte,30,50.96,0,0,
TEL088-001003,2024-09-05,C0043,esencial,centro,15,0,1,0,
TEL088-001004,2024-09-05,C0044,plus,centro,98,31.51,0,0,
TEL088-001005,2024-09-05,C0045,total,norte,60,59.22,0,0,
TEL088-001006,2024-09-05,C0046,esencial,norte,21,11.36,0,0,
TEL088-001007,2024-09-05,C0047,plus,centro,70,40.08,1,0,
TEL088-001008,2024-09-05,C0048,total,sur,70,58.56,2,0,
TEL088-001009,2024-09-05,C0049,esencial,centro,94,10.09,0,0,
TEL088-001010,2024-09-05,C0050,plus,norte,42,18.53,1,0,
TEL088-001011,2024-09-05,C0051,total,centro,77,44.41,4,1,mudanza
TEL088-001012,2024-09-05,C0052,esencial,norte,93,12.09,0,1,mudanza
TEL088-001013,2024-09-05,C0053,plus,centro,55,30.04,4,0,
TEL088-001014,2024-09-05,C0054,total,sur,56,63.71,0,0,
TEL088-001015,2024-09-05,C0055,esencial,norte,40,5.84,2,0,
TEL088-001016,2024-09-05,C0056,plus,centro,72,29.63,2,0,
TEL088-001017,2024-09-05,C0057,total,sur,42,37.57,0,1,mudanza
TEL088-001018,2024-09-05,C0058,esencial,centro,62,4.3,2,0,
TEL088-001019,2024-09-05,C0059,plus,centro,93,40.22,0,0,
TEL088-001020,2024-09-05,C0060,total,norte,65,48.92,0,0,
TEL088-001021,2024-09-05,C0061,esencial,centro,18,19.77,0,0,
TEL088-001022,2024-09-05,C0062,plus,centro,40,14.89,2,1,servicio
TEL088-001023,2024-09-05,C0063,total,centro,11,50.01,1,0,
TEL088-001024,2024-09-05,C0064,esencial,centro,90,23.22,0,0,
TEL088-001025,2024-09-05,C0065,plus,centro,14,42.82,0,0,
TEL088-001026,2024-09-05,C0066,total,sur,50,53.95,2,1,mudanza
TEL088-001027,2024-09-05,C0067,esencial,sur,72,6.03,0,0,
TEL088-001028,2024-09-05,C0068,plus,norte,34,27.48,0,0,
TEL088-001029,2024-09-05,C0069,total,sur,56,42.37,0,0,
TEL088-001030,2024-09-05,C0070,esencial,centro,10,5.53,0,0,
TEL088-001031,2024-09-05,C0071,plus,centro,76,19.93,1,0,
TEL088-001032,2024-09-05,C0072,total,norte,35,53.06,2,0,
TEL088-001033,2024-09-05,C0073,esencial,sur,29,11.01,1,0,
TEL088-001034,2024-09-05,C0074,plus,centro,50,36.69,0,0,
TEL088-001035,2024-09-05,C0075,total,sur,60,60.9,0,1,precio
TEL088-001036,2024-09-05,C0076,esencial,centro,53,22.43,0,0,
TEL088-001037,2024-09-05,C0077,plus,sur,35,24.82,0,0,
TEL088-001038,2024-09-05,C0078,total,centro,77,63.46,3,0,
TEL088-001039,2024-09-05,C0079,esencial,sur,85,2.23,0,0,
TEL088-001040,2024-09-05,C0080,plus,sur,80,26.71,1,0,
TEL088-001041,2024-09-05,C0081,total,norte,27,41.63,1,0,
TEL088-001042,2024-09-05,C0082,esencial,centro,34,20.31,0,0,
TEL088-001043,2024-09-05,C0083,plus,centro,38,34.72,0,0,
TEL088-001044,2024-09-05,C0084,total,norte,26,50.35,1,0,
TEL088-001045,2024-09-05,C0085,esencial,centro,45,33.75,2,0,
TEL088-001046,2024-09-05,C0086,plus,norte,73,42.74,0,1,mudanza
TEL088-001047,2024-09-05,C0087,total,centro,54,37.83,2,1,precio
TEL088-001048,2024-09-05,C0088,esencial,norte,18,12.08,0,0,
TEL088-001049,2024-09-05,C0089,plus,sur,39,26.19,0,0,
TEL088-001050,2024-09-05,C0090,total,sur,40,41.17,0,0,
TEL088-001051,2024-09-05,C0091,esencial,norte,60,0,0,0,
TEL088-001052,2024-09-05,C0092,plus,sur,36,35.73,2,0,
TEL088-001053,2024-09-05,C0093,total,centro,61,38.4,0,0,
TEL088-001054,2024-09-05,C0094,esencial,norte,42,13.89,3,0,
TEL088-001055,2024-09-05,C0095,plus,norte,83,28.54,0,0,
TEL088-001056,2024-09-05,C0096,total,sur,75,"57,95",1,0,
TEL088-001057,2024-09-05,C0097,esencial,norte,28,19.38,3,1,servicio
TEL088-001058,2024-09-05,C0098,plus,centro,28,31.81,2,0,
TEL088-001059,2024-09-05,C0099,total,sur,83,60.09,0,0,
TEL088-001060,2024-09-05,C0100,esencial,norte,12,11.98,0,0,
TEL088-001061,2024-09-05,C0101,plus,sur,27,27.38,0,0,
TEL088-001062,2024-09-05,C0102,total,centro,76,36.28,0,0,
TEL088-001063,2024-09-05,C0103,esencial,sur,48,2.78,0,0,
TEL088-001064,2024-09-05,C0104,plus,centro,18,18.51,3,0,
TEL088-001065,2024-09-05,C0105,total,norte,23,55.34,1,0,
TEL088-001066,2024-09-05,C0106,esencial,centro,61,19.68,4,1,servicio
TEL088-001067,2024-09-05,C0107,plus,centro,13,32.44,2,0,
TEL088-001068,2024-09-05,C0108, TOTAL ,centro,9,44.92,0,1,servicio
TEL088-001069,2024-09-05,C0109,esencial,sur,73,13.18,0,0,
TEL088-001070,2024-09-05,C0110,plus,centro,91,22.11,3,0,
TEL088-001071,2024-09-05,C0111,total,norte,31,48.8,1,1,servicio
TEL088-001072,2024-09-05,C0112,esencial,norte,30,15.18,0,1,servicio
TEL088-001073,2024-09-05,C0113,plus,sur,39,39.61,0,0,
TEL088-001074,2024-09-05,C0114,total,norte,28,37.77,1,0,
TEL088-001075,2024-09-05,C0115,esencial,centro,30,27.23,1,0,
TEL088-001076,2024-09-05,C0116,plus,centro,20,27.02,0,0,
TEL088-001077,2024-09-05,C0117,total,sur,68,48.83,0,0,
TEL088-001078,2024-09-05,C0118,esencial,norte,22,2.42,0,0,
TEL088-001079,2024-09-05,C0119,plus,sur,54,34.28,0,0,
TEL088-001080,2024-09-05,C0120,total,norte,92,,0,0,
TEL088-001081,2024-10-06,C0001,esencial,norte,16,9.43,0,0,
TEL088-001082,2024-10-06,C0002,plus,norte,17,31.54,0,0,
TEL088-001083,2024-10-06,C0003,total,sur,40,51.66,3,0,
TEL088-001084,2024-10-06,C0004,esencial,norte,89,9.77,1,0,
TEL088-001085,2024-10-06,C0005,plus,sur,26,37.42,0,0,
TEL088-001086,2024-10-06,C0006,total,norte,11,53.31,2,0,
TEL088-001087,2024-10-06,C0007,esencial,centro,84,19.1,2,1,precio
TEL088-001088,2024-10-06,C0008,plus,norte,79,32.85,0,0,
TEL088-001089,2024-10-06,C0009,total,sur,52,52.34,1,0,
TEL088-001090,2024-10-06,C0010,esencial,sur,96,5.21,1,0,
TEL088-001091,2024-10-06,C0011,plus,norte,98,40.95,0,0,
TEL088-001092,2024-10-06,C0012,total,sur,21,54.4,0,0,
TEL088-001093,2024-10-06,C0013,esencial,norte,14,10.57,0,0,
TEL088-001094,2024-10-06,C0014,plus,centro,79,22.35,0,0,
TEL088-001095,2024-10-06,C0015,total,centro,99,46.93,1,0,
TEL088-001096,2024-10-06,C0016,esencial,sur,60,17.25,0,0,
TEL088-001097,2024-10-06,C0017,plus,sur,69,41.07,1,0,
TEL088-001098,2024-10-06,C0018,total,sur,23,55.58,1,0,
TEL088-001099,2024-10-06,C0019,esencial,norte,44,5.6,0,0,
TEL088-001100,2024-10-06,C0020,plus,sur,82,24.42,0,0,
TEL088-001101,2024-10-06,C0021,total,sur,22,48.04,1,0,
TEL088-001102,2024-10-06,C0022,esencial,centro,99,11.31,1,0,
TEL088-001103,2024-10-06,C0023,plus,centro,59,40.3,0,1,servicio
TEL088-001104,2024-10-06,C0024,total,sur,98,40.34,0,0,
TEL088-001105,2024-10-06,C0025,esencial,centro,38,3.24,1,0,
TEL088-001106,2024-10-06,C0026,plus,sur,65,20.45,0,0,
TEL088-001107,2024-10-06,C0027,total,centro,22,48.37,1,0,
TEL088-001108,2024-10-06,C0028,esencial,norte,59,0.45,0,0,
TEL088-001109,2024-10-06,C0029,plus,centro,46,30.96,4,1,servicio
TEL088-001110,2024-10-06,C0030,total,norte,51,34.97,0,0,
TEL088-001111,2024-10-06,C0031,esencial,centro,19,12.95,0,0,
TEL088-001112,2024-10-06,C0032,plus,norte,41,31.83,1,0,
TEL088-001113,2024-10-06,C0033,total,sur,98,44.85,1,0,
TEL088-001114,2024-10-06,C0034,esencial,norte,78,24.57,1,0,
TEL088-001115,2024-10-06,C0035,plus,sur,90,40.03,2,0,
TEL088-001116,2024-10-06,C0036,total,norte,60,53.22,2,0,
TEL088-001117,2024-10-06,C0037,esencial,norte,42,0.28,0,0,
TEL088-001118,2024-10-06,C0038,plus,centro,46,28.61,2,1,servicio
TEL088-001119,2024-10-06,C0039,total,norte,90,53.81,2,0,
TEL088-001120,2024-10-06,C0040,esencial,norte,83,0,0,0,
TEL088-001121,2024-10-06,C0041,plus,norte,82,40.52,2,0,
TEL088-001122,2024-10-06,C0042,total,norte,31,51.7,0,0,
TEL088-001123,2024-10-06,C0043,esencial,centro,16,13.43,1,0,
TEL088-001124,2024-10-06,C0044,plus,centro,99,34.62,0,0,
TEL088-001125,2024-10-06,C0045,total,norte,61,48.71,0,0,
TEL088-001126,2024-10-06,C0046,esencial,norte,22,5.88,0,0,
TEL088-001127,2024-10-06,C0047,plus,centro,71,27.61,0,0,
TEL088-001128,2024-10-06,C0048,total,sur,71,40.51,0,0,
TEL088-001129,2024-10-06,C0049,esencial,centro,95,10.35,1,0,
TEL088-001130,2024-10-06,C0050,plus,norte,43,29.09,1,0,
TEL088-001131,2024-10-06,C0051,total,centro,78,49.5,1,1,mudanza
TEL088-001132,2024-10-06,C0052,esencial,norte,94,13.87,0,0,
TEL088-001133,2024-10-06,C0053,plus,centro,56,34.16,1,1,servicio
TEL088-001134,2024-10-06,C0054,total,sur,57,60.96,0,0,
TEL088-001135,2024-10-06,C0055,esencial,norte,41,7.79,1,0,
TEL088-001136,2024-10-06,C0056,plus,centro,73,16.05,1,0,
TEL088-001137,2024-10-06,C0057,total,sur,43,48.91,0,0,
TEL088-001138,2024-10-06,C0058,esencial,centro,63,15.9,3,0,
TEL088-001139,2024-10-06,C0059,plus,centro,94,22.42,0,0,
TEL088-001140,2024-10-06,C0060,total,norte,66,51.87,3,0,
TEL088-001141,2024-10-06,C0061,esencial,centro,19,10.82,0,1,mudanza
TEL088-001142,2024-10-06,C0062,plus,centro,41,23.77,0,0,
TEL088-001143,2024-10-06,C0063,total,centro,12,43.93,0,0,
TEL088-001144,2024-10-06,C0064,esencial,centro,91,17.5,1,0,
TEL088-001145,2024-10-06,C0065,plus,centro,15,21.1,1,0,
TEL088-001146,2024-10-06,C0066,total,sur,51,38.85,0,0,
TEL088-001147,2024-10-06,C0067,esencial,sur,73,3.62,0,0,
TEL088-001148,2024-10-06,C0068,plus,norte,35,45.63,0,0,
TEL088-001149,2024-10-06,C0069,total,sur,57,45.1,4,0,
TEL088-001150,2024-10-06,C0070,esencial,centro,11,9.62,0,0,
TEL088-001151,2024-10-06,C0071,plus,centro,77,32.42,0,0,
TEL088-001152,2024-10-06,C0072,total,norte,36,40.33,0,0,
TEL088-001153,2024-10-06,C0073,esencial,sur,30,1.7,3,0,
TEL088-001154,2024-10-06,C0074,plus,centro,51,34.06,0,0,
TEL088-001155,2024-10-06,C0075,total,sur,61,30.74,3,0,
TEL088-001156,2024-10-06,C0076,esencial,centro,54,14.23,0,0,
TEL088-001157,2024-10-06,C0077,plus,sur,36,43.43,0,0,
TEL088-001158,2024-10-06,C0078,total,centro,78,37.5,0,0,
TEL088-001159,2024-10-06,C0079,esencial,sur,86,21.89,1,0,
TEL088-001160,2024-10-06,C0080,plus,sur,81,29.28,3,1,mudanza
TEL088-001161,2024-10-06,C0081,total,norte,28,54.9,0,0,
TEL088-001162,2024-10-06,C0082,esencial,centro,35,3.96,0,0,
TEL088-001163,2024-10-06,C0083,plus,centro,39,,0,0,
TEL088-001164,2024-10-06,C0084,total,norte,27,50.75,2,0,
TEL088-001165,2024-10-06,C0085, ESENCIAL ,centro,46,0.18,0,0,
TEL088-001166,2024-10-06,C0086,plus,norte,74,24.56,0,0,
TEL088-001167,2024-10-06,C0087,total,centro,55,42.66,1,1,precio
TEL088-001168,2024-10-06,C0088,esencial,norte,19,24.3,1,0,
TEL088-001169,2024-10-06,C0089,plus,sur,40,27.17,0,0,
TEL088-001170,2024-10-06,C0090,total,sur,41,45.79,1,0,
TEL088-001171,2024-10-06,C0091,esencial,norte,61,14.99,1,0,
TEL088-001172,2024-10-06,C0092,plus,sur,37,37.12,1,1,precio
TEL088-001173,2024-10-06,C0093,total,centro,62,49.96,0,0,
TEL088-001174,2024-10-06,C0094,esencial,norte,43,1.18,0,0,
TEL088-001175,2024-10-06,C0095,plus,norte,84,33.55,0,0,
TEL088-001176,2024-10-06,C0096,total,sur,76,56.04,2,0,
TEL088-001177,2024-10-06,C0097,esencial,norte,29,12.29,2,0,
TEL088-001178,2024-10-06,C0098,plus,centro,29,20.78,1,0,
TEL088-001179,2024-10-06,C0099,total,sur,84,49.09,1,0,
TEL088-001180,2024-10-06,C0100,esencial,norte,13,16.82,3,0,
TEL088-001181,2024-10-06,C0101,plus,sur,28,35.54,1,0,
TEL088-001182,2024-10-06,C0102,total,centro,77,45.17,1,0,
TEL088-001183,2024-10-06,C0103,esencial,sur,49,12.91,0,0,
TEL088-001184,2024-10-06,C0104,plus,centro,19,25.27,3,0,
TEL088-001185,2024-10-06,C0105,total,norte,24,54.26,1,0,
TEL088-001186,2024-10-06,C0106,esencial,centro,62,13.4,0,0,
TEL088-001187,2024-10-06,C0107,plus,centro,14,30.39,1,0,
TEL088-001188,2024-10-06,C0108,total,centro,10,44.58,0,0,
TEL088-001189,2024-10-06,C0109,esencial,sur,74,11.01,0,0,
TEL088-001190,2024-10-06,C0110,plus,centro,92,23.43,2,0,
TEL088-001191,2024-10-06,C0111,total,norte,32,36.38,4,1,mudanza
TEL088-001192,2024-10-06,C0112,esencial,norte,31,19.7,4,0,
TEL088-001193,2024-10-06,C0113,plus,sur,40,15.24,1,0,
TEL088-001194,2024-10-06,C0114,total,norte,29,54.99,1,0,
TEL088-001195,2024-10-06,C0115,esencial,centro,31,5.5,2,0,
TEL088-001196,2024-10-06,C0116,plus,centro,21,25.46,0,0,
TEL088-001197,2024-10-06,C0117,total,sur,69,49.61,1,0,
TEL088-001198,2024-10-06,C0118,esencial,norte,23,9.05,0,0,
TEL088-001199,2024-10-06,C0119,plus,sur,55,18.5,1,0,
TEL088-001200,2024-10-06,C0120,total,norte,93,34.59,0,0,
TEL088-001201,2024-11-06,C0001,esencial,norte,17,11.12,0,0,
TEL088-001202,2024-11-06,C0002,plus,norte,18,21.19,1,0,
TEL088-001203,2024-11-06,C0003,total,sur,41,38.08,1,0,
TEL088-001204,2024-11-06,C0004,esencial,norte,90,10.57,1,0,
TEL088-001205,2024-11-06,C0005,plus,sur,27,30.91,3,0,
TEL088-001206,2024-11-06,C0006,total,norte,12,42.99,3,0,
TEL088-001207,2024-11-06,C0007,esencial,centro,85,6.32,1,0,
TEL088-001208,2024-11-06,C0008,plus,norte,80,32.18,3,0,
TEL088-001209,2024-11-06,C0009,total,sur,53,58.14,0,0,
TEL088-001210,2024-11-06,C0010,esencial,sur,97,18.05,2,0,
TEL088-001211,2024-11-06,C0011,plus,norte,99,26.38,0,1,precio
TEL088-001212,2024-11-06,C0012,total,sur,22,47.03,0,0,
TEL088-001213,2024-11-06,C0013,esencial,norte,15,16.14,0,0,
TEL088-001214,2024-11-06,C0014,plus,centro,80,32.39,1,0,
TEL088-001215,2024-11-06,C0015,total,centro,100,47.53,1,0,
TEL088-001216,2024-11-06,C0016,esencial,sur,61,5.66,1,0,
TEL088-001217,2024-11-06,C0017,plus,sur,70,42.23,3,0,
TEL088-001218,2024-11-06,C0018,total,sur,24,51.02,0,0,
TEL088-001219,2024-11-06,C0019,esencial,norte,45,25.29,1,0,
TEL088-001220,2024-11-06,C0020,plus,sur,83,39.77,2,0,
TEL088-001221,2024-11-06,C0021,total,sur,23,34.72,1,0,
TEL088-001222,2024-11-06,C0022,esencial,centro,100,25.65,0,0,
TEL088-001223,2024-11-06,C0023,plus,centro,60,18.07,2,0,
TEL088-001224,2024-11-06,C0024,total,sur,99,51.78,3,0,
TEL088-001225,2024-11-06,C0025,esencial,centro,39,0.41,0,0,
TEL088-001226,2024-11-06,C0026,plus,sur,66,28.73,2,0,
TEL088-001227,2024-11-06,C0027,total,centro,23,46.23,1,0,
TEL088-001228,2024-11-06,C0028,esencial,norte,60,9.88,3,0,
TEL088-001229,2024-11-06,C0029,plus,centro,47,21.6,0,0,
TEL088-001230,2024-11-06,C0030,total,norte,52,39.92,2,0,
TEL088-001231,2024-11-06,C0031,esencial,centro,20,11.08,1,1,precio
TEL088-001232,2024-11-06,C0032,plus,norte,42,25.42,0,0,
TEL088-001233,2024-11-06,C0033,total,sur,99,49.1,0,0,
TEL088-001234,2024-11-06,C0034,esencial,norte,79,14.2,1,0,
TEL088-001235,2024-11-06,C0035,plus,sur,91,29.99,2,0,
TEL088-001236,2024-11-06,C0036,total,norte,61,59.2,0,0,
TEL088-001237,2024-11-06,C0037,esencial,norte,43,0,0,0,
TEL088-001238,2024-11-06,C0038,plus,centro,47,30.72,2,0,
TEL088-001239,2024-11-06,C0039,total,norte,91,63.59,2,0,
TEL088-001240,2024-11-06,C0040,esencial,norte,84,12.43,0,0,
TEL088-001241,2024-11-06,C0041,plus,norte,83,35.8,0,0,
TEL088-001242,2024-11-06,C0042,total,norte,32,46.4,3,1,mudanza
TEL088-001243,2024-11-06,C0043,esencial,centro,17,4.65,1,0,
TEL088-001244,2024-11-06,C0044,plus,centro,100,21.28,2,0,
TEL088-001245,2024-11-06,C0045,total,norte,62,48.52,0,0,
TEL088-001246,2024-11-06,C0046,esencial,norte,23,,0,0,
TEL088-001247,2024-11-06,C0047,plus,centro,72,29.83,0,0,
TEL088-001248,2024-11-06,C0048,total,sur,72,43.13,0,0,
TEL088-001249,2024-11-06,C0049,esencial,centro,96,7.84,0,0,
TEL088-001250,2024-11-06,C0050,plus,norte,44,25.47,0,0,
TEL088-001251,2024-11-06,C0051,total,centro,79,57.33,0,0,
TEL088-001252,2024-11-06,C0052,esencial,norte,95,36.63,1,0,
TEL088-001253,2024-11-06,C0053,plus,centro,57,37.09,1,0,
TEL088-001254,2024-11-06,C0054,total,sur,58,40.1,0,1,servicio
TEL088-001255,2024-11-06,C0055,esencial,norte,42,15.8,2,0,
TEL088-001256,2024-11-06,C0056,plus,centro,74,18.36,0,0,
TEL088-001257,2024-11-06,C0057,total,sur,44,40.89,0,0,
TEL088-001258,2024-11-06,C0058,esencial,centro,64,7.01,2,0,
TEL088-001259,2024-11-06,C0059,plus,centro,95,28.53,0,0,
TEL088-001260,2024-11-06,C0060,total,norte,67,39.75,0,0,
TEL088-001261,2024-11-06,C0061,esencial,centro,20,16.58,1,0,
TEL088-001262,2024-11-06,C0062, PLUS ,centro,42,44.56,0,0,
TEL088-001263,2024-11-06,C0063,total,centro,13,34.56,0,0,
TEL088-001264,2024-11-06,C0064,esencial,centro,92,10.62,0,0,
TEL088-001265,2024-11-06,C0065,plus,centro,16,39.42,3,0,
TEL088-001266,2024-11-06,C0066,total,sur,52,41.55,0,0,
TEL088-001267,2024-11-06,C0067,esencial,sur,74,"14,42",0,0,
TEL088-001268,2024-11-06,C0068,plus,norte,36,17.29,0,0,
TEL088-001269,2024-11-06,C0069,total,sur,58,29.45,1,0,
TEL088-001270,2024-11-06,C0070,esencial,centro,12,9.17,3,1,servicio
TEL088-001271,2024-11-06,C0071,plus,centro,78,40.38,1,1,precio
TEL088-001272,2024-11-06,C0072,total,norte,37,52.25,0,0,
TEL088-001273,2024-11-06,C0073,esencial,sur,31,14.99,1,1,mudanza
TEL088-001274,2024-11-06,C0074,plus,centro,52,24.37,1,0,
TEL088-001275,2024-11-06,C0075,total,sur,62,43.56,1,0,
TEL088-001276,2024-11-06,C0076,esencial,centro,55,16.93,1,0,
TEL088-001277,2024-11-06,C0077,plus,sur,37,13.9,0,0,
TEL088-001278,2024-11-06,C0078,total,centro,79,59.53,0,0,
TEL088-001279,2024-11-06,C0079,esencial,sur,87,2.8,1,0,
TEL088-001280,2024-11-06,C0080,plus,sur,82,14.66,0,0,
TEL088-001281,2024-11-06,C0081,total,norte,29,44.74,0,0,
TEL088-001282,2024-11-06,C0082,esencial,centro,36,10.2,0,0,
TEL088-001283,2024-11-06,C0083,plus,centro,40,23.45,2,0,
TEL088-001284,2024-11-06,C0084,total,norte,28,50.13,1,0,
TEL088-001285,2024-11-06,C0085,esencial,centro,47,2.38,2,0,
TEL088-001286,2024-11-06,C0086,plus,norte,75,39.91,1,0,
TEL088-001287,2024-11-06,C0087,total,centro,56,49.5,1,1,servicio
TEL088-001288,2024-11-06,C0088,esencial,norte,20,15.21,0,0,
TEL088-001289,2024-11-06,C0089,plus,sur,41,33.8,3,0,
TEL088-001290,2024-11-06,C0090,total,sur,42,32.98,0,0,
TEL088-001291,2024-11-06,C0091,esencial,norte,62,22.35,1,0,
TEL088-001292,2024-11-06,C0092,plus,sur,38,16.2,3,0,
TEL088-001293,2024-11-06,C0093,total,centro,63,42.03,2,1,mudanza
TEL088-001294,2024-11-06,C0094,esencial,norte,44,-999,0,0,
TEL088-001295,2024-11-06,C0095,plus,norte,85,23.31,3,0,
TEL088-001296,2024-11-06,C0096,total,sur,77,46.01,0,0,
TEL088-001297,2024-11-06,C0097,esencial,norte,30,0,0,0,
TEL088-001298,2024-11-06,C0098,plus,centro,30,11.56,2,0,
TEL088-001299,2024-11-06,C0099,total,sur,85,50.9,0,0,
TEL088-001300,2024-11-06,C0100,esencial,norte,14,11.79,1,0,
TEL088-001301,2024-11-06,C0101,plus,sur,29,32.36,0,0,
TEL088-001302,2024-11-06,C0102,total,centro,78,49.87,0,0,
TEL088-001303,2024-11-06,C0103,esencial,sur,50,6.08,0,0,
TEL088-001304,2024-11-06,C0104,plus,centro,20,33.58,0,0,
TEL088-001305,2024-11-06,C0105,total,norte,25,35.31,0,0,
TEL088-001306,2024-11-06,C0106,esencial,centro,63,1.52,2,0,
TEL088-001307,2024-11-06,C0107,plus,centro,15,33.42,0,0,
TEL088-001308,2024-11-06,C0108,total,centro,11,44.16,0,0,
TEL088-001309,2024-11-06,C0109,esencial,sur,75,3.17,3,0,
TEL088-001310,2024-11-06,C0110,plus,centro,93,39.49,1,0,
TEL088-001311,2024-11-06,C0111,total,norte,33,38.51,3,0,
TEL088-001312,2024-11-06,C0112,esencial,norte,32,7.11,0,1,servicio
TEL088-001313,2024-11-06,C0113,plus,sur,41,45.03,0,0,
TEL088-001314,2024-11-06,C0114,total,norte,30,64.8,4,1,precio
TEL088-001315,2024-11-06,C0115,esencial,centro,32,8.54,0,0,
TEL088-001316,2024-11-06,C0116,plus,centro,22,37.44,1,0,
TEL088-001317,2024-11-06,C0117,total,sur,70,31.35,0,0,
TEL088-001318,2024-11-06,C0118,esencial,norte,24,0,3,0,
TEL088-001319,2024-11-06,C0119,plus,sur,56,34.53,0,0,
TEL088-001320,2024-11-06,C0120,total,norte,94,47.31,0,0,
TEL088-001321,2024-12-07,C0001,esencial,norte,18,8.42,1,0,
TEL088-001322,2024-12-07,C0002,plus,norte,19,31.99,2,0,
TEL088-001323,2024-12-07,C0003,total,sur,42,54.68,0,0,
TEL088-001324,2024-12-07,C0004,esencial,norte,91,7.38,4,0,
TEL088-001325,2024-12-07,C0005,plus,sur,28,19.08,2,0,
TEL088-001326,2024-12-07,C0006,total,norte,13,55.42,0,0,
TEL088-001327,2024-12-07,C0007,esencial,centro,86,19.94,0,0,
TEL088-001328,2024-12-07,C0008,plus,norte,81,19.25,0,0,
TEL088-001329,2024-12-07,C0009,total,sur,54,,0,0,
TEL088-001330,2024-12-07,C0010,esencial,sur,98,18.32,0,0,
TEL088-001331,2024-12-07,C0011,plus,norte,100,25.23,0,0,
TEL088-001332,2024-12-07,C0012,total,sur,23,45.83,1,1,servicio
TEL088-001333,2024-12-07,C0013,esencial,norte,16,22.6,0,0,
TEL088-001334,2024-12-07,C0014,plus,centro,81,17.48,0,0,
TEL088-001335,2024-12-07,C0015,total,centro,101,50.84,0,0,
TEL088-001336,2024-12-07,C0016,esencial,sur,62,9.39,1,0,
TEL088-001337,2024-12-07,C0017,plus,sur,71,35.68,0,0,
TEL088-001338,2024-12-07,C0018,total,sur,25,53.86,0,0,
TEL088-001339,2024-12-07,C0019,esencial,norte,46,3.87,2,0,
TEL088-001340,2024-12-07,C0020,plus,sur,84,29.92,0,0,
TEL088-001341,2024-12-07,C0021,total,sur,24,53.8,1,0,
TEL088-001342,2024-12-07,C0022,esencial,centro,101,16.86,3,1,servicio
TEL088-001343,2024-12-07,C0023,plus,centro,61,25.19,0,0,
TEL088-001344,2024-12-07,C0024,total,sur,100,55.86,2,0,
TEL088-001345,2024-12-07,C0025,esencial,centro,40,0,0,0,
TEL088-001346,2024-12-07,C0026,plus,sur,67,32.51,1,0,
TEL088-001347,2024-12-07,C0027,total,centro,24,37.99,1,0,
TEL088-001348,2024-12-07,C0028,esencial,norte,61,26.86,1,0,
TEL088-001349,2024-12-07,C0029,plus,centro,48,33.62,0,0,
TEL088-001350,2024-12-07,C0030,total,norte,53,57.61,3,0,
TEL088-001351,2024-12-07,C0031,esencial,centro,21,10.36,0,0,
TEL088-001352,2024-12-07,C0032,plus,norte,43,21.85,0,0,
TEL088-001353,2024-12-07,C0033,total,sur,100,60.07,0,0,
TEL088-001354,2024-12-07,C0034,esencial,norte,80,12.33,0,1,servicio
TEL088-001355,2024-12-07,C0035,plus,sur,92,34.45,2,0,
TEL088-001356,2024-12-07,C0036,total,norte,62,55.37,0,0,
TEL088-001357,2024-12-07,C0037,esencial,norte,44,21.59,0,0,
TEL088-001358,2024-12-07,C0038,plus,centro,48,31.77,1,0,
TEL088-001359,2024-12-07,C0039, TOTAL ,norte,92,56.07,1,0,
TEL088-001360,2024-12-07,C0040,esencial,norte,85,19.76,0,0,
TEL088-001361,2024-12-07,C0041,plus,norte,84,24.31,0,0,
TEL088-001362,2024-12-07,C0042,total,norte,33,34.47,0,0,
TEL088-001363,2024-12-07,C0043,esencial,centro,18,26.63,1,0,
TEL088-001364,2024-12-07,C0044,plus,centro,101,42.56,0,0,
TEL088-001365,2024-12-07,C0045,total,norte,63,33.66,0,0,
TEL088-001366,2024-12-07,C0046,esencial,norte,24,5.63,0,0,
TEL088-001367,2024-12-07,C0047,plus,centro,73,22.57,0,0,
TEL088-001368,2024-12-07,C0048,total,sur,73,67.01,0,0,
TEL088-001369,2024-12-07,C0049,esencial,centro,97,13.86,0,0,
TEL088-001370,2024-12-07,C0050,plus,norte,45,31.05,0,0,
TEL088-001371,2024-12-07,C0051,total,centro,80,55.63,0,0,
TEL088-001372,2024-12-07,C0052,esencial,norte,96,0.22,1,1,mudanza
TEL088-001373,2024-12-07,C0053,plus,centro,58,28.75,0,0,
TEL088-001374,2024-12-07,C0054,total,sur,59,50.84,1,0,
TEL088-001375,2024-12-07,C0055,esencial,norte,43,2.92,0,0,
TEL088-001376,2024-12-07,C0056,plus,centro,75,18.18,1,0,
TEL088-001377,2024-12-07,C0057,total,sur,45,59.13,0,0,
TEL088-001378,2024-12-07,C0058,esencial,centro,65,8.89,0,0,
TEL088-001379,2024-12-07,C0059,plus,centro,96,26.99,0,0,
TEL088-001380,2024-12-07,C0060,total,norte,68,47.47,1,0,
TEL088-001381,2024-12-07,C0061,esencial,centro,21,4.79,4,0,
TEL088-001382,2024-12-07,C0062,plus,centro,43,15.92,0,0,
TEL088-001383,2024-12-07,C0063,total,centro,14,48.32,4,1,precio
TEL088-001384,2024-12-07,C0064,esencial,centro,93,11.53,2,0,
TEL088-001385,2024-12-07,C0065,plus,centro,17,27.17,0,0,
TEL088-001386,2024-12-07,C0066,total,sur,53,46.73,1,0,
TEL088-001387,2024-12-07,C0067,esencial,sur,75,0.11,0,0,
TEL088-001388,2024-12-07,C0068,plus,norte,37,38.53,2,0,
TEL088-001389,2024-12-07,C0069,total,sur,59,49.55,0,0,
TEL088-001390,2024-12-07,C0070,esencial,centro,13,6.09,2,0,
TEL088-001391,2024-12-07,C0071,plus,centro,79,49.04,2,0,
TEL088-001392,2024-12-07,C0072,total,norte,38,54.87,0,0,
TEL088-001393,2024-12-07,C0073,esencial,sur,32,13.45,1,0,
TEL088-001394,2024-12-07,C0074,plus,centro,53,34.29,0,0,
TEL088-001395,2024-12-07,C0075,total,sur,63,44.39,0,0,
TEL088-001396,2024-12-07,C0076,esencial,centro,56,4.17,3,0,
TEL088-001397,2024-12-07,C0077,plus,sur,38,29.55,2,0,
TEL088-001398,2024-12-07,C0078,total,centro,80,48.01,0,0,
TEL088-001399,2024-12-07,C0079,esencial,sur,88,16.57,2,0,
TEL088-001400,2024-12-07,C0080,plus,sur,83,18.26,3,0,
TEL088-001401,2024-12-07,C0081,total,norte,30,41.09,2,0,
TEL088-001402,2024-12-07,C0082,esencial,centro,37,8.38,0,0,
TEL088-001403,2024-12-07,C0083,plus,centro,41,36.35,0,0,
TEL088-001404,2024-12-07,C0084,total,norte,29,37.57,0,0,
TEL088-001405,2024-12-07,C0085,esencial,centro,48,8.88,0,0,
TEL088-001406,2024-12-07,C0086,plus,norte,76,23.25,1,0,
TEL088-001407,2024-12-07,C0087,total,centro,57,49.74,2,1,mudanza
TEL088-001408,2024-12-07,C0088,esencial,norte,21,12.23,1,0,
TEL088-001409,2024-12-07,C0089,plus,sur,42,27.8,0,1,servicio
TEL088-001410,2024-12-07,C0090,total,sur,43,49.17,0,0,
TEL088-001411,2024-12-07,C0091,esencial,norte,63,2.02,3,0,
TEL088-001412,2024-12-07,C0092,plus,sur,39,,2,0,
TEL088-001413,2024-12-07,C0093,total,centro,64,55.12,2,0,
TEL088-001414,2024-12-07,C0094,esencial,norte,45,19.85,1,0,
TEL088-001415,2024-12-07,C0095,plus,norte,86,34.19,1,0,
TEL088-001416,2024-12-07,C0096,total,sur,78,59.82,0,0,
TEL088-001417,2024-12-07,C0097,esencial,norte,31,4.96,1,0,
TEL088-001418,2024-12-07,C0098,plus,centro,31,19.84,1,0,
TEL088-001419,2024-12-07,C0099,total,sur,86,56.53,0,0,
TEL088-001420,2024-12-07,C0100,esencial,norte,15,10.51,1,0,
TEL088-001421,2024-12-07,C0101,plus,sur,30,30.31,4,1,mudanza
TEL088-001422,2024-12-07,C0102,total,centro,79,41.68,3,0,
TEL088-001423,2024-12-07,C0103,esencial,sur,51,6.42,0,0,
TEL088-001424,2024-12-07,C0104,plus,centro,21,24.78,4,0,
TEL088-001425,2024-12-07,C0105,total,norte,26,38.79,0,0,
TEL088-001426,2024-12-07,C0106,esencial,centro,64,14.81,0,0,
TEL088-001427,2024-12-07,C0107,plus,centro,16,34.73,0,1,mudanza
TEL088-001428,2024-12-07,C0108,total,centro,12,39.38,3,0,
TEL088-001429,2024-12-07,C0109,esencial,sur,76,1.37,0,0,
TEL088-001430,2024-12-07,C0110,plus,centro,94,25.51,0,0,
TEL088-001431,2024-12-07,C0111,total,norte,34,44.81,0,0,
TEL088-001432,2024-12-07,C0112,esencial,norte,33,13.5,1,0,
TEL088-001433,2024-12-07,C0113,plus,sur,42,18.33,0,0,
TEL088-001434,2024-12-07,C0114,total,norte,31,42.06,3,0,
TEL088-001435,2024-12-07,C0115,esencial,centro,33,15.72,1,0,
TEL088-001436,2024-12-07,C0116,plus,centro,23,29.78,3,0,
TEL088-001437,2024-12-07,C0117,total,sur,71,57.18,0,0,
TEL088-001438,2024-12-07,C0118,esencial,norte,25,20.49,0,0,
TEL088-001439,2024-12-07,C0119,plus,sur,57,26.56,4,0,
TEL088-001440,2024-12-07,C0120,total,norte,95,65.76,0,0,
TEL088-001441,2025-01-07,C0001,esencial,norte,19,29.28,1,1,servicio
TEL088-001442,2025-01-07,C0002,plus,norte,20,34.08,0,0,
TEL088-001443,2025-01-07,C0003,total,sur,43,46.35,0,1,mudanza
TEL088-001444,2025-01-07,C0004,esencial,norte,92,20.05,3,0,
TEL088-001445,2025-01-07,C0005,plus,sur,29,35.4,0,0,
TEL088-001446,2025-01-07,C0006,total,norte,14,50.98,2,0,
TEL088-001447,2025-01-07,C0007,esencial,centro,87,8.5,0,0,
TEL088-001448,2025-01-07,C0008,plus,norte,82,30.31,2,0,
TEL088-001449,2025-01-07,C0009,total,sur,55,42.85,0,0,
TEL088-001450,2025-01-07,C0010,esencial,sur,99,14.14,1,0,
TEL088-001451,2025-01-07,C0011,plus,norte,101,28.05,0,0,
TEL088-001452,2025-01-07,C0012,total,sur,24,49.05,1,0,
TEL088-001453,2025-01-07,C0013,esencial,norte,17,25.55,0,0,
TEL088-001454,2025-01-07,C0014,plus,centro,82,27.09,0,0,
TEL088-001455,2025-01-07,C0015,total,centro,102,54.9,2,1,servicio
TEL088-001456,2025-01-07,C0016, ESENCIAL ,sur,63,20.14,0,0,
TEL088-001457,2025-01-07,C0017,plus,sur,72,22.79,1,0,
TEL088-001458,2025-01-07,C0018,total,sur,26,59.43,1,0,
TEL088-001459,2025-01-07,C0019,esencial,norte,47,19.67,1,1,servicio
TEL088-001460,2025-01-07,C0020,plus,sur,85,13.79,0,0,
TEL088-001461,2025-01-07,C0021,total,sur,25,53.38,1,0,
TEL088-001462,2025-01-07,C0022,esencial,centro,102,14.55,0,0,
TEL088-001463,2025-01-07,C0023,plus,centro,62,26.41,0,0,
TEL088-001464,2025-01-07,C0024,total,sur,101,51.33,2,0,
TEL088-001465,2025-01-07,C0025,esencial,centro,41,17.8,1,0,
TEL088-001466,2025-01-07,C0026,plus,sur,68,34.76,0,0,
TEL088-001467,2025-01-07,C0027,total,centro,25,47.55,0,0,
TEL088-001468,2025-01-07,C0028,esencial,norte,62,12.97,0,1,mudanza
TEL088-001469,2025-01-07,C0029,plus,centro,49,28.79,0,0,
TEL088-001470,2025-01-07,C0030,total,norte,54,39.8,0,0,
TEL088-001471,2025-01-07,C0031,esencial,centro,22,16.48,0,0,
TEL088-001472,2025-01-07,C0032,plus,norte,44,42.16,0,0,
TEL088-001473,2025-01-07,C0033,total,sur,101,46.29,1,0,
TEL088-001474,2025-01-07,C0034,esencial,norte,81,22.01,0,0,
TEL088-001475,2025-01-07,C0035,plus,sur,93,32.44,0,0,
TEL088-001476,2025-01-07,C0036,total,norte,63,48.99,3,0,
TEL088-001477,2025-01-07,C0037,esencial,norte,45,6.62,0,0,
TEL088-001478,2025-01-07,C0038,plus,centro,49,"41,69",0,0,
TEL088-001479,2025-01-07,C0039,total,norte,93,66.33,0,0,
TEL088-001480,2025-01-07,C0040,esencial,norte,86,15.18,1,0,
TEL088-001481,2025-01-07,C0041,plus,norte,85,29.02,0,0,
TEL088-001482,2025-01-07,C0042,total,norte,34,60.4,1,0,
TEL088-001483,2025-01-07,C0043,esencial,centro,19,14.53,1,0,
TEL088-001484,2025-01-07,C0044,plus,centro,102,32.21,0,0,
TEL088-001485,2025-01-07,C0045,total,norte,64,57.03,0,0,
TEL088-001486,2025-01-07,C0046,esencial,norte,25,11.79,0,0,
TEL088-001487,2025-01-07,C0047,plus,centro,74,28.71,1,0,
TEL088-001488,2025-01-07,C0048,total,sur,74,56.87,1,0,
TEL088-001489,2025-01-07,C0049,esencial,centro,98,18.58,2,0,
TEL088-001490,2025-01-07,C0050,plus,norte,46,33.64,0,0,
TEL088-001491,2025-01-07,C0051,total,centro,81,45.38,0,0,
TEL088-001492,2025-01-07,C0052,esencial,norte,97,13.45,0,0,
TEL088-001493,2025-01-07,C0053,plus,centro,59,42.39,0,0,
TEL088-001494,2025-01-07,C0054,total,sur,60,60.36,1,0,
TEL088-001495,2025-01-07,C0055,esencial,norte,44,,0,0,
TEL088-001496,2025-01-07,C0056,plus,centro,76,34.26,0,0,
TEL088-001497,2025-01-07,C0057,total,sur,46,57.43,2,0,
TEL088-001498,2025-01-07,C0058,esencial,centro,66,6.61,1,0,
TEL088-001499,2025-01-07,C0059,plus,centro,97,27.23,0,0,
TEL088-001500,2025-01-07,C0060,total,norte,69,49.51,0,0,
TEL088-001501,2025-01-07,C0061,esencial,centro,22,29.08,1,0,
TEL088-001502,2025-01-07,C0062,plus,centro,44,45.41,3,1,precio
TEL088-001503,2025-01-07,C0063,total,centro,15,60.02,1,0,
TEL088-001504,2025-01-07,C0064,esencial,centro,94,13.56,1,0,
TEL088-001505,2025-01-07,C0065,plus,centro,18,30.48,0,0,
TEL088-001506,2025-01-07,C0066,total,sur,54,50.33,0,0,
TEL088-001507,2025-01-07,C0067,esencial,sur,76,15.56,1,1,servicio
TEL088-001508,2025-01-07,C0068,plus,norte,38,42.82,0,0,
TEL088-001509,2025-01-07,C0069,total,sur,60,53.47,2,0,
TEL088-001510,2025-01-07,C0070,esencial,centro,14,26.9,0,0,
TEL088-001511,2025-01-07,C0071,plus,centro,80,33.96,1,0,
TEL088-001512,2025-01-07,C0072,total,norte,39,47.21,1,0,
TEL088-001513,2025-01-07,C0073,esencial,sur,33,26.52,1,0,
TEL088-001514,2025-01-07,C0074,plus,centro,54,33.63,2,0,
TEL088-001515,2025-01-07,C0075,total,sur,64,54.61,1,0,
TEL088-001516,2025-01-07,C0076,esencial,centro,57,28.21,0,0,
TEL088-001517,2025-01-07,C0077,plus,sur,39,37.97,1,1,precio
TEL088-001518,2025-01-07,C0078,total,centro,81,61.0,0,0,
TEL088-001519,2025-01-07,C0079,esencial,sur,89,16.64,0,0,
TEL088-001520,2025-01-07,C0080,plus,sur,84,39.61,0,0,
TEL088-001521,2025-01-07,C0081,total,norte,31,49.98,1,0,
TEL088-001522,2025-01-07,C0082,esencial,centro,38,4.32,2,0,
TEL088-001523,2025-01-07,C0083,plus,centro,42,17.33,0,0,
TEL088-001524,2025-01-07,C0084,total,norte,30,50.37,0,0,
TEL088-001525,2025-01-07,C0085,esencial,centro,49,16.52,0,0,
TEL088-001526,2025-01-07,C0086,plus,norte,77,32.32,1,1,precio
TEL088-001527,2025-01-07,C0087,total,centro,58,46.67,3,0,
TEL088-001528,2025-01-07,C0088,esencial,norte,22,13.75,1,0,
TEL088-001529,2025-01-07,C0089,plus,sur,43,35.4,0,0,
TEL088-001530,2025-01-07,C0090,total,sur,44,56.45,1,0,
TEL088-001531,2025-01-07,C0091,esencial,norte,64,2.51,2,0,
TEL088-001532,2025-01-07,C0092,plus,sur,40,29.2,0,0,
TEL088-001533,2025-01-07,C0093,total,centro,65,59.15,1,0,
TEL088-001534,2025-01-07,C0094,esencial,norte,46,12.16,1,0,
TEL088-001535,2025-01-07,C0095,plus,norte,87,23.82,0,0,
TEL088-001536,2025-01-07,C0096,total,sur,79,48.67,0,0,
TEL088-001537,2025-01-07,C0097,esencial,norte,32,18.92,0,0,
TEL088-001538,2025-01-07,C0098,plus,centro,32,49.67,1,0,
TEL088-001539,2025-01-07,C0099,total,sur,87,46.36,0,0,
TEL088-001540,2025-01-07,C0100,esencial,norte,16,25.48,0,0,
TEL088-001541,2025-01-07,C0101,plus,sur,31,52.3,2,1,servicio
TEL088-001542,2025-01-07,C0102,total,centro,80,59.37,1,0,
TEL088-001543,2025-01-07,C0103,esencial,sur,52,24.2,0,0,
TEL088-001544,2025-01-07,C0104,plus,centro,22,44.2,0,0,
TEL088-001545,2025-01-07,C0105,total,norte,27,47.53,2,0,
TEL088-001546,2025-01-07,C0106,esencial,centro,65,5.2,1,0,
TEL088-001547,2025-01-07,C0107,plus,centro,17,41.25,1,0,
TEL088-001548,2025-01-07,C0108,total,centro,13,49.06,3,0,
TEL088-001549,2025-01-07,C0109,esencial,sur,77,12.73,1,0,
TEL088-001550,2025-01-07,C0110,plus,centro,95,36.46,1,0,
TEL088-001551,2025-01-07,C0111,total,norte,35,62.78,0,0,
TEL088-001552,2025-01-07,C0112,esencial,norte,34,7.45,0,0,
TEL088-001553,2025-01-07,C0113, PLUS ,sur,43,34.95,2,0,
TEL088-001554,2025-01-07,C0114,total,norte,32,45.68,2,0,
TEL088-001555,2025-01-07,C0115,esencial,centro,34,16.01,0,0,
TEL088-001556,2025-01-07,C0116,plus,centro,24,44.74,0,0,
TEL088-001557,2025-01-07,C0117,total,sur,72,44.88,0,0,
TEL088-001558,2025-01-07,C0118,esencial,norte,26,24.4,1,0,
TEL088-001559,2025-01-07,C0119,plus,sur,58,32.39,0,0,
TEL088-001560,2025-01-07,C0120,total,norte,96,57.53,0,0,
TEL088-001561,2025-02-07,C0001,esencial,norte,20,33.07,2,0,
TEL088-001562,2025-02-07,C0002,plus,norte,21,34.06,1,0,
TEL088-001563,2025-02-07,C0003,total,sur,44,50.59,1,0,
TEL088-001564,2025-02-07,C0004,esencial,norte,93,12.15,0,0,
TEL088-001565,2025-02-07,C0005,plus,sur,30,45.87,0,0,
TEL088-001566,2025-02-07,C0006,total,norte,15,50.48,0,0,
TEL088-001567,2025-02-07,C0007,esencial,centro,88,15.61,4,0,
TEL088-001568,2025-02-07,C0008,plus,norte,83,35.64,0,0,
TEL088-001569,2025-02-07,C0009,total,sur,56,56.87,2,0,
TEL088-001570,2025-02-07,C0010,esencial,sur,100,24.54,0,0,
TEL088-001571,2025-02-07,C0011,plus,norte,102,29.28,1,0,
TEL088-001572,2025-02-07,C0012,total,sur,25,46.37,1,0,
TEL088-001573,2025-02-07,C0013,esencial,norte,18,22.06,0,0,
TEL088-001574,2025-02-07,C0014,plus,centro,83,47.95,0,0,
TEL088-001575,2025-02-07,C0015,total,centro,103,70.86,1,0,
TEL088-001576,2025-02-07,C0016,esencial,sur,64,12.16,0,0,
TEL088-001577,2025-02-07,C0017,plus,sur,73,32.51,2,1,precio
TEL088-001578,2025-02-07,C0018,total,sur,27,,1,0,
TEL088-001579,2025-02-07,C0019,esencial,norte,48,21.76,4,0,
TEL088-001580,2025-02-07,C0020,plus,sur,86,29.22,0,0,
TEL088-001581,2025-02-07,C0021,total,sur,26,45.44,0,0,
TEL088-001582,2025-02-07,C0022,esencial,centro,103,7.48,0,0,
TEL088-001583,2025-02-07,C0023,plus,centro,63,44.05,1,1,mudanza
TEL088-001584,2025-02-07,C0024,total,sur,102,65.98,1,1,mudanza
TEL088-001585,2025-02-07,C0025,esencial,centro,42,12.75,0,0,
TEL088-001586,2025-02-07,C0026,plus,sur,69,19.51,0,0,
TEL088-001587,2025-02-07,C0027,total,centro,26,58.22,1,0,
TEL088-001588,2025-02-07,C0028,esencial,norte,63,14.91,0,0,
TEL088-001589,2025-02-07,C0029,plus,centro,50,37.95,1,0,
TEL088-001590,2025-02-07,C0030,total,norte,55,54.52,1,0,
TEL088-001591,2025-02-07,C0031,esencial,centro,23,24.81,1,0,
TEL088-001592,2025-02-07,C0032,plus,norte,45,24.78,1,1,mudanza
TEL088-001593,2025-02-07,C0033,total,sur,102,56.33,0,0,
TEL088-001594,2025-02-07,C0034,esencial,norte,82,10.44,0,0,
TEL088-001595,2025-02-07,C0035,plus,sur,94,35.81,0,0,
TEL088-001596,2025-02-07,C0036,total,norte,64,57.15,0,0,
TEL088-001597,2025-02-07,C0037,esencial,norte,46,14.42,0,0,
TEL088-001598,2025-02-07,C0038,plus,centro,50,39.45,0,0,
TEL088-001599,2025-02-07,C0039,total,norte,94,42.72,0,0,
TEL088-001600,2025-02-07,C0040,esencial,norte,87,10.27,3,1,mudanza
TEL088-001601,2025-02-07,C0041,plus,norte,86,41.48,1,0,
TEL088-001602,2025-02-07,C0042,total,norte,35,46.46,0,0,
TEL088-001603,2025-02-07,C0043,esencial,centro,20,13.07,2,0,
TEL088-001604,2025-02-07,C0044,plus,centro,103,35.81,0,0,
TEL088-001605,2025-02-07,C0045,total,norte,65,57.37,0,0,
TEL088-001606,2025-02-07,C0046,esencial,norte,26,8.54,0,0,
TEL088-001607,2025-02-07,C0047,plus,centro,75,29.27,0,0,
TEL088-001608,2025-02-07,C0048,total,sur,75,57.29,2,0,
TEL088-001609,2025-02-07,C0049,esencial,centro,99,22.49,0,0,
TEL088-001610,2025-02-07,C0050,plus,norte,47,39.0,2,0,
TEL088-001611,2025-02-07,C0051,total,centro,82,63.47,1,1,precio
TEL088-001612,2025-02-07,C0052,esencial,norte,98,14.69,0,0,
TEL088-001613,2025-02-07,C0053,plus,centro,60,39.09,0,0,
TEL088-001614,2025-02-07,C0054,total,sur,61,34.0,1,0,
TEL088-001615,2025-02-07,C0055,esencial,norte,45,9.99,0,0,
TEL088-001616,2025-02-07,C0056,plus,centro,77,36.04,0,0,
TEL088-001617,2025-02-07,C0057,total,sur,47,43.84,0,0,
TEL088-001618,2025-02-07,C0058,esencial,centro,67,2.49,0,1,precio
TEL088-001619,2025-02-07,C0059,plus,centro,98,36.18,0,0,
TEL088-001620,2025-02-07,C0060,total,norte,70,61.79,0,0,
TEL088-001621,2025-02-07,C0061,esencial,centro,23,13.68,0,0,
TEL088-001622,2025-02-07,C0062,plus,centro,45,34.51,0,0,
TEL088-001623,2025-02-07,C0063,total,centro,16,50.41,1,1,precio
TEL088-001624,2025-02-07,C0064,esencial,centro,95,25.33,4,0,
TEL088-001625,2025-02-07,C0065,plus,centro,19,36.35,0,1,precio
TEL088-001626,2025-02-07,C0066,total,sur,55,36.78,0,0,
TEL088-001627,2025-02-07,C0067,esencial,sur,77,9.64,1,0,
TEL088-001628,2025-02-07,C0068,plus,norte,39,43.09,1,0,
TEL088-001629,2025-02-07,C0069,total,sur,61,61.45,2,1,servicio
TEL088-001630,2025-02-07,C0070,esencial,centro,15,13.15,4,0,
TEL088-001631,2025-02-07,C0071,plus,centro,81,23.08,0,0,
TEL088-001632,2025-02-07,C0072,total,norte,40,44.29,0,0,
TEL088-001633,2025-02-07,C0073,esencial,sur,34,19.93,1,0,
TEL088-001634,2025-02-07,C0074,plus,centro,55,37.45,0,0,
TEL088-001635,2025-02-07,C0075,total,sur,65,53.42,1,0,
TEL088-001636,2025-02-07,C0076,esencial,centro,58,16.71,0,1,precio
TEL088-001637,2025-02-07,C0077,plus,sur,40,37.49,1,0,
TEL088-001638,2025-02-07,C0078,total,centro,82,51.04,0,0,
TEL088-001639,2025-02-07,C0079,esencial,sur,90,18.23,2,0,
TEL088-001640,2025-02-07,C0080,plus,sur,85,36.01,0,0,
TEL088-001641,2025-02-07,C0081,total,norte,32,53.86,0,0,
TEL088-001642,2025-02-07,C0082,esencial,centro,39,18.21,0,0,
TEL088-001643,2025-02-07,C0083,plus,centro,43,30.45,2,0,
TEL088-001644,2025-02-07,C0084,total,norte,31,53.79,0,0,
TEL088-001645,2025-02-07,C0085,esencial,centro,50,28.02,0,0,
TEL088-001646,2025-02-07,C0086,plus,norte,78,26.37,0,0,
TEL088-001647,2025-02-07,C0087,total,centro,59,61.68,0,0,
TEL088-001648,2025-02-07,C0088,esencial,norte,23,27.3,2,0,
TEL088-001649,2025-02-07,C0089,plus,sur,44,36.31,2,0,
TEL088-001650,2025-02-07,C0090, TOTAL ,sur,45,44.44,1,0,
TEL088-001651,2025-02-07,C0091,esencial,norte,65,33.38,0,0,
TEL088-001652,2025-02-07,C0092,plus,sur,41,16.4,0,0,
TEL088-001653,2025-02-07,C0093,total,centro,66,58.0,0,0,
TEL088-001654,2025-02-07,C0094,esencial,norte,47,32.54,2,1,precio
TEL088-001655,2025-02-07,C0095,plus,norte,88,33.81,0,0,
TEL088-001656,2025-02-07,C0096,total,sur,80,51.14,0,0,
TEL088-001657,2025-02-07,C0097,esencial,norte,33,19.33,1,0,
TEL088-001658,2025-02-07,C0098,plus,centro,33,29.56,2,0,
TEL088-001659,2025-02-07,C0099,total,sur,88,61.13,1,0,
TEL088-001660,2025-02-07,C0100,esencial,norte,17,19.08,1,1,servicio
TEL088-001661,2025-02-07,C0101,plus,sur,32,,1,0,
TEL088-001662,2025-02-07,C0102,total,centro,81,67.38,0,0,
TEL088-001663,2025-02-07,C0103,esencial,sur,53,14.8,2,0,
TEL088-001664,2025-02-07,C0104,plus,centro,23,30.53,3,0,
TEL088-001665,2025-02-07,C0105,total,norte,28,57.03,0,0,
TEL088-001666,2025-02-07,C0106,esencial,centro,66,9.54,1,0,
TEL088-001667,2025-02-07,C0107,plus,centro,18,35.26,1,1,servicio
TEL088-001668,2025-02-07,C0108,total,centro,14,55.72,3,0,
TEL088-001669,2025-02-07,C0109,esencial,sur,78,24.93,0,0,
TEL088-001670,2025-02-07,C0110,plus,centro,96,34.52,1,0,
TEL088-001671,2025-02-07,C0111,total,norte,36,51.49,0,0,
TEL088-001672,2025-02-07,C0112,esencial,norte,35,20.93,1,0,
TEL088-001673,2025-02-07,C0113,plus,sur,44,41.86,0,0,
TEL088-001674,2025-02-07,C0114,total,norte,33,53.48,0,1,precio
TEL088-001675,2025-02-07,C0115,esencial,centro,35,6.62,0,0,
TEL088-001676,2025-02-07,C0116,plus,centro,25,17.81,2,0,
TEL088-001677,2025-02-07,C0117,total,sur,73,63.39,1,1,precio
TEL088-001678,2025-02-07,C0118,esencial,norte,27,14.23,0,0,
TEL088-001679,2025-02-07,C0119,plus,sur,59,28.22,0,0,
TEL088-001680,2025-02-07,C0120,total,norte,97,51.69,0,0,
TEL088-001681,2025-03-10,C0001,esencial,norte,21,15.98,0,1,servicio
TEL088-001682,2025-03-10,C0002,plus,norte,22,30.3,2,1,servicio
TEL088-001683,2025-03-10,C0003,total,sur,45,28.59,0,0,
TEL088-001684,2025-03-10,C0004,esencial,norte,94,22.21,0,0,
TEL088-001685,2025-03-10,C0005,plus,sur,31,35.82,2,1,mudanza
TEL088-001686,2025-03-10,C0006,total,norte,16,65.92,0,0,
TEL088-001687,2025-03-10,C0007,esencial,centro,89,7.6,0,0,
TEL088-001688,2025-03-10,C0008,plus,norte,84,39.76,1,0,
TEL088-001689,2025-03-10,C0009,total,sur,57,"60,44",1,0,
TEL088-001690,2025-03-10,C0010,esencial,sur,101,25.1,3,1,precio
TEL088-001691,2025-03-10,C0011,plus,norte,103,31.75,0,0,
TEL088-001692,2025-03-10,C0012,total,sur,26,53.09,0,0,
TEL088-001693,2025-03-10,C0013,esencial,norte,19,9.09,0,0,
TEL088-001694,2025-03-10,C0014,plus,centro,84,18.68,0,0,
TEL088-001695,2025-03-10,C0015,total,centro,104,53.1,0,0,
TEL088-001696,2025-03-10,C0016,esencial,sur,65,29.16,0,0,
TEL088-001697,2025-03-10,C0017,plus,sur,74,23.02,0,0,
TEL088-001698,2025-03-10,C0018,total,sur,28,49.12,0,0,
TEL088-001699,2025-03-10,C0019,esencial,norte,49,18.84,0,0,
TEL088-001700,2025-03-10,C0020,plus,sur,87,38.98,0,0,
TEL088-001701,2025-03-10,C0021,total,sur,27,63.51,0,0,
TEL088-001702,2025-03-10,C0022,esencial,centro,104,8.67,0,0,
TEL088-001703,2025-03-10,C0023,plus,centro,64,35.95,1,0,
TEL088-001704,2025-03-10,C0024,total,sur,103,61.67,1,0,
TEL088-001705,2025-03-10,C0025,esencial,centro,43,2.39,0,0,
TEL088-001706,2025-03-10,C0026,plus,sur,70,31.06,0,0,
TEL088-001707,2025-03-10,C0027,total,centro,27,40.81,0,0,
TEL088-001708,2025-03-10,C0028,esencial,norte,64,16.69,0,0,
TEL088-001709,2025-03-10,C0029,plus,centro,51,38.84,1,0,
TEL088-001710,2025-03-10,C0030,total,norte,56,54.63,0,0,
TEL088-001711,2025-03-10,C0031,esencial,centro,24,12.62,0,0,
TEL088-001712,2025-03-10,C0032,plus,norte,46,46.36,0,0,
TEL088-001713,2025-03-10,C0033,total,sur,103,53.64,0,0,
TEL088-001714,2025-03-10,C0034,esencial,norte,83,1.09,0,0,
TEL088-001715,2025-03-10,C0035,plus,sur,95,38.04,1,0,
TEL088-001716,2025-03-10,C0036,total,norte,65,53.34,0,0,
TEL088-001717,2025-03-10,C0037,esencial,norte,47,23.22,1,1,precio
TEL088-001718,2025-03-10,C0038,plus,centro,51,41.09,3,0,
TEL088-001719,2025-03-10,C0039,total,norte,95,68.84,2,0,
TEL088-001720,2025-03-10,C0040,esencial,norte,88,11.23,0,0,
TEL088-001721,2025-03-10,C0041,plus,norte,87,29.05,1,0,
TEL088-001722,2025-03-10,C0042,total,norte,36,43.18,0,0,
TEL088-001723,2025-03-10,C0043,esencial,centro,21,13.82,2,0,
TEL088-001724,2025-03-10,C0044,plus,centro,104,18.37,0,0,
TEL088-001725,2025-03-10,C0045,total,norte,66,-999,2,0,
TEL088-001726,2025-03-10,C0046,esencial,norte,27,21.96,2,0,
TEL088-001727,2025-03-10,C0047,plus,centro,76,14.88,1,0,
TEL088-001728,2025-03-10,C0048,total,sur,76,61.23,1,0,
TEL088-001729,2025-03-10,C0049,esencial,centro,100,11.27,1,0,
TEL088-001730,2025-03-10,C0050,plus,norte,48,48.26,0,0,
TEL088-001731,2025-03-10,C0051,total,centro,83,59.51,0,0,
TEL088-001732,2025-03-10,C0052,esencial,norte,99,16.13,1,0,
TEL088-001733,2025-03-10,C0053,plus,centro,61,44.52,1,0,
TEL088-001734,2025-03-10,C0054,total,sur,62,38.15,2,0,
TEL088-001735,2025-03-10,C0055,esencial,norte,46,3.53,0,0,
TEL088-001736,2025-03-10,C0056,plus,centro,78,39.07,0,0,
TEL088-001737,2025-03-10,C0057,total,sur,48,51.88,1,0,
TEL088-001738,2025-03-10,C0058,esencial,centro,68,21.45,0,0,
TEL088-001739,2025-03-10,C0059,plus,centro,99,37.04,2,0,
TEL088-001740,2025-03-10,C0060,total,norte,71,56.78,0,0,
TEL088-001741,2025-03-10,C0061,esencial,centro,24,8.45,0,0,
TEL088-001742,2025-03-10,C0062,plus,centro,46,40.03,0,0,
TEL088-001743,2025-03-10,C0063,total,centro,17,40.62,0,0,
TEL088-001744,2025-03-10,C0064,esencial,centro,96,,0,0,
TEL088-001745,2025-03-10,C0065,plus,centro,20,36.22,0,0,
TEL088-001746,2025-03-10,C0066,total,sur,56,65.84,0,0,
TEL088-001747,2025-03-10,C0067, ESENCIAL ,sur,78,29.98,4,1,servicio
TEL088-001748,2025-03-10,C0068,plus,norte,40,31.11,2,0,
TEL088-001749,2025-03-10,C0069,total,sur,62,41.47,0,0,
TEL088-001750,2025-03-10,C0070,esencial,centro,16,12.86,0,0,
TEL088-001751,2025-03-10,C0071,plus,centro,82,43.91,0,0,
TEL088-001752,2025-03-10,C0072,total,norte,41,57.06,1,1,precio
TEL088-001753,2025-03-10,C0073,esencial,sur,35,15.86,1,0,
TEL088-001754,2025-03-10,C0074,plus,centro,56,33.96,3,0,
TEL088-001755,2025-03-10,C0075,total,sur,66,41.42,1,0,
TEL088-001756,2025-03-10,C0076,esencial,centro,59,8.08,0,0,
TEL088-001757,2025-03-10,C0077,plus,sur,41,37.94,0,0,
TEL088-001758,2025-03-10,C0078,total,centro,83,59.6,0,0,
TEL088-001759,2025-03-10,C0079,esencial,sur,91,31.33,0,0,
TEL088-001760,2025-03-10,C0080,plus,sur,86,29.01,0,0,
TEL088-001761,2025-03-10,C0081,total,norte,33,54.06,0,0,
TEL088-001762,2025-03-10,C0082,esencial,centro,40,7.47,2,1,mudanza
TEL088-001763,2025-03-10,C0083,plus,centro,44,50.5,2,0,
TEL088-001764,2025-03-10,C0084,total,norte,32,56.32,0,0,
TEL088-001765,2025-03-10,C0085,esencial,centro,51,12.17,1,0,
TEL088-001766,2025-03-10,C0086,plus,norte,79,36.24,0,0,
TEL088-001767,2025-03-10,C0087,total,centro,60,60.64,0,0,
TEL088-001768,2025-03-10,C0088,esencial,norte,24,19.35,3,0,
TEL088-001769,2025-03-10,C0089,plus,sur,45,25.41,0,0,
TEL088-001770,2025-03-10,C0090,total,sur,46,50.88,0,0,
TEL088-001771,2025-03-10,C0091,esencial,norte,66,11.36,0,0,
TEL088-001772,2025-03-10,C0092,plus,sur,42,48.45,0,0,
TEL088-001773,2025-03-10,C0093,total,centro,67,45.66,1,0,
TEL088-001774,2025-03-10,C0094,esencial,norte,48,17.54,2,0,
TEL088-001775,2025-03-10,C0095,plus,norte,89,47.55,1,0,
TEL088-001776,2025-03-10,C0096,total,sur,81,58.79,1,0,
TEL088-001777,2025-03-10,C0097,esencial,norte,34,15.15,0,0,
TEL088-001778,2025-03-10,C0098,plus,centro,34,34.92,0,1,mudanza
TEL088-001779,2025-03-10,C0099,total,sur,89,44.74,0,0,
TEL088-001780,2025-03-10,C0100,esencial,norte,18,7.58,0,0,
TEL088-001781,2025-03-10,C0101,plus,sur,33,31.75,1,0,
TEL088-001782,2025-03-10,C0102,total,centro,82,48.26,2,0,
TEL088-001783,2025-03-10,C0103,esencial,sur,54,19.83,0,0,
TEL088-001784,2025-03-10,C0104,plus,centro,24,25.87,0,0,
TEL088-001785,2025-03-10,C0105,total,norte,29,57.95,0,0,
TEL088-001786,2025-03-10,C0106,esencial,centro,67,10.52,1,0,
TEL088-001787,2025-03-10,C0107,plus,centro,19,21.13,1,0,
TEL088-001788,2025-03-10,C0108,total,centro,15,47.45,0,0,
TEL088-001789,2025-03-10,C0109,esencial,sur,79,17.12,0,0,
TEL088-001790,2025-03-10,C0110,plus,centro,97,26.72,2,0,
TEL088-001791,2025-03-10,C0111,total,norte,37,59.05,0,0,
TEL088-001792,2025-03-10,C0112,esencial,norte,36,12.7,0,0,
TEL088-001793,2025-03-10,C0113,plus,sur,45,34.76,2,0,
TEL088-001794,2025-03-10,C0114,total,norte,34,51.33,0,0,
TEL088-001795,2025-03-10,C0115,esencial,centro,36,28.34,2,0,
TEL088-001796,2025-03-10,C0116,plus,centro,26,32.41,0,0,
TEL088-001797,2025-03-10,C0117,total,sur,74,47.74,2,1,mudanza
TEL088-001798,2025-03-10,C0118,esencial,norte,28,20.68,1,0,
TEL088-001799,2025-03-10,C0119,plus,sur,60,50.71,0,0,
TEL088-001800,2025-03-10,C0120,total,norte,98,54.83,0,0,
TEL088-001801,2025-04-10,C0001,esencial,norte,22,18.22,0,0,
TEL088-001802,2025-04-10,C0002,plus,norte,23,35.28,3,0,
TEL088-001803,2025-04-10,C0003,total,sur,46,53.04,0,0,
TEL088-001804,2025-04-10,C0004,esencial,norte,95,10.26,0,0,
TEL088-001805,2025-04-10,C0005,plus,sur,32,48.63,0,0,
TEL088-001806,2025-04-10,C0006,total,norte,17,50.06,1,0,
TEL088-001807,2025-04-10,C0007,esencial,centro,90,20.2,1,0,
TEL088-001808,2025-04-10,C0008,plus,norte,85,46.28,2,1,precio
TEL088-001809,2025-04-10,C0009,total,sur,58,56.8,2,0,
TEL088-001810,2025-04-10,C0010,esencial,sur,102,29.74,1,0,
TEL088-001811,2025-04-10,C0011,plus,norte,104,25.17,3,0,
TEL088-001812,2025-04-10,C0012,total,sur,27,54.82,2,0,
TEL088-001813,2025-04-10,C0013,esencial,norte,20,5.39,2,0,
TEL088-001814,2025-04-10,C0014,plus,centro,85,37.23,1,0,
TEL088-001815,2025-04-10,C0015,total,centro,105,57.58,0,0,
TEL088-001816,2025-04-10,C0016,esencial,sur,66,8.8,1,0,
TEL088-001817,2025-04-10,C0017,plus,sur,75,36.0,0,0,
TEL088-001818,2025-04-10,C0018,total,sur,29,51.04,0,0,
TEL088-001819,2025-04-10,C0019,esencial,norte,50,24.49,1,0,
TEL088-001820,2025-04-10,C0020,plus,sur,88,37.25,0,0,
TEL088-001821,2025-04-10,C0021,total,sur,28,54.22,1,0,
TEL088-001822,2025-04-10,C0022,esencial,centro,105,12.58,0,0,
TEL088-001823,2025-04-10,C0023,plus,centro,65,37.89,0,0,
TEL088-001824,2025-04-10,C0024,total,sur,104,52.75,2,0,
TEL088-001825,2025-04-10,C0025,esencial,centro,44,11.74,1,0,
TEL088-001826,2025-04-10,C0026,plus,sur,71,33.05,2,0,
TEL088-001827,2025-04-10,C0027,total,centro,28,,1,0,
TEL088-001828,2025-04-10,C0028,esencial,norte,65,10.24,1,0,
TEL088-001829,2025-04-10,C0029,plus,centro,52,38.88,0,0,
TEL088-001830,2025-04-10,C0030,total,norte,57,40.82,1,0,
TEL088-001831,2025-04-10,C0031,esencial,centro,25,3.8,0,0,
TEL088-001832,2025-04-10,C0032,plus,norte,47,43.95,0,0,
TEL088-001833,2025-04-10,C0033,total,sur,104,51.62,0,0,
TEL088-001834,2025-04-10,C0034,esencial,norte,84,16.79,0,0,
TEL088-001835,2025-04-10,C0035,plus,sur,96,37.62,0,0,
TEL088-001836,2025-04-10,C0036,total,norte,66,46.53,0,0,
TEL088-001837,2025-04-10,C0037,esencial,norte,48,21.92,3,0,
TEL088-001838,2025-04-10,C0038,plus,centro,52,48.79,1,0,
TEL088-001839,2025-04-10,C0039,total,norte,96,53.9,3,0,
TEL088-001840,2025-04-10,C0040,esencial,norte,89,7.12,2,0,
TEL088-001841,2025-04-10,C0041,plus,norte,88,32.69,1,0,
TEL088-001842,2025-04-10,C0042,total,norte,37,49.72,0,0,
TEL088-001843,2025-04-10,C0043,esencial,centro,22,17.83,2,0,
TEL088-001844,2025-04-10,C0044, PLUS ,centro,105,33.11,1,0,
TEL088-001845,2025-04-10,C0045,total,norte,67,58.68,1,0,
TEL088-001846,2025-04-10,C0046,esencial,norte,28,1.98,1,0,
TEL088-001847,2025-04-10,C0047,plus,centro,77,31.02,2,0,
TEL088-001848,2025-04-10,C0048,total,sur,77,65.32,2,1,mudanza
TEL088-001849,2025-04-10,C0049,esencial,centro,101,23.09,0,0,
TEL088-001850,2025-04-10,C0050,plus,norte,49,34.36,2,0,
TEL088-001851,2025-04-10,C0051,total,centro,84,38.6,3,1,precio
TEL088-001852,2025-04-10,C0052,esencial,norte,100,0,0,0,
TEL088-001853,2025-04-10,C0053,plus,centro,62,39.11,4,0,
TEL088-001854,2025-04-10,C0054,total,sur,63,59.71,0,0,
TEL088-001855,2025-04-10,C0055,esencial,norte,47,25.28,0,0,
TEL088-001856,2025-04-10,C0056,plus,centro,79,24.91,1,0,
TEL088-001857,2025-04-10,C0057,total,sur,49,59.91,1,0,
TEL088-001858,2025-04-10,C0058,esencial,centro,69,21.73,1,0,
TEL088-001859,2025-04-10,C0059,plus,centro,100,24.61,1,0,
TEL088-001860,2025-04-10,C0060,total,norte,72,35.93,0,0,
TEL088-001861,2025-04-10,C0061,esencial,centro,25,18.84,0,0,
TEL088-001862,2025-04-10,C0062,plus,centro,47,39.0,0,0,
TEL088-001863,2025-04-10,C0063,total,centro,18,47.68,0,0,
TEL088-001864,2025-04-10,C0064,esencial,centro,97,21.05,0,0,
TEL088-001865,2025-04-10,C0065,plus,centro,21,33.37,0,0,
TEL088-001866,2025-04-10,C0066,total,sur,57,52.04,2,0,
TEL088-001867,2025-04-10,C0067,esencial,sur,79,24.41,0,0,
TEL088-001868,2025-04-10,C0068,plus,norte,41,31.02,0,0,
TEL088-001869,2025-04-10,C0069,total,sur,63,51.96,0,0,
TEL088-001870,2025-04-10,C0070,esencial,centro,17,20.2,0,0,
TEL088-001871,2025-04-10,C0071,plus,centro,83,38.01,0,0,
TEL088-001872,2025-04-10,C0072,total,norte,42,54.6,0,0,
TEL088-001873,2025-04-10,C0073,esencial,sur,36,15.55,1,1,servicio
TEL088-001874,2025-04-10,C0074,plus,centro,57,40.29,1,1,mudanza
TEL088-001875,2025-04-10,C0075,total,sur,67,44.7,3,0,
TEL088-001876,2025-04-10,C0076,esencial,centro,60,24.27,0,0,
TEL088-001877,2025-04-10,C0077,plus,sur,42,33.03,0,0,
TEL088-001878,2025-04-10,C0078,total,centro,84,68.65,0,0,
TEL088-001879,2025-04-10,C0079,esencial,sur,92,18.49,0,0,
TEL088-001880,2025-04-10,C0080,plus,sur,87,40.16,0,0,
TEL088-001881,2025-04-10,C0081,total,norte,34,47.69,0,0,
TEL088-001882,2025-04-10,C0082,esencial,centro,41,23.34,4,0,
TEL088-001883,2025-04-10,C0083,plus,centro,45,41.13,0,0,
TEL088-001884,2025-04-10,C0084,total,norte,33,59.64,1,0,
TEL088-001885,2025-04-10,C0085,esencial,centro,52,10.11,4,0,
TEL088-001886,2025-04-10,C0086,plus,norte,80,28.97,0,0,
TEL088-001887,2025-04-10,C0087,total,centro,61,43.96,0,0,
TEL088-001888,2025-04-10,C0088,esencial,norte,25,14.43,1,0,
TEL088-001889,2025-04-10,C0089,plus,sur,46,43.44,0,0,
TEL088-001890,2025-04-10,C0090,total,sur,47,56.44,0,0,
TEL088-001891,2025-04-10,C0091,esencial,norte,67,13.66,1,0,
TEL088-001892,2025-04-10,C0092,plus,sur,43,18.52,4,0,
TEL088-001893,2025-04-10,C0093,total,centro,68,39.91,3,0,
TEL088-001894,2025-04-10,C0094,esencial,norte,49,18.07,0,0,
TEL088-001895,2025-04-10,C0095,plus,norte,90,38.27,2,0,
TEL088-001896,2025-04-10,C0096,total,sur,82,41.49,3,0,
TEL088-001897,2025-04-10,C0097,esencial,norte,35,16.01,0,0,
TEL088-001898,2025-04-10,C0098,plus,centro,35,41.36,1,0,
TEL088-001899,2025-04-10,C0099,total,sur,90,54.59,0,0,
TEL088-001900,2025-04-10,C0100,esencial,norte,19,"20,63",0,1,servicio
TEL088-001901,2025-04-10,C0101,plus,sur,34,18.01,0,0,
TEL088-001902,2025-04-10,C0102,total,centro,83,56.07,0,0,
TEL088-001903,2025-04-10,C0103,esencial,sur,55,20.59,1,0,
TEL088-001904,2025-04-10,C0104,plus,centro,25,35.87,0,0,
TEL088-001905,2025-04-10,C0105,total,norte,30,45.71,0,1,servicio
TEL088-001906,2025-04-10,C0106,esencial,centro,68,21.18,2,0,
TEL088-001907,2025-04-10,C0107,plus,centro,20,30.27,0,0,
TEL088-001908,2025-04-10,C0108,total,centro,16,59.12,0,0,
TEL088-001909,2025-04-10,C0109,esencial,sur,80,12.29,0,0,
TEL088-001910,2025-04-10,C0110,plus,centro,98,,1,0,
TEL088-001911,2025-04-10,C0111,total,norte,38,56.77,0,1,precio
TEL088-001912,2025-04-10,C0112,esencial,norte,37,17.03,1,0,
TEL088-001913,2025-04-10,C0113,plus,sur,46,26.28,3,0,
TEL088-001914,2025-04-10,C0114,total,norte,35,54.56,3,0,
TEL088-001915,2025-04-10,C0115,esencial,centro,37,2.24,3,0,
TEL088-001916,2025-04-10,C0116,plus,centro,27,46.99,1,0,
TEL088-001917,2025-04-10,C0117,total,sur,75,43.29,0,0,
TEL088-001918,2025-04-10,C0118,esencial,norte,29,19.08,0,0,
TEL088-001919,2025-04-10,C0119,plus,sur,61,22.95,0,0,
TEL088-001920,2025-04-10,C0120,total,norte,99,57.59,0,0,
TEL088-001921,2025-05-11,C0001,esencial,norte,23,29.79,0,0,
TEL088-001922,2025-05-11,C0002,plus,norte,24,40.38,0,0,
TEL088-001923,2025-05-11,C0003,total,sur,47,42.13,0,0,
TEL088-001924,2025-05-11,C0004,esencial,norte,96,15.22,0,0,
TEL088-001925,2025-05-11,C0005,plus,sur,33,34.99,0,0,
TEL088-001926,2025-05-11,C0006,total,norte,18,44.61,0,0,
TEL088-001927,2025-05-11,C0007,esencial,centro,91,19.6,0,0,
TEL088-001928,2025-05-11,C0008,plus,norte,86,30.65,1,0,
TEL088-001929,2025-05-11,C0009,total,sur,59,71.54,0,0,
TEL088-001930,2025-05-11,C0010,esencial,sur,103,14.48,1,1,servicio
TEL088-001931,2025-05-11,C0011,plus,norte,105,40.35,1,0,
TEL088-001932,2025-05-11,C0012,total,sur,28,49.79,0,0,
TEL088-001933,2025-05-11,C0013,esencial,norte,21,8.19,0,0,
TEL088-001934,2025-05-11,C0014,plus,centro,86,27.37,0,0,
TEL088-001935,2025-05-11,C0015,total,centro,106,53.96,0,0,
TEL088-001936,2025-05-11,C0016,esencial,sur,67,34.67,0,0,
TEL088-001937,2025-05-11,C0017,plus,sur,76,31.22,0,0,
TEL088-001938,2025-05-11,C0018,total,sur,30,50.34,2,0,
TEL088-001939,2025-05-11,C0019,esencial,norte,51,25.32,0,0,
TEL088-001940,2025-05-11,C0020,plus,sur,89,26.44,2,1,mudanza
TEL088-001941,2025-05-11,C0021, TOTAL ,sur,29,51.71,0,0,
TEL088-001942,2025-05-11,C0022,esencial,centro,106,9.67,0,1,precio
TEL088-001943,2025-05-11,C0023,plus,centro,66,40.99,1,0,
TEL088-001944,2025-05-11,C0024,total,sur,105,52.12,0,0,
TEL088-001945,2025-05-11,C0025,esencial,centro,45,12.91,0,0,
TEL088-001946,2025-05-11,C0026,plus,sur,72,48.58,0,0,
TEL088-001947,2025-05-11,C0027,total,centro,29,46.19,2,0,
TEL088-001948,2025-05-11,C0028,esencial,norte,66,9.38,0,0,
TEL088-001949,2025-05-11,C0029,plus,centro,53,34.12,0,0,
TEL088-001950,2025-05-11,C0030,total,norte,58,54.23,2,0,
TEL088-001951,2025-05-11,C0031,esencial,centro,26,2.18,2,0,
TEL088-001952,2025-05-11,C0032,plus,norte,48,34.52,0,0,
TEL088-001953,2025-05-11,C0033,total,sur,105,54.37,0,0,
TEL088-001954,2025-05-11,C0034,esencial,norte,85,14.85,1,0,
TEL088-001955,2025-05-11,C0035,plus,sur,97,43.74,1,0,
TEL088-001956,2025-05-11,C0036,total,norte,67,24.87,0,0,
TEL088-001957,2025-05-11,C0037,esencial,norte,49,37.37,0,0,
TEL088-001958,2025-05-11,C0038,plus,centro,53,32.5,1,0,
TEL088-001959,2025-05-11,C0039,total,norte,97,67.73,0,0,
TEL088-001960,2025-05-11,C0040,esencial,norte,90,15.65,3,0,
TEL088-001961,2025-05-11,C0041,plus,norte,89,23.36,0,0,
TEL088-001962,2025-05-11,C0042,total,norte,38,63.24,0,0,
TEL088-001963,2025-05-11,C0043,esencial,centro,23,11.85,3,0,
TEL088-001964,2025-05-11,C0044,plus,centro,106,28.47,1,0,
TEL088-001965,2025-05-11,C0045,total,norte,68,57.24,0,0,
TEL088-001966,2025-05-11,C0046,esencial,norte,29,2.77,3,0,
TEL088-001967,2025-05-11,C0047,plus,centro,78,48.19,1,1,servicio
TEL088-001968,2025-05-11,C0048,total,sur,78,59.3,0,0,
TEL088-001969,2025-05-11,C0049,esencial,centro,102,3.89,0,0,
TEL088-001970,2025-05-11,C0050,plus,norte,50,25.96,1,0,
TEL088-001971,2025-05-11,C0051,total,centro,85,49.19,3,0,
TEL088-001972,2025-05-11,C0052,esencial,norte,101,29.59,1,0,
TEL088-001973,2025-05-11,C0053,plus,centro,63,34.75,0,0,
TEL088-001974,2025-05-11,C0054,total,sur,64,63.08,1,0,
TEL088-001975,2025-05-11,C0055,esencial,norte,48,25.03,1,0,
TEL088-001976,2025-05-11,C0056,plus,centro,80,29.9,1,0,
TEL088-001977,2025-05-11,C0057,total,sur,50,32.23,1,1,servicio
TEL088-001978,2025-05-11,C0058,esencial,centro,70,14.39,0,0,
TEL088-001979,2025-05-11,C0059,plus,centro,101,40.58,1,0,
TEL088-001980,2025-05-11,C0060,total,norte,73,59.62,0,0,
TEL088-001981,2025-05-11,C0061,esencial,centro,26,16.62,0,0,
TEL088-001982,2025-05-11,C0062,plus,centro,48,27.11,1,0,
TEL088-001983,2025-05-11,C0063,total,centro,19,46.9,1,0,
TEL088-001984,2025-05-11,C0064,esencial,centro,98,20.25,0,0,
TEL088-001985,2025-05-11,C0065,plus,centro,22,49.27,0,0,
TEL088-001986,2025-05-11,C0066,total,sur,58,48.7,0,0,
TEL088-001987,2025-05-11,C0067,esencial,sur,80,8.74,0,0,
TEL088-001988,2025-05-11,C0068,plus,norte,42,28.35,1,0,
TEL088-001989,2025-05-11,C0069,total,sur,64,66.59,0,0,
TEL088-001990,2025-05-11,C0070,esencial,centro,18,0.21,0,0,
TEL088-001991,2025-05-11,C0071,plus,centro,84,32.72,0,0,
TEL088-001992,2025-05-11,C0072,total,norte,43,59.86,0,0,
TEL088-001993,2025-05-11,C0073,esencial,sur,37,,0,0,
TEL088-001994,2025-05-11,C0074,plus,centro,58,43.76,0,0,
TEL088-001995,2025-05-11,C0075,total,sur,68,53.46,0,0,
TEL088-001996,2025-05-11,C0076,esencial,centro,61,6.15,0,0,
TEL088-001997,2025-05-11,C0077,plus,sur,43,31.87,2,0,
TEL088-001998,2025-05-11,C0078,total,centro,85,26.3,1,0,
TEL088-001999,2025-05-11,C0079,esencial,sur,93,23.25,0,0,
TEL088-002000,2025-05-11,C0080,plus,sur,88,42.11,0,0,
TEL088-002001,2025-05-11,C0081,total,norte,35,60.02,2,0,
TEL088-002002,2025-05-11,C0082,esencial,centro,42,6.32,1,0,
TEL088-002003,2025-05-11,C0083,plus,centro,46,50.33,0,0,
TEL088-002004,2025-05-11,C0084,total,norte,34,51.58,2,0,
TEL088-002005,2025-05-11,C0085,esencial,centro,53,11.8,3,0,
TEL088-002006,2025-05-11,C0086,plus,norte,81,32.23,0,0,
TEL088-002007,2025-05-11,C0087,total,centro,62,56.12,0,0,
TEL088-002008,2025-05-11,C0088,esencial,norte,26,15.1,0,0,
TEL088-002009,2025-05-11,C0089,plus,sur,47,34.93,0,0,
TEL088-002010,2025-05-11,C0090,total,sur,48,47.71,0,0,
TEL088-002011,2025-05-11,C0091,esencial,norte,68,5.41,0,0,
TEL088-002012,2025-05-11,C0092,plus,sur,44,29.06,0,0,
TEL088-002013,2025-05-11,C0093,total,centro,69,46.86,4,0,
TEL088-002014,2025-05-11,C0094,esencial,norte,50,21.26,2,0,
TEL088-002015,2025-05-11,C0095,plus,norte,91,37.83,0,0,
TEL088-002016,2025-05-11,C0096,total,sur,83,53.33,0,0,
TEL088-002017,2025-05-11,C0097,esencial,norte,36,14.44,0,0,
TEL088-002018,2025-05-11,C0098,plus,centro,36,37.74,0,0,
TEL088-002019,2025-05-11,C0099,total,sur,91,48.17,0,0,
TEL088-002020,2025-05-11,C0100,esencial,norte,20,25.12,2,0,
TEL088-002021,2025-05-11,C0101,plus,sur,35,27.59,1,0,
TEL088-002022,2025-05-11,C0102,total,centro,84,51.0,0,0,
TEL088-002023,2025-05-11,C0103,esencial,sur,56,2.36,1,0,
TEL088-002024,2025-05-11,C0104,plus,centro,26,23.75,1,0,
TEL088-002025,2025-05-11,C0105,total,norte,31,36.19,0,0,
TEL088-002026,2025-05-11,C0106,esencial,centro,69,18.4,1,0,
TEL088-002027,2025-05-11,C0107,plus,centro,21,30.46,1,0,
TEL088-002028,2025-05-11,C0108,total,centro,17,54.77,1,0,
TEL088-002029,2025-05-11,C0109,esencial,sur,81,27.36,0,0,
TEL088-002030,2025-05-11,C0110,plus,centro,99,41.67,1,0,
TEL088-002031,2025-05-11,C0111,total,norte,39,62.69,0,0,
TEL088-002032,2025-05-11,C0112,esencial,norte,38,6.98,0,0,
TEL088-002033,2025-05-11,C0113,plus,sur,47,39.18,0,0,
TEL088-002034,2025-05-11,C0114,total,norte,36,44.89,3,0,
TEL088-002035,2025-05-11,C0115,esencial,centro,38,10.6,0,0,
TEL088-002036,2025-05-11,C0116,plus,centro,28,27.09,0,0,
TEL088-002037,2025-05-11,C0117,total,sur,76,52.51,3,0,
TEL088-002038,2025-05-11,C0118, ESENCIAL ,norte,30,32.23,1,0,
TEL088-002039,2025-05-11,C0119,plus,sur,62,37.97,0,0,
TEL088-002040,2025-05-11,C0120,total,norte,100,48.44,3,0,
TEL088-002041,2025-06-11,C0001,esencial,norte,24,12.63,2,0,
TEL088-002042,2025-06-11,C0002,plus,norte,25,21.23,2,0,
TEL088-002043,2025-06-11,C0003,total,sur,48,58.59,0,0,
TEL088-002044,2025-06-11,C0004,esencial,norte,97,15.51,0,0,
TEL088-002045,2025-06-11,C0005,plus,sur,34,41.52,1,1,servicio
TEL088-002046,2025-06-11,C0006,total,norte,19,42.75,0,1,servicio
TEL088-002047,2025-06-11,C0007,esencial,centro,92,22.49,2,0,
TEL088-002048,2025-06-11,C0008,plus,norte,87,25.36,1,0,
TEL088-002049,2025-06-11,C0009,total,sur,60,58.91,0,0,
TEL088-002050,2025-06-11,C0010,esencial,sur,104,11.64,0,0,
TEL088-002051,2025-06-11,C0011,plus,norte,106,29.73,2,0,
TEL088-002052,2025-06-11,C0012,total,sur,29,64.53,0,0,
TEL088-002053,2025-06-11,C0013,esencial,norte,22,25.29,2,0,
TEL088-002054,2025-06-11,C0014,plus,centro,87,52.23,0,0,
TEL088-002055,2025-06-11,C0015,total,centro,107,59.34,0,0,
TEL088-002056,2025-06-11,C0016,esencial,sur,68,23.52,0,0,
TEL088-002057,2025-06-11,C0017,plus,sur,77,38.95,0,0,
TEL088-002058,2025-06-11,C0018,total,sur,31,59.52,1,0,
TEL088-002059,2025-06-11,C0019,esencial,norte,52,12.78,0,1,precio
TEL088-002060,2025-06-11,C0020,plus,sur,90,48.82,2,0,
TEL088-002061,2025-06-11,C0021,total,sur,30,57.75,0,0,
TEL088-002062,2025-06-11,C0022,esencial,centro,107,10.71,4,0,
TEL088-002063,2025-06-11,C0023,plus,centro,67,38.59,4,0,
TEL088-002064,2025-06-11,C0024,total,sur,106,65.58,0,0,
TEL088-002065,2025-06-11,C0025,esencial,centro,46,34.02,2,1,servicio
TEL088-002066,2025-06-11,C0026,plus,sur,73,42.01,0,0,
TEL088-002067,2025-06-11,C0027,total,centro,30,50.01,1,1,servicio
TEL088-002068,2025-06-11,C0028,esencial,norte,67,27.85,4,0,
TEL088-002069,2025-06-11,C0029,plus,centro,54,40.07,0,0,
TEL088-002070,2025-06-11,C0030,total,norte,59,49.57,3,0,
TEL088-002071,2025-06-11,C0031,esencial,centro,27,21.66,1,0,
TEL088-002072,2025-06-11,C0032,plus,norte,49,54.3,4,0,
TEL088-002073,2025-06-11,C0033,total,sur,106,60.15,1,0,
TEL088-002074,2025-06-11,C0034,esencial,norte,86,24.5,0,0,
TEL088-002075,2025-06-11,C0035,plus,sur,98,38.74,0,0,
TEL088-002076,2025-06-11,C0036,total,norte,68,,0,0,
TEL088-002077,2025-06-11,C0037,esencial,norte,50,21.52,2,0,
TEL088-002078,2025-06-11,C0038,plus,centro,54,37.35,0,0,
TEL088-002079,2025-06-11,C0039,total,norte,98,53.1,2,0,
TEL088-002080,2025-06-11,C0040,esencial,norte,91,20.87,0,0,
TEL088-002081,2025-06-11,C0041,plus,norte,90,49.98,0,0,
TEL088-002082,2025-06-11,C0042,total,norte,39,38.82,2,0,
TEL088-002083,2025-06-11,C0043,esencial,centro,24,30.47,0,0,
TEL088-002084,2025-06-11,C0044,plus,centro,107,47.18,2,0,
TEL088-002085,2025-06-11,C0045,total,norte,69,42.26,0,0,
TEL088-002086,2025-06-11,C0046,esencial,norte,30,13.2,0,0,
TEL088-002087,2025-06-11,C0047,plus,centro,79,33.92,0,0,
TEL088-002088,2025-06-11,C0048,total,sur,79,50.23,0,0,
TEL088-002089,2025-06-11,C0049,esencial,centro,103,35.69,4,0,
TEL088-002090,2025-06-11,C0050,plus,norte,51,41.97,1,0,
TEL088-002091,2025-06-11,C0051,total,centro,86,57.89,0,0,
TEL088-002092,2025-06-11,C0052,esencial,norte,102,17.17,3,1,servicio
TEL088-002093,2025-06-11,C0053,plus,centro,64,15.18,1,0,
TEL088-002094,2025-06-11,C0054,total,sur,65,60.97,0,0,
TEL088-002095,2025-06-11,C0055,esencial,norte,49,30.25,1,0,
TEL088-002096,2025-06-11,C0056,plus,centro,81,33.42,1,0,
TEL088-002097,2025-06-11,C0057,total,sur,51,60.01,1,0,
TEL088-002098,2025-06-11,C0058,esencial,centro,71,4.23,3,0,
TEL088-002099,2025-06-11,C0059,plus,centro,102,50.83,2,0,
TEL088-002100,2025-06-11,C0060,total,norte,74,57.83,0,0,
TEL088-002101,2025-06-11,C0061,esencial,centro,27,16.18,1,1,servicio
TEL088-002102,2025-06-11,C0062,plus,centro,49,30.04,1,0,
TEL088-002103,2025-06-11,C0063,total,centro,20,48.01,1,0,
TEL088-002104,2025-06-11,C0064,esencial,centro,99,13.1,0,0,
TEL088-002105,2025-06-11,C0065,plus,centro,23,44.49,0,0,
TEL088-002106,2025-06-11,C0066,total,sur,59,60.95,2,1,servicio
TEL088-002107,2025-06-11,C0067,esencial,sur,81,15.58,0,0,
TEL088-002108,2025-06-11,C0068,plus,norte,43,43.12,0,0,
TEL088-002109,2025-06-11,C0069,total,sur,65,31.44,0,0,
TEL088-002110,2025-06-11,C0070,esencial,centro,19,11.25,1,0,
TEL088-002111,2025-06-11,C0071,plus,centro,85,"42,5",2,0,
TEL088-002112,2025-06-11,C0072,total,norte,44,64.83,3,0,
TEL088-002113,2025-06-11,C0073,esencial,sur,38,20.14,0,0,
TEL088-002114,2025-06-11,C0074,plus,centro,59,40.56,1,0,
TEL088-002115,2025-06-11,C0075,total,sur,69,60.4,0,0,
TEL088-002116,2025-06-11,C0076,esencial,centro,62,0,0,0,
TEL088-002117,2025-06-11,C0077,plus,sur,44,35.97,0,0,
TEL088-002118,2025-06-11,C0078,total,centro,86,59.01,1,0,
TEL088-002119,2025-06-11,C0079,esencial,sur,94,4.41,0,0,
TEL088-002120,2025-06-11,C0080,plus,sur,89,43.95,1,0,
TEL088-002121,2025-06-11,C0081,total,norte,36,51.7,1,0,
TEL088-002122,2025-06-11,C0082,esencial,centro,43,31.27,0,0,
TEL088-002123,2025-06-11,C0083,plus,centro,47,33.34,1,0,
TEL088-002124,2025-06-11,C0084,total,norte,35,56.15,0,0,
TEL088-002125,2025-06-11,C0085,esencial,centro,54,10.56,2,0,
TEL088-002126,2025-06-11,C0086,plus,norte,82,35.65,1,0,
TEL088-002127,2025-06-11,C0087,total,centro,63,57.28,0,0,
TEL088-002128,2025-06-11,C0088,esencial,norte,27,3.91,0,0,
TEL088-002129,2025-06-11,C0089,plus,sur,48,23.47,0,1,mudanza
TEL088-002130,2025-06-11,C0090,total,sur,49,44.7,0,0,
TEL088-002131,2025-06-11,C0091,esencial,norte,69,10.74,0,0,
TEL088-002132,2025-06-11,C0092,plus,sur,45,26.18,0,0,
TEL088-002133,2025-06-11,C0093,total,centro,70,36.44,2,0,
TEL088-002134,2025-06-11,C0094,esencial,norte,51,16.23,0,0,
TEL088-002135,2025-06-11,C0095, PLUS ,norte,92,35.16,0,0,
TEL088-002136,2025-06-11,C0096,total,sur,84,42.07,0,0,
TEL088-002137,2025-06-11,C0097,esencial,norte,37,14.05,1,0,
TEL088-002138,2025-06-11,C0098,plus,centro,37,32.87,1,0,
TEL088-002139,2025-06-11,C0099,total,sur,92,57.33,2,0,
TEL088-002140,2025-06-11,C0100,esencial,norte,21,19.46,1,1,mudanza
TEL088-002141,2025-06-11,C0101,plus,sur,36,45.53,3,0,
TEL088-002142,2025-06-11,C0102,total,centro,85,43.56,3,0,
TEL088-002143,2025-06-11,C0103,esencial,sur,57,36.36,4,0,
TEL088-002144,2025-06-11,C0104,plus,centro,27,23.41,1,0,
TEL088-002145,2025-06-11,C0105,total,norte,32,47.34,1,0,
TEL088-002146,2025-06-11,C0106,esencial,centro,70,13.52,0,0,
TEL088-002147,2025-06-11,C0107,plus,centro,22,33.18,1,1,servicio
TEL088-002148,2025-06-11,C0108,total,centro,18,45.01,0,0,
TEL088-002149,2025-06-11,C0109,esencial,sur,82,18.39,4,1,precio
TEL088-002150,2025-06-11,C0110,plus,centro,100,38.0,2,0,
TEL088-002151,2025-06-11,C0111,total,norte,40,52.72,0,1,precio
TEL088-002152,2025-06-11,C0112,esencial,norte,39,4.38,0,1,precio
TEL088-002153,2025-06-11,C0113,plus,sur,48,36.48,0,0,
TEL088-002154,2025-06-11,C0114,total,norte,37,41.3,0,1,servicio
TEL088-002155,2025-06-11,C0115,esencial,centro,39,24.6,1,0,
TEL088-002156,2025-06-11,C0116,plus,centro,29,-999,1,0,
TEL088-002157,2025-06-11,C0117,total,sur,77,46.98,1,0,
TEL088-002158,2025-06-11,C0118,esencial,norte,31,17.25,0,0,
TEL088-002159,2025-06-11,C0119,plus,sur,63,,2,0,
TEL088-002160,2025-06-11,C0120,total,norte,101,72.15,1,0,
TEL088-002161,2025-07-12,C0001,esencial,norte,25,16.44,0,0,
TEL088-002162,2025-07-12,C0002,plus,norte,26,50.96,0,0,
TEL088-002163,2025-07-12,C0003,total,sur,49,63.77,0,0,
TEL088-002164,2025-07-12,C0004,esencial,norte,98,14.4,2,0,
TEL088-002165,2025-07-12,C0005,plus,sur,35,46.35,0,0,
TEL088-002166,2025-07-12,C0006,total,norte,20,56.08,0,0,
TEL088-002167,2025-07-12,C0007,esencial,centro,93,2.94,1,0,
TEL088-002168,2025-07-12,C0008,plus,norte,88,49.21,0,0,
TEL088-002169,2025-07-12,C0009,total,sur,61,52.98,0,0,
TEL088-002170,2025-07-12,C0010,esencial,sur,105,22.2,0,0,
TEL088-002171,2025-07-12,C0011,plus,norte,107,39.8,3,0,
TEL088-002172,2025-07-12,C0012,total,sur,30,60.93,1,0,
TEL088-002173,2025-07-12,C0013,esencial,norte,23,9.93,1,1,precio
TEL088-002174,2025-07-12,C0014,plus,centro,88,31.29,0,0,
TEL088-002175,2025-07-12,C0015,total,centro,108,51.59,2,0,
TEL088-002176,2025-07-12,C0016,esencial,sur,69,25.52,0,0,
TEL088-002177,2025-07-12,C0017,plus,sur,78,41.88,0,0,
TEL088-002178,2025-07-12,C0018,total,sur,32,67.67,0,0,
TEL088-002179,2025-07-12,C0019,esencial,norte,53,13.13,3,0,
TEL088-002180,2025-07-12,C0020,plus,sur,91,49.7,0,1,mudanza
TEL088-002181,2025-07-12,C0021,total,sur,31,49.87,0,0,
TEL088-002182,2025-07-12,C0022,esencial,centro,108,18.42,0,0,
TEL088-002183,2025-07-12,C0023,plus,centro,68,26.52,2,0,
TEL088-002184,2025-07-12,C0024,total,sur,107,39.55,0,0,
TEL088-002185,2025-07-12,C0025,esencial,centro,47,24.7,2,1,mudanza
TEL088-002186,2025-07-12,C0026,plus,sur,74,43.43,0,0,
TEL088-002187,2025-07-12,C0027,total,centro,31,48.22,0,0,
TEL088-002188,2025-07-12,C0028,esencial,norte,68,12.08,1,0,
TEL088-002189,2025-07-12,C0029,plus,centro,55,40.54,2,0,
TEL088-002190,2025-07-12,C0030,total,norte,60,48.94,2,0,
TEL088-002191,2025-07-12,C0031,esencial,centro,28,22.94,0,0,
TEL088-002192,2025-07-12,C0032,plus,norte,50,31.4,0,0,
TEL088-002193,2025-07-12,C0033,total,sur,107,52.87,0,0,
TEL088-002194,2025-07-12,C0034,esencial,norte,87,28.56,0,0,
TEL088-002195,2025-07-12,C0035,plus,sur,99,37.64,1,0,
TEL088-002196,2025-07-12,C0036,total,norte,69,49.43,1,1,servicio
TEL088-002197,2025-07-12,C0037,esencial,norte,51,25.19,3,0,
TEL088-002198,2025-07-12,C0038,plus,centro,55,26.54,0,1,precio
TEL088-002199,2025-07-12,C0039,total,norte,99,54.32,0,0,
TEL088-002200,2025-07-12,C0040,esencial,norte,92,9.55,0,0,
TEL088-002201,2025-07-12,C0041,plus,norte,91,32.24,0,1,servicio
TEL088-002202,2025-07-12,C0042,total,norte,40,47.29,3,0,
TEL088-002203,2025-07-12,C0043,esencial,centro,25,18.48,0,0,
TEL088-002204,2025-07-12,C0044,plus,centro,108,27.23,0,0,
TEL088-002205,2025-07-12,C0045,total,norte,70,61.89,1,0,
TEL088-002206,2025-07-12,C0046,esencial,norte,31,27.68,0,0,
TEL088-002207,2025-07-12,C0047,plus,centro,80,28.84,0,0,
TEL088-002208,2025-07-12,C0048,total,sur,80,57.08,0,0,
TEL088-002209,2025-07-12,C0049,esencial,centro,104,21.44,0,0,
TEL088-002210,2025-07-12,C0050,plus,norte,52,42.41,1,0,
TEL088-002211,2025-07-12,C0051,total,centro,87,60.5,2,1,precio
TEL088-002212,2025-07-12,C0052,esencial,norte,103,14.77,0,0,
TEL088-002213,2025-07-12,C0053,plus,centro,65,34.83,0,0,
TEL088-002214,2025-07-12,C0054,total,sur,66,40.29,1,0,
TEL088-002215,2025-07-12,C0055,esencial,norte,50,22.61,1,0,
TEL088-002216,2025-07-12,C0056,plus,centro,82,12.55,2,0,
TEL088-002217,2025-07-12,C0057,total,sur,52,40.21,3,0,
TEL088-002218,2025-07-12,C0058,esencial,centro,72,17.01,0,0,
TEL088-002219,2025-07-12,C0059,plus,centro,103,28.96,0,0,
TEL088-002220,2025-07-12,C0060,total,norte,75,31.6,1,0,
TEL088-002221,2025-07-12,C0061,esencial,centro,28,17.11,0,0,
TEL088-002222,2025-07-12,C0062,plus,centro,50,38.23,0,0,
TEL088-002223,2025-07-12,C0063,total,centro,21,67.89,0,0,
TEL088-002224,2025-07-12,C0064,esencial,centro,100,15.82,1,0,
TEL088-002225,2025-07-12,C0065,plus,centro,24,51.79,0,0,
TEL088-002226,2025-07-12,C0066,total,sur,60,58.32,0,0,
TEL088-002227,2025-07-12,C0067,esencial,sur,82,17.09,1,0,
TEL088-002228,2025-07-12,C0068,plus,norte,44,27.83,2,0,
TEL088-002229,2025-07-12,C0069,total,sur,66,53.73,0,0,
TEL088-002230,2025-07-12,C0070,esencial,centro,20,13.68,0,0,
TEL088-002231,2025-07-12,C0071,plus,centro,86,37.32,0,1,servicio
TEL088-002232,2025-07-12,C0072, TOTAL ,norte,45,54.42,0,0,
TEL088-002233,2025-07-12,C0073,esencial,sur,39,22.04,3,0,
TEL088-002234,2025-07-12,C0074,plus,centro,60,28.39,0,0,
TEL088-002235,2025-07-12,C0075,total,sur,70,52.33,0,0,
TEL088-002236,2025-07-12,C0076,esencial,centro,63,21.83,1,0,
TEL088-002237,2025-07-12,C0077,plus,sur,45,25.4,0,0,
TEL088-002238,2025-07-12,C0078,total,centro,87,59.09,1,0,
TEL088-002239,2025-07-12,C0079,esencial,sur,95,23.7,3,0,
TEL088-002240,2025-07-12,C0080,plus,sur,90,28.26,0,0,
TEL088-002241,2025-07-12,C0081,total,norte,37,60.38,0,0,
TEL088-002242,2025-07-12,C0082,esencial,centro,44,,0,0,
TEL088-002243,2025-07-12,C0083,plus,centro,48,41.87,0,0,
TEL088-002244,2025-07-12,C0084,total,norte,36,55.86,1,0,
TEL088-002245,2025-07-12,C0085,esencial,centro,55,29.86,1,0,
TEL088-002246,2025-07-12,C0086,plus,norte,83,32.2,1,0,
TEL088-002247,2025-07-12,C0087,total,centro,64,53.42,3,0,
TEL088-002248,2025-07-12,C0088,esencial,norte,28,14.2,1,0,
TEL088-002249,2025-07-12,C0089,plus,sur,49,39.02,0,0,
TEL088-002250,2025-07-12,C0090,total,sur,50,49.18,1,0,
TEL088-002251,2025-07-12,C0091,esencial,norte,70,14.78,1,0,
TEL088-002252,2025-07-12,C0092,plus,sur,46,10.15,2,0,
TEL088-002253,2025-07-12,C0093,total,centro,71,58.95,4,1,mudanza
TEL088-002254,2025-07-12,C0094,esencial,norte,52,15.99,2,0,
TEL088-002255,2025-07-12,C0095,plus,norte,93,28.57,3,0,
TEL088-002256,2025-07-12,C0096,total,sur,85,49.67,2,0,
TEL088-002257,2025-07-12,C0097,esencial,norte,38,13.72,0,0,
TEL088-002258,2025-07-12,C0098,plus,centro,38,39.38,0,0,
TEL088-002259,2025-07-12,C0099,total,sur,93,43.56,4,1,mudanza
TEL088-002260,2025-07-12,C0100,esencial,norte,22,16.21,0,0,
TEL088-002261,2025-07-12,C0101,plus,sur,37,47.9,0,0,
TEL088-002262,2025-07-12,C0102,total,centro,86,58.57,0,0,
TEL088-002263,2025-07-12,C0103,esencial,sur,58,34.65,1,0,
TEL088-002264,2025-07-12,C0104,plus,centro,28,38.08,0,0,
TEL088-002265,2025-07-12,C0105,total,norte,33,49.11,0,0,
TEL088-002266,2025-07-12,C0106,esencial,centro,71,23.67,0,0,
TEL088-002267,2025-07-12,C0107,plus,centro,23,32.79,0,0,
TEL088-002268,2025-07-12,C0108,total,centro,19,41.42,0,0,
TEL088-002269,2025-07-12,C0109,esencial,sur,83,17.84,0,0,
TEL088-002270,2025-07-12,C0110,plus,centro,101,33.76,0,0,
TEL088-002271,2025-07-12,C0111,total,norte,41,55.1,0,0,
TEL088-002272,2025-07-12,C0112,esencial,norte,40,18.46,1,1,mudanza
TEL088-002273,2025-07-12,C0113,plus,sur,49,34.38,0,0,
TEL088-002274,2025-07-12,C0114,total,norte,38,61.31,0,0,
TEL088-002275,2025-07-12,C0115,esencial,centro,40,9.27,1,0,
TEL088-002276,2025-07-12,C0116,plus,centro,30,38.72,0,0,
TEL088-002277,2025-07-12,C0117,total,sur,78,55.18,0,0,
TEL088-002278,2025-07-12,C0118,esencial,norte,32,10.66,1,0,
TEL088-002279,2025-07-12,C0119,plus,sur,64,47.26,4,0,
TEL088-002280,2025-07-12,C0120,total,norte,102,43.3,2,0,
TEL088-002281,2025-08-12,C0001,esencial,norte,26,11.33,0,0,
TEL088-002282,2025-08-12,C0002,plus,norte,27,27.92,0,0,
TEL088-002283,2025-08-12,C0003,total,sur,50,63.92,1,0,
TEL088-002284,2025-08-12,C0004,esencial,norte,99,16.81,1,0,
TEL088-002285,2025-08-12,C0005,plus,sur,36,32.67,0,0,
TEL088-002286,2025-08-12,C0006,total,norte,21,57.2,1,0,
TEL088-002287,2025-08-12,C0007,esencial,centro,94,19.46,0,0,
TEL088-002288,2025-08-12,C0008,plus,norte,89,20.12,1,1,mudanza
TEL088-002289,2025-08-12,C0009,total,sur,62,60.02,2,0,
TEL088-002290,2025-08-12,C0010,esencial,sur,106,12.37,0,0,
TEL088-002291,2025-08-12,C0011,plus,norte,108,27.95,0,0,
TEL088-002292,2025-08-12,C0012,total,sur,31,34.66,0,0,
TEL088-002293,2025-08-12,C0013,esencial,norte,24,14.94,0,0,
TEL088-002294,2025-08-12,C0014,plus,centro,89,31.29,1,0,
TEL088-002295,2025-08-12,C0015,total,centro,109,48.12,0,0,
TEL088-002296,2025-08-12,C0016,esencial,sur,70,17.67,2,0,
TEL088-002297,2025-08-12,C0017,plus,sur,79,37.62,0,0,
TEL088-002298,2025-08-12,C0018,total,sur,33,61.69,3,0,
TEL088-002299,2025-08-12,C0019,esencial,norte,54,0.79,0,0,
TEL088-002300,2025-08-12,C0020,plus,sur,92,18.19,4,0,
TEL088-002301,2025-08-12,C0021,total,sur,32,43.58,0,1,mudanza
TEL088-002302,2025-08-12,C0022,esencial,centro,109,24.88,0,0,
TEL088-002303,2025-08-12,C0023,plus,centro,69,34.93,0,0,
TEL088-002304,2025-08-12,C0024,total,sur,108,57.66,2,0,
TEL088-002305,2025-08-12,C0025,esencial,centro,48,26.87,0,0,
TEL088-002306,2025-08-12,C0026,plus,sur,75,41.38,3,0,
TEL088-002307,2025-08-12,C0027,total,centro,32,43.83,1,0,
TEL088-002308,2025-08-12,C0028,esencial,norte,69,20.82,2,0,
TEL088-002309,2025-08-12,C0029,plus,centro,56,34.51,1,0,
TEL088-002310,2025-08-12,C0030,total,norte,61,49.06,0,0,
TEL088-002311,2025-08-12,C0031,esencial,centro,29,13.05,1,0,
TEL088-002312,2025-08-12,C0032,plus,norte,51,17.38,1,0,
TEL088-002313,2025-08-12,C0033,total,sur,108,69.18,0,0,
TEL088-002314,2025-08-12,C0034,esencial,norte,88,9.35,0,0,
TEL088-002315,2025-08-12,C0035,plus,sur,100,31.35,3,0,
TEL088-002316,2025-08-12,C0036,total,norte,70,43.9,4,0,
TEL088-002317,2025-08-12,C0037,esencial,norte,52,31.04,0,0,
TEL088-002318,2025-08-12,C0038,plus,centro,56,30.8,1,0,
TEL088-002319,2025-08-12,C0039,total,norte,100,63.38,0,0,
TEL088-002320,2025-08-12,C0040,esencial,norte,93,29.85,0,1,precio
TEL088-002321,2025-08-12,C0041,plus,norte,92,28.38,0,0,
TEL088-002322,2025-08-12,C0042,total,norte,41,"50,2",0,0,
TEL088-002323,2025-08-12,C0043,esencial,centro,26,25.88,0,0,
TEL088-002324,2025-08-12,C0044,plus,centro,109,29.87,0,0,
TEL088-002325,2025-08-12,C0045,total,norte,71,,4,0,
TEL088-002326,2025-08-12,C0046,esencial,norte,32,9.36,0,0,
TEL088-002327,2025-08-12,C0047,plus,centro,81,28.23,0,0,
TEL088-002328,2025-08-12,C0048,total,sur,81,51.2,0,0,
TEL088-002329,2025-08-12,C0049, ESENCIAL ,centro,105,13.4,2,0,
TEL088-002330,2025-08-12,C0050,plus,norte,53,26.27,0,0,
TEL088-002331,2025-08-12,C0051,total,centro,88,56.92,1,0,
TEL088-002332,2025-08-12,C0052,esencial,norte,104,24.7,0,0,
TEL088-002333,2025-08-12,C0053,plus,centro,66,49.97,0,0,
TEL088-002334,2025-08-12,C0054,total,sur,67,43.02,0,0,
TEL088-002335,2025-08-12,C0055,esencial,norte,51,30.77,2,0,
TEL088-002336,2025-08-12,C0056,plus,centro,83,33.23,2,0,
TEL088-002337,2025-08-12,C0057,total,sur,53,51.73,1,0,
TEL088-002338,2025-08-12,C0058,esencial,centro,73,12.57,0,0,
TEL088-002339,2025-08-12,C0059,plus,centro,104,42.23,0,0,
TEL088-002340,2025-08-12,C0060,total,norte,76,52.58,1,0,
TEL088-002341,2025-08-12,C0061,esencial,centro,29,27.53,1,0,
TEL088-002342,2025-08-12,C0062,plus,centro,51,27.34,0,0,
TEL088-002343,2025-08-12,C0063,total,centro,22,63.08,0,0,
TEL088-002344,2025-08-12,C0064,esencial,centro,101,22.6,2,0,
TEL088-002345,2025-08-12,C0065,plus,centro,25,42.05,2,0,
TEL088-002346,2025-08-12,C0066,total,sur,61,50.26,0,0,
TEL088-002347,2025-08-12,C0067,esencial,sur,83,18.28,0,0,
TEL088-002348,2025-08-12,C0068,plus,norte,45,26.46,1,0,
TEL088-002349,2025-08-12,C0069,total,sur,67,68.29,1,0,
TEL088-002350,2025-08-12,C0070,esencial,centro,21,2.92,0,0,
TEL088-002351,2025-08-12,C0071,plus,centro,87,29.58,0,0,
TEL088-002352,2025-08-12,C0072,total,norte,46,53.25,3,0,
TEL088-002353,2025-08-12,C0073,esencial,sur,40,12.33,2,0,
TEL088-002354,2025-08-12,C0074,plus,centro,61,36.26,0,0,
TEL088-002355,2025-08-12,C0075,total,sur,71,64.29,0,0,
TEL088-002356,2025-08-12,C0076,esencial,centro,64,12.12,0,0,
TEL088-002357,2025-08-12,C0077,plus,sur,46,51.74,4,0,
TEL088-002358,2025-08-12,C0078,total,centro,88,51.92,0,0,
TEL088-002359,2025-08-12,C0079,esencial,sur,96,14.32,0,0,
TEL088-002360,2025-08-12,C0080,plus,sur,91,36.89,1,0,
TEL088-002361,2025-08-12,C0081,total,norte,38,34.8,0,0,
TEL088-002362,2025-08-12,C0082,esencial,centro,45,14.23,3,1,servicio
TEL088-002363,2025-08-12,C0083,plus,centro,49,29.4,3,0,
TEL088-002364,2025-08-12,C0084,total,norte,37,49.61,2,0,
TEL088-002365,2025-08-12,C0085,esencial,centro,56,26.97,0,0,
TEL088-002366,2025-08-12,C0086,plus,norte,84,27.33,1,0,
TEL088-002367,2025-08-12,C0087,total,centro,65,44.17,3,1,mudanza
TEL088-002368,2025-08-12,C0088,esencial,norte,29,17.86,2,0,
TEL088-002369,2025-08-12,C0089,plus,sur,50,37.0,0,0,
TEL088-002370,2025-08-12,C0090,total,sur,51,52.59,2,0,
TEL088-002371,2025-08-12,C0091,esencial,norte,71,19.08,0,0,
TEL088-002372,2025-08-12,C0092,plus,sur,47,29.61,1,0,
TEL088-002373,2025-08-12,C0093,total,centro,72,55.33,0,0,
TEL088-002374,2025-08-12,C0094,esencial,norte,53,20.7,2,1,precio
TEL088-002375,2025-08-12,C0095,plus,norte,94,42.62,1,0,
TEL088-002376,2025-08-12,C0096,total,sur,86,36.82,0,0,
TEL088-002377,2025-08-12,C0097,esencial,norte,39,16.46,0,0,
TEL088-002378,2025-08-12,C0098,plus,centro,39,42.51,1,0,
TEL088-002379,2025-08-12,C0099,total,sur,94,63.33,0,0,
TEL088-002380,2025-08-12,C0100,esencial,norte,23,21.48,0,0,
TEL088-002381,2025-08-12,C0101,plus,sur,38,26.32,0,0,
TEL088-002382,2025-08-12,C0102,total,centro,87,54.85,1,0,
TEL088-002383,2025-08-12,C0103,esencial,sur,59,4.26,0,0,
TEL088-002384,2025-08-12,C0104,plus,centro,29,35.36,0,0,
TEL088-002385,2025-08-12,C0105,total,norte,34,44.23,0,0,
TEL088-002386,2025-08-12,C0106,esencial,centro,72,19.52,0,0,
TEL088-002387,2025-08-12,C0107,plus,centro,24,40.31,1,0,
TEL088-002388,2025-08-12,C0108,total,centro,20,49.08,1,0,
TEL088-002389,2025-08-12,C0109,esencial,sur,84,18.26,0,0,
TEL088-002390,2025-08-12,C0110,plus,centro,102,37.55,1,0,
TEL088-002391,2025-08-12,C0111,total,norte,42,46.55,1,0,
TEL088-002392,2025-08-12,C0112,esencial,norte,41,3.84,0,0,
TEL088-002393,2025-08-12,C0113,plus,sur,50,41.98,0,0,
TEL088-002394,2025-08-12,C0114,total,norte,39,57.46,0,0,
TEL088-002395,2025-08-12,C0115,esencial,centro,41,4.76,0,0,
TEL088-002396,2025-08-12,C0116,plus,centro,31,46.5,0,1,mudanza
TEL088-002397,2025-08-12,C0117,total,sur,79,61.13,3,0,
TEL088-002398,2025-08-12,C0118,esencial,norte,33,5.77,1,0,
TEL088-002399,2025-08-12,C0119,plus,sur,65,39.26,0,0,
TEL088-002400,2025-08-12,C0120,total,norte,103,57.02,1,1,mudanza
TEL088-002401,2025-09-12,C0001,esencial,norte,27,16.04,0,0,
TEL088-002402,2025-09-12,C0002,plus,norte,28,30.64,0,0,
TEL088-002403,2025-09-12,C0003,total,sur,51,54.99,2,0,
TEL088-002404,2025-09-12,C0004,esencial,norte,100,17.02,0,0,
TEL088-002405,2025-09-12,C0005,plus,sur,37,26.76,1,0,
TEL088-002406,2025-09-12,C0006,total,norte,22,33.45,3,0,
TEL088-002407,2025-09-12,C0007,esencial,centro,95,22.12,1,0,
TEL088-002408,2025-09-12,C0008,plus,norte,90,,0,0,
TEL088-002409,2025-09-12,C0009,total,sur,63,55.42,0,0,
TEL088-002410,2025-09-12,C0010,esencial,sur,107,20.54,0,0,
TEL088-002411,2025-09-12,C0011,plus,norte,109,36.66,0,0,
TEL088-002412,2025-09-12,C0012,total,sur,32,61.1,0,0,
TEL088-002413,2025-09-12,C0013,esencial,norte,25,14.14,0,0,
TEL088-002414,2025-09-12,C0014,plus,centro,90,20.67,3,1,precio
TEL088-002415,2025-09-12,C0015,total,centro,110,54.88,1,0,
TEL088-002416,2025-09-12,C0016,esencial,sur,71,13.66,0,0,
TEL088-002417,2025-09-12,C0017,plus,sur,80,40.74,0,0,
TEL088-002418,2025-09-12,C0018,total,sur,34,54.65,0,0,
TEL088-002419,2025-09-12,C0019,esencial,norte,55,16.01,0,0,
TEL088-002420,2025-09-12,C0020,plus,sur,93,36.37,0,0,
TEL088-002421,2025-09-12,C0021,total,sur,33,54.01,1,0,
TEL088-002422,2025-09-12,C0022,esencial,centro,110,27.27,0,0,
TEL088-002423,2025-09-12,C0023,plus,centro,70,27.19,2,0,
TEL088-002424,2025-09-12,C0024,total,sur,109,51.6,2,1,mudanza
TEL088-002425,2025-09-12,C0025,esencial,centro,49,8.41,0,0,
TEL088-002426,2025-09-12,C0026, PLUS ,sur,76,36.19,0,0,
TEL088-002427,2025-09-12,C0027,total,centro,33,47.76,0,0,
TEL088-002428,2025-09-12,C0028,esencial,norte,70,22.71,0,0,
TEL088-002429,2025-09-12,C0029,plus,centro,57,46.25,1,0,
TEL088-002430,2025-09-12,C0030,total,norte,62,46.99,0,0,
TEL088-002431,2025-09-12,C0031,esencial,centro,30,15.13,0,0,
TEL088-002432,2025-09-12,C0032,plus,norte,52,31.94,2,0,
TEL088-002433,2025-09-12,C0033,total,sur,109,33.86,2,0,
TEL088-002434,2025-09-12,C0034,esencial,norte,89,20.66,1,0,
TEL088-002435,2025-09-12,C0035,plus,sur,101,31.08,1,0,
TEL088-002436,2025-09-12,C0036,total,norte,71,53.27,1,0,
TEL088-002437,2025-09-12,C0037,esencial,norte,53,9.6,0,0,
TEL088-002438,2025-09-12,C0038,plus,centro,57,44.23,1,0,
TEL088-002439,2025-09-12,C0039,total,norte,101,60.25,0,0,
TEL088-002440,2025-09-12,C0040,esencial,norte,94,14.73,4,1,servicio
TEL088-002441,2025-09-12,C0041,plus,norte,93,36.35,1,0,
TEL088-002442,2025-09-12,C0042,total,norte,42,53.03,1,0,
TEL088-002443,2025-09-12,C0043,esencial,centro,27,15.54,0,0,
TEL088-002444,2025-09-12,C0044,plus,centro,110,43.18,0,0,
TEL088-002445,2025-09-12,C0045,total,norte,72,58.46,0,0,
TEL088-002446,2025-09-12,C0046,esencial,norte,33,23.99,0,0,
TEL088-002447,2025-09-12,C0047,plus,centro,82,44.61,0,0,
TEL088-002448,2025-09-12,C0048,total,sur,82,50.11,0,0,
TEL088-002449,2025-09-12,C0049,esencial,centro,106,21.2,0,0,
TEL088-002450,2025-09-12,C0050,plus,norte,54,40.1,4,0,
TEL088-002451,2025-09-12,C0051,total,centro,89,65.3,0,0,
TEL088-002452,2025-09-12,C0052,esencial,norte,105,0.16,2,0,
TEL088-002453,2025-09-12,C0053,plus,centro,67,28.6,0,0,
TEL088-002454,2025-09-12,C0054,total,sur,68,55.7,1,0,
TEL088-002455,2025-09-12,C0055,esencial,norte,52,11.57,0,0,
TEL088-002456,2025-09-12,C0056,plus,centro,84,57.06,1,0,
TEL088-002457,2025-09-12,C0057,total,sur,54,47.46,0,0,
TEL088-002458,2025-09-12,C0058,esencial,centro,74,9.77,0,0,
TEL088-002459,2025-09-12,C0059,plus,centro,105,31.84,1,1,mudanza
TEL088-002460,2025-09-12,C0060,total,norte,77,61.25,0,0,
TEL088-002461,2025-09-12,C0061,esencial,centro,30,16.31,0,0,
TEL088-002462,2025-09-12,C0062,plus,centro,52,39.56,0,0,
TEL088-002463,2025-09-12,C0063,total,centro,23,51.24,0,0,
TEL088-002464,2025-09-12,C0064,esencial,centro,102,23.59,0,0,
TEL088-002465,2025-09-12,C0065,plus,centro,26,26.09,0,0,
TEL088-002466,2025-09-12,C0066,total,sur,62,52.57,1,0,
TEL088-002467,2025-09-12,C0067,esencial,sur,84,31.49,0,0,
TEL088-002468,2025-09-12,C0068,plus,norte,46,35.62,1,0,
TEL088-002469,2025-09-12,C0069,total,sur,68,52.24,2,0,
TEL088-002470,2025-09-12,C0070,esencial,centro,22,37.95,2,0,
TEL088-002471,2025-09-12,C0071,plus,centro,88,33.52,1,0,
TEL088-002472,2025-09-12,C0072,total,norte,47,61.86,0,0,
TEL088-002473,2025-09-12,C0073,esencial,sur,41,11.28,3,0,
TEL088-002474,2025-09-12,C0074,plus,centro,62,33.53,1,0,
TEL088-002475,2025-09-12,C0075,total,sur,72,52.37,0,0,
TEL088-002476,2025-09-12,C0076,esencial,centro,65,32.86,0,0,
TEL088-002477,2025-09-12,C0077,plus,sur,47,55.27,0,0,
TEL088-002478,2025-09-12,C0078,total,centro,89,40.54,1,1,servicio
TEL088-002479,2025-09-12,C0079,esencial,sur,97,18.27,1,0,
TEL088-002480,2025-09-12,C0080,plus,sur,92,37.24,0,0,
TEL088-002481,2025-09-12,C0081,total,norte,39,56.14,1,1,servicio
TEL088-002482,2025-09-12,C0082,esencial,centro,46,15.75,0,0,
TEL088-002483,2025-09-12,C0083,plus,centro,50,28.52,0,0,
TEL088-002484,2025-09-12,C0084,total,norte,38,53.03,1,0,
TEL088-002485,2025-09-12,C0085,esencial,centro,57,0,0,0,
TEL088-002486,2025-09-12,C0086,plus,norte,85,23.49,4,1,mudanza
TEL088-002487,2025-09-12,C0087,total,centro,66,44.52,0,0,
TEL088-002488,2025-09-12,C0088,esencial,norte,30,13.57,0,0,
TEL088-002489,2025-09-12,C0089,plus,sur,51,34.73,2,0,
TEL088-002490,2025-09-12,C0090,total,sur,52,52.46,1,0,
TEL088-002491,2025-09-12,C0091,esencial,norte,72,,2,0,
TEL088-002492,2025-09-12,C0092,plus,sur,48,33.34,0,0,
TEL088-002493,2025-09-12,C0093,total,centro,73,57.06,0,0,
TEL088-002494,2025-09-12,C0094,esencial,norte,54,18.68,0,1,servicio
TEL088-002495,2025-09-12,C0095,plus,norte,95,34.72,0,0,
TEL088-002496,2025-09-12,C0096,total,sur,87,60.86,2,0,
TEL088-002497,2025-09-12,C0097,esencial,norte,40,19.12,0,0,
TEL088-002498,2025-09-12,C0098,plus,centro,40,38.42,0,0,
TEL088-002499,2025-09-12,C0099,total,sur,95,59.23,1,0,
TEL088-002500,2025-09-12,C0100,esencial,norte,24,19.63,1,1,servicio
TEL088-002501,2025-09-12,C0101,plus,sur,39,44.42,0,0,
TEL088-002502,2025-09-12,C0102,total,centro,88,61.08,1,0,
TEL088-002503,2025-09-12,C0103,esencial,sur,60,22.08,1,0,
TEL088-002504,2025-09-12,C0104,plus,centro,30,33.58,1,0,
TEL088-002505,2025-09-12,C0105,total,norte,35,53.24,3,1,precio
TEL088-002506,2025-09-12,C0106,esencial,centro,73,30.89,0,0,
TEL088-002507,2025-09-12,C0107,plus,centro,25,32.63,0,0,
TEL088-002508,2025-09-12,C0108,total,centro,21,64.81,1,0,
TEL088-002509,2025-09-12,C0109,esencial,sur,85,28.61,0,0,
TEL088-002510,2025-09-12,C0110,plus,centro,103,34.8,2,0,
TEL088-002511,2025-09-12,C0111,total,norte,43,46.64,0,0,
TEL088-002512,2025-09-12,C0112,esencial,norte,42,11.31,3,0,
TEL088-002513,2025-09-12,C0113,plus,sur,51,45.39,2,0,
TEL088-002514,2025-09-12,C0114,total,norte,40,60.25,0,0,
TEL088-002515,2025-09-12,C0115,esencial,centro,42,12.43,3,1,servicio
TEL088-002516,2025-09-12,C0116,plus,centro,32,44.37,0,0,
TEL088-002517,2025-09-12,C0117,total,sur,80,51.8,2,0,
TEL088-002518,2025-09-12,C0118,esencial,norte,34,6.23,1,0,
TEL088-002519,2025-09-12,C0119,plus,sur,66,35.31,0,0,
TEL088-002520,2025-09-12,C0120,total,norte,104,55.89,1,1,servicio
TEL088-002521,2025-10-13,C0001,esencial,norte,28,14.82,0,1,precio
TEL088-002522,2025-10-13,C0002,plus,norte,29,31.57,1,0,
TEL088-002523,2025-10-13,C0003, TOTAL ,sur,52,45.41,2,0,
TEL088-002524,2025-10-13,C0004,esencial,norte,101,33.84,0,0,
TEL088-002525,2025-10-13,C0005,plus,sur,38,37.7,1,0,
TEL088-002526,2025-10-13,C0006,total,norte,23,47.19,4,0,
TEL088-002527,2025-10-13,C0007,esencial,centro,96,2.84,0,0,
TEL088-002528,2025-10-13,C0008,plus,norte,91,41.99,0,0,
TEL088-002529,2025-10-13,C0009,total,sur,64,64.33,1,0,
TEL088-002530,2025-10-13,C0010,esencial,sur,108,10.33,0,1,servicio
TEL088-002531,2025-10-13,C0011,plus,norte,110,34.93,0,0,
TEL088-002532,2025-10-13,C0012,total,sur,33,44.56,0,0,
TEL088-002533,2025-10-13,C0013,esencial,norte,26,"10,76",0,0,
TEL088-002534,2025-10-13,C0014,plus,centro,91,33.26,1,0,
TEL088-002535,2025-10-13,C0015,total,centro,111,60.68,1,0,
TEL088-002536,2025-10-13,C0016,esencial,sur,72,14.15,0,0,
TEL088-002537,2025-10-13,C0017,plus,sur,81,30.7,1,0,
TEL088-002538,2025-10-13,C0018,total,sur,35,66.2,1,0,
TEL088-002539,2025-10-13,C0019,esencial,norte,56,15.47,1,1,mudanza
TEL088-002540,2025-10-13,C0020,plus,sur,94,28.43,3,0,
TEL088-002541,2025-10-13,C0021,total,sur,34,56.39,1,0,
TEL088-002542,2025-10-13,C0022,esencial,centro,111,9.98,2,1,mudanza
TEL088-002543,2025-10-13,C0023,plus,centro,71,36.51,0,0,
TEL088-002544,2025-10-13,C0024,total,sur,110,45.64,3,0,
TEL088-002545,2025-10-13,C0025,esencial,centro,50,11.84,1,0,
TEL088-002546,2025-10-13,C0026,plus,sur,77,32.94,0,0,
TEL088-002547,2025-10-13,C0027,total,centro,34,48.03,0,0,
TEL088-002548,2025-10-13,C0028,esencial,norte,71,15.94,1,0,
TEL088-002549,2025-10-13,C0029,plus,centro,58,47.72,0,0,
TEL088-002550,2025-10-13,C0030,total,norte,63,67.13,2,0,
TEL088-002551,2025-10-13,C0031,esencial,centro,31,19.59,3,1,mudanza
TEL088-002552,2025-10-13,C0032,plus,norte,53,26.75,0,0,
TEL088-002553,2025-10-13,C0033,total,sur,110,48.85,1,0,
TEL088-002554,2025-10-13,C0034,esencial,norte,90,36.27,0,0,
TEL088-002555,2025-10-13,C0035,plus,sur,102,39.14,0,0,
TEL088-002556,2025-10-13,C0036,total,norte,72,57.43,0,0,
TEL088-002557,2025-10-13,C0037,esencial,norte,54,14.17,1,0,
TEL088-002558,2025-10-13,C0038,plus,centro,58,39.69,0,0,
TEL088-002559,2025-10-13,C0039,total,norte,102,46.69,1,1,precio
TEL088-002560,2025-10-13,C0040,esencial,norte,95,22.69,0,0,
TEL088-002561,2025-10-13,C0041,plus,norte,94,33.01,0,0,
TEL088-002562,2025-10-13,C0042,total,norte,43,52.78,0,0,
TEL088-002563,2025-10-13,C0043,esencial,centro,28,14.44,1,0,
TEL088-002564,2025-10-13,C0044,plus,centro,111,33.94,0,0,
TEL088-002565,2025-10-13,C0045,total,norte,73,49.2,1,0,
TEL088-002566,2025-10-13,C0046,esencial,norte,34,5.27,1,0,
TEL088-002567,2025-10-13,C0047,plus,centro,83,42.49,1,0,
TEL088-002568,2025-10-13,C0048,total,sur,83,51.18,1,0,
TEL088-002569,2025-10-13,C0049,esencial,centro,107,11.13,1,0,
TEL088-002570,2025-10-13,C0050,plus,norte,55,31.25,0,0,
TEL088-002571,2025-10-13,C0051,total,centro,90,54.88,0,0,
TEL088-002572,2025-10-13,C0052,esencial,norte,106,23.31,0,0,
TEL088-002573,2025-10-13,C0053,plus,centro,68,28.86,0,0,
TEL088-002574,2025-10-13,C0054,total,sur,69,,4,0,
TEL088-002575,2025-10-13,C0055,esencial,norte,53,14.7,0,0,
TEL088-002576,2025-10-13,C0056,plus,centro,85,36.22,0,0,
TEL088-002577,2025-10-13,C0057,total,sur,55,57.66,0,1,servicio
TEL088-002578,2025-10-13,C0058,esencial,centro,75,17.02,0,0,
TEL088-002579,2025-10-13,C0059,plus,centro,106,21.12,0,0,
TEL088-002580,2025-10-13,C0060,total,norte,78,66.28,0,0,
TEL088-002581,2025-10-13,C0061,esencial,centro,31,11.8,1,0,
TEL088-002582,2025-10-13,C0062,plus,centro,53,26.12,0,0,
TEL088-002583,2025-10-13,C0063,total,centro,24,55.61,0,0,
TEL088-002584,2025-10-13,C0064,esencial,centro,103,18.37,1,0,
TEL088-002585,2025-10-13,C0065,plus,centro,27,26.64,0,0,
TEL088-002586,2025-10-13,C0066,total,sur,63,53.09,0,0,
TEL088-002587,2025-10-13,C0067,esencial,sur,85,-999,0,0,
TEL088-002588,2025-10-13,C0068,plus,norte,47,30.43,0,0,
TEL088-002589,2025-10-13,C0069,total,sur,69,50.81,0,0,
TEL088-002590,2025-10-13,C0070,esencial,centro,23,24.64,0,0,
TEL088-002591,2025-10-13,C0071,plus,centro,89,47.82,2,0,
TEL088-002592,2025-10-13,C0072,total,norte,48,40.86,0,0,
TEL088-002593,2025-10-13,C0073,esencial,sur,42,6.73,0,0,
TEL088-002594,2025-10-13,C0074,plus,centro,63,36.3,1,0,
TEL088-002595,2025-10-13,C0075,total,sur,73,44.57,0,0,
TEL088-002596,2025-10-13,C0076,esencial,centro,66,10.41,0,0,
TEL088-002597,2025-10-13,C0077,plus,sur,48,37.91,0,0,
TEL088-002598,2025-10-13,C0078,total,centro,90,47.15,2,0,
TEL088-002599,2025-10-13,C0079,esencial,sur,98,29.96,1,0,
TEL088-002600,2025-10-13,C0080,plus,sur,93,29.95,1,0,
TEL088-002601,2025-10-13,C0081,total,norte,40,61.26,1,0,
TEL088-002602,2025-10-13,C0082,esencial,centro,47,17.69,1,0,
TEL088-002603,2025-10-13,C0083,plus,centro,51,18.52,0,0,
TEL088-002604,2025-10-13,C0084,total,norte,39,48.72,0,0,
TEL088-002605,2025-10-13,C0085,esencial,centro,58,24.15,0,0,
TEL088-002606,2025-10-13,C0086,plus,norte,86,24.27,0,0,
TEL088-002607,2025-10-13,C0087,total,centro,67,44.67,0,0,
TEL088-002608,2025-10-13,C0088,esencial,norte,31,9.34,2,0,
TEL088-002609,2025-10-13,C0089,plus,sur,52,36.27,0,0,
TEL088-002610,2025-10-13,C0090,total,sur,53,42.23,0,0,
TEL088-002611,2025-10-13,C0091,esencial,norte,73,7.43,0,0,
TEL088-002612,2025-10-13,C0092,plus,sur,49,23.44,0,0,
TEL088-002613,2025-10-13,C0093,total,centro,74,59.35,0,0,
TEL088-002614,2025-10-13,C0094,esencial,norte,55,23.49,2,0,
TEL088-002615,2025-10-13,C0095,plus,norte,96,30.36,1,0,
TEL088-002616,2025-10-13,C0096,total,sur,88,39.44,0,0,
TEL088-002617,2025-10-13,C0097,esencial,norte,41,13.77,2,0,
TEL088-002618,2025-10-13,C0098,plus,centro,41,42.8,1,0,
TEL088-002619,2025-10-13,C0099,total,sur,96,59.5,4,0,
TEL088-002620,2025-10-13,C0100, ESENCIAL ,norte,25,9.53,2,1,mudanza
TEL088-002621,2025-10-13,C0101,plus,sur,40,34.57,0,0,
TEL088-002622,2025-10-13,C0102,total,centro,89,48.88,1,0,
TEL088-002623,2025-10-13,C0103,esencial,sur,61,27.75,1,0,
TEL088-002624,2025-10-13,C0104,plus,centro,31,39.13,1,0,
TEL088-002625,2025-10-13,C0105,total,norte,36,53.08,1,0,
TEL088-002626,2025-10-13,C0106,esencial,centro,74,22.97,1,0,
TEL088-002627,2025-10-13,C0107,plus,centro,26,28.18,0,0,
TEL088-002628,2025-10-13,C0108,total,centro,22,22.94,0,1,mudanza
TEL088-002629,2025-10-13,C0109,esencial,sur,86,25.44,1,0,
TEL088-002630,2025-10-13,C0110,plus,centro,104,36.34,0,0,
TEL088-002631,2025-10-13,C0111,total,norte,44,51.6,1,0,
TEL088-002632,2025-10-13,C0112,esencial,norte,43,23.01,0,0,
TEL088-002633,2025-10-13,C0113,plus,sur,52,28.7,4,0,
TEL088-002634,2025-10-13,C0114,total,norte,41,57.08,0,0,
TEL088-002635,2025-10-13,C0115,esencial,centro,43,7.52,0,0,
TEL088-002636,2025-10-13,C0116,plus,centro,33,32.74,1,0,
TEL088-002637,2025-10-13,C0117,total,sur,81,50.5,1,0,
TEL088-002638,2025-10-13,C0118,esencial,norte,35,21.91,0,0,
TEL088-002639,2025-10-13,C0119,plus,sur,67,25.88,0,0,
TEL088-002640,2025-10-13,C0120,total,norte,105,53.56,0,0,
TEL088-002641,2025-11-13,C0001,esencial,norte,29,12.19,1,0,
TEL088-002642,2025-11-13,C0002,plus,norte,30,47.79,0,0,
TEL088-002643,2025-11-13,C0003,total,sur,53,48.73,0,0,
TEL088-002644,2025-11-13,C0004,esencial,norte,102,11.8,0,0,
TEL088-002645,2025-11-13,C0005,plus,sur,39,36.81,0,0,
TEL088-002646,2025-11-13,C0006,total,norte,24,57.12,0,0,
TEL088-002647,2025-11-13,C0007,esencial,centro,97,14.36,0,0,
TEL088-002648,2025-11-13,C0008,plus,norte,92,48.74,1,0,
TEL088-002649,2025-11-13,C0009,total,sur,65,66.07,1,0,
TEL088-002650,2025-11-13,C0010,esencial,sur,109,28.32,3,0,
TEL088-002651,2025-11-13,C0011,plus,norte,111,37.67,0,0,
TEL088-002652,2025-11-13,C0012,total,sur,34,55.29,0,0,
TEL088-002653,2025-11-13,C0013,esencial,norte,27,18.69,0,0,
TEL088-002654,2025-11-13,C0014,plus,centro,92,28.82,0,0,
TEL088-002655,2025-11-13,C0015,total,centro,112,54.61,0,0,
TEL088-002656,2025-11-13,C0016,esencial,sur,73,15.12,0,0,
TEL088-002657,2025-11-13,C0017,plus,sur,82,,1,0,
TEL088-002658,2025-11-13,C0018,total,sur,36,76.93,0,0,
TEL088-002659,2025-11-13,C0019,esencial,norte,57,21.98,0,0,
TEL088-002660,2025-11-13,C0020,plus,sur,95,18.66,0,0,
TEL088-002661,2025-11-13,C0021,total,sur,35,55.14,1,0,
TEL088-002662,2025-11-13,C0022,esencial,centro,112,17.86,0,0,
TEL088-002663,2025-11-13,C0023,plus,centro,72,37.51,1,0,
TEL088-002664,2025-11-13,C0024,total,sur,111,55.5,0,0,
TEL088-002665,2025-11-13,C0025,esencial,centro,51,19.16,0,0,
TEL088-002666,2025-11-13,C0026,plus,sur,78,32.56,0,0,
TEL088-002667,2025-11-13,C0027,total,centro,35,52.8,1,0,
TEL088-002668,2025-11-13,C0028,esencial,norte,72,0,1,0,
TEL088-002669,2025-11-13,C0029,plus,centro,59,35.55,1,0,
TEL088-002670,2025-11-13,C0030,total,norte,64,49.91,2,0,
TEL088-002671,2025-11-13,C0031,esencial,centro,32,18.74,0,0,
TEL088-002672,2025-11-13,C0032,plus,norte,54,40.51,1,0,
TEL088-002673,2025-11-13,C0033,total,sur,111,58.35,0,0,
TEL088-002674,2025-11-13,C0034,esencial,norte,91,17.83,1,0,
TEL088-002675,2025-11-13,C0035,plus,sur,103,28.97,0,1,servicio
TEL088-002676,2025-11-13,C0036,total,norte,73,51.73,0,0,
TEL088-002677,2025-11-13,C0037,esencial,norte,55,17.26,1,0,
TEL088-002678,2025-11-13,C0038,plus,centro,59,16.13,0,0,
TEL088-002679,2025-11-13,C0039,total,norte,103,54.54,3,0,
TEL088-002680,2025-11-13,C0040,esencial,norte,96,22.6,0,0,
TEL088-002681,2025-11-13,C0041,plus,norte,95,37.34,0,0,
TEL088-002682,2025-11-13,C0042,total,norte,44,43.24,0,0,
TEL088-002683,2025-11-13,C0043,esencial,centro,29,20.53,0,0,
TEL088-002684,2025-11-13,C0044,plus,centro,112,37.56,1,0,
TEL088-002685,2025-11-13,C0045,total,norte,74,64.43,0,0,
TEL088-002686,2025-11-13,C0046,esencial,norte,35,14.33,0,0,
TEL088-002687,2025-11-13,C0047,plus,centro,84,29.11,1,0,
TEL088-002688,2025-11-13,C0048,total,sur,84,60.74,0,0,
TEL088-002689,2025-11-13,C0049,esencial,centro,108,21.93,0,0,
TEL088-002690,2025-11-13,C0050,plus,norte,56,48.21,0,0,
TEL088-002691,2025-11-13,C0051,total,centro,91,43.42,1,0,
TEL088-002692,2025-11-13,C0052,esencial,norte,107,7.3,1,0,
TEL088-002693,2025-11-13,C0053,plus,centro,69,27.08,1,1,servicio
TEL088-002694,2025-11-13,C0054,total,sur,70,44.41,0,0,
TEL088-002695,2025-11-13,C0055,esencial,norte,54,15.43,3,0,
TEL088-002696,2025-11-13,C0056,plus,centro,86,34.02,2,0,
TEL088-002697,2025-11-13,C0057,total,sur,56,58.95,2,0,
TEL088-002698,2025-11-13,C0058,esencial,centro,76,18.51,0,0,
TEL088-002699,2025-11-13,C0059,plus,centro,107,30.34,0,0,
TEL088-002700,2025-11-13,C0060,total,norte,79,53.71,0,0,
TEL088-002701,2025-11-13,C0061,esencial,centro,32,6.89,0,0,
TEL088-002702,2025-11-13,C0062,plus,centro,54,39.12,0,0,
TEL088-002703,2025-11-13,C0063,total,centro,25,51.37,2,0,
TEL088-002704,2025-11-13,C0064,esencial,centro,104,33.63,0,0,
TEL088-002705,2025-11-13,C0065,plus,centro,28,43.65,0,0,
TEL088-002706,2025-11-13,C0066,total,sur,64,45.6,0,0,
TEL088-002707,2025-11-13,C0067,esencial,sur,86,38.25,2,0,
TEL088-002708,2025-11-13,C0068,plus,norte,48,36.68,0,0,
TEL088-002709,2025-11-13,C0069,total,sur,70,46.34,1,1,precio
TEL088-002710,2025-11-13,C0070,esencial,centro,24,16.45,1,0,
TEL088-002711,2025-11-13,C0071,plus,centro,90,41.07,0,1,precio
TEL088-002712,2025-11-13,C0072,total,norte,49,58.41,0,0,
TEL088-002713,2025-11-13,C0073,esencial,sur,43,29.19,0,0,
TEL088-002714,2025-11-13,C0074,plus,centro,64,38.42,0,0,
TEL088-002715,2025-11-13,C0075,total,sur,74,46.43,0,0,
TEL088-002716,2025-11-13,C0076,esencial,centro,67,16.21,1,0,
TEL088-002717,2025-11-13,C0077, PLUS ,sur,49,54.99,0,0,
TEL088-002718,2025-11-13,C0078,total,centro,91,52.27,0,0,
TEL088-002719,2025-11-13,C0079,esencial,sur,99,11.13,0,0,
TEL088-002720,2025-11-13,C0080,plus,sur,94,30.93,2,0,
TEL088-002721,2025-11-13,C0081,total,norte,41,65.71,1,0,
TEL088-002722,2025-11-13,C0082,esencial,centro,48,7.93,0,0,
TEL088-002723,2025-11-13,C0083,plus,centro,52,53.29,0,0,
TEL088-002724,2025-11-13,C0084,total,norte,40,42.55,1,0,
TEL088-002725,2025-11-13,C0085,esencial,centro,59,14.2,0,0,
TEL088-002726,2025-11-13,C0086,plus,norte,87,26.36,0,0,
TEL088-002727,2025-11-13,C0087,total,centro,68,66.42,0,0,
TEL088-002728,2025-11-13,C0088,esencial,norte,32,27.2,0,0,
TEL088-002729,2025-11-13,C0089,plus,sur,53,50.97,0,0,
TEL088-002730,2025-11-13,C0090,total,sur,54,48.82,4,0,
TEL088-002731,2025-11-13,C0091,esencial,norte,74,9.36,3,1,mudanza
TEL088-002732,2025-11-13,C0092,plus,sur,50,27.27,2,0,
TEL088-002733,2025-11-13,C0093,total,centro,75,55.15,0,1,servicio
TEL088-002734,2025-11-13,C0094,esencial,norte,56,2.47,2,1,servicio
TEL088-002735,2025-11-13,C0095,plus,norte,97,49.12,4,0,
TEL088-002736,2025-11-13,C0096,total,sur,89,52.89,0,0,
TEL088-002737,2025-11-13,C0097,esencial,norte,42,0,0,0,
TEL088-002738,2025-11-13,C0098,plus,centro,42,10.07,0,0,
TEL088-002739,2025-11-13,C0099,total,sur,97,62.1,0,0,
TEL088-002740,2025-11-13,C0100,esencial,norte,26,,1,0,
TEL088-002741,2025-11-13,C0101,plus,sur,41,26.55,2,1,precio
TEL088-002742,2025-11-13,C0102,total,centro,90,47.85,0,0,
TEL088-002743,2025-11-13,C0103,esencial,sur,62,20.93,2,1,servicio
TEL088-002744,2025-11-13,C0104,plus,centro,32,"32,75",0,0,
TEL088-002745,2025-11-13,C0105,total,norte,37,45.89,0,0,
TEL088-002746,2025-11-13,C0106,esencial,centro,75,12.91,0,0,
TEL088-002747,2025-11-13,C0107,plus,centro,27,33.0,0,0,
TEL088-002748,2025-11-13,C0108,total,centro,23,40.94,0,0,
TEL088-002749,2025-11-13,C0109,esencial,sur,87,27.35,4,0,
TEL088-002750,2025-11-13,C0110,plus,centro,105,33.76,0,0,
TEL088-002751,2025-11-13,C0111,total,norte,45,51.53,1,0,
TEL088-002752,2025-11-13,C0112,esencial,norte,44,35.94,0,0,
TEL088-002753,2025-11-13,C0113,plus,sur,53,28.26,1,0,
TEL088-002754,2025-11-13,C0114,total,norte,42,48.96,0,0,
TEL088-002755,2025-11-13,C0115,esencial,centro,44,23.1,1,0,
TEL088-002756,2025-11-13,C0116,plus,centro,34,32.81,0,0,
TEL088-002757,2025-11-13,C0117,total,sur,82,40.26,2,0,
TEL088-002758,2025-11-13,C0118,esencial,norte,36,11.4,1,0,
TEL088-002759,2025-11-13,C0119,plus,sur,68,30.48,0,0,
TEL088-002760,2025-11-13,C0120,total,norte,106,51.03,0,0,
TEL088-002761,2025-12-14,C0001,esencial,norte,30,4.34,0,0,
TEL088-002762,2025-12-14,C0002,plus,norte,31,34.02,0,0,
TEL088-002763,2025-12-14,C0003,total,sur,54,38.69,0,0,
TEL088-002764,2025-12-14,C0004,esencial,norte,103,9.71,0,0,
TEL088-002765,2025-12-14,C0005,plus,sur,40,34.04,2,0,
TEL088-002766,2025-12-14,C0006,total,norte,25,50.96,3,0,
TEL088-002767,2025-12-14,C0007,esencial,centro,98,17.26,0,0,
TEL088-002768,2025-12-14,C0008,plus,norte,93,33.87,2,0,
TEL088-002769,2025-12-14,C0009,total,sur,66,50.8,0,0,
TEL088-002770,2025-12-14,C0010,esencial,sur,110,10.37,0,0,
TEL088-002771,2025-12-14,C0011,plus,norte,112,24.26,1,0,
TEL088-002772,2025-12-14,C0012,total,sur,35,53.86,0,0,
TEL088-002773,2025-12-14,C0013,esencial,norte,28,12.48,2,0,
TEL088-002774,2025-12-14,C0014,plus,centro,93,29.95,2,1,precio
TEL088-002775,2025-12-14,C0015,total,centro,113,53.91,0,0,
TEL088-002776,2025-12-14,C0016,esencial,sur,74,16.46,1,0,
TEL088-002777,2025-12-14,C0017,plus,sur,83,30.96,0,0,
TEL088-002778,2025-12-14,C0018,total,sur,37,54.9,0,0,
TEL088-002779,2025-12-14,C0019,esencial,norte,58,19.53,1,0,
TEL088-002780,2025-12-14,C0020,plus,sur,96,26.39,1,0,
TEL088-002781,2025-12-14,C0021,total,sur,36,57.49,2,0,
TEL088-002782,2025-12-14,C0022,esencial,centro,113,14.75,0,0,
TEL088-002783,2025-12-14,C0023,plus,centro,73,44.17,0,0,
TEL088-002784,2025-12-14,C0024,total,sur,112,65.22,0,0,
TEL088-002785,2025-12-14,C0025,esencial,centro,52,19.72,0,0,
TEL088-002786,2025-12-14,C0026,plus,sur,79,27.4,1,0,
TEL088-002787,2025-12-14,C0027,total,centro,36,63.08,1,0,
TEL088-002788,2025-12-14,C0028,esencial,norte,73,18.67,1,1,mudanza
TEL088-002789,2025-12-14,C0029,plus,centro,60,36.7,0,0,
TEL088-002790,2025-12-14,C0030,total,norte,65,45.6,3,0,
TEL088-002791,2025-12-14,C0031,esencial,centro,33,25.02,1,0,
TEL088-002792,2025-12-14,C0032,plus,norte,55,34.55,0,0,
TEL088-002793,2025-12-14,C0033,total,sur,112,51.74,1,0,
TEL088-002794,2025-12-14,C0034,esencial,norte,92,25.73,2,0,
TEL088-002795,2025-12-14,C0035,plus,sur,104,41.41,0,0,
TEL088-002796,2025-12-14,C0036,total,norte,74,49.52,1,0,
TEL088-002797,2025-12-14,C0037,esencial,norte,56,18.32,0,0,
TEL088-002798,2025-12-14,C0038,plus,centro,60,33.87,0,0,
TEL088-002799,2025-12-14,C0039,total,norte,104,49.15,2,0,
TEL088-002800,2025-12-14,C0040,esencial,norte,97,24.46,1,0,
TEL088-002801,2025-12-14,C0041,plus,norte,96,30.29,2,0,
TEL088-002802,2025-12-14,C0042,total,norte,45,51.91,0,0,
TEL088-002803,2025-12-14,C0043,esencial,centro,30,12.56,1,0,
TEL088-002804,2025-12-14,C0044,plus,centro,113,30.87,0,0,
TEL088-002805,2025-12-14,C0045,total,norte,75,43.63,0,0,
TEL088-002806,2025-12-14,C0046,esencial,norte,36,31.68,2,0,
TEL088-002807,2025-12-14,C0047,plus,centro,85,45.96,0,0,
TEL088-002808,2025-12-14,C0048,total,sur,85,51.3,0,0,
TEL088-002809,2025-12-14,C0049,esencial,centro,109,22.42,0,0,
TEL088-002810,2025-12-14,C0050,plus,norte,57,35.57,1,1,servicio
TEL088-002811,2025-12-14,C0051,total,centro,92,62.15,0,0,
TEL088-002812,2025-12-14,C0052,esencial,norte,108,8.78,0,1,servicio
TEL088-002813,2025-12-14,C0053,plus,centro,70,35.97,0,0,
TEL088-002814,2025-12-14,C0054, TOTAL ,sur,71,51.61,0,0,
TEL088-002815,2025-12-14,C0055,esencial,norte,55,25.28,0,0,
TEL088-002816,2025-12-14,C0056,plus,centro,87,24.42,0,0,
TEL088-002817,2025-12-14,C0057,total,sur,57,39.6,2,0,
TEL088-002818,2025-12-14,C0058,esencial,centro,77,18.61,0,0,
TEL088-002819,2025-12-14,C0059,plus,centro,108,30.25,0,0,
TEL088-002820,2025-12-14,C0060,total,norte,80,53.16,0,1,servicio
TEL088-002821,2025-12-14,C0061,esencial,centro,33,11.91,1,0,
TEL088-002822,2025-12-14,C0062,plus,centro,55,24.67,3,0,
TEL088-002823,2025-12-14,C0063,total,centro,26,,0,0,
TEL088-002824,2025-12-14,C0064,esencial,centro,105,24.19,0,0,
TEL088-002825,2025-12-14,C0065,plus,centro,29,35.1,3,1,mudanza
TEL088-002826,2025-12-14,C0066,total,sur,65,53.72,0,0,
TEL088-002827,2025-12-14,C0067,esencial,sur,87,23.43,0,0,
TEL088-002828,2025-12-14,C0068,plus,norte,49,26.39,0,0,
TEL088-002829,2025-12-14,C0069,total,sur,71,62.62,2,0,
TEL088-002830,2025-12-14,C0070,esencial,centro,25,10.67,2,0,
TEL088-002831,2025-12-14,C0071,plus,centro,91,38.22,0,0,
TEL088-002832,2025-12-14,C0072,total,norte,50,42.25,4,0,
TEL088-002833,2025-12-14,C0073,esencial,sur,44,17.44,0,0,
TEL088-002834,2025-12-14,C0074,plus,centro,65,52.06,0,0,
TEL088-002835,2025-12-14,C0075,total,sur,75,57.18,0,0,
TEL088-002836,2025-12-14,C0076,esencial,centro,68,0,0,0,
TEL088-002837,2025-12-14,C0077,plus,sur,50,36.39,2,0,
TEL088-002838,2025-12-14,C0078,total,centro,92,53.45,1,0,
TEL088-002839,2025-12-14,C0079,esencial,sur,100,15.16,2,0,
TEL088-002840,2025-12-14,C0080,plus,sur,95,45.09,2,0,
TEL088-002841,2025-12-14,C0081,total,norte,42,60.45,3,0,
TEL088-002842,2025-12-14,C0082,esencial,centro,49,27.92,0,0,
TEL088-002843,2025-12-14,C0083,plus,centro,53,31.08,1,0,
TEL088-002844,2025-12-14,C0084,total,norte,41,53.15,0,0,
TEL088-002845,2025-12-14,C0085,esencial,centro,60,35.01,1,1,precio
TEL088-002846,2025-12-14,C0086,plus,norte,88,32.22,0,0,
TEL088-002847,2025-12-14,C0087,total,centro,69,48.19,0,0,
TEL088-002848,2025-12-14,C0088,esencial,norte,33,2.17,0,0,
TEL088-002849,2025-12-14,C0089,plus,sur,54,40.82,3,0,
TEL088-002850,2025-12-14,C0090,total,sur,55,51.51,1,0,
TEL088-002851,2025-12-14,C0091,esencial,norte,75,7.28,0,0,
TEL088-002852,2025-12-14,C0092,plus,sur,51,43.72,0,0,
TEL088-002853,2025-12-14,C0093,total,centro,76,59.71,0,0,
TEL088-002854,2025-12-14,C0094,esencial,norte,57,10.4,0,0,
TEL088-002855,2025-12-14,C0095,plus,norte,98,50.86,0,0,
TEL088-002856,2025-12-14,C0096,total,sur,90,45.42,0,0,
TEL088-002857,2025-12-14,C0097,esencial,norte,43,12.43,0,0,
TEL088-002858,2025-12-14,C0098,plus,centro,43,45.67,2,1,servicio
TEL088-002859,2025-12-14,C0099,total,sur,98,51.35,0,0,
TEL088-002860,2025-12-14,C0100,esencial,norte,27,27.52,0,0,
TEL088-002861,2025-12-14,C0101,plus,sur,42,28.3,0,0,
TEL088-002862,2025-12-14,C0102,total,centro,91,43.78,1,0,
TEL088-002863,2025-12-14,C0103,esencial,sur,63,22.5,2,0,
TEL088-002864,2025-12-14,C0104,plus,centro,33,40.06,0,1,precio
TEL088-002865,2025-12-14,C0105,total,norte,38,47.26,0,0,
TEL088-002866,2025-12-14,C0106,esencial,centro,76,11.36,1,1,precio
TEL088-002867,2025-12-14,C0107,plus,centro,28,38.69,3,0,
TEL088-002868,2025-12-14,C0108,total,centro,24,48.28,1,0,
TEL088-002869,2025-12-14,C0109,esencial,sur,88,13.41,0,0,
TEL088-002870,2025-12-14,C0110,plus,centro,106,51.09,0,0,
TEL088-002871,2025-12-14,C0111,total,norte,46,60.53,2,1,servicio
TEL088-002872,2025-12-14,C0112,esencial,norte,45,5.51,0,0,
TEL088-002873,2025-12-14,C0113,plus,sur,54,35.24,2,1,precio
TEL088-002874,2025-12-14,C0114,total,norte,43,52.5,2,0,
TEL088-002875,2025-12-14,C0115,esencial,centro,45,6.93,1,0,
TEL088-002876,2025-12-14,C0116,plus,centro,35,29.27,1,0,
TEL088-002877,2025-12-14,C0117,total,sur,83,40.39,0,0,
TEL088-002878,2025-12-14,C0118,esencial,norte,37,13.34,2,0,
TEL088-002879,2025-12-14,C0119,plus,sur,69,43.78,1,0,
TEL088-002880,2025-12-14,C0120,total,norte,107,52.21,0,0,
TEL088-000900,2024-08-05,C0060,total,norte,64,59.6,1,0,
TEL088-001590,2025-02-07,C0030,total,norte,55,54.52,1,0,
TEL088-000176,2024-02-01,C0056,plus,centro,65,30.97,0,0,
TEL088-000346,2024-03-03,C0106,esencial,centro,55,16.24,0,0,
TEL088-000656,2024-06-04,C0056,plus,centro,69,32.46,0,0,
TEL088-000384,2024-04-03,C0024,total,sur,92,60.86,0,0,
TEL088-000205,2024-02-01,C0085,esencial,centro,38,19.21,1,0,
TEL088-000068,2024-01-01,C0068,plus,norte,26,20.8,0,0,
TEL088-002747,2025-11-13,C0107,plus,centro,27,33.0,0,0,
