registro_id,fecha,cliente,plan,zona,antiguedad_meses,consumo_gb,incidencias,baja_30d,motivo_baja
TEL083-000001,2024-01-01,C0001,esencial,norte,7,10.67,0,0,
TEL083-000002,2024-01-01,C0002,plus,norte,8,34.44,0,0,
TEL083-000003,2024-01-01,C0003,total,sur,31,44.44,0,0,
TEL083-000004,2024-01-01,C0004,esencial,norte,80,28.21,1,0,
TEL083-000005,2024-01-01,C0005,plus,sur,17,34.55,0,0,
TEL083-000006,2024-01-01,C0006,total,norte,2,48.28,0,0,
TEL083-000007,2024-01-01,C0007,esencial,centro,75,14.59,0,0,
TEL083-000008,2024-01-01,C0008,plus,norte,70,9.91,0,0,
TEL083-000009,2024-01-01,C0009,total,sur,43,34.3,1,0,
TEL083-000010,2024-01-01,C0010,esencial,sur,87,10.12,1,0,
TEL083-000011,2024-01-01,C0011,plus,norte,89,39.28,0,0,
TEL083-000012,2024-01-01,C0012,total,sur,12,58.57,0,0,
TEL083-000013,2024-01-01,C0013,esencial,norte,5,6.43,1,1,mudanza
TEL083-000014,2024-01-01,C0014,plus,centro,70,23.57,0,0,
TEL083-000015,2024-01-01,C0015,total,centro,90,40.03,1,0,
TEL083-000016,2024-01-01,C0016,esencial,sur,51,7.04,0,0,
TEL083-000017,2024-01-01,C0017,plus,sur,60,39.42,2,0,
TEL083-000018,2024-01-01,C0018,total,sur,14,43.55,3,0,
TEL083-000019,2024-01-01,C0019,esencial,norte,35,12.91,1,0,
TEL083-000020,2024-01-01,C0020,plus,sur,73,31.58,0,0,
TEL083-000021,2024-01-01,C0021,total,sur,13,60.45,3,0,
TEL083-000022,2024-01-01,C0022,esencial,centro,90,15.24,2,0,
TEL083-000023,2024-01-01,C0023,plus,centro,50,21.43,0,0,
TEL083-000024,2024-01-01,C0024,total,sur,89,34.51,0,0,
TEL083-000025,2024-01-01,C0025,esencial,centro,29,3.81,1,0,
TEL083-000026,2024-01-01,C0026,plus,sur,56,22.6,1,0,
TEL083-000027,2024-01-01,C0027,total,centro,13,45.49,2,0,
TEL083-000028,2024-01-01,C0028,esencial,norte,50,22.48,0,0,
TEL083-000029,2024-01-01,C0029,plus,centro,37,20.09,0,0,
TEL083-000030,2024-01-01,C0030,total,norte,42,49.13,1,0,
TEL083-000031,2024-01-01,C0031,esencial,centro,10,21.17,3,0,
TEL083-000032,2024-01-01,C0032,plus,norte,32,19.71,0,0,
TEL083-000033,2024-01-01,C0033,total,sur,89,47.59,0,0,
TEL083-000034,2024-01-01,C0034,esencial,norte,69,15.11,1,0,
TEL083-000035,2024-01-01,C0035,plus,sur,81,35.06,0,0,
TEL083-000036,2024-01-01,C0036,total,norte,51,61.86,3,1,servicio
TEL083-000037,2024-01-01,C0037,esencial,norte,33,6.79,1,0,
TEL083-000038,2024-01-01,C0038,plus,centro,37,37.19,0,0,
TEL083-000039,2024-01-01,C0039,total,norte,81,54.74,0,0,
TEL083-000040,2024-01-01,C0040,esencial,norte,74,5.58,0,0,
TEL083-000041,2024-01-01,C0041,plus,norte,73,24.82,0,0,
TEL083-000042,2024-01-01,C0042,total,norte,22,53.78,1,0,
TEL083-000043,2024-01-01,C0043,esencial,centro,7,8.02,2,0,
TEL083-000044,2024-01-01,C0044,plus,centro,90,23.22,0,0,
TEL083-000045,2024-01-01,C0045,total,norte,52,42.53,1,0,
TEL083-000046,2024-01-01,C0046,esencial,norte,13,5.69,3,1,precio
TEL083-000047,2024-01-01,C0047,plus,centro,62,36.54,0,0,
TEL083-000048,2024-01-01,C0048,total,sur,62,36.59,0,0,
TEL083-000049,2024-01-01,C0049,esencial,centro,86,27.95,2,0,
TEL083-000050,2024-01-01,C0050,plus,norte,34,25.92,0,0,
TEL083-000051,2024-01-01,C0051,total,centro,69,54.14,1,0,
TEL083-000052,2024-01-01,C0052,esencial,norte,85,24.94,0,0,
TEL083-000053,2024-01-01,C0053,plus,centro,47,40.08,1,0,
TEL083-000054,2024-01-01,C0054,total,sur,48,48.16,0,0,
TEL083-000055,2024-01-01,C0055,esencial,norte,32,8.94,1,0,
TEL083-000056,2024-01-01,C0056,plus,centro,64,22.62,0,0,
TEL083-000057,2024-01-01,C0057,total,sur,34,59.71,0,1,servicio
TEL083-000058,2024-01-01,C0058,esencial,centro,54,14.9,2,0,
TEL083-000059,2024-01-01,C0059,plus,centro,85,29.26,0,0,
TEL083-000060,2024-01-01,C0060,total,norte,57,57.37,0,0,
TEL083-000061,2024-01-01,C0061,esencial,centro,10,9.53,1,0,
TEL083-000062,2024-01-01,C0062,plus,centro,32,26.98,0,0,
TEL083-000063,2024-01-01,C0063,total,centro,3,49.1,2,0,
TEL083-000064,2024-01-01,C0064,esencial,centro,82,14.4,0,0,
TEL083-000065,2024-01-01,C0065,plus,centro,6,38.58,0,0,
TEL083-000066,2024-01-01,C0066,total,sur,42,55.59,0,0,
TEL083-000067,2024-01-01,C0067,esencial,sur,64,12.34,1,0,
TEL083-000068,2024-01-01,C0068,plus,norte,26,26.72,2,0,
TEL083-000069,2024-01-01,C0069,total,sur,48,44.55,1,0,
TEL083-000070,2024-01-01,C0070,esencial,centro,2,33.0,0,0,
TEL083-000071,2024-01-01,C0071,plus,centro,68,33.15,0,0,
TEL083-000072,2024-01-01,C0072,total,norte,27,50.98,0,0,
TEL083-000073,2024-01-01,C0073,esencial,sur,21,20.35,1,0,
TEL083-000074,2024-01-01,C0074,plus,centro,42,24.73,0,0,
TEL083-000075,2024-01-01,C0075,total,sur,52,58.21,3,0,
TEL083-000076,2024-01-01,C0076,esencial,centro,45,0.91,0,0,
TEL083-000077,2024-01-01,C0077,plus,sur,27,31.42,2,0,
TEL083-000078,2024-01-01,C0078,total,centro,69,59.5,0,0,
TEL083-000079,2024-01-01,C0079,esencial,sur,77,3.82,1,1,precio
TEL083-000080,2024-01-01,C0080,plus,sur,72,28.26,2,0,
TEL083-000081,2024-01-01,C0081,total,norte,19,45.08,1,0,
TEL083-000082,2024-01-01,C0082,esencial,centro,26,8.77,2,1,precio
TEL083-000083,2024-01-01,C0083,plus,centro,30,30.45,0,0,
TEL083-000084,2024-01-01,C0084,total,norte,18,,0,0,
TEL083-000085,2024-01-01,C0085,esencial,centro,37,18.97,0,0,
TEL083-000086,2024-01-01,C0086,plus,norte,65,35.85,1,0,
TEL083-000087,2024-01-01,C0087,total,centro,46,47.38,0,0,
TEL083-000088,2024-01-01,C0088,esencial,norte,10,0,1,0,
TEL083-000089,2024-01-01,C0089,plus,sur,31,36.47,1,0,
TEL083-000090,2024-01-01,C0090,total,sur,32,48.99,0,0,
TEL083-000091,2024-01-01,C0091,esencial,norte,52,23.12,1,0,
TEL083-000092,2024-01-01,C0092,plus,sur,28,34.52,0,0,
TEL083-000093,2024-01-01,C0093,total,centro,53,37.43,0,0,
TEL083-000094,2024-01-01,C0094,esencial,norte,34,7.62,1,0,
TEL083-000095,2024-01-01,C0095,plus,norte,75,22.7,0,0,
TEL083-000096,2024-01-01,C0096,total,sur,67,60.5,0,0,
TEL083-000097,2024-01-01,C0097,esencial,norte,20,15.0,0,0,
TEL083-000098,2024-01-01,C0098, PLUS ,centro,20,25.29,2,0,
TEL083-000099,2024-01-01,C0099,total,sur,75,57.77,1,0,
TEL083-000100,2024-01-01,C0100,esencial,norte,4,9.08,0,0,
TEL083-000101,2024-01-01,C0101,plus,sur,19,34.88,1,0,
TEL083-000102,2024-01-01,C0102,total,centro,68,58.22,1,0,
TEL083-000103,2024-01-01,C0103,esencial,sur,40,6.37,0,0,
TEL083-000104,2024-01-01,C0104,plus,centro,10,25.45,0,0,
TEL083-000105,2024-01-01,C0105,total,norte,15,56.3,1,0,
TEL083-000106,2024-01-01,C0106,esencial,centro,53,5.28,0,0,
TEL083-000107,2024-01-01,C0107,plus,centro,5,43.85,0,0,
TEL083-000108,2024-01-01,C0108,total,centro,1,55.85,2,0,
TEL083-000109,2024-01-01,C0109,esencial,sur,65,7.46,2,0,
TEL083-000110,2024-01-01,C0110,plus,centro,83,35.43,2,0,
TEL083-000111,2024-01-01,C0111,total,norte,23,61.11,0,0,
TEL083-000112,2024-01-01,C0112,esencial,norte,22,0,2,0,
TEL083-000113,2024-01-01,C0113,plus,sur,31,39.47,0,0,
TEL083-000114,2024-01-01,C0114,total,norte,20,42.39,0,1,precio
TEL083-000115,2024-01-01,C0115,esencial,centro,22,0,1,0,
TEL083-000116,2024-01-01,C0116,plus,centro,12,29.15,0,0,
TEL083-000117,2024-01-01,C0117,total,sur,60,38.27,1,0,
TEL083-000118,2024-01-01,C0118,esencial,norte,14,3.45,1,0,
TEL083-000119,2024-01-01,C0119,plus,sur,46,25.33,0,0,
TEL083-000120,2024-01-01,C0120,total,norte,84,42.04,3,1,precio
TEL083-000121,2024-02-01,C0001,esencial,norte,8,22.31,0,0,
TEL083-000122,2024-02-01,C0002,plus,norte,9,16.43,2,1,precio
TEL083-000123,2024-02-01,C0003,total,sur,32,46.91,0,0,
TEL083-000124,2024-02-01,C0004,esencial,norte,81,17.57,0,0,
TEL083-000125,2024-02-01,C0005,plus,sur,18,39.74,1,0,
TEL083-000126,2024-02-01,C0006,total,norte,3,56.52,1,0,
TEL083-000127,2024-02-01,C0007,esencial,centro,76,16.62,0,0,
TEL083-000128,2024-02-01,C0008,plus,norte,71,24.94,0,0,
TEL083-000129,2024-02-01,C0009,total,sur,44,48.34,0,0,
TEL083-000130,2024-02-01,C0010,esencial,sur,88,24.96,1,0,
TEL083-000131,2024-02-01,C0011,plus,norte,90,32.72,2,0,
TEL083-000132,2024-02-01,C0012,total,sur,13,59.77,3,0,
TEL083-000133,2024-02-01,C0013,esencial,norte,6,9.61,0,1,mudanza
TEL083-000134,2024-02-01,C0014,plus,centro,71,32.23,0,0,
TEL083-000135,2024-02-01,C0015,total,centro,91,42.27,0,0,
TEL083-000136,2024-02-01,C0016,esencial,sur,52,15.66,1,0,
TEL083-000137,2024-02-01,C0017,plus,sur,61,33.77,0,0,
TEL083-000138,2024-02-01,C0018,total,sur,15,61.51,0,0,
TEL083-000139,2024-02-01,C0019,esencial,norte,36,15.31,0,0,
TEL083-000140,2024-02-01,C0020,plus,sur,74,25.85,0,0,
TEL083-000141,2024-02-01,C0021,total,sur,14,58.01,1,0,
TEL083-000142,2024-02-01,C0022,esencial,centro,91,15.98,0,0,
TEL083-000143,2024-02-01,C0023,plus,centro,51,14.54,0,0,
TEL083-000144,2024-02-01,C0024,total,sur,90,53.93,2,1,mudanza
TEL083-000145,2024-02-01,C0025,esencial,centro,30,0.27,0,0,
TEL083-000146,2024-02-01,C0026,plus,sur,57,30.75,0,0,
TEL083-000147,2024-02-01,C0027,total,centro,14,40.18,0,0,
TEL083-000148,2024-02-01,C0028,esencial,norte,51,18.23,1,0,
TEL083-000149,2024-02-01,C0029,plus,centro,38,33.27,0,0,
TEL083-000150,2024-02-01,C0030,total,norte,43,54.17,1,0,
TEL083-000151,2024-02-01,C0031,esencial,centro,11,25.62,2,0,
TEL083-000152,2024-02-01,C0032,plus,norte,33,38.86,0,0,
TEL083-000153,2024-02-01,C0033,total,sur,90,53.14,0,0,
TEL083-000154,2024-02-01,C0034,esencial,norte,70,12.77,2,0,
TEL083-000155,2024-02-01,C0035,plus,sur,82,30.83,0,0,
TEL083-000156,2024-02-01,C0036,total,norte,52,48.54,1,0,
TEL083-000157,2024-02-01,C0037,esencial,norte,34,0,1,0,
TEL083-000158,2024-02-01,C0038,plus,centro,38,38.63,1,0,
TEL083-000159,2024-02-01,C0039,total,norte,82,36.63,0,0,
TEL083-000160,2024-02-01,C0040,esencial,norte,75,23.38,0,0,
TEL083-000161,2024-02-01,C0041,plus,norte,74,43.69,1,0,
TEL083-000162,2024-02-01,C0042,total,norte,23,58.51,0,0,
TEL083-000163,2024-02-01,C0043,esencial,centro,8,12.29,0,1,precio
TEL083-000164,2024-02-01,C0044,plus,centro,91,29.96,0,0,
TEL083-000165,2024-02-01,C0045,total,norte,53,38.84,0,0,
TEL083-000166,2024-02-01,C0046,esencial,norte,14,18.57,1,0,
TEL083-000167,2024-02-01,C0047,plus,centro,63,,1,1,precio
TEL083-000168,2024-02-01,C0048,total,sur,63,41.48,2,0,
TEL083-000169,2024-02-01,C0049,esencial,centro,87,0,0,0,
TEL083-000170,2024-02-01,C0050,plus,norte,35,48.97,0,0,
TEL083-000171,2024-02-01,C0051,total,centro,70,65.77,0,0,
TEL083-000172,2024-02-01,C0052,esencial,norte,86,13.39,0,0,
TEL083-000173,2024-02-01,C0053,plus,centro,48,28.66,2,0,
TEL083-000174,2024-02-01,C0054,total,sur,49,39.57,1,0,
TEL083-000175,2024-02-01,C0055,esencial,norte,33,16.48,1,0,
TEL083-000176,2024-02-01,C0056,plus,centro,65,31.67,0,0,
TEL083-000177,2024-02-01,C0057,total,sur,35,48.62,0,0,
TEL083-000178,2024-02-01,C0058,esencial,centro,55,17.08,0,0,
TEL083-000179,2024-02-01,C0059,plus,centro,86,19.06,0,0,
TEL083-000180,2024-02-01,C0060,total,norte,58,65.69,1,0,
TEL083-000181,2024-02-01,C0061,esencial,centro,11,24.48,2,1,precio
TEL083-000182,2024-02-01,C0062,plus,centro,33,27.57,0,0,
TEL083-000183,2024-02-01,C0063,total,centro,4,29.49,2,0,
TEL083-000184,2024-02-01,C0064,esencial,centro,83,8.83,0,0,
TEL083-000185,2024-02-01,C0065,plus,centro,7,22.62,0,0,
TEL083-000186,2024-02-01,C0066,total,sur,43,57.95,2,0,
TEL083-000187,2024-02-01,C0067,esencial,sur,65,12.43,0,0,
TEL083-000188,2024-02-01,C0068,plus,norte,27,32.94,1,0,
TEL083-000189,2024-02-01,C0069,total,sur,49,53.17,0,0,
TEL083-000190,2024-02-01,C0070,esencial,centro,3,23.04,1,0,
TEL083-000191,2024-02-01,C0071,plus,centro,69,16.42,0,0,
TEL083-000192,2024-02-01,C0072,total,norte,28,49.4,0,0,
TEL083-000193,2024-02-01,C0073,esencial,sur,22,10.2,0,0,
TEL083-000194,2024-02-01,C0074,plus,centro,43,10.81,2,1,mudanza
TEL083-000195,2024-02-01,C0075, TOTAL ,sur,53,49.06,0,0,
TEL083-000196,2024-02-01,C0076,esencial,centro,46,7.72,0,0,
TEL083-000197,2024-02-01,C0077,plus,sur,28,22.65,1,0,
TEL083-000198,2024-02-01,C0078,total,centro,70,60.77,1,0,
TEL083-000199,2024-02-01,C0079,esencial,sur,78,19.6,1,1,precio
TEL083-000200,2024-02-01,C0080,plus,sur,73,28.77,1,0,
TEL083-000201,2024-02-01,C0081,total,norte,20,35.28,0,0,
TEL083-000202,2024-02-01,C0082,esencial,centro,27,14.32,3,0,
TEL083-000203,2024-02-01,C0083,plus,centro,31,29.3,0,0,
TEL083-000204,2024-02-01,C0084,total,norte,19,46.95,0,0,
TEL083-000205,2024-02-01,C0085,esencial,centro,38,0,0,0,
TEL083-000206,2024-02-01,C0086,plus,norte,66,40.77,2,0,
TEL083-000207,2024-02-01,C0087,total,centro,47,48.12,0,0,
TEL083-000208,2024-02-01,C0088,esencial,norte,11,33.72,2,0,
TEL083-000209,2024-02-01,C0089,plus,sur,32,47.58,1,0,
TEL083-000210,2024-02-01,C0090,total,sur,33,46.86,0,0,
TEL083-000211,2024-02-01,C0091,esencial,norte,53,10.58,1,1,mudanza
TEL083-000212,2024-02-01,C0092,plus,sur,29,"22,27",2,1,mudanza
TEL083-000213,2024-02-01,C0093,total,centro,54,36.39,0,0,
TEL083-000214,2024-02-01,C0094,esencial,norte,35,2.57,2,0,
TEL083-000215,2024-02-01,C0095,plus,norte,76,24.12,0,0,
TEL083-000216,2024-02-01,C0096,total,sur,68,40.31,0,0,
TEL083-000217,2024-02-01,C0097,esencial,norte,21,22.71,0,0,
TEL083-000218,2024-02-01,C0098,plus,centro,21,17.0,2,0,
TEL083-000219,2024-02-01,C0099,total,sur,76,51.6,0,0,
TEL083-000220,2024-02-01,C0100,esencial,norte,5,24.93,0,0,
TEL083-000221,2024-02-01,C0101,plus,sur,20,39.09,0,0,
TEL083-000222,2024-02-01,C0102,total,centro,69,53.96,3,0,
TEL083-000223,2024-02-01,C0103,esencial,sur,41,14.49,0,0,
TEL083-000224,2024-02-01,C0104,plus,centro,11,32.07,2,0,
TEL083-000225,2024-02-01,C0105,total,norte,16,44.01,3,1,servicio
TEL083-000226,2024-02-01,C0106,esencial,centro,54,7.67,0,0,
TEL083-000227,2024-02-01,C0107,plus,centro,6,34.49,0,0,
TEL083-000228,2024-02-01,C0108,total,centro,2,56.8,0,0,
TEL083-000229,2024-02-01,C0109,esencial,sur,66,4.21,2,0,
TEL083-000230,2024-02-01,C0110,plus,centro,84,31.27,1,0,
TEL083-000231,2024-02-01,C0111,total,norte,24,27.99,0,0,
TEL083-000232,2024-02-01,C0112,esencial,norte,23,24.14,3,0,
TEL083-000233,2024-02-01,C0113,plus,sur,32,27.82,0,0,
TEL083-000234,2024-02-01,C0114,total,norte,21,36.72,0,0,
TEL083-000235,2024-02-01,C0115,esencial,centro,23,10.69,0,0,
TEL083-000236,2024-02-01,C0116,plus,centro,13,37.56,0,0,
TEL083-000237,2024-02-01,C0117,total,sur,61,47.58,0,0,
TEL083-000238,2024-02-01,C0118,esencial,norte,15,13.4,0,0,
TEL083-000239,2024-02-01,C0119,plus,sur,47,31.95,0,0,
TEL083-000240,2024-02-01,C0120,total,norte,85,48.05,0,1,precio
TEL083-000241,2024-03-03,C0001,esencial,norte,9,7.83,0,0,
TEL083-000242,2024-03-03,C0002,plus,norte,10,14.49,0,0,
TEL083-000243,2024-03-03,C0003,total,sur,33,46.04,1,0,
TEL083-000244,2024-03-03,C0004,esencial,norte,82,11.41,0,0,
TEL083-000245,2024-03-03,C0005,plus,sur,19,25.86,2,0,
TEL083-000246,2024-03-03,C0006,total,norte,4,56.12,2,0,
TEL083-000247,2024-03-03,C0007,esencial,centro,77,15.82,0,0,
TEL083-000248,2024-03-03,C0008,plus,norte,72,29.06,1,0,
TEL083-000249,2024-03-03,C0009,total,sur,45,48.62,0,1,mudanza
TEL083-000250,2024-03-03,C0010,esencial,sur,89,,1,0,
TEL083-000251,2024-03-03,C0011,plus,norte,91,47.56,0,0,
TEL083-000252,2024-03-03,C0012,total,sur,14,60.02,0,0,
TEL083-000253,2024-03-03,C0013,esencial,norte,7,2.7,1,0,
TEL083-000254,2024-03-03,C0014,plus,centro,72,32.66,0,0,
TEL083-000255,2024-03-03,C0015,total,centro,92,36.39,0,0,
TEL083-000256,2024-03-03,C0016,esencial,sur,53,19.53,0,0,
TEL083-000257,2024-03-03,C0017,plus,sur,62,25.89,0,0,
TEL083-000258,2024-03-03,C0018,total,sur,16,42.86,0,1,servicio
TEL083-000259,2024-03-03,C0019,esencial,norte,37,21.58,0,0,
TEL083-000260,2024-03-03,C0020,plus,sur,75,25.42,1,0,
TEL083-000261,2024-03-03,C0021,total,sur,15,29.09,2,0,
TEL083-000262,2024-03-03,C0022,esencial,centro,92,13.95,0,0,
TEL083-000263,2024-03-03,C0023,plus,centro,52,33.51,0,0,
TEL083-000264,2024-03-03,C0024,total,sur,91,55.03,0,0,
TEL083-000265,2024-03-03,C0025,esencial,centro,31,20.7,1,1,servicio
TEL083-000266,2024-03-03,C0026,plus,sur,58,28.95,1,0,
TEL083-000267,2024-03-03,C0027,total,centro,15,59.81,0,0,
TEL083-000268,2024-03-03,C0028,esencial,norte,52,5.17,3,0,
TEL083-000269,2024-03-03,C0029,plus,centro,39,44.16,1,0,
TEL083-000270,2024-03-03,C0030,total,norte,44,41.51,0,0,
TEL083-000271,2024-03-03,C0031,esencial,centro,12,6.89,2,0,
TEL083-000272,2024-03-03,C0032,plus,norte,34,44.51,0,1,servicio
TEL083-000273,2024-03-03,C0033,total,sur,91,62.69,0,0,
TEL083-000274,2024-03-03,C0034,esencial,norte,71,23.54,0,0,
TEL083-000275,2024-03-03,C0035,plus,sur,83,14.64,1,0,
TEL083-000276,2024-03-03,C0036,total,norte,53,40.77,0,0,
TEL083-000277,2024-03-03,C0037,esencial,norte,35,16.64,0,0,
TEL083-000278,2024-03-03,C0038,plus,centro,39,18.01,2,1,mudanza
TEL083-000279,2024-03-03,C0039,total,norte,83,49.74,0,1,precio
TEL083-000280,2024-03-03,C0040,esencial,norte,76,16.4,0,0,
TEL083-000281,2024-03-03,C0041,plus,norte,75,37.72,0,0,
TEL083-000282,2024-03-03,C0042,total,norte,24,46.87,2,0,
TEL083-000283,2024-03-03,C0043,esencial,centro,9,17.94,1,0,
TEL083-000284,2024-03-03,C0044,plus,centro,92,39.4,0,0,
TEL083-000285,2024-03-03,C0045,total,norte,54,49.15,1,0,
TEL083-000286,2024-03-03,C0046,esencial,norte,15,0,1,0,
TEL083-000287,2024-03-03,C0047,plus,centro,64,33.21,0,0,
TEL083-000288,2024-03-03,C0048,total,sur,64,49.91,0,0,
TEL083-000289,2024-03-03,C0049,esencial,centro,88,0,1,0,
TEL083-000290,2024-03-03,C0050,plus,norte,36,28.19,0,1,servicio
TEL083-000291,2024-03-03,C0051,total,centro,71,51.08,1,0,
TEL083-000292,2024-03-03,C0052, ESENCIAL ,norte,87,0,0,0,
TEL083-000293,2024-03-03,C0053,plus,centro,49,35.52,2,0,
TEL083-000294,2024-03-03,C0054,total,sur,50,67.25,1,0,
TEL083-000295,2024-03-03,C0055,esencial,norte,34,17.62,1,0,
TEL083-000296,2024-03-03,C0056,plus,centro,66,39.27,3,1,precio
TEL083-000297,2024-03-03,C0057,total,sur,36,54.11,0,0,
TEL083-000298,2024-03-03,C0058,esencial,centro,56,9.09,4,0,
TEL083-000299,2024-03-03,C0059,plus,centro,87,27.86,0,0,
TEL083-000300,2024-03-03,C0060,total,norte,59,58.71,0,0,
TEL083-000301,2024-03-03,C0061,esencial,centro,12,21.64,2,0,
TEL083-000302,2024-03-03,C0062,plus,centro,34,23.45,0,0,
TEL083-000303,2024-03-03,C0063,total,centro,5,56.99,0,0,
TEL083-000304,2024-03-03,C0064,esencial,centro,84,14.94,3,0,
TEL083-000305,2024-03-03,C0065,plus,centro,8,37.14,2,0,
TEL083-000306,2024-03-03,C0066,total,sur,44,54.1,0,0,
TEL083-000307,2024-03-03,C0067,esencial,sur,66,7.75,1,0,
TEL083-000308,2024-03-03,C0068,plus,norte,28,38.57,0,0,
TEL083-000309,2024-03-03,C0069,total,sur,50,54.21,2,0,
TEL083-000310,2024-03-03,C0070,esencial,centro,4,6.79,1,1,mudanza
TEL083-000311,2024-03-03,C0071,plus,centro,70,27.64,0,0,
TEL083-000312,2024-03-03,C0072,total,norte,29,40.5,3,0,
TEL083-000313,2024-03-03,C0073,esencial,sur,23,12.34,0,0,
TEL083-000314,2024-03-03,C0074,plus,centro,44,24.4,0,0,
TEL083-000315,2024-03-03,C0075,total,sur,54,49.88,0,0,
TEL083-000316,2024-03-03,C0076,esencial,centro,47,18.75,1,0,
TEL083-000317,2024-03-03,C0077,plus,sur,29,29.37,1,0,
TEL083-000318,2024-03-03,C0078,total,centro,71,57.91,0,0,
TEL083-000319,2024-03-03,C0079,esencial,sur,79,5.63,0,0,
TEL083-000320,2024-03-03,C0080,plus,sur,74,28.54,2,0,
TEL083-000321,2024-03-03,C0081,total,norte,21,35.76,0,0,
TEL083-000322,2024-03-03,C0082,esencial,centro,28,9.34,3,0,
TEL083-000323,2024-03-03,C0083,plus,centro,32,40.95,1,0,
TEL083-000324,2024-03-03,C0084,total,norte,20,63.46,0,0,
TEL083-000325,2024-03-03,C0085,esencial,centro,39,6.77,0,0,
TEL083-000326,2024-03-03,C0086,plus,norte,67,17.61,0,0,
TEL083-000327,2024-03-03,C0087,total,centro,48,54.13,2,0,
TEL083-000328,2024-03-03,C0088,esencial,norte,12,5.81,0,0,
TEL083-000329,2024-03-03,C0089,plus,sur,33,35.99,0,0,
TEL083-000330,2024-03-03,C0090,total,sur,34,42.94,0,0,
TEL083-000331,2024-03-03,C0091,esencial,norte,54,18.02,2,0,
TEL083-000332,2024-03-03,C0092,plus,sur,30,29.89,1,1,precio
TEL083-000333,2024-03-03,C0093,total,centro,55,,1,0,
TEL083-000334,2024-03-03,C0094,esencial,norte,36,0,0,0,
TEL083-000335,2024-03-03,C0095,plus,norte,77,27.51,1,0,
TEL083-000336,2024-03-03,C0096,total,sur,69,51.75,0,0,
TEL083-000337,2024-03-03,C0097,esencial,norte,22,19.51,0,1,precio
TEL083-000338,2024-03-03,C0098,plus,centro,22,33.88,1,0,
TEL083-000339,2024-03-03,C0099,total,sur,77,51.62,0,0,
TEL083-000340,2024-03-03,C0100,esencial,norte,6,24.14,0,0,
TEL083-000341,2024-03-03,C0101,plus,sur,21,22.32,3,0,
TEL083-000342,2024-03-03,C0102,total,centro,70,51.85,0,0,
TEL083-000343,2024-03-03,C0103,esencial,sur,42,5.58,0,0,
TEL083-000344,2024-03-03,C0104,plus,centro,12,30.92,0,0,
TEL083-000345,2024-03-03,C0105,total,norte,17,37.39,0,0,
TEL083-000346,2024-03-03,C0106,esencial,centro,55,0,0,0,
TEL083-000347,2024-03-03,C0107,plus,centro,7,36.88,1,1,precio
TEL083-000348,2024-03-03,C0108,total,centro,3,57.15,1,0,
TEL083-000349,2024-03-03,C0109,esencial,sur,67,0,2,1,servicio
TEL083-000350,2024-03-03,C0110,plus,centro,85,28.87,1,0,
TEL083-000351,2024-03-03,C0111,total,norte,25,45.08,0,0,
TEL083-000352,2024-03-03,C0112,esencial,norte,24,14.88,0,0,
TEL083-000353,2024-03-03,C0113,plus,sur,33,49.07,0,0,
TEL083-000354,2024-03-03,C0114,total,norte,22,40.48,0,1,servicio
TEL083-000355,2024-03-03,C0115,esencial,centro,24,17.8,3,0,
TEL083-000356,2024-03-03,C0116,plus,centro,14,22.33,0,0,
TEL083-000357,2024-03-03,C0117,total,sur,62,55.54,4,0,
TEL083-000358,2024-03-03,C0118,esencial,norte,16,5.02,1,0,
TEL083-000359,2024-03-03,C0119,plus,sur,48,16.41,1,0,
TEL083-000360,2024-03-03,C0120,total,norte,86,46.52,0,0,
TEL083-000361,2024-04-03,C0001,esencial,norte,10,1.41,0,0,
TEL083-000362,2024-04-03,C0002,plus,norte,11,28.86,1,0,
TEL083-000363,2024-04-03,C0003,total,sur,34,53.75,0,0,
TEL083-000364,2024-04-03,C0004,esencial,norte,83,22.92,0,0,
TEL083-000365,2024-04-03,C0005,plus,sur,20,33.12,1,1,precio
TEL083-000366,2024-04-03,C0006,total,norte,5,61.17,0,1,servicio
TEL083-000367,2024-04-03,C0007,esencial,centro,78,7.61,2,1,servicio
TEL083-000368,2024-04-03,C0008,plus,norte,73,26.82,2,0,
TEL083-000369,2024-04-03,C0009,total,sur,46,49.4,3,0,
TEL083-000370,2024-04-03,C0010,esencial,sur,90,15.86,0,0,
TEL083-000371,2024-04-03,C0011,plus,norte,92,27.93,0,0,
TEL083-000372,2024-04-03,C0012,total,sur,15,54.99,1,0,
TEL083-000373,2024-04-03,C0013,esencial,norte,8,15.26,2,1,mudanza
TEL083-000374,2024-04-03,C0014,plus,centro,73,32.82,0,0,
TEL083-000375,2024-04-03,C0015,total,centro,93,46.47,2,0,
TEL083-000376,2024-04-03,C0016,esencial,sur,54,25.06,2,0,
TEL083-000377,2024-04-03,C0017,plus,sur,63,25.86,0,0,
TEL083-000378,2024-04-03,C0018,total,sur,17,43.36,1,0,
TEL083-000379,2024-04-03,C0019,esencial,norte,38,0.32,0,0,
TEL083-000380,2024-04-03,C0020,plus,sur,76,36.82,0,0,
TEL083-000381,2024-04-03,C0021,total,sur,16,52.01,0,0,
TEL083-000382,2024-04-03,C0022,esencial,centro,93,33.16,2,0,
TEL083-000383,2024-04-03,C0023,plus,centro,53,13.67,2,0,
TEL083-000384,2024-04-03,C0024,total,sur,92,50.19,0,0,
TEL083-000385,2024-04-03,C0025,esencial,centro,32,13.63,0,0,
TEL083-000386,2024-04-03,C0026,plus,sur,59,36.53,1,0,
TEL083-000387,2024-04-03,C0027,total,centro,16,45.69,0,0,
TEL083-000388,2024-04-03,C0028,esencial,norte,53,18.58,0,0,
TEL083-000389,2024-04-03,C0029, PLUS ,centro,40,22.63,0,0,
TEL083-000390,2024-04-03,C0030,total,norte,45,38.03,0,0,
TEL083-000391,2024-04-03,C0031,esencial,centro,13,3.39,0,0,
TEL083-000392,2024-04-03,C0032,plus,norte,35,43.66,0,0,
TEL083-000393,2024-04-03,C0033,total,sur,92,47.96,1,0,
TEL083-000394,2024-04-03,C0034,esencial,norte,72,0,2,1,servicio
TEL083-000395,2024-04-03,C0035,plus,sur,84,31.22,0,0,
TEL083-000396,2024-04-03,C0036,total,norte,54,52.13,1,0,
TEL083-000397,2024-04-03,C0037,esencial,norte,36,12.63,2,0,
TEL083-000398,2024-04-03,C0038,plus,centro,40,30.59,0,0,
TEL083-000399,2024-04-03,C0039,total,norte,84,39.47,1,0,
TEL083-000400,2024-04-03,C0040,esencial,norte,77,1.08,3,0,
TEL083-000401,2024-04-03,C0041,plus,norte,76,30.69,0,0,
TEL083-000402,2024-04-03,C0042,total,norte,25,25.5,2,0,
TEL083-000403,2024-04-03,C0043,esencial,centro,10,10.61,0,0,
TEL083-000404,2024-04-03,C0044,plus,centro,93,31.84,0,0,
TEL083-000405,2024-04-03,C0045,total,norte,55,46.34,2,0,
TEL083-000406,2024-04-03,C0046,esencial,norte,16,13.3,0,0,
TEL083-000407,2024-04-03,C0047,plus,centro,65,43.32,0,0,
TEL083-000408,2024-04-03,C0048,total,sur,65,67.07,0,0,
TEL083-000409,2024-04-03,C0049,esencial,centro,89,11.13,1,0,
TEL083-000410,2024-04-03,C0050,plus,norte,37,40.47,1,0,
TEL083-000411,2024-04-03,C0051,total,centro,72,48.4,0,0,
TEL083-000412,2024-04-03,C0052,esencial,norte,88,9.87,0,0,
TEL083-000413,2024-04-03,C0053,plus,centro,50,22.57,1,0,
TEL083-000414,2024-04-03,C0054,total,sur,51,52.77,0,1,mudanza
TEL083-000415,2024-04-03,C0055,esencial,norte,35,33.04,0,0,
TEL083-000416,2024-04-03,C0056,plus,centro,67,,0,0,
TEL083-000417,2024-04-03,C0057,total,sur,37,49.9,0,0,
TEL083-000418,2024-04-03,C0058,esencial,centro,57,12.39,1,0,
TEL083-000419,2024-04-03,C0059,plus,centro,88,44.55,1,0,
TEL083-000420,2024-04-03,C0060,total,norte,60,52.77,0,0,
TEL083-000421,2024-04-03,C0061,esencial,centro,13,16.31,1,1,precio
TEL083-000422,2024-04-03,C0062,plus,centro,35,37.84,1,0,
TEL083-000423,2024-04-03,C0063,total,centro,6,"56,63",0,0,
TEL083-000424,2024-04-03,C0064,esencial,centro,85,10.32,3,0,
TEL083-000425,2024-04-03,C0065,plus,centro,9,22.41,2,0,
TEL083-000426,2024-04-03,C0066,total,sur,45,51.62,2,0,
TEL083-000427,2024-04-03,C0067,esencial,sur,67,12.48,0,0,
TEL083-000428,2024-04-03,C0068,plus,norte,29,20.44,0,0,
TEL083-000429,2024-04-03,C0069,total,sur,51,51.13,0,0,
TEL083-000430,2024-04-03,C0070,esencial,centro,5,0,0,0,
TEL083-000431,2024-04-03,C0071,plus,centro,71,42.86,2,0,
TEL083-000432,2024-04-03,C0072,total,norte,30,49.3,1,0,
TEL083-000433,2024-04-03,C0073,esencial,sur,24,9.99,0,0,
TEL083-000434,2024-04-03,C0074,plus,centro,45,14.39,0,0,
TEL083-000435,2024-04-03,C0075,total,sur,55,56.81,0,0,
TEL083-000436,2024-04-03,C0076,esencial,centro,48,7.92,4,0,
TEL083-000437,2024-04-03,C0077,plus,sur,30,14.51,1,0,
TEL083-000438,2024-04-03,C0078,total,centro,72,55.13,0,0,
TEL083-000439,2024-04-03,C0079,esencial,sur,80,17.49,0,0,
TEL083-000440,2024-04-03,C0080,plus,sur,75,39.51,3,0,
TEL083-000441,2024-04-03,C0081,total,norte,22,51.32,0,0,
TEL083-000442,2024-04-03,C0082,esencial,centro,29,20.3,0,0,
TEL083-000443,2024-04-03,C0083,plus,centro,33,29.05,1,0,
TEL083-000444,2024-04-03,C0084,total,norte,21,51.01,3,1,servicio
TEL083-000445,2024-04-03,C0085,esencial,centro,40,8.72,0,0,
TEL083-000446,2024-04-03,C0086,plus,norte,68,28.18,0,0,
TEL083-000447,2024-04-03,C0087,total,centro,49,45.23,2,0,
TEL083-000448,2024-04-03,C0088,esencial,norte,13,9.31,0,0,
TEL083-000449,2024-04-03,C0089,plus,sur,34,29.09,0,0,
TEL083-000450,2024-04-03,C0090,total,sur,35,53.72,1,0,
TEL083-000451,2024-04-03,C0091,esencial,norte,55,0,1,0,
TEL083-000452,2024-04-03,C0092,plus,sur,31,39.33,0,0,
TEL083-000453,2024-04-03,C0093,total,centro,56,51.75,2,0,
TEL083-000454,2024-04-03,C0094,esencial,norte,37,0,2,1,servicio
TEL083-000455,2024-04-03,C0095,plus,norte,78,53.16,2,0,
TEL083-000456,2024-04-03,C0096,total,sur,70,50.0,0,0,
TEL083-000457,2024-04-03,C0097,esencial,norte,23,6.57,0,0,
TEL083-000458,2024-04-03,C0098,plus,centro,23,41.62,0,0,
TEL083-000459,2024-04-03,C0099,total,sur,78,41.2,0,0,
TEL083-000460,2024-04-03,C0100,esencial,norte,7,14.4,0,0,
TEL083-000461,2024-04-03,C0101,plus,sur,22,35.85,0,0,
TEL083-000462,2024-04-03,C0102,total,centro,71,44.2,1,0,
TEL083-000463,2024-04-03,C0103,esencial,sur,43,19.72,2,0,
TEL083-000464,2024-04-03,C0104,plus,centro,13,24.96,0,0,
TEL083-000465,2024-04-03,C0105,total,norte,18,31.71,1,0,
TEL083-000466,2024-04-03,C0106,esencial,centro,56,15.64,4,0,
TEL083-000467,2024-04-03,C0107,plus,centro,8,31.31,1,0,
TEL083-000468,2024-04-03,C0108,total,centro,4,41.06,2,0,
TEL083-000469,2024-04-03,C0109,esencial,sur,68,4.54,0,0,
TEL083-000470,2024-04-03,C0110,plus,centro,86,20.57,0,0,
TEL083-000471,2024-04-03,C0111,total,norte,26,56.04,3,0,
TEL083-000472,2024-04-03,C0112,esencial,norte,25,10.03,0,0,
TEL083-000473,2024-04-03,C0113,plus,sur,34,34.01,0,0,
TEL083-000474,2024-04-03,C0114,total,norte,23,54.18,2,0,
TEL083-000475,2024-04-03,C0115,esencial,centro,25,14.66,0,0,
TEL083-000476,2024-04-03,C0116,plus,centro,15,21.25,0,0,
TEL083-000477,2024-04-03,C0117,total,sur,63,62.97,0,0,
TEL083-000478,2024-04-03,C0118,esencial,norte,17,6.26,0,0,
TEL083-000479,2024-04-03,C0119,plus,sur,49,30.07,2,0,
TEL083-000480,2024-04-03,C0120,total,norte,87,50.81,0,0,
TEL083-000481,2024-05-04,C0001,esencial,norte,11,0,2,0,
TEL083-000482,2024-05-04,C0002,plus,norte,12,28.72,0,0,
TEL083-000483,2024-05-04,C0003,total,sur,35,45.68,3,0,
TEL083-000484,2024-05-04,C0004,esencial,norte,84,13.23,0,0,
TEL083-000485,2024-05-04,C0005,plus,sur,21,26.71,1,0,
TEL083-000486,2024-05-04,C0006, TOTAL ,norte,6,40.24,1,0,
TEL083-000487,2024-05-04,C0007,esencial,centro,79,15.9,2,1,servicio
TEL083-000488,2024-05-04,C0008,plus,norte,74,44.8,0,0,
TEL083-000489,2024-05-04,C0009,total,sur,47,49.81,0,0,
TEL083-000490,2024-05-04,C0010,esencial,sur,91,3.99,0,0,
TEL083-000491,2024-05-04,C0011,plus,norte,93,36.81,1,0,
TEL083-000492,2024-05-04,C0012,total,sur,16,39.96,0,0,
TEL083-000493,2024-05-04,C0013,esencial,norte,9,5.54,1,0,
TEL083-000494,2024-05-04,C0014,plus,centro,74,25.61,0,0,
TEL083-000495,2024-05-04,C0015,total,centro,94,52.64,1,0,
TEL083-000496,2024-05-04,C0016,esencial,sur,55,21.98,0,0,
TEL083-000497,2024-05-04,C0017,plus,sur,64,29.02,0,0,
TEL083-000498,2024-05-04,C0018,total,sur,18,46.17,0,0,
TEL083-000499,2024-05-04,C0019,esencial,norte,39,,0,0,
TEL083-000500,2024-05-04,C0020,plus,sur,77,15.79,2,0,
TEL083-000501,2024-05-04,C0021,total,sur,17,43.27,2,0,
TEL083-000502,2024-05-04,C0022,esencial,centro,94,7.91,0,0,
TEL083-000503,2024-05-04,C0023,plus,centro,54,24.69,0,0,
TEL083-000504,2024-05-04,C0024,total,sur,93,34.29,1,0,
TEL083-000505,2024-05-04,C0025,esencial,centro,33,6.77,2,0,
TEL083-000506,2024-05-04,C0026,plus,sur,60,29.08,0,0,
TEL083-000507,2024-05-04,C0027,total,centro,17,55.23,0,0,
TEL083-000508,2024-05-04,C0028,esencial,norte,54,22.45,0,0,
TEL083-000509,2024-05-04,C0029,plus,centro,41,32.37,1,0,
TEL083-000510,2024-05-04,C0030,total,norte,46,53.29,2,0,
TEL083-000511,2024-05-04,C0031,esencial,centro,14,18.42,1,0,
TEL083-000512,2024-05-04,C0032,plus,norte,36,27.94,0,0,
TEL083-000513,2024-05-04,C0033,total,sur,93,48.45,1,0,
TEL083-000514,2024-05-04,C0034,esencial,norte,73,19.39,0,0,
TEL083-000515,2024-05-04,C0035,plus,sur,85,39.37,1,0,
TEL083-000516,2024-05-04,C0036,total,norte,55,49.57,0,0,
TEL083-000517,2024-05-04,C0037,esencial,norte,37,8.09,1,0,
TEL083-000518,2024-05-04,C0038,plus,centro,41,25.08,0,0,
TEL083-000519,2024-05-04,C0039,total,norte,85,39.07,2,0,
TEL083-000520,2024-05-04,C0040,esencial,norte,78,1.06,0,0,
TEL083-000521,2024-05-04,C0041,plus,norte,77,36.91,0,0,
TEL083-000522,2024-05-04,C0042,total,norte,26,45.25,0,1,precio
TEL083-000523,2024-05-04,C0043,esencial,centro,11,15.25,0,0,
TEL083-000524,2024-05-04,C0044,plus,centro,94,42.52,2,0,
TEL083-000525,2024-05-04,C0045,total,norte,56,38.63,0,0,
TEL083-000526,2024-05-04,C0046,esencial,norte,17,31.17,0,0,
TEL083-000527,2024-05-04,C0047,plus,centro,66,42.13,4,0,
TEL083-000528,2024-05-04,C0048,total,sur,66,60.9,1,0,
TEL083-000529,2024-05-04,C0049,esencial,centro,90,18.41,0,0,
TEL083-000530,2024-05-04,C0050,plus,norte,38,28.32,1,1,precio
TEL083-000531,2024-05-04,C0051,total,centro,73,43.08,0,0,
TEL083-000532,2024-05-04,C0052,esencial,norte,89,8.41,3,0,
TEL083-000533,2024-05-04,C0053,plus,centro,51,41.94,3,0,
TEL083-000534,2024-05-04,C0054,total,sur,52,58.69,1,1,precio
TEL083-000535,2024-05-04,C0055,esencial,norte,36,20.86,1,0,
TEL083-000536,2024-05-04,C0056,plus,centro,68,43.87,0,0,
TEL083-000537,2024-05-04,C0057,total,sur,38,51.29,0,0,
TEL083-000538,2024-05-04,C0058,esencial,centro,58,15.76,2,0,
TEL083-000539,2024-05-04,C0059,plus,centro,89,16.61,2,0,
TEL083-000540,2024-05-04,C0060,total,norte,61,44.75,1,0,
TEL083-000541,2024-05-04,C0061,esencial,centro,14,26.37,0,0,
TEL083-000542,2024-05-04,C0062,plus,centro,36,24.9,0,0,
TEL083-000543,2024-05-04,C0063,total,centro,7,35.29,0,0,
TEL083-000544,2024-05-04,C0064,esencial,centro,86,13.76,1,0,
TEL083-000545,2024-05-04,C0065,plus,centro,10,24.67,1,0,
TEL083-000546,2024-05-04,C0066,total,sur,46,38.16,3,0,
TEL083-000547,2024-05-04,C0067,esencial,sur,68,11.64,0,0,
TEL083-000548,2024-05-04,C0068,plus,norte,30,34.13,1,0,
TEL083-000549,2024-05-04,C0069,total,sur,52,58.18,0,0,
TEL083-000550,2024-05-04,C0070,esencial,centro,6,14.06,0,0,
TEL083-000551,2024-05-04,C0071,plus,centro,72,13.47,0,0,
TEL083-000552,2024-05-04,C0072,total,norte,31,60.79,0,0,
TEL083-000553,2024-05-04,C0073,esencial,sur,25,5.75,1,0,
TEL083-000554,2024-05-04,C0074,plus,centro,46,26.97,1,0,
TEL083-000555,2024-05-04,C0075,total,sur,56,56.36,0,0,
TEL083-000556,2024-05-04,C0076,esencial,centro,49,1.51,3,1,precio
TEL083-000557,2024-05-04,C0077,plus,sur,31,20.18,0,0,
TEL083-000558,2024-05-04,C0078,total,centro,73,56.48,0,0,
TEL083-000559,2024-05-04,C0079,esencial,sur,81,10.76,0,0,
TEL083-000560,2024-05-04,C0080,plus,sur,76,27.83,2,0,
TEL083-000561,2024-05-04,C0081,total,norte,23,53.09,1,0,
TEL083-000562,2024-05-04,C0082,esencial,centro,30,1.86,2,0,
TEL083-000563,2024-05-04,C0083,plus,centro,34,36.39,3,0,
TEL083-000564,2024-05-04,C0084,total,norte,22,52.12,1,0,
TEL083-000565,2024-05-04,C0085,esencial,centro,41,4.89,1,0,
TEL083-000566,2024-05-04,C0086,plus,norte,69,35.07,0,0,
TEL083-000567,2024-05-04,C0087,total,centro,50,48.56,2,0,
TEL083-000568,2024-05-04,C0088,esencial,norte,14,11.68,4,0,
TEL083-000569,2024-05-04,C0089,plus,sur,35,37.09,0,0,
TEL083-000570,2024-05-04,C0090,total,sur,36,32.35,1,0,
TEL083-000571,2024-05-04,C0091,esencial,norte,56,16.33,3,0,
TEL083-000572,2024-05-04,C0092,plus,sur,32,30.3,1,0,
TEL083-000573,2024-05-04,C0093,total,centro,57,45.79,1,0,
TEL083-000574,2024-05-04,C0094,esencial,norte,38,0,0,0,
TEL083-000575,2024-05-04,C0095,plus,norte,79,44.93,0,0,
TEL083-000576,2024-05-04,C0096,total,sur,71,53.55,4,0,
TEL083-000577,2024-05-04,C0097,esencial,norte,24,10.83,0,0,
TEL083-000578,2024-05-04,C0098,plus,centro,24,33.49,0,0,
TEL083-000579,2024-05-04,C0099,total,sur,79,44.72,0,0,
TEL083-000580,2024-05-04,C0100,esencial,norte,8,0,3,0,
TEL083-000581,2024-05-04,C0101,plus,sur,23,28.2,0,0,
TEL083-000582,2024-05-04,C0102,total,centro,72,,1,1,precio
TEL083-000583,2024-05-04,C0103, ESENCIAL ,sur,44,0,1,0,
TEL083-000584,2024-05-04,C0104,plus,centro,14,19.36,0,0,
TEL083-000585,2024-05-04,C0105,total,norte,19,34.9,1,0,
TEL083-000586,2024-05-04,C0106,esencial,centro,57,20.31,2,1,mudanza
TEL083-000587,2024-05-04,C0107,plus,centro,9,15.43,0,0,
TEL083-000588,2024-05-04,C0108,total,centro,5,57.04,1,0,
TEL083-000589,2024-05-04,C0109,esencial,sur,69,6.69,0,0,
TEL083-000590,2024-05-04,C0110,plus,centro,87,25.4,2,0,
TEL083-000591,2024-05-04,C0111,total,norte,27,47.15,0,0,
TEL083-000592,2024-05-04,C0112,esencial,norte,26,12.06,2,0,
TEL083-000593,2024-05-04,C0113,plus,sur,35,31.96,0,0,
TEL083-000594,2024-05-04,C0114,total,norte,24,52.23,3,0,
TEL083-000595,2024-05-04,C0115,esencial,centro,26,13.27,1,0,
TEL083-000596,2024-05-04,C0116,plus,centro,16,24.56,1,0,
TEL083-000597,2024-05-04,C0117,total,sur,64,50.42,2,0,
TEL083-000598,2024-05-04,C0118,esencial,norte,18,13.26,0,0,
TEL083-000599,2024-05-04,C0119,plus,sur,50,27.21,1,0,
TEL083-000600,2024-05-04,C0120,total,norte,88,47.11,1,0,
TEL083-000601,2024-06-04,C0001,esencial,norte,12,11.47,0,0,
TEL083-000602,2024-06-04,C0002,plus,norte,13,39.6,1,0,
TEL083-000603,2024-06-04,C0003,total,sur,36,54.1,2,0,
TEL083-000604,2024-06-04,C0004,esencial,norte,85,7.03,1,0,
TEL083-000605,2024-06-04,C0005,plus,sur,22,25.79,2,0,
TEL083-000606,2024-06-04,C0006,total,norte,7,50.55,2,0,
TEL083-000607,2024-06-04,C0007,esencial,centro,80,4.07,2,0,
TEL083-000608,2024-06-04,C0008,plus,norte,75,30.75,0,0,
TEL083-000609,2024-06-04,C0009,total,sur,48,29.88,0,0,
TEL083-000610,2024-06-04,C0010,esencial,sur,92,2.61,1,0,
TEL083-000611,2024-06-04,C0011,plus,norte,94,41.33,1,0,
TEL083-000612,2024-06-04,C0012,total,sur,17,49.45,0,0,
TEL083-000613,2024-06-04,C0013,esencial,norte,10,17.46,0,0,
TEL083-000614,2024-06-04,C0014,plus,centro,75,29.53,2,0,
TEL083-000615,2024-06-04,C0015,total,centro,95,56.54,1,0,
TEL083-000616,2024-06-04,C0016,esencial,sur,56,20.37,0,0,
TEL083-000617,2024-06-04,C0017,plus,sur,65,32.79,1,1,servicio
TEL083-000618,2024-06-04,C0018,total,sur,19,38.25,4,0,
TEL083-000619,2024-06-04,C0019,esencial,norte,40,15.39,0,0,
TEL083-000620,2024-06-04,C0020,plus,sur,78,36.67,0,0,
TEL083-000621,2024-06-04,C0021,total,sur,18,50.85,0,0,
TEL083-000622,2024-06-04,C0022,esencial,centro,95,11.45,0,0,
TEL083-000623,2024-06-04,C0023,plus,centro,55,18.58,0,0,
TEL083-000624,2024-06-04,C0024,total,sur,94,36.58,1,0,
TEL083-000625,2024-06-04,C0025,esencial,centro,34,9.89,1,0,
TEL083-000626,2024-06-04,C0026,plus,sur,61,22.56,1,0,
TEL083-000627,2024-06-04,C0027,total,centro,18,50.78,4,0,
TEL083-000628,2024-06-04,C0028,esencial,norte,55,8.22,1,0,
TEL083-000629,2024-06-04,C0029,plus,centro,42,30.21,2,0,
TEL083-000630,2024-06-04,C0030,total,norte,47,56.93,1,0,
TEL083-000631,2024-06-04,C0031,esencial,centro,15,2.03,0,0,
TEL083-000632,2024-06-04,C0032,plus,norte,37,29.37,3,0,
TEL083-000633,2024-06-04,C0033,total,sur,94,49.52,0,0,
TEL083-000634,2024-06-04,C0034,esencial,norte,74,"16,24",3,0,
TEL083-000635,2024-06-04,C0035,plus,sur,86,21.65,0,0,
TEL083-000636,2024-06-04,C0036,total,norte,56,56.18,3,0,
TEL083-000637,2024-06-04,C0037,esencial,norte,38,23.97,0,0,
TEL083-000638,2024-06-04,C0038,plus,centro,42,19.5,2,0,
TEL083-000639,2024-06-04,C0039,total,norte,86,47.0,0,0,
TEL083-000640,2024-06-04,C0040,esencial,norte,79,20.7,0,0,
TEL083-000641,2024-06-04,C0041,plus,norte,78,36.97,0,0,
TEL083-000642,2024-06-04,C0042,total,norte,27,54.96,1,0,
TEL083-000643,2024-06-04,C0043,esencial,centro,12,0,1,0,
TEL083-000644,2024-06-04,C0044,plus,centro,95,28.82,0,0,
TEL083-000645,2024-06-04,C0045,total,norte,57,33.35,0,0,
TEL083-000646,2024-06-04,C0046,esencial,norte,18,21.72,1,0,
TEL083-000647,2024-06-04,C0047,plus,centro,67,41.51,2,0,
TEL083-000648,2024-06-04,C0048,total,sur,67,44.88,0,0,
TEL083-000649,2024-06-04,C0049,esencial,centro,91,10.12,1,0,
TEL083-000650,2024-06-04,C0050,plus,norte,39,34.66,1,0,
TEL083-000651,2024-06-04,C0051,total,centro,74,50.01,2,0,
TEL083-000652,2024-06-04,C0052,esencial,norte,90,15.65,1,1,precio
TEL083-000653,2024-06-04,C0053,plus,centro,52,44.81,2,0,
TEL083-000654,2024-06-04,C0054,total,sur,53,48.34,0,0,
TEL083-000655,2024-06-04,C0055,esencial,norte,37,22.01,1,0,
TEL083-000656,2024-06-04,C0056,plus,centro,69,36.31,1,0,
TEL083-000657,2024-06-04,C0057,total,sur,39,50.83,1,0,
TEL083-000658,2024-06-04,C0058,esencial,centro,59,8.4,2,0,
TEL083-000659,2024-06-04,C0059,plus,centro,90,26.43,0,0,
TEL083-000660,2024-06-04,C0060,total,norte,62,52.56,1,0,
TEL083-000661,2024-06-04,C0061,esencial,centro,15,23.94,0,0,
TEL083-000662,2024-06-04,C0062,plus,centro,37,31.22,0,0,
TEL083-000663,2024-06-04,C0063,total,centro,8,42.53,0,0,
TEL083-000664,2024-06-04,C0064,esencial,centro,87,22.83,3,0,
TEL083-000665,2024-06-04,C0065,plus,centro,11,,3,0,
TEL083-000666,2024-06-04,C0066,total,sur,47,36.68,1,1,mudanza
TEL083-000667,2024-06-04,C0067,esencial,sur,69,4.3,0,0,
TEL083-000668,2024-06-04,C0068,plus,norte,31,29.31,1,0,
TEL083-000669,2024-06-04,C0069,total,sur,53,51.84,3,0,
TEL083-000670,2024-06-04,C0070,esencial,centro,7,14.74,0,0,
TEL083-000671,2024-06-04,C0071,plus,centro,73,37.08,0,0,
TEL083-000672,2024-06-04,C0072,total,norte,32,40.7,1,0,
TEL083-000673,2024-06-04,C0073,esencial,sur,26,11.64,2,0,
TEL083-000674,2024-06-04,C0074,plus,centro,47,20.86,2,0,
TEL083-000675,2024-06-04,C0075,total,sur,57,54.88,0,0,
TEL083-000676,2024-06-04,C0076,esencial,centro,50,7.66,0,1,mudanza
TEL083-000677,2024-06-04,C0077,plus,sur,32,18.53,0,0,
TEL083-000678,2024-06-04,C0078,total,centro,74,52.84,1,0,
TEL083-000679,2024-06-04,C0079,esencial,sur,82,17.1,2,0,
TEL083-000680,2024-06-04,C0080, PLUS ,sur,77,39.88,0,0,
TEL083-000681,2024-06-04,C0081,total,norte,24,51.88,0,0,
TEL083-000682,2024-06-04,C0082,esencial,centro,31,0,0,0,
TEL083-000683,2024-06-04,C0083,plus,centro,35,32.47,3,1,servicio
TEL083-000684,2024-06-04,C0084,total,norte,23,46.7,1,0,
TEL083-000685,2024-06-04,C0085,esencial,centro,42,19.37,1,1,servicio
TEL083-000686,2024-06-04,C0086,plus,norte,70,31.17,0,0,
TEL083-000687,2024-06-04,C0087,total,centro,51,58.08,2,0,
TEL083-000688,2024-06-04,C0088,esencial,norte,15,8.73,1,0,
TEL083-000689,2024-06-04,C0089,plus,sur,36,35.25,0,0,
TEL083-000690,2024-06-04,C0090,total,sur,37,53.67,0,0,
TEL083-000691,2024-06-04,C0091,esencial,norte,57,14.56,3,0,
TEL083-000692,2024-06-04,C0092,plus,sur,33,33.4,0,0,
TEL083-000693,2024-06-04,C0093,total,centro,58,52.03,2,0,
TEL083-000694,2024-06-04,C0094,esencial,norte,39,12.34,1,0,
TEL083-000695,2024-06-04,C0095,plus,norte,80,25.23,1,0,
TEL083-000696,2024-06-04,C0096,total,sur,72,38.43,0,0,
TEL083-000697,2024-06-04,C0097,esencial,norte,25,1.54,2,0,
TEL083-000698,2024-06-04,C0098,plus,centro,25,25.85,2,0,
TEL083-000699,2024-06-04,C0099,total,sur,80,36.4,1,0,
TEL083-000700,2024-06-04,C0100,esencial,norte,9,6.3,0,0,
TEL083-000701,2024-06-04,C0101,plus,sur,24,43.18,0,0,
TEL083-000702,2024-06-04,C0102,total,centro,73,42.99,2,0,
TEL083-000703,2024-06-04,C0103,esencial,sur,45,10.19,1,0,
TEL083-000704,2024-06-04,C0104,plus,centro,15,22.67,1,0,
TEL083-000705,2024-06-04,C0105,total,norte,20,35.97,0,0,
TEL083-000706,2024-06-04,C0106,esencial,centro,58,15.26,0,0,
TEL083-000707,2024-06-04,C0107,plus,centro,10,38.94,2,0,
TEL083-000708,2024-06-04,C0108,total,centro,6,41.2,2,0,
TEL083-000709,2024-06-04,C0109,esencial,sur,70,10.99,1,0,
TEL083-000710,2024-06-04,C0110,plus,centro,88,36.3,1,0,
TEL083-000711,2024-06-04,C0111,total,norte,28,52.02,0,1,servicio
TEL083-000712,2024-06-04,C0112,esencial,norte,27,0,3,1,mudanza
TEL083-000713,2024-06-04,C0113,plus,sur,36,50.84,0,0,
TEL083-000714,2024-06-04,C0114,total,norte,25,42.39,2,1,servicio
TEL083-000715,2024-06-04,C0115,esencial,centro,27,8.82,2,1,mudanza
TEL083-000716,2024-06-04,C0116,plus,centro,17,37.95,0,0,
TEL083-000717,2024-06-04,C0117,total,sur,65,42.94,3,0,
TEL083-000718,2024-06-04,C0118,esencial,norte,19,15.71,0,0,
TEL083-000719,2024-06-04,C0119,plus,sur,51,42.55,1,0,
TEL083-000720,2024-06-04,C0120,total,norte,89,49.18,1,0,
TEL083-000721,2024-07-05,C0001,esencial,norte,13,10.77,0,0,
TEL083-000722,2024-07-05,C0002,plus,norte,14,35.34,0,0,
TEL083-000723,2024-07-05,C0003,total,sur,37,49.08,0,0,
TEL083-000724,2024-07-05,C0004,esencial,norte,86,28.1,3,0,
TEL083-000725,2024-07-05,C0005,plus,sur,23,40.87,2,0,
TEL083-000726,2024-07-05,C0006,total,norte,8,41.8,0,0,
TEL083-000727,2024-07-05,C0007,esencial,centro,81,17.4,0,1,servicio
TEL083-000728,2024-07-05,C0008,plus,norte,76,17.61,0,0,
TEL083-000729,2024-07-05,C0009,total,sur,49,57.57,1,0,
TEL083-000730,2024-07-05,C0010,esencial,sur,93,14.58,0,0,
TEL083-000731,2024-07-05,C0011,plus,norte,95,21.6,1,0,
TEL083-000732,2024-07-05,C0012,total,sur,18,53.54,0,0,
TEL083-000733,2024-07-05,C0013,esencial,norte,11,3.92,0,0,
TEL083-000734,2024-07-05,C0014,plus,centro,76,32.98,1,0,
TEL083-000735,2024-07-05,C0015,total,centro,96,40.26,0,0,
TEL083-000736,2024-07-05,C0016,esencial,sur,57,14.33,0,0,
TEL083-000737,2024-07-05,C0017,plus,sur,66,23.42,1,0,
TEL083-000738,2024-07-05,C0018,total,sur,20,41.76,0,0,
TEL083-000739,2024-07-05,C0019,esencial,norte,41,1.72,0,0,
TEL083-000740,2024-07-05,C0020,plus,sur,79,35.26,1,0,
TEL083-000741,2024-07-05,C0021,total,sur,19,39.75,0,0,
TEL083-000742,2024-07-05,C0022,esencial,centro,96,8.8,0,1,servicio
TEL083-000743,2024-07-05,C0023,plus,centro,56,28.46,0,0,
TEL083-000744,2024-07-05,C0024,total,sur,95,50.99,0,0,
TEL083-000745,2024-07-05,C0025,esencial,centro,35,7.0,0,0,
TEL083-000746,2024-07-05,C0026,plus,sur,62,29.46,0,0,
TEL083-000747,2024-07-05,C0027,total,centro,19,41.99,1,0,
TEL083-000748,2024-07-05,C0028,esencial,norte,56,,3,0,
TEL083-000749,2024-07-05,C0029,plus,centro,43,18.72,0,0,
TEL083-000750,2024-07-05,C0030,total,norte,48,45.73,0,0,
TEL083-000751,2024-07-05,C0031,esencial,centro,16,6.78,2,0,
TEL083-000752,2024-07-05,C0032,plus,norte,38,28.13,0,0,
TEL083-000753,2024-07-05,C0033,total,sur,95,55.06,1,0,
TEL083-000754,2024-07-05,C0034,esencial,norte,75,6.85,0,0,
TEL083-000755,2024-07-05,C0035,plus,sur,87,37.57,2,1,servicio
TEL083-000756,2024-07-05,C0036,total,norte,57,46.85,0,0,
TEL083-000757,2024-07-05,C0037,esencial,norte,39,14.15,0,0,
TEL083-000758,2024-07-05,C0038,plus,centro,43,25.91,1,0,
TEL083-000759,2024-07-05,C0039,total,norte,87,56.28,1,0,
TEL083-000760,2024-07-05,C0040,esencial,norte,80,6.41,0,1,mudanza
TEL083-000761,2024-07-05,C0041,plus,norte,79,41.91,0,0,
TEL083-000762,2024-07-05,C0042,total,norte,28,48.13,0,0,
TEL083-000763,2024-07-05,C0043,esencial,centro,13,0,0,0,
TEL083-000764,2024-07-05,C0044,plus,centro,96,27.73,1,0,
TEL083-000765,2024-07-05,C0045,total,norte,58,51.32,0,0,
TEL083-000766,2024-07-05,C0046,esencial,norte,19,26.71,0,0,
TEL083-000767,2024-07-05,C0047,plus,centro,68,36.62,1,0,
TEL083-000768,2024-07-05,C0048,total,sur,68,53.37,0,0,
TEL083-000769,2024-07-05,C0049,esencial,centro,92,10.76,0,0,
TEL083-000770,2024-07-05,C0050,plus,norte,40,46.04,0,0,
TEL083-000771,2024-07-05,C0051,total,centro,75,53.99,3,1,servicio
TEL083-000772,2024-07-05,C0052,esencial,norte,91,25.24,0,0,
TEL083-000773,2024-07-05,C0053,plus,centro,53,40.01,0,0,
TEL083-000774,2024-07-05,C0054,total,sur,54,47.59,0,0,
TEL083-000775,2024-07-05,C0055,esencial,norte,38,13.77,1,0,
TEL083-000776,2024-07-05,C0056,plus,centro,70,23.11,1,0,
TEL083-000777,2024-07-05,C0057, TOTAL ,sur,40,45.07,0,0,
TEL083-000778,2024-07-05,C0058,esencial,centro,60,24.74,0,0,
TEL083-000779,2024-07-05,C0059,plus,centro,91,31.76,1,0,
TEL083-000780,2024-07-05,C0060,total,norte,63,59.29,0,0,
TEL083-000781,2024-07-05,C0061,esencial,centro,16,9.09,0,0,
TEL083-000782,2024-07-05,C0062,plus,centro,38,24.38,0,0,
TEL083-000783,2024-07-05,C0063,total,centro,9,38.02,3,0,
TEL083-000784,2024-07-05,C0064,esencial,centro,88,22.59,0,0,
TEL083-000785,2024-07-05,C0065,plus,centro,12,29.87,1,0,
TEL083-000786,2024-07-05,C0066,total,sur,48,46.12,0,0,
TEL083-000787,2024-07-05,C0067,esencial,sur,70,0,0,0,
TEL083-000788,2024-07-05,C0068,plus,norte,32,31.63,0,0,
TEL083-000789,2024-07-05,C0069,total,sur,54,53.53,2,1,servicio
TEL083-000790,2024-07-05,C0070,esencial,centro,8,11.86,0,0,
TEL083-000791,2024-07-05,C0071,plus,centro,74,38.11,1,0,
TEL083-000792,2024-07-05,C0072,total,norte,33,27.13,0,0,
TEL083-000793,2024-07-05,C0073,esencial,sur,27,0,0,0,
TEL083-000794,2024-07-05,C0074,plus,centro,48,37.69,3,1,mudanza
TEL083-000795,2024-07-05,C0075,total,sur,58,33.97,3,0,
TEL083-000796,2024-07-05,C0076,esencial,centro,51,2.18,0,1,precio
TEL083-000797,2024-07-05,C0077,plus,sur,33,32.98,1,0,
TEL083-000798,2024-07-05,C0078,total,centro,75,48.99,1,0,
TEL083-000799,2024-07-05,C0079,esencial,sur,83,9.08,0,0,
TEL083-000800,2024-07-05,C0080,plus,sur,78,29.16,0,0,
TEL083-000801,2024-07-05,C0081,total,norte,25,35.08,0,0,
TEL083-000802,2024-07-05,C0082,esencial,centro,32,0,1,0,
TEL083-000803,2024-07-05,C0083,plus,centro,36,40.13,2,0,
TEL083-000804,2024-07-05,C0084,total,norte,24,36.97,0,0,
TEL083-000805,2024-07-05,C0085,esencial,centro,43,16.42,0,0,
TEL083-000806,2024-07-05,C0086,plus,norte,71,27.72,0,0,
TEL083-000807,2024-07-05,C0087,total,centro,52,37.75,0,0,
TEL083-000808,2024-07-05,C0088,esencial,norte,16,5.47,0,0,
TEL083-000809,2024-07-05,C0089,plus,sur,37,41.96,0,0,
TEL083-000810,2024-07-05,C0090,total,sur,38,56.98,3,1,servicio
TEL083-000811,2024-07-05,C0091,esencial,norte,58,6.49,0,0,
TEL083-000812,2024-07-05,C0092,plus,sur,34,18.7,0,0,
TEL083-000813,2024-07-05,C0093,total,centro,59,49.4,3,0,
TEL083-000814,2024-07-05,C0094,esencial,norte,40,17.97,1,0,
TEL083-000815,2024-07-05,C0095,plus,norte,81,30.44,0,0,
TEL083-000816,2024-07-05,C0096,total,sur,73,55.18,0,0,
TEL083-000817,2024-07-05,C0097,esencial,norte,26,17.78,0,0,
TEL083-000818,2024-07-05,C0098,plus,centro,26,35.66,1,0,
TEL083-000819,2024-07-05,C0099,total,sur,81,64.19,2,0,
TEL083-000820,2024-07-05,C0100,esencial,norte,10,9.08,1,0,
TEL083-000821,2024-07-05,C0101,plus,sur,25,23.72,1,0,
TEL083-000822,2024-07-05,C0102,total,centro,74,52.24,4,0,
TEL083-000823,2024-07-05,C0103,esencial,sur,46,24.65,0,0,
TEL083-000824,2024-07-05,C0104,plus,centro,16,20.84,0,0,
TEL083-000825,2024-07-05,C0105,total,norte,21,48.1,2,1,mudanza
TEL083-000826,2024-07-05,C0106,esencial,centro,59,17.85,1,0,
TEL083-000827,2024-07-05,C0107,plus,centro,11,36.69,2,0,
TEL083-000828,2024-07-05,C0108,total,centro,7,52.29,1,0,
TEL083-000829,2024-07-05,C0109,esencial,sur,71,11.41,0,0,
TEL083-000830,2024-07-05,C0110,plus,centro,89,31.83,0,0,
TEL083-000831,2024-07-05,C0111,total,norte,29,,0,0,
TEL083-000832,2024-07-05,C0112,esencial,norte,28,11.43,2,0,
TEL083-000833,2024-07-05,C0113,plus,sur,37,42.12,0,0,
TEL083-000834,2024-07-05,C0114,total,norte,26,43.69,3,0,
TEL083-000835,2024-07-05,C0115,esencial,centro,28,20.05,3,0,
TEL083-000836,2024-07-05,C0116,plus,centro,18,30.95,0,0,
TEL083-000837,2024-07-05,C0117,total,sur,66,47.27,0,0,
TEL083-000838,2024-07-05,C0118,esencial,norte,20,12.2,0,0,
TEL083-000839,2024-07-05,C0119,plus,sur,52,27.67,2,1,servicio
TEL083-000840,2024-07-05,C0120,total,norte,90,44.6,0,0,
TEL083-000841,2024-08-05,C0001,esencial,norte,14,19.21,4,0,
TEL083-000842,2024-08-05,C0002,plus,norte,15,41.31,3,0,
TEL083-000843,2024-08-05,C0003,total,sur,38,47.25,3,1,servicio
TEL083-000844,2024-08-05,C0004,esencial,norte,87,14.27,0,0,
TEL083-000845,2024-08-05,C0005,plus,sur,24,"20,15",0,0,
TEL083-000846,2024-08-05,C0006,total,norte,9,52.61,1,0,
TEL083-000847,2024-08-05,C0007,esencial,centro,82,28.31,0,0,
TEL083-000848,2024-08-05,C0008,plus,norte,77,36.01,2,0,
TEL083-000849,2024-08-05,C0009,total,sur,50,55.73,2,0,
TEL083-000850,2024-08-05,C0010,esencial,sur,94,21.8,2,0,
TEL083-000851,2024-08-05,C0011,plus,norte,96,36.33,0,0,
TEL083-000852,2024-08-05,C0012,total,sur,19,37.57,1,0,
TEL083-000853,2024-08-05,C0013,esencial,norte,12,11.6,0,0,
TEL083-000854,2024-08-05,C0014,plus,centro,77,41.61,0,0,
TEL083-000855,2024-08-05,C0015,total,centro,97,46.96,1,0,
TEL083-000856,2024-08-05,C0016,esencial,sur,58,4.13,1,0,
TEL083-000857,2024-08-05,C0017,plus,sur,67,31.4,1,0,
TEL083-000858,2024-08-05,C0018,total,sur,21,30.3,0,0,
TEL083-000859,2024-08-05,C0019,esencial,norte,42,7.27,0,0,
TEL083-000860,2024-08-05,C0020,plus,sur,80,25.36,0,0,
TEL083-000861,2024-08-05,C0021,total,sur,20,44.97,0,0,
TEL083-000862,2024-08-05,C0022,esencial,centro,97,11.15,0,0,
TEL083-000863,2024-08-05,C0023,plus,centro,57,29.22,2,0,
TEL083-000864,2024-08-05,C0024,total,sur,96,57.88,2,0,
TEL083-000865,2024-08-05,C0025,esencial,centro,36,0,0,0,
TEL083-000866,2024-08-05,C0026,plus,sur,63,19.48,2,0,
TEL083-000867,2024-08-05,C0027,total,centro,20,40.02,0,0,
TEL083-000868,2024-08-05,C0028,esencial,norte,57,7.82,0,0,
TEL083-000869,2024-08-05,C0029,plus,centro,44,21.46,3,0,
TEL083-000870,2024-08-05,C0030,total,norte,49,47.81,0,0,
TEL083-000871,2024-08-05,C0031,esencial,centro,17,0,0,0,
TEL083-000872,2024-08-05,C0032,plus,norte,39,27.1,0,0,
TEL083-000873,2024-08-05,C0033,total,sur,96,56.97,0,0,
TEL083-000874,2024-08-05,C0034, ESENCIAL ,norte,76,12.46,1,1,precio
TEL083-000875,2024-08-05,C0035,plus,sur,88,21.63,0,0,
TEL083-000876,2024-08-05,C0036,total,norte,58,54.93,0,0,
TEL083-000877,2024-08-05,C0037,esencial,norte,40,3.59,3,0,
TEL083-000878,2024-08-05,C0038,plus,centro,44,32.03,1,0,
TEL083-000879,2024-08-05,C0039,total,norte,88,40.82,0,0,
TEL083-000880,2024-08-05,C0040,esencial,norte,81,7.89,3,1,servicio
TEL083-000881,2024-08-05,C0041,plus,norte,80,46.71,0,0,
TEL083-000882,2024-08-05,C0042,total,norte,29,44.0,0,0,
TEL083-000883,2024-08-05,C0043,esencial,centro,14,20.86,0,0,
TEL083-000884,2024-08-05,C0044,plus,centro,97,33.74,1,1,servicio
TEL083-000885,2024-08-05,C0045,total,norte,59,52.84,0,0,
TEL083-000886,2024-08-05,C0046,esencial,norte,20,11.56,0,0,
TEL083-000887,2024-08-05,C0047,plus,centro,69,26.38,0,0,
TEL083-000888,2024-08-05,C0048,total,sur,69,57.68,0,0,
TEL083-000889,2024-08-05,C0049,esencial,centro,93,1.06,0,0,
TEL083-000890,2024-08-05,C0050,plus,norte,41,33.84,0,0,
TEL083-000891,2024-08-05,C0051,total,centro,76,51.78,0,0,
TEL083-000892,2024-08-05,C0052,esencial,norte,92,16.64,1,0,
TEL083-000893,2024-08-05,C0053,plus,centro,54,33.1,0,0,
TEL083-000894,2024-08-05,C0054,total,sur,55,48.79,2,0,
TEL083-000895,2024-08-05,C0055,esencial,norte,39,13.09,1,0,
TEL083-000896,2024-08-05,C0056,plus,centro,71,32.25,0,0,
TEL083-000897,2024-08-05,C0057,total,sur,41,54.72,0,0,
TEL083-000898,2024-08-05,C0058,esencial,centro,61,9.29,3,0,
TEL083-000899,2024-08-05,C0059,plus,centro,92,42.22,1,0,
TEL083-000900,2024-08-05,C0060,total,norte,64,51.85,2,0,
TEL083-000901,2024-08-05,C0061,esencial,centro,17,14.89,0,0,
TEL083-000902,2024-08-05,C0062,plus,centro,39,27.42,2,0,
TEL083-000903,2024-08-05,C0063,total,centro,10,54.93,0,0,
TEL083-000904,2024-08-05,C0064,esencial,centro,89,0,0,0,
TEL083-000905,2024-08-05,C0065,plus,centro,13,30.41,1,0,
TEL083-000906,2024-08-05,C0066,total,sur,49,37.39,1,0,
TEL083-000907,2024-08-05,C0067,esencial,sur,71,0,1,0,
TEL083-000908,2024-08-05,C0068,plus,norte,33,31.64,0,0,
TEL083-000909,2024-08-05,C0069,total,sur,55,41.57,1,0,
TEL083-000910,2024-08-05,C0070,esencial,centro,9,12.1,0,0,
TEL083-000911,2024-08-05,C0071,plus,centro,75,14.86,0,0,
TEL083-000912,2024-08-05,C0072,total,norte,34,57.63,3,0,
TEL083-000913,2024-08-05,C0073,esencial,sur,28,16.47,3,0,
TEL083-000914,2024-08-05,C0074,plus,centro,49,,0,0,
TEL083-000915,2024-08-05,C0075,total,sur,59,50.84,0,0,
TEL083-000916,2024-08-05,C0076,esencial,centro,52,23.13,0,0,
TEL083-000917,2024-08-05,C0077,plus,sur,34,24.5,3,0,
TEL083-000918,2024-08-05,C0078,total,centro,76,45.77,0,0,
TEL083-000919,2024-08-05,C0079,esencial,sur,84,26.09,0,0,
TEL083-000920,2024-08-05,C0080,plus,sur,79,51.36,0,0,
TEL083-000921,2024-08-05,C0081,total,norte,26,52.9,0,0,
TEL083-000922,2024-08-05,C0082,esencial,centro,33,22.77,1,0,
TEL083-000923,2024-08-05,C0083,plus,centro,37,29.37,0,0,
TEL083-000924,2024-08-05,C0084,total,norte,25,57.12,0,0,
TEL083-000925,2024-08-05,C0085,esencial,centro,44,14.01,1,0,
TEL083-000926,2024-08-05,C0086,plus,norte,72,34.45,0,0,
TEL083-000927,2024-08-05,C0087,total,centro,53,52.59,0,0,
TEL083-000928,2024-08-05,C0088,esencial,norte,17,24.59,0,0,
TEL083-000929,2024-08-05,C0089,plus,sur,38,35.43,0,0,
TEL083-000930,2024-08-05,C0090,total,sur,39,64.58,1,0,
TEL083-000931,2024-08-05,C0091,esencial,norte,59,15.48,1,0,
TEL083-000932,2024-08-05,C0092,plus,sur,35,29.48,0,0,
TEL083-000933,2024-08-05,C0093,total,centro,60,43.14,4,0,
TEL083-000934,2024-08-05,C0094,esencial,norte,41,18.08,3,0,
TEL083-000935,2024-08-05,C0095,plus,norte,82,36.55,3,0,
TEL083-000936,2024-08-05,C0096,total,sur,74,41.62,2,0,
TEL083-000937,2024-08-05,C0097,esencial,norte,27,13.92,0,0,
TEL083-000938,2024-08-05,C0098,plus,centro,27,39.46,1,0,
TEL083-000939,2024-08-05,C0099,total,sur,82,46.03,1,0,
TEL083-000940,2024-08-05,C0100,esencial,norte,11,5.13,1,0,
TEL083-000941,2024-08-05,C0101,plus,sur,26,29.14,0,0,
TEL083-000942,2024-08-05,C0102,total,centro,75,48.03,0,0,
TEL083-000943,2024-08-05,C0103,esencial,sur,47,13.68,0,0,
TEL083-000944,2024-08-05,C0104,plus,centro,17,36.3,2,0,
TEL083-000945,2024-08-05,C0105,total,norte,22,48.17,0,0,
TEL083-000946,2024-08-05,C0106,esencial,centro,60,30.79,4,0,
TEL083-000947,2024-08-05,C0107,plus,centro,12,40.04,3,0,
TEL083-000948,2024-08-05,C0108,total,centro,8,48.93,1,0,
TEL083-000949,2024-08-05,C0109,esencial,sur,72,15.01,1,1,mudanza
TEL083-000950,2024-08-05,C0110,plus,centro,90,18.22,0,0,
TEL083-000951,2024-08-05,C0111,total,norte,30,59.31,0,0,
TEL083-000952,2024-08-05,C0112,esencial,norte,29,9.6,0,0,
TEL083-000953,2024-08-05,C0113,plus,sur,38,13.26,1,0,
TEL083-000954,2024-08-05,C0114,total,norte,27,60.4,2,0,
TEL083-000955,2024-08-05,C0115,esencial,centro,29,0,1,0,
TEL083-000956,2024-08-05,C0116,plus,centro,19,43.72,1,0,
TEL083-000957,2024-08-05,C0117,total,sur,67,42.53,1,0,
TEL083-000958,2024-08-05,C0118,esencial,norte,21,3.83,0,0,
TEL083-000959,2024-08-05,C0119,plus,sur,53,38.9,0,0,
TEL083-000960,2024-08-05,C0120,total,norte,91,51.92,2,0,
TEL083-000961,2024-09-05,C0001,esencial,norte,15,11.75,0,0,
TEL083-000962,2024-09-05,C0002,plus,norte,16,20.29,1,1,precio
TEL083-000963,2024-09-05,C0003,total,sur,39,42.54,0,0,
TEL083-000964,2024-09-05,C0004,esencial,norte,88,13.56,1,0,
TEL083-000965,2024-09-05,C0005,plus,sur,25,24.91,2,0,
TEL083-000966,2024-09-05,C0006,total,norte,10,53.68,2,0,
TEL083-000967,2024-09-05,C0007,esencial,centro,83,10.52,0,0,
TEL083-000968,2024-09-05,C0008,plus,norte,78,23.1,0,0,
TEL083-000969,2024-09-05,C0009,total,sur,51,39.54,0,0,
TEL083-000970,2024-09-05,C0010,esencial,sur,95,4.26,2,0,
TEL083-000971,2024-09-05,C0011, PLUS ,norte,97,19.87,0,0,
TEL083-000972,2024-09-05,C0012,total,sur,20,45.97,0,0,
TEL083-000973,2024-09-05,C0013,esencial,norte,13,7.87,0,0,
TEL083-000974,2024-09-05,C0014,plus,centro,78,28.37,4,0,
TEL083-000975,2024-09-05,C0015,total,centro,98,39.92,0,0,
TEL083-000976,2024-09-05,C0016,esencial,sur,59,16.45,0,0,
TEL083-000977,2024-09-05,C0017,plus,sur,68,26.82,1,0,
TEL083-000978,2024-09-05,C0018,total,sur,22,36.84,0,0,
TEL083-000979,2024-09-05,C0019,esencial,norte,43,8.58,0,0,
TEL083-000980,2024-09-05,C0020,plus,sur,81,28.73,1,1,precio
TEL083-000981,2024-09-05,C0021,total,sur,21,37.09,0,0,
TEL083-000982,2024-09-05,C0022,esencial,centro,98,25.72,1,0,
TEL083-000983,2024-09-05,C0023,plus,centro,58,23.66,0,0,
TEL083-000984,2024-09-05,C0024,total,sur,97,53.82,1,0,
TEL083-000985,2024-09-05,C0025,esencial,centro,37,22.4,1,0,
TEL083-000986,2024-09-05,C0026,plus,sur,64,15.49,1,0,
TEL083-000987,2024-09-05,C0027,total,centro,21,47.24,1,0,
TEL083-000988,2024-09-05,C0028,esencial,norte,58,30.85,0,0,
TEL083-000989,2024-09-05,C0029,plus,centro,45,32.16,0,0,
TEL083-000990,2024-09-05,C0030,total,norte,50,47.35,0,0,
TEL083-000991,2024-09-05,C0031,esencial,centro,18,2.0,0,0,
TEL083-000992,2024-09-05,C0032,plus,norte,40,30.12,1,1,mudanza
TEL083-000993,2024-09-05,C0033,total,sur,97,53.31,0,0,
TEL083-000994,2024-09-05,C0034,esencial,norte,77,12.69,0,0,
TEL083-000995,2024-09-05,C0035,plus,sur,89,30.31,0,0,
TEL083-000996,2024-09-05,C0036,total,norte,59,48.75,1,0,
TEL083-000997,2024-09-05,C0037,esencial,norte,41,,0,1,precio
TEL083-000998,2024-09-05,C0038,plus,centro,45,20.51,1,0,
TEL083-000999,2024-09-05,C0039,total,norte,89,48.01,1,0,
TEL083-001000,2024-09-05,C0040,esencial,norte,82,18.57,0,0,
TEL083-001001,2024-09-05,C0041,plus,norte,81,34.63,2,0,
TEL083-001002,2024-09-05,C0042,total,norte,30,46.36,0,0,
TEL083-001003,2024-09-05,C0043,esencial,centro,15,17.01,3,0,
TEL083-001004,2024-09-05,C0044,plus,centro,98,40.82,0,0,
TEL083-001005,2024-09-05,C0045,total,norte,60,59.7,0,0,
TEL083-001006,2024-09-05,C0046,esencial,norte,21,8.95,0,0,
TEL083-001007,2024-09-05,C0047,plus,centro,70,36.66,0,0,
TEL083-001008,2024-09-05,C0048,total,sur,70,46.66,1,0,
TEL083-001009,2024-09-05,C0049,esencial,centro,94,19.93,0,0,
TEL083-001010,2024-09-05,C0050,plus,norte,42,24.56,0,0,
TEL083-001011,2024-09-05,C0051,total,centro,77,42.16,0,0,
TEL083-001012,2024-09-05,C0052,esencial,norte,93,4.89,0,0,
TEL083-001013,2024-09-05,C0053,plus,centro,55,25.69,1,0,
TEL083-001014,2024-09-05,C0054,total,sur,56,35.18,0,0,
TEL083-001015,2024-09-05,C0055,esencial,norte,40,7.43,0,1,servicio
TEL083-001016,2024-09-05,C0056,plus,centro,72,31.5,1,1,servicio
TEL083-001017,2024-09-05,C0057,total,sur,42,52.89,0,0,
TEL083-001018,2024-09-05,C0058,esencial,centro,62,6.53,1,0,
TEL083-001019,2024-09-05,C0059,plus,centro,93,23.63,0,0,
TEL083-001020,2024-09-05,C0060,total,norte,65,37.26,0,0,
TEL083-001021,2024-09-05,C0061,esencial,centro,18,12.68,0,0,
TEL083-001022,2024-09-05,C0062,plus,centro,40,28.04,0,0,
TEL083-001023,2024-09-05,C0063,total,centro,11,40.69,0,0,
TEL083-001024,2024-09-05,C0064,esencial,centro,90,30.46,0,0,
TEL083-001025,2024-09-05,C0065,plus,centro,14,27.6,4,0,
TEL083-001026,2024-09-05,C0066,total,sur,50,60.9,1,1,mudanza
TEL083-001027,2024-09-05,C0067,esencial,sur,72,0,0,0,
TEL083-001028,2024-09-05,C0068,plus,norte,34,18.23,0,0,
TEL083-001029,2024-09-05,C0069,total,sur,56,28.03,0,0,
TEL083-001030,2024-09-05,C0070,esencial,centro,10,4.82,0,0,
TEL083-001031,2024-09-05,C0071,plus,centro,76,25.65,0,0,
TEL083-001032,2024-09-05,C0072,total,norte,35,45.38,0,0,
TEL083-001033,2024-09-05,C0073,esencial,sur,29,0,0,0,
TEL083-001034,2024-09-05,C0074,plus,centro,50,32.42,1,0,
TEL083-001035,2024-09-05,C0075,total,sur,60,51.5,1,0,
TEL083-001036,2024-09-05,C0076,esencial,centro,53,13.58,1,0,
TEL083-001037,2024-09-05,C0077,plus,sur,35,34.29,2,0,
TEL083-001038,2024-09-05,C0078,total,centro,77,51.07,0,0,
TEL083-001039,2024-09-05,C0079,esencial,sur,85,26.77,1,0,
TEL083-001040,2024-09-05,C0080,plus,sur,80,39.43,2,1,servicio
TEL083-001041,2024-09-05,C0081,total,norte,27,56.74,0,0,
TEL083-001042,2024-09-05,C0082,esencial,centro,34,18.32,0,0,
TEL083-001043,2024-09-05,C0083,plus,centro,38,21.64,1,0,
TEL083-001044,2024-09-05,C0084,total,norte,26,49.47,0,0,
TEL083-001045,2024-09-05,C0085,esencial,centro,45,0,0,0,
TEL083-001046,2024-09-05,C0086,plus,norte,73,26.8,1,0,
TEL083-001047,2024-09-05,C0087,total,centro,54,54.03,0,0,
TEL083-001048,2024-09-05,C0088,esencial,norte,18,17.79,0,0,
TEL083-001049,2024-09-05,C0089,plus,sur,39,25.79,4,0,
TEL083-001050,2024-09-05,C0090,total,sur,40,54.52,0,1,precio
TEL083-001051,2024-09-05,C0091,esencial,norte,60,6.84,0,0,
TEL083-001052,2024-09-05,C0092,plus,sur,36,27.22,0,0,
TEL083-001053,2024-09-05,C0093,total,centro,61,51.67,1,0,
TEL083-001054,2024-09-05,C0094,esencial,norte,42,27.45,3,1,mudanza
TEL083-001055,2024-09-05,C0095,plus,norte,83,27.15,0,0,
TEL083-001056,2024-09-05,C0096,total,sur,75,"49,7",2,0,
TEL083-001057,2024-09-05,C0097,esencial,norte,28,5.24,0,0,
TEL083-001058,2024-09-05,C0098,plus,centro,28,32.21,0,0,
TEL083-001059,2024-09-05,C0099,total,sur,83,50.43,1,0,
TEL083-001060,2024-09-05,C0100,esencial,norte,12,0,0,0,
TEL083-001061,2024-09-05,C0101,plus,sur,27,35.68,1,0,
TEL083-001062,2024-09-05,C0102,total,centro,76,43.21,0,0,
TEL083-001063,2024-09-05,C0103,esencial,sur,48,15.41,1,1,mudanza
TEL083-001064,2024-09-05,C0104,plus,centro,18,15.69,3,0,
TEL083-001065,2024-09-05,C0105,total,norte,23,41.14,0,0,
TEL083-001066,2024-09-05,C0106,esencial,centro,61,11.18,1,0,
TEL083-001067,2024-09-05,C0107,plus,centro,13,27.01,2,0,
TEL083-001068,2024-09-05,C0108, TOTAL ,centro,9,40.99,0,0,
TEL083-001069,2024-09-05,C0109,esencial,sur,73,20.9,0,0,
TEL083-001070,2024-09-05,C0110,plus,centro,91,33.93,0,0,
TEL083-001071,2024-09-05,C0111,total,norte,31,44.88,0,0,
TEL083-001072,2024-09-05,C0112,esencial,norte,30,14.98,0,0,
TEL083-001073,2024-09-05,C0113,plus,sur,39,24.6,2,0,
TEL083-001074,2024-09-05,C0114,total,norte,28,38.74,0,0,
TEL083-001075,2024-09-05,C0115,esencial,centro,30,14.18,1,0,
TEL083-001076,2024-09-05,C0116,plus,centro,20,27.17,0,0,
TEL083-001077,2024-09-05,C0117,total,sur,68,58.46,0,0,
TEL083-001078,2024-09-05,C0118,esencial,norte,22,17.06,0,0,
TEL083-001079,2024-09-05,C0119,plus,sur,54,36.07,4,0,
TEL083-001080,2024-09-05,C0120,total,norte,92,,1,0,
TEL083-001081,2024-10-06,C0001,esencial,norte,16,16.73,1,0,
TEL083-001082,2024-10-06,C0002,plus,norte,17,34.27,2,0,
TEL083-001083,2024-10-06,C0003,total,sur,40,41.83,0,0,
TEL083-001084,2024-10-06,C0004,esencial,norte,89,13.65,0,0,
TEL083-001085,2024-10-06,C0005,plus,sur,26,18.37,4,0,
TEL083-001086,2024-10-06,C0006,total,norte,11,48.83,2,0,
TEL083-001087,2024-10-06,C0007,esencial,centro,84,1.48,0,0,
TEL083-001088,2024-10-06,C0008,plus,norte,79,34.23,0,0,
TEL083-001089,2024-10-06,C0009,total,sur,52,55.22,1,0,
TEL083-001090,2024-10-06,C0010,esencial,sur,96,30.89,1,0,
TEL083-001091,2024-10-06,C0011,plus,norte,98,29.05,0,0,
TEL083-001092,2024-10-06,C0012,total,sur,21,44.8,0,1,precio
TEL083-001093,2024-10-06,C0013,esencial,norte,14,11.67,0,0,
TEL083-001094,2024-10-06,C0014,plus,centro,79,27.27,0,0,
TEL083-001095,2024-10-06,C0015,total,centro,99,55.91,0,0,
TEL083-001096,2024-10-06,C0016,esencial,sur,60,11.22,1,0,
TEL083-001097,2024-10-06,C0017,plus,sur,69,37.89,0,0,
TEL083-001098,2024-10-06,C0018,total,sur,23,56.2,1,0,
TEL083-001099,2024-10-06,C0019,esencial,norte,44,16.41,2,0,
TEL083-001100,2024-10-06,C0020,plus,sur,82,19.93,1,0,
TEL083-001101,2024-10-06,C0021,total,sur,22,44.64,0,0,
TEL083-001102,2024-10-06,C0022,esencial,centro,99,11.75,0,1,precio
TEL083-001103,2024-10-06,C0023,plus,centro,59,28.89,0,0,
TEL083-001104,2024-10-06,C0024,total,sur,98,52.74,2,0,
TEL083-001105,2024-10-06,C0025,esencial,centro,38,11.4,1,0,
TEL083-001106,2024-10-06,C0026,plus,sur,65,27.74,0,0,
TEL083-001107,2024-10-06,C0027,total,centro,22,34.5,1,0,
TEL083-001108,2024-10-06,C0028,esencial,norte,59,1.45,2,0,
TEL083-001109,2024-10-06,C0029,plus,centro,46,16.92,2,0,
TEL083-001110,2024-10-06,C0030,total,norte,51,26.52,0,0,
TEL083-001111,2024-10-06,C0031,esencial,centro,19,16.24,0,0,
TEL083-001112,2024-10-06,C0032,plus,norte,41,36.32,0,0,
TEL083-001113,2024-10-06,C0033,total,sur,98,36.61,0,0,
TEL083-001114,2024-10-06,C0034,esencial,norte,78,24.97,0,0,
TEL083-001115,2024-10-06,C0035,plus,sur,90,28.78,0,0,
TEL083-001116,2024-10-06,C0036,total,norte,60,53.78,0,0,
TEL083-001117,2024-10-06,C0037,esencial,norte,42,9.53,1,1,precio
TEL083-001118,2024-10-06,C0038,plus,centro,46,18.16,0,0,
TEL083-001119,2024-10-06,C0039,total,norte,90,41.3,1,0,
TEL083-001120,2024-10-06,C0040,esencial,norte,83,3.15,2,1,servicio
TEL083-001121,2024-10-06,C0041,plus,norte,82,28.62,0,0,
TEL083-001122,2024-10-06,C0042,total,norte,31,53.56,1,0,
TEL083-001123,2024-10-06,C0043,esencial,centro,16,7.54,0,0,
TEL083-001124,2024-10-06,C0044,plus,centro,99,34.76,1,1,mudanza
TEL083-001125,2024-10-06,C0045,total,norte,61,46.95,0,0,
TEL083-001126,2024-10-06,C0046,esencial,norte,22,0,0,0,
TEL083-001127,2024-10-06,C0047,plus,centro,71,24.75,1,0,
TEL083-001128,2024-10-06,C0048,total,sur,71,68.29,0,0,
TEL083-001129,2024-10-06,C0049,esencial,centro,95,23.46,0,0,
TEL083-001130,2024-10-06,C0050,plus,norte,43,28.59,0,0,
TEL083-001131,2024-10-06,C0051,total,centro,78,34.06,0,0,
TEL083-001132,2024-10-06,C0052,esencial,norte,94,6.58,1,0,
TEL083-001133,2024-10-06,C0053,plus,centro,56,26.44,0,0,
TEL083-001134,2024-10-06,C0054,total,sur,57,44.32,0,0,
TEL083-001135,2024-10-06,C0055,esencial,norte,41,0,1,0,
TEL083-001136,2024-10-06,C0056,plus,centro,73,37.55,1,0,
TEL083-001137,2024-10-06,C0057,total,sur,43,40.97,0,0,
TEL083-001138,2024-10-06,C0058,esencial,centro,63,8.34,1,0,
TEL083-001139,2024-10-06,C0059,plus,centro,94,34.03,3,0,
TEL083-001140,2024-10-06,C0060,total,norte,66,23.36,4,1,mudanza
TEL083-001141,2024-10-06,C0061,esencial,centro,19,16.21,0,0,
TEL083-001142,2024-10-06,C0062,plus,centro,41,27.25,2,0,
TEL083-001143,2024-10-06,C0063,total,centro,12,45.07,1,0,
TEL083-001144,2024-10-06,C0064,esencial,centro,91,5.34,1,0,
TEL083-001145,2024-10-06,C0065,plus,centro,15,22.32,0,0,
TEL083-001146,2024-10-06,C0066,total,sur,51,41.94,4,0,
TEL083-001147,2024-10-06,C0067,esencial,sur,73,14.63,0,0,
TEL083-001148,2024-10-06,C0068,plus,norte,35,28.25,2,0,
TEL083-001149,2024-10-06,C0069,total,sur,57,51.79,0,0,
TEL083-001150,2024-10-06,C0070,esencial,centro,11,15.26,0,0,
TEL083-001151,2024-10-06,C0071,plus,centro,77,27.48,3,1,mudanza
TEL083-001152,2024-10-06,C0072,total,norte,36,41.77,0,0,
TEL083-001153,2024-10-06,C0073,esencial,sur,30,17.96,4,0,
TEL083-001154,2024-10-06,C0074,plus,centro,51,26.25,0,0,
TEL083-001155,2024-10-06,C0075,total,sur,61,49.97,0,0,
TEL083-001156,2024-10-06,C0076,esencial,centro,54,12.6,1,0,
TEL083-001157,2024-10-06,C0077,plus,sur,36,45.62,0,0,
TEL083-001158,2024-10-06,C0078,total,centro,78,47.57,1,0,
TEL083-001159,2024-10-06,C0079,esencial,sur,86,7.37,1,0,
TEL083-001160,2024-10-06,C0080,plus,sur,81,21.41,0,0,
TEL083-001161,2024-10-06,C0081,total,norte,28,52.92,0,0,
TEL083-001162,2024-10-06,C0082,esencial,centro,35,0,2,0,
TEL083-001163,2024-10-06,C0083,plus,centro,39,,2,0,
TEL083-001164,2024-10-06,C0084,total,norte,27,46.46,2,0,
TEL083-001165,2024-10-06,C0085, ESENCIAL ,centro,46,11.21,0,0,
TEL083-001166,2024-10-06,C0086,plus,norte,74,32.72,0,0,
TEL083-001167,2024-10-06,C0087,total,centro,55,42.41,0,0,
TEL083-001168,2024-10-06,C0088,esencial,norte,19,8.67,0,0,
TEL083-001169,2024-10-06,C0089,plus,sur,40,35.6,4,0,
TEL083-001170,2024-10-06,C0090,total,sur,41,37.58,1,0,
TEL083-001171,2024-10-06,C0091,esencial,norte,61,21.42,1,0,
TEL083-001172,2024-10-06,C0092,plus,sur,37,31.06,1,0,
TEL083-001173,2024-10-06,C0093,total,centro,62,42.69,2,0,
TEL083-001174,2024-10-06,C0094,esencial,norte,43,10.31,0,0,
TEL083-001175,2024-10-06,C0095,plus,norte,84,25.26,2,0,
TEL083-001176,2024-10-06,C0096,total,sur,76,57.04,2,0,
TEL083-001177,2024-10-06,C0097,esencial,norte,29,16.41,0,1,precio
TEL083-001178,2024-10-06,C0098,plus,centro,29,32.48,0,0,
TEL083-001179,2024-10-06,C0099,total,sur,84,42.45,0,1,precio
TEL083-001180,2024-10-06,C0100,esencial,norte,13,20.83,0,0,
TEL083-001181,2024-10-06,C0101,plus,sur,28,22.74,0,0,
TEL083-001182,2024-10-06,C0102,total,centro,77,37.93,0,0,
TEL083-001183,2024-10-06,C0103,esencial,sur,49,16.57,1,0,
TEL083-001184,2024-10-06,C0104,plus,centro,19,28.52,0,0,
TEL083-001185,2024-10-06,C0105,total,norte,24,48.93,2,0,
TEL083-001186,2024-10-06,C0106,esencial,centro,62,0,0,0,
TEL083-001187,2024-10-06,C0107,plus,centro,14,32.58,0,0,
TEL083-001188,2024-10-06,C0108,total,centro,10,37.21,1,0,
TEL083-001189,2024-10-06,C0109,esencial,sur,74,6.77,2,0,
TEL083-001190,2024-10-06,C0110,plus,centro,92,25.74,2,1,mudanza
TEL083-001191,2024-10-06,C0111,total,norte,32,34.9,0,0,
TEL083-001192,2024-10-06,C0112,esencial,norte,31,4.76,2,0,
TEL083-001193,2024-10-06,C0113,plus,sur,40,49.33,0,0,
TEL083-001194,2024-10-06,C0114,total,norte,29,34.97,1,0,
TEL083-001195,2024-10-06,C0115,esencial,centro,31,5.2,2,0,
TEL083-001196,2024-10-06,C0116,plus,centro,21,29.5,0,0,
TEL083-001197,2024-10-06,C0117,total,sur,69,55.98,0,0,
TEL083-001198,2024-10-06,C0118,esencial,norte,23,17.37,1,0,
TEL083-001199,2024-10-06,C0119,plus,sur,55,21.35,0,0,
TEL083-001200,2024-10-06,C0120,total,norte,93,53.92,0,0,
TEL083-001201,2024-11-06,C0001,esencial,norte,17,24.65,0,1,servicio
TEL083-001202,2024-11-06,C0002,plus,norte,18,40.34,1,0,
TEL083-001203,2024-11-06,C0003,total,sur,41,56.2,0,0,
TEL083-001204,2024-11-06,C0004,esencial,norte,90,8.91,0,0,
TEL083-001205,2024-11-06,C0005,plus,sur,27,34.01,0,0,
TEL083-001206,2024-11-06,C0006,total,norte,12,57.65,0,0,
TEL083-001207,2024-11-06,C0007,esencial,centro,85,14.51,2,0,
TEL083-001208,2024-11-06,C0008,plus,norte,80,20.12,0,0,
TEL083-001209,2024-11-06,C0009,total,sur,53,51.09,1,0,
TEL083-001210,2024-11-06,C0010,esencial,sur,97,18.67,1,0,
TEL083-001211,2024-11-06,C0011,plus,norte,99,21.25,0,0,
TEL083-001212,2024-11-06,C0012,total,sur,22,38.23,2,1,servicio
TEL083-001213,2024-11-06,C0013,esencial,norte,15,21.54,0,0,
TEL083-001214,2024-11-06,C0014,plus,centro,80,32.13,0,0,
TEL083-001215,2024-11-06,C0015,total,centro,100,65.66,1,0,
TEL083-001216,2024-11-06,C0016,esencial,sur,61,13.78,1,0,
TEL083-001217,2024-11-06,C0017,plus,sur,70,31.74,0,0,
TEL083-001218,2024-11-06,C0018,total,sur,24,45.23,3,0,
TEL083-001219,2024-11-06,C0019,esencial,norte,45,3.68,0,1,servicio
TEL083-001220,2024-11-06,C0020,plus,sur,83,29.9,0,0,
TEL083-001221,2024-11-06,C0021,total,sur,23,45.12,0,0,
TEL083-001222,2024-11-06,C0022,esencial,centro,100,17.25,0,0,
TEL083-001223,2024-11-06,C0023,plus,centro,60,22.48,2,0,
TEL083-001224,2024-11-06,C0024,total,sur,99,50.57,0,0,
TEL083-001225,2024-11-06,C0025,esencial,centro,39,22.46,3,0,
TEL083-001226,2024-11-06,C0026,plus,sur,66,21.82,2,0,
TEL083-001227,2024-11-06,C0027,total,centro,23,46.91,0,0,
TEL083-001228,2024-11-06,C0028,esencial,norte,60,0,0,0,
TEL083-001229,2024-11-06,C0029,plus,centro,47,33.36,1,0,
TEL083-001230,2024-11-06,C0030,total,norte,52,52.11,1,0,
TEL083-001231,2024-11-06,C0031,esencial,centro,20,3.05,0,0,
TEL083-001232,2024-11-06,C0032,plus,norte,42,32.94,0,0,
TEL083-001233,2024-11-06,C0033,total,sur,99,48.54,2,0,
TEL083-001234,2024-11-06,C0034,esencial,norte,79,8.62,1,0,
TEL083-001235,2024-11-06,C0035,plus,sur,91,32.53,0,0,
TEL083-001236,2024-11-06,C0036,total,norte,61,55.0,1,0,
TEL083-001237,2024-11-06,C0037,esencial,norte,43,6.08,3,0,
TEL083-001238,2024-11-06,C0038,plus,centro,47,39.13,0,0,
TEL083-001239,2024-11-06,C0039,total,norte,91,41.54,0,0,
TEL083-001240,2024-11-06,C0040,esencial,norte,84,3.67,0,0,
TEL083-001241,2024-11-06,C0041,plus,norte,83,28.84,2,0,
TEL083-001242,2024-11-06,C0042,total,norte,32,53.15,1,0,
TEL083-001243,2024-11-06,C0043,esencial,centro,17,22.48,0,0,
TEL083-001244,2024-11-06,C0044,plus,centro,100,40.99,0,0,
TEL083-001245,2024-11-06,C0045,total,norte,62,48.57,0,0,
TEL083-001246,2024-11-06,C0046,esencial,norte,23,,0,0,
TEL083-001247,2024-11-06,C0047,plus,centro,72,35.7,0,1,servicio
TEL083-001248,2024-11-06,C0048,total,sur,72,47.93,1,0,
TEL083-001249,2024-11-06,C0049,esencial,centro,96,16.83,1,0,
TEL083-001250,2024-11-06,C0050,plus,norte,44,30.57,0,0,
TEL083-001251,2024-11-06,C0051,total,centro,79,44.52,1,0,
TEL083-001252,2024-11-06,C0052,esencial,norte,95,10.87,0,0,
TEL083-001253,2024-11-06,C0053,plus,centro,57,34.79,0,0,
TEL083-001254,2024-11-06,C0054,total,sur,58,58.34,0,0,
TEL083-001255,2024-11-06,C0055,esencial,norte,42,13.74,0,0,
TEL083-001256,2024-11-06,C0056,plus,centro,74,26.56,0,0,
TEL083-001257,2024-11-06,C0057,total,sur,44,47.59,0,0,
TEL083-001258,2024-11-06,C0058,esencial,centro,64,14.42,2,0,
TEL083-001259,2024-11-06,C0059,plus,centro,95,32.91,0,0,
TEL083-001260,2024-11-06,C0060,total,norte,67,47.33,0,0,
TEL083-001261,2024-11-06,C0061,esencial,centro,20,0,1,1,servicio
TEL083-001262,2024-11-06,C0062, PLUS ,centro,42,37.31,1,0,
TEL083-001263,2024-11-06,C0063,total,centro,13,63.02,1,0,
TEL083-001264,2024-11-06,C0064,esencial,centro,92,28.74,1,0,
TEL083-001265,2024-11-06,C0065,plus,centro,16,15.19,0,0,
TEL083-001266,2024-11-06,C0066,total,sur,52,35.37,0,0,
TEL083-001267,2024-11-06,C0067,esencial,sur,74,0,1,0,
TEL083-001268,2024-11-06,C0068,plus,norte,36,40.5,0,0,
TEL083-001269,2024-11-06,C0069,total,sur,58,45.29,0,0,
TEL083-001270,2024-11-06,C0070,esencial,centro,12,22.54,2,1,servicio
TEL083-001271,2024-11-06,C0071,plus,centro,78,29.25,0,0,
TEL083-001272,2024-11-06,C0072,total,norte,37,34.79,0,0,
TEL083-001273,2024-11-06,C0073,esencial,sur,31,1.3,0,0,
TEL083-001274,2024-11-06,C0074,plus,centro,52,29.81,1,0,
TEL083-001275,2024-11-06,C0075,total,sur,62,66.84,0,0,
TEL083-001276,2024-11-06,C0076,esencial,centro,55,0,0,0,
TEL083-001277,2024-11-06,C0077,plus,sur,37,27.83,3,0,
TEL083-001278,2024-11-06,C0078,total,centro,79,45.29,0,0,
TEL083-001279,2024-11-06,C0079,esencial,sur,87,14.55,1,0,
TEL083-001280,2024-11-06,C0080,plus,sur,82,30.09,1,0,
TEL083-001281,2024-11-06,C0081,total,norte,29,65.93,2,0,
TEL083-001282,2024-11-06,C0082,esencial,centro,36,7.79,0,0,
TEL083-001283,2024-11-06,C0083,plus,centro,40,17.41,2,0,
TEL083-001284,2024-11-06,C0084,total,norte,28,46.69,0,0,
TEL083-001285,2024-11-06,C0085,esencial,centro,47,4.1,0,0,
TEL083-001286,2024-11-06,C0086,plus,norte,75,31.29,0,0,
TEL083-001287,2024-11-06,C0087,total,centro,56,39.12,0,0,
TEL083-001288,2024-11-06,C0088,esencial,norte,20,13.61,0,1,servicio
TEL083-001289,2024-11-06,C0089,plus,sur,41,15.82,0,0,
TEL083-001290,2024-11-06,C0090,total,sur,42,56.36,1,0,
TEL083-001291,2024-11-06,C0091,esencial,norte,62,23.38,0,0,
TEL083-001292,2024-11-06,C0092,plus,sur,38,25.17,0,0,
TEL083-001293,2024-11-06,C0093,total,centro,63,44.72,2,1,mudanza
TEL083-001294,2024-11-06,C0094,esencial,norte,44,10.69,0,0,
TEL083-001295,2024-11-06,C0095,plus,norte,85,27.94,0,0,
TEL083-001296,2024-11-06,C0096,total,sur,77,56.81,0,0,
TEL083-001297,2024-11-06,C0097,esencial,norte,30,9.26,0,0,
TEL083-001298,2024-11-06,C0098,plus,centro,30,35.57,0,0,
TEL083-001299,2024-11-06,C0099,total,sur,85,58.1,1,0,
TEL083-001300,2024-11-06,C0100,esencial,norte,14,8.72,2,1,servicio
TEL083-001301,2024-11-06,C0101,plus,sur,29,12.02,1,0,
TEL083-001302,2024-11-06,C0102,total,centro,78,52.9,2,0,
TEL083-001303,2024-11-06,C0103,esencial,sur,50,10.57,0,0,
TEL083-001304,2024-11-06,C0104,plus,centro,20,34.87,1,0,
TEL083-001305,2024-11-06,C0105,total,norte,25,57.24,1,0,
TEL083-001306,2024-11-06,C0106,esencial,centro,63,18.15,1,0,
TEL083-001307,2024-11-06,C0107,plus,centro,15,30.11,0,0,
TEL083-001308,2024-11-06,C0108,total,centro,11,33.51,0,0,
TEL083-001309,2024-11-06,C0109,esencial,sur,75,17.02,0,0,
TEL083-001310,2024-11-06,C0110,plus,centro,93,32.0,0,0,
TEL083-001311,2024-11-06,C0111,total,norte,33,50.99,0,0,
TEL083-001312,2024-11-06,C0112,esencial,norte,32,8.23,2,0,
TEL083-001313,2024-11-06,C0113,plus,sur,41,34.96,1,0,
TEL083-001314,2024-11-06,C0114,total,norte,30,50.81,0,0,
TEL083-001315,2024-11-06,C0115,esencial,centro,32,11.54,1,0,
TEL083-001316,2024-11-06,C0116,plus,centro,22,43.86,0,0,
TEL083-001317,2024-11-06,C0117,total,sur,70,63.9,0,0,
TEL083-001318,2024-11-06,C0118,esencial,norte,24,15.38,0,0,
TEL083-001319,2024-11-06,C0119,plus,sur,56,23.28,2,0,
TEL083-001320,2024-11-06,C0120,total,norte,94,55.83,0,0,
TEL083-001321,2024-12-07,C0001,esencial,norte,18,23.18,0,0,
TEL083-001322,2024-12-07,C0002,plus,norte,19,29.88,0,0,
TEL083-001323,2024-12-07,C0003,total,sur,42,56.56,1,0,
TEL083-001324,2024-12-07,C0004,esencial,norte,91,4.55,1,0,
TEL083-001325,2024-12-07,C0005,plus,sur,28,34.64,3,0,
TEL083-001326,2024-12-07,C0006,total,norte,13,52.96,0,0,
TEL083-001327,2024-12-07,C0007,esencial,centro,86,15.9,4,0,
TEL083-001328,2024-12-07,C0008,plus,norte,81,24.67,1,0,
TEL083-001329,2024-12-07,C0009,total,sur,54,,1,0,
TEL083-001330,2024-12-07,C0010,esencial,sur,98,29.0,0,0,
TEL083-001331,2024-12-07,C0011,plus,norte,100,23.15,0,0,
TEL083-001332,2024-12-07,C0012,total,sur,23,65.83,0,0,
TEL083-001333,2024-12-07,C0013,esencial,norte,16,13.93,0,0,
TEL083-001334,2024-12-07,C0014,plus,centro,81,17.9,0,0,
TEL083-001335,2024-12-07,C0015,total,centro,101,68.17,0,0,
TEL083-001336,2024-12-07,C0016,esencial,sur,62,9.16,0,1,precio
TEL083-001337,2024-12-07,C0017,plus,sur,71,33.79,1,0,
TEL083-001338,2024-12-07,C0018,total,sur,25,41.21,0,0,
TEL083-001339,2024-12-07,C0019,esencial,norte,46,9.86,1,0,
TEL083-001340,2024-12-07,C0020,plus,sur,84,31.02,0,0,
TEL083-001341,2024-12-07,C0021,total,sur,24,42.82,1,0,
TEL083-001342,2024-12-07,C0022,esencial,centro,101,12.95,1,0,
TEL083-001343,2024-12-07,C0023,plus,centro,61,28.69,1,0,
TEL083-001344,2024-12-07,C0024,total,sur,100,41.8,1,0,
TEL083-001345,2024-12-07,C0025,esencial,centro,40,29.7,1,0,
TEL083-001346,2024-12-07,C0026,plus,sur,67,27.89,2,1,mudanza
TEL083-001347,2024-12-07,C0027,total,centro,24,60.91,0,0,
TEL083-001348,2024-12-07,C0028,esencial,norte,61,21.34,0,0,
TEL083-001349,2024-12-07,C0029,plus,centro,48,25.58,0,0,
TEL083-001350,2024-12-07,C0030,total,norte,53,58.48,0,0,
TEL083-001351,2024-12-07,C0031,esencial,centro,21,13.88,1,0,
TEL083-001352,2024-12-07,C0032,plus,norte,43,31.32,0,0,
TEL083-001353,2024-12-07,C0033,total,sur,100,61.62,0,0,
TEL083-001354,2024-12-07,C0034,esencial,norte,80,4.78,1,0,
TEL083-001355,2024-12-07,C0035,plus,sur,92,25.91,2,0,
TEL083-001356,2024-12-07,C0036,total,norte,62,49.82,1,0,
TEL083-001357,2024-12-07,C0037,esencial,norte,44,13.13,1,0,
TEL083-001358,2024-12-07,C0038,plus,centro,48,22.27,2,1,servicio
TEL083-001359,2024-12-07,C0039, TOTAL ,norte,92,43.37,3,0,
TEL083-001360,2024-12-07,C0040,esencial,norte,85,0,1,1,precio
TEL083-001361,2024-12-07,C0041,plus,norte,84,39.01,1,0,
TEL083-001362,2024-12-07,C0042,total,norte,33,41.55,0,0,
TEL083-001363,2024-12-07,C0043,esencial,centro,18,1.05,2,0,
TEL083-001364,2024-12-07,C0044,plus,centro,101,28.79,1,0,
TEL083-001365,2024-12-07,C0045,total,norte,63,42.69,3,0,
TEL083-001366,2024-12-07,C0046,esencial,norte,24,20.09,0,0,
TEL083-001367,2024-12-07,C0047,plus,centro,73,27.11,1,1,servicio
TEL083-001368,2024-12-07,C0048,total,sur,73,45.82,2,0,
TEL083-001369,2024-12-07,C0049,esencial,centro,97,9.03,0,0,
TEL083-001370,2024-12-07,C0050,plus,norte,45,32.67,1,0,
TEL083-001371,2024-12-07,C0051,total,centro,80,51.82,1,0,
TEL083-001372,2024-12-07,C0052,esencial,norte,96,12.5,0,0,
TEL083-001373,2024-12-07,C0053,plus,centro,58,35.51,1,0,
TEL083-001374,2024-12-07,C0054,total,sur,59,42.44,1,0,
TEL083-001375,2024-12-07,C0055,esencial,norte,43,30.74,2,1,servicio
TEL083-001376,2024-12-07,C0056,plus,centro,75,33.75,1,0,
TEL083-001377,2024-12-07,C0057,total,sur,45,52.83,2,0,
TEL083-001378,2024-12-07,C0058,esencial,centro,65,12.31,0,0,
TEL083-001379,2024-12-07,C0059,plus,centro,96,31.88,0,0,
TEL083-001380,2024-12-07,C0060,total,norte,68,38.61,0,0,
TEL083-001381,2024-12-07,C0061,esencial,centro,21,20.18,2,0,
TEL083-001382,2024-12-07,C0062,plus,centro,43,26.22,1,0,
TEL083-001383,2024-12-07,C0063,total,centro,14,49.82,1,0,
TEL083-001384,2024-12-07,C0064,esencial,centro,93,1.2,0,0,
TEL083-001385,2024-12-07,C0065,plus,centro,17,35.42,0,0,
TEL083-001386,2024-12-07,C0066,total,sur,53,45.33,0,0,
TEL083-001387,2024-12-07,C0067,esencial,sur,75,19.35,4,1,precio
TEL083-001388,2024-12-07,C0068,plus,norte,37,34.05,0,0,
TEL083-001389,2024-12-07,C0069,total,sur,59,66.7,1,0,
TEL083-001390,2024-12-07,C0070,esencial,centro,13,6.95,2,0,
TEL083-001391,2024-12-07,C0071,plus,centro,79,47.1,0,1,mudanza
TEL083-001392,2024-12-07,C0072,total,norte,38,44.81,0,0,
TEL083-001393,2024-12-07,C0073,esencial,sur,32,9.39,0,0,
TEL083-001394,2024-12-07,C0074,plus,centro,53,21.21,2,0,
TEL083-001395,2024-12-07,C0075,total,sur,63,38.42,0,0,
TEL083-001396,2024-12-07,C0076,esencial,centro,56,4.94,2,0,
TEL083-001397,2024-12-07,C0077,plus,sur,38,21.57,1,0,
TEL083-001398,2024-12-07,C0078,total,centro,80,36.63,0,0,
TEL083-001399,2024-12-07,C0079,esencial,sur,88,10.13,0,0,
TEL083-001400,2024-12-07,C0080,plus,sur,83,30.48,0,0,
TEL083-001401,2024-12-07,C0081,total,norte,30,63.43,0,0,
TEL083-001402,2024-12-07,C0082,esencial,centro,37,11.27,2,0,
TEL083-001403,2024-12-07,C0083,plus,centro,41,40.05,0,0,
TEL083-001404,2024-12-07,C0084,total,norte,29,39.92,1,1,servicio
TEL083-001405,2024-12-07,C0085,esencial,centro,48,14.08,0,0,
TEL083-001406,2024-12-07,C0086,plus,norte,76,23.73,1,0,
TEL083-001407,2024-12-07,C0087,total,centro,57,43.09,1,0,
TEL083-001408,2024-12-07,C0088,esencial,norte,21,2.11,4,0,
TEL083-001409,2024-12-07,C0089,plus,sur,42,30.74,0,0,
TEL083-001410,2024-12-07,C0090,total,sur,43,51.99,0,0,
TEL083-001411,2024-12-07,C0091,esencial,norte,63,21.61,0,0,
TEL083-001412,2024-12-07,C0092,plus,sur,39,,0,0,
TEL083-001413,2024-12-07,C0093,total,centro,64,59.06,0,0,
TEL083-001414,2024-12-07,C0094,esencial,norte,45,0,0,0,
TEL083-001415,2024-12-07,C0095,plus,norte,86,18.61,2,0,
TEL083-001416,2024-12-07,C0096,total,sur,78,42.66,1,0,
TEL083-001417,2024-12-07,C0097,esencial,norte,31,22.59,0,0,
TEL083-001418,2024-12-07,C0098,plus,centro,31,42.77,0,0,
TEL083-001419,2024-12-07,C0099,total,sur,86,42.48,1,0,
TEL083-001420,2024-12-07,C0100,esencial,norte,15,16.38,0,0,
TEL083-001421,2024-12-07,C0101,plus,sur,30,15.88,0,0,
TEL083-001422,2024-12-07,C0102,total,centro,79,61.33,0,0,
TEL083-001423,2024-12-07,C0103,esencial,sur,51,23.96,1,0,
TEL083-001424,2024-12-07,C0104,plus,centro,21,27.12,3,1,mudanza
TEL083-001425,2024-12-07,C0105,total,norte,26,51.23,0,0,
TEL083-001426,2024-12-07,C0106,esencial,centro,64,29.89,3,0,
TEL083-001427,2024-12-07,C0107,plus,centro,16,26.97,1,0,
TEL083-001428,2024-12-07,C0108,total,centro,12,33.47,4,0,
TEL083-001429,2024-12-07,C0109,esencial,sur,76,19.8,0,1,mudanza
TEL083-001430,2024-12-07,C0110,plus,centro,94,28.11,3,0,
TEL083-001431,2024-12-07,C0111,total,norte,34,48.35,0,0,
TEL083-001432,2024-12-07,C0112,esencial,norte,33,1.32,0,0,
TEL083-001433,2024-12-07,C0113,plus,sur,42,24.02,0,0,
TEL083-001434,2024-12-07,C0114,total,norte,31,38.69,0,0,
TEL083-001435,2024-12-07,C0115,esencial,centro,33,5.57,1,0,
TEL083-001436,2024-12-07,C0116,plus,centro,23,32.01,0,0,
TEL083-001437,2024-12-07,C0117,total,sur,71,50.91,1,0,
TEL083-001438,2024-12-07,C0118,esencial,norte,25,18.66,0,0,
TEL083-001439,2024-12-07,C0119,plus,sur,57,25.72,2,0,
TEL083-001440,2024-12-07,C0120,total,norte,95,41.05,1,0,
TEL083-001441,2025-01-07,C0001,esencial,norte,19,7.85,1,0,
TEL083-001442,2025-01-07,C0002,plus,norte,20,17.63,1,0,
TEL083-001443,2025-01-07,C0003,total,sur,43,43.43,0,0,
TEL083-001444,2025-01-07,C0004,esencial,norte,92,12.94,0,0,
TEL083-001445,2025-01-07,C0005,plus,sur,29,28.56,0,0,
TEL083-001446,2025-01-07,C0006,total,norte,14,50.27,0,0,
TEL083-001447,2025-01-07,C0007,esencial,centro,87,15.04,0,0,
TEL083-001448,2025-01-07,C0008,plus,norte,82,37.54,1,0,
TEL083-001449,2025-01-07,C0009,total,sur,55,43.74,2,0,
TEL083-001450,2025-01-07,C0010,esencial,sur,99,9.58,0,0,
TEL083-001451,2025-01-07,C0011,plus,norte,101,39.13,0,0,
TEL083-001452,2025-01-07,C0012,total,sur,24,45.56,0,0,
TEL083-001453,2025-01-07,C0013,esencial,norte,17,14.89,2,0,
TEL083-001454,2025-01-07,C0014,plus,centro,82,35.03,1,0,
TEL083-001455,2025-01-07,C0015,total,centro,102,50.04,0,0,
TEL083-001456,2025-01-07,C0016, ESENCIAL ,sur,63,17.4,0,0,
TEL083-001457,2025-01-07,C0017,plus,sur,72,40.3,0,0,
TEL083-001458,2025-01-07,C0018,total,sur,26,63.35,0,0,
TEL083-001459,2025-01-07,C0019,esencial,norte,47,12.88,0,0,
TEL083-001460,2025-01-07,C0020,plus,sur,85,31.77,1,0,
TEL083-001461,2025-01-07,C0021,total,sur,25,55.81,1,0,
TEL083-001462,2025-01-07,C0022,esencial,centro,102,13.27,0,0,
TEL083-001463,2025-01-07,C0023,plus,centro,62,46.2,0,0,
TEL083-001464,2025-01-07,C0024,total,sur,101,48.54,0,0,
TEL083-001465,2025-01-07,C0025,esencial,centro,41,12.38,1,0,
TEL083-001466,2025-01-07,C0026,plus,sur,68,33.1,0,0,
TEL083-001467,2025-01-07,C0027,total,centro,25,36.67,2,0,
TEL083-001468,2025-01-07,C0028,esencial,norte,62,12.89,1,1,mudanza
TEL083-001469,2025-01-07,C0029,plus,centro,49,36.61,2,0,
TEL083-001470,2025-01-07,C0030,total,norte,54,61.11,0,0,
TEL083-001471,2025-01-07,C0031,esencial,centro,22,20.01,0,0,
TEL083-001472,2025-01-07,C0032,plus,norte,44,45.6,0,0,
TEL083-001473,2025-01-07,C0033,total,sur,101,64.15,0,0,
TEL083-001474,2025-01-07,C0034,esencial,norte,81,28.97,0,0,
TEL083-001475,2025-01-07,C0035,plus,sur,93,33.05,1,0,
TEL083-001476,2025-01-07,C0036,total,norte,63,48.83,2,0,
TEL083-001477,2025-01-07,C0037,esencial,norte,45,25.74,0,0,
TEL083-001478,2025-01-07,C0038,plus,centro,49,"29,46",0,0,
TEL083-001479,2025-01-07,C0039,total,norte,93,43.25,1,0,
TEL083-001480,2025-01-07,C0040,esencial,norte,86,15.27,1,0,
TEL083-001481,2025-01-07,C0041,plus,norte,85,36.32,0,0,
TEL083-001482,2025-01-07,C0042,total,norte,34,45.15,3,0,
TEL083-001483,2025-01-07,C0043,esencial,centro,19,15.67,0,0,
TEL083-001484,2025-01-07,C0044,plus,centro,102,33.7,1,0,
TEL083-001485,2025-01-07,C0045,total,norte,64,59.83,1,0,
TEL083-001486,2025-01-07,C0046,esencial,norte,25,16.02,1,0,
TEL083-001487,2025-01-07,C0047,plus,centro,74,40.91,1,0,
TEL083-001488,2025-01-07,C0048,total,sur,74,53.46,1,0,
TEL083-001489,2025-01-07,C0049,esencial,centro,98,14.79,0,0,
TEL083-001490,2025-01-07,C0050,plus,norte,46,32.91,2,0,
TEL083-001491,2025-01-07,C0051,total,centro,81,50.28,1,0,
TEL083-001492,2025-01-07,C0052,esencial,norte,97,26.41,2,0,
TEL083-001493,2025-01-07,C0053,plus,centro,59,47.37,0,0,
TEL083-001494,2025-01-07,C0054,total,sur,60,53.2,0,0,
TEL083-001495,2025-01-07,C0055,esencial,norte,44,,0,0,
TEL083-001496,2025-01-07,C0056,plus,centro,76,39.67,0,0,
TEL083-001497,2025-01-07,C0057,total,sur,46,53.32,0,0,
TEL083-001498,2025-01-07,C0058,esencial,centro,66,8.33,0,0,
TEL083-001499,2025-01-07,C0059,plus,centro,97,37.24,1,0,
TEL083-001500,2025-01-07,C0060,total,norte,69,47.27,0,0,
TEL083-001501,2025-01-07,C0061,esencial,centro,22,11.58,0,0,
TEL083-001502,2025-01-07,C0062,plus,centro,44,31.26,0,0,
TEL083-001503,2025-01-07,C0063,total,centro,15,59.13,0,0,
TEL083-001504,2025-01-07,C0064,esencial,centro,94,22.17,0,0,
TEL083-001505,2025-01-07,C0065,plus,centro,18,41.07,0,0,
TEL083-001506,2025-01-07,C0066,total,sur,54,52.3,0,0,
TEL083-001507,2025-01-07,C0067,esencial,sur,76,6.44,0,0,
TEL083-001508,2025-01-07,C0068,plus,norte,38,47.17,2,0,
TEL083-001509,2025-01-07,C0069,total,sur,60,48.32,0,0,
TEL083-001510,2025-01-07,C0070,esencial,centro,14,16.4,0,0,
TEL083-001511,2025-01-07,C0071,plus,centro,80,39.85,0,0,
TEL083-001512,2025-01-07,C0072,total,norte,39,47.03,2,0,
TEL083-001513,2025-01-07,C0073,esencial,sur,33,17.02,0,0,
TEL083-001514,2025-01-07,C0074,plus,centro,54,33.57,2,1,mudanza
TEL083-001515,2025-01-07,C0075,total,sur,64,42.72,0,0,
TEL083-001516,2025-01-07,C0076,esencial,centro,57,9.7,1,0,
TEL083-001517,2025-01-07,C0077,plus,sur,39,49.37,1,0,
TEL083-001518,2025-01-07,C0078,total,centro,81,57.91,0,0,
TEL083-001519,2025-01-07,C0079,esencial,sur,89,17.66,0,0,
TEL083-001520,2025-01-07,C0080,plus,sur,84,16.63,1,0,
TEL083-001521,2025-01-07,C0081,total,norte,31,45.45,1,0,
TEL083-001522,2025-01-07,C0082,esencial,centro,38,37.69,3,0,
TEL083-001523,2025-01-07,C0083,plus,centro,42,49.59,1,0,
TEL083-001524,2025-01-07,C0084,total,norte,30,59.0,0,0,
TEL083-001525,2025-01-07,C0085,esencial,centro,49,23.46,1,0,
TEL083-001526,2025-01-07,C0086,plus,norte,77,50.5,0,0,
TEL083-001527,2025-01-07,C0087,total,centro,58,52.44,0,0,
TEL083-001528,2025-01-07,C0088,esencial,norte,22,19.11,0,0,
TEL083-001529,2025-01-07,C0089,plus,sur,43,30.85,0,0,
TEL083-001530,2025-01-07,C0090,total,sur,44,42.65,1,0,
TEL083-001531,2025-01-07,C0091,esencial,norte,64,26.05,0,0,
TEL083-001532,2025-01-07,C0092,plus,sur,40,31.09,0,0,
TEL083-001533,2025-01-07,C0093,total,centro,65,61.65,0,0,
TEL083-001534,2025-01-07,C0094,esencial,norte,46,17.51,0,0,
TEL083-001535,2025-01-07,C0095,plus,norte,87,43.47,0,0,
TEL083-001536,2025-01-07,C0096,total,sur,79,55.31,2,0,
TEL083-001537,2025-01-07,C0097,esencial,norte,32,7.39,0,0,
TEL083-001538,2025-01-07,C0098,plus,centro,32,29.55,0,0,
TEL083-001539,2025-01-07,C0099,total,sur,87,67.19,0,0,
TEL083-001540,2025-01-07,C0100,esencial,norte,16,27.61,0,0,
TEL083-001541,2025-01-07,C0101,plus,sur,31,21.24,0,0,
TEL083-001542,2025-01-07,C0102,total,centro,80,61.62,0,0,
TEL083-001543,2025-01-07,C0103,esencial,sur,52,3.76,2,0,
TEL083-001544,2025-01-07,C0104,plus,centro,22,32.47,0,0,
TEL083-001545,2025-01-07,C0105,total,norte,27,51.13,0,0,
TEL083-001546,2025-01-07,C0106,esencial,centro,65,28.13,1,1,servicio
TEL083-001547,2025-01-07,C0107,plus,centro,17,22.82,0,0,
TEL083-001548,2025-01-07,C0108,total,centro,13,56.47,0,0,
TEL083-001549,2025-01-07,C0109,esencial,sur,77,22.91,2,0,
TEL083-001550,2025-01-07,C0110,plus,centro,95,43.11,0,0,
TEL083-001551,2025-01-07,C0111,total,norte,35,44.64,0,0,
TEL083-001552,2025-01-07,C0112,esencial,norte,34,22.42,2,0,
TEL083-001553,2025-01-07,C0113, PLUS ,sur,43,31.12,2,1,precio
TEL083-001554,2025-01-07,C0114,total,norte,32,58.98,2,0,
TEL083-001555,2025-01-07,C0115,esencial,centro,34,20.7,0,0,
TEL083-001556,2025-01-07,C0116,plus,centro,24,33.21,0,0,
TEL083-001557,2025-01-07,C0117,total,sur,72,62.83,0,0,
TEL083-001558,2025-01-07,C0118,esencial,norte,26,13.21,1,0,
TEL083-001559,2025-01-07,C0119,plus,sur,58,43.32,1,1,precio
TEL083-001560,2025-01-07,C0120,total,norte,96,62.1,1,0,
TEL083-001561,2025-02-07,C0001,esencial,norte,20,21.17,0,0,
TEL083-001562,2025-02-07,C0002,plus,norte,21,29.58,0,0,
TEL083-001563,2025-02-07,C0003,total,sur,44,50.36,1,0,
TEL083-001564,2025-02-07,C0004,esencial,norte,93,15.02,0,0,
TEL083-001565,2025-02-07,C0005,plus,sur,30,38.06,0,0,
TEL083-001566,2025-02-07,C0006,total,norte,15,54.17,0,0,
TEL083-001567,2025-02-07,C0007,esencial,centro,88,15.68,1,0,
TEL083-001568,2025-02-07,C0008,plus,norte,83,34.92,1,0,
TEL083-001569,2025-02-07,C0009,total,sur,56,44.58,1,0,
TEL083-001570,2025-02-07,C0010,esencial,sur,100,27.88,2,0,
TEL083-001571,2025-02-07,C0011,plus,norte,102,20.82,0,0,
TEL083-001572,2025-02-07,C0012,total,sur,25,38.67,0,0,
TEL083-001573,2025-02-07,C0013,esencial,norte,18,0,3,0,
TEL083-001574,2025-02-07,C0014,plus,centro,83,41.77,1,0,
TEL083-001575,2025-02-07,C0015,total,centro,103,53.05,3,1,mudanza
TEL083-001576,2025-02-07,C0016,esencial,sur,64,18.08,0,0,
TEL083-001577,2025-02-07,C0017,plus,sur,73,28.75,0,0,
TEL083-001578,2025-02-07,C0018,total,sur,27,,0,0,
TEL083-001579,2025-02-07,C0019,esencial,norte,48,22.62,0,0,
TEL083-001580,2025-02-07,C0020,plus,sur,86,42.22,0,0,
TEL083-001581,2025-02-07,C0021,total,sur,26,38.89,1,0,
TEL083-001582,2025-02-07,C0022,esencial,centro,103,12.0,2,0,
TEL083-001583,2025-02-07,C0023,plus,centro,63,39.07,0,0,
TEL083-001584,2025-02-07,C0024,total,sur,102,51.34,0,0,
TEL083-001585,2025-02-07,C0025,esencial,centro,42,13.72,0,0,
TEL083-001586,2025-02-07,C0026,plus,sur,69,19.56,1,0,
TEL083-001587,2025-02-07,C0027,total,centro,26,54.69,1,0,
TEL083-001588,2025-02-07,C0028,esencial,norte,63,22.45,0,0,
TEL083-001589,2025-02-07,C0029,plus,centro,50,32.43,0,0,
TEL083-001590,2025-02-07,C0030,total,norte,55,44.42,0,0,
TEL083-001591,2025-02-07,C0031,esencial,centro,23,18.26,1,1,precio
TEL083-001592,2025-02-07,C0032,plus,norte,45,57.58,0,0,
TEL083-001593,2025-02-07,C0033,total,sur,102,39.96,3,1,precio
TEL083-001594,2025-02-07,C0034,esencial,norte,82,3.65,0,0,
TEL083-001595,2025-02-07,C0035,plus,sur,94,41.12,2,1,precio
TEL083-001596,2025-02-07,C0036,total,norte,64,46.99,1,0,
TEL083-001597,2025-02-07,C0037,esencial,norte,46,20.32,1,0,
TEL083-001598,2025-02-07,C0038,plus,centro,50,41.21,0,0,
TEL083-001599,2025-02-07,C0039,total,norte,94,55.91,0,0,
TEL083-001600,2025-02-07,C0040,esencial,norte,87,16.97,3,0,
TEL083-001601,2025-02-07,C0041,plus,norte,86,35.94,0,0,
TEL083-001602,2025-02-07,C0042,total,norte,35,55.35,0,0,
TEL083-001603,2025-02-07,C0043,esencial,centro,20,24.0,0,0,
TEL083-001604,2025-02-07,C0044,plus,centro,103,29.39,1,0,
TEL083-001605,2025-02-07,C0045,total,norte,65,52.34,1,0,
TEL083-001606,2025-02-07,C0046,esencial,norte,26,18.2,1,0,
TEL083-001607,2025-02-07,C0047,plus,centro,75,31.02,1,1,precio
TEL083-001608,2025-02-07,C0048,total,sur,75,49.81,2,0,
TEL083-001609,2025-02-07,C0049,esencial,centro,99,7.85,0,0,
TEL083-001610,2025-02-07,C0050,plus,norte,47,27.74,3,0,
TEL083-001611,2025-02-07,C0051,total,centro,82,33.42,0,0,
TEL083-001612,2025-02-07,C0052,esencial,norte,98,8.24,0,0,
TEL083-001613,2025-02-07,C0053,plus,centro,60,49.62,2,0,
TEL083-001614,2025-02-07,C0054,total,sur,61,54.06,2,1,mudanza
TEL083-001615,2025-02-07,C0055,esencial,norte,45,13.39,0,1,mudanza
TEL083-001616,2025-02-07,C0056,plus,centro,77,36.16,1,0,
TEL083-001617,2025-02-07,C0057,total,sur,47,56.14,1,0,
TEL083-001618,2025-02-07,C0058,esencial,centro,67,14.63,0,0,
TEL083-001619,2025-02-07,C0059,plus,centro,98,31.39,0,0,
TEL083-001620,2025-02-07,C0060,total,norte,70,53.51,0,0,
TEL083-001621,2025-02-07,C0061,esencial,centro,23,30.0,1,0,
TEL083-001622,2025-02-07,C0062,plus,centro,45,38.62,0,0,
TEL083-001623,2025-02-07,C0063,total,centro,16,57.15,2,0,
TEL083-001624,2025-02-07,C0064,esencial,centro,95,28.39,0,0,
TEL083-001625,2025-02-07,C0065,plus,centro,19,27.26,0,0,
TEL083-001626,2025-02-07,C0066,total,sur,55,52.17,1,0,
TEL083-001627,2025-02-07,C0067,esencial,sur,77,13.09,0,0,
TEL083-001628,2025-02-07,C0068,plus,norte,39,36.02,0,0,
TEL083-001629,2025-02-07,C0069,total,sur,61,53.4,1,0,
TEL083-001630,2025-02-07,C0070,esencial,centro,15,22.95,0,0,
TEL083-001631,2025-02-07,C0071,plus,centro,81,38.31,0,0,
TEL083-001632,2025-02-07,C0072,total,norte,40,50.37,0,0,
TEL083-001633,2025-02-07,C0073,esencial,sur,34,16.46,1,0,
TEL083-001634,2025-02-07,C0074,plus,centro,55,31.85,0,0,
TEL083-001635,2025-02-07,C0075,total,sur,65,62.76,0,1,precio
TEL083-001636,2025-02-07,C0076,esencial,centro,58,9.32,1,0,
TEL083-001637,2025-02-07,C0077,plus,sur,40,39.66,2,0,
TEL083-001638,2025-02-07,C0078,total,centro,82,38.02,1,0,
TEL083-001639,2025-02-07,C0079,esencial,sur,90,16.42,0,0,
TEL083-001640,2025-02-07,C0080,plus,sur,85,29.86,0,0,
TEL083-001641,2025-02-07,C0081,total,norte,32,68.91,0,0,
TEL083-001642,2025-02-07,C0082,esencial,centro,39,21.74,1,0,
TEL083-001643,2025-02-07,C0083,plus,centro,43,23.17,0,0,
TEL083-001644,2025-02-07,C0084,total,norte,31,53.16,1,0,
TEL083-001645,2025-02-07,C0085,esencial,centro,50,20.23,2,0,
TEL083-001646,2025-02-07,C0086,plus,norte,78,39.46,1,0,
TEL083-001647,2025-02-07,C0087,total,centro,59,49.68,0,0,
TEL083-001648,2025-02-07,C0088,esencial,norte,23,29.8,0,0,
TEL083-001649,2025-02-07,C0089,plus,sur,44,39.26,0,0,
TEL083-001650,2025-02-07,C0090, TOTAL ,sur,45,46.95,0,0,
TEL083-001651,2025-02-07,C0091,esencial,norte,65,15.38,0,0,
TEL083-001652,2025-02-07,C0092,plus,sur,41,48.02,0,0,
TEL083-001653,2025-02-07,C0093,total,centro,66,60.74,0,0,
TEL083-001654,2025-02-07,C0094,esencial,norte,47,26.76,1,0,
TEL083-001655,2025-02-07,C0095,plus,norte,88,26.29,1,0,
TEL083-001656,2025-02-07,C0096,total,sur,80,51.71,1,0,
TEL083-001657,2025-02-07,C0097,esencial,norte,33,10.58,0,0,
TEL083-001658,2025-02-07,C0098,plus,centro,33,35.29,3,0,
TEL083-001659,2025-02-07,C0099,total,sur,88,48.79,1,0,
TEL083-001660,2025-02-07,C0100,esencial,norte,17,13.61,2,0,
TEL083-001661,2025-02-07,C0101,plus,sur,32,,3,1,precio
TEL083-001662,2025-02-07,C0102,total,centro,81,60.99,0,0,
TEL083-001663,2025-02-07,C0103,esencial,sur,53,16.91,2,0,
TEL083-001664,2025-02-07,C0104,plus,centro,23,28.69,0,0,
TEL083-001665,2025-02-07,C0105,total,norte,28,51.27,2,1,servicio
TEL083-001666,2025-02-07,C0106,esencial,centro,66,15.84,0,0,
TEL083-001667,2025-02-07,C0107,plus,centro,18,43.73,2,0,
TEL083-001668,2025-02-07,C0108,total,centro,14,53.2,0,0,
TEL083-001669,2025-02-07,C0109,esencial,sur,78,17.65,0,1,mudanza
TEL083-001670,2025-02-07,C0110,plus,centro,96,36.15,0,0,
TEL083-001671,2025-02-07,C0111,total,norte,36,49.33,1,0,
TEL083-001672,2025-02-07,C0112,esencial,norte,35,10.37,1,0,
TEL083-001673,2025-02-07,C0113,plus,sur,44,57.66,1,0,
TEL083-001674,2025-02-07,C0114,total,norte,33,56.53,0,0,
TEL083-001675,2025-02-07,C0115,esencial,centro,35,18.24,2,0,
TEL083-001676,2025-02-07,C0116,plus,centro,25,34.91,1,0,
TEL083-001677,2025-02-07,C0117,total,sur,73,52.55,0,0,
TEL083-001678,2025-02-07,C0118,esencial,norte,27,17.79,2,0,
TEL083-001679,2025-02-07,C0119,plus,sur,59,35.82,0,0,
TEL083-001680,2025-02-07,C0120,total,norte,97,56.49,0,0,
TEL083-001681,2025-03-10,C0001,esencial,norte,21,28.98,0,0,
TEL083-001682,2025-03-10,C0002,plus,norte,22,42.1,2,0,
TEL083-001683,2025-03-10,C0003,total,sur,45,48.32,0,0,
TEL083-001684,2025-03-10,C0004,esencial,norte,94,27.12,3,0,
TEL083-001685,2025-03-10,C0005,plus,sur,31,32.18,1,0,
TEL083-001686,2025-03-10,C0006,total,norte,16,40.22,3,0,
TEL083-001687,2025-03-10,C0007,esencial,centro,89,11.8,0,0,
TEL083-001688,2025-03-10,C0008,plus,norte,84,38.89,0,0,
TEL083-001689,2025-03-10,C0009,total,sur,57,"45,14",0,0,
TEL083-001690,2025-03-10,C0010,esencial,sur,101,16.92,3,0,
TEL083-001691,2025-03-10,C0011,plus,norte,103,36.6,1,0,
TEL083-001692,2025-03-10,C0012,total,sur,26,53.75,0,0,
TEL083-001693,2025-03-10,C0013,esencial,norte,19,4.47,1,0,
TEL083-001694,2025-03-10,C0014,plus,centro,84,30.99,0,0,
TEL083-001695,2025-03-10,C0015,total,centro,104,53.91,1,0,
TEL083-001696,2025-03-10,C0016,esencial,sur,65,16.19,1,0,
TEL083-001697,2025-03-10,C0017,plus,sur,74,26.47,0,0,
TEL083-001698,2025-03-10,C0018,total,sur,28,61.46,0,0,
TEL083-001699,2025-03-10,C0019,esencial,norte,49,15.3,1,0,
TEL083-001700,2025-03-10,C0020,plus,sur,87,33.59,2,0,
TEL083-001701,2025-03-10,C0021,total,sur,27,47.46,1,0,
TEL083-001702,2025-03-10,C0022,esencial,centro,104,19.0,0,0,
TEL083-001703,2025-03-10,C0023,plus,centro,64,37.97,1,0,
TEL083-001704,2025-03-10,C0024,total,sur,103,49.93,0,0,
TEL083-001705,2025-03-10,C0025,esencial,centro,43,3.39,1,0,
TEL083-001706,2025-03-10,C0026,plus,sur,70,34.88,1,0,
TEL083-001707,2025-03-10,C0027,total,centro,27,37.88,0,0,
TEL083-001708,2025-03-10,C0028,esencial,norte,64,20.91,1,0,
TEL083-001709,2025-03-10,C0029,plus,centro,51,37.11,0,0,
TEL083-001710,2025-03-10,C0030,total,norte,56,42.62,1,0,
TEL083-001711,2025-03-10,C0031,esencial,centro,24,15.03,3,0,
TEL083-001712,2025-03-10,C0032,plus,norte,46,39.7,0,0,
TEL083-001713,2025-03-10,C0033,total,sur,103,47.94,0,0,
TEL083-001714,2025-03-10,C0034,esencial,norte,83,25.47,0,0,
TEL083-001715,2025-03-10,C0035,plus,sur,95,39.54,3,0,
TEL083-001716,2025-03-10,C0036,total,norte,65,44.2,0,0,
TEL083-001717,2025-03-10,C0037,esencial,norte,47,22.7,0,0,
TEL083-001718,2025-03-10,C0038,plus,centro,51,41.21,4,1,precio
TEL083-001719,2025-03-10,C0039,total,norte,95,48.53,0,0,
TEL083-001720,2025-03-10,C0040,esencial,norte,88,24.08,0,0,
TEL083-001721,2025-03-10,C0041,plus,norte,87,35.55,1,0,
TEL083-001722,2025-03-10,C0042,total,norte,36,42.3,0,0,
TEL083-001723,2025-03-10,C0043,esencial,centro,21,11.3,0,0,
TEL083-001724,2025-03-10,C0044,plus,centro,104,56.17,2,0,
TEL083-001725,2025-03-10,C0045,total,norte,66,56.11,0,0,
TEL083-001726,2025-03-10,C0046,esencial,norte,27,29.37,0,0,
TEL083-001727,2025-03-10,C0047,plus,centro,76,43.82,0,0,
TEL083-001728,2025-03-10,C0048,total,sur,76,51.91,1,0,
TEL083-001729,2025-03-10,C0049,esencial,centro,100,22.22,1,0,
TEL083-001730,2025-03-10,C0050,plus,norte,48,40.31,1,1,servicio
TEL083-001731,2025-03-10,C0051,total,centro,83,65.78,1,0,
TEL083-001732,2025-03-10,C0052,esencial,norte,99,34.52,0,1,precio
TEL083-001733,2025-03-10,C0053,plus,centro,61,48.84,0,0,
TEL083-001734,2025-03-10,C0054,total,sur,62,46.85,0,0,
TEL083-001735,2025-03-10,C0055,esencial,norte,46,28.9,1,0,
TEL083-001736,2025-03-10,C0056,plus,centro,78,43.96,0,0,
TEL083-001737,2025-03-10,C0057,total,sur,48,57.27,0,0,
TEL083-001738,2025-03-10,C0058,esencial,centro,68,11.17,0,0,
TEL083-001739,2025-03-10,C0059,plus,centro,99,23.66,0,0,
TEL083-001740,2025-03-10,C0060,total,norte,71,45.91,0,0,
TEL083-001741,2025-03-10,C0061,esencial,centro,24,10.69,2,0,
TEL083-001742,2025-03-10,C0062,plus,centro,46,33.06,0,0,
TEL083-001743,2025-03-10,C0063,total,centro,17,62.27,0,0,
TEL083-001744,2025-03-10,C0064,esencial,centro,96,,0,0,
TEL083-001745,2025-03-10,C0065,plus,centro,20,24.83,1,0,
TEL083-001746,2025-03-10,C0066,total,sur,56,44.6,1,0,
TEL083-001747,2025-03-10,C0067, ESENCIAL ,sur,78,8.11,2,0,
TEL083-001748,2025-03-10,C0068,plus,norte,40,38.54,0,0,
TEL083-001749,2025-03-10,C0069,total,sur,62,58.09,0,0,
TEL083-001750,2025-03-10,C0070,esencial,centro,16,17.14,0,0,
TEL083-001751,2025-03-10,C0071,plus,centro,82,8.14,0,0,
TEL083-001752,2025-03-10,C0072,total,norte,41,50.12,0,0,
TEL083-001753,2025-03-10,C0073,esencial,sur,35,24.58,0,0,
TEL083-001754,2025-03-10,C0074,plus,centro,56,52.15,0,0,
TEL083-001755,2025-03-10,C0075,total,sur,66,53.43,3,0,
TEL083-001756,2025-03-10,C0076,esencial,centro,59,18.7,0,0,
TEL083-001757,2025-03-10,C0077,plus,sur,41,48.75,0,0,
TEL083-001758,2025-03-10,C0078,total,centro,83,56.71,0,0,
TEL083-001759,2025-03-10,C0079,esencial,sur,91,9.08,3,1,servicio
TEL083-001760,2025-03-10,C0080,plus,sur,86,24.6,3,0,
TEL083-001761,2025-03-10,C0081,total,norte,33,59.67,2,0,
TEL083-001762,2025-03-10,C0082,esencial,centro,40,8.31,2,1,servicio
TEL083-001763,2025-03-10,C0083,plus,centro,44,24.69,1,0,
TEL083-001764,2025-03-10,C0084,total,norte,32,62.49,1,0,
TEL083-001765,2025-03-10,C0085,esencial,centro,51,35.16,0,0,
TEL083-001766,2025-03-10,C0086,plus,norte,79,46.71,0,0,
TEL083-001767,2025-03-10,C0087,total,centro,60,38.45,1,0,
TEL083-001768,2025-03-10,C0088,esencial,norte,24,17.75,0,0,
TEL083-001769,2025-03-10,C0089,plus,sur,45,22.21,0,0,
TEL083-001770,2025-03-10,C0090,total,sur,46,54.2,0,0,
TEL083-001771,2025-03-10,C0091,esencial,norte,66,18.4,1,0,
TEL083-001772,2025-03-10,C0092,plus,sur,42,29.24,1,0,
TEL083-001773,2025-03-10,C0093,total,centro,67,63.49,0,0,
TEL083-001774,2025-03-10,C0094,esencial,norte,48,16.45,1,0,
TEL083-001775,2025-03-10,C0095,plus,norte,89,39.24,0,0,
TEL083-001776,2025-03-10,C0096,total,sur,81,54.9,2,0,
TEL083-001777,2025-03-10,C0097,esencial,norte,34,26.77,0,0,
TEL083-001778,2025-03-10,C0098,plus,centro,34,31.52,2,0,
TEL083-001779,2025-03-10,C0099,total,sur,89,53.94,2,0,
TEL083-001780,2025-03-10,C0100,esencial,norte,18,14.04,0,0,
TEL083-001781,2025-03-10,C0101,plus,sur,33,32.91,2,1,mudanza
TEL083-001782,2025-03-10,C0102,total,centro,82,39.97,3,1,mudanza
TEL083-001783,2025-03-10,C0103,esencial,sur,54,24.97,0,0,
TEL083-001784,2025-03-10,C0104,plus,centro,24,34.02,1,0,
TEL083-001785,2025-03-10,C0105,total,norte,29,54.49,0,0,
TEL083-001786,2025-03-10,C0106,esencial,centro,67,29.54,0,0,
TEL083-001787,2025-03-10,C0107,plus,centro,19,28.93,1,0,
TEL083-001788,2025-03-10,C0108,total,centro,15,43.75,0,0,
TEL083-001789,2025-03-10,C0109,esencial,sur,79,9.9,1,0,
TEL083-001790,2025-03-10,C0110,plus,centro,97,41.16,4,0,
TEL083-001791,2025-03-10,C0111,total,norte,37,51.14,0,0,
TEL083-001792,2025-03-10,C0112,esencial,norte,36,31.17,0,0,
TEL083-001793,2025-03-10,C0113,plus,sur,45,52.3,0,0,
TEL083-001794,2025-03-10,C0114,total,norte,34,51.42,0,0,
TEL083-001795,2025-03-10,C0115,esencial,centro,36,21.35,0,0,
TEL083-001796,2025-03-10,C0116,plus,centro,26,30.64,1,0,
TEL083-001797,2025-03-10,C0117,total,sur,74,49.21,1,0,
TEL083-001798,2025-03-10,C0118,esencial,norte,28,10.32,1,0,
TEL083-001799,2025-03-10,C0119,plus,sur,60,36.09,2,0,
TEL083-001800,2025-03-10,C0120,total,norte,98,63.12,0,0,
TEL083-001801,2025-04-10,C0001,esencial,norte,22,10.15,0,1,servicio
TEL083-001802,2025-04-10,C0002,plus,norte,23,28.92,0,0,
TEL083-001803,2025-04-10,C0003,total,sur,46,65.48,0,0,
TEL083-001804,2025-04-10,C0004,esencial,norte,95,11.87,0,0,
TEL083-001805,2025-04-10,C0005,plus,sur,32,38.63,0,0,
TEL083-001806,2025-04-10,C0006,total,norte,17,49.5,1,1,servicio
TEL083-001807,2025-04-10,C0007,esencial,centro,90,10.11,0,0,
TEL083-001808,2025-04-10,C0008,plus,norte,85,32.6,0,0,
TEL083-001809,2025-04-10,C0009,total,sur,58,46.43,0,0,
TEL083-001810,2025-04-10,C0010,esencial,sur,102,15.45,2,0,
TEL083-001811,2025-04-10,C0011,plus,norte,104,31.24,3,0,
TEL083-001812,2025-04-10,C0012,total,sur,27,49.11,0,0,
TEL083-001813,2025-04-10,C0013,esencial,norte,20,18.54,0,0,
TEL083-001814,2025-04-10,C0014,plus,centro,85,27.82,0,0,
TEL083-001815,2025-04-10,C0015,total,centro,105,51.78,0,0,
TEL083-001816,2025-04-10,C0016,esencial,sur,66,15.08,2,0,
TEL083-001817,2025-04-10,C0017,plus,sur,75,37.93,0,0,
TEL083-001818,2025-04-10,C0018,total,sur,29,60.31,2,0,
TEL083-001819,2025-04-10,C0019,esencial,norte,50,0,0,0,
TEL083-001820,2025-04-10,C0020,plus,sur,88,32.15,3,0,
TEL083-001821,2025-04-10,C0021,total,sur,28,50.73,0,0,
TEL083-001822,2025-04-10,C0022,esencial,centro,105,14.77,2,0,
TEL083-001823,2025-04-10,C0023,plus,centro,65,40.35,1,0,
TEL083-001824,2025-04-10,C0024,total,sur,104,49.43,0,0,
TEL083-001825,2025-04-10,C0025,esencial,centro,44,18.03,2,0,
TEL083-001826,2025-04-10,C0026,plus,sur,71,29.48,1,0,
TEL083-001827,2025-04-10,C0027,total,centro,28,,4,0,
TEL083-001828,2025-04-10,C0028,esencial,norte,65,12.65,0,0,
TEL083-001829,2025-04-10,C0029,plus,centro,52,34.97,1,0,
TEL083-001830,2025-04-10,C0030,total,norte,57,48.88,1,0,
TEL083-001831,2025-04-10,C0031,esencial,centro,25,16.29,2,0,
TEL083-001832,2025-04-10,C0032,plus,norte,47,52.54,2,1,servicio
TEL083-001833,2025-04-10,C0033,total,sur,104,60.94,0,0,
TEL083-001834,2025-04-10,C0034,esencial,norte,84,23.32,1,0,
TEL083-001835,2025-04-10,C0035,plus,sur,96,23.03,2,0,
TEL083-001836,2025-04-10,C0036,total,norte,66,68.53,1,0,
TEL083-001837,2025-04-10,C0037,esencial,norte,48,25.48,1,0,
TEL083-001838,2025-04-10,C0038,plus,centro,52,26.79,1,0,
TEL083-001839,2025-04-10,C0039,total,norte,96,52.07,4,1,precio
TEL083-001840,2025-04-10,C0040,esencial,norte,89,12.72,3,0,
TEL083-001841,2025-04-10,C0041,plus,norte,88,37.62,1,0,
TEL083-001842,2025-04-10,C0042,total,norte,37,37.22,2,1,precio
TEL083-001843,2025-04-10,C0043,esencial,centro,22,18.64,1,0,
TEL083-001844,2025-04-10,C0044, PLUS ,centro,105,32.68,0,0,
TEL083-001845,2025-04-10,C0045,total,norte,67,60.82,1,0,
TEL083-001846,2025-04-10,C0046,esencial,norte,28,26.87,0,0,
TEL083-001847,2025-04-10,C0047,plus,centro,77,40.17,1,0,
TEL083-001848,2025-04-10,C0048,total,sur,77,46.95,0,1,servicio
TEL083-001849,2025-04-10,C0049,esencial,centro,101,26.33,1,0,
TEL083-001850,2025-04-10,C0050,plus,norte,49,44.97,0,0,
TEL083-001851,2025-04-10,C0051,total,centro,84,54.12,1,0,
TEL083-001852,2025-04-10,C0052,esencial,norte,100,17.1,1,0,
TEL083-001853,2025-04-10,C0053,plus,centro,62,26.29,0,0,
TEL083-001854,2025-04-10,C0054,total,sur,63,48.24,0,0,
TEL083-001855,2025-04-10,C0055,esencial,norte,47,16.29,1,0,
TEL083-001856,2025-04-10,C0056,plus,centro,79,36.17,2,0,
TEL083-001857,2025-04-10,C0057,total,sur,49,48.62,1,0,
TEL083-001858,2025-04-10,C0058,esencial,centro,69,1.72,2,0,
TEL083-001859,2025-04-10,C0059,plus,centro,100,16.56,1,0,
TEL083-001860,2025-04-10,C0060,total,norte,72,54.72,1,0,
TEL083-001861,2025-04-10,C0061,esencial,centro,25,25.52,0,0,
TEL083-001862,2025-04-10,C0062,plus,centro,47,32.7,3,0,
TEL083-001863,2025-04-10,C0063,total,centro,18,44.49,0,0,
TEL083-001864,2025-04-10,C0064,esencial,centro,97,10.52,0,0,
TEL083-001865,2025-04-10,C0065,plus,centro,21,27.17,0,0,
TEL083-001866,2025-04-10,C0066,total,sur,57,43.9,1,0,
TEL083-001867,2025-04-10,C0067,esencial,sur,79,18.99,1,0,
TEL083-001868,2025-04-10,C0068,plus,norte,41,33.89,0,0,
TEL083-001869,2025-04-10,C0069,total,sur,63,38.68,0,0,
TEL083-001870,2025-04-10,C0070,esencial,centro,17,19.92,0,0,
TEL083-001871,2025-04-10,C0071,plus,centro,83,23.97,0,0,
TEL083-001872,2025-04-10,C0072,total,norte,42,70.57,3,0,
TEL083-001873,2025-04-10,C0073,esencial,sur,36,19.94,2,0,
TEL083-001874,2025-04-10,C0074,plus,centro,57,42.61,0,0,
TEL083-001875,2025-04-10,C0075,total,sur,67,50.31,0,0,
TEL083-001876,2025-04-10,C0076,esencial,centro,60,19.75,1,0,
TEL083-001877,2025-04-10,C0077,plus,sur,42,33.69,0,0,
TEL083-001878,2025-04-10,C0078,total,centro,84,55.08,2,0,
TEL083-001879,2025-04-10,C0079,esencial,sur,92,27.71,0,0,
TEL083-001880,2025-04-10,C0080,plus,sur,87,24.21,1,0,
TEL083-001881,2025-04-10,C0081,total,norte,34,53.29,1,0,
TEL083-001882,2025-04-10,C0082,esencial,centro,41,20.37,0,0,
TEL083-001883,2025-04-10,C0083,plus,centro,45,29.82,1,0,
TEL083-001884,2025-04-10,C0084,total,norte,33,56.5,1,0,
TEL083-001885,2025-04-10,C0085,esencial,centro,52,15.5,0,0,
TEL083-001886,2025-04-10,C0086,plus,norte,80,21.25,2,0,
TEL083-001887,2025-04-10,C0087,total,centro,61,66.11,0,0,
TEL083-001888,2025-04-10,C0088,esencial,norte,25,3.83,0,0,
TEL083-001889,2025-04-10,C0089,plus,sur,46,51.05,2,1,mudanza
TEL083-001890,2025-04-10,C0090,total,sur,47,52.28,0,0,
TEL083-001891,2025-04-10,C0091,esencial,norte,67,13.38,0,1,mudanza
TEL083-001892,2025-04-10,C0092,plus,sur,43,49.88,1,0,
TEL083-001893,2025-04-10,C0093,total,centro,68,50.95,1,0,
TEL083-001894,2025-04-10,C0094,esencial,norte,49,0,0,0,
TEL083-001895,2025-04-10,C0095,plus,norte,90,27.83,1,0,
TEL083-001896,2025-04-10,C0096,total,sur,82,50.37,0,0,
TEL083-001897,2025-04-10,C0097,esencial,norte,35,27.45,0,0,
TEL083-001898,2025-04-10,C0098,plus,centro,35,32.1,1,0,
TEL083-001899,2025-04-10,C0099,total,sur,90,44.83,0,0,
TEL083-001900,2025-04-10,C0100,esencial,norte,19,"13,53",0,0,
TEL083-001901,2025-04-10,C0101,plus,sur,34,27.93,0,0,
TEL083-001902,2025-04-10,C0102,total,centro,83,57.66,3,0,
TEL083-001903,2025-04-10,C0103,esencial,sur,55,21.6,0,0,
TEL083-001904,2025-04-10,C0104,plus,centro,25,30.95,2,0,
TEL083-001905,2025-04-10,C0105,total,norte,30,40.82,0,0,
TEL083-001906,2025-04-10,C0106,esencial,centro,68,14.01,0,0,
TEL083-001907,2025-04-10,C0107,plus,centro,20,28.13,0,0,
TEL083-001908,2025-04-10,C0108,total,centro,16,43.61,1,0,
TEL083-001909,2025-04-10,C0109,esencial,sur,80,16.99,1,0,
TEL083-001910,2025-04-10,C0110,plus,centro,98,,3,0,
TEL083-001911,2025-04-10,C0111,total,norte,38,48.7,0,0,
TEL083-001912,2025-04-10,C0112,esencial,norte,37,25.39,0,0,
TEL083-001913,2025-04-10,C0113,plus,sur,46,36.64,0,0,
TEL083-001914,2025-04-10,C0114,total,norte,35,61.38,0,0,
TEL083-001915,2025-04-10,C0115,esencial,centro,37,30.28,1,0,
TEL083-001916,2025-04-10,C0116,plus,centro,27,32.6,0,0,
TEL083-001917,2025-04-10,C0117,total,sur,75,58.24,0,0,
TEL083-001918,2025-04-10,C0118,esencial,norte,29,21.71,4,1,servicio
TEL083-001919,2025-04-10,C0119,plus,sur,61,36.97,0,1,servicio
TEL083-001920,2025-04-10,C0120,total,norte,99,66.63,0,0,
TEL083-001921,2025-05-11,C0001,esencial,norte,23,17.11,0,0,
TEL083-001922,2025-05-11,C0002,plus,norte,24,40.01,0,0,
TEL083-001923,2025-05-11,C0003,total,sur,47,52.77,0,0,
TEL083-001924,2025-05-11,C0004,esencial,norte,96,32.19,0,0,
TEL083-001925,2025-05-11,C0005,plus,sur,33,30.52,0,0,
TEL083-001926,2025-05-11,C0006,total,norte,18,40.85,0,0,
TEL083-001927,2025-05-11,C0007,esencial,centro,91,18.6,3,0,
TEL083-001928,2025-05-11,C0008,plus,norte,86,22.07,0,0,
TEL083-001929,2025-05-11,C0009,total,sur,59,55.46,3,0,
TEL083-001930,2025-05-11,C0010,esencial,sur,103,12.66,0,0,
TEL083-001931,2025-05-11,C0011,plus,norte,105,47.0,0,0,
TEL083-001932,2025-05-11,C0012,total,sur,28,45.99,2,1,mudanza
TEL083-001933,2025-05-11,C0013,esencial,norte,21,11.5,1,0,
TEL083-001934,2025-05-11,C0014,plus,centro,86,28.14,1,0,
TEL083-001935,2025-05-11,C0015,total,centro,106,55.64,0,0,
TEL083-001936,2025-05-11,C0016,esencial,sur,67,34.13,0,0,
TEL083-001937,2025-05-11,C0017,plus,sur,76,40.46,0,0,
TEL083-001938,2025-05-11,C0018,total,sur,30,54.33,3,0,
TEL083-001939,2025-05-11,C0019,esencial,norte,51,14.97,1,0,
TEL083-001940,2025-05-11,C0020,plus,sur,89,32.79,0,0,
TEL083-001941,2025-05-11,C0021, TOTAL ,sur,29,55.19,2,0,
TEL083-001942,2025-05-11,C0022,esencial,centro,106,22.67,0,0,
TEL083-001943,2025-05-11,C0023,plus,centro,66,36.8,0,0,
TEL083-001944,2025-05-11,C0024,total,sur,105,51.18,0,0,
TEL083-001945,2025-05-11,C0025,esencial,centro,45,16.71,2,0,
TEL083-001946,2025-05-11,C0026,plus,sur,72,28.6,1,0,
TEL083-001947,2025-05-11,C0027,total,centro,29,67.72,0,0,
TEL083-001948,2025-05-11,C0028,esencial,norte,66,16.37,2,0,
TEL083-001949,2025-05-11,C0029,plus,centro,53,30.17,0,0,
TEL083-001950,2025-05-11,C0030,total,norte,58,61.25,0,0,
TEL083-001951,2025-05-11,C0031,esencial,centro,26,17.81,0,0,
TEL083-001952,2025-05-11,C0032,plus,norte,48,29.31,3,0,
TEL083-001953,2025-05-11,C0033,total,sur,105,62.29,1,1,mudanza
TEL083-001954,2025-05-11,C0034,esencial,norte,85,10.91,0,0,
TEL083-001955,2025-05-11,C0035,plus,sur,97,41.76,2,0,
TEL083-001956,2025-05-11,C0036,total,norte,67,54.42,3,0,
TEL083-001957,2025-05-11,C0037,esencial,norte,49,28.04,0,0,
TEL083-001958,2025-05-11,C0038,plus,centro,53,35.71,0,0,
TEL083-001959,2025-05-11,C0039,total,norte,97,52.51,1,0,
TEL083-001960,2025-05-11,C0040,esencial,norte,90,21.61,0,0,
TEL083-001961,2025-05-11,C0041,plus,norte,89,26.42,0,0,
TEL083-001962,2025-05-11,C0042,total,norte,38,52.26,3,0,
TEL083-001963,2025-05-11,C0043,esencial,centro,23,18.91,1,0,
TEL083-001964,2025-05-11,C0044,plus,centro,106,28.57,1,0,
TEL083-001965,2025-05-11,C0045,total,norte,68,54.13,0,0,
TEL083-001966,2025-05-11,C0046,esencial,norte,29,24.56,0,0,
TEL083-001967,2025-05-11,C0047,plus,centro,78,36.32,2,0,
TEL083-001968,2025-05-11,C0048,total,sur,78,50.11,0,0,
TEL083-001969,2025-05-11,C0049,esencial,centro,102,14.66,0,0,
TEL083-001970,2025-05-11,C0050,plus,norte,50,31.77,0,0,
TEL083-001971,2025-05-11,C0051,total,centro,85,55.8,0,0,
TEL083-001972,2025-05-11,C0052,esencial,norte,101,13.89,0,0,
TEL083-001973,2025-05-11,C0053,plus,centro,63,28.74,0,0,
TEL083-001974,2025-05-11,C0054,total,sur,64,49.27,0,0,
TEL083-001975,2025-05-11,C0055,esencial,norte,48,6.8,4,0,
TEL083-001976,2025-05-11,C0056,plus,centro,80,25.28,2,0,
TEL083-001977,2025-05-11,C0057,total,sur,50,58.12,1,0,
TEL083-001978,2025-05-11,C0058,esencial,centro,70,6.37,0,0,
TEL083-001979,2025-05-11,C0059,plus,centro,101,29.1,0,0,
TEL083-001980,2025-05-11,C0060,total,norte,73,34.51,0,0,
TEL083-001981,2025-05-11,C0061,esencial,centro,26,22.96,1,0,
TEL083-001982,2025-05-11,C0062,plus,centro,48,29.91,0,0,
TEL083-001983,2025-05-11,C0063,total,centro,19,68.4,2,0,
TEL083-001984,2025-05-11,C0064,esencial,centro,98,22.42,0,0,
TEL083-001985,2025-05-11,C0065,plus,centro,22,37.24,0,0,
TEL083-001986,2025-05-11,C0066,total,sur,58,57.14,2,0,
TEL083-001987,2025-05-11,C0067,esencial,sur,80,15.25,1,0,
TEL083-001988,2025-05-11,C0068,plus,norte,42,50.15,2,0,
TEL083-001989,2025-05-11,C0069,total,sur,64,46.19,0,0,
TEL083-001990,2025-05-11,C0070,esencial,centro,18,24.58,0,0,
TEL083-001991,2025-05-11,C0071,plus,centro,84,31.0,1,0,
TEL083-001992,2025-05-11,C0072,total,norte,43,49.49,1,0,
TEL083-001993,2025-05-11,C0073,esencial,sur,37,,0,0,
TEL083-001994,2025-05-11,C0074,plus,centro,58,36.26,0,0,
TEL083-001995,2025-05-11,C0075,total,sur,68,50.85,0,0,
TEL083-001996,2025-05-11,C0076,esencial,centro,61,16.37,1,0,
TEL083-001997,2025-05-11,C0077,plus,sur,43,33.31,0,0,
TEL083-001998,2025-05-11,C0078,total,centro,85,43.79,3,0,
TEL083-001999,2025-05-11,C0079,esencial,sur,93,12.8,0,0,
TEL083-002000,2025-05-11,C0080,plus,sur,88,34.62,1,0,
TEL083-002001,2025-05-11,C0081,total,norte,35,55.29,0,0,
TEL083-002002,2025-05-11,C0082,esencial,centro,42,4.41,2,0,
TEL083-002003,2025-05-11,C0083,plus,centro,46,27.51,1,0,
TEL083-002004,2025-05-11,C0084,total,norte,34,45.23,1,0,
TEL083-002005,2025-05-11,C0085,esencial,centro,53,21.39,2,0,
TEL083-002006,2025-05-11,C0086,plus,norte,81,34.57,1,0,
TEL083-002007,2025-05-11,C0087,total,centro,62,49.14,0,0,
TEL083-002008,2025-05-11,C0088,esencial,norte,26,21.08,2,0,
TEL083-002009,2025-05-11,C0089,plus,sur,47,33.91,0,0,
TEL083-002010,2025-05-11,C0090,total,sur,48,45.63,2,0,
TEL083-002011,2025-05-11,C0091,esencial,norte,68,17.16,3,1,mudanza
TEL083-002012,2025-05-11,C0092,plus,sur,44,38.29,1,0,
TEL083-002013,2025-05-11,C0093,total,centro,69,54.01,1,0,
TEL083-002014,2025-05-11,C0094,esencial,norte,50,14.99,2,0,
TEL083-002015,2025-05-11,C0095,plus,norte,91,34.7,0,1,servicio
TEL083-002016,2025-05-11,C0096,total,sur,83,48.35,1,0,
TEL083-002017,2025-05-11,C0097,esencial,norte,36,20.47,0,1,servicio
TEL083-002018,2025-05-11,C0098,plus,centro,36,31.11,0,0,
TEL083-002019,2025-05-11,C0099,total,sur,91,55.51,0,0,
TEL083-002020,2025-05-11,C0100,esencial,norte,20,12.04,0,0,
TEL083-002021,2025-05-11,C0101,plus,sur,35,52.09,1,0,
TEL083-002022,2025-05-11,C0102,total,centro,84,49.75,2,1,mudanza
TEL083-002023,2025-05-11,C0103,esencial,sur,56,21.83,0,0,
TEL083-002024,2025-05-11,C0104,plus,centro,26,39.01,0,0,
TEL083-002025,2025-05-11,C0105,total,norte,31,51.62,0,0,
TEL083-002026,2025-05-11,C0106,esencial,centro,69,18.11,1,0,
TEL083-002027,2025-05-11,C0107,plus,centro,21,45.25,0,0,
TEL083-002028,2025-05-11,C0108,total,centro,17,53.36,2,0,
TEL083-002029,2025-05-11,C0109,esencial,sur,81,5.49,0,0,
TEL083-002030,2025-05-11,C0110,plus,centro,99,24.34,0,0,
TEL083-002031,2025-05-11,C0111,total,norte,39,57.58,0,0,
TEL083-002032,2025-05-11,C0112,esencial,norte,38,19.17,0,0,
TEL083-002033,2025-05-11,C0113,plus,sur,47,33.72,1,0,
TEL083-002034,2025-05-11,C0114,total,norte,36,55.41,4,0,
TEL083-002035,2025-05-11,C0115,esencial,centro,38,13.25,0,0,
TEL083-002036,2025-05-11,C0116,plus,centro,28,29.7,3,0,
TEL083-002037,2025-05-11,C0117,total,sur,76,64.8,0,0,
TEL083-002038,2025-05-11,C0118, ESENCIAL ,norte,30,7.25,0,1,servicio
TEL083-002039,2025-05-11,C0119,plus,sur,62,34.8,1,0,
TEL083-002040,2025-05-11,C0120,total,norte,100,52.88,1,0,
TEL083-002041,2025-06-11,C0001,esencial,norte,24,0.34,0,0,
TEL083-002042,2025-06-11,C0002,plus,norte,25,40.11,0,0,
TEL083-002043,2025-06-11,C0003,total,sur,48,36.16,0,0,
TEL083-002044,2025-06-11,C0004,esencial,norte,97,20.05,1,0,
TEL083-002045,2025-06-11,C0005,plus,sur,34,41.32,0,0,
TEL083-002046,2025-06-11,C0006,total,norte,19,52.94,0,0,
TEL083-002047,2025-06-11,C0007,esencial,centro,92,33.83,0,0,
TEL083-002048,2025-06-11,C0008,plus,norte,87,20.26,3,1,servicio
TEL083-002049,2025-06-11,C0009,total,sur,60,63.34,0,0,
TEL083-002050,2025-06-11,C0010,esencial,sur,104,14.49,3,0,
TEL083-002051,2025-06-11,C0011,plus,norte,106,44.77,3,0,
TEL083-002052,2025-06-11,C0012,total,sur,29,64.86,3,0,
TEL083-002053,2025-06-11,C0013,esencial,norte,22,15.46,3,0,
TEL083-002054,2025-06-11,C0014,plus,centro,87,39.38,1,0,
TEL083-002055,2025-06-11,C0015,total,centro,107,39.92,0,0,
TEL083-002056,2025-06-11,C0016,esencial,sur,68,30.8,1,0,
TEL083-002057,2025-06-11,C0017,plus,sur,77,34.69,0,0,
TEL083-002058,2025-06-11,C0018,total,sur,31,51.25,0,0,
TEL083-002059,2025-06-11,C0019,esencial,norte,52,19.93,3,0,
TEL083-002060,2025-06-11,C0020,plus,sur,90,30.05,0,0,
TEL083-002061,2025-06-11,C0021,total,sur,30,56.73,2,0,
TEL083-002062,2025-06-11,C0022,esencial,centro,107,17.4,0,0,
TEL083-002063,2025-06-11,C0023,plus,centro,67,38.27,0,0,
TEL083-002064,2025-06-11,C0024,total,sur,106,52.52,0,0,
TEL083-002065,2025-06-11,C0025,esencial,centro,46,9.03,1,0,
TEL083-002066,2025-06-11,C0026,plus,sur,73,37.59,0,0,
TEL083-002067,2025-06-11,C0027,total,centro,30,66.55,2,0,
TEL083-002068,2025-06-11,C0028,esencial,norte,67,12.28,0,0,
TEL083-002069,2025-06-11,C0029,plus,centro,54,41.51,0,0,
TEL083-002070,2025-06-11,C0030,total,norte,59,51.9,1,0,
TEL083-002071,2025-06-11,C0031,esencial,centro,27,23.23,0,0,
TEL083-002072,2025-06-11,C0032,plus,norte,49,30.76,0,0,
TEL083-002073,2025-06-11,C0033,total,sur,106,52.8,2,0,
TEL083-002074,2025-06-11,C0034,esencial,norte,86,14.32,0,0,
TEL083-002075,2025-06-11,C0035,plus,sur,98,31.29,0,0,
TEL083-002076,2025-06-11,C0036,total,norte,68,,0,0,
TEL083-002077,2025-06-11,C0037,esencial,norte,50,16.86,0,0,
TEL083-002078,2025-06-11,C0038,plus,centro,54,35.0,0,0,
TEL083-002079,2025-06-11,C0039,total,norte,98,36.52,1,0,
TEL083-002080,2025-06-11,C0040,esencial,norte,91,11.31,1,0,
TEL083-002081,2025-06-11,C0041,plus,norte,90,32.81,0,0,
TEL083-002082,2025-06-11,C0042,total,norte,39,48.13,0,0,
TEL083-002083,2025-06-11,C0043,esencial,centro,24,23.63,0,0,
TEL083-002084,2025-06-11,C0044,plus,centro,107,31.71,4,1,precio
TEL083-002085,2025-06-11,C0045,total,norte,69,43.39,1,0,
TEL083-002086,2025-06-11,C0046,esencial,norte,30,29.74,3,0,
TEL083-002087,2025-06-11,C0047,plus,centro,79,37.6,0,1,servicio
TEL083-002088,2025-06-11,C0048,total,sur,79,56.77,0,0,
TEL083-002089,2025-06-11,C0049,esencial,centro,103,16.71,3,1,servicio
TEL083-002090,2025-06-11,C0050,plus,norte,51,41.02,1,0,
TEL083-002091,2025-06-11,C0051,total,centro,86,53.62,2,0,
TEL083-002092,2025-06-11,C0052,esencial,norte,102,9.0,0,0,
TEL083-002093,2025-06-11,C0053,plus,centro,64,31.36,0,0,
TEL083-002094,2025-06-11,C0054,total,sur,65,38.76,1,0,
TEL083-002095,2025-06-11,C0055,esencial,norte,49,11.41,0,0,
TEL083-002096,2025-06-11,C0056,plus,centro,81,27.76,0,0,
TEL083-002097,2025-06-11,C0057,total,sur,51,51.55,1,0,
TEL083-002098,2025-06-11,C0058,esencial,centro,71,22.59,0,0,
TEL083-002099,2025-06-11,C0059,plus,centro,102,34.35,3,0,
TEL083-002100,2025-06-11,C0060,total,norte,74,53.14,1,0,
TEL083-002101,2025-06-11,C0061,esencial,centro,27,14.12,0,0,
TEL083-002102,2025-06-11,C0062,plus,centro,49,41.07,3,0,
TEL083-002103,2025-06-11,C0063,total,centro,20,60.14,1,0,
TEL083-002104,2025-06-11,C0064,esencial,centro,99,19.6,0,0,
TEL083-002105,2025-06-11,C0065,plus,centro,23,49.17,4,1,mudanza
TEL083-002106,2025-06-11,C0066,total,sur,59,46.13,1,0,
TEL083-002107,2025-06-11,C0067,esencial,sur,81,6.27,2,0,
TEL083-002108,2025-06-11,C0068,plus,norte,43,31.43,0,0,
TEL083-002109,2025-06-11,C0069,total,sur,65,71.17,1,0,
TEL083-002110,2025-06-11,C0070,esencial,centro,19,27.52,0,1,mudanza
TEL083-002111,2025-06-11,C0071,plus,centro,85,"48,1",3,0,
TEL083-002112,2025-06-11,C0072,total,norte,44,46.79,0,0,
TEL083-002113,2025-06-11,C0073,esencial,sur,38,21.65,0,0,
TEL083-002114,2025-06-11,C0074,plus,centro,59,39.96,0,0,
TEL083-002115,2025-06-11,C0075,total,sur,69,54.5,0,0,
TEL083-002116,2025-06-11,C0076,esencial,centro,62,22.58,0,0,
TEL083-002117,2025-06-11,C0077,plus,sur,44,36.06,0,0,
TEL083-002118,2025-06-11,C0078,total,centro,86,46.54,0,0,
TEL083-002119,2025-06-11,C0079,esencial,sur,94,9.73,1,0,
TEL083-002120,2025-06-11,C0080,plus,sur,89,29.74,0,0,
TEL083-002121,2025-06-11,C0081,total,norte,36,59.47,0,0,
TEL083-002122,2025-06-11,C0082,esencial,centro,43,19.45,0,0,
TEL083-002123,2025-06-11,C0083,plus,centro,47,35.98,1,0,
TEL083-002124,2025-06-11,C0084,total,norte,35,51.67,0,0,
TEL083-002125,2025-06-11,C0085,esencial,centro,54,13.45,1,0,
TEL083-002126,2025-06-11,C0086,plus,norte,82,47.09,1,0,
TEL083-002127,2025-06-11,C0087,total,centro,63,54.52,0,0,
TEL083-002128,2025-06-11,C0088,esencial,norte,27,25.15,0,0,
TEL083-002129,2025-06-11,C0089,plus,sur,48,20.84,0,0,
TEL083-002130,2025-06-11,C0090,total,sur,49,53.85,0,0,
TEL083-002131,2025-06-11,C0091,esencial,norte,69,21.04,3,0,
TEL083-002132,2025-06-11,C0092,plus,sur,45,42.9,0,0,
TEL083-002133,2025-06-11,C0093,total,centro,70,58.62,0,0,
TEL083-002134,2025-06-11,C0094,esencial,norte,51,12.04,0,0,
TEL083-002135,2025-06-11,C0095, PLUS ,norte,92,50.19,2,0,
TEL083-002136,2025-06-11,C0096,total,sur,84,54.58,2,1,precio
TEL083-002137,2025-06-11,C0097,esencial,norte,37,14.09,0,0,
TEL083-002138,2025-06-11,C0098,plus,centro,37,46.64,0,0,
TEL083-002139,2025-06-11,C0099,total,sur,92,46.11,0,0,
TEL083-002140,2025-06-11,C0100,esencial,norte,21,1.95,3,0,
TEL083-002141,2025-06-11,C0101,plus,sur,36,33.84,2,0,
TEL083-002142,2025-06-11,C0102,total,centro,85,56.84,1,0,
TEL083-002143,2025-06-11,C0103,esencial,sur,57,12.33,0,0,
TEL083-002144,2025-06-11,C0104,plus,centro,27,31.96,1,0,
TEL083-002145,2025-06-11,C0105,total,norte,32,38.36,1,0,
TEL083-002146,2025-06-11,C0106,esencial,centro,70,20.01,0,0,
TEL083-002147,2025-06-11,C0107,plus,centro,22,32.54,1,0,
TEL083-002148,2025-06-11,C0108,total,centro,18,78.14,0,0,
TEL083-002149,2025-06-11,C0109,esencial,sur,82,12.74,1,1,precio
TEL083-002150,2025-06-11,C0110,plus,centro,100,39.87,1,0,
TEL083-002151,2025-06-11,C0111,total,norte,40,51.17,1,0,
TEL083-002152,2025-06-11,C0112,esencial,norte,39,8.53,1,1,precio
TEL083-002153,2025-06-11,C0113,plus,sur,48,51.22,0,0,
TEL083-002154,2025-06-11,C0114,total,norte,37,60.84,0,0,
TEL083-002155,2025-06-11,C0115,esencial,centro,39,23.73,0,0,
TEL083-002156,2025-06-11,C0116,plus,centro,29,16.67,1,0,
TEL083-002157,2025-06-11,C0117,total,sur,77,55.26,2,0,
TEL083-002158,2025-06-11,C0118,esencial,norte,31,29.36,1,0,
TEL083-002159,2025-06-11,C0119,plus,sur,63,,1,0,
TEL083-002160,2025-06-11,C0120,total,norte,101,59.24,0,0,
TEL083-002161,2025-07-12,C0001,esencial,norte,25,20.13,0,0,
TEL083-002162,2025-07-12,C0002,plus,norte,26,40.13,4,0,
TEL083-002163,2025-07-12,C0003,total,sur,49,52.33,1,0,
TEL083-002164,2025-07-12,C0004,esencial,norte,98,12.91,0,0,
TEL083-002165,2025-07-12,C0005,plus,sur,35,46.34,2,0,
TEL083-002166,2025-07-12,C0006,total,norte,20,44.08,2,0,
TEL083-002167,2025-07-12,C0007,esencial,centro,93,14.4,0,0,
TEL083-002168,2025-07-12,C0008,plus,norte,88,41.52,0,0,
TEL083-002169,2025-07-12,C0009,total,sur,61,59.03,0,0,
TEL083-002170,2025-07-12,C0010,esencial,sur,105,28.54,3,1,servicio
TEL083-002171,2025-07-12,C0011,plus,norte,107,34.36,0,0,
TEL083-002172,2025-07-12,C0012,total,sur,30,36.55,0,0,
TEL083-002173,2025-07-12,C0013,esencial,norte,23,16.54,0,0,
TEL083-002174,2025-07-12,C0014,plus,centro,88,38.76,2,0,
TEL083-002175,2025-07-12,C0015,total,centro,108,55.94,0,0,
TEL083-002176,2025-07-12,C0016,esencial,sur,69,19.72,4,1,precio
TEL083-002177,2025-07-12,C0017,plus,sur,78,32.72,0,0,
TEL083-002178,2025-07-12,C0018,total,sur,32,51.41,0,0,
TEL083-002179,2025-07-12,C0019,esencial,norte,53,14.72,0,0,
TEL083-002180,2025-07-12,C0020,plus,sur,91,36.51,1,0,
TEL083-002181,2025-07-12,C0021,total,sur,31,49.75,2,0,
TEL083-002182,2025-07-12,C0022,esencial,centro,108,26.25,1,0,
TEL083-002183,2025-07-12,C0023,plus,centro,68,48.61,1,1,mudanza
TEL083-002184,2025-07-12,C0024,total,sur,107,60.71,1,0,
TEL083-002185,2025-07-12,C0025,esencial,centro,47,11.9,0,0,
TEL083-002186,2025-07-12,C0026,plus,sur,74,45.85,0,0,
TEL083-002187,2025-07-12,C0027,total,centro,31,55.25,0,0,
TEL083-002188,2025-07-12,C0028,esencial,norte,68,6.71,0,0,
TEL083-002189,2025-07-12,C0029,plus,centro,55,45.69,0,0,
TEL083-002190,2025-07-12,C0030,total,norte,60,56.72,0,0,
TEL083-002191,2025-07-12,C0031,esencial,centro,28,5.68,1,0,
TEL083-002192,2025-07-12,C0032,plus,norte,50,23.06,1,0,
TEL083-002193,2025-07-12,C0033,total,sur,107,51.33,3,0,
TEL083-002194,2025-07-12,C0034,esencial,norte,87,23.67,1,0,
TEL083-002195,2025-07-12,C0035,plus,sur,99,24.2,0,0,
TEL083-002196,2025-07-12,C0036,total,norte,69,61.55,1,0,
TEL083-002197,2025-07-12,C0037,esencial,norte,51,26.14,0,0,
TEL083-002198,2025-07-12,C0038,plus,centro,55,41.18,1,0,
TEL083-002199,2025-07-12,C0039,total,norte,99,42.21,0,0,
TEL083-002200,2025-07-12,C0040,esencial,norte,92,23.68,0,0,
TEL083-002201,2025-07-12,C0041,plus,norte,91,37.86,2,0,
TEL083-002202,2025-07-12,C0042,total,norte,40,60.18,0,0,
TEL083-002203,2025-07-12,C0043,esencial,centro,25,20.48,0,0,
TEL083-002204,2025-07-12,C0044,plus,centro,108,32.22,1,0,
TEL083-002205,2025-07-12,C0045,total,norte,70,49.89,0,0,
TEL083-002206,2025-07-12,C0046,esencial,norte,31,18.1,1,0,
TEL083-002207,2025-07-12,C0047,plus,centro,80,21.57,0,0,
TEL083-002208,2025-07-12,C0048,total,sur,80,64.44,0,0,
TEL083-002209,2025-07-12,C0049,esencial,centro,104,18.15,2,1,precio
TEL083-002210,2025-07-12,C0050,plus,norte,52,39.95,0,0,
TEL083-002211,2025-07-12,C0051,total,centro,87,53.13,2,0,
TEL083-002212,2025-07-12,C0052,esencial,norte,103,3.25,2,0,
TEL083-002213,2025-07-12,C0053,plus,centro,65,43.11,1,0,
TEL083-002214,2025-07-12,C0054,total,sur,66,52.81,0,0,
TEL083-002215,2025-07-12,C0055,esencial,norte,50,22.98,0,0,
TEL083-002216,2025-07-12,C0056,plus,centro,82,36.62,0,1,servicio
TEL083-002217,2025-07-12,C0057,total,sur,52,56.16,0,0,
TEL083-002218,2025-07-12,C0058,esencial,centro,72,12.93,0,0,
TEL083-002219,2025-07-12,C0059,plus,centro,103,15.33,3,0,
TEL083-002220,2025-07-12,C0060,total,norte,75,48.95,0,0,
TEL083-002221,2025-07-12,C0061,esencial,centro,28,9.94,1,0,
TEL083-002222,2025-07-12,C0062,plus,centro,50,34.94,0,0,
TEL083-002223,2025-07-12,C0063,total,centro,21,62.39,0,0,
TEL083-002224,2025-07-12,C0064,esencial,centro,100,9.5,0,0,
TEL083-002225,2025-07-12,C0065,plus,centro,24,28.78,0,0,
TEL083-002226,2025-07-12,C0066,total,sur,60,64.79,2,0,
TEL083-002227,2025-07-12,C0067,esencial,sur,82,17.7,1,0,
TEL083-002228,2025-07-12,C0068,plus,norte,44,42.82,0,0,
TEL083-002229,2025-07-12,C0069,total,sur,66,57.36,0,0,
TEL083-002230,2025-07-12,C0070,esencial,centro,20,15.33,1,0,
TEL083-002231,2025-07-12,C0071,plus,centro,86,32.8,0,0,
TEL083-002232,2025-07-12,C0072, TOTAL ,norte,45,46.47,0,0,
TEL083-002233,2025-07-12,C0073,esencial,sur,39,22.73,1,0,
TEL083-002234,2025-07-12,C0074,plus,centro,60,37.99,1,0,
TEL083-002235,2025-07-12,C0075,total,sur,70,49.44,1,0,
TEL083-002236,2025-07-12,C0076,esencial,centro,63,14.27,1,0,
TEL083-002237,2025-07-12,C0077,plus,sur,45,31.34,1,0,
TEL083-002238,2025-07-12,C0078,total,centro,87,44.71,0,0,
TEL083-002239,2025-07-12,C0079,esencial,sur,95,44.06,1,1,mudanza
TEL083-002240,2025-07-12,C0080,plus,sur,90,15.05,0,0,
TEL083-002241,2025-07-12,C0081,total,norte,37,63.22,0,0,
TEL083-002242,2025-07-12,C0082,esencial,centro,44,,0,0,
TEL083-002243,2025-07-12,C0083,plus,centro,48,50.03,0,0,
TEL083-002244,2025-07-12,C0084,total,norte,36,48.81,0,0,
TEL083-002245,2025-07-12,C0085,esencial,centro,55,7.69,1,0,
TEL083-002246,2025-07-12,C0086,plus,norte,83,21.81,1,1,precio
TEL083-002247,2025-07-12,C0087,total,centro,64,57.95,0,0,
TEL083-002248,2025-07-12,C0088,esencial,norte,28,19.09,0,0,
TEL083-002249,2025-07-12,C0089,plus,sur,49,27.59,0,0,
TEL083-002250,2025-07-12,C0090,total,sur,50,52.64,0,0,
TEL083-002251,2025-07-12,C0091,esencial,norte,70,7.88,0,0,
TEL083-002252,2025-07-12,C0092,plus,sur,46,16.73,0,0,
TEL083-002253,2025-07-12,C0093,total,centro,71,53.28,0,0,
TEL083-002254,2025-07-12,C0094,esencial,norte,52,16.58,0,0,
TEL083-002255,2025-07-12,C0095,plus,norte,93,24.29,0,0,
TEL083-002256,2025-07-12,C0096,total,sur,85,49.04,2,0,
TEL083-002257,2025-07-12,C0097,esencial,norte,38,22.44,0,0,
TEL083-002258,2025-07-12,C0098,plus,centro,38,43.27,0,0,
TEL083-002259,2025-07-12,C0099,total,sur,93,38.18,0,0,
TEL083-002260,2025-07-12,C0100,esencial,norte,22,16.01,3,1,precio
TEL083-002261,2025-07-12,C0101,plus,sur,37,31.56,2,0,
TEL083-002262,2025-07-12,C0102,total,centro,86,51.59,0,0,
TEL083-002263,2025-07-12,C0103,esencial,sur,58,15.27,0,0,
TEL083-002264,2025-07-12,C0104,plus,centro,28,28.09,0,0,
TEL083-002265,2025-07-12,C0105,total,norte,33,47.72,0,0,
TEL083-002266,2025-07-12,C0106,esencial,centro,71,6.5,1,0,
TEL083-002267,2025-07-12,C0107,plus,centro,23,34.07,0,0,
TEL083-002268,2025-07-12,C0108,total,centro,19,48.77,3,1,precio
TEL083-002269,2025-07-12,C0109,esencial,sur,83,17.44,3,0,
TEL083-002270,2025-07-12,C0110,plus,centro,101,35.9,1,0,
TEL083-002271,2025-07-12,C0111,total,norte,41,53.68,0,0,
TEL083-002272,2025-07-12,C0112,esencial,norte,40,22.46,0,0,
TEL083-002273,2025-07-12,C0113,plus,sur,49,40.84,1,0,
TEL083-002274,2025-07-12,C0114,total,norte,38,48.06,3,0,
TEL083-002275,2025-07-12,C0115,esencial,centro,40,30.0,0,0,
TEL083-002276,2025-07-12,C0116,plus,centro,30,27.94,0,0,
TEL083-002277,2025-07-12,C0117,total,sur,78,55.27,3,0,
TEL083-002278,2025-07-12,C0118,esencial,norte,32,25.12,1,0,
TEL083-002279,2025-07-12,C0119,plus,sur,64,25.72,2,0,
TEL083-002280,2025-07-12,C0120,total,norte,102,35.65,1,0,
TEL083-002281,2025-08-12,C0001,esencial,norte,26,17.42,0,0,
TEL083-002282,2025-08-12,C0002,plus,norte,27,33.54,0,0,
TEL083-002283,2025-08-12,C0003,total,sur,50,45.3,2,0,
TEL083-002284,2025-08-12,C0004,esencial,norte,99,2.73,0,0,
TEL083-002285,2025-08-12,C0005,plus,sur,36,24.28,0,0,
TEL083-002286,2025-08-12,C0006,total,norte,21,56.7,2,0,
TEL083-002287,2025-08-12,C0007,esencial,centro,94,14.77,0,0,
TEL083-002288,2025-08-12,C0008,plus,norte,89,56.89,0,0,
TEL083-002289,2025-08-12,C0009,total,sur,62,53.7,1,0,
TEL083-002290,2025-08-12,C0010,esencial,sur,106,13.27,0,0,
TEL083-002291,2025-08-12,C0011,plus,norte,108,31.16,1,0,
TEL083-002292,2025-08-12,C0012,total,sur,31,67.68,1,0,
TEL083-002293,2025-08-12,C0013,esencial,norte,24,10.09,0,0,
TEL083-002294,2025-08-12,C0014,plus,centro,89,28.1,1,0,
TEL083-002295,2025-08-12,C0015,total,centro,109,38.78,1,0,
TEL083-002296,2025-08-12,C0016,esencial,sur,70,24.03,0,0,
TEL083-002297,2025-08-12,C0017,plus,sur,79,39.45,1,0,
TEL083-002298,2025-08-12,C0018,total,sur,33,55.65,2,1,precio
TEL083-002299,2025-08-12,C0019,esencial,norte,54,8.51,0,0,
TEL083-002300,2025-08-12,C0020,plus,sur,92,31.36,1,0,
TEL083-002301,2025-08-12,C0021,total,sur,32,50.72,0,0,
TEL083-002302,2025-08-12,C0022,esencial,centro,109,23.44,0,0,
TEL083-002303,2025-08-12,C0023,plus,centro,69,28.28,0,0,
TEL083-002304,2025-08-12,C0024,total,sur,108,54.23,1,0,
TEL083-002305,2025-08-12,C0025,esencial,centro,48,21.54,3,1,mudanza
TEL083-002306,2025-08-12,C0026,plus,sur,75,24.56,0,0,
TEL083-002307,2025-08-12,C0027,total,centro,32,57.26,0,0,
TEL083-002308,2025-08-12,C0028,esencial,norte,69,11.66,1,0,
TEL083-002309,2025-08-12,C0029,plus,centro,56,43.19,2,0,
TEL083-002310,2025-08-12,C0030,total,norte,61,49.19,0,0,
TEL083-002311,2025-08-12,C0031,esencial,centro,29,23.47,0,1,precio
TEL083-002312,2025-08-12,C0032,plus,norte,51,34.46,0,0,
TEL083-002313,2025-08-12,C0033,total,sur,108,40.08,1,0,
TEL083-002314,2025-08-12,C0034,esencial,norte,88,22.96,0,0,
TEL083-002315,2025-08-12,C0035,plus,sur,100,43.65,1,0,
TEL083-002316,2025-08-12,C0036,total,norte,70,37.7,0,0,
TEL083-002317,2025-08-12,C0037,esencial,norte,52,11.84,1,0,
TEL083-002318,2025-08-12,C0038,plus,centro,56,41.58,2,0,
TEL083-002319,2025-08-12,C0039,total,norte,100,47.19,0,0,
TEL083-002320,2025-08-12,C0040,esencial,norte,93,12.02,3,1,servicio
TEL083-002321,2025-08-12,C0041,plus,norte,92,36.55,2,0,
TEL083-002322,2025-08-12,C0042,total,norte,41,"43,92",0,0,
TEL083-002323,2025-08-12,C0043,esencial,centro,26,17.21,0,0,
TEL083-002324,2025-08-12,C0044,plus,centro,109,27.15,1,0,
TEL083-002325,2025-08-12,C0045,total,norte,71,,1,0,
TEL083-002326,2025-08-12,C0046,esencial,norte,32,3.8,0,1,mudanza
TEL083-002327,2025-08-12,C0047,plus,centro,81,41.03,1,1,mudanza
TEL083-002328,2025-08-12,C0048,total,sur,81,47.38,1,0,
TEL083-002329,2025-08-12,C0049, ESENCIAL ,centro,105,22.15,0,0,
TEL083-002330,2025-08-12,C0050,plus,norte,53,60.05,0,0,
TEL083-002331,2025-08-12,C0051,total,centro,88,49.58,0,0,
TEL083-002332,2025-08-12,C0052,esencial,norte,104,5.79,2,0,
TEL083-002333,2025-08-12,C0053,plus,centro,66,29.15,1,0,
TEL083-002334,2025-08-12,C0054,total,sur,67,43.15,1,0,
TEL083-002335,2025-08-12,C0055,esencial,norte,51,3.9,2,0,
TEL083-002336,2025-08-12,C0056,plus,centro,83,33.35,0,0,
TEL083-002337,2025-08-12,C0057,total,sur,53,38.41,0,0,
TEL083-002338,2025-08-12,C0058,esencial,centro,73,17.07,0,0,
TEL083-002339,2025-08-12,C0059,plus,centro,104,29.59,0,0,
TEL083-002340,2025-08-12,C0060,total,norte,76,62.12,0,0,
TEL083-002341,2025-08-12,C0061,esencial,centro,29,29.77,0,0,
TEL083-002342,2025-08-12,C0062,plus,centro,51,21.04,3,0,
TEL083-002343,2025-08-12,C0063,total,centro,22,58.35,0,0,
TEL083-002344,2025-08-12,C0064,esencial,centro,101,0.8,4,0,
TEL083-002345,2025-08-12,C0065,plus,centro,25,38.88,1,1,mudanza
TEL083-002346,2025-08-12,C0066,total,sur,61,45.44,0,0,
TEL083-002347,2025-08-12,C0067,esencial,sur,83,8.37,3,0,
TEL083-002348,2025-08-12,C0068,plus,norte,45,26.92,0,0,
TEL083-002349,2025-08-12,C0069,total,sur,67,61.66,0,0,
TEL083-002350,2025-08-12,C0070,esencial,centro,21,26.1,0,0,
TEL083-002351,2025-08-12,C0071,plus,centro,87,41.68,0,0,
TEL083-002352,2025-08-12,C0072,total,norte,46,49.68,0,0,
TEL083-002353,2025-08-12,C0073,esencial,sur,40,23.15,2,0,
TEL083-002354,2025-08-12,C0074,plus,centro,61,43.75,2,0,
TEL083-002355,2025-08-12,C0075,total,sur,71,42.37,0,0,
TEL083-002356,2025-08-12,C0076,esencial,centro,64,16.9,0,0,
TEL083-002357,2025-08-12,C0077,plus,sur,46,27.2,0,0,
TEL083-002358,2025-08-12,C0078,total,centro,88,45.28,0,0,
TEL083-002359,2025-08-12,C0079,esencial,sur,96,17.18,2,0,
TEL083-002360,2025-08-12,C0080,plus,sur,91,47.48,0,0,
TEL083-002361,2025-08-12,C0081,total,norte,38,53.68,0,0,
TEL083-002362,2025-08-12,C0082,esencial,centro,45,18.33,0,0,
TEL083-002363,2025-08-12,C0083,plus,centro,49,28.49,2,0,
TEL083-002364,2025-08-12,C0084,total,norte,37,39.5,2,0,
TEL083-002365,2025-08-12,C0085,esencial,centro,56,15.61,2,0,
TEL083-002366,2025-08-12,C0086,plus,norte,84,42.62,1,0,
TEL083-002367,2025-08-12,C0087,total,centro,65,56.58,3,0,
TEL083-002368,2025-08-12,C0088,esencial,norte,29,20.88,1,0,
TEL083-002369,2025-08-12,C0089,plus,sur,50,23.72,0,0,
TEL083-002370,2025-08-12,C0090,total,sur,51,54.96,1,0,
TEL083-002371,2025-08-12,C0091,esencial,norte,71,10.69,1,0,
TEL083-002372,2025-08-12,C0092,plus,sur,47,49.02,0,0,
TEL083-002373,2025-08-12,C0093,total,centro,72,66.51,1,0,
TEL083-002374,2025-08-12,C0094,esencial,norte,53,0,1,0,
TEL083-002375,2025-08-12,C0095,plus,norte,94,47.35,1,0,
TEL083-002376,2025-08-12,C0096,total,sur,86,48.9,0,0,
TEL083-002377,2025-08-12,C0097,esencial,norte,39,2.18,0,0,
TEL083-002378,2025-08-12,C0098,plus,centro,39,29.47,0,0,
TEL083-002379,2025-08-12,C0099,total,sur,94,67.4,0,0,
TEL083-002380,2025-08-12,C0100,esencial,norte,23,8.86,1,0,
TEL083-002381,2025-08-12,C0101,plus,sur,38,36.1,0,0,
TEL083-002382,2025-08-12,C0102,total,centro,87,40.47,3,0,
TEL083-002383,2025-08-12,C0103,esencial,sur,59,8.89,0,1,precio
TEL083-002384,2025-08-12,C0104,plus,centro,29,31.6,2,0,
TEL083-002385,2025-08-12,C0105,total,norte,34,43.17,2,0,
TEL083-002386,2025-08-12,C0106,esencial,centro,72,23.49,0,1,servicio
TEL083-002387,2025-08-12,C0107,plus,centro,24,30.42,2,0,
TEL083-002388,2025-08-12,C0108,total,centro,20,66.64,0,0,
TEL083-002389,2025-08-12,C0109,esencial,sur,84,22.59,0,0,
TEL083-002390,2025-08-12,C0110,plus,centro,102,44.1,0,0,
TEL083-002391,2025-08-12,C0111,total,norte,42,53.19,1,0,
TEL083-002392,2025-08-12,C0112,esencial,norte,41,15.63,1,0,
TEL083-002393,2025-08-12,C0113,plus,sur,50,38.44,2,0,
TEL083-002394,2025-08-12,C0114,total,norte,39,59.5,0,0,
TEL083-002395,2025-08-12,C0115,esencial,centro,41,23.96,1,1,precio
TEL083-002396,2025-08-12,C0116,plus,centro,31,20.19,0,0,
TEL083-002397,2025-08-12,C0117,total,sur,79,48.99,0,0,
TEL083-002398,2025-08-12,C0118,esencial,norte,33,13.36,0,0,
TEL083-002399,2025-08-12,C0119,plus,sur,65,37.55,1,0,
TEL083-002400,2025-08-12,C0120,total,norte,103,55.8,1,0,
TEL083-002401,2025-09-12,C0001,esencial,norte,27,5.16,0,0,
TEL083-002402,2025-09-12,C0002,plus,norte,28,28.34,0,0,
TEL083-002403,2025-09-12,C0003,total,sur,51,37.41,3,1,servicio
TEL083-002404,2025-09-12,C0004,esencial,norte,100,20.14,4,1,precio
TEL083-002405,2025-09-12,C0005,plus,sur,37,42.92,2,0,
TEL083-002406,2025-09-12,C0006,total,norte,22,55.44,0,0,
TEL083-002407,2025-09-12,C0007,esencial,centro,95,25.28,1,0,
TEL083-002408,2025-09-12,C0008,plus,norte,90,,1,0,
TEL083-002409,2025-09-12,C0009,total,sur,63,65.56,1,0,
TEL083-002410,2025-09-12,C0010,esencial,sur,107,28.14,0,1,servicio
TEL083-002411,2025-09-12,C0011,plus,norte,109,24.51,0,0,
TEL083-002412,2025-09-12,C0012,total,sur,32,53.06,1,0,
TEL083-002413,2025-09-12,C0013,esencial,norte,25,24.63,0,0,
TEL083-002414,2025-09-12,C0014,plus,centro,90,49.27,2,0,
TEL083-002415,2025-09-12,C0015,total,centro,110,43.96,0,0,
TEL083-002416,2025-09-12,C0016,esencial,sur,71,3.94,0,0,
TEL083-002417,2025-09-12,C0017,plus,sur,80,31.61,1,0,
TEL083-002418,2025-09-12,C0018,total,sur,34,45.02,0,0,
TEL083-002419,2025-09-12,C0019,esencial,norte,55,15.89,0,0,
TEL083-002420,2025-09-12,C0020,plus,sur,93,52.54,0,0,
TEL083-002421,2025-09-12,C0021,total,sur,33,46.39,0,0,
TEL083-002422,2025-09-12,C0022,esencial,centro,110,28.34,0,0,
TEL083-002423,2025-09-12,C0023,plus,centro,70,37.13,0,0,
TEL083-002424,2025-09-12,C0024,total,sur,109,45.2,2,0,
TEL083-002425,2025-09-12,C0025,esencial,centro,49,20.42,0,0,
TEL083-002426,2025-09-12,C0026, PLUS ,sur,76,33.29,0,0,
TEL083-002427,2025-09-12,C0027,total,centro,33,53.16,0,0,
TEL083-002428,2025-09-12,C0028,esencial,norte,70,21.68,0,0,
TEL083-002429,2025-09-12,C0029,plus,centro,57,50.75,1,0,
TEL083-002430,2025-09-12,C0030,total,norte,62,45.5,1,0,
TEL083-002431,2025-09-12,C0031,esencial,centro,30,11.5,0,0,
TEL083-002432,2025-09-12,C0032,plus,norte,52,40.84,0,0,
TEL083-002433,2025-09-12,C0033,total,sur,109,70.74,0,0,
TEL083-002434,2025-09-12,C0034,esencial,norte,89,20.32,1,0,
TEL083-002435,2025-09-12,C0035,plus,sur,101,20.36,0,0,
TEL083-002436,2025-09-12,C0036,total,norte,71,46.19,0,0,
TEL083-002437,2025-09-12,C0037,esencial,norte,53,0,3,0,
TEL083-002438,2025-09-12,C0038,plus,centro,57,37.92,0,0,
TEL083-002439,2025-09-12,C0039,total,norte,101,45.98,2,0,
TEL083-002440,2025-09-12,C0040,esencial,norte,94,17.67,0,0,
TEL083-002441,2025-09-12,C0041,plus,norte,93,33.2,3,0,
TEL083-002442,2025-09-12,C0042,total,norte,42,53.21,0,0,
TEL083-002443,2025-09-12,C0043,esencial,centro,27,18.4,1,0,
TEL083-002444,2025-09-12,C0044,plus,centro,110,40.42,1,0,
TEL083-002445,2025-09-12,C0045,total,norte,72,60.76,1,0,
TEL083-002446,2025-09-12,C0046,esencial,norte,33,7.82,1,0,
TEL083-002447,2025-09-12,C0047,plus,centro,82,47.24,0,0,
TEL083-002448,2025-09-12,C0048,total,sur,82,61.2,2,0,
TEL083-002449,2025-09-12,C0049,esencial,centro,106,24.24,0,0,
TEL083-002450,2025-09-12,C0050,plus,norte,54,50.41,1,0,
TEL083-002451,2025-09-12,C0051,total,centro,89,41.76,0,0,
TEL083-002452,2025-09-12,C0052,esencial,norte,105,18.68,0,0,
TEL083-002453,2025-09-12,C0053,plus,centro,67,43.72,0,0,
TEL083-002454,2025-09-12,C0054,total,sur,68,47.69,1,0,
TEL083-002455,2025-09-12,C0055,esencial,norte,52,19.1,2,0,
TEL083-002456,2025-09-12,C0056,plus,centro,84,38.08,0,1,mudanza
TEL083-002457,2025-09-12,C0057,total,sur,54,46.29,0,0,
TEL083-002458,2025-09-12,C0058,esencial,centro,74,24.21,0,0,
TEL083-002459,2025-09-12,C0059,plus,centro,105,41.71,0,0,
TEL083-002460,2025-09-12,C0060,total,norte,77,41.19,0,0,
TEL083-002461,2025-09-12,C0061,esencial,centro,30,25.84,4,0,
TEL083-002462,2025-09-12,C0062,plus,centro,52,37.71,3,0,
TEL083-002463,2025-09-12,C0063,total,centro,23,47.7,1,0,
TEL083-002464,2025-09-12,C0064,esencial,centro,102,28.21,0,0,
TEL083-002465,2025-09-12,C0065,plus,centro,26,36.41,1,0,
TEL083-002466,2025-09-12,C0066,total,sur,62,48.66,1,0,
TEL083-002467,2025-09-12,C0067,esencial,sur,84,18.19,0,0,
TEL083-002468,2025-09-12,C0068,plus,norte,46,37.0,1,0,
TEL083-002469,2025-09-12,C0069,total,sur,68,49.32,0,0,
TEL083-002470,2025-09-12,C0070,esencial,centro,22,18.69,0,0,
TEL083-002471,2025-09-12,C0071,plus,centro,88,36.81,0,0,
TEL083-002472,2025-09-12,C0072,total,norte,47,51.98,2,0,
TEL083-002473,2025-09-12,C0073,esencial,sur,41,14.46,3,0,
TEL083-002474,2025-09-12,C0074,plus,centro,62,38.02,3,0,
TEL083-002475,2025-09-12,C0075,total,sur,72,44.59,0,0,
TEL083-002476,2025-09-12,C0076,esencial,centro,65,17.9,0,0,
TEL083-002477,2025-09-12,C0077,plus,sur,47,46.66,0,1,mudanza
TEL083-002478,2025-09-12,C0078,total,centro,89,46.87,0,0,
TEL083-002479,2025-09-12,C0079,esencial,sur,97,8.44,3,0,
TEL083-002480,2025-09-12,C0080,plus,sur,92,26.55,3,0,
TEL083-002481,2025-09-12,C0081,total,norte,39,65.26,2,0,
TEL083-002482,2025-09-12,C0082,esencial,centro,46,22.96,1,0,
TEL083-002483,2025-09-12,C0083,plus,centro,50,35.47,0,0,
TEL083-002484,2025-09-12,C0084,total,norte,38,42.73,1,0,
TEL083-002485,2025-09-12,C0085,esencial,centro,57,9.38,0,0,
TEL083-002486,2025-09-12,C0086,plus,norte,85,42.67,0,0,
TEL083-002487,2025-09-12,C0087,total,centro,66,49.04,2,0,
TEL083-002488,2025-09-12,C0088,esencial,norte,30,17.99,0,0,
TEL083-002489,2025-09-12,C0089,plus,sur,51,46.0,0,0,
TEL083-002490,2025-09-12,C0090,total,sur,52,58.67,1,0,
TEL083-002491,2025-09-12,C0091,esencial,norte,72,,1,1,precio
TEL083-002492,2025-09-12,C0092,plus,sur,48,38.97,0,0,
TEL083-002493,2025-09-12,C0093,total,centro,73,56.56,0,0,
TEL083-002494,2025-09-12,C0094,esencial,norte,54,21.44,0,0,
TEL083-002495,2025-09-12,C0095,plus,norte,95,32.62,0,0,
TEL083-002496,2025-09-12,C0096,total,sur,87,43.05,0,0,
TEL083-002497,2025-09-12,C0097,esencial,norte,40,0,1,1,precio
TEL083-002498,2025-09-12,C0098,plus,centro,40,33.77,3,0,
TEL083-002499,2025-09-12,C0099,total,sur,95,53.44,1,1,mudanza
TEL083-002500,2025-09-12,C0100,esencial,norte,24,11.46,1,0,
TEL083-002501,2025-09-12,C0101,plus,sur,39,36.28,1,0,
TEL083-002502,2025-09-12,C0102,total,centro,88,61.09,0,0,
TEL083-002503,2025-09-12,C0103,esencial,sur,60,14.61,0,0,
TEL083-002504,2025-09-12,C0104,plus,centro,30,41.0,0,0,
TEL083-002505,2025-09-12,C0105,total,norte,35,57.85,1,0,
TEL083-002506,2025-09-12,C0106,esencial,centro,73,29.71,2,0,
TEL083-002507,2025-09-12,C0107,plus,centro,25,36.36,1,0,
TEL083-002508,2025-09-12,C0108,total,centro,21,49.94,2,0,
TEL083-002509,2025-09-12,C0109,esencial,sur,85,8.74,0,0,
TEL083-002510,2025-09-12,C0110,plus,centro,103,34.71,1,0,
TEL083-002511,2025-09-12,C0111,total,norte,43,38.36,0,0,
TEL083-002512,2025-09-12,C0112,esencial,norte,42,2.33,0,0,
TEL083-002513,2025-09-12,C0113,plus,sur,51,22.35,1,0,
TEL083-002514,2025-09-12,C0114,total,norte,40,41.6,2,0,
TEL083-002515,2025-09-12,C0115,esencial,centro,42,15.6,4,0,
TEL083-002516,2025-09-12,C0116,plus,centro,32,34.53,1,0,
TEL083-002517,2025-09-12,C0117,total,sur,80,39.56,0,0,
TEL083-002518,2025-09-12,C0118,esencial,norte,34,16.77,0,0,
TEL083-002519,2025-09-12,C0119,plus,sur,66,38.39,1,0,
TEL083-002520,2025-09-12,C0120,total,norte,104,45.92,0,0,
TEL083-002521,2025-10-13,C0001,esencial,norte,28,8.97,1,0,
TEL083-002522,2025-10-13,C0002,plus,norte,29,29.48,0,0,
TEL083-002523,2025-10-13,C0003, TOTAL ,sur,52,62.1,1,0,
TEL083-002524,2025-10-13,C0004,esencial,norte,101,19.23,1,0,
TEL083-002525,2025-10-13,C0005,plus,sur,38,34.59,0,0,
TEL083-002526,2025-10-13,C0006,total,norte,23,59.15,1,0,
TEL083-002527,2025-10-13,C0007,esencial,centro,96,15.33,1,0,
TEL083-002528,2025-10-13,C0008,plus,norte,91,40.51,0,0,
TEL083-002529,2025-10-13,C0009,total,sur,64,54.34,0,0,
TEL083-002530,2025-10-13,C0010,esencial,sur,108,20.63,1,0,
TEL083-002531,2025-10-13,C0011,plus,norte,110,24.19,0,0,
TEL083-002532,2025-10-13,C0012,total,sur,33,47.46,0,0,
TEL083-002533,2025-10-13,C0013,esencial,norte,26,"17,84",2,0,
TEL083-002534,2025-10-13,C0014,plus,centro,91,37.51,0,0,
TEL083-002535,2025-10-13,C0015,total,centro,111,38.25,1,0,
TEL083-002536,2025-10-13,C0016,esencial,sur,72,44.89,0,0,
TEL083-002537,2025-10-13,C0017,plus,sur,81,31.82,1,0,
TEL083-002538,2025-10-13,C0018,total,sur,35,57.3,3,0,
TEL083-002539,2025-10-13,C0019,esencial,norte,56,7.08,1,0,
TEL083-002540,2025-10-13,C0020,plus,sur,94,26.41,1,0,
TEL083-002541,2025-10-13,C0021,total,sur,34,56.8,0,0,
TEL083-002542,2025-10-13,C0022,esencial,centro,111,9.2,0,0,
TEL083-002543,2025-10-13,C0023,plus,centro,71,30.25,1,0,
TEL083-002544,2025-10-13,C0024,total,sur,110,52.51,0,0,
TEL083-002545,2025-10-13,C0025,esencial,centro,50,29.31,2,0,
TEL083-002546,2025-10-13,C0026,plus,sur,77,30.35,2,1,servicio
TEL083-002547,2025-10-13,C0027,total,centro,34,55.5,1,0,
TEL083-002548,2025-10-13,C0028,esencial,norte,71,17.68,1,0,
TEL083-002549,2025-10-13,C0029,plus,centro,58,46.43,0,0,
TEL083-002550,2025-10-13,C0030,total,norte,63,45.46,3,0,
TEL083-002551,2025-10-13,C0031,esencial,centro,31,10.33,0,0,
TEL083-002552,2025-10-13,C0032,plus,norte,53,39.46,0,0,
TEL083-002553,2025-10-13,C0033,total,sur,110,51.11,0,0,
TEL083-002554,2025-10-13,C0034,esencial,norte,90,27.61,0,0,
TEL083-002555,2025-10-13,C0035,plus,sur,102,18.43,0,0,
TEL083-002556,2025-10-13,C0036,total,norte,72,66.76,0,0,
TEL083-002557,2025-10-13,C0037,esencial,norte,54,21.36,0,0,
TEL083-002558,2025-10-13,C0038,plus,centro,58,34.26,1,0,
TEL083-002559,2025-10-13,C0039,total,norte,102,52.65,1,0,
TEL083-002560,2025-10-13,C0040,esencial,norte,95,14.63,0,0,
TEL083-002561,2025-10-13,C0041,plus,norte,94,48.61,4,0,
TEL083-002562,2025-10-13,C0042,total,norte,43,57.55,3,0,
TEL083-002563,2025-10-13,C0043,esencial,centro,28,28.51,3,0,
TEL083-002564,2025-10-13,C0044,plus,centro,111,33.47,3,0,
TEL083-002565,2025-10-13,C0045,total,norte,73,43.39,0,0,
TEL083-002566,2025-10-13,C0046,esencial,norte,34,26.82,0,0,
TEL083-002567,2025-10-13,C0047,plus,centro,83,40.4,0,0,
TEL083-002568,2025-10-13,C0048,total,sur,83,57.1,0,0,
TEL083-002569,2025-10-13,C0049,esencial,centro,107,16.35,0,0,
TEL083-002570,2025-10-13,C0050,plus,norte,55,39.89,1,1,precio
TEL083-002571,2025-10-13,C0051,total,centro,90,42.81,0,0,
TEL083-002572,2025-10-13,C0052,esencial,norte,106,20.39,0,0,
TEL083-002573,2025-10-13,C0053,plus,centro,68,38.28,0,0,
TEL083-002574,2025-10-13,C0054,total,sur,69,,0,0,
TEL083-002575,2025-10-13,C0055,esencial,norte,53,12.24,0,0,
TEL083-002576,2025-10-13,C0056,plus,centro,85,33.68,0,0,
TEL083-002577,2025-10-13,C0057,total,sur,55,62.74,2,0,
TEL083-002578,2025-10-13,C0058,esencial,centro,75,27.1,0,0,
TEL083-002579,2025-10-13,C0059,plus,centro,106,27.6,0,0,
TEL083-002580,2025-10-13,C0060,total,norte,78,46.11,2,0,
TEL083-002581,2025-10-13,C0061,esencial,centro,31,13.47,1,0,
TEL083-002582,2025-10-13,C0062,plus,centro,53,56.58,0,0,
TEL083-002583,2025-10-13,C0063,total,centro,24,55.53,0,0,
TEL083-002584,2025-10-13,C0064,esencial,centro,103,6.93,0,0,
TEL083-002585,2025-10-13,C0065,plus,centro,27,39.21,0,0,
TEL083-002586,2025-10-13,C0066,total,sur,63,40.77,1,0,
TEL083-002587,2025-10-13,C0067,esencial,sur,85,4.19,0,0,
TEL083-002588,2025-10-13,C0068,plus,norte,47,45.82,3,1,mudanza
TEL083-002589,2025-10-13,C0069,total,sur,69,50.65,0,0,
TEL083-002590,2025-10-13,C0070,esencial,centro,23,13.47,0,0,
TEL083-002591,2025-10-13,C0071,plus,centro,89,34.7,0,0,
TEL083-002592,2025-10-13,C0072,total,norte,48,58.13,0,0,
TEL083-002593,2025-10-13,C0073,esencial,sur,42,24.81,0,0,
TEL083-002594,2025-10-13,C0074,plus,centro,63,19.26,0,0,
TEL083-002595,2025-10-13,C0075,total,sur,73,59.44,0,0,
TEL083-002596,2025-10-13,C0076,esencial,centro,66,19.87,2,0,
TEL083-002597,2025-10-13,C0077,plus,sur,48,32.94,3,0,
TEL083-002598,2025-10-13,C0078,total,centro,90,58.94,1,0,
TEL083-002599,2025-10-13,C0079,esencial,sur,98,20.42,0,0,
TEL083-002600,2025-10-13,C0080,plus,sur,93,24.73,0,0,
TEL083-002601,2025-10-13,C0081,total,norte,40,59.93,3,0,
TEL083-002602,2025-10-13,C0082,esencial,centro,47,8.7,0,0,
TEL083-002603,2025-10-13,C0083,plus,centro,51,32.4,4,0,
TEL083-002604,2025-10-13,C0084,total,norte,39,46.68,0,0,
TEL083-002605,2025-10-13,C0085,esencial,centro,58,30.45,0,0,
TEL083-002606,2025-10-13,C0086,plus,norte,86,28.02,4,1,precio
TEL083-002607,2025-10-13,C0087,total,centro,67,58.34,0,0,
TEL083-002608,2025-10-13,C0088,esencial,norte,31,16.55,2,1,mudanza
TEL083-002609,2025-10-13,C0089,plus,sur,52,32.42,0,0,
TEL083-002610,2025-10-13,C0090,total,sur,53,35.72,0,0,
TEL083-002611,2025-10-13,C0091,esencial,norte,73,12.03,0,0,
TEL083-002612,2025-10-13,C0092,plus,sur,49,39.73,1,0,
TEL083-002613,2025-10-13,C0093,total,centro,74,48.45,1,0,
TEL083-002614,2025-10-13,C0094,esencial,norte,55,3.64,0,0,
TEL083-002615,2025-10-13,C0095,plus,norte,96,30.74,1,0,
TEL083-002616,2025-10-13,C0096,total,sur,88,56.99,0,0,
TEL083-002617,2025-10-13,C0097,esencial,norte,41,35.39,4,1,mudanza
TEL083-002618,2025-10-13,C0098,plus,centro,41,27.15,1,1,mudanza
TEL083-002619,2025-10-13,C0099,total,sur,96,47.78,1,0,
TEL083-002620,2025-10-13,C0100, ESENCIAL ,norte,25,18.08,0,0,
TEL083-002621,2025-10-13,C0101,plus,sur,40,40.89,0,0,
TEL083-002622,2025-10-13,C0102,total,centro,89,59.26,0,0,
TEL083-002623,2025-10-13,C0103,esencial,sur,61,4.25,0,0,
TEL083-002624,2025-10-13,C0104,plus,centro,31,33.5,0,0,
TEL083-002625,2025-10-13,C0105,total,norte,36,38.91,1,0,
TEL083-002626,2025-10-13,C0106,esencial,centro,74,14.33,0,0,
TEL083-002627,2025-10-13,C0107,plus,centro,26,28.0,0,1,precio
TEL083-002628,2025-10-13,C0108,total,centro,22,58.64,2,0,
TEL083-002629,2025-10-13,C0109,esencial,sur,86,0,0,0,
TEL083-002630,2025-10-13,C0110,plus,centro,104,33.75,2,0,
TEL083-002631,2025-10-13,C0111,total,norte,44,58.24,1,0,
TEL083-002632,2025-10-13,C0112,esencial,norte,43,28.05,1,1,precio
TEL083-002633,2025-10-13,C0113,plus,sur,52,45.59,3,0,
TEL083-002634,2025-10-13,C0114,total,norte,41,55.81,0,0,
TEL083-002635,2025-10-13,C0115,esencial,centro,43,31.71,0,0,
TEL083-002636,2025-10-13,C0116,plus,centro,33,31.78,0,0,
TEL083-002637,2025-10-13,C0117,total,sur,81,37.83,1,0,
TEL083-002638,2025-10-13,C0118,esencial,norte,35,13.47,0,0,
TEL083-002639,2025-10-13,C0119,plus,sur,67,36.58,1,0,
TEL083-002640,2025-10-13,C0120,total,norte,105,54.33,0,0,
TEL083-002641,2025-11-13,C0001,esencial,norte,29,14.14,0,0,
TEL083-002642,2025-11-13,C0002,plus,norte,30,32.38,0,0,
TEL083-002643,2025-11-13,C0003,total,sur,53,52.29,2,0,
TEL083-002644,2025-11-13,C0004,esencial,norte,102,4.46,3,0,
TEL083-002645,2025-11-13,C0005,plus,sur,39,33.03,1,0,
TEL083-002646,2025-11-13,C0006,total,norte,24,49.92,0,0,
TEL083-002647,2025-11-13,C0007,esencial,centro,97,5.1,0,0,
TEL083-002648,2025-11-13,C0008,plus,norte,92,42.71,0,0,
TEL083-002649,2025-11-13,C0009,total,sur,65,42.98,0,0,
TEL083-002650,2025-11-13,C0010,esencial,sur,109,24.92,1,0,
TEL083-002651,2025-11-13,C0011,plus,norte,111,28.28,0,0,
TEL083-002652,2025-11-13,C0012,total,sur,34,53.45,0,0,
TEL083-002653,2025-11-13,C0013,esencial,norte,27,23.86,1,0,
TEL083-002654,2025-11-13,C0014,plus,centro,92,26.38,1,0,
TEL083-002655,2025-11-13,C0015,total,centro,112,52.74,1,0,
TEL083-002656,2025-11-13,C0016,esencial,sur,73,3.41,0,0,
TEL083-002657,2025-11-13,C0017,plus,sur,82,,0,0,
TEL083-002658,2025-11-13,C0018,total,sur,36,51.96,0,0,
TEL083-002659,2025-11-13,C0019,esencial,norte,57,26.4,3,0,
TEL083-002660,2025-11-13,C0020,plus,sur,95,39.75,0,0,
TEL083-002661,2025-11-13,C0021,total,sur,35,60.1,3,0,
TEL083-002662,2025-11-13,C0022,esencial,centro,112,20.08,0,0,
TEL083-002663,2025-11-13,C0023,plus,centro,72,37.33,2,0,
TEL083-002664,2025-11-13,C0024,total,sur,111,42.69,0,0,
TEL083-002665,2025-11-13,C0025,esencial,centro,51,29.01,0,0,
TEL083-002666,2025-11-13,C0026,plus,sur,78,36.1,0,0,
TEL083-002667,2025-11-13,C0027,total,centro,35,50.32,2,0,
TEL083-002668,2025-11-13,C0028,esencial,norte,72,14.97,0,0,
TEL083-002669,2025-11-13,C0029,plus,centro,59,20.03,3,0,
TEL083-002670,2025-11-13,C0030,total,norte,64,64.31,2,0,
TEL083-002671,2025-11-13,C0031,esencial,centro,32,9.74,2,0,
TEL083-002672,2025-11-13,C0032,plus,norte,54,30.2,2,0,
TEL083-002673,2025-11-13,C0033,total,sur,111,55.15,0,0,
TEL083-002674,2025-11-13,C0034,esencial,norte,91,13.1,2,0,
TEL083-002675,2025-11-13,C0035,plus,sur,103,43.54,0,1,servicio
TEL083-002676,2025-11-13,C0036,total,norte,73,54.43,0,0,
TEL083-002677,2025-11-13,C0037,esencial,norte,55,19.99,0,0,
TEL083-002678,2025-11-13,C0038,plus,centro,59,34.74,0,0,
TEL083-002679,2025-11-13,C0039,total,norte,103,54.13,0,0,
TEL083-002680,2025-11-13,C0040,esencial,norte,96,6.04,1,0,
TEL083-002681,2025-11-13,C0041,plus,norte,95,47.7,3,0,
TEL083-002682,2025-11-13,C0042,total,norte,44,55.54,1,0,
TEL083-002683,2025-11-13,C0043,esencial,centro,29,39.32,0,0,
TEL083-002684,2025-11-13,C0044,plus,centro,112,48.06,0,0,
TEL083-002685,2025-11-13,C0045,total,norte,74,58.02,1,1,servicio
TEL083-002686,2025-11-13,C0046,esencial,norte,35,2.64,0,0,
TEL083-002687,2025-11-13,C0047,plus,centro,84,32.05,0,0,
TEL083-002688,2025-11-13,C0048,total,sur,84,49.49,0,0,
TEL083-002689,2025-11-13,C0049,esencial,centro,108,20.46,0,0,
TEL083-002690,2025-11-13,C0050,plus,norte,56,37.23,0,0,
TEL083-002691,2025-11-13,C0051,total,centro,91,57.16,1,0,
TEL083-002692,2025-11-13,C0052,esencial,norte,107,16.82,0,0,
TEL083-002693,2025-11-13,C0053,plus,centro,69,38.94,0,0,
TEL083-002694,2025-11-13,C0054,total,sur,70,55.31,0,0,
TEL083-002695,2025-11-13,C0055,esencial,norte,54,16.65,1,0,
TEL083-002696,2025-11-13,C0056,plus,centro,86,31.28,2,1,precio
TEL083-002697,2025-11-13,C0057,total,sur,56,49.37,2,0,
TEL083-002698,2025-11-13,C0058,esencial,centro,76,9.38,1,0,
TEL083-002699,2025-11-13,C0059,plus,centro,107,43.3,0,0,
TEL083-002700,2025-11-13,C0060,total,norte,79,63.76,0,0,
TEL083-002701,2025-11-13,C0061,esencial,centro,32,33.1,0,0,
TEL083-002702,2025-11-13,C0062,plus,centro,54,29.09,0,0,
TEL083-002703,2025-11-13,C0063,total,centro,25,53.64,2,0,
TEL083-002704,2025-11-13,C0064,esencial,centro,104,15.59,0,0,
TEL083-002705,2025-11-13,C0065,plus,centro,28,35.33,0,0,
TEL083-002706,2025-11-13,C0066,total,sur,64,57.72,0,0,
TEL083-002707,2025-11-13,C0067,esencial,sur,86,9.96,2,0,
TEL083-002708,2025-11-13,C0068,plus,norte,48,42.13,0,0,
TEL083-002709,2025-11-13,C0069,total,sur,70,61.67,2,0,
TEL083-002710,2025-11-13,C0070,esencial,centro,24,15.71,1,0,
TEL083-002711,2025-11-13,C0071,plus,centro,90,45.99,0,0,
TEL083-002712,2025-11-13,C0072,total,norte,49,66.91,2,0,
TEL083-002713,2025-11-13,C0073,esencial,sur,43,20.54,0,0,
TEL083-002714,2025-11-13,C0074,plus,centro,64,21.73,2,0,
TEL083-002715,2025-11-13,C0075,total,sur,74,41.37,2,0,
TEL083-002716,2025-11-13,C0076,esencial,centro,67,0.99,0,0,
TEL083-002717,2025-11-13,C0077, PLUS ,sur,49,24.02,4,0,
TEL083-002718,2025-11-13,C0078,total,centro,91,47.79,0,0,
TEL083-002719,2025-11-13,C0079,esencial,sur,99,26.34,0,0,
TEL083-002720,2025-11-13,C0080,plus,sur,94,18.58,0,0,
TEL083-002721,2025-11-13,C0081,total,norte,41,53.41,2,0,
TEL083-002722,2025-11-13,C0082,esencial,centro,48,39.9,0,1,mudanza
TEL083-002723,2025-11-13,C0083,plus,centro,52,34.47,0,1,precio
TEL083-002724,2025-11-13,C0084,total,norte,40,61.24,1,1,mudanza
TEL083-002725,2025-11-13,C0085,esencial,centro,59,29.8,1,0,
TEL083-002726,2025-11-13,C0086,plus,norte,87,39.4,3,0,
TEL083-002727,2025-11-13,C0087,total,centro,68,55.79,0,0,
TEL083-002728,2025-11-13,C0088,esencial,norte,32,8.14,1,0,
TEL083-002729,2025-11-13,C0089,plus,sur,53,39.87,0,0,
TEL083-002730,2025-11-13,C0090,total,sur,54,47.73,0,1,precio
TEL083-002731,2025-11-13,C0091,esencial,norte,74,16.38,3,0,
TEL083-002732,2025-11-13,C0092,plus,sur,50,21.31,0,0,
TEL083-002733,2025-11-13,C0093,total,centro,75,52.96,0,0,
TEL083-002734,2025-11-13,C0094,esencial,norte,56,26.29,0,0,
TEL083-002735,2025-11-13,C0095,plus,norte,97,34.19,0,0,
TEL083-002736,2025-11-13,C0096,total,sur,89,46.91,1,0,
TEL083-002737,2025-11-13,C0097,esencial,norte,42,33.46,0,0,
TEL083-002738,2025-11-13,C0098,plus,centro,42,51.7,0,0,
TEL083-002739,2025-11-13,C0099,total,sur,97,58.52,0,0,
TEL083-002740,2025-11-13,C0100,esencial,norte,26,,2,0,
TEL083-002741,2025-11-13,C0101,plus,sur,41,38.14,0,0,
TEL083-002742,2025-11-13,C0102,total,centro,90,56.37,0,0,
TEL083-002743,2025-11-13,C0103,esencial,sur,62,21.72,0,0,
TEL083-002744,2025-11-13,C0104,plus,centro,32,"50,12",0,0,
TEL083-002745,2025-11-13,C0105,total,norte,37,48.92,1,0,
TEL083-002746,2025-11-13,C0106,esencial,centro,75,23.47,2,1,precio
TEL083-002747,2025-11-13,C0107,plus,centro,27,27.89,0,1,precio
TEL083-002748,2025-11-13,C0108,total,centro,23,46.7,1,0,
TEL083-002749,2025-11-13,C0109,esencial,sur,87,26.36,3,1,mudanza
TEL083-002750,2025-11-13,C0110,plus,centro,105,34.22,2,0,
TEL083-002751,2025-11-13,C0111,total,norte,45,54.28,0,0,
TEL083-002752,2025-11-13,C0112,esencial,norte,44,14.25,0,0,
TEL083-002753,2025-11-13,C0113,plus,sur,53,35.64,0,0,
TEL083-002754,2025-11-13,C0114,total,norte,42,44.8,1,0,
TEL083-002755,2025-11-13,C0115,esencial,centro,44,19.94,1,0,
TEL083-002756,2025-11-13,C0116,plus,centro,34,22.75,1,0,
TEL083-002757,2025-11-13,C0117,total,sur,82,56.11,0,0,
TEL083-002758,2025-11-13,C0118,esencial,norte,36,14.65,0,0,
TEL083-002759,2025-11-13,C0119,plus,sur,68,29.75,0,0,
TEL083-002760,2025-11-13,C0120,total,norte,106,53.37,0,0,
TEL083-002761,2025-12-14,C0001,esencial,norte,30,16.07,2,0,
TEL083-002762,2025-12-14,C0002,plus,norte,31,38.76,0,0,
TEL083-002763,2025-12-14,C0003,total,sur,54,42.96,0,0,
TEL083-002764,2025-12-14,C0004,esencial,norte,103,11.0,0,0,
TEL083-002765,2025-12-14,C0005,plus,sur,40,24.54,0,0,
TEL083-002766,2025-12-14,C0006,total,norte,25,59.27,0,0,
TEL083-002767,2025-12-14,C0007,esencial,centro,98,24.57,0,0,
TEL083-002768,2025-12-14,C0008,plus,norte,93,26.9,0,0,
TEL083-002769,2025-12-14,C0009,total,sur,66,62.49,1,0,
TEL083-002770,2025-12-14,C0010,esencial,sur,110,26.45,1,1,servicio
TEL083-002771,2025-12-14,C0011,plus,norte,112,46.67,0,0,
TEL083-002772,2025-12-14,C0012,total,sur,35,52.2,0,0,
TEL083-002773,2025-12-14,C0013,esencial,norte,28,16.33,2,0,
TEL083-002774,2025-12-14,C0014,plus,centro,93,43.26,1,0,
TEL083-002775,2025-12-14,C0015,total,centro,113,40.85,2,0,
TEL083-002776,2025-12-14,C0016,esencial,sur,74,12.19,2,0,
TEL083-002777,2025-12-14,C0017,plus,sur,83,39.91,2,0,
TEL083-002778,2025-12-14,C0018,total,sur,37,59.52,1,0,
TEL083-002779,2025-12-14,C0019,esencial,norte,58,7.67,0,0,
TEL083-002780,2025-12-14,C0020,plus,sur,96,38.88,1,0,
TEL083-002781,2025-12-14,C0021,total,sur,36,60.61,0,0,
TEL083-002782,2025-12-14,C0022,esencial,centro,113,3.78,1,0,
TEL083-002783,2025-12-14,C0023,plus,centro,73,32.71,0,0,
TEL083-002784,2025-12-14,C0024,total,sur,112,44.56,0,0,
TEL083-002785,2025-12-14,C0025,esencial,centro,52,20.46,2,0,
TEL083-002786,2025-12-14,C0026,plus,sur,79,41.07,1,0,
TEL083-002787,2025-12-14,C0027,total,centro,36,44.84,1,0,
TEL083-002788,2025-12-14,C0028,esencial,norte,73,15.81,1,0,
TEL083-002789,2025-12-14,C0029,plus,centro,60,34.54,0,0,
TEL083-002790,2025-12-14,C0030,total,norte,65,58.95,0,0,
TEL083-002791,2025-12-14,C0031,esencial,centro,33,4.58,1,0,
TEL083-002792,2025-12-14,C0032,plus,norte,55,49.08,0,0,
TEL083-002793,2025-12-14,C0033,total,sur,112,48.35,0,0,
TEL083-002794,2025-12-14,C0034,esencial,norte,92,29.34,0,0,
TEL083-002795,2025-12-14,C0035,plus,sur,104,17.99,2,0,
TEL083-002796,2025-12-14,C0036,total,norte,74,46.68,1,0,
TEL083-002797,2025-12-14,C0037,esencial,norte,56,30.28,0,0,
TEL083-002798,2025-12-14,C0038,plus,centro,60,48.65,1,1,servicio
TEL083-002799,2025-12-14,C0039,total,norte,104,46.73,4,1,servicio
TEL083-002800,2025-12-14,C0040,esencial,norte,97,2.67,0,0,
TEL083-002801,2025-12-14,C0041,plus,norte,96,27.84,0,0,
TEL083-002802,2025-12-14,C0042,total,norte,45,50.59,0,0,
TEL083-002803,2025-12-14,C0043,esencial,centro,30,12.17,2,0,
TEL083-002804,2025-12-14,C0044,plus,centro,113,37.07,1,0,
TEL083-002805,2025-12-14,C0045,total,norte,75,57.08,0,0,
TEL083-002806,2025-12-14,C0046,esencial,norte,36,17.05,0,0,
TEL083-002807,2025-12-14,C0047,plus,centro,85,29.08,0,0,
TEL083-002808,2025-12-14,C0048,total,sur,85,55.39,1,0,
TEL083-002809,2025-12-14,C0049,esencial,centro,109,9.43,1,0,
TEL083-002810,2025-12-14,C0050,plus,norte,57,35.65,1,0,
TEL083-002811,2025-12-14,C0051,total,centro,92,43.63,1,0,
TEL083-002812,2025-12-14,C0052,esencial,norte,108,29.23,0,0,
TEL083-002813,2025-12-14,C0053,plus,centro,70,35.03,1,0,
TEL083-002814,2025-12-14,C0054, TOTAL ,sur,71,42.68,0,0,
TEL083-002815,2025-12-14,C0055,esencial,norte,55,11.85,3,0,
TEL083-002816,2025-12-14,C0056,plus,centro,87,30.23,2,0,
TEL083-002817,2025-12-14,C0057,total,sur,57,35.35,0,0,
TEL083-002818,2025-12-14,C0058,esencial,centro,77,10.02,0,0,
TEL083-002819,2025-12-14,C0059,plus,centro,108,33.33,3,1,servicio
TEL083-002820,2025-12-14,C0060,total,norte,80,58.78,1,0,
TEL083-002821,2025-12-14,C0061,esencial,centro,33,15.48,0,0,
TEL083-002822,2025-12-14,C0062,plus,centro,55,27.22,0,0,
TEL083-002823,2025-12-14,C0063,total,centro,26,,1,0,
TEL083-002824,2025-12-14,C0064,esencial,centro,105,16.58,1,0,
TEL083-002825,2025-12-14,C0065,plus,centro,29,60.03,3,0,
TEL083-002826,2025-12-14,C0066,total,sur,65,57.87,0,0,
TEL083-002827,2025-12-14,C0067,esencial,sur,87,1.25,3,0,
TEL083-002828,2025-12-14,C0068,plus,norte,49,37.8,0,0,
TEL083-002829,2025-12-14,C0069,total,sur,71,62.68,0,1,mudanza
TEL083-002830,2025-12-14,C0070,esencial,centro,25,9.38,0,0,
TEL083-002831,2025-12-14,C0071,plus,centro,91,51.9,1,0,
TEL083-002832,2025-12-14,C0072,total,norte,50,63.49,0,0,
TEL083-002833,2025-12-14,C0073,esencial,sur,44,23.41,2,0,
TEL083-002834,2025-12-14,C0074,plus,centro,65,45.14,0,0,
TEL083-002835,2025-12-14,C0075,total,sur,75,58.18,1,0,
TEL083-002836,2025-12-14,C0076,esencial,centro,68,17.47,4,0,
TEL083-002837,2025-12-14,C0077,plus,sur,50,21.46,3,0,
TEL083-002838,2025-12-14,C0078,total,centro,92,59.03,2,0,
TEL083-002839,2025-12-14,C0079,esencial,sur,100,2.58,4,0,
TEL083-002840,2025-12-14,C0080,plus,sur,95,34.78,0,0,
TEL083-002841,2025-12-14,C0081,total,norte,42,68.5,1,0,
TEL083-002842,2025-12-14,C0082,esencial,centro,49,19.75,0,0,
TEL083-002843,2025-12-14,C0083,plus,centro,53,44.45,0,0,
TEL083-002844,2025-12-14,C0084,total,norte,41,58.42,0,0,
TEL083-002845,2025-12-14,C0085,esencial,centro,60,12.03,1,0,
TEL083-002846,2025-12-14,C0086,plus,norte,88,33.41,1,0,
TEL083-002847,2025-12-14,C0087,total,centro,69,56.32,0,0,
TEL083-002848,2025-12-14,C0088,esencial,norte,33,10.31,1,0,
TEL083-002849,2025-12-14,C0089,plus,sur,54,41.16,0,0,
TEL083-002850,2025-12-14,C0090,total,sur,55,58.8,2,0,
TEL083-002851,2025-12-14,C0091,esencial,norte,75,19.39,1,0,
TEL083-002852,2025-12-14,C0092,plus,sur,51,16.39,0,0,
TEL083-002853,2025-12-14,C0093,total,centro,76,47.15,0,0,
TEL083-002854,2025-12-14,C0094,esencial,norte,57,21.43,2,0,
TEL083-002855,2025-12-14,C0095,plus,norte,98,31.21,0,0,
TEL083-002856,2025-12-14,C0096,total,sur,90,51.74,0,0,
TEL083-002857,2025-12-14,C0097,esencial,norte,43,16.45,0,0,
TEL083-002858,2025-12-14,C0098,plus,centro,43,35.59,0,0,
TEL083-002859,2025-12-14,C0099,total,sur,98,52.38,0,1,mudanza
TEL083-002860,2025-12-14,C0100,esencial,norte,27,14.41,0,0,
TEL083-002861,2025-12-14,C0101,plus,sur,42,48.95,2,0,
TEL083-002862,2025-12-14,C0102,total,centro,91,53.29,3,0,
TEL083-002863,2025-12-14,C0103,esencial,sur,63,13.43,1,0,
TEL083-002864,2025-12-14,C0104,plus,centro,33,37.2,3,0,
TEL083-002865,2025-12-14,C0105,total,norte,38,28.87,1,0,
TEL083-002866,2025-12-14,C0106,esencial,centro,76,19.07,1,0,
TEL083-002867,2025-12-14,C0107,plus,centro,28,39.13,1,0,
TEL083-002868,2025-12-14,C0108,total,centro,24,46.51,0,0,
TEL083-002869,2025-12-14,C0109,esencial,sur,88,11.61,1,0,
TEL083-002870,2025-12-14,C0110,plus,centro,106,29.74,0,0,
TEL083-002871,2025-12-14,C0111,total,norte,46,49.16,0,0,
TEL083-002872,2025-12-14,C0112,esencial,norte,45,20.06,0,0,
TEL083-002873,2025-12-14,C0113,plus,sur,54,30.26,0,0,
TEL083-002874,2025-12-14,C0114,total,norte,43,51.04,1,0,
TEL083-002875,2025-12-14,C0115,esencial,centro,45,19.4,1,0,
TEL083-002876,2025-12-14,C0116,plus,centro,35,37.6,0,0,
TEL083-002877,2025-12-14,C0117,total,sur,83,37.7,0,0,
TEL083-002878,2025-12-14,C0118,esencial,norte,37,15.13,0,0,
TEL083-002879,2025-12-14,C0119,plus,sur,69,44.08,0,0,
TEL083-002880,2025-12-14,C0120,total,norte,107,56.59,2,0,
TEL083-000584,2024-05-04,C0104,plus,centro,14,19.36,0,0,
TEL083-001179,2024-10-06,C0099,total,sur,84,42.45,0,1,precio
TEL083-002719,2025-11-13,C0079,esencial,sur,99,26.34,0,0,
TEL083-002260,2025-07-12,C0100,esencial,norte,22,16.01,3,1,precio
TEL083-001399,2024-12-07,C0079,esencial,sur,88,10.13,0,0,
TEL083-001145,2024-10-06,C0065,plus,centro,15,22.32,0,0,
TEL083-002185,2025-07-12,C0025,esencial,centro,47,11.9,0,0,
TEL083-001890,2025-04-10,C0090,total,sur,47,52.28,0,0,
TEL083-000551,2024-05-04,C0071,plus,centro,72,13.47,0,0,
