registro_id,fecha,cliente,plan,zona,antiguedad_meses,consumo_gb,incidencias,baja_30d,motivo_baja
TEL100-000001,2024-01-01,C0001,esencial,norte,7,0,1,1,precio
TEL100-000002,2024-01-01,C0002,plus,norte,8,22.5,0,1,mudanza
TEL100-000003,2024-01-01,C0003,total,sur,31,50.17,0,0,
TEL100-000004,2024-01-01,C0004,esencial,norte,80,18.52,1,0,
TEL100-000005,2024-01-01,C0005,plus,sur,17,32.33,0,0,
TEL100-000006,2024-01-01,C0006,total,norte,2,51.22,0,0,
TEL100-000007,2024-01-01,C0007,esencial,centro,75,10.42,0,0,
TEL100-000008,2024-01-01,C0008,plus,norte,70,32.24,0,0,
TEL100-000009,2024-01-01,C0009,total,sur,43,39.14,2,0,
TEL100-000010,2024-01-01,C0010,esencial,sur,87,8.3,0,0,
TEL100-000011,2024-01-01,C0011,plus,norte,89,27.01,1,0,
TEL100-000012,2024-01-01,C0012,total,sur,12,49.73,1,1,servicio
TEL100-000013,2024-01-01,C0013,esencial,norte,5,12.72,3,1,precio
TEL100-000014,2024-01-01,C0014,plus,centro,70,32.67,0,0,
TEL100-000015,2024-01-01,C0015,total,centro,90,40.01,0,0,
TEL100-000016,2024-01-01,C0016,esencial,sur,51,18.63,1,0,
TEL100-000017,2024-01-01,C0017,plus,sur,60,32.16,2,0,
TEL100-000018,2024-01-01,C0018,total,sur,14,48.85,3,0,
TEL100-000019,2024-01-01,C0019,esencial,norte,35,28.21,1,0,
TEL100-000020,2024-01-01,C0020,plus,sur,73,33.76,0,0,
TEL100-000021,2024-01-01,C0021,total,sur,13,40.36,0,0,
TEL100-000022,2024-01-01,C0022,esencial,centro,90,11.18,0,1,precio
TEL100-000023,2024-01-01,C0023,plus,centro,50,27.17,0,0,
TEL100-000024,2024-01-01,C0024,total,sur,89,58.3,1,0,
TEL100-000025,2024-01-01,C0025,esencial,centro,29,11.69,0,0,
TEL100-000026,2024-01-01,C0026,plus,sur,56,31.58,1,0,
TEL100-000027,2024-01-01,C0027,total,centro,13,55.59,0,0,
TEL100-000028,2024-01-01,C0028,esencial,norte,50,5.15,0,0,
TEL100-000029,2024-01-01,C0029,plus,centro,37,29.75,0,0,
TEL100-000030,2024-01-01,C0030,total,norte,42,32.3,3,0,
TEL100-000031,2024-01-01,C0031,esencial,centro,10,0.49,1,0,
TEL100-000032,2024-01-01,C0032,plus,norte,32,24.63,0,0,
TEL100-000033,2024-01-01,C0033,total,sur,89,39.27,0,0,
TEL100-000034,2024-01-01,C0034,esencial,norte,69,11.16,0,0,
TEL100-000035,2024-01-01,C0035,plus,sur,81,38.12,2,0,
TEL100-000036,2024-01-01,C0036,total,norte,51,44.4,1,0,
TEL100-000037,2024-01-01,C0037,esencial,norte,33,13.56,2,0,
TEL100-000038,2024-01-01,C0038,plus,centro,37,42.38,2,0,
TEL100-000039,2024-01-01,C0039,total,norte,81,50.86,1,0,
TEL100-000040,2024-01-01,C0040,esencial,norte,74,8.49,4,0,
TEL100-000041,2024-01-01,C0041,plus,norte,73,22.29,1,0,
TEL100-000042,2024-01-01,C0042,total,norte,22,47.89,0,0,
TEL100-000043,2024-01-01,C0043,esencial,centro,7,21.44,2,1,servicio
TEL100-000044,2024-01-01,C0044,plus,centro,90,37.71,1,0,
TEL100-000045,2024-01-01,C0045,total,norte,52,58.1,0,0,
TEL100-000046,2024-01-01,C0046,esencial,norte,13,16.2,0,0,
TEL100-000047,2024-01-01,C0047,plus,centro,62,48.65,0,0,
TEL100-000048,2024-01-01,C0048,total,sur,62,55.96,3,0,
TEL100-000049,2024-01-01,C0049,esencial,centro,86,7.42,0,0,
TEL100-000050,2024-01-01,C0050,plus,norte,34,32.37,0,0,
TEL100-000051,2024-01-01,C0051,total,centro,69,59.07,2,0,
TEL100-000052,2024-01-01,C0052,esencial,norte,85,15.63,0,0,
TEL100-000053,2024-01-01,C0053,plus,centro,47,33.96,0,0,
TEL100-000054,2024-01-01,C0054,total,sur,48,56.23,0,0,
TEL100-000055,2024-01-01,C0055,esencial,norte,32,26.29,0,0,
TEL100-000056,2024-01-01,C0056,plus,centro,64,47.15,0,0,
TEL100-000057,2024-01-01,C0057,total,sur,34,37.6,0,0,
TEL100-000058,2024-01-01,C0058,esencial,centro,54,11.53,3,0,
TEL100-000059,2024-01-01,C0059,plus,centro,85,21.52,0,0,
TEL100-000060,2024-01-01,C0060,total,norte,57,32.26,1,0,
TEL100-000061,2024-01-01,C0061,esencial,centro,10,10.12,1,0,
TEL100-000062,2024-01-01,C0062,plus,centro,32,25.63,2,0,
TEL100-000063,2024-01-01,C0063,total,centro,3,68.19,1,1,mudanza
TEL100-000064,2024-01-01,C0064,esencial,centro,82,6.4,0,0,
TEL100-000065,2024-01-01,C0065,plus,centro,6,22.68,0,0,
TEL100-000066,2024-01-01,C0066,total,sur,42,57.13,1,0,
TEL100-000067,2024-01-01,C0067,esencial,sur,64,5.69,3,0,
TEL100-000068,2024-01-01,C0068,plus,norte,26,27.3,1,0,
TEL100-000069,2024-01-01,C0069,total,sur,48,42.75,2,0,
TEL100-000070,2024-01-01,C0070,esencial,centro,2,10.98,2,0,
TEL100-000071,2024-01-01,C0071,plus,centro,68,17.87,0,0,
TEL100-000072,2024-01-01,C0072,total,norte,27,49.5,1,0,
TEL100-000073,2024-01-01,C0073,esencial,sur,21,25.64,0,0,
TEL100-000074,2024-01-01,C0074,plus,centro,42,28.47,1,0,
TEL100-000075,2024-01-01,C0075,total,sur,52,41.36,0,0,
TEL100-000076,2024-01-01,C0076,esencial,centro,45,12.27,2,0,
TEL100-000077,2024-01-01,C0077,plus,sur,27,40.85,0,0,
TEL100-000078,2024-01-01,C0078,total,centro,69,41.44,0,0,
TEL100-000079,2024-01-01,C0079,esencial,sur,77,16.27,0,0,
TEL100-000080,2024-01-01,C0080,plus,sur,72,29.61,0,0,
TEL100-000081,2024-01-01,C0081,total,norte,19,43.15,0,0,
TEL100-000082,2024-01-01,C0082,esencial,centro,26,28.63,0,0,
TEL100-000083,2024-01-01,C0083,plus,centro,30,29.44,0,0,
TEL100-000084,2024-01-01,C0084,total,norte,18,,0,0,
TEL100-000085,2024-01-01,C0085,esencial,centro,37,15.56,0,0,
TEL100-000086,2024-01-01,C0086,plus,norte,65,36.58,0,0,
TEL100-000087,2024-01-01,C0087,total,centro,46,51.61,0,0,
TEL100-000088,2024-01-01,C0088,esencial,norte,10,14.72,0,0,
TEL100-000089,2024-01-01,C0089,plus,sur,31,34.9,0,0,
TEL100-000090,2024-01-01,C0090,total,sur,32,51.05,2,1,servicio
TEL100-000091,2024-01-01,C0091,esencial,norte,52,12.67,0,0,
TEL100-000092,2024-01-01,C0092,plus,sur,28,33.48,1,0,
TEL100-000093,2024-01-01,C0093,total,centro,53,48.72,3,0,
TEL100-000094,2024-01-01,C0094,esencial,norte,34,12.68,0,0,
TEL100-000095,2024-01-01,C0095,plus,norte,75,24.12,0,0,
TEL100-000096,2024-01-01,C0096,total,sur,67,38.24,3,0,
TEL100-000097,2024-01-01,C0097,esencial,norte,20,9.5,1,0,
TEL100-000098,2024-01-01,C0098, PLUS ,centro,20,44.33,0,0,
TEL100-000099,2024-01-01,C0099,total,sur,75,40.55,1,0,
TEL100-000100,2024-01-01,C0100,esencial,norte,4,5.92,0,0,
TEL100-000101,2024-01-01,C0101,plus,sur,19,14.15,1,0,
TEL100-000102,2024-01-01,C0102,total,centro,68,49.94,0,0,
TEL100-000103,2024-01-01,C0103,esencial,sur,40,18.1,0,0,
TEL100-000104,2024-01-01,C0104,plus,centro,10,26.41,2,1,precio
TEL100-000105,2024-01-01,C0105,total,norte,15,45.56,0,0,
TEL100-000106,2024-01-01,C0106,esencial,centro,53,18.12,0,0,
TEL100-000107,2024-01-01,C0107,plus,centro,5,21.38,0,0,
TEL100-000108,2024-01-01,C0108,total,centro,1,39.25,1,0,
TEL100-000109,2024-01-01,C0109,esencial,sur,65,15.05,1,0,
TEL100-000110,2024-01-01,C0110,plus,centro,83,36.31,0,0,
TEL100-000111,2024-01-01,C0111,total,norte,23,51.18,1,1,precio
TEL100-000112,2024-01-01,C0112,esencial,norte,22,16.6,0,0,
TEL100-000113,2024-01-01,C0113,plus,sur,31,37.36,0,0,
TEL100-000114,2024-01-01,C0114,total,norte,20,60.98,0,0,
TEL100-000115,2024-01-01,C0115,esencial,centro,22,17.43,0,0,
TEL100-000116,2024-01-01,C0116,plus,centro,12,31.14,1,0,
TEL100-000117,2024-01-01,C0117,total,sur,60,56.91,1,0,
TEL100-000118,2024-01-01,C0118,esencial,norte,14,6.84,0,1,mudanza
TEL100-000119,2024-01-01,C0119,plus,sur,46,29.72,2,0,
TEL100-000120,2024-01-01,C0120,total,norte,84,41.69,2,0,
TEL100-000121,2024-02-01,C0001,esencial,norte,8,16.53,0,1,precio
TEL100-000122,2024-02-01,C0002,plus,norte,9,28.88,0,0,
TEL100-000123,2024-02-01,C0003,total,sur,32,42.42,0,0,
TEL100-000124,2024-02-01,C0004,esencial,norte,81,5.13,1,0,
TEL100-000125,2024-02-01,C0005,plus,sur,18,37.37,0,0,
TEL100-000126,2024-02-01,C0006,total,norte,3,42.42,1,0,
TEL100-000127,2024-02-01,C0007,esencial,centro,76,5.86,0,0,
TEL100-000128,2024-02-01,C0008,plus,norte,71,34.05,2,1,mudanza
TEL100-000129,2024-02-01,C0009,total,sur,44,41.47,1,1,precio
TEL100-000130,2024-02-01,C0010,esencial,sur,88,6.75,0,0,
TEL100-000131,2024-02-01,C0011,plus,norte,90,34.9,0,0,
TEL100-000132,2024-02-01,C0012,total,sur,13,44.65,1,0,
TEL100-000133,2024-02-01,C0013,esencial,norte,6,18.73,0,0,
TEL100-000134,2024-02-01,C0014,plus,centro,71,38.54,1,0,
TEL100-000135,2024-02-01,C0015,total,centro,91,50.93,0,0,
TEL100-000136,2024-02-01,C0016,esencial,sur,52,6.76,3,0,
TEL100-000137,2024-02-01,C0017,plus,sur,61,40.61,0,0,
TEL100-000138,2024-02-01,C0018,total,sur,15,49.45,1,0,
TEL100-000139,2024-02-01,C0019,esencial,norte,36,10.31,1,0,
TEL100-000140,2024-02-01,C0020,plus,sur,74,24.51,0,0,
TEL100-000141,2024-02-01,C0021,total,sur,14,40.17,0,1,mudanza
TEL100-000142,2024-02-01,C0022,esencial,centro,91,17.01,1,0,
TEL100-000143,2024-02-01,C0023,plus,centro,51,18.42,0,0,
TEL100-000144,2024-02-01,C0024,total,sur,90,40.83,3,0,
TEL100-000145,2024-02-01,C0025,esencial,centro,30,14.14,0,0,
TEL100-000146,2024-02-01,C0026,plus,sur,57,17.43,0,0,
TEL100-000147,2024-02-01,C0027,total,centro,14,41.36,1,0,
TEL100-000148,2024-02-01,C0028,esencial,norte,51,18.68,0,1,mudanza
TEL100-000149,2024-02-01,C0029,plus,centro,38,27.14,0,0,
TEL100-000150,2024-02-01,C0030,total,norte,43,63.38,2,0,
TEL100-000151,2024-02-01,C0031,esencial,centro,11,11.45,2,0,
TEL100-000152,2024-02-01,C0032,plus,norte,33,43.91,2,0,
TEL100-000153,2024-02-01,C0033,total,sur,90,44.73,0,0,
TEL100-000154,2024-02-01,C0034,esencial,norte,70,4.49,1,0,
TEL100-000155,2024-02-01,C0035,plus,sur,82,22.87,1,0,
TEL100-000156,2024-02-01,C0036,total,norte,52,38.16,4,1,servicio
TEL100-000157,2024-02-01,C0037,esencial,norte,34,24.54,1,0,
TEL100-000158,2024-02-01,C0038,plus,centro,38,15.61,0,0,
TEL100-000159,2024-02-01,C0039,total,norte,82,50.0,2,0,
TEL100-000160,2024-02-01,C0040,esencial,norte,75,15.21,1,0,
TEL100-000161,2024-02-01,C0041,plus,norte,74,21.21,0,1,mudanza
TEL100-000162,2024-02-01,C0042,total,norte,23,36.88,0,0,
TEL100-000163,2024-02-01,C0043,esencial,centro,8,14.01,2,0,
TEL100-000164,2024-02-01,C0044,plus,centro,91,24.77,0,0,
TEL100-000165,2024-02-01,C0045,total,norte,53,51.01,1,0,
TEL100-000166,2024-02-01,C0046,esencial,norte,14,2.08,0,0,
TEL100-000167,2024-02-01,C0047,plus,centro,63,,0,0,
TEL100-000168,2024-02-01,C0048,total,sur,63,33.05,0,0,
TEL100-000169,2024-02-01,C0049,esencial,centro,87,9.11,0,0,
TEL100-000170,2024-02-01,C0050,plus,norte,35,32.48,2,1,precio
TEL100-000171,2024-02-01,C0051,total,centro,70,46.62,0,0,
TEL100-000172,2024-02-01,C0052,esencial,norte,86,0,0,0,
TEL100-000173,2024-02-01,C0053,plus,centro,48,28.05,1,0,
TEL100-000174,2024-02-01,C0054,total,sur,49,62.43,3,0,
TEL100-000175,2024-02-01,C0055,esencial,norte,33,20.84,3,0,
TEL100-000176,2024-02-01,C0056,plus,centro,65,31.2,2,1,servicio
TEL100-000177,2024-02-01,C0057,total,sur,35,51.95,0,0,
TEL100-000178,2024-02-01,C0058,esencial,centro,55,7.69,0,0,
TEL100-000179,2024-02-01,C0059,plus,centro,86,30.02,0,0,
TEL100-000180,2024-02-01,C0060,total,norte,58,51.32,2,0,
TEL100-000181,2024-02-01,C0061,esencial,centro,11,19.15,3,0,
TEL100-000182,2024-02-01,C0062,plus,centro,33,16.95,1,0,
TEL100-000183,2024-02-01,C0063,total,centro,4,56.55,0,0,
TEL100-000184,2024-02-01,C0064,esencial,centro,83,8.3,0,0,
TEL100-000185,2024-02-01,C0065,plus,centro,7,14.75,1,0,
TEL100-000186,2024-02-01,C0066,total,sur,43,32.93,0,0,
TEL100-000187,2024-02-01,C0067,esencial,sur,65,8.96,1,0,
TEL100-000188,2024-02-01,C0068,plus,norte,27,26.99,2,0,
TEL100-000189,2024-02-01,C0069,total,sur,49,31.3,0,0,
TEL100-000190,2024-02-01,C0070,esencial,centro,3,3.05,0,0,
TEL100-000191,2024-02-01,C0071,plus,centro,69,32.01,0,0,
TEL100-000192,2024-02-01,C0072,total,norte,28,53.76,1,0,
TEL100-000193,2024-02-01,C0073,esencial,sur,22,0,0,1,mudanza
TEL100-000194,2024-02-01,C0074,plus,centro,43,27.04,3,1,precio
TEL100-000195,2024-02-01,C0075, TOTAL ,sur,53,50.8,1,0,
TEL100-000196,2024-02-01,C0076,esencial,centro,46,8.43,1,0,
TEL100-000197,2024-02-01,C0077,plus,sur,28,32.54,1,1,mudanza
TEL100-000198,2024-02-01,C0078,total,centro,70,45.71,2,0,
TEL100-000199,2024-02-01,C0079,esencial,sur,78,20.95,2,1,servicio
TEL100-000200,2024-02-01,C0080,plus,sur,73,30.13,0,0,
TEL100-000201,2024-02-01,C0081,total,norte,20,52.9,0,0,
TEL100-000202,2024-02-01,C0082,esencial,centro,27,21.34,0,0,
TEL100-000203,2024-02-01,C0083,plus,centro,31,19.3,0,1,servicio
TEL100-000204,2024-02-01,C0084,total,norte,19,49.53,0,0,
TEL100-000205,2024-02-01,C0085,esencial,centro,38,15.78,1,1,precio
TEL100-000206,2024-02-01,C0086,plus,norte,66,30.0,2,0,
TEL100-000207,2024-02-01,C0087,total,centro,47,47.91,0,0,
TEL100-000208,2024-02-01,C0088,esencial,norte,11,7.55,0,0,
TEL100-000209,2024-02-01,C0089,plus,sur,32,24.3,1,0,
TEL100-000210,2024-02-01,C0090,total,sur,33,55.42,0,0,
TEL100-000211,2024-02-01,C0091,esencial,norte,53,16.01,1,0,
TEL100-000212,2024-02-01,C0092,plus,sur,29,"39,62",2,0,
TEL100-000213,2024-02-01,C0093,total,centro,54,78.18,0,0,
TEL100-000214,2024-02-01,C0094,esencial,norte,35,7.29,2,0,
TEL100-000215,2024-02-01,C0095,plus,norte,76,26.97,0,0,
TEL100-000216,2024-02-01,C0096,total,sur,68,44.5,0,0,
TEL100-000217,2024-02-01,C0097,esencial,norte,21,3.55,2,0,
TEL100-000218,2024-02-01,C0098,plus,centro,21,30.77,4,0,
TEL100-000219,2024-02-01,C0099,total,sur,76,38.06,2,0,
TEL100-000220,2024-02-01,C0100,esencial,norte,5,18.22,1,0,
TEL100-000221,2024-02-01,C0101,plus,sur,20,22.03,0,0,
TEL100-000222,2024-02-01,C0102,total,centro,69,49.0,0,0,
TEL100-000223,2024-02-01,C0103,esencial,sur,41,35.38,0,0,
TEL100-000224,2024-02-01,C0104,plus,centro,11,33.37,0,0,
TEL100-000225,2024-02-01,C0105,total,norte,16,30.27,0,0,
TEL100-000226,2024-02-01,C0106,esencial,centro,54,18.54,0,0,
TEL100-000227,2024-02-01,C0107,plus,centro,6,33.73,0,0,
TEL100-000228,2024-02-01,C0108,total,centro,2,30.45,0,0,
TEL100-000229,2024-02-01,C0109,esencial,sur,66,25.92,2,0,
TEL100-000230,2024-02-01,C0110,plus,centro,84,22.36,2,0,
TEL100-000231,2024-02-01,C0111,total,norte,24,43.74,2,0,
TEL100-000232,2024-02-01,C0112,esencial,norte,23,18.64,0,0,
TEL100-000233,2024-02-01,C0113,plus,sur,32,28.35,1,0,
TEL100-000234,2024-02-01,C0114,total,norte,21,46.52,1,0,
TEL100-000235,2024-02-01,C0115,esencial,centro,23,23.63,1,0,
TEL100-000236,2024-02-01,C0116,plus,centro,13,34.14,1,0,
TEL100-000237,2024-02-01,C0117,total,sur,61,39.87,0,0,
TEL100-000238,2024-02-01,C0118,esencial,norte,15,13.05,0,0,
TEL100-000239,2024-02-01,C0119,plus,sur,47,39.96,1,0,
TEL100-000240,2024-02-01,C0120,total,norte,85,44.49,0,0,
TEL100-000241,2024-03-03,C0001,esencial,norte,9,11.68,4,1,mudanza
TEL100-000242,2024-03-03,C0002,plus,norte,10,42.86,0,0,
TEL100-000243,2024-03-03,C0003,total,sur,33,39.11,1,0,
TEL100-000244,2024-03-03,C0004,esencial,norte,82,5.93,0,0,
TEL100-000245,2024-03-03,C0005,plus,sur,19,27.03,0,0,
TEL100-000246,2024-03-03,C0006,total,norte,4,39.87,2,0,
TEL100-000247,2024-03-03,C0007,esencial,centro,77,22.01,0,0,
TEL100-000248,2024-03-03,C0008,plus,norte,72,30.71,0,0,
TEL100-000249,2024-03-03,C0009,total,sur,45,38.24,0,0,
TEL100-000250,2024-03-03,C0010,esencial,sur,89,,0,0,
TEL100-000251,2024-03-03,C0011,plus,norte,91,34.55,1,0,
TEL100-000252,2024-03-03,C0012,total,sur,14,39.48,2,0,
TEL100-000253,2024-03-03,C0013,esencial,norte,7,0,1,0,
TEL100-000254,2024-03-03,C0014,plus,centro,72,25.38,0,0,
TEL100-000255,2024-03-03,C0015,total,centro,92,37.16,1,1,mudanza
TEL100-000256,2024-03-03,C0016,esencial,sur,53,0,2,0,
TEL100-000257,2024-03-03,C0017,plus,sur,62,25.5,1,0,
TEL100-000258,2024-03-03,C0018,total,sur,16,53.98,0,0,
TEL100-000259,2024-03-03,C0019,esencial,norte,37,16.89,3,0,
TEL100-000260,2024-03-03,C0020,plus,sur,75,26.48,0,0,
TEL100-000261,2024-03-03,C0021,total,sur,15,51.13,1,0,
TEL100-000262,2024-03-03,C0022,esencial,centro,92,8.19,0,0,
TEL100-000263,2024-03-03,C0023,plus,centro,52,30.96,0,0,
TEL100-000264,2024-03-03,C0024,total,sur,91,51.16,0,0,
TEL100-000265,2024-03-03,C0025,esencial,centro,31,0,1,0,
TEL100-000266,2024-03-03,C0026,plus,sur,58,24.55,1,0,
TEL100-000267,2024-03-03,C0027,total,centro,15,33.56,2,0,
TEL100-000268,2024-03-03,C0028,esencial,norte,52,12.48,0,0,
TEL100-000269,2024-03-03,C0029,plus,centro,39,34.27,1,0,
TEL100-000270,2024-03-03,C0030,total,norte,44,52.29,0,0,
TEL100-000271,2024-03-03,C0031,esencial,centro,12,14.4,2,0,
TEL100-000272,2024-03-03,C0032,plus,norte,34,36.87,0,0,
TEL100-000273,2024-03-03,C0033,total,sur,91,47.77,1,0,
TEL100-000274,2024-03-03,C0034,esencial,norte,71,20.17,0,0,
TEL100-000275,2024-03-03,C0035,plus,sur,83,41.15,2,1,precio
TEL100-000276,2024-03-03,C0036,total,norte,53,54.26,3,0,
TEL100-000277,2024-03-03,C0037,esencial,norte,35,14.62,0,0,
TEL100-000278,2024-03-03,C0038,plus,centro,39,26.42,1,0,
TEL100-000279,2024-03-03,C0039,total,norte,83,54.7,0,0,
TEL100-000280,2024-03-03,C0040,esencial,norte,76,4.78,0,0,
TEL100-000281,2024-03-03,C0041,plus,norte,75,38.72,0,0,
TEL100-000282,2024-03-03,C0042,total,norte,24,39.82,3,0,
TEL100-000283,2024-03-03,C0043,esencial,centro,9,17.11,1,0,
TEL100-000284,2024-03-03,C0044,plus,centro,92,41.05,1,0,
TEL100-000285,2024-03-03,C0045,total,norte,54,67.48,1,1,servicio
TEL100-000286,2024-03-03,C0046,esencial,norte,15,18.74,0,0,
TEL100-000287,2024-03-03,C0047,plus,centro,64,30.47,0,0,
TEL100-000288,2024-03-03,C0048,total,sur,64,45.32,0,0,
TEL100-000289,2024-03-03,C0049,esencial,centro,88,12.61,0,0,
TEL100-000290,2024-03-03,C0050,plus,norte,36,34.96,1,0,
TEL100-000291,2024-03-03,C0051,total,centro,71,46.38,0,0,
TEL100-000292,2024-03-03,C0052, ESENCIAL ,norte,87,7.18,0,0,
TEL100-000293,2024-03-03,C0053,plus,centro,49,25.71,0,0,
TEL100-000294,2024-03-03,C0054,total,sur,50,55.6,0,0,
TEL100-000295,2024-03-03,C0055,esencial,norte,34,14.69,0,0,
TEL100-000296,2024-03-03,C0056,plus,centro,66,25.91,0,0,
TEL100-000297,2024-03-03,C0057,total,sur,36,55.04,2,0,
TEL100-000298,2024-03-03,C0058,esencial,centro,56,0,3,1,servicio
TEL100-000299,2024-03-03,C0059,plus,centro,87,28.31,1,0,
TEL100-000300,2024-03-03,C0060,total,norte,59,38.44,0,0,
TEL100-000301,2024-03-03,C0061,esencial,centro,12,5.64,0,0,
TEL100-000302,2024-03-03,C0062,plus,centro,34,17.46,0,0,
TEL100-000303,2024-03-03,C0063,total,centro,5,41.52,0,0,
TEL100-000304,2024-03-03,C0064,esencial,centro,84,23.56,1,0,
TEL100-000305,2024-03-03,C0065,plus,centro,8,15.88,0,0,
TEL100-000306,2024-03-03,C0066,total,sur,44,44.64,0,0,
TEL100-000307,2024-03-03,C0067,esencial,sur,66,11.97,0,0,
TEL100-000308,2024-03-03,C0068,plus,norte,28,21.52,3,0,
TEL100-000309,2024-03-03,C0069,total,sur,50,60.69,0,0,
TEL100-000310,2024-03-03,C0070,esencial,centro,4,21.4,0,0,
TEL100-000311,2024-03-03,C0071,plus,centro,70,23.47,0,0,
TEL100-000312,2024-03-03,C0072,total,norte,29,37.26,0,0,
TEL100-000313,2024-03-03,C0073,esencial,sur,23,10.03,0,0,
TEL100-000314,2024-03-03,C0074,plus,centro,44,28.14,0,0,
TEL100-000315,2024-03-03,C0075,total,sur,54,43.15,0,0,
TEL100-000316,2024-03-03,C0076,esencial,centro,47,22.2,3,0,
TEL100-000317,2024-03-03,C0077,plus,sur,29,32.67,0,0,
TEL100-000318,2024-03-03,C0078,total,centro,71,44.18,1,0,
TEL100-000319,2024-03-03,C0079,esencial,sur,79,9.38,0,0,
TEL100-000320,2024-03-03,C0080,plus,sur,74,30.65,0,0,
TEL100-000321,2024-03-03,C0081,total,norte,21,40.07,0,0,
TEL100-000322,2024-03-03,C0082,esencial,centro,28,13.2,1,1,servicio
TEL100-000323,2024-03-03,C0083,plus,centro,32,38.47,1,0,
TEL100-000324,2024-03-03,C0084,total,norte,20,48.17,3,0,
TEL100-000325,2024-03-03,C0085,esencial,centro,39,12.55,4,1,precio
TEL100-000326,2024-03-03,C0086,plus,norte,67,32.58,2,0,
TEL100-000327,2024-03-03,C0087,total,centro,48,48.46,0,0,
TEL100-000328,2024-03-03,C0088,esencial,norte,12,13.81,1,0,
TEL100-000329,2024-03-03,C0089,plus,sur,33,8.54,1,0,
TEL100-000330,2024-03-03,C0090,total,sur,34,46.44,1,0,
TEL100-000331,2024-03-03,C0091,esencial,norte,54,11.14,0,0,
TEL100-000332,2024-03-03,C0092,plus,sur,30,24.57,1,0,
TEL100-000333,2024-03-03,C0093,total,centro,55,,0,0,
TEL100-000334,2024-03-03,C0094,esencial,norte,36,12.5,0,0,
TEL100-000335,2024-03-03,C0095,plus,norte,77,31.13,1,0,
TEL100-000336,2024-03-03,C0096,total,sur,69,65.54,0,0,
TEL100-000337,2024-03-03,C0097,esencial,norte,22,16.86,0,0,
TEL100-000338,2024-03-03,C0098,plus,centro,22,25.57,1,0,
TEL100-000339,2024-03-03,C0099,total,sur,77,55.39,0,0,
TEL100-000340,2024-03-03,C0100,esencial,norte,6,15.83,0,0,
TEL100-000341,2024-03-03,C0101,plus,sur,21,43.58,0,0,
TEL100-000342,2024-03-03,C0102,total,centro,70,35.83,0,0,
TEL100-000343,2024-03-03,C0103,esencial,sur,42,13.11,0,0,
TEL100-000344,2024-03-03,C0104,plus,centro,12,26.55,4,0,
TEL100-000345,2024-03-03,C0105,total,norte,17,49.07,2,0,
TEL100-000346,2024-03-03,C0106,esencial,centro,55,28.66,0,0,
TEL100-000347,2024-03-03,C0107,plus,centro,7,33.84,0,0,
TEL100-000348,2024-03-03,C0108,total,centro,3,59.45,3,0,
TEL100-000349,2024-03-03,C0109,esencial,sur,67,17.14,2,0,
TEL100-000350,2024-03-03,C0110,plus,centro,85,35.0,0,0,
TEL100-000351,2024-03-03,C0111,total,norte,25,69.08,0,0,
TEL100-000352,2024-03-03,C0112,esencial,norte,24,2.09,2,0,
TEL100-000353,2024-03-03,C0113,plus,sur,33,19.1,0,0,
TEL100-000354,2024-03-03,C0114,total,norte,22,40.26,0,0,
TEL100-000355,2024-03-03,C0115,esencial,centro,24,16.4,1,0,
TEL100-000356,2024-03-03,C0116,plus,centro,14,32.57,0,0,
TEL100-000357,2024-03-03,C0117,total,sur,62,44.65,0,0,
TEL100-000358,2024-03-03,C0118,esencial,norte,16,18.31,3,0,
TEL100-000359,2024-03-03,C0119,plus,sur,48,28.41,3,0,
TEL100-000360,2024-03-03,C0120,total,norte,86,54.0,1,0,
TEL100-000361,2024-04-03,C0001,esencial,norte,10,12.21,0,0,
TEL100-000362,2024-04-03,C0002,plus,norte,11,15.3,0,0,
TEL100-000363,2024-04-03,C0003,total,sur,34,63.57,0,0,
TEL100-000364,2024-04-03,C0004,esencial,norte,83,22.0,0,0,
TEL100-000365,2024-04-03,C0005,plus,sur,20,25.54,0,0,
TEL100-000366,2024-04-03,C0006,total,norte,5,42.78,1,0,
TEL100-000367,2024-04-03,C0007,esencial,centro,78,0,0,0,
TEL100-000368,2024-04-03,C0008,plus,norte,73,32.37,0,0,
TEL100-000369,2024-04-03,C0009,total,sur,46,62.84,0,0,
TEL100-000370,2024-04-03,C0010,esencial,sur,90,13.06,3,0,
TEL100-000371,2024-04-03,C0011,plus,norte,92,26.76,3,0,
TEL100-000372,2024-04-03,C0012,total,sur,15,44.84,2,0,
TEL100-000373,2024-04-03,C0013,esencial,norte,8,0,0,0,
TEL100-000374,2024-04-03,C0014,plus,centro,73,21.42,2,0,
TEL100-000375,2024-04-03,C0015,total,centro,93,31.45,0,0,
TEL100-000376,2024-04-03,C0016,esencial,sur,54,6.02,0,0,
TEL100-000377,2024-04-03,C0017,plus,sur,63,33.18,1,0,
TEL100-000378,2024-04-03,C0018,total,sur,17,58.93,1,0,
TEL100-000379,2024-04-03,C0019,esencial,norte,38,19.39,0,0,
TEL100-000380,2024-04-03,C0020,plus,sur,76,22.97,2,0,
TEL100-000381,2024-04-03,C0021,total,sur,16,55.57,0,0,
TEL100-000382,2024-04-03,C0022,esencial,centro,93,4.64,1,0,
TEL100-000383,2024-04-03,C0023,plus,centro,53,19.7,0,0,
TEL100-000384,2024-04-03,C0024,total,sur,92,39.42,1,0,
TEL100-000385,2024-04-03,C0025,esencial,centro,32,19.05,0,0,
TEL100-000386,2024-04-03,C0026,plus,sur,59,26.24,4,1,precio
TEL100-000387,2024-04-03,C0027,total,centro,16,35.5,0,0,
TEL100-000388,2024-04-03,C0028,esencial,norte,53,13.65,2,0,
TEL100-000389,2024-04-03,C0029, PLUS ,centro,40,31.1,0,0,
TEL100-000390,2024-04-03,C0030,total,norte,45,41.11,1,0,
TEL100-000391,2024-04-03,C0031,esencial,centro,13,6.23,0,0,
TEL100-000392,2024-04-03,C0032,plus,norte,35,37.28,0,1,precio
TEL100-000393,2024-04-03,C0033,total,sur,92,49.26,1,0,
TEL100-000394,2024-04-03,C0034,esencial,norte,72,11.43,1,0,
TEL100-000395,2024-04-03,C0035,plus,sur,84,38.43,1,0,
TEL100-000396,2024-04-03,C0036,total,norte,54,42.11,2,0,
TEL100-000397,2024-04-03,C0037,esencial,norte,36,4.0,0,0,
TEL100-000398,2024-04-03,C0038,plus,centro,40,16.97,2,1,precio
TEL100-000399,2024-04-03,C0039,total,norte,84,46.83,3,0,
TEL100-000400,2024-04-03,C0040,esencial,norte,77,13.92,0,0,
TEL100-000401,2024-04-03,C0041,plus,norte,76,34.09,1,0,
TEL100-000402,2024-04-03,C0042,total,norte,25,56.89,0,0,
TEL100-000403,2024-04-03,C0043,esencial,centro,10,17.2,0,0,
TEL100-000404,2024-04-03,C0044,plus,centro,93,38.11,0,0,
TEL100-000405,2024-04-03,C0045,total,norte,55,57.76,1,0,
TEL100-000406,2024-04-03,C0046,esencial,norte,16,0,1,0,
TEL100-000407,2024-04-03,C0047,plus,centro,65,25.33,2,0,
TEL100-000408,2024-04-03,C0048,total,sur,65,33.88,0,0,
TEL100-000409,2024-04-03,C0049,esencial,centro,89,0,0,0,
TEL100-000410,2024-04-03,C0050,plus,norte,37,30.8,0,0,
TEL100-000411,2024-04-03,C0051,total,centro,72,55.23,0,0,
TEL100-000412,2024-04-03,C0052,esencial,norte,88,5.96,0,0,
TEL100-000413,2024-04-03,C0053,plus,centro,50,23.29,0,0,
TEL100-000414,2024-04-03,C0054,total,sur,51,51.04,1,0,
TEL100-000415,2024-04-03,C0055,esencial,norte,35,0,0,0,
TEL100-000416,2024-04-03,C0056,plus,centro,67,,1,0,
TEL100-000417,2024-04-03,C0057,total,sur,37,44.25,0,0,
TEL100-000418,2024-04-03,C0058,esencial,centro,57,9.79,1,0,
TEL100-000419,2024-04-03,C0059,plus,centro,88,22.91,0,0,
TEL100-000420,2024-04-03,C0060,total,norte,60,35.53,4,0,
TEL100-000421,2024-04-03,C0061,esencial,centro,13,6.44,0,0,
TEL100-000422,2024-04-03,C0062,plus,centro,35,15.8,1,0,
TEL100-000423,2024-04-03,C0063,total,centro,6,"47,23",0,0,
TEL100-000424,2024-04-03,C0064,esencial,centro,85,11.68,1,0,
TEL100-000425,2024-04-03,C0065,plus,centro,9,34.34,0,1,precio
TEL100-000426,2024-04-03,C0066,total,sur,45,56.06,0,0,
TEL100-000427,2024-04-03,C0067,esencial,sur,67,12.49,3,0,
TEL100-000428,2024-04-03,C0068,plus,norte,29,31.36,0,0,
TEL100-000429,2024-04-03,C0069,total,sur,51,51.97,0,0,
TEL100-000430,2024-04-03,C0070,esencial,centro,5,10.36,2,0,
TEL100-000431,2024-04-03,C0071,plus,centro,71,32.85,0,0,
TEL100-000432,2024-04-03,C0072,total,norte,30,-999,0,0,
TEL100-000433,2024-04-03,C0073,esencial,sur,24,0.25,0,0,
TEL100-000434,2024-04-03,C0074,plus,centro,45,17.2,2,0,
TEL100-000435,2024-04-03,C0075,total,sur,55,38.38,0,0,
TEL100-000436,2024-04-03,C0076,esencial,centro,48,11.0,0,0,
TEL100-000437,2024-04-03,C0077,plus,sur,30,28.57,0,0,
TEL100-000438,2024-04-03,C0078,total,centro,72,51.28,0,0,
TEL100-000439,2024-04-03,C0079,esencial,sur,80,4.32,0,0,
TEL100-000440,2024-04-03,C0080,plus,sur,75,33.51,0,0,
TEL100-000441,2024-04-03,C0081,total,norte,22,43.93,0,0,
TEL100-000442,2024-04-03,C0082,esencial,centro,29,17.85,0,0,
TEL100-000443,2024-04-03,C0083,plus,centro,33,32.23,0,0,
TEL100-000444,2024-04-03,C0084,total,norte,21,43.56,0,0,
TEL100-000445,2024-04-03,C0085,esencial,centro,40,1.92,0,1,mudanza
TEL100-000446,2024-04-03,C0086,plus,norte,68,30.24,0,0,
TEL100-000447,2024-04-03,C0087,total,centro,49,60.39,4,0,
TEL100-000448,2024-04-03,C0088,esencial,norte,13,15.84,1,0,
TEL100-000449,2024-04-03,C0089,plus,sur,34,31.35,2,0,
TEL100-000450,2024-04-03,C0090,total,sur,35,62.39,1,0,
TEL100-000451,2024-04-03,C0091,esencial,norte,55,8.63,0,0,
TEL100-000452,2024-04-03,C0092,plus,sur,31,33.24,0,0,
TEL100-000453,2024-04-03,C0093,total,centro,56,36.65,0,0,
TEL100-000454,2024-04-03,C0094,esencial,norte,37,1.07,0,0,
TEL100-000455,2024-04-03,C0095,plus,norte,78,33.66,0,0,
TEL100-000456,2024-04-03,C0096,total,sur,70,49.9,1,0,
TEL100-000457,2024-04-03,C0097,esencial,norte,23,9.76,0,0,
TEL100-000458,2024-04-03,C0098,plus,centro,23,19.43,0,0,
TEL100-000459,2024-04-03,C0099,total,sur,78,37.04,2,0,
TEL100-000460,2024-04-03,C0100,esencial,norte,7,0,0,0,
TEL100-000461,2024-04-03,C0101,plus,sur,22,26.82,0,0,
TEL100-000462,2024-04-03,C0102,total,centro,71,37.36,0,0,
TEL100-000463,2024-04-03,C0103,esencial,sur,43,6.97,0,0,
TEL100-000464,2024-04-03,C0104,plus,centro,13,23.52,0,0,
TEL100-000465,2024-04-03,C0105,total,norte,18,40.2,1,0,
TEL100-000466,2024-04-03,C0106,esencial,centro,56,1.25,0,0,
TEL100-000467,2024-04-03,C0107,plus,centro,8,45.09,4,0,
TEL100-000468,2024-04-03,C0108,total,centro,4,47.85,1,0,
TEL100-000469,2024-04-03,C0109,esencial,sur,68,4.83,1,0,
TEL100-000470,2024-04-03,C0110,plus,centro,86,32.47,2,1,mudanza
TEL100-000471,2024-04-03,C0111,total,norte,26,38.81,0,0,
TEL100-000472,2024-04-03,C0112,esencial,norte,25,13.29,2,0,
TEL100-000473,2024-04-03,C0113,plus,sur,34,22.27,0,0,
TEL100-000474,2024-04-03,C0114,total,norte,23,36.79,1,0,
TEL100-000475,2024-04-03,C0115,esencial,centro,25,9.8,3,0,
TEL100-000476,2024-04-03,C0116,plus,centro,15,33.38,0,0,
TEL100-000477,2024-04-03,C0117,total,sur,63,52.91,1,0,
TEL100-000478,2024-04-03,C0118,esencial,norte,17,9.82,0,0,
TEL100-000479,2024-04-03,C0119,plus,sur,49,33.64,0,0,
TEL100-000480,2024-04-03,C0120,total,norte,87,42.48,0,0,
TEL100-000481,2024-05-04,C0001,esencial,norte,11,10.33,1,0,
TEL100-000482,2024-05-04,C0002,plus,norte,12,43.97,1,0,
TEL100-000483,2024-05-04,C0003,total,sur,35,57.38,1,0,
TEL100-000484,2024-05-04,C0004,esencial,norte,84,5.87,0,0,
TEL100-000485,2024-05-04,C0005,plus,sur,21,30.19,0,0,
TEL100-000486,2024-05-04,C0006, TOTAL ,norte,6,59.04,0,0,
TEL100-000487,2024-05-04,C0007,esencial,centro,79,8.68,0,0,
TEL100-000488,2024-05-04,C0008,plus,norte,74,30.57,0,0,
TEL100-000489,2024-05-04,C0009,total,sur,47,42.18,0,0,
TEL100-000490,2024-05-04,C0010,esencial,sur,91,17.91,0,1,precio
TEL100-000491,2024-05-04,C0011,plus,norte,93,36.87,0,0,
TEL100-000492,2024-05-04,C0012,total,sur,16,45.86,0,0,
TEL100-000493,2024-05-04,C0013,esencial,norte,9,28.53,4,0,
TEL100-000494,2024-05-04,C0014,plus,centro,74,36.24,0,0,
TEL100-000495,2024-05-04,C0015,total,centro,94,42.78,1,0,
TEL100-000496,2024-05-04,C0016,esencial,sur,55,9.35,0,0,
TEL100-000497,2024-05-04,C0017,plus,sur,64,11.97,0,0,
TEL100-000498,2024-05-04,C0018,total,sur,18,49.22,1,0,
TEL100-000499,2024-05-04,C0019,esencial,norte,39,,3,0,
TEL100-000500,2024-05-04,C0020,plus,sur,77,29.12,0,0,
TEL100-000501,2024-05-04,C0021,total,sur,17,52.65,0,0,
TEL100-000502,2024-05-04,C0022,esencial,centro,94,1.89,0,0,
TEL100-000503,2024-05-04,C0023,plus,centro,54,23.98,2,0,
TEL100-000504,2024-05-04,C0024,total,sur,93,45.74,2,0,
TEL100-000505,2024-05-04,C0025,esencial,centro,33,9.93,1,0,
TEL100-000506,2024-05-04,C0026,plus,sur,60,33.13,2,0,
TEL100-000507,2024-05-04,C0027,total,centro,17,51.77,0,0,
TEL100-000508,2024-05-04,C0028,esencial,norte,54,10.52,2,0,
TEL100-000509,2024-05-04,C0029,plus,centro,41,28.04,0,0,
TEL100-000510,2024-05-04,C0030,total,norte,46,51.39,0,1,mudanza
TEL100-000511,2024-05-04,C0031,esencial,centro,14,13.6,2,1,servicio
TEL100-000512,2024-05-04,C0032,plus,norte,36,36.19,0,0,
TEL100-000513,2024-05-04,C0033,total,sur,93,48.59,0,0,
TEL100-000514,2024-05-04,C0034,esencial,norte,73,6.89,0,0,
TEL100-000515,2024-05-04,C0035,plus,sur,85,36.71,0,0,
TEL100-000516,2024-05-04,C0036,total,norte,55,46.86,1,0,
TEL100-000517,2024-05-04,C0037,esencial,norte,37,16.76,0,0,
TEL100-000518,2024-05-04,C0038,plus,centro,41,33.84,1,0,
TEL100-000519,2024-05-04,C0039,total,norte,85,41.51,2,0,
TEL100-000520,2024-05-04,C0040,esencial,norte,78,4.73,1,1,precio
TEL100-000521,2024-05-04,C0041,plus,norte,77,32.6,1,0,
TEL100-000522,2024-05-04,C0042,total,norte,26,48.13,3,0,
TEL100-000523,2024-05-04,C0043,esencial,centro,11,16.91,0,0,
TEL100-000524,2024-05-04,C0044,plus,centro,94,43.13,1,0,
TEL100-000525,2024-05-04,C0045,total,norte,56,50.25,0,0,
TEL100-000526,2024-05-04,C0046,esencial,norte,17,13.12,0,0,
TEL100-000527,2024-05-04,C0047,plus,centro,66,28.84,0,0,
TEL100-000528,2024-05-04,C0048,total,sur,66,42.8,1,0,
TEL100-000529,2024-05-04,C0049,esencial,centro,90,18.69,0,0,
TEL100-000530,2024-05-04,C0050,plus,norte,38,24.86,0,0,
TEL100-000531,2024-05-04,C0051,total,centro,73,47.04,0,0,
TEL100-000532,2024-05-04,C0052,esencial,norte,89,19.08,2,0,
TEL100-000533,2024-05-04,C0053,plus,centro,51,33.55,0,0,
TEL100-000534,2024-05-04,C0054,total,sur,52,45.33,0,0,
TEL100-000535,2024-05-04,C0055,esencial,norte,36,13.99,1,0,
TEL100-000536,2024-05-04,C0056,plus,centro,68,24.64,0,0,
TEL100-000537,2024-05-04,C0057,total,sur,38,35.96,1,0,
TEL100-000538,2024-05-04,C0058,esencial,centro,58,17.86,0,0,
TEL100-000539,2024-05-04,C0059,plus,centro,89,40.98,2,0,
TEL100-000540,2024-05-04,C0060,total,norte,61,45.08,1,0,
TEL100-000541,2024-05-04,C0061,esencial,centro,14,10.38,3,0,
TEL100-000542,2024-05-04,C0062,plus,centro,36,30.39,0,0,
TEL100-000543,2024-05-04,C0063,total,centro,7,49.06,0,0,
TEL100-000544,2024-05-04,C0064,esencial,centro,86,13.84,1,0,
TEL100-000545,2024-05-04,C0065,plus,centro,10,26.83,1,0,
TEL100-000546,2024-05-04,C0066,total,sur,46,26.01,1,0,
TEL100-000547,2024-05-04,C0067,esencial,sur,68,12.4,0,0,
TEL100-000548,2024-05-04,C0068,plus,norte,30,36.21,3,0,
TEL100-000549,2024-05-04,C0069,total,sur,52,51.32,0,0,
TEL100-000550,2024-05-04,C0070,esencial,centro,6,17.22,0,0,
TEL100-000551,2024-05-04,C0071,plus,centro,72,21.43,3,1,mudanza
TEL100-000552,2024-05-04,C0072,total,norte,31,59.33,0,0,
TEL100-000553,2024-05-04,C0073,esencial,sur,25,16.95,1,1,precio
TEL100-000554,2024-05-04,C0074,plus,centro,46,34.25,0,0,
TEL100-000555,2024-05-04,C0075,total,sur,56,51.62,0,0,
TEL100-000556,2024-05-04,C0076,esencial,centro,49,9.85,0,0,
TEL100-000557,2024-05-04,C0077,plus,sur,31,29.02,1,0,
TEL100-000558,2024-05-04,C0078,total,centro,73,43.39,0,0,
TEL100-000559,2024-05-04,C0079,esencial,sur,81,23.86,0,0,
TEL100-000560,2024-05-04,C0080,plus,sur,76,17.33,0,0,
TEL100-000561,2024-05-04,C0081,total,norte,23,43.06,0,1,servicio
TEL100-000562,2024-05-04,C0082,esencial,centro,30,20.37,1,0,
TEL100-000563,2024-05-04,C0083,plus,centro,34,25.24,3,0,
TEL100-000564,2024-05-04,C0084,total,norte,22,41.3,2,0,
TEL100-000565,2024-05-04,C0085,esencial,centro,41,15.74,0,0,
TEL100-000566,2024-05-04,C0086,plus,norte,69,37.62,0,0,
TEL100-000567,2024-05-04,C0087,total,centro,50,51.22,1,0,
TEL100-000568,2024-05-04,C0088,esencial,norte,14,0,0,0,
TEL100-000569,2024-05-04,C0089,plus,sur,35,26.89,1,0,
TEL100-000570,2024-05-04,C0090,total,sur,36,55.87,0,0,
TEL100-000571,2024-05-04,C0091,esencial,norte,56,14.71,0,0,
TEL100-000572,2024-05-04,C0092,plus,sur,32,33.23,2,0,
TEL100-000573,2024-05-04,C0093,total,centro,57,53.99,1,0,
TEL100-000574,2024-05-04,C0094,esencial,norte,38,14.98,0,0,
TEL100-000575,2024-05-04,C0095,plus,norte,79,46.2,3,0,
TEL100-000576,2024-05-04,C0096,total,sur,71,52.86,0,0,
TEL100-000577,2024-05-04,C0097,esencial,norte,24,0,0,0,
TEL100-000578,2024-05-04,C0098,plus,centro,24,28.49,0,0,
TEL100-000579,2024-05-04,C0099,total,sur,79,46.06,1,0,
TEL100-000580,2024-05-04,C0100,esencial,norte,8,9.89,0,0,
TEL100-000581,2024-05-04,C0101,plus,sur,23,36.02,0,0,
TEL100-000582,2024-05-04,C0102,total,centro,72,,0,0,
TEL100-000583,2024-05-04,C0103, ESENCIAL ,sur,44,22.93,1,0,
TEL100-000584,2024-05-04,C0104,plus,centro,14,35.82,0,0,
TEL100-000585,2024-05-04,C0105,total,norte,19,38.46,1,0,
TEL100-000586,2024-05-04,C0106,esencial,centro,57,12.98,0,0,
TEL100-000587,2024-05-04,C0107,plus,centro,9,26.99,0,1,servicio
TEL100-000588,2024-05-04,C0108,total,centro,5,24.76,1,0,
TEL100-000589,2024-05-04,C0109,esencial,sur,69,12.7,0,1,precio
TEL100-000590,2024-05-04,C0110,plus,centro,87,35.69,0,0,
TEL100-000591,2024-05-04,C0111,total,norte,27,43.4,0,0,
TEL100-000592,2024-05-04,C0112,esencial,norte,26,2.87,0,0,
TEL100-000593,2024-05-04,C0113,plus,sur,35,38.31,1,0,
TEL100-000594,2024-05-04,C0114,total,norte,24,33.9,4,1,mudanza
TEL100-000595,2024-05-04,C0115,esencial,centro,26,0.73,2,0,
TEL100-000596,2024-05-04,C0116,plus,centro,16,22.67,0,0,
TEL100-000597,2024-05-04,C0117,total,sur,64,43.71,0,0,
TEL100-000598,2024-05-04,C0118,esencial,norte,18,10.16,0,0,
TEL100-000599,2024-05-04,C0119,plus,sur,50,42.97,4,0,
TEL100-000600,2024-05-04,C0120,total,norte,88,75.54,1,0,
TEL100-000601,2024-06-04,C0001,esencial,norte,12,32.0,2,0,
TEL100-000602,2024-06-04,C0002,plus,norte,13,39.59,0,0,
TEL100-000603,2024-06-04,C0003,total,sur,36,46.22,0,0,
TEL100-000604,2024-06-04,C0004,esencial,norte,85,11.78,0,0,
TEL100-000605,2024-06-04,C0005,plus,sur,22,31.51,0,0,
TEL100-000606,2024-06-04,C0006,total,norte,7,46.41,0,0,
TEL100-000607,2024-06-04,C0007,esencial,centro,80,16.59,1,0,
TEL100-000608,2024-06-04,C0008,plus,norte,75,19.42,1,0,
TEL100-000609,2024-06-04,C0009,total,sur,48,41.21,0,0,
TEL100-000610,2024-06-04,C0010,esencial,sur,92,6.41,1,0,
TEL100-000611,2024-06-04,C0011,plus,norte,94,20.65,1,0,
TEL100-000612,2024-06-04,C0012,total,sur,17,49.07,1,0,
TEL100-000613,2024-06-04,C0013,esencial,norte,10,10.97,3,0,
TEL100-000614,2024-06-04,C0014,plus,centro,75,30.31,3,0,
TEL100-000615,2024-06-04,C0015,total,centro,95,58.36,0,0,
TEL100-000616,2024-06-04,C0016,esencial,sur,56,4.51,1,0,
TEL100-000617,2024-06-04,C0017,plus,sur,65,44.45,0,0,
TEL100-000618,2024-06-04,C0018,total,sur,19,63.05,0,0,
TEL100-000619,2024-06-04,C0019,esencial,norte,40,0.79,1,0,
TEL100-000620,2024-06-04,C0020,plus,sur,78,31.12,0,0,
TEL100-000621,2024-06-04,C0021,total,sur,18,39.06,1,0,
TEL100-000622,2024-06-04,C0022,esencial,centro,95,11.26,0,0,
TEL100-000623,2024-06-04,C0023,plus,centro,55,28.94,1,0,
TEL100-000624,2024-06-04,C0024,total,sur,94,47.59,0,0,
TEL100-000625,2024-06-04,C0025,esencial,centro,34,0,0,0,
TEL100-000626,2024-06-04,C0026,plus,sur,61,24.97,0,0,
TEL100-000627,2024-06-04,C0027,total,centro,18,39.53,2,0,
TEL100-000628,2024-06-04,C0028,esencial,norte,55,22.47,0,0,
TEL100-000629,2024-06-04,C0029,plus,centro,42,43.4,0,0,
TEL100-000630,2024-06-04,C0030,total,norte,47,55.85,1,0,
TEL100-000631,2024-06-04,C0031,esencial,centro,15,7.73,1,0,
TEL100-000632,2024-06-04,C0032,plus,norte,37,26.01,0,0,
TEL100-000633,2024-06-04,C0033,total,sur,94,48.23,2,1,mudanza
TEL100-000634,2024-06-04,C0034,esencial,norte,74,"15,88",0,0,
TEL100-000635,2024-06-04,C0035,plus,sur,86,35.07,0,0,
TEL100-000636,2024-06-04,C0036,total,norte,56,40.71,1,0,
TEL100-000637,2024-06-04,C0037,esencial,norte,38,20.67,1,0,
TEL100-000638,2024-06-04,C0038,plus,centro,42,23.17,2,0,
TEL100-000639,2024-06-04,C0039,total,norte,86,51.45,1,0,
TEL100-000640,2024-06-04,C0040,esencial,norte,79,9.84,0,0,
TEL100-000641,2024-06-04,C0041,plus,norte,78,24.85,0,0,
TEL100-000642,2024-06-04,C0042,total,norte,27,41.12,0,0,
TEL100-000643,2024-06-04,C0043,esencial,centro,12,1.07,0,0,
TEL100-000644,2024-06-04,C0044,plus,centro,95,39.79,0,0,
TEL100-000645,2024-06-04,C0045,total,norte,57,45.15,1,0,
TEL100-000646,2024-06-04,C0046,esencial,norte,18,11.58,1,0,
TEL100-000647,2024-06-04,C0047,plus,centro,67,24.87,0,0,
TEL100-000648,2024-06-04,C0048,total,sur,67,54.9,0,0,
TEL100-000649,2024-06-04,C0049,esencial,centro,91,10.65,2,0,
TEL100-000650,2024-06-04,C0050,plus,norte,39,25.68,0,0,
TEL100-000651,2024-06-04,C0051,total,centro,74,46.65,1,1,mudanza
TEL100-000652,2024-06-04,C0052,esencial,norte,90,12.48,1,1,precio
TEL100-000653,2024-06-04,C0053,plus,centro,52,31.06,0,0,
TEL100-000654,2024-06-04,C0054,total,sur,53,49.05,0,0,
TEL100-000655,2024-06-04,C0055,esencial,norte,37,20.93,0,0,
TEL100-000656,2024-06-04,C0056,plus,centro,69,41.0,1,1,mudanza
TEL100-000657,2024-06-04,C0057,total,sur,39,29.86,1,0,
TEL100-000658,2024-06-04,C0058,esencial,centro,59,4.11,0,0,
TEL100-000659,2024-06-04,C0059,plus,centro,90,36.32,4,0,
TEL100-000660,2024-06-04,C0060,total,norte,62,42.21,2,1,mudanza
TEL100-000661,2024-06-04,C0061,esencial,centro,15,17.05,1,0,
TEL100-000662,2024-06-04,C0062,plus,centro,37,39.18,0,1,mudanza
TEL100-000663,2024-06-04,C0063,total,centro,8,43.08,1,0,
TEL100-000664,2024-06-04,C0064,esencial,centro,87,2.57,2,1,servicio
TEL100-000665,2024-06-04,C0065,plus,centro,11,,0,0,
TEL100-000666,2024-06-04,C0066,total,sur,47,54.77,0,0,
TEL100-000667,2024-06-04,C0067,esencial,sur,69,10.61,0,0,
TEL100-000668,2024-06-04,C0068,plus,norte,31,26.86,0,0,
TEL100-000669,2024-06-04,C0069,total,sur,53,26.24,0,0,
TEL100-000670,2024-06-04,C0070,esencial,centro,7,2.19,0,0,
TEL100-000671,2024-06-04,C0071,plus,centro,73,32.99,0,0,
TEL100-000672,2024-06-04,C0072,total,norte,32,34.68,1,0,
TEL100-000673,2024-06-04,C0073,esencial,sur,26,7.66,1,0,
TEL100-000674,2024-06-04,C0074,plus,centro,47,26.89,0,0,
TEL100-000675,2024-06-04,C0075,total,sur,57,58.62,3,0,
TEL100-000676,2024-06-04,C0076,esencial,centro,50,17.61,1,0,
TEL100-000677,2024-06-04,C0077,plus,sur,32,32.01,0,0,
TEL100-000678,2024-06-04,C0078,total,centro,74,60.23,1,0,
TEL100-000679,2024-06-04,C0079,esencial,sur,82,5.37,1,0,
TEL100-000680,2024-06-04,C0080, PLUS ,sur,77,27.62,1,0,
TEL100-000681,2024-06-04,C0081,total,norte,24,46.98,3,0,
TEL100-000682,2024-06-04,C0082,esencial,centro,31,6.15,1,0,
TEL100-000683,2024-06-04,C0083,plus,centro,35,26.93,3,0,
TEL100-000684,2024-06-04,C0084,total,norte,23,43.12,0,0,
TEL100-000685,2024-06-04,C0085,esencial,centro,42,10.09,1,0,
TEL100-000686,2024-06-04,C0086,plus,norte,70,25.06,0,0,
TEL100-000687,2024-06-04,C0087,total,centro,51,52.35,0,0,
TEL100-000688,2024-06-04,C0088,esencial,norte,15,15.2,0,0,
TEL100-000689,2024-06-04,C0089,plus,sur,36,25.17,1,0,
TEL100-000690,2024-06-04,C0090,total,sur,37,54.38,0,0,
TEL100-000691,2024-06-04,C0091,esencial,norte,57,9.11,0,0,
TEL100-000692,2024-06-04,C0092,plus,sur,33,49.22,4,0,
TEL100-000693,2024-06-04,C0093,total,centro,58,45.81,3,0,
TEL100-000694,2024-06-04,C0094,esencial,norte,39,13.55,0,0,
TEL100-000695,2024-06-04,C0095,plus,norte,80,25.47,0,0,
TEL100-000696,2024-06-04,C0096,total,sur,72,54.32,2,0,
TEL100-000697,2024-06-04,C0097,esencial,norte,25,6.71,3,0,
TEL100-000698,2024-06-04,C0098,plus,centro,25,21.98,0,0,
TEL100-000699,2024-06-04,C0099,total,sur,80,59.21,0,0,
TEL100-000700,2024-06-04,C0100,esencial,norte,9,11.12,2,0,
TEL100-000701,2024-06-04,C0101,plus,sur,24,39.47,0,0,
TEL100-000702,2024-06-04,C0102,total,centro,73,49.52,0,1,servicio
TEL100-000703,2024-06-04,C0103,esencial,sur,45,11.66,2,0,
TEL100-000704,2024-06-04,C0104,plus,centro,15,30.89,0,0,
TEL100-000705,2024-06-04,C0105,total,norte,20,41.25,3,0,
TEL100-000706,2024-06-04,C0106,esencial,centro,58,0,2,0,
TEL100-000707,2024-06-04,C0107,plus,centro,10,36.08,0,0,
TEL100-000708,2024-06-04,C0108,total,centro,6,47.49,2,0,
TEL100-000709,2024-06-04,C0109,esencial,sur,70,24.32,1,1,mudanza
TEL100-000710,2024-06-04,C0110,plus,centro,88,29.73,2,0,
TEL100-000711,2024-06-04,C0111,total,norte,28,51.44,1,0,
TEL100-000712,2024-06-04,C0112,esencial,norte,27,10.0,0,0,
TEL100-000713,2024-06-04,C0113,plus,sur,36,29.62,0,0,
TEL100-000714,2024-06-04,C0114,total,norte,25,44.86,0,0,
TEL100-000715,2024-06-04,C0115,esencial,centro,27,10.49,0,0,
TEL100-000716,2024-06-04,C0116,plus,centro,17,30.55,2,1,mudanza
TEL100-000717,2024-06-04,C0117,total,sur,65,42.06,0,0,
TEL100-000718,2024-06-04,C0118,esencial,norte,19,15.68,0,0,
TEL100-000719,2024-06-04,C0119,plus,sur,51,37.16,0,0,
TEL100-000720,2024-06-04,C0120,total,norte,89,50.13,0,0,
TEL100-000721,2024-07-05,C0001,esencial,norte,13,16.76,1,0,
TEL100-000722,2024-07-05,C0002,plus,norte,14,30.15,0,0,
TEL100-000723,2024-07-05,C0003,total,sur,37,49.56,2,0,
TEL100-000724,2024-07-05,C0004,esencial,norte,86,0,0,0,
TEL100-000725,2024-07-05,C0005,plus,sur,23,41.44,3,0,
TEL100-000726,2024-07-05,C0006,total,norte,8,38.85,0,0,
TEL100-000727,2024-07-05,C0007,esencial,centro,81,12.99,0,0,
TEL100-000728,2024-07-05,C0008,plus,norte,76,28.49,2,0,
TEL100-000729,2024-07-05,C0009,total,sur,49,52.25,1,0,
TEL100-000730,2024-07-05,C0010,esencial,sur,93,25.43,0,0,
TEL100-000731,2024-07-05,C0011,plus,norte,95,18.84,0,0,
TEL100-000732,2024-07-05,C0012,total,sur,18,53.7,2,0,
TEL100-000733,2024-07-05,C0013,esencial,norte,11,13.76,1,0,
TEL100-000734,2024-07-05,C0014,plus,centro,76,40.39,0,0,
TEL100-000735,2024-07-05,C0015,total,centro,96,46.35,0,1,precio
TEL100-000736,2024-07-05,C0016,esencial,sur,57,16.46,3,1,servicio
TEL100-000737,2024-07-05,C0017,plus,sur,66,30.15,0,0,
TEL100-000738,2024-07-05,C0018,total,sur,20,56.8,1,0,
TEL100-000739,2024-07-05,C0019,esencial,norte,41,9.81,0,0,
TEL100-000740,2024-07-05,C0020,plus,sur,79,41.37,2,0,
TEL100-000741,2024-07-05,C0021,total,sur,19,48.83,1,0,
TEL100-000742,2024-07-05,C0022,esencial,centro,96,4.44,0,0,
TEL100-000743,2024-07-05,C0023,plus,centro,56,38.44,0,0,
TEL100-000744,2024-07-05,C0024,total,sur,95,37.98,0,0,
TEL100-000745,2024-07-05,C0025,esencial,centro,35,28.46,0,0,
TEL100-000746,2024-07-05,C0026,plus,sur,62,44.61,1,0,
TEL100-000747,2024-07-05,C0027,total,centro,19,36.22,0,0,
TEL100-000748,2024-07-05,C0028,esencial,norte,56,,1,0,
TEL100-000749,2024-07-05,C0029,plus,centro,43,27.92,0,0,
TEL100-000750,2024-07-05,C0030,total,norte,48,54.51,1,0,
TEL100-000751,2024-07-05,C0031,esencial,centro,16,15.67,0,0,
TEL100-000752,2024-07-05,C0032,plus,norte,38,35.39,1,0,
TEL100-000753,2024-07-05,C0033,total,sur,95,60.63,0,0,
TEL100-000754,2024-07-05,C0034,esencial,norte,75,26.11,1,0,
TEL100-000755,2024-07-05,C0035,plus,sur,87,23.76,1,0,
TEL100-000756,2024-07-05,C0036,total,norte,57,45.13,0,0,
TEL100-000757,2024-07-05,C0037,esencial,norte,39,25.26,0,0,
TEL100-000758,2024-07-05,C0038,plus,centro,43,36.09,1,0,
TEL100-000759,2024-07-05,C0039,total,norte,87,52.9,4,0,
TEL100-000760,2024-07-05,C0040,esencial,norte,80,3.87,1,0,
TEL100-000761,2024-07-05,C0041,plus,norte,79,14.7,0,0,
TEL100-000762,2024-07-05,C0042,total,norte,28,58.32,1,0,
TEL100-000763,2024-07-05,C0043,esencial,centro,13,22.29,2,0,
TEL100-000764,2024-07-05,C0044,plus,centro,96,29.56,2,0,
TEL100-000765,2024-07-05,C0045,total,norte,58,44.07,1,0,
TEL100-000766,2024-07-05,C0046,esencial,norte,19,21.02,0,0,
TEL100-000767,2024-07-05,C0047,plus,centro,68,46.79,1,0,
TEL100-000768,2024-07-05,C0048,total,sur,68,50.69,1,0,
TEL100-000769,2024-07-05,C0049,esencial,centro,92,8.73,1,0,
TEL100-000770,2024-07-05,C0050,plus,norte,40,36.13,0,0,
TEL100-000771,2024-07-05,C0051,total,centro,75,49.38,0,0,
TEL100-000772,2024-07-05,C0052,esencial,norte,91,10.97,1,0,
TEL100-000773,2024-07-05,C0053,plus,centro,53,46.59,2,0,
TEL100-000774,2024-07-05,C0054,total,sur,54,44.4,0,0,
TEL100-000775,2024-07-05,C0055,esencial,norte,38,14.64,0,0,
TEL100-000776,2024-07-05,C0056,plus,centro,70,42.21,0,0,
TEL100-000777,2024-07-05,C0057, TOTAL ,sur,40,37.82,0,0,
TEL100-000778,2024-07-05,C0058,esencial,centro,60,11.64,0,0,
TEL100-000779,2024-07-05,C0059,plus,centro,91,30.7,0,0,
TEL100-000780,2024-07-05,C0060,total,norte,63,53.16,0,0,
TEL100-000781,2024-07-05,C0061,esencial,centro,16,7.28,0,0,
TEL100-000782,2024-07-05,C0062,plus,centro,38,34.66,1,0,
TEL100-000783,2024-07-05,C0063,total,centro,9,51.9,0,0,
TEL100-000784,2024-07-05,C0064,esencial,centro,88,14.49,1,0,
TEL100-000785,2024-07-05,C0065,plus,centro,12,25.99,0,0,
TEL100-000786,2024-07-05,C0066,total,sur,48,35.7,1,0,
TEL100-000787,2024-07-05,C0067,esencial,sur,70,19.0,0,0,
TEL100-000788,2024-07-05,C0068,plus,norte,32,33.76,0,0,
TEL100-000789,2024-07-05,C0069,total,sur,54,50.67,2,0,
TEL100-000790,2024-07-05,C0070,esencial,centro,8,14.48,0,0,
TEL100-000791,2024-07-05,C0071,plus,centro,74,36.61,1,0,
TEL100-000792,2024-07-05,C0072,total,norte,33,52.48,0,0,
TEL100-000793,2024-07-05,C0073,esencial,sur,27,22.48,0,0,
TEL100-000794,2024-07-05,C0074,plus,centro,48,34.15,3,0,
TEL100-000795,2024-07-05,C0075,total,sur,58,46.37,0,0,
TEL100-000796,2024-07-05,C0076,esencial,centro,51,17.68,2,0,
TEL100-000797,2024-07-05,C0077,plus,sur,33,20.24,2,0,
TEL100-000798,2024-07-05,C0078,total,centro,75,53.25,0,0,
TEL100-000799,2024-07-05,C0079,esencial,sur,83,18.49,2,0,
TEL100-000800,2024-07-05,C0080,plus,sur,78,28.76,1,0,
TEL100-000801,2024-07-05,C0081,total,norte,25,63.68,0,0,
TEL100-000802,2024-07-05,C0082,esencial,centro,32,11.78,0,0,
TEL100-000803,2024-07-05,C0083,plus,centro,36,30.53,2,0,
TEL100-000804,2024-07-05,C0084,total,norte,24,45.74,1,0,
TEL100-000805,2024-07-05,C0085,esencial,centro,43,4.5,1,0,
TEL100-000806,2024-07-05,C0086,plus,norte,71,27.9,2,0,
TEL100-000807,2024-07-05,C0087,total,centro,52,39.88,0,0,
TEL100-000808,2024-07-05,C0088,esencial,norte,16,16.36,2,0,
TEL100-000809,2024-07-05,C0089,plus,sur,37,31.19,2,1,precio
TEL100-000810,2024-07-05,C0090,total,sur,38,47.22,0,0,
TEL100-000811,2024-07-05,C0091,esencial,norte,58,12.72,1,1,mudanza
TEL100-000812,2024-07-05,C0092,plus,sur,34,28.91,0,0,
TEL100-000813,2024-07-05,C0093,total,centro,59,45.77,0,0,
TEL100-000814,2024-07-05,C0094,esencial,norte,40,11.49,0,0,
TEL100-000815,2024-07-05,C0095,plus,norte,81,24.21,0,0,
TEL100-000816,2024-07-05,C0096,total,sur,73,50.63,2,0,
TEL100-000817,2024-07-05,C0097,esencial,norte,26,18.44,0,0,
TEL100-000818,2024-07-05,C0098,plus,centro,26,32.1,0,0,
TEL100-000819,2024-07-05,C0099,total,sur,81,53.52,0,0,
TEL100-000820,2024-07-05,C0100,esencial,norte,10,15.23,0,0,
TEL100-000821,2024-07-05,C0101,plus,sur,25,27.34,0,0,
TEL100-000822,2024-07-05,C0102,total,centro,74,59.83,0,0,
TEL100-000823,2024-07-05,C0103,esencial,sur,46,0,0,0,
TEL100-000824,2024-07-05,C0104,plus,centro,16,23.66,1,0,
TEL100-000825,2024-07-05,C0105,total,norte,21,56.72,0,0,
TEL100-000826,2024-07-05,C0106,esencial,centro,59,11.11,0,0,
TEL100-000827,2024-07-05,C0107,plus,centro,11,20.31,0,0,
TEL100-000828,2024-07-05,C0108,total,centro,7,54.65,0,0,
TEL100-000829,2024-07-05,C0109,esencial,sur,71,14.51,0,0,
TEL100-000830,2024-07-05,C0110,plus,centro,89,22.96,1,0,
TEL100-000831,2024-07-05,C0111,total,norte,29,,2,0,
TEL100-000832,2024-07-05,C0112,esencial,norte,28,0.09,1,0,
TEL100-000833,2024-07-05,C0113,plus,sur,37,22.63,2,0,
TEL100-000834,2024-07-05,C0114,total,norte,26,41.86,1,0,
TEL100-000835,2024-07-05,C0115,esencial,centro,28,9.62,0,0,
TEL100-000836,2024-07-05,C0116,plus,centro,18,46.93,1,0,
TEL100-000837,2024-07-05,C0117,total,sur,66,50.19,2,0,
TEL100-000838,2024-07-05,C0118,esencial,norte,20,15.89,0,0,
TEL100-000839,2024-07-05,C0119,plus,sur,52,5.5,0,0,
TEL100-000840,2024-07-05,C0120,total,norte,90,62.27,1,0,
TEL100-000841,2024-08-05,C0001,esencial,norte,14,15.54,3,0,
TEL100-000842,2024-08-05,C0002,plus,norte,15,28.07,2,0,
TEL100-000843,2024-08-05,C0003,total,sur,38,62.21,0,1,mudanza
TEL100-000844,2024-08-05,C0004,esencial,norte,87,22.56,0,0,
TEL100-000845,2024-08-05,C0005,plus,sur,24,"35,36",2,0,
TEL100-000846,2024-08-05,C0006,total,norte,9,61.86,0,0,
TEL100-000847,2024-08-05,C0007,esencial,centro,82,10.75,1,0,
TEL100-000848,2024-08-05,C0008,plus,norte,77,27.89,2,0,
TEL100-000849,2024-08-05,C0009,total,sur,50,49.88,0,0,
TEL100-000850,2024-08-05,C0010,esencial,sur,94,1.18,4,0,
TEL100-000851,2024-08-05,C0011,plus,norte,96,24.01,0,0,
TEL100-000852,2024-08-05,C0012,total,sur,19,46.65,1,0,
TEL100-000853,2024-08-05,C0013,esencial,norte,12,15.71,0,0,
TEL100-000854,2024-08-05,C0014,plus,centro,77,27.43,0,0,
TEL100-000855,2024-08-05,C0015,total,centro,97,61.96,3,0,
TEL100-000856,2024-08-05,C0016,esencial,sur,58,18.77,0,0,
TEL100-000857,2024-08-05,C0017,plus,sur,67,31.83,0,0,
TEL100-000858,2024-08-05,C0018,total,sur,21,47.52,0,0,
TEL100-000859,2024-08-05,C0019,esencial,norte,42,11.4,0,0,
TEL100-000860,2024-08-05,C0020,plus,sur,80,28.14,1,0,
TEL100-000861,2024-08-05,C0021,total,sur,20,39.69,1,0,
TEL100-000862,2024-08-05,C0022,esencial,centro,97,3.38,0,0,
TEL100-000863,2024-08-05,C0023,plus,centro,57,-999,2,1,servicio
TEL100-000864,2024-08-05,C0024,total,sur,96,30.05,1,0,
TEL100-000865,2024-08-05,C0025,esencial,centro,36,14.91,1,0,
TEL100-000866,2024-08-05,C0026,plus,sur,63,11.79,1,0,
TEL100-000867,2024-08-05,C0027,total,centro,20,46.64,2,0,
TEL100-000868,2024-08-05,C0028,esencial,norte,57,3.34,1,0,
TEL100-000869,2024-08-05,C0029,plus,centro,44,37.7,2,1,precio
TEL100-000870,2024-08-05,C0030,total,norte,49,54.38,1,0,
TEL100-000871,2024-08-05,C0031,esencial,centro,17,13.17,0,0,
TEL100-000872,2024-08-05,C0032,plus,norte,39,27.42,0,0,
TEL100-000873,2024-08-05,C0033,total,sur,96,46.91,3,0,
TEL100-000874,2024-08-05,C0034, ESENCIAL ,norte,76,9.23,0,0,
TEL100-000875,2024-08-05,C0035,plus,sur,88,31.31,0,0,
TEL100-000876,2024-08-05,C0036,total,norte,58,46.39,3,0,
TEL100-000877,2024-08-05,C0037,esencial,norte,40,24.75,1,0,
TEL100-000878,2024-08-05,C0038,plus,centro,44,30.87,0,0,
TEL100-000879,2024-08-05,C0039,total,norte,88,47.05,1,0,
TEL100-000880,2024-08-05,C0040,esencial,norte,81,27.1,1,0,
TEL100-000881,2024-08-05,C0041,plus,norte,80,29.05,1,0,
TEL100-000882,2024-08-05,C0042,total,norte,29,41.97,2,0,
TEL100-000883,2024-08-05,C0043,esencial,centro,14,13.92,2,0,
TEL100-000884,2024-08-05,C0044,plus,centro,97,28.97,0,0,
TEL100-000885,2024-08-05,C0045,total,norte,59,50.83,0,0,
TEL100-000886,2024-08-05,C0046,esencial,norte,20,5.93,2,0,
TEL100-000887,2024-08-05,C0047,plus,centro,69,28.06,1,0,
TEL100-000888,2024-08-05,C0048,total,sur,69,56.64,0,0,
TEL100-000889,2024-08-05,C0049,esencial,centro,93,14.38,0,0,
TEL100-000890,2024-08-05,C0050,plus,norte,41,31.98,0,1,mudanza
TEL100-000891,2024-08-05,C0051,total,centro,76,54.83,0,0,
TEL100-000892,2024-08-05,C0052,esencial,norte,92,6.82,2,0,
TEL100-000893,2024-08-05,C0053,plus,centro,54,28.33,0,0,
TEL100-000894,2024-08-05,C0054,total,sur,55,53.31,0,0,
TEL100-000895,2024-08-05,C0055,esencial,norte,39,10.49,1,0,
TEL100-000896,2024-08-05,C0056,plus,centro,71,45.4,0,0,
TEL100-000897,2024-08-05,C0057,total,sur,41,37.36,0,0,
TEL100-000898,2024-08-05,C0058,esencial,centro,61,8.09,1,0,
TEL100-000899,2024-08-05,C0059,plus,centro,92,30.17,2,0,
TEL100-000900,2024-08-05,C0060,total,norte,64,54.89,1,0,
TEL100-000901,2024-08-05,C0061,esencial,centro,17,0,0,0,
TEL100-000902,2024-08-05,C0062,plus,centro,39,30.98,0,0,
TEL100-000903,2024-08-05,C0063,total,centro,10,30.77,0,0,
TEL100-000904,2024-08-05,C0064,esencial,centro,89,12.24,2,1,precio
TEL100-000905,2024-08-05,C0065,plus,centro,13,23.76,1,0,
TEL100-000906,2024-08-05,C0066,total,sur,49,47.63,1,0,
TEL100-000907,2024-08-05,C0067,esencial,sur,71,2.15,1,0,
TEL100-000908,2024-08-05,C0068,plus,norte,33,20.08,0,0,
TEL100-000909,2024-08-05,C0069,total,sur,55,61.3,0,0,
TEL100-000910,2024-08-05,C0070,esencial,centro,9,15.0,0,0,
TEL100-000911,2024-08-05,C0071,plus,centro,75,28.77,2,0,
TEL100-000912,2024-08-05,C0072,total,norte,34,54.11,1,0,
TEL100-000913,2024-08-05,C0073,esencial,sur,28,5.75,3,0,
TEL100-000914,2024-08-05,C0074,plus,centro,49,,0,0,
TEL100-000915,2024-08-05,C0075,total,sur,59,57.07,0,0,
TEL100-000916,2024-08-05,C0076,esencial,centro,52,11.37,0,0,
TEL100-000917,2024-08-05,C0077,plus,sur,34,28.57,3,1,precio
TEL100-000918,2024-08-05,C0078,total,centro,76,43.72,0,0,
TEL100-000919,2024-08-05,C0079,esencial,sur,84,23.19,0,0,
TEL100-000920,2024-08-05,C0080,plus,sur,79,42.12,0,0,
TEL100-000921,2024-08-05,C0081,total,norte,26,50.8,1,0,
TEL100-000922,2024-08-05,C0082,esencial,centro,33,3.17,1,0,
TEL100-000923,2024-08-05,C0083,plus,centro,37,22.95,2,0,
TEL100-000924,2024-08-05,C0084,total,norte,25,59.74,0,0,
TEL100-000925,2024-08-05,C0085,esencial,centro,44,7.23,0,0,
TEL100-000926,2024-08-05,C0086,plus,norte,72,25.33,0,0,
TEL100-000927,2024-08-05,C0087,total,centro,53,54.42,0,0,
TEL100-000928,2024-08-05,C0088,esencial,norte,17,8.81,0,0,
TEL100-000929,2024-08-05,C0089,plus,sur,38,31.54,0,0,
TEL100-000930,2024-08-05,C0090,total,sur,39,62.62,1,0,
TEL100-000931,2024-08-05,C0091,esencial,norte,59,8.18,0,0,
TEL100-000932,2024-08-05,C0092,plus,sur,35,29.35,1,0,
TEL100-000933,2024-08-05,C0093,total,centro,60,43.43,1,0,
TEL100-000934,2024-08-05,C0094,esencial,norte,41,6.43,0,0,
TEL100-000935,2024-08-05,C0095,plus,norte,82,18.18,0,0,
TEL100-000936,2024-08-05,C0096,total,sur,74,56.51,1,0,
TEL100-000937,2024-08-05,C0097,esencial,norte,27,13.02,0,0,
TEL100-000938,2024-08-05,C0098,plus,centro,27,18.94,2,0,
TEL100-000939,2024-08-05,C0099,total,sur,82,59.25,1,0,
TEL100-000940,2024-08-05,C0100,esencial,norte,11,24.52,2,0,
TEL100-000941,2024-08-05,C0101,plus,sur,26,37.43,0,0,
TEL100-000942,2024-08-05,C0102,total,centro,75,45.82,0,0,
TEL100-000943,2024-08-05,C0103,esencial,sur,47,28.0,0,0,
TEL100-000944,2024-08-05,C0104,plus,centro,17,28.88,0,0,
TEL100-000945,2024-08-05,C0105,total,norte,22,50.77,0,0,
TEL100-000946,2024-08-05,C0106,esencial,centro,60,18.37,1,0,
TEL100-000947,2024-08-05,C0107,plus,centro,12,22.07,0,0,
TEL100-000948,2024-08-05,C0108,total,centro,8,56.47,0,1,mudanza
TEL100-000949,2024-08-05,C0109,esencial,sur,72,10.58,0,0,
TEL100-000950,2024-08-05,C0110,plus,centro,90,28.21,0,0,
TEL100-000951,2024-08-05,C0111,total,norte,30,54.26,0,0,
TEL100-000952,2024-08-05,C0112,esencial,norte,29,0,2,0,
TEL100-000953,2024-08-05,C0113,plus,sur,38,26.57,1,0,
TEL100-000954,2024-08-05,C0114,total,norte,27,43.16,1,0,
TEL100-000955,2024-08-05,C0115,esencial,centro,29,13.71,0,1,precio
TEL100-000956,2024-08-05,C0116,plus,centro,19,15.2,0,0,
TEL100-000957,2024-08-05,C0117,total,sur,67,57.32,1,0,
TEL100-000958,2024-08-05,C0118,esencial,norte,21,24.91,0,0,
TEL100-000959,2024-08-05,C0119,plus,sur,53,2.41,2,0,
TEL100-000960,2024-08-05,C0120,total,norte,91,30.37,4,0,
TEL100-000961,2024-09-05,C0001,esencial,norte,15,13.95,3,0,
TEL100-000962,2024-09-05,C0002,plus,norte,16,29.22,0,0,
TEL100-000963,2024-09-05,C0003,total,sur,39,52.34,0,0,
TEL100-000964,2024-09-05,C0004,esencial,norte,88,2.38,2,0,
TEL100-000965,2024-09-05,C0005,plus,sur,25,24.81,0,0,
TEL100-000966,2024-09-05,C0006,total,norte,10,34.62,0,0,
TEL100-000967,2024-09-05,C0007,esencial,centro,83,9.42,2,0,
TEL100-000968,2024-09-05,C0008,plus,norte,78,36.72,1,0,
TEL100-000969,2024-09-05,C0009,total,sur,51,47.88,0,0,
TEL100-000970,2024-09-05,C0010,esencial,sur,95,9.38,2,0,
TEL100-000971,2024-09-05,C0011, PLUS ,norte,97,21.55,0,0,
TEL100-000972,2024-09-05,C0012,total,sur,20,45.24,0,0,
TEL100-000973,2024-09-05,C0013,esencial,norte,13,2.34,0,0,
TEL100-000974,2024-09-05,C0014,plus,centro,78,36.51,3,0,
TEL100-000975,2024-09-05,C0015,total,centro,98,38.94,2,0,
TEL100-000976,2024-09-05,C0016,esencial,sur,59,17.11,1,0,
TEL100-000977,2024-09-05,C0017,plus,sur,68,35.89,0,0,
TEL100-000978,2024-09-05,C0018,total,sur,22,62.79,2,0,
TEL100-000979,2024-09-05,C0019,esencial,norte,43,10.76,1,0,
TEL100-000980,2024-09-05,C0020,plus,sur,81,33.37,0,0,
TEL100-000981,2024-09-05,C0021,total,sur,21,51.41,2,0,
TEL100-000982,2024-09-05,C0022,esencial,centro,98,7.19,2,0,
TEL100-000983,2024-09-05,C0023,plus,centro,58,28.37,1,0,
TEL100-000984,2024-09-05,C0024,total,sur,97,45.56,3,0,
TEL100-000985,2024-09-05,C0025,esencial,centro,37,5.88,0,0,
TEL100-000986,2024-09-05,C0026,plus,sur,64,20.51,1,0,
TEL100-000987,2024-09-05,C0027,total,centro,21,49.94,0,0,
TEL100-000988,2024-09-05,C0028,esencial,norte,58,1.73,1,0,
TEL100-000989,2024-09-05,C0029,plus,centro,45,23.07,0,0,
TEL100-000990,2024-09-05,C0030,total,norte,50,46.58,0,0,
TEL100-000991,2024-09-05,C0031,esencial,centro,18,8.53,2,0,
TEL100-000992,2024-09-05,C0032,plus,norte,40,34.09,1,0,
TEL100-000993,2024-09-05,C0033,total,sur,97,52.43,0,0,
TEL100-000994,2024-09-05,C0034,esencial,norte,77,4.6,0,0,
TEL100-000995,2024-09-05,C0035,plus,sur,89,25.45,1,0,
TEL100-000996,2024-09-05,C0036,total,norte,59,48.39,0,0,
TEL100-000997,2024-09-05,C0037,esencial,norte,41,,3,0,
TEL100-000998,2024-09-05,C0038,plus,centro,45,41.91,1,0,
TEL100-000999,2024-09-05,C0039,total,norte,89,42.87,1,0,
TEL100-001000,2024-09-05,C0040,esencial,norte,82,17.26,0,0,
TEL100-001001,2024-09-05,C0041,plus,norte,81,34.04,0,0,
TEL100-001002,2024-09-05,C0042,total,norte,30,52.26,0,0,
TEL100-001003,2024-09-05,C0043,esencial,centro,15,20.44,0,0,
TEL100-001004,2024-09-05,C0044,plus,centro,98,41.47,0,0,
TEL100-001005,2024-09-05,C0045,total,norte,60,54.07,2,0,
TEL100-001006,2024-09-05,C0046,esencial,norte,21,15.23,2,0,
TEL100-001007,2024-09-05,C0047,plus,centro,70,29.69,0,0,
TEL100-001008,2024-09-05,C0048,total,sur,70,41.0,0,0,
TEL100-001009,2024-09-05,C0049,esencial,centro,94,16.44,0,0,
TEL100-001010,2024-09-05,C0050,plus,norte,42,35.09,0,0,
TEL100-001011,2024-09-05,C0051,total,centro,77,41.55,1,0,
TEL100-001012,2024-09-05,C0052,esencial,norte,93,26.23,3,0,
TEL100-001013,2024-09-05,C0053,plus,centro,55,23.32,0,0,
TEL100-001014,2024-09-05,C0054,total,sur,56,63.22,1,0,
TEL100-001015,2024-09-05,C0055,esencial,norte,40,0,2,0,
TEL100-001016,2024-09-05,C0056,plus,centro,72,32.8,3,0,
TEL100-001017,2024-09-05,C0057,total,sur,42,41.69,2,0,
TEL100-001018,2024-09-05,C0058,esencial,centro,62,27.81,0,0,
TEL100-001019,2024-09-05,C0059,plus,centro,93,34.21,0,0,
TEL100-001020,2024-09-05,C0060,total,norte,65,50.34,0,0,
TEL100-001021,2024-09-05,C0061,esencial,centro,18,21.36,0,0,
TEL100-001022,2024-09-05,C0062,plus,centro,40,26.82,3,0,
TEL100-001023,2024-09-05,C0063,total,centro,11,50.99,0,0,
TEL100-001024,2024-09-05,C0064,esencial,centro,90,14.24,0,0,
TEL100-001025,2024-09-05,C0065,plus,centro,14,7.46,0,0,
TEL100-001026,2024-09-05,C0066,total,sur,50,54.16,0,0,
TEL100-001027,2024-09-05,C0067,esencial,sur,72,9.5,1,0,
TEL100-001028,2024-09-05,C0068,plus,norte,34,29.67,0,0,
TEL100-001029,2024-09-05,C0069,total,sur,56,41.14,2,0,
TEL100-001030,2024-09-05,C0070,esencial,centro,10,0.79,0,0,
TEL100-001031,2024-09-05,C0071,plus,centro,76,11.75,0,0,
TEL100-001032,2024-09-05,C0072,total,norte,35,47.65,2,0,
TEL100-001033,2024-09-05,C0073,esencial,sur,29,6.65,1,0,
TEL100-001034,2024-09-05,C0074,plus,centro,50,21.14,0,0,
TEL100-001035,2024-09-05,C0075,total,sur,60,51.65,2,0,
TEL100-001036,2024-09-05,C0076,esencial,centro,53,12.14,1,0,
TEL100-001037,2024-09-05,C0077,plus,sur,35,39.08,3,0,
TEL100-001038,2024-09-05,C0078,total,centro,77,41.53,0,0,
TEL100-001039,2024-09-05,C0079,esencial,sur,85,20.43,1,0,
TEL100-001040,2024-09-05,C0080,plus,sur,80,30.72,1,0,
TEL100-001041,2024-09-05,C0081,total,norte,27,38.43,3,0,
TEL100-001042,2024-09-05,C0082,esencial,centro,34,4.97,3,0,
TEL100-001043,2024-09-05,C0083,plus,centro,38,13.82,0,0,
TEL100-001044,2024-09-05,C0084,total,norte,26,44.8,1,0,
TEL100-001045,2024-09-05,C0085,esencial,centro,45,8.93,0,0,
TEL100-001046,2024-09-05,C0086,plus,norte,73,32.73,3,0,
TEL100-001047,2024-09-05,C0087,total,centro,54,47.74,0,0,
TEL100-001048,2024-09-05,C0088,esencial,norte,18,10.82,0,0,
TEL100-001049,2024-09-05,C0089,plus,sur,39,42.1,1,0,
TEL100-001050,2024-09-05,C0090,total,sur,40,50.73,0,1,servicio
TEL100-001051,2024-09-05,C0091,esencial,norte,60,17.81,0,0,
TEL100-001052,2024-09-05,C0092,plus,sur,36,29.36,0,0,
TEL100-001053,2024-09-05,C0093,total,centro,61,38.92,2,0,
TEL100-001054,2024-09-05,C0094,esencial,norte,42,17.88,1,0,
TEL100-001055,2024-09-05,C0095,plus,norte,83,28.63,0,0,
TEL100-001056,2024-09-05,C0096,total,sur,75,"53,9",0,0,
TEL100-001057,2024-09-05,C0097,esencial,norte,28,0.74,0,0,
TEL100-001058,2024-09-05,C0098,plus,centro,28,25.85,0,0,
TEL100-001059,2024-09-05,C0099,total,sur,83,53.57,3,1,mudanza
TEL100-001060,2024-09-05,C0100,esencial,norte,12,0,2,0,
TEL100-001061,2024-09-05,C0101,plus,sur,27,27.3,0,1,servicio
TEL100-001062,2024-09-05,C0102,total,centro,76,43.94,0,0,
TEL100-001063,2024-09-05,C0103,esencial,sur,48,0,0,0,
TEL100-001064,2024-09-05,C0104,plus,centro,18,26.85,2,0,
TEL100-001065,2024-09-05,C0105,total,norte,23,70.18,0,1,precio
TEL100-001066,2024-09-05,C0106,esencial,centro,61,4.74,2,0,
TEL100-001067,2024-09-05,C0107,plus,centro,13,39.55,0,0,
TEL100-001068,2024-09-05,C0108, TOTAL ,centro,9,60.46,0,0,
TEL100-001069,2024-09-05,C0109,esencial,sur,73,21.64,1,0,
TEL100-001070,2024-09-05,C0110,plus,centro,91,24.93,0,0,
TEL100-001071,2024-09-05,C0111,total,norte,31,39.66,0,0,
TEL100-001072,2024-09-05,C0112,esencial,norte,30,9.87,1,0,
TEL100-001073,2024-09-05,C0113,plus,sur,39,39.14,2,0,
TEL100-001074,2024-09-05,C0114,total,norte,28,40.88,0,0,
TEL100-001075,2024-09-05,C0115,esencial,centro,30,0,0,0,
TEL100-001076,2024-09-05,C0116,plus,centro,20,27.09,2,1,precio
TEL100-001077,2024-09-05,C0117,total,sur,68,62.94,0,0,
TEL100-001078,2024-09-05,C0118,esencial,norte,22,26.02,0,0,
TEL100-001079,2024-09-05,C0119,plus,sur,54,46.57,0,0,
TEL100-001080,2024-09-05,C0120,total,norte,92,,0,0,
TEL100-001081,2024-10-06,C0001,esencial,norte,16,25.69,3,1,mudanza
TEL100-001082,2024-10-06,C0002,plus,norte,17,23.02,0,0,
TEL100-001083,2024-10-06,C0003,total,sur,40,52.03,0,0,
TEL100-001084,2024-10-06,C0004,esencial,norte,89,21.13,2,1,precio
TEL100-001085,2024-10-06,C0005,plus,sur,26,33.44,0,0,
TEL100-001086,2024-10-06,C0006,total,norte,11,62.72,0,0,
TEL100-001087,2024-10-06,C0007,esencial,centro,84,9.15,1,0,
TEL100-001088,2024-10-06,C0008,plus,norte,79,32.11,0,0,
TEL100-001089,2024-10-06,C0009,total,sur,52,37.31,0,0,
TEL100-001090,2024-10-06,C0010,esencial,sur,96,6.67,2,0,
TEL100-001091,2024-10-06,C0011,plus,norte,98,45.16,0,0,
TEL100-001092,2024-10-06,C0012,total,sur,21,49.27,0,0,
TEL100-001093,2024-10-06,C0013,esencial,norte,14,8.21,0,0,
TEL100-001094,2024-10-06,C0014,plus,centro,79,32.93,0,1,mudanza
TEL100-001095,2024-10-06,C0015,total,centro,99,55.4,0,0,
TEL100-001096,2024-10-06,C0016,esencial,sur,60,13.11,0,0,
TEL100-001097,2024-10-06,C0017,plus,sur,69,19.84,0,0,
TEL100-001098,2024-10-06,C0018,total,sur,23,41.58,1,0,
TEL100-001099,2024-10-06,C0019,esencial,norte,44,15.18,0,0,
TEL100-001100,2024-10-06,C0020,plus,sur,82,31.91,2,0,
TEL100-001101,2024-10-06,C0021,total,sur,22,64.0,0,0,
TEL100-001102,2024-10-06,C0022,esencial,centro,99,17.34,4,1,servicio
TEL100-001103,2024-10-06,C0023,plus,centro,59,34.98,0,0,
TEL100-001104,2024-10-06,C0024,total,sur,98,50.06,0,0,
TEL100-001105,2024-10-06,C0025,esencial,centro,38,14.41,0,0,
TEL100-001106,2024-10-06,C0026,plus,sur,65,33.08,0,0,
TEL100-001107,2024-10-06,C0027,total,centro,22,55.29,1,0,
TEL100-001108,2024-10-06,C0028,esencial,norte,59,10.86,1,0,
TEL100-001109,2024-10-06,C0029,plus,centro,46,30.84,1,0,
TEL100-001110,2024-10-06,C0030,total,norte,51,43.62,0,0,
TEL100-001111,2024-10-06,C0031,esencial,centro,19,19.82,0,0,
TEL100-001112,2024-10-06,C0032,plus,norte,41,31.98,0,0,
TEL100-001113,2024-10-06,C0033,total,sur,98,50.22,3,0,
TEL100-001114,2024-10-06,C0034,esencial,norte,78,0,0,0,
TEL100-001115,2024-10-06,C0035,plus,sur,90,29.87,0,0,
TEL100-001116,2024-10-06,C0036,total,norte,60,47.73,0,0,
TEL100-001117,2024-10-06,C0037,esencial,norte,42,27.34,0,0,
TEL100-001118,2024-10-06,C0038,plus,centro,46,41.4,0,0,
TEL100-001119,2024-10-06,C0039,total,norte,90,45.17,0,0,
TEL100-001120,2024-10-06,C0040,esencial,norte,83,5.11,1,0,
TEL100-001121,2024-10-06,C0041,plus,norte,82,50.13,1,0,
TEL100-001122,2024-10-06,C0042,total,norte,31,47.09,2,1,servicio
TEL100-001123,2024-10-06,C0043,esencial,centro,16,19.45,0,0,
TEL100-001124,2024-10-06,C0044,plus,centro,99,28.96,0,0,
TEL100-001125,2024-10-06,C0045,total,norte,61,52.07,3,0,
TEL100-001126,2024-10-06,C0046,esencial,norte,22,21.48,0,0,
TEL100-001127,2024-10-06,C0047,plus,centro,71,24.27,0,0,
TEL100-001128,2024-10-06,C0048,total,sur,71,32.73,0,0,
TEL100-001129,2024-10-06,C0049,esencial,centro,95,14.71,1,0,
TEL100-001130,2024-10-06,C0050,plus,norte,43,36.52,1,0,
TEL100-001131,2024-10-06,C0051,total,centro,78,50.02,0,0,
TEL100-001132,2024-10-06,C0052,esencial,norte,94,7.23,0,0,
TEL100-001133,2024-10-06,C0053,plus,centro,56,16.32,1,1,mudanza
TEL100-001134,2024-10-06,C0054,total,sur,57,36.54,4,1,servicio
TEL100-001135,2024-10-06,C0055,esencial,norte,41,8.32,0,0,
TEL100-001136,2024-10-06,C0056,plus,centro,73,38.78,0,0,
TEL100-001137,2024-10-06,C0057,total,sur,43,52.54,1,0,
TEL100-001138,2024-10-06,C0058,esencial,centro,63,12.0,0,0,
TEL100-001139,2024-10-06,C0059,plus,centro,94,23.34,1,0,
TEL100-001140,2024-10-06,C0060,total,norte,66,32.31,0,0,
TEL100-001141,2024-10-06,C0061,esencial,centro,19,13.62,0,0,
TEL100-001142,2024-10-06,C0062,plus,centro,41,18.51,0,0,
TEL100-001143,2024-10-06,C0063,total,centro,12,39.13,1,0,
TEL100-001144,2024-10-06,C0064,esencial,centro,91,10.04,0,0,
TEL100-001145,2024-10-06,C0065,plus,centro,15,25.92,0,1,mudanza
TEL100-001146,2024-10-06,C0066,total,sur,51,42.61,0,1,servicio
TEL100-001147,2024-10-06,C0067,esencial,sur,73,22.33,4,0,
TEL100-001148,2024-10-06,C0068,plus,norte,35,23.39,0,0,
TEL100-001149,2024-10-06,C0069,total,sur,57,52.21,0,0,
TEL100-001150,2024-10-06,C0070,esencial,centro,11,5.5,0,0,
TEL100-001151,2024-10-06,C0071,plus,centro,77,39.76,0,0,
TEL100-001152,2024-10-06,C0072,total,norte,36,45.44,0,0,
TEL100-001153,2024-10-06,C0073,esencial,sur,30,19.13,0,0,
TEL100-001154,2024-10-06,C0074,plus,centro,51,20.31,2,0,
TEL100-001155,2024-10-06,C0075,total,sur,61,26.15,0,0,
TEL100-001156,2024-10-06,C0076,esencial,centro,54,10.92,0,0,
TEL100-001157,2024-10-06,C0077,plus,sur,36,45.93,0,0,
TEL100-001158,2024-10-06,C0078,total,centro,78,49.88,0,0,
TEL100-001159,2024-10-06,C0079,esencial,sur,86,10.9,0,0,
TEL100-001160,2024-10-06,C0080,plus,sur,81,29.37,0,0,
TEL100-001161,2024-10-06,C0081,total,norte,28,40.54,0,0,
TEL100-001162,2024-10-06,C0082,esencial,centro,35,0.12,0,0,
TEL100-001163,2024-10-06,C0083,plus,centro,39,,3,0,
TEL100-001164,2024-10-06,C0084,total,norte,27,52.38,0,0,
TEL100-001165,2024-10-06,C0085, ESENCIAL ,centro,46,23.61,2,1,precio
TEL100-001166,2024-10-06,C0086,plus,norte,74,25.55,0,0,
TEL100-001167,2024-10-06,C0087,total,centro,55,52.32,2,0,
TEL100-001168,2024-10-06,C0088,esencial,norte,19,2.19,3,0,
TEL100-001169,2024-10-06,C0089,plus,sur,40,35.06,2,0,
TEL100-001170,2024-10-06,C0090,total,sur,41,46.76,0,0,
TEL100-001171,2024-10-06,C0091,esencial,norte,61,15.82,1,0,
TEL100-001172,2024-10-06,C0092,plus,sur,37,29.16,0,0,
TEL100-001173,2024-10-06,C0093,total,centro,62,48.38,0,0,
TEL100-001174,2024-10-06,C0094,esencial,norte,43,17.97,0,0,
TEL100-001175,2024-10-06,C0095,plus,norte,84,28.7,0,0,
TEL100-001176,2024-10-06,C0096,total,sur,76,30.92,0,0,
TEL100-001177,2024-10-06,C0097,esencial,norte,29,15.16,4,0,
TEL100-001178,2024-10-06,C0098,plus,centro,29,46.34,0,0,
TEL100-001179,2024-10-06,C0099,total,sur,84,44.73,0,0,
TEL100-001180,2024-10-06,C0100,esencial,norte,13,13.04,1,0,
TEL100-001181,2024-10-06,C0101,plus,sur,28,33.82,1,0,
TEL100-001182,2024-10-06,C0102,total,centro,77,34.46,0,0,
TEL100-001183,2024-10-06,C0103,esencial,sur,49,17.16,0,0,
TEL100-001184,2024-10-06,C0104,plus,centro,19,24.7,3,0,
TEL100-001185,2024-10-06,C0105,total,norte,24,44.38,2,0,
TEL100-001186,2024-10-06,C0106,esencial,centro,62,8.3,1,0,
TEL100-001187,2024-10-06,C0107,plus,centro,14,37.15,1,0,
TEL100-001188,2024-10-06,C0108,total,centro,10,42.22,0,0,
TEL100-001189,2024-10-06,C0109,esencial,sur,74,13.32,0,0,
TEL100-001190,2024-10-06,C0110,plus,centro,92,16.56,0,0,
TEL100-001191,2024-10-06,C0111,total,norte,32,59.34,1,0,
TEL100-001192,2024-10-06,C0112,esencial,norte,31,15.48,0,0,
TEL100-001193,2024-10-06,C0113,plus,sur,40,30.35,0,0,
TEL100-001194,2024-10-06,C0114,total,norte,29,40.61,0,0,
TEL100-001195,2024-10-06,C0115,esencial,centro,31,10.1,1,0,
TEL100-001196,2024-10-06,C0116,plus,centro,21,41.43,1,0,
TEL100-001197,2024-10-06,C0117,total,sur,69,44.12,0,0,
TEL100-001198,2024-10-06,C0118,esencial,norte,23,9.01,1,0,
TEL100-001199,2024-10-06,C0119,plus,sur,55,23.44,0,0,
TEL100-001200,2024-10-06,C0120,total,norte,93,48.73,0,0,
TEL100-001201,2024-11-06,C0001,esencial,norte,17,13.67,2,0,
TEL100-001202,2024-11-06,C0002,plus,norte,18,23.67,0,0,
TEL100-001203,2024-11-06,C0003,total,sur,41,41.22,0,0,
TEL100-001204,2024-11-06,C0004,esencial,norte,90,9.61,1,0,
TEL100-001205,2024-11-06,C0005,plus,sur,27,41.01,1,0,
TEL100-001206,2024-11-06,C0006,total,norte,12,60.27,1,0,
TEL100-001207,2024-11-06,C0007,esencial,centro,85,21.96,0,0,
TEL100-001208,2024-11-06,C0008,plus,norte,80,25.18,0,0,
TEL100-001209,2024-11-06,C0009,total,sur,53,49.17,3,0,
TEL100-001210,2024-11-06,C0010,esencial,sur,97,30.51,2,0,
TEL100-001211,2024-11-06,C0011,plus,norte,99,48.7,1,0,
TEL100-001212,2024-11-06,C0012,total,sur,22,52.39,2,0,
TEL100-001213,2024-11-06,C0013,esencial,norte,15,23.34,1,0,
TEL100-001214,2024-11-06,C0014,plus,centro,80,27.41,3,0,
TEL100-001215,2024-11-06,C0015,total,centro,100,50.02,0,0,
TEL100-001216,2024-11-06,C0016,esencial,sur,61,4.35,2,0,
TEL100-001217,2024-11-06,C0017,plus,sur,70,11.08,0,0,
TEL100-001218,2024-11-06,C0018,total,sur,24,50.45,1,0,
TEL100-001219,2024-11-06,C0019,esencial,norte,45,12.34,0,0,
TEL100-001220,2024-11-06,C0020,plus,sur,83,37.38,0,0,
TEL100-001221,2024-11-06,C0021,total,sur,23,50.83,0,0,
TEL100-001222,2024-11-06,C0022,esencial,centro,100,0,1,0,
TEL100-001223,2024-11-06,C0023,plus,centro,60,33.48,0,0,
TEL100-001224,2024-11-06,C0024,total,sur,99,41.03,0,0,
TEL100-001225,2024-11-06,C0025,esencial,centro,39,22.24,1,0,
TEL100-001226,2024-11-06,C0026,plus,sur,66,36.62,0,0,
TEL100-001227,2024-11-06,C0027,total,centro,23,48.8,0,0,
TEL100-001228,2024-11-06,C0028,esencial,norte,60,11.56,1,0,
TEL100-001229,2024-11-06,C0029,plus,centro,47,36.25,2,0,
TEL100-001230,2024-11-06,C0030,total,norte,52,39.21,0,0,
TEL100-001231,2024-11-06,C0031,esencial,centro,20,16.93,1,0,
TEL100-001232,2024-11-06,C0032,plus,norte,42,41.77,1,0,
TEL100-001233,2024-11-06,C0033,total,sur,99,44.12,1,1,precio
TEL100-001234,2024-11-06,C0034,esencial,norte,79,10.52,0,0,
TEL100-001235,2024-11-06,C0035,plus,sur,91,33.17,3,0,
TEL100-001236,2024-11-06,C0036,total,norte,61,60.69,1,0,
TEL100-001237,2024-11-06,C0037,esencial,norte,43,19.34,0,0,
TEL100-001238,2024-11-06,C0038,plus,centro,47,18.37,0,0,
TEL100-001239,2024-11-06,C0039,total,norte,91,46.0,1,0,
TEL100-001240,2024-11-06,C0040,esencial,norte,84,6.46,0,0,
TEL100-001241,2024-11-06,C0041,plus,norte,83,39.34,1,0,
TEL100-001242,2024-11-06,C0042,total,norte,32,42.37,0,0,
TEL100-001243,2024-11-06,C0043,esencial,centro,17,16.26,1,0,
TEL100-001244,2024-11-06,C0044,plus,centro,100,43.92,0,0,
TEL100-001245,2024-11-06,C0045,total,norte,62,44.11,2,0,
TEL100-001246,2024-11-06,C0046,esencial,norte,23,,0,0,
TEL100-001247,2024-11-06,C0047,plus,centro,72,32.69,0,0,
TEL100-001248,2024-11-06,C0048,total,sur,72,37.25,2,0,
TEL100-001249,2024-11-06,C0049,esencial,centro,96,15.59,0,0,
TEL100-001250,2024-11-06,C0050,plus,norte,44,26.68,4,0,
TEL100-001251,2024-11-06,C0051,total,centro,79,39.72,0,0,
TEL100-001252,2024-11-06,C0052,esencial,norte,95,14.39,0,0,
TEL100-001253,2024-11-06,C0053,plus,centro,57,18.88,0,0,
TEL100-001254,2024-11-06,C0054,total,sur,58,42.36,3,0,
TEL100-001255,2024-11-06,C0055,esencial,norte,42,1.8,0,0,
TEL100-001256,2024-11-06,C0056,plus,centro,74,27.11,0,0,
TEL100-001257,2024-11-06,C0057,total,sur,44,54.16,1,0,
TEL100-001258,2024-11-06,C0058,esencial,centro,64,15.1,4,0,
TEL100-001259,2024-11-06,C0059,plus,centro,95,43.52,0,0,
TEL100-001260,2024-11-06,C0060,total,norte,67,56.97,4,0,
TEL100-001261,2024-11-06,C0061,esencial,centro,20,25.4,0,0,
TEL100-001262,2024-11-06,C0062, PLUS ,centro,42,20.52,1,0,
TEL100-001263,2024-11-06,C0063,total,centro,13,38.83,0,0,
TEL100-001264,2024-11-06,C0064,esencial,centro,92,15.2,0,0,
TEL100-001265,2024-11-06,C0065,plus,centro,16,13.11,1,0,
TEL100-001266,2024-11-06,C0066,total,sur,52,44.24,0,0,
TEL100-001267,2024-11-06,C0067,esencial,sur,74,"15,4",0,0,
TEL100-001268,2024-11-06,C0068,plus,norte,36,21.04,0,0,
TEL100-001269,2024-11-06,C0069,total,sur,58,53.73,3,0,
TEL100-001270,2024-11-06,C0070,esencial,centro,12,2.38,1,0,
TEL100-001271,2024-11-06,C0071,plus,centro,78,27.63,0,0,
TEL100-001272,2024-11-06,C0072,total,norte,37,48.4,0,0,
TEL100-001273,2024-11-06,C0073,esencial,sur,31,0,1,0,
TEL100-001274,2024-11-06,C0074,plus,centro,52,16.35,0,0,
TEL100-001275,2024-11-06,C0075,total,sur,62,50.82,0,0,
TEL100-001276,2024-11-06,C0076,esencial,centro,55,16.18,0,0,
TEL100-001277,2024-11-06,C0077,plus,sur,37,17.16,1,0,
TEL100-001278,2024-11-06,C0078,total,centro,79,31.26,1,0,
TEL100-001279,2024-11-06,C0079,esencial,sur,87,4.85,0,0,
TEL100-001280,2024-11-06,C0080,plus,sur,82,37.66,1,0,
TEL100-001281,2024-11-06,C0081,total,norte,29,48.87,0,0,
TEL100-001282,2024-11-06,C0082,esencial,centro,36,0,1,0,
TEL100-001283,2024-11-06,C0083,plus,centro,40,33.6,0,0,
TEL100-001284,2024-11-06,C0084,total,norte,28,34.97,1,0,
TEL100-001285,2024-11-06,C0085,esencial,centro,47,4.37,1,0,
TEL100-001286,2024-11-06,C0086,plus,norte,75,27.92,0,0,
TEL100-001287,2024-11-06,C0087,total,centro,56,36.52,1,1,precio
TEL100-001288,2024-11-06,C0088,esencial,norte,20,14.1,0,0,
TEL100-001289,2024-11-06,C0089,plus,sur,41,16.89,0,0,
TEL100-001290,2024-11-06,C0090,total,sur,42,47.16,2,1,mudanza
TEL100-001291,2024-11-06,C0091,esencial,norte,62,0,0,0,
TEL100-001292,2024-11-06,C0092,plus,sur,38,20.08,0,0,
TEL100-001293,2024-11-06,C0093,total,centro,63,49.77,2,0,
TEL100-001294,2024-11-06,C0094,esencial,norte,44,-999,0,0,
TEL100-001295,2024-11-06,C0095,plus,norte,85,23.75,1,0,
TEL100-001296,2024-11-06,C0096,total,sur,77,28.09,0,0,
TEL100-001297,2024-11-06,C0097,esencial,norte,30,14.52,1,0,
TEL100-001298,2024-11-06,C0098,plus,centro,30,42.89,0,0,
TEL100-001299,2024-11-06,C0099,total,sur,85,60.91,0,0,
TEL100-001300,2024-11-06,C0100,esencial,norte,14,24.58,0,0,
TEL100-001301,2024-11-06,C0101,plus,sur,29,16.47,1,0,
TEL100-001302,2024-11-06,C0102,total,centro,78,61.74,2,1,servicio
TEL100-001303,2024-11-06,C0103,esencial,sur,50,25.6,1,0,
TEL100-001304,2024-11-06,C0104,plus,centro,20,26.86,1,0,
TEL100-001305,2024-11-06,C0105,total,norte,25,44.87,2,0,
TEL100-001306,2024-11-06,C0106,esencial,centro,63,10.04,0,0,
TEL100-001307,2024-11-06,C0107,plus,centro,15,25.78,1,0,
TEL100-001308,2024-11-06,C0108,total,centro,11,49.07,0,0,
TEL100-001309,2024-11-06,C0109,esencial,sur,75,12.56,1,0,
TEL100-001310,2024-11-06,C0110,plus,centro,93,23.72,1,0,
TEL100-001311,2024-11-06,C0111,total,norte,33,39.16,1,0,
TEL100-001312,2024-11-06,C0112,esencial,norte,32,12.59,1,0,
TEL100-001313,2024-11-06,C0113,plus,sur,41,22.5,0,0,
TEL100-001314,2024-11-06,C0114,total,norte,30,53.04,0,0,
TEL100-001315,2024-11-06,C0115,esencial,centro,32,3.29,0,0,
TEL100-001316,2024-11-06,C0116,plus,centro,22,23.6,0,0,
TEL100-001317,2024-11-06,C0117,total,sur,70,61.16,1,0,
TEL100-001318,2024-11-06,C0118,esencial,norte,24,10.28,0,0,
TEL100-001319,2024-11-06,C0119,plus,sur,56,18.12,1,0,
TEL100-001320,2024-11-06,C0120,total,norte,94,43.0,2,0,
TEL100-001321,2024-12-07,C0001,esencial,norte,18,6.64,1,0,
TEL100-001322,2024-12-07,C0002,plus,norte,19,23.49,0,0,
TEL100-001323,2024-12-07,C0003,total,sur,42,47.08,0,0,
TEL100-001324,2024-12-07,C0004,esencial,norte,91,14.4,0,0,
TEL100-001325,2024-12-07,C0005,plus,sur,28,36.64,0,0,
TEL100-001326,2024-12-07,C0006,total,norte,13,47.86,0,0,
TEL100-001327,2024-12-07,C0007,esencial,centro,86,12.25,0,0,
TEL100-001328,2024-12-07,C0008,plus,norte,81,34.47,1,0,
TEL100-001329,2024-12-07,C0009,total,sur,54,,2,0,
TEL100-001330,2024-12-07,C0010,esencial,sur,98,7.19,1,0,
TEL100-001331,2024-12-07,C0011,plus,norte,100,41.8,2,0,
TEL100-001332,2024-12-07,C0012,total,sur,23,54.36,0,0,
TEL100-001333,2024-12-07,C0013,esencial,norte,16,10.48,0,0,
TEL100-001334,2024-12-07,C0014,plus,centro,81,32.11,1,0,
TEL100-001335,2024-12-07,C0015,total,centro,101,57.58,0,0,
TEL100-001336,2024-12-07,C0016,esencial,sur,62,15.95,1,0,
TEL100-001337,2024-12-07,C0017,plus,sur,71,35.98,3,1,servicio
TEL100-001338,2024-12-07,C0018,total,sur,25,54.95,2,0,
TEL100-001339,2024-12-07,C0019,esencial,norte,46,30.82,0,0,
TEL100-001340,2024-12-07,C0020,plus,sur,84,29.58,0,0,
TEL100-001341,2024-12-07,C0021,total,sur,24,55.84,0,0,
TEL100-001342,2024-12-07,C0022,esencial,centro,101,9.19,0,0,
TEL100-001343,2024-12-07,C0023,plus,centro,61,35.24,0,0,
TEL100-001344,2024-12-07,C0024,total,sur,100,48.78,0,0,
TEL100-001345,2024-12-07,C0025,esencial,centro,40,15.02,4,0,
TEL100-001346,2024-12-07,C0026,plus,sur,67,45.16,2,0,
TEL100-001347,2024-12-07,C0027,total,centro,24,59.95,1,0,
TEL100-001348,2024-12-07,C0028,esencial,norte,61,11.92,1,0,
TEL100-001349,2024-12-07,C0029,plus,centro,48,47.67,2,0,
TEL100-001350,2024-12-07,C0030,total,norte,53,62.16,1,0,
TEL100-001351,2024-12-07,C0031,esencial,centro,21,18.92,0,0,
TEL100-001352,2024-12-07,C0032,plus,norte,43,38.73,2,0,
TEL100-001353,2024-12-07,C0033,total,sur,100,48.86,1,1,precio
TEL100-001354,2024-12-07,C0034,esencial,norte,80,29.74,2,0,
TEL100-001355,2024-12-07,C0035,plus,sur,92,35.5,0,0,
TEL100-001356,2024-12-07,C0036,total,norte,62,23.86,1,0,
TEL100-001357,2024-12-07,C0037,esencial,norte,44,24.49,3,0,
TEL100-001358,2024-12-07,C0038,plus,centro,48,32.21,3,0,
TEL100-001359,2024-12-07,C0039, TOTAL ,norte,92,45.19,1,0,
TEL100-001360,2024-12-07,C0040,esencial,norte,85,14.88,3,0,
TEL100-001361,2024-12-07,C0041,plus,norte,84,26.67,1,0,
TEL100-001362,2024-12-07,C0042,total,norte,33,44.04,1,0,
TEL100-001363,2024-12-07,C0043,esencial,centro,18,28.74,1,0,
TEL100-001364,2024-12-07,C0044,plus,centro,101,36.39,0,0,
TEL100-001365,2024-12-07,C0045,total,norte,63,56.25,0,0,
TEL100-001366,2024-12-07,C0046,esencial,norte,24,27.84,1,0,
TEL100-001367,2024-12-07,C0047,plus,centro,73,25.93,0,0,
TEL100-001368,2024-12-07,C0048,total,sur,73,56.0,1,0,
TEL100-001369,2024-12-07,C0049,esencial,centro,97,18.92,0,0,
TEL100-001370,2024-12-07,C0050,plus,norte,45,36.18,1,0,
TEL100-001371,2024-12-07,C0051,total,centro,80,46.26,0,0,
TEL100-001372,2024-12-07,C0052,esencial,norte,96,12.21,2,0,
TEL100-001373,2024-12-07,C0053,plus,centro,58,23.55,0,0,
TEL100-001374,2024-12-07,C0054,total,sur,59,37.24,3,0,
TEL100-001375,2024-12-07,C0055,esencial,norte,43,8.41,1,0,
TEL100-001376,2024-12-07,C0056,plus,centro,75,25.44,0,0,
TEL100-001377,2024-12-07,C0057,total,sur,45,40.52,2,0,
TEL100-001378,2024-12-07,C0058,esencial,centro,65,15.2,0,0,
TEL100-001379,2024-12-07,C0059,plus,centro,96,30.47,0,0,
TEL100-001380,2024-12-07,C0060,total,norte,68,59.86,1,0,
TEL100-001381,2024-12-07,C0061,esencial,centro,21,14.23,1,0,
TEL100-001382,2024-12-07,C0062,plus,centro,43,45.79,1,0,
TEL100-001383,2024-12-07,C0063,total,centro,14,53.34,0,0,
TEL100-001384,2024-12-07,C0064,esencial,centro,93,14.4,2,1,mudanza
TEL100-001385,2024-12-07,C0065,plus,centro,17,45.81,1,0,
TEL100-001386,2024-12-07,C0066,total,sur,53,35.09,1,1,servicio
TEL100-001387,2024-12-07,C0067,esencial,sur,75,10.76,1,0,
TEL100-001388,2024-12-07,C0068,plus,norte,37,38.31,0,0,
TEL100-001389,2024-12-07,C0069,total,sur,59,42.75,0,1,servicio
TEL100-001390,2024-12-07,C0070,esencial,centro,13,13.41,0,0,
TEL100-001391,2024-12-07,C0071,plus,centro,79,22.21,0,0,
TEL100-001392,2024-12-07,C0072,total,norte,38,42.0,1,0,
TEL100-001393,2024-12-07,C0073,esencial,sur,32,9.37,1,0,
TEL100-001394,2024-12-07,C0074,plus,centro,53,26.17,0,0,
TEL100-001395,2024-12-07,C0075,total,sur,63,39.19,4,0,
TEL100-001396,2024-12-07,C0076,esencial,centro,56,8.33,1,1,servicio
TEL100-001397,2024-12-07,C0077,plus,sur,38,38.64,3,0,
TEL100-001398,2024-12-07,C0078,total,centro,80,45.44,0,0,
TEL100-001399,2024-12-07,C0079,esencial,sur,88,12.61,0,0,
TEL100-001400,2024-12-07,C0080,plus,sur,83,28.05,0,0,
TEL100-001401,2024-12-07,C0081,total,norte,30,42.47,0,0,
TEL100-001402,2024-12-07,C0082,esencial,centro,37,6.79,2,0,
TEL100-001403,2024-12-07,C0083,plus,centro,41,28.0,1,0,
TEL100-001404,2024-12-07,C0084,total,norte,29,53.05,1,1,mudanza
TEL100-001405,2024-12-07,C0085,esencial,centro,48,8.29,1,0,
TEL100-001406,2024-12-07,C0086,plus,norte,76,42.79,0,1,precio
TEL100-001407,2024-12-07,C0087,total,centro,57,57.62,0,0,
TEL100-001408,2024-12-07,C0088,esencial,norte,21,10.08,0,0,
TEL100-001409,2024-12-07,C0089,plus,sur,42,21.83,2,1,servicio
TEL100-001410,2024-12-07,C0090,total,sur,43,42.86,1,0,
TEL100-001411,2024-12-07,C0091,esencial,norte,63,21.63,1,0,
TEL100-001412,2024-12-07,C0092,plus,sur,39,,2,0,
TEL100-001413,2024-12-07,C0093,total,centro,64,40.87,0,0,
TEL100-001414,2024-12-07,C0094,esencial,norte,45,3.66,0,0,
TEL100-001415,2024-12-07,C0095,plus,norte,86,16.81,0,0,
TEL100-001416,2024-12-07,C0096,total,sur,78,39.98,2,0,
TEL100-001417,2024-12-07,C0097,esencial,norte,31,14.31,1,0,
TEL100-001418,2024-12-07,C0098,plus,centro,31,29.1,1,0,
TEL100-001419,2024-12-07,C0099,total,sur,86,36.59,0,0,
TEL100-001420,2024-12-07,C0100,esencial,norte,15,11.49,0,0,
TEL100-001421,2024-12-07,C0101,plus,sur,30,25.78,1,0,
TEL100-001422,2024-12-07,C0102,total,centro,79,44.91,0,0,
TEL100-001423,2024-12-07,C0103,esencial,sur,51,21.03,0,0,
TEL100-001424,2024-12-07,C0104,plus,centro,21,16.25,1,0,
TEL100-001425,2024-12-07,C0105,total,norte,26,51.0,1,0,
TEL100-001426,2024-12-07,C0106,esencial,centro,64,22.63,0,0,
TEL100-001427,2024-12-07,C0107,plus,centro,16,33.02,0,0,
TEL100-001428,2024-12-07,C0108,total,centro,12,52.07,0,0,
TEL100-001429,2024-12-07,C0109,esencial,sur,76,0,0,0,
TEL100-001430,2024-12-07,C0110,plus,centro,94,28.91,0,0,
TEL100-001431,2024-12-07,C0111,total,norte,34,35.02,0,0,
TEL100-001432,2024-12-07,C0112,esencial,norte,33,0.48,1,0,
TEL100-001433,2024-12-07,C0113,plus,sur,42,33.85,0,0,
TEL100-001434,2024-12-07,C0114,total,norte,31,52.16,0,0,
TEL100-001435,2024-12-07,C0115,esencial,centro,33,4.73,0,0,
TEL100-001436,2024-12-07,C0116,plus,centro,23,36.35,0,0,
TEL100-001437,2024-12-07,C0117,total,sur,71,48.66,1,0,
TEL100-001438,2024-12-07,C0118,esencial,norte,25,13.81,2,0,
TEL100-001439,2024-12-07,C0119,plus,sur,57,15.14,1,0,
TEL100-001440,2024-12-07,C0120,total,norte,95,52.44,0,0,
TEL100-001441,2025-01-07,C0001,esencial,norte,19,13.49,0,0,
TEL100-001442,2025-01-07,C0002,plus,norte,20,42.25,0,0,
TEL100-001443,2025-01-07,C0003,total,sur,43,59.83,1,1,precio
TEL100-001444,2025-01-07,C0004,esencial,norte,92,14.95,0,0,
TEL100-001445,2025-01-07,C0005,plus,sur,29,33.76,1,0,
TEL100-001446,2025-01-07,C0006,total,norte,14,84.42,0,0,
TEL100-001447,2025-01-07,C0007,esencial,centro,87,17.41,3,0,
TEL100-001448,2025-01-07,C0008,plus,norte,82,28.8,0,0,
TEL100-001449,2025-01-07,C0009,total,sur,55,43.08,0,0,
TEL100-001450,2025-01-07,C0010,esencial,sur,99,25.42,0,0,
TEL100-001451,2025-01-07,C0011,plus,norte,101,32.14,1,0,
TEL100-001452,2025-01-07,C0012,total,sur,24,53.48,3,1,mudanza
TEL100-001453,2025-01-07,C0013,esencial,norte,17,10.19,0,0,
TEL100-001454,2025-01-07,C0014,plus,centro,82,41.72,0,0,
TEL100-001455,2025-01-07,C0015,total,centro,102,45.36,0,0,
TEL100-001456,2025-01-07,C0016, ESENCIAL ,sur,63,19.52,0,0,
TEL100-001457,2025-01-07,C0017,plus,sur,72,37.12,1,0,
TEL100-001458,2025-01-07,C0018,total,sur,26,53.16,1,0,
TEL100-001459,2025-01-07,C0019,esencial,norte,47,20.8,1,0,
TEL100-001460,2025-01-07,C0020,plus,sur,85,36.56,3,0,
TEL100-001461,2025-01-07,C0021,total,sur,25,44.07,0,0,
TEL100-001462,2025-01-07,C0022,esencial,centro,102,22.86,0,0,
TEL100-001463,2025-01-07,C0023,plus,centro,62,33.49,0,0,
TEL100-001464,2025-01-07,C0024,total,sur,101,48.45,0,0,
TEL100-001465,2025-01-07,C0025,esencial,centro,41,17.16,2,0,
TEL100-001466,2025-01-07,C0026,plus,sur,68,37.7,3,0,
TEL100-001467,2025-01-07,C0027,total,centro,25,53.15,0,0,
TEL100-001468,2025-01-07,C0028,esencial,norte,62,16.38,2,0,
TEL100-001469,2025-01-07,C0029,plus,centro,49,26.92,0,0,
TEL100-001470,2025-01-07,C0030,total,norte,54,52.61,0,0,
TEL100-001471,2025-01-07,C0031,esencial,centro,22,7.18,0,0,
TEL100-001472,2025-01-07,C0032,plus,norte,44,24.11,1,0,
TEL100-001473,2025-01-07,C0033,total,sur,101,46.62,0,0,
TEL100-001474,2025-01-07,C0034,esencial,norte,81,13.52,2,0,
TEL100-001475,2025-01-07,C0035,plus,sur,93,25.42,2,0,
TEL100-001476,2025-01-07,C0036,total,norte,63,48.59,1,0,
TEL100-001477,2025-01-07,C0037,esencial,norte,45,19.49,3,1,servicio
TEL100-001478,2025-01-07,C0038,plus,centro,49,"37,44",3,0,
TEL100-001479,2025-01-07,C0039,total,norte,93,49.69,2,0,
TEL100-001480,2025-01-07,C0040,esencial,norte,86,19.94,1,0,
TEL100-001481,2025-01-07,C0041,plus,norte,85,20.24,0,0,
TEL100-001482,2025-01-07,C0042,total,norte,34,49.21,2,0,
TEL100-001483,2025-01-07,C0043,esencial,centro,19,10.51,0,0,
TEL100-001484,2025-01-07,C0044,plus,centro,102,37.88,1,1,mudanza
TEL100-001485,2025-01-07,C0045,total,norte,64,67.47,0,0,
TEL100-001486,2025-01-07,C0046,esencial,norte,25,17.02,0,0,
TEL100-001487,2025-01-07,C0047,plus,centro,74,33.61,0,0,
TEL100-001488,2025-01-07,C0048,total,sur,74,43.07,0,0,
TEL100-001489,2025-01-07,C0049,esencial,centro,98,19.7,0,0,
TEL100-001490,2025-01-07,C0050,plus,norte,46,33.4,0,0,
TEL100-001491,2025-01-07,C0051,total,centro,81,73.26,2,0,
TEL100-001492,2025-01-07,C0052,esencial,norte,97,15.55,0,0,
TEL100-001493,2025-01-07,C0053,plus,centro,59,38.88,0,0,
TEL100-001494,2025-01-07,C0054,total,sur,60,39.66,0,0,
TEL100-001495,2025-01-07,C0055,esencial,norte,44,,0,0,
TEL100-001496,2025-01-07,C0056,plus,centro,76,17.88,0,0,
TEL100-001497,2025-01-07,C0057,total,sur,46,56.82,0,0,
TEL100-001498,2025-01-07,C0058,esencial,centro,66,16.9,1,0,
TEL100-001499,2025-01-07,C0059,plus,centro,97,45.21,1,0,
TEL100-001500,2025-01-07,C0060,total,norte,69,51.42,2,0,
TEL100-001501,2025-01-07,C0061,esencial,centro,22,17.61,3,0,
TEL100-001502,2025-01-07,C0062,plus,centro,44,25.59,0,0,
TEL100-001503,2025-01-07,C0063,total,centro,15,59.02,0,0,
TEL100-001504,2025-01-07,C0064,esencial,centro,94,19.32,1,0,
TEL100-001505,2025-01-07,C0065,plus,centro,18,44.14,0,0,
TEL100-001506,2025-01-07,C0066,total,sur,54,48.89,0,0,
TEL100-001507,2025-01-07,C0067,esencial,sur,76,22.72,0,0,
TEL100-001508,2025-01-07,C0068,plus,norte,38,43.87,1,0,
TEL100-001509,2025-01-07,C0069,total,sur,60,47.54,0,0,
TEL100-001510,2025-01-07,C0070,esencial,centro,14,27.78,0,0,
TEL100-001511,2025-01-07,C0071,plus,centro,80,36.24,0,0,
TEL100-001512,2025-01-07,C0072,total,norte,39,63.65,1,0,
TEL100-001513,2025-01-07,C0073,esencial,sur,33,9.07,0,0,
TEL100-001514,2025-01-07,C0074,plus,centro,54,29.25,4,0,
TEL100-001515,2025-01-07,C0075,total,sur,64,67.22,1,1,precio
TEL100-001516,2025-01-07,C0076,esencial,centro,57,15.18,4,0,
TEL100-001517,2025-01-07,C0077,plus,sur,39,50.42,0,0,
TEL100-001518,2025-01-07,C0078,total,centro,81,47.8,0,0,
TEL100-001519,2025-01-07,C0079,esencial,sur,89,0,4,0,
TEL100-001520,2025-01-07,C0080,plus,sur,84,45.21,0,0,
TEL100-001521,2025-01-07,C0081,total,norte,31,44.57,0,0,
TEL100-001522,2025-01-07,C0082,esencial,centro,38,18.19,3,0,
TEL100-001523,2025-01-07,C0083,plus,centro,42,39.46,2,0,
TEL100-001524,2025-01-07,C0084,total,norte,30,45.97,2,0,
TEL100-001525,2025-01-07,C0085,esencial,centro,49,14.11,1,0,
TEL100-001526,2025-01-07,C0086,plus,norte,77,35.35,0,0,
TEL100-001527,2025-01-07,C0087,total,centro,58,60.18,0,0,
TEL100-001528,2025-01-07,C0088,esencial,norte,22,19.24,0,1,servicio
TEL100-001529,2025-01-07,C0089,plus,sur,43,32.78,0,0,
TEL100-001530,2025-01-07,C0090,total,sur,44,40.48,4,0,
TEL100-001531,2025-01-07,C0091,esencial,norte,64,22.0,0,0,
TEL100-001532,2025-01-07,C0092,plus,sur,40,42.57,0,0,
TEL100-001533,2025-01-07,C0093,total,centro,65,50.08,0,0,
TEL100-001534,2025-01-07,C0094,esencial,norte,46,12.46,1,0,
TEL100-001535,2025-01-07,C0095,plus,norte,87,28.92,0,0,
TEL100-001536,2025-01-07,C0096,total,sur,79,33.83,0,0,
TEL100-001537,2025-01-07,C0097,esencial,norte,32,34.41,2,0,
TEL100-001538,2025-01-07,C0098,plus,centro,32,34.58,1,0,
TEL100-001539,2025-01-07,C0099,total,sur,87,47.35,0,0,
TEL100-001540,2025-01-07,C0100,esencial,norte,16,7.97,0,0,
TEL100-001541,2025-01-07,C0101,plus,sur,31,26.02,0,0,
TEL100-001542,2025-01-07,C0102,total,centro,80,48.09,0,0,
TEL100-001543,2025-01-07,C0103,esencial,sur,52,22.11,3,0,
TEL100-001544,2025-01-07,C0104,plus,centro,22,33.74,0,0,
TEL100-001545,2025-01-07,C0105,total,norte,27,64.53,0,0,
TEL100-001546,2025-01-07,C0106,esencial,centro,65,10.63,1,0,
TEL100-001547,2025-01-07,C0107,plus,centro,17,24.57,4,0,
TEL100-001548,2025-01-07,C0108,total,centro,13,63.87,1,0,
TEL100-001549,2025-01-07,C0109,esencial,sur,77,29.1,0,0,
TEL100-001550,2025-01-07,C0110,plus,centro,95,43.21,1,0,
TEL100-001551,2025-01-07,C0111,total,norte,35,59.2,1,1,precio
TEL100-001552,2025-01-07,C0112,esencial,norte,34,22.95,0,0,
TEL100-001553,2025-01-07,C0113, PLUS ,sur,43,34.55,3,0,
TEL100-001554,2025-01-07,C0114,total,norte,32,58.35,0,0,
TEL100-001555,2025-01-07,C0115,esencial,centro,34,9.63,0,0,
TEL100-001556,2025-01-07,C0116,plus,centro,24,22.14,1,0,
TEL100-001557,2025-01-07,C0117,total,sur,72,46.75,4,1,servicio
TEL100-001558,2025-01-07,C0118,esencial,norte,26,27.16,0,0,
TEL100-001559,2025-01-07,C0119,plus,sur,58,24.14,0,0,
TEL100-001560,2025-01-07,C0120,total,norte,96,42.42,2,0,
TEL100-001561,2025-02-07,C0001,esencial,norte,20,26.87,1,0,
TEL100-001562,2025-02-07,C0002,plus,norte,21,37.15,2,0,
TEL100-001563,2025-02-07,C0003,total,sur,44,56.83,1,0,
TEL100-001564,2025-02-07,C0004,esencial,norte,93,10.57,2,0,
TEL100-001565,2025-02-07,C0005,plus,sur,30,35.57,3,0,
TEL100-001566,2025-02-07,C0006,total,norte,15,41.89,2,0,
TEL100-001567,2025-02-07,C0007,esencial,centro,88,18.15,1,0,
TEL100-001568,2025-02-07,C0008,plus,norte,83,38.61,1,0,
TEL100-001569,2025-02-07,C0009,total,sur,56,55.15,0,0,
TEL100-001570,2025-02-07,C0010,esencial,sur,100,12.22,1,0,
TEL100-001571,2025-02-07,C0011,plus,norte,102,31.85,0,0,
TEL100-001572,2025-02-07,C0012,total,sur,25,58.89,4,0,
TEL100-001573,2025-02-07,C0013,esencial,norte,18,15.1,3,0,
TEL100-001574,2025-02-07,C0014,plus,centro,83,35.24,0,0,
TEL100-001575,2025-02-07,C0015,total,centro,103,52.37,2,0,
TEL100-001576,2025-02-07,C0016,esencial,sur,64,14.83,0,0,
TEL100-001577,2025-02-07,C0017,plus,sur,73,34.77,0,0,
TEL100-001578,2025-02-07,C0018,total,sur,27,,0,0,
TEL100-001579,2025-02-07,C0019,esencial,norte,48,19.9,1,0,
TEL100-001580,2025-02-07,C0020,plus,sur,86,35.95,2,0,
TEL100-001581,2025-02-07,C0021,total,sur,26,57.71,2,0,
TEL100-001582,2025-02-07,C0022,esencial,centro,103,32.29,0,0,
TEL100-001583,2025-02-07,C0023,plus,centro,63,26.13,4,1,mudanza
TEL100-001584,2025-02-07,C0024,total,sur,102,42.73,1,0,
TEL100-001585,2025-02-07,C0025,esencial,centro,42,10.16,0,0,
TEL100-001586,2025-02-07,C0026,plus,sur,69,48.77,0,0,
TEL100-001587,2025-02-07,C0027,total,centro,26,58.35,0,0,
TEL100-001588,2025-02-07,C0028,esencial,norte,63,12.5,1,0,
TEL100-001589,2025-02-07,C0029,plus,centro,50,37.8,1,0,
TEL100-001590,2025-02-07,C0030,total,norte,55,50.49,1,0,
TEL100-001591,2025-02-07,C0031,esencial,centro,23,13.92,1,0,
TEL100-001592,2025-02-07,C0032,plus,norte,45,23.63,0,0,
TEL100-001593,2025-02-07,C0033,total,sur,102,63.6,3,0,
TEL100-001594,2025-02-07,C0034,esencial,norte,82,18.09,1,0,
TEL100-001595,2025-02-07,C0035,plus,sur,94,30.48,1,0,
TEL100-001596,2025-02-07,C0036,total,norte,64,49.42,3,0,
TEL100-001597,2025-02-07,C0037,esencial,norte,46,18.1,1,0,
TEL100-001598,2025-02-07,C0038,plus,centro,50,28.33,0,0,
TEL100-001599,2025-02-07,C0039,total,norte,94,65.83,3,0,
TEL100-001600,2025-02-07,C0040,esencial,norte,87,17.61,3,0,
TEL100-001601,2025-02-07,C0041,plus,norte,86,39.76,1,1,mudanza
TEL100-001602,2025-02-07,C0042,total,norte,35,59.39,0,0,
TEL100-001603,2025-02-07,C0043,esencial,centro,20,11.05,0,0,
TEL100-001604,2025-02-07,C0044,plus,centro,103,55.22,0,0,
TEL100-001605,2025-02-07,C0045,total,norte,65,51.61,3,0,
TEL100-001606,2025-02-07,C0046,esencial,norte,26,8.44,4,0,
TEL100-001607,2025-02-07,C0047,plus,centro,75,35.0,1,0,
TEL100-001608,2025-02-07,C0048,total,sur,75,51.53,0,0,
TEL100-001609,2025-02-07,C0049,esencial,centro,99,18.41,2,0,
TEL100-001610,2025-02-07,C0050,plus,norte,47,60.49,0,0,
TEL100-001611,2025-02-07,C0051,total,centro,82,63.58,0,0,
TEL100-001612,2025-02-07,C0052,esencial,norte,98,14.85,0,0,
TEL100-001613,2025-02-07,C0053,plus,centro,60,28.75,0,1,precio
TEL100-001614,2025-02-07,C0054,total,sur,61,50.66,0,0,
TEL100-001615,2025-02-07,C0055,esencial,norte,45,14.77,0,0,
TEL100-001616,2025-02-07,C0056,plus,centro,77,25.8,0,0,
TEL100-001617,2025-02-07,C0057,total,sur,47,45.02,0,0,
TEL100-001618,2025-02-07,C0058,esencial,centro,67,8.77,1,1,precio
TEL100-001619,2025-02-07,C0059,plus,centro,98,26.02,2,0,
TEL100-001620,2025-02-07,C0060,total,norte,70,47.15,2,0,
TEL100-001621,2025-02-07,C0061,esencial,centro,23,0,2,0,
TEL100-001622,2025-02-07,C0062,plus,centro,45,37.8,1,0,
TEL100-001623,2025-02-07,C0063,total,centro,16,26.22,0,0,
TEL100-001624,2025-02-07,C0064,esencial,centro,95,24.99,0,0,
TEL100-001625,2025-02-07,C0065,plus,centro,19,21.63,1,0,
TEL100-001626,2025-02-07,C0066,total,sur,55,59.0,2,0,
TEL100-001627,2025-02-07,C0067,esencial,sur,77,14.61,1,0,
TEL100-001628,2025-02-07,C0068,plus,norte,39,43.85,0,0,
TEL100-001629,2025-02-07,C0069,total,sur,61,53.32,1,0,
TEL100-001630,2025-02-07,C0070,esencial,centro,15,25.65,0,0,
TEL100-001631,2025-02-07,C0071,plus,centro,81,39.64,0,0,
TEL100-001632,2025-02-07,C0072,total,norte,40,43.81,0,0,
TEL100-001633,2025-02-07,C0073,esencial,sur,34,12.25,1,0,
TEL100-001634,2025-02-07,C0074,plus,centro,55,42.64,0,0,
TEL100-001635,2025-02-07,C0075,total,sur,65,40.92,0,0,
TEL100-001636,2025-02-07,C0076,esencial,centro,58,7.85,0,0,
TEL100-001637,2025-02-07,C0077,plus,sur,40,33.6,2,0,
TEL100-001638,2025-02-07,C0078,total,centro,82,51.43,3,0,
TEL100-001639,2025-02-07,C0079,esencial,sur,90,13.13,3,0,
TEL100-001640,2025-02-07,C0080,plus,sur,85,33.29,0,0,
TEL100-001641,2025-02-07,C0081,total,norte,32,54.95,1,0,
TEL100-001642,2025-02-07,C0082,esencial,centro,39,21.12,0,0,
TEL100-001643,2025-02-07,C0083,plus,centro,43,28.36,2,0,
TEL100-001644,2025-02-07,C0084,total,norte,31,39.27,3,0,
TEL100-001645,2025-02-07,C0085,esencial,centro,50,21.91,0,1,mudanza
TEL100-001646,2025-02-07,C0086,plus,norte,78,38.87,0,0,
TEL100-001647,2025-02-07,C0087,total,centro,59,51.72,0,1,mudanza
TEL100-001648,2025-02-07,C0088,esencial,norte,23,8.47,0,0,
TEL100-001649,2025-02-07,C0089,plus,sur,44,24.45,1,1,mudanza
TEL100-001650,2025-02-07,C0090, TOTAL ,sur,45,61.11,1,0,
TEL100-001651,2025-02-07,C0091,esencial,norte,65,17.01,2,0,
TEL100-001652,2025-02-07,C0092,plus,sur,41,35.31,0,0,
TEL100-001653,2025-02-07,C0093,total,centro,66,25.38,0,0,
TEL100-001654,2025-02-07,C0094,esencial,norte,47,15.66,1,1,precio
TEL100-001655,2025-02-07,C0095,plus,norte,88,47.62,1,0,
TEL100-001656,2025-02-07,C0096,total,sur,80,56.85,3,0,
TEL100-001657,2025-02-07,C0097,esencial,norte,33,12.12,0,0,
TEL100-001658,2025-02-07,C0098,plus,centro,33,34.8,1,0,
TEL100-001659,2025-02-07,C0099,total,sur,88,41.24,1,0,
TEL100-001660,2025-02-07,C0100,esencial,norte,17,8.03,0,0,
TEL100-001661,2025-02-07,C0101,plus,sur,32,,0,0,
TEL100-001662,2025-02-07,C0102,total,centro,81,41.86,1,1,servicio
TEL100-001663,2025-02-07,C0103,esencial,sur,53,11.57,0,0,
TEL100-001664,2025-02-07,C0104,plus,centro,23,25.59,0,0,
TEL100-001665,2025-02-07,C0105,total,norte,28,47.72,1,0,
TEL100-001666,2025-02-07,C0106,esencial,centro,66,13.19,1,0,
TEL100-001667,2025-02-07,C0107,plus,centro,18,30.64,1,0,
TEL100-001668,2025-02-07,C0108,total,centro,14,57.93,1,0,
TEL100-001669,2025-02-07,C0109,esencial,sur,78,12.18,0,0,
TEL100-001670,2025-02-07,C0110,plus,centro,96,35.59,0,0,
TEL100-001671,2025-02-07,C0111,total,norte,36,65.14,0,0,
TEL100-001672,2025-02-07,C0112,esencial,norte,35,16.31,0,0,
TEL100-001673,2025-02-07,C0113,plus,sur,44,45.79,0,0,
TEL100-001674,2025-02-07,C0114,total,norte,33,42.82,3,0,
TEL100-001675,2025-02-07,C0115,esencial,centro,35,10.17,0,0,
TEL100-001676,2025-02-07,C0116,plus,centro,25,40.71,0,0,
TEL100-001677,2025-02-07,C0117,total,sur,73,50.38,1,0,
TEL100-001678,2025-02-07,C0118,esencial,norte,27,28.42,0,0,
TEL100-001679,2025-02-07,C0119,plus,sur,59,42.67,3,0,
TEL100-001680,2025-02-07,C0120,total,norte,97,35.13,2,0,
TEL100-001681,2025-03-10,C0001,esencial,norte,21,15.68,1,0,
TEL100-001682,2025-03-10,C0002,plus,norte,22,39.04,0,0,
TEL100-001683,2025-03-10,C0003,total,sur,45,48.23,3,0,
TEL100-001684,2025-03-10,C0004,esencial,norte,94,22.53,0,0,
TEL100-001685,2025-03-10,C0005,plus,sur,31,17.62,0,0,
TEL100-001686,2025-03-10,C0006,total,norte,16,47.56,3,0,
TEL100-001687,2025-03-10,C0007,esencial,centro,89,15.26,0,0,
TEL100-001688,2025-03-10,C0008,plus,norte,84,29.92,1,0,
TEL100-001689,2025-03-10,C0009,total,sur,57,"48,7",1,0,
TEL100-001690,2025-03-10,C0010,esencial,sur,101,18.68,0,0,
TEL100-001691,2025-03-10,C0011,plus,norte,103,22.66,3,0,
TEL100-001692,2025-03-10,C0012,total,sur,26,48.4,0,0,
TEL100-001693,2025-03-10,C0013,esencial,norte,19,20.46,0,0,
TEL100-001694,2025-03-10,C0014,plus,centro,84,34.1,0,0,
TEL100-001695,2025-03-10,C0015,total,centro,104,49.72,2,1,servicio
TEL100-001696,2025-03-10,C0016,esencial,sur,65,4.25,0,0,
TEL100-001697,2025-03-10,C0017,plus,sur,74,38.18,0,0,
TEL100-001698,2025-03-10,C0018,total,sur,28,55.32,0,0,
TEL100-001699,2025-03-10,C0019,esencial,norte,49,17.45,0,0,
TEL100-001700,2025-03-10,C0020,plus,sur,87,18.03,1,0,
TEL100-001701,2025-03-10,C0021,total,sur,27,45.95,2,0,
TEL100-001702,2025-03-10,C0022,esencial,centro,104,15.15,0,1,precio
TEL100-001703,2025-03-10,C0023,plus,centro,64,43.32,0,0,
TEL100-001704,2025-03-10,C0024,total,sur,103,55.48,0,0,
TEL100-001705,2025-03-10,C0025,esencial,centro,43,19.43,0,0,
TEL100-001706,2025-03-10,C0026,plus,sur,70,40.47,0,0,
TEL100-001707,2025-03-10,C0027,total,centro,27,68.31,0,0,
TEL100-001708,2025-03-10,C0028,esencial,norte,64,16.91,4,0,
TEL100-001709,2025-03-10,C0029,plus,centro,51,35.49,2,0,
TEL100-001710,2025-03-10,C0030,total,norte,56,58.15,1,0,
TEL100-001711,2025-03-10,C0031,esencial,centro,24,14.54,0,0,
TEL100-001712,2025-03-10,C0032,plus,norte,46,36.2,0,0,
TEL100-001713,2025-03-10,C0033,total,sur,103,49.43,0,0,
TEL100-001714,2025-03-10,C0034,esencial,norte,83,20.19,0,0,
TEL100-001715,2025-03-10,C0035,plus,sur,95,35.88,1,0,
TEL100-001716,2025-03-10,C0036,total,norte,65,43.37,2,0,
TEL100-001717,2025-03-10,C0037,esencial,norte,47,21.83,0,0,
TEL100-001718,2025-03-10,C0038,plus,centro,51,32.99,0,0,
TEL100-001719,2025-03-10,C0039,total,norte,95,51.34,2,1,precio
TEL100-001720,2025-03-10,C0040,esencial,norte,88,15.01,0,1,servicio
TEL100-001721,2025-03-10,C0041,plus,norte,87,43.76,2,1,precio
TEL100-001722,2025-03-10,C0042,total,norte,36,50.65,3,1,mudanza
TEL100-001723,2025-03-10,C0043,esencial,centro,21,26.64,0,0,
TEL100-001724,2025-03-10,C0044,plus,centro,104,37.78,0,1,mudanza
TEL100-001725,2025-03-10,C0045,total,norte,66,-999,0,0,
TEL100-001726,2025-03-10,C0046,esencial,norte,27,8.59,0,0,
TEL100-001727,2025-03-10,C0047,plus,centro,76,29.86,1,0,
TEL100-001728,2025-03-10,C0048,total,sur,76,59.42,0,0,
TEL100-001729,2025-03-10,C0049,esencial,centro,100,4.5,0,0,
TEL100-001730,2025-03-10,C0050,plus,norte,48,41.54,0,0,
TEL100-001731,2025-03-10,C0051,total,centro,83,48.64,0,0,
TEL100-001732,2025-03-10,C0052,esencial,norte,99,21.24,0,0,
TEL100-001733,2025-03-10,C0053,plus,centro,61,31.38,0,0,
TEL100-001734,2025-03-10,C0054,total,sur,62,60.21,0,0,
TEL100-001735,2025-03-10,C0055,esencial,norte,46,16.81,0,1,servicio
TEL100-001736,2025-03-10,C0056,plus,centro,78,41.2,3,0,
TEL100-001737,2025-03-10,C0057,total,sur,48,48.1,0,0,
TEL100-001738,2025-03-10,C0058,esencial,centro,68,25.95,1,0,
TEL100-001739,2025-03-10,C0059,plus,centro,99,30.3,0,0,
TEL100-001740,2025-03-10,C0060,total,norte,71,40.93,0,0,
TEL100-001741,2025-03-10,C0061,esencial,centro,24,22.81,1,0,
TEL100-001742,2025-03-10,C0062,plus,centro,46,20.87,2,0,
TEL100-001743,2025-03-10,C0063,total,centro,17,55.6,0,0,
TEL100-001744,2025-03-10,C0064,esencial,centro,96,,0,0,
TEL100-001745,2025-03-10,C0065,plus,centro,20,41.15,3,0,
TEL100-001746,2025-03-10,C0066,total,sur,56,52.24,1,1,precio
TEL100-001747,2025-03-10,C0067, ESENCIAL ,sur,78,17.45,0,0,
TEL100-001748,2025-03-10,C0068,plus,norte,40,26.61,0,0,
TEL100-001749,2025-03-10,C0069,total,sur,62,50.88,0,0,
TEL100-001750,2025-03-10,C0070,esencial,centro,16,13.56,0,1,mudanza
TEL100-001751,2025-03-10,C0071,plus,centro,82,52.97,0,0,
TEL100-001752,2025-03-10,C0072,total,norte,41,50.98,0,0,
TEL100-001753,2025-03-10,C0073,esencial,sur,35,17.62,4,0,
TEL100-001754,2025-03-10,C0074,plus,centro,56,23.44,0,0,
TEL100-001755,2025-03-10,C0075,total,sur,66,50.24,0,1,mudanza
TEL100-001756,2025-03-10,C0076,esencial,centro,59,18.79,0,0,
TEL100-001757,2025-03-10,C0077,plus,sur,41,31.13,1,0,
TEL100-001758,2025-03-10,C0078,total,centro,83,52.29,1,0,
TEL100-001759,2025-03-10,C0079,esencial,sur,91,6.67,1,0,
TEL100-001760,2025-03-10,C0080,plus,sur,86,32.02,1,0,
TEL100-001761,2025-03-10,C0081,total,norte,33,51.21,0,0,
TEL100-001762,2025-03-10,C0082,esencial,centro,40,27.39,0,0,
TEL100-001763,2025-03-10,C0083,plus,centro,44,42.91,1,0,
TEL100-001764,2025-03-10,C0084,total,norte,32,41.74,3,0,
TEL100-001765,2025-03-10,C0085,esencial,centro,51,26.21,3,0,
TEL100-001766,2025-03-10,C0086,plus,norte,79,15.49,2,1,servicio
TEL100-001767,2025-03-10,C0087,total,centro,60,61.44,3,0,
TEL100-001768,2025-03-10,C0088,esencial,norte,24,15.05,0,0,
TEL100-001769,2025-03-10,C0089,plus,sur,45,33.13,0,0,
TEL100-001770,2025-03-10,C0090,total,sur,46,52.31,0,0,
TEL100-001771,2025-03-10,C0091,esencial,norte,66,17.8,3,0,
TEL100-001772,2025-03-10,C0092,plus,sur,42,25.69,0,0,
TEL100-001773,2025-03-10,C0093,total,centro,67,55.72,0,0,
TEL100-001774,2025-03-10,C0094,esencial,norte,48,8.54,2,0,
TEL100-001775,2025-03-10,C0095,plus,norte,89,30.15,0,0,
TEL100-001776,2025-03-10,C0096,total,sur,81,44.7,0,0,
TEL100-001777,2025-03-10,C0097,esencial,norte,34,11.13,0,0,
TEL100-001778,2025-03-10,C0098,plus,centro,34,36.12,0,0,
TEL100-001779,2025-03-10,C0099,total,sur,89,55.77,1,0,
TEL100-001780,2025-03-10,C0100,esencial,norte,18,16.46,0,0,
TEL100-001781,2025-03-10,C0101,plus,sur,33,37.4,0,0,
TEL100-001782,2025-03-10,C0102,total,centro,82,56.1,0,0,
TEL100-001783,2025-03-10,C0103,esencial,sur,54,11.93,0,0,
TEL100-001784,2025-03-10,C0104,plus,centro,24,42.85,2,0,
TEL100-001785,2025-03-10,C0105,total,norte,29,51.2,1,0,
TEL100-001786,2025-03-10,C0106,esencial,centro,67,14.83,1,1,servicio
TEL100-001787,2025-03-10,C0107,plus,centro,19,49.41,0,0,
TEL100-001788,2025-03-10,C0108,total,centro,15,60.77,0,0,
TEL100-001789,2025-03-10,C0109,esencial,sur,79,13.2,0,0,
TEL100-001790,2025-03-10,C0110,plus,centro,97,27.98,0,0,
TEL100-001791,2025-03-10,C0111,total,norte,37,69.52,0,0,
TEL100-001792,2025-03-10,C0112,esencial,norte,36,36.49,2,0,
TEL100-001793,2025-03-10,C0113,plus,sur,45,37.25,0,0,
TEL100-001794,2025-03-10,C0114,total,norte,34,54.96,0,0,
TEL100-001795,2025-03-10,C0115,esencial,centro,36,9.63,0,0,
TEL100-001796,2025-03-10,C0116,plus,centro,26,37.38,0,0,
TEL100-001797,2025-03-10,C0117,total,sur,74,51.38,0,0,
TEL100-001798,2025-03-10,C0118,esencial,norte,28,4.0,0,0,
TEL100-001799,2025-03-10,C0119,plus,sur,60,29.17,0,0,
TEL100-001800,2025-03-10,C0120,total,norte,98,52.61,0,0,
TEL100-001801,2025-04-10,C0001,esencial,norte,22,22.21,0,0,
TEL100-001802,2025-04-10,C0002,plus,norte,23,46.37,0,0,
TEL100-001803,2025-04-10,C0003,total,sur,46,43.35,0,0,
TEL100-001804,2025-04-10,C0004,esencial,norte,95,12.01,0,0,
TEL100-001805,2025-04-10,C0005,plus,sur,32,42.83,0,0,
TEL100-001806,2025-04-10,C0006,total,norte,17,44.4,0,0,
TEL100-001807,2025-04-10,C0007,esencial,centro,90,27.66,0,0,
TEL100-001808,2025-04-10,C0008,plus,norte,85,16.79,0,0,
TEL100-001809,2025-04-10,C0009,total,sur,58,55.18,0,1,precio
TEL100-001810,2025-04-10,C0010,esencial,sur,102,14.93,0,0,
TEL100-001811,2025-04-10,C0011,plus,norte,104,30.88,1,0,
TEL100-001812,2025-04-10,C0012,total,sur,27,62.95,1,0,
TEL100-001813,2025-04-10,C0013,esencial,norte,20,25.84,1,0,
TEL100-001814,2025-04-10,C0014,plus,centro,85,30.73,0,0,
TEL100-001815,2025-04-10,C0015,total,centro,105,43.65,1,0,
TEL100-001816,2025-04-10,C0016,esencial,sur,66,13.06,1,0,
TEL100-001817,2025-04-10,C0017,plus,sur,75,25.38,0,0,
TEL100-001818,2025-04-10,C0018,total,sur,29,46.55,1,0,
TEL100-001819,2025-04-10,C0019,esencial,norte,50,8.28,3,0,
TEL100-001820,2025-04-10,C0020,plus,sur,88,43.86,1,0,
TEL100-001821,2025-04-10,C0021,total,sur,28,40.18,1,1,mudanza
TEL100-001822,2025-04-10,C0022,esencial,centro,105,21.7,2,0,
TEL100-001823,2025-04-10,C0023,plus,centro,65,45.78,0,0,
TEL100-001824,2025-04-10,C0024,total,sur,104,53.7,3,0,
TEL100-001825,2025-04-10,C0025,esencial,centro,44,11.19,0,0,
TEL100-001826,2025-04-10,C0026,plus,sur,71,17.14,0,0,
TEL100-001827,2025-04-10,C0027,total,centro,28,,1,0,
TEL100-001828,2025-04-10,C0028,esencial,norte,65,15.93,1,0,
TEL100-001829,2025-04-10,C0029,plus,centro,52,28.44,0,0,
TEL100-001830,2025-04-10,C0030,total,norte,57,45.72,0,0,
TEL100-001831,2025-04-10,C0031,esencial,centro,25,10.86,3,0,
TEL100-001832,2025-04-10,C0032,plus,norte,47,29.42,1,0,
TEL100-001833,2025-04-10,C0033,total,sur,104,28.41,3,0,
TEL100-001834,2025-04-10,C0034,esencial,norte,84,16.23,0,0,
TEL100-001835,2025-04-10,C0035,plus,sur,96,20.82,2,0,
TEL100-001836,2025-04-10,C0036,total,norte,66,46.3,0,0,
TEL100-001837,2025-04-10,C0037,esencial,norte,48,11.34,1,0,
TEL100-001838,2025-04-10,C0038,plus,centro,52,43.62,0,0,
TEL100-001839,2025-04-10,C0039,total,norte,96,44.72,1,0,
TEL100-001840,2025-04-10,C0040,esencial,norte,89,17.9,0,0,
TEL100-001841,2025-04-10,C0041,plus,norte,88,39.12,0,0,
TEL100-001842,2025-04-10,C0042,total,norte,37,49.64,1,0,
TEL100-001843,2025-04-10,C0043,esencial,centro,22,20.72,2,0,
TEL100-001844,2025-04-10,C0044, PLUS ,centro,105,28.41,0,0,
TEL100-001845,2025-04-10,C0045,total,norte,67,47.43,0,0,
TEL100-001846,2025-04-10,C0046,esencial,norte,28,25.03,0,0,
TEL100-001847,2025-04-10,C0047,plus,centro,77,38.48,1,0,
TEL100-001848,2025-04-10,C0048,total,sur,77,37.74,0,0,
TEL100-001849,2025-04-10,C0049,esencial,centro,101,22.06,0,1,servicio
TEL100-001850,2025-04-10,C0050,plus,norte,49,34.85,0,0,
TEL100-001851,2025-04-10,C0051,total,centro,84,43.81,0,0,
TEL100-001852,2025-04-10,C0052,esencial,norte,100,28.6,1,0,
TEL100-001853,2025-04-10,C0053,plus,centro,62,25.66,2,0,
TEL100-001854,2025-04-10,C0054,total,sur,63,52.56,1,0,
TEL100-001855,2025-04-10,C0055,esencial,norte,47,10.38,0,0,
TEL100-001856,2025-04-10,C0056,plus,centro,79,32.94,0,0,
TEL100-001857,2025-04-10,C0057,total,sur,49,61.0,0,0,
TEL100-001858,2025-04-10,C0058,esencial,centro,69,23.66,0,0,
TEL100-001859,2025-04-10,C0059,plus,centro,100,32.2,1,0,
TEL100-001860,2025-04-10,C0060,total,norte,72,55.98,0,0,
TEL100-001861,2025-04-10,C0061,esencial,centro,25,25.77,0,0,
TEL100-001862,2025-04-10,C0062,plus,centro,47,23.72,0,0,
TEL100-001863,2025-04-10,C0063,total,centro,18,53.05,0,0,
TEL100-001864,2025-04-10,C0064,esencial,centro,97,5.84,1,0,
TEL100-001865,2025-04-10,C0065,plus,centro,21,33.8,0,0,
TEL100-001866,2025-04-10,C0066,total,sur,57,50.04,1,0,
TEL100-001867,2025-04-10,C0067,esencial,sur,79,31.08,2,0,
TEL100-001868,2025-04-10,C0068,plus,norte,41,33.38,0,0,
TEL100-001869,2025-04-10,C0069,total,sur,63,55.39,3,0,
TEL100-001870,2025-04-10,C0070,esencial,centro,17,15.51,1,0,
TEL100-001871,2025-04-10,C0071,plus,centro,83,30.57,0,0,
TEL100-001872,2025-04-10,C0072,total,norte,42,52.33,1,0,
TEL100-001873,2025-04-10,C0073,esencial,sur,36,30.62,0,0,
TEL100-001874,2025-04-10,C0074,plus,centro,57,27.79,0,0,
TEL100-001875,2025-04-10,C0075,total,sur,67,53.49,0,0,
TEL100-001876,2025-04-10,C0076,esencial,centro,60,14.86,0,0,
TEL100-001877,2025-04-10,C0077,plus,sur,42,37.13,1,0,
TEL100-001878,2025-04-10,C0078,total,centro,84,49.75,2,1,servicio
TEL100-001879,2025-04-10,C0079,esencial,sur,92,23.11,3,0,
TEL100-001880,2025-04-10,C0080,plus,sur,87,33.98,0,0,
TEL100-001881,2025-04-10,C0081,total,norte,34,52.14,0,0,
TEL100-001882,2025-04-10,C0082,esencial,centro,41,13.98,0,0,
TEL100-001883,2025-04-10,C0083,plus,centro,45,30.98,0,0,
TEL100-001884,2025-04-10,C0084,total,norte,33,48.65,0,0,
TEL100-001885,2025-04-10,C0085,esencial,centro,52,27.04,0,0,
TEL100-001886,2025-04-10,C0086,plus,norte,80,27.47,0,0,
TEL100-001887,2025-04-10,C0087,total,centro,61,50.39,4,0,
TEL100-001888,2025-04-10,C0088,esencial,norte,25,19.82,0,0,
TEL100-001889,2025-04-10,C0089,plus,sur,46,35.58,4,0,
TEL100-001890,2025-04-10,C0090,total,sur,47,48.3,1,0,
TEL100-001891,2025-04-10,C0091,esencial,norte,67,24.85,1,0,
TEL100-001892,2025-04-10,C0092,plus,sur,43,31.77,0,0,
TEL100-001893,2025-04-10,C0093,total,centro,68,44.62,1,0,
TEL100-001894,2025-04-10,C0094,esencial,norte,49,18.31,3,0,
TEL100-001895,2025-04-10,C0095,plus,norte,90,41.19,0,0,
TEL100-001896,2025-04-10,C0096,total,sur,82,60.97,2,0,
TEL100-001897,2025-04-10,C0097,esencial,norte,35,15.89,0,0,
TEL100-001898,2025-04-10,C0098,plus,centro,35,29.85,1,0,
TEL100-001899,2025-04-10,C0099,total,sur,90,56.0,0,0,
TEL100-001900,2025-04-10,C0100,esencial,norte,19,"19,89",2,0,
TEL100-001901,2025-04-10,C0101,plus,sur,34,40.21,0,0,
TEL100-001902,2025-04-10,C0102,total,centro,83,49.18,0,0,
TEL100-001903,2025-04-10,C0103,esencial,sur,55,29.51,0,0,
TEL100-001904,2025-04-10,C0104,plus,centro,25,45.75,0,1,mudanza
TEL100-001905,2025-04-10,C0105,total,norte,30,60.31,2,0,
TEL100-001906,2025-04-10,C0106,esencial,centro,68,16.05,0,0,
TEL100-001907,2025-04-10,C0107,plus,centro,20,29.04,0,0,
TEL100-001908,2025-04-10,C0108,total,centro,16,54.92,1,0,
TEL100-001909,2025-04-10,C0109,esencial,sur,80,17.27,0,0,
TEL100-001910,2025-04-10,C0110,plus,centro,98,,0,0,
TEL100-001911,2025-04-10,C0111,total,norte,38,53.45,0,0,
TEL100-001912,2025-04-10,C0112,esencial,norte,37,8.61,1,0,
TEL100-001913,2025-04-10,C0113,plus,sur,46,37.22,0,0,
TEL100-001914,2025-04-10,C0114,total,norte,35,55.95,2,0,
TEL100-001915,2025-04-10,C0115,esencial,centro,37,24.87,0,0,
TEL100-001916,2025-04-10,C0116,plus,centro,27,42.69,0,0,
TEL100-001917,2025-04-10,C0117,total,sur,75,57.39,0,0,
TEL100-001918,2025-04-10,C0118,esencial,norte,29,10.69,0,0,
TEL100-001919,2025-04-10,C0119,plus,sur,61,32.71,0,0,
TEL100-001920,2025-04-10,C0120,total,norte,99,49.82,1,0,
TEL100-001921,2025-05-11,C0001,esencial,norte,23,6.64,0,0,
TEL100-001922,2025-05-11,C0002,plus,norte,24,39.95,2,0,
TEL100-001923,2025-05-11,C0003,total,sur,47,61.2,0,0,
TEL100-001924,2025-05-11,C0004,esencial,norte,96,17.75,1,0,
TEL100-001925,2025-05-11,C0005,plus,sur,33,24.72,2,0,
TEL100-001926,2025-05-11,C0006,total,norte,18,44.02,1,0,
TEL100-001927,2025-05-11,C0007,esencial,centro,91,22.22,3,0,
TEL100-001928,2025-05-11,C0008,plus,norte,86,34.79,0,0,
TEL100-001929,2025-05-11,C0009,total,sur,59,48.28,2,0,
TEL100-001930,2025-05-11,C0010,esencial,sur,103,9.45,0,0,
TEL100-001931,2025-05-11,C0011,plus,norte,105,43.17,0,0,
TEL100-001932,2025-05-11,C0012,total,sur,28,65.97,0,0,
TEL100-001933,2025-05-11,C0013,esencial,norte,21,31.35,2,0,
TEL100-001934,2025-05-11,C0014,plus,centro,86,47.3,1,0,
TEL100-001935,2025-05-11,C0015,total,centro,106,51.32,2,0,
TEL100-001936,2025-05-11,C0016,esencial,sur,67,24.01,1,1,precio
TEL100-001937,2025-05-11,C0017,plus,sur,76,45.21,0,0,
TEL100-001938,2025-05-11,C0018,total,sur,30,59.04,2,0,
TEL100-001939,2025-05-11,C0019,esencial,norte,51,23.11,4,0,
TEL100-001940,2025-05-11,C0020,plus,sur,89,34.59,0,0,
TEL100-001941,2025-05-11,C0021, TOTAL ,sur,29,49.22,1,0,
TEL100-001942,2025-05-11,C0022,esencial,centro,106,27.91,0,1,mudanza
TEL100-001943,2025-05-11,C0023,plus,centro,66,38.47,1,0,
TEL100-001944,2025-05-11,C0024,total,sur,105,57.36,0,0,
TEL100-001945,2025-05-11,C0025,esencial,centro,45,15.15,3,0,
TEL100-001946,2025-05-11,C0026,plus,sur,72,35.47,2,0,
TEL100-001947,2025-05-11,C0027,total,centro,29,59.64,2,0,
TEL100-001948,2025-05-11,C0028,esencial,norte,66,11.08,0,0,
TEL100-001949,2025-05-11,C0029,plus,centro,53,37.77,2,0,
TEL100-001950,2025-05-11,C0030,total,norte,58,40.93,1,0,
TEL100-001951,2025-05-11,C0031,esencial,centro,26,11.93,1,0,
TEL100-001952,2025-05-11,C0032,plus,norte,48,41.45,0,0,
TEL100-001953,2025-05-11,C0033,total,sur,105,51.61,1,0,
TEL100-001954,2025-05-11,C0034,esencial,norte,85,16.74,0,0,
TEL100-001955,2025-05-11,C0035,plus,sur,97,35.18,1,0,
TEL100-001956,2025-05-11,C0036,total,norte,67,40.44,0,0,
TEL100-001957,2025-05-11,C0037,esencial,norte,49,2.19,1,0,
TEL100-001958,2025-05-11,C0038,plus,centro,53,29.37,0,0,
TEL100-001959,2025-05-11,C0039,total,norte,97,44.5,2,0,
TEL100-001960,2025-05-11,C0040,esencial,norte,90,16.85,0,0,
TEL100-001961,2025-05-11,C0041,plus,norte,89,21.25,1,0,
TEL100-001962,2025-05-11,C0042,total,norte,38,34.57,0,0,
TEL100-001963,2025-05-11,C0043,esencial,centro,23,21.28,0,0,
TEL100-001964,2025-05-11,C0044,plus,centro,106,35.34,4,0,
TEL100-001965,2025-05-11,C0045,total,norte,68,41.63,2,0,
TEL100-001966,2025-05-11,C0046,esencial,norte,29,19.2,1,0,
TEL100-001967,2025-05-11,C0047,plus,centro,78,31.65,4,1,servicio
TEL100-001968,2025-05-11,C0048,total,sur,78,43.28,0,0,
TEL100-001969,2025-05-11,C0049,esencial,centro,102,10.16,0,0,
TEL100-001970,2025-05-11,C0050,plus,norte,50,22.15,2,0,
TEL100-001971,2025-05-11,C0051,total,centro,85,51.33,0,0,
TEL100-001972,2025-05-11,C0052,esencial,norte,101,22.2,0,0,
TEL100-001973,2025-05-11,C0053,plus,centro,63,29.3,0,0,
TEL100-001974,2025-05-11,C0054,total,sur,64,44.15,0,0,
TEL100-001975,2025-05-11,C0055,esencial,norte,48,37.11,0,0,
TEL100-001976,2025-05-11,C0056,plus,centro,80,40.58,0,0,
TEL100-001977,2025-05-11,C0057,total,sur,50,51.67,0,0,
TEL100-001978,2025-05-11,C0058,esencial,centro,70,22.06,2,1,servicio
TEL100-001979,2025-05-11,C0059,plus,centro,101,40.33,0,0,
TEL100-001980,2025-05-11,C0060,total,norte,73,63.57,2,0,
TEL100-001981,2025-05-11,C0061,esencial,centro,26,23.21,1,0,
TEL100-001982,2025-05-11,C0062,plus,centro,48,24.55,3,0,
TEL100-001983,2025-05-11,C0063,total,centro,19,44.03,2,0,
TEL100-001984,2025-05-11,C0064,esencial,centro,98,25.1,0,0,
TEL100-001985,2025-05-11,C0065,plus,centro,22,21.03,2,0,
TEL100-001986,2025-05-11,C0066,total,sur,58,43.95,0,1,precio
TEL100-001987,2025-05-11,C0067,esencial,sur,80,15.27,0,0,
TEL100-001988,2025-05-11,C0068,plus,norte,42,33.52,0,0,
TEL100-001989,2025-05-11,C0069,total,sur,64,44.35,0,0,
TEL100-001990,2025-05-11,C0070,esencial,centro,18,12.48,1,0,
TEL100-001991,2025-05-11,C0071,plus,centro,84,53.84,0,0,
TEL100-001992,2025-05-11,C0072,total,norte,43,50.44,1,1,mudanza
TEL100-001993,2025-05-11,C0073,esencial,sur,37,,0,0,
TEL100-001994,2025-05-11,C0074,plus,centro,58,32.42,3,0,
TEL100-001995,2025-05-11,C0075,total,sur,68,49.31,2,0,
TEL100-001996,2025-05-11,C0076,esencial,centro,61,20.51,0,0,
TEL100-001997,2025-05-11,C0077,plus,sur,43,35.18,0,0,
TEL100-001998,2025-05-11,C0078,total,centro,85,51.89,3,0,
TEL100-001999,2025-05-11,C0079,esencial,sur,93,14.01,0,0,
TEL100-002000,2025-05-11,C0080,plus,sur,88,43.4,0,0,
TEL100-002001,2025-05-11,C0081,total,norte,35,53.63,1,0,
TEL100-002002,2025-05-11,C0082,esencial,centro,42,20.64,0,0,
TEL100-002003,2025-05-11,C0083,plus,centro,46,33.83,0,0,
TEL100-002004,2025-05-11,C0084,total,norte,34,49.38,1,0,
TEL100-002005,2025-05-11,C0085,esencial,centro,53,7.14,0,0,
TEL100-002006,2025-05-11,C0086,plus,norte,81,42.88,3,0,
TEL100-002007,2025-05-11,C0087,total,centro,62,62.77,2,0,
TEL100-002008,2025-05-11,C0088,esencial,norte,26,29.1,1,0,
TEL100-002009,2025-05-11,C0089,plus,sur,47,27.6,2,0,
TEL100-002010,2025-05-11,C0090,total,sur,48,52.92,1,0,
TEL100-002011,2025-05-11,C0091,esencial,norte,68,14.06,1,0,
TEL100-002012,2025-05-11,C0092,plus,sur,44,44.17,0,0,
TEL100-002013,2025-05-11,C0093,total,centro,69,59.16,0,0,
TEL100-002014,2025-05-11,C0094,esencial,norte,50,4.27,0,0,
TEL100-002015,2025-05-11,C0095,plus,norte,91,37.21,0,0,
TEL100-002016,2025-05-11,C0096,total,sur,83,42.66,0,0,
TEL100-002017,2025-05-11,C0097,esencial,norte,36,21.29,0,0,
TEL100-002018,2025-05-11,C0098,plus,centro,36,39.88,0,0,
TEL100-002019,2025-05-11,C0099,total,sur,91,46.59,0,0,
TEL100-002020,2025-05-11,C0100,esencial,norte,20,13.37,0,0,
TEL100-002021,2025-05-11,C0101,plus,sur,35,40.07,1,0,
TEL100-002022,2025-05-11,C0102,total,centro,84,42.47,0,0,
TEL100-002023,2025-05-11,C0103,esencial,sur,56,17.59,0,0,
TEL100-002024,2025-05-11,C0104,plus,centro,26,52.26,1,0,
TEL100-002025,2025-05-11,C0105,total,norte,31,57.98,0,0,
TEL100-002026,2025-05-11,C0106,esencial,centro,69,19.38,0,0,
TEL100-002027,2025-05-11,C0107,plus,centro,21,19.14,2,1,mudanza
TEL100-002028,2025-05-11,C0108,total,centro,17,37.09,0,0,
TEL100-002029,2025-05-11,C0109,esencial,sur,81,8.92,1,0,
TEL100-002030,2025-05-11,C0110,plus,centro,99,34.97,0,0,
TEL100-002031,2025-05-11,C0111,total,norte,39,64.76,1,0,
TEL100-002032,2025-05-11,C0112,esencial,norte,38,30.15,0,0,
TEL100-002033,2025-05-11,C0113,plus,sur,47,23.31,1,0,
TEL100-002034,2025-05-11,C0114,total,norte,36,60.91,0,0,
TEL100-002035,2025-05-11,C0115,esencial,centro,38,16.79,1,1,mudanza
TEL100-002036,2025-05-11,C0116,plus,centro,28,29.11,0,0,
TEL100-002037,2025-05-11,C0117,total,sur,76,49.63,3,0,
TEL100-002038,2025-05-11,C0118, ESENCIAL ,norte,30,11.28,3,0,
TEL100-002039,2025-05-11,C0119,plus,sur,62,32.19,0,0,
TEL100-002040,2025-05-11,C0120,total,norte,100,55.79,0,0,
TEL100-002041,2025-06-11,C0001,esencial,norte,24,24.55,2,0,
TEL100-002042,2025-06-11,C0002,plus,norte,25,30.81,1,0,
TEL100-002043,2025-06-11,C0003,total,sur,48,69.55,1,0,
TEL100-002044,2025-06-11,C0004,esencial,norte,97,9.85,0,0,
TEL100-002045,2025-06-11,C0005,plus,sur,34,12.69,2,0,
TEL100-002046,2025-06-11,C0006,total,norte,19,40.45,0,0,
TEL100-002047,2025-06-11,C0007,esencial,centro,92,25.95,1,0,
TEL100-002048,2025-06-11,C0008,plus,norte,87,36.36,0,0,
TEL100-002049,2025-06-11,C0009,total,sur,60,72.49,3,0,
TEL100-002050,2025-06-11,C0010,esencial,sur,104,17.72,2,0,
TEL100-002051,2025-06-11,C0011,plus,norte,106,38.45,0,0,
TEL100-002052,2025-06-11,C0012,total,sur,29,58.53,0,0,
TEL100-002053,2025-06-11,C0013,esencial,norte,22,12.21,0,0,
TEL100-002054,2025-06-11,C0014,plus,centro,87,32.34,1,1,servicio
TEL100-002055,2025-06-11,C0015,total,centro,107,54.51,0,0,
TEL100-002056,2025-06-11,C0016,esencial,sur,68,12.03,3,0,
TEL100-002057,2025-06-11,C0017,plus,sur,77,13.37,0,1,servicio
TEL100-002058,2025-06-11,C0018,total,sur,31,49.69,0,0,
TEL100-002059,2025-06-11,C0019,esencial,norte,52,15.0,0,0,
TEL100-002060,2025-06-11,C0020,plus,sur,90,21.39,0,0,
TEL100-002061,2025-06-11,C0021,total,sur,30,54.46,0,0,
TEL100-002062,2025-06-11,C0022,esencial,centro,107,18.56,0,0,
TEL100-002063,2025-06-11,C0023,plus,centro,67,33.08,1,0,
TEL100-002064,2025-06-11,C0024,total,sur,106,54.12,1,0,
TEL100-002065,2025-06-11,C0025,esencial,centro,46,2.53,1,0,
TEL100-002066,2025-06-11,C0026,plus,sur,73,15.37,2,0,
TEL100-002067,2025-06-11,C0027,total,centro,30,69.45,0,0,
TEL100-002068,2025-06-11,C0028,esencial,norte,67,26.49,0,0,
TEL100-002069,2025-06-11,C0029,plus,centro,54,32.03,0,0,
TEL100-002070,2025-06-11,C0030,total,norte,59,38.64,2,0,
TEL100-002071,2025-06-11,C0031,esencial,centro,27,20.82,0,0,
TEL100-002072,2025-06-11,C0032,plus,norte,49,30.31,1,0,
TEL100-002073,2025-06-11,C0033,total,sur,106,64.13,0,0,
TEL100-002074,2025-06-11,C0034,esencial,norte,86,26.53,0,0,
TEL100-002075,2025-06-11,C0035,plus,sur,98,30.3,0,0,
TEL100-002076,2025-06-11,C0036,total,norte,68,,0,0,
TEL100-002077,2025-06-11,C0037,esencial,norte,50,27.92,1,0,
TEL100-002078,2025-06-11,C0038,plus,centro,54,32.5,0,0,
TEL100-002079,2025-06-11,C0039,total,norte,98,60.91,0,0,
TEL100-002080,2025-06-11,C0040,esencial,norte,91,1.11,0,0,
TEL100-002081,2025-06-11,C0041,plus,norte,90,27.59,2,1,mudanza
TEL100-002082,2025-06-11,C0042,total,norte,39,55.36,0,0,
TEL100-002083,2025-06-11,C0043,esencial,centro,24,22.52,0,0,
TEL100-002084,2025-06-11,C0044,plus,centro,107,34.2,0,0,
TEL100-002085,2025-06-11,C0045,total,norte,69,55.2,2,0,
TEL100-002086,2025-06-11,C0046,esencial,norte,30,21.34,1,1,precio
TEL100-002087,2025-06-11,C0047,plus,centro,79,38.95,0,0,
TEL100-002088,2025-06-11,C0048,total,sur,79,66.62,0,0,
TEL100-002089,2025-06-11,C0049,esencial,centro,103,21.21,0,0,
TEL100-002090,2025-06-11,C0050,plus,norte,51,40.36,0,0,
TEL100-002091,2025-06-11,C0051,total,centro,86,57.04,0,0,
TEL100-002092,2025-06-11,C0052,esencial,norte,102,22.78,0,0,
TEL100-002093,2025-06-11,C0053,plus,centro,64,46.18,0,0,
TEL100-002094,2025-06-11,C0054,total,sur,65,65.5,0,0,
TEL100-002095,2025-06-11,C0055,esencial,norte,49,11.67,4,1,mudanza
TEL100-002096,2025-06-11,C0056,plus,centro,81,35.51,0,0,
TEL100-002097,2025-06-11,C0057,total,sur,51,53.5,0,0,
TEL100-002098,2025-06-11,C0058,esencial,centro,71,8.24,0,0,
TEL100-002099,2025-06-11,C0059,plus,centro,102,34.46,0,0,
TEL100-002100,2025-06-11,C0060,total,norte,74,61.71,1,0,
TEL100-002101,2025-06-11,C0061,esencial,centro,27,14.25,3,0,
TEL100-002102,2025-06-11,C0062,plus,centro,49,27.04,0,0,
TEL100-002103,2025-06-11,C0063,total,centro,20,56.77,0,0,
TEL100-002104,2025-06-11,C0064,esencial,centro,99,19.76,3,0,
TEL100-002105,2025-06-11,C0065,plus,centro,23,26.65,1,0,
TEL100-002106,2025-06-11,C0066,total,sur,59,44.19,0,1,precio
TEL100-002107,2025-06-11,C0067,esencial,sur,81,6.35,0,0,
TEL100-002108,2025-06-11,C0068,plus,norte,43,29.03,2,0,
TEL100-002109,2025-06-11,C0069,total,sur,65,54.67,0,0,
TEL100-002110,2025-06-11,C0070,esencial,centro,19,6.78,0,0,
TEL100-002111,2025-06-11,C0071,plus,centro,85,"38,91",0,0,
TEL100-002112,2025-06-11,C0072,total,norte,44,54.96,0,0,
TEL100-002113,2025-06-11,C0073,esencial,sur,38,15.67,2,0,
TEL100-002114,2025-06-11,C0074,plus,centro,59,30.73,0,0,
TEL100-002115,2025-06-11,C0075,total,sur,69,50.72,0,0,
TEL100-002116,2025-06-11,C0076,esencial,centro,62,4.09,1,1,precio
TEL100-002117,2025-06-11,C0077,plus,sur,44,26.33,0,0,
TEL100-002118,2025-06-11,C0078,total,centro,86,53.39,2,0,
TEL100-002119,2025-06-11,C0079,esencial,sur,94,17.43,0,0,
TEL100-002120,2025-06-11,C0080,plus,sur,89,40.86,0,0,
TEL100-002121,2025-06-11,C0081,total,norte,36,51.96,0,0,
TEL100-002122,2025-06-11,C0082,esencial,centro,43,16.0,1,0,
TEL100-002123,2025-06-11,C0083,plus,centro,47,27.58,0,0,
TEL100-002124,2025-06-11,C0084,total,norte,35,47.93,0,0,
TEL100-002125,2025-06-11,C0085,esencial,centro,54,13.32,0,0,
TEL100-002126,2025-06-11,C0086,plus,norte,82,20.68,0,0,
TEL100-002127,2025-06-11,C0087,total,centro,63,64.71,0,0,
TEL100-002128,2025-06-11,C0088,esencial,norte,27,9.71,0,0,
TEL100-002129,2025-06-11,C0089,plus,sur,48,27.84,0,0,
TEL100-002130,2025-06-11,C0090,total,sur,49,50.67,1,1,servicio
TEL100-002131,2025-06-11,C0091,esencial,norte,69,24.85,0,0,
TEL100-002132,2025-06-11,C0092,plus,sur,45,33.05,1,0,
TEL100-002133,2025-06-11,C0093,total,centro,70,64.32,0,0,
TEL100-002134,2025-06-11,C0094,esencial,norte,51,20.09,0,0,
TEL100-002135,2025-06-11,C0095, PLUS ,norte,92,51.66,0,0,
TEL100-002136,2025-06-11,C0096,total,sur,84,38.73,0,0,
TEL100-002137,2025-06-11,C0097,esencial,norte,37,20.53,2,0,
TEL100-002138,2025-06-11,C0098,plus,centro,37,43.0,0,0,
TEL100-002139,2025-06-11,C0099,total,sur,92,59.67,1,0,
TEL100-002140,2025-06-11,C0100,esencial,norte,21,16.88,0,0,
TEL100-002141,2025-06-11,C0101,plus,sur,36,29.57,0,0,
TEL100-002142,2025-06-11,C0102,total,centro,85,66.01,1,0,
TEL100-002143,2025-06-11,C0103,esencial,sur,57,16.79,0,0,
TEL100-002144,2025-06-11,C0104,plus,centro,27,22.61,0,0,
TEL100-002145,2025-06-11,C0105,total,norte,32,45.85,2,0,
TEL100-002146,2025-06-11,C0106,esencial,centro,70,31.57,1,0,
TEL100-002147,2025-06-11,C0107,plus,centro,22,31.64,0,0,
TEL100-002148,2025-06-11,C0108,total,centro,18,41.51,4,0,
TEL100-002149,2025-06-11,C0109,esencial,sur,82,19.25,0,0,
TEL100-002150,2025-06-11,C0110,plus,centro,100,31.43,1,0,
TEL100-002151,2025-06-11,C0111,total,norte,40,54.15,0,0,
TEL100-002152,2025-06-11,C0112,esencial,norte,39,40.83,1,0,
TEL100-002153,2025-06-11,C0113,plus,sur,48,29.47,0,0,
TEL100-002154,2025-06-11,C0114,total,norte,37,42.23,0,0,
TEL100-002155,2025-06-11,C0115,esencial,centro,39,16.82,0,0,
TEL100-002156,2025-06-11,C0116,plus,centro,29,-999,1,0,
TEL100-002157,2025-06-11,C0117,total,sur,77,57.05,0,1,servicio
TEL100-002158,2025-06-11,C0118,esencial,norte,31,22.61,2,0,
TEL100-002159,2025-06-11,C0119,plus,sur,63,,0,0,
TEL100-002160,2025-06-11,C0120,total,norte,101,40.69,1,0,
TEL100-002161,2025-07-12,C0001,esencial,norte,25,34.43,3,0,
TEL100-002162,2025-07-12,C0002,plus,norte,26,44.37,0,0,
TEL100-002163,2025-07-12,C0003,total,sur,49,57.56,4,0,
TEL100-002164,2025-07-12,C0004,esencial,norte,98,17.15,0,0,
TEL100-002165,2025-07-12,C0005,plus,sur,35,46.78,0,0,
TEL100-002166,2025-07-12,C0006,total,norte,20,59.73,0,0,
TEL100-002167,2025-07-12,C0007,esencial,centro,93,22.35,0,0,
TEL100-002168,2025-07-12,C0008,plus,norte,88,43.95,0,0,
TEL100-002169,2025-07-12,C0009,total,sur,61,55.05,2,0,
TEL100-002170,2025-07-12,C0010,esencial,sur,105,16.18,0,0,
TEL100-002171,2025-07-12,C0011,plus,norte,107,37.82,3,0,
TEL100-002172,2025-07-12,C0012,total,sur,30,58.53,0,0,
TEL100-002173,2025-07-12,C0013,esencial,norte,23,24.1,1,0,
TEL100-002174,2025-07-12,C0014,plus,centro,88,34.3,1,0,
TEL100-002175,2025-07-12,C0015,total,centro,108,44.45,0,0,
TEL100-002176,2025-07-12,C0016,esencial,sur,69,20.23,1,0,
TEL100-002177,2025-07-12,C0017,plus,sur,78,29.49,0,0,
TEL100-002178,2025-07-12,C0018,total,sur,32,54.62,3,1,precio
TEL100-002179,2025-07-12,C0019,esencial,norte,53,26.91,1,1,servicio
TEL100-002180,2025-07-12,C0020,plus,sur,91,40.3,0,0,
TEL100-002181,2025-07-12,C0021,total,sur,31,53.87,0,0,
TEL100-002182,2025-07-12,C0022,esencial,centro,108,15.25,3,0,
TEL100-002183,2025-07-12,C0023,plus,centro,68,38.23,0,0,
TEL100-002184,2025-07-12,C0024,total,sur,107,51.92,0,0,
TEL100-002185,2025-07-12,C0025,esencial,centro,47,13.32,3,0,
TEL100-002186,2025-07-12,C0026,plus,sur,74,35.86,1,0,
TEL100-002187,2025-07-12,C0027,total,centro,31,61.97,1,1,servicio
TEL100-002188,2025-07-12,C0028,esencial,norte,68,22.48,0,0,
TEL100-002189,2025-07-12,C0029,plus,centro,55,30.2,0,0,
TEL100-002190,2025-07-12,C0030,total,norte,60,52.72,0,1,precio
TEL100-002191,2025-07-12,C0031,esencial,centro,28,13.58,0,0,
TEL100-002192,2025-07-12,C0032,plus,norte,50,28.56,1,0,
TEL100-002193,2025-07-12,C0033,total,sur,107,48.78,0,0,
TEL100-002194,2025-07-12,C0034,esencial,norte,87,14.07,0,0,
TEL100-002195,2025-07-12,C0035,plus,sur,99,36.7,1,0,
TEL100-002196,2025-07-12,C0036,total,norte,69,67.03,0,0,
TEL100-002197,2025-07-12,C0037,esencial,norte,51,0,3,1,servicio
TEL100-002198,2025-07-12,C0038,plus,centro,55,38.6,2,0,
TEL100-002199,2025-07-12,C0039,total,norte,99,54.5,0,0,
TEL100-002200,2025-07-12,C0040,esencial,norte,92,15.38,3,0,
TEL100-002201,2025-07-12,C0041,plus,norte,91,42.85,0,0,
TEL100-002202,2025-07-12,C0042,total,norte,40,48.1,1,0,
TEL100-002203,2025-07-12,C0043,esencial,centro,25,8.78,0,0,
TEL100-002204,2025-07-12,C0044,plus,centro,108,26.05,0,0,
TEL100-002205,2025-07-12,C0045,total,norte,70,48.99,4,0,
TEL100-002206,2025-07-12,C0046,esencial,norte,31,22.01,2,0,
TEL100-002207,2025-07-12,C0047,plus,centro,80,30.39,0,0,
TEL100-002208,2025-07-12,C0048,total,sur,80,53.02,0,0,
TEL100-002209,2025-07-12,C0049,esencial,centro,104,7.53,2,0,
TEL100-002210,2025-07-12,C0050,plus,norte,52,23.89,1,1,mudanza
TEL100-002211,2025-07-12,C0051,total,centro,87,60.78,0,0,
TEL100-002212,2025-07-12,C0052,esencial,norte,103,13.58,1,0,
TEL100-002213,2025-07-12,C0053,plus,centro,65,50.25,2,1,mudanza
TEL100-002214,2025-07-12,C0054,total,sur,66,44.82,0,0,
TEL100-002215,2025-07-12,C0055,esencial,norte,50,25.11,0,0,
TEL100-002216,2025-07-12,C0056,plus,centro,82,24.83,4,0,
TEL100-002217,2025-07-12,C0057,total,sur,52,45.81,1,0,
TEL100-002218,2025-07-12,C0058,esencial,centro,72,16.53,1,0,
TEL100-002219,2025-07-12,C0059,plus,centro,103,19.67,3,0,
TEL100-002220,2025-07-12,C0060,total,norte,75,55.39,3,0,
TEL100-002221,2025-07-12,C0061,esencial,centro,28,13.67,2,0,
TEL100-002222,2025-07-12,C0062,plus,centro,50,28.46,0,0,
TEL100-002223,2025-07-12,C0063,total,centro,21,56.31,0,0,
TEL100-002224,2025-07-12,C0064,esencial,centro,100,23.99,0,0,
TEL100-002225,2025-07-12,C0065,plus,centro,24,37.45,0,0,
TEL100-002226,2025-07-12,C0066,total,sur,60,53.5,0,0,
TEL100-002227,2025-07-12,C0067,esencial,sur,82,1.44,0,0,
TEL100-002228,2025-07-12,C0068,plus,norte,44,30.02,2,1,servicio
TEL100-002229,2025-07-12,C0069,total,sur,66,40.24,0,0,
TEL100-002230,2025-07-12,C0070,esencial,centro,20,31.57,0,0,
TEL100-002231,2025-07-12,C0071,plus,centro,86,31.11,4,0,
TEL100-002232,2025-07-12,C0072, TOTAL ,norte,45,66.97,0,0,
TEL100-002233,2025-07-12,C0073,esencial,sur,39,1.79,1,0,
TEL100-002234,2025-07-12,C0074,plus,centro,60,35.24,0,0,
TEL100-002235,2025-07-12,C0075,total,sur,70,37.12,4,0,
TEL100-002236,2025-07-12,C0076,esencial,centro,63,9.78,0,0,
TEL100-002237,2025-07-12,C0077,plus,sur,45,33.54,0,0,
TEL100-002238,2025-07-12,C0078,total,centro,87,50.83,1,0,
TEL100-002239,2025-07-12,C0079,esencial,sur,95,18.34,2,1,precio
TEL100-002240,2025-07-12,C0080,plus,sur,90,28.16,0,0,
TEL100-002241,2025-07-12,C0081,total,norte,37,64.15,0,0,
TEL100-002242,2025-07-12,C0082,esencial,centro,44,,3,0,
TEL100-002243,2025-07-12,C0083,plus,centro,48,40.32,2,0,
TEL100-002244,2025-07-12,C0084,total,norte,36,39.11,1,0,
TEL100-002245,2025-07-12,C0085,esencial,centro,55,18.19,0,0,
TEL100-002246,2025-07-12,C0086,plus,norte,83,26.71,4,1,mudanza
TEL100-002247,2025-07-12,C0087,total,centro,64,44.08,1,0,
TEL100-002248,2025-07-12,C0088,esencial,norte,28,18.91,1,0,
TEL100-002249,2025-07-12,C0089,plus,sur,49,32.61,1,0,
TEL100-002250,2025-07-12,C0090,total,sur,50,45.25,1,0,
TEL100-002251,2025-07-12,C0091,esencial,norte,70,20.85,3,0,
TEL100-002252,2025-07-12,C0092,plus,sur,46,37.45,0,1,precio
TEL100-002253,2025-07-12,C0093,total,centro,71,52.33,0,0,
TEL100-002254,2025-07-12,C0094,esencial,norte,52,20.47,0,0,
TEL100-002255,2025-07-12,C0095,plus,norte,93,39.45,0,0,
TEL100-002256,2025-07-12,C0096,total,sur,85,41.05,0,0,
TEL100-002257,2025-07-12,C0097,esencial,norte,38,11.4,1,0,
TEL100-002258,2025-07-12,C0098,plus,centro,38,37.81,1,1,mudanza
TEL100-002259,2025-07-12,C0099,total,sur,93,51.89,0,0,
TEL100-002260,2025-07-12,C0100,esencial,norte,22,0,1,1,servicio
TEL100-002261,2025-07-12,C0101,plus,sur,37,30.35,0,0,
TEL100-002262,2025-07-12,C0102,total,centro,86,53.2,1,1,servicio
TEL100-002263,2025-07-12,C0103,esencial,sur,58,32.12,0,0,
TEL100-002264,2025-07-12,C0104,plus,centro,28,40.15,0,0,
TEL100-002265,2025-07-12,C0105,total,norte,33,59.88,0,0,
TEL100-002266,2025-07-12,C0106,esencial,centro,71,26.55,2,0,
TEL100-002267,2025-07-12,C0107,plus,centro,23,24.07,1,0,
TEL100-002268,2025-07-12,C0108,total,centro,19,49.88,0,0,
TEL100-002269,2025-07-12,C0109,esencial,sur,83,22.32,0,0,
TEL100-002270,2025-07-12,C0110,plus,centro,101,44.34,1,0,
TEL100-002271,2025-07-12,C0111,total,norte,41,45.75,1,0,
TEL100-002272,2025-07-12,C0112,esencial,norte,40,13.84,0,0,
TEL100-002273,2025-07-12,C0113,plus,sur,49,49.54,0,0,
TEL100-002274,2025-07-12,C0114,total,norte,38,57.26,3,0,
TEL100-002275,2025-07-12,C0115,esencial,centro,40,20.75,2,0,
TEL100-002276,2025-07-12,C0116,plus,centro,30,33.08,0,0,
TEL100-002277,2025-07-12,C0117,total,sur,78,54.33,0,0,
TEL100-002278,2025-07-12,C0118,esencial,norte,32,16.53,0,0,
TEL100-002279,2025-07-12,C0119,plus,sur,64,23.88,0,0,
TEL100-002280,2025-07-12,C0120,total,norte,102,48.2,0,0,
TEL100-002281,2025-08-12,C0001,esencial,norte,26,33.41,3,0,
TEL100-002282,2025-08-12,C0002,plus,norte,27,43.4,2,0,
TEL100-002283,2025-08-12,C0003,total,sur,50,70.22,0,0,
TEL100-002284,2025-08-12,C0004,esencial,norte,99,18.43,0,0,
TEL100-002285,2025-08-12,C0005,plus,sur,36,34.76,2,0,
TEL100-002286,2025-08-12,C0006,total,norte,21,40.21,0,0,
TEL100-002287,2025-08-12,C0007,esencial,centro,94,25.47,1,0,
TEL100-002288,2025-08-12,C0008,plus,norte,89,37.96,0,0,
TEL100-002289,2025-08-12,C0009,total,sur,62,56.97,0,0,
TEL100-002290,2025-08-12,C0010,esencial,sur,106,13.19,0,0,
TEL100-002291,2025-08-12,C0011,plus,norte,108,31.43,1,1,servicio
TEL100-002292,2025-08-12,C0012,total,sur,31,43.42,1,0,
TEL100-002293,2025-08-12,C0013,esencial,norte,24,0.33,0,0,
TEL100-002294,2025-08-12,C0014,plus,centro,89,11.79,0,0,
TEL100-002295,2025-08-12,C0015,total,centro,109,49.63,1,0,
TEL100-002296,2025-08-12,C0016,esencial,sur,70,30.33,0,0,
TEL100-002297,2025-08-12,C0017,plus,sur,79,40.48,0,0,
TEL100-002298,2025-08-12,C0018,total,sur,33,55.15,0,0,
TEL100-002299,2025-08-12,C0019,esencial,norte,54,12.16,1,0,
TEL100-002300,2025-08-12,C0020,plus,sur,92,35.4,1,0,
TEL100-002301,2025-08-12,C0021,total,sur,32,50.32,2,0,
TEL100-002302,2025-08-12,C0022,esencial,centro,109,13.55,0,0,
TEL100-002303,2025-08-12,C0023,plus,centro,69,31.59,0,0,
TEL100-002304,2025-08-12,C0024,total,sur,108,61.35,3,0,
TEL100-002305,2025-08-12,C0025,esencial,centro,48,26.55,0,0,
TEL100-002306,2025-08-12,C0026,plus,sur,75,38.67,1,0,
TEL100-002307,2025-08-12,C0027,total,centro,32,56.97,4,0,
TEL100-002308,2025-08-12,C0028,esencial,norte,69,24.87,0,0,
TEL100-002309,2025-08-12,C0029,plus,centro,56,42.09,0,0,
TEL100-002310,2025-08-12,C0030,total,norte,61,54.78,2,0,
TEL100-002311,2025-08-12,C0031,esencial,centro,29,14.92,0,0,
TEL100-002312,2025-08-12,C0032,plus,norte,51,47.97,1,0,
TEL100-002313,2025-08-12,C0033,total,sur,108,39.07,0,0,
TEL100-002314,2025-08-12,C0034,esencial,norte,88,26.28,0,0,
TEL100-002315,2025-08-12,C0035,plus,sur,100,37.05,1,0,
TEL100-002316,2025-08-12,C0036,total,norte,70,48.24,0,0,
TEL100-002317,2025-08-12,C0037,esencial,norte,52,30.36,1,0,
TEL100-002318,2025-08-12,C0038,plus,centro,56,40.06,2,1,servicio
TEL100-002319,2025-08-12,C0039,total,norte,100,53.87,0,0,
TEL100-002320,2025-08-12,C0040,esencial,norte,93,16.93,1,1,servicio
TEL100-002321,2025-08-12,C0041,plus,norte,92,32.44,1,0,
TEL100-002322,2025-08-12,C0042,total,norte,41,"47,59",2,0,
TEL100-002323,2025-08-12,C0043,esencial,centro,26,15.13,0,0,
TEL100-002324,2025-08-12,C0044,plus,centro,109,41.41,1,0,
TEL100-002325,2025-08-12,C0045,total,norte,71,,0,0,
TEL100-002326,2025-08-12,C0046,esencial,norte,32,22.94,0,0,
TEL100-002327,2025-08-12,C0047,plus,centro,81,39.16,0,0,
TEL100-002328,2025-08-12,C0048,total,sur,81,64.4,0,0,
TEL100-002329,2025-08-12,C0049, ESENCIAL ,centro,105,13.8,0,0,
TEL100-002330,2025-08-12,C0050,plus,norte,53,39.75,0,0,
TEL100-002331,2025-08-12,C0051,total,centro,88,46.45,0,0,
TEL100-002332,2025-08-12,C0052,esencial,norte,104,18.08,2,0,
TEL100-002333,2025-08-12,C0053,plus,centro,66,21.73,0,0,
TEL100-002334,2025-08-12,C0054,total,sur,67,59.12,0,0,
TEL100-002335,2025-08-12,C0055,esencial,norte,51,29.66,0,0,
TEL100-002336,2025-08-12,C0056,plus,centro,83,35.09,0,0,
TEL100-002337,2025-08-12,C0057,total,sur,53,53.22,0,0,
TEL100-002338,2025-08-12,C0058,esencial,centro,73,11.52,1,0,
TEL100-002339,2025-08-12,C0059,plus,centro,104,34.91,0,0,
TEL100-002340,2025-08-12,C0060,total,norte,76,63.03,0,1,servicio
TEL100-002341,2025-08-12,C0061,esencial,centro,29,29.55,1,0,
TEL100-002342,2025-08-12,C0062,plus,centro,51,28.71,1,0,
TEL100-002343,2025-08-12,C0063,total,centro,22,49.29,2,0,
TEL100-002344,2025-08-12,C0064,esencial,centro,101,11.41,0,0,
TEL100-002345,2025-08-12,C0065,plus,centro,25,30.7,0,0,
TEL100-002346,2025-08-12,C0066,total,sur,61,44.67,0,0,
TEL100-002347,2025-08-12,C0067,esencial,sur,83,5.65,0,0,
TEL100-002348,2025-08-12,C0068,plus,norte,45,31.19,2,0,
TEL100-002349,2025-08-12,C0069,total,sur,67,46.97,0,0,
TEL100-002350,2025-08-12,C0070,esencial,centro,21,11.83,2,0,
TEL100-002351,2025-08-12,C0071,plus,centro,87,41.25,1,0,
TEL100-002352,2025-08-12,C0072,total,norte,46,51.43,0,0,
TEL100-002353,2025-08-12,C0073,esencial,sur,40,17.56,0,0,
TEL100-002354,2025-08-12,C0074,plus,centro,61,35.65,0,0,
TEL100-002355,2025-08-12,C0075,total,sur,71,52.99,0,0,
TEL100-002356,2025-08-12,C0076,esencial,centro,64,0.97,2,0,
TEL100-002357,2025-08-12,C0077,plus,sur,46,35.85,1,0,
TEL100-002358,2025-08-12,C0078,total,centro,88,52.3,0,0,
TEL100-002359,2025-08-12,C0079,esencial,sur,96,34.69,0,0,
TEL100-002360,2025-08-12,C0080,plus,sur,91,53.33,0,0,
TEL100-002361,2025-08-12,C0081,total,norte,38,53.73,1,0,
TEL100-002362,2025-08-12,C0082,esencial,centro,45,10.78,0,0,
TEL100-002363,2025-08-12,C0083,plus,centro,49,31.0,0,0,
TEL100-002364,2025-08-12,C0084,total,norte,37,61.56,3,0,
TEL100-002365,2025-08-12,C0085,esencial,centro,56,7.12,0,0,
TEL100-002366,2025-08-12,C0086,plus,norte,84,43.33,0,0,
TEL100-002367,2025-08-12,C0087,total,centro,65,55.35,0,0,
TEL100-002368,2025-08-12,C0088,esencial,norte,29,9.19,2,0,
TEL100-002369,2025-08-12,C0089,plus,sur,50,31.12,0,0,
TEL100-002370,2025-08-12,C0090,total,sur,51,49.55,0,0,
TEL100-002371,2025-08-12,C0091,esencial,norte,71,15.29,1,0,
TEL100-002372,2025-08-12,C0092,plus,sur,47,34.94,1,0,
TEL100-002373,2025-08-12,C0093,total,centro,72,56.6,0,0,
TEL100-002374,2025-08-12,C0094,esencial,norte,53,12.26,0,0,
TEL100-002375,2025-08-12,C0095,plus,norte,94,37.39,2,1,precio
TEL100-002376,2025-08-12,C0096,total,sur,86,51.46,0,0,
TEL100-002377,2025-08-12,C0097,esencial,norte,39,10.71,1,0,
TEL100-002378,2025-08-12,C0098,plus,centro,39,42.65,1,0,
TEL100-002379,2025-08-12,C0099,total,sur,94,66.72,0,0,
TEL100-002380,2025-08-12,C0100,esencial,norte,23,8.86,3,1,mudanza
TEL100-002381,2025-08-12,C0101,plus,sur,38,45.62,0,0,
TEL100-002382,2025-08-12,C0102,total,centro,87,56.04,1,0,
TEL100-002383,2025-08-12,C0103,esencial,sur,59,17.45,0,0,
TEL100-002384,2025-08-12,C0104,plus,centro,29,22.09,3,1,precio
TEL100-002385,2025-08-12,C0105,total,norte,34,59.96,0,0,
TEL100-002386,2025-08-12,C0106,esencial,centro,72,15.12,3,0,
TEL100-002387,2025-08-12,C0107,plus,centro,24,24.4,0,0,
TEL100-002388,2025-08-12,C0108,total,centro,20,63.42,3,0,
TEL100-002389,2025-08-12,C0109,esencial,sur,84,20.08,0,0,
TEL100-002390,2025-08-12,C0110,plus,centro,102,38.25,1,0,
TEL100-002391,2025-08-12,C0111,total,norte,42,59.89,2,0,
TEL100-002392,2025-08-12,C0112,esencial,norte,41,17.06,2,0,
TEL100-002393,2025-08-12,C0113,plus,sur,50,42.33,3,0,
TEL100-002394,2025-08-12,C0114,total,norte,39,53.71,0,0,
TEL100-002395,2025-08-12,C0115,esencial,centro,41,19.17,2,0,
TEL100-002396,2025-08-12,C0116,plus,centro,31,24.52,0,0,
TEL100-002397,2025-08-12,C0117,total,sur,79,48.41,0,0,
TEL100-002398,2025-08-12,C0118,esencial,norte,33,18.43,2,1,precio
TEL100-002399,2025-08-12,C0119,plus,sur,65,31.38,0,0,
TEL100-002400,2025-08-12,C0120,total,norte,103,55.73,1,0,
TEL100-002401,2025-09-12,C0001,esencial,norte,27,26.91,0,0,
TEL100-002402,2025-09-12,C0002,plus,norte,28,48.87,2,0,
TEL100-002403,2025-09-12,C0003,total,sur,51,56.36,0,0,
TEL100-002404,2025-09-12,C0004,esencial,norte,100,32.78,0,0,
TEL100-002405,2025-09-12,C0005,plus,sur,37,43.7,0,0,
TEL100-002406,2025-09-12,C0006,total,norte,22,49.31,1,0,
TEL100-002407,2025-09-12,C0007,esencial,centro,95,35.81,0,0,
TEL100-002408,2025-09-12,C0008,plus,norte,90,,1,0,
TEL100-002409,2025-09-12,C0009,total,sur,63,50.84,0,0,
TEL100-002410,2025-09-12,C0010,esencial,sur,107,21.31,0,0,
TEL100-002411,2025-09-12,C0011,plus,norte,109,45.5,3,0,
TEL100-002412,2025-09-12,C0012,total,sur,32,42.29,0,0,
TEL100-002413,2025-09-12,C0013,esencial,norte,25,11.48,2,0,
TEL100-002414,2025-09-12,C0014,plus,centro,90,19.19,2,0,
TEL100-002415,2025-09-12,C0015,total,centro,110,59.75,0,0,
TEL100-002416,2025-09-12,C0016,esencial,sur,71,15.79,2,0,
TEL100-002417,2025-09-12,C0017,plus,sur,80,30.2,0,0,
TEL100-002418,2025-09-12,C0018,total,sur,34,52.02,3,0,
TEL100-002419,2025-09-12,C0019,esencial,norte,55,23.11,0,0,
TEL100-002420,2025-09-12,C0020,plus,sur,93,18.82,0,0,
TEL100-002421,2025-09-12,C0021,total,sur,33,40.79,4,0,
TEL100-002422,2025-09-12,C0022,esencial,centro,110,3.44,0,0,
TEL100-002423,2025-09-12,C0023,plus,centro,70,32.7,0,0,
TEL100-002424,2025-09-12,C0024,total,sur,109,54.06,0,0,
TEL100-002425,2025-09-12,C0025,esencial,centro,49,22.45,1,0,
TEL100-002426,2025-09-12,C0026, PLUS ,sur,76,23.77,2,0,
TEL100-002427,2025-09-12,C0027,total,centro,33,62.2,2,0,
TEL100-002428,2025-09-12,C0028,esencial,norte,70,3.05,0,0,
TEL100-002429,2025-09-12,C0029,plus,centro,57,36.77,1,1,mudanza
TEL100-002430,2025-09-12,C0030,total,norte,62,50.16,0,0,
TEL100-002431,2025-09-12,C0031,esencial,centro,30,12.01,0,0,
TEL100-002432,2025-09-12,C0032,plus,norte,52,31.4,1,0,
TEL100-002433,2025-09-12,C0033,total,sur,109,56.99,1,0,
TEL100-002434,2025-09-12,C0034,esencial,norte,89,14.25,0,1,precio
TEL100-002435,2025-09-12,C0035,plus,sur,101,36.45,0,0,
TEL100-002436,2025-09-12,C0036,total,norte,71,68.16,0,0,
TEL100-002437,2025-09-12,C0037,esencial,norte,53,9.36,1,0,
TEL100-002438,2025-09-12,C0038,plus,centro,57,33.61,1,0,
TEL100-002439,2025-09-12,C0039,total,norte,101,51.78,1,0,
TEL100-002440,2025-09-12,C0040,esencial,norte,94,21.31,0,0,
TEL100-002441,2025-09-12,C0041,plus,norte,93,37.1,1,0,
TEL100-002442,2025-09-12,C0042,total,norte,42,41.09,0,0,
TEL100-002443,2025-09-12,C0043,esencial,centro,27,2.05,0,1,servicio
TEL100-002444,2025-09-12,C0044,plus,centro,110,32.86,0,0,
TEL100-002445,2025-09-12,C0045,total,norte,72,57.04,0,0,
TEL100-002446,2025-09-12,C0046,esencial,norte,33,19.87,0,0,
TEL100-002447,2025-09-12,C0047,plus,centro,82,42.88,0,0,
TEL100-002448,2025-09-12,C0048,total,sur,82,61.97,0,0,
TEL100-002449,2025-09-12,C0049,esencial,centro,106,21.66,2,0,
TEL100-002450,2025-09-12,C0050,plus,norte,54,39.11,0,0,
TEL100-002451,2025-09-12,C0051,total,centro,89,46.56,0,0,
TEL100-002452,2025-09-12,C0052,esencial,norte,105,36.31,0,0,
TEL100-002453,2025-09-12,C0053,plus,centro,67,37.81,0,0,
TEL100-002454,2025-09-12,C0054,total,sur,68,55.22,0,0,
TEL100-002455,2025-09-12,C0055,esencial,norte,52,23.75,0,0,
TEL100-002456,2025-09-12,C0056,plus,centro,84,12.88,1,0,
TEL100-002457,2025-09-12,C0057,total,sur,54,47.36,0,0,
TEL100-002458,2025-09-12,C0058,esencial,centro,74,17.67,0,0,
TEL100-002459,2025-09-12,C0059,plus,centro,105,44.95,2,0,
TEL100-002460,2025-09-12,C0060,total,norte,77,47.12,3,0,
TEL100-002461,2025-09-12,C0061,esencial,centro,30,23.21,1,1,servicio
TEL100-002462,2025-09-12,C0062,plus,centro,52,38.84,2,0,
TEL100-002463,2025-09-12,C0063,total,centro,23,49.78,1,0,
TEL100-002464,2025-09-12,C0064,esencial,centro,102,8.97,1,0,
TEL100-002465,2025-09-12,C0065,plus,centro,26,39.58,0,0,
TEL100-002466,2025-09-12,C0066,total,sur,62,53.84,0,0,
TEL100-002467,2025-09-12,C0067,esencial,sur,84,11.86,0,0,
TEL100-002468,2025-09-12,C0068,plus,norte,46,33.8,0,0,
TEL100-002469,2025-09-12,C0069,total,sur,68,49.42,1,0,
TEL100-002470,2025-09-12,C0070,esencial,centro,22,13.72,0,0,
TEL100-002471,2025-09-12,C0071,plus,centro,88,22.64,1,0,
TEL100-002472,2025-09-12,C0072,total,norte,47,55.21,0,0,
TEL100-002473,2025-09-12,C0073,esencial,sur,41,15.45,0,0,
TEL100-002474,2025-09-12,C0074,plus,centro,62,22.15,0,0,
TEL100-002475,2025-09-12,C0075,total,sur,72,58.4,3,0,
TEL100-002476,2025-09-12,C0076,esencial,centro,65,3.08,0,0,
TEL100-002477,2025-09-12,C0077,plus,sur,47,26.78,4,0,
TEL100-002478,2025-09-12,C0078,total,centro,89,51.41,0,0,
TEL100-002479,2025-09-12,C0079,esencial,sur,97,22.58,0,0,
TEL100-002480,2025-09-12,C0080,plus,sur,92,44.68,1,0,
TEL100-002481,2025-09-12,C0081,total,norte,39,45.15,4,0,
TEL100-002482,2025-09-12,C0082,esencial,centro,46,12.83,2,0,
TEL100-002483,2025-09-12,C0083,plus,centro,50,33.03,0,0,
TEL100-002484,2025-09-12,C0084,total,norte,38,51.76,1,0,
TEL100-002485,2025-09-12,C0085,esencial,centro,57,25.29,0,1,precio
TEL100-002486,2025-09-12,C0086,plus,norte,85,30.98,1,0,
TEL100-002487,2025-09-12,C0087,total,centro,66,68.9,0,0,
TEL100-002488,2025-09-12,C0088,esencial,norte,30,15.17,1,0,
TEL100-002489,2025-09-12,C0089,plus,sur,51,34.19,0,0,
TEL100-002490,2025-09-12,C0090,total,sur,52,58.0,0,0,
TEL100-002491,2025-09-12,C0091,esencial,norte,72,,1,0,
TEL100-002492,2025-09-12,C0092,plus,sur,48,33.0,0,1,servicio
TEL100-002493,2025-09-12,C0093,total,centro,73,60.95,0,0,
TEL100-002494,2025-09-12,C0094,esencial,norte,54,21.24,1,0,
TEL100-002495,2025-09-12,C0095,plus,norte,95,24.32,0,0,
TEL100-002496,2025-09-12,C0096,total,sur,87,43.77,0,0,
TEL100-002497,2025-09-12,C0097,esencial,norte,40,17.98,1,0,
TEL100-002498,2025-09-12,C0098,plus,centro,40,36.25,0,1,mudanza
TEL100-002499,2025-09-12,C0099,total,sur,95,58.79,0,0,
TEL100-002500,2025-09-12,C0100,esencial,norte,24,16.98,1,0,
TEL100-002501,2025-09-12,C0101,plus,sur,39,34.7,0,0,
TEL100-002502,2025-09-12,C0102,total,centro,88,69.65,0,0,
TEL100-002503,2025-09-12,C0103,esencial,sur,60,25.56,0,0,
TEL100-002504,2025-09-12,C0104,plus,centro,30,26.09,2,0,
TEL100-002505,2025-09-12,C0105,total,norte,35,39.98,1,0,
TEL100-002506,2025-09-12,C0106,esencial,centro,73,17.64,3,0,
TEL100-002507,2025-09-12,C0107,plus,centro,25,39.62,0,0,
TEL100-002508,2025-09-12,C0108,total,centro,21,55.42,1,0,
TEL100-002509,2025-09-12,C0109,esencial,sur,85,9.12,1,0,
TEL100-002510,2025-09-12,C0110,plus,centro,103,31.63,0,0,
TEL100-002511,2025-09-12,C0111,total,norte,43,46.63,0,0,
TEL100-002512,2025-09-12,C0112,esencial,norte,42,24.74,3,0,
TEL100-002513,2025-09-12,C0113,plus,sur,51,30.99,0,0,
TEL100-002514,2025-09-12,C0114,total,norte,40,59.88,1,0,
TEL100-002515,2025-09-12,C0115,esencial,centro,42,12.75,0,0,
TEL100-002516,2025-09-12,C0116,plus,centro,32,30.59,0,0,
TEL100-002517,2025-09-12,C0117,total,sur,80,75.61,0,0,
TEL100-002518,2025-09-12,C0118,esencial,norte,34,10.41,3,0,
TEL100-002519,2025-09-12,C0119,plus,sur,66,39.61,4,1,precio
TEL100-002520,2025-09-12,C0120,total,norte,104,57.61,0,0,
TEL100-002521,2025-10-13,C0001,esencial,norte,28,16.36,1,0,
TEL100-002522,2025-10-13,C0002,plus,norte,29,45.25,1,0,
TEL100-002523,2025-10-13,C0003, TOTAL ,sur,52,39.94,0,0,
TEL100-002524,2025-10-13,C0004,esencial,norte,101,22.3,1,0,
TEL100-002525,2025-10-13,C0005,plus,sur,38,34.03,2,0,
TEL100-002526,2025-10-13,C0006,total,norte,23,45.47,0,0,
TEL100-002527,2025-10-13,C0007,esencial,centro,96,7.69,0,0,
TEL100-002528,2025-10-13,C0008,plus,norte,91,50.59,1,1,precio
TEL100-002529,2025-10-13,C0009,total,sur,64,61.86,0,0,
TEL100-002530,2025-10-13,C0010,esencial,sur,108,16.42,0,0,
TEL100-002531,2025-10-13,C0011,plus,norte,110,32.18,0,0,
TEL100-002532,2025-10-13,C0012,total,sur,33,61.47,1,0,
TEL100-002533,2025-10-13,C0013,esencial,norte,26,"28,64",1,0,
TEL100-002534,2025-10-13,C0014,plus,centro,91,30.85,2,0,
TEL100-002535,2025-10-13,C0015,total,centro,111,61.13,1,0,
TEL100-002536,2025-10-13,C0016,esencial,sur,72,11.04,1,0,
TEL100-002537,2025-10-13,C0017,plus,sur,81,46.25,1,0,
TEL100-002538,2025-10-13,C0018,total,sur,35,66.22,0,0,
TEL100-002539,2025-10-13,C0019,esencial,norte,56,4.51,0,0,
TEL100-002540,2025-10-13,C0020,plus,sur,94,41.64,1,0,
TEL100-002541,2025-10-13,C0021,total,sur,34,48.73,3,0,
TEL100-002542,2025-10-13,C0022,esencial,centro,111,22.59,0,0,
TEL100-002543,2025-10-13,C0023,plus,centro,71,38.4,1,0,
TEL100-002544,2025-10-13,C0024,total,sur,110,43.3,1,0,
TEL100-002545,2025-10-13,C0025,esencial,centro,50,22.96,2,0,
TEL100-002546,2025-10-13,C0026,plus,sur,77,44.46,0,0,
TEL100-002547,2025-10-13,C0027,total,centro,34,51.03,0,0,
TEL100-002548,2025-10-13,C0028,esencial,norte,71,16.1,0,0,
TEL100-002549,2025-10-13,C0029,plus,centro,58,44.23,3,0,
TEL100-002550,2025-10-13,C0030,total,norte,63,50.81,2,0,
TEL100-002551,2025-10-13,C0031,esencial,centro,31,4.92,0,0,
TEL100-002552,2025-10-13,C0032,plus,norte,53,25.58,0,0,
TEL100-002553,2025-10-13,C0033,total,sur,110,71.47,0,0,
TEL100-002554,2025-10-13,C0034,esencial,norte,90,15.52,4,0,
TEL100-002555,2025-10-13,C0035,plus,sur,102,32.25,0,0,
TEL100-002556,2025-10-13,C0036,total,norte,72,60.61,1,0,
TEL100-002557,2025-10-13,C0037,esencial,norte,54,31.48,0,0,
TEL100-002558,2025-10-13,C0038,plus,centro,58,24.74,1,0,
TEL100-002559,2025-10-13,C0039,total,norte,102,56.8,2,0,
TEL100-002560,2025-10-13,C0040,esencial,norte,95,30.91,0,0,
TEL100-002561,2025-10-13,C0041,plus,norte,94,34.03,1,0,
TEL100-002562,2025-10-13,C0042,total,norte,43,57.34,2,1,servicio
TEL100-002563,2025-10-13,C0043,esencial,centro,28,21.98,0,0,
TEL100-002564,2025-10-13,C0044,plus,centro,111,44.9,1,0,
TEL100-002565,2025-10-13,C0045,total,norte,73,61.98,2,0,
TEL100-002566,2025-10-13,C0046,esencial,norte,34,22.6,3,0,
TEL100-002567,2025-10-13,C0047,plus,centro,83,34.69,0,0,
TEL100-002568,2025-10-13,C0048,total,sur,83,60.3,3,0,
TEL100-002569,2025-10-13,C0049,esencial,centro,107,14.89,1,0,
TEL100-002570,2025-10-13,C0050,plus,norte,55,43.01,1,0,
TEL100-002571,2025-10-13,C0051,total,centro,90,49.74,0,0,
TEL100-002572,2025-10-13,C0052,esencial,norte,106,26.85,0,0,
TEL100-002573,2025-10-13,C0053,plus,centro,68,32.33,0,0,
TEL100-002574,2025-10-13,C0054,total,sur,69,,1,0,
TEL100-002575,2025-10-13,C0055,esencial,norte,53,29.07,0,0,
TEL100-002576,2025-10-13,C0056,plus,centro,85,33.87,0,0,
TEL100-002577,2025-10-13,C0057,total,sur,55,44.33,0,0,
TEL100-002578,2025-10-13,C0058,esencial,centro,75,25.83,0,0,
TEL100-002579,2025-10-13,C0059,plus,centro,106,34.63,0,0,
TEL100-002580,2025-10-13,C0060,total,norte,78,51.56,0,0,
TEL100-002581,2025-10-13,C0061,esencial,centro,31,19.65,0,0,
TEL100-002582,2025-10-13,C0062,plus,centro,53,36.45,1,0,
TEL100-002583,2025-10-13,C0063,total,centro,24,53.99,1,0,
TEL100-002584,2025-10-13,C0064,esencial,centro,103,12.1,3,0,
TEL100-002585,2025-10-13,C0065,plus,centro,27,43.41,0,0,
TEL100-002586,2025-10-13,C0066,total,sur,63,52.17,1,0,
TEL100-002587,2025-10-13,C0067,esencial,sur,85,-999,1,0,
TEL100-002588,2025-10-13,C0068,plus,norte,47,33.23,1,0,
TEL100-002589,2025-10-13,C0069,total,sur,69,45.49,4,0,
TEL100-002590,2025-10-13,C0070,esencial,centro,23,19.27,0,0,
TEL100-002591,2025-10-13,C0071,plus,centro,89,36.3,0,0,
TEL100-002592,2025-10-13,C0072,total,norte,48,50.02,0,0,
TEL100-002593,2025-10-13,C0073,esencial,sur,42,23.38,1,1,precio
TEL100-002594,2025-10-13,C0074,plus,centro,63,31.08,4,0,
TEL100-002595,2025-10-13,C0075,total,sur,73,54.23,0,0,
TEL100-002596,2025-10-13,C0076,esencial,centro,66,0,0,0,
TEL100-002597,2025-10-13,C0077,plus,sur,48,41.46,0,0,
TEL100-002598,2025-10-13,C0078,total,centro,90,57.64,0,0,
TEL100-002599,2025-10-13,C0079,esencial,sur,98,19.72,0,0,
TEL100-002600,2025-10-13,C0080,plus,sur,93,27.73,0,0,
TEL100-002601,2025-10-13,C0081,total,norte,40,58.19,0,0,
TEL100-002602,2025-10-13,C0082,esencial,centro,47,28.98,1,0,
TEL100-002603,2025-10-13,C0083,plus,centro,51,38.99,2,0,
TEL100-002604,2025-10-13,C0084,total,norte,39,53.32,0,0,
TEL100-002605,2025-10-13,C0085,esencial,centro,58,31.48,0,0,
TEL100-002606,2025-10-13,C0086,plus,norte,86,23.86,0,0,
TEL100-002607,2025-10-13,C0087,total,centro,67,54.61,1,0,
TEL100-002608,2025-10-13,C0088,esencial,norte,31,21.4,0,0,
TEL100-002609,2025-10-13,C0089,plus,sur,52,46.84,0,0,
TEL100-002610,2025-10-13,C0090,total,sur,53,56.14,2,0,
TEL100-002611,2025-10-13,C0091,esencial,norte,73,14.94,0,0,
TEL100-002612,2025-10-13,C0092,plus,sur,49,41.68,0,0,
TEL100-002613,2025-10-13,C0093,total,centro,74,49.96,1,0,
TEL100-002614,2025-10-13,C0094,esencial,norte,55,28.17,3,0,
TEL100-002615,2025-10-13,C0095,plus,norte,96,48.06,3,0,
TEL100-002616,2025-10-13,C0096,total,sur,88,46.05,0,0,
TEL100-002617,2025-10-13,C0097,esencial,norte,41,10.52,2,0,
TEL100-002618,2025-10-13,C0098,plus,centro,41,48.76,0,0,
TEL100-002619,2025-10-13,C0099,total,sur,96,66.25,0,0,
TEL100-002620,2025-10-13,C0100, ESENCIAL ,norte,25,32.43,1,0,
TEL100-002621,2025-10-13,C0101,plus,sur,40,32.47,3,0,
TEL100-002622,2025-10-13,C0102,total,centro,89,64.59,4,0,
TEL100-002623,2025-10-13,C0103,esencial,sur,61,12.34,2,0,
TEL100-002624,2025-10-13,C0104,plus,centro,31,37.53,0,0,
TEL100-002625,2025-10-13,C0105,total,norte,36,54.13,0,0,
TEL100-002626,2025-10-13,C0106,esencial,centro,74,17.35,0,0,
TEL100-002627,2025-10-13,C0107,plus,centro,26,32.28,3,1,precio
TEL100-002628,2025-10-13,C0108,total,centro,22,55.92,0,0,
TEL100-002629,2025-10-13,C0109,esencial,sur,86,20.46,0,0,
TEL100-002630,2025-10-13,C0110,plus,centro,104,24.43,1,1,servicio
TEL100-002631,2025-10-13,C0111,total,norte,44,60.4,0,0,
TEL100-002632,2025-10-13,C0112,esencial,norte,43,25.54,0,0,
TEL100-002633,2025-10-13,C0113,plus,sur,52,37.06,1,0,
TEL100-002634,2025-10-13,C0114,total,norte,41,62.67,1,0,
TEL100-002635,2025-10-13,C0115,esencial,centro,43,20.02,0,0,
TEL100-002636,2025-10-13,C0116,plus,centro,33,40.88,1,0,
TEL100-002637,2025-10-13,C0117,total,sur,81,49.07,0,0,
TEL100-002638,2025-10-13,C0118,esencial,norte,35,28.64,0,0,
TEL100-002639,2025-10-13,C0119,plus,sur,67,24.28,0,0,
TEL100-002640,2025-10-13,C0120,total,norte,105,49.53,0,0,
TEL100-002641,2025-11-13,C0001,esencial,norte,29,12.67,1,0,
TEL100-002642,2025-11-13,C0002,plus,norte,30,41.82,1,0,
TEL100-002643,2025-11-13,C0003,total,sur,53,54.73,2,0,
TEL100-002644,2025-11-13,C0004,esencial,norte,102,19.75,1,0,
TEL100-002645,2025-11-13,C0005,plus,sur,39,41.06,0,0,
TEL100-002646,2025-11-13,C0006,total,norte,24,53.46,1,0,
TEL100-002647,2025-11-13,C0007,esencial,centro,97,37.81,0,0,
TEL100-002648,2025-11-13,C0008,plus,norte,92,36.65,0,0,
TEL100-002649,2025-11-13,C0009,total,sur,65,62.07,0,0,
TEL100-002650,2025-11-13,C0010,esencial,sur,109,33.0,0,0,
TEL100-002651,2025-11-13,C0011,plus,norte,111,28.89,1,1,servicio
TEL100-002652,2025-11-13,C0012,total,sur,34,54.48,0,0,
TEL100-002653,2025-11-13,C0013,esencial,norte,27,11.67,1,0,
TEL100-002654,2025-11-13,C0014,plus,centro,92,40.6,0,0,
TEL100-002655,2025-11-13,C0015,total,centro,112,42.97,0,0,
TEL100-002656,2025-11-13,C0016,esencial,sur,73,13.86,1,0,
TEL100-002657,2025-11-13,C0017,plus,sur,82,,0,0,
TEL100-002658,2025-11-13,C0018,total,sur,36,57.93,3,0,
TEL100-002659,2025-11-13,C0019,esencial,norte,57,15.2,0,0,
TEL100-002660,2025-11-13,C0020,plus,sur,95,29.91,2,1,mudanza
TEL100-002661,2025-11-13,C0021,total,sur,35,58.73,0,0,
TEL100-002662,2025-11-13,C0022,esencial,centro,112,9.89,0,0,
TEL100-002663,2025-11-13,C0023,plus,centro,72,39.58,2,1,servicio
TEL100-002664,2025-11-13,C0024,total,sur,111,57.19,0,0,
TEL100-002665,2025-11-13,C0025,esencial,centro,51,15.29,1,0,
TEL100-002666,2025-11-13,C0026,plus,sur,78,40.71,0,0,
TEL100-002667,2025-11-13,C0027,total,centro,35,53.28,1,0,
TEL100-002668,2025-11-13,C0028,esencial,norte,72,23.33,0,0,
TEL100-002669,2025-11-13,C0029,plus,centro,59,31.18,0,0,
TEL100-002670,2025-11-13,C0030,total,norte,64,60.05,2,0,
TEL100-002671,2025-11-13,C0031,esencial,centro,32,19.85,0,0,
TEL100-002672,2025-11-13,C0032,plus,norte,54,30.28,2,1,precio
TEL100-002673,2025-11-13,C0033,total,sur,111,58.47,1,0,
TEL100-002674,2025-11-13,C0034,esencial,norte,91,14.88,2,0,
TEL100-002675,2025-11-13,C0035,plus,sur,103,38.82,0,0,
TEL100-002676,2025-11-13,C0036,total,norte,73,50.03,1,0,
TEL100-002677,2025-11-13,C0037,esencial,norte,55,16.27,1,0,
TEL100-002678,2025-11-13,C0038,plus,centro,59,26.64,0,0,
TEL100-002679,2025-11-13,C0039,total,norte,103,47.82,0,0,
TEL100-002680,2025-11-13,C0040,esencial,norte,96,30.51,0,0,
TEL100-002681,2025-11-13,C0041,plus,norte,95,30.95,1,0,
TEL100-002682,2025-11-13,C0042,total,norte,44,51.45,1,0,
TEL100-002683,2025-11-13,C0043,esencial,centro,29,0.63,2,1,servicio
TEL100-002684,2025-11-13,C0044,plus,centro,112,39.89,2,0,
TEL100-002685,2025-11-13,C0045,total,norte,74,47.9,3,0,
TEL100-002686,2025-11-13,C0046,esencial,norte,35,19.7,1,0,
TEL100-002687,2025-11-13,C0047,plus,centro,84,36.21,1,0,
TEL100-002688,2025-11-13,C0048,total,sur,84,58.45,0,0,
TEL100-002689,2025-11-13,C0049,esencial,centro,108,8.82,3,1,servicio
TEL100-002690,2025-11-13,C0050,plus,norte,56,22.95,0,1,servicio
TEL100-002691,2025-11-13,C0051,total,centro,91,55.22,2,0,
TEL100-002692,2025-11-13,C0052,esencial,norte,107,8.97,1,0,
TEL100-002693,2025-11-13,C0053,plus,centro,69,34.48,0,0,
TEL100-002694,2025-11-13,C0054,total,sur,70,44.96,0,0,
TEL100-002695,2025-11-13,C0055,esencial,norte,54,25.68,0,0,
TEL100-002696,2025-11-13,C0056,plus,centro,86,46.3,0,0,
TEL100-002697,2025-11-13,C0057,total,sur,56,55.39,1,1,mudanza
TEL100-002698,2025-11-13,C0058,esencial,centro,76,12.33,0,0,
TEL100-002699,2025-11-13,C0059,plus,centro,107,38.1,1,0,
TEL100-002700,2025-11-13,C0060,total,norte,79,61.51,0,0,
TEL100-002701,2025-11-13,C0061,esencial,centro,32,22.0,0,0,
TEL100-002702,2025-11-13,C0062,plus,centro,54,22.64,3,0,
TEL100-002703,2025-11-13,C0063,total,centro,25,63.84,0,0,
TEL100-002704,2025-11-13,C0064,esencial,centro,104,21.84,1,0,
TEL100-002705,2025-11-13,C0065,plus,centro,28,32.72,2,1,precio
TEL100-002706,2025-11-13,C0066,total,sur,64,49.39,3,1,precio
TEL100-002707,2025-11-13,C0067,esencial,sur,86,14.21,0,0,
TEL100-002708,2025-11-13,C0068,plus,norte,48,49.62,2,0,
TEL100-002709,2025-11-13,C0069,total,sur,70,43.22,1,0,
TEL100-002710,2025-11-13,C0070,esencial,centro,24,21.2,0,0,
TEL100-002711,2025-11-13,C0071,plus,centro,90,25.64,1,0,
TEL100-002712,2025-11-13,C0072,total,norte,49,45.08,0,0,
TEL100-002713,2025-11-13,C0073,esencial,sur,43,15.58,1,0,
TEL100-002714,2025-11-13,C0074,plus,centro,64,26.34,3,0,
TEL100-002715,2025-11-13,C0075,total,sur,74,54.9,1,0,
TEL100-002716,2025-11-13,C0076,esencial,centro,67,24.22,0,0,
TEL100-002717,2025-11-13,C0077, PLUS ,sur,49,42.26,1,0,
TEL100-002718,2025-11-13,C0078,total,centro,91,51.64,2,0,
TEL100-002719,2025-11-13,C0079,esencial,sur,99,6.34,0,0,
TEL100-002720,2025-11-13,C0080,plus,sur,94,37.83,0,0,
TEL100-002721,2025-11-13,C0081,total,norte,41,47.1,0,0,
TEL100-002722,2025-11-13,C0082,esencial,centro,48,5.62,4,0,
TEL100-002723,2025-11-13,C0083,plus,centro,52,42.87,4,0,
TEL100-002724,2025-11-13,C0084,total,norte,40,52.59,0,0,
TEL100-002725,2025-11-13,C0085,esencial,centro,59,18.87,2,0,
TEL100-002726,2025-11-13,C0086,plus,norte,87,21.51,2,0,
TEL100-002727,2025-11-13,C0087,total,centro,68,45.33,3,0,
TEL100-002728,2025-11-13,C0088,esencial,norte,32,8.92,2,0,
TEL100-002729,2025-11-13,C0089,plus,sur,53,39.95,0,0,
TEL100-002730,2025-11-13,C0090,total,sur,54,42.2,3,1,servicio
TEL100-002731,2025-11-13,C0091,esencial,norte,74,11.18,0,0,
TEL100-002732,2025-11-13,C0092,plus,sur,50,42.86,0,0,
TEL100-002733,2025-11-13,C0093,total,centro,75,51.64,0,0,
TEL100-002734,2025-11-13,C0094,esencial,norte,56,10.03,1,0,
TEL100-002735,2025-11-13,C0095,plus,norte,97,42.52,0,0,
TEL100-002736,2025-11-13,C0096,total,sur,89,48.07,0,0,
TEL100-002737,2025-11-13,C0097,esencial,norte,42,22.44,0,0,
TEL100-002738,2025-11-13,C0098,plus,centro,42,25.38,0,0,
TEL100-002739,2025-11-13,C0099,total,sur,97,52.92,0,0,
TEL100-002740,2025-11-13,C0100,esencial,norte,26,,2,0,
TEL100-002741,2025-11-13,C0101,plus,sur,41,30.71,1,0,
TEL100-002742,2025-11-13,C0102,total,centro,90,47.09,1,1,precio
TEL100-002743,2025-11-13,C0103,esencial,sur,62,26.28,0,0,
TEL100-002744,2025-11-13,C0104,plus,centro,32,"35,15",0,0,
TEL100-002745,2025-11-13,C0105,total,norte,37,25.32,0,0,
TEL100-002746,2025-11-13,C0106,esencial,centro,75,22.52,1,0,
TEL100-002747,2025-11-13,C0107,plus,centro,27,29.65,0,0,
TEL100-002748,2025-11-13,C0108,total,centro,23,54.2,0,0,
TEL100-002749,2025-11-13,C0109,esencial,sur,87,17.77,0,0,
TEL100-002750,2025-11-13,C0110,plus,centro,105,34.25,3,0,
TEL100-002751,2025-11-13,C0111,total,norte,45,52.17,0,0,
TEL100-002752,2025-11-13,C0112,esencial,norte,44,36.0,0,0,
TEL100-002753,2025-11-13,C0113,plus,sur,53,47.07,2,1,precio
TEL100-002754,2025-11-13,C0114,total,norte,42,47.05,0,0,
TEL100-002755,2025-11-13,C0115,esencial,centro,44,18.93,0,0,
TEL100-002756,2025-11-13,C0116,plus,centro,34,33.88,1,0,
TEL100-002757,2025-11-13,C0117,total,sur,82,70.66,2,0,
TEL100-002758,2025-11-13,C0118,esencial,norte,36,9.51,0,0,
TEL100-002759,2025-11-13,C0119,plus,sur,68,29.45,3,0,
TEL100-002760,2025-11-13,C0120,total,norte,106,47.23,0,0,
TEL100-002761,2025-12-14,C0001,esencial,norte,30,36.79,0,1,mudanza
TEL100-002762,2025-12-14,C0002,plus,norte,31,30.47,0,0,
TEL100-002763,2025-12-14,C0003,total,sur,54,48.5,0,1,mudanza
TEL100-002764,2025-12-14,C0004,esencial,norte,103,8.11,0,0,
TEL100-002765,2025-12-14,C0005,plus,sur,40,32.61,0,0,
TEL100-002766,2025-12-14,C0006,total,norte,25,43.78,1,0,
TEL100-002767,2025-12-14,C0007,esencial,centro,98,17.88,0,0,
TEL100-002768,2025-12-14,C0008,plus,norte,93,31.37,0,0,
TEL100-002769,2025-12-14,C0009,total,sur,66,57.73,0,0,
TEL100-002770,2025-12-14,C0010,esencial,sur,110,25.68,0,0,
TEL100-002771,2025-12-14,C0011,plus,norte,112,32.97,0,1,servicio
TEL100-002772,2025-12-14,C0012,total,sur,35,61.31,2,0,
TEL100-002773,2025-12-14,C0013,esencial,norte,28,5.36,2,0,
TEL100-002774,2025-12-14,C0014,plus,centro,93,31.08,0,0,
TEL100-002775,2025-12-14,C0015,total,centro,113,51.17,1,0,
TEL100-002776,2025-12-14,C0016,esencial,sur,74,17.9,1,0,
TEL100-002777,2025-12-14,C0017,plus,sur,83,35.66,1,0,
TEL100-002778,2025-12-14,C0018,total,sur,37,51.81,0,0,
TEL100-002779,2025-12-14,C0019,esencial,norte,58,17.68,0,0,
TEL100-002780,2025-12-14,C0020,plus,sur,96,47.13,1,0,
TEL100-002781,2025-12-14,C0021,total,sur,36,63.51,0,0,
TEL100-002782,2025-12-14,C0022,esencial,centro,113,18.09,0,0,
TEL100-002783,2025-12-14,C0023,plus,centro,73,41.9,0,0,
TEL100-002784,2025-12-14,C0024,total,sur,112,58.98,0,0,
TEL100-002785,2025-12-14,C0025,esencial,centro,52,0,0,0,
TEL100-002786,2025-12-14,C0026,plus,sur,79,42.25,1,0,
TEL100-002787,2025-12-14,C0027,total,centro,36,55.65,0,0,
TEL100-002788,2025-12-14,C0028,esencial,norte,73,18.86,0,0,
TEL100-002789,2025-12-14,C0029,plus,centro,60,34.15,0,0,
TEL100-002790,2025-12-14,C0030,total,norte,65,53.16,0,0,
TEL100-002791,2025-12-14,C0031,esencial,centro,33,0,0,0,
TEL100-002792,2025-12-14,C0032,plus,norte,55,43.18,3,0,
TEL100-002793,2025-12-14,C0033,total,sur,112,40.84,1,0,
TEL100-002794,2025-12-14,C0034,esencial,norte,92,12.22,3,0,
TEL100-002795,2025-12-14,C0035,plus,sur,104,44.42,0,0,
TEL100-002796,2025-12-14,C0036,total,norte,74,48.33,0,0,
TEL100-002797,2025-12-14,C0037,esencial,norte,56,13.64,1,1,mudanza
TEL100-002798,2025-12-14,C0038,plus,centro,60,55.51,0,0,
TEL100-002799,2025-12-14,C0039,total,norte,104,53.82,4,1,mudanza
TEL100-002800,2025-12-14,C0040,esencial,norte,97,24.83,2,0,
TEL100-002801,2025-12-14,C0041,plus,norte,96,29.2,1,0,
TEL100-002802,2025-12-14,C0042,total,norte,45,58.19,3,1,servicio
TEL100-002803,2025-12-14,C0043,esencial,centro,30,35.94,1,0,
TEL100-002804,2025-12-14,C0044,plus,centro,113,32.79,2,0,
TEL100-002805,2025-12-14,C0045,total,norte,75,48.94,1,0,
TEL100-002806,2025-12-14,C0046,esencial,norte,36,23.12,0,0,
TEL100-002807,2025-12-14,C0047,plus,centro,85,22.42,0,0,
TEL100-002808,2025-12-14,C0048,total,sur,85,47.07,1,0,
TEL100-002809,2025-12-14,C0049,esencial,centro,109,15.53,1,1,mudanza
TEL100-002810,2025-12-14,C0050,plus,norte,57,49.3,0,0,
TEL100-002811,2025-12-14,C0051,total,centro,92,57.68,0,0,
TEL100-002812,2025-12-14,C0052,esencial,norte,108,20.04,1,0,
TEL100-002813,2025-12-14,C0053,plus,centro,70,33.29,1,0,
TEL100-002814,2025-12-14,C0054, TOTAL ,sur,71,27.14,0,0,
TEL100-002815,2025-12-14,C0055,esencial,norte,55,18.09,0,0,
TEL100-002816,2025-12-14,C0056,plus,centro,87,21.56,0,0,
TEL100-002817,2025-12-14,C0057,total,sur,57,63.88,0,0,
TEL100-002818,2025-12-14,C0058,esencial,centro,77,19.49,0,0,
TEL100-002819,2025-12-14,C0059,plus,centro,108,40.74,0,0,
TEL100-002820,2025-12-14,C0060,total,norte,80,56.64,0,0,
TEL100-002821,2025-12-14,C0061,esencial,centro,33,4.96,0,0,
TEL100-002822,2025-12-14,C0062,plus,centro,55,29.3,0,0,
TEL100-002823,2025-12-14,C0063,total,centro,26,,0,0,
TEL100-002824,2025-12-14,C0064,esencial,centro,105,5.62,2,0,
TEL100-002825,2025-12-14,C0065,plus,centro,29,38.87,0,0,
TEL100-002826,2025-12-14,C0066,total,sur,65,33.07,2,1,precio
TEL100-002827,2025-12-14,C0067,esencial,sur,87,25.31,0,0,
TEL100-002828,2025-12-14,C0068,plus,norte,49,44.09,2,0,
TEL100-002829,2025-12-14,C0069,total,sur,71,51.58,0,0,
TEL100-002830,2025-12-14,C0070,esencial,centro,25,29.92,0,0,
TEL100-002831,2025-12-14,C0071,plus,centro,91,48.59,2,0,
TEL100-002832,2025-12-14,C0072,total,norte,50,59.44,0,0,
TEL100-002833,2025-12-14,C0073,esencial,sur,44,10.41,2,0,
TEL100-002834,2025-12-14,C0074,plus,centro,65,32.21,3,0,
TEL100-002835,2025-12-14,C0075,total,sur,75,55.51,0,0,
TEL100-002836,2025-12-14,C0076,esencial,centro,68,8.34,3,0,
TEL100-002837,2025-12-14,C0077,plus,sur,50,32.28,0,0,
TEL100-002838,2025-12-14,C0078,total,centro,92,42.3,1,1,precio
TEL100-002839,2025-12-14,C0079,esencial,sur,100,34.78,0,0,
TEL100-002840,2025-12-14,C0080,plus,sur,95,41.86,0,0,
TEL100-002841,2025-12-14,C0081,total,norte,42,49.6,0,0,
TEL100-002842,2025-12-14,C0082,esencial,centro,49,6.51,0,0,
TEL100-002843,2025-12-14,C0083,plus,centro,53,24.18,3,0,
TEL100-002844,2025-12-14,C0084,total,norte,41,51.78,0,0,
TEL100-002845,2025-12-14,C0085,esencial,centro,60,12.86,1,0,
TEL100-002846,2025-12-14,C0086,plus,norte,88,18.82,0,0,
TEL100-002847,2025-12-14,C0087,total,centro,69,53.7,2,0,
TEL100-002848,2025-12-14,C0088,esencial,norte,33,15.24,0,0,
TEL100-002849,2025-12-14,C0089,plus,sur,54,27.5,3,1,mudanza
TEL100-002850,2025-12-14,C0090,total,sur,55,50.84,0,1,servicio
TEL100-002851,2025-12-14,C0091,esencial,norte,75,8.99,1,0,
TEL100-002852,2025-12-14,C0092,plus,sur,51,22.96,0,0,
TEL100-002853,2025-12-14,C0093,total,centro,76,59.67,0,0,
TEL100-002854,2025-12-14,C0094,esencial,norte,57,25.34,3,1,mudanza
TEL100-002855,2025-12-14,C0095,plus,norte,98,31.21,3,0,
TEL100-002856,2025-12-14,C0096,total,sur,90,45.18,2,0,
TEL100-002857,2025-12-14,C0097,esencial,norte,43,11.92,1,0,
TEL100-002858,2025-12-14,C0098,plus,centro,43,12.92,0,0,
TEL100-002859,2025-12-14,C0099,total,sur,98,57.35,0,0,
TEL100-002860,2025-12-14,C0100,esencial,norte,27,21.26,2,1,precio
TEL100-002861,2025-12-14,C0101,plus,sur,42,30.3,2,0,
TEL100-002862,2025-12-14,C0102,total,centro,91,45.97,3,0,
TEL100-002863,2025-12-14,C0103,esencial,sur,63,20.05,0,0,
TEL100-002864,2025-12-14,C0104,plus,centro,33,40.4,0,0,
TEL100-002865,2025-12-14,C0105,total,norte,38,51.27,1,0,
TEL100-002866,2025-12-14,C0106,esencial,centro,76,15.48,0,0,
TEL100-002867,2025-12-14,C0107,plus,centro,28,31.57,1,0,
TEL100-002868,2025-12-14,C0108,total,centro,24,70.11,2,0,
TEL100-002869,2025-12-14,C0109,esencial,sur,88,15.55,0,0,
TEL100-002870,2025-12-14,C0110,plus,centro,106,41.59,1,0,
TEL100-002871,2025-12-14,C0111,total,norte,46,51.89,0,0,
TEL100-002872,2025-12-14,C0112,esencial,norte,45,21.45,0,0,
TEL100-002873,2025-12-14,C0113,plus,sur,54,33.7,0,0,
TEL100-002874,2025-12-14,C0114,total,norte,43,46.57,0,0,
TEL100-002875,2025-12-14,C0115,esencial,centro,45,36.1,2,0,
TEL100-002876,2025-12-14,C0116,plus,centro,35,29.23,1,0,
TEL100-002877,2025-12-14,C0117,total,sur,83,46.95,0,1,mudanza
TEL100-002878,2025-12-14,C0118,esencial,norte,37,20.69,0,0,
TEL100-002879,2025-12-14,C0119,plus,sur,69,25.91,1,0,
TEL100-002880,2025-12-14,C0120,total,norte,107,41.45,0,0,
