registro_id,fecha,distrito,kg,reciclable_kg,habitantes,km,cobertura_pct
RES072-000001,2024-01-01,norte,523.6,96.2,2400,13.0,100
RES072-000002,2024-01-01,centro,1201.2,234.8,6000,11.9,100
RES072-000003,2024-01-01,sur,745.7,199.8,3600,29.8,100
RES072-000004,2024-01-02,norte,472.3,88.8,2400,28.5,100
RES072-000005,2024-01-02,centro,1072.4,239.8,6000,18.9,100
RES072-000006,2024-01-02,sur,616.9,166.1,3600,22.8,100
RES072-000007,2024-01-03,norte,573.6,107.7,2400,19.1,100
RES072-000008,2024-01-03,centro,1078.9,253.6,6000,21.6,100
RES072-000009,2024-01-03,sur,681.8,120.6,3600,15.5,100
RES072-000010,2024-01-04,norte,269.8,53.8,2400,11.1,60
RES072-000011,2024-01-04,centro,1164.6,252.3,6000,19.8,100
RES072-000012,2024-01-04,sur,495.9,124.3,3600,18.4,80
RES072-000013,2024-01-05,norte,459.7,90.4,2400,15.7,100
RES072-000014,2024-01-05,centro,642.3,133.9,6000,28.7,60
RES072-000015,2024-01-05,sur,600.2,143.0,3600,26.7,100
RES072-000016,2024-01-06,norte,237.2,44.2,2400,27.1,60
RES072-000017,2024-01-06,centro,835.5,183.5,6000,14.5,80
RES072-000019,2024-01-07,norte,432.6,83.7,2400,12.8,100
RES072-000020,2024-01-07,centro,871.3,159.4,6000,24.8,80
RES072-000021,2024-01-07,sur,556.2,122.2,3600,13.6,80
RES072-000022,2024-01-08,norte,252.5,43.0,2400,25.3,60
RES072-000023,2024-01-08,centro,1052.3,221.6,6000,12.8,80
RES072-000024,2024-01-08,sur,718.0,151.8,3600,19.4,100
RES072-000025,2024-01-09,norte,437.7,82.9,2400,20.7,80
RES072-000026,2024-01-09,centro,1085.9,277.7,6000,14.6,100
RES072-000027,2024-01-09,sur,590.4,142.6,3600,11.8,100
RES072-000028,2024-01-10,norte,419.2,71.9,2400,17.5,100
RES072-000029,2024-01-10,centro,1091.6,263.0,6000,15.3,100
RES072-000030,2024-01-10,sur,585.6,138.8,3600,12.7,100
RES072-000031,2024-01-11,norte,397.2,80.8,2400,8.2,100
RES072-000032,2024-01-11,centro,1161.1,208.5,6000,16.1,100
RES072-000033,2024-01-11,sur,608.5,139.7,3600,16.2,100
RES072-000034,2024-01-12,norte,359.2,68.5,2400,14.5,100
RES072-000035,2024-01-12,centro,1115.8,261.7,6000,8.2,100
RES072-000036,2024-01-12,sur,711.4,174.0,3600,28.0,100
RES072-000037,2024-01-13,norte,472.6,72.2,2400,12.5,100
RES072-000038,2024-01-13,centro,1165.3,266.6,6000,23.4,100
RES072-000039,2024-01-13,sur,667.1,158.3,3600,24.4,100
RES072-000040,2024-01-14,norte,443.2,69.9,2400,21.5,100
RES072-000041,2024-01-14,centro,863.8,179.2,6000,20.3,80
RES072-000042,2024-01-14,sur,623.2,160.7,3600,26.4,100
RES072-000043,2024-01-15,norte,320.3,63.6,2400,11.9,60
RES072-000044,2024-01-15,centro,906.8,152.0,6000,23.1,80
RES072-000045,2024-01-15,sur,613.6,120.7,3600,11.8,60
RES072-000046,2024-01-16,norte,437.3,68.1,2400,14.0,100
RES072-000047,2024-01-16,centro,1052.5,213.7,6000,19.0,100
RES072-000048,2024-01-16,sur,712.0,164.9,3600,23.1,100
RES072-000049,2024-01-17,norte,424.4,87.5,2400,21.9,100
RES072-000050,2024-01-17,centro,653.3,139.3,6000,21.1,60
RES072-000051,2024-01-17,sur,670.6,151.8,3600,17.1,100
RES072-000052,2024-01-18,norte,388.0,69.8,2400,18.4,100
RES072-000053,2024-01-18,centro,642.9,154.7,6000,27.5,60
RES072-000054,2024-01-18,sur,726.2,159.1,3600,26.4,100
RES072-000055,2024-01-19,norte,398.1,92.3,2400,26.7,80
RES072-000056,2024-01-19,centro,1082.7,241.2,6000,18.4,100
RES072-000057,2024-01-19,sur,498.1,112.5,3600,25.7,60
RES072-000058,2024-01-20,norte,346.4,75.0,2400,9.8,100
RES072-000059,2024-01-20,centro,561.9,92.1,6000,28.5,60
RES072-000060,2024-01-20,sur,528.4,136.8,3600,22.2,80
RES072-000061,2024-01-21,norte,498.8,82.7,2400,12.6,100
RES072-000062,2024-01-21,centro,1103.6,196.8,6000,11.6,100
RES072-000063,2024-01-21,sur,617.8,122.9,3600,27.6,100
RES072-000064,2024-01-22,norte,500.4,89.9,2400,11.6,100
RES072-000065,2024-01-22,centro,1226.9,265.2,6000,13.0,100
RES072-000066,2024-01-22,sur,542.3,140.1,3600,14.5,80
RES072-000067,2024-01-23,norte,408.3,76.8,2400,25.9,100
RES072-000068,2024-01-23,centro,1109.0,308.1,6000,21.1,100
RES072-000069,2024-01-23,sur,624.3,140.1,3600,10.4,100
RES072-000070,2024-01-24,norte,416.4,90.2,2400,8.7,100
RES072-000072,2024-01-24,sur,719.9,149.9,3600,20.1,100
RES072-000073,2024-01-25,norte,309.8,44.2,2400,26.5,80
RES072-000074,2024-01-25,centro,1100.0,220.9,6000,9.2,100
RES072-000075,2024-01-25,sur,637.8,158.8,3600,8.3,100
RES072-000076,2024-01-26,norte,278.1,48.6,2400,25.6,60
RES072-000077,2024-01-26,centro,1030.2,190.6,6000,25.1,100
RES072-000078,2024-01-26,sur,375.4,86.3,3600,19.2,60
RES072-000079,2024-01-27,norte,324.1,56.7,2400,9.0,80
RES072-000080,2024-01-27,centro,1093.5,244.9,6000,17.3,100
RES072-000081,2024-01-27,sur,588.8,134.1,3600,24.9,100
RES072-000082,2024-01-28,norte,208.1,44.2,2400,23.0,60
RES072-000083,2024-01-28,centro,1101.0,257.9,6000,28.6,100
RES072-000084,2024-01-28,sur,,62.3,3600,13.3,60
RES072-000085,2024-01-29,norte,498.1,87.0,2400,23.8,100
RES072-000086,2024-01-29,centro,1296.5,316.8,6000,10.1,100
RES072-000087,2024-01-29,sur,401.2,100.3,3600,21.3,60
RES072-000088,2024-01-30,norte,460.7,95.8,2400,11.8,100
RES072-000089,2024-01-30,centro,817.6,200.2,6000,11.3,80
RES072-000090,2024-01-30,sur,622.8,131.9,3600,17.0,100
RES072-000091,2024-01-31,norte,443.7,87.1,2400,19.6,100
RES072-000092,2024-01-31,centro,1132.3,198.3,6000,21.2,100
RES072-000093,2024-01-31,sur,724.3,207.6,3600,23.3,100
RES072-000094,2024-02-01,norte,271.0,57.7,2400,10.7,80
RES072-000095,2024-02-01,centro,1083.2,229.3,6000,14.3,100
RES072-000096,2024-02-01,sur,683.2,125.2,3600,23.7,100
RES072-000097,2024-02-02,norte,380.3,63.9,2400,16.8,100
RES072-000098,2024-02-02,centro,1029.3,249.7,6000,26.1,100
RES072-000099,2024-02-02,sur,655.2,166.9,3600,16.7,100
RES072-000100,2024-02-03,norte,264.5,52.5,2400,21.1,60
RES072-000101,2024-02-03,centro,1047.5,181.8,6000,26.0,100
RES072-000102,2024-02-03,sur,357.8,79.9,3600,17.2,60
RES072-000103,2024-02-04,norte,274.2,59.2,2400,27.5,60
RES072-000104,2024-02-04,centro,1066.1,230.8,6000,8.5,100
RES072-000105,2024-02-04,sur,522.1,101.4,3600,14.8,80
RES072-000106,2024-02-05,norte,487.8,87.0,2400,24.2,100
RES072-000107,2024-02-05,centro,1029.4,234.1,6000,28.3,80
RES072-000108,2024-02-05,sur,789.2,170.7,3600,8.5,100
RES072-000109,2024-02-06,norte,493.3,90.7,2400,9.8,100
RES072-000110,2024-02-06,centro,1026.9,263.4,6000,14.4,100
RES072-000111,2024-02-06,sur,585.6,122.3,3600,10.1,100
RES072-000112,2024-02-07,norte,466.2,78.8,2400,10.5,100
RES072-000113,2024-02-07,centro,1048.0,250.3,6000,15.5,100
RES072-000114,2024-02-07,sur,743.4,153.8,3600,13.5,100
RES072-000115,2024-02-08,norte,162.2,31.9,2400,17.6,60
RES072-000116,2024-02-08,centro,646.9,161.5,6000,23.1,60
RES072-000117,2024-02-08,sur,671.0,182.0,3600,20.8,100
RES072-000118,2024-02-09,norte,427.7,73.0,2400,11.5,80
RES072-000119,2024-02-09,centro,1133.2,235.9,6000,20.4,100
RES072-000120,2024-02-09,sur,360.9,90.8,3600,27.6,60
RES072-000121,2024-02-10,norte,436.6,87.7,2400,8.2,100
RES072-000122,2024-02-10,centro,703.7,111.7,6000,9.0,60
RES072-000123,2024-02-10,sur,393.9,107.1,3600,17.7,60
RES072-000125,2024-02-11,centro,1069.0,221.8,6000,19.4,100
RES072-000126,2024-02-11,sur,394.0,87.1,3600,23.7,60
RES072-000127,2024-02-12,norte,305.9,66.4,2400,10.2,60
RES072-000128,2024-02-12,centro,1167.4,272.9,6000,20.7,100
RES072-000129,2024-02-12,sur,720.5,141.8,3600,21.2,100
RES072-000130,2024-02-13,norte,290.5,45.2,2400,10.5,60
RES072-000131,2024-02-13,centro,993.8,210.9,6000,10.0,80
RES072-000132,2024-02-13,sur,571.5,138.7,3600,29.2,100
RES072-000133,2024-02-14,norte,409.6,92.6,2400,22.7,100
RES072-000134,2024-02-14,centro,573.2,106.8,6000,16.6,60
RES072-000135,2024-02-14,sur,652.7,148.3,3600,24.7,100
RES072-000136,2024-02-15,norte,432.6,55.0,2400,29.1,100
RES072-000137,2024-02-15,centro,1043.6,228.5,6000,10.2,100
RES072-000138,2024-02-15,sur,647.6,161.0,3600,29.0,100
RES072-000139,2024-02-16,norte,389.4,49.0,2400,20.6,100
RES072-000140,2024-02-16,centro,819.9,172.3,6000,15.1,80
RES072-000141,2024-02-16,sur,335.8,61.4,3600,26.9,60
RES072-000142,2024-02-17,norte,397.0,88.8,2400,15.2,80
RES072-000143,2024-02-17,centro,1114.2,220.1,6000,12.0,100
RES072-000144,2024-02-17,sur,754.0,162.2,3600,19.2,100
RES072-000145,2024-02-18,norte,354.0,75.1,2400,17.0,100
RES072-000146,2024-02-18,centro,1090.0,228.1,6000,27.6,100
RES072-000147,2024-02-18,sur,676.5,157.4,3600,29.9,100
RES072-000148,2024-02-19,norte,497.9,95.1,2400,29.8,100
RES072-000149,2024-02-19,centro,1058.7,211.8,6000,27.1,80
RES072-000150,2024-02-19,sur,791.2,164.2,3600,11.0,100
RES072-000151,2024-02-20,norte,453.7,87.6,2400,23.1,100
RES072-000152,2024-02-20,centro,1143.8,255.2,6000,26.3,100
RES072-000153,2024-02-20,sur,653.1,147.3,3600,25.4,100
RES072-000154,2024-02-21,norte,381.8,76.5,2400,16.3,100
RES072-000155,2024-02-21,centro,1061.9,259.0,6000,11.8,100
RES072-000156,2024-02-21,sur,375.5,79.4,3600,21.8,60
RES072-000157,2024-02-22,norte,281.7,58.1,2400,13.6,60
RES072-000158,2024-02-22,centro,669.9,157.7,6000,14.6,60
RES072-000159,2024-02-22,sur,590.7,135.6,3600,27.0,100
RES072-000160,2024-02-23,norte,176.5,33.7,2400,8.6,60
RES072-000161,2024-02-23,centro,810.2,182.6,6000,8.3,80
RES072-000162,2024-02-23,sur,391.4,92.8,3600,25.3,60
RES072-000163,2024-02-24,norte,434.7,96.5,2400,21.9,100
RES072-000164,2024-02-24,centro,881.2,191.9,6000,25.3,80
RES072-000165,2024-02-24,sur,516.1,128.4,3600,12.2,80
RES072-000166,2024-02-25,norte,360.8,92.2,2400,12.0,80
RES072-000167,2024-02-25,centro,,276.3,6000,13.7,100
RES072-000168,2024-02-25,sur,715.5,165.0,3600,23.0,100
RES072-000169,2024-02-26,norte,561.3,117.2,2400,23.7,100
RES072-000170,2024-02-26,centro,1241.8,239.6,6000,27.1,100
RES072-000171,2024-02-26,sur,786.8,170.5,3600,12.9,100
RES072-000172,2024-02-27,norte,464.6,77.6,2400,27.5,100
RES072-000173,2024-02-27,centro,1079.3,232.5,6000,9.9,100
RES072-000174,2024-02-27,sur,443.7,102.5,3600,18.6,80
RES072-000175,2024-02-28,norte,332.5,59.1,2400,23.9,60
RES072-000176,2024-02-28,centro,831.6,185.9,6000,19.9,80
RES072-000178,2024-02-29,norte,481.8,87.3,2400,8.4,100
RES072-000179,2024-02-29,centro,1021.0,164.0,6000,28.5,100
RES072-000180,2024-02-29,sur,390.7,80.5,3600,11.5,60
RES072-000181,2024-03-01,norte,455.9,81.4,2400,13.7,100
RES072-000182,2024-03-01,centro,1093.6,259.4,6000,28.9,100
RES072-000183,2024-03-01,sur,642.3,142.8,3600,8.7,100
RES072-000184,2024-03-02,norte,500.0,98.5,2400,21.0,100
RES072-000185,2024-03-02,centro,643.5,95.5,6000,14.1,60
RES072-000186,2024-03-02,sur,518.1,120.5,3600,17.2,80
RES072-000187,2024-03-03,norte,424.3,75.1,2400,29.1,100
RES072-000188,2024-03-03,centro,562.6,114.8,6000,22.6,60
RES072-000189,2024-03-03,sur,599.4,104.3,3600,28.0,100
RES072-000190,2024-03-04,norte,531.5,108.4,2400,11.9,100
RES072-000191,2024-03-04,centro,1197.5,241.1,6000,9.6,100
RES072-000192,2024-03-04,sur,858.4,199.9,3600,16.4,100
RES072-000193,2024-03-05,norte,440.3,79.3,2400,12.8,100
RES072-000194,2024-03-05,centro,809.8,189.2,6000,11.6,80
RES072-000195,2024-03-05,sur,660.4,148.0,3600,27.2,100
RES072-000196,2024-03-06,norte,350.9,53.8,2400,13.3,80
RES072-000197,2024-03-06,centro,1093.9,268.3,6000,18.4,100
RES072-000198,2024-03-06,sur,572.5,133.4,3600,23.5,100
RES072-000199,2024-03-07,norte,404.3,70.5,2400,12.4,100
RES072-000200,2024-03-07,centro,871.5,207.8,6000,12.9,80
RES072-000201,2024-03-07,sur,728.9,176.6,3600,11.8,100
RES072-000202,2024-03-08,norte,294.3,50.2,2400,15.4,60
RES072-000203,2024-03-08,centro,1016.1,209.3,6000,21.8,100
RES072-000204,2024-03-08,sur,473.7,125.3,3600,10.2,80
RES072-000205,2024-03-09,norte,403.4,83.5,2400,17.5,100
RES072-000206,2024-03-09,centro,870.0,210.3,6000,8.5,80
RES072-000207,2024-03-09,sur,685.5,188.1,3600,23.0,100
RES072-000208,2024-03-10,norte,297.4,63.0,2400,13.0,80
RES072-000209,2024-03-10,centro,1103.5,214.9,6000,9.2,100
RES072-000210,2024-03-10,sur,729.0,143.9,3600,17.7,100
RES072-000211,2024-03-11,norte,499.7,130.5,2400,24.3,100
RES072-000212,2024-03-11,centro,"1027,4",215.8,6000,16.0,80
RES072-000213,2024-03-11,sur,769.3,197.0,3600,25.9,100
RES072-000214,2024-03-12,norte,286.0,52.6,2400,13.6,60
RES072-000215,2024-03-12,centro,1112.6,228.3,6000,8.1,100
RES072-000216,2024-03-12,sur,718.8,176.4,3600,23.4,100
RES072-000217,2024-03-13,norte,447.9,83.9,2400,26.4,100
RES072-000218,2024-03-13,centro,1048.4,247.8,6000,20.8,100
RES072-000219,2024-03-13,sur,478.2,127.0,3600,15.8,80
RES072-000220,2024-03-14,norte,278.1,45.4,2400,15.2,60
RES072-000221,2024-03-14,centro,997.0,231.6,6000,9.3,100
RES072-000222,2024-03-14,sur,598.8,144.1,3600,8.1,100
RES072-000223,2024-03-15,norte,209.0,36.3,2400,21.6,60
RES072-000224,2024-03-15,centro,948.4,170.9,6000,8.3,80
RES072-000225,2024-03-15,sur,663.7,159.1,3600,14.4,100
RES072-000226,2024-03-16,norte,387.8,65.1,2400,15.7,100
RES072-000227,2024-03-16,centro,1048.6,223.0,6000,15.1,100
RES072-000228,2024-03-16,sur,605.5,140.8,3600,9.5,100
RES072-000229,2024-03-17,norte,222.5,39.4,2400,9.3,60
RES072-000231,2024-03-17,sur,434.1,85.1,3600,8.6,60
RES072-000232,2024-03-18,norte,301.9,62.7,2400,12.6,60
RES072-000233,2024-03-18,centro,1132.9,271.7,6000,18.8,80
RES072-000234,2024-03-18,sur,768.8,176.3,3600,11.8,100
RES072-000235,2024-03-19,norte,457.6,77.3,2400,9.0,100
RES072-000236,2024-03-19,centro,1057.4,196.0,6000,26.0,100
RES072-000237,2024-03-19,sur,591.5,132.0,3600,22.6,80
RES072-000238,2024-03-20,norte,232.4,40.4,2400,15.1,60
RES072-000239,2024-03-20,centro,1111.6,190.6,6000,22.2,100
RES072-000240,2024-03-20,sur,603.7,139.8,3600,22.8,100
RES072-000241,2024-03-21,norte,412.9,96.1,2400,27.7,100
RES072-000242,2024-03-21,centro,1008.2,159.9,6000,18.6,100
RES072-000243,2024-03-21,sur,691.8,162.2,3600,20.3,100
RES072-000244,2024-03-22,norte,465.9,79.9,2400,18.0,100
RES072-000245,2024-03-22,centro,1092.4,245.3,6000,22.5,100
RES072-000246,2024-03-22,sur,643.4,138.1,3600,12.7,100
RES072-000247,2024-03-23,norte,462.0,114.8,2400,21.3,100
RES072-000248,2024-03-23,centro,975.2,237.0,6000,20.6,100
RES072-000249,2024-03-23,sur,696.3,150.0,3600,10.9,100
RES072-000250,2024-03-24,norte,,89.7,2400,22.9,100
RES072-000251,2024-03-24,centro,1132.5,238.6,6000,25.5,100
RES072-000252,2024-03-24,sur,630.1,145.1,3600,12.8,100
RES072-000253,2024-03-25,norte,448.4,79.9,2400,15.5,100
RES072-000254,2024-03-25,centro,726.5,154.3,6000,23.1,60
RES072-000255,2024-03-25,sur,714.4,163.1,3600,19.3,100
RES072-000256,2024-03-26,norte,338.8,68.9,2400,20.6,80
RES072-000257,2024-03-26,centro,1084.6,247.2,6000,16.9,100
RES072-000258,2024-03-26,sur,341.5,81.3,3600,17.4,60
RES072-000259,2024-03-27,norte,391.4,74.4,2400,15.5,100
RES072-000260,2024-03-27,centro,1092.9,249.6,6000,29.9,100
RES072-000261,2024-03-27,sur,634.2,117.8,3600,8.9,100
RES072-000262,2024-03-28,norte,226.5,40.9,2400,9.2,60
RES072-000263,2024-03-28,centro,716.8,155.2,6000,25.1,60
RES072-000264,2024-03-28,sur,691.9,165.3,3600,11.8,100
RES072-000265,2024-03-29,norte,381.9,74.6,2400,16.4,100
RES072-000266,2024-03-29,centro,550.6,113.0,6000,24.5,60
RES072-000267,2024-03-29,sur,597.5,130.1,3600,22.1,100
RES072-000268,2024-03-30,norte,357.4,79.7,2400,23.6,80
RES072-000269,2024-03-30,centro,1074.7,237.6,6000,11.4,100
RES072-000270,2024-03-30,sur,755.8,193.2,3600,19.0,100
RES072-000271,2024-03-31,norte,440.6,88.2,2400,17.6,100
RES072-000272,2024-03-31,centro,995.2,196.6,6000,8.8,100
RES072-000273,2024-03-31,sur,706.1,173.0,3600,29.0,100
RES072-000274,2024-04-01,norte,311.3,49.9,2400,27.0,60
RES072-000275,2024-04-01,centro,779.8,198.9,6000,22.4,60
RES072-000276,2024-04-01,sur,649.0,147.6,3600,20.5,80
RES072-000277,2024-04-02,norte,441.4,60.9,2400,20.8,100
RES072-000278,2024-04-02,centro,861.1,152.2,6000,29.1,80
RES072-000279,2024-04-02,sur,358.6,87.0,3600,10.0,60
RES072-000280,2024-04-03,norte,487.7,86.9,2400,11.1,100
RES072-000281,2024-04-03,centro,1039.2,221.8,6000,16.4,100
RES072-000282,2024-04-03,sur,568.8,123.2,3600,8.8,100
RES072-000284,2024-04-04,centro,702.2,154.6,6000,24.2,60
RES072-000285,2024-04-04,sur,499.4,105.9,3600,19.8,80
RES072-000286,2024-04-05,norte,461.8,97.6,2400,8.7,100
RES072-000287,2024-04-05,centro,1055.4,242.7,6000,26.3,100
RES072-000288,2024-04-05,sur,563.9,119.7,3600,12.4,100
RES072-000289,2024-04-06,norte,282.2,62.1,2400,17.3,60
RES072-000290,2024-04-06,centro,689.6,146.8,6000,27.4,60
RES072-000291,2024-04-06,sur,708.5,153.5,3600,20.6,100
RES072-000292,2024-04-07,norte,340.5,57.7,2400,23.2,100
RES072-000293,2024-04-07,centro,1127.0,255.7,6000,19.5,100
RES072-000294,2024-04-07,sur,655.6,154.1,3600,28.6,100
RES072-000295,2024-04-08,norte,176.8,27.9,2400,15.5,60
RES072-000296,2024-04-08,centro,1256.5,223.2,6000,21.9,100
RES072-000297,2024-04-08,sur,570.0,102.4,3600,14.2,80
RES072-000298,2024-04-09,norte,109.0,24.3,2400,12.1,60
RES072-000299,2024-04-09,centro,625.1,143.9,6000,29.5,60
RES072-000300,2024-04-09,sur,699.7,162.7,3600,15.3,100
RES072-000301,2024-04-10,norte,441.2,87.9,2400,12.8,100
RES072-000302,2024-04-10,centro,1032.7,221.4,6000,16.5,100
RES072-000303,2024-04-10,sur,746.3,181.4,3600,18.8,100
RES072-000304,2024-04-11,norte,569.9,97.6,2400,11.0,100
RES072-000305,2024-04-11,centro,880.7,152.8,6000,15.3,80
RES072-000306,2024-04-11,sur,557.1,123.3,3600,20.0,100
RES072-000307,2024-04-12,norte,303.9,42.3,2400,19.7,60
RES072-000308,2024-04-12,centro,1112.1,276.9,6000,23.3,100
RES072-000309,2024-04-12,sur,627.1,146.4,3600,9.6,100
RES072-000310,2024-04-13,norte,356.6,91.7,2400,15.2,80
RES072-000311,2024-04-13,centro,1082.4,249.1,6000,13.6,100
RES072-000312,2024-04-13,sur,492.2,78.4,3600,23.3,80
RES072-000313,2024-04-14,norte,387.1,80.7,2400,27.9,100
RES072-000314,2024-04-14,centro,1058.4,196.4,6000,16.9,100
RES072-000315,2024-04-14,sur,588.1,127.5,3600,10.8,100
RES072-000316,2024-04-15,norte,537.2,89.7,2400,11.9,100
RES072-000317,2024-04-15,centro,1188.5,231.3,6000,13.6,100
RES072-000318,2024-04-15,sur,751.2,134.8,3600,28.0,100
RES072-000319,2024-04-16,norte,382.3,89.9,2400,21.0,80
RES072-000320,2024-04-16,centro,1022.9,228.9,6000,27.2,100
RES072-000321,2024-04-16,sur,687.2,162.0,3600,27.3,100
RES072-000322,2024-04-17,norte,467.3,100.8,2400,21.2,100
RES072-000323,2024-04-17,centro,1068.2,253.8,6000,27.9,100
RES072-000324,2024-04-17,sur,554.0,107.5,3600,23.4,80
RES072-000325,2024-04-18,norte,319.2,62.2,2400,15.7,80
RES072-000326,2024-04-18,centro,863.2,148.6,6000,22.7,80
RES072-000327,2024-04-18,sur,624.5,149.2,3600,8.6,100
RES072-000328,2024-04-19,norte,385.4,55.6,2400,29.1,80
RES072-000329,2024-04-19,centro,1080.6,279.0,6000,21.4,100
RES072-000330,2024-04-19,sur,590.4,158.1,3600,23.9,100
RES072-000331,2024-04-20,norte,363.6,66.0,2400,9.5,80
RES072-000332,2024-04-20,centro,1060.3,230.6,6000,20.8,100
RES072-000333,2024-04-20,sur,,92.2,3600,15.0,60
RES072-000334,2024-04-21,norte,463.5,89.6,2400,28.8,100
RES072-000335,2024-04-21,centro,939.9,141.2,6000,20.2,80
RES072-000337,2024-04-22,norte,422.2,72.9,2400,29.6,80
RES072-000338,2024-04-22,centro,983.2,183.5,6000,22.0,80
RES072-000339,2024-04-22,sur,424.2,93.3,3600,19.2,60
RES072-000340,2024-04-23,norte,292.3,29.3,2400,9.9,80
RES072-000341,2024-04-23,centro,1113.5,228.4,6000,16.5,100
RES072-000342,2024-04-23,sur,641.8,142.5,3600,17.3,100
RES072-000343,2024-04-24,norte,233.6,48.6,2400,25.4,60
RES072-000344,2024-04-24,centro,794.7,183.4,6000,9.7,80
RES072-000345,2024-04-24,sur,635.8,169.2,3600,11.0,100
RES072-000346,2024-04-25,norte,478.3,83.8,2400,26.1,100
RES072-000347,2024-04-25,centro,1080.6,259.3,6000,24.3,100
RES072-000348,2024-04-25,sur,572.3,170.7,3600,22.2,80
RES072-000349,2024-04-26,norte,207.8,44.8,2400,27.5,60
RES072-000350,2024-04-26,centro,1142.7,247.8,6000,11.9,100
RES072-000351,2024-04-26,sur,675.2,159.1,3600,22.3,100
RES072-000352,2024-04-27,norte,504.6,107.8,2400,25.2,100
RES072-000353,2024-04-27,centro,1122.5,235.8,6000,10.6,100
RES072-000354,2024-04-27,sur,681.9,155.1,3600,8.5,100
RES072-000355,2024-04-28,norte,433.9,74.7,2400,17.3,100
RES072-000356,2024-04-28,centro,932.6,189.9,6000,13.9,80
RES072-000357,2024-04-28,sur,313.4,60.2,3600,10.8,60
RES072-000358,2024-04-29,norte,544.8,114.3,2400,28.6,100
RES072-000359,2024-04-29,centro,1252.1,277.2,6000,27.1,100
RES072-000360,2024-04-29,sur,760.8,151.5,3600,10.4,100
RES072-000361,2024-04-30,norte,366.1,76.5,2400,12.9,80
RES072-000362,2024-04-30,centro,1069.6,245.7,6000,25.6,100
RES072-000363,2024-04-30,sur,622.1,141.2,3600,8.1,100
RES072-000364,2024-05-01,norte,395.3,48.6,2400,29.3,100
RES072-000365,2024-05-01,centro,643.7,153.3,6000,22.9,60
RES072-000366,2024-05-01,sur,613.8,155.3,3600,25.2,100
RES072-000367,2024-05-02,norte,368.4,73.2,2400,21.5,80
RES072-000368,2024-05-02,centro,658.2,149.7,6000,12.8,60
RES072-000369,2024-05-02,sur,385.6,92.8,3600,21.4,60
RES072-000370,2024-05-03,norte,304.3,50.9,2400,25.9,60
RES072-000371,2024-05-03,centro,1113.2,210.2,6000,9.3,100
RES072-000372,2024-05-03,sur,719.9,159.4,3600,29.9,100
RES072-000373,2024-05-04,norte,370.7,69.6,2400,15.9,100
RES072-000374,2024-05-04,centro,616.9,144.6,6000,22.4,60
RES072-000375,2024-05-04,sur,700.2,143.6,3600,25.4,100
RES072-000376,2024-05-05,norte,256.5,48.9,2400,22.0,60
RES072-000377,2024-05-05,centro,777.2,158.3,6000,10.1,80
RES072-000378,2024-05-05,sur,600.4,144.8,3600,20.1,100
RES072-000379,2024-05-06,norte,494.5,97.2,2400,18.2,80
RES072-000380,2024-05-06,centro,1283.6,265.8,6000,28.0,100
RES072-000381,2024-05-06,sur,760.7,156.8,3600,25.8,100
RES072-000382,2024-05-07,norte,271.3,51.5,2400,28.5,60
RES072-000383,2024-05-07,centro,1086.1,214.2,6000,22.3,100
RES072-000384,2024-05-07,sur,400.4,91.6,3600,20.4,60
RES072-000385,2024-05-08,norte,463.2,90.7,2400,16.1,100
RES072-000386,2024-05-08,centro,872.5,166.8,6000,13.9,80
RES072-000387,2024-05-08,sur,644.9,143.9,3600,25.3,100
RES072-000388,2024-05-09,norte,293.4,57.5,2400,11.0,80
RES072-000390,2024-02-30,sur,587.3,114.4,3600,17.6,80
RES072-000391,2024-05-10,norte,443.4,99.2,2400,19.5,100
RES072-000392,2024-05-10,centro,794.6,157.8,6000,26.6,80
RES072-000393,2024-05-10,sur,577.3,149.0,3600,18.1,80
RES072-000394,2024-05-11,norte,435.7,93.2,2400,23.6,100
RES072-000395,2024-05-11,centro,1112.5,289.8,6000,11.8,100
RES072-000396,2024-05-11,sur,428.1,86.8,3600,14.0,60
RES072-000397,2024-05-12,norte,311.2,49.1,2400,16.9,60
RES072-000398,2024-05-12,centro,1005.0,189.9,6000,20.1,100
RES072-000399,2024-05-12,sur,380.6,84.3,3600,26.7,60
RES072-000400,2024-05-13,norte,367.5,81.7,2400,24.2,80
RES072-000401,2024-05-13,centro,1270.9,273.3,6000,9.2,100
RES072-000402,2024-05-13,sur,889.1,192.3,3600,23.4,100
RES072-000403,2024-05-14,norte,288.1,57.0,2400,22.6,60
RES072-000404,2024-05-14,centro,887.5,143.4,6000,12.4,80
RES072-000405,2024-05-14,sur,737.1,167.7,3600,28.5,100
RES072-000406,2024-05-15,norte,433.0,74.4,2400,22.3,100
RES072-000407,2024-05-15,centro,1148.9,253.5,6000,19.7,100
RES072-000408,2024-05-15,sur,562.8,143.2,3600,18.0,80
RES072-000409,2024-05-16,norte,397.7,68.8,2400,27.5,100
RES072-000410,2024-05-16,centro,1049.3,209.1,6000,25.0,100
RES072-000411,2024-05-16,sur,641.3,151.0,3600,15.7,100
RES072-000412,2024-05-17,norte,429.3,75.1,2400,13.0,100
RES072-000413,2024-05-17,centro,883.9,138.1,6000,8.8,80
RES072-000414,2024-05-17,sur,656.1,169.7,3600,14.2,100
RES072-000415,2024-05-18,norte,402.0,70.1,2400,23.6,100
RES072-000416,2024-05-18,centro,,270.3,6000,18.7,100
RES072-000417,2024-05-18,sur,359.9,97.8,3600,10.6,60
RES072-000418,2024-05-19,norte,384.6,66.9,2400,14.9,100
RES072-000419,2024-05-19,centro,1063.0,238.7,6000,9.8,100
RES072-000420,2024-05-19,sur,528.0,111.5,3600,27.0,80
RES072-000421,2024-05-20,norte,468.3,92.4,2400,21.1,100
RES072-000422,2024-05-20,centro,1127.3,265.1,6000,8.6,80
RES072-000423,2024-05-20,sur,"751,6",179.1,3600,19.5,100
RES072-000424,2024-05-21,norte,519.7,92.7,2400,17.2,100
RES072-000425,2024-05-21,centro,940.8,192.9,6000,23.0,80
RES072-000426,2024-05-21,sur,384.9,86.3,3600,16.9,60
RES072-000427,2024-05-22,norte,502.6,101.1,2400,16.1,100
RES072-000428,2024-05-22,centro,697.0,153.4,6000,13.2,60
RES072-000429,2024-05-22,sur,671.2,181.1,3600,10.5,100
RES072-000430,2024-05-23,norte,379.2,67.5,2400,12.9,100
RES072-000431,2024-05-23,centro,1103.1,264.1,6000,19.4,100
RES072-000432,2024-05-23,sur,-999,133.2,3600,16.3,80
RES072-000433,2024-05-24,norte,437.1,70.4,2400,27.9,100
RES072-000434,2024-05-24,centro,575.3,109.9,6000,12.4,60
RES072-000435,2024-05-24,sur,586.3,133.6,3600,13.0,80
RES072-000436,2024-05-25,norte,369.0,70.9,2400,14.6,100
RES072-000437,2024-05-25,centro,852.2,204.0,6000,17.5,80
RES072-000438,2024-05-25,sur,661.1,156.9,3600,19.5,100
RES072-000439,2024-05-26,norte,419.1,87.6,2400,24.4,100
RES072-000440,2024-05-26,centro,845.6,192.1,6000,12.9,80
RES072-000441,2024-05-26,sur,656.4,170.4,3600,24.0,100
RES072-000443,2024-05-27,centro,1307.3,257.2,6000,20.8,100
RES072-000444,2024-05-27,sur,694.3,158.8,3600,17.1,100
RES072-000445,2024-05-28,norte,354.1,76.2,2400,22.6,80
RES072-000446,2024-05-28,centro,1120.6,266.0,6000,29.9,100
RES072-000447,2024-05-28,sur,633.5,143.7,3600,8.1,100
RES072-000448,2024-05-29,norte,221.7,48.9,2400,18.3,60
RES072-000449,2024-05-29,centro,1101.5,254.2,6000,17.5,100
RES072-000450,2024-05-29,sur,593.3,124.3,3600,24.6,80
RES072-000451,2024-05-30,norte,442.2,75.4,2400,17.1,100
RES072-000452,2024-05-30,centro,843.5,174.3,6000,14.6,80
RES072-000453,2024-05-30,sur,599.2,94.5,3600,20.1,100
RES072-000454,2024-05-31,norte,474.0,96.3,2400,29.2,100
RES072-000455,2024-05-31,centro,573.9,148.9,6000,18.8,60
RES072-000456,2024-05-31,sur,411.6,99.6,3600,18.3,80
RES072-000457,2024-06-01,norte,215.2,40.6,2400,29.2,60
RES072-000458,2024-06-01,centro,1062.9,217.8,6000,22.0,100
RES072-000459,2024-06-01,sur,480.8,101.4,3600,22.0,80
RES072-000460,2024-06-02,norte,400.3,70.6,2400,28.6,100
RES072-000461,2024-06-02,centro,1054.3,224.9,6000,26.2,100
RES072-000462,2024-06-02,sur,679.8,134.1,3600,21.4,100
RES072-000463,2024-06-03,norte,425.4,64.3,2400,12.4,80
RES072-000464,2024-06-03,centro,1137.2,234.2,6000,20.2,100
RES072-000465,2024-06-03,sur,514.2,126.6,3600,29.1,80
RES072-000466,2024-06-04,norte,410.9,64.7,2400,21.2,100
RES072-000467,2024-06-04,centro,1087.8,243.1,6000,19.8,100
RES072-000468,2024-06-04,sur,684.5,147.1,3600,22.1,100
RES072-000469,2024-06-05,norte,175.2,35.2,2400,10.4,60
RES072-000470,2024-06-05,centro,650.4,144.2,6000,20.4,60
RES072-000471,2024-06-05,sur,745.3,186.7,3600,15.8,100
RES072-000472,2024-06-06,norte,275.4,64.8,2400,9.0,60
RES072-000473,2024-06-06,centro,669.1,132.5,6000,16.5,60
RES072-000474,2024-06-06,sur,560.5,122.6,3600,8.6,80
RES072-000475,2024-06-07,norte,489.3,104.0,2400,11.5,100
RES072-000476,2024-06-07,centro,1022.3,225.2,6000,20.9,100
RES072-000477,2024-06-07,sur,660.5,136.1,3600,18.7,100
RES072-000478,2024-06-08,norte,417.1,95.7,2400,17.3,80
RES072-000479,2024-06-08,centro,1073.2,240.6,6000,25.4,100
RES072-000480,2024-06-08,sur,570.3,123.2,3600,14.5,100
RES072-000481,2024-06-09,norte,229.5,35.5,2400,9.8,60
RES072-000482,2024-06-09,centro,647.3,135.5,6000,10.5,60
RES072-000483,2024-06-09,sur,545.7,137.6,3600,26.8,80
RES072-000484,2024-06-10,norte,525.4,109.6,2400,23.6,100
RES072-000485,2024-06-10,centro,1190.9,210.7,6000,21.1,100
RES072-000486,2024-06-10,sur,536.7,127.9,3600,18.4,60
RES072-000487,2024-06-11,norte,433.2,72.1,2400,16.0,100
RES072-000488,2024-06-11,centro,908.6,180.5,6000,26.4,80
RES072-000489,2024-06-11,sur,655.4,124.6,3600,15.0,100
RES072-000490,2024-06-12,norte,268.6,56.5,2400,11.1,60
RES072-000491,2024-06-12,centro,1084.9,227.5,6000,14.8,100
RES072-000492,2024-06-12,sur,634.0,129.0,3600,28.8,100
RES072-000493,2024-06-13,norte,440.7,88.5,2400,12.4,100
RES072-000494,2024-06-13,centro,656.6,145.6,6000,19.1,60
RES072-000496,2024-06-14,norte,392.5,72.1,2400,21.3,100
RES072-000497,2024-06-14,centro,698.5,151.6,6000,29.3,60
RES072-000498,2024-06-14,sur,633.8,156.8,3600,22.3,100
RES072-000499,2024-06-15,norte,,73.0,2400,12.7,100
RES072-000500,2024-06-15,centro,961.7,223.1,6000,29.5,100
RES072-000501,2024-06-15,sur,363.2,76.6,3600,25.8,60
RES072-000502,2024-06-16,norte,262.5,50.0,2400,28.0,60
RES072-000503,2024-06-16,centro,1062.5,259.3,6000,9.4,100
RES072-000504,2024-06-16,sur,642.5,146.8,3600,16.6,100
RES072-000505,2024-06-17,norte,550.7,102.4,2400,22.5,100
RES072-000506,2024-06-17,centro,1033.8,185.6,6000,9.1,80
RES072-000507,2024-06-17,sur,750.3,157.2,3600,21.3,100
RES072-000508,2024-06-18,norte,506.7,127.0,2400,13.9,100
RES072-000509,2024-06-18,centro,1072.5,215.3,6000,25.7,100
RES072-000510,2024-06-18,sur,421.2,79.4,3600,15.9,60
RES072-000511,2024-06-19,norte,266.3,55.9,2400,18.9,60
RES072-000512,2024-06-19,centro,843.9,186.5,6000,16.0,80
RES072-000513,2024-06-19,sur,525.9,119.0,3600,10.9,80
RES072-000514,2024-06-20,norte,527.9,93.3,2400,8.0,100
RES072-000515,2024-06-20,centro,888.1,204.2,6000,20.4,80
RES072-000516,2024-06-20,sur,588.4,134.0,3600,22.9,100
RES072-000517,2024-06-21,norte,389.1,72.1,2400,25.2,80
RES072-000518,2024-06-21,centro,1148.4,261.6,6000,27.9,100
RES072-000519,2024-06-21,sur,550.6,141.1,3600,28.0,100
RES072-000520,2024-06-22,norte,424.0,82.7,2400,13.2,100
RES072-000521,2024-06-22,centro,1116.7,201.5,6000,18.3,100
RES072-000522,2024-06-22,sur,438.7,97.6,3600,16.3,60
RES072-000523,2024-06-23,norte,430.5,91.6,2400,28.9,100
RES072-000524,2024-06-23,centro,836.2,167.0,6000,20.3,80
RES072-000525,2024-06-23,sur,451.4,100.7,3600,11.9,80
RES072-000526,2024-06-24,norte,587.6,117.4,2400,29.4,100
RES072-000527,2024-06-24,centro,1138.0,252.3,6000,23.5,100
RES072-000528,2024-06-24,sur,397.1,88.1,3600,28.2,60
RES072-000529,2024-06-25,norte,428.6,103.5,2400,12.6,100
RES072-000530,2024-06-25,centro,1020.3,238.2,6000,22.1,100
RES072-000531,2024-06-25,sur,651.0,172.9,3600,19.0,100
RES072-000532,2024-06-26,norte,390.3,69.9,2400,25.3,100
RES072-000533,2024-06-26,centro,919.7,209.0,6000,24.0,80
RES072-000534,2024-06-26,sur,595.9,126.5,3600,19.9,80
RES072-000535,2024-06-27,norte,415.8,82.5,2400,26.6,100
RES072-000536,2024-06-27,centro,1049.0,218.5,6000,20.3,100
RES072-000537,2024-06-27,sur,611.2,147.6,3600,27.1,100
RES072-000538,2024-06-28,norte,424.3,64.9,2400,12.1,100
RES072-000539,2024-06-28,centro,597.8,119.8,6000,18.5,60
RES072-000540,2024-06-28,sur,603.5,145.1,3600,17.4,100
RES072-000541,2024-06-29,norte,299.8,54.4,2400,22.7,80
RES072-000542,2024-06-29,centro,815.3,213.2,6000,16.3,80
RES072-000543,2024-06-29,sur,483.0,122.8,3600,10.0,100
RES072-000544,2024-06-30,norte,264.6,48.6,2400,23.0,80
RES072-000545,2024-06-30,centro,897.3,167.2,6000,27.3,80
RES072-000546,2024-06-30,sur,451.0,103.2,3600,8.1,60
RES072-000547,2024-07-01,norte,409.1,86.9,2400,17.9,80
RES072-000549,2024-07-01,sur,433.5,111.6,3600,9.3,60
RES072-000550,2024-07-02,norte,383.4,96.0,2400,13.5,100
RES072-000551,2024-07-02,centro,1080.8,245.6,6000,29.1,100
RES072-000552,2024-07-02,sur,366.9,72.1,3600,28.6,60
RES072-000553,2024-07-03,norte,390.1,101.6,2400,28.8,100
RES072-000554,2024-07-03,centro,831.3,158.0,6000,12.6,80
RES072-000555,2024-07-03,sur,682.0,157.3,3600,21.2,100
RES072-000556,2024-07-04,norte,448.1,107.4,2400,14.5,100
RES072-000557,2024-07-04,centro,1079.7,236.4,6000,27.8,100
RES072-000558,2024-07-04,sur,598.1,129.4,3600,13.1,100
RES072-000559,2024-07-05,norte,389.7,89.5,2400,20.5,100
RES072-000560,2024-07-05,centro,1022.1,194.5,6000,28.7,100
RES072-000561,2024-07-05,sur,692.6,154.7,3600,11.7,100
RES072-000562,2024-07-06,norte,300.6,64.1,2400,25.2,60
RES072-000563,2024-07-06,centro,628.0,142.4,6000,28.6,60
RES072-000564,2024-07-06,sur,524.2,115.3,3600,9.1,80
RES072-000565,2024-07-07,norte,389.3,95.7,2400,11.5,100
RES072-000566,2024-07-07,centro,862.5,213.0,6000,28.7,80
RES072-000567,2024-07-07,sur,423.9,105.3,3600,28.0,60
RES072-000568,2024-07-08,norte,288.8,76.3,2400,23.6,60
RES072-000569,2024-07-08,centro,929.5,230.3,6000,18.6,80
RES072-000570,2024-07-08,sur,616.9,163.4,3600,12.7,80
RES072-000571,2024-07-09,norte,268.6,60.2,2400,23.0,60
RES072-000572,2024-07-09,centro,858.3,195.1,6000,17.8,80
RES072-000573,2024-07-09,sur,439.9,104.8,3600,14.2,80
RES072-000574,2024-07-10,norte,340.0,87.1,2400,18.1,80
RES072-000575,2024-07-10,centro,842.0,172.5,6000,23.8,80
RES072-000576,2024-07-10,sur,389.7,102.2,3600,11.5,60
RES072-000577,2024-07-11,norte,484.7,108.6,2400,28.8,100
RES072-000578,2024-07-11,centro,1016.5,195.9,6000,27.7,100
RES072-000579,2024-07-11,sur,671.5,125.9,3600,13.1,100
RES072-000580,2024-07-12,norte,304.5,63.7,2400,10.1,80
RES072-000581,2024-07-12,centro,672.0,132.7,6000,14.9,60
RES072-000582,2024-07-12,sur,,106.1,3600,23.2,80
RES072-000583,2024-07-13,norte,251.7,55.4,2400,13.2,60
RES072-000584,2024-07-13,centro,904.3,172.7,6000,13.9,80
RES072-000585,2024-07-13,sur,548.2,122.7,3600,8.8,80
RES072-000586,2024-07-14,norte,239.0,50.3,2400,28.0,60
RES072-000587,2024-07-14,centro,1086.2,254.4,6000,20.5,100
RES072-000588,2024-07-14,sur,626.2,155.7,3600,21.8,100
RES072-000589,2024-07-15,norte,396.3,86.4,2400,25.9,80
RES072-000590,2024-07-15,centro,1235.0,312.5,6000,20.2,100
RES072-000591,2024-07-15,sur,484.1,108.7,3600,14.8,60
RES072-000592,2024-07-16,norte,493.5,115.2,2400,9.2,100
RES072-000593,2024-07-16,centro,1109.0,235.0,6000,23.8,100
RES072-000594,2024-07-16,sur,413.5,77.2,3600,27.4,60
RES072-000595,2024-07-17,norte,451.7,99.5,2400,25.5,100
RES072-000596,2024-07-17,centro,1057.0,213.8,6000,15.1,100
RES072-000597,2024-07-17,sur,508.3,100.1,3600,18.0,80
RES072-000598,2024-07-18,norte,300.2,78.4,2400,13.5,80
RES072-000599,2024-07-18,centro,1085.4,217.1,6000,14.7,100
RES072-000600,2024-07-18,sur,645.9,146.5,3600,12.5,100
RES072-000602,2024-07-19,centro,1050.6,209.8,6000,13.0,100
RES072-000603,2024-07-19,sur,659.4,131.7,3600,12.7,100
RES072-000604,2024-07-20,norte,317.4,74.5,2400,16.0,60
RES072-000605,2024-07-20,centro,1079.7,231.3,6000,25.6,100
RES072-000606,2024-07-20,sur,405.0,75.7,3600,13.9,60
RES072-000607,2024-07-21,norte,561.3,133.4,2400,10.1,100
RES072-000608,2024-07-21,centro,1045.3,208.4,6000,29.8,100
RES072-000609,2024-07-21,sur,527.8,117.9,3600,8.7,80
RES072-000610,2024-07-22,norte,465.0,97.9,2400,25.8,100
RES072-000611,2024-07-22,centro,1272.3,341.4,6000,15.9,100
RES072-000612,2024-07-22,sur,569.3,130.0,3600,14.9,80
RES072-000613,2024-07-23,norte,371.0,81.3,2400,16.6,80
RES072-000614,2024-07-23,centro,1098.6,211.8,6000,26.8,100
RES072-000615,2024-07-23,sur,435.9,98.2,3600,28.7,80
RES072-000616,2024-07-24,norte,452.2,106.3,2400,20.1,100
RES072-000617,2024-07-24,centro,1142.2,251.6,6000,9.8,100
RES072-000618,2024-07-24,sur,584.3,157.4,3600,18.4,100
RES072-000619,2024-07-25,norte,372.9,82.4,2400,12.6,80
RES072-000620,2024-07-25,centro,725.2,146.6,6000,9.8,60
RES072-000621,2024-07-25,sur,662.0,136.6,3600,14.1,100
RES072-000622,2024-07-26,norte,430.1,97.4,2400,8.6,100
RES072-000623,2024-07-26,centro,1077.3,226.7,6000,26.8,100
RES072-000624,2024-07-26,sur,744.1,179.1,3600,14.6,100
RES072-000625,2024-07-27,norte,460.0,113.9,2400,15.8,100
RES072-000626,2024-07-27,centro,1050.1,219.5,6000,17.6,100
RES072-000627,2024-07-27,sur,631.1,135.2,3600,16.8,100
RES072-000628,2024-07-28,norte,371.1,80.1,2400,25.2,80
RES072-000629,2024-07-28,centro,1052.0,196.3,6000,18.1,100
RES072-000630,2024-07-28,sur,360.0,85.1,3600,18.0,60
RES072-000631,2024-07-29,norte,598.4,125.3,2400,25.0,100
RES072-000632,2024-07-29,centro,1115.3,151.3,6000,27.1,100
RES072-000633,2024-07-29,sur,658.7,179.5,3600,29.1,80
RES072-000634,2024-07-30,norte,"403,7",83.3,2400,29.0,100
RES072-000635,2024-07-30,centro,710.7,158.7,6000,29.2,60
RES072-000636,2024-07-30,sur,588.3,147.6,3600,12.9,100
RES072-000637,2024-07-31,norte,459.2,90.0,2400,29.6,100
RES072-000638,2024-07-31,centro,1085.0,228.0,6000,22.3,100
RES072-000639,2024-07-31,sur,462.8,91.3,3600,8.8,80
RES072-000640,2024-08-01,norte,358.2,81.8,2400,25.9,80
RES072-000641,2024-08-01,centro,1118.1,269.4,6000,24.7,100
RES072-000642,2024-08-01,sur,635.8,156.9,3600,12.7,100
RES072-000643,2024-08-02,norte,431.9,110.0,2400,28.8,100
RES072-000644,2024-08-02,centro,1074.5,218.7,6000,15.8,100
RES072-000645,2024-08-02,sur,372.9,92.5,3600,19.2,60
RES072-000646,2024-08-03,norte,459.8,102.3,2400,15.1,100
RES072-000647,2024-08-03,centro,1047.3,266.5,6000,10.7,100
RES072-000648,2024-08-03,sur,513.0,117.2,3600,25.6,80
RES072-000649,2024-08-04,norte,432.9,90.1,2400,26.0,100
RES072-000650,2024-08-04,centro,1041.4,252.9,6000,13.9,100
RES072-000651,2024-08-04,sur,711.2,167.6,3600,23.4,100
RES072-000652,2024-08-05,norte,320.5,73.4,2400,23.6,60
RES072-000653,2024-08-05,centro,1310.4,233.9,6000,23.1,100
RES072-000655,2024-08-06,norte,281.2,72.9,2400,29.5,80
RES072-000656,2024-08-06,centro,1126.1,217.2,6000,14.6,100
RES072-000657,2024-08-06,sur,566.7,163.5,3600,21.9,100
RES072-000658,2024-08-07,norte,293.6,75.3,2400,17.1,60
RES072-000659,2024-08-07,centro,1055.2,236.9,6000,10.4,100
RES072-000660,2024-08-07,sur,684.3,145.2,3600,16.0,100
RES072-000661,2024-08-08,norte,289.0,58.8,2400,19.9,60
RES072-000662,2024-08-08,centro,1020.3,210.8,6000,26.4,100
RES072-000663,2024-08-08,sur,673.6,169.9,3600,24.2,100
RES072-000664,2024-08-09,norte,402.4,84.8,2400,24.9,100
RES072-000665,2024-08-09,centro,,121.9,6000,26.1,60
RES072-000666,2024-08-09,sur,475.2,108.6,3600,18.7,80
RES072-000667,2024-08-10,norte,312.1,71.5,2400,19.8,60
RES072-000668,2024-08-10,centro,694.8,160.4,6000,29.2,60
RES072-000669,2024-08-10,sur,677.5,166.9,3600,29.9,100
RES072-000670,2024-08-11,norte,356.3,85.7,2400,15.4,80
RES072-000671,2024-08-11,centro,1174.4,226.6,6000,28.0,100
RES072-000672,2024-08-11,sur,687.2,149.6,3600,27.1,100
RES072-000673,2024-08-12,norte,506.2,109.7,2400,23.7,100
RES072-000674,2024-08-12,centro,778.3,119.6,6000,10.1,60
RES072-000675,2024-08-12,sur,487.8,113.4,3600,23.8,80
RES072-000676,2024-08-13,norte,341.2,66.8,2400,22.8,100
RES072-000677,2024-08-13,centro,899.6,217.0,6000,13.3,80
RES072-000678,2024-08-13,sur,592.6,114.2,3600,20.6,100
RES072-000679,2024-08-14,norte,184.3,34.7,2400,10.1,60
RES072-000680,2024-08-14,centro,888.2,143.6,6000,26.9,80
RES072-000681,2024-08-14,sur,562.8,126.3,3600,10.1,100
RES072-000682,2024-08-15,norte,341.9,78.0,2400,24.3,80
RES072-000683,2024-08-15,centro,907.7,188.4,6000,15.3,80
RES072-000684,2024-08-15,sur,664.0,147.0,3600,27.2,100
RES072-000685,2024-08-16,norte,342.9,78.5,2400,13.1,80
RES072-000686,2024-08-16,centro,1016.5,249.3,6000,15.7,100
RES072-000687,2024-08-16,sur,710.5,176.8,3600,27.1,100
RES072-000688,2024-08-17,norte,497.7,104.1,2400,10.1,100
RES072-000689,2024-08-17,centro,717.9,150.1,6000,15.4,60
RES072-000690,2024-08-17,sur,547.4,136.3,3600,10.8,80
RES072-000691,2024-08-18,norte,481.4,111.3,2400,18.6,100
RES072-000692,2024-08-18,centro,654.6,142.0,6000,11.6,60
RES072-000693,2024-08-18,sur,664.1,175.7,3600,8.3,100
RES072-000694,2024-08-19,norte,533.7,128.9,2400,16.2,100
RES072-000695,2024-08-19,centro,1198.1,227.4,6000,29.0,100
RES072-000696,2024-08-19,sur,772.6,178.5,3600,17.3,100
RES072-000697,2024-08-20,norte,425.8,92.7,2400,21.7,100
RES072-000698,2024-08-20,centro,1114.8,206.2,6000,29.1,100
RES072-000699,2024-08-20,sur,471.4,92.6,3600,14.1,80
RES072-000700,2024-08-21,norte,249.7,65.0,2400,23.7,60
RES072-000701,2024-08-21,centro,1120.5,230.1,6000,15.6,100
RES072-000702,2024-08-21,sur,663.9,164.5,3600,12.9,100
RES072-000703,2024-08-22,norte,443.9,90.9,2400,11.6,100
RES072-000704,2024-08-22,centro,579.4,115.3,6000,9.9,60
RES072-000705,2024-08-22,sur,508.2,115.7,3600,20.5,80
RES072-000706,2024-08-23,norte,316.6,66.5,2400,14.0,80
RES072-000708,2024-08-23,sur,496.1,105.7,3600,16.5,80
RES072-000709,2024-08-24,norte,390.5,87.7,2400,25.9,80
RES072-000710,2024-08-24,centro,1007.2,173.4,6000,13.3,100
RES072-000711,2024-08-24,sur,684.2,156.3,3600,23.1,100
RES072-000712,2024-08-25,norte,458.2,106.8,2400,15.0,100
RES072-000713,2024-08-25,centro,664.7,132.5,6000,20.3,60
RES072-000714,2024-08-25,sur,476.0,103.0,3600,26.4,80
RES072-000715,2024-08-26,norte,412.7,92.6,2400,11.8,80
RES072-000716,2024-08-26,centro,721.8,144.3,6000,18.2,60
RES072-000717,2024-08-26,sur,480.8,126.6,3600,12.0,60
RES072-000718,2024-08-27,norte,436.5,114.6,2400,9.8,100
RES072-000719,2024-08-27,centro,876.5,201.0,6000,8.1,80
RES072-000720,2024-08-27,sur,426.9,99.1,3600,21.6,60
RES072-000721,2024-08-28,norte,428.8,74.6,2400,12.7,100
RES072-000722,2024-08-28,centro,991.0,204.9,6000,14.8,80
RES072-000723,2024-08-28,sur,743.6,151.4,3600,28.2,100
RES072-000724,2024-08-29,norte,342.1,76.2,2400,24.2,80
RES072-000725,2024-08-29,centro,1027.0,196.7,6000,17.7,100
RES072-000726,2024-08-29,sur,674.2,169.2,3600,28.3,100
RES072-000727,2024-08-30,norte,495.3,110.0,2400,9.4,100
RES072-000728,2024-08-30,centro,1081.1,256.8,6000,21.0,100
RES072-000729,2024-08-30,sur,655.5,168.4,3600,21.2,100
RES072-000730,2024-08-31,norte,310.5,70.4,2400,17.2,60
RES072-000731,2024-08-31,centro,1127.0,187.6,6000,14.7,100
RES072-000732,2024-08-31,sur,668.1,170.4,3600,20.8,100
RES072-000733,2024-09-01,norte,462.7,109.4,2400,23.4,100
RES072-000734,2024-09-01,centro,1032.7,197.0,6000,8.3,100
RES072-000735,2024-09-01,sur,656.8,148.5,3600,9.8,100
RES072-000736,2024-09-02,norte,327.4,75.9,2400,14.2,60
RES072-000737,2024-09-02,centro,1264.4,265.4,6000,29.2,100
RES072-000738,2024-09-02,sur,738.6,165.9,3600,16.8,100
RES072-000739,2024-09-03,norte,504.6,130.3,2400,12.1,100
RES072-000740,2024-09-03,centro,1101.8,217.6,6000,11.2,100
RES072-000741,2024-09-03,sur,631.5,148.5,3600,29.3,100
RES072-000742,2024-09-04,norte,433.1,101.5,2400,12.0,100
RES072-000743,2024-09-04,centro,831.1,181.0,6000,22.2,80
RES072-000744,2024-09-04,sur,607.8,148.8,3600,22.7,80
RES072-000745,2024-09-05,norte,432.0,87.7,2400,24.3,100
RES072-000746,2024-09-05,centro,596.3,143.4,6000,29.0,60
RES072-000747,2024-09-05,sur,674.0,127.4,3600,26.4,100
RES072-000748,2024-09-06,norte,,90.0,2400,29.3,100
RES072-000749,2024-09-06,centro,935.9,202.7,6000,8.3,80
RES072-000750,2024-09-06,sur,511.5,127.6,3600,25.7,80
RES072-000751,2024-09-07,norte,266.1,63.8,2400,10.4,60
RES072-000752,2024-09-07,centro,594.7,111.0,6000,17.5,60
RES072-000753,2024-09-07,sur,687.2,152.6,3600,10.6,100
RES072-000754,2024-09-08,norte,214.8,47.7,2400,19.3,60
RES072-000755,2024-09-08,centro,1035.7,227.0,6000,15.3,100
RES072-000756,2024-09-08,sur,292.6,67.8,3600,26.2,60
RES072-000757,2024-09-09,norte,471.0,102.8,2400,27.4,100
RES072-000758,2024-09-09,centro,1310.7,270.5,6000,28.9,100
RES072-000759,2024-09-09,sur,672.2,153.2,3600,20.3,80
RES072-000761,2024-09-10,centro,822.6,188.7,6000,24.1,80
RES072-000762,2024-09-10,sur,665.2,179.6,3600,25.8,100
RES072-000763,2024-09-11,norte,387.8,74.9,2400,28.9,100
RES072-000764,2024-09-11,centro,815.6,181.6,6000,22.9,80
RES072-000765,2024-09-11,sur,571.2,134.6,3600,13.9,100
RES072-000766,2024-09-12,norte,464.3,106.0,2400,25.6,100
RES072-000767,2024-09-12,centro,860.9,203.7,6000,23.6,80
RES072-000768,2024-09-12,sur,501.9,120.3,3600,8.9,80
RES072-000769,2024-09-13,norte,445.3,128.7,2400,10.3,100
RES072-000770,2024-09-13,centro,1019.7,238.0,6000,17.5,100
RES072-000771,2024-09-13,sur,478.1,101.9,3600,20.5,80
RES072-000772,2024-09-14,norte,278.2,53.0,2400,29.0,60
RES072-000773,2024-09-14,centro,1082.9,236.1,6000,16.7,100
RES072-000774,2024-09-14,sur,362.2,71.0,3600,9.2,60
RES072-000775,2024-09-15,norte,466.4,107.9,2400,25.7,100
RES072-000776,2024-09-15,centro,1096.3,231.3,6000,18.2,100
RES072-000777,2024-09-15,sur,469.4,113.4,3600,9.8,80
RES072-000778,2024-09-16,norte,562.4,142.6,2400,15.0,100
RES072-000779,2024-02-30,centro,955.6,217.1,6000,28.7,80
RES072-000780,2024-09-16,sur,386.7,80.7,3600,21.2,60
RES072-000781,2024-09-17,norte,441.8,90.9,2400,23.9,100
RES072-000782,2024-09-17,centro,1094.4,256.6,6000,18.2,100
RES072-000783,2024-09-17,sur,622.5,160.0,3600,24.0,100
RES072-000784,2024-09-18,norte,400.8,84.5,2400,10.9,100
RES072-000785,2024-09-18,centro,1095.4,229.4,6000,28.7,100
RES072-000786,2024-09-18,sur,723.1,179.7,3600,28.6,100
RES072-000787,2024-09-19,norte,511.1,118.1,2400,22.3,100
RES072-000788,2024-09-19,centro,1093.6,196.9,6000,28.6,100
RES072-000789,2024-09-19,sur,589.9,143.9,3600,11.9,100
RES072-000790,2024-09-20,norte,306.5,72.5,2400,11.2,60
RES072-000791,2024-09-20,centro,1050.3,202.6,6000,12.3,100
RES072-000792,2024-09-20,sur,666.9,151.0,3600,17.6,100
RES072-000793,2024-09-21,norte,391.9,112.3,2400,11.7,80
RES072-000794,2024-09-21,centro,1083.3,272.5,6000,21.4,100
RES072-000795,2024-09-21,sur,599.4,132.3,3600,10.1,100
RES072-000796,2024-09-22,norte,493.4,116.5,2400,15.1,100
RES072-000797,2024-09-22,centro,613.6,117.0,6000,27.1,60
RES072-000798,2024-09-22,sur,690.4,178.6,3600,16.8,100
RES072-000799,2024-09-23,norte,553.4,139.4,2400,11.5,100
RES072-000800,2024-09-23,centro,1110.5,222.4,6000,22.5,100
RES072-000801,2024-09-23,sur,697.0,162.1,3600,23.6,100
RES072-000802,2024-09-24,norte,222.7,58.9,2400,28.4,60
RES072-000803,2024-09-24,centro,1093.6,229.0,6000,12.3,100
RES072-000804,2024-09-24,sur,613.6,160.5,3600,19.6,100
RES072-000805,2024-09-25,norte,321.3,69.8,2400,19.5,80
RES072-000806,2024-09-25,centro,667.4,138.4,6000,21.3,60
RES072-000807,2024-09-25,sur,461.8,96.4,3600,15.8,60
RES072-000808,2024-09-26,norte,506.1,144.4,2400,9.8,100
RES072-000809,2024-09-26,centro,646.8,149.8,6000,29.4,60
RES072-000810,2024-09-26,sur,671.2,167.8,3600,12.1,100
RES072-000811,2024-09-27,norte,425.3,102.5,2400,26.4,100
RES072-000812,2024-09-27,centro,1124.8,215.5,6000,16.6,100
RES072-000814,2024-09-28,norte,316.0,69.5,2400,29.3,60
RES072-000815,2024-09-28,centro,1018.4,228.2,6000,19.3,100
RES072-000816,2024-09-28,sur,451.4,119.4,3600,10.6,60
RES072-000817,2024-09-29,norte,403.9,108.3,2400,22.2,100
RES072-000818,2024-09-29,centro,1113.6,284.5,6000,25.3,100
RES072-000819,2024-09-29,sur,700.1,168.3,3600,14.8,100
RES072-000820,2024-09-30,norte,548.6,131.9,2400,20.6,100
RES072-000821,2024-09-30,centro,1174.9,207.9,6000,14.9,100
RES072-000822,2024-09-30,sur,700.6,155.2,3600,11.1,100
RES072-000823,2024-10-01,norte,422.4,90.6,2400,22.2,100
RES072-000824,2024-10-01,centro,1133.3,279.0,6000,19.7,100
RES072-000825,2024-10-01,sur,673.5,152.6,3600,18.3,100
RES072-000826,2024-10-02,norte,403.7,81.0,2400,21.6,80
RES072-000827,2024-10-02,centro,1072.0,265.3,6000,27.8,100
RES072-000828,2024-10-02,sur,677.8,135.7,3600,14.8,100
RES072-000829,2024-10-03,norte,242.7,61.4,2400,24.9,60
RES072-000830,2024-10-03,centro,1054.1,256.7,6000,18.8,100
RES072-000831,2024-10-03,sur,,127.2,3600,11.2,80
RES072-000832,2024-10-04,norte,386.4,105.4,2400,12.5,100
RES072-000833,2024-10-04,centro,1027.4,194.5,6000,20.9,100
RES072-000834,2024-10-04,sur,613.4,153.2,3600,9.1,100
RES072-000835,2024-10-05,norte,359.3,102.6,2400,23.7,100
RES072-000836,2024-10-05,centro,1019.0,241.5,6000,15.6,100
RES072-000837,2024-10-05,sur,521.8,118.0,3600,28.8,80
RES072-000838,2024-10-06,norte,336.0,75.0,2400,16.2,100
RES072-000839,2024-10-06,centro,1110.5,251.2,6000,10.4,100
RES072-000840,2024-10-06,sur,711.0,155.2,3600,15.1,100
RES072-000841,2024-10-07,norte,519.0,110.0,2400,21.1,100
RES072-000842,2024-10-07,centro,1238.1,236.9,6000,29.2,100
RES072-000843,2024-10-07,sur,732.6,162.5,3600,13.0,100
RES072-000844,2024-10-08,norte,433.8,95.9,2400,13.4,100
RES072-000845,2024-10-08,centro,"1033,4",212.2,6000,28.1,100
RES072-000846,2024-10-08,sur,688.3,138.6,3600,11.4,100
RES072-000847,2024-10-09,norte,465.2,96.3,2400,20.9,100
RES072-000848,2024-10-09,centro,1068.3,247.6,6000,22.4,100
RES072-000849,2024-10-09,sur,485.9,97.7,3600,21.5,80
RES072-000850,2024-10-10,norte,354.8,73.2,2400,25.3,80
RES072-000851,2024-10-10,centro,1067.9,213.6,6000,17.2,100
RES072-000852,2024-10-10,sur,585.0,114.6,3600,15.1,100
RES072-000853,2024-10-11,norte,437.9,100.6,2400,23.9,100
RES072-000854,2024-10-11,centro,1100.8,181.3,6000,15.9,100
RES072-000855,2024-10-11,sur,577.4,142.3,3600,28.1,80
RES072-000856,2024-10-12,norte,380.1,81.7,2400,12.1,100
RES072-000857,2024-10-12,centro,1154.3,231.0,6000,9.4,100
RES072-000858,2024-10-12,sur,275.9,61.0,3600,20.7,60
RES072-000859,2024-10-13,norte,392.5,76.3,2400,25.3,80
RES072-000860,2024-10-13,centro,1006.0,206.6,6000,17.8,100
RES072-000861,2024-10-13,sur,478.2,107.4,3600,24.4,80
RES072-000862,2024-10-14,norte,387.8,97.1,2400,9.5,80
RES072-000863,2024-10-14,centro,-999,233.0,6000,20.2,100
RES072-000864,2024-10-14,sur,526.0,123.4,3600,27.5,60
RES072-000865,2024-10-15,norte,395.1,99.7,2400,23.0,100
RES072-000867,2024-10-15,sur,440.2,100.8,3600,18.0,80
RES072-000868,2024-10-16,norte,448.1,109.0,2400,28.8,100
RES072-000869,2024-10-16,centro,619.5,109.3,6000,13.0,60
RES072-000870,2024-10-16,sur,691.8,126.3,3600,12.1,100
RES072-000871,2024-10-17,norte,422.9,97.6,2400,14.3,100
RES072-000872,2024-10-17,centro,528.7,116.6,6000,13.2,60
RES072-000873,2024-10-17,sur,614.6,106.2,3600,10.9,100
RES072-000874,2024-10-18,norte,386.1,90.4,2400,11.7,100
RES072-000875,2024-10-18,centro,879.5,193.5,6000,24.2,80
RES072-000876,2024-10-18,sur,673.8,141.4,3600,29.2,100
RES072-000877,2024-10-19,norte,434.0,116.8,2400,29.4,100
RES072-000878,2024-10-19,centro,1092.8,248.5,6000,20.8,100
RES072-000879,2024-10-19,sur,482.4,95.4,3600,25.7,80
RES072-000880,2024-10-20,norte,409.6,74.7,2400,21.4,100
RES072-000881,2024-10-20,centro,861.8,216.8,6000,12.8,80
RES072-000882,2024-10-20,sur,587.2,110.4,3600,13.4,100
RES072-000883,2024-10-21,norte,392.6,79.4,2400,15.4,80
RES072-000884,2024-10-21,centro,1204.7,268.2,6000,13.9,100
RES072-000885,2024-10-21,sur,409.9,103.6,3600,27.5,60
RES072-000886,2024-10-22,norte,181.3,40.6,2400,23.4,60
RES072-000887,2024-10-22,centro,1058.1,222.5,6000,15.8,100
RES072-000888,2024-10-22,sur,588.9,125.5,3600,10.0,100
RES072-000889,2024-10-23,norte,312.7,70.6,2400,29.9,60
RES072-000890,2024-10-23,centro,1142.4,243.7,6000,14.6,100
RES072-000891,2024-10-23,sur,727.5,158.5,3600,17.0,100
RES072-000892,2024-10-24,norte,413.1,99.7,2400,28.0,100
RES072-000893,2024-10-24,centro,1119.5,248.4,6000,17.7,100
RES072-000894,2024-10-24,sur,636.2,159.2,3600,25.0,100
RES072-000895,2024-10-25,norte,398.7,81.7,2400,15.0,100
RES072-000896,2024-10-25,centro,1115.8,216.3,6000,13.5,100
RES072-000897,2024-10-25,sur,526.2,119.8,3600,15.9,80
RES072-000898,2024-10-26,norte,413.7,93.7,2400,16.8,100
RES072-000899,2024-10-26,centro,1048.0,208.7,6000,9.6,100
RES072-000900,2024-10-26,sur,595.8,149.2,3600,28.8,100
RES072-000901,2024-10-27,norte,495.0,123.7,2400,18.6,100
RES072-000902,2024-10-27,centro,1113.1,251.0,6000,22.7,100
RES072-000903,2024-10-27,sur,675.4,167.8,3600,13.9,100
RES072-000904,2024-10-28,norte,458.5,90.9,2400,11.1,100
RES072-000905,2024-10-28,centro,1261.5,283.3,6000,11.2,100
RES072-000906,2024-10-28,sur,653.3,147.1,3600,16.2,100
RES072-000907,2024-10-29,norte,368.6,78.8,2400,27.7,80
RES072-000908,2024-10-29,centro,1103.3,241.4,6000,23.0,100
RES072-000909,2024-10-29,sur,540.4,148.2,3600,8.9,80
RES072-000910,2024-10-30,norte,324.1,75.1,2400,29.7,80
RES072-000911,2024-10-30,centro,1103.1,257.6,6000,24.0,100
RES072-000912,2024-10-30,sur,640.4,147.2,3600,15.1,100
RES072-000913,2024-10-31,norte,363.5,92.7,2400,8.7,80
RES072-000914,2024-10-31,centro,,243.2,6000,11.8,100
RES072-000915,2024-10-31,sur,570.1,129.4,3600,20.0,100
RES072-000916,2024-11-01,norte,384.7,75.1,2400,29.2,100
RES072-000917,2024-11-01,centro,1103.0,259.6,6000,10.8,100
RES072-000918,2024-11-01,sur,584.5,127.6,3600,8.7,100
RES072-000920,2024-11-02,centro,1073.4,207.5,6000,15.7,100
RES072-000921,2024-11-02,sur,357.3,68.6,3600,14.1,60
RES072-000922,2024-11-03,norte,432.0,94.7,2400,17.7,100
RES072-000923,2024-11-03,centro,620.5,134.5,6000,16.0,60
RES072-000924,2024-11-03,sur,629.5,110.3,3600,30.0,100
RES072-000925,2024-11-04,norte,459.3,94.5,2400,22.8,80
RES072-000926,2024-11-04,centro,714.6,151.2,6000,19.7,60
RES072-000927,2024-11-04,sur,756.0,168.5,3600,25.5,100
RES072-000928,2024-11-05,norte,438.0,92.5,2400,29.8,100
RES072-000929,2024-11-05,centro,808.6,178.8,6000,24.8,80
RES072-000930,2024-11-05,sur,481.3,111.4,3600,23.1,80
RES072-000931,2024-11-06,norte,514.3,121.6,2400,11.2,100
RES072-000932,2024-11-06,centro,1151.1,257.0,6000,20.8,100
RES072-000933,2024-11-06,sur,629.8,178.9,3600,18.1,100
RES072-000934,2024-11-07,norte,446.5,106.2,2400,24.3,80
RES072-000935,2024-11-07,centro,1085.3,202.4,6000,26.6,100
RES072-000936,2024-11-07,sur,536.7,101.9,3600,26.9,80
RES072-000937,2024-11-08,norte,454.4,102.2,2400,11.7,100
RES072-000938,2024-11-08,centro,1051.1,214.1,6000,9.8,100
RES072-000939,2024-11-08,sur,685.2,168.0,3600,8.6,100
RES072-000940,2024-11-09,norte,445.0,108.1,2400,14.2,100
RES072-000941,2024-11-09,centro,1136.8,270.0,6000,22.7,100
RES072-000942,2024-11-09,sur,693.8,199.7,3600,8.2,100
RES072-000943,2024-11-10,norte,394.3,93.0,2400,20.8,100
RES072-000944,2024-11-10,centro,1046.5,206.5,6000,25.4,100
RES072-000945,2024-11-10,sur,517.1,115.7,3600,14.6,80
RES072-000946,2024-11-11,norte,284.9,58.3,2400,9.8,60
RES072-000947,2024-11-11,centro,1248.8,237.0,6000,18.5,100
RES072-000948,2024-11-11,sur,455.8,117.1,3600,23.0,60
RES072-000949,2024-11-12,norte,430.8,79.9,2400,19.2,100
RES072-000950,2024-11-12,centro,905.9,185.2,6000,23.7,80
RES072-000951,2024-11-12,sur,643.5,132.2,3600,26.6,100
RES072-000952,2024-11-13,norte,403.6,87.4,2400,18.1,100
RES072-000953,2024-11-13,centro,683.4,135.9,6000,21.3,60
RES072-000954,2024-11-13,sur,662.8,158.5,3600,10.6,100
RES072-000955,2024-11-14,norte,201.2,55.0,2400,14.8,60
RES072-000956,2024-11-14,centro,863.7,152.6,6000,19.0,80
RES072-000957,2024-11-14,sur,636.0,143.7,3600,9.2,100
RES072-000958,2024-11-15,norte,344.2,73.7,2400,20.0,60
RES072-000959,2024-11-15,centro,601.1,126.9,6000,27.1,60
RES072-000960,2024-11-15,sur,630.4,132.9,3600,17.2,100
RES072-000961,2024-11-16,norte,387.4,92.9,2400,24.0,100
RES072-000962,2024-11-16,centro,774.1,150.1,6000,27.7,80
RES072-000963,2024-11-16,sur,719.0,166.9,3600,28.0,100
RES072-000964,2024-11-17,norte,322.9,93.2,2400,26.3,80
RES072-000965,2024-11-17,centro,822.8,130.7,6000,16.8,80
RES072-000966,2024-11-17,sur,603.6,152.9,3600,15.4,100
RES072-000967,2024-11-18,norte,507.9,106.9,2400,22.1,100
RES072-000968,2024-11-18,centro,1242.2,260.5,6000,11.2,100
RES072-000969,2024-11-18,sur,485.9,108.5,3600,20.4,60
RES072-000970,2024-11-19,norte,461.6,122.6,2400,21.4,100
RES072-000971,2024-11-19,centro,805.5,199.1,6000,24.1,80
RES072-000973,2024-11-20,norte,359.0,83.3,2400,22.8,80
RES072-000974,2024-11-20,centro,1082.8,176.7,6000,21.1,100
RES072-000975,2024-11-20,sur,419.9,98.5,3600,24.0,60
RES072-000976,2024-11-21,norte,448.3,111.2,2400,12.2,100
RES072-000977,2024-11-21,centro,836.9,165.1,6000,28.6,80
RES072-000978,2024-11-21,sur,528.1,126.1,3600,21.3,80
RES072-000979,2024-11-22,norte,254.8,39.4,2400,29.6,60
RES072-000980,2024-11-22,centro,1039.6,222.3,6000,15.4,100
RES072-000981,2024-11-22,sur,431.1,96.5,3600,24.6,80
RES072-000982,2024-11-23,norte,381.9,93.8,2400,11.7,80
RES072-000983,2024-11-23,centro,882.9,183.0,6000,10.6,80
RES072-000984,2024-11-23,sur,375.6,102.8,3600,26.8,60
RES072-000985,2024-11-24,norte,453.6,112.4,2400,11.0,100
RES072-000986,2024-11-24,centro,874.3,185.8,6000,23.4,80
RES072-000987,2024-11-24,sur,347.6,87.2,3600,21.9,60
RES072-000988,2024-11-25,norte,579.3,135.1,2400,18.3,100
RES072-000989,2024-11-25,centro,1220.2,221.8,6000,24.0,100
RES072-000990,2024-11-25,sur,533.2,132.1,3600,17.9,80
RES072-000991,2024-11-26,norte,486.6,119.7,2400,15.9,100
RES072-000992,2024-11-26,centro,1092.8,225.5,6000,24.3,100
RES072-000993,2024-11-26,sur,643.6,156.9,3600,21.3,100
RES072-000994,2024-11-27,norte,331.3,79.8,2400,22.1,80
RES072-000995,2024-11-27,centro,1066.4,221.1,6000,18.0,100
RES072-000996,2024-11-27,sur,587.4,133.4,3600,28.8,80
RES072-000997,2024-11-28,norte,,108.4,2400,22.1,100
RES072-000998,2024-11-28,centro,1107.4,221.3,6000,26.8,100
RES072-000999,2024-11-28,sur,611.9,127.0,3600,12.3,100
RES072-001000,2024-11-29,norte,302.9,76.7,2400,25.3,80
RES072-001001,2024-11-29,centro,1059.6,257.6,6000,23.6,100
RES072-001002,2024-11-29,sur,621.2,143.9,3600,17.1,100
RES072-001003,2024-11-30,norte,403.1,103.8,2400,26.0,80
RES072-001004,2024-11-30,centro,1185.4,260.7,6000,14.2,100
RES072-001005,2024-11-30,sur,393.5,87.6,3600,24.4,60
RES072-001006,2024-12-01,norte,494.3,110.5,2400,27.4,100
RES072-001007,2024-12-01,centro,1117.8,246.3,6000,22.6,100
RES072-001008,2024-12-01,sur,652.7,152.6,3600,23.3,100
RES072-001009,2024-12-02,norte,453.1,128.6,2400,16.8,100
RES072-001010,2024-12-02,centro,958.0,194.4,6000,17.4,80
RES072-001011,2024-12-02,sur,584.5,141.7,3600,20.1,80
RES072-001012,2024-12-03,norte,384.9,101.6,2400,23.0,100
RES072-001013,2024-12-03,centro,1181.7,280.9,6000,20.9,100
RES072-001014,2024-12-03,sur,576.3,148.3,3600,18.8,80
RES072-001015,2024-12-04,norte,447.3,93.9,2400,28.8,100
RES072-001016,2024-12-04,centro,1068.3,245.1,6000,8.7,100
RES072-001017,2024-12-04,sur,556.6,113.3,3600,13.6,100
RES072-001018,2024-12-05,norte,446.5,81.8,2400,20.8,100
RES072-001019,2024-12-05,centro,883.1,171.6,6000,15.7,80
RES072-001020,2024-12-05,sur,566.9,129.9,3600,19.1,100
RES072-001021,2024-12-06,norte,256.9,58.2,2400,10.1,80
RES072-001022,2024-12-06,centro,855.5,167.7,6000,19.2,80
RES072-001023,2024-12-06,sur,629.3,165.6,3600,26.7,80
RES072-001024,2024-12-07,norte,450.1,101.6,2400,15.4,100
RES072-001026,2024-12-07,sur,371.8,92.4,3600,23.5,60
RES072-001027,2024-12-08,norte,284.9,63.0,2400,8.5,60
RES072-001028,2024-12-08,centro,852.6,202.0,6000,25.4,80
RES072-001029,2024-12-08,sur,473.5,110.0,3600,11.8,80
RES072-001030,2024-12-09,norte,524.2,118.8,2400,22.0,100
RES072-001031,2024-12-09,centro,981.9,227.2,6000,30.0,80
RES072-001032,2024-12-09,sur,802.8,213.1,3600,28.8,100
RES072-001033,2024-12-10,norte,472.5,100.0,2400,29.6,100
RES072-001034,2024-12-10,centro,1045.9,175.0,6000,11.0,100
RES072-001035,2024-12-10,sur,749.2,167.9,3600,16.6,100
RES072-001036,2024-12-11,norte,407.3,75.8,2400,12.7,100
RES072-001037,2024-12-11,centro,1003.1,214.5,6000,8.1,100
RES072-001038,2024-12-11,sur,487.1,108.1,3600,8.7,80
RES072-001039,2024-12-12,norte,415.5,71.1,2400,29.3,100
RES072-001040,2024-12-12,centro,1071.3,219.0,6000,22.0,100
RES072-001041,2024-12-12,sur,630.3,140.7,3600,14.8,100
RES072-001042,2024-12-13,norte,438.6,99.1,2400,14.4,100
RES072-001043,2024-12-13,centro,1017.7,207.0,6000,24.3,100
RES072-001044,2024-12-13,sur,656.7,153.2,3600,15.8,100
RES072-001045,2024-12-14,norte,426.5,95.6,2400,11.6,100
RES072-001046,2024-12-14,centro,1041.8,237.0,6000,27.1,100
RES072-001047,2024-12-14,sur,695.8,143.4,3600,11.3,100
RES072-001048,2024-12-15,norte,338.8,55.6,2400,20.3,80
RES072-001049,2024-12-15,centro,659.4,130.2,6000,26.4,60
RES072-001050,2024-12-15,sur,543.4,110.1,3600,19.9,100
RES072-001051,2024-12-16,norte,477.3,101.0,2400,10.8,80
RES072-001052,2024-12-16,centro,1193.4,249.3,6000,16.9,100
RES072-001053,2024-12-16,sur,711.8,163.6,3600,21.4,100
RES072-001054,2024-12-17,norte,339.4,79.4,2400,25.6,80
RES072-001055,2024-12-17,centro,1057.6,170.6,6000,15.6,100
RES072-001056,2024-12-17,sur,"610,5",139.6,3600,23.6,100
RES072-001057,2024-12-18,norte,388.3,79.6,2400,29.7,100
RES072-001058,2024-12-18,centro,1138.7,243.6,6000,23.8,100
RES072-001059,2024-12-18,sur,618.7,144.5,3600,18.0,80
RES072-001060,2024-12-19,norte,237.6,55.8,2400,26.2,60
RES072-001061,2024-12-19,centro,1142.3,237.0,6000,10.3,100
RES072-001062,2024-12-19,sur,721.0,166.0,3600,18.4,100
RES072-001063,2024-12-20,norte,470.5,96.0,2400,23.4,100
RES072-001064,2024-12-20,centro,971.9,193.2,6000,17.8,100
RES072-001065,2024-12-20,sur,435.4,89.9,3600,8.7,60
RES072-001066,2024-12-21,norte,426.3,95.4,2400,24.7,100
RES072-001067,2024-12-21,centro,1062.6,241.4,6000,27.7,100
RES072-001068,2024-12-21,sur,625.0,146.8,3600,21.3,100
RES072-001069,2024-12-22,norte,477.2,114.2,2400,21.7,100
RES072-001070,2024-12-22,centro,1107.5,243.8,6000,8.8,100
RES072-001071,2024-12-22,sur,612.1,131.3,3600,15.4,100
RES072-001072,2024-12-23,norte,217.6,52.0,2400,15.5,60
RES072-001073,2024-12-23,centro,1235.4,243.7,6000,21.8,100
RES072-001074,2024-12-23,sur,705.7,172.5,3600,20.3,80
RES072-001075,2024-12-24,norte,434.7,121.4,2400,18.4,100
RES072-001076,2024-12-24,centro,890.4,192.0,6000,12.1,80
RES072-001077,2024-12-24,sur,658.9,122.6,3600,12.0,100
RES072-001079,2024-12-25,centro,1056.1,180.0,6000,9.6,100
RES072-001080,2024-12-25,sur,,173.0,3600,28.0,100
RES072-001081,2024-12-26,norte,327.3,84.0,2400,8.8,80
RES072-001082,2024-12-26,centro,1104.1,234.9,6000,27.3,100
RES072-001083,2024-12-26,sur,692.4,161.1,3600,9.9,100
RES072-001084,2024-12-27,norte,437.4,108.3,2400,15.9,80
RES072-001085,2024-12-27,centro,615.1,126.3,6000,16.2,60
RES072-001086,2024-12-27,sur,380.7,83.2,3600,25.3,60
RES072-001087,2024-12-28,norte,177.5,36.9,2400,23.5,60
RES072-001088,2024-12-28,centro,1025.3,206.3,6000,16.3,100
RES072-001089,2024-12-28,sur,638.6,155.1,3600,24.1,100
RES072-001090,2024-12-29,norte,473.2,90.3,2400,23.3,100
RES072-001091,2024-12-29,centro,1009.8,236.3,6000,19.6,100
RES072-001092,2024-12-29,sur,687.1,135.9,3600,28.6,100
RES072-001093,2024-12-30,norte,511.7,122.2,2400,11.7,100
RES072-001094,2024-12-30,centro,918.8,168.1,6000,26.9,80
RES072-001095,2024-12-30,sur,526.5,132.7,3600,8.1,60
RES072-001096,2024-12-31,norte,227.4,38.7,2400,15.0,60
RES072-001097,2024-12-31,centro,1144.1,259.4,6000,20.6,100
RES072-001098,2024-12-31,sur,401.2,99.3,3600,15.2,60
RES072-001099,2025-01-01,norte,416.6,69.3,2400,26.8,100
RES072-001100,2025-01-01,centro,1000.1,236.2,6000,15.6,100
RES072-001101,2025-01-01,sur,657.6,141.1,3600,23.0,100
RES072-001102,2025-01-02,norte,368.6,73.6,2400,16.4,80
RES072-001103,2025-01-02,centro,869.5,181.2,6000,23.8,80
RES072-001104,2025-01-02,sur,552.0,114.7,3600,25.0,80
RES072-001105,2025-01-03,norte,324.5,81.8,2400,17.5,80
RES072-001106,2025-01-03,centro,1085.8,192.6,6000,26.2,100
RES072-001107,2025-01-03,sur,611.2,140.9,3600,11.7,100
RES072-001108,2025-01-04,norte,461.9,105.6,2400,16.6,100
RES072-001109,2025-01-04,centro,1066.8,236.3,6000,10.0,100
RES072-001110,2025-01-04,sur,646.0,158.7,3600,27.5,100
RES072-001111,2025-01-05,norte,425.9,92.5,2400,12.3,100
RES072-001112,2025-01-05,centro,1138.1,216.4,6000,14.1,100
RES072-001113,2025-01-05,sur,670.5,158.3,3600,14.6,100
RES072-001114,2025-01-06,norte,303.4,73.9,2400,19.7,60
RES072-001115,2025-01-06,centro,1290.2,250.0,6000,17.2,100
RES072-001116,2025-01-06,sur,555.9,129.8,3600,16.5,80
RES072-001117,2025-01-07,norte,422.6,92.6,2400,28.7,80
RES072-001118,2025-01-07,centro,1071.2,235.1,6000,11.5,100
RES072-001119,2025-01-07,sur,709.3,162.3,3600,21.7,100
RES072-001120,2025-01-08,norte,464.2,96.6,2400,14.0,100
RES072-001121,2025-01-08,centro,1100.6,256.0,6000,16.7,100
RES072-001122,2025-01-08,sur,479.2,125.5,3600,25.8,80
RES072-001123,2025-01-09,norte,446.6,106.2,2400,18.9,100
RES072-001124,2025-01-09,centro,1101.2,239.4,6000,27.1,100
RES072-001125,2025-01-09,sur,624.2,144.7,3600,24.6,100
RES072-001126,2025-01-10,norte,415.2,86.9,2400,28.3,100
RES072-001127,2025-01-10,centro,1093.4,209.2,6000,25.9,100
RES072-001128,2025-01-10,sur,606.9,139.8,3600,23.7,100
RES072-001129,2025-01-11,norte,234.9,45.8,2400,25.9,60
RES072-001130,2025-01-11,centro,1163.4,259.2,6000,29.6,100
RES072-001132,2025-01-12,norte,446.4,104.9,2400,28.8,100
RES072-001133,2025-01-12,centro,1123.6,243.6,6000,25.9,100
RES072-001134,2025-01-12,sur,618.7,138.2,3600,8.8,100
RES072-001135,2025-01-13,norte,335.2,92.3,2400,29.8,60
RES072-001136,2025-01-13,centro,835.6,185.8,6000,14.5,60
RES072-001137,2025-01-13,sur,745.2,154.8,3600,18.6,100
RES072-001138,2025-01-14,norte,464.1,110.2,2400,8.1,100
RES072-001139,2025-01-14,centro,1038.4,220.2,6000,29.2,100
RES072-001140,2025-01-14,sur,544.9,159.6,3600,22.8,80
RES072-001141,2025-01-15,norte,378.6,78.2,2400,20.4,100
RES072-001142,2025-01-15,centro,1084.1,234.1,6000,18.3,100
RES072-001143,2025-01-15,sur,618.0,143.6,3600,29.3,100
RES072-001144,2025-01-16,norte,314.6,72.6,2400,14.4,80
RES072-001145,2025-01-16,centro,1067.7,272.2,6000,13.3,100
RES072-001146,2025-01-16,sur,359.8,80.6,3600,28.2,60
RES072-001147,2025-01-17,norte,404.4,93.9,2400,8.8,100
RES072-001148,2025-01-17,centro,1073.8,228.4,6000,22.9,100
RES072-001149,2025-01-17,sur,688.0,147.7,3600,19.9,100
RES072-001150,2025-01-18,norte,490.5,114.8,2400,26.5,100
RES072-001151,2025-01-18,centro,821.2,170.3,6000,16.2,80
RES072-001152,2025-01-18,sur,564.5,112.0,3600,19.9,100
RES072-001153,2025-01-19,norte,434.6,112.0,2400,16.7,100
RES072-001154,2025-01-19,centro,592.9,94.1,6000,14.3,60
RES072-001155,2025-01-19,sur,601.0,118.7,3600,20.3,100
RES072-001156,2025-01-20,norte,473.9,115.7,2400,13.8,80
RES072-001157,2025-01-20,centro,1183.9,251.6,6000,8.4,100
RES072-001158,2025-01-20,sur,769.7,179.5,3600,23.0,100
RES072-001159,2025-01-21,norte,288.8,71.4,2400,13.6,60
RES072-001160,2025-01-21,centro,1105.3,222.8,6000,9.2,100
RES072-001161,2025-01-21,sur,628.8,136.8,3600,10.3,100
RES072-001162,2025-01-22,norte,393.0,92.0,2400,17.2,80
RES072-001163,2025-01-22,centro,,240.1,6000,19.8,100
RES072-001164,2025-01-22,sur,540.7,123.5,3600,14.6,80
RES072-001165,2025-01-23,norte,377.0,101.1,2400,13.2,100
RES072-001166,2025-01-23,centro,596.7,96.7,6000,9.2,60
RES072-001167,2025-01-23,sur,620.9,140.5,3600,10.7,100
RES072-001168,2024-02-30,norte,431.6,105.6,2400,22.9,100
RES072-001169,2025-01-24,centro,1065.9,242.3,6000,15.9,100
RES072-001170,2025-01-24,sur,633.0,143.8,3600,19.9,80
RES072-001171,2025-01-25,norte,442.0,98.3,2400,16.0,100
RES072-001172,2025-01-25,centro,1127.3,193.6,6000,24.9,100
RES072-001173,2025-01-25,sur,657.7,146.5,3600,18.6,100
RES072-001174,2025-01-26,norte,308.3,70.6,2400,28.4,60
RES072-001175,2025-01-26,centro,1049.5,198.6,6000,19.4,100
RES072-001176,2025-01-26,sur,622.6,130.2,3600,24.8,100
RES072-001177,2025-01-27,norte,434.9,84.3,2400,25.8,100
RES072-001178,2025-01-27,centro,1174.1,236.8,6000,16.6,100
RES072-001179,2025-01-27,sur,811.6,153.0,3600,15.5,100
RES072-001180,2025-01-28,norte,451.7,113.4,2400,11.8,100
RES072-001181,2025-01-28,centro,1085.1,255.8,6000,29.7,100
RES072-001182,2025-01-28,sur,478.5,103.7,3600,9.3,80
RES072-001183,2025-01-29,norte,397.2,86.4,2400,23.1,100
RES072-001185,2025-01-29,sur,635.8,149.9,3600,27.4,100
RES072-001186,2025-01-30,norte,279.5,55.6,2400,11.4,80
RES072-001187,2025-01-30,centro,776.4,164.0,6000,21.4,80
RES072-001188,2025-01-30,sur,661.6,147.1,3600,8.6,100
RES072-001189,2025-01-31,norte,319.1,52.1,2400,15.8,60
RES072-001190,2025-01-31,centro,669.4,147.2,6000,19.3,60
RES072-001191,2025-01-31,sur,476.2,106.1,3600,9.8,80
RES072-001192,2025-02-01,norte,408.0,85.8,2400,19.6,100
RES072-001193,2025-02-01,centro,1125.4,204.7,6000,10.7,100
RES072-001194,2025-02-01,sur,623.3,133.1,3600,26.8,100
RES072-001195,2025-02-02,norte,391.0,97.8,2400,9.9,100
RES072-001196,2025-02-02,centro,809.2,188.1,6000,17.1,80
RES072-001197,2025-02-02,sur,744.2,174.2,3600,9.6,100
RES072-001198,2025-02-03,norte,478.9,124.6,2400,11.9,100
RES072-001199,2025-02-03,centro,723.7,126.8,6000,8.9,60
RES072-001200,2025-02-03,sur,741.8,152.3,3600,10.0,100
RES072-001201,2025-02-04,norte,323.2,61.6,2400,19.3,80
RES072-001202,2025-02-04,centro,1105.3,183.0,6000,19.2,100
RES072-001203,2025-02-04,sur,487.8,112.8,3600,12.3,80
RES072-001204,2025-02-05,norte,434.2,95.6,2400,26.0,100
RES072-001205,2025-02-05,centro,1027.5,239.4,6000,19.3,100
RES072-001206,2025-02-05,sur,676.1,171.2,3600,9.3,100
RES072-001207,2025-02-06,norte,267.3,64.7,2400,16.4,60
RES072-001208,2025-02-06,centro,1122.0,256.2,6000,23.7,100
RES072-001209,2025-02-06,sur,610.3,178.2,3600,16.6,100
RES072-001210,2025-02-07,norte,407.4,104.4,2400,15.5,80
RES072-001211,2025-02-07,centro,1024.6,237.8,6000,16.7,100
RES072-001212,2025-02-07,sur,602.4,138.8,3600,26.4,100
RES072-001213,2025-02-08,norte,382.1,100.7,2400,23.3,100
RES072-001214,2025-02-08,centro,1130.2,169.1,6000,13.1,100
RES072-001215,2025-02-08,sur,679.6,181.9,3600,17.7,100
RES072-001216,2025-02-09,norte,286.4,54.2,2400,23.9,60
RES072-001217,2025-02-09,centro,1107.9,208.3,6000,24.3,100
RES072-001218,2025-02-09,sur,568.6,131.9,3600,19.0,80
RES072-001219,2025-02-10,norte,423.4,107.1,2400,17.1,80
RES072-001220,2025-02-10,centro,1011.4,200.3,6000,25.3,80
RES072-001221,2025-02-10,sur,513.8,109.1,3600,22.2,80
RES072-001222,2025-02-11,norte,350.5,79.4,2400,25.8,80
RES072-001223,2025-02-11,centro,879.2,208.5,6000,11.0,80
RES072-001224,2025-02-11,sur,640.3,150.9,3600,18.5,100
RES072-001225,2025-02-12,norte,446.3,104.9,2400,8.4,80
RES072-001226,2025-02-12,centro,1002.2,191.9,6000,27.6,100
RES072-001227,2025-02-12,sur,655.4,146.9,3600,16.2,100
RES072-001228,2025-02-13,norte,490.0,93.9,2400,26.0,100
RES072-001229,2025-02-13,centro,1080.4,251.5,6000,23.3,100
RES072-001230,2025-02-13,sur,613.6,131.0,3600,19.8,100
RES072-001231,2025-02-14,norte,436.1,88.5,2400,15.6,100
RES072-001232,2025-02-14,centro,600.9,129.8,6000,22.4,60
RES072-001233,2025-02-14,sur,362.9,77.7,3600,17.6,60
RES072-001234,2025-02-15,norte,488.8,120.6,2400,26.6,100
RES072-001235,2025-02-15,centro,1147.8,237.7,6000,13.6,100
RES072-001236,2025-02-15,sur,669.9,158.7,3600,9.7,100
RES072-001238,2025-02-16,centro,671.1,146.8,6000,26.8,60
RES072-001239,2025-02-16,sur,709.1,156.3,3600,22.2,100
RES072-001240,2025-02-17,norte,478.5,102.9,2400,8.3,100
RES072-001241,2025-02-17,centro,1288.7,252.7,6000,29.8,100
RES072-001242,2025-02-17,sur,697.5,143.5,3600,13.0,100
RES072-001243,2025-02-18,norte,419.0,85.9,2400,29.6,100
RES072-001244,2025-02-18,centro,1037.4,221.0,6000,29.1,100
RES072-001245,2025-02-18,sur,680.0,141.7,3600,11.8,100
RES072-001246,2025-02-19,norte,,109.3,2400,18.6,100
RES072-001247,2025-02-19,centro,627.2,128.5,6000,25.8,60
RES072-001248,2025-02-19,sur,720.1,125.6,3600,29.2,100
RES072-001249,2025-02-20,norte,447.2,108.0,2400,26.4,100
RES072-001250,2025-02-20,centro,1064.3,231.5,6000,23.7,100
RES072-001251,2025-02-20,sur,407.4,100.6,3600,26.8,60
RES072-001252,2025-02-21,norte,314.9,64.5,2400,20.8,80
RES072-001253,2025-02-21,centro,856.3,221.2,6000,17.1,80
RES072-001254,2025-02-21,sur,617.6,117.3,3600,30.0,100
RES072-001255,2025-02-22,norte,383.3,95.5,2400,14.2,80
RES072-001256,2025-02-22,centro,1051.5,213.0,6000,29.2,100
RES072-001257,2025-02-22,sur,674.5,142.5,3600,23.9,100
RES072-001258,2025-02-23,norte,504.1,98.8,2400,20.2,100
RES072-001259,2025-02-23,centro,580.2,97.7,6000,28.0,60
RES072-001260,2025-02-23,sur,691.7,153.9,3600,16.4,100
RES072-001261,2025-02-24,norte,359.5,85.1,2400,21.8,80
RES072-001262,2025-02-24,centro,784.0,165.9,6000,10.8,60
RES072-001263,2025-02-24,sur,479.6,111.4,3600,19.6,60
RES072-001264,2025-02-25,norte,362.0,86.9,2400,15.0,100
RES072-001265,2025-02-25,centro,702.9,160.6,6000,25.9,60
RES072-001266,2025-02-25,sur,582.6,130.1,3600,19.9,100
RES072-001267,2025-02-26,norte,"438,3",119.4,2400,26.1,100
RES072-001268,2025-02-26,centro,882.3,212.0,6000,27.1,80
RES072-001269,2025-02-26,sur,570.7,110.6,3600,9.4,100
RES072-001270,2025-02-27,norte,443.1,110.4,2400,24.6,100
RES072-001271,2025-02-27,centro,686.3,142.6,6000,25.2,60
RES072-001272,2025-02-27,sur,646.3,148.9,3600,23.1,100
RES072-001273,2025-02-28,norte,453.3,111.4,2400,19.6,100
RES072-001274,2025-02-28,centro,1091.3,226.8,6000,10.4,100
RES072-001275,2025-02-28,sur,444.4,104.5,3600,8.6,60
RES072-001276,2025-03-01,norte,291.8,61.5,2400,21.8,60
RES072-001277,2025-03-01,centro,1061.7,257.5,6000,19.3,100
RES072-001278,2025-03-01,sur,523.4,135.5,3600,15.9,80
RES072-001279,2025-03-02,norte,421.1,101.1,2400,10.7,100
RES072-001280,2025-03-02,centro,1110.7,242.0,6000,17.1,100
RES072-001281,2025-03-02,sur,536.4,105.4,3600,29.9,80
RES072-001282,2025-03-03,norte,224.0,49.3,2400,24.4,60
RES072-001283,2025-03-03,centro,1298.6,222.0,6000,21.7,100
RES072-001284,2025-03-03,sur,686.8,180.2,3600,21.6,100
RES072-001285,2025-03-04,norte,242.6,60.2,2400,9.0,60
RES072-001286,2025-03-04,centro,1083.3,215.4,6000,21.6,100
RES072-001287,2025-03-04,sur,579.0,139.1,3600,26.8,100
RES072-001288,2025-03-05,norte,407.0,96.6,2400,9.5,80
RES072-001289,2025-03-05,centro,832.6,188.7,6000,14.0,80
RES072-001291,2025-03-06,norte,478.7,102.2,2400,28.3,100
RES072-001292,2025-03-06,centro,674.3,132.9,6000,26.5,60
RES072-001293,2025-03-06,sur,645.2,111.4,3600,25.0,100
RES072-001294,2025-03-07,norte,-999,89.3,2400,8.4,80
RES072-001295,2025-03-07,centro,1095.7,247.2,6000,26.7,100
RES072-001296,2025-03-07,sur,741.9,184.3,3600,22.3,100
RES072-001297,2025-03-08,norte,327.6,77.5,2400,27.1,80
RES072-001298,2025-03-08,centro,612.8,108.9,6000,12.1,60
RES072-001299,2025-03-08,sur,598.2,134.8,3600,21.1,100
RES072-001300,2025-03-09,norte,313.7,69.6,2400,16.4,80
RES072-001301,2025-03-09,centro,1110.7,202.5,6000,30.0,100
RES072-001302,2025-03-09,sur,479.1,116.4,3600,29.4,80
RES072-001303,2025-03-10,norte,402.9,81.9,2400,26.4,80
RES072-001304,2025-03-10,centro,981.7,207.1,6000,9.4,80
RES072-001305,2025-03-10,sur,744.9,191.8,3600,19.0,100
RES072-001306,2025-03-11,norte,416.9,62.5,2400,25.1,100
RES072-001307,2025-03-11,centro,650.6,143.9,6000,16.8,60
RES072-001308,2025-03-11,sur,428.5,91.8,3600,29.6,60
RES072-001309,2025-03-12,norte,251.5,58.6,2400,23.0,60
RES072-001310,2025-03-12,centro,923.5,194.1,6000,23.1,80
RES072-001311,2025-03-12,sur,691.6,194.4,3600,13.6,100
RES072-001312,2025-03-13,norte,454.4,105.8,2400,13.5,100
RES072-001313,2025-03-13,centro,791.2,187.9,6000,27.6,80
RES072-001314,2025-03-13,sur,668.5,157.2,3600,14.7,100
RES072-001315,2025-03-14,norte,418.5,97.5,2400,11.6,100
RES072-001316,2025-03-14,centro,750.9,147.2,6000,25.2,60
RES072-001317,2025-03-14,sur,601.1,154.7,3600,18.5,100
RES072-001318,2025-03-15,norte,275.0,59.7,2400,10.7,60
RES072-001319,2025-03-15,centro,588.9,137.1,6000,11.3,60
RES072-001320,2025-03-15,sur,670.5,120.8,3600,20.4,100
RES072-001321,2025-03-16,norte,360.0,95.1,2400,28.8,100
RES072-001322,2025-03-16,centro,884.8,203.3,6000,24.8,80
RES072-001323,2025-03-16,sur,723.2,173.5,3600,20.9,100
RES072-001324,2025-03-17,norte,491.3,114.4,2400,22.6,100
RES072-001325,2025-03-17,centro,1246.8,275.7,6000,25.6,100
RES072-001326,2025-03-17,sur,796.5,174.7,3600,26.9,100
RES072-001327,2025-03-18,norte,228.1,56.4,2400,18.8,60
RES072-001328,2025-03-18,centro,1109.0,239.3,6000,13.7,100
RES072-001329,2025-03-18,sur,,126.4,3600,18.4,100
RES072-001330,2025-03-19,norte,324.6,79.6,2400,27.7,60
RES072-001331,2025-03-19,centro,1010.8,192.4,6000,9.3,100
RES072-001332,2025-03-19,sur,493.5,106.5,3600,22.6,80
RES072-001333,2025-03-20,norte,441.8,91.8,2400,26.4,100
RES072-001334,2025-03-20,centro,620.7,130.8,6000,23.5,60
RES072-001335,2025-03-20,sur,643.4,126.2,3600,24.9,100
RES072-001336,2025-03-21,norte,487.3,123.4,2400,28.2,100
RES072-001337,2025-03-21,centro,1016.7,182.5,6000,11.5,100
RES072-001338,2025-03-21,sur,443.5,105.1,3600,24.9,80
RES072-001339,2025-03-22,norte,215.2,55.9,2400,24.5,60
RES072-001340,2025-03-22,centro,1024.9,201.6,6000,14.1,100
RES072-001341,2025-03-22,sur,651.0,141.9,3600,23.0,100
RES072-001342,2025-03-23,norte,397.4,77.9,2400,11.0,100
RES072-001344,2025-03-23,sur,433.9,114.1,3600,29.7,80
RES072-001345,2025-03-24,norte,395.5,79.3,2400,22.8,80
RES072-001346,2025-03-24,centro,759.8,143.8,6000,18.9,60
RES072-001347,2025-03-24,sur,751.0,182.3,3600,19.4,100
RES072-001348,2025-03-25,norte,447.6,87.4,2400,14.5,100
RES072-001349,2025-03-25,centro,1148.8,249.9,6000,15.5,100
RES072-001350,2025-03-25,sur,434.7,97.7,3600,14.1,60
RES072-001351,2025-03-26,norte,383.4,83.0,2400,9.9,100
RES072-001352,2025-03-26,centro,1020.1,200.7,6000,17.8,100
RES072-001353,2025-03-26,sur,683.6,140.8,3600,18.2,100
RES072-001354,2025-03-27,norte,243.7,40.9,2400,28.6,60
RES072-001355,2025-03-27,centro,806.7,184.9,6000,25.7,80
RES072-001356,2025-03-27,sur,332.7,85.6,3600,19.0,60
RES072-001357,2025-03-28,norte,561.7,123.1,2400,11.3,100
RES072-001358,2025-03-28,centro,831.0,158.6,6000,26.0,80
RES072-001359,2025-03-28,sur,712.8,131.0,3600,26.1,100
RES072-001360,2025-03-29,norte,336.2,59.2,2400,9.9,80
RES072-001361,2025-03-29,centro,780.7,143.1,6000,17.0,80
RES072-001362,2025-03-29,sur,602.2,124.7,3600,22.8,100
RES072-001363,2025-03-30,norte,369.8,69.1,2400,24.1,100
RES072-001364,2025-03-30,centro,653.4,137.1,6000,20.9,60
RES072-001365,2025-03-30,sur,704.7,140.0,3600,24.4,100
RES072-001366,2025-03-31,norte,336.0,94.9,2400,27.6,60
RES072-001367,2025-03-31,centro,941.5,190.1,6000,24.2,80
RES072-001368,2025-03-31,sur,776.3,195.2,3600,13.7,100
RES072-001369,2025-04-01,norte,416.8,102.4,2400,20.1,100
RES072-001370,2025-04-01,centro,1090.2,243.2,6000,16.8,100
RES072-001371,2025-04-01,sur,594.1,133.1,3600,16.3,100
RES072-001372,2025-04-02,norte,359.4,87.4,2400,18.5,100
RES072-001373,2025-04-02,centro,1117.2,232.9,6000,9.5,100
RES072-001374,2025-04-02,sur,684.3,143.0,3600,26.0,100
RES072-001375,2025-04-03,norte,463.4,98.8,2400,27.2,100
RES072-001376,2025-04-03,centro,624.3,134.0,6000,20.0,60
RES072-001377,2025-04-03,sur,355.3,75.3,3600,9.3,60
RES072-001378,2025-04-04,norte,338.9,75.4,2400,8.5,80
RES072-001379,2025-04-04,centro,1133.4,239.6,6000,15.3,100
RES072-001380,2025-04-04,sur,385.2,92.5,3600,21.1,60
RES072-001381,2025-04-05,norte,277.9,69.9,2400,12.1,60
RES072-001382,2025-04-05,centro,1129.8,216.5,6000,27.6,100
RES072-001383,2025-04-05,sur,638.7,150.9,3600,29.5,100
RES072-001384,2025-04-06,norte,211.8,50.0,2400,13.6,60
RES072-001385,2025-04-06,centro,578.9,120.3,6000,26.8,60
RES072-001386,2025-04-06,sur,696.6,154.7,3600,15.1,100
RES072-001387,2025-04-07,norte,506.6,146.3,2400,8.3,100
RES072-001388,2025-04-07,centro,1332.6,320.2,6000,22.2,100
RES072-001389,2025-04-07,sur,646.1,142.3,3600,22.0,80
RES072-001390,2025-04-08,norte,244.9,55.7,2400,14.9,60
RES072-001391,2025-04-08,centro,844.9,182.0,6000,29.2,80
RES072-001392,2025-04-08,sur,632.3,135.8,3600,13.9,100
RES072-001393,2025-04-09,norte,311.5,64.2,2400,12.4,60
RES072-001394,2025-04-09,centro,1094.0,195.2,6000,13.8,100
RES072-001395,2025-04-09,sur,559.1,127.0,3600,24.4,80
RES072-001397,2025-04-10,centro,939.3,225.6,6000,9.9,80
RES072-001398,2025-04-10,sur,637.2,101.4,3600,23.8,100
RES072-001399,2025-04-11,norte,428.9,102.6,2400,16.7,100
RES072-001400,2025-04-11,centro,1064.6,210.2,6000,10.4,100
RES072-001401,2025-04-11,sur,568.6,122.1,3600,29.5,80
RES072-001402,2025-04-12,norte,339.5,82.2,2400,26.3,100
RES072-001403,2025-04-12,centro,1004.3,180.7,6000,19.1,100
RES072-001404,2025-04-12,sur,662.0,133.9,3600,23.5,100
RES072-001405,2025-04-13,norte,375.0,103.2,2400,22.7,80
RES072-001406,2025-04-13,centro,1122.8,222.7,6000,25.7,100
RES072-001407,2025-04-13,sur,507.1,138.0,3600,27.9,80
RES072-001408,2025-04-14,norte,309.7,63.2,2400,24.1,60
RES072-001409,2025-04-14,centro,1221.5,263.7,6000,16.0,100
RES072-001410,2025-04-14,sur,409.9,104.9,3600,8.9,60
RES072-001411,2025-04-15,norte,302.7,63.8,2400,29.7,60
RES072-001412,2025-04-15,centro,,111.6,6000,28.0,60
RES072-001413,2025-04-15,sur,608.0,181.6,3600,19.7,100
RES072-001414,2025-04-16,norte,429.4,115.4,2400,24.8,100
RES072-001415,2025-04-16,centro,653.0,136.2,6000,19.0,60
RES072-001416,2025-04-16,sur,664.9,152.2,3600,20.3,100
RES072-001417,2025-04-17,norte,256.7,61.6,2400,27.1,60
RES072-001418,2025-04-17,centro,1078.6,258.9,6000,27.5,100
RES072-001419,2025-04-17,sur,715.7,180.4,3600,13.8,100
RES072-001420,2025-04-18,norte,453.5,113.7,2400,19.5,100
RES072-001421,2025-04-18,centro,1156.9,276.8,6000,25.6,100
RES072-001422,2025-04-18,sur,378.8,88.4,3600,10.4,60
RES072-001423,2025-04-19,norte,326.3,79.6,2400,10.2,80
RES072-001424,2025-04-19,centro,1059.5,207.8,6000,8.5,100
RES072-001425,2025-04-19,sur,688.9,158.7,3600,8.8,100
RES072-001426,2025-04-20,norte,456.8,96.9,2400,9.3,100
RES072-001427,2025-04-20,centro,1098.8,221.9,6000,20.6,100
RES072-001428,2025-04-20,sur,653.6,160.1,3600,21.4,100
RES072-001429,2025-04-21,norte,582.0,132.1,2400,17.2,100
RES072-001430,2025-04-21,centro,739.6,148.3,6000,28.6,60
RES072-001431,2025-04-21,sur,732.4,168.5,3600,26.6,100
RES072-001432,2025-04-22,norte,437.8,93.0,2400,24.8,100
RES072-001433,2025-04-22,centro,1136.9,224.7,6000,9.7,100
RES072-001434,2025-04-22,sur,601.3,131.8,3600,25.8,100
RES072-001435,2025-04-23,norte,460.1,117.0,2400,10.7,100
RES072-001436,2025-04-23,centro,997.1,186.4,6000,24.2,100
RES072-001437,2025-04-23,sur,621.6,131.0,3600,18.5,100
RES072-001438,2025-04-24,norte,350.6,74.1,2400,28.2,80
RES072-001439,2025-04-24,centro,1066.8,166.9,6000,24.6,100
RES072-001440,2025-04-24,sur,368.8,65.2,3600,22.3,60
RES072-001441,2025-04-25,norte,409.5,114.2,2400,17.0,100
RES072-001442,2025-04-25,centro,1060.0,231.3,6000,28.5,100
RES072-001443,2025-04-25,sur,521.6,124.1,3600,21.4,80
RES072-001444,2025-04-26,norte,379.5,95.3,2400,29.6,100
RES072-001445,2025-04-26,centro,867.4,190.5,6000,24.8,80
RES072-001446,2025-04-26,sur,503.8,106.2,3600,21.3,80
RES072-001447,2025-04-27,norte,273.9,65.2,2400,9.6,60
RES072-001448,2025-04-27,centro,880.1,178.0,6000,25.7,80
RES072-001450,2025-04-28,norte,265.6,50.5,2400,10.3,60
RES072-001451,2025-04-28,centro,983.6,181.1,6000,22.8,80
RES072-001452,2025-04-28,sur,658.6,143.2,3600,20.7,80
RES072-001453,2025-04-29,norte,420.2,100.3,2400,18.7,100
RES072-001454,2025-04-29,centro,1045.0,219.5,6000,21.0,100
RES072-001455,2025-04-29,sur,678.1,138.6,3600,27.4,100
RES072-001456,2025-04-30,norte,415.8,93.5,2400,24.8,80
RES072-001457,2025-04-30,centro,1080.7,288.9,6000,14.9,100
RES072-001458,2025-04-30,sur,617.7,131.3,3600,26.3,100
RES072-001459,2025-05-01,norte,484.7,108.5,2400,21.9,100
RES072-001460,2025-05-01,centro,1047.5,206.8,6000,12.8,100
RES072-001461,2025-05-01,sur,620.6,129.2,3600,23.7,100
RES072-001462,2025-05-02,norte,487.7,103.0,2400,24.3,100
RES072-001463,2025-05-02,centro,1060.0,197.6,6000,28.4,100
RES072-001464,2025-05-02,sur,375.3,88.0,3600,13.4,60
RES072-001465,2025-05-03,norte,386.4,86.4,2400,27.1,100
RES072-001466,2025-05-03,centro,1074.2,251.4,6000,11.8,100
RES072-001467,2025-05-03,sur,623.0,147.3,3600,18.5,100
RES072-001468,2025-05-04,norte,376.4,101.2,2400,27.4,100
RES072-001469,2025-05-04,centro,1053.4,254.7,6000,29.3,100
RES072-001470,2025-05-04,sur,598.7,133.0,3600,16.9,100
RES072-001471,2025-05-05,norte,412.6,112.5,2400,26.1,80
RES072-001472,2025-05-05,centro,945.0,225.8,6000,25.0,80
RES072-001473,2025-05-05,sur,678.2,150.3,3600,11.3,100
RES072-001474,2025-05-06,norte,344.8,88.7,2400,15.2,80
RES072-001475,2025-05-06,centro,1103.3,283.5,6000,22.1,100
RES072-001476,2025-05-06,sur,585.1,115.4,3600,18.4,80
RES072-001477,2025-05-07,norte,499.1,110.2,2400,8.5,100
RES072-001478,2025-05-07,centro,"668,7",157.8,6000,20.0,60
RES072-001479,2025-05-07,sur,428.1,93.5,3600,29.4,60
RES072-001480,2025-05-08,norte,504.1,109.8,2400,19.2,100
RES072-001481,2025-05-08,centro,825.7,182.0,6000,8.3,80
RES072-001482,2025-05-08,sur,691.1,162.8,3600,12.7,100
RES072-001483,2025-05-09,norte,418.6,92.5,2400,16.4,100
RES072-001484,2025-05-09,centro,891.1,119.6,6000,14.6,80
RES072-001485,2025-05-09,sur,700.0,176.6,3600,26.5,100
RES072-001486,2025-05-10,norte,361.8,89.2,2400,21.4,100
RES072-001487,2025-05-10,centro,1091.6,237.6,6000,8.7,100
RES072-001488,2025-05-10,sur,596.1,148.7,3600,16.1,100
RES072-001489,2025-05-11,norte,391.8,99.8,2400,12.6,100
RES072-001490,2025-05-11,centro,894.6,203.1,6000,23.4,80
RES072-001491,2025-05-11,sur,633.6,150.8,3600,22.2,100
RES072-001492,2025-05-12,norte,513.6,117.9,2400,15.2,100
RES072-001493,2025-05-12,centro,1186.3,278.2,6000,13.7,100
RES072-001494,2025-05-12,sur,561.1,117.2,3600,19.8,80
RES072-001495,2025-05-13,norte,,100.6,2400,29.1,100
RES072-001496,2025-05-13,centro,615.5,127.0,6000,19.0,60
RES072-001497,2025-05-13,sur,617.9,134.3,3600,24.0,100
RES072-001498,2025-05-14,norte,359.8,78.2,2400,16.6,80
RES072-001499,2025-05-14,centro,1085.9,231.8,6000,25.5,100
RES072-001500,2025-05-14,sur,669.4,162.7,3600,29.0,100
RES072-001501,2025-05-15,norte,348.8,74.3,2400,10.7,80
RES072-001503,2025-05-15,sur,688.3,166.0,3600,8.1,100
RES072-001504,2025-05-16,norte,455.1,118.5,2400,10.9,100
RES072-001505,2025-05-16,centro,1041.3,199.0,6000,17.7,100
RES072-001506,2025-05-16,sur,422.8,91.1,3600,21.3,60
RES072-001507,2025-05-17,norte,561.6,124.5,2400,11.4,100
RES072-001508,2025-05-17,centro,1118.6,220.5,6000,16.6,100
RES072-001509,2025-05-17,sur,370.0,76.3,3600,28.4,60
RES072-001510,2025-05-18,norte,425.0,96.4,2400,23.1,100
RES072-001511,2025-05-18,centro,966.7,243.5,6000,23.0,100
RES072-001512,2025-05-18,sur,745.0,201.5,3600,10.4,100
RES072-001513,2025-05-19,norte,379.3,97.7,2400,8.0,60
RES072-001514,2025-05-19,centro,898.8,198.7,6000,22.1,80
RES072-001515,2025-05-19,sur,768.3,172.2,3600,10.3,100
RES072-001516,2025-05-20,norte,214.0,44.1,2400,16.2,60
RES072-001517,2025-05-20,centro,1087.1,219.1,6000,24.3,100
RES072-001518,2025-05-20,sur,651.8,125.2,3600,18.3,100
RES072-001519,2025-05-21,norte,430.5,94.8,2400,16.2,100
RES072-001520,2025-05-21,centro,937.1,186.3,6000,11.3,80
RES072-001521,2025-05-21,sur,604.5,158.4,3600,21.3,80
RES072-001522,2025-05-22,norte,402.6,109.9,2400,28.5,100
RES072-001523,2025-05-22,centro,1084.7,227.2,6000,14.1,100
RES072-001524,2025-05-22,sur,335.8,91.6,3600,24.0,60
RES072-001525,2025-05-23,norte,408.2,106.2,2400,20.3,100
RES072-001526,2025-05-23,centro,1137.1,225.8,6000,15.6,100
RES072-001527,2025-05-23,sur,514.4,127.4,3600,25.4,80
RES072-001528,2025-05-24,norte,302.2,62.1,2400,17.0,80
RES072-001529,2025-05-24,centro,1132.3,217.4,6000,29.3,100
RES072-001530,2025-05-24,sur,603.2,154.5,3600,14.8,100
RES072-001531,2025-05-25,norte,421.8,91.4,2400,14.9,100
RES072-001532,2025-05-25,centro,1074.4,209.5,6000,16.1,100
RES072-001533,2025-05-25,sur,631.3,122.9,3600,9.7,100
RES072-001534,2025-05-26,norte,564.4,112.2,2400,28.9,100
RES072-001535,2025-05-26,centro,737.4,174.4,6000,18.1,60
RES072-001536,2025-05-26,sur,629.4,156.6,3600,8.3,80
RES072-001537,2025-05-27,norte,441.0,107.4,2400,29.1,100
RES072-001538,2025-05-27,centro,676.1,165.9,6000,29.6,60
RES072-001539,2025-05-27,sur,614.2,128.6,3600,22.6,100
RES072-001540,2025-05-28,norte,429.7,85.0,2400,19.2,100
RES072-001541,2025-05-28,centro,1124.5,267.1,6000,17.8,100
RES072-001542,2025-05-28,sur,645.7,180.3,3600,23.6,100
RES072-001543,2025-05-29,norte,440.1,82.2,2400,21.5,100
RES072-001544,2025-05-29,centro,712.3,146.1,6000,14.9,60
RES072-001545,2025-05-29,sur,675.7,154.3,3600,19.3,100
RES072-001546,2025-05-30,norte,394.6,99.5,2400,27.9,80
RES072-001547,2025-05-30,centro,850.2,196.5,6000,24.6,80
RES072-001548,2025-05-30,sur,728.3,171.0,3600,28.1,100
RES072-001549,2025-05-31,norte,360.0,70.5,2400,12.5,80
RES072-001550,2025-05-31,centro,1150.7,197.8,6000,10.4,100
RES072-001551,2025-05-31,sur,519.7,120.4,3600,16.6,80
RES072-001552,2025-06-01,norte,459.7,104.5,2400,17.5,100
RES072-001553,2025-06-01,centro,1076.5,199.0,6000,25.3,100
RES072-001554,2025-06-01,sur,676.5,136.4,3600,22.9,100
RES072-001556,2025-06-02,centro,786.2,171.1,6000,12.8,60
RES072-001557,2024-02-30,sur,699.1,154.6,3600,10.8,100
RES072-001558,2025-06-03,norte,195.7,46.5,2400,24.6,60
RES072-001559,2025-06-03,centro,1135.1,249.6,6000,22.1,100
RES072-001560,2025-06-03,sur,619.1,152.0,3600,25.2,100
RES072-001561,2025-06-04,norte,470.6,113.6,2400,28.2,100
RES072-001562,2025-06-04,centro,1073.7,203.4,6000,25.6,100
RES072-001563,2025-06-04,sur,653.7,163.7,3600,9.2,100
RES072-001564,2025-06-05,norte,427.3,108.0,2400,24.8,100
RES072-001565,2025-06-05,centro,1094.6,237.4,6000,12.5,100
RES072-001566,2025-06-05,sur,405.0,115.6,3600,27.7,60
RES072-001567,2025-06-06,norte,370.4,90.5,2400,9.3,80
RES072-001568,2025-06-06,centro,1105.0,223.2,6000,18.5,100
RES072-001569,2025-06-06,sur,589.3,153.6,3600,19.8,80
RES072-001570,2025-06-07,norte,405.1,97.4,2400,13.8,100
RES072-001571,2025-06-07,centro,1139.5,268.2,6000,11.2,100
RES072-001572,2025-06-07,sur,612.3,131.4,3600,20.0,100
RES072-001573,2025-06-08,norte,433.7,98.3,2400,11.7,100
RES072-001574,2025-06-08,centro,1067.8,186.4,6000,27.4,100
RES072-001575,2025-06-08,sur,607.0,156.1,3600,20.4,100
RES072-001576,2025-06-09,norte,488.1,117.3,2400,25.0,100
RES072-001577,2025-06-09,centro,1043.0,188.0,6000,14.2,80
RES072-001578,2025-06-09,sur,,105.6,3600,9.1,80
RES072-001579,2025-06-10,norte,242.8,54.0,2400,15.0,60
RES072-001580,2025-06-10,centro,833.5,171.7,6000,13.5,80
RES072-001581,2025-06-10,sur,387.4,87.2,3600,26.7,60
RES072-001582,2025-06-11,norte,463.6,136.0,2400,29.0,100
RES072-001583,2025-06-11,centro,940.0,223.6,6000,8.8,80
RES072-001584,2025-06-11,sur,633.8,125.1,3600,10.0,100
RES072-001585,2025-06-12,norte,476.9,116.9,2400,18.9,100
RES072-001586,2025-06-12,centro,1128.5,226.3,6000,12.8,100
RES072-001587,2025-06-12,sur,390.5,106.1,3600,11.9,60
RES072-001588,2025-06-13,norte,397.1,106.3,2400,25.3,80
RES072-001589,2025-06-13,centro,880.7,134.5,6000,18.0,80
RES072-001590,2025-06-13,sur,660.9,166.0,3600,16.6,100
RES072-001591,2025-06-14,norte,387.2,96.2,2400,10.2,100
RES072-001592,2025-06-14,centro,1060.6,202.0,6000,9.1,100
RES072-001593,2025-06-14,sur,639.8,150.5,3600,15.8,100
RES072-001594,2025-06-15,norte,297.1,65.5,2400,9.3,80
RES072-001595,2025-06-15,centro,1036.0,175.5,6000,8.7,100
RES072-001596,2025-06-15,sur,706.6,144.6,3600,29.2,100
RES072-001597,2025-06-16,norte,475.7,107.1,2400,20.0,80
RES072-001598,2025-06-16,centro,774.7,176.2,6000,23.8,60
RES072-001599,2025-06-16,sur,724.0,198.1,3600,18.4,100
RES072-001600,2025-06-17,norte,435.4,100.0,2400,25.1,100
RES072-001601,2025-06-17,centro,812.6,138.9,6000,10.8,80
RES072-001602,2025-06-17,sur,491.0,94.7,3600,23.5,80
RES072-001603,2025-06-18,norte,381.2,77.7,2400,14.9,100
RES072-001604,2025-06-18,centro,846.7,187.9,6000,21.3,80
RES072-001605,2025-06-18,sur,330.6,70.4,3600,11.4,60
RES072-001606,2025-06-19,norte,368.7,87.6,2400,21.6,80
RES072-001607,2025-06-19,centro,1118.9,216.6,6000,23.9,100
RES072-001609,2025-06-20,norte,446.6,92.8,2400,21.0,100
RES072-001610,2025-06-20,centro,1106.7,240.3,6000,22.8,100
RES072-001611,2025-06-20,sur,535.9,132.9,3600,21.4,80
RES072-001612,2025-06-21,norte,359.4,93.7,2400,14.4,100
RES072-001613,2025-06-21,centro,1032.7,212.1,6000,8.0,100
RES072-001614,2025-06-21,sur,641.2,142.1,3600,21.0,100
RES072-001615,2025-06-22,norte,437.9,105.1,2400,21.0,100
RES072-001616,2025-06-22,centro,1125.0,195.9,6000,18.3,100
RES072-001617,2025-06-22,sur,476.6,96.0,3600,17.5,60
RES072-001618,2025-06-23,norte,439.4,86.9,2400,16.5,100
RES072-001619,2025-06-23,centro,1234.7,326.7,6000,14.8,100
RES072-001620,2025-06-23,sur,547.7,125.4,3600,23.4,80
RES072-001621,2025-06-24,norte,470.2,90.8,2400,16.6,100
RES072-001622,2025-06-24,centro,952.2,164.5,6000,22.1,80
RES072-001623,2025-06-24,sur,645.4,127.8,3600,14.6,100
RES072-001624,2025-06-25,norte,402.7,91.3,2400,24.7,100
RES072-001625,2025-06-25,centro,824.1,171.5,6000,29.0,80
RES072-001626,2025-06-25,sur,682.0,174.7,3600,29.5,100
RES072-001627,2025-06-26,norte,407.7,92.3,2400,23.9,100
RES072-001628,2025-06-26,centro,895.2,165.6,6000,11.2,80
RES072-001629,2025-06-26,sur,518.9,124.4,3600,15.1,80
RES072-001630,2025-06-27,norte,420.7,105.5,2400,10.8,100
RES072-001631,2025-06-27,centro,1045.6,212.9,6000,11.0,100
RES072-001632,2025-06-27,sur,580.3,131.9,3600,25.4,100
RES072-001633,2025-06-28,norte,308.5,69.1,2400,9.4,60
RES072-001634,2025-06-28,centro,872.0,177.3,6000,26.9,80
RES072-001635,2025-06-28,sur,677.5,159.9,3600,18.0,100
RES072-001636,2025-06-29,norte,432.7,102.1,2400,16.7,100
RES072-001637,2025-06-29,centro,777.7,164.6,6000,26.6,80
RES072-001638,2025-06-29,sur,539.6,111.7,3600,11.1,80
RES072-001639,2025-06-30,norte,290.1,82.8,2400,21.0,60
RES072-001640,2025-06-30,centro,827.9,163.6,6000,13.5,60
RES072-001641,2025-06-30,sur,663.7,182.0,3600,10.1,80
RES072-001642,2025-07-01,norte,467.6,122.8,2400,17.2,100
RES072-001643,2025-07-01,centro,1095.0,220.3,6000,14.6,100
RES072-001644,2025-07-01,sur,472.2,138.3,3600,12.3,80
RES072-001645,2025-07-02,norte,340.2,73.4,2400,16.4,60
RES072-001646,2025-07-02,centro,649.2,108.4,6000,27.7,60
RES072-001647,2025-07-02,sur,583.2,139.5,3600,13.2,100
RES072-001648,2025-07-03,norte,379.4,86.7,2400,9.0,100
RES072-001649,2025-07-03,centro,920.3,172.6,6000,26.4,80
RES072-001650,2025-07-03,sur,655.8,137.6,3600,15.9,100
RES072-001651,2025-07-04,norte,329.4,89.1,2400,21.9,80
RES072-001652,2025-07-04,centro,856.6,203.2,6000,27.5,80
RES072-001653,2025-07-04,sur,454.2,96.6,3600,26.1,80
RES072-001654,2025-07-05,norte,422.8,95.3,2400,13.7,100
RES072-001655,2025-07-05,centro,1044.0,237.1,6000,12.7,100
RES072-001656,2025-07-05,sur,668.1,139.6,3600,24.5,100
RES072-001657,2025-07-06,norte,400.6,106.8,2400,23.8,80
RES072-001658,2025-07-06,centro,952.7,198.9,6000,18.6,80
RES072-001659,2025-07-06,sur,511.8,119.0,3600,21.9,80
RES072-001660,2025-07-07,norte,417.1,98.5,2400,9.3,80
RES072-001662,2025-07-07,sur,401.8,96.7,3600,10.9,60
RES072-001663,2025-07-08,norte,437.3,102.9,2400,19.6,100
RES072-001664,2025-07-08,centro,1044.9,209.6,6000,10.7,100
RES072-001665,2025-07-08,sur,635.3,154.4,3600,28.7,100
RES072-001666,2025-07-09,norte,323.5,73.7,2400,15.9,60
RES072-001667,2025-07-09,centro,904.0,222.2,6000,9.2,80
RES072-001668,2025-07-09,sur,530.1,109.1,3600,15.5,80
RES072-001669,2025-07-10,norte,220.0,41.1,2400,30.0,60
RES072-001670,2025-07-10,centro,1159.2,232.6,6000,28.9,100
RES072-001671,2025-07-10,sur,582.6,123.8,3600,18.4,80
RES072-001672,2025-07-11,norte,376.0,90.0,2400,13.2,80
RES072-001673,2025-07-11,centro,664.1,121.6,6000,27.3,60
RES072-001674,2025-07-11,sur,592.3,142.7,3600,25.1,100
RES072-001675,2025-07-12,norte,323.4,77.2,2400,16.2,60
RES072-001676,2025-07-12,centro,1065.1,239.0,6000,26.8,100
RES072-001677,2025-07-12,sur,427.5,97.9,3600,8.7,60
RES072-001678,2025-07-13,norte,233.9,60.6,2400,23.9,60
RES072-001679,2025-07-13,centro,852.6,152.9,6000,13.6,80
RES072-001680,2025-07-13,sur,367.2,71.3,3600,15.3,60
RES072-001681,2025-07-14,norte,313.8,77.7,2400,10.5,60
RES072-001682,2025-07-14,centro,982.1,234.8,6000,10.1,80
RES072-001683,2025-07-14,sur,500.4,113.3,3600,24.4,60
RES072-001684,2025-07-15,norte,370.7,68.2,2400,29.4,80
RES072-001685,2025-07-15,centro,1067.5,253.2,6000,11.9,100
RES072-001686,2025-07-15,sur,444.2,96.0,3600,15.3,60
RES072-001687,2025-07-16,norte,420.2,76.4,2400,23.4,100
RES072-001688,2025-07-16,centro,1111.6,226.7,6000,10.6,100
RES072-001689,2025-07-16,sur,"580,4",116.7,3600,12.8,80
RES072-001690,2025-07-17,norte,410.4,97.5,2400,15.2,100
RES072-001691,2025-07-17,centro,1069.3,216.6,6000,10.0,100
RES072-001692,2025-07-17,sur,636.0,185.0,3600,10.7,100
RES072-001693,2025-07-18,norte,401.4,93.7,2400,17.4,100
RES072-001694,2025-07-18,centro,893.8,203.3,6000,23.9,80
RES072-001695,2025-07-18,sur,661.5,177.5,3600,23.5,100
RES072-001696,2025-07-19,norte,229.0,56.8,2400,20.1,60
RES072-001697,2025-07-19,centro,811.5,175.5,6000,17.0,80
RES072-001698,2025-07-19,sur,596.8,167.2,3600,11.2,100
RES072-001699,2025-07-20,norte,429.5,96.3,2400,25.9,100
RES072-001700,2025-07-20,centro,587.0,129.1,6000,13.4,60
RES072-001701,2025-07-20,sur,590.7,110.5,3600,28.1,80
RES072-001702,2025-07-21,norte,384.1,86.3,2400,15.8,60
RES072-001703,2025-07-21,centro,689.4,108.2,6000,23.3,60
RES072-001704,2025-07-21,sur,750.3,188.8,3600,12.2,100
RES072-001705,2025-07-22,norte,451.5,93.2,2400,9.6,100
RES072-001706,2025-07-22,centro,676.7,159.1,6000,29.8,60
RES072-001707,2025-07-22,sur,403.6,92.8,3600,28.3,60
RES072-001708,2025-07-23,norte,438.6,95.1,2400,14.5,100
RES072-001709,2025-07-23,centro,1071.6,221.6,6000,9.4,100
RES072-001710,2025-07-23,sur,489.7,108.3,3600,18.2,100
RES072-001711,2025-07-24,norte,433.3,109.5,2400,23.2,100
RES072-001712,2025-07-24,centro,867.9,160.1,6000,14.6,80
RES072-001713,2025-07-24,sur,689.1,159.7,3600,14.8,100
RES072-001715,2025-07-25,centro,1063.0,217.6,6000,15.8,100
RES072-001716,2025-07-25,sur,498.7,121.3,3600,14.4,80
RES072-001717,2025-07-26,norte,406.6,112.9,2400,16.5,100
RES072-001718,2025-07-26,centro,1169.0,231.0,6000,15.4,100
RES072-001719,2025-07-26,sur,590.0,122.0,3600,14.7,100
RES072-001720,2025-07-27,norte,420.0,118.8,2400,25.1,100
RES072-001721,2025-07-27,centro,1055.0,167.6,6000,9.6,100
RES072-001722,2025-07-27,sur,698.7,175.3,3600,21.3,100
RES072-001723,2025-07-28,norte,462.4,95.7,2400,19.0,100
RES072-001724,2025-07-28,centro,1281.8,302.7,6000,29.7,100
RES072-001725,2025-07-28,sur,-999,136.5,3600,26.1,80
RES072-001726,2025-07-29,norte,451.9,92.3,2400,22.3,100
RES072-001727,2025-07-29,centro,1080.7,227.9,6000,28.9,100
RES072-001728,2025-07-29,sur,383.6,65.8,3600,14.2,60
RES072-001729,2025-07-30,norte,448.5,84.5,2400,20.7,100
RES072-001730,2025-07-30,centro,1100.7,261.8,6000,16.1,100
RES072-001731,2025-07-30,sur,593.2,148.1,3600,8.9,80
RES072-001732,2025-07-31,norte,248.3,52.7,2400,25.2,60
RES072-001733,2025-07-31,centro,1125.2,251.6,6000,26.3,100
RES072-001734,2025-07-31,sur,603.2,125.5,3600,24.1,100
RES072-001735,2025-08-01,norte,445.9,95.5,2400,23.0,100
RES072-001736,2025-08-01,centro,846.6,186.4,6000,16.2,80
RES072-001737,2025-08-01,sur,609.4,169.2,3600,14.5,100
RES072-001738,2025-08-02,norte,301.2,59.3,2400,22.6,60
RES072-001739,2025-08-02,centro,1047.6,248.2,6000,27.0,100
RES072-001740,2025-08-02,sur,596.7,119.6,3600,19.2,100
RES072-001741,2025-08-03,norte,161.1,31.8,2400,27.5,60
RES072-001742,2025-08-03,centro,1047.0,216.9,6000,9.6,100
RES072-001743,2025-08-03,sur,616.2,168.6,3600,13.7,100
RES072-001744,2025-08-04,norte,,97.3,2400,15.9,100
RES072-001745,2025-08-04,centro,756.7,189.0,6000,27.9,60
RES072-001746,2025-08-04,sur,622.7,163.8,3600,29.5,80
RES072-001747,2025-08-05,norte,389.4,88.9,2400,10.0,100
RES072-001748,2025-08-05,centro,1081.6,232.7,6000,29.6,100
RES072-001749,2025-08-05,sur,430.2,96.2,3600,27.8,80
RES072-001750,2025-08-06,norte,438.5,93.7,2400,18.2,100
RES072-001751,2025-08-06,centro,856.6,153.4,6000,26.2,80
RES072-001752,2025-08-06,sur,528.1,112.9,3600,8.9,80
RES072-001753,2025-08-07,norte,226.6,51.3,2400,29.6,60
RES072-001754,2025-08-07,centro,1064.5,228.0,6000,24.4,100
RES072-001755,2025-08-07,sur,470.2,110.3,3600,11.9,80
RES072-001756,2025-08-08,norte,460.5,114.8,2400,21.5,100
RES072-001757,2025-08-08,centro,1112.2,266.0,6000,20.6,100
RES072-001758,2025-08-08,sur,447.2,88.8,3600,11.9,60
RES072-001759,2025-08-09,norte,331.8,79.7,2400,9.0,60
RES072-001760,2025-08-09,centro,1141.6,240.9,6000,18.0,100
RES072-001761,2025-08-09,sur,662.3,148.4,3600,25.3,100
RES072-001762,2025-08-10,norte,275.4,70.9,2400,8.4,60
RES072-001763,2025-08-10,centro,819.7,233.6,6000,17.9,80
RES072-001764,2025-08-10,sur,655.3,148.2,3600,15.8,100
RES072-001765,2025-08-11,norte,488.9,109.4,2400,12.6,100
RES072-001766,2025-08-11,centro,725.1,164.0,6000,17.2,60
RES072-001768,2025-08-12,norte,484.5,131.1,2400,26.8,100
RES072-001769,2025-08-12,centro,1123.6,275.7,6000,22.3,100
RES072-001770,2025-08-12,sur,631.9,170.3,3600,14.9,100
RES072-001771,2025-08-13,norte,373.2,75.7,2400,13.4,100
RES072-001772,2025-08-13,centro,1020.8,221.2,6000,16.5,100
RES072-001773,2025-08-13,sur,665.2,129.6,3600,8.2,100
RES072-001774,2025-08-14,norte,495.4,126.0,2400,19.7,100
RES072-001775,2025-08-14,centro,985.0,186.7,6000,13.7,100
RES072-001776,2025-08-14,sur,394.2,86.8,3600,29.6,60
RES072-001777,2025-08-15,norte,532.5,111.1,2400,17.7,100
RES072-001778,2025-08-15,centro,1109.4,231.4,6000,28.9,100
RES072-001779,2025-08-15,sur,474.0,108.4,3600,17.9,80
RES072-001780,2025-08-16,norte,283.8,65.3,2400,16.9,60
RES072-001781,2025-08-16,centro,1059.6,201.3,6000,26.7,100
RES072-001782,2025-08-16,sur,633.9,125.6,3600,25.9,100
RES072-001783,2025-08-17,norte,337.6,98.1,2400,11.2,60
RES072-001784,2025-08-17,centro,1102.2,196.7,6000,15.2,100
RES072-001785,2025-08-17,sur,713.5,193.8,3600,28.7,100
RES072-001786,2025-08-18,norte,593.4,152.0,2400,15.2,100
RES072-001787,2025-08-18,centro,1218.5,269.4,6000,15.5,100
RES072-001788,2025-08-18,sur,733.1,168.5,3600,12.3,100
RES072-001789,2025-08-19,norte,338.0,80.8,2400,29.2,80
RES072-001790,2025-08-19,centro,898.6,200.5,6000,22.5,80
RES072-001791,2025-08-19,sur,404.5,85.1,3600,11.5,60
RES072-001792,2025-08-20,norte,380.7,86.0,2400,28.7,100
RES072-001793,2025-08-20,centro,927.5,201.8,6000,16.0,80
RES072-001794,2025-08-20,sur,449.1,104.0,3600,19.0,60
RES072-001795,2025-08-21,norte,473.4,110.7,2400,19.5,100
RES072-001796,2025-08-21,centro,1105.3,222.6,6000,18.4,100
RES072-001797,2025-08-21,sur,685.8,169.6,3600,11.4,100
RES072-001798,2025-08-22,norte,297.4,57.1,2400,21.4,60
RES072-001799,2025-08-22,centro,1161.1,288.8,6000,23.0,100
RES072-001800,2025-08-22,sur,341.3,93.7,3600,8.9,60
RES072-001801,2025-08-23,norte,304.9,76.7,2400,28.6,80
RES072-001802,2025-08-23,centro,1064.4,226.6,6000,15.5,100
RES072-001803,2025-08-23,sur,644.9,154.9,3600,15.0,100
RES072-001804,2025-08-24,norte,415.0,106.2,2400,29.9,100
RES072-001805,2025-08-24,centro,813.1,153.1,6000,25.3,80
RES072-001806,2025-08-24,sur,651.1,131.9,3600,23.8,100
RES072-001807,2025-08-25,norte,492.1,104.3,2400,26.3,100
RES072-001808,2025-08-25,centro,1246.9,255.7,6000,14.6,100
RES072-001809,2025-08-25,sur,701.1,176.0,3600,11.5,100
RES072-001810,2025-08-26,norte,450.3,100.2,2400,17.3,100
RES072-001811,2025-08-26,centro,992.7,218.9,6000,9.1,100
RES072-001812,2025-08-26,sur,419.3,99.0,3600,14.7,60
RES072-001813,2025-08-27,norte,343.3,88.5,2400,28.3,100
RES072-001814,2025-08-27,centro,647.4,124.9,6000,11.3,60
RES072-001815,2025-08-27,sur,523.8,112.6,3600,22.4,80
RES072-001816,2025-08-28,norte,397.9,76.8,2400,25.8,100
RES072-001817,2025-08-28,centro,1067.5,179.8,6000,16.8,100
RES072-001818,2025-08-28,sur,682.7,132.5,3600,22.9,100
RES072-001819,2025-08-29,norte,302.2,76.6,2400,29.2,60
RES072-001821,2025-08-29,sur,600.8,145.2,3600,12.9,100
RES072-001822,2025-08-30,norte,550.9,119.8,2400,28.6,100
RES072-001823,2025-08-30,centro,920.1,230.2,6000,27.8,80
RES072-001824,2025-08-30,sur,595.3,115.7,3600,15.7,100
RES072-001825,2025-08-31,norte,493.9,121.4,2400,8.6,100
RES072-001826,2025-08-31,centro,1153.0,241.6,6000,14.1,100
RES072-001827,2025-08-31,sur,,118.9,3600,9.1,80
RES072-001828,2025-09-01,norte,456.4,106.8,2400,12.2,100
RES072-001829,2025-09-01,centro,1161.0,290.9,6000,21.9,100
RES072-001830,2025-09-01,sur,389.9,86.4,3600,27.7,60
RES072-001831,2025-09-02,norte,341.7,75.0,2400,27.6,80
RES072-001832,2025-09-02,centro,1085.2,246.9,6000,13.9,100
RES072-001833,2025-09-02,sur,351.8,75.0,3600,13.5,60
RES072-001834,2025-09-03,norte,481.3,106.3,2400,24.4,100
RES072-001835,2025-09-03,centro,1099.2,243.0,6000,10.1,100
RES072-001836,2025-09-03,sur,566.1,125.1,3600,18.7,100
RES072-001837,2025-09-04,norte,310.0,68.7,2400,25.7,80
RES072-001838,2025-09-04,centro,1126.7,243.6,6000,18.6,100
RES072-001839,2025-09-04,sur,673.1,176.7,3600,26.8,100
RES072-001840,2025-09-05,norte,479.1,112.3,2400,28.8,100
RES072-001841,2025-09-05,centro,878.7,212.2,6000,13.6,80
RES072-001842,2025-09-05,sur,642.2,130.9,3600,16.3,100
RES072-001843,2025-09-06,norte,313.9,70.3,2400,26.7,80
RES072-001844,2025-09-06,centro,1071.3,226.4,6000,21.9,100
RES072-001845,2025-09-06,sur,596.8,150.8,3600,11.5,100
RES072-001846,2025-09-07,norte,458.4,108.3,2400,27.8,100
RES072-001847,2025-09-07,centro,684.7,141.7,6000,27.6,60
RES072-001848,2025-09-07,sur,691.3,166.6,3600,22.2,100
RES072-001849,2025-09-08,norte,439.6,96.8,2400,12.3,80
RES072-001850,2025-09-08,centro,994.9,228.6,6000,27.1,80
RES072-001851,2025-09-08,sur,629.2,144.1,3600,10.5,80
RES072-001852,2025-09-09,norte,281.4,56.6,2400,13.8,80
RES072-001853,2025-09-09,centro,1007.0,191.5,6000,9.8,100
RES072-001854,2025-09-09,sur,661.9,201.3,3600,29.7,100
RES072-001855,2025-09-10,norte,366.5,70.9,2400,19.7,80
RES072-001856,2025-09-10,centro,1074.8,197.7,6000,8.2,100
RES072-001857,2025-09-10,sur,703.6,137.8,3600,20.2,100
RES072-001858,2025-09-11,norte,427.9,106.9,2400,8.1,100
RES072-001859,2025-09-11,centro,1140.5,295.3,6000,9.2,100
RES072-001860,2025-09-11,sur,623.5,146.4,3600,23.5,100
RES072-001861,2025-09-12,norte,153.3,41.0,2400,9.8,60
RES072-001862,2025-09-12,centro,639.1,134.2,6000,8.9,60
RES072-001863,2025-09-12,sur,393.5,80.1,3600,18.8,60
RES072-001864,2025-09-13,norte,386.7,79.7,2400,27.9,100
RES072-001865,2025-09-13,centro,1029.2,282.3,6000,20.5,100
RES072-001866,2025-09-13,sur,724.9,182.5,3600,24.4,100
RES072-001867,2025-09-14,norte,284.4,77.6,2400,24.5,80
RES072-001868,2025-09-14,centro,1072.6,223.4,6000,21.1,100
RES072-001869,2025-09-14,sur,479.3,94.1,3600,29.0,80
RES072-001870,2025-09-15,norte,399.4,96.7,2400,20.3,80
RES072-001871,2025-09-15,centro,1252.5,216.1,6000,22.7,100
RES072-001872,2025-09-15,sur,716.7,142.2,3600,22.1,100
RES072-001874,2025-09-16,centro,601.6,131.1,6000,8.3,60
RES072-001875,2025-09-16,sur,379.0,90.4,3600,20.2,60
RES072-001876,2025-09-17,norte,498.3,124.3,2400,8.3,100
RES072-001877,2025-09-17,centro,866.7,161.0,6000,20.8,80
RES072-001878,2025-09-17,sur,698.4,195.5,3600,8.3,100
RES072-001879,2025-09-18,norte,464.6,110.6,2400,25.0,100
RES072-001880,2025-09-18,centro,1063.3,205.9,6000,21.3,100
RES072-001881,2025-09-18,sur,691.8,126.7,3600,23.2,100
RES072-001882,2025-09-19,norte,472.3,125.1,2400,22.6,100
RES072-001883,2025-09-19,centro,1117.4,219.2,6000,27.5,100
RES072-001884,2025-09-19,sur,674.7,150.4,3600,16.5,100
RES072-001885,2025-09-20,norte,358.9,82.2,2400,14.7,100
RES072-001886,2025-09-20,centro,1075.6,231.1,6000,22.1,100
RES072-001887,2025-09-20,sur,577.2,103.1,3600,20.3,100
RES072-001888,2025-09-21,norte,460.1,117.8,2400,18.3,100
RES072-001889,2025-09-21,centro,847.6,174.3,6000,10.1,80
RES072-001890,2025-09-21,sur,675.2,179.7,3600,20.9,100
RES072-001891,2025-09-22,norte,461.4,117.5,2400,11.9,100
RES072-001892,2025-09-22,centro,1017.7,193.9,6000,22.8,80
RES072-001893,2025-09-22,sur,717.7,173.4,3600,24.6,100
RES072-001894,2025-09-23,norte,432.5,106.1,2400,17.6,100
RES072-001895,2025-09-23,centro,896.9,225.2,6000,18.8,80
RES072-001896,2025-09-23,sur,562.0,138.4,3600,20.3,80
RES072-001897,2025-09-24,norte,326.5,81.5,2400,27.6,80
RES072-001898,2025-09-24,centro,630.3,132.6,6000,26.0,60
RES072-001899,2025-09-24,sur,726.9,178.9,3600,19.3,100
RES072-001900,2025-09-25,norte,"384,8",94.0,2400,15.6,100
RES072-001901,2025-09-25,centro,661.6,144.5,6000,24.0,60
RES072-001902,2025-09-25,sur,393.4,80.8,3600,18.8,60
RES072-001903,2025-09-26,norte,375.7,96.3,2400,11.4,100
RES072-001904,2025-09-26,centro,1063.0,242.3,6000,18.0,100
RES072-001905,2025-09-26,sur,572.9,127.7,3600,23.7,100
RES072-001906,2025-09-27,norte,429.6,105.4,2400,25.2,100
RES072-001907,2025-09-27,centro,1099.6,214.5,6000,29.0,100
RES072-001908,2025-09-27,sur,680.8,163.1,3600,15.4,100
RES072-001909,2025-09-28,norte,365.8,89.1,2400,19.9,80
RES072-001910,2025-09-28,centro,,250.1,6000,29.9,100
RES072-001911,2025-09-28,sur,654.1,155.4,3600,18.4,100
RES072-001912,2025-09-29,norte,542.6,98.2,2400,20.6,100
RES072-001913,2025-09-29,centro,1223.4,230.6,6000,26.7,100
RES072-001914,2025-09-29,sur,687.3,156.1,3600,20.9,100
RES072-001915,2025-09-30,norte,436.6,97.3,2400,28.2,100
RES072-001916,2025-09-30,centro,1039.8,230.6,6000,20.9,100
RES072-001917,2025-09-30,sur,413.3,102.9,3600,13.0,60
RES072-001918,2025-10-01,norte,422.8,104.7,2400,22.4,100
RES072-001919,2025-10-01,centro,1130.4,248.6,6000,10.3,100
RES072-001920,2025-10-01,sur,464.2,101.5,3600,27.1,80
RES072-001921,2025-10-02,norte,441.4,97.0,2400,17.8,100
RES072-001922,2025-10-02,centro,890.4,220.1,6000,11.2,80
RES072-001923,2025-10-02,sur,662.3,174.1,3600,16.5,100
RES072-001924,2025-10-03,norte,367.8,83.2,2400,28.4,100
RES072-001925,2025-10-03,centro,710.7,140.7,6000,25.5,60
RES072-001927,2025-10-04,norte,408.5,103.3,2400,24.8,100
RES072-001928,2025-10-04,centro,691.6,161.7,6000,26.0,60
RES072-001929,2025-10-04,sur,645.0,169.4,3600,21.3,100
RES072-001930,2025-10-05,norte,391.6,82.3,2400,26.4,100
RES072-001931,2025-10-05,centro,1082.9,204.0,6000,19.8,100
RES072-001932,2025-10-05,sur,435.9,107.0,3600,11.1,60
RES072-001933,2025-10-06,norte,391.8,88.8,2400,9.9,100
RES072-001934,2025-10-06,centro,949.4,213.3,6000,25.9,80
RES072-001935,2025-10-06,sur,755.0,152.3,3600,22.0,100
RES072-001936,2025-10-07,norte,416.8,90.2,2400,28.2,100
RES072-001937,2025-10-07,centro,1007.4,259.5,6000,17.4,100
RES072-001938,2025-10-07,sur,454.8,92.6,3600,28.2,60
RES072-001939,2025-10-08,norte,423.8,106.1,2400,23.5,100
RES072-001940,2025-10-08,centro,756.0,175.9,6000,27.4,60
RES072-001941,2025-10-08,sur,535.9,104.4,3600,11.8,80
RES072-001942,2025-10-09,norte,407.2,94.4,2400,24.5,100
RES072-001943,2025-10-09,centro,842.7,172.7,6000,19.0,80
RES072-001944,2025-10-09,sur,504.2,133.0,3600,17.0,80
RES072-001945,2025-10-10,norte,433.1,83.4,2400,22.9,100
RES072-001946,2024-02-30,centro,846.6,163.1,6000,12.7,80
RES072-001947,2025-10-10,sur,669.5,167.4,3600,25.7,100
RES072-001948,2025-10-11,norte,422.8,93.6,2400,15.2,100
RES072-001949,2025-10-11,centro,611.0,135.9,6000,12.7,60
RES072-001950,2025-10-11,sur,425.8,94.4,3600,9.6,60
RES072-001951,2025-10-12,norte,403.7,102.7,2400,9.9,100
RES072-001952,2025-10-12,centro,697.5,185.5,6000,22.3,60
RES072-001953,2025-10-12,sur,637.2,156.6,3600,20.5,100
RES072-001954,2025-10-13,norte,346.0,76.8,2400,15.1,60
RES072-001955,2025-10-13,centro,999.0,199.6,6000,17.8,80
RES072-001956,2025-10-13,sur,480.8,102.8,3600,13.0,60
RES072-001957,2025-10-14,norte,323.7,83.4,2400,9.0,80
RES072-001958,2025-10-14,centro,682.2,101.3,6000,10.8,60
RES072-001959,2025-10-14,sur,696.6,155.8,3600,22.4,100
RES072-001960,2025-10-15,norte,384.6,90.2,2400,28.4,80
RES072-001961,2025-10-15,centro,865.5,174.3,6000,12.6,80
RES072-001962,2025-10-15,sur,419.0,89.6,3600,25.1,80
RES072-001963,2025-10-16,norte,297.9,73.8,2400,29.4,80
RES072-001964,2025-10-16,centro,575.5,102.7,6000,9.1,60
RES072-001965,2025-10-16,sur,464.8,102.5,3600,21.1,60
RES072-001966,2025-10-17,norte,465.7,95.4,2400,23.8,100
RES072-001967,2025-10-17,centro,1060.2,207.5,6000,20.7,100
RES072-001968,2025-10-17,sur,697.0,150.2,3600,28.8,100
RES072-001969,2025-10-18,norte,350.6,83.3,2400,24.7,100
RES072-001970,2025-10-18,centro,1103.3,243.2,6000,27.1,100
RES072-001971,2025-10-18,sur,384.4,81.8,3600,19.4,60
RES072-001972,2025-10-19,norte,275.6,56.9,2400,8.0,60
RES072-001973,2025-10-19,centro,795.7,196.8,6000,13.7,80
RES072-001974,2025-10-19,sur,597.1,114.8,3600,20.5,100
RES072-001975,2025-10-20,norte,415.0,97.5,2400,19.3,80
RES072-001976,2025-10-20,centro,1195.2,256.5,6000,24.3,100
RES072-001977,2025-10-20,sur,751.2,206.1,3600,12.3,100
RES072-001978,2025-10-21,norte,241.7,50.7,2400,14.0,60
RES072-001980,2025-10-21,sur,716.3,151.5,3600,22.6,100
RES072-001981,2025-10-22,norte,424.3,88.6,2400,23.3,100
RES072-001982,2025-10-22,centro,1158.3,208.6,6000,19.9,100
RES072-001983,2025-10-22,sur,663.4,170.7,3600,19.0,100
RES072-001984,2025-10-23,norte,395.0,97.3,2400,22.4,100
RES072-001985,2025-10-23,centro,605.0,139.2,6000,23.1,60
RES072-001986,2025-10-23,sur,575.7,117.1,3600,25.4,100
RES072-001987,2025-10-24,norte,416.8,101.4,2400,27.8,100
RES072-001988,2025-10-24,centro,1108.8,254.0,6000,8.1,100
RES072-001989,2025-10-24,sur,643.6,147.2,3600,25.6,100
RES072-001990,2025-10-25,norte,386.7,89.6,2400,19.6,100
RES072-001991,2025-10-25,centro,634.7,122.5,6000,21.7,60
RES072-001992,2025-10-25,sur,329.8,56.1,3600,20.0,60
RES072-001993,2025-10-26,norte,,105.9,2400,24.8,100
RES072-001994,2025-10-26,centro,1085.6,210.8,6000,8.1,100
RES072-001995,2025-10-26,sur,655.2,144.3,3600,25.0,100
RES072-001996,2025-10-27,norte,502.4,112.0,2400,19.5,100
RES072-001997,2025-10-27,centro,1260.2,229.0,6000,24.5,100
RES072-001998,2025-10-27,sur,679.6,123.0,3600,29.2,100
RES072-001999,2025-10-28,norte,234.9,49.3,2400,29.9,60
RES072-002000,2025-10-28,centro,862.7,207.2,6000,9.9,80
RES072-002001,2025-10-28,sur,501.8,98.7,3600,17.7,80
RES072-002002,2025-10-29,norte,235.4,65.6,2400,10.6,60
RES072-002003,2025-10-29,centro,1050.5,207.7,6000,18.0,100
RES072-002004,2025-10-29,sur,589.8,139.0,3600,8.2,100
RES072-002005,2025-10-30,norte,473.2,134.1,2400,19.1,100
RES072-002006,2025-10-30,centro,902.7,193.8,6000,19.2,80
RES072-002007,2025-10-30,sur,603.6,137.1,3600,23.4,100
RES072-002008,2025-10-31,norte,458.6,100.0,2400,17.8,100
RES072-002009,2025-10-31,centro,1083.3,211.8,6000,25.4,100
RES072-002010,2025-10-31,sur,539.2,105.3,3600,24.9,80
RES072-002011,2025-11-01,norte,295.8,60.1,2400,20.4,60
RES072-002012,2025-11-01,centro,820.5,218.8,6000,23.9,80
RES072-002013,2025-11-01,sur,736.5,198.3,3600,13.5,100
RES072-002014,2025-11-02,norte,391.8,83.8,2400,22.5,100
RES072-002015,2025-11-02,centro,1159.7,234.7,6000,24.6,100
RES072-002016,2025-11-02,sur,640.6,166.2,3600,16.5,100
RES072-002017,2025-11-03,norte,418.1,82.4,2400,10.8,80
RES072-002018,2025-11-03,centro,1239.8,269.9,6000,20.7,100
RES072-002019,2025-11-03,sur,701.7,172.9,3600,9.2,100
RES072-002020,2025-11-04,norte,272.6,59.5,2400,16.4,60
RES072-002021,2025-11-04,centro,1150.1,243.8,6000,17.4,100
RES072-002022,2025-11-04,sur,667.9,152.8,3600,16.9,100
RES072-002023,2025-11-05,norte,367.0,75.0,2400,16.1,80
RES072-002024,2025-11-05,centro,634.4,139.1,6000,29.0,60
RES072-002025,2025-11-05,sur,416.6,99.2,3600,10.5,60
RES072-002026,2025-11-06,norte,257.2,61.2,2400,27.6,60
RES072-002027,2025-11-06,centro,993.5,164.8,6000,25.8,100
RES072-002028,2025-11-06,sur,640.8,216.9,3600,14.0,100
RES072-002029,2025-11-07,norte,325.6,92.8,2400,27.0,80
RES072-002030,2025-11-07,centro,1118.5,250.2,6000,12.1,100
RES072-002031,2025-11-07,sur,617.6,139.2,3600,19.7,100
RES072-002033,2025-11-08,centro,1072.9,209.6,6000,29.8,100
RES072-002034,2025-11-08,sur,661.6,124.9,3600,13.6,100
RES072-002035,2025-11-09,norte,379.9,94.9,2400,18.6,100
RES072-002036,2025-11-09,centro,1055.5,220.7,6000,23.5,100
RES072-002037,2025-11-09,sur,632.1,121.8,3600,29.2,100
RES072-002038,2025-11-10,norte,539.6,109.6,2400,28.4,100
RES072-002039,2025-11-10,centro,957.7,184.9,6000,18.0,80
RES072-002040,2025-11-10,sur,774.4,141.2,3600,12.4,100
RES072-002041,2025-11-11,norte,419.2,97.9,2400,19.5,100
RES072-002042,2025-11-11,centro,994.9,224.5,6000,23.8,100
RES072-002043,2025-11-11,sur,413.4,96.0,3600,11.3,60
RES072-002044,2025-11-12,norte,395.4,86.2,2400,14.5,80
RES072-002045,2025-11-12,centro,768.8,165.7,6000,21.1,80
RES072-002046,2025-11-12,sur,332.1,68.7,3600,21.8,60
RES072-002047,2025-11-13,norte,438.3,97.1,2400,15.4,100
RES072-002048,2025-11-13,centro,615.4,117.2,6000,29.9,60
RES072-002049,2025-11-13,sur,594.9,161.1,3600,18.8,80
RES072-002050,2025-11-14,norte,443.3,101.1,2400,15.6,100
RES072-002051,2025-11-14,centro,1104.0,198.2,6000,28.7,100
RES072-002052,2025-11-14,sur,649.4,138.6,3600,9.5,100
RES072-002053,2025-11-15,norte,492.0,107.9,2400,25.7,100
RES072-002054,2025-11-15,centro,1141.9,253.1,6000,9.0,100
RES072-002055,2025-11-15,sur,580.8,121.7,3600,9.2,80
RES072-002056,2025-11-16,norte,522.5,112.5,2400,21.6,100
RES072-002057,2025-11-16,centro,1103.9,247.4,6000,27.1,100
RES072-002058,2025-11-16,sur,677.4,140.1,3600,26.3,100
RES072-002059,2025-11-17,norte,383.4,90.5,2400,27.7,80
RES072-002060,2025-11-17,centro,1210.8,289.2,6000,20.8,100
RES072-002061,2025-11-17,sur,445.9,104.3,3600,25.7,60
RES072-002062,2025-11-18,norte,413.0,85.5,2400,11.7,100
RES072-002063,2025-11-18,centro,1134.9,237.2,6000,10.7,100
RES072-002064,2025-11-18,sur,635.8,132.3,3600,14.8,100
RES072-002065,2025-11-19,norte,405.7,90.9,2400,27.4,100
RES072-002066,2025-11-19,centro,903.3,175.9,6000,16.6,80
RES072-002067,2025-11-19,sur,602.4,135.9,3600,10.5,100
RES072-002068,2025-11-20,norte,383.6,96.2,2400,28.3,80
RES072-002069,2025-11-20,centro,1165.5,269.8,6000,26.0,100
RES072-002070,2025-11-20,sur,380.4,102.7,3600,14.8,60
RES072-002071,2025-11-21,norte,300.6,57.3,2400,18.1,80
RES072-002072,2025-11-21,centro,1156.4,281.0,6000,11.4,100
RES072-002073,2025-11-21,sur,710.3,147.3,3600,18.1,100
RES072-002074,2025-11-22,norte,407.2,101.8,2400,24.7,100
RES072-002075,2025-11-22,centro,677.3,129.9,6000,25.8,60
RES072-002076,2025-11-22,sur,,113.6,3600,14.1,80
RES072-002077,2025-11-23,norte,519.9,113.0,2400,28.9,100
RES072-002078,2025-11-23,centro,1124.6,244.5,6000,20.9,100
RES072-002079,2025-11-23,sur,683.1,166.4,3600,14.0,100
RES072-002080,2025-11-24,norte,504.1,106.3,2400,29.6,100
RES072-002081,2025-11-24,centro,1231.5,244.5,6000,9.3,100
RES072-002082,2025-11-24,sur,421.9,85.8,3600,26.0,60
RES072-002083,2025-11-25,norte,161.1,30.9,2400,22.9,60
RES072-002084,2025-11-25,centro,1132.9,221.7,6000,19.0,100
RES072-002086,2025-11-26,norte,268.1,66.8,2400,19.7,60
RES072-002087,2025-11-26,centro,672.3,100.1,6000,28.5,60
RES072-002088,2025-11-26,sur,375.6,96.5,3600,30.0,60
RES072-002089,2025-11-27,norte,464.1,92.9,2400,27.8,100
RES072-002090,2025-11-27,centro,1097.7,227.1,6000,17.5,100
RES072-002091,2025-11-27,sur,684.7,170.2,3600,8.8,100
RES072-002092,2025-11-28,norte,217.4,55.0,2400,16.8,60
RES072-002093,2025-11-28,centro,1103.3,198.1,6000,22.9,100
RES072-002094,2025-11-28,sur,660.8,120.9,3600,8.5,100
RES072-002095,2025-11-29,norte,450.7,109.0,2400,23.8,100
RES072-002096,2025-11-29,centro,787.0,188.6,6000,12.7,80
RES072-002097,2025-11-29,sur,664.8,167.0,3600,17.0,100
RES072-002098,2025-11-30,norte,458.1,120.1,2400,20.4,100
RES072-002099,2025-11-30,centro,1142.8,216.2,6000,28.2,100
RES072-002100,2025-11-30,sur,411.4,90.7,3600,26.2,60
RES072-002101,2025-12-01,norte,503.1,139.1,2400,24.7,100
RES072-002102,2025-12-01,centro,1230.0,242.7,6000,19.5,100
RES072-002103,2025-12-01,sur,793.2,198.1,3600,23.0,100
RES072-002104,2025-12-02,norte,424.6,114.6,2400,26.7,80
RES072-002105,2025-12-02,centro,1077.5,174.0,6000,14.8,100
RES072-002106,2025-12-02,sur,628.0,162.3,3600,12.9,100
RES072-002107,2025-12-03,norte,270.7,53.1,2400,16.4,80
RES072-002108,2025-12-03,centro,655.9,134.5,6000,19.6,60
RES072-002109,2025-12-03,sur,694.3,160.1,3600,29.4,100
RES072-002110,2025-12-04,norte,310.6,68.1,2400,10.8,80
RES072-002111,2025-12-04,centro,"781,6",117.9,6000,18.4,80
RES072-002112,2025-12-04,sur,583.2,134.4,3600,12.7,80
RES072-002113,2025-12-05,norte,345.5,75.2,2400,20.2,80
RES072-002114,2025-12-05,centro,1041.8,219.9,6000,12.3,100
RES072-002115,2025-12-05,sur,437.0,88.1,3600,14.6,60
RES072-002116,2025-12-06,norte,286.3,67.8,2400,17.1,60
RES072-002117,2025-12-06,centro,847.6,197.2,6000,8.7,80
RES072-002118,2025-12-06,sur,573.2,171.7,3600,23.5,80
RES072-002119,2025-12-07,norte,408.4,80.9,2400,15.4,100
RES072-002120,2025-12-07,centro,892.4,192.4,6000,14.3,80
RES072-002121,2025-12-07,sur,362.8,76.8,3600,29.0,60
RES072-002122,2025-12-08,norte,515.6,108.1,2400,18.8,80
RES072-002123,2025-12-08,centro,1251.2,275.8,6000,28.4,100
RES072-002124,2025-12-08,sur,734.8,146.8,3600,12.0,100
RES072-002125,2025-12-09,norte,436.4,114.0,2400,14.9,100
RES072-002126,2025-12-09,centro,574.1,113.2,6000,16.5,60
RES072-002127,2025-12-09,sur,581.9,122.8,3600,27.6,100
RES072-002128,2025-12-10,norte,380.2,98.9,2400,23.5,80
RES072-002129,2025-12-10,centro,902.9,242.9,6000,28.5,80
RES072-002130,2025-12-10,sur,667.0,128.4,3600,10.1,100
RES072-002131,2025-12-11,norte,365.0,89.3,2400,19.2,80
RES072-002132,2025-12-11,centro,1084.8,231.8,6000,17.8,100
RES072-002133,2025-12-11,sur,679.7,184.4,3600,13.8,100
RES072-002134,2025-12-12,norte,365.6,78.3,2400,16.5,80
RES072-002135,2025-12-12,centro,1056.0,234.0,6000,13.1,100
RES072-002136,2025-12-12,sur,626.7,166.7,3600,24.4,100
RES072-002137,2025-12-13,norte,548.9,127.9,2400,10.3,100
RES072-002139,2025-12-13,sur,519.7,101.5,3600,21.5,80
RES072-002140,2025-12-14,norte,505.8,116.4,2400,12.2,100
RES072-002141,2025-12-14,centro,1141.5,186.9,6000,18.9,100
RES072-002142,2025-12-14,sur,647.9,163.7,3600,9.6,100
RES072-002143,2025-12-15,norte,462.1,124.9,2400,23.8,100
RES072-002144,2025-12-15,centro,1295.1,257.3,6000,11.7,100
RES072-002145,2025-12-15,sur,794.8,182.2,3600,12.8,100
RES072-002146,2025-12-16,norte,470.6,95.1,2400,11.6,100
RES072-002147,2025-12-16,centro,630.2,120.0,6000,29.0,60
RES072-002148,2025-12-16,sur,658.7,171.7,3600,17.2,100
RES072-002149,2025-12-17,norte,346.7,78.6,2400,28.8,100
RES072-002150,2025-12-17,centro,1065.8,247.2,6000,10.4,100
RES072-002151,2025-12-17,sur,678.4,183.5,3600,14.6,100
RES072-002152,2025-12-18,norte,261.7,61.6,2400,27.4,60
RES072-002153,2025-12-18,centro,885.5,137.7,6000,17.3,80
RES072-002154,2025-12-18,sur,725.2,152.3,3600,28.8,100
RES072-002155,2025-12-19,norte,456.8,104.0,2400,27.7,100
RES072-002156,2025-12-19,centro,-999,199.6,6000,21.1,100
RES072-002157,2025-12-19,sur,743.4,136.9,3600,15.7,100
RES072-002158,2025-12-20,norte,260.2,51.3,2400,17.2,80
RES072-002159,2025-12-20,centro,,167.5,6000,20.8,80
RES072-002160,2025-12-20,sur,466.3,100.4,3600,8.1,80
RES072-002161,2025-12-21,norte,268.5,70.4,2400,8.6,60
RES072-002162,2025-12-21,centro,1098.4,205.8,6000,27.7,100
RES072-002163,2025-12-21,sur,557.5,115.1,3600,17.1,80
RES072-002164,2025-12-22,norte,437.2,109.7,2400,16.0,100
RES072-002165,2025-12-22,centro,1188.5,210.7,6000,8.5,100
RES072-002166,2025-12-22,sur,670.7,147.9,3600,11.0,80
RES072-002167,2025-12-23,norte,433.3,127.0,2400,18.3,100
RES072-002168,2025-12-23,centro,625.5,129.5,6000,25.0,60
RES072-002169,2025-12-23,sur,619.7,164.5,3600,24.7,100
RES072-002170,2025-12-24,norte,302.1,77.7,2400,26.1,60
RES072-002171,2025-12-24,centro,575.7,130.3,6000,21.3,60
RES072-002172,2025-12-24,sur,650.1,133.4,3600,17.5,100
RES072-002173,2025-12-25,norte,245.4,54.1,2400,10.8,60
RES072-002174,2025-12-25,centro,1020.7,223.3,6000,22.3,100
RES072-002175,2025-12-25,sur,652.8,130.4,3600,15.7,100
RES072-002176,2025-12-26,norte,437.2,110.1,2400,28.5,100
RES072-002177,2025-12-26,centro,1112.7,255.0,6000,24.1,100
RES072-002178,2025-12-26,sur,434.0,98.3,3600,12.2,80
RES072-002179,2025-12-27,norte,355.8,88.8,2400,14.7,100
RES072-002180,2025-12-27,centro,1052.9,189.0,6000,12.9,100
RES072-002181,2025-12-27,sur,664.0,145.2,3600,23.6,100
RES072-002182,2025-12-28,norte,424.5,101.0,2400,27.7,100
RES072-002183,2025-12-28,centro,614.9,160.3,6000,15.3,60
RES072-002184,2025-12-28,sur,593.0,146.3,3600,17.7,100
RES072-002185,2025-12-29,norte,442.6,96.4,2400,20.0,80
RES072-002186,2025-12-29,centro,1252.7,228.0,6000,27.0,100
RES072-002187,2025-12-29,sur,707.9,157.2,3600,28.5,100
RES072-002188,2025-12-30,norte,361.9,88.1,2400,29.0,100
RES072-002189,2025-12-30,centro,1048.6,202.5,6000,14.2,100
RES072-002190,2025-12-30,sur,567.6,124.7,3600,17.1,100
RES072-002192,2025-12-31,centro,849.5,160.2,6000,17.1,80
RES072-002193,2025-12-31,sur,639.6,151.0,3600,28.6,100
RES072-001279,2025-03-02,norte,421.1,101.1,2400,10.7,100
RES072-001823,2025-08-30,centro,920.1,230.2,6000,27.8,80
RES072-000700,2024-08-21,norte,249.7,65.0,2400,23.7,60
RES072-001214,2025-02-08,centro,1130.2,169.1,6000,13.1,100
RES072-000737,2024-09-02,centro,1264.4,265.4,6000,29.2,100
RES072-001398,2025-04-10,sur,637.2,101.4,3600,23.8,100
RES072-000381,2024-05-06,sur,760.7,156.8,3600,25.8,100
