registro_id,fecha,maquina,turno,unidades,defectos,horas,parada_min,vibracion,mantenimiento,fallo_7d,reparacion_coste
IND070-000001,2024-01-01,M1,dia,305,3,7.8,42.9,3.68,1,0,0
IND070-000002,2024-01-01,M2,dia,196,5,3.3,17.4,2.67,1,0,0
IND070-000003,2024-01-01,M3,dia,227,8,3.8,4.7,4.91,1,0,0
IND070-000004,2024-01-02,M4,dia,333,15,7.5,9.8,1.95,0,0,0
IND070-000005,2024-01-02,M5,dia,745,20,4.1,7.8,4.45,1,0,0
IND070-000006,2024-01-02,M6,dia,124,5,7.8,10.7,2.6,0,0,0
IND070-000007,2024-01-03,M1,noche,329,6,6.6,4.8,2.64,0,0,0
IND070-000008,2024-01-03,M2,noche,310,9,3.1,3.4,1.08,0,0,0
IND070-000009,2024-01-03,M3,noche,166,4,4.2,61.9,3.95,0,0,0
IND070-000010,2024-01-04,M4,noche,762,22,3.4,3.3,2.7,1,0,0
IND070-000011,2024-01-04,M5,noche,303,11,4.8,19.6,4.09,1,0,0
IND070-000012,2024-01-04,M6,noche,722,32,3.9,23.8,2.22,0,0,0
IND070-000013,2024-01-05,M1,dia,295,5,5.0,12.9,2.91,0,0,0
IND070-000014,2024-01-05,M2,dia,222,5,5.0,6.1,2.3,0,0,0
IND070-000015,2024-01-05,M3,dia,684,15,5.1,64.0,2.75,0,0,0
IND070-000016,2024-01-06,M4,dia,140,6,6.5,9.8,4.11,0,0,0
IND070-000017,2024-01-06,M5,dia,137,6,6.7,6.3,3.35,0,0,0
IND070-000018,2024-01-06,M6,dia,452,22,5.3,24.5,3.18,0,0,0
IND070-000019,2024-01-07,M1,noche,92,1,6.5,4.8,0.1,0,0,0
IND070-000020,2024-01-07,M2,noche,202,7,3.1,11.9,3.26,0,0,0
IND070-000021,2024-01-07,M3,noche,91,1,7.8,62.8,5.52,0,1,915.74
IND070-000022,2024-01-08,M4,noche,146,2,6.9,19.5,0.54,0,0,0
IND070-000023,2024-01-08,M5,noche,671,16,6.5,3.3,3.88,0,0,0
IND070-000024,2024-01-09,M6,noche,393,13,3.0,5.4,2.17,0,0,0
IND070-000025,2024-01-09,M1,dia,584,14,6.6,4.3,2.31,0,0,0
IND070-000026,2024-01-09,M2,dia,473,10,4.6,2.1,2.56,0,0,0
IND070-000027,2024-01-10,M3,dia,737,18,7.3,4.2,3.61,0,1,1085.56
IND070-000028,2024-01-10,M4,dia,785,25,3.4,0.6,3.55,0,0,0
IND070-000029,2024-01-10,M5,dia,591,14,6.3,3.5,0.95,0,0,0
IND070-000030,2024-01-11,M6,dia,203,10,7.8,2.8,3.99,1,0,0
IND070-000031,2024-01-11,M1,noche,551,10,6.2,1.7,2.3,1,0,0
IND070-000032,2024-01-11,M2,noche,459,9,6.0,2.8,3.6,0,0,0
IND070-000033,2024-01-12,M3,noche,515,4,4.2,14.0,4.6,0,1,1920.8
IND070-000034,2024-01-12,M4,noche,99,2,7.8,9.3,4.06,0,0,0
IND070-000035,2024-01-12,M5,noche,104,2,4.1,0.5,2.66,0,0,0
IND070-000036,2024-01-13,M6,noche,739,32,6.7,13.9,2.86,0,0,0
IND070-000037,2024-01-13,M1,dia,363,8,4.4,24.3,4.05,0,0,0
IND070-000038,2024-01-13,M2,dia,459,18,6.6,48.7,4.07,1,0,0
IND070-000039,2024-01-14,M3,dia,792,17,3.1,22.6,1.51,0,0,0
IND070-000040,2024-01-14,M4,dia,200,7,3.7,52.7,3.0,0,0,0
IND070-000041,2024-01-14,M5,dia,637,19,4.7,2.7,2.84,0,0,0
IND070-000042,2024-01-15,M6,dia,185,10,6.9,7.2,2.28,0,0,0
IND070-000043,2024-01-15,M1,noche,491,7,3.3,2.4,1.36,0,0,0
IND070-000044,2024-01-15,M2,noche,536,13,6.4,8.9,2.44,0,0,0
IND070-000045,2024-01-16,M3,noche,687,16,5.4,5.5,1.71,0,0,0
IND070-000046,2024-01-16,M4,noche,321,14,5.0,0.9,1.69,0,0,0
IND070-000047,2024-01-17,M5,noche,109,3,7.5,5.9,2.84,0,0,0
IND070-000048,2024-01-17,M6,noche,459,15,7.1,13.7,4.21,1,0,0
IND070-000049,2024-01-17,M1,dia,363,4,7.0,11.8,1.65,0,0,0
IND070-000050,2024-01-18,M2,dia,749,17,3.5,52.5,3.72,1,0,0
IND070-000051,2024-01-18,M3,dia,83,4,7.1,10.0,3.46,0,0,0
IND070-000052,2024-01-18,M4,dia,741,22,6.4,4.8,3.34,0,0,0
IND070-000053,2024-01-19,M5,dia,668,19,6.9,5.4,2.92,1,0,0
IND070-000054,2024-01-19,M6,dia,240,6,6.4,13.3,3.26,0,0,0
IND070-000055,2024-01-19,M1,noche,432,2,7.0,49.2,2.62,0,0,0
IND070-000056,2024-01-20,M2,noche,339,10,5.8,29.8,1.55,0,0,0
IND070-000057,2024-01-20,M3,noche,246,1,3.5,7.6,3.27,0,0,0
IND070-000058,2024-01-20,M4,noche,660,20,8.0,16.0,3.77,0,0,0
IND070-000059,2024-01-21,M5,noche,128,0,5.0,29.3,2.19,0,0,0
IND070-000060,2024-01-21,M6,noche,397,15,5.7,54.1,4.11,0,0,0
IND070-000061,2024-01-21,M1,dia,111,2,3.0,2.3,2.84,0,0,0
IND070-000062,2024-01-22,M2,dia,497,12,3.1,18.7,2.31,1,0,0
IND070-000063,2024-01-22,M3,dia,427,5,6.3,10.8,3.35,0,0,0
IND070-000064,2024-01-22,M4,dia,747,24,6.6,24.4,4.46,0,0,0
IND070-000065,2024-01-23,M5,dia,612,16,5.2,20.2,2.9,0,0,0
IND070-000066,2024-01-23,M6,dia,92,3,4.1,15.9,3.62,0,0,0
IND070-000067,2024-01-23,M1,noche,109,0,5.4,15.1,4.37,1,0,0
IND070-000068,2024-01-24,M2,noche,673,18,6.6,7.0,3.17,1,0,0
IND070-000069,2024-01-24,M3,noche,431,8,6.8,14.9,1.94,0,0,0
IND070-000070,2024-01-25,M4,noche,692,20,4.0,4.7,4.01,0,0,0
IND070-000071,2024-01-25,M5,noche,716,19,4.2,11.4,2.16,0,0,0
IND070-000072,2024-01-25,M6,noche,302,11,7.8,19.3,1.44,0,0,0
IND070-000073,2024-01-26,M1,dia,653,4,3.8,25.6,1.92,0,0,0
IND070-000074,2024-01-26,M2,dia,142,3,7.9,58.8,4.21,0,0,0
IND070-000075,2024-01-26,M3,dia,573,13,6.9,10.8,3.67,0,0,0
IND070-000076,2024-01-27,M4,dia,365,11,3.9,0.4,2.3,0,0,0
IND070-000077,2024-01-27,M5,dia,734,21,4.0,17.3,4.07,0,0,0
IND070-000078,2024-01-27,M6,dia,115,4,7.2,8.0,5.01,0,0,0
IND070-000079,2024-01-28,M1,noche,134,2,7.5,35.7,1.06,0,0,0
IND070-000080,2024-01-28,M2,noche,277,9,4.3,4.0,3.49,0,0,0
IND070-000081,2024-01-28,M3,noche,104,2,4.3,43.5,2.15,1,0,0
IND070-000082,2024-01-29,M4,noche,764,24,4.8,5.6,2.97,0,0,0
IND070-000083,2024-01-29,M5,noche,765,22,3.6,107.0,4.82,0,0,0
IND070-000084,2024-01-29,M6,noche,776,33,3.4,1.1,,1,0,0
IND070-000085,2024-01-30,M1,dia,542,8,7.4,60.3,0.67,0,0,0
IND070-000086,2024-01-30,M2,dia,416,17,3.5,38.0,1.92,0,0,0
IND070-000087,2024-01-30,M3,dia,684,15,5.7,21.8,2.96,0,0,0
IND070-000088,2024-01-31,M4,dia,693,22,7.1,20.3,4.11,1,0,0
IND070-000089,2024-01-31,M5,dia,467,15,5.7,23.0,3.45,0,0,0
IND070-000090,2024-01-31,M6,dia,208,6,7.7,32.1,4.97,1,0,0
IND070-000091,2024-02-01,M1,noche,635,9,3.6,20.0,2.53,0,0,0
IND070-000092,2024-02-01,M2,noche,488,8,5.8,7.2,3.32,0,0,0
IND070-000093,2024-02-02,M3,noche,109,2,4.8,46.1,1.94,0,0,0
IND070-000094,2024-02-02,M4,noche,717,20,4.6,18.5,3.4,0,0,0
IND070-000095,2024-02-02,M5,noche,256,10,7.1,26.1,5.11,0,0,0
IND070-000096,2024-02-03,M6,noche,328,11,4.6,32.6,4.12,0,0,0
IND070-000097,2024-02-03,M1,dia,406,6,6.4,6.6,3.73,0,0,0
IND070-000098,2024-02-03,M2, DIA ,390,15,5.8,1.2,3.52,0,0,0
IND070-000099,2024-02-04,M3,dia,359,11,4.6,18.2,1.78,0,0,0
IND070-000100,2024-02-04,M4,dia,422,10,6.0,3.6,2.25,0,1,1623.65
IND070-000101,2024-02-04,M5,dia,182,2,6.4,17.9,2.22,0,0,0
IND070-000102,2024-02-05,M6,dia,519,21,3.9,12.4,4.1,1,0,0
IND070-000103,2024-02-05,M1,noche,450,8,3.2,0.6,2.4,0,0,0
IND070-000104,2024-02-05,M2,noche,464,8,5.4,5.2,2.1,0,0,0
IND070-000105,2024-02-06,M3,noche,497,10,6.5,15.8,2.63,0,0,0
IND070-000106,2024-02-06,M4,noche,138,8,3.8,0.1,5.73,0,1,1106.22
IND070-000107,2024-02-06,M5,noche,523,19,5.7,65.7,3.63,0,0,0
IND070-000108,2024-02-07,M6,noche,737,29,5.9,13.0,5.63,0,0,0
IND070-000109,2024-02-07,M1,dia,624,13,5.6,9.1,2.92,0,0,0
IND070-000110,2024-02-07,M2,dia,300,10,6.7,12.9,3.61,0,0,0
IND070-000111,2024-02-08,M3,dia,678,12,4.9,3.0,4.2,0,0,0
IND070-000112,2024-02-08,M4,dia,730,20,5.4,15.7,5.41,0,1,2157.32
IND070-000113,2024-02-08,M5,dia,388,15,7.0,12.1,2.59,0,0,0
IND070-000114,2024-02-09,M6,dia,616,24,6.7,13.0,2.48,1,0,0
IND070-000115,2024-02-09,M1,noche,224,3,5.4,3.5,3.09,0,0,0
IND070-000116,2024-02-10,M2,noche,737,23,3.0,29.1,3.05,0,0,0
IND070-000117,2024-02-10,M3,noche,510,11,5.3,1.5,2.07,0,0,0
IND070-000118,2024-02-10,M4,noche,91,1,6.9,12.8,3.14,0,1,2184.65
IND070-000119,2024-02-11,M5,noche,523,18,5.1,105.7,4.29,0,0,0
IND070-000120,2024-02-11,M6,noche,662,20,4.4,25.9,4.58,0,0,0
IND070-000121,2024-02-11,M1,dia,333,2,5.0,18.0,2.15,0,0,0
IND070-000122,2024-02-12,M2,dia,208,6,4.4,30.6,3.04,0,0,0
IND070-000123,2024-02-12,M3,dia,223,2,4.7,15.3,4.12,0,0,0
IND070-000124,2024-02-12,M4,dia,591,15,7.8,1.6,2.86,0,0,0
IND070-000125,2024-02-13,M5,dia,378,12,4.9,4.6,1.15,0,0,0
IND070-000126,2024-02-13,M6,dia,510,24,6.3,13.5,4.05,1,0,0
IND070-000127,2024-02-13,M1,noche,124,5,4.7,26.3,1.22,0,0,0
IND070-000128,2024-02-14,M2,noche,560,9,4.5,7.8,2.87,1,0,0
IND070-000129,2024-02-14,M3,noche,386,10,8.0,3.7,1.76,0,0,0
IND070-000130,2024-02-14,M4,noche,526,21,3.0,8.8,1.52,0,0,0
IND070-000131,2024-02-15,M5,noche,781,19,6.7,11.1,2.67,0,0,0
IND070-000132,2024-02-15,M6,noche,304,18,6.8,13.5,4.34,1,0,0
IND070-000133,2024-02-15,M1,dia,598,7,7.7,8.1,0.23,0,0,0
IND070-000134,2024-02-16,M2,dia,664,19,4.3,3.8,1.7,0,0,0
IND070-000135,2024-02-16,M3,dia,143,4,6.0,22.7,2.17,0,0,0
IND070-000136,2024-02-16,M4,dia,522,20,4.8,0.2,2.65,0,0,0
IND070-000137,2024-02-17,M5,dia,579,11,3.9,34.5,4.8,0,0,0
IND070-000138,2024-02-17,M6,dia,604,21,3.8,52.0,5.02,0,0,0
IND070-000139,2024-02-18,M1,noche,394,8,4.9,5.4,2.05,0,0,0
IND070-000140,2024-02-18,M2,noche,568,14,7.8,16.9,1.76,0,0,0
IND070-000141,2024-02-18,M3,noche,729,15,4.0,67.9,2.98,0,0,0
IND070-000142,2024-02-19,M4,noche,268,8,4.6,11.9,1.7,0,0,0
IND070-000143,2024-02-19,M5,noche,449,13,4.1,5.7,5.29,1,0,0
IND070-000144,2024-02-19,M6,noche,766,35,7.1,5.0,4.75,1,0,0
IND070-000145,2024-02-20,M1,dia,791,16,5.4,3.9,3.29,0,0,0
IND070-000146,2024-02-20,M2,dia,386,11,6.4,35.3,1.69,0,0,0
IND070-000147,2024-02-20,M3,dia,778,24,3.5,21.7,3.16,0,0,0
IND070-000148,2024-02-21,M4,dia,726,27,6.0,13.5,2.51,0,0,0
IND070-000149,2024-02-21,M5,dia,312,8,7.2,58.1,3.82,1,0,0
IND070-000150,2024-02-21,M6,dia,749,28,3.7,6.9,3.73,0,0,0
IND070-000151,2024-02-22,M1,noche,494,4,6.5,3.4,2.42,0,0,0
IND070-000152,2024-02-22,M2,noche,343,9,3.4,48.3,2.06,1,0,0
IND070-000153,2024-02-22,M3,noche,759,17,4.3,17.9,1.41,0,0,0
IND070-000154,2024-02-23,M4,noche,237,6,6.0,10.4,5.26,0,0,0
IND070-000155,2024-02-23,M5,noche,113,1,4.2,13.4,4.15,0,0,0
IND070-000156,2024-02-23,M6,noche,371,15,7.0,13.2,3.3,0,0,0
IND070-000157,2024-02-24,M1,dia,608,11,3.4,8.2,1.73,0,0,0
IND070-000158,2024-02-24,M2,dia,383,10,5.0,19.4,1.48,0,0,0
IND070-000159,2024-02-24,M3,dia,583,21,5.6,5.4,3.0,0,0,0
IND070-000160,2024-02-25,M4,dia,91,0,6.0,8.5,3.31,0,1,1128.13
IND070-000161,2024-02-25,M5,dia,446,11,6.2,43.7,3.21,0,0,0
IND070-000162,2024-02-26,M6,dia,526,10,6.1,0.7,2.35,0,0,0
IND070-000163,2024-02-26,M1,noche,316,1,3.1,0.7,2.4,1,0,0
IND070-000164,2024-02-26,M2,noche,590,10,6.9,23.1,1.77,0,0,0
IND070-000165,2024-02-27,M3,noche,531,13,5.4,11.4,2.63,1,0,0
IND070-000166,2024-02-27,M4,noche,301,11,3.4,4.3,4.09,1,1,800.95
IND070-000167,2024-02-27,M5,noche,522,16,5.8,4.8,,0,0,0
IND070-000168,2024-02-28,M6,noche,91,4,4.1,13.3,4.77,0,0,0
IND070-000169,2024-02-28,M1,dia,209,1,3.4,56.7,2.18,0,0,0
IND070-000170,2024-02-28,M2,dia,353,14,5.1,3.4,1.13,0,0,0
IND070-000171,2024-02-29,M3,dia,329,3,6.6,7.6,3.03,0,0,0
IND070-000172,2024-02-29,M4,dia,161,4,8.0,6.8,5.23,0,1,2992.47
IND070-000173,2024-02-29,M5,dia,449,15,5.7,6.8,4.9,0,0,0
IND070-000174,2024-03-01,M6,dia,669,28,3.7,27.6,2.29,0,0,0
IND070-000175,2024-03-01,M1,noche,652,10,7.4,10.4,1.83,0,0,0
IND070-000176,2024-03-01,M2,noche,356,13,6.7,4.1,3.41,1,0,0
IND070-000177,2024-03-02,M3,noche,202,3,5.6,47.6,3.83,0,0,0
IND070-000178,2024-03-02,M4,noche,714,22,6.3,33.2,3.73,0,0,0
IND070-000179,2024-03-02,M5,noche,750,10,6.9,22.3,3.05,1,0,0
IND070-000180,2024-03-03,M6,noche,629,16,4.2,36.5,4.94,0,0,0
IND070-000181,2024-03-03,M1,dia,498,6,5.3,8.6,1.22,0,0,0
IND070-000182,2024-03-04,M2,dia,489,8,3.5,24.7,3.03,0,0,0
IND070-000183,2024-03-04,M3,dia,635,13,7.0,19.5,3.37,0,0,0
IND070-000184,2024-03-04,M4,dia,425,17,4.0,32.0,2.01,0,0,0
IND070-000185,2024-03-05,M5,dia,419,7,4.4,34.3,4.98,0,0,0
IND070-000186,2024-03-05,M6,dia,139,4,7.5,32.5,3.0,0,0,0
IND070-000187,2024-03-05,M1,noche,155,0,3.7,48.2,3.3,0,0,0
IND070-000188,2024-03-06,M2,noche,589,12,6.5,36.4,3.14,0,0,0
IND070-000189,2024-03-06,M3,noche,713,20,7.3,8.9,3.19,1,0,0
IND070-000190,2024-03-06,M4,noche,81,5,7.8,17.9,3.4,0,0,0
IND070-000191,2024-03-07,M5,noche,236,6,7.4,24.1,3.68,0,0,0
IND070-000192,2024-03-07,M6,noche,111,4,8.0,2.9,5.27,0,0,0
IND070-000193,2024-03-07,M1,dia,582,13,4.1,18.8,2.22,0,0,0
IND070-000194,2024-03-08,M2,dia,144,6,7.3,15.0,2.46,0,0,0
IND070-000195,2024-03-08,M3, DIA ,723,15,5.0,54.4,4.26,0,0,0
IND070-000196,2024-03-08,M4,dia,712,16,7.6,29.7,3.31,0,0,0
IND070-000197,2024-03-09,M5,dia,159,7,5.8,19.0,4.16,0,0,0
IND070-000198,2024-03-09,M6,dia,555,16,7.9,7.1,3.36,0,0,0
IND070-000199,2024-03-09,M1,noche,269,5,6.2,24.4,2.88,0,0,0
IND070-000200,2024-03-10,M2,noche,439,11,7.7,17.4,2.13,1,0,0
IND070-000201,2024-03-10,M3,noche,555,13,4.0,53.3,3.11,0,0,0
IND070-000202,2024-03-10,M4,noche,503,16,4.6,4.0,3.45,0,0,0
IND070-000203,2024-03-11,M5,noche,650,23,7.9,31.1,3.07,0,0,0
IND070-000204,2024-03-11,M6,noche,374,21,3.4,26.7,3.91,1,0,0
IND070-000205,2024-03-12,M1,dia,299,2,3.7,46.4,3.95,0,0,0
IND070-000206,2024-03-12,M2,dia,385,3,6.4,16.0,2.88,0,0,0
IND070-000207,2024-03-12,M3,dia,207,4,7.6,35.4,3.41,0,0,0
IND070-000208,2024-03-13,M4,dia,509,15,6.0,0.4,3.74,1,0,0
IND070-000209,2024-03-13,M5,dia,730,17,5.5,15.7,2.43,0,0,0
IND070-000210,2024-03-13,M6,dia,539,18,4.2,5.2,4.06,0,0,0
IND070-000211,2024-03-14,M1,noche,261,3,6.5,13.3,2.13,0,0,0
IND070-000212,2024-03-14,M2,noche,455,8,6.1,5.7,"3,57",0,0,0
IND070-000213,2024-03-14,M3,noche,326,8,7.2,59.9,4.42,0,0,0
IND070-000214,2024-03-15,M4,noche,601,13,7.1,12.3,2.71,0,0,0
IND070-000215,2024-03-15,M5,noche,147,5,3.2,0.8,2.16,0,0,0
IND070-000216,2024-03-15,M6,noche,387,9,7.8,3.3,5.45,0,0,0
IND070-000217,2024-03-16,M1,dia,681,13,7.3,6.3,2.42,0,0,0
IND070-000218,2024-03-16,M2,dia,575,25,3.1,29.1,3.92,0,0,0
IND070-000219,2024-03-16,M3,dia,624,18,6.4,16.0,5.35,1,0,0
IND070-000220,2024-03-17,M4,dia,583,18,5.8,3.2,3.58,0,0,0
IND070-000221,2024-03-17,M5,dia,296,12,7.3,13.9,2.59,0,0,0
IND070-000222,2024-03-17,M6,dia,94,3,4.4,0.6,3.88,1,0,0
IND070-000223,2024-03-18,M1,noche,88,0,5.8,9.2,2.81,0,0,0
IND070-000224,2024-03-18,M2,noche,196,7,6.7,10.8,2.77,1,0,0
IND070-000225,2024-03-18,M3,noche,526,6,7.7,0.6,4.96,0,0,0
IND070-000226,2024-03-19,M4,noche,391,12,4.1,2.7,1.74,0,0,0
IND070-000227,2024-03-19,M5,noche,355,9,7.1,24.4,4.28,0,0,0
IND070-000228,2024-03-20,M6,noche,501,14,4.5,8.7,4.14,0,0,0
IND070-000229,2024-03-20,M1,dia,357,6,3.2,3.6,3.89,1,1,1481.62
IND070-000230,2024-03-20,M2,dia,567,12,6.2,9.1,0.34,0,0,0
IND070-000231,2024-03-21,M3,dia,368,7,7.2,10.8,2.57,0,0,0
IND070-000232,2024-03-21,M4,dia,690,21,7.0,53.6,2.23,0,0,0
IND070-000233,2024-03-21,M5,dia,352,12,7.0,5.3,4.18,0,0,0
IND070-000234,2024-03-22,M6,dia,793,29,6.7,23.2,2.12,0,0,0
IND070-000235,2024-03-22,M1,noche,257,3,3.9,8.5,2.29,0,1,449.65
IND070-000236,2024-03-22,M2,noche,324,11,7.2,56.0,1.56,0,0,0
IND070-000237,2024-03-23,M3,noche,155,5,6.5,2.0,3.02,0,0,0
IND070-000238,2024-03-23,M4,noche,592,22,5.5,5.4,4.47,0,0,0
IND070-000239,2024-03-23,M5,noche,482,9,7.1,25.0,3.94,0,0,0
IND070-000240,2024-03-24,M6,noche,782,23,4.3,14.2,3.5,0,0,0
IND070-000241,2024-03-24,M1,dia,613,3,7.1,18.2,4.04,0,1,491.43
IND070-000242,2024-03-24,M2,dia,532,12,5.9,3.4,2.67,1,0,0
IND070-000243,2024-03-25,M3,dia,471,12,4.7,42.3,3.49,0,0,0
IND070-000244,2024-03-25,M4,dia,357,14,6.1,35.6,2.33,0,0,0
IND070-000245,2024-03-25,M5,dia,462,9,6.8,31.0,3.06,1,0,0
IND070-000246,2024-03-26,M6,dia,397,4,7.1,17.8,3.48,0,0,0
IND070-000247,2024-03-26,M1,noche,374,11,6.0,4.1,4.95,0,1,688.09
IND070-000248,2024-03-26,M2,noche,750,18,5.5,6.0,2.16,0,0,0
IND070-000249,2024-03-27,M3,noche,520,11,7.2,6.3,2.05,0,0,0
IND070-000250,2024-03-27,M4,noche,406,8,4.0,23.6,,0,0,0
IND070-000251,2024-03-28,M5,noche,101,3,6.1,16.8,4.07,1,0,0
IND070-000252,2024-03-28,M6,noche,640,29,5.8,13.8,4.72,0,0,0
IND070-000253,2024-03-28,M1,dia,525,11,3.6,2.8,3.79,0,1,2451.47
IND070-000254,2024-03-29,M2,dia,330,6,3.7,5.5,3.0,1,0,0
IND070-000255,2024-03-29,M3,dia,361,4,7.6,9.9,4.71,0,0,0
IND070-000256,2024-03-29,M4,dia,110,3,5.5,49.9,3.1,0,0,0
IND070-000257,2024-03-30,M5,dia,370,21,3.3,14.5,3.48,0,0,0
IND070-000258,2024-03-30,M6,dia,440,17,7.3,17.4,3.4,0,0,0
IND070-000259,2024-03-30,M1,noche,428,3,7.1,21.9,4.26,0,1,2438.14
IND070-000260,2024-03-31,M2,noche,138,5,4.6,2.8,2.71,0,0,0
IND070-000261,2024-03-31,M3,noche,541,11,4.2,7.2,5.82,0,0,0
IND070-000262,2024-03-31,M4,noche,186,3,6.3,16.5,4.69,0,0,0
IND070-000263,2024-04-01,M5,noche,379,14,7.6,11.0,3.24,0,0,0
IND070-000264,2024-04-01,M6,noche,522,16,4.8,6.9,2.65,0,0,0
IND070-000265,2024-04-01,M1,dia,345,6,5.4,1.8,4.27,1,1,912.95
IND070-000266,2024-04-02,M2,dia,529,18,3.4,0.8,3.81,0,0,0
IND070-000267,2024-04-02,M3,dia,494,14,4.9,15.5,2.94,0,0,0
IND070-000268,2024-04-02,M4,dia,332,10,7.3,13.4,5.1,1,0,0
IND070-000269,2024-04-03,M5,dia,731,16,6.3,1.1,4.13,0,0,0
IND070-000270,2024-04-03,M6,dia,645,27,3.9,8.1,5.25,0,0,0
IND070-000271,2024-04-03,M1,noche,761,13,6.4,15.9,1.88,1,0,0
IND070-000272,2024-04-04,M2,noche,742,20,4.2,20.0,3.13,0,0,0
IND070-000273,2024-04-04,M3,noche,713,14,4.2,55.3,3.66,1,0,0
IND070-000274,2024-04-05,M4,noche,84,3,3.6,14.5,2.83,0,0,0
IND070-000275,2024-04-05,M5,noche,414,9,8.0,8.3,4.05,0,0,0
IND070-000276,2024-04-05,M6,noche,305,15,7.5,23.4,3.19,0,0,0
IND070-000277,2024-04-06,M1,dia,308,3,3.7,22.8,3.47,1,0,0
IND070-000278,2024-04-06,M2,dia,544,12,5.0,12.9,2.6,1,0,0
IND070-000279,2024-04-06,M3,dia,522,12,5.4,7.7,0.65,1,0,0
IND070-000280,2024-04-07,M4,dia,234,10,6.8,21.4,2.33,0,0,0
IND070-000281,2024-04-07,M5,dia,203,5,7.0,9.2,1.76,0,0,0
IND070-000282,2024-04-07,M6,dia,758,27,4.8,42.7,3.99,0,0,0
IND070-000283,2024-04-08,M1,noche,251,3,5.6,69.7,1.95,1,0,0
IND070-000284,2024-04-08,M2,noche,493,18,6.4,12.9,3.18,0,0,0
IND070-000285,2024-04-08,M3,noche,561,12,3.3,13.6,3.7,0,0,0
IND070-000286,2024-04-09,M4,noche,704,22,3.7,18.7,4.79,0,0,0
IND070-000287,2024-04-09,M5,noche,610,19,7.3,12.2,5.32,0,0,0
IND070-000288,2024-04-09,M6,noche,660,20,5.0,62.7,2.53,0,0,0
IND070-000289,2024-04-10,M1,dia,704,9,5.1,7.7,1.5,0,0,0
IND070-000290,2024-04-10,M2,dia,316,5,5.1,25.6,3.04,0,0,0
IND070-000291,2024-04-10,M3,dia,723,18,7.1,30.8,2.87,1,0,0
IND070-000292,2024-04-11,M4, DIA ,188,4,3.4,3.6,3.16,0,0,0
IND070-000293,2024-04-11,M5,dia,339,9,4.3,30.1,4.61,0,0,0
IND070-000294,2024-04-11,M6,dia,213,8,4.4,10.0,2.48,0,0,0
IND070-000295,2024-04-12,M1,noche,134,2,5.3,32.8,2.65,0,0,0
IND070-000296,2024-04-12,M2,noche,586,19,4.3,20.6,2.9,0,0,0
IND070-000297,2024-04-13,M3,noche,793,16,6.3,10.0,3.12,0,0,0
IND070-000298,2024-04-13,M4,noche,430,11,6.0,5.6,2.61,0,0,0
IND070-000299,2024-04-13,M5,noche,734,29,3.5,18.7,3.0,1,0,0
IND070-000300,2024-04-14,M6,noche,626,18,6.9,0.2,4.18,0,0,0
IND070-000301,2024-04-14,M1,dia,373,4,3.5,5.2,2.41,0,0,0
IND070-000302,2024-04-14,M2,dia,334,11,5.1,32.5,2.57,0,0,0
IND070-000303,2024-04-15,M3,dia,781,19,5.2,28.5,2.96,1,0,0
IND070-000304,2024-04-15,M4,dia,282,12,4.1,15.9,3.45,0,0,0
IND070-000305,2024-04-15,M5,dia,795,19,4.9,7.3,3.03,1,0,0
IND070-000306,2024-04-16,M6,dia,428,16,5.9,7.6,4.38,0,0,0
IND070-000307,2024-04-16,M1,noche,535,4,5.3,7.1,3.43,0,0,0
IND070-000308,2024-04-16,M2,noche,460,16,5.2,33.0,3.29,1,0,0
IND070-000309,2024-04-17,M3,noche,653,14,5.8,22.4,1.83,0,0,0
IND070-000310,2024-04-17,M4,noche,767,28,6.8,34.5,1.47,0,0,0
IND070-000311,2024-04-17,M5,noche,268,3,3.4,34.4,4.24,0,0,0
IND070-000312,2024-04-18,M6,noche,630,24,6.6,3.0,3.07,0,0,0
IND070-000313,2024-04-18,M1,dia,780,9,6.3,50.1,0.62,0,0,0
IND070-000314,2024-04-18,M2,dia,378,3,5.4,29.5,3.41,0,0,0
IND070-000315,2024-04-19,M3,dia,392,9,6.4,1.1,2.09,0,0,0
IND070-000316,2024-04-19,M4,dia,652,23,6.1,22.8,1.28,0,0,0
IND070-000317,2024-04-19,M5,dia,369,16,6.7,2.5,2.38,0,0,0
IND070-000318,2024-04-20,M6,dia,752,30,5.5,25.3,2.92,1,0,0
IND070-000319,2024-04-20,M1,noche,581,7,3.8,1.5,2.87,0,0,0
IND070-000320,2024-04-21,M2,noche,581,17,5.8,2.7,2.38,0,0,0
IND070-000321,2024-04-21,M3,noche,327,4,4.0,0.3,3.83,0,0,0
IND070-000322,2024-04-21,M4,noche,277,6,4.0,13.4,4.18,1,0,0
IND070-000323,2024-04-22,M5,noche,237,6,7.3,26.1,3.9,0,0,0
IND070-000324,2024-04-22,M6,noche,762,28,5.3,14.9,4.63,0,0,0
IND070-000325,2024-04-22,M1,dia,618,11,6.6,14.3,4.06,1,0,0
IND070-000326,2024-04-23,M2,dia,212,6,4.8,6.4,2.31,1,0,0
IND070-000327,2024-04-23,M3,dia,161,5,3.3,0.9,3.55,0,0,0
IND070-000328,2024-04-23,M4,dia,305,12,5.4,51.5,3.41,1,0,0
IND070-000329,2024-04-24,M5,dia,561,14,6.5,58.2,4.66,0,0,0
IND070-000330,2024-04-24,M6,dia,512,15,5.8,22.8,4.2,0,0,0
IND070-000331,2024-04-24,M1,noche,221,3,4.7,2.5,1.95,0,0,0
IND070-000332,2024-04-25,M2,noche,628,14,4.9,1.1,3.67,0,0,0
IND070-000333,2024-04-25,M3,noche,522,8,3.5,22.8,,0,1,1228.03
IND070-000334,2024-04-25,M4,noche,799,21,7.2,6.9,3.28,1,0,0
IND070-000335,2024-04-26,M5,noche,362,10,3.8,28.9,2.47,0,0,0
IND070-000336,2024-04-26,M6,noche,434,18,6.1,9.6,3.51,0,0,0
IND070-000337,2024-04-26,M1,dia,179,0,3.1,24.5,1.87,0,0,0
IND070-000338,2024-04-27,M2,dia,768,20,7.0,13.1,3.5,0,0,0
IND070-000339,2024-04-27,M3,dia,546,11,7.4,27.4,4.94,0,1,957.52
IND070-000340,2024-04-28,M4,dia,720,31,5.1,29.6,3.0,1,0,0
IND070-000341,2024-04-28,M5,dia,219,10,7.0,12.5,4.49,0,0,0
IND070-000342,2024-04-28,M6,dia,735,17,7.8,10.2,3.42,0,0,0
IND070-000343,2024-04-29,M1,noche,748,9,4.5,0.2,2.26,0,0,0
IND070-000344,2024-04-29,M2,noche,197,4,3.1,4.7,4.92,0,0,0
IND070-000345,2024-04-29,M3,noche,346,10,6.1,26.9,3.94,0,1,491.71
IND070-000346,2024-04-30,M4,noche,295,8,5.2,3.2,1.32,0,0,0
IND070-000347,2024-04-30,M5,noche,236,9,4.8,24.7,4.37,0,0,0
IND070-000348,2024-04-30,M6,noche,656,24,5.7,2.3,5.32,0,0,0
IND070-000349,2024-05-01,M1,dia,619,5,6.2,16.1,2.49,0,0,0
IND070-000350,2024-05-01,M2,dia,223,8,7.2,6.1,2.49,0,0,0
IND070-000351,2024-05-01,M3,dia,362,6,5.3,21.5,4.51,0,1,873.74
IND070-000352,2024-05-02,M4,dia,654,17,6.7,9.7,4.23,0,0,0
IND070-000353,2024-05-02,M5,dia,242,5,5.8,5.9,2.08,1,0,0
IND070-000354,2024-05-02,M6,dia,453,15,6.7,14.7,4.64,0,0,0
IND070-000355,2024-05-03,M1,noche,164,4,3.1,20.4,1.13,0,0,0
IND070-000356,2024-05-03,M2,noche,227,5,4.5,35.7,3.54,0,0,0
IND070-000357,2024-05-03,M3,noche,732,15,5.5,5.2,3.18,0,0,0
IND070-000358,2024-05-04,M4,noche,213,10,7.3,49.3,3.79,0,0,0
IND070-000359,2024-05-04,M5,noche,502,17,3.4,30.9,1.89,0,0,0
IND070-000360,2024-05-04,M6,noche,306,6,7.0,59.1,3.32,0,0,0
IND070-000361,2024-05-05,M1,dia,533,2,5.6,23.1,1.05,0,0,0
IND070-000362,2024-05-05,M2,dia,595,16,3.3,4.6,1.93,0,0,0
IND070-000363,2024-05-06,M3,dia,312,6,4.2,1.5,1.68,1,0,0
IND070-000364,2024-05-06,M4,dia,287,11,5.2,22.9,2.13,0,0,0
IND070-000365,2024-05-06,M5,dia,103,5,4.5,11.2,1.79,0,0,0
IND070-000366,2024-05-07,M6,dia,102,2,6.3,20.9,4.22,0,0,0
IND070-000367,2024-05-07,M1,noche,775,11,5.6,25.4,3.68,0,0,0
IND070-000368,2024-05-07,M2,noche,761,20,5.8,13.2,2.07,0,0,0
IND070-000369,2024-05-08,M3,noche,83,3,5.4,6.5,3.37,0,0,0
IND070-000370,2024-05-08,M4,noche,337,7,4.9,10.2,3.5,0,0,0
IND070-000371,2024-05-08,M5,noche,182,4,4.1,28.1,4.87,0,1,2207.26
IND070-000372,2024-05-09,M6,noche,97,2,3.6,23.0,2.96,0,0,0
IND070-000373,2024-05-09,M1,dia,483,3,7.4,24.7,3.4,1,0,0
IND070-000374,2024-05-09,M2,dia,677,12,6.8,11.2,2.86,0,0,0
IND070-000375,2024-05-10,M3,dia,303,4,5.6,9.1,3.61,0,0,0
IND070-000376,2024-05-10,M4,dia,181,5,5.1,0.4,2.38,0,0,0
IND070-000377,2024-05-10,M5,dia,463,12,4.1,0.6,5.25,0,1,2723.9
IND070-000378,2024-05-11,M6,dia,439,20,7.6,14.4,5.18,1,0,0
IND070-000379,2024-05-11,M1,noche,769,19,7.8,40.0,2.44,0,0,0
IND070-000380,2024-05-11,M2,noche,471,10,6.7,63.2,3.3,0,1,1603.12
IND070-000381,2024-05-12,M3,noche,196,5,7.3,18.5,2.41,1,0,0
IND070-000382,2024-05-12,M4,noche,480,11,7.0,37.7,5.42,0,0,0
IND070-000383,2024-05-12,M5,noche,430,7,3.9,2.8,4.0,0,1,705.79
IND070-000384,2024-05-13,M6,noche,335,12,5.2,23.4,4.48,1,0,0
IND070-000385,2024-05-13,M1,dia,162,4,7.0,3.1,1.29,0,0,0
IND070-000386,2024-05-14,M2,dia,707,21,5.5,1.0,3.39,0,1,1811.01
IND070-000387,2024-05-14,M3,dia,749,14,7.1,4.0,4.26,1,0,0
IND070-000388,2024-05-14,M4,dia,245,12,7.0,30.4,3.84,0,0,0
IND070-000389,2024-05-15,M5, DIA ,582,18,4.9,20.4,4.07,0,0,0
IND070-000390,2024-05-15,M6,dia,570,20,5.6,0.6,3.42,0,0,0
IND070-000391,2024-05-15,M1,noche,582,4,4.0,46.2,1.29,0,0,0
IND070-000392,2024-05-16,M2,noche,281,8,6.3,10.7,2.23,0,1,1349.87
IND070-000393,2024-05-16,M3,noche,239,7,4.4,6.4,3.0,0,0,0
IND070-000394,2024-05-16,M4,noche,130,3,3.4,0.1,1.74,0,0,0
IND070-000395,2024-05-17,M5,noche,313,4,7.5,27.9,4.21,0,0,0
IND070-000396,2024-05-17,M6,noche,183,6,5.1,1.3,3.78,0,0,0
IND070-000397,2024-05-17,M1,dia,375,4,7.1,13.5,0.69,1,0,0
IND070-000398,2024-05-18,M2,dia,96,1,4.7,0.3,3.08,0,0,0
IND070-000399,2024-05-18,M3,dia,688,14,4.9,0.5,1.5,0,0,0
IND070-000400,2024-05-18,M4,dia,299,9,3.3,28.1,5.34,0,0,0
IND070-000401,2024-05-19,M5,dia,677,15,5.3,29.1,3.93,0,0,0
IND070-000402,2024-05-19,M6,dia,173,8,7.4,54.6,4.95,0,0,0
IND070-000403,2024-05-19,M1,noche,658,9,4.8,24.8,3.08,0,0,0
IND070-000404,2024-05-20,M2,noche,393,12,4.2,7.3,1.36,0,0,0
IND070-000405,2024-05-20,M3,noche,663,13,5.9,20.3,3.53,0,0,0
IND070-000406,2024-05-20,M4,noche,352,7,7.5,4.3,3.61,0,0,0
IND070-000407,2024-05-21,M5,noche,709,20,6.2,2.0,4.25,1,0,0
IND070-000408,2024-05-21,M6,noche,154,8,7.5,1.1,4.61,0,0,0
IND070-000409,2024-05-22,M1,dia,402,3,6.7,8.8,1.84,0,0,0
IND070-000410,2024-05-22,M2,dia,268,1,5.9,31.1,3.07,0,0,0
IND070-000411,2024-05-22,M3,dia,132,6,5.7,22.4,1.47,0,0,0
IND070-000412,2024-05-23,M4,dia,250,4,3.6,24.3,4.31,1,0,0
IND070-000413,2024-05-23,M5,dia,797,18,4.9,1.1,4.35,1,0,0
IND070-000414,2024-05-23,M6,dia,90,4,3.6,7.7,2.47,0,0,0
IND070-000415,2024-05-24,M1,noche,236,4,7.7,2.7,2.36,1,0,0
IND070-000416,2024-05-24,M2,noche,326,12,5.7,7.9,,0,0,0
IND070-000417,2024-05-24,M3,noche,719,18,5.3,6.7,2.2,0,0,0
IND070-000418,2024-05-25,M4,noche,613,18,5.3,8.5,4.26,0,0,0
IND070-000419,2024-05-25,M5,noche,598,15,5.4,65.4,3.81,1,0,0
IND070-000420,2024-05-25,M6,noche,395,15,6.5,22.6,3.18,0,0,0
IND070-000421,2024-05-26,M1,dia,131,0,4.6,5.0,3.3,0,0,0
IND070-000422,2024-05-26,M2,dia,102,4,3.1,17.0,3.95,0,0,0
IND070-000423,2024-05-26,M3,dia,771,7,5.0,3.6,"2,42",0,0,0
IND070-000424,2024-05-27,M4,dia,719,23,6.8,2.0,3.18,0,0,0
IND070-000425,2024-05-27,M5,dia,753,25,5.5,5.8,2.99,0,0,0
IND070-000426,2024-05-27,M6,dia,793,27,4.3,4.2,2.89,0,0,0
IND070-000427,2024-05-28,M1,noche,436,4,6.3,4.3,2.57,0,0,0
IND070-000428,2024-05-28,M2,noche,383,9,5.4,34.0,3.14,0,0,0
IND070-000429,2024-05-28,M3,noche,567,18,6.4,1.2,1.95,0,0,0
IND070-000430,2024-05-29,M4,noche,638,13,6.8,8.8,3.32,0,0,0
IND070-000431,2024-05-29,M5,noche,324,5,6.7,28.1,1.57,0,0,0
IND070-000432,2024-05-30,M6,noche,616,19,5.0,4.5,4.75,0,0,0
IND070-000433,2024-05-30,M1,dia,314,6,6.1,14.0,3.07,0,0,0
IND070-000434,2024-05-30,M2,dia,779,20,7.9,1.5,4.05,0,0,0
IND070-000435,2024-05-31,M3,dia,717,16,4.3,31.8,3.61,0,0,0
IND070-000436,2024-05-31,M4,dia,688,19,3.8,3.0,3.08,0,0,0
IND070-000437,2024-05-31,M5,dia,540,14,8.0,23.3,3.97,1,0,0
IND070-000438,2024-06-01,M6,dia,705,40,5.6,4.8,2.2,0,0,0
IND070-000439,2024-06-01,M1,noche,318,2,7.0,14.9,2.5,0,0,0
IND070-000440,2024-06-01,M2,noche,176,7,4.2,8.1,3.41,0,0,0
IND070-000441,2024-06-02,M3,noche,774,15,3.1,16.0,2.56,0,0,0
IND070-000442,2024-06-02,M4,noche,777,15,4.2,1.4,4.58,0,0,0
IND070-000443,2024-06-02,M5,noche,134,9,6.2,30.1,4.91,0,0,0
IND070-000444,2024-06-03,M6,noche,183,9,7.5,0.1,5.33,0,0,0
IND070-000445,2024-06-03,M1,dia,312,5,5.8,9.1,2.37,0,0,0
IND070-000446,2024-06-03,M2,dia,610,13,3.4,30.4,3.63,1,0,0
IND070-000447,2024-06-04,M3,dia,387,5,7.5,17.9,1.9,0,0,0
IND070-000448,2024-06-04,M4,dia,214,4,6.1,6.2,2.64,1,0,0
IND070-000449,2024-06-04,M5,dia,113,3,5.1,6.2,4.78,0,0,0
IND070-000450,2024-06-05,M6,dia,752,27,5.1,1.6,3.59,0,0,0
IND070-000451,2024-06-05,M1,noche,599,12,4.7,17.8,2.41,0,0,0
IND070-000452,2024-06-05,M2,noche,351,12,7.0,17.4,2.42,0,0,0
IND070-000453,2024-06-06,M3,noche,155,2,5.4,4.4,2.09,0,0,0
IND070-000454,2024-06-06,M4,noche,579,17,5.8,58.2,3.97,1,0,0
IND070-000455,2024-06-07,M5,noche,483,13,3.7,26.7,4.74,0,0,0
IND070-000456,2024-06-07,M6,noche,292,11,6.1,12.5,5.03,0,0,0
IND070-000457,2024-06-07,M1,dia,131,2,7.7,0.6,1.56,0,0,0
IND070-000458,2024-06-08,M2,dia,434,12,6.4,32.1,2.61,0,0,0
IND070-000459,2024-06-08,M3,dia,654,11,3.4,0.4,2.12,0,0,0
IND070-000460,2024-06-08,M4,dia,273,7,7.6,30.9,3.06,0,0,0
IND070-000461,2024-06-09,M5,dia,124,2,3.0,8.5,5.28,0,0,0
IND070-000462,2024-06-09,M6,dia,500,17,4.2,2.5,4.0,0,0,0
IND070-000463,2024-06-09,M1,noche,495,5,4.7,8.6,2.25,0,0,0
IND070-000464,2024-06-10,M2,noche,591,15,3.1,40.8,4.37,0,0,0
IND070-000465,2024-06-10,M3,noche,133,2,3.5,33.1,0.69,0,0,0
IND070-000466,2024-06-10,M4,noche,631,22,4.8,10.0,4.36,0,0,0
IND070-000467,2024-06-11,M5,noche,727,17,3.5,16.8,5.08,1,0,0
IND070-000468,2024-06-11,M6,noche,468,14,4.0,51.4,3.6,1,0,0
IND070-000469,2024-06-11,M1,dia,212,5,3.3,30.2,2.14,0,0,0
IND070-000470,2024-06-12,M2,dia,693,14,5.1,19.3,2.96,0,0,0
IND070-000471,2024-06-12,M3,dia,317,3,4.6,39.6,2.77,0,0,0
IND070-000472,2024-06-12,M4,dia,370,9,6.3,4.8,4.34,0,0,0
IND070-000473,2024-06-13,M5,dia,392,13,3.8,52.0,3.66,0,0,0
IND070-000474,2024-06-13,M6,dia,725,27,5.0,10.0,5.7,0,0,0
IND070-000475,2024-06-13,M1,noche,639,13,6.8,16.8,3.46,0,0,0
IND070-000476,2024-06-14,M2,noche,174,3,7.7,10.1,3.65,0,0,0
IND070-000477,2024-06-14,M3,noche,211,2,4.1,2.7,2.68,0,0,0
IND070-000478,2024-06-15,M4,noche,410,14,7.8,25.9,3.12,0,0,0
IND070-000479,2024-06-15,M5,noche,313,5,5.2,13.0,4.05,0,0,0
IND070-000480,2024-06-15,M6,noche,680,31,3.6,1.0,6.36,0,1,2964.38
IND070-000481,2024-06-16,M1,dia,638,9,5.3,10.2,1.97,1,0,0
IND070-000482,2024-06-16,M2,dia,712,14,3.9,8.9,3.38,1,0,0
IND070-000483,2024-06-16,M3,dia,546,14,4.0,0.7,3.56,0,0,0
IND070-000484,2024-06-17,M4,dia,409,12,4.5,3.8,3.75,0,0,0
IND070-000485,2024-06-17,M5,dia,230,6,3.6,24.4,2.94,0,0,0
IND070-000486,2024-06-17,M6, DIA ,725,20,6.6,12.1,4.06,1,1,2707.68
IND070-000487,2024-06-18,M1,noche,478,8,4.3,0.5,1.89,1,0,0
IND070-000488,2024-06-18,M2,noche,506,12,7.5,3.6,2.37,0,0,0
IND070-000489,2024-06-18,M3,noche,786,15,4.8,7.9,6.17,0,0,0
IND070-000490,2024-06-19,M4,noche,371,11,4.4,19.3,2.43,0,0,0
IND070-000491,2024-06-19,M5,noche,93,1,7.8,3.9,3.89,0,0,0
IND070-000492,2024-06-19,M6,noche,618,32,5.2,2.9,2.8,0,1,1618.83
IND070-000493,2024-06-20,M1,dia,728,10,4.2,4.7,2.67,0,0,0
IND070-000494,2024-06-20,M2,dia,154,2,5.8,38.2,3.81,1,0,0
IND070-000495,2024-06-20,M3,dia,150,5,4.9,36.9,4.25,0,0,0
IND070-000496,2024-06-21,M4,dia,110,4,5.8,1.0,3.27,0,0,0
IND070-000497,2024-06-21,M5,dia,590,13,7.1,3.4,2.48,1,0,0
IND070-000498,2024-06-22,M6,dia,276,8,6.8,3.3,2.64,0,0,0
IND070-000499,2024-06-22,M1,noche,323,5,3.8,4.3,,1,0,0
IND070-000500,2024-06-22,M2,noche,403,11,3.7,6.8,3.41,0,0,0
IND070-000501,2024-06-23,M3,noche,609,12,7.4,7.6,2.8,0,0,0
IND070-000502,2024-06-23,M4,noche,765,36,7.3,11.7,2.52,0,0,0
IND070-000503,2024-06-23,M5,noche,579,13,5.6,6.6,3.23,1,0,0
IND070-000504,2024-06-24,M6,noche,456,23,7.8,27.2,3.48,1,0,0
IND070-000505,2024-06-24,M1,dia,571,9,3.6,16.2,1.05,0,0,0
IND070-000506,2024-06-24,M2,dia,225,4,5.8,10.9,2.87,0,0,0
IND070-000507,2024-06-25,M3,dia,609,13,3.3,4.6,3.32,0,0,0
IND070-000508,2024-06-25,M4,dia,478,11,4.0,18.8,3.0,0,0,0
IND070-000509,2024-06-25,M5,dia,694,23,6.9,20.8,2.57,0,0,0
IND070-000510,2024-06-26,M6,dia,747,25,6.8,5.0,3.4,0,0,0
IND070-000511,2024-06-26,M1,noche,718,13,7.2,30.8,1.34,0,0,0
IND070-000512,2024-06-26,M2,noche,620,7,4.7,10.9,2.54,0,0,0
IND070-000513,2024-06-27,M3,noche,493,12,7.4,4.4,3.17,0,0,0
IND070-000514,2024-06-27,M4,noche,516,16,3.3,12.9,2.14,0,0,0
IND070-000515,2024-06-27,M5,noche,470,13,3.8,0.9,2.62,0,0,0
IND070-000516,2024-06-28,M6,noche,597,15,3.8,42.7,4.1,1,0,0
IND070-000517,2024-06-28,M1,dia,446,5,3.5,54.5,4.54,0,0,0
IND070-000518,2024-06-28,M2,dia,537,16,3.7,1.0,2.87,0,0,0
IND070-000519,2024-06-29,M3,dia,365,9,5.8,10.3,1.32,0,0,0
IND070-000520,2024-06-29,M4,dia,529,14,3.5,12.5,2.89,0,0,0
IND070-000521,2024-06-30,M5,dia,724,24,6.6,45.0,4.46,0,0,0
IND070-000522,2024-06-30,M6,dia,411,14,4.2,7.4,3.66,0,0,0
IND070-000523,2024-06-30,M1,noche,411,9,5.7,45.0,3.43,0,0,0
IND070-000524,2024-07-01,M2,noche,648,12,7.6,26.5,2.6,0,0,0
IND070-000525,2024-07-01,M3,noche,343,10,3.1,3.6,5.45,0,0,0
IND070-000526,2024-07-01,M4,noche,518,19,6.1,11.6,2.48,0,0,0
IND070-000527,2024-07-02,M5,noche,348,11,7.2,5.7,3.13,0,0,0
IND070-000528,2024-07-02,M6,noche,227,6,4.4,24.5,2.92,0,0,0
IND070-000529,2024-07-02,M1,dia,736,11,5.1,7.3,2.41,0,0,0
IND070-000530,2024-07-03,M2,dia,405,13,7.3,21.5,4.25,0,0,0
IND070-000531,2024-07-03,M3,dia,127,2,6.7,66.2,3.59,0,0,0
IND070-000532,2024-07-03,M4,dia,398,12,7.1,7.3,4.59,0,0,0
IND070-000533,2024-07-04,M5,dia,350,6,3.4,5.0,4.15,0,0,0
IND070-000534,2024-07-04,M6,dia,200,7,5.1,7.7,4.51,0,0,0
IND070-000535,2024-07-04,M1,noche,277,4,6.3,1.8,3.65,0,0,0
IND070-000536,2024-07-05,M2,noche,236,9,4.8,16.1,2.46,0,0,0
IND070-000537,2024-07-05,M3,noche,698,10,7.2,8.8,2.09,0,0,0
IND070-000538,2024-07-05,M4,noche,225,7,7.9,6.1,1.19,1,0,0
IND070-000539,2024-07-06,M5,noche,545,12,3.1,27.9,2.11,0,0,0
IND070-000540,2024-07-06,M6,noche,468,18,6.0,4.1,3.72,0,0,0
IND070-000541,2024-07-06,M1,dia,663,12,5.1,21.9,2.03,0,0,0
IND070-000542,2024-07-07,M2,dia,771,13,7.1,8.7,3.68,0,0,0
IND070-000543,2024-07-07,M3,dia,443,11,5.0,4.7,2.87,0,0,0
IND070-000544,2024-07-08,M4,dia,680,20,3.5,16.6,4.39,0,0,0
IND070-000545,2024-07-08,M5,dia,369,9,3.6,11.0,5.17,1,0,0
IND070-000546,2024-07-08,M6,dia,527,13,4.7,10.2,5.74,0,0,0
IND070-000547,2024-07-09,M1,noche,394,2,4.0,15.9,2.19,1,0,0
IND070-000548,2024-07-09,M2,noche,170,1,6.7,13.5,1.6,1,0,0
IND070-000549,2024-07-09,M3,noche,506,13,3.7,2.9,2.08,1,0,0
IND070-000550,2024-07-10,M4,noche,544,24,6.1,7.4,2.36,0,0,0
IND070-000551,2024-07-10,M5,noche,700,14,3.8,27.5,4.09,1,0,0
IND070-000552,2024-07-10,M6,noche,328,13,6.2,25.5,1.87,0,0,0
IND070-000553,2024-07-11,M1,dia,370,6,4.8,10.0,4.91,1,0,0
IND070-000554,2024-07-11,M2,dia,167,7,7.9,9.2,3.46,0,0,0
IND070-000555,2024-07-11,M3,dia,444,9,7.2,14.2,3.53,0,0,0
IND070-000556,2024-07-12,M4,dia,179,5,7.8,21.3,3.87,1,0,0
IND070-000557,2024-07-12,M5,dia,464,10,7.4,20.9,1.92,0,0,0
IND070-000558,2024-07-12,M6,dia,674,18,6.3,15.3,4.07,0,0,0
IND070-000559,2024-07-13,M1,noche,163,1,5.7,10.8,2.02,0,0,0
IND070-000560,2024-07-13,M2,noche,95,4,3.1,0.2,3.05,1,0,0
IND070-000561,2024-07-13,M3,noche,614,5,6.6,8.4,2.22,1,0,0
IND070-000562,2024-07-14,M4,noche,596,26,6.1,0.7,3.68,0,0,0
IND070-000563,2024-07-14,M5,noche,122,1,7.6,16.1,4.18,0,0,0
IND070-000564,2024-07-14,M6,noche,114,4,6.8,21.1,1.19,1,0,0
IND070-000565,2024-07-15,M1,dia,207,3,4.1,6.6,3.18,0,0,0
IND070-000566,2024-07-15,M2,dia,419,9,7.6,22.2,2.32,0,0,0
IND070-000567,2024-07-16,M3,dia,263,8,3.7,20.7,2.87,0,0,0
IND070-000568,2024-07-16,M4,dia,612,13,7.9,0.0,3.47,0,0,0
IND070-000569,2024-07-16,M5,dia,710,18,8.0,12.2,4.3,0,0,0
IND070-000570,2024-07-17,M6,dia,456,16,4.1,58.6,4.54,0,1,2586.91
IND070-000571,2024-07-17,M1,noche,528,8,3.9,65.8,3.58,0,0,0
IND070-000572,2024-07-17,M2,noche,195,5,5.9,3.7,2.39,1,0,0
IND070-000573,2024-07-18,M3,noche,695,14,4.4,4.5,4.03,0,0,0
IND070-000574,2024-07-18,M4,noche,265,7,3.6,1.2,2.96,0,0,0
IND070-000575,2024-07-18,M5,noche,194,5,7.3,12.0,3.93,0,0,0
IND070-000576,2024-07-19,M6,noche,359,13,5.0,49.0,4.58,0,1,2174.78
IND070-000577,2024-07-19,M1,dia,542,10,7.3,1.1,3.33,0,0,0
IND070-000578,2024-07-19,M2,dia,609,14,3.2,38.5,3.61,0,0,0
IND070-000579,2024-07-20,M3,dia,655,10,5.3,2.8,3.45,0,0,0
IND070-000580,2024-07-20,M4,dia,389,18,3.4,2.7,3.34,0,0,0
IND070-000581,2024-07-20,M5,dia,509,10,6.2,3.1,2.78,1,0,0
IND070-000582,2024-07-21,M6,dia,344,16,7.8,9.6,,0,1,1358.36
IND070-000583,2024-07-21,M1, NOCHE ,660,16,7.1,5.7,3.66,0,0,0
IND070-000584,2024-07-21,M2,noche,439,16,4.5,5.3,3.66,0,0,0
IND070-000585,2024-07-22,M3,noche,103,1,4.1,0.4,3.3,0,0,0
IND070-000586,2024-07-22,M4,noche,779,21,5.5,2.4,4.98,0,0,0
IND070-000587,2024-07-22,M5,noche,755,19,3.1,0.8,2.07,1,0,0
IND070-000588,2024-07-23,M6,noche,381,17,7.3,6.0,5.98,0,1,1276.94
IND070-000589,2024-07-23,M1,dia,682,9,7.6,5.5,2.43,0,0,0
IND070-000590,2024-07-24,M2,dia,640,13,5.2,35.7,2.95,0,0,0
IND070-000591,2024-07-24,M3,dia,695,11,5.6,14.8,4.42,0,0,0
IND070-000592,2024-07-24,M4,dia,757,25,5.8,3.4,5.43,0,0,0
IND070-000593,2024-07-25,M5,dia,469,10,4.5,19.8,3.97,0,0,0
IND070-000594,2024-07-25,M6,dia,181,8,5.4,6.0,4.18,0,0,0
IND070-000595,2024-07-25,M1,noche,174,2,4.1,2.4,0.55,0,0,0
IND070-000596,2024-07-26,M2,noche,551,18,6.4,11.2,2.81,0,0,0
IND070-000597,2024-07-26,M3,noche,151,2,5.8,41.0,2.69,0,0,0
IND070-000598,2024-07-26,M4,noche,700,26,5.6,19.8,3.58,0,0,0
IND070-000599,2024-07-27,M5,noche,506,22,3.8,2.8,2.37,0,0,0
IND070-000600,2024-07-27,M6,noche,322,17,3.7,16.2,4.32,1,0,0
IND070-000601,2024-07-27,M1,dia,700,9,5.4,2.5,2.56,0,0,0
IND070-000602,2024-07-28,M2,dia,264,6,6.0,5.3,2.97,0,0,0
IND070-000603,2024-07-28,M3,dia,369,7,4.9,28.9,1.45,0,0,0
IND070-000604,2024-07-28,M4,dia,228,7,6.8,11.8,1.95,0,0,0
IND070-000605,2024-07-29,M5,dia,410,13,6.7,31.1,2.74,0,0,0
IND070-000606,2024-07-29,M6,dia,118,0,6.2,6.8,3.21,0,0,0
IND070-000607,2024-07-29,M1,noche,588,8,7.8,14.0,3.01,0,0,0
IND070-000608,2024-07-30,M2,noche,783,23,4.4,11.6,3.19,0,0,0
IND070-000609,2024-07-30,M3,noche,221,6,7.4,1.6,1.86,0,0,0
IND070-000610,2024-07-30,M4,noche,627,12,6.2,6.4,2.31,1,1,1982.09
IND070-000611,2024-07-31,M5,noche,401,11,3.0,23.1,3.44,1,0,0
IND070-000612,2024-07-31,M6,noche,455,24,3.6,37.2,2.01,0,0,0
IND070-000613,2024-08-01,M1,dia,311,9,3.6,23.2,2.15,0,0,0
IND070-000614,2024-08-01,M2,dia,170,8,7.3,100.5,3.35,0,0,0
IND070-000615,2024-08-01,M3,dia,695,11,4.8,5.9,4.28,0,1,1326.47
IND070-000616,2024-08-02,M4,dia,785,29,4.2,5.3,3.54,0,1,2955.52
IND070-000617,2024-08-02,M5,dia,379,11,8.0,14.2,4.23,0,0,0
IND070-000618,2024-08-02,M6,dia,715,25,4.5,12.0,3.74,0,0,0
IND070-000619,2024-08-03,M1,noche,297,4,6.2,21.3,3.12,0,0,0
IND070-000620,2024-08-03,M2,noche,634,14,8.0,53.0,2.56,0,0,0
IND070-000621,2024-08-03,M3,noche,383,13,3.9,10.7,6.41,1,1,1125.24
IND070-000622,2024-08-04,M4,noche,332,10,5.8,7.5,3.35,0,1,486.69
IND070-000623,2024-08-04,M5,noche,166,8,5.7,8.3,4.63,0,0,0
IND070-000624,2024-08-04,M6,noche,83,4,3.5,43.4,2.97,0,0,0
IND070-000625,2024-08-05,M1,dia,691,10,4.8,18.0,1.71,0,0,0
IND070-000626,2024-08-05,M2,dia,750,17,4.4,7.8,3.53,0,0,0
IND070-000627,2024-08-05,M3,dia,319,6,3.6,25.1,4.35,0,1,257.92
IND070-000628,2024-08-06,M4,dia,595,14,6.8,12.4,4.01,1,0,0
IND070-000629,2024-08-06,M5,dia,93,2,7.7,3.3,3.76,0,0,0
IND070-000630,2024-08-06,M6,dia,469,17,4.5,16.6,3.12,1,0,0
IND070-000631,2024-08-07,M1,noche,522,9,7.1,40.9,2.71,1,0,0
IND070-000632,2024-08-07,M2,noche,777,21,3.2,15.5,2.77,1,0,0
IND070-000633,2024-08-07,M3,noche,303,9,5.7,6.2,4.86,0,1,2374.31
IND070-000634,2024-08-08,M4,noche,451,18,4.2,60.7,"2,26",0,0,0
IND070-000635,2024-08-08,M5,noche,727,24,3.1,3.7,3.08,0,0,0
IND070-000636,2024-08-09,M6,noche,582,21,6.6,13.1,2.63,1,0,0
IND070-000637,2024-08-09,M1,dia,599,9,5.8,25.4,1.48,0,0,0
IND070-000638,2024-08-09,M2,dia,537,12,7.9,30.4,0.54,0,0,0
IND070-000639,2024-08-10,M3,dia,250,6,3.2,1.2,3.66,0,0,0
IND070-000640,2024-08-10,M4,dia,174,5,7.5,0.5,2.81,0,0,0
IND070-000641,2024-08-10,M5,dia,341,11,7.5,12.1,1.93,1,0,0
IND070-000642,2024-08-11,M6,dia,568,20,5.9,12.1,2.54,0,0,0
IND070-000643,2024-08-11,M1,noche,364,3,6.9,50.4,3.69,0,0,0
IND070-000644,2024-08-11,M2,noche,464,6,7.5,17.7,1.59,0,0,0
IND070-000645,2024-08-12,M3,noche,503,13,5.7,87.4,1.83,0,0,0
IND070-000646,2024-08-12,M4,noche,686,17,5.6,11.6,2.47,0,0,0
IND070-000647,2024-08-12,M5,noche,504,10,6.1,9.7,4.66,0,0,0
IND070-000648,2024-08-13,M6,noche,593,20,5.1,27.9,3.56,0,0,0
IND070-000649,2024-08-13,M1,dia,347,3,7.7,0.4,2.5,0,0,0
IND070-000650,2024-08-13,M2,dia,285,8,5.4,19.6,3.06,0,0,0
IND070-000651,2024-08-14,M3,dia,760,25,6.5,6.9,3.03,0,0,0
IND070-000652,2024-08-14,M4,dia,751,25,4.2,28.9,2.64,0,0,0
IND070-000653,2024-08-14,M5,dia,134,3,5.6,2.6,2.83,0,0,0
IND070-000654,2024-08-15,M6,dia,102,2,4.8,8.2,3.28,0,0,0
IND070-000655,2024-08-15,M1,noche,698,10,7.6,27.7,1.65,0,0,0
IND070-000656,2024-08-16,M2,noche,498,11,4.7,2.6,2.4,0,0,0
IND070-000657,2024-08-16,M3,noche,88,2,6.9,47.2,3.8,1,0,0
IND070-000658,2024-08-16,M4,noche,208,8,7.0,42.3,2.83,1,0,0
IND070-000659,2024-08-17,M5,noche,572,11,5.3,43.2,1.88,1,0,0
IND070-000660,2024-08-17,M6,noche,561,15,5.2,47.4,3.49,0,0,0
IND070-000661,2024-08-17,M1,dia,760,10,7.6,1.2,3.01,0,0,0
IND070-000662,2024-08-18,M2,dia,106,2,4.8,39.1,4.44,0,0,0
IND070-000663,2024-08-18,M3,dia,156,3,3.1,55.1,1.61,0,0,0
IND070-000664,2024-08-18,M4,dia,713,29,7.5,4.4,2.17,0,0,0
IND070-000665,2024-08-19,M5,dia,142,3,6.0,21.0,,0,0,0
IND070-000666,2024-08-19,M6,dia,454,18,3.6,14.5,3.67,0,0,0
IND070-000667,2024-08-19,M1,noche,524,4,3.8,2.7,2.71,0,0,0
IND070-000668,2024-08-20,M2,noche,438,11,7.2,7.3,1.82,0,0,0
IND070-000669,2024-08-20,M3,noche,699,12,6.3,9.4,3.59,0,0,0
IND070-000670,2024-08-20,M4,noche,738,28,3.9,24.2,4.73,0,0,0
IND070-000671,2024-08-21,M5,noche,596,20,6.5,56.9,4.4,1,0,0
IND070-000672,2024-08-21,M6,noche,759,23,3.8,10.7,5.68,1,0,0
IND070-000673,2024-08-21,M1,dia,408,7,4.9,7.3,2.39,1,0,0
IND070-000674,2024-08-22,M2,dia,652,18,5.6,13.4,2.77,0,0,0
IND070-000675,2024-08-22,M3,dia,677,21,7.9,23.2,3.2,0,0,0
IND070-000676,2024-08-22,M4,dia,107,3,6.8,34.9,4.7,0,0,0
IND070-000677,2024-08-23,M5,dia,358,9,4.8,21.5,3.82,0,0,0
IND070-000678,2024-08-23,M6,dia,520,19,4.5,28.8,3.34,0,0,0
IND070-000679,2024-08-24,M1,noche,189,2,3.0,2.3,4.6,0,0,0
IND070-000680,2024-08-24,M2, NOCHE ,769,24,7.0,2.0,4.12,0,0,0
IND070-000681,2024-08-24,M3,noche,135,5,3.7,81.2,5.1,0,1,2015.21
IND070-000682,2024-08-25,M4,noche,412,15,6.3,20.2,4.29,0,0,0
IND070-000683,2024-08-25,M5,noche,675,16,6.1,3.8,3.24,0,0,0
IND070-000684,2024-08-25,M6,noche,355,10,6.3,6.8,2.16,1,0,0
IND070-000685,2024-08-26,M1,dia,700,12,3.4,10.7,1.87,0,0,0
IND070-000686,2024-08-26,M2,dia,556,18,5.0,0.5,2.38,0,0,0
IND070-000687,2024-08-26,M3,dia,289,5,6.7,5.2,5.18,0,1,2120.07
IND070-000688,2024-08-27,M4,dia,99,1,5.3,12.8,3.98,0,0,0
IND070-000689,2024-08-27,M5,dia,566,16,5.6,2.9,3.67,0,0,0
IND070-000690,2024-08-27,M6,dia,698,29,6.8,4.7,1.74,0,0,0
IND070-000691,2024-08-28,M1,noche,135,5,4.1,4.8,4.17,1,0,0
IND070-000692,2024-08-28,M2,noche,142,2,4.2,3.9,0.1,0,0,0
IND070-000693,2024-08-28,M3,noche,328,7,4.0,11.5,3.66,0,1,483.09
IND070-000694,2024-08-29,M4,noche,373,9,3.6,13.6,2.01,0,0,0
IND070-000695,2024-08-29,M5,noche,261,8,7.2,19.3,2.63,0,0,0
IND070-000696,2024-08-29,M6,noche,740,20,7.5,11.2,3.04,0,0,0
IND070-000697,2024-08-30,M1,dia,190,4,6.7,4.5,1.87,0,0,0
IND070-000698,2024-08-30,M2,dia,115,5,6.1,13.2,1.85,0,0,0
IND070-000699,2024-08-30,M3,dia,672,17,6.5,19.1,3.17,0,1,876.93
IND070-000700,2024-08-31,M4,dia,554,21,7.5,69.3,2.64,1,0,0
IND070-000701,2024-08-31,M5,dia,264,7,3.7,0.5,4.49,0,0,0
IND070-000702,2024-09-01,M6,dia,388,6,6.9,0.7,2.98,1,0,0
IND070-000703,2024-09-01,M1,noche,524,14,7.7,1.8,4.16,0,0,0
IND070-000704,2024-09-01,M2,noche,210,5,6.6,4.1,2.64,1,0,0
IND070-000705,2024-09-02,M3,noche,705,18,6.0,13.1,4.62,0,0,0
IND070-000706,2024-09-02,M4,noche,389,9,3.8,9.5,4.06,0,0,0
IND070-000707,2024-09-02,M5,noche,520,16,3.6,16.6,4.27,0,0,0
IND070-000708,2024-09-03,M6,noche,294,16,6.9,92.3,3.15,1,0,0
IND070-000709,2024-09-03,M1,dia,554,10,5.3,25.9,2.79,0,0,0
IND070-000710,2024-09-03,M2,dia,379,9,5.4,2.1,2.88,0,0,0
IND070-000711,2024-09-04,M3,dia,550,12,7.8,20.6,4.57,0,0,0
IND070-000712,2024-09-04,M4,dia,754,23,4.5,16.6,4.25,0,0,0
IND070-000713,2024-09-04,M5,dia,543,20,4.7,4.7,3.03,0,0,0
IND070-000714,2024-09-05,M6,dia,271,11,5.0,17.0,3.33,0,0,0
IND070-000715,2024-09-05,M1,noche,341,7,4.3,80.5,1.99,0,0,0
IND070-000716,2024-09-05,M2,noche,331,8,3.8,3.8,3.95,0,0,0
IND070-000717,2024-09-06,M3,noche,325,5,3.0,15.8,3.38,1,0,0
IND070-000718,2024-09-06,M4,noche,587,25,4.2,2.6,3.83,0,0,0
IND070-000719,2024-09-06,M5,noche,573,16,5.3,3.0,2.83,1,0,0
IND070-000720,2024-09-07,M6,noche,316,14,3.4,11.2,3.89,1,0,0
IND070-000721,2024-09-07,M1,dia,111,1,7.0,22.3,0.64,0,0,0
IND070-000722,2024-09-07,M2,dia,391,16,5.7,49.2,1.72,0,0,0
IND070-000723,2024-09-08,M3,dia,747,13,3.5,7.0,4.55,0,0,0
IND070-000724,2024-09-08,M4,dia,327,7,6.3,2.9,1.93,0,0,0
IND070-000725,2024-09-09,M5,dia,743,22,5.8,31.5,4.01,0,0,0
IND070-000726,2024-09-09,M6,dia,693,24,4.6,20.6,2.52,1,0,0
IND070-000727,2024-09-09,M1,noche,316,4,3.9,61.8,2.38,0,0,0
IND070-000728,2024-09-10,M2,noche,748,20,5.9,49.0,5.15,1,1,511.18
IND070-000729,2024-09-10,M3,noche,681,22,5.2,0.3,2.46,0,0,0
IND070-000730,2024-09-10,M4,noche,598,17,3.4,19.2,2.23,0,0,0
IND070-000731,2024-09-11,M5,noche,279,6,6.4,8.1,5.95,0,1,625.82
IND070-000732,2024-09-11,M6,noche,167,6,4.2,16.4,5.75,0,0,0
IND070-000733,2024-09-11,M1,dia,553,5,4.7,1.2,3.26,0,0,0
IND070-000734,2024-09-12,M2,dia,620,20,4.5,14.5,4.49,0,1,2162.44
IND070-000735,2024-09-12,M3,dia,257,3,3.6,75.1,2.15,0,0,0
IND070-000736,2024-09-12,M4,dia,278,11,5.0,5.9,4.25,1,0,0
IND070-000737,2024-09-13,M5,dia,461,11,7.4,56.8,4.59,0,1,2240.54
IND070-000738,2024-09-13,M6,dia,408,21,4.3,6.2,4.69,0,0,0
IND070-000739,2024-09-13,M1,noche,616,12,5.1,0.9,3.67,0,0,0
IND070-000740,2024-09-14,M2,noche,370,12,5.2,3.7,2.48,0,1,641.0
IND070-000741,2024-09-14,M3,noche,690,10,7.1,11.3,3.36,1,0,0
IND070-000742,2024-09-14,M4,noche,322,10,6.2,107.6,4.88,0,0,0
IND070-000743,2024-09-15,M5,noche,394,11,3.4,10.8,2.57,0,1,756.37
IND070-000744,2024-09-15,M6,noche,698,27,6.7,5.9,3.68,0,0,0
IND070-000745,2024-09-15,M1,dia,138,0,3.6,7.5,0.93,0,0,0
IND070-000746,2024-09-16,M2,dia,93,2,5.0,38.0,3.4,0,0,0
IND070-000747,2024-09-16,M3,dia,178,5,5.7,32.1,4.04,0,0,0
IND070-000748,2024-09-17,M4,dia,206,3,6.5,10.2,,0,0,0
IND070-000749,2024-09-17,M5,dia,602,12,4.2,38.1,3.65,0,0,0
IND070-000750,2024-09-17,M6,dia,230,11,4.0,3.3,3.87,0,0,0
IND070-000751,2024-09-18,M1,noche,772,12,6.6,26.1,1.13,1,0,0
IND070-000752,2024-09-18,M2,noche,216,6,5.7,1.3,4.04,0,0,0
IND070-000753,2024-09-18,M3,noche,256,7,5.8,7.2,3.52,0,0,0
IND070-000754,2024-09-19,M4,noche,448,15,6.9,20.3,3.32,0,0,0
IND070-000755,2024-09-19,M5,noche,123,3,3.7,20.8,3.19,0,0,0
IND070-000756,2024-09-19,M6,noche,627,15,5.6,37.0,3.54,0,0,0
IND070-000757,2024-09-20,M1,dia,321,6,3.2,14.4,2.41,0,0,0
IND070-000758,2024-09-20,M2,dia,350,7,3.3,8.8,2.77,0,0,0
IND070-000759,2024-09-20,M3,dia,716,16,6.8,4.0,2.6,0,0,0
IND070-000760,2024-09-21,M4,dia,745,17,3.3,9.0,2.95,1,0,0
IND070-000761,2024-09-21,M5,dia,659,18,4.0,46.9,2.95,0,0,0
IND070-000762,2024-09-21,M6,dia,617,24,3.2,30.2,4.38,0,0,0
IND070-000763,2024-09-22,M1,noche,405,4,5.4,12.2,2.01,0,0,0
IND070-000764,2024-09-22,M2,noche,475,14,4.7,26.6,2.44,0,0,0
IND070-000765,2024-09-22,M3,noche,715,19,6.0,73.3,2.3,0,0,0
IND070-000766,2024-09-23,M4,noche,302,12,4.0,7.6,5.13,0,0,0
IND070-000767,2024-09-23,M5,noche,761,23,3.5,8.9,2.7,0,0,0
IND070-000768,2024-09-23,M6,noche,508,18,6.4,4.0,3.9,0,0,0
IND070-000769,2024-09-24,M1,dia,782,11,3.3,29.0,1.08,0,0,0
IND070-000770,2024-09-24,M2,dia,128,6,7.1,5.5,3.18,0,0,0
IND070-000771,2024-09-25,M3,dia,572,18,5.4,0.7,2.88,0,0,0
IND070-000772,2024-09-25,M4,dia,578,24,5.0,2.5,3.24,0,0,0
IND070-000773,2024-09-25,M5,dia,164,5,5.1,36.5,2.62,0,0,0
IND070-000774,2024-09-26,M6,dia,140,5,4.4,6.8,3.05,0,0,0
IND070-000775,2024-09-26,M1,noche,609,9,3.9,5.5,1.14,0,0,0
IND070-000776,2024-09-26,M2,noche,484,15,7.9,23.0,2.44,1,0,0
IND070-000777,2024-09-27,M3, NOCHE ,585,15,6.3,2.1,2.72,0,1,979.56
IND070-000778,2024-09-27,M4,noche,473,18,5.0,86.5,3.27,0,0,0
IND070-000779,2024-09-27,M5,noche,717,16,4.8,19.6,4.61,1,0,0
IND070-000780,2024-09-28,M6,noche,722,33,4.1,1.5,3.69,1,0,0
IND070-000781,2024-09-28,M1,dia,195,1,4.1,46.7,1.71,0,0,0
IND070-000782,2024-09-28,M2,dia,705,18,7.4,7.7,0.1,1,0,0
IND070-000783,2024-09-29,M3,dia,733,14,3.8,10.5,4.37,0,1,1685.94
IND070-000784,2024-09-29,M4,dia,621,14,6.5,58.9,2.64,0,0,0
IND070-000785,2024-09-29,M5,dia,751,13,4.5,0.8,4.7,0,0,0
IND070-000786,2024-09-30,M6,dia,312,12,7.9,2.6,4.05,0,0,0
IND070-000787,2024-09-30,M1,noche,295,6,4.0,7.2,3.59,0,0,0
IND070-000788,2024-09-30,M2,noche,267,8,6.6,47.6,2.73,0,0,0
IND070-000789,2024-10-01,M3,noche,424,9,4.5,0.7,5.2,0,1,1520.16
IND070-000790,2024-10-01,M4,noche,656,21,6.2,54.0,1.88,0,0,0
IND070-000791,2024-10-01,M5,noche,705,14,5.5,31.9,3.62,0,0,0
IND070-000792,2024-10-02,M6,noche,584,14,4.2,20.9,3.73,0,0,0
IND070-000793,2024-10-02,M1,dia,272,2,5.5,6.5,0.24,0,0,0
IND070-000794,2024-10-03,M2,dia,289,5,5.3,15.2,4.21,1,0,0
IND070-000795,2024-10-03,M3,dia,100,1,5.4,12.5,3.88,0,1,786.6
IND070-000796,2024-10-03,M4,dia,439,6,4.9,8.4,3.77,1,0,0
IND070-000797,2024-10-04,M5,dia,359,3,7.4,10.2,2.16,0,0,0
IND070-000798,2024-10-04,M6,dia,595,22,5.6,27.9,3.22,0,0,0
IND070-000799,2024-10-04,M1,noche,611,13,7.7,1.3,1.76,0,0,0
IND070-000800,2024-10-05,M2,noche,601,9,5.9,11.8,1.68,0,0,0
IND070-000801,2024-10-05,M3,noche,474,15,3.9,8.5,3.4,0,0,0
IND070-000802,2024-10-05,M4,noche,775,22,4.0,33.0,2.01,0,0,0
IND070-000803,2024-10-06,M5,noche,374,8,6.5,0.5,3.56,0,0,0
IND070-000804,2024-10-06,M6,noche,778,33,7.7,34.7,2.56,0,0,0
IND070-000805,2024-10-06,M1,dia,504,10,5.0,19.9,4.83,0,0,0
IND070-000806,2024-10-07,M2,dia,631,11,4.4,14.5,3.82,1,0,0
IND070-000807,2024-10-07,M3,dia,240,4,3.6,20.5,3.73,0,0,0
IND070-000808,2024-10-07,M4,dia,387,9,7.1,7.8,3.2,1,0,0
IND070-000809,2024-10-08,M5,dia,583,20,5.7,1.2,5.06,0,0,0
IND070-000810,2024-10-08,M6,dia,515,19,4.1,1.2,2.07,0,0,0
IND070-000811,2024-10-08,M1,noche,463,4,3.4,10.8,2.43,1,0,0
IND070-000812,2024-10-09,M2,noche,534,14,5.8,5.8,1.76,0,0,0
IND070-000813,2024-10-09,M3,noche,473,9,5.8,9.2,2.35,0,0,0
IND070-000814,2024-10-10,M4,noche,778,23,5.5,2.0,3.04,1,0,0
IND070-000815,2024-10-10,M5,noche,492,13,6.7,2.8,4.1,0,0,0
IND070-000816,2024-10-10,M6,noche,218,12,4.3,22.1,4.18,0,0,0
IND070-000817,2024-10-11,M1,dia,543,8,6.1,17.3,2.71,0,0,0
IND070-000818,2024-10-11,M2,dia,308,11,3.5,1.9,2.42,0,0,0
IND070-000819,2024-10-11,M3,dia,787,15,7.0,52.0,4.87,0,0,0
IND070-000820,2024-10-12,M4,dia,270,13,7.7,13.1,1.97,1,0,0
IND070-000821,2024-10-12,M5,dia,274,7,5.0,9.3,4.22,0,0,0
IND070-000822,2024-10-12,M6,dia,655,24,3.5,13.5,2.97,0,0,0
IND070-000823,2024-10-13,M1,noche,710,11,6.5,8.9,2.67,0,0,0
IND070-000824,2024-10-13,M2,noche,224,4,8.0,12.9,3.36,0,0,0
IND070-000825,2024-10-13,M3,noche,366,7,3.1,13.9,3.19,0,0,0
IND070-000826,2024-10-14,M4,noche,606,18,4.5,39.9,3.56,0,0,0
IND070-000827,2024-10-14,M5,noche,551,17,5.1,1.7,3.98,0,0,0
IND070-000828,2024-10-14,M6,noche,327,15,5.4,4.6,4.79,0,0,0
IND070-000829,2024-10-15,M1,dia,233,3,7.2,6.4,2.3,0,0,0
IND070-000830,2024-10-15,M2,dia,286,9,6.1,7.7,3.0,1,0,0
IND070-000831,2024-10-15,M3,dia,739,19,6.3,6.6,,0,0,0
IND070-000832,2024-10-16,M4,dia,152,5,6.6,52.2,3.25,1,0,0
IND070-000833,2024-10-16,M5,dia,744,10,6.3,1.7,4.0,0,0,0
IND070-000834,2024-10-16,M6,dia,584,28,4.5,18.7,2.97,0,0,0
IND070-000835,2024-10-17,M1,noche,624,8,6.4,42.3,2.41,0,0,0
IND070-000836,2024-10-17,M2,noche,373,4,6.5,0.6,3.11,0,0,0
IND070-000837,2024-10-18,M3,noche,556,13,3.4,5.9,3.43,0,1,1610.01
IND070-000838,2024-10-18,M4,noche,128,2,6.9,4.5,4.41,0,0,0
IND070-000839,2024-10-18,M5,noche,720,19,7.9,10.2,2.5,1,0,0
IND070-000840,2024-10-19,M6,noche,739,31,6.2,15.2,2.57,0,0,0
IND070-000841,2024-10-19,M1,dia,751,13,6.9,44.0,2.85,0,0,0
IND070-000842,2024-10-19,M2,dia,287,4,3.3,19.7,2.98,1,0,0
IND070-000843,2024-10-20,M3,dia,352,10,4.0,11.4,5.02,1,1,1708.66
IND070-000844,2024-10-20,M4,dia,261,8,7.0,2.4,4.39,0,0,0
IND070-000845,2024-10-20,M5,dia,622,14,5.8,4.2,"3,49",1,0,0
IND070-000846,2024-10-21,M6,dia,148,7,7.3,18.3,4.0,0,0,0
IND070-000847,2024-10-21,M1,noche,163,1,6.5,10.2,1.7,0,0,0
IND070-000848,2024-10-21,M2,noche,605,16,6.5,9.9,4.87,0,0,0
IND070-000849,2024-10-22,M3,noche,317,9,6.1,22.5,6.12,0,1,2380.49
IND070-000850,2024-10-22,M4,noche,574,17,7.3,1.8,3.43,0,0,0
IND070-000851,2024-10-22,M5,noche,582,12,4.7,3.1,3.27,0,0,0
IND070-000852,2024-10-23,M6,noche,174,3,4.3,10.0,5.02,0,0,0
IND070-000853,2024-10-23,M1,dia,356,8,6.6,11.6,1.31,0,0,0
IND070-000854,2024-10-23,M2,dia,521,15,6.1,18.3,4.14,0,0,0
IND070-000855,2024-10-24,M3,dia,96,1,5.5,14.1,4.4,0,1,2905.83
IND070-000856,2024-10-24,M4,dia,480,11,6.9,6.0,2.63,0,0,0
IND070-000857,2024-10-24,M5,dia,419,12,6.6,45.6,2.8,0,0,0
IND070-000858,2024-10-25,M6,dia,600,13,4.3,16.5,2.92,0,0,0
IND070-000859,2024-10-25,M1,noche,472,4,6.0,10.4,2.73,0,1,866.95
IND070-000860,2024-10-26,M2,noche,118,5,4.5,13.3,3.39,0,0,0
IND070-000861,2024-10-26,M3,noche,309,11,3.1,2.8,2.44,0,0,0
IND070-000862,2024-10-26,M4,noche,102,3,6.1,29.9,3.62,0,0,0
IND070-000863,2024-10-27,M5,noche,175,4,6.4,17.6,5.34,0,0,0
IND070-000864,2024-10-27,M6,noche,293,13,4.1,4.3,3.07,0,0,0
IND070-000865,2024-10-27,M1,dia,457,8,5.8,35.1,3.01,0,1,2563.84
IND070-000866,2024-10-28,M2,dia,285,3,4.3,8.0,3.95,1,0,0
IND070-000867,2024-10-28,M3,dia,154,1,6.1,6.5,2.73,0,0,0
IND070-000868,2024-10-28,M4,dia,385,12,7.9,10.6,5.56,0,0,0
IND070-000869,2024-10-29,M5,dia,692,25,5.0,38.6,4.15,0,0,0
IND070-000870,2024-10-29,M6,dia,400,11,6.6,0.9,2.73,0,0,0
IND070-000871,2024-10-29,M1,noche,399,9,6.7,11.8,3.41,0,1,402.51
IND070-000872,2024-10-30,M2,noche,671,14,5.8,6.2,3.21,1,0,0
IND070-000873,2024-10-30,M3,noche,241,1,7.3,19.6,1.59,1,0,0
IND070-000874,2024-10-30,M4, NOCHE ,638,23,6.6,7.5,3.77,0,0,0
IND070-000875,2024-10-31,M5,noche,463,21,7.1,15.2,2.84,0,0,0
IND070-000876,2024-10-31,M6,noche,376,15,5.1,12.7,4.54,0,0,0
IND070-000877,2024-10-31,M1,dia,519,6,7.2,6.6,0.57,0,0,0
IND070-000878,2024-11-01,M2,dia,394,9,4.5,6.2,2.19,0,0,0
IND070-000879,2024-11-01,M3,dia,539,10,5.0,6.7,4.09,0,0,0
IND070-000880,2024-11-01,M4,dia,661,19,3.7,12.8,4.54,0,0,0
IND070-000881,2024-11-02,M5,dia,300,11,7.0,11.7,4.93,0,0,0
IND070-000882,2024-11-02,M6,dia,325,16,6.2,26.4,2.9,0,0,0
IND070-000883,2024-11-03,M1,noche,567,6,5.3,2.3,1.73,0,0,0
IND070-000884,2024-11-03,M2,noche,774,19,5.9,9.1,3.33,0,0,0
IND070-000885,2024-11-03,M3,noche,443,11,5.7,0.5,1.31,0,0,0
IND070-000886,2024-11-04,M4,noche,754,25,6.6,23.8,3.0,0,0,0
IND070-000887,2024-11-04,M5,noche,552,17,3.8,12.3,3.89,0,0,0
IND070-000888,2024-11-04,M6,noche,123,1,7.4,0.4,3.43,0,0,0
IND070-000889,2024-11-05,M1,dia,252,3,7.7,21.4,1.28,0,0,0
IND070-000890,2024-11-05,M2,dia,752,22,5.7,3.2,1.78,1,0,0
IND070-000891,2024-11-05,M3,dia,715,19,4.7,32.8,4.61,0,1,708.85
IND070-000892,2024-11-06,M4,dia,583,15,4.3,53.2,2.31,0,0,0
IND070-000893,2024-11-06,M5,dia,700,9,4.1,22.4,4.5,1,0,0
IND070-000894,2024-11-06,M6,dia,231,10,4.4,12.0,2.83,1,0,0
IND070-000895,2024-11-07,M1,noche,449,7,6.1,17.8,1.69,0,0,0
IND070-000896,2024-11-07,M2,noche,334,8,4.3,20.8,3.3,0,0,0
IND070-000897,2024-11-07,M3,noche,373,8,5.8,5.7,4.54,0,1,2277.96
IND070-000898,2024-11-08,M4,noche,770,19,6.0,8.5,1.66,0,0,0
IND070-000899,2024-11-08,M5,noche,692,24,5.7,38.1,4.05,0,0,0
IND070-000900,2024-11-08,M6,noche,389,19,5.9,20.2,4.11,0,0,0
IND070-000901,2024-11-09,M1,dia,191,5,7.4,5.2,2.03,0,0,0
IND070-000902,2024-11-09,M2,dia,514,17,4.6,23.5,3.86,0,0,0
IND070-000903,2024-11-09,M3,dia,627,13,3.2,19.1,2.87,1,1,365.51
IND070-000904,2024-11-10,M4,dia,666,11,4.8,14.2,3.87,0,0,0
IND070-000905,2024-11-10,M5,dia,301,8,6.5,8.9,4.39,1,0,0
IND070-000906,2024-11-11,M6,dia,775,31,7.6,24.2,3.46,0,0,0
IND070-000907,2024-11-11,M1,noche,220,4,6.1,4.6,3.52,0,0,0
IND070-000908,2024-11-11,M2,noche,503,12,4.4,0.7,2.41,0,0,0
IND070-000909,2024-11-12,M3,noche,480,11,6.9,3.4,2.9,0,0,0
IND070-000910,2024-11-12,M4,noche,313,7,4.3,27.6,3.51,0,0,0
IND070-000911,2024-11-12,M5,noche,362,10,3.1,10.1,3.23,1,0,0
IND070-000912,2024-11-13,M6,noche,206,7,8.0,48.7,3.47,0,0,0
IND070-000913,2024-11-13,M1,dia,447,10,7.7,0.7,0.64,0,0,0
IND070-000914,2024-11-13,M2,dia,781,13,3.4,9.8,,0,0,0
IND070-000915,2024-11-14,M3,dia,389,6,6.8,8.8,2.33,1,0,0
IND070-000916,2024-11-14,M4,dia,641,28,5.6,42.9,3.37,0,0,0
IND070-000917,2024-11-14,M5,dia,356,11,7.2,4.8,4.12,0,0,0
IND070-000918,2024-11-15,M6,dia,295,10,5.4,5.9,4.74,0,0,0
IND070-000919,2024-11-15,M1,noche,549,9,8.0,31.5,3.1,0,0,0
IND070-000920,2024-11-15,M2,noche,587,17,4.0,3.2,3.6,0,0,0
IND070-000921,2024-11-16,M3,noche,412,9,5.6,23.2,4.21,0,0,0
IND070-000922,2024-11-16,M4,noche,717,29,7.3,3.5,2.78,0,0,0
IND070-000923,2024-11-16,M5,noche,293,6,4.3,14.0,5.16,1,0,0
IND070-000924,2024-11-17,M6,noche,148,8,3.9,10.5,4.21,0,0,0
IND070-000925,2024-11-17,M1,dia,471,7,7.9,71.8,4.19,1,0,0
IND070-000926,2024-11-17,M2,dia,697,18,7.6,11.2,2.05,0,0,0
IND070-000927,2024-11-18,M3,dia,521,10,4.1,10.2,3.03,0,0,0
IND070-000928,2024-11-18,M4,dia,204,7,7.7,7.5,4.32,0,0,0
IND070-000929,2024-11-19,M5,dia,366,10,4.9,1.5,4.46,0,0,0
IND070-000930,2024-11-19,M6,dia,487,22,6.4,13.1,4.75,0,0,0
IND070-000931,2024-11-19,M1,noche,319,1,5.3,22.7,2.91,0,0,0
IND070-000932,2024-11-20,M2,noche,738,19,7.6,24.1,3.24,0,0,0
IND070-000933,2024-11-20,M3,noche,560,15,6.6,34.3,2.04,0,0,0
IND070-000934,2024-11-20,M4,noche,432,15,5.4,22.6,2.22,0,0,0
IND070-000935,2024-11-21,M5,noche,152,6,6.8,14.7,4.38,0,0,0
IND070-000936,2024-11-21,M6,noche,568,34,3.3,8.4,5.69,1,0,0
IND070-000937,2024-11-21,M1,dia,722,15,3.7,10.4,1.52,1,0,0
IND070-000938,2024-11-22,M2,dia,482,15,7.0,16.2,1.91,0,0,0
IND070-000939,2024-11-22,M3,dia,676,12,7.0,7.7,1.17,0,0,0
IND070-000940,2024-11-22,M4,dia,511,13,6.6,0.1,1.64,0,0,0
IND070-000941,2024-11-23,M5,dia,338,9,6.8,13.5,3.04,0,0,0
IND070-000942,2024-11-23,M6,dia,158,6,3.6,55.9,3.41,0,0,0
IND070-000943,2024-11-23,M1,noche,662,12,4.6,5.4,0.83,1,0,0
IND070-000944,2024-11-24,M2,noche,298,8,7.1,91.9,3.22,0,0,0
IND070-000945,2024-11-24,M3,noche,184,4,3.3,2.8,3.55,0,0,0
IND070-000946,2024-11-24,M4,noche,205,7,6.3,0.8,3.04,0,0,0
IND070-000947,2024-11-25,M5,noche,178,6,6.8,16.2,2.59,1,0,0
IND070-000948,2024-11-25,M6,noche,531,13,3.8,65.5,3.56,0,0,0
IND070-000949,2024-11-25,M1,dia,309,0,5.8,1.9,3.26,0,0,0
IND070-000950,2024-11-26,M2,dia,301,7,5.1,9.1,1.54,0,0,0
IND070-000951,2024-11-26,M3,dia,135,3,3.3,19.5,5.28,1,0,0
IND070-000952,2024-11-27,M4,dia,459,10,6.1,0.7,2.64,0,0,0
IND070-000953,2024-11-27,M5,dia,148,7,6.9,10.2,3.13,0,0,0
IND070-000954,2024-11-27,M6,dia,178,6,7.5,26.5,2.23,1,0,0
IND070-000955,2024-11-28,M1,noche,571,8,3.6,7.3,1.4,0,0,0
IND070-000956,2024-11-28,M2,noche,133,3,4.2,20.5,2.3,0,0,0
IND070-000957,2024-11-28,M3,noche,125,3,7.0,4.7,2.14,0,0,0
IND070-000958,2024-11-29,M4,noche,717,30,4.5,12.1,3.05,1,0,0
IND070-000959,2024-11-29,M5,noche,634,12,4.2,0.6,2.65,0,0,0
IND070-000960,2024-11-29,M6,noche,255,8,4.7,18.6,3.16,0,0,0
IND070-000961,2024-11-30,M1,dia,612,12,7.9,27.2,2.06,0,0,0
IND070-000962,2024-11-30,M2,dia,605,14,3.6,52.3,2.59,0,0,0
IND070-000963,2024-11-30,M3,dia,720,10,6.7,6.5,2.65,1,0,0
IND070-000964,2024-12-01,M4,dia,557,8,7.1,2.1,3.01,1,0,0
IND070-000965,2024-12-01,M5,dia,284,5,7.2,13.7,4.74,0,0,0
IND070-000966,2024-12-01,M6,dia,409,13,7.6,33.4,3.64,0,0,0
IND070-000967,2024-12-02,M1,noche,174,1,6.9,23.8,1.77,0,0,0
IND070-000968,2024-12-02,M2,noche,160,7,7.7,13.2,2.37,0,0,0
IND070-000969,2024-12-02,M3,noche,362,8,5.3,8.3,2.08,0,0,0
IND070-000970,2024-12-03,M4,noche,747,24,4.7,7.9,3.35,0,0,0
IND070-000971,2024-12-03,M5, NOCHE ,307,13,7.3,34.8,3.24,0,0,0
IND070-000972,2024-12-04,M6,noche,519,17,7.1,27.1,2.67,0,0,0
IND070-000973,2024-12-04,M1,dia,514,8,3.1,7.3,1.27,0,0,0
IND070-000974,2024-12-04,M2,dia,179,1,5.4,67.6,1.9,0,0,0
IND070-000975,2024-12-05,M3,dia,724,19,5.1,11.0,2.52,0,0,0
IND070-000976,2024-12-05,M4,dia,462,19,5.6,121.5,4.42,0,0,0
IND070-000977,2024-12-05,M5,dia,624,25,3.2,64.2,3.95,0,0,0
IND070-000978,2024-12-06,M6,dia,436,15,7.3,36.8,3.12,1,0,0
IND070-000979,2024-12-06,M1,noche,609,2,5.5,8.2,4.69,0,0,0
IND070-000980,2024-12-06,M2,noche,395,13,7.8,29.3,2.99,1,0,0
IND070-000981,2024-12-07,M3,noche,378,12,7.3,42.4,5.94,0,0,0
IND070-000982,2024-12-07,M4,noche,596,16,6.2,13.4,2.6,0,0,0
IND070-000983,2024-12-07,M5,noche,433,16,4.5,0.8,4.4,0,0,0
IND070-000984,2024-12-08,M6,noche,346,9,7.6,57.4,2.95,0,0,0
IND070-000985,2024-12-08,M1,dia,386,5,5.2,24.3,2.33,0,0,0
IND070-000986,2024-12-08,M2,dia,640,14,7.9,21.1,5.22,0,1,386.84
IND070-000987,2024-12-09,M3,dia,576,9,6.8,3.1,3.59,1,0,0
IND070-000988,2024-12-09,M4,dia,186,9,5.2,57.6,1.92,0,0,0
IND070-000989,2024-12-09,M5,dia,597,14,3.1,11.2,3.64,0,0,0
IND070-000990,2024-12-10,M6,dia,759,39,3.6,12.1,3.37,0,0,0
IND070-000991,2024-12-10,M1,noche,729,7,5.9,5.9,3.0,0,0,0
IND070-000992,2024-12-10,M2,noche,508,11,4.5,4.6,3.8,0,1,2303.54
IND070-000993,2024-12-11,M3,noche,146,2,6.9,7.5,3.53,0,0,0
IND070-000994,2024-12-11,M4,noche,81,3,3.3,1.8,2.29,0,0,0
IND070-000995,2024-12-12,M5,noche,164,8,7.6,16.1,3.08,0,0,0
IND070-000996,2024-12-12,M6,noche,458,11,5.2,34.1,3.85,0,0,0
IND070-000997,2024-12-12,M1,dia,283,3,3.6,16.6,,0,0,0
IND070-000998,2024-12-13,M2,dia,451,13,3.4,6.7,1.8,0,1,2560.94
IND070-000999,2024-12-13,M3,dia,701,16,4.7,3.4,2.98,0,0,0
IND070-001000,2024-12-13,M4,dia,372,12,7.3,4.6,3.27,0,0,0
IND070-001001,2024-12-14,M5,dia,418,12,7.3,8.0,3.63,0,0,0
IND070-001002,2024-12-14,M6,dia,669,28,3.0,34.9,2.95,0,0,0
IND070-001003,2024-12-14,M1,noche,707,10,6.3,6.2,2.61,0,0,0
IND070-001004,2024-12-15,M2,noche,672,12,4.1,56.9,2.13,0,0,0
IND070-001005,2024-12-15,M3,noche,591,14,5.9,4.1,1.71,1,0,0
IND070-001006,2024-12-15,M4,noche,460,18,6.5,2.6,3.07,0,0,0
IND070-001007,2024-12-16,M5,noche,532,16,6.0,11.1,3.14,0,0,0
IND070-001008,2024-12-16,M6,noche,388,16,4.5,15.3,3.39,0,0,0
IND070-001009,2024-12-16,M1,dia,118,3,6.9,47.8,2.64,0,0,0
IND070-001010,2024-12-17,M2,dia,748,29,6.7,7.1,1.49,1,0,0
IND070-001011,2024-12-17,M3,dia,723,20,4.7,13.6,2.62,0,0,0
IND070-001012,2024-12-17,M4,dia,194,10,4.1,20.3,2.28,0,0,0
IND070-001013,2024-12-18,M5,dia,177,8,7.3,14.7,3.42,0,0,0
IND070-001014,2024-12-18,M6,dia,350,17,4.3,5.7,3.95,0,0,0
IND070-001015,2024-12-18,M1,noche,86,2,5.4,23.7,2.43,0,0,0
IND070-001016,2024-12-19,M2,noche,205,4,6.2,1.7,3.03,0,0,0
IND070-001017,2024-12-19,M3,noche,728,17,6.3,12.5,2.0,1,0,0
IND070-001018,2024-12-20,M4,noche,436,16,4.1,1.3,3.59,1,0,0
IND070-001019,2024-12-20,M5,noche,395,14,5.9,8.5,3.5,0,0,0
IND070-001020,2024-12-20,M6,noche,588,19,4.6,9.0,6.22,1,0,0
IND070-001021,2024-12-21,M1,dia,132,2,4.8,14.2,1.41,0,0,0
IND070-001022,2024-12-21,M2,dia,647,18,3.6,9.0,4.64,1,0,0
IND070-001023,2024-12-21,M3,dia,328,8,3.1,5.1,3.84,1,0,0
IND070-001024,2024-12-22,M4,dia,766,25,6.0,11.4,5.4,0,0,0
IND070-001025,2024-12-22,M5,dia,224,8,7.3,4.3,3.58,0,0,0
IND070-001026,2024-12-22,M6,dia,515,18,6.0,11.8,3.78,0,0,0
IND070-001027,2024-12-23,M1,noche,134,0,7.5,9.1,3.9,1,0,0
IND070-001028,2024-12-23,M2,noche,608,10,5.4,4.1,1.63,0,0,0
IND070-001029,2024-12-23,M3,noche,215,4,7.5,27.2,2.86,0,0,0
IND070-001030,2024-12-24,M4,noche,351,3,6.7,17.8,2.87,0,0,0
IND070-001031,2024-12-24,M5,noche,491,10,3.4,13.8,4.35,0,0,0
IND070-001032,2024-12-24,M6,noche,751,31,5.5,1.0,3.64,0,0,0
IND070-001033,2024-12-25,M1,dia,108,1,4.8,17.5,3.23,0,0,0
IND070-001034,2024-12-25,M2,dia,509,14,7.7,6.7,4.09,0,1,1452.3
IND070-001035,2024-12-25,M3,dia,565,12,7.6,18.3,3.93,0,0,0
IND070-001036,2024-12-26,M4,dia,408,8,7.9,11.2,2.13,1,0,0
IND070-001037,2024-12-26,M5,dia,252,4,4.7,9.2,1.94,0,0,0
IND070-001038,2024-12-26,M6,dia,229,5,6.3,0.6,3.09,0,0,0
IND070-001039,2024-12-27,M1,noche,341,5,8.0,87.3,2.69,0,0,0
IND070-001040,2024-12-27,M2,noche,268,7,5.2,15.5,5.11,0,1,2050.15
IND070-001041,2024-12-28,M3,noche,351,4,6.9,15.7,2.56,0,0,0
IND070-001042,2024-12-28,M4,noche,241,4,6.1,5.6,3.02,0,0,0
IND070-001043,2024-12-28,M5,noche,665,13,6.2,0.6,3.14,0,0,0
IND070-001044,2024-12-29,M6,noche,522,19,4.6,24.4,4.31,0,0,0
IND070-001045,2024-12-29,M1,dia,590,10,7.7,0.2,3.37,1,0,0
IND070-001046,2024-12-29,M2,dia,611,17,5.2,8.0,6.34,1,1,2310.93
IND070-001047,2024-12-30,M3,dia,385,10,7.6,23.5,2.66,0,0,0
IND070-001048,2024-12-30,M4,dia,563,14,3.9,11.5,3.17,1,0,0
IND070-001049,2024-12-30,M5,dia,662,24,4.9,0.8,3.45,0,0,0
IND070-001050,2024-12-31,M6,dia,424,16,6.2,4.0,3.91,1,0,0
IND070-001051,2024-12-31,M1,noche,180,4,4.3,0.5,2.26,0,0,0
IND070-001052,2024-12-31,M2,noche,215,3,3.7,1.1,2.1,0,0,0
IND070-001053,2025-01-01,M3,noche,106,2,7.1,15.4,2.86,0,0,0
IND070-001054,2025-01-01,M4,noche,657,23,6.5,10.0,4.12,0,0,0
IND070-001055,2025-01-01,M5,noche,93,6,3.9,39.4,2.16,0,0,0
IND070-001056,2025-01-02,M6,noche,100,6,3.5,4.2,"5,21",0,0,0
IND070-001057,2025-01-02,M1,dia,744,18,7.5,1.9,3.48,1,1,2660.17
IND070-001058,2025-01-02,M2,dia,241,7,6.4,2.6,3.88,1,1,1481.35
IND070-001059,2025-01-03,M3,dia,560,13,5.2,3.4,3.8,0,0,0
IND070-001060,2025-01-03,M4,dia,239,7,4.3,5.0,3.42,0,0,0
IND070-001061,2025-01-03,M5,dia,752,23,6.2,5.5,4.14,0,0,0
IND070-001062,2025-01-04,M6,dia,143,6,3.0,10.6,3.28,0,0,0
IND070-001063,2025-01-04,M1,noche,147,1,4.4,2.0,4.84,0,1,271.98
IND070-001064,2025-01-05,M2,noche,203,7,7.7,1.1,5.48,1,1,2328.49
IND070-001065,2025-01-05,M3,noche,110,1,7.1,26.1,2.41,0,0,0
IND070-001066,2025-01-05,M4,noche,753,25,5.8,4.8,3.77,0,0,0
IND070-001067,2025-01-06,M5,noche,685,11,7.0,7.0,3.17,0,0,0
IND070-001068,2025-01-06,M6, NOCHE ,614,15,5.1,26.2,3.72,1,0,0
IND070-001069,2025-01-06,M1,dia,269,4,7.6,0.2,2.74,0,1,1752.47
IND070-001070,2025-01-07,M2,dia,81,2,3.4,39.3,2.36,0,1,744.55
IND070-001071,2025-01-07,M3,dia,205,7,5.2,12.1,2.76,0,0,0
IND070-001072,2025-01-07,M4,dia,379,11,5.4,75.9,4.49,0,0,0
IND070-001073,2025-01-08,M5,dia,576,17,6.0,10.4,3.12,0,0,0
IND070-001074,2025-01-08,M6,dia,636,26,7.3,10.9,3.14,0,0,0
IND070-001075,2025-01-08,M1,noche,490,9,5.7,0.9,2.57,1,0,0
IND070-001076,2025-01-09,M2,noche,569,18,7.9,59.7,2.08,0,0,0
IND070-001077,2025-01-09,M3,noche,689,9,3.2,5.2,2.35,0,0,0
IND070-001078,2025-01-09,M4,noche,688,20,3.3,97.3,3.35,0,0,0
IND070-001079,2025-01-10,M5,noche,86,2,3.2,5.4,4.68,0,0,0
IND070-001080,2025-01-10,M6,noche,395,14,4.0,1.5,,1,0,0
IND070-001081,2025-01-10,M1,dia,245,4,7.6,1.5,2.15,0,0,0
IND070-001082,2025-01-11,M2,dia,736,19,7.7,9.4,3.96,0,0,0
IND070-001083,2025-01-11,M3,dia,613,8,3.2,3.0,3.86,0,0,0
IND070-001084,2025-01-11,M4,dia,245,7,6.2,39.6,2.8,0,0,0
IND070-001085,2025-01-12,M5,dia,453,9,5.9,41.9,5.19,0,0,0
IND070-001086,2025-01-12,M6,dia,570,24,5.2,16.2,5.81,0,0,0
IND070-001087,2025-01-13,M1,noche,450,8,3.1,6.9,2.97,0,0,0
IND070-001088,2025-01-13,M2,noche,203,8,6.7,0.7,2.18,0,0,0
IND070-001089,2025-01-13,M3,noche,563,13,4.7,9.4,2.03,0,0,0
IND070-001090,2025-01-14,M4,noche,400,15,6.6,46.0,4.13,0,0,0
IND070-001091,2025-01-14,M5,noche,472,16,6.2,5.5,4.87,0,0,0
IND070-001092,2025-01-14,M6,noche,254,8,4.7,16.3,3.69,1,0,0
IND070-001093,2025-01-15,M1,dia,216,5,3.6,12.2,1.44,0,0,0
IND070-001094,2025-01-15,M2,dia,383,13,7.8,22.6,1.8,1,0,0
IND070-001095,2025-01-15,M3,dia,172,4,8.0,0.6,2.48,1,0,0
IND070-001096,2025-01-16,M4,dia,272,10,4.8,67.5,3.51,0,0,0
IND070-001097,2025-01-16,M5,dia,519,13,5.3,11.3,4.54,0,0,0
IND070-001098,2025-01-16,M6,dia,681,23,7.1,5.3,1.41,0,0,0
IND070-001099,2025-01-17,M1,noche,754,8,6.2,4.5,2.15,0,0,0
IND070-001100,2025-01-17,M2,noche,525,14,3.0,10.0,4.3,0,0,0
IND070-001101,2025-01-17,M3,noche,488,17,4.3,9.0,2.63,0,0,0
IND070-001102,2025-01-18,M4,noche,707,26,5.3,11.1,2.73,0,0,0
IND070-001103,2025-01-18,M5,noche,778,26,7.9,8.0,4.47,0,0,0
IND070-001104,2025-01-18,M6,noche,83,4,7.8,27.1,4.43,1,0,0
IND070-001105,2025-01-19,M1,dia,168,1,6.7,8.7,3.45,0,0,0
IND070-001106,2025-01-19,M2,dia,532,10,6.8,1.1,4.05,0,0,0
IND070-001107,2025-01-19,M3,dia,670,18,3.2,10.3,1.65,0,0,0
IND070-001108,2025-01-20,M4,dia,785,28,3.4,27.8,4.2,0,0,0
IND070-001109,2025-01-20,M5,dia,575,15,3.9,15.3,2.23,0,0,0
IND070-001110,2025-01-21,M6,dia,405,19,7.2,16.1,4.82,0,0,0
IND070-001111,2025-01-21,M1,noche,444,11,6.7,24.2,1.36,0,0,0
IND070-001112,2025-01-21,M2,noche,509,12,3.8,5.6,4.12,0,0,0
IND070-001113,2025-01-22,M3,noche,665,14,6.9,3.9,2.44,0,0,0
IND070-001114,2025-01-22,M4,noche,536,11,6.8,72.8,2.64,0,0,0
IND070-001115,2025-01-22,M5,noche,348,12,6.2,12.7,2.2,0,0,0
IND070-001116,2025-01-23,M6,noche,381,19,3.3,24.8,3.35,0,0,0
IND070-001117,2025-01-23,M1,dia,201,3,7.5,8.8,1.09,0,0,0
IND070-001118,2025-01-23,M2,dia,466,10,4.3,5.1,4.85,1,0,0
IND070-001119,2025-01-24,M3,dia,631,20,5.1,19.3,3.29,0,0,0
IND070-001120,2025-01-24,M4,dia,329,9,7.0,17.8,3.12,0,0,0
IND070-001121,2025-01-24,M5,dia,139,4,5.3,33.4,3.81,0,0,0
IND070-001122,2025-01-25,M6,dia,693,29,3.5,99.2,3.36,0,0,0
IND070-001123,2025-01-25,M1,noche,486,9,5.2,0.0,3.97,0,0,0
IND070-001124,2025-01-25,M2,noche,440,14,3.1,5.0,0.91,0,0,0
IND070-001125,2025-01-26,M3,noche,759,14,6.8,17.0,1.83,0,0,0
IND070-001126,2025-01-26,M4,noche,581,15,3.9,9.6,3.46,1,0,0
IND070-001127,2025-01-26,M5,noche,337,9,7.9,1.2,3.8,0,0,0
IND070-001128,2025-01-27,M6,noche,471,21,3.1,41.8,3.25,1,0,0
IND070-001129,2025-01-27,M1,dia,732,4,7.5,57.1,2.47,0,0,0
IND070-001130,2025-01-27,M2,dia,468,18,7.8,12.1,2.92,0,0,0
IND070-001131,2025-01-28,M3,dia,382,7,4.1,0.3,2.76,0,0,0
IND070-001132,2025-01-28,M4,dia,377,11,4.6,3.4,3.7,1,0,0
IND070-001133,2025-01-29,M5,dia,666,14,7.3,7.2,2.71,0,0,0
IND070-001134,2025-01-29,M6,dia,600,19,5.8,31.2,3.58,0,0,0
IND070-001135,2025-01-29,M1,noche,127,3,3.6,2.7,1.68,0,0,0
IND070-001136,2025-01-30,M2,noche,516,14,6.9,31.9,3.19,0,0,0
IND070-001137,2025-01-30,M3,noche,92,5,5.2,50.8,2.57,0,0,0
IND070-001138,2025-01-30,M4,noche,597,23,5.8,26.2,3.77,1,0,0
IND070-001139,2025-01-31,M5,noche,548,13,3.4,6.6,2.72,0,0,0
IND070-001140,2025-01-31,M6,noche,379,17,6.4,11.7,3.53,0,0,0
IND070-001141,2025-01-31,M1,dia,498,8,3.9,10.1,2.51,1,0,0
IND070-001142,2025-02-01,M2,dia,260,6,6.7,6.8,2.64,0,0,0
IND070-001143,2025-02-01,M3,dia,421,7,6.3,5.6,3.44,1,0,0
IND070-001144,2025-02-01,M4,dia,267,10,7.9,26.8,4.51,0,0,0
IND070-001145,2025-02-02,M5,dia,602,14,4.7,14.1,3.18,0,0,0
IND070-001146,2025-02-02,M6,dia,371,15,5.9,25.0,3.79,0,0,0
IND070-001147,2025-02-02,M1,noche,713,11,3.2,141.6,2.64,0,0,0
IND070-001148,2025-02-03,M2,noche,701,16,3.9,15.3,1.99,1,0,0
IND070-001149,2025-02-03,M3,noche,133,1,6.2,1.9,4.48,0,0,0
IND070-001150,2025-02-03,M4,noche,334,16,7.6,24.3,3.91,0,0,0
IND070-001151,2025-02-04,M5,noche,585,19,5.7,28.2,4.54,0,0,0
IND070-001152,2025-02-04,M6,noche,662,25,7.5,0.9,4.41,0,0,0
IND070-001153,2025-02-05,M1,dia,308,8,3.4,38.5,2.03,0,0,0
IND070-001154,2025-02-05,M2,dia,102,5,6.2,14.1,3.67,1,0,0
IND070-001155,2025-02-05,M3,dia,181,4,4.8,36.8,0.1,0,0,0
IND070-001156,2025-02-06,M4,dia,314,8,5.2,2.7,3.17,1,0,0
IND070-001157,2025-02-06,M5,dia,621,17,5.0,2.0,4.06,0,0,0
IND070-001158,2025-02-06,M6,dia,621,29,7.5,9.3,3.05,1,0,0
IND070-001159,2025-02-07,M1,noche,359,8,7.3,20.1,2.73,0,0,0
IND070-001160,2025-02-07,M2,noche,706,22,5.9,9.0,2.76,1,0,0
IND070-001161,2025-02-07,M3,noche,394,9,5.5,25.7,4.27,0,0,0
IND070-001162,2025-02-08,M4,noche,312,19,7.1,13.6,4.88,0,0,0
IND070-001163,2025-02-08,M5,noche,573,21,5.7,18.3,,0,0,0
IND070-001164,2025-02-08,M6,noche,295,12,4.5,50.8,4.82,0,0,0
IND070-001165,2025-02-09,M1, DIA ,318,6,7.4,0.1,2.4,1,0,0
IND070-001166,2025-02-09,M2,dia,532,20,7.2,23.2,3.67,0,0,0
IND070-001167,2025-02-09,M3,dia,426,9,7.4,37.9,2.04,0,0,0
IND070-001168,2025-02-10,M4,dia,113,3,7.2,26.7,3.21,0,0,0
IND070-001169,2025-02-10,M5,dia,119,3,3.2,2.0,2.23,0,0,0
IND070-001170,2025-02-10,M6,dia,147,7,7.2,3.8,4.04,0,0,0
IND070-001171,2025-02-11,M1,noche,799,14,7.6,18.3,4.11,0,0,0
IND070-001172,2025-02-11,M2,noche,284,9,5.0,14.2,3.28,0,0,0
IND070-001173,2025-02-11,M3,noche,303,8,4.3,10.0,2.69,0,0,0
IND070-001174,2025-02-12,M4,noche,511,9,6.4,6.3,1.71,0,0,0
IND070-001175,2025-02-12,M5,noche,135,4,7.8,4.4,4.09,0,0,0
IND070-001176,2025-02-13,M6,noche,262,14,6.8,24.4,4.26,0,0,0
IND070-001177,2025-02-13,M1,dia,110,2,8.0,0.9,1.77,0,0,0
IND070-001178,2025-02-13,M2,dia,778,28,7.4,4.1,1.65,1,0,0
IND070-001179,2025-02-14,M3,dia,533,12,6.3,4.4,4.3,1,0,0
IND070-001180,2025-02-14,M4,dia,559,18,4.1,0.9,2.79,0,0,0
IND070-001181,2025-02-14,M5,dia,359,12,5.5,55.0,4.22,0,0,0
IND070-001182,2025-02-15,M6,dia,226,6,5.2,13.3,3.79,0,0,0
IND070-001183,2025-02-15,M1,noche,161,2,7.4,14.0,3.27,0,0,0
IND070-001184,2025-02-15,M2,noche,535,20,3.9,25.8,3.84,0,0,0
IND070-001185,2025-02-16,M3,noche,276,10,5.2,12.0,2.1,0,0,0
IND070-001186,2025-02-16,M4,noche,273,8,4.0,3.0,1.7,0,0,0
IND070-001187,2025-02-16,M5,noche,420,13,3.5,5.0,4.91,0,0,0
IND070-001188,2025-02-17,M6,noche,370,23,6.3,0.2,4.67,0,0,0
IND070-001189,2025-02-17,M1,dia,617,11,4.2,3.3,2.11,0,0,0
IND070-001190,2025-02-17,M2,dia,442,10,5.7,7.1,2.14,0,0,0
IND070-001191,2025-02-18,M3,dia,398,14,7.3,51.3,3.21,1,0,0
IND070-001192,2025-02-18,M4,dia,145,3,4.1,8.8,2.91,0,0,0
IND070-001193,2025-02-18,M5,dia,304,11,6.0,18.8,2.33,0,0,0
IND070-001194,2025-02-19,M6,dia,624,25,7.4,19.0,4.26,0,0,0
IND070-001195,2025-02-19,M1,noche,367,3,4.4,2.3,3.17,0,0,0
IND070-001196,2025-02-19,M2,noche,675,24,5.9,26.8,2.37,0,0,0
IND070-001197,2025-02-20,M3,noche,645,14,5.4,2.6,2.59,1,0,0
IND070-001198,2025-02-20,M4,noche,275,16,7.6,3.4,4.33,0,0,0
IND070-001199,2025-02-21,M5,noche,531,27,3.1,27.7,6.01,0,0,0
IND070-001200,2025-02-21,M6,noche,401,21,6.5,11.8,4.55,1,0,0
IND070-001201,2025-02-21,M1,dia,533,10,7.1,18.8,1.69,1,0,0
IND070-001202,2025-02-22,M2,dia,205,5,3.5,9.5,4.61,1,0,0
IND070-001203,2025-02-22,M3,dia,443,14,3.5,59.1,4.26,0,0,0
IND070-001204,2025-02-22,M4,dia,660,30,6.1,13.7,3.48,0,0,0
IND070-001205,2025-02-23,M5,dia,93,1,5.9,11.9,3.75,1,0,0
IND070-001206,2025-02-23,M6,dia,214,11,4.9,4.8,2.8,0,0,0
IND070-001207,2025-02-23,M1,noche,348,6,3.6,11.0,2.58,0,0,0
IND070-001208,2025-02-24,M2,noche,424,9,7.3,7.7,3.91,1,0,0
IND070-001209,2025-02-24,M3,noche,429,18,8.0,33.1,4.45,0,0,0
IND070-001210,2025-02-24,M4,noche,133,7,5.1,5.3,2.77,0,0,0
IND070-001211,2025-02-25,M5,noche,98,4,3.0,31.7,2.31,0,0,0
IND070-001212,2025-02-25,M6,noche,371,22,3.6,3.8,6.39,1,1,1871.78
IND070-001213,2025-02-25,M1,dia,123,2,6.8,31.5,2.82,0,0,0
IND070-001214,2025-02-26,M2,dia,455,13,7.6,34.5,2.08,0,0,0
IND070-001215,2025-02-26,M3,dia,551,14,4.3,31.8,2.9,0,0,0
IND070-001216,2025-02-26,M4,dia,573,28,4.1,12.3,2.67,0,0,0
IND070-001217,2025-02-27,M5,dia,203,4,6.7,0.8,2.68,0,0,0
IND070-001218,2025-02-27,M6,dia,459,20,3.1,21.4,5.39,0,1,374.03
IND070-001219,2025-02-27,M1,noche,290,10,4.4,3.8,2.84,0,0,0
IND070-001220,2025-02-28,M2,noche,716,29,6.3,22.3,0.74,0,0,0
IND070-001221,2025-02-28,M3,noche,274,8,3.1,44.7,1.5,1,0,0
IND070-001222,2025-03-01,M4,noche,530,22,5.9,36.5,1.58,0,0,0
IND070-001223,2025-03-01,M5,noche,334,12,3.9,20.1,1.94,0,0,0
IND070-001224,2025-03-01,M6,noche,661,37,4.6,7.8,5.47,1,1,1649.69
IND070-001225,2025-03-02,M1,dia,782,15,6.1,4.9,2.36,0,0,0
IND070-001226,2025-03-02,M2,dia,135,8,5.5,7.5,2.04,0,0,0
IND070-001227,2025-03-02,M3,dia,494,13,5.1,5.3,4.66,1,0,0
IND070-001228,2025-03-03,M4,dia,348,17,5.1,0.9,2.17,0,0,0
IND070-001229,2025-03-03,M5,dia,450,15,7.7,31.2,3.2,0,0,0
IND070-001230,2025-03-03,M6,dia,174,5,4.5,5.7,4.5,1,1,950.19
IND070-001231,2025-03-04,M1,noche,177,5,7.2,5.0,1.45,0,0,0
IND070-001232,2025-03-04,M2,noche,436,15,7.0,4.8,3.62,0,0,0
IND070-001233,2025-03-04,M3,noche,87,2,4.4,0.1,4.35,0,0,0
IND070-001234,2025-03-05,M4,noche,349,12,6.0,27.3,3.94,0,0,0
IND070-001235,2025-03-05,M5,noche,439,20,6.4,17.4,4.74,0,0,0
IND070-001236,2025-03-05,M6,noche,202,9,3.9,30.0,4.27,1,0,0
IND070-001237,2025-03-06,M1,dia,713,17,4.3,4.4,1.47,0,0,0
IND070-001238,2025-03-06,M2,dia,555,18,4.8,28.1,3.96,0,0,0
IND070-001239,2025-03-06,M3,dia,114,4,6.6,52.7,4.03,0,0,0
IND070-001240,2025-03-07,M4,dia,683,24,6.5,20.7,3.62,0,0,0
IND070-001241,2025-03-07,M5,dia,540,22,5.5,16.7,1.72,0,0,0
IND070-001242,2025-03-07,M6,dia,484,17,4.6,28.2,4.21,0,0,0
IND070-001243,2025-03-08,M1,noche,511,14,3.4,2.6,1.79,0,0,0
IND070-001244,2025-03-08,M2,noche,588,16,5.9,11.5,3.15,0,0,0
IND070-001245,2025-03-09,M3,noche,133,1,7.6,21.6,2.94,0,0,0
IND070-001246,2025-03-09,M4,noche,762,36,3.9,22.7,,0,0,0
IND070-001247,2025-03-09,M5,noche,181,8,7.2,16.5,1.68,0,0,0
IND070-001248,2025-03-10,M6,noche,683,25,3.3,3.4,3.95,0,0,0
IND070-001249,2025-03-10,M1,dia,722,19,3.7,20.3,2.23,0,0,0
IND070-001250,2025-03-10,M2,dia,509,14,3.1,7.7,2.48,0,0,0
IND070-001251,2025-03-11,M3,dia,579,8,7.2,29.3,1.3,1,0,0
IND070-001252,2025-03-11,M4,dia,487,26,6.8,22.9,3.98,0,0,0
IND070-001253,2025-03-11,M5,dia,522,17,7.1,15.4,3.52,0,0,0
IND070-001254,2025-03-12,M6,dia,97,6,6.6,7.2,3.2,0,0,0
IND070-001255,2025-03-12,M1,noche,119,1,6.6,2.5,2.86,0,0,0
IND070-001256,2025-03-12,M2,noche,407,10,6.7,1.1,3.21,0,0,0
IND070-001257,2025-03-13,M3,noche,370,10,7.3,18.8,2.14,0,0,0
IND070-001258,2025-03-13,M4,noche,235,11,3.2,17.8,5.3,0,1,921.46
IND070-001259,2025-03-13,M5,noche,690,21,7.0,37.1,2.89,0,0,0
IND070-001260,2025-03-14,M6,noche,416,23,6.3,16.4,1.88,1,0,0
IND070-001261,2025-03-14,M1,dia,680,18,6.4,11.1,2.88,0,0,0
IND070-001262,2025-03-14,M2, DIA ,521,11,7.2,33.1,2.26,0,0,0
IND070-001263,2025-03-15,M3,dia,115,2,3.8,25.9,3.6,0,1,798.73
IND070-001264,2025-03-15,M4,dia,455,23,3.6,31.5,4.64,0,1,642.56
IND070-001265,2025-03-15,M5,dia,509,15,6.5,1.7,3.01,0,0,0
IND070-001266,2025-03-16,M6,dia,702,22,3.1,19.1,2.54,0,0,0
IND070-001267,2025-03-16,M1,noche,468,10,4.3,4.3,"2,92",0,0,0
IND070-001268,2025-03-17,M2,noche,760,25,4.3,28.0,2.38,1,0,0
IND070-001269,2025-03-17,M3,noche,652,15,6.4,0.7,4.55,0,1,1956.92
IND070-001270,2025-03-17,M4,noche,764,28,4.0,0.5,5.44,0,1,2747.21
IND070-001271,2025-03-18,M5,noche,222,6,6.9,7.1,4.09,0,0,0
IND070-001272,2025-03-18,M6,noche,677,26,5.2,3.5,2.84,1,0,0
IND070-001273,2025-03-18,M1,dia,573,14,3.7,20.1,3.44,0,0,0
IND070-001274,2025-03-19,M2,dia,498,18,7.6,46.4,2.4,0,0,0
IND070-001275,2025-03-19,M3,dia,121,3,3.9,15.9,4.63,0,1,1059.48
IND070-001276,2025-03-19,M4,dia,564,23,6.0,3.7,1.07,1,0,0
IND070-001277,2025-03-20,M5,dia,447,14,7.5,7.2,2.48,0,0,0
IND070-001278,2025-03-20,M6,dia,635,25,5.8,5.9,2.48,1,0,0
IND070-001279,2025-03-20,M1,noche,685,21,4.9,33.2,3.64,1,0,0
IND070-001280,2025-03-21,M2,noche,391,13,4.5,1.9,3.21,0,0,0
IND070-001281,2025-03-21,M3,noche,267,12,7.8,5.7,1.97,0,0,0
IND070-001282,2025-03-21,M4,noche,219,12,4.3,70.8,2.6,1,0,0
IND070-001283,2025-03-22,M5,noche,706,38,8.0,10.4,4.51,0,0,0
IND070-001284,2025-03-22,M6,noche,778,35,4.3,3.3,3.65,1,1,1333.57
IND070-001285,2025-03-22,M1,dia,710,10,3.9,21.3,3.06,0,0,0
IND070-001286,2025-03-23,M2,dia,565,12,6.8,12.4,3.47,1,0,0
IND070-001287,2025-03-23,M3,dia,636,20,6.7,10.1,0.83,0,0,0
IND070-001288,2025-03-23,M4,dia,749,33,3.6,32.8,4.47,0,0,0
IND070-001289,2025-03-24,M5,dia,103,4,5.6,18.7,4.57,0,0,0
IND070-001290,2025-03-24,M6,dia,667,29,5.6,9.3,6.4,0,1,2223.62
IND070-001291,2025-03-25,M1,noche,504,7,5.7,66.5,3.03,1,0,0
IND070-001292,2025-03-25,M2,noche,562,16,4.2,3.9,2.91,0,0,0
IND070-001293,2025-03-25,M3,noche,271,7,4.6,15.9,2.1,0,0,0
IND070-001294,2025-03-26,M4,noche,508,16,4.3,9.6,5.89,0,1,2628.97
IND070-001295,2025-03-26,M5,noche,259,6,3.3,34.4,2.84,0,0,0
IND070-001296,2025-03-26,M6,noche,649,23,5.3,36.8,4.17,1,1,1082.7
IND070-001297,2025-03-27,M1,dia,762,19,5.5,9.6,0.61,0,0,0
IND070-001298,2025-03-27,M2,dia,586,32,4.7,49.7,2.62,0,0,0
IND070-001299,2025-03-27,M3,dia,778,23,6.0,5.2,4.25,0,0,0
IND070-001300,2025-03-28,M4,dia,750,33,5.2,7.1,4.6,0,1,1449.96
IND070-001301,2025-03-28,M5,dia,120,5,4.4,29.5,3.78,0,0,0
IND070-001302,2025-03-28,M6,dia,161,13,3.8,2.9,5.38,1,0,0
IND070-001303,2025-03-29,M1,noche,161,1,5.1,1.8,2.09,0,0,0
IND070-001304,2025-03-29,M2,noche,85,3,6.7,28.6,1.54,0,0,0
IND070-001305,2025-03-29,M3,noche,148,3,5.2,5.7,2.81,0,0,0
IND070-001306,2025-03-30,M4,noche,97,2,7.4,7.6,4.63,1,1,2014.15
IND070-001307,2025-03-30,M5,noche,746,26,4.4,43.0,4.87,0,0,0
IND070-001308,2025-03-30,M6,noche,627,35,5.8,18.1,2.0,1,0,0
IND070-001309,2025-03-31,M1,dia,163,4,7.5,6.1,2.38,0,0,0
IND070-001310,2025-03-31,M2,dia,776,24,3.3,8.1,2.4,1,0,0
IND070-001311,2025-04-01,M3,dia,601,18,6.0,31.4,2.48,0,0,0
IND070-001312,2025-04-01,M4,dia,706,27,3.1,27.2,4.01,0,0,0
IND070-001313,2025-04-01,M5,dia,116,7,5.1,23.7,3.77,0,0,0
IND070-001314,2025-04-02,M6,dia,648,22,6.4,13.2,3.71,0,0,0
IND070-001315,2025-04-02,M1,noche,143,1,4.6,9.8,1.11,0,0,0
IND070-001316,2025-04-02,M2,noche,649,22,4.5,1.5,2.06,0,0,0
IND070-001317,2025-04-03,M3,noche,372,10,4.4,1.8,3.21,0,0,0
IND070-001318,2025-04-03,M4,noche,765,30,6.8,0.1,3.63,0,0,0
IND070-001319,2025-04-03,M5,noche,95,3,3.2,1.6,3.59,1,0,0
IND070-001320,2025-04-04,M6,noche,648,28,4.1,36.3,4.1,0,0,0
IND070-001321,2025-04-04,M1,dia,658,17,6.8,24.1,1.97,0,0,0
IND070-001322,2025-04-04,M2,dia,620,17,7.9,9.7,3.47,0,0,0
IND070-001323,2025-04-05,M3,dia,349,10,4.5,23.7,3.58,0,0,0
IND070-001324,2025-04-05,M4,dia,147,9,4.2,28.7,2.96,0,0,0
IND070-001325,2025-04-05,M5,dia,784,36,5.5,16.7,4.33,0,0,0
IND070-001326,2025-04-06,M6,dia,527,30,4.0,63.0,3.47,0,0,0
IND070-001327,2025-04-06,M1,noche,463,9,6.9,0.2,1.18,1,0,0
IND070-001328,2025-04-06,M2,noche,635,15,3.2,17.7,2.64,0,0,0
IND070-001329,2025-04-07,M3,noche,673,20,4.0,2.7,,0,0,0
IND070-001330,2025-04-07,M4,noche,571,29,3.8,3.2,1.88,0,0,0
IND070-001331,2025-04-07,M5,noche,268,4,5.2,21.5,2.91,0,0,0
IND070-001332,2025-04-08,M6,noche,413,18,3.6,0.4,2.25,0,0,0
IND070-001333,2025-04-08,M1,dia,751,12,3.9,16.6,2.31,0,0,0
IND070-001334,2025-04-09,M2,dia,226,10,7.7,6.0,3.22,0,0,0
IND070-001335,2025-04-09,M3,dia,398,7,5.3,4.3,2.68,0,0,0
IND070-001336,2025-04-09,M4,dia,743,39,3.7,4.1,2.12,1,0,0
IND070-001337,2025-04-10,M5,dia,186,7,5.3,15.8,4.58,1,0,0
IND070-001338,2025-04-10,M6,dia,362,18,3.2,18.0,3.21,0,0,0
IND070-001339,2025-04-10,M1,noche,689,13,4.7,3.5,2.93,0,0,0
IND070-001340,2025-04-11,M2,noche,85,5,7.3,9.7,2.08,1,0,0
IND070-001341,2025-04-11,M3,noche,679,21,6.0,9.5,4.32,1,0,0
IND070-001342,2025-04-11,M4,noche,454,22,5.3,28.0,3.36,0,0,0
IND070-001343,2025-04-12,M5,noche,592,15,6.2,58.6,3.99,0,0,0
IND070-001344,2025-04-12,M6,noche,312,16,7.7,18.5,2.32,0,0,0
IND070-001345,2025-04-12,M1,dia,778,19,3.2,13.6,3.05,0,0,0
IND070-001346,2025-04-13,M2,dia,438,32,5.0,4.8,1.84,0,0,0
IND070-001347,2025-04-13,M3,dia,468,19,3.1,20.8,3.8,0,0,0
IND070-001348,2025-04-13,M4,dia,756,28,3.0,1.6,2.7,0,0,0
IND070-001349,2025-04-14,M5,dia,337,9,5.1,11.8,3.03,1,0,0
IND070-001350,2025-04-14,M6,dia,567,20,5.0,15.8,2.1,0,0,0
IND070-001351,2025-04-14,M1,noche,176,5,7.8,2.2,1.56,0,0,0
IND070-001352,2025-04-15,M2,noche,412,18,6.2,4.7,2.6,0,0,0
IND070-001353,2025-04-15,M3,noche,546,12,6.4,8.2,3.42,0,0,0
IND070-001354,2025-04-15,M4,noche,703,26,6.9,19.8,2.19,0,0,0
IND070-001355,2025-04-16,M5,noche,550,14,3.0,1.7,2.73,0,0,0
IND070-001356,2025-04-16,M6,noche,552,27,6.8,18.2,5.59,0,0,0
IND070-001357,2025-04-17,M1,dia,718,20,4.5,27.0,1.4,0,0,0
IND070-001358,2025-04-17,M2,dia,259,12,4.0,6.5,2.49,1,0,0
IND070-001359,2025-04-17,M3, DIA ,363,8,6.8,9.5,2.74,0,0,0
IND070-001360,2025-04-18,M4,dia,468,14,3.9,92.4,2.79,0,0,0
IND070-001361,2025-04-18,M5,dia,118,5,7.6,3.1,4.57,1,0,0
IND070-001362,2025-04-18,M6,dia,721,26,4.4,12.1,1.75,0,0,0
IND070-001363,2025-04-19,M1,noche,320,9,3.1,14.1,1.92,0,0,0
IND070-001364,2025-04-19,M2,noche,386,9,5.3,6.8,5.2,0,0,0
IND070-001365,2025-04-19,M3,noche,479,25,6.9,16.7,3.74,0,0,0
IND070-001366,2025-04-20,M4,noche,119,5,7.3,9.9,3.4,0,0,0
IND070-001367,2025-04-20,M5,noche,183,5,4.5,52.1,2.86,0,0,0
IND070-001368,2025-04-20,M6,noche,751,33,5.0,0.0,2.42,0,0,0
IND070-001369,2025-04-21,M1,dia,703,15,7.7,81.4,2.51,0,0,0
IND070-001370,2025-04-21,M2,dia,403,16,5.3,27.7,3.84,0,0,0
IND070-001371,2025-04-21,M3,dia,226,10,6.7,0.4,2.61,1,0,0
IND070-001372,2025-04-22,M4,dia,266,13,3.0,63.4,3.65,0,0,0
IND070-001373,2025-04-22,M5,dia,501,15,4.5,33.0,4.39,1,0,0
IND070-001374,2025-04-22,M6,dia,738,29,3.5,5.6,4.67,0,0,0
IND070-001375,2025-04-23,M1,noche,662,12,3.3,1.6,1.18,0,0,0
IND070-001376,2025-04-23,M2,noche,743,20,5.7,63.4,1.37,1,0,0
IND070-001377,2025-04-23,M3,noche,538,13,4.1,23.9,2.56,0,0,0
IND070-001378,2025-04-24,M4,noche,704,22,7.2,28.1,3.17,0,0,0
IND070-001379,2025-04-24,M5,noche,358,19,5.3,0.6,4.29,0,0,0
IND070-001380,2025-04-25,M6,noche,628,33,6.8,11.5,3.53,0,0,0
IND070-001381,2025-04-25,M1,dia,632,20,6.9,10.2,1.71,1,0,0
IND070-001382,2025-04-25,M2,dia,190,6,6.2,3.3,2.96,0,0,0
IND070-001383,2025-04-26,M3,dia,141,4,5.8,12.8,3.29,0,0,0
IND070-001384,2025-04-26,M4,dia,558,19,7.7,31.5,1.97,0,0,0
IND070-001385,2025-04-26,M5,dia,176,9,5.0,23.0,2.02,0,0,0
IND070-001386,2025-04-27,M6,dia,635,25,7.9,44.7,4.31,1,0,0
IND070-001387,2025-04-27,M1,noche,606,14,6.4,3.9,1.11,0,0,0
IND070-001388,2025-04-27,M2,noche,635,19,3.2,5.8,2.08,0,0,0
IND070-001389,2025-04-28,M3,noche,267,12,7.8,7.6,3.19,0,0,0
IND070-001390,2025-04-28,M4,noche,215,7,5.9,4.4,2.67,0,0,0
IND070-001391,2025-04-28,M5,noche,516,17,5.6,3.2,4.55,0,0,0
IND070-001392,2025-04-29,M6,noche,200,9,7.3,25.3,4.41,0,0,0
IND070-001393,2025-04-29,M1,dia,330,12,7.9,17.8,1.89,0,0,0
IND070-001394,2025-04-29,M2,dia,580,17,6.4,14.4,0.62,0,0,0
IND070-001395,2025-04-30,M3,dia,381,15,6.1,2.3,4.75,1,0,0
IND070-001396,2025-04-30,M4,dia,637,21,5.8,6.9,3.02,0,0,0
IND070-001397,2025-04-30,M5,dia,686,29,6.9,161.4,2.87,0,0,0
IND070-001398,2025-05-01,M6,dia,554,23,4.8,3.8,3.26,0,0,0
IND070-001399,2025-05-01,M1,noche,436,5,4.5,31.4,3.02,1,0,0
IND070-001400,2025-05-01,M2,noche,401,23,6.8,72.3,2.5,0,0,0
IND070-001401,2025-05-02,M3,noche,404,12,7.2,30.2,0.94,0,0,0
IND070-001402,2025-05-02,M4,noche,111,6,3.4,64.8,3.04,1,0,0
IND070-001403,2025-05-03,M5,noche,261,9,4.3,11.9,5.19,0,0,0
IND070-001404,2025-05-03,M6,noche,313,13,5.6,5.9,3.98,0,0,0
IND070-001405,2025-05-03,M1,dia,636,11,5.2,36.6,1.65,0,0,0
IND070-001406,2025-05-04,M2,dia,794,31,3.2,18.2,4.26,0,0,0
IND070-001407,2025-05-04,M3,dia,669,16,5.5,1.0,3.69,0,0,0
IND070-001408,2025-05-04,M4,dia,603,20,5.6,17.2,3.78,0,0,0
IND070-001409,2025-05-05,M5,dia,337,13,5.6,42.1,3.4,1,0,0
IND070-001410,2025-05-05,M6,dia,753,33,4.6,0.2,4.77,0,0,0
IND070-001411,2025-05-05,M1,noche,485,11,6.4,13.9,2.17,0,0,0
IND070-001412,2025-05-06,M2,noche,357,12,5.9,1.3,,1,1,2524.76
IND070-001413,2025-05-06,M3,noche,237,6,3.1,15.1,2.45,1,0,0
IND070-001414,2025-05-06,M4,noche,251,7,4.0,61.9,3.94,0,0,0
IND070-001415,2025-05-07,M5,noche,576,26,7.4,4.6,2.51,0,0,0
IND070-001416,2025-05-07,M6,noche,763,43,5.2,7.3,3.45,0,0,0
IND070-001417,2025-05-07,M1,dia,633,20,7.9,6.1,3.88,0,0,0
IND070-001418,2025-05-08,M2,dia,752,24,7.4,13.7,4.29,0,1,1336.46
IND070-001419,2025-05-08,M3,dia,235,7,3.1,13.4,3.18,1,0,0
IND070-001420,2025-05-08,M4,dia,249,8,6.3,81.2,2.45,0,0,0
IND070-001421,2025-05-09,M5,dia,415,7,7.2,5.6,4.34,1,0,0
IND070-001422,2025-05-09,M6,dia,755,37,6.8,28.1,3.58,0,0,0
IND070-001423,2025-05-09,M1,noche,431,13,8.0,0.3,2.05,0,0,0
IND070-001424,2025-05-10,M2,noche,640,20,8.0,26.8,2.37,1,1,2745.46
IND070-001425,2025-05-10,M3,noche,439,8,4.5,1.4,2.25,0,0,0
IND070-001426,2025-05-11,M4,noche,175,4,3.6,22.0,3.54,1,0,0
IND070-001427,2025-05-11,M5,noche,495,16,4.6,15.3,3.14,1,0,0
IND070-001428,2025-05-11,M6,noche,408,23,7.9,1.5,5.28,0,0,0
IND070-001429,2025-05-12,M1,dia,303,5,5.0,11.9,0.17,0,0,0
IND070-001430,2025-05-12,M2,dia,369,14,4.8,53.4,4.44,0,1,2988.4
IND070-001431,2025-05-12,M3,dia,312,8,5.1,39.2,4.2,0,0,0
IND070-001432,2025-05-13,M4,dia,109,2,3.3,6.9,4.76,0,0,0
IND070-001433,2025-05-13,M5,dia,779,26,3.5,19.8,3.85,0,0,0
IND070-001434,2025-05-13,M6,dia,369,15,5.5,14.2,5.31,0,1,369.49
IND070-001435,2025-05-14,M1,noche,346,8,7.6,9.8,0.47,0,0,0
IND070-001436,2025-05-14,M2,noche,91,5,7.1,4.5,3.82,0,1,2072.3
IND070-001437,2025-05-14,M3,noche,779,21,5.7,0.3,3.39,0,0,0
IND070-001438,2025-05-15,M4,noche,638,30,3.7,18.5,2.46,0,0,0
IND070-001439,2025-05-15,M5,noche,704,24,6.0,3.7,3.12,0,0,0
IND070-001440,2025-05-15,M6,noche,598,27,7.1,7.9,5.69,0,1,2386.5
IND070-001441,2025-05-16,M1,dia,93,1,6.1,45.6,3.95,0,0,0
IND070-001442,2025-05-16,M2,dia,658,18,7.9,60.1,4.02,0,1,1494.67
IND070-001443,2025-05-16,M3,dia,577,19,5.0,7.6,2.36,0,0,0
IND070-001444,2025-05-17,M4,dia,334,20,5.0,2.6,1.49,0,0,0
IND070-001445,2025-05-17,M5,dia,334,12,5.1,6.2,3.36,0,0,0
IND070-001446,2025-05-17,M6,dia,496,20,7.6,14.3,7.48,0,1,2001.73
IND070-001447,2025-05-18,M1,noche,456,10,3.9,1.1,1.57,0,0,0
IND070-001448,2025-05-18,M2,noche,606,17,6.2,12.1,1.98,0,0,0
IND070-001449,2025-05-19,M3,noche,239,6,3.1,3.7,3.73,1,0,0
IND070-001450,2025-05-19,M4,noche,407,22,5.1,44.4,4.42,0,1,2468.76
IND070-001451,2025-05-19,M5,noche,284,8,7.3,20.8,4.4,0,0,0
IND070-001452,2025-05-20,M6,noche,266,10,4.1,19.8,4.85,0,0,0
IND070-001453,2025-05-20,M1,dia,790,12,5.1,23.8,1.72,0,0,0
IND070-001454,2025-05-20,M2,dia,786,39,3.4,3.3,3.82,0,0,0
IND070-001455,2025-05-21,M3,dia,255,7,4.7,2.5,2.49,0,0,0
IND070-001456,2025-05-21,M4, DIA ,460,24,5.3,18.2,3.83,0,1,1733.5
IND070-001457,2025-05-21,M5,dia,523,18,4.1,2.8,2.92,0,0,0
IND070-001458,2025-05-22,M6,dia,116,4,7.8,33.4,4.9,1,0,0
IND070-001459,2025-05-22,M1,noche,101,0,4.2,24.9,3.29,0,0,0
IND070-001460,2025-05-22,M2,noche,175,7,6.3,1.3,3.23,0,0,0
IND070-001461,2025-05-23,M3,noche,424,11,6.7,1.8,1.79,0,0,0
IND070-001462,2025-05-23,M4,noche,484,14,5.2,10.1,4.35,1,1,962.02
IND070-001463,2025-05-23,M5,noche,113,1,3.7,2.1,1.43,0,0,0
IND070-001464,2025-05-24,M6,noche,520,26,5.3,0.8,3.44,0,0,0
IND070-001465,2025-05-24,M1,dia,106,1,6.8,33.4,2.74,0,1,2833.25
IND070-001466,2025-05-24,M2,dia,455,12,6.1,47.3,1.53,0,0,0
IND070-001467,2025-05-25,M3,dia,620,18,4.4,8.7,2.72,0,0,0
IND070-001468,2025-05-25,M4,dia,572,17,5.6,7.6,3.79,0,0,0
IND070-001469,2025-05-26,M5,dia,460,18,3.9,26.3,5.92,0,0,0
IND070-001470,2025-05-26,M6,dia,556,19,3.3,24.9,3.9,0,0,0
IND070-001471,2025-05-26,M1,noche,320,8,7.7,2.7,3.73,0,1,1774.77
IND070-001472,2025-05-27,M2,noche,470,13,6.8,18.2,2.27,0,0,0
IND070-001473,2025-05-27,M3,noche,756,17,3.9,56.7,2.63,1,0,0
IND070-001474,2025-05-27,M4,noche,432,18,4.5,85.7,1.5,0,0,0
IND070-001475,2025-05-28,M5,noche,666,26,4.6,37.3,3.93,0,0,0
IND070-001476,2025-05-28,M6,noche,113,5,6.9,7.6,5.91,0,1,2662.81
IND070-001477,2025-05-28,M1,dia,746,24,3.8,28.0,0.54,1,1,733.99
IND070-001478,2025-05-29,M2,dia,750,29,7.5,99.7,"2,05",0,0,0
IND070-001479,2025-05-29,M3,dia,257,2,7.4,11.5,3.36,0,0,0
IND070-001480,2025-05-29,M4,dia,250,11,6.9,19.8,4.14,1,0,0
IND070-001481,2025-05-30,M5,dia,221,7,5.7,3.0,3.89,1,0,0
IND070-001482,2025-05-30,M6,dia,316,11,5.2,34.5,5.97,0,1,1658.26
IND070-001483,2025-05-30,M1,noche,326,10,6.0,1.1,1.3,0,1,1265.25
IND070-001484,2025-05-31,M2,noche,363,12,5.0,32.4,0.84,1,0,0
IND070-001485,2025-05-31,M3,noche,134,3,7.9,34.9,1.95,0,0,0
IND070-001486,2025-05-31,M4,noche,399,10,3.5,31.6,4.67,1,0,0
IND070-001487,2025-06-01,M5,noche,585,11,4.1,2.4,3.25,0,0,0
IND070-001488,2025-06-01,M6,noche,433,20,3.7,1.0,4.65,0,1,511.45
IND070-001489,2025-06-01,M1,dia,407,5,7.2,4.9,1.96,0,0,0
IND070-001490,2025-06-02,M2,dia,280,7,4.3,9.1,4.04,0,0,0
IND070-001491,2025-06-02,M3,dia,572,16,3.9,8.8,3.2,0,0,0
IND070-001492,2025-06-03,M4,dia,621,24,6.3,11.6,4.72,0,1,1548.72
IND070-001493,2025-06-03,M5,dia,524,22,6.5,5.7,3.79,0,0,0
IND070-001494,2025-06-03,M6,dia,278,10,4.3,6.6,6.07,0,1,1856.73
IND070-001495,2025-06-04,M1,noche,87,3,5.6,35.4,,0,0,0
IND070-001496,2025-06-04,M2,noche,121,1,6.5,25.3,1.97,0,0,0
IND070-001497,2025-06-04,M3,noche,162,4,7.8,1.7,2.14,1,0,0
IND070-001498,2025-06-05,M4,noche,726,26,7.1,22.3,4.02,1,1,2667.39
IND070-001499,2025-06-05,M5,noche,86,5,3.9,19.0,2.59,0,0,0
IND070-001500,2025-06-05,M6,noche,379,19,6.8,6.7,3.59,1,1,335.57
IND070-001501,2025-06-06,M1,dia,632,25,5.9,3.6,2.91,0,0,0
IND070-001502,2025-06-06,M2,dia,587,17,6.9,15.6,2.9,0,0,0
IND070-001503,2025-06-06,M3,dia,384,11,3.2,12.3,2.24,0,0,0
IND070-001504,2025-06-07,M4,dia,356,13,4.4,4.8,5.16,0,1,417.9
IND070-001505,2025-06-07,M5,dia,721,22,3.6,14.6,4.05,1,0,0
IND070-001506,2025-06-07,M6,dia,183,6,6.9,2.0,5.19,0,1,2085.95
IND070-001507,2025-06-08,M1,noche,521,16,3.3,4.2,2.92,0,0,0
IND070-001508,2025-06-08,M2,noche,380,12,7.2,7.3,3.1,0,0,0
IND070-001509,2025-06-08,M3,noche,744,18,3.4,20.6,4.46,0,0,0
IND070-001510,2025-06-09,M4,noche,117,4,4.4,1.6,2.61,1,0,0
IND070-001511,2025-06-09,M5,noche,698,15,7.8,7.9,4.06,0,0,0
IND070-001512,2025-06-09,M6,noche,203,13,4.5,22.5,4.9,0,1,1585.83
IND070-001513,2025-06-10,M1,dia,781,18,6.8,5.4,2.58,0,0,0
IND070-001514,2025-06-10,M2,dia,206,10,7.2,21.7,1.1,0,0,0
IND070-001515,2025-06-11,M3,dia,348,7,4.8,15.3,1.62,1,0,0
IND070-001516,2025-06-11,M4,dia,149,4,5.2,6.9,3.79,1,0,0
IND070-001517,2025-06-11,M5,dia,601,23,3.2,22.0,4.44,0,0,0
IND070-001518,2025-06-12,M6,dia,88,8,6.4,14.3,3.48,0,0,0
IND070-001519,2025-06-12,M1,noche,487,12,4.2,6.1,2.52,0,0,0
IND070-001520,2025-06-12,M2,noche,758,27,7.5,0.2,2.53,0,0,0
IND070-001521,2025-06-13,M3,noche,90,3,5.5,12.1,3.41,1,0,0
IND070-001522,2025-06-13,M4,noche,100,2,7.7,2.2,3.29,0,0,0
IND070-001523,2025-06-13,M5,noche,210,11,7.8,16.8,2.88,0,0,0
IND070-001524,2025-06-14,M6,noche,479,18,6.0,19.1,2.83,0,0,0
IND070-001525,2025-06-14,M1,dia,754,13,4.4,14.4,2.57,0,0,0
IND070-001526,2025-06-14,M2,dia,151,8,3.4,13.0,2.48,0,0,0
IND070-001527,2025-06-15,M3,dia,511,21,5.2,5.2,2.72,1,0,0
IND070-001528,2025-06-15,M4,dia,371,9,4.3,2.9,3.11,0,0,0
IND070-001529,2025-06-15,M5,dia,620,15,6.1,74.9,4.2,0,0,0
IND070-001530,2025-06-16,M6,dia,581,25,3.8,22.4,6.25,0,0,0
IND070-001531,2025-06-16,M1,noche,650,13,7.5,8.5,1.52,0,0,0
IND070-001532,2025-06-16,M2,noche,203,6,6.9,44.4,4.82,0,0,0
IND070-001533,2025-06-17,M3,noche,533,17,7.8,8.6,2.21,1,0,0
IND070-001534,2025-06-17,M4,noche,260,12,7.8,10.6,3.25,1,0,0
IND070-001535,2025-06-17,M5,noche,460,18,4.5,33.1,3.92,0,0,0
IND070-001536,2025-06-18,M6,noche,565,23,6.3,12.1,3.61,1,0,0
IND070-001537,2025-06-18,M1,dia,663,11,5.0,16.5,1.78,1,0,0
IND070-001538,2025-06-19,M2,dia,622,19,4.2,7.1,3.01,0,0,0
IND070-001539,2025-06-19,M3,dia,175,7,3.3,8.9,3.65,0,0,0
IND070-001540,2025-06-19,M4,dia,704,26,7.8,0.5,3.46,0,0,0
IND070-001541,2025-06-20,M5,dia,340,7,4.9,23.2,4.03,0,0,0
IND070-001542,2025-06-20,M6,dia,471,25,6.9,8.2,4.36,0,0,0
IND070-001543,2025-06-20,M1,noche,562,14,6.9,56.2,4.08,0,0,0
IND070-001544,2025-06-21,M2,noche,141,4,5.1,33.2,1.9,0,0,0
IND070-001545,2025-06-21,M3,noche,712,20,7.7,27.2,1.4,1,0,0
IND070-001546,2025-06-21,M4,noche,542,33,4.8,9.1,2.56,1,0,0
IND070-001547,2025-06-22,M5,noche,356,12,5.7,89.0,3.57,0,0,0
IND070-001548,2025-06-22,M6,noche,657,26,6.1,5.9,2.26,1,0,0
IND070-001549,2025-06-22,M1,dia,124,2,3.2,3.2,2.73,0,0,0
IND070-001550,2025-06-23,M2,dia,402,24,3.0,2.9,1.97,0,0,0
IND070-001551,2025-06-23,M3,dia,780,26,7.5,15.9,3.81,0,0,0
IND070-001552,2025-06-23,M4,dia,713,29,7.7,3.2,4.0,0,0,0
IND070-001553,2025-06-24,M5, DIA ,111,3,4.2,0.9,4.16,0,0,0
IND070-001554,2025-06-24,M6,dia,86,5,4.5,4.0,3.77,1,0,0
IND070-001555,2025-06-24,M1,noche,284,6,3.5,16.3,3.59,0,0,0
IND070-001556,2025-06-25,M2,noche,660,27,7.1,5.4,2.63,0,0,0
IND070-001557,2025-06-25,M3,noche,799,18,3.0,2.9,3.26,0,0,0
IND070-001558,2025-06-25,M4,noche,116,2,3.6,15.6,3.56,0,0,0
IND070-001559,2025-06-26,M5,noche,781,22,3.7,43.3,3.29,0,0,0
IND070-001560,2025-06-26,M6,noche,380,15,4.9,30.1,6.2,0,0,0
IND070-001561,2025-06-27,M1,dia,268,4,8.0,35.6,1.23,1,0,0
IND070-001562,2025-06-27,M2,dia,421,17,6.1,9.4,4.18,0,0,0
IND070-001563,2025-06-27,M3,dia,481,15,5.7,5.9,3.02,0,0,0
IND070-001564,2025-06-28,M4,dia,526,23,3.0,88.5,1.7,0,0,0
IND070-001565,2025-06-28,M5,dia,632,18,6.5,3.5,4.03,0,0,0
IND070-001566,2025-06-28,M6,dia,537,32,4.7,12.9,3.17,0,0,0
IND070-001567,2025-06-29,M1,noche,780,19,4.0,10.9,2.54,0,0,0
IND070-001568,2025-06-29,M2,noche,720,22,3.8,0.6,3.6,0,0,0
IND070-001569,2025-06-29,M3,noche,707,27,3.5,16.9,3.15,0,0,0
IND070-001570,2025-06-30,M4,noche,665,21,3.1,0.6,4.06,0,0,0
IND070-001571,2025-06-30,M5,noche,577,15,3.5,4.9,5.2,1,0,0
IND070-001572,2025-06-30,M6,noche,185,7,3.2,9.1,2.87,0,0,0
IND070-001573,2025-07-01,M1,dia,295,6,5.2,23.4,1.69,0,0,0
IND070-001574,2025-07-01,M2,dia,583,24,7.2,59.9,3.36,0,0,0
IND070-001575,2025-07-01,M3,dia,302,15,7.0,10.7,3.27,0,0,0
IND070-001576,2025-07-02,M4,dia,499,24,5.0,22.8,1.74,0,0,0
IND070-001577,2025-07-02,M5,dia,394,19,3.5,3.6,3.25,0,0,0
IND070-001578,2025-07-02,M6,dia,347,15,3.0,26.7,,1,0,0
IND070-001579,2025-07-03,M1,noche,709,13,6.2,26.4,0.74,0,0,0
IND070-001580,2025-07-03,M2,noche,770,22,5.0,0.1,4.13,1,0,0
IND070-001581,2025-07-03,M3,noche,108,5,6.1,40.4,2.98,1,0,0
IND070-001582,2025-07-04,M4,noche,262,15,4.1,11.8,4.14,1,0,0
IND070-001583,2025-07-04,M5,noche,411,14,4.4,5.6,2.84,0,0,0
IND070-001584,2025-07-05,M6,noche,709,26,5.9,12.2,3.03,0,0,0
IND070-001585,2025-07-05,M1,dia,539,12,5.4,6.8,4.16,1,0,0
IND070-001586,2025-07-05,M2,dia,250,5,7.8,57.7,1.86,0,0,0
IND070-001587,2025-07-06,M3,dia,589,14,7.0,41.4,5.1,0,0,0
IND070-001588,2025-07-06,M4,dia,211,5,4.8,0.3,3.64,0,0,0
IND070-001589,2025-07-06,M5,dia,235,5,3.5,8.0,2.43,0,0,0
IND070-001590,2025-07-07,M6,dia,379,12,7.6,5.7,3.88,0,0,0
IND070-001591,2025-07-07,M1,noche,686,17,7.2,17.7,1.09,1,0,0
IND070-001592,2025-07-07,M2,noche,203,5,3.5,2.7,2.03,0,0,0
IND070-001593,2025-07-08,M3,noche,225,4,3.3,64.3,3.12,0,0,0
IND070-001594,2025-07-08,M4,noche,545,28,4.3,5.2,3.64,0,0,0
IND070-001595,2025-07-08,M5,noche,706,23,4.5,16.7,3.57,1,0,0
IND070-001596,2025-07-09,M6,noche,544,27,4.7,30.7,3.3,0,0,0
IND070-001597,2025-07-09,M1,dia,401,7,3.2,3.7,1.57,0,0,0
IND070-001598,2025-07-09,M2,dia,646,18,7.1,2.2,3.64,0,0,0
IND070-001599,2025-07-10,M3,dia,576,19,7.3,10.7,3.11,0,0,0
IND070-001600,2025-07-10,M4,dia,511,17,5.3,1.3,3.03,1,0,0
IND070-001601,2025-07-10,M5,dia,435,13,6.4,25.6,3.02,0,0,0
IND070-001602,2025-07-11,M6,dia,574,25,3.8,18.2,3.07,1,0,0
IND070-001603,2025-07-11,M1,noche,153,6,4.0,22.8,3.1,0,0,0
IND070-001604,2025-07-11,M2,noche,559,17,3.7,15.0,1.92,0,0,0
IND070-001605,2025-07-12,M3,noche,234,13,7.3,9.2,2.74,0,0,0
IND070-001606,2025-07-12,M4,noche,144,8,6.4,28.4,2.54,0,0,0
IND070-001607,2025-07-13,M5,noche,226,3,4.1,22.9,4.56,0,0,0
IND070-001608,2025-07-13,M6,noche,596,31,6.3,12.0,2.92,0,0,0
IND070-001609,2025-07-13,M1,dia,195,8,4.6,4.0,2.05,0,0,0
IND070-001610,2025-07-14,M2,dia,439,12,3.3,1.6,5.5,0,0,0
IND070-001611,2025-07-14,M3,dia,270,10,5.4,39.2,3.5,0,0,0
IND070-001612,2025-07-14,M4,dia,780,26,7.1,10.4,1.78,0,0,0
IND070-001613,2025-07-15,M5,dia,549,20,8.0,17.2,4.04,0,0,0
IND070-001614,2025-07-15,M6,dia,774,41,6.8,15.9,3.63,0,0,0
IND070-001615,2025-07-15,M1,noche,636,18,3.2,10.9,3.1,0,0,0
IND070-001616,2025-07-16,M2,noche,457,18,3.3,59.6,2.89,0,0,0
IND070-001617,2025-07-16,M3,noche,700,12,5.6,0.7,3.3,1,0,0
IND070-001618,2025-07-16,M4,noche,550,24,3.2,58.7,1.95,1,0,0
IND070-001619,2025-07-17,M5,noche,173,8,6.6,7.6,2.71,0,0,0
IND070-001620,2025-07-17,M6,noche,106,10,7.7,14.2,3.53,0,0,0
IND070-001621,2025-07-17,M1,dia,333,6,3.4,18.2,4.16,1,0,0
IND070-001622,2025-07-18,M2,dia,418,12,7.0,1.4,2.53,0,0,0
IND070-001623,2025-07-18,M3,dia,607,14,3.9,8.2,3.24,0,0,0
IND070-001624,2025-07-18,M4,dia,493,30,4.1,24.7,4.48,0,0,0
IND070-001625,2025-07-19,M5,dia,425,12,7.6,2.4,4.02,0,0,0
IND070-001626,2025-07-19,M6,dia,258,11,4.0,1.3,3.27,0,0,0
IND070-001627,2025-07-20,M1,noche,190,8,3.8,0.7,0.76,0,0,0
IND070-001628,2025-07-20,M2,noche,664,23,4.1,16.4,3.4,1,0,0
IND070-001629,2025-07-20,M3,noche,637,17,5.7,46.6,3.38,0,0,0
IND070-001630,2025-07-21,M4,noche,721,32,7.3,52.9,3.08,0,0,0
IND070-001631,2025-07-21,M5,noche,601,16,4.6,28.5,4.88,0,0,0
IND070-001632,2025-07-21,M6,noche,592,23,6.9,23.8,3.04,0,0,0
IND070-001633,2025-07-22,M1,dia,521,7,5.3,9.1,2.61,0,0,0
IND070-001634,2025-07-22,M2,dia,347,12,4.9,4.5,3.6,1,0,0
IND070-001635,2025-07-22,M3,dia,606,10,6.4,4.8,4.52,0,0,0
IND070-001636,2025-07-23,M4,dia,116,2,8.0,16.2,3.56,1,0,0
IND070-001637,2025-07-23,M5,dia,201,7,5.7,9.8,4.54,0,0,0
IND070-001638,2025-07-23,M6,dia,322,16,5.1,67.9,4.39,0,0,0
IND070-001639,2025-07-24,M1,noche,202,2,4.4,22.8,3.75,0,0,0
IND070-001640,2025-07-24,M2,noche,547,23,4.6,10.6,0.7,1,0,0
IND070-001641,2025-07-24,M3,noche,355,10,5.9,11.3,3.7,0,0,0
IND070-001642,2025-07-25,M4,noche,660,22,6.1,12.3,1.08,0,0,0
IND070-001643,2025-07-25,M5,noche,497,15,6.5,14.5,3.05,1,0,0
IND070-001644,2025-07-25,M6,noche,363,13,4.6,6.7,3.9,0,0,0
IND070-001645,2025-07-26,M1,dia,723,22,6.1,20.1,1.04,0,0,0
IND070-001646,2025-07-26,M2,dia,396,14,6.6,5.6,1.65,0,0,0
IND070-001647,2025-07-26,M3,dia,669,17,6.4,3.9,4.1,0,0,0
IND070-001648,2025-07-27,M4,dia,761,32,6.2,4.9,3.57,0,0,0
IND070-001649,2025-07-27,M5,dia,214,3,5.9,7.0,2.21,1,1,2542.24
IND070-001650,2025-07-28,M6, DIA ,722,37,5.3,7.8,5.38,0,0,0
IND070-001651,2025-07-28,M1,noche,576,10,6.2,37.0,4.05,0,0,0
IND070-001652,2025-07-28,M2,noche,424,9,6.8,5.5,4.9,1,1,1023.45
IND070-001653,2025-07-29,M3,noche,672,27,5.1,8.7,0.93,0,0,0
IND070-001654,2025-07-29,M4,noche,730,35,6.4,5.6,2.38,0,0,0
IND070-001655,2025-07-29,M5,noche,668,16,5.5,26.6,5.0,0,1,400.47
IND070-001656,2025-07-30,M6,noche,661,26,7.1,44.4,3.35,0,0,0
IND070-001657,2025-07-30,M1,dia,739,13,5.4,23.7,2.39,1,0,0
IND070-001658,2025-07-30,M2,dia,165,4,4.1,16.8,5.22,1,1,1896.85
IND070-001659,2025-07-31,M3,dia,494,15,3.9,22.5,5.57,0,0,0
IND070-001660,2025-07-31,M4,dia,122,7,8.0,6.6,4.07,0,0,0
IND070-001661,2025-07-31,M5,dia,400,16,4.1,0.1,,0,1,1050.06
IND070-001662,2025-08-01,M6,dia,165,5,3.2,9.2,5.15,0,0,0
IND070-001663,2025-08-01,M1,noche,648,16,3.5,9.2,0.37,1,0,0
IND070-001664,2025-08-01,M2,noche,241,9,5.6,19.4,4.06,0,1,2472.74
IND070-001665,2025-08-02,M3,noche,192,3,5.3,13.0,3.23,0,0,0
IND070-001666,2025-08-02,M4,noche,175,8,7.2,12.7,4.53,1,0,0
IND070-001667,2025-08-02,M5,noche,346,12,4.3,1.7,5.91,0,1,1519.94
IND070-001668,2025-08-03,M6,noche,96,5,7.5,7.1,4.03,1,0,0
IND070-001669,2025-08-03,M1,dia,566,11,7.1,20.0,3.42,0,0,0
IND070-001670,2025-08-03,M2,dia,145,7,7.6,0.4,3.36,0,0,0
IND070-001671,2025-08-04,M3,dia,511,15,4.4,57.5,4.3,0,0,0
IND070-001672,2025-08-04,M4,dia,442,22,6.1,4.4,3.33,0,0,0
IND070-001673,2025-08-05,M5,dia,695,15,7.4,18.3,2.74,0,0,0
IND070-001674,2025-08-05,M6,dia,799,28,5.0,21.9,3.64,1,0,0
IND070-001675,2025-08-05,M1,noche,226,7,4.3,17.1,4.06,1,0,0
IND070-001676,2025-08-06,M2,noche,643,24,7.9,51.4,4.61,0,0,0
IND070-001677,2025-08-06,M3,noche,545,9,6.8,5.5,3.37,1,0,0
IND070-001678,2025-08-06,M4,noche,357,12,3.8,6.6,2.63,0,0,0
IND070-001679,2025-08-07,M5,noche,302,7,7.8,62.9,2.31,0,0,0
IND070-001680,2025-08-07,M6,noche,114,2,5.6,1.0,3.32,0,0,0
IND070-001681,2025-08-07,M1,dia,559,15,6.2,18.0,3.81,0,0,0
IND070-001682,2025-08-08,M2,dia,493,12,5.2,23.8,3.59,1,0,0
IND070-001683,2025-08-08,M3,dia,90,3,7.6,0.6,3.46,0,0,0
IND070-001684,2025-08-08,M4,dia,398,15,4.1,52.7,2.5,0,0,0
IND070-001685,2025-08-09,M5,dia,419,8,4.1,7.1,3.62,0,0,0
IND070-001686,2025-08-09,M6,dia,284,17,5.6,17.5,1.88,1,0,0
IND070-001687,2025-08-09,M1,noche,90,1,3.6,3.7,2.96,0,0,0
IND070-001688,2025-08-10,M2,noche,616,30,6.6,43.1,2.15,0,0,0
IND070-001689,2025-08-10,M3,noche,734,30,5.8,10.4,"5,02",0,0,0
IND070-001690,2025-08-10,M4,noche,798,36,7.9,9.5,1.55,1,0,0
IND070-001691,2025-08-11,M5,noche,303,9,4.3,4.6,3.86,0,0,0
IND070-001692,2025-08-11,M6,noche,770,49,4.6,1.2,3.85,1,0,0
IND070-001693,2025-08-11,M1,dia,278,6,6.3,27.0,2.89,0,0,0
IND070-001694,2025-08-12,M2,dia,602,18,3.9,54.7,2.48,1,0,0
IND070-001695,2025-08-12,M3,dia,601,13,3.0,23.3,3.46,0,0,0
IND070-001696,2025-08-13,M4,dia,418,23,3.4,9.8,1.77,0,0,0
IND070-001697,2025-08-13,M5,dia,800,24,5.8,19.3,3.99,1,0,0
IND070-001698,2025-08-13,M6,dia,423,22,6.7,4.7,5.08,0,0,0
IND070-001699,2025-08-14,M1,noche,136,4,5.0,50.5,3.91,0,0,0
IND070-001700,2025-08-14,M2,noche,613,29,4.8,49.5,4.66,0,0,0
IND070-001701,2025-08-14,M3,noche,159,8,3.6,16.4,2.89,0,0,0
IND070-001702,2025-08-15,M4,noche,746,30,3.5,19.4,2.25,1,0,0
IND070-001703,2025-08-15,M5,noche,93,3,7.7,5.4,1.87,0,0,0
IND070-001704,2025-08-15,M6,noche,147,11,3.6,4.1,3.46,0,0,0
IND070-001705,2025-08-16,M1,dia,312,5,3.2,8.3,2.46,0,0,0
IND070-001706,2025-08-16,M2,dia,535,22,3.3,81.6,2.67,0,1,1933.5
IND070-001707,2025-08-16,M3,dia,224,4,5.9,25.0,3.31,1,0,0
IND070-001708,2025-08-17,M4,dia,761,37,3.6,32.9,2.75,0,0,0
IND070-001709,2025-08-17,M5,dia,747,27,7.0,25.6,1.58,0,0,0
IND070-001710,2025-08-17,M6,dia,534,26,7.0,12.9,5.94,0,0,0
IND070-001711,2025-08-18,M1,noche,405,12,3.6,11.4,1.95,0,0,0
IND070-001712,2025-08-18,M2,noche,83,4,5.7,18.8,3.28,0,1,345.29
IND070-001713,2025-08-18,M3,noche,277,12,7.2,16.4,4.91,0,0,0
IND070-001714,2025-08-19,M4,noche,481,20,6.0,2.1,3.0,0,0,0
IND070-001715,2025-08-19,M5,noche,250,6,5.8,30.3,3.61,0,0,0
IND070-001716,2025-08-19,M6,noche,304,17,4.3,3.9,4.34,0,0,0
IND070-001717,2025-08-20,M1,dia,191,6,7.8,4.3,1.81,0,0,0
IND070-001718,2025-08-20,M2,dia,681,24,3.2,13.0,5.14,0,1,723.21
IND070-001719,2025-08-21,M3,dia,188,6,5.4,20.5,3.24,1,0,0
IND070-001720,2025-08-21,M4,dia,773,35,3.8,14.7,1.48,1,0,0
IND070-001721,2025-08-21,M5,dia,227,8,6.9,3.6,3.82,0,0,0
IND070-001722,2025-08-22,M6,dia,737,42,3.0,16.3,1.24,0,0,0
IND070-001723,2025-08-22,M1,noche,729,21,7.3,11.0,1.51,0,0,0
IND070-001724,2025-08-22,M2,noche,800,40,5.5,4.0,4.68,1,1,2297.41
IND070-001725,2025-08-23,M3,noche,535,15,7.8,24.9,2.37,1,0,0
IND070-001726,2025-08-23,M4,noche,560,19,4.7,26.8,4.26,1,0,0
IND070-001727,2025-08-23,M5,noche,602,23,3.8,8.4,3.7,0,0,0
IND070-001728,2025-08-24,M6,noche,186,9,5.1,63.4,3.43,0,0,0
IND070-001729,2025-08-24,M1,dia,99,0,5.3,0.2,1.77,0,0,0
IND070-001730,2025-08-24,M2,dia,363,16,3.1,16.5,2.67,0,0,0
IND070-001731,2025-08-25,M3,dia,399,11,6.3,10.4,1.73,0,0,0
IND070-001732,2025-08-25,M4,dia,452,18,5.3,1.0,4.91,0,0,0
IND070-001733,2025-08-25,M5,dia,241,5,3.7,3.6,1.29,1,0,0
IND070-001734,2025-08-26,M6,dia,772,30,4.1,2.6,3.97,0,0,0
IND070-001735,2025-08-26,M1,noche,486,14,4.7,1.6,3.21,1,0,0
IND070-001736,2025-08-26,M2,noche,99,3,5.5,7.9,2.19,1,0,0
IND070-001737,2025-08-27,M3,noche,343,10,4.2,49.7,3.27,0,0,0
IND070-001738,2025-08-27,M4,noche,154,7,6.7,29.3,4.04,0,0,0
IND070-001739,2025-08-27,M5,noche,316,6,4.3,28.1,1.16,1,0,0
IND070-001740,2025-08-28,M6,noche,603,24,7.4,5.0,3.06,0,0,0
IND070-001741,2025-08-28,M1,dia,381,8,4.8,85.7,2.59,0,0,0
IND070-001742,2025-08-29,M2,dia,417,15,4.4,0.1,2.4,1,0,0
IND070-001743,2025-08-29,M3,dia,574,11,3.9,23.3,2.6,1,0,0
IND070-001744,2025-08-29,M4,dia,494,19,4.1,23.5,,0,0,0
IND070-001745,2025-08-30,M5,dia,226,5,7.4,14.4,4.16,0,0,0
IND070-001746,2025-08-30,M6,dia,615,26,7.3,22.7,2.66,0,0,0
IND070-001747,2025-08-30,M1, NOCHE ,453,13,3.2,11.6,1.91,0,0,0
IND070-001748,2025-08-31,M2,noche,672,17,5.9,16.6,3.23,0,0,0
IND070-001749,2025-08-31,M3,noche,232,9,5.2,3.3,1.93,0,0,0
IND070-001750,2025-08-31,M4,noche,757,39,7.3,14.2,3.85,0,0,0
IND070-001751,2025-09-01,M5,noche,169,2,6.1,10.5,3.48,0,0,0
IND070-001752,2025-09-01,M6,noche,177,5,7.8,4.9,3.45,0,0,0
IND070-001753,2025-09-01,M1,dia,229,8,3.0,29.3,2.41,1,0,0
IND070-001754,2025-09-02,M2,dia,453,10,5.4,78.7,2.57,0,0,0
IND070-001755,2025-09-02,M3,dia,122,7,7.7,18.6,3.2,1,0,0
IND070-001756,2025-09-02,M4,dia,735,28,7.4,14.6,3.31,0,0,0
IND070-001757,2025-09-03,M5,dia,589,18,4.2,33.3,4.95,0,0,0
IND070-001758,2025-09-03,M6,dia,469,24,4.1,13.3,5.0,0,0,0
IND070-001759,2025-09-03,M1,noche,635,14,6.5,3.8,1.79,1,0,0
IND070-001760,2025-09-04,M2,noche,317,11,6.4,0.5,4.57,0,0,0
IND070-001761,2025-09-04,M3,noche,521,21,7.9,5.7,2.04,0,0,0
IND070-001762,2025-09-04,M4,noche,690,28,5.0,1.2,2.8,0,0,0
IND070-001763,2025-09-05,M5,noche,177,5,3.9,13.0,3.77,0,0,0
IND070-001764,2025-09-05,M6,noche,705,32,5.5,29.3,3.58,0,0,0
IND070-001765,2025-09-06,M1,dia,540,10,3.9,16.5,2.21,1,0,0
IND070-001766,2025-09-06,M2,dia,462,15,6.6,15.2,4.52,0,0,0
IND070-001767,2025-09-06,M3,dia,212,11,6.6,66.4,0.84,0,0,0
IND070-001768,2025-09-07,M4,dia,624,25,4.0,11.5,4.74,0,0,0
IND070-001769,2025-09-07,M5,dia,318,8,7.3,7.7,4.39,0,1,405.4
IND070-001770,2025-09-07,M6,dia,594,23,6.1,11.1,1.53,1,0,0
IND070-001771,2025-09-08,M1,noche,493,14,6.8,3.0,2.99,0,0,0
IND070-001772,2025-09-08,M2,noche,625,21,4.8,16.4,2.44,0,0,0
IND070-001773,2025-09-08,M3,noche,637,22,3.5,21.4,4.59,1,0,0
IND070-001774,2025-09-09,M4,noche,717,25,3.8,12.2,5.54,0,0,0
IND070-001775,2025-09-09,M5,noche,124,8,4.2,10.5,4.7,0,1,2339.89
IND070-001776,2025-09-09,M6,noche,308,12,3.6,9.8,4.2,0,0,0
IND070-001777,2025-09-10,M1,dia,397,9,5.9,56.1,2.35,0,0,0
IND070-001778,2025-09-10,M2,dia,590,24,4.6,3.9,3.37,0,0,0
IND070-001779,2025-09-10,M3,dia,168,6,6.6,36.1,3.72,0,1,2196.72
IND070-001780,2025-09-11,M4,dia,402,17,6.3,2.8,2.69,0,0,0
IND070-001781,2025-09-11,M5,dia,329,17,4.7,16.8,3.11,0,1,411.57
IND070-001782,2025-09-11,M6,dia,336,18,5.2,20.0,3.13,0,0,0
IND070-001783,2025-09-12,M1,noche,240,4,7.7,24.0,2.55,0,0,0
IND070-001784,2025-09-12,M2,noche,452,10,7.4,65.3,1.6,0,0,0
IND070-001785,2025-09-13,M3,noche,313,13,5.7,0.0,4.2,0,1,2422.4
IND070-001786,2025-09-13,M4,noche,623,28,4.3,8.3,4.04,0,0,0
IND070-001787,2025-09-13,M5,noche,657,18,4.0,2.5,5.2,0,1,2230.38
IND070-001788,2025-09-14,M6,noche,124,5,5.2,21.0,4.27,0,0,0
IND070-001789,2025-09-14,M1,dia,762,12,7.3,5.3,2.27,0,0,0
IND070-001790,2025-09-14,M2,dia,750,28,7.0,42.1,2.15,0,0,0
IND070-001791,2025-09-15,M3,dia,654,24,3.5,34.0,3.09,0,1,2332.96
IND070-001792,2025-09-15,M4,dia,571,24,4.7,1.0,3.29,0,0,0
IND070-001793,2025-09-15,M5,dia,724,20,6.4,4.5,4.31,0,0,0
IND070-001794,2025-09-16,M6,dia,754,32,6.3,25.5,3.87,0,0,0
IND070-001795,2025-09-16,M1,noche,789,16,7.0,19.5,1.37,0,0,0
IND070-001796,2025-09-16,M2,noche,456,16,5.3,25.2,2.08,0,0,0
IND070-001797,2025-09-17,M3,noche,501,19,5.6,16.7,3.82,0,0,0
IND070-001798,2025-09-17,M4,noche,355,11,5.5,10.9,1.16,0,0,0
IND070-001799,2025-09-17,M5,noche,229,5,6.1,16.0,3.32,0,0,0
IND070-001800,2025-09-18,M6,noche,635,19,5.1,12.8,4.08,0,0,0
IND070-001801,2025-09-18,M1,dia,667,16,7.2,23.8,4.18,0,1,2714.9
IND070-001802,2025-09-18,M2,dia,311,9,3.9,32.5,2.44,0,0,0
IND070-001803,2025-09-19,M3,dia,401,5,4.5,16.0,0.1,0,0,0
IND070-001804,2025-09-19,M4,dia,242,14,6.4,1.0,3.54,0,0,0
IND070-001805,2025-09-19,M5,dia,721,30,5.8,22.0,3.36,0,0,0
IND070-001806,2025-09-20,M6,dia,224,9,6.5,10.2,3.41,0,0,0
IND070-001807,2025-09-20,M1,noche,119,2,5.3,48.2,3.15,0,1,1522.71
IND070-001808,2025-09-21,M2,noche,255,4,5.0,22.9,3.01,0,0,0
IND070-001809,2025-09-21,M3,noche,619,16,4.8,14.3,3.76,0,0,0
IND070-001810,2025-09-21,M4,noche,427,19,6.9,3.1,3.6,0,0,0
IND070-001811,2025-09-22,M5,noche,644,20,7.0,71.9,1.13,0,0,0
IND070-001812,2025-09-22,M6,noche,131,3,7.6,33.5,6.09,0,0,0
IND070-001813,2025-09-22,M1,dia,721,13,3.8,29.0,3.75,0,1,588.75
IND070-001814,2025-09-23,M2,dia,772,25,6.6,11.8,2.07,0,0,0
IND070-001815,2025-09-23,M3,dia,606,12,3.4,7.0,3.18,1,0,0
IND070-001816,2025-09-23,M4,dia,195,7,5.1,0.5,4.26,0,0,0
IND070-001817,2025-09-24,M5,dia,211,6,4.3,16.4,4.05,0,0,0
IND070-001818,2025-09-24,M6,dia,612,30,6.0,20.9,5.35,0,0,0
IND070-001819,2025-09-24,M1,noche,306,6,6.4,17.2,3.51,0,0,0
IND070-001820,2025-09-25,M2,noche,291,11,5.5,12.6,3.71,0,0,0
IND070-001821,2025-09-25,M3,noche,311,7,7.7,7.7,2.83,0,0,0
IND070-001822,2025-09-25,M4,noche,331,8,3.0,3.7,3.75,0,0,0
IND070-001823,2025-09-26,M5,noche,167,5,5.5,0.3,3.28,1,0,0
IND070-001824,2025-09-26,M6,noche,299,6,3.9,26.9,4.63,0,0,0
IND070-001825,2025-09-26,M1,dia,595,18,5.9,24.8,1.62,0,0,0
IND070-001826,2025-09-27,M2,dia,215,4,6.7,14.3,1.84,0,0,0
IND070-001827,2025-09-27,M3,dia,357,9,4.5,19.6,,0,0,0
IND070-001828,2025-09-27,M4,dia,436,15,6.9,1.6,4.25,0,0,0
IND070-001829,2025-09-28,M5,dia,488,21,5.5,49.4,4.83,0,0,0
IND070-001830,2025-09-28,M6,dia,561,22,7.6,19.8,3.12,0,0,0
IND070-001831,2025-09-29,M1,noche,772,15,3.3,25.0,2.11,1,0,0
IND070-001832,2025-09-29,M2,noche,481,22,7.8,22.9,2.18,0,0,0
IND070-001833,2025-09-29,M3,noche,618,19,7.4,38.3,1.09,0,0,0
IND070-001834,2025-09-30,M4,noche,151,5,7.7,29.9,2.72,0,0,0
IND070-001835,2025-09-30,M5,noche,664,20,6.7,15.5,4.69,1,0,0
IND070-001836,2025-09-30,M6,noche,262,11,6.8,43.2,3.91,0,0,0
IND070-001837,2025-10-01,M1,dia,289,5,4.2,2.5,2.37,0,0,0
IND070-001838,2025-10-01,M2,dia,790,26,4.0,16.2,0.94,0,0,0
IND070-001839,2025-10-01,M3,dia,245,11,6.5,29.6,3.36,0,0,0
IND070-001840,2025-10-02,M4,dia,493,19,7.3,18.1,3.84,1,0,0
IND070-001841,2025-10-02,M5,dia,523,22,7.6,41.6,3.05,1,0,0
IND070-001842,2025-10-02,M6,dia,534,16,5.7,13.0,2.45,0,0,0
IND070-001843,2025-10-03,M1,noche,159,2,5.7,23.9,3.14,0,0,0
IND070-001844,2025-10-03,M2, NOCHE ,585,22,4.8,28.0,4.59,0,0,0
IND070-001845,2025-10-03,M3,noche,165,8,4.4,0.8,3.54,0,0,0
IND070-001846,2025-10-04,M4,noche,523,28,7.6,9.1,3.73,0,0,0
IND070-001847,2025-10-04,M5,noche,383,13,7.4,46.3,2.59,0,0,0
IND070-001848,2025-10-04,M6,noche,549,29,4.9,12.9,4.11,0,0,0
IND070-001849,2025-10-05,M1,dia,559,14,6.9,14.7,1.96,0,0,0
IND070-001850,2025-10-05,M2,dia,367,18,6.6,17.0,3.89,0,0,0
IND070-001851,2025-10-05,M3,dia,284,8,7.7,47.0,3.28,0,0,0
IND070-001852,2025-10-06,M4,dia,509,12,7.0,26.3,2.85,0,0,0
IND070-001853,2025-10-06,M5,dia,244,12,6.1,36.5,3.68,0,0,0
IND070-001854,2025-10-07,M6,dia,436,11,3.0,82.4,1.98,0,0,0
IND070-001855,2025-10-07,M1,noche,481,11,5.9,24.5,2.51,0,0,0
IND070-001856,2025-10-07,M2,noche,495,23,3.5,21.0,3.67,1,0,0
IND070-001857,2025-10-08,M3,noche,111,3,7.1,2.2,3.06,0,0,0
IND070-001858,2025-10-08,M4,noche,126,3,6.6,30.0,3.81,0,0,0
IND070-001859,2025-10-08,M5,noche,389,16,5.2,3.5,2.72,0,0,0
IND070-001860,2025-10-09,M6,noche,317,15,4.3,55.7,3.57,0,0,0
IND070-001861,2025-10-09,M1,dia,655,19,5.1,19.5,2.28,0,0,0
IND070-001862,2025-10-09,M2,dia,140,2,3.9,16.5,4.12,0,0,0
IND070-001863,2025-10-10,M3,dia,433,9,5.6,17.3,3.96,0,0,0
IND070-001864,2025-10-10,M4,dia,567,14,5.3,11.8,4.56,0,0,0
IND070-001865,2025-10-10,M5,dia,719,26,4.9,33.1,5.22,0,0,0
IND070-001866,2025-10-11,M6,dia,296,13,4.5,28.0,3.66,0,0,0
IND070-001867,2025-10-11,M1,noche,568,12,6.3,23.1,3.09,0,0,0
IND070-001868,2025-10-11,M2,noche,422,14,5.8,15.9,3.63,1,0,0
IND070-001869,2025-10-12,M3,noche,249,11,7.5,15.8,4.06,0,0,0
IND070-001870,2025-10-12,M4,noche,753,29,7.0,12.1,4.67,0,0,0
IND070-001871,2025-10-12,M5,noche,455,15,3.3,27.9,4.64,1,0,0
IND070-001872,2025-10-13,M6,noche,500,16,4.3,15.8,4.21,0,0,0
IND070-001873,2025-10-13,M1,dia,741,14,4.1,18.6,4.11,0,0,0
IND070-001874,2025-10-13,M2,dia,575,16,5.9,23.2,1.46,0,0,0
IND070-001875,2025-10-14,M3,dia,258,7,4.4,3.3,3.13,0,0,0
IND070-001876,2025-10-14,M4,dia,588,26,3.9,1.3,3.75,0,0,0
IND070-001877,2025-10-15,M5,dia,601,29,6.0,7.5,1.76,0,0,0
IND070-001878,2025-10-15,M6,dia,341,21,4.6,67.5,4.92,0,0,0
IND070-001879,2025-10-15,M1,noche,362,11,4.1,6.7,2.61,0,0,0
IND070-001880,2025-10-16,M2,noche,631,21,3.8,12.4,3.09,0,0,0
IND070-001881,2025-10-16,M3,noche,649,27,4.5,20.5,3.25,0,0,0
IND070-001882,2025-10-16,M4,noche,180,8,8.0,11.2,1.42,0,0,0
IND070-001883,2025-10-17,M5,noche,504,21,4.5,8.4,2.79,0,0,0
IND070-001884,2025-10-17,M6,noche,340,10,7.8,2.3,5.6,0,0,0
IND070-001885,2025-10-17,M1,dia,158,5,3.5,10.1,3.32,0,0,0
IND070-001886,2025-10-18,M2,dia,427,20,5.8,2.8,1.98,0,0,0
IND070-001887,2025-10-18,M3,dia,730,18,4.8,26.7,3.59,0,0,0
IND070-001888,2025-10-18,M4,dia,462,15,4.3,12.1,3.74,0,0,0
IND070-001889,2025-10-19,M5,dia,610,22,6.0,2.7,4.47,0,0,0
IND070-001890,2025-10-19,M6,dia,190,9,3.5,20.4,3.15,0,0,0
IND070-001891,2025-10-19,M1,noche,377,2,6.5,5.9,3.08,0,0,0
IND070-001892,2025-10-20,M2,noche,196,7,3.9,37.8,2.03,1,0,0
IND070-001893,2025-10-20,M3,noche,648,17,4.9,24.9,3.13,0,0,0
IND070-001894,2025-10-20,M4,noche,143,6,7.1,1.3,4.25,0,0,0
IND070-001895,2025-10-21,M5,noche,625,22,4.7,12.5,3.66,0,0,0
IND070-001896,2025-10-21,M6,noche,519,24,3.7,15.8,5.8,0,0,0
IND070-001897,2025-10-21,M1,dia,624,17,4.9,3.2,1.24,1,0,0
IND070-001898,2025-10-22,M2,dia,745,32,5.1,20.9,1.88,0,0,0
IND070-001899,2025-10-22,M3,dia,702,22,7.3,42.4,1.54,0,0,0
IND070-001900,2025-10-23,M4,dia,447,14,3.5,117.0,"2,53",0,0,0
IND070-001901,2025-10-23,M5,dia,313,10,5.7,4.7,3.7,0,0,0
IND070-001902,2025-10-23,M6,dia,588,30,5.2,7.4,2.88,1,0,0
IND070-001903,2025-10-24,M1,noche,682,16,7.1,7.0,3.78,0,0,0
IND070-001904,2025-10-24,M2,noche,286,9,5.5,10.6,4.36,0,0,0
IND070-001905,2025-10-24,M3,noche,191,4,5.1,21.4,2.36,1,0,0
IND070-001906,2025-10-25,M4,noche,148,5,7.7,5.9,2.59,0,0,0
IND070-001907,2025-10-25,M5,noche,207,5,6.9,15.5,2.07,0,0,0
IND070-001908,2025-10-25,M6,noche,653,33,4.0,0.8,5.51,0,0,0
IND070-001909,2025-10-26,M1,dia,640,14,5.5,2.1,0.98,1,0,0
IND070-001910,2025-10-26,M2,dia,146,5,6.3,0.4,,0,0,0
IND070-001911,2025-10-26,M3,dia,646,19,7.2,29.4,2.8,1,0,0
IND070-001912,2025-10-27,M4,dia,566,16,4.6,10.0,3.32,0,0,0
IND070-001913,2025-10-27,M5,dia,99,3,4.4,4.2,3.72,0,0,0
IND070-001914,2025-10-27,M6,dia,421,13,6.9,11.1,5.12,0,0,0
IND070-001915,2025-10-28,M1,noche,594,8,3.1,8.4,1.55,0,0,0
IND070-001916,2025-10-28,M2,noche,80,1,3.1,12.5,3.18,0,0,0
IND070-001917,2025-10-28,M3,noche,624,25,6.1,0.0,3.6,0,0,0
IND070-001918,2025-10-29,M4,noche,663,26,3.7,10.3,2.95,0,0,0
IND070-001919,2025-10-29,M5,noche,368,15,4.7,21.0,3.03,1,0,0
IND070-001920,2025-10-29,M6,noche,679,35,5.8,1.4,5.18,0,0,0
IND070-001921,2025-10-30,M1,dia,252,7,4.6,6.5,1.12,1,0,0
IND070-001922,2025-10-30,M2,dia,617,25,7.4,45.3,4.05,0,0,0
IND070-001923,2025-10-31,M3,dia,415,7,7.7,26.2,4.82,0,0,0
IND070-001924,2025-10-31,M4,dia,678,15,7.0,10.3,2.63,0,0,0
IND070-001925,2025-10-31,M5,dia,680,32,6.2,2.0,5.23,0,0,0
IND070-001926,2025-11-01,M6,dia,148,7,3.5,8.6,3.22,0,0,0
IND070-001927,2025-11-01,M1,noche,700,15,5.9,15.2,2.82,1,0,0
IND070-001928,2025-11-01,M2,noche,744,18,6.3,48.0,2.9,0,0,0
IND070-001929,2025-11-02,M3,noche,413,21,5.2,24.2,1.87,0,0,0
IND070-001930,2025-11-02,M4,noche,171,3,3.0,4.8,3.81,1,0,0
IND070-001931,2025-11-02,M5,noche,126,5,6.5,13.8,4.14,0,0,0
IND070-001932,2025-11-03,M6,noche,700,33,7.6,36.7,3.06,0,0,0
IND070-001933,2025-11-03,M1,dia,713,16,3.6,19.6,2.14,0,0,0
IND070-001934,2025-11-03,M2,dia,540,22,5.4,26.9,3.86,1,0,0
IND070-001935,2025-11-04,M3,dia,796,19,6.0,15.6,2.73,0,0,0
IND070-001936,2025-11-04,M4,dia,244,8,3.7,9.9,3.45,0,0,0
IND070-001937,2025-11-04,M5,dia,791,32,6.3,8.3,3.83,0,0,0
IND070-001938,2025-11-05,M6,dia,347,19,6.3,4.3,3.33,0,0,0
IND070-001939,2025-11-05,M1,noche,107,3,3.6,12.9,1.24,0,0,0
IND070-001940,2025-11-05,M2,noche,554,13,4.4,11.1,1.89,0,0,0
IND070-001941,2025-11-06,M3, NOCHE ,143,3,7.5,17.2,2.1,0,0,0
IND070-001942,2025-11-06,M4,noche,581,27,7.4,32.2,1.8,0,0,0
IND070-001943,2025-11-07,M5,noche,736,29,6.7,8.0,1.18,0,0,0
IND070-001944,2025-11-07,M6,noche,460,28,4.0,3.6,4.84,0,0,0
IND070-001945,2025-11-07,M1,dia,711,23,4.4,44.5,2.14,0,0,0
IND070-001946,2025-11-08,M2,dia,730,22,6.8,7.7,1.94,0,0,0
IND070-001947,2025-11-08,M3,dia,404,13,6.4,11.9,3.52,0,0,0
IND070-001948,2025-11-08,M4,dia,621,26,5.5,23.8,2.14,0,0,0
IND070-001949,2025-11-09,M5,dia,375,15,5.2,38.2,2.91,1,0,0
IND070-001950,2025-11-09,M6,dia,524,21,4.7,8.4,6.08,0,0,0
IND070-001951,2025-11-09,M1,noche,274,5,3.0,9.5,3.5,0,0,0
IND070-001952,2025-11-10,M2,noche,781,26,7.2,8.9,0.91,0,0,0
IND070-001953,2025-11-10,M3,noche,458,11,6.6,10.3,1.92,0,0,0
IND070-001954,2025-11-10,M4,noche,142,7,6.8,13.8,3.3,0,0,0
IND070-001955,2025-11-11,M5,noche,219,8,3.8,60.7,4.25,0,0,0
IND070-001956,2025-11-11,M6,noche,300,11,6.5,48.1,5.79,1,0,0
IND070-001957,2025-11-11,M1,dia,360,9,4.6,0.3,1.89,1,0,0
IND070-001958,2025-11-12,M2,dia,212,7,6.4,7.3,2.58,0,0,0
IND070-001959,2025-11-12,M3,dia,778,34,4.9,37.1,2.31,1,0,0
IND070-001960,2025-11-12,M4,dia,431,17,6.5,14.9,4.37,1,0,0
IND070-001961,2025-11-13,M5,dia,733,28,3.5,39.6,4.47,0,0,0
IND070-001962,2025-11-13,M6,dia,107,4,7.2,6.3,3.56,1,0,0
IND070-001963,2025-11-13,M1,noche,305,4,5.3,3.2,3.06,1,0,0
IND070-001964,2025-11-14,M2,noche,785,25,6.9,1.6,2.14,0,0,0
IND070-001965,2025-11-14,M3,noche,714,29,4.7,3.6,2.73,0,0,0
IND070-001966,2025-11-15,M4,noche,504,20,6.6,1.9,2.95,0,0,0
IND070-001967,2025-11-15,M5,noche,271,14,5.7,7.0,2.37,1,0,0
IND070-001968,2025-11-15,M6,noche,415,20,6.9,2.2,3.75,0,0,0
IND070-001969,2025-11-16,M1,dia,728,13,6.8,28.3,5.26,0,0,0
IND070-001970,2025-11-16,M2,dia,527,17,3.4,8.7,3.15,0,0,0
IND070-001971,2025-11-16,M3,dia,792,19,7.2,43.0,3.41,1,0,0
IND070-001972,2025-11-17,M4,dia,437,21,4.3,29.0,2.97,0,0,0
IND070-001973,2025-11-17,M5,dia,766,25,7.2,36.0,4.65,0,0,0
IND070-001974,2025-11-17,M6,dia,166,8,4.9,8.9,4.41,0,0,0
IND070-001975,2025-11-18,M1,noche,320,12,5.6,37.3,3.79,1,0,0
IND070-001976,2025-11-18,M2,noche,233,6,6.2,17.3,2.13,0,0,0
IND070-001977,2025-11-18,M3,noche,156,8,5.3,13.1,2.89,0,0,0
IND070-001978,2025-11-19,M4,noche,372,19,3.3,2.0,3.62,0,0,0
IND070-001979,2025-11-19,M5,noche,137,3,6.2,10.8,1.24,0,0,0
IND070-001980,2025-11-19,M6,noche,714,33,6.4,1.9,4.21,0,0,0
IND070-001981,2025-11-20,M1,dia,293,7,4.2,12.3,0.76,0,0,0
IND070-001982,2025-11-20,M2,dia,232,9,4.8,5.7,3.62,0,0,0
IND070-001983,2025-11-20,M3,dia,539,10,6.7,23.1,3.11,1,0,0
IND070-001984,2025-11-21,M4,dia,785,28,7.2,30.5,4.16,0,0,0
IND070-001985,2025-11-21,M5,dia,375,13,6.1,20.3,7.32,0,0,0
IND070-001986,2025-11-21,M6,dia,464,20,4.4,18.0,4.69,1,0,0
IND070-001987,2025-11-22,M1,noche,345,12,6.7,52.5,2.03,0,0,0
IND070-001988,2025-11-22,M2,noche,448,16,7.2,27.3,4.22,0,0,0
IND070-001989,2025-11-23,M3,noche,582,18,3.8,3.4,2.24,0,0,0
IND070-001990,2025-11-23,M4,noche,587,25,3.4,0.6,3.7,0,0,0
IND070-001991,2025-11-23,M5,noche,625,19,7.2,5.3,3.62,0,0,0
IND070-001992,2025-11-24,M6,noche,704,28,6.1,4.6,4.08,0,0,0
IND070-001993,2025-11-24,M1,dia,751,18,3.6,12.5,,0,0,0
IND070-001994,2025-11-24,M2,dia,476,16,6.3,47.0,2.01,0,0,0
IND070-001995,2025-11-25,M3,dia,206,11,5.1,30.7,1.09,0,0,0
IND070-001996,2025-11-25,M4,dia,647,23,5.1,25.4,1.47,0,0,0
IND070-001997,2025-11-25,M5,dia,418,21,4.1,75.0,4.03,0,0,0
IND070-001998,2025-11-26,M6,dia,211,7,6.0,19.0,4.5,1,0,0
IND070-001999,2025-11-26,M1,noche,534,14,4.1,9.5,3.71,0,0,0
IND070-002000,2025-11-26,M2,noche,377,14,3.4,12.8,3.18,0,0,0
IND070-002001,2025-11-27,M3,noche,248,9,7.3,9.1,3.55,0,0,0
IND070-002002,2025-11-27,M4,noche,639,20,7.4,2.3,3.99,0,0,0
IND070-002003,2025-11-27,M5,noche,118,3,7.0,7.4,4.52,0,0,0
IND070-002004,2025-11-28,M6,noche,509,23,7.3,12.8,3.33,0,0,0
IND070-002005,2025-11-28,M1,dia,472,11,4.4,16.5,2.22,0,0,0
IND070-002006,2025-11-28,M2,dia,260,10,5.6,24.1,2.7,0,0,0
IND070-002007,2025-11-29,M3,dia,156,3,7.6,15.9,3.23,0,0,0
IND070-002008,2025-11-29,M4,dia,235,8,6.4,0.6,3.68,1,0,0
IND070-002009,2025-11-29,M5,dia,154,3,6.8,32.0,1.89,0,0,0
IND070-002010,2025-11-30,M6,dia,268,13,7.4,8.8,3.7,1,0,0
IND070-002011,2025-11-30,M1,noche,346,11,3.6,33.4,2.49,0,0,0
IND070-002012,2025-12-01,M2,noche,219,7,3.8,3.1,1.82,0,0,0
IND070-002013,2025-12-01,M3,noche,729,19,4.2,6.3,3.12,0,0,0
IND070-002014,2025-12-01,M4,noche,193,10,3.1,25.9,3.36,0,0,0
IND070-002015,2025-12-02,M5,noche,634,26,5.5,4.8,2.59,0,0,0
IND070-002016,2025-12-02,M6,noche,661,34,3.4,5.0,5.14,0,0,0
IND070-002017,2025-12-02,M1,dia,604,16,6.9,14.9,6.02,0,0,0
IND070-002018,2025-12-03,M2,dia,263,15,3.9,29.3,2.57,0,0,0
IND070-002019,2025-12-03,M3,dia,609,14,7.4,29.2,0.1,0,0,0
IND070-002020,2025-12-03,M4,dia,169,8,5.5,82.9,3.53,1,0,0
IND070-002021,2025-12-04,M5,dia,512,22,6.7,5.7,4.01,0,0,0
IND070-002022,2025-12-04,M6,dia,712,31,5.1,8.2,1.67,0,0,0
IND070-002023,2025-12-04,M1,noche,689,21,5.5,3.5,2.27,0,0,0
IND070-002024,2025-12-05,M2,noche,672,22,7.4,23.8,4.69,0,0,0
IND070-002025,2025-12-05,M3,noche,184,5,4.1,29.1,3.73,0,0,0
IND070-002026,2025-12-05,M4,noche,590,29,5.3,6.0,4.38,0,0,0
IND070-002027,2025-12-06,M5,noche,498,13,4.9,6.0,4.21,0,0,0
IND070-002028,2025-12-06,M6,noche,393,12,5.5,8.9,4.46,0,0,0
IND070-002029,2025-12-06,M1,dia,549,15,3.9,15.1,2.46,0,0,0
IND070-002030,2025-12-07,M2,dia,108,3,3.2,3.2,2.94,0,0,0
IND070-002031,2025-12-07,M3,dia,678,30,3.3,25.5,3.94,0,0,0
IND070-002032,2025-12-07,M4,dia,224,10,6.4,12.3,3.46,0,0,0
IND070-002033,2025-12-08,M5,dia,685,19,8.0,32.2,4.68,0,0,0
IND070-002034,2025-12-08,M6,dia,676,25,7.4,26.1,4.03,0,0,0
IND070-002035,2025-12-09,M1,noche,618,14,7.7,9.8,2.62,1,0,0
IND070-002036,2025-12-09,M2,noche,546,14,3.0,15.0,2.99,0,0,0
IND070-002037,2025-12-09,M3,noche,474,11,6.0,7.1,4.18,0,0,0
IND070-002038,2025-12-10,M4, NOCHE ,351,11,7.7,25.9,2.27,0,0,0
IND070-002039,2025-12-10,M5,noche,681,22,6.0,3.4,3.75,0,0,0
IND070-002040,2025-12-10,M6,noche,406,18,3.1,39.2,2.5,1,0,0
IND070-002041,2025-12-11,M1,dia,491,12,3.9,13.0,3.09,0,0,0
IND070-002042,2025-12-11,M2,dia,156,7,4.2,18.6,1.72,1,0,0
IND070-002043,2025-12-11,M3,dia,473,13,3.0,7.6,2.56,0,0,0
IND070-002044,2025-12-12,M4,dia,160,4,5.1,42.0,4.59,0,0,0
IND070-002045,2025-12-12,M5,dia,799,25,4.6,9.2,4.37,1,0,0
IND070-002046,2025-12-12,M6,dia,550,17,5.9,1.6,5.35,1,0,0
IND070-002047,2025-12-13,M1,noche,641,18,4.5,19.1,2.55,1,0,0
IND070-002048,2025-12-13,M2,noche,205,5,4.4,3.2,3.66,1,0,0
IND070-002049,2025-12-13,M3,noche,161,4,7.0,12.4,2.64,0,0,0
IND070-002050,2025-12-14,M4,noche,767,26,6.5,17.9,3.1,0,0,0
IND070-002051,2025-12-14,M5,noche,336,12,6.3,95.3,2.6,0,0,0
IND070-002052,2025-12-14,M6,noche,446,20,6.1,11.0,3.9,0,0,0
IND070-002053,2025-12-15,M1,dia,663,10,6.7,17.8,2.13,0,0,0
IND070-002054,2025-12-15,M2,dia,381,7,6.8,2.8,2.81,0,0,0
IND070-002055,2025-12-15,M3,dia,606,17,3.9,0.2,2.16,0,0,0
IND070-002056,2025-12-16,M4,dia,513,25,5.6,18.8,2.47,0,0,0
IND070-002057,2025-12-16,M5,dia,354,10,7.8,21.4,3.13,0,0,0
IND070-002058,2025-12-17,M6,dia,667,25,5.3,39.6,4.58,1,0,0
IND070-002059,2025-12-17,M1,noche,283,8,4.3,42.8,1.34,1,0,0
IND070-002060,2025-12-17,M2,noche,476,21,3.2,14.9,1.9,0,0,0
IND070-002061,2025-12-18,M3,noche,187,8,8.0,8.5,3.78,0,0,0
IND070-002062,2025-12-18,M4,noche,671,28,7.5,9.6,1.66,1,0,0
IND070-002063,2025-12-18,M5,noche,702,24,4.3,13.7,3.56,0,0,0
IND070-002064,2025-12-19,M6,noche,456,30,6.1,6.6,3.42,1,0,0
IND070-002065,2025-12-19,M1,dia,477,7,6.4,28.7,2.65,0,0,0
IND070-002066,2025-12-19,M2,dia,482,21,6.2,48.6,3.89,0,0,0
IND070-002067,2025-12-20,M3,dia,389,10,5.4,12.1,3.83,0,0,0
IND070-002068,2025-12-20,M4,dia,159,5,3.7,8.4,4.6,1,0,0
IND070-002069,2025-12-20,M5,dia,119,6,5.6,0.2,4.66,0,0,0
IND070-002070,2025-12-21,M6,dia,252,12,7.1,26.6,2.46,0,0,0
IND070-002071,2025-12-21,M1,noche,244,5,6.0,27.0,3.79,0,0,0
IND070-002072,2025-12-21,M2,noche,274,11,5.9,14.1,1.48,0,0,0
IND070-002073,2025-12-22,M3,noche,310,9,4.8,57.1,3.5,0,0,0
IND070-002074,2025-12-22,M4,noche,692,29,4.6,3.4,2.2,1,0,0
IND070-002075,2025-12-22,M5,noche,248,7,5.4,6.1,2.57,0,0,0
IND070-002076,2025-12-23,M6,noche,647,38,7.9,5.3,,0,0,0
IND070-002077,2025-12-23,M1,dia,208,5,6.3,4.6,3.07,0,0,0
IND070-002078,2025-12-23,M2,dia,673,15,4.5,7.2,1.79,1,0,0
IND070-002079,2025-12-24,M3,dia,91,1,5.0,20.4,3.47,1,0,0
IND070-002080,2025-12-24,M4,dia,657,24,7.9,5.6,4.44,1,0,0
IND070-002081,2025-12-25,M5,dia,534,21,5.2,5.4,3.13,0,0,0
IND070-002082,2025-12-25,M6,dia,151,3,7.9,1.7,4.17,0,0,0
IND070-002083,2025-12-25,M1,noche,776,24,5.2,7.2,4.69,0,0,0
IND070-002084,2025-12-26,M2,noche,91,5,5.9,3.2,0.1,0,0,0
IND070-002085,2025-12-26,M3,noche,246,8,5.6,23.8,3.04,0,0,0
IND070-002086,2025-12-26,M4,noche,205,9,7.0,10.3,3.44,0,0,0
IND070-002087,2025-12-27,M5,noche,299,10,3.8,19.3,2.61,0,0,0
IND070-002088,2025-12-27,M6,noche,188,4,4.1,13.4,5.13,0,0,0
IND070-002089,2025-12-27,M1,dia,168,1,6.6,12.7,2.42,0,0,0
IND070-002090,2025-12-28,M2,dia,308,9,7.7,2.0,3.75,0,0,0
IND070-002091,2025-12-28,M3,dia,399,10,6.3,30.0,3.6,0,0,0
IND070-002092,2025-12-28,M4,dia,136,5,5.1,9.1,4.26,0,0,0
IND070-002093,2025-12-29,M5,dia,174,7,3.1,5.6,6.34,0,0,0
IND070-002094,2025-12-29,M6,dia,739,43,4.7,26.0,4.34,0,0,0
IND070-002095,2025-12-29,M1,noche,585,13,8.0,15.5,1.01,0,0,0
IND070-002096,2025-12-30,M2,noche,315,9,4.7,9.6,3.26,0,0,0
IND070-002097,2025-12-30,M3,noche,422,11,7.8,16.7,4.24,0,0,0
IND070-002098,2025-12-30,M4,noche,363,7,4.4,6.1,1.27,1,0,0
IND070-002099,2025-12-31,M5,noche,206,7,4.9,11.0,4.25,1,0,0
IND070-002100,2025-12-31,M6,noche,694,29,6.6,15.9,3.3,0,0,0
