evento_id,registro_id,fecha_evento,estado_evento
EV000001,SOP043-000001,2024-01-01,abierto
EV000002,SOP043-000001,2024-01-02,cerrado
EV000003,SOP043-000002,2024-01-01,abierto
EV000004,SOP043-000003,2024-01-02,abierto
EV000005,SOP043-000003,2024-01-04,cerrado
EV000006,SOP043-000004,2024-01-02,abierto
EV000007,SOP043-000004,2024-01-03,cerrado
EV000008,SOP043-000005,2024-01-03,abierto
EV000009,SOP043-000005,2024-01-04,cerrado
EV000010,SOP043-000006,2024-01-03,abierto
EV000011,SOP043-000006,2024-01-04,cerrado
EV000012,SOP043-000007,2024-01-04,abierto
EV000013,SOP043-000008,2024-01-05,abierto
EV000014,SOP043-000008,2024-01-06,cerrado
EV000015,SOP043-000008,2024-01-07,abierto
EV000016,SOP043-000008,2024-01-09,cerrado
EV000017,SOP043-000009,2024-01-05,abierto
EV000018,SOP043-000010,2024-01-06,abierto
EV000019,SOP043-000010,2024-01-07,cerrado
EV000020,SOP043-000010,2024-01-08,abierto
EV000021,SOP043-000010,2024-01-10,cerrado
EV000022,SOP043-000011,2024-01-06,abierto
EV000023,SOP043-000011,2024-01-07,cerrado
EV000024,SOP043-000012,2024-01-07,abierto
EV000025,SOP043-000013,2024-01-08,abierto
EV000026,SOP043-000014,2024-01-08,abierto
EV000027,SOP043-000014,2024-01-09,cerrado
EV000028,SOP043-000015,2024-01-09,abierto
EV000029,SOP043-000015,2024-01-10,cerrado
EV000030,SOP043-000016,2024-01-09,abierto
EV000031,SOP043-000016,2024-01-10,cerrado
EV000032,SOP043-000017,2024-01-10,abierto
EV000033,SOP043-000017,2024-01-11,cerrado
EV000034,SOP043-000017,2024-01-12,abierto
EV000035,SOP043-000017,2024-01-14,cerrado
EV000036,SOP043-000018,2024-01-11,abierto
EV000037,SOP043-000018,2024-01-12,cerrado
EV000038,SOP043-000018,2024-01-13,abierto
EV000039,SOP043-000018,2024-01-15,cerrado
EV000040,SOP043-000019,2024-01-11,abierto
EV000041,SOP043-000019,2024-01-12,cerrado
EV000042,SOP043-000020,2024-01-12,abierto
EV000043,SOP043-000020,2024-01-13,cerrado
EV000044,SOP043-000021,2024-01-12,abierto
EV000045,SOP043-000021,2024-01-13,cerrado
EV000046,SOP043-000022,2024-01-13,abierto
EV000047,SOP043-000022,2024-01-14,cerrado
EV000048,SOP043-000023,2024-01-14,abierto
EV000049,SOP043-000023,2024-01-15,cerrado
EV000050,SOP043-000024,2024-01-14,abierto
EV000051,SOP043-000024,2024-01-15,cerrado
EV000052,SOP043-000025,2024-01-15,abierto
EV000053,SOP043-000025,2024-01-16,cerrado
EV000054,SOP043-000025,2024-01-17,abierto
EV000055,SOP043-000025,2024-01-19,cerrado
EV000056,SOP043-000026,2024-01-15,abierto
EV000057,SOP043-000026,2024-01-16,cerrado
EV000058,SOP043-000027,2024-01-16,abierto
EV000059,SOP043-000027,2024-01-17,cerrado
EV000060,SOP043-000028,2024-01-17,abierto
EV000061,SOP043-000028,2024-01-18,cerrado
EV000062,SOP043-000029,2024-01-17,abierto
EV000063,SOP043-000030,2024-01-18,abierto
EV000064,SOP043-000031,2024-01-18,abierto
EV000065,SOP043-000032,2024-01-19,abierto
EV000066,SOP043-000032,2024-01-20,cerrado
EV000067,SOP043-000033,2024-01-20,abierto
EV000068,SOP043-000033,2024-01-21,cerrado
EV000069,SOP043-000034,2024-01-20,abierto
EV000070,SOP043-000035,2024-01-21,abierto
EV000071,SOP043-000035,2024-01-22,cerrado
EV000072,SOP043-000036,2024-01-21,abierto
EV000073,SOP043-000036,2024-01-22,cerrado
EV000074,SOP043-000036,2024-01-23,abierto
EV000075,SOP043-000036,2024-01-25,cerrado
EV000076,SOP043-000037,2024-01-22,abierto
EV000077,SOP043-000037,2024-01-23,cerrado
EV000078,SOP043-000038,2024-01-22,abierto
EV000079,SOP043-000038,2024-01-23,cerrado
EV000080,SOP043-000039,2024-01-23,abierto
EV000081,SOP043-000039,2024-01-24,cerrado
EV000082,SOP043-000040,2024-01-24,abierto
EV000083,SOP043-000040,2024-01-25,cerrado
EV000084,SOP043-000041,2024-01-24,abierto
EV000085,SOP043-000041,2024-01-25,cerrado
EV000086,SOP043-000042,2024-01-25,abierto
EV000087,SOP043-000042,2024-01-26,cerrado
EV000088,SOP043-000043,2024-01-25,abierto
EV000089,SOP043-000043,2024-01-26,cerrado
EV000090,SOP043-000044,2024-01-26,abierto
EV000091,SOP043-000044,2024-01-27,cerrado
EV000092,SOP043-000045,2024-01-27,abierto
EV000093,SOP043-000045,2024-01-28,cerrado
EV000094,SOP043-000046,2024-01-27,abierto
EV000095,SOP043-000046,2024-01-28,cerrado
EV000096,SOP043-000047,2024-01-28,abierto
EV000097,SOP043-000047,2024-01-29,cerrado
EV000098,SOP043-000047,2024-01-30,abierto
EV000099,SOP043-000047,2024-02-01,cerrado
EV000100,SOP043-000048,2024-01-28,abierto
EV000101,SOP043-000048,2024-01-29,cerrado
EV000102,SOP043-000048,2024-01-30,abierto
EV000103,SOP043-000048,2024-02-01,cerrado
EV000104,SOP043-000049,2024-01-29,abierto
EV000105,SOP043-000049,2024-01-30,cerrado
EV000106,SOP043-000050,2024-01-30,abierto
EV000107,SOP043-000051,2024-01-30,abierto
EV000108,SOP043-000051,2024-01-31,cerrado
EV000109,SOP043-000052,2024-01-31,abierto
EV000110,SOP043-000052,2024-02-01,cerrado
EV000111,SOP043-000053,2024-01-31,abierto
EV000112,SOP043-000053,2024-02-01,cerrado
EV000113,SOP043-000054,2024-02-01,abierto
EV000114,SOP043-000054,2024-02-02,cerrado
EV000115,SOP043-000055,2024-02-02,abierto
EV000116,SOP043-000055,2024-02-03,cerrado
EV000117,SOP043-000056,2024-02-02,abierto
EV000118,SOP043-000056,2024-02-03,cerrado
EV000119,SOP043-000057,2024-02-03,abierto
EV000120,SOP043-000058,2024-02-03,abierto
EV000121,SOP043-000059,2024-02-04,abierto
EV000122,SOP043-000060,2024-02-05,abierto
EV000123,SOP043-000060,2024-02-07,cerrado
EV000124,SOP043-000061,2024-02-05,abierto
EV000125,SOP043-000061,2024-02-06,cerrado
EV000126,SOP043-000062,2024-02-06,abierto
EV000127,SOP043-000062,2024-02-07,cerrado
EV000128,SOP043-000063,2024-02-06,abierto
EV000129,SOP043-000063,2024-02-07,cerrado
EV000130,SOP043-000064,2024-02-07,abierto
EV000131,SOP043-000065,2024-02-08,abierto
EV000132,SOP043-000065,2024-02-09,cerrado
EV000133,SOP043-000066,2024-02-08,abierto
EV000134,SOP043-000066,2024-02-09,cerrado
EV000135,SOP043-000067,2024-02-09,abierto
EV000136,SOP043-000067,2024-02-10,cerrado
EV000137,SOP043-000068,2024-02-09,abierto
EV000138,SOP043-000068,2024-02-11,cerrado
EV000139,SOP043-000069,2024-02-10,abierto
EV000140,SOP043-000069,2024-02-12,cerrado
EV000141,SOP043-000070,2024-02-11,abierto
EV000142,SOP043-000070,2024-02-12,cerrado
EV000143,SOP043-000071,2024-02-11,abierto
EV000144,SOP043-000071,2024-02-12,cerrado
EV000145,SOP043-000072,2024-02-12,abierto
EV000146,SOP043-000072,2024-02-14,cerrado
EV000147,SOP043-000073,2024-02-12,abierto
EV000148,SOP043-000073,2024-02-13,cerrado
EV000149,SOP043-000074,2024-02-13,abierto
EV000150,SOP043-000074,2024-02-14,cerrado
EV000151,SOP043-000075,2024-02-13,abierto
EV000152,SOP043-000075,2024-02-15,cerrado
EV000153,SOP043-000076,2024-02-14,abierto
EV000154,SOP043-000077,2024-02-15,abierto
EV000155,SOP043-000077,2024-02-16,cerrado
EV000156,SOP043-000078,2024-02-15,abierto
EV000157,SOP043-000078,2024-02-16,cerrado
EV000158,SOP043-000079,2024-02-16,abierto
EV000159,SOP043-000079,2024-02-17,cerrado
EV000160,SOP043-000079,2024-02-18,abierto
EV000161,SOP043-000079,2024-02-20,cerrado
EV000162,SOP043-000080,2024-02-16,abierto
EV000163,SOP043-000080,2024-02-17,cerrado
EV000164,SOP043-000081,2024-02-17,abierto
EV000165,SOP043-000081,2024-02-18,cerrado
EV000166,SOP043-000082,2024-02-18,abierto
EV000167,SOP043-000082,2024-02-19,cerrado
EV000168,SOP043-000083,2024-02-18,abierto
EV000169,SOP043-000084,2024-02-19,abierto
EV000170,SOP043-000084,2024-02-20,cerrado
EV000171,SOP043-000085,2024-02-19,abierto
EV000172,SOP043-000085,2024-02-20,cerrado
EV000173,SOP043-000086,2024-02-20,abierto
EV000174,SOP043-000087,2024-02-21,abierto
EV000175,SOP043-000087,2024-02-22,cerrado
EV000176,SOP043-000088,2024-02-21,abierto
EV000177,SOP043-000089,2024-02-22,abierto
EV000178,SOP043-000089,2024-02-23,cerrado
EV000179,SOP043-000090,2024-02-22,abierto
EV000180,SOP043-000090,2024-02-23,cerrado
EV000181,SOP043-000090,2024-02-24,abierto
EV000182,SOP043-000090,2024-02-26,cerrado
EV000183,SOP043-000091,2024-02-23,abierto
EV000184,SOP043-000091,2024-02-24,cerrado
EV000185,SOP043-000091,2024-02-25,abierto
EV000186,SOP043-000091,2024-02-27,cerrado
EV000187,SOP043-000092,2024-02-24,abierto
EV000188,SOP043-000092,2024-02-25,cerrado
EV000189,SOP043-000093,2024-02-24,abierto
EV000190,SOP043-000093,2024-02-25,cerrado
EV000191,SOP043-000094,2024-02-25,abierto
EV000192,SOP043-000095,2024-02-25,abierto
EV000193,SOP043-000095,2024-02-26,cerrado
EV000194,SOP043-000095,2024-02-27,abierto
EV000195,SOP043-000095,2024-02-29,cerrado
EV000196,SOP043-000096,2024-02-26,abierto
EV000197,SOP043-000097,2024-02-27,abierto
EV000198,SOP043-000097,2024-02-28,cerrado
EV000199,SOP043-000098,2024-02-27,abierto
EV000200,SOP043-000098,2024-02-28,cerrado
EV000201,SOP043-000099,2024-02-28,abierto
EV000202,SOP043-000099,2024-02-29,cerrado
EV000203,SOP043-000100,2024-02-28,abierto
EV000204,SOP043-000100,2024-03-01,cerrado
EV000205,SOP043-000101,2024-02-29,abierto
EV000206,SOP043-000101,2024-03-01,cerrado
EV000207,SOP043-000102,2024-03-01,abierto
EV000208,SOP043-000103,2024-03-01,abierto
EV000209,SOP043-000103,2024-03-02,cerrado
EV000210,SOP043-000103,2024-03-03,abierto
EV000211,SOP043-000103,2024-03-05,cerrado
EV000212,SOP043-000104,2024-03-02,abierto
EV000213,SOP043-000104,2024-03-03,cerrado
EV000214,SOP043-000105,2024-03-02,abierto
EV000215,SOP043-000105,2024-03-03,cerrado
EV000216,SOP043-000106,2024-03-03,abierto
EV000217,SOP043-000107,2024-03-03,abierto
EV000218,SOP043-000107,2024-03-04,cerrado
EV000219,SOP043-000108,2024-03-04,abierto
EV000220,SOP043-000108,2024-03-05,cerrado
EV000221,SOP043-000109,2024-03-05,abierto
EV000222,SOP043-000109,2024-03-06,cerrado
EV000223,SOP043-000110,2024-03-05,abierto
EV000224,SOP043-000110,2024-03-06,cerrado
EV000225,SOP043-000111,2024-03-06,abierto
EV000226,SOP043-000111,2024-03-07,cerrado
EV000227,SOP043-000112,2024-03-06,abierto
EV000228,SOP043-000112,2024-03-07,cerrado
EV000229,SOP043-000113,2024-03-07,abierto
EV000230,SOP043-000114,2024-03-08,abierto
EV000231,SOP043-000114,2024-03-10,cerrado
EV000232,SOP043-000115,2024-03-08,abierto
EV000233,SOP043-000115,2024-03-09,cerrado
EV000234,SOP043-000116,2024-03-09,abierto
EV000235,SOP043-000116,2024-03-10,cerrado
EV000236,SOP043-000117,2024-03-09,abierto
EV000237,SOP043-000117,2024-03-10,cerrado
EV000238,SOP043-000118,2024-03-10,abierto
EV000239,SOP043-000118,2024-03-11,cerrado
EV000240,SOP043-000119,2024-03-11,abierto
EV000241,SOP043-000119,2024-03-12,cerrado
EV000242,SOP043-000120,2024-03-11,abierto
EV000243,SOP043-000120,2024-03-12,cerrado
EV000244,SOP043-000121,2024-03-12,abierto
EV000245,SOP043-000121,2024-03-13,cerrado
EV000246,SOP043-000121,2024-03-14,abierto
EV000247,SOP043-000121,2024-03-16,cerrado
EV000248,SOP043-000122,2024-03-12,abierto
EV000249,SOP043-000122,2024-03-13,cerrado
EV000250,SOP043-000123,2024-03-13,abierto
EV000251,SOP043-000123,2024-03-14,cerrado
EV000252,SOP043-000124,2024-03-14,abierto
EV000253,SOP043-000124,2024-03-15,cerrado
EV000254,SOP043-000125,2024-03-14,abierto
EV000255,SOP043-000125,2024-03-15,cerrado
EV000256,SOP043-000126,2024-03-15,abierto
EV000257,SOP043-000126,2024-03-16,cerrado
EV000258,SOP043-000127,2024-03-15,abierto
EV000259,SOP043-000127,2024-03-16,cerrado
EV000260,SOP043-000128,2024-03-16,abierto
EV000261,SOP043-000128,2024-03-17,cerrado
EV000262,SOP043-000129,2024-03-17,abierto
EV000263,SOP043-000129,2024-03-18,cerrado
EV000264,SOP043-000130,2024-03-17,abierto
EV000265,SOP043-000131,2024-03-18,abierto
EV000266,SOP043-000131,2024-03-19,cerrado
EV000267,SOP043-000132,2024-03-18,abierto
EV000268,SOP043-000132,2024-03-19,cerrado
EV000269,SOP043-000133,2024-03-19,abierto
EV000270,SOP043-000133,2024-03-20,cerrado
EV000271,SOP043-000134,2024-03-20,abierto
EV000272,SOP043-000134,2024-03-21,cerrado
EV000273,SOP043-000135,2024-03-20,abierto
EV000274,SOP043-000135,2024-03-21,cerrado
EV000275,SOP043-000136,2024-03-21,abierto
EV000276,SOP043-000136,2024-03-22,cerrado
EV000277,SOP043-000137,2024-03-21,abierto
EV000278,SOP043-000137,2024-03-22,cerrado
EV000279,SOP043-000138,2024-03-22,abierto
EV000280,SOP043-000138,2024-03-23,cerrado
EV000281,SOP043-000139,2024-03-23,abierto
EV000282,SOP043-000139,2024-03-24,cerrado
EV000283,SOP043-000140,2024-03-23,abierto
EV000284,SOP043-000140,2024-03-24,cerrado
EV000285,SOP043-000141,2024-03-24,abierto
EV000286,SOP043-000141,2024-03-25,cerrado
EV000287,SOP043-000142,2024-03-24,abierto
EV000288,SOP043-000142,2024-03-25,cerrado
EV000289,SOP043-000143,2024-03-25,abierto
EV000290,SOP043-000144,2024-03-25,abierto
EV000291,SOP043-000145,2024-03-26,abierto
EV000292,SOP043-000145,2024-03-28,cerrado
EV000293,SOP043-000146,2024-03-27,abierto
EV000294,SOP043-000146,2024-03-28,cerrado
EV000295,SOP043-000146,2024-03-29,abierto
EV000296,SOP043-000146,2024-03-31,cerrado
EV000297,SOP043-000147,2024-03-27,abierto
EV000298,SOP043-000147,2024-03-28,cerrado
EV000299,SOP043-000148,2024-03-28,abierto
EV000300,SOP043-000148,2024-03-30,cerrado
EV000301,SOP043-000149,2024-03-28,abierto
EV000302,SOP043-000149,2024-03-29,cerrado
EV000303,SOP043-000149,2024-03-30,abierto
EV000304,SOP043-000149,2024-04-01,cerrado
EV000305,SOP043-000150,2024-03-29,abierto
EV000306,SOP043-000150,2024-03-31,cerrado
EV000307,SOP043-000151,2024-03-30,abierto
EV000308,SOP043-000151,2024-03-31,cerrado
EV000309,SOP043-000151,2024-04-01,abierto
EV000310,SOP043-000151,2024-04-03,cerrado
EV000311,SOP043-000152,2024-03-30,abierto
EV000312,SOP043-000152,2024-03-31,cerrado
EV000313,SOP043-000153,2024-03-31,abierto
EV000314,SOP043-000153,2024-04-01,cerrado
EV000315,SOP043-000154,2024-03-31,abierto
EV000316,SOP043-000154,2024-04-01,cerrado
EV000317,SOP043-000155,2024-04-01,abierto
EV000318,SOP043-000155,2024-04-02,cerrado
EV000319,SOP043-000155,2024-04-03,abierto
EV000320,SOP043-000155,2024-04-05,cerrado
EV000321,SOP043-000156,2024-04-02,abierto
EV000322,SOP043-000156,2024-04-03,cerrado
EV000323,SOP043-000157,2024-04-02,abierto
EV000324,SOP043-000157,2024-04-03,cerrado
EV000325,SOP043-000158,2024-04-03,abierto
EV000326,SOP043-000158,2024-04-04,cerrado
EV000327,SOP043-000158,2024-04-05,abierto
EV000328,SOP043-000158,2024-04-07,cerrado
EV000329,SOP043-000159,2024-04-03,abierto
EV000330,SOP043-000159,2024-04-04,cerrado
EV000331,SOP043-000160,2024-04-04,abierto
EV000332,SOP043-000160,2024-04-05,cerrado
EV000333,SOP043-000161,2024-04-05,abierto
EV000334,SOP043-000161,2024-04-06,cerrado
EV000335,SOP043-000162,2024-04-05,abierto
EV000336,SOP043-000162,2024-04-06,cerrado
EV000337,SOP043-000163,2024-04-06,abierto
EV000338,SOP043-000163,2024-04-07,cerrado
EV000339,SOP043-000164,2024-04-06,abierto
EV000340,SOP043-000164,2024-04-07,cerrado
EV000341,SOP043-000165,2024-04-07,abierto
EV000342,SOP043-000165,2024-04-08,cerrado
EV000343,SOP043-000166,2024-04-08,abierto
EV000344,SOP043-000166,2024-04-09,cerrado
EV000345,SOP043-000167,2024-04-08,abierto
EV000346,SOP043-000167,2024-04-09,cerrado
EV000347,SOP043-000168,2024-04-09,abierto
EV000348,SOP043-000168,2024-04-10,cerrado
EV000349,SOP043-000169,2024-04-09,abierto
EV000350,SOP043-000170,2024-04-10,abierto
EV000351,SOP043-000170,2024-04-11,cerrado
EV000352,SOP043-000171,2024-04-11,abierto
EV000353,SOP043-000171,2024-04-12,cerrado
EV000354,SOP043-000172,2024-04-11,abierto
EV000355,SOP043-000172,2024-04-12,cerrado
EV000356,SOP043-000173,2024-04-12,abierto
EV000357,SOP043-000173,2024-04-14,cerrado
EV000358,SOP043-000174,2024-04-12,abierto
EV000359,SOP043-000174,2024-04-13,cerrado
EV000360,SOP043-000175,2024-04-13,abierto
EV000361,SOP043-000175,2024-04-14,cerrado
EV000362,SOP043-000176,2024-04-14,abierto
EV000363,SOP043-000177,2024-04-14,abierto
EV000364,SOP043-000178,2024-04-15,abierto
EV000365,SOP043-000178,2024-04-16,cerrado
EV000366,SOP043-000179,2024-04-15,abierto
EV000367,SOP043-000179,2024-04-16,cerrado
EV000368,SOP043-000180,2024-04-16,abierto
EV000369,SOP043-000180,2024-04-17,cerrado
EV000370,SOP043-000180,2024-04-18,abierto
EV000371,SOP043-000180,2024-04-21,cerrado
EV000372,SOP043-000181,2024-04-16,abierto
EV000373,SOP043-000181,2024-04-18,cerrado
EV000374,SOP043-000182,2024-04-17,abierto
EV000375,SOP043-000182,2024-04-18,cerrado
EV000376,SOP043-000183,2024-04-18,abierto
EV000377,SOP043-000183,2024-04-19,cerrado
EV000378,SOP043-000183,2024-04-20,abierto
EV000379,SOP043-000183,2024-04-22,cerrado
EV000380,SOP043-000184,2024-04-18,abierto
EV000381,SOP043-000184,2024-04-19,cerrado
EV000382,SOP043-000185,2024-04-19,abierto
EV000383,SOP043-000185,2024-04-20,cerrado
EV000384,SOP043-000185,2024-04-21,abierto
EV000385,SOP043-000185,2024-04-23,cerrado
EV000386,SOP043-000186,2024-04-19,abierto
EV000387,SOP043-000186,2024-04-20,cerrado
EV000388,SOP043-000187,2024-04-20,abierto
EV000389,SOP043-000187,2024-04-21,cerrado
EV000390,SOP043-000188,2024-04-21,abierto
EV000391,SOP043-000188,2024-04-22,cerrado
EV000392,SOP043-000189,2024-04-21,abierto
EV000393,SOP043-000189,2024-04-22,cerrado
EV000394,SOP043-000190,2024-04-22,abierto
EV000395,SOP043-000190,2024-04-23,cerrado
EV000396,SOP043-000191,2024-04-22,abierto
EV000397,SOP043-000192,2024-04-23,abierto
EV000398,SOP043-000192,2024-04-25,cerrado
EV000399,SOP043-000193,2024-04-24,abierto
EV000400,SOP043-000193,2024-04-25,cerrado
EV000401,SOP043-000194,2024-04-24,abierto
EV000402,SOP043-000195,2024-04-25,abierto
EV000403,SOP043-000195,2024-04-26,cerrado
EV000404,SOP043-000195,2024-04-27,abierto
EV000405,SOP043-000195,2024-04-29,cerrado
EV000406,SOP043-000196,2024-04-25,abierto
EV000407,SOP043-000196,2024-04-26,cerrado
EV000408,SOP043-000197,2024-04-26,abierto
EV000409,SOP043-000197,2024-04-28,cerrado
EV000410,SOP043-000198,2024-04-27,abierto
EV000411,SOP043-000198,2024-04-29,cerrado
EV000412,SOP043-000199,2024-04-27,abierto
EV000413,SOP043-000199,2024-04-28,cerrado
EV000414,SOP043-000200,2024-04-28,abierto
EV000415,SOP043-000200,2024-04-29,cerrado
EV000416,SOP043-000201,2024-04-28,abierto
EV000417,SOP043-000201,2024-04-30,cerrado
EV000418,SOP043-000202,2024-04-29,abierto
EV000419,SOP043-000203,2024-04-30,abierto
EV000420,SOP043-000203,2024-05-01,cerrado
EV000421,SOP043-000204,2024-04-30,abierto
EV000422,SOP043-000204,2024-05-01,cerrado
EV000423,SOP043-000205,2024-05-01,abierto
EV000424,SOP043-000205,2024-05-02,cerrado
EV000425,SOP043-000206,2024-05-01,abierto
EV000426,SOP043-000206,2024-05-02,cerrado
EV000427,SOP043-000207,2024-05-02,abierto
EV000428,SOP043-000207,2024-05-05,cerrado
EV000429,SOP043-000208,2024-05-03,abierto
EV000430,SOP043-000208,2024-05-04,cerrado
EV000431,SOP043-000209,2024-05-03,abierto
EV000432,SOP043-000209,2024-05-04,cerrado
EV000433,SOP043-000210,2024-05-04,abierto
EV000434,SOP043-000210,2024-05-06,cerrado
EV000435,SOP043-000211,2024-05-04,abierto
EV000436,SOP043-000211,2024-05-05,cerrado
EV000437,SOP043-000212,2024-05-05,abierto
EV000438,SOP043-000213,2024-05-05,abierto
EV000439,SOP043-000213,2024-05-06,cerrado
EV000440,SOP043-000214,2024-05-06,abierto
EV000441,SOP043-000214,2024-05-07,cerrado
EV000442,SOP043-000215,2024-05-07,abierto
EV000443,SOP043-000215,2024-05-08,cerrado
EV000444,SOP043-000216,2024-05-07,abierto
EV000445,SOP043-000216,2024-05-09,cerrado
EV000446,SOP043-000217,2024-05-08,abierto
EV000447,SOP043-000217,2024-05-09,cerrado
EV000448,SOP043-000218,2024-05-08,abierto
EV000449,SOP043-000218,2024-05-09,cerrado
EV000450,SOP043-000219,2024-05-09,abierto
EV000451,SOP043-000220,2024-05-10,abierto
EV000452,SOP043-000220,2024-05-11,cerrado
EV000453,SOP043-000221,2024-05-10,abierto
EV000454,SOP043-000222,2024-05-11,abierto
EV000455,SOP043-000222,2024-05-12,cerrado
EV000456,SOP043-000223,2024-05-11,abierto
EV000457,SOP043-000224,2024-05-12,abierto
EV000458,SOP043-000224,2024-05-13,cerrado
EV000459,SOP043-000225,2024-05-13,abierto
EV000460,SOP043-000225,2024-05-14,cerrado
EV000461,SOP043-000226,2024-05-13,abierto
EV000462,SOP043-000226,2024-05-14,cerrado
EV000463,SOP043-000227,2024-05-14,abierto
EV000464,SOP043-000227,2024-05-15,cerrado
EV000465,SOP043-000227,2024-05-16,abierto
EV000466,SOP043-000227,2024-05-18,cerrado
EV000467,SOP043-000228,2024-05-14,abierto
EV000468,SOP043-000229,2024-05-15,abierto
EV000469,SOP043-000229,2024-05-16,cerrado
EV000470,SOP043-000230,2024-05-16,abierto
EV000471,SOP043-000230,2024-05-18,cerrado
EV000472,SOP043-000231,2024-05-16,abierto
EV000473,SOP043-000231,2024-05-17,cerrado
EV000474,SOP043-000232,2024-05-17,abierto
EV000475,SOP043-000233,2024-05-17,abierto
EV000476,SOP043-000233,2024-05-18,cerrado
EV000477,SOP043-000234,2024-05-18,abierto
EV000478,SOP043-000234,2024-05-22,cerrado
EV000479,SOP043-000235,2024-05-19,abierto
EV000480,SOP043-000235,2024-05-20,cerrado
EV000481,SOP043-000236,2024-05-19,abierto
EV000482,SOP043-000237,2024-05-20,abierto
EV000483,SOP043-000237,2024-05-23,cerrado
EV000484,SOP043-000238,2024-05-20,abierto
EV000485,SOP043-000238,2024-05-21,cerrado
EV000486,SOP043-000239,2024-05-21,abierto
EV000487,SOP043-000240,2024-05-22,abierto
EV000488,SOP043-000240,2024-05-23,cerrado
EV000489,SOP043-000241,2024-05-22,abierto
EV000490,SOP043-000241,2024-05-23,cerrado
EV000491,SOP043-000242,2024-05-23,abierto
EV000492,SOP043-000243,2024-05-23,abierto
EV000493,SOP043-000244,2024-05-24,abierto
EV000494,SOP043-000244,2024-05-25,cerrado
EV000495,SOP043-000244,2024-05-26,abierto
EV000496,SOP043-000244,2024-05-28,cerrado
EV000497,SOP043-000245,2024-05-25,abierto
EV000498,SOP043-000245,2024-05-26,cerrado
EV000499,SOP043-000245,2024-05-27,abierto
EV000500,SOP043-000245,2024-05-29,cerrado
EV000501,SOP043-000246,2024-05-25,abierto
EV000502,SOP043-000247,2024-05-26,abierto
EV000503,SOP043-000247,2024-05-27,cerrado
EV000504,SOP043-000248,2024-05-26,abierto
EV000505,SOP043-000248,2024-05-27,cerrado
EV000506,SOP043-000249,2024-05-27,abierto
EV000507,SOP043-000249,2024-05-28,cerrado
EV000508,SOP043-000249,2024-05-29,abierto
EV000509,SOP043-000249,2024-05-31,cerrado
EV000510,SOP043-000250,2024-05-27,abierto
EV000511,SOP043-000250,2024-05-28,cerrado
EV000512,SOP043-000251,2024-05-28,abierto
EV000513,SOP043-000251,2024-05-29,cerrado
EV000514,SOP043-000252,2024-05-29,abierto
EV000515,SOP043-000252,2024-05-30,cerrado
EV000516,SOP043-000253,2024-05-29,abierto
EV000517,SOP043-000253,2024-05-30,cerrado
EV000518,SOP043-000254,2024-05-30,abierto
EV000519,SOP043-000254,2024-05-31,cerrado
EV000520,SOP043-000255,2024-05-30,abierto
EV000521,SOP043-000255,2024-05-31,cerrado
EV000522,SOP043-000256,2024-05-31,abierto
EV000523,SOP043-000256,2024-06-01,cerrado
EV000524,SOP043-000257,2024-06-01,abierto
EV000525,SOP043-000257,2024-06-02,cerrado
EV000526,SOP043-000258,2024-06-01,abierto
EV000527,SOP043-000258,2024-06-02,cerrado
EV000528,SOP043-000259,2024-06-02,abierto
EV000529,SOP043-000259,2024-06-03,cerrado
EV000530,SOP043-000260,2024-06-02,abierto
EV000531,SOP043-000260,2024-06-04,cerrado
EV000532,SOP043-000261,2024-06-03,abierto
EV000533,SOP043-000261,2024-06-05,cerrado
EV000534,SOP043-000262,2024-06-04,abierto
EV000535,SOP043-000262,2024-06-05,cerrado
EV000536,SOP043-000263,2024-06-04,abierto
EV000537,SOP043-000263,2024-06-05,cerrado
EV000538,SOP043-000264,2024-06-05,abierto
EV000539,SOP043-000264,2024-06-06,cerrado
EV000540,SOP043-000265,2024-06-05,abierto
EV000541,SOP043-000265,2024-06-06,cerrado
EV000542,SOP043-000265,2024-06-07,abierto
EV000543,SOP043-000265,2024-06-09,cerrado
EV000544,SOP043-000266,2024-06-06,abierto
EV000545,SOP043-000266,2024-06-08,cerrado
EV000546,SOP043-000267,2024-06-07,abierto
EV000547,SOP043-000267,2024-06-12,cerrado
EV000548,SOP043-000268,2024-06-07,abierto
EV000549,SOP043-000268,2024-06-08,cerrado
EV000550,SOP043-000269,2024-06-08,abierto
EV000551,SOP043-000269,2024-06-09,cerrado
EV000552,SOP043-000270,2024-06-08,abierto
EV000553,SOP043-000270,2024-06-09,cerrado
EV000554,SOP043-000271,2024-06-09,abierto
EV000555,SOP043-000271,2024-06-10,cerrado
EV000556,SOP043-000271,2024-06-11,abierto
EV000557,SOP043-000271,2024-06-13,cerrado
EV000558,SOP043-000272,2024-06-10,abierto
EV000559,SOP043-000272,2024-06-11,cerrado
EV000560,SOP043-000273,2024-06-10,abierto
EV000561,SOP043-000273,2024-06-11,cerrado
EV000562,SOP043-000274,2024-06-11,abierto
EV000563,SOP043-000274,2024-06-14,cerrado
EV000564,SOP043-000275,2024-06-11,abierto
EV000565,SOP043-000275,2024-06-12,cerrado
EV000566,SOP043-000276,2024-06-12,abierto
EV000567,SOP043-000276,2024-06-13,cerrado
EV000568,SOP043-000277,2024-06-13,abierto
EV000569,SOP043-000277,2024-06-15,cerrado
EV000570,SOP043-000278,2024-06-13,abierto
EV000571,SOP043-000278,2024-06-14,cerrado
EV000572,SOP043-000279,2024-06-14,abierto
EV000573,SOP043-000279,2024-06-15,cerrado
EV000574,SOP043-000280,2024-06-14,abierto
EV000575,SOP043-000280,2024-06-15,cerrado
EV000576,SOP043-000281,2024-06-15,abierto
EV000577,SOP043-000281,2024-06-16,cerrado
EV000578,SOP043-000282,2024-06-16,abierto
EV000579,SOP043-000282,2024-06-17,cerrado
EV000580,SOP043-000283,2024-06-16,abierto
EV000581,SOP043-000283,2024-06-17,cerrado
EV000582,SOP043-000284,2024-06-17,abierto
EV000583,SOP043-000284,2024-06-18,cerrado
EV000584,SOP043-000285,2024-06-17,abierto
EV000585,SOP043-000286,2024-06-18,abierto
EV000586,SOP043-000287,2024-06-18,abierto
EV000587,SOP043-000287,2024-06-19,cerrado
EV000588,SOP043-000288,2024-06-19,abierto
EV000589,SOP043-000288,2024-06-21,cerrado
EV000590,SOP043-000289,2024-06-20,abierto
EV000591,SOP043-000289,2024-06-21,cerrado
EV000592,SOP043-000290,2024-06-20,abierto
EV000593,SOP043-000291,2024-06-21,abierto
EV000594,SOP043-000291,2024-06-22,cerrado
EV000595,SOP043-000292,2024-06-21,abierto
EV000596,SOP043-000293,2024-06-22,abierto
EV000597,SOP043-000293,2024-06-23,cerrado
EV000598,SOP043-000293,2024-06-24,abierto
EV000599,SOP043-000293,2024-06-26,cerrado
EV000600,SOP043-000294,2024-06-23,abierto
EV000601,SOP043-000294,2024-06-24,cerrado
EV000602,SOP043-000294,2024-06-25,abierto
EV000603,SOP043-000294,2024-06-27,cerrado
EV000604,SOP043-000295,2024-06-23,abierto
EV000605,SOP043-000295,2024-06-24,cerrado
EV000606,SOP043-000296,2024-06-24,abierto
EV000607,SOP043-000296,2024-06-25,cerrado
EV000608,SOP043-000297,2024-06-24,abierto
EV000609,SOP043-000297,2024-06-25,cerrado
EV000610,SOP043-000298,2024-06-25,abierto
EV000611,SOP043-000298,2024-06-26,cerrado
EV000612,SOP043-000299,2024-06-26,abierto
EV000613,SOP043-000299,2024-06-27,cerrado
EV000614,SOP043-000300,2024-06-26,abierto
EV000615,SOP043-000300,2024-06-27,cerrado
EV000616,SOP043-000301,2024-06-27,abierto
EV000617,SOP043-000301,2024-06-28,cerrado
EV000618,SOP043-000301,2024-06-29,abierto
EV000619,SOP043-000301,2024-07-01,cerrado
EV000620,SOP043-000302,2024-06-27,abierto
EV000621,SOP043-000302,2024-06-28,cerrado
EV000622,SOP043-000303,2024-06-28,abierto
EV000623,SOP043-000303,2024-06-29,cerrado
EV000624,SOP043-000304,2024-06-29,abierto
EV000625,SOP043-000305,2024-06-29,abierto
EV000626,SOP043-000305,2024-06-30,cerrado
EV000627,SOP043-000306,2024-06-30,abierto
EV000628,SOP043-000307,2024-06-30,abierto
EV000629,SOP043-000307,2024-07-01,cerrado
EV000630,SOP043-000308,2024-07-01,abierto
EV000631,SOP043-000308,2024-07-02,cerrado
EV000632,SOP043-000309,2024-07-02,abierto
EV000633,SOP043-000309,2024-07-03,cerrado
EV000634,SOP043-000310,2024-07-02,abierto
EV000635,SOP043-000310,2024-07-03,cerrado
EV000636,SOP043-000310,2024-07-04,abierto
EV000637,SOP043-000310,2024-07-06,cerrado
EV000638,SOP043-000311,2024-07-03,abierto
EV000639,SOP043-000311,2024-07-04,cerrado
EV000640,SOP043-000312,2024-07-03,abierto
EV000641,SOP043-000313,2024-07-04,abierto
EV000642,SOP043-000313,2024-07-05,cerrado
EV000643,SOP043-000314,2024-07-05,abierto
EV000644,SOP043-000314,2024-07-06,cerrado
EV000645,SOP043-000315,2024-07-05,abierto
EV000646,SOP043-000315,2024-07-06,cerrado
EV000647,SOP043-000315,2024-07-07,abierto
EV000648,SOP043-000315,2024-07-12,cerrado
EV000649,SOP043-000316,2024-07-06,abierto
EV000650,SOP043-000316,2024-07-07,cerrado
EV000651,SOP043-000316,2024-07-08,abierto
EV000652,SOP043-000316,2024-07-10,cerrado
EV000653,SOP043-000317,2024-07-06,abierto
EV000654,SOP043-000317,2024-07-07,cerrado
EV000655,SOP043-000317,2024-07-08,abierto
EV000656,SOP043-000317,2024-07-10,cerrado
EV000657,SOP043-000318,2024-07-07,abierto
EV000658,SOP043-000318,2024-07-10,cerrado
EV000659,SOP043-000319,2024-07-07,abierto
EV000660,SOP043-000319,2024-07-09,cerrado
EV000661,SOP043-000320,2024-07-08,abierto
EV000662,SOP043-000320,2024-07-09,cerrado
EV000663,SOP043-000321,2024-07-09,abierto
EV000664,SOP043-000321,2024-07-11,cerrado
EV000665,SOP043-000322,2024-07-09,abierto
EV000666,SOP043-000323,2024-07-10,abierto
EV000667,SOP043-000323,2024-07-11,cerrado
EV000668,SOP043-000324,2024-07-10,abierto
EV000669,SOP043-000324,2024-07-11,cerrado
EV000670,SOP043-000325,2024-07-11,abierto
EV000671,SOP043-000325,2024-07-13,cerrado
EV000672,SOP043-000326,2024-07-12,abierto
EV000673,SOP043-000326,2024-07-13,cerrado
EV000674,SOP043-000327,2024-07-12,abierto
EV000675,SOP043-000327,2024-07-13,cerrado
EV000676,SOP043-000328,2024-07-13,abierto
EV000677,SOP043-000328,2024-07-14,cerrado
EV000678,SOP043-000329,2024-07-13,abierto
EV000679,SOP043-000329,2024-07-14,cerrado
EV000680,SOP043-000330,2024-07-14,abierto
EV000681,SOP043-000330,2024-07-16,cerrado
EV000682,SOP043-000331,2024-07-15,abierto
EV000683,SOP043-000331,2024-07-16,cerrado
EV000684,SOP043-000332,2024-07-15,abierto
EV000685,SOP043-000332,2024-07-16,cerrado
EV000686,SOP043-000333,2024-07-16,abierto
EV000687,SOP043-000333,2024-07-17,cerrado
EV000688,SOP043-000334,2024-07-16,abierto
EV000689,SOP043-000334,2024-07-18,cerrado
EV000690,SOP043-000335,2024-07-17,abierto
EV000691,SOP043-000335,2024-07-18,cerrado
EV000692,SOP043-000335,2024-07-19,abierto
EV000693,SOP043-000335,2024-07-21,cerrado
EV000694,SOP043-000336,2024-07-18,abierto
EV000695,SOP043-000336,2024-07-19,cerrado
EV000696,SOP043-000337,2024-07-18,abierto
EV000697,SOP043-000337,2024-07-19,cerrado
EV000698,SOP043-000338,2024-07-19,abierto
EV000699,SOP043-000338,2024-07-20,cerrado
EV000700,SOP043-000339,2024-07-19,abierto
EV000701,SOP043-000340,2024-07-20,abierto
EV000702,SOP043-000340,2024-07-21,cerrado
EV000703,SOP043-000341,2024-07-21,abierto
EV000704,SOP043-000341,2024-07-22,cerrado
EV000705,SOP043-000342,2024-07-21,abierto
EV000706,SOP043-000342,2024-07-22,cerrado
EV000707,SOP043-000343,2024-07-22,abierto
EV000708,SOP043-000343,2024-07-23,cerrado
EV000709,SOP043-000344,2024-07-22,abierto
EV000710,SOP043-000344,2024-07-23,cerrado
EV000711,SOP043-000344,2024-07-24,abierto
EV000712,SOP043-000344,2024-07-26,cerrado
EV000713,SOP043-000345,2024-07-23,abierto
EV000714,SOP043-000345,2024-07-24,cerrado
EV000715,SOP043-000346,2024-07-24,abierto
EV000716,SOP043-000346,2024-07-25,cerrado
EV000717,SOP043-000347,2024-07-24,abierto
EV000718,SOP043-000347,2024-07-25,cerrado
EV000719,SOP043-000348,2024-07-25,abierto
EV000720,SOP043-000348,2024-07-26,cerrado
EV000721,SOP043-000349,2024-07-25,abierto
EV000722,SOP043-000349,2024-07-26,cerrado
EV000723,SOP043-000349,2024-07-27,abierto
EV000724,SOP043-000349,2024-07-29,cerrado
EV000725,SOP043-000350,2024-07-26,abierto
EV000726,SOP043-000351,2024-07-27,abierto
EV000727,SOP043-000352,2024-07-27,abierto
EV000728,SOP043-000352,2024-07-28,cerrado
EV000729,SOP043-000353,2024-07-28,abierto
EV000730,SOP043-000353,2024-07-29,cerrado
EV000731,SOP043-000354,2024-07-28,abierto
EV000732,SOP043-000354,2024-07-29,cerrado
EV000733,SOP043-000355,2024-07-29,abierto
EV000734,SOP043-000355,2024-07-30,cerrado
EV000735,SOP043-000356,2024-07-29,abierto
EV000736,SOP043-000356,2024-07-30,cerrado
EV000737,SOP043-000357,2024-07-30,abierto
EV000738,SOP043-000358,2024-07-31,abierto
EV000739,SOP043-000358,2024-08-01,cerrado
EV000740,SOP043-000359,2024-07-31,abierto
EV000741,SOP043-000359,2024-08-01,cerrado
EV000742,SOP043-000360,2024-08-01,abierto
EV000743,SOP043-000360,2024-08-02,cerrado
EV000744,SOP043-000361,2024-08-01,abierto
EV000745,SOP043-000361,2024-08-02,cerrado
EV000746,SOP043-000361,2024-08-03,abierto
EV000747,SOP043-000361,2024-08-05,cerrado
EV000748,SOP043-000362,2024-08-02,abierto
EV000749,SOP043-000363,2024-08-03,abierto
EV000750,SOP043-000363,2024-08-04,cerrado
EV000751,SOP043-000364,2024-08-03,abierto
EV000752,SOP043-000364,2024-08-04,cerrado
EV000753,SOP043-000365,2024-08-04,abierto
EV000754,SOP043-000365,2024-08-05,cerrado
EV000755,SOP043-000366,2024-08-04,abierto
EV000756,SOP043-000366,2024-08-05,cerrado
EV000757,SOP043-000367,2024-08-05,abierto
EV000758,SOP043-000367,2024-08-06,cerrado
EV000759,SOP043-000368,2024-08-06,abierto
EV000760,SOP043-000368,2024-08-08,cerrado
EV000761,SOP043-000369,2024-08-06,abierto
EV000762,SOP043-000369,2024-08-07,cerrado
EV000763,SOP043-000370,2024-08-07,abierto
EV000764,SOP043-000370,2024-08-08,cerrado
EV000765,SOP043-000371,2024-08-07,abierto
EV000766,SOP043-000371,2024-08-08,cerrado
EV000767,SOP043-000371,2024-08-09,abierto
EV000768,SOP043-000371,2024-08-11,cerrado
EV000769,SOP043-000372,2024-08-08,abierto
EV000770,SOP043-000373,2024-08-09,abierto
EV000771,SOP043-000373,2024-08-11,cerrado
EV000772,SOP043-000374,2024-08-09,abierto
EV000773,SOP043-000374,2024-08-10,cerrado
EV000774,SOP043-000375,2024-08-10,abierto
EV000775,SOP043-000375,2024-08-11,cerrado
EV000776,SOP043-000376,2024-08-10,abierto
EV000777,SOP043-000376,2024-08-12,cerrado
EV000778,SOP043-000377,2024-08-11,abierto
EV000779,SOP043-000377,2024-08-12,cerrado
EV000780,SOP043-000377,2024-08-13,abierto
EV000781,SOP043-000377,2024-08-16,cerrado
EV000782,SOP043-000378,2024-08-12,abierto
EV000783,SOP043-000378,2024-08-14,cerrado
EV000784,SOP043-000379,2024-08-12,abierto
EV000785,SOP043-000379,2024-08-13,cerrado
EV000786,SOP043-000380,2024-08-13,abierto
EV000787,SOP043-000381,2024-08-13,abierto
EV000788,SOP043-000381,2024-08-14,cerrado
EV000789,SOP043-000382,2024-08-14,abierto
EV000790,SOP043-000382,2024-08-15,cerrado
EV000791,SOP043-000383,2024-08-15,abierto
EV000792,SOP043-000383,2024-08-16,cerrado
EV000793,SOP043-000384,2024-08-15,abierto
EV000794,SOP043-000384,2024-08-16,cerrado
EV000795,SOP043-000385,2024-08-16,abierto
EV000796,SOP043-000385,2024-08-17,cerrado
EV000797,SOP043-000386,2024-08-16,abierto
EV000798,SOP043-000386,2024-08-17,cerrado
EV000799,SOP043-000386,2024-08-18,abierto
EV000800,SOP043-000386,2024-08-20,cerrado
EV000801,SOP043-000387,2024-08-17,abierto
EV000802,SOP043-000388,2024-08-17,abierto
EV000803,SOP043-000388,2024-08-18,cerrado
EV000804,SOP043-000389,2024-08-18,abierto
EV000805,SOP043-000390,2024-08-19,abierto
EV000806,SOP043-000390,2024-08-20,cerrado
EV000807,SOP043-000391,2024-08-19,abierto
EV000808,SOP043-000391,2024-08-20,cerrado
EV000809,SOP043-000392,2024-08-20,abierto
EV000810,SOP043-000392,2024-08-21,cerrado
EV000811,SOP043-000393,2024-08-20,abierto
EV000812,SOP043-000393,2024-08-21,cerrado
EV000813,SOP043-000394,2024-08-21,abierto
EV000814,SOP043-000394,2024-08-22,cerrado
EV000815,SOP043-000395,2024-08-22,abierto
EV000816,SOP043-000396,2024-08-22,abierto
EV000817,SOP043-000396,2024-08-23,cerrado
EV000818,SOP043-000397,2024-08-23,abierto
EV000819,SOP043-000397,2024-08-24,cerrado
EV000820,SOP043-000398,2024-08-23,abierto
EV000821,SOP043-000398,2024-08-24,cerrado
EV000822,SOP043-000399,2024-08-24,abierto
EV000823,SOP043-000399,2024-08-25,cerrado
EV000824,SOP043-000400,2024-08-25,abierto
EV000825,SOP043-000400,2024-08-26,cerrado
EV000826,SOP043-000401,2024-08-25,abierto
EV000827,SOP043-000401,2024-08-26,cerrado
EV000828,SOP043-000401,2024-08-27,abierto
EV000829,SOP043-000401,2024-08-29,cerrado
EV000830,SOP043-000402,2024-08-26,abierto
EV000831,SOP043-000402,2024-08-27,cerrado
EV000832,SOP043-000402,2024-08-28,abierto
EV000833,SOP043-000402,2024-08-30,cerrado
EV000834,SOP043-000403,2024-08-26,abierto
EV000835,SOP043-000403,2024-08-27,cerrado
EV000836,SOP043-000404,2024-08-27,abierto
EV000837,SOP043-000405,2024-08-28,abierto
EV000838,SOP043-000405,2024-08-29,cerrado
EV000839,SOP043-000405,2024-08-30,abierto
EV000840,SOP043-000405,2024-09-01,cerrado
EV000841,SOP043-000406,2024-08-28,abierto
EV000842,SOP043-000406,2024-08-29,cerrado
EV000843,SOP043-000406,2024-08-30,abierto
EV000844,SOP043-000406,2024-09-01,cerrado
EV000845,SOP043-000407,2024-08-29,abierto
EV000846,SOP043-000407,2024-08-30,cerrado
EV000847,SOP043-000408,2024-08-29,abierto
EV000848,SOP043-000408,2024-08-30,cerrado
EV000849,SOP043-000408,2024-08-31,abierto
EV000850,SOP043-000408,2024-09-02,cerrado
EV000851,SOP043-000409,2024-08-30,abierto
EV000852,SOP043-000409,2024-08-31,cerrado
EV000853,SOP043-000410,2024-08-31,abierto
EV000854,SOP043-000410,2024-09-02,cerrado
EV000855,SOP043-000411,2024-08-31,abierto
EV000856,SOP043-000411,2024-09-01,cerrado
EV000857,SOP043-000412,2024-09-01,abierto
EV000858,SOP043-000412,2024-09-02,cerrado
EV000859,SOP043-000412,2024-09-03,abierto
EV000860,SOP043-000412,2024-09-06,cerrado
EV000861,SOP043-000413,2024-09-01,abierto
EV000862,SOP043-000413,2024-09-02,cerrado
EV000863,SOP043-000414,2024-09-02,abierto
EV000864,SOP043-000415,2024-09-03,abierto
EV000865,SOP043-000415,2024-09-04,cerrado
EV000866,SOP043-000416,2024-09-03,abierto
EV000867,SOP043-000417,2024-09-04,abierto
EV000868,SOP043-000417,2024-09-05,cerrado
EV000869,SOP043-000418,2024-09-04,abierto
EV000870,SOP043-000419,2024-09-05,abierto
EV000871,SOP043-000419,2024-09-06,cerrado
EV000872,SOP043-000420,2024-09-06,abierto
EV000873,SOP043-000420,2024-09-07,cerrado
EV000874,SOP043-000421,2024-09-06,abierto
EV000875,SOP043-000421,2024-09-07,cerrado
EV000876,SOP043-000422,2024-09-07,abierto
EV000877,SOP043-000422,2024-09-08,cerrado
EV000878,SOP043-000423,2024-09-07,abierto
EV000879,SOP043-000423,2024-09-08,cerrado
EV000880,SOP043-000424,2024-09-08,abierto
EV000881,SOP043-000424,2024-09-09,cerrado
EV000882,SOP043-000425,2024-09-08,abierto
EV000883,SOP043-000425,2024-09-09,cerrado
EV000884,SOP043-000426,2024-09-09,abierto
EV000885,SOP043-000427,2024-09-10,abierto
EV000886,SOP043-000427,2024-09-11,cerrado
EV000887,SOP043-000428,2024-09-10,abierto
EV000888,SOP043-000429,2024-09-11,abierto
EV000889,SOP043-000429,2024-09-12,cerrado
EV000890,SOP043-000430,2024-09-11,abierto
EV000891,SOP043-000430,2024-09-12,cerrado
EV000892,SOP043-000431,2024-09-12,abierto
EV000893,SOP043-000431,2024-09-13,cerrado
EV000894,SOP043-000432,2024-09-13,abierto
EV000895,SOP043-000432,2024-09-14,cerrado
EV000896,SOP043-000433,2024-09-13,abierto
EV000897,SOP043-000433,2024-09-14,cerrado
EV000898,SOP043-000434,2024-09-14,abierto
EV000899,SOP043-000434,2024-09-15,cerrado
EV000900,SOP043-000435,2024-09-14,abierto
EV000901,SOP043-000435,2024-09-15,cerrado
EV000902,SOP043-000435,2024-09-16,abierto
EV000903,SOP043-000435,2024-09-19,cerrado
EV000904,SOP043-000436,2024-09-15,abierto
EV000905,SOP043-000436,2024-09-16,cerrado
EV000906,SOP043-000437,2024-09-16,abierto
EV000907,SOP043-000437,2024-09-17,cerrado
EV000908,SOP043-000438,2024-09-16,abierto
EV000909,SOP043-000438,2024-09-17,cerrado
EV000910,SOP043-000439,2024-09-17,abierto
EV000911,SOP043-000440,2024-09-17,abierto
EV000912,SOP043-000440,2024-09-18,cerrado
EV000913,SOP043-000441,2024-09-18,abierto
EV000914,SOP043-000442,2024-09-19,abierto
EV000915,SOP043-000442,2024-09-20,cerrado
EV000916,SOP043-000443,2024-09-19,abierto
EV000917,SOP043-000443,2024-09-20,cerrado
EV000918,SOP043-000444,2024-09-20,abierto
EV000919,SOP043-000444,2024-09-21,cerrado
EV000920,SOP043-000445,2024-09-20,abierto
EV000921,SOP043-000445,2024-09-21,cerrado
EV000922,SOP043-000446,2024-09-21,abierto
EV000923,SOP043-000446,2024-09-22,cerrado
EV000924,SOP043-000446,2024-09-23,abierto
EV000925,SOP043-000446,2024-09-25,cerrado
EV000926,SOP043-000447,2024-09-22,abierto
EV000927,SOP043-000447,2024-09-23,cerrado
EV000928,SOP043-000448,2024-09-22,abierto
EV000929,SOP043-000449,2024-09-23,abierto
EV000930,SOP043-000449,2024-09-24,cerrado
EV000931,SOP043-000450,2024-09-23,abierto
EV000932,SOP043-000450,2024-09-24,cerrado
EV000933,SOP043-000451,2024-09-24,abierto
EV000934,SOP043-000451,2024-09-25,cerrado
EV000935,SOP043-000451,2024-09-26,abierto
EV000936,SOP043-000451,2024-09-28,cerrado
EV000937,SOP043-000452,2024-09-25,abierto
EV000938,SOP043-000452,2024-09-26,cerrado
EV000939,SOP043-000453,2024-09-25,abierto
EV000940,SOP043-000453,2024-09-26,cerrado
EV000941,SOP043-000454,2024-09-26,abierto
EV000942,SOP043-000454,2024-09-27,cerrado
EV000943,SOP043-000455,2024-09-26,abierto
EV000944,SOP043-000455,2024-09-27,cerrado
EV000945,SOP043-000456,2024-09-27,abierto
EV000946,SOP043-000456,2024-09-29,cerrado
EV000947,SOP043-000457,2024-09-28,abierto
EV000948,SOP043-000457,2024-09-29,cerrado
EV000949,SOP043-000458,2024-09-28,abierto
EV000950,SOP043-000458,2024-09-29,cerrado
EV000951,SOP043-000459,2024-09-29,abierto
EV000952,SOP043-000459,2024-09-30,cerrado
EV000953,SOP043-000460,2024-09-29,abierto
EV000954,SOP043-000460,2024-09-30,cerrado
EV000955,SOP043-000461,2024-09-30,abierto
EV000956,SOP043-000461,2024-10-01,cerrado
EV000957,SOP043-000462,2024-09-30,abierto
EV000958,SOP043-000463,2024-10-01,abierto
EV000959,SOP043-000464,2024-10-02,abierto
EV000960,SOP043-000464,2024-10-03,cerrado
EV000961,SOP043-000465,2024-10-02,abierto
EV000962,SOP043-000465,2024-10-03,cerrado
EV000963,SOP043-000466,2024-10-03,abierto
EV000964,SOP043-000466,2024-10-04,cerrado
EV000965,SOP043-000467,2024-10-03,abierto
EV000966,SOP043-000467,2024-10-04,cerrado
EV000967,SOP043-000468,2024-10-04,abierto
EV000968,SOP043-000469,2024-10-05,abierto
EV000969,SOP043-000469,2024-10-07,cerrado
EV000970,SOP043-000470,2024-10-05,abierto
EV000971,SOP043-000470,2024-10-06,cerrado
EV000972,SOP043-000471,2024-10-06,abierto
EV000973,SOP043-000471,2024-10-07,cerrado
EV000974,SOP043-000472,2024-10-06,abierto
EV000975,SOP043-000472,2024-10-07,cerrado
EV000976,SOP043-000473,2024-10-07,abierto
EV000977,SOP043-000473,2024-10-08,cerrado
EV000978,SOP043-000474,2024-10-08,abierto
EV000979,SOP043-000474,2024-10-09,cerrado
EV000980,SOP043-000475,2024-10-08,abierto
EV000981,SOP043-000475,2024-10-09,cerrado
EV000982,SOP043-000475,2024-10-10,abierto
EV000983,SOP043-000475,2024-10-12,cerrado
EV000984,SOP043-000476,2024-10-09,abierto
EV000985,SOP043-000476,2024-10-10,cerrado
EV000986,SOP043-000477,2024-10-09,abierto
EV000987,SOP043-000477,2024-10-11,cerrado
EV000988,SOP043-000478,2024-10-10,abierto
EV000989,SOP043-000478,2024-10-11,cerrado
EV000990,SOP043-000479,2024-10-11,abierto
EV000991,SOP043-000479,2024-10-12,cerrado
EV000992,SOP043-000480,2024-10-11,abierto
EV000993,SOP043-000480,2024-10-12,cerrado
EV000994,SOP043-000481,2024-10-12,abierto
EV000995,SOP043-000482,2024-10-12,abierto
EV000996,SOP043-000482,2024-10-13,cerrado
EV000997,SOP043-000483,2024-10-13,abierto
EV000998,SOP043-000483,2024-10-15,cerrado
EV000999,SOP043-000484,2024-10-14,abierto
EV001000,SOP043-000484,2024-10-15,cerrado
EV001001,SOP043-000485,2024-10-14,abierto
EV001002,SOP043-000485,2024-10-15,cerrado
EV001003,SOP043-000486,2024-10-15,abierto
EV001004,SOP043-000486,2024-10-16,cerrado
EV001005,SOP043-000487,2024-10-15,abierto
EV001006,SOP043-000487,2024-10-16,cerrado
EV001007,SOP043-000487,2024-10-17,abierto
EV001008,SOP043-000487,2024-10-19,cerrado
EV001009,SOP043-000488,2024-10-16,abierto
EV001010,SOP043-000488,2024-10-17,cerrado
EV001011,SOP043-000489,2024-10-17,abierto
EV001012,SOP043-000489,2024-10-18,cerrado
EV001013,SOP043-000490,2024-10-17,abierto
EV001014,SOP043-000490,2024-10-18,cerrado
EV001015,SOP043-000490,2024-10-19,abierto
EV001016,SOP043-000490,2024-10-21,cerrado
EV001017,SOP043-000491,2024-10-18,abierto
EV001018,SOP043-000491,2024-10-19,cerrado
EV001019,SOP043-000492,2024-10-18,abierto
EV001020,SOP043-000492,2024-10-19,cerrado
EV001021,SOP043-000493,2024-10-19,abierto
EV001022,SOP043-000493,2024-10-20,cerrado
EV001023,SOP043-000494,2024-10-19,abierto
EV001024,SOP043-000494,2024-10-20,cerrado
EV001025,SOP043-000495,2024-10-20,abierto
EV001026,SOP043-000495,2024-10-22,cerrado
EV001027,SOP043-000496,2024-10-21,abierto
EV001028,SOP043-000496,2024-10-22,cerrado
EV001029,SOP043-000497,2024-10-21,abierto
EV001030,SOP043-000497,2024-10-22,cerrado
EV001031,SOP043-000498,2024-10-22,abierto
EV001032,SOP043-000498,2024-10-23,cerrado
EV001033,SOP043-000499,2024-10-22,abierto
EV001034,SOP043-000499,2024-10-23,cerrado
EV001035,SOP043-000500,2024-10-23,abierto
EV001036,SOP043-000500,2024-10-24,cerrado
EV001037,SOP043-000501,2024-10-24,abierto
EV001038,SOP043-000501,2024-10-25,cerrado
EV001039,SOP043-000501,2024-10-26,abierto
EV001040,SOP043-000501,2024-10-29,cerrado
EV001041,SOP043-000502,2024-10-24,abierto
EV001042,SOP043-000502,2024-10-25,cerrado
EV001043,SOP043-000503,2024-10-25,abierto
EV001044,SOP043-000503,2024-10-26,cerrado
EV001045,SOP043-000504,2024-10-25,abierto
EV001046,SOP043-000504,2024-10-26,cerrado
EV001047,SOP043-000504,2024-10-27,abierto
EV001048,SOP043-000504,2024-10-29,cerrado
EV001049,SOP043-000505,2024-10-26,abierto
EV001050,SOP043-000505,2024-10-27,cerrado
EV001051,SOP043-000506,2024-10-27,abierto
EV001052,SOP043-000506,2024-10-28,cerrado
EV001053,SOP043-000507,2024-10-27,abierto
EV001054,SOP043-000507,2024-10-28,cerrado
EV001055,SOP043-000508,2024-10-28,abierto
EV001056,SOP043-000508,2024-10-29,cerrado
EV001057,SOP043-000508,2024-10-30,abierto
EV001058,SOP043-000508,2024-11-01,cerrado
EV001059,SOP043-000509,2024-10-28,abierto
EV001060,SOP043-000509,2024-10-29,cerrado
EV001061,SOP043-000510,2024-10-29,abierto
EV001062,SOP043-000510,2024-10-30,cerrado
EV001063,SOP043-000511,2024-10-30,abierto
EV001064,SOP043-000511,2024-10-31,cerrado
EV001065,SOP043-000511,2024-11-01,abierto
EV001066,SOP043-000511,2024-11-03,cerrado
EV001067,SOP043-000512,2024-10-30,abierto
EV001068,SOP043-000512,2024-10-31,cerrado
EV001069,SOP043-000512,2024-11-01,abierto
EV001070,SOP043-000512,2024-11-03,cerrado
EV001071,SOP043-000513,2024-10-31,abierto
EV001072,SOP043-000513,2024-11-01,cerrado
EV001073,SOP043-000514,2024-10-31,abierto
EV001074,SOP043-000514,2024-11-01,cerrado
EV001075,SOP043-000515,2024-11-01,abierto
EV001076,SOP043-000515,2024-11-02,cerrado
EV001077,SOP043-000516,2024-11-02,abierto
EV001078,SOP043-000516,2024-11-03,cerrado
EV001079,SOP043-000517,2024-11-02,abierto
EV001080,SOP043-000517,2024-11-03,cerrado
EV001081,SOP043-000517,2024-11-04,abierto
EV001082,SOP043-000517,2024-11-07,cerrado
EV001083,SOP043-000518,2024-11-03,abierto
EV001084,SOP043-000519,2024-11-03,abierto
EV001085,SOP043-000519,2024-11-04,cerrado
EV001086,SOP043-000520,2024-11-04,abierto
EV001087,SOP043-000520,2024-11-05,cerrado
EV001088,SOP043-000521,2024-11-05,abierto
EV001089,SOP043-000521,2024-11-06,cerrado
EV001090,SOP043-000521,2024-11-07,abierto
EV001091,SOP043-000521,2024-11-09,cerrado
EV001092,SOP043-000522,2024-11-05,abierto
EV001093,SOP043-000522,2024-11-06,cerrado
EV001094,SOP043-000522,2024-11-07,abierto
EV001095,SOP043-000522,2024-11-10,cerrado
EV001096,SOP043-000523,2024-11-06,abierto
EV001097,SOP043-000523,2024-11-07,cerrado
EV001098,SOP043-000524,2024-11-06,abierto
EV001099,SOP043-000524,2024-11-07,cerrado
EV001100,SOP043-000525,2024-11-07,abierto
EV001101,SOP043-000525,2024-11-08,cerrado
EV001102,SOP043-000526,2024-11-08,abierto
EV001103,SOP043-000526,2024-11-09,cerrado
EV001104,SOP043-000527,2024-11-08,abierto
EV001105,SOP043-000527,2024-11-09,cerrado
EV001106,SOP043-000527,2024-11-10,abierto
EV001107,SOP043-000527,2024-11-12,cerrado
EV001108,SOP043-000528,2024-11-09,abierto
EV001109,SOP043-000528,2024-11-10,cerrado
EV001110,SOP043-000529,2024-11-09,abierto
EV001111,SOP043-000530,2024-11-10,abierto
EV001112,SOP043-000530,2024-11-11,cerrado
EV001113,SOP043-000531,2024-11-10,abierto
EV001114,SOP043-000531,2024-11-11,cerrado
EV001115,SOP043-000532,2024-11-11,abierto
EV001116,SOP043-000532,2024-11-12,cerrado
EV001117,SOP043-000533,2024-11-12,abierto
EV001118,SOP043-000534,2024-11-12,abierto
EV001119,SOP043-000534,2024-11-13,cerrado
EV001120,SOP043-000535,2024-11-13,abierto
EV001121,SOP043-000536,2024-11-13,abierto
EV001122,SOP043-000536,2024-11-14,cerrado
EV001123,SOP043-000537,2024-11-14,abierto
EV001124,SOP043-000538,2024-11-15,abierto
EV001125,SOP043-000538,2024-11-16,cerrado
EV001126,SOP043-000539,2024-11-15,abierto
EV001127,SOP043-000539,2024-11-16,cerrado
EV001128,SOP043-000540,2024-11-16,abierto
EV001129,SOP043-000541,2024-11-16,abierto
EV001130,SOP043-000541,2024-11-17,cerrado
EV001131,SOP043-000542,2024-11-17,abierto
EV001132,SOP043-000542,2024-11-18,cerrado
EV001133,SOP043-000543,2024-11-18,abierto
EV001134,SOP043-000543,2024-11-19,cerrado
EV001135,SOP043-000544,2024-11-18,abierto
EV001136,SOP043-000544,2024-11-19,cerrado
EV001137,SOP043-000545,2024-11-19,abierto
EV001138,SOP043-000545,2024-11-20,cerrado
EV001139,SOP043-000546,2024-11-19,abierto
EV001140,SOP043-000546,2024-11-20,cerrado
EV001141,SOP043-000547,2024-11-20,abierto
EV001142,SOP043-000547,2024-11-21,cerrado
EV001143,SOP043-000548,2024-11-21,abierto
EV001144,SOP043-000548,2024-11-22,cerrado
EV001145,SOP043-000549,2024-11-21,abierto
EV001146,SOP043-000549,2024-11-22,cerrado
EV001147,SOP043-000550,2024-11-22,abierto
EV001148,SOP043-000550,2024-11-23,cerrado
EV001149,SOP043-000551,2024-11-22,abierto
EV001150,SOP043-000551,2024-11-23,cerrado
EV001151,SOP043-000552,2024-11-23,abierto
EV001152,SOP043-000552,2024-11-24,cerrado
EV001153,SOP043-000553,2024-11-24,abierto
EV001154,SOP043-000553,2024-11-25,cerrado
EV001155,SOP043-000554,2024-11-24,abierto
EV001156,SOP043-000555,2024-11-25,abierto
EV001157,SOP043-000556,2024-11-25,abierto
EV001158,SOP043-000556,2024-11-26,cerrado
EV001159,SOP043-000557,2024-11-26,abierto
EV001160,SOP043-000557,2024-11-27,cerrado
EV001161,SOP043-000557,2024-11-28,abierto
EV001162,SOP043-000557,2024-11-30,cerrado
EV001163,SOP043-000558,2024-11-27,abierto
EV001164,SOP043-000559,2024-11-27,abierto
EV001165,SOP043-000559,2024-11-28,cerrado
EV001166,SOP043-000560,2024-11-28,abierto
EV001167,SOP043-000560,2024-11-30,cerrado
EV001168,SOP043-000561,2024-11-28,abierto
EV001169,SOP043-000561,2024-12-02,cerrado
EV001170,SOP043-000562,2024-11-29,abierto
EV001171,SOP043-000562,2024-11-30,cerrado
EV001172,SOP043-000563,2024-11-30,abierto
EV001173,SOP043-000563,2024-12-01,cerrado
EV001174,SOP043-000564,2024-11-30,abierto
EV001175,SOP043-000564,2024-12-02,cerrado
EV001176,SOP043-000565,2024-12-01,abierto
EV001177,SOP043-000565,2024-12-02,cerrado
EV001178,SOP043-000566,2024-12-01,abierto
EV001179,SOP043-000566,2024-12-02,cerrado
EV001180,SOP043-000567,2024-12-02,abierto
EV001181,SOP043-000567,2024-12-03,cerrado
EV001182,SOP043-000567,2024-12-04,abierto
EV001183,SOP043-000567,2024-12-07,cerrado
EV001184,SOP043-000568,2024-12-02,abierto
EV001185,SOP043-000569,2024-12-03,abierto
EV001186,SOP043-000569,2024-12-04,cerrado
EV001187,SOP043-000570,2024-12-04,abierto
EV001188,SOP043-000571,2024-12-04,abierto
EV001189,SOP043-000571,2024-12-05,cerrado
EV001190,SOP043-000572,2024-12-05,abierto
EV001191,SOP043-000572,2024-12-06,cerrado
EV001192,SOP043-000573,2024-12-05,abierto
EV001193,SOP043-000573,2024-12-06,cerrado
EV001194,SOP043-000574,2024-12-06,abierto
EV001195,SOP043-000575,2024-12-07,abierto
EV001196,SOP043-000575,2024-12-08,cerrado
EV001197,SOP043-000575,2024-12-09,abierto
EV001198,SOP043-000575,2024-12-11,cerrado
EV001199,SOP043-000576,2024-12-07,abierto
EV001200,SOP043-000577,2024-12-08,abierto
EV001201,SOP043-000577,2024-12-10,cerrado
EV001202,SOP043-000578,2024-12-08,abierto
EV001203,SOP043-000578,2024-12-09,cerrado
EV001204,SOP043-000579,2024-12-09,abierto
EV001205,SOP043-000579,2024-12-10,cerrado
EV001206,SOP043-000580,2024-12-10,abierto
EV001207,SOP043-000580,2024-12-11,cerrado
EV001208,SOP043-000581,2024-12-10,abierto
EV001209,SOP043-000581,2024-12-11,cerrado
EV001210,SOP043-000582,2024-12-11,abierto
EV001211,SOP043-000583,2024-12-11,abierto
EV001212,SOP043-000583,2024-12-12,cerrado
EV001213,SOP043-000584,2024-12-12,abierto
EV001214,SOP043-000584,2024-12-13,cerrado
EV001215,SOP043-000585,2024-12-13,abierto
EV001216,SOP043-000585,2024-12-14,cerrado
EV001217,SOP043-000586,2024-12-13,abierto
EV001218,SOP043-000586,2024-12-14,cerrado
EV001219,SOP043-000587,2024-12-14,abierto
EV001220,SOP043-000587,2024-12-15,cerrado
EV001221,SOP043-000588,2024-12-14,abierto
EV001222,SOP043-000589,2024-12-15,abierto
EV001223,SOP043-000589,2024-12-16,cerrado
EV001224,SOP043-000589,2024-12-17,abierto
EV001225,SOP043-000589,2024-12-19,cerrado
EV001226,SOP043-000590,2024-12-16,abierto
EV001227,SOP043-000590,2024-12-18,cerrado
EV001228,SOP043-000591,2024-12-16,abierto
EV001229,SOP043-000591,2024-12-17,cerrado
EV001230,SOP043-000592,2024-12-17,abierto
EV001231,SOP043-000592,2024-12-18,cerrado
EV001232,SOP043-000593,2024-12-17,abierto
EV001233,SOP043-000593,2024-12-18,cerrado
EV001234,SOP043-000594,2024-12-18,abierto
EV001235,SOP043-000595,2024-12-19,abierto
EV001236,SOP043-000595,2024-12-20,cerrado
EV001237,SOP043-000596,2024-12-19,abierto
EV001238,SOP043-000596,2024-12-20,cerrado
EV001239,SOP043-000597,2024-12-20,abierto
EV001240,SOP043-000597,2024-12-21,cerrado
EV001241,SOP043-000598,2024-12-20,abierto
EV001242,SOP043-000598,2024-12-21,cerrado
EV001243,SOP043-000598,2024-12-22,abierto
EV001244,SOP043-000598,2024-12-24,cerrado
EV001245,SOP043-000599,2024-12-21,abierto
EV001246,SOP043-000599,2024-12-22,cerrado
EV001247,SOP043-000600,2024-12-21,abierto
EV001248,SOP043-000600,2024-12-22,cerrado
EV001249,SOP043-000600,2024-12-23,abierto
EV001250,SOP043-000600,2024-12-26,cerrado
EV001251,SOP043-000601,2024-12-22,abierto
EV001252,SOP043-000601,2024-12-23,cerrado
EV001253,SOP043-000602,2024-12-23,abierto
EV001254,SOP043-000603,2024-12-23,abierto
EV001255,SOP043-000603,2024-12-24,cerrado
EV001256,SOP043-000604,2024-12-24,abierto
EV001257,SOP043-000604,2024-12-25,cerrado
EV001258,SOP043-000605,2024-12-24,abierto
EV001259,SOP043-000605,2024-12-25,cerrado
EV001260,SOP043-000606,2024-12-25,abierto
EV001261,SOP043-000606,2024-12-26,cerrado
EV001262,SOP043-000607,2024-12-26,abierto
EV001263,SOP043-000607,2024-12-27,cerrado
EV001264,SOP043-000607,2024-12-28,abierto
EV001265,SOP043-000607,2024-12-30,cerrado
EV001266,SOP043-000608,2024-12-26,abierto
EV001267,SOP043-000608,2024-12-28,cerrado
EV001268,SOP043-000609,2024-12-27,abierto
EV001269,SOP043-000609,2024-12-28,cerrado
EV001270,SOP043-000610,2024-12-27,abierto
EV001271,SOP043-000611,2024-12-28,abierto
EV001272,SOP043-000611,2024-12-29,cerrado
EV001273,SOP043-000611,2024-12-30,abierto
EV001274,SOP043-000611,2025-01-01,cerrado
EV001275,SOP043-000612,2024-12-29,abierto
EV001276,SOP043-000612,2024-12-30,cerrado
EV001277,SOP043-000613,2024-12-29,abierto
EV001278,SOP043-000613,2024-12-30,cerrado
EV001279,SOP043-000613,2024-12-31,abierto
EV001280,SOP043-000613,2025-01-02,cerrado
EV001281,SOP043-000614,2024-12-30,abierto
EV001282,SOP043-000614,2025-01-01,cerrado
EV001283,SOP043-000615,2024-12-30,abierto
EV001284,SOP043-000615,2024-12-31,cerrado
EV001285,SOP043-000616,2024-12-31,abierto
EV001286,SOP043-000616,2025-01-01,cerrado
EV001287,SOP043-000617,2025-01-01,abierto
EV001288,SOP043-000617,2025-01-02,cerrado
EV001289,SOP043-000617,2025-01-03,abierto
EV001290,SOP043-000617,2025-01-05,cerrado
EV001291,SOP043-000618,2025-01-01,abierto
EV001292,SOP043-000618,2025-01-02,cerrado
EV001293,SOP043-000619,2025-01-02,abierto
EV001294,SOP043-000619,2025-01-03,cerrado
EV001295,SOP043-000620,2025-01-02,abierto
EV001296,SOP043-000620,2025-01-03,cerrado
EV001297,SOP043-000621,2025-01-03,abierto
EV001298,SOP043-000621,2025-01-04,cerrado
EV001299,SOP043-000622,2025-01-04,abierto
EV001300,SOP043-000622,2025-01-05,cerrado
EV001301,SOP043-000623,2025-01-04,abierto
EV001302,SOP043-000623,2025-01-05,cerrado
EV001303,SOP043-000624,2025-01-05,abierto
EV001304,SOP043-000624,2025-01-06,cerrado
EV001305,SOP043-000624,2025-01-07,abierto
EV001306,SOP043-000624,2025-01-10,cerrado
EV001307,SOP043-000625,2025-01-05,abierto
EV001308,SOP043-000625,2025-01-06,cerrado
EV001309,SOP043-000626,2025-01-06,abierto
EV001310,SOP043-000626,2025-01-07,cerrado
EV001311,SOP043-000627,2025-01-07,abierto
EV001312,SOP043-000627,2025-01-08,cerrado
EV001313,SOP043-000628,2025-01-07,abierto
EV001314,SOP043-000628,2025-01-08,cerrado
EV001315,SOP043-000629,2025-01-08,abierto
EV001316,SOP043-000630,2025-01-08,abierto
EV001317,SOP043-000630,2025-01-09,cerrado
EV001318,SOP043-000631,2025-01-09,abierto
EV001319,SOP043-000631,2025-01-10,cerrado
EV001320,SOP043-000632,2025-01-10,abierto
EV001321,SOP043-000632,2025-01-11,cerrado
EV001322,SOP043-000633,2025-01-10,abierto
EV001323,SOP043-000633,2025-01-11,cerrado
EV001324,SOP043-000634,2025-01-11,abierto
EV001325,SOP043-000634,2025-01-12,cerrado
EV001326,SOP043-000635,2025-01-11,abierto
EV001327,SOP043-000635,2025-01-12,cerrado
EV001328,SOP043-000636,2025-01-12,abierto
EV001329,SOP043-000636,2025-01-13,cerrado
EV001330,SOP043-000637,2025-01-12,abierto
EV001331,SOP043-000637,2025-01-13,cerrado
EV001332,SOP043-000638,2025-01-13,abierto
EV001333,SOP043-000639,2025-01-14,abierto
EV001334,SOP043-000639,2025-01-15,cerrado
EV001335,SOP043-000640,2025-01-14,abierto
EV001336,SOP043-000640,2025-01-15,cerrado
EV001337,SOP043-000640,2025-01-16,abierto
EV001338,SOP043-000640,2025-01-18,cerrado
EV001339,SOP043-000641,2025-01-15,abierto
EV001340,SOP043-000641,2025-01-16,cerrado
EV001341,SOP043-000642,2025-01-15,abierto
EV001342,SOP043-000642,2025-01-16,cerrado
EV001343,SOP043-000643,2025-01-16,abierto
EV001344,SOP043-000643,2025-01-17,cerrado
EV001345,SOP043-000644,2025-01-17,abierto
EV001346,SOP043-000644,2025-01-18,cerrado
EV001347,SOP043-000645,2025-01-17,abierto
EV001348,SOP043-000646,2025-01-18,abierto
EV001349,SOP043-000646,2025-01-19,cerrado
EV001350,SOP043-000647,2025-01-18,abierto
EV001351,SOP043-000647,2025-01-19,cerrado
EV001352,SOP043-000648,2025-01-19,abierto
EV001353,SOP043-000648,2025-01-24,cerrado
EV001354,SOP043-000649,2025-01-20,abierto
EV001355,SOP043-000649,2025-01-22,cerrado
EV001356,SOP043-000650,2025-01-20,abierto
EV001357,SOP043-000650,2025-01-21,cerrado
EV001358,SOP043-000651,2025-01-21,abierto
EV001359,SOP043-000652,2025-01-21,abierto
EV001360,SOP043-000652,2025-01-22,cerrado
EV001361,SOP043-000653,2025-01-22,abierto
EV001362,SOP043-000653,2025-01-23,cerrado
EV001363,SOP043-000654,2025-01-23,abierto
EV001364,SOP043-000654,2025-01-25,cerrado
EV001365,SOP043-000655,2025-01-23,abierto
EV001366,SOP043-000655,2025-01-24,cerrado
EV001367,SOP043-000656,2025-01-24,abierto
EV001368,SOP043-000656,2025-01-25,cerrado
EV001369,SOP043-000657,2025-01-24,abierto
EV001370,SOP043-000657,2025-01-25,cerrado
EV001371,SOP043-000658,2025-01-25,abierto
EV001372,SOP043-000658,2025-01-26,cerrado
EV001373,SOP043-000659,2025-01-26,abierto
EV001374,SOP043-000659,2025-01-27,cerrado
EV001375,SOP043-000660,2025-01-26,abierto
EV001376,SOP043-000660,2025-01-27,cerrado
EV001377,SOP043-000661,2025-01-27,abierto
EV001378,SOP043-000661,2025-01-28,cerrado
EV001379,SOP043-000662,2025-01-27,abierto
EV001380,SOP043-000662,2025-01-29,cerrado
EV001381,SOP043-000663,2025-01-28,abierto
EV001382,SOP043-000664,2025-01-29,abierto
EV001383,SOP043-000664,2025-01-30,cerrado
EV001384,SOP043-000665,2025-01-29,abierto
EV001385,SOP043-000665,2025-01-30,cerrado
EV001386,SOP043-000666,2025-01-30,abierto
EV001387,SOP043-000666,2025-01-31,cerrado
EV001388,SOP043-000667,2025-01-30,abierto
EV001389,SOP043-000667,2025-01-31,cerrado
EV001390,SOP043-000668,2025-01-31,abierto
EV001391,SOP043-000669,2025-01-31,abierto
EV001392,SOP043-000669,2025-02-01,cerrado
EV001393,SOP043-000670,2025-02-01,abierto
EV001394,SOP043-000670,2025-02-02,cerrado
EV001395,SOP043-000671,2025-02-02,abierto
EV001396,SOP043-000671,2025-02-03,cerrado
EV001397,SOP043-000672,2025-02-02,abierto
EV001398,SOP043-000672,2025-02-03,cerrado
EV001399,SOP043-000673,2025-02-03,abierto
EV001400,SOP043-000673,2025-02-04,cerrado
EV001401,SOP043-000674,2025-02-03,abierto
EV001402,SOP043-000675,2025-02-04,abierto
EV001403,SOP043-000675,2025-02-05,cerrado
EV001404,SOP043-000676,2025-02-05,abierto
EV001405,SOP043-000676,2025-02-06,cerrado
EV001406,SOP043-000676,2025-02-07,abierto
EV001407,SOP043-000676,2025-02-09,cerrado
EV001408,SOP043-000677,2025-02-05,abierto
EV001409,SOP043-000678,2025-02-06,abierto
EV001410,SOP043-000678,2025-02-07,cerrado
EV001411,SOP043-000679,2025-02-06,abierto
EV001412,SOP043-000679,2025-02-07,cerrado
EV001413,SOP043-000680,2025-02-07,abierto
EV001414,SOP043-000680,2025-02-08,cerrado
EV001415,SOP043-000681,2025-02-08,abierto
EV001416,SOP043-000681,2025-02-09,cerrado
EV001417,SOP043-000682,2025-02-08,abierto
EV001418,SOP043-000682,2025-02-09,cerrado
EV001419,SOP043-000683,2025-02-09,abierto
EV001420,SOP043-000683,2025-02-10,cerrado
EV001421,SOP043-000684,2025-02-09,abierto
EV001422,SOP043-000684,2025-02-10,cerrado
EV001423,SOP043-000685,2025-02-10,abierto
EV001424,SOP043-000685,2025-02-11,cerrado
EV001425,SOP043-000686,2025-02-11,abierto
EV001426,SOP043-000686,2025-02-12,cerrado
EV001427,SOP043-000687,2025-02-11,abierto
EV001428,SOP043-000687,2025-02-12,cerrado
EV001429,SOP043-000688,2025-02-12,abierto
EV001430,SOP043-000688,2025-02-13,cerrado
EV001431,SOP043-000689,2025-02-12,abierto
EV001432,SOP043-000689,2025-02-13,cerrado
EV001433,SOP043-000690,2025-02-13,abierto
EV001434,SOP043-000691,2025-02-14,abierto
EV001435,SOP043-000691,2025-02-15,cerrado
EV001436,SOP043-000692,2025-02-14,abierto
EV001437,SOP043-000692,2025-02-15,cerrado
EV001438,SOP043-000693,2025-02-15,abierto
EV001439,SOP043-000693,2025-02-16,cerrado
EV001440,SOP043-000694,2025-02-15,abierto
EV001441,SOP043-000694,2025-02-16,cerrado
EV001442,SOP043-000695,2025-02-16,abierto
EV001443,SOP043-000695,2025-02-17,cerrado
EV001444,SOP043-000695,2025-02-18,abierto
EV001445,SOP043-000695,2025-02-20,cerrado
EV001446,SOP043-000696,2025-02-17,abierto
EV001447,SOP043-000696,2025-02-18,cerrado
EV001448,SOP043-000697,2025-02-17,abierto
EV001449,SOP043-000697,2025-02-18,cerrado
EV001450,SOP043-000698,2025-02-18,abierto
EV001451,SOP043-000698,2025-02-20,cerrado
EV001452,SOP043-000699,2025-02-18,abierto
EV001453,SOP043-000700,2025-02-19,abierto
EV001454,SOP043-000701,2025-02-20,abierto
EV001455,SOP043-000702,2025-02-20,abierto
EV001456,SOP043-000702,2025-02-21,cerrado
EV001457,SOP043-000703,2025-02-21,abierto
EV001458,SOP043-000704,2025-02-21,abierto
EV001459,SOP043-000704,2025-02-22,cerrado
EV001460,SOP043-000705,2025-02-22,abierto
EV001461,SOP043-000705,2025-02-23,cerrado
EV001462,SOP043-000706,2025-02-22,abierto
EV001463,SOP043-000707,2025-02-23,abierto
EV001464,SOP043-000707,2025-02-24,cerrado
EV001465,SOP043-000708,2025-02-24,abierto
EV001466,SOP043-000708,2025-02-25,cerrado
EV001467,SOP043-000709,2025-02-24,abierto
EV001468,SOP043-000709,2025-02-25,cerrado
EV001469,SOP043-000710,2025-02-25,abierto
EV001470,SOP043-000710,2025-02-26,cerrado
EV001471,SOP043-000711,2025-02-25,abierto
EV001472,SOP043-000711,2025-02-26,cerrado
EV001473,SOP043-000712,2025-02-26,abierto
EV001474,SOP043-000712,2025-02-27,cerrado
EV001475,SOP043-000713,2025-02-27,abierto
EV001476,SOP043-000714,2025-02-27,abierto
EV001477,SOP043-000714,2025-02-28,cerrado
EV001478,SOP043-000715,2025-02-28,abierto
EV001479,SOP043-000715,2025-03-01,cerrado
EV001480,SOP043-000716,2025-02-28,abierto
EV001481,SOP043-000716,2025-03-01,cerrado
EV001482,SOP043-000717,2025-03-01,abierto
EV001483,SOP043-000717,2025-03-02,cerrado
EV001484,SOP043-000717,2025-03-03,abierto
EV001485,SOP043-000717,2025-03-05,cerrado
EV001486,SOP043-000718,2025-03-02,abierto
EV001487,SOP043-000719,2025-03-02,abierto
EV001488,SOP043-000719,2025-03-04,cerrado
EV001489,SOP043-000720,2025-03-03,abierto
EV001490,SOP043-000721,2025-03-03,abierto
EV001491,SOP043-000721,2025-03-04,cerrado
EV001492,SOP043-000722,2025-03-04,abierto
EV001493,SOP043-000722,2025-03-05,cerrado
EV001494,SOP043-000723,2025-03-05,abierto
EV001495,SOP043-000723,2025-03-07,cerrado
EV001496,SOP043-000724,2025-03-05,abierto
EV001497,SOP043-000724,2025-03-06,cerrado
EV001498,SOP043-000724,2025-03-07,abierto
EV001499,SOP043-000724,2025-03-09,cerrado
EV001500,SOP043-000725,2025-03-06,abierto
EV001501,SOP043-000725,2025-03-07,cerrado
EV001502,SOP043-000726,2025-03-06,abierto
EV001503,SOP043-000726,2025-03-07,cerrado
EV001504,SOP043-000727,2025-03-07,abierto
EV001505,SOP043-000727,2025-03-08,cerrado
EV001506,SOP043-000728,2025-03-08,abierto
EV001507,SOP043-000728,2025-03-09,cerrado
EV001508,SOP043-000729,2025-03-08,abierto
EV001509,SOP043-000729,2025-03-09,cerrado
EV001510,SOP043-000730,2025-03-09,abierto
EV001511,SOP043-000730,2025-03-10,cerrado
EV001512,SOP043-000731,2025-03-09,abierto
EV001513,SOP043-000731,2025-03-11,cerrado
EV001514,SOP043-000732,2025-03-10,abierto
EV001515,SOP043-000732,2025-03-11,cerrado
EV001516,SOP043-000733,2025-03-11,abierto
EV001517,SOP043-000733,2025-03-12,cerrado
EV001518,SOP043-000734,2025-03-11,abierto
EV001519,SOP043-000735,2025-03-12,abierto
EV001520,SOP043-000735,2025-03-13,cerrado
EV001521,SOP043-000736,2025-03-12,abierto
EV001522,SOP043-000736,2025-03-13,cerrado
EV001523,SOP043-000737,2025-03-13,abierto
EV001524,SOP043-000737,2025-03-14,cerrado
EV001525,SOP043-000738,2025-03-14,abierto
EV001526,SOP043-000738,2025-03-15,cerrado
EV001527,SOP043-000739,2025-03-14,abierto
EV001528,SOP043-000740,2025-03-15,abierto
EV001529,SOP043-000740,2025-03-16,cerrado
EV001530,SOP043-000741,2025-03-15,abierto
EV001531,SOP043-000741,2025-03-16,cerrado
EV001532,SOP043-000742,2025-03-16,abierto
EV001533,SOP043-000742,2025-03-17,cerrado
EV001534,SOP043-000742,2025-03-18,abierto
EV001535,SOP043-000742,2025-03-20,cerrado
EV001536,SOP043-000743,2025-03-16,abierto
EV001537,SOP043-000743,2025-03-17,cerrado
EV001538,SOP043-000743,2025-03-18,abierto
EV001539,SOP043-000743,2025-03-21,cerrado
EV001540,SOP043-000744,2025-03-17,abierto
EV001541,SOP043-000744,2025-03-18,cerrado
EV001542,SOP043-000745,2025-03-18,abierto
EV001543,SOP043-000746,2025-03-18,abierto
EV001544,SOP043-000746,2025-03-20,cerrado
EV001545,SOP043-000747,2025-03-19,abierto
EV001546,SOP043-000748,2025-03-19,abierto
EV001547,SOP043-000748,2025-03-20,cerrado
EV001548,SOP043-000749,2025-03-20,abierto
EV001549,SOP043-000749,2025-03-21,cerrado
EV001550,SOP043-000750,2025-03-21,abierto
EV001551,SOP043-000751,2025-03-21,abierto
EV001552,SOP043-000751,2025-03-22,cerrado
EV001553,SOP043-000752,2025-03-22,abierto
EV001554,SOP043-000752,2025-03-23,cerrado
EV001555,SOP043-000752,2025-03-24,abierto
EV001556,SOP043-000752,2025-03-28,cerrado
EV001557,SOP043-000753,2025-03-22,abierto
EV001558,SOP043-000753,2025-03-23,cerrado
EV001559,SOP043-000754,2025-03-23,abierto
EV001560,SOP043-000755,2025-03-24,abierto
EV001561,SOP043-000755,2025-03-25,cerrado
EV001562,SOP043-000756,2025-03-24,abierto
EV001563,SOP043-000757,2025-03-25,abierto
EV001564,SOP043-000758,2025-03-25,abierto
EV001565,SOP043-000758,2025-03-26,cerrado
EV001566,SOP043-000759,2025-03-26,abierto
EV001567,SOP043-000760,2025-03-27,abierto
EV001568,SOP043-000761,2025-03-27,abierto
EV001569,SOP043-000761,2025-03-30,cerrado
EV001570,SOP043-000762,2025-03-28,abierto
EV001571,SOP043-000762,2025-03-29,cerrado
EV001572,SOP043-000763,2025-03-28,abierto
EV001573,SOP043-000763,2025-03-29,cerrado
EV001574,SOP043-000764,2025-03-29,abierto
EV001575,SOP043-000764,2025-03-30,cerrado
EV001576,SOP043-000765,2025-03-30,abierto
EV001577,SOP043-000765,2025-03-31,cerrado
EV001578,SOP043-000766,2025-03-30,abierto
EV001579,SOP043-000766,2025-03-31,cerrado
EV001580,SOP043-000767,2025-03-31,abierto
EV001581,SOP043-000767,2025-04-01,cerrado
EV001582,SOP043-000768,2025-03-31,abierto
EV001583,SOP043-000768,2025-04-01,cerrado
EV001584,SOP043-000769,2025-04-01,abierto
EV001585,SOP043-000769,2025-04-02,cerrado
EV001586,SOP043-000770,2025-04-02,abierto
EV001587,SOP043-000771,2025-04-02,abierto
EV001588,SOP043-000771,2025-04-03,cerrado
EV001589,SOP043-000771,2025-04-04,abierto
EV001590,SOP043-000771,2025-04-07,cerrado
EV001591,SOP043-000772,2025-04-03,abierto
EV001592,SOP043-000772,2025-04-04,cerrado
EV001593,SOP043-000773,2025-04-03,abierto
EV001594,SOP043-000773,2025-04-04,cerrado
EV001595,SOP043-000774,2025-04-04,abierto
EV001596,SOP043-000775,2025-04-04,abierto
EV001597,SOP043-000775,2025-04-05,cerrado
EV001598,SOP043-000776,2025-04-05,abierto
EV001599,SOP043-000776,2025-04-06,cerrado
EV001600,SOP043-000777,2025-04-06,abierto
EV001601,SOP043-000777,2025-04-07,cerrado
EV001602,SOP043-000777,2025-04-08,abierto
EV001603,SOP043-000777,2025-04-10,cerrado
EV001604,SOP043-000778,2025-04-06,abierto
EV001605,SOP043-000778,2025-04-07,cerrado
EV001606,SOP043-000779,2025-04-07,abierto
EV001607,SOP043-000779,2025-04-08,cerrado
EV001608,SOP043-000779,2025-04-09,abierto
EV001609,SOP043-000779,2025-04-11,cerrado
EV001610,SOP043-000780,2025-04-07,abierto
EV001611,SOP043-000780,2025-04-09,cerrado
EV001612,SOP043-000781,2025-04-08,abierto
EV001613,SOP043-000781,2025-04-09,cerrado
EV001614,SOP043-000782,2025-04-09,abierto
EV001615,SOP043-000782,2025-04-10,cerrado
EV001616,SOP043-000783,2025-04-09,abierto
EV001617,SOP043-000783,2025-04-10,cerrado
EV001618,SOP043-000783,2025-04-11,abierto
EV001619,SOP043-000783,2025-04-15,cerrado
EV001620,SOP043-000784,2025-04-10,abierto
EV001621,SOP043-000784,2025-04-11,cerrado
EV001622,SOP043-000785,2025-04-10,abierto
EV001623,SOP043-000785,2025-04-12,cerrado
EV001624,SOP043-000786,2025-04-11,abierto
EV001625,SOP043-000786,2025-04-12,cerrado
EV001626,SOP043-000787,2025-04-12,abierto
EV001627,SOP043-000787,2025-04-13,cerrado
EV001628,SOP043-000788,2025-04-12,abierto
EV001629,SOP043-000788,2025-04-13,cerrado
EV001630,SOP043-000789,2025-04-13,abierto
EV001631,SOP043-000789,2025-04-14,cerrado
EV001632,SOP043-000790,2025-04-13,abierto
EV001633,SOP043-000790,2025-04-14,cerrado
EV001634,SOP043-000791,2025-04-14,abierto
EV001635,SOP043-000792,2025-04-15,abierto
EV001636,SOP043-000792,2025-04-20,cerrado
EV001637,SOP043-000793,2025-04-15,abierto
EV001638,SOP043-000793,2025-04-16,cerrado
EV001639,SOP043-000794,2025-04-16,abierto
EV001640,SOP043-000794,2025-04-17,cerrado
EV001641,SOP043-000794,2025-04-18,abierto
EV001642,SOP043-000794,2025-04-20,cerrado
EV001643,SOP043-000795,2025-04-16,abierto
EV001644,SOP043-000795,2025-04-17,cerrado
EV001645,SOP043-000796,2025-04-17,abierto
EV001646,SOP043-000797,2025-04-18,abierto
EV001647,SOP043-000797,2025-04-19,cerrado
EV001648,SOP043-000798,2025-04-18,abierto
EV001649,SOP043-000799,2025-04-19,abierto
EV001650,SOP043-000799,2025-04-20,cerrado
EV001651,SOP043-000800,2025-04-19,abierto
EV001652,SOP043-000800,2025-04-20,cerrado
EV001653,SOP043-000801,2025-04-20,abierto
EV001654,SOP043-000801,2025-04-21,cerrado
EV001655,SOP043-000802,2025-04-21,abierto
EV001656,SOP043-000802,2025-04-22,cerrado
EV001657,SOP043-000803,2025-04-21,abierto
EV001658,SOP043-000803,2025-04-22,cerrado
EV001659,SOP043-000804,2025-04-22,abierto
EV001660,SOP043-000804,2025-04-23,cerrado
EV001661,SOP043-000805,2025-04-22,abierto
EV001662,SOP043-000805,2025-04-23,cerrado
EV001663,SOP043-000806,2025-04-23,abierto
EV001664,SOP043-000806,2025-04-25,cerrado
EV001665,SOP043-000807,2025-04-24,abierto
EV001666,SOP043-000807,2025-04-25,cerrado
EV001667,SOP043-000808,2025-04-24,abierto
EV001668,SOP043-000808,2025-04-25,cerrado
EV001669,SOP043-000809,2025-04-25,abierto
EV001670,SOP043-000809,2025-04-26,cerrado
EV001671,SOP043-000810,2025-04-25,abierto
EV001672,SOP043-000810,2025-04-26,cerrado
EV001673,SOP043-000811,2025-04-26,abierto
EV001674,SOP043-000811,2025-04-27,cerrado
EV001675,SOP043-000811,2025-04-28,abierto
EV001676,SOP043-000811,2025-04-30,cerrado
EV001677,SOP043-000812,2025-04-26,abierto
EV001678,SOP043-000812,2025-04-27,cerrado
EV001679,SOP043-000813,2025-04-27,abierto
EV001680,SOP043-000814,2025-04-28,abierto
EV001681,SOP043-000814,2025-04-29,cerrado
EV001682,SOP043-000815,2025-04-28,abierto
EV001683,SOP043-000815,2025-04-30,cerrado
EV001684,SOP043-000816,2025-04-29,abierto
EV001685,SOP043-000816,2025-04-30,cerrado
EV001686,SOP043-000817,2025-04-29,abierto
EV001687,SOP043-000817,2025-04-30,cerrado
EV001688,SOP043-000818,2025-04-30,abierto
EV001689,SOP043-000818,2025-05-01,cerrado
EV001690,SOP043-000819,2025-05-01,abierto
EV001691,SOP043-000820,2025-05-01,abierto
EV001692,SOP043-000821,2025-05-02,abierto
EV001693,SOP043-000821,2025-05-03,cerrado
EV001694,SOP043-000821,2025-05-04,abierto
EV001695,SOP043-000821,2025-05-06,cerrado
EV001696,SOP043-000822,2025-05-02,abierto
EV001697,SOP043-000823,2025-05-03,abierto
EV001698,SOP043-000823,2025-05-04,cerrado
EV001699,SOP043-000824,2025-05-04,abierto
EV001700,SOP043-000824,2025-05-05,cerrado
EV001701,SOP043-000825,2025-05-04,abierto
EV001702,SOP043-000826,2025-05-05,abierto
EV001703,SOP043-000826,2025-05-06,cerrado
EV001704,SOP043-000827,2025-05-05,abierto
EV001705,SOP043-000827,2025-05-06,cerrado
EV001706,SOP043-000828,2025-05-06,abierto
EV001707,SOP043-000828,2025-05-07,cerrado
EV001708,SOP043-000829,2025-05-07,abierto
EV001709,SOP043-000829,2025-05-08,cerrado
EV001710,SOP043-000830,2025-05-07,abierto
EV001711,SOP043-000830,2025-05-08,cerrado
EV001712,SOP043-000831,2025-05-08,abierto
EV001713,SOP043-000831,2025-05-09,cerrado
EV001714,SOP043-000832,2025-05-08,abierto
EV001715,SOP043-000832,2025-05-09,cerrado
EV001716,SOP043-000833,2025-05-09,abierto
EV001717,SOP043-000833,2025-05-10,cerrado
EV001718,SOP043-000834,2025-05-10,abierto
EV001719,SOP043-000835,2025-05-10,abierto
EV001720,SOP043-000835,2025-05-11,cerrado
EV001721,SOP043-000836,2025-05-11,abierto
EV001722,SOP043-000836,2025-05-12,cerrado
EV001723,SOP043-000837,2025-05-11,abierto
EV001724,SOP043-000837,2025-05-12,cerrado
EV001725,SOP043-000838,2025-05-12,abierto
EV001726,SOP043-000838,2025-05-13,cerrado
EV001727,SOP043-000839,2025-05-13,abierto
EV001728,SOP043-000840,2025-05-13,abierto
EV001729,SOP043-000840,2025-05-14,cerrado
EV001730,SOP043-000841,2025-05-14,abierto
EV001731,SOP043-000841,2025-05-15,cerrado
EV001732,SOP043-000842,2025-05-14,abierto
EV001733,SOP043-000842,2025-05-15,cerrado
EV001734,SOP043-000843,2025-05-15,abierto
EV001735,SOP043-000843,2025-05-16,cerrado
EV001736,SOP043-000844,2025-05-16,abierto
EV001737,SOP043-000844,2025-05-17,cerrado
EV001738,SOP043-000845,2025-05-16,abierto
EV001739,SOP043-000845,2025-05-17,cerrado
EV001740,SOP043-000846,2025-05-17,abierto
EV001741,SOP043-000846,2025-05-18,cerrado
EV001742,SOP043-000846,2025-05-19,abierto
EV001743,SOP043-000846,2025-05-21,cerrado
EV001744,SOP043-000847,2025-05-17,abierto
EV001745,SOP043-000847,2025-05-18,cerrado
EV001746,SOP043-000848,2025-05-18,abierto
EV001747,SOP043-000849,2025-05-18,abierto
EV001748,SOP043-000849,2025-05-20,cerrado
EV001749,SOP043-000850,2025-05-19,abierto
EV001750,SOP043-000850,2025-05-20,cerrado
EV001751,SOP043-000851,2025-05-20,abierto
EV001752,SOP043-000852,2025-05-20,abierto
EV001753,SOP043-000852,2025-05-21,cerrado
EV001754,SOP043-000853,2025-05-21,abierto
EV001755,SOP043-000853,2025-05-22,cerrado
EV001756,SOP043-000854,2025-05-21,abierto
EV001757,SOP043-000854,2025-05-23,cerrado
EV001758,SOP043-000855,2025-05-22,abierto
EV001759,SOP043-000855,2025-05-23,cerrado
EV001760,SOP043-000855,2025-05-24,abierto
EV001761,SOP043-000855,2025-05-26,cerrado
EV001762,SOP043-000856,2025-05-23,abierto
EV001763,SOP043-000856,2025-05-24,cerrado
EV001764,SOP043-000857,2025-05-23,abierto
EV001765,SOP043-000857,2025-05-25,cerrado
EV001766,SOP043-000858,2025-05-24,abierto
EV001767,SOP043-000858,2025-05-27,cerrado
EV001768,SOP043-000859,2025-05-24,abierto
EV001769,SOP043-000859,2025-05-25,cerrado
EV001770,SOP043-000860,2025-05-25,abierto
EV001771,SOP043-000861,2025-05-26,abierto
EV001772,SOP043-000861,2025-05-28,cerrado
EV001773,SOP043-000862,2025-05-26,abierto
EV001774,SOP043-000863,2025-05-27,abierto
EV001775,SOP043-000863,2025-05-28,cerrado
EV001776,SOP043-000864,2025-05-27,abierto
EV001777,SOP043-000864,2025-05-28,cerrado
EV001778,SOP043-000865,2025-05-28,abierto
EV001779,SOP043-000865,2025-05-29,cerrado
EV001780,SOP043-000866,2025-05-29,abierto
EV001781,SOP043-000866,2025-05-30,cerrado
EV001782,SOP043-000867,2025-05-29,abierto
EV001783,SOP043-000867,2025-05-30,cerrado
EV001784,SOP043-000868,2025-05-30,abierto
EV001785,SOP043-000869,2025-05-30,abierto
EV001786,SOP043-000869,2025-05-31,cerrado
EV001787,SOP043-000870,2025-05-31,abierto
EV001788,SOP043-000870,2025-06-02,cerrado
EV001789,SOP043-000871,2025-06-01,abierto
EV001790,SOP043-000872,2025-06-01,abierto
EV001791,SOP043-000872,2025-06-02,cerrado
EV001792,SOP043-000873,2025-06-02,abierto
EV001793,SOP043-000873,2025-06-03,cerrado
EV001794,SOP043-000873,2025-06-04,abierto
EV001795,SOP043-000873,2025-06-06,cerrado
EV001796,SOP043-000874,2025-06-02,abierto
EV001797,SOP043-000874,2025-06-03,cerrado
EV001798,SOP043-000875,2025-06-03,abierto
EV001799,SOP043-000875,2025-06-04,cerrado
EV001800,SOP043-000876,2025-06-04,abierto
EV001801,SOP043-000876,2025-06-05,cerrado
EV001802,SOP043-000876,2025-06-06,abierto
EV001803,SOP043-000876,2025-06-08,cerrado
EV001804,SOP043-000877,2025-06-04,abierto
EV001805,SOP043-000877,2025-06-05,cerrado
EV001806,SOP043-000878,2025-06-05,abierto
EV001807,SOP043-000878,2025-06-06,cerrado
EV001808,SOP043-000879,2025-06-05,abierto
EV001809,SOP043-000880,2025-06-06,abierto
EV001810,SOP043-000880,2025-06-07,cerrado
EV001811,SOP043-000881,2025-06-06,abierto
EV001812,SOP043-000882,2025-06-07,abierto
EV001813,SOP043-000882,2025-06-10,cerrado
EV001814,SOP043-000883,2025-06-08,abierto
EV001815,SOP043-000883,2025-06-09,cerrado
EV001816,SOP043-000884,2025-06-08,abierto
EV001817,SOP043-000884,2025-06-09,cerrado
EV001818,SOP043-000885,2025-06-09,abierto
EV001819,SOP043-000885,2025-06-10,cerrado
EV001820,SOP043-000886,2025-06-09,abierto
EV001821,SOP043-000886,2025-06-10,cerrado
EV001822,SOP043-000887,2025-06-10,abierto
EV001823,SOP043-000887,2025-06-11,cerrado
EV001824,SOP043-000888,2025-06-11,abierto
EV001825,SOP043-000889,2025-06-11,abierto
EV001826,SOP043-000889,2025-06-12,cerrado
EV001827,SOP043-000890,2025-06-12,abierto
EV001828,SOP043-000890,2025-06-13,cerrado
EV001829,SOP043-000891,2025-06-12,abierto
EV001830,SOP043-000891,2025-06-13,cerrado
EV001831,SOP043-000892,2025-06-13,abierto
EV001832,SOP043-000892,2025-06-15,cerrado
EV001833,SOP043-000893,2025-06-14,abierto
EV001834,SOP043-000894,2025-06-14,abierto
EV001835,SOP043-000894,2025-06-15,cerrado
EV001836,SOP043-000895,2025-06-15,abierto
EV001837,SOP043-000895,2025-06-16,cerrado
EV001838,SOP043-000895,2025-06-17,abierto
EV001839,SOP043-000895,2025-06-19,cerrado
EV001840,SOP043-000896,2025-06-15,abierto
EV001841,SOP043-000896,2025-06-16,cerrado
EV001842,SOP043-000897,2025-06-16,abierto
EV001843,SOP043-000897,2025-06-17,cerrado
EV001844,SOP043-000898,2025-06-17,abierto
EV001845,SOP043-000898,2025-06-18,cerrado
EV001846,SOP043-000899,2025-06-17,abierto
EV001847,SOP043-000899,2025-06-18,cerrado
EV001848,SOP043-000900,2025-06-18,abierto
EV001849,SOP043-000901,2025-06-18,abierto
EV001850,SOP043-000901,2025-06-19,cerrado
EV001851,SOP043-000902,2025-06-19,abierto
EV001852,SOP043-000902,2025-06-21,cerrado
EV001853,SOP043-000903,2025-06-20,abierto
EV001854,SOP043-000903,2025-06-21,cerrado
EV001855,SOP043-000904,2025-06-20,abierto
EV001856,SOP043-000904,2025-06-21,cerrado
EV001857,SOP043-000905,2025-06-21,abierto
EV001858,SOP043-000905,2025-06-22,cerrado
EV001859,SOP043-000906,2025-06-21,abierto
EV001860,SOP043-000906,2025-06-22,cerrado
EV001861,SOP043-000907,2025-06-22,abierto
EV001862,SOP043-000907,2025-06-23,cerrado
EV001863,SOP043-000908,2025-06-23,abierto
EV001864,SOP043-000909,2025-06-23,abierto
EV001865,SOP043-000909,2025-06-24,cerrado
EV001866,SOP043-000910,2025-06-24,abierto
EV001867,SOP043-000910,2025-06-25,cerrado
EV001868,SOP043-000911,2025-06-24,abierto
EV001869,SOP043-000911,2025-06-26,cerrado
EV001870,SOP043-000912,2025-06-25,abierto
EV001871,SOP043-000912,2025-06-26,cerrado
EV001872,SOP043-000913,2025-06-26,abierto
EV001873,SOP043-000913,2025-06-27,cerrado
EV001874,SOP043-000914,2025-06-26,abierto
EV001875,SOP043-000915,2025-06-27,abierto
EV001876,SOP043-000915,2025-06-28,cerrado
EV001877,SOP043-000916,2025-06-27,abierto
EV001878,SOP043-000917,2025-06-28,abierto
EV001879,SOP043-000917,2025-06-29,cerrado
EV001880,SOP043-000917,2025-06-30,abierto
EV001881,SOP043-000917,2025-07-02,cerrado
EV001882,SOP043-000918,2025-06-28,abierto
EV001883,SOP043-000918,2025-06-29,cerrado
EV001884,SOP043-000919,2025-06-29,abierto
EV001885,SOP043-000919,2025-06-30,cerrado
EV001886,SOP043-000920,2025-06-30,abierto
EV001887,SOP043-000920,2025-07-01,cerrado
EV001888,SOP043-000921,2025-06-30,abierto
EV001889,SOP043-000921,2025-07-01,cerrado
EV001890,SOP043-000922,2025-07-01,abierto
EV001891,SOP043-000922,2025-07-02,cerrado
EV001892,SOP043-000923,2025-07-01,abierto
EV001893,SOP043-000924,2025-07-02,abierto
EV001894,SOP043-000925,2025-07-03,abierto
EV001895,SOP043-000925,2025-07-04,cerrado
EV001896,SOP043-000926,2025-07-03,abierto
EV001897,SOP043-000926,2025-07-04,cerrado
EV001898,SOP043-000927,2025-07-04,abierto
EV001899,SOP043-000928,2025-07-04,abierto
EV001900,SOP043-000929,2025-07-05,abierto
EV001901,SOP043-000930,2025-07-06,abierto
EV001902,SOP043-000930,2025-07-07,cerrado
EV001903,SOP043-000931,2025-07-06,abierto
EV001904,SOP043-000931,2025-07-07,cerrado
EV001905,SOP043-000932,2025-07-07,abierto
EV001906,SOP043-000932,2025-07-08,cerrado
EV001907,SOP043-000933,2025-07-07,abierto
EV001908,SOP043-000933,2025-07-11,cerrado
EV001909,SOP043-000934,2025-07-08,abierto
EV001910,SOP043-000934,2025-07-09,cerrado
EV001911,SOP043-000935,2025-07-09,abierto
EV001912,SOP043-000935,2025-07-10,cerrado
EV001913,SOP043-000936,2025-07-09,abierto
EV001914,SOP043-000936,2025-07-10,cerrado
EV001915,SOP043-000937,2025-07-10,abierto
EV001916,SOP043-000937,2025-07-11,cerrado
EV001917,SOP043-000938,2025-07-10,abierto
EV001918,SOP043-000938,2025-07-11,cerrado
EV001919,SOP043-000939,2025-07-11,abierto
EV001920,SOP043-000939,2025-07-13,cerrado
EV001921,SOP043-000940,2025-07-12,abierto
EV001922,SOP043-000941,2025-07-12,abierto
EV001923,SOP043-000941,2025-07-13,cerrado
EV001924,SOP043-000942,2025-07-13,abierto
EV001925,SOP043-000942,2025-07-16,cerrado
EV001926,SOP043-000943,2025-07-13,abierto
EV001927,SOP043-000943,2025-07-14,cerrado
EV001928,SOP043-000944,2025-07-14,abierto
EV001929,SOP043-000944,2025-07-15,cerrado
EV001930,SOP043-000945,2025-07-15,abierto
EV001931,SOP043-000945,2025-07-16,cerrado
EV001932,SOP043-000946,2025-07-15,abierto
EV001933,SOP043-000946,2025-07-16,cerrado
EV001934,SOP043-000947,2025-07-16,abierto
EV001935,SOP043-000948,2025-07-16,abierto
EV001936,SOP043-000949,2025-07-17,abierto
EV001937,SOP043-000949,2025-07-18,cerrado
EV001938,SOP043-000950,2025-07-17,abierto
EV001939,SOP043-000950,2025-07-18,cerrado
EV001940,SOP043-000951,2025-07-18,abierto
EV001941,SOP043-000951,2025-07-19,cerrado
EV001942,SOP043-000952,2025-07-19,abierto
EV001943,SOP043-000952,2025-07-24,cerrado
EV001944,SOP043-000953,2025-07-19,abierto
EV001945,SOP043-000954,2025-07-20,abierto
EV001946,SOP043-000954,2025-07-21,cerrado
EV001947,SOP043-000955,2025-07-20,abierto
EV001948,SOP043-000955,2025-07-21,cerrado
EV001949,SOP043-000956,2025-07-21,abierto
EV001950,SOP043-000956,2025-07-22,cerrado
EV001951,SOP043-000956,2025-07-23,abierto
EV001952,SOP043-000956,2025-07-25,cerrado
EV001953,SOP043-000957,2025-07-22,abierto
EV001954,SOP043-000957,2025-07-23,cerrado
EV001955,SOP043-000958,2025-07-22,abierto
EV001956,SOP043-000958,2025-07-23,cerrado
EV001957,SOP043-000959,2025-07-23,abierto
EV001958,SOP043-000959,2025-07-24,cerrado
EV001959,SOP043-000960,2025-07-23,abierto
EV001960,SOP043-000960,2025-07-24,cerrado
EV001961,SOP043-000961,2025-07-24,abierto
EV001962,SOP043-000961,2025-07-25,cerrado
EV001963,SOP043-000962,2025-07-25,abierto
EV001964,SOP043-000963,2025-07-25,abierto
EV001965,SOP043-000964,2025-07-26,abierto
EV001966,SOP043-000964,2025-07-27,cerrado
EV001967,SOP043-000965,2025-07-26,abierto
EV001968,SOP043-000965,2025-07-27,cerrado
EV001969,SOP043-000966,2025-07-27,abierto
EV001970,SOP043-000966,2025-07-28,cerrado
EV001971,SOP043-000967,2025-07-28,abierto
EV001972,SOP043-000967,2025-07-29,cerrado
EV001973,SOP043-000968,2025-07-28,abierto
EV001974,SOP043-000968,2025-07-29,cerrado
EV001975,SOP043-000969,2025-07-29,abierto
EV001976,SOP043-000969,2025-07-30,cerrado
EV001977,SOP043-000970,2025-07-29,abierto
EV001978,SOP043-000970,2025-07-30,cerrado
EV001979,SOP043-000971,2025-07-30,abierto
EV001980,SOP043-000971,2025-07-31,cerrado
EV001981,SOP043-000972,2025-07-31,abierto
EV001982,SOP043-000973,2025-07-31,abierto
EV001983,SOP043-000973,2025-08-01,cerrado
EV001984,SOP043-000974,2025-08-01,abierto
EV001985,SOP043-000974,2025-08-02,cerrado
EV001986,SOP043-000975,2025-08-01,abierto
EV001987,SOP043-000975,2025-08-03,cerrado
EV001988,SOP043-000976,2025-08-02,abierto
EV001989,SOP043-000976,2025-08-03,cerrado
EV001990,SOP043-000977,2025-08-03,abierto
EV001991,SOP043-000978,2025-08-03,abierto
EV001992,SOP043-000978,2025-08-04,cerrado
EV001993,SOP043-000978,2025-08-05,abierto
EV001994,SOP043-000978,2025-08-07,cerrado
EV001995,SOP043-000979,2025-08-04,abierto
EV001996,SOP043-000979,2025-08-05,cerrado
EV001997,SOP043-000980,2025-08-04,abierto
EV001998,SOP043-000980,2025-08-05,cerrado
EV001999,SOP043-000981,2025-08-05,abierto
EV002000,SOP043-000982,2025-08-06,abierto
EV002001,SOP043-000982,2025-08-08,cerrado
EV002002,SOP043-000983,2025-08-06,abierto
EV002003,SOP043-000983,2025-08-07,cerrado
EV002004,SOP043-000984,2025-08-07,abierto
EV002005,SOP043-000984,2025-08-08,cerrado
EV002006,SOP043-000985,2025-08-07,abierto
EV002007,SOP043-000986,2025-08-08,abierto
EV002008,SOP043-000987,2025-08-08,abierto
EV002009,SOP043-000987,2025-08-09,cerrado
EV002010,SOP043-000987,2025-08-10,abierto
EV002011,SOP043-000987,2025-08-12,cerrado
EV002012,SOP043-000988,2025-08-09,abierto
EV002013,SOP043-000988,2025-08-10,cerrado
EV002014,SOP043-000989,2025-08-10,abierto
EV002015,SOP043-000989,2025-08-11,cerrado
EV002016,SOP043-000990,2025-08-10,abierto
EV002017,SOP043-000990,2025-08-11,cerrado
EV002018,SOP043-000990,2025-08-12,abierto
EV002019,SOP043-000990,2025-08-14,cerrado
EV002020,SOP043-000991,2025-08-11,abierto
EV002021,SOP043-000991,2025-08-12,cerrado
EV002022,SOP043-000992,2025-08-11,abierto
EV002023,SOP043-000992,2025-08-12,cerrado
EV002024,SOP043-000993,2025-08-12,abierto
EV002025,SOP043-000993,2025-08-13,cerrado
EV002026,SOP043-000994,2025-08-13,abierto
EV002027,SOP043-000994,2025-08-14,cerrado
EV002028,SOP043-000995,2025-08-13,abierto
EV002029,SOP043-000995,2025-08-14,cerrado
EV002030,SOP043-000996,2025-08-14,abierto
EV002031,SOP043-000996,2025-08-15,cerrado
EV002032,SOP043-000997,2025-08-14,abierto
EV002033,SOP043-000998,2025-08-15,abierto
EV002034,SOP043-000999,2025-08-16,abierto
EV002035,SOP043-000999,2025-08-18,cerrado
EV002036,SOP043-001000,2025-08-16,abierto
EV002037,SOP043-001001,2025-08-17,abierto
EV002038,SOP043-001002,2025-08-17,abierto
EV002039,SOP043-001002,2025-08-19,cerrado
EV002040,SOP043-001003,2025-08-18,abierto
EV002041,SOP043-001003,2025-08-19,cerrado
EV002042,SOP043-001004,2025-08-19,abierto
EV002043,SOP043-001004,2025-08-20,cerrado
EV002044,SOP043-001004,2025-08-21,abierto
EV002045,SOP043-001004,2025-08-23,cerrado
EV002046,SOP043-001005,2025-08-19,abierto
EV002047,SOP043-001005,2025-08-20,cerrado
EV002048,SOP043-001006,2025-08-20,abierto
EV002049,SOP043-001006,2025-08-21,cerrado
EV002050,SOP043-001006,2025-08-22,abierto
EV002051,SOP043-001006,2025-08-24,cerrado
EV002052,SOP043-001007,2025-08-20,abierto
EV002053,SOP043-001007,2025-08-21,cerrado
EV002054,SOP043-001008,2025-08-21,abierto
EV002055,SOP043-001008,2025-08-22,cerrado
EV002056,SOP043-001009,2025-08-22,abierto
EV002057,SOP043-001009,2025-08-23,cerrado
EV002058,SOP043-001010,2025-08-22,abierto
EV002059,SOP043-001010,2025-08-23,cerrado
EV002060,SOP043-001011,2025-08-23,abierto
EV002061,SOP043-001012,2025-08-23,abierto
EV002062,SOP043-001013,2025-08-24,abierto
EV002063,SOP043-001014,2025-08-25,abierto
EV002064,SOP043-001014,2025-08-26,cerrado
EV002065,SOP043-001015,2025-08-25,abierto
EV002066,SOP043-001015,2025-08-26,cerrado
EV002067,SOP043-001016,2025-08-26,abierto
EV002068,SOP043-001016,2025-08-27,cerrado
EV002069,SOP043-001017,2025-08-26,abierto
EV002070,SOP043-001017,2025-08-28,cerrado
EV002071,SOP043-001018,2025-08-27,abierto
EV002072,SOP043-001018,2025-08-28,cerrado
EV002073,SOP043-001019,2025-08-28,abierto
EV002074,SOP043-001019,2025-08-29,cerrado
EV002075,SOP043-001020,2025-08-28,abierto
EV002076,SOP043-001020,2025-08-29,cerrado
EV002077,SOP043-001020,2025-08-30,abierto
EV002078,SOP043-001020,2025-09-01,cerrado
EV002079,SOP043-001021,2025-08-29,abierto
EV002080,SOP043-001021,2025-08-30,cerrado
EV002081,SOP043-001022,2025-08-29,abierto
EV002082,SOP043-001022,2025-08-31,cerrado
EV002083,SOP043-001023,2025-08-30,abierto
EV002084,SOP043-001024,2025-08-30,abierto
EV002085,SOP043-001024,2025-08-31,cerrado
EV002086,SOP043-001025,2025-08-31,abierto
EV002087,SOP043-001025,2025-09-02,cerrado
EV002088,SOP043-001026,2025-09-01,abierto
EV002089,SOP043-001026,2025-09-02,cerrado
EV002090,SOP043-001027,2025-09-01,abierto
EV002091,SOP043-001027,2025-09-03,cerrado
EV002092,SOP043-001028,2025-09-02,abierto
EV002093,SOP043-001029,2025-09-02,abierto
EV002094,SOP043-001029,2025-09-03,cerrado
EV002095,SOP043-001030,2025-09-03,abierto
EV002096,SOP043-001031,2025-09-04,abierto
EV002097,SOP043-001031,2025-09-05,cerrado
EV002098,SOP043-001032,2025-09-04,abierto
EV002099,SOP043-001032,2025-09-05,cerrado
EV002100,SOP043-001033,2025-09-05,abierto
EV002101,SOP043-001033,2025-09-06,cerrado
EV002102,SOP043-001034,2025-09-05,abierto
EV002103,SOP043-001035,2025-09-06,abierto
EV002104,SOP043-001035,2025-09-07,cerrado
EV002105,SOP043-001036,2025-09-07,abierto
EV002106,SOP043-001036,2025-09-08,cerrado
EV002107,SOP043-001036,2025-09-09,abierto
EV002108,SOP043-001036,2025-09-11,cerrado
EV002109,SOP043-001037,2025-09-07,abierto
EV002110,SOP043-001037,2025-09-08,cerrado
EV002111,SOP043-001038,2025-09-08,abierto
EV002112,SOP043-001038,2025-09-10,cerrado
EV002113,SOP043-001039,2025-09-08,abierto
EV002114,SOP043-001039,2025-09-09,cerrado
EV002115,SOP043-001039,2025-09-10,abierto
EV002116,SOP043-001039,2025-09-12,cerrado
EV002117,SOP043-001040,2025-09-09,abierto
EV002118,SOP043-001040,2025-09-10,cerrado
EV002119,SOP043-001041,2025-09-10,abierto
EV002120,SOP043-001041,2025-09-11,cerrado
EV002121,SOP043-001042,2025-09-10,abierto
EV002122,SOP043-001043,2025-09-11,abierto
EV002123,SOP043-001043,2025-09-12,cerrado
EV002124,SOP043-001044,2025-09-11,abierto
EV002125,SOP043-001044,2025-09-12,cerrado
EV002126,SOP043-001045,2025-09-12,abierto
EV002127,SOP043-001045,2025-09-13,cerrado
EV002128,SOP043-001046,2025-09-13,abierto
EV002129,SOP043-001047,2025-09-13,abierto
EV002130,SOP043-001047,2025-09-14,cerrado
EV002131,SOP043-001048,2025-09-14,abierto
EV002132,SOP043-001048,2025-09-15,cerrado
EV002133,SOP043-001049,2025-09-14,abierto
EV002134,SOP043-001049,2025-09-15,cerrado
EV002135,SOP043-001050,2025-09-15,abierto
EV002136,SOP043-001050,2025-09-16,cerrado
EV002137,SOP043-001051,2025-09-16,abierto
EV002138,SOP043-001051,2025-09-17,cerrado
EV002139,SOP043-001051,2025-09-18,abierto
EV002140,SOP043-001051,2025-09-22,cerrado
EV002141,SOP043-001052,2025-09-16,abierto
EV002142,SOP043-001052,2025-09-17,cerrado
EV002143,SOP043-001052,2025-09-18,abierto
EV002144,SOP043-001052,2025-09-20,cerrado
EV002145,SOP043-001053,2025-09-17,abierto
EV002146,SOP043-001053,2025-09-18,cerrado
EV002147,SOP043-001053,2025-09-19,abierto
EV002148,SOP043-001053,2025-09-21,cerrado
EV002149,SOP043-001054,2025-09-17,abierto
EV002150,SOP043-001054,2025-09-18,cerrado
EV002151,SOP043-001055,2025-09-18,abierto
EV002152,SOP043-001055,2025-09-19,cerrado
EV002153,SOP043-001056,2025-09-18,abierto
EV002154,SOP043-001056,2025-09-19,cerrado
EV002155,SOP043-001057,2025-09-19,abierto
EV002156,SOP043-001057,2025-09-20,cerrado
EV002157,SOP043-001058,2025-09-20,abierto
EV002158,SOP043-001059,2025-09-20,abierto
EV002159,SOP043-001059,2025-09-21,cerrado
EV002160,SOP043-001059,2025-09-22,abierto
EV002161,SOP043-001059,2025-09-24,cerrado
EV002162,SOP043-001060,2025-09-21,abierto
EV002163,SOP043-001061,2025-09-21,abierto
EV002164,SOP043-001061,2025-09-22,cerrado
EV002165,SOP043-001062,2025-09-22,abierto
EV002166,SOP043-001062,2025-09-23,cerrado
EV002167,SOP043-001063,2025-09-23,abierto
EV002168,SOP043-001064,2025-09-23,abierto
EV002169,SOP043-001064,2025-09-24,cerrado
EV002170,SOP043-001064,2025-09-25,abierto
EV002171,SOP043-001064,2025-09-27,cerrado
EV002172,SOP043-001065,2025-09-24,abierto
EV002173,SOP043-001065,2025-09-26,cerrado
EV002174,SOP043-001066,2025-09-24,abierto
EV002175,SOP043-001066,2025-09-25,cerrado
EV002176,SOP043-001067,2025-09-25,abierto
EV002177,SOP043-001068,2025-09-26,abierto
EV002178,SOP043-001068,2025-09-27,cerrado
EV002179,SOP043-001069,2025-09-26,abierto
EV002180,SOP043-001069,2025-09-27,cerrado
EV002181,SOP043-001070,2025-09-27,abierto
EV002182,SOP043-001070,2025-09-28,cerrado
EV002183,SOP043-001071,2025-09-27,abierto
EV002184,SOP043-001071,2025-09-28,cerrado
EV002185,SOP043-001072,2025-09-28,abierto
EV002186,SOP043-001072,2025-09-29,cerrado
EV002187,SOP043-001073,2025-09-29,abierto
EV002188,SOP043-001074,2025-09-29,abierto
EV002189,SOP043-001074,2025-09-30,cerrado
EV002190,SOP043-001074,2025-10-01,abierto
EV002191,SOP043-001074,2025-10-04,cerrado
EV002192,SOP043-001075,2025-09-30,abierto
EV002193,SOP043-001075,2025-10-01,cerrado
EV002194,SOP043-001076,2025-09-30,abierto
EV002195,SOP043-001077,2025-10-01,abierto
EV002196,SOP043-001077,2025-10-02,cerrado
EV002197,SOP043-001078,2025-10-02,abierto
EV002198,SOP043-001078,2025-10-03,cerrado
EV002199,SOP043-001079,2025-10-02,abierto
EV002200,SOP043-001079,2025-10-03,cerrado
EV002201,SOP043-001080,2025-10-03,abierto
EV002202,SOP043-001080,2025-10-04,cerrado
EV002203,SOP043-001081,2025-10-03,abierto
EV002204,SOP043-001081,2025-10-04,cerrado
EV002205,SOP043-001082,2025-10-04,abierto
EV002206,SOP043-001082,2025-10-05,cerrado
EV002207,SOP043-001083,2025-10-05,abierto
EV002208,SOP043-001083,2025-10-07,cerrado
EV002209,SOP043-001084,2025-10-05,abierto
EV002210,SOP043-001084,2025-10-06,cerrado
EV002211,SOP043-001085,2025-10-06,abierto
EV002212,SOP043-001085,2025-10-07,cerrado
EV002213,SOP043-001085,2025-10-08,abierto
EV002214,SOP043-001085,2025-10-10,cerrado
EV002215,SOP043-001086,2025-10-06,abierto
EV002216,SOP043-001086,2025-10-07,cerrado
EV002217,SOP043-001086,2025-10-08,abierto
EV002218,SOP043-001086,2025-10-11,cerrado
EV002219,SOP043-001087,2025-10-07,abierto
EV002220,SOP043-001087,2025-10-08,cerrado
EV002221,SOP043-001088,2025-10-08,abierto
EV002222,SOP043-001088,2025-10-10,cerrado
EV002223,SOP043-001089,2025-10-08,abierto
EV002224,SOP043-001089,2025-10-09,cerrado
EV002225,SOP043-001090,2025-10-09,abierto
EV002226,SOP043-001090,2025-10-10,cerrado
EV002227,SOP043-001091,2025-10-09,abierto
EV002228,SOP043-001092,2025-10-10,abierto
EV002229,SOP043-001092,2025-10-11,cerrado
EV002230,SOP043-001093,2025-10-10,abierto
EV002231,SOP043-001093,2025-10-11,cerrado
EV002232,SOP043-001094,2025-10-11,abierto
EV002233,SOP043-001095,2025-10-12,abierto
EV002234,SOP043-001095,2025-10-13,cerrado
EV002235,SOP043-001096,2025-10-12,abierto
EV002236,SOP043-001097,2025-10-13,abierto
EV002237,SOP043-001097,2025-10-14,cerrado
EV002238,SOP043-001098,2025-10-13,abierto
EV002239,SOP043-001098,2025-10-15,cerrado
EV002240,SOP043-001099,2025-10-14,abierto
EV002241,SOP043-001099,2025-10-15,cerrado
EV002242,SOP043-001099,2025-10-16,abierto
EV002243,SOP043-001099,2025-10-18,cerrado
EV002244,SOP043-001100,2025-10-15,abierto
EV002245,SOP043-001100,2025-10-16,cerrado
EV002246,SOP043-001101,2025-10-15,abierto
EV002247,SOP043-001101,2025-10-16,cerrado
EV002248,SOP043-001101,2025-10-17,abierto
EV002249,SOP043-001101,2025-10-19,cerrado
EV002250,SOP043-001102,2025-10-16,abierto
EV002251,SOP043-001103,2025-10-16,abierto
EV002252,SOP043-001103,2025-10-17,cerrado
EV002253,SOP043-001104,2025-10-17,abierto
EV002254,SOP043-001104,2025-10-18,cerrado
EV002255,SOP043-001105,2025-10-18,abierto
EV002256,SOP043-001106,2025-10-18,abierto
EV002257,SOP043-001106,2025-10-19,cerrado
EV002258,SOP043-001107,2025-10-19,abierto
EV002259,SOP043-001107,2025-10-20,cerrado
EV002260,SOP043-001108,2025-10-19,abierto
EV002261,SOP043-001108,2025-10-20,cerrado
EV002262,SOP043-001109,2025-10-20,abierto
EV002263,SOP043-001110,2025-10-21,abierto
EV002264,SOP043-001110,2025-10-22,cerrado
EV002265,SOP043-001111,2025-10-21,abierto
EV002266,SOP043-001111,2025-10-22,cerrado
EV002267,SOP043-001112,2025-10-22,abierto
EV002268,SOP043-001112,2025-10-24,cerrado
EV002269,SOP043-001113,2025-10-22,abierto
EV002270,SOP043-001113,2025-10-23,cerrado
EV002271,SOP043-001114,2025-10-23,abierto
EV002272,SOP043-001114,2025-10-24,cerrado
EV002273,SOP043-001115,2025-10-24,abierto
EV002274,SOP043-001115,2025-10-25,cerrado
EV002275,SOP043-001116,2025-10-24,abierto
EV002276,SOP043-001116,2025-10-25,cerrado
EV002277,SOP043-001117,2025-10-25,abierto
EV002278,SOP043-001117,2025-10-26,cerrado
EV002279,SOP043-001118,2025-10-25,abierto
EV002280,SOP043-001118,2025-10-27,cerrado
EV002281,SOP043-001119,2025-10-26,abierto
EV002282,SOP043-001119,2025-10-27,cerrado
EV002283,SOP043-001120,2025-10-27,abierto
EV002284,SOP043-001120,2025-10-28,cerrado
EV002285,SOP043-001121,2025-10-27,abierto
EV002286,SOP043-001121,2025-10-29,cerrado
EV002287,SOP043-001122,2025-10-28,abierto
EV002288,SOP043-001123,2025-10-28,abierto
EV002289,SOP043-001123,2025-10-29,cerrado
EV002290,SOP043-001124,2025-10-29,abierto
EV002291,SOP043-001124,2025-10-30,cerrado
EV002292,SOP043-001125,2025-10-30,abierto
EV002293,SOP043-001125,2025-10-31,cerrado
EV002294,SOP043-001125,2025-11-01,abierto
EV002295,SOP043-001125,2025-11-03,cerrado
EV002296,SOP043-001126,2025-10-30,abierto
EV002297,SOP043-001126,2025-10-31,cerrado
EV002298,SOP043-001127,2025-10-31,abierto
EV002299,SOP043-001127,2025-11-01,cerrado
EV002300,SOP043-001128,2025-10-31,abierto
EV002301,SOP043-001128,2025-11-01,cerrado
EV002302,SOP043-001129,2025-11-01,abierto
EV002303,SOP043-001129,2025-11-02,cerrado
EV002304,SOP043-001130,2025-11-01,abierto
EV002305,SOP043-001130,2025-11-02,cerrado
EV002306,SOP043-001131,2025-11-02,abierto
EV002307,SOP043-001132,2025-11-03,abierto
EV002308,SOP043-001132,2025-11-04,cerrado
EV002309,SOP043-001133,2025-11-03,abierto
EV002310,SOP043-001133,2025-11-04,cerrado
EV002311,SOP043-001134,2025-11-04,abierto
EV002312,SOP043-001134,2025-11-05,cerrado
EV002313,SOP043-001135,2025-11-04,abierto
EV002314,SOP043-001136,2025-11-05,abierto
EV002315,SOP043-001137,2025-11-06,abierto
EV002316,SOP043-001137,2025-11-07,cerrado
EV002317,SOP043-001138,2025-11-06,abierto
EV002318,SOP043-001138,2025-11-07,cerrado
EV002319,SOP043-001139,2025-11-07,abierto
EV002320,SOP043-001140,2025-11-07,abierto
EV002321,SOP043-001140,2025-11-09,cerrado
EV002322,SOP043-001141,2025-11-08,abierto
EV002323,SOP043-001141,2025-11-09,cerrado
EV002324,SOP043-001142,2025-11-09,abierto
EV002325,SOP043-001142,2025-11-10,cerrado
EV002326,SOP043-001143,2025-11-09,abierto
EV002327,SOP043-001143,2025-11-10,cerrado
EV002328,SOP043-001144,2025-11-10,abierto
EV002329,SOP043-001144,2025-11-11,cerrado
EV002330,SOP043-001145,2025-11-10,abierto
EV002331,SOP043-001146,2025-11-11,abierto
EV002332,SOP043-001146,2025-11-12,cerrado
EV002333,SOP043-001147,2025-11-12,abierto
EV002334,SOP043-001147,2025-11-13,cerrado
EV002335,SOP043-001148,2025-11-12,abierto
EV002336,SOP043-001148,2025-11-13,cerrado
EV002337,SOP043-001149,2025-11-13,abierto
EV002338,SOP043-001149,2025-11-14,cerrado
EV002339,SOP043-001150,2025-11-13,abierto
EV002340,SOP043-001150,2025-11-14,cerrado
EV002341,SOP043-001151,2025-11-14,abierto
EV002342,SOP043-001151,2025-11-15,cerrado
EV002343,SOP043-001152,2025-11-15,abierto
EV002344,SOP043-001152,2025-11-16,cerrado
EV002345,SOP043-001152,2025-11-17,abierto
EV002346,SOP043-001152,2025-11-19,cerrado
EV002347,SOP043-001153,2025-11-15,abierto
EV002348,SOP043-001153,2025-11-16,cerrado
EV002349,SOP043-001154,2025-11-16,abierto
EV002350,SOP043-001154,2025-11-17,cerrado
EV002351,SOP043-001155,2025-11-16,abierto
EV002352,SOP043-001155,2025-11-17,cerrado
EV002353,SOP043-001156,2025-11-17,abierto
EV002354,SOP043-001156,2025-11-18,cerrado
EV002355,SOP043-001156,2025-11-19,abierto
EV002356,SOP043-001156,2025-11-21,cerrado
EV002357,SOP043-001157,2025-11-18,abierto
EV002358,SOP043-001157,2025-11-19,cerrado
EV002359,SOP043-001158,2025-11-18,abierto
EV002360,SOP043-001159,2025-11-19,abierto
EV002361,SOP043-001159,2025-11-21,cerrado
EV002362,SOP043-001160,2025-11-19,abierto
EV002363,SOP043-001160,2025-11-20,cerrado
EV002364,SOP043-001161,2025-11-20,abierto
EV002365,SOP043-001161,2025-11-21,cerrado
EV002366,SOP043-001161,2025-11-22,abierto
EV002367,SOP043-001161,2025-11-24,cerrado
EV002368,SOP043-001162,2025-11-20,abierto
EV002369,SOP043-001162,2025-11-21,cerrado
EV002370,SOP043-001163,2025-11-21,abierto
EV002371,SOP043-001163,2025-11-22,cerrado
EV002372,SOP043-001164,2025-11-22,abierto
EV002373,SOP043-001164,2025-11-23,cerrado
EV002374,SOP043-001165,2025-11-22,abierto
EV002375,SOP043-001166,2025-11-23,abierto
EV002376,SOP043-001167,2025-11-23,abierto
EV002377,SOP043-001167,2025-11-24,cerrado
EV002378,SOP043-001168,2025-11-24,abierto
EV002379,SOP043-001168,2025-11-25,cerrado
EV002380,SOP043-001168,2025-11-26,abierto
EV002381,SOP043-001168,2025-11-28,cerrado
EV002382,SOP043-001169,2025-11-25,abierto
EV002383,SOP043-001169,2025-11-26,cerrado
EV002384,SOP043-001170,2025-11-25,abierto
EV002385,SOP043-001170,2025-11-27,cerrado
EV002386,SOP043-001171,2025-11-26,abierto
EV002387,SOP043-001171,2025-11-27,cerrado
EV002388,SOP043-001172,2025-11-26,abierto
EV002389,SOP043-001172,2025-11-27,cerrado
EV002390,SOP043-001173,2025-11-27,abierto
EV002391,SOP043-001173,2025-11-28,cerrado
EV002392,SOP043-001174,2025-11-28,abierto
EV002393,SOP043-001174,2025-11-29,cerrado
EV002394,SOP043-001175,2025-11-28,abierto
EV002395,SOP043-001175,2025-11-30,cerrado
EV002396,SOP043-001176,2025-11-29,abierto
EV002397,SOP043-001176,2025-11-30,cerrado
EV002398,SOP043-001177,2025-11-29,abierto
EV002399,SOP043-001177,2025-11-30,cerrado
EV002400,SOP043-001178,2025-11-30,abierto
EV002401,SOP043-001178,2025-12-01,cerrado
EV002402,SOP043-001178,2025-12-02,abierto
EV002403,SOP043-001178,2025-12-04,cerrado
EV002404,SOP043-001179,2025-12-01,abierto
EV002405,SOP043-001179,2025-12-02,cerrado
EV002406,SOP043-001180,2025-12-01,abierto
EV002407,SOP043-001181,2025-12-02,abierto
EV002408,SOP043-001181,2025-12-03,cerrado
EV002409,SOP043-001182,2025-12-02,abierto
EV002410,SOP043-001182,2025-12-03,cerrado
EV002411,SOP043-001183,2025-12-03,abierto
EV002412,SOP043-001183,2025-12-04,cerrado
EV002413,SOP043-001184,2025-12-04,abierto
EV002414,SOP043-001184,2025-12-05,cerrado
EV002415,SOP043-001185,2025-12-04,abierto
EV002416,SOP043-001185,2025-12-05,cerrado
EV002417,SOP043-001186,2025-12-05,abierto
EV002418,SOP043-001187,2025-12-05,abierto
EV002419,SOP043-001187,2025-12-06,cerrado
EV002420,SOP043-001188,2025-12-06,abierto
EV002421,SOP043-001188,2025-12-07,cerrado
EV002422,SOP043-001189,2025-12-07,abierto
EV002423,SOP043-001189,2025-12-08,cerrado
EV002424,SOP043-001190,2025-12-07,abierto
EV002425,SOP043-001190,2025-12-08,cerrado
EV002426,SOP043-001191,2025-12-08,abierto
EV002427,SOP043-001191,2025-12-09,cerrado
EV002428,SOP043-001191,2025-12-10,abierto
EV002429,SOP043-001191,2025-12-12,cerrado
EV002430,SOP043-001192,2025-12-08,abierto
EV002431,SOP043-001192,2025-12-09,cerrado
EV002432,SOP043-001193,2025-12-09,abierto
EV002433,SOP043-001193,2025-12-10,cerrado
EV002434,SOP043-001194,2025-12-10,abierto
EV002435,SOP043-001195,2025-12-10,abierto
EV002436,SOP043-001195,2025-12-11,cerrado
EV002437,SOP043-001196,2025-12-11,abierto
EV002438,SOP043-001196,2025-12-12,cerrado
EV002439,SOP043-001196,2025-12-13,abierto
EV002440,SOP043-001196,2025-12-15,cerrado
EV002441,SOP043-001197,2025-12-11,abierto
EV002442,SOP043-001198,2025-12-12,abierto
EV002443,SOP043-001198,2025-12-14,cerrado
EV002444,SOP043-001199,2025-12-12,abierto
EV002445,SOP043-001200,2025-12-13,abierto
EV002446,SOP043-001200,2025-12-14,cerrado
EV002447,SOP043-001201,2025-12-14,abierto
EV002448,SOP043-001201,2025-12-15,cerrado
EV002449,SOP043-001202,2025-12-14,abierto
EV002450,SOP043-001203,2025-12-15,abierto
EV002451,SOP043-001204,2025-12-15,abierto
EV002452,SOP043-001204,2025-12-16,cerrado
EV002453,SOP043-001205,2025-12-16,abierto
EV002454,SOP043-001205,2025-12-17,cerrado
EV002455,SOP043-001206,2025-12-17,abierto
EV002456,SOP043-001207,2025-12-17,abierto
EV002457,SOP043-001207,2025-12-18,cerrado
EV002458,SOP043-001208,2025-12-18,abierto
EV002459,SOP043-001208,2025-12-19,cerrado
EV002460,SOP043-001209,2025-12-18,abierto
EV002461,SOP043-001209,2025-12-19,cerrado
EV002462,SOP043-001210,2025-12-19,abierto
EV002463,SOP043-001210,2025-12-20,cerrado
EV002464,SOP043-001211,2025-12-20,abierto
EV002465,SOP043-001211,2025-12-21,cerrado
EV002466,SOP043-001212,2025-12-20,abierto
EV002467,SOP043-001213,2025-12-21,abierto
EV002468,SOP043-001213,2025-12-22,cerrado
EV002469,SOP043-001214,2025-12-21,abierto
EV002470,SOP043-001215,2025-12-22,abierto
EV002471,SOP043-001215,2025-12-23,cerrado
EV002472,SOP043-001215,2025-12-24,abierto
EV002473,SOP043-001215,2025-12-26,cerrado
EV002474,SOP043-001216,2025-12-23,abierto
EV002475,SOP043-001216,2025-12-24,cerrado
EV002476,SOP043-001217,2025-12-23,abierto
EV002477,SOP043-001217,2025-12-24,cerrado
EV002478,SOP043-001218,2025-12-24,abierto
EV002479,SOP043-001218,2025-12-26,cerrado
EV002480,SOP043-001219,2025-12-24,abierto
EV002481,SOP043-001219,2025-12-26,cerrado
EV002482,SOP043-001220,2025-12-25,abierto
EV002483,SOP043-001220,2025-12-26,cerrado
EV002484,SOP043-001220,2025-12-27,abierto
EV002485,SOP043-001220,2025-12-29,cerrado
EV002486,SOP043-001221,2025-12-26,abierto
EV002487,SOP043-001222,2025-12-26,abierto
EV002488,SOP043-001223,2025-12-27,abierto
EV002489,SOP043-001223,2025-12-28,cerrado
EV002490,SOP043-001223,2025-12-29,abierto
EV002491,SOP043-001223,2025-12-31,cerrado
EV002492,SOP043-001224,2025-12-27,abierto
EV002493,SOP043-001224,2025-12-28,cerrado
EV002494,SOP043-001225,2025-12-28,abierto
EV002495,SOP043-001225,2025-12-29,cerrado
EV002496,SOP043-001226,2025-12-29,abierto
EV002497,SOP043-001226,2025-12-31,cerrado
EV002498,SOP043-001227,2025-12-29,abierto
EV002499,SOP043-001227,2025-12-30,cerrado
EV002500,SOP043-001228,2025-12-30,abierto
EV002501,SOP043-001229,2025-12-30,abierto
EV002502,SOP043-001229,2025-12-31,cerrado
EV002503,SOP043-001230,2025-12-31,abierto
EV002504,SOP043-001230,2026-01-01,cerrado
