registro_id,fecha,almacen,producto,saldo,demanda,reposicion,plazo_dias,coste_unitario
STO093-000001,2024-01-01,A1,P01,61,20,0,3,4.0
STO093-000002,2024-01-01,A2,P01,5,12,0,3,4.0
STO093-000003,2024-01-01,A3,P01,54,7,24,3,4.0
STO093-000004,2024-01-01,A1,P02,50,10,0,4,6.2
STO093-000005,2024-01-01,A2,P02,7,18,0,4,6.2
STO093-000006,2024-01-01,A3,P02,70,7,0,4,6.2
STO093-000007,2024-01-01,A1,P03,8,28,12,5,8.4
STO093-000008,2024-01-02,A2,P03,30,21,12,5,8.4
STO093-000009,2024-01-02,A3,P03,3,13,0,5,8.4
STO093-000010,2024-01-02,A1,P04,0,15,24,6,10.6
STO093-000011,2024-01-02,A2,P04,57,3,24,6,10.6
STO093-000012,2024-01-02,A3,P04,7,26,0,6,10.6
STO093-000013,2024-01-02,A1,P05,68,16,0,7,12.8
STO093-000014,2024-01-03,A2,P05,56,3,0,7,12.8
STO093-000015,2024-01-03,A3,P05,23,10,12,7,12.8
STO093-000016,2024-01-03,A1,P06,31,21,24,8,15.0
STO093-000017,2024-01-03,A2,P06,17,33,0,8,15.0
STO093-000018,2024-01-03,A3,P06,39,34,0,8,15.0
STO093-000019,2024-01-03,A1,P07,45,30,0,9,17.2
STO093-000020,2024-01-04,A2,P07,52,23,24,9,17.2
STO093-000021,2024-01-04,A3,P07,26,20,0,9,17.2
STO093-000022,2024-01-04,A1,P08,38,22,0,3,19.4
STO093-000023,2024-01-04,A2,P08,56,22,24,3,19.4
STO093-000024,2024-01-04,A3,P08,34,33,0,3,19.4
STO093-000025,2024-01-04,A1,P09,23,23,24,4,21.6
STO093-000026,2024-01-05,A2,P09,1,7,24,4,21.6
STO093-000027,2024-01-05,A3,P09,50,20,24,4,21.6
STO093-000028,2024-01-05,A1,P10,14,22,0,5,23.8
STO093-000029,2024-01-05,A2,P10,44,37,0,5,23.8
STO093-000030,2024-01-05,A3,P10,4,35,0,5,23.8
STO093-000031,2024-01-05,A1,P11,2,8,0,6,26.0
STO093-000032,2024-01-06,A2,P11,64,16,0,6,26.0
STO093-000033,2024-01-06,A3,P11,10,23,0,6,26.0
STO093-000034,2024-01-06,A1,P12,37,33,0,7,28.2
STO093-000035,2024-01-06,A2,P12,39,20,24,7,28.2
STO093-000036,2024-01-06,A3,P12,41,24,24,7,28.2
STO093-000037,2024-01-06,A1,P01,47,26,12,3,4.0
STO093-000038,2024-01-07,A2,P01,37,19,0,3,4.0
STO093-000039,2024-01-07,A3,P01,18,24,0,3,4.0
STO093-000040,2024-01-07,A1,P02,20,1,24,4,6.2
STO093-000041,2024-01-07,A2,P02,67,31,0,4,6.2
STO093-000042,2024-01-07,A3,P02,18,21,24,4,6.2
STO093-000043,2024-01-07,A1,P03,7,15,0,5,8.4
STO093-000044,2024-01-07,A2,P03,22,10,24,5,8.4
STO093-000045,2024-01-08,A3,P03,53,12,0,5,8.4
STO093-000046,2024-01-08,A1,P04,50,24,12,6,10.6
STO093-000047,2024-01-08,A2,P04,67,31,0,6,10.6
STO093-000048,2024-01-08,A3,P04,8,30,24,6,10.6
STO093-000049,2024-01-08,A1,P05,65,25,0,7,12.8
STO093-000050,2024-01-08,A2,P05,48,18,0,7,12.8
STO093-000051,2024-01-09,A3,P05,39,20,24,7,12.8
STO093-000052,2024-01-09,A1,P06,25,22,0,8,15.0
STO093-000053,2024-01-09,A2,P06,15,28,12,8,15.0
STO093-000054,2024-01-09,A3,P06,37,11,0,8,15.0
STO093-000055,2024-01-09,A1,P07,28,30,0,9,17.2
STO093-000056,2024-01-09,A2,P07,10,24,0,9,17.2
STO093-000057,2024-01-10,A3,P07,39,8,0,9,17.2
STO093-000058,2024-01-10,A1,P08,7,19,24,3,19.4
STO093-000059,2024-01-10,A2,P08,39,38,0,3,19.4
STO093-000060,2024-01-10,A3,P08,33,26,0,3,19.4
STO093-000061,2024-01-10,A1,P09,60,26,24,4,21.6
STO093-000062,2024-01-10,A2,P09,47,19,0,4,21.6
STO093-000063,2024-01-11,A3,P09,45,33,12,4,21.6
STO093-000064,2024-01-11,A1,P10,49,22,0,5,23.8
STO093-000065,2024-01-11,A2,P10,40,22,24,5,23.8
STO093-000066,2024-01-11,A3,P10,20,32,12,5,23.8
STO093-000067,2024-01-11,A1,P11,23,9,24,6,26.0
STO093-000068,2024-01-11,A2,P11,30,16,0,6,26.0
STO093-000069,2024-01-12,A3,P11,29,35,0,6,26.0
STO093-000070,2024-01-12,A1,P12,41,12,0,7,28.2
STO093-000071,2024-01-12,A2,P12,39,22,0,7,28.2
STO093-000072,2024-01-12,A3,P12,45,18,12,7,28.2
STO093-000073,2024-01-12,A1,P01,23,28,0,3,4.0
STO093-000074,2024-01-12,A2,P01,21,19,24,3,4.0
STO093-000075,2024-01-13,A3,P01,45,16,24,3,4.0
STO093-000076,2024-01-13,A1,P02,50,15,0,4,6.2
STO093-000077,2024-01-13,A2,P02,48,28,0,4,6.2
STO093-000078,2024-01-13,A3,P02,10,3,24,4,6.2
STO093-000079,2024-01-13,A1,P03,30,25,24,5,8.4
STO093-000080,2024-01-13,A2,P03,70,12,0,5,8.4
STO093-000081,2024-01-13,A3,P03,57,15,0,5,8.4
STO093-000082,2024-01-14,A1,P04,70,23,0,6,10.6
STO093-000083,2024-01-14,A2,P04,49,20,0,6,10.6
STO093-000084,2024-01-14,A3,P04,,10,0,6,10.6
STO093-000085,2024-01-14,A1,P05,26,24,0,7,12.8
STO093-000086,2024-01-14,A2,P05,5,11,0,7,12.8
STO093-000087,2024-01-14,A3,P05,23,32,0,7,12.8
STO093-000088,2024-01-15,A1,P06,63,0,0,8,15.0
STO093-000089,2024-01-15,A2,P06,67,37,0,8,15.0
STO093-000090,2024-01-15,A3,P06,17,22,24,8,15.0
STO093-000091,2024-01-15,A1,P07,47,21,0,9,17.2
STO093-000092,2024-01-15,A2,P07,60,31,24,9,17.2
STO093-000093,2024-01-15,A3,P07,24,34,0,9,17.2
STO093-000094,2024-01-16,A1,P08,37,17,12,3,19.4
STO093-000095,2024-01-16,A2,P08,69,27,0,3,19.4
STO093-000096,2024-01-16,A3,P08,37,21,24,3,19.4
STO093-000097,2024-01-16,A1,P09,40,29,0,4,21.6
STO093-000098,2024-01-16, A2 ,P09,55,33,24,4,21.6
STO093-000099,2024-01-16,A3,P09,1,9,24,4,21.6
STO093-000100,2024-01-17,A1,P10,19,28,12,5,23.8
STO093-000101,2024-01-17,A2,P10,54,23,12,5,23.8
STO093-000102,2024-01-17,A3,P10,19,23,24,5,23.8
STO093-000103,2024-01-17,A1,P11,14,18,0,6,26.0
STO093-000104,2024-01-17,A2,P11,49,32,0,6,26.0
STO093-000105,2024-01-17,A3,P11,25,13,24,6,26.0
STO093-000106,2024-01-18,A1,P12,2,15,12,7,28.2
STO093-000107,2024-01-18,A2,P12,51,30,0,7,28.2
STO093-000108,2024-01-18,A3,P12,21,26,24,7,28.2
STO093-000109,2024-01-18,A1,P01,70,14,24,3,4.0
STO093-000110,2024-01-18,A2,P01,12,17,0,3,4.0
STO093-000111,2024-01-18,A3,P01,6,8,0,3,4.0
STO093-000112,2024-01-19,A1,P02,10,14,0,4,6.2
STO093-000113,2024-01-19,A2,P02,19,29,0,4,6.2
STO093-000114,2024-01-19,A3,P02,65,30,0,4,6.2
STO093-000115,2024-01-19,A1,P03,46,13,12,5,8.4
STO093-000116,2024-01-19,A2,P03,3,17,0,5,8.4
STO093-000117,2024-01-19,A3,P03,64,2,0,5,8.4
STO093-000118,2024-01-20,A1,P04,66,23,0,6,10.6
STO093-000119,2024-01-20,A2,P04,19,19,12,6,10.6
STO093-000120,2024-01-20,A3,P04,8,21,0,6,10.6
STO093-000121,2024-01-20,A1,P05,8,19,24,7,12.8
STO093-000122,2024-01-20,A2,P05,20,16,12,7,12.8
STO093-000123,2024-01-20,A3,P05,56,16,12,7,12.8
STO093-000124,2024-01-20,A1,P06,39,14,12,8,15.0
STO093-000125,2024-01-21,A2,P06,54,21,12,8,15.0
STO093-000126,2024-01-21,A3,P06,47,18,0,8,15.0
STO093-000127,2024-01-21,A1,P07,13,24,24,9,17.2
STO093-000128,2024-01-21,A2,P07,41,12,24,9,17.2
STO093-000129,2024-01-21,A3,P07,42,18,24,9,17.2
STO093-000130,2024-01-21,A1,P08,4,13,0,3,19.4
STO093-000131,2024-01-22,A2,P08,34,21,24,3,19.4
STO093-000132,2024-01-22,A3,P08,29,26,0,3,19.4
STO093-000133,2024-01-22,A1,P09,48,21,0,4,21.6
STO093-000134,2024-01-22,A2,P09,70,29,0,4,21.6
STO093-000135,2024-01-22,A3,P09,51,36,0,4,21.6
STO093-000136,2024-01-22,A1,P10,3,23,24,5,23.8
STO093-000137,2024-01-23,A2,P10,63,26,0,5,23.8
STO093-000138,2024-01-23,A3,P10,55,23,12,5,23.8
STO093-000139,2024-01-23,A1,P11,8,26,0,6,26.0
STO093-000140,2024-01-23,A2,P11,50,15,12,6,26.0
STO093-000141,2024-01-23,A3,P11,54,19,0,6,26.0
STO093-000142,2024-01-23,A1,P12,49,22,0,7,28.2
STO093-000143,2024-01-24,A2,P12,10,0,12,7,28.2
STO093-000144,2024-01-24,A3,P12,36,16,0,7,28.2
STO093-000145,2024-01-24,A1,P01,15,14,24,3,4.0
STO093-000146,2024-01-24,A2,P01,67,16,0,3,4.0
STO093-000147,2024-01-24,A3,P01,17,31,0,3,4.0
STO093-000148,2024-01-24,A1,P02,58,8,12,4,6.2
STO093-000149,2024-01-25,A2,P02,29,26,0,4,6.2
STO093-000150,2024-01-25,A3,P02,23,16,24,4,6.2
STO093-000151,2024-01-25,A1,P03,64,17,12,5,8.4
STO093-000152,2024-01-25,A2,P03,65,29,24,5,8.4
STO093-000153,2024-01-25,A3,P03,5,15,12,5,8.4
STO093-000154,2024-01-25,A1,P04,58,13,24,6,10.6
STO093-000155,2024-01-26,A2,P04,44,34,0,6,10.6
STO093-000156,2024-01-26,A3,P04,44,16,0,6,10.6
STO093-000157,2024-01-26,A1,P05,58,15,12,7,12.8
STO093-000158,2024-01-26,A2,P05,34,20,0,7,12.8
STO093-000159,2024-01-26,A3,P05,67,9,0,7,12.8
STO093-000160,2024-01-26,A1,P06,0,11,0,8,15.0
STO093-000161,2024-01-26,A2,P06,9,20,0,8,15.0
STO093-000162,2024-01-27,A3,P06,17,12,24,8,15.0
STO093-000163,2024-01-27,A1,P07,16,8,0,9,17.2
STO093-000164,2024-01-27,A2,P07,3,18,24,9,17.2
STO093-000165,2024-01-27,A3,P07,40,35,0,9,17.2
STO093-000166,2024-01-27,A1,P08,8,23,0,3,19.4
STO093-000167,2024-01-27,A2,P08,,15,0,3,19.4
STO093-000168,2024-01-28,A3,P08,32,18,12,3,19.4
STO093-000169,2024-01-28,A1,P09,16,9,24,4,21.6
STO093-000170,2024-01-28,A2,P09,60,29,0,4,21.6
STO093-000171,2024-01-28,A3,P09,67,30,12,4,21.6
STO093-000172,2024-01-28,A1,P10,54,27,24,5,23.8
STO093-000173,2024-01-28,A2,P10,58,26,24,5,23.8
STO093-000174,2024-01-29,A3,P10,34,23,24,5,23.8
STO093-000175,2024-01-29,A1,P11,13,16,12,6,26.0
STO093-000176,2024-01-29,A2,P11,23,24,12,6,26.0
STO093-000177,2024-01-29,A3,P11,65,29,12,6,26.0
STO093-000178,2024-01-29,A1,P12,43,20,0,7,28.2
STO093-000179,2024-01-29,A2,P12,10,35,24,7,28.2
STO093-000180,2024-01-30,A3,P12,65,37,0,7,28.2
STO093-000181,2024-01-30,A1,P01,61,21,0,3,4.0
STO093-000182,2024-01-30,A2,P01,54,25,12,3,4.0
STO093-000183,2024-01-30,A3,P01,11,17,0,3,4.0
STO093-000184,2024-01-30,A1,P02,63,9,0,4,6.2
STO093-000185,2024-01-30,A2,P02,14,22,12,4,6.2
STO093-000186,2024-01-31,A3,P02,30,17,12,4,6.2
STO093-000187,2024-01-31,A1,P03,4,24,0,5,8.4
STO093-000188,2024-01-31,A2,P03,11,24,24,5,8.4
STO093-000189,2024-01-31,A3,P03,14,31,0,5,8.4
STO093-000190,2024-01-31,A1,P04,11,17,0,6,10.6
STO093-000191,2024-01-31,A2,P04,60,22,12,6,10.6
STO093-000192,2024-02-01,A3,P04,7,14,12,6,10.6
STO093-000193,2024-02-01,A1,P05,53,14,12,7,12.8
STO093-000194,2024-02-01,A2,P05,53,19,0,7,12.8
STO093-000195,2024-02-01, A3 ,P05,25,14,0,7,12.8
STO093-000196,2024-02-01,A1,P06,45,7,24,8,15.0
STO093-000197,2024-02-01,A2,P06,63,14,24,8,15.0
STO093-000198,2024-02-02,A3,P06,14,16,0,8,15.0
STO093-000199,2024-02-02,A1,P07,38,22,12,9,17.2
STO093-000200,2024-02-02,A2,P07,65,28,12,9,17.2
STO093-000201,2024-02-02,A3,P07,3,21,12,9,17.2
STO093-000202,2024-02-02,A1,P08,24,20,12,3,19.4
STO093-000203,2024-02-02,A2,P08,15,33,0,3,19.4
STO093-000204,2024-02-02,A3,P08,14,27,0,3,19.4
STO093-000205,2024-02-03,A1,P09,48,18,12,4,21.6
STO093-000206,2024-02-03,A2,P09,55,25,12,4,21.6
STO093-000207,2024-02-03,A3,P09,59,17,12,4,21.6
STO093-000208,2024-02-03,A1,P10,45,26,0,5,23.8
STO093-000209,2024-02-03,A2,P10,6,22,0,5,23.8
STO093-000210,2024-02-03,A3,P10,33,19,0,5,23.8
STO093-000211,2024-02-04,A1,P11,54,11,0,6,26.0
STO093-000212,2024-02-04,A2,P11,36,29,0,6,26.0
STO093-000213,2024-02-04,A3,P11,0,9,24,6,26.0
STO093-000214,2024-02-04,A1,P12,54,26,0,7,28.2
STO093-000215,2024-02-04,A2,P12,2,30,24,7,28.2
STO093-000216,2024-02-04,A3,P12,23,31,0,7,28.2
STO093-000217,2024-02-05,A1,P01,31,14,12,3,4.0
STO093-000218,2024-02-05,A2,P01,19,22,12,3,4.0
STO093-000219,2024-02-05,A3,P01,29,0,12,3,4.0
STO093-000220,2024-02-05,A1,P02,1,9,0,4,6.2
STO093-000221,2024-02-05,A2,P02,4,27,0,4,6.2
STO093-000222,2024-02-05,A3,P02,52,24,12,4,6.2
STO093-000223,2024-02-06,A1,P03,45,12,12,5,8.4
STO093-000224,2024-02-06,A2,P03,16,23,0,5,8.4
STO093-000225,2024-02-06,A3,P03,1,14,0,5,8.4
STO093-000226,2024-02-06,A1,P04,29,24,0,6,10.6
STO093-000227,2024-02-06,A2,P04,62,12,12,6,10.6
STO093-000228,2024-02-06,A3,P04,35,0,12,6,10.6
STO093-000229,2024-02-07,A1,P05,1,8,12,7,12.8
STO093-000230,2024-02-07,A2,P05,59,37,0,7,12.8
STO093-000231,2024-02-07,A3,P05,58,18,0,7,12.8
STO093-000232,2024-02-07,A1,P06,3,25,0,8,15.0
STO093-000233,2024-02-07,A2,P06,63,32,24,8,15.0
STO093-000234,2024-02-07,A3,P06,65,20,24,8,15.0
STO093-000235,2024-02-08,A1,P07,25,13,12,9,17.2
STO093-000236,2024-02-08,A2,P07,67,10,0,9,17.2
STO093-000237,2024-02-08,A3,P07,61,27,0,9,17.2
STO093-000238,2024-02-08,A1,P08,10,30,0,3,19.4
STO093-000239,2024-02-08,A2,P08,36,21,0,3,19.4
STO093-000240,2024-02-08,A3,P08,3,11,12,3,19.4
STO093-000241,2024-02-08,A1,P09,68,26,0,4,21.6
STO093-000242,2024-02-09,A2,P09,12,15,0,4,21.6
STO093-000243,2024-02-09,A3,P09,67,16,0,4,21.6
STO093-000244,2024-02-09,A1,P10,69,19,24,5,23.8
STO093-000245,2024-02-09,A2,P10,21,34,24,5,23.8
STO093-000246,2024-02-09,A3,P10,8,13,24,5,23.8
STO093-000247,2024-02-09,A1,P11,66,27,24,6,26.0
STO093-000248,2024-02-10,A2,P11,27,34,24,6,26.0
STO093-000249,2024-02-10,A3,P11,2,25,0,6,26.0
STO093-000250,2024-02-10,A1,P12,,41,24,7,28.2
STO093-000251,2024-02-10,A2,P12,16,15,12,7,28.2
STO093-000252,2024-02-10,A3,P12,65,23,24,7,28.2
STO093-000253,2024-02-10,A1,P01,70,24,12,3,4.0
STO093-000254,2024-02-11,A2,P01,9,18,24,3,4.0
STO093-000255,2024-02-11,A3,P01,29,0,0,3,4.0
STO093-000256,2024-02-11,A1,P02,10,22,0,4,6.2
STO093-000257,2024-02-11,A2,P02,36,9,0,4,6.2
STO093-000258,2024-02-11,A3,P02,2,5,0,4,6.2
STO093-000259,2024-02-11,A1,P03,36,13,0,5,8.4
STO093-000260,2024-02-12,A2,P03,14,11,0,5,8.4
STO093-000261,2024-02-12,A3,P03,50,8,0,5,8.4
STO093-000262,2024-02-12,A1,P04,52,7,0,6,10.6
STO093-000263,2024-02-12,A2,P04,27,15,0,6,10.6
STO093-000264,2024-02-12,A3,P04,31,15,12,6,10.6
STO093-000265,2024-02-12,A1,P05,6,13,0,7,12.8
STO093-000266,2024-02-13,A2,P05,14,15,0,7,12.8
STO093-000267,2024-02-13,A3,P05,41,14,12,7,12.8
STO093-000268,2024-02-13,A1,P06,3,8,12,8,15.0
STO093-000269,2024-02-13,A2,P06,54,13,0,8,15.0
STO093-000270,2024-02-13,A3,P06,64,6,12,8,15.0
STO093-000271,2024-02-13,A1,P07,30,15,0,9,17.2
STO093-000272,2024-02-14,A2,P07,6,28,24,9,17.2
STO093-000273,2024-02-14,A3,P07,12,19,12,9,17.2
STO093-000274,2024-02-14,A1,P08,34,30,12,3,19.4
STO093-000275,2024-02-14,A2,P08,43,20,0,3,19.4
STO093-000276,2024-02-14,A3,P08,33,13,24,3,19.4
STO093-000277,2024-02-14,A1,P09,9,20,24,4,21.6
STO093-000278,2024-02-14,A2,P09,34,34,24,4,21.6
STO093-000279,2024-02-15,A3,P09,34,11,24,4,21.6
STO093-000280,2024-02-15,A1,P10,0,23,24,5,23.8
STO093-000281,2024-02-15,A2,P10,2,33,12,5,23.8
STO093-000282,2024-02-15,A3,P10,45,21,24,5,23.8
STO093-000283,2024-02-15,A1,P11,53,21,0,6,26.0
STO093-000284,2024-02-15,A2,P11,52,19,24,6,26.0
STO093-000285,2024-02-16,A3,P11,1,33,24,6,26.0
STO093-000286,2024-02-16,A1,P12,15,23,0,7,28.2
STO093-000287,2024-02-16,A2,P12,19,15,0,7,28.2
STO093-000288,2024-02-16,A3,P12,40,32,12,7,28.2
STO093-000289,2024-02-16,A1,P01,47,15,24,3,4.0
STO093-000290,2024-02-16,A2,P01,45,20,0,3,4.0
STO093-000291,2024-02-17,A3,P01,11,24,0,3,4.0
STO093-000292,2024-02-17, A1 ,P02,45,21,24,4,6.2
STO093-000293,2024-02-17,A2,P02,44,21,24,4,6.2
STO093-000294,2024-02-17,A3,P02,54,19,0,4,6.2
STO093-000295,2024-02-17,A1,P03,12,3,0,5,8.4
STO093-000296,2024-02-17,A2,P03,2,8,24,5,8.4
STO093-000297,2024-02-18,A3,P03,1,23,0,5,8.4
STO093-000298,2024-02-18,A1,P04,47,31,24,6,10.6
STO093-000299,2024-02-18,A2,P04,7,9,0,6,10.6
STO093-000300,2024-02-18,A3,P04,59,10,0,6,10.6
STO093-000301,2024-02-18,A1,P05,40,18,0,7,12.8
STO093-000302,2024-02-18,A2,P05,19,22,12,7,12.8
STO093-000303,2024-02-19,A3,P05,20,16,0,7,12.8
STO093-000304,2024-02-19,A1,P06,49,29,12,8,15.0
STO093-000305,2024-02-19,A2,P06,39,14,24,8,15.0
STO093-000306,2024-02-19,A3,P06,39,20,0,8,15.0
STO093-000307,2024-02-19,A1,P07,30,18,24,9,17.2
STO093-000308,2024-02-19,A2,P07,62,12,0,9,17.2
STO093-000309,2024-02-20,A3,P07,67,19,0,9,17.2
STO093-000310,2024-02-20,A1,P08,25,15,12,3,19.4
STO093-000311,2024-02-20,A2,P08,70,15,0,3,19.4
STO093-000312,2024-02-20,A3,P08,20,16,0,3,19.4
STO093-000313,2024-02-20,A1,P09,60,27,24,4,21.6
STO093-000314,2024-02-20,A2,P09,9,13,24,4,21.6
STO093-000315,2024-02-21,A3,P09,8,22,0,4,21.6
STO093-000316,2024-02-21,A1,P10,4,19,0,5,23.8
STO093-000317,2024-02-21,A2,P10,5,25,24,5,23.8
STO093-000318,2024-02-21,A3,P10,33,30,24,5,23.8
STO093-000319,2024-02-21,A1,P11,58,22,24,6,26.0
STO093-000320,2024-02-21,A2,P11,48,31,0,6,26.0
STO093-000321,2024-02-21,A3,P11,19,21,0,6,26.0
STO093-000322,2024-02-22,A1,P12,21,34,12,7,28.2
STO093-000323,2024-02-22,A2,P12,19,16,0,7,28.2
STO093-000324,2024-02-22,A3,P12,16,24,0,7,28.2
STO093-000325,2024-02-22,A1,P01,33,28,24,3,4.0
STO093-000326,2024-02-22,A2,P01,55,28,12,3,4.0
STO093-000327,2024-02-22,A3,P01,58,15,12,3,4.0
STO093-000328,2024-02-23,A1,P02,49,30,12,4,6.2
STO093-000329,2024-02-23,A2,P02,48,28,12,4,6.2
STO093-000330,2024-02-23,A3,P02,30,7,0,4,6.2
STO093-000331,2024-02-23,A1,P03,46,19,0,5,8.4
STO093-000332,2024-02-23,A2,P03,31,18,0,5,8.4
STO093-000333,2024-02-23,A3,P03,,25,12,5,8.4
STO093-000334,2024-02-24,A1,P04,8,26,0,6,10.6
STO093-000335,2024-02-24,A2,P04,29,6,0,6,10.6
STO093-000336,2024-02-24,A3,P04,52,9,12,6,10.6
STO093-000337,2024-02-24,A1,P05,3,14,12,7,12.8
STO093-000338,2024-02-24,A2,P05,39,16,0,7,12.8
STO093-000339,2024-02-24,A3,P05,30,22,12,7,12.8
STO093-000340,2024-02-25,A1,P06,68,21,12,8,15.0
STO093-000341,2024-02-25,A2,P06,58,16,24,8,15.0
STO093-000342,2024-02-25,A3,P06,35,18,12,8,15.0
STO093-000343,2024-02-25,A1,P07,28,8,0,9,17.2
STO093-000344,2024-02-25,A2,P07,60,18,12,9,17.2
STO093-000345,2024-02-25,A3,P07,44,29,24,9,17.2
STO093-000346,2024-02-26,A1,P08,63,34,0,3,19.4
STO093-000347,2024-02-26,A2,P08,5,23,0,3,19.4
STO093-000348,2024-02-26,A3,P08,17,25,0,3,19.4
STO093-000349,2024-02-26,A1,P09,61,32,0,4,21.6
STO093-000350,2024-02-26,A2,P09,59,24,0,4,21.6
STO093-000351,2024-02-26,A3,P09,2,28,0,4,21.6
STO093-000352,2024-02-27,A1,P10,18,29,0,5,23.8
STO093-000353,2024-02-27,A2,P10,4,33,0,5,23.8
STO093-000354,2024-02-27,A3,P10,7,16,12,5,23.8
STO093-000355,2024-02-27,A1,P11,60,38,0,6,26.0
STO093-000356,2024-02-27,A2,P11,0,18,0,6,26.0
STO093-000357,2024-02-27,A3,P11,23,16,24,6,26.0
STO093-000358,2024-02-27,A1,P12,11,30,12,7,28.2
STO093-000359,2024-02-28,A2,P12,39,33,24,7,28.2
STO093-000360,2024-02-28,A3,P12,49,26,24,7,28.2
STO093-000361,2024-02-28,A1,P01,44,15,12,3,4.0
STO093-000362,2024-02-28,A2,P01,13,25,24,3,4.0
STO093-000363,2024-02-28,A3,P01,22,14,12,3,4.0
STO093-000364,2024-02-28,A1,P02,50,13,24,4,6.2
STO093-000365,2024-02-29,A2,P02,56,17,0,4,6.2
STO093-000366,2024-02-29,A3,P02,17,13,12,4,6.2
STO093-000367,2024-02-29,A1,P03,61,27,0,5,8.4
STO093-000368,2024-02-29,A2,P03,54,26,0,5,8.4
STO093-000369,2024-02-29,A3,P03,68,21,0,5,8.4
STO093-000370,2024-02-29,A1,P04,46,9,0,6,10.6
STO093-000371,2024-03-01,A2,P04,1,10,12,6,10.6
STO093-000372,2024-03-01,A3,P04,42,19,24,6,10.6
STO093-000373,2024-03-01,A1,P05,16,14,12,7,12.8
STO093-000374,2024-03-01,A2,P05,0,6,0,7,12.8
STO093-000375,2024-03-01,A3,P05,54,22,12,7,12.8
STO093-000376,2024-03-01,A1,P06,11,21,12,8,15.0
STO093-000377,2024-03-02,A2,P06,47,32,0,8,15.0
STO093-000378,2024-03-02,A3,P06,62,19,0,8,15.0
STO093-000379,2024-03-02,A1,P07,13,27,0,9,17.2
STO093-000380,2024-03-02,A2,P07,11,23,0,9,17.2
STO093-000381,2024-03-02,A3,P07,7,22,0,9,17.2
STO093-000382,2024-03-02,A1,P08,38,22,0,3,19.4
STO093-000383,2024-03-03,A2,P08,70,21,0,3,19.4
STO093-000384,2024-03-03,A3,P08,15,29,24,3,19.4
STO093-000385,2024-03-03,A1,P09,18,33,0,4,21.6
STO093-000386,2024-03-03,A2,P09,40,23,0,4,21.6
STO093-000387,2024-03-03,A3,P09,18,25,12,4,21.6
STO093-000388,2024-03-03,A1,P10,26,31,12,5,23.8
STO093-000389,2024-03-04, A2 ,P10,37,29,12,5,23.8
STO093-000390,2024-02-30,A3,P10,18,27,0,5,23.8
STO093-000391,2024-03-04,A1,P11,41,19,0,6,26.0
STO093-000392,2024-03-04,A2,P11,32,35,0,6,26.0
STO093-000393,2024-03-04,A3,P11,46,19,12,6,26.0
STO093-000394,2024-03-04,A1,P12,21,27,0,7,28.2
STO093-000395,2024-03-05,A2,P12,13,22,12,7,28.2
STO093-000396,2024-03-05,A3,P12,16,26,24,7,28.2
STO093-000397,2024-03-05,A1,P01,51,13,0,3,4.0
STO093-000398,2024-03-05,A2,P01,9,13,24,3,4.0
STO093-000399,2024-03-05,A3,P01,35,19,0,3,4.0
STO093-000400,2024-03-05,A1,P02,47,18,0,4,6.2
STO093-000401,2024-03-05,A2,P02,69,22,0,4,6.2
STO093-000402,2024-03-06,A3,P02,23,30,24,4,6.2
STO093-000403,2024-03-06,A1,P03,20,0,24,5,8.4
STO093-000404,2024-03-06,A2,P03,48,21,0,5,8.4
STO093-000405,2024-03-06,A3,P03,55,33,12,5,8.4
STO093-000406,2024-03-06,A1,P04,70,22,0,6,10.6
STO093-000407,2024-03-06,A2,P04,33,25,0,6,10.6
STO093-000408,2024-03-07,A3,P04,42,0,0,6,10.6
STO093-000409,2024-03-07,A1,P05,59,15,0,7,12.8
STO093-000410,2024-03-07,A2,P05,5,19,12,7,12.8
STO093-000411,2024-03-07,A3,P05,44,18,0,7,12.8
STO093-000412,2024-03-07,A1,P06,43,10,12,8,15.0
STO093-000413,2024-03-07,A2,P06,50,18,0,8,15.0
STO093-000414,2024-03-08,A3,P06,41,33,24,8,15.0
STO093-000415,2024-03-08,A1,P07,53,19,12,9,17.2
STO093-000416,2024-03-08,A2,P07,,15,12,9,17.2
STO093-000417,2024-03-08,A3,P07,23,29,24,9,17.2
STO093-000418,2024-03-08,A1,P08,25,26,0,3,19.4
STO093-000419,2024-03-08,A2,P08,38,16,0,3,19.4
STO093-000420,2024-03-09,A3,P08,6,29,24,3,19.4
STO093-000421,2024-03-09,A1,P09,15,28,0,4,21.6
STO093-000422,2024-03-09,A2,P09,31,33,12,4,21.6
STO093-000423,2024-03-09,A3,P09,39,19,0,4,21.6
STO093-000424,2024-03-09,A1,P10,32,24,0,5,23.8
STO093-000425,2024-03-09,A2,P10,10,12,12,5,23.8
STO093-000426,2024-03-10,A3,P10,14,13,0,5,23.8
STO093-000427,2024-03-10,A1,P11,13,30,0,6,26.0
STO093-000428,2024-03-10,A2,P11,4,52,12,6,26.0
STO093-000429,2024-03-10,A3,P11,8,32,0,6,26.0
STO093-000430,2024-03-10,A1,P12,54,37,24,7,28.2
STO093-000431,2024-03-10,A2,P12,54,18,0,7,28.2
STO093-000432,2024-03-11,A3,P12,4,30,0,7,28.2
STO093-000433,2024-03-11,A1,P01,15,10,0,3,4.0
STO093-000434,2024-03-11,A2,P01,20,14,12,3,4.0
STO093-000435,2024-03-11,A3,P01,64,12,0,3,4.0
STO093-000436,2024-03-11,A1,P02,18,23,0,4,6.2
STO093-000437,2024-03-11,A2,P02,12,17,24,4,6.2
STO093-000438,2024-03-11,A3,P02,2,18,0,4,6.2
STO093-000439,2024-03-12,A1,P03,26,14,12,5,8.4
STO093-000440,2024-03-12,A2,P03,68,1,0,5,8.4
STO093-000441,2024-03-12,A3,P03,33,12,0,5,8.4
STO093-000442,2024-03-12,A1,P04,47,19,12,6,10.6
STO093-000443,2024-03-12,A2,P04,53,18,0,6,10.6
STO093-000444,2024-03-12,A3,P04,59,26,24,6,10.6
STO093-000445,2024-03-13,A1,P05,16,16,0,7,12.8
STO093-000446,2024-03-13,A2,P05,22,6,24,7,12.8
STO093-000447,2024-03-13,A3,P05,1,14,0,7,12.8
STO093-000448,2024-03-13,A1,P06,30,17,12,8,15.0
STO093-000449,2024-03-13,A2,P06,50,23,24,8,15.0
STO093-000450,2024-03-13,A3,P06,20,26,24,8,15.0
STO093-000451,2024-03-14,A1,P07,31,16,0,9,17.2
STO093-000452,2024-03-14,A2,P07,26,21,24,9,17.2
STO093-000453,2024-03-14,A3,P07,42,14,24,9,17.2
STO093-000454,2024-03-14,A1,P08,23,15,24,3,19.4
STO093-000455,2024-03-14,A2,P08,8,28,0,3,19.4
STO093-000456,2024-03-14,A3,P08,28,24,24,3,19.4
STO093-000457,2024-03-15,A1,P09,2,44,12,4,21.6
STO093-000458,2024-03-15,A2,P09,44,27,0,4,21.6
STO093-000459,2024-03-15,A3,P09,59,23,12,4,21.6
STO093-000460,2024-03-15,A1,P10,66,40,0,5,23.8
STO093-000461,2024-03-15,A2,P10,24,23,0,5,23.8
STO093-000462,2024-03-15,A3,P10,16,31,0,5,23.8
STO093-000463,2024-03-16,A1,P11,31,40,24,6,26.0
STO093-000464,2024-03-16,A2,P11,49,15,0,6,26.0
STO093-000465,2024-03-16,A3,P11,4,12,12,6,26.0
STO093-000466,2024-03-16,A1,P12,57,27,0,7,28.2
STO093-000467,2024-03-16,A2,P12,19,11,0,7,28.2
STO093-000468,2024-03-16,A3,P12,15,34,24,7,28.2
STO093-000469,2024-03-17,A1,P01,19,14,12,3,4.0
STO093-000470,2024-03-17,A2,P01,56,9,0,3,4.0
STO093-000471,2024-03-17,A3,P01,30,33,0,3,4.0
STO093-000472,2024-03-17,A1,P02,9,13,24,4,6.2
STO093-000473,2024-03-17,A2,P02,58,17,0,4,6.2
STO093-000474,2024-03-17,A3,P02,61,19,0,4,6.2
STO093-000475,2024-03-17,A1,P03,28,19,0,5,8.4
STO093-000476,2024-03-18,A2,P03,41,18,0,5,8.4
STO093-000477,2024-03-18,A3,P03,27,25,24,5,8.4
STO093-000478,2024-03-18,A1,P04,5,17,12,6,10.6
STO093-000479,2024-03-18,A2,P04,54,12,24,6,10.6
STO093-000480,2024-03-18,A3,P04,69,19,12,6,10.6
STO093-000481,2024-03-18,A1,P05,49,17,0,7,12.8
STO093-000482,2024-03-19,A2,P05,5,16,0,7,12.8
STO093-000483,2024-03-19,A3,P05,34,16,0,7,12.8
STO093-000484,2024-03-19,A1,P06,14,25,12,8,15.0
STO093-000485,2024-03-19,A2,P06,16,4,0,8,15.0
STO093-000486,2024-03-19, A3 ,P06,41,4,12,8,15.0
STO093-000487,2024-03-19,A1,P07,56,10,12,9,17.2
STO093-000488,2024-03-20,A2,P07,62,38,24,9,17.2
STO093-000489,2024-03-20,A3,P07,49,27,12,9,17.2
STO093-000490,2024-03-20,A1,P08,16,17,0,3,19.4
STO093-000491,2024-03-20,A2,P08,2,24,0,3,19.4
STO093-000492,2024-03-20,A3,P08,9,28,12,3,19.4
STO093-000493,2024-03-20,A1,P09,11,28,0,4,21.6
STO093-000494,2024-03-21,A2,P09,13,20,12,4,21.6
STO093-000495,2024-03-21,A3,P09,55,14,12,4,21.6
STO093-000496,2024-03-21,A1,P10,28,29,0,5,23.8
STO093-000497,2024-03-21,A2,P10,45,38,24,5,23.8
STO093-000498,2024-03-21,A3,P10,6,19,0,5,23.8
STO093-000499,2024-03-21,A1,P11,,27,24,6,26.0
STO093-000500,2024-03-22,A2,P11,6,20,12,6,26.0
STO093-000501,2024-03-22,A3,P11,57,20,12,6,26.0
STO093-000502,2024-03-22,A1,P12,67,26,24,7,28.2
STO093-000503,2024-03-22,A2,P12,21,24,0,7,28.2
STO093-000504,2024-03-22,A3,P12,45,32,0,7,28.2
STO093-000505,2024-03-22,A1,P01,9,12,0,3,4.0
STO093-000506,2024-03-23,A2,P01,69,31,24,3,4.0
STO093-000507,2024-03-23,A3,P01,8,8,0,3,4.0
STO093-000508,2024-03-23,A1,P02,61,29,12,4,6.2
STO093-000509,2024-03-23,A2,P02,66,10,24,4,6.2
STO093-000510,2024-03-23,A3,P02,6,16,0,4,6.2
STO093-000511,2024-03-23,A1,P03,8,7,24,5,8.4
STO093-000512,2024-03-24,A2,P03,57,28,24,5,8.4
STO093-000513,2024-03-24,A3,P03,1,23,0,5,8.4
STO093-000514,2024-03-24,A1,P04,13,8,0,6,10.6
STO093-000515,2024-03-24,A2,P04,1,21,0,6,10.6
STO093-000516,2024-03-24,A3,P04,61,16,12,6,10.6
STO093-000517,2024-03-24,A1,P05,0,30,24,7,12.8
STO093-000518,2024-03-24,A2,P05,26,23,0,7,12.8
STO093-000519,2024-03-25,A3,P05,34,21,12,7,12.8
STO093-000520,2024-03-25,A1,P06,23,17,24,8,15.0
STO093-000521,2024-03-25,A2,P06,18,4,12,8,15.0
STO093-000522,2024-03-25,A3,P06,10,15,24,8,15.0
STO093-000523,2024-03-25,A1,P07,23,30,0,9,17.2
STO093-000524,2024-03-25,A2,P07,54,25,0,9,17.2
STO093-000525,2024-03-26,A3,P07,67,8,12,9,17.2
STO093-000526,2024-03-26,A1,P08,44,14,24,3,19.4
STO093-000527,2024-03-26,A2,P08,20,34,12,3,19.4
STO093-000528,2024-03-26,A3,P08,49,25,0,3,19.4
STO093-000529,2024-03-26,A1,P09,8,25,0,4,21.6
STO093-000530,2024-03-26,A2,P09,63,31,24,4,21.6
STO093-000531,2024-03-27,A3,P09,30,25,24,4,21.6
STO093-000532,2024-03-27,A1,P10,25,35,0,5,23.8
STO093-000533,2024-03-27,A2,P10,23,18,12,5,23.8
STO093-000534,2024-03-27,A3,P10,65,24,12,5,23.8
STO093-000535,2024-03-27,A1,P11,62,28,0,6,26.0
STO093-000536,2024-03-27,A2,P11,68,22,0,6,26.0
STO093-000537,2024-03-28,A3,P11,59,39,24,6,26.0
STO093-000538,2024-03-28,A1,P12,47,28,0,7,28.2
STO093-000539,2024-03-28,A2,P12,22,21,0,7,28.2
STO093-000540,2024-03-28,A3,P12,44,17,12,7,28.2
STO093-000541,2024-03-28,A1,P01,68,10,0,3,4.0
STO093-000542,2024-03-28,A2,P01,39,16,0,3,4.0
STO093-000543,2024-03-29,A3,P01,67,9,12,3,4.0
STO093-000544,2024-03-29,A1,P02,65,10,0,4,6.2
STO093-000545,2024-03-29,A2,P02,13,13,12,4,6.2
STO093-000546,2024-03-29,A3,P02,17,24,12,4,6.2
STO093-000547,2024-03-29,A1,P03,43,21,12,5,8.4
STO093-000548,2024-03-29,A2,P03,67,4,24,5,8.4
STO093-000549,2024-03-30,A3,P03,62,20,24,5,8.4
STO093-000550,2024-03-30,A1,P04,8,7,24,6,10.6
STO093-000551,2024-03-30,A2,P04,48,19,0,6,10.6
STO093-000552,2024-03-30,A3,P04,22,22,0,6,10.6
STO093-000553,2024-03-30,A1,P05,2,12,0,7,12.8
STO093-000554,2024-03-30,A2,P05,18,30,12,7,12.8
STO093-000555,2024-03-30,A3,P05,16,17,0,7,12.8
STO093-000556,2024-03-31,A1,P06,31,20,0,8,15.0
STO093-000557,2024-03-31,A2,P06,0,23,12,8,15.0
STO093-000558,2024-03-31,A3,P06,15,20,12,8,15.0
STO093-000559,2024-03-31,A1,P07,21,28,12,9,17.2
STO093-000560,2024-03-31,A2,P07,70,15,0,9,17.2
STO093-000561,2024-03-31,A3,P07,6,24,0,9,17.2
STO093-000562,2024-04-01,A1,P08,56,40,0,3,19.4
STO093-000563,2024-04-01,A2,P08,47,14,24,3,19.4
STO093-000564,2024-04-01,A3,P08,55,30,12,3,19.4
STO093-000565,2024-04-01,A1,P09,8,18,0,4,21.6
STO093-000566,2024-04-01,A2,P09,47,17,12,4,21.6
STO093-000567,2024-04-01,A3,P09,27,6,0,4,21.6
STO093-000568,2024-04-02,A1,P10,61,16,0,5,23.8
STO093-000569,2024-04-02,A2,P10,70,18,12,5,23.8
STO093-000570,2024-04-02,A3,P10,23,22,0,5,23.8
STO093-000571,2024-04-02,A1,P11,45,36,0,6,26.0
STO093-000572,2024-04-02,A2,P11,0,4,24,6,26.0
STO093-000573,2024-04-02,A3,P11,41,37,0,6,26.0
STO093-000574,2024-04-03,A1,P12,70,17,0,7,28.2
STO093-000575,2024-04-03,A2,P12,69,17,0,7,28.2
STO093-000576,2024-04-03,A3,P12,55,24,12,7,28.2
STO093-000577,2024-04-03,A1,P01,34,17,0,3,4.0
STO093-000578,2024-04-03,A2,P01,3,6,24,3,4.0
STO093-000579,2024-04-03,A3,P01,26,21,0,3,4.0
STO093-000580,2024-04-04,A1,P02,15,9,0,4,6.2
STO093-000581,2024-04-04,A2,P02,19,25,0,4,6.2
STO093-000582,2024-04-04,A3,P02,,17,24,4,6.2
STO093-000583,2024-04-04, A1 ,P03,28,8,0,5,8.4
STO093-000584,2024-04-04,A2,P03,23,25,24,5,8.4
STO093-000585,2024-04-04,A3,P03,38,14,0,5,8.4
STO093-000586,2024-04-05,A1,P04,8,15,0,6,10.6
STO093-000587,2024-04-05,A2,P04,18,29,12,6,10.6
STO093-000588,2024-04-05,A3,P04,62,29,12,6,10.6
STO093-000589,2024-04-05,A1,P05,49,39,24,7,12.8
STO093-000590,2024-04-05,A2,P05,64,2,0,7,12.8
STO093-000591,2024-04-05,A3,P05,0,14,24,7,12.8
STO093-000592,2024-04-06,A1,P06,4,21,12,8,15.0
STO093-000593,2024-04-06,A2,P06,41,30,12,8,15.0
STO093-000594,2024-04-06,A3,P06,58,18,12,8,15.0
STO093-000595,2024-04-06,A1,P07,62,25,12,9,17.2
STO093-000596,2024-04-06,A2,P07,23,20,0,9,17.2
STO093-000597,2024-04-06,A3,P07,67,18,0,9,17.2
STO093-000598,2024-04-06,A1,P08,38,15,24,3,19.4
STO093-000599,2024-04-07,A2,P08,52,34,12,3,19.4
STO093-000600,2024-04-07,A3,P08,6,21,0,3,19.4
STO093-000601,2024-04-07,A1,P09,45,19,24,4,21.6
STO093-000602,2024-04-07,A2,P09,9,39,24,4,21.6
STO093-000603,2024-04-07,A3,P09,23,18,24,4,21.6
STO093-000604,2024-04-07,A1,P10,13,24,0,5,23.8
STO093-000605,2024-04-08,A2,P10,11,32,24,5,23.8
STO093-000606,2024-04-08,A3,P10,59,20,12,5,23.8
STO093-000607,2024-04-08,A1,P11,57,26,24,6,26.0
STO093-000608,2024-04-08,A2,P11,43,34,12,6,26.0
STO093-000609,2024-04-08,A3,P11,44,22,24,6,26.0
STO093-000610,2024-04-08,A1,P12,12,30,24,7,28.2
STO093-000611,2024-04-09,A2,P12,24,18,12,7,28.2
STO093-000612,2024-04-09,A3,P12,60,20,0,7,28.2
STO093-000613,2024-04-09,A1,P01,18,11,0,3,4.0
STO093-000614,2024-04-09,A2,P01,67,3,0,3,4.0
STO093-000615,2024-04-09,A3,P01,27,19,0,3,4.0
STO093-000616,2024-04-09,A1,P02,16,26,12,4,6.2
STO093-000617,2024-04-10,A2,P02,59,5,0,4,6.2
STO093-000618,2024-04-10,A3,P02,17,18,12,4,6.2
STO093-000619,2024-04-10,A1,P03,64,19,24,5,8.4
STO093-000620,2024-04-10,A2,P03,56,16,0,5,8.4
STO093-000621,2024-04-10,A3,P03,21,12,24,5,8.4
STO093-000622,2024-04-10,A1,P04,16,4,0,6,10.6
STO093-000623,2024-04-11,A2,P04,9,19,0,6,10.6
STO093-000624,2024-04-11,A3,P04,43,18,12,6,10.6
STO093-000625,2024-04-11,A1,P05,54,33,0,7,12.8
STO093-000626,2024-04-11,A2,P05,64,28,0,7,12.8
STO093-000627,2024-04-11,A3,P05,61,18,24,7,12.8
STO093-000628,2024-04-11,A1,P06,34,7,24,8,15.0
STO093-000629,2024-04-12,A2,P06,27,20,0,8,15.0
STO093-000630,2024-04-12,A3,P06,63,19,12,8,15.0
STO093-000631,2024-04-12,A1,P07,57,26,0,9,17.2
STO093-000632,2024-04-12,A2,P07,22,15,12,9,17.2
STO093-000633,2024-04-12,A3,P07,36,0,12,9,17.2
STO093-000634,2024-04-12,A1,P08,0,38,12,3,19.4
STO093-000635,2024-04-12,A2,P08,16,14,0,3,19.4
STO093-000636,2024-04-13,A3,P08,15,21,12,3,19.4
STO093-000637,2024-04-13,A1,P09,2,32,12,4,21.6
STO093-000638,2024-04-13,A2,P09,0,24,24,4,21.6
STO093-000639,2024-04-13,A3,P09,34,10,12,4,21.6
STO093-000640,2024-04-13,A1,P10,44,34,0,5,23.8
STO093-000641,2024-04-13,A2,P10,29,21,24,5,23.8
STO093-000642,2024-04-14,A3,P10,1,26,0,5,23.8
STO093-000643,2024-04-14,A1,P11,20,24,12,6,26.0
STO093-000644,2024-04-14,A2,P11,4,33,0,6,26.0
STO093-000645,2024-04-14,A3,P11,68,33,24,6,26.0
STO093-000646,2024-04-14,A1,P12,30,27,24,7,28.2
STO093-000647,2024-04-14,A2,P12,45,29,12,7,28.2
STO093-000648,2024-04-15,A3,P12,35,30,24,7,28.2
STO093-000649,2024-04-15,A1,P01,46,20,24,3,4.0
STO093-000650,2024-04-15,A2,P01,30,22,0,3,4.0
STO093-000651,2024-04-15,A3,P01,62,5,0,3,4.0
STO093-000652,2024-04-15,A1,P02,56,11,12,4,6.2
STO093-000653,2024-04-15,A2,P02,29,13,0,4,6.2
STO093-000654,2024-04-16,A3,P02,45,23,0,4,6.2
STO093-000655,2024-04-16,A1,P03,16,23,12,5,8.4
STO093-000656,2024-04-16,A2,P03,26,11,12,5,8.4
STO093-000657,2024-04-16,A3,P03,54,18,0,5,8.4
STO093-000658,2024-04-16,A1,P04,27,13,24,6,10.6
STO093-000659,2024-04-16,A2,P04,20,19,0,6,10.6
STO093-000660,2024-04-17,A3,P04,52,14,24,6,10.6
STO093-000661,2024-04-17,A1,P05,12,19,0,7,12.8
STO093-000662,2024-04-17,A2,P05,21,16,0,7,12.8
STO093-000663,2024-04-17,A3,P05,52,23,24,7,12.8
STO093-000664,2024-04-17,A1,P06,45,21,0,8,15.0
STO093-000665,2024-04-17,A2,P06,,19,12,8,15.0
STO093-000666,2024-04-18,A3,P06,33,9,0,8,15.0
STO093-000667,2024-04-18,A1,P07,12,16,0,9,17.2
STO093-000668,2024-04-18,A2,P07,61,20,24,9,17.2
STO093-000669,2024-04-18,A3,P07,34,26,0,9,17.2
STO093-000670,2024-04-18,A1,P08,9,25,0,3,19.4
STO093-000671,2024-04-18,A2,P08,49,29,24,3,19.4
STO093-000672,2024-04-19,A3,P08,25,19,12,3,19.4
STO093-000673,2024-04-19,A1,P09,35,30,24,4,21.6
STO093-000674,2024-04-19,A2,P09,43,34,12,4,21.6
STO093-000675,2024-04-19,A3,P09,49,13,0,4,21.6
STO093-000676,2024-04-19,A1,P10,8,27,12,5,23.8
STO093-000677,2024-04-19,A2,P10,4,10,0,5,23.8
STO093-000678,2024-04-19,A3,P10,70,30,0,5,23.8
STO093-000679,2024-04-20,A1,P11,1,38,0,6,26.0
STO093-000680,2024-04-20, A2 ,P11,26,20,12,6,26.0
STO093-000681,2024-04-20,A3,P11,46,22,24,6,26.0
STO093-000682,2024-04-20,A1,P12,36,46,24,7,28.2
STO093-000683,2024-04-20,A2,P12,70,23,0,7,28.2
STO093-000684,2024-04-20,A3,P12,27,31,24,7,28.2
STO093-000685,2024-04-21,A1,P01,64,12,0,3,4.0
STO093-000686,2024-04-21,A2,P01,70,16,0,3,4.0
STO093-000687,2024-04-21,A3,P01,37,11,0,3,4.0
STO093-000688,2024-04-21,A1,P02,6,16,24,4,6.2
STO093-000689,2024-04-21,A2,P02,39,23,0,4,6.2
STO093-000690,2024-04-21,A3,P02,7,25,24,4,6.2
STO093-000691,2024-04-22,A1,P03,60,29,12,5,8.4
STO093-000692,2024-04-22,A2,P03,32,16,0,5,8.4
STO093-000693,2024-04-22,A3,P03,30,16,12,5,8.4
STO093-000694,2024-04-22,A1,P04,26,14,24,6,10.6
STO093-000695,2024-04-22,A2,P04,66,21,0,6,10.6
STO093-000696,2024-04-22,A3,P04,65,28,0,6,10.6
STO093-000697,2024-04-23,A1,P05,41,15,24,7,12.8
STO093-000698,2024-04-23,A2,P05,29,18,0,7,12.8
STO093-000699,2024-04-23,A3,P05,27,18,0,7,12.8
STO093-000700,2024-04-23,A1,P06,51,22,12,8,15.0
STO093-000701,2024-04-23,A2,P06,33,24,12,8,15.0
STO093-000702,2024-04-23,A3,P06,46,20,0,8,15.0
STO093-000703,2024-04-24,A1,P07,42,3,24,9,17.2
STO093-000704,2024-04-24,A2,P07,61,35,0,9,17.2
STO093-000705,2024-04-24,A3,P07,8,25,0,9,17.2
STO093-000706,2024-04-24,A1,P08,8,23,0,3,19.4
STO093-000707,2024-04-24,A2,P08,27,23,0,3,19.4
STO093-000708,2024-04-24,A3,P08,11,28,0,3,19.4
STO093-000709,2024-04-25,A1,P09,58,12,12,4,21.6
STO093-000710,2024-04-25,A2,P09,46,26,12,4,21.6
STO093-000711,2024-04-25,A3,P09,35,28,0,4,21.6
STO093-000712,2024-04-25,A1,P10,68,15,24,5,23.8
STO093-000713,2024-04-25,A2,P10,13,36,0,5,23.8
STO093-000714,2024-04-25,A3,P10,41,31,12,5,23.8
STO093-000715,2024-04-25,A1,P11,11,26,0,6,26.0
STO093-000716,2024-04-26,A2,P11,10,19,24,6,26.0
STO093-000717,2024-04-26,A3,P11,48,21,24,6,26.0
STO093-000718,2024-04-26,A1,P12,40,45,24,7,28.2
STO093-000719,2024-04-26,A2,P12,23,41,0,7,28.2
STO093-000720,2024-04-26,A3,P12,11,24,0,7,28.2
STO093-000721,2024-04-26,A1,P01,40,15,24,3,4.0
STO093-000722,2024-04-27,A2,P01,7,13,12,3,4.0
STO093-000723,2024-04-27,A3,P01,51,17,24,3,4.0
STO093-000724,2024-04-27,A1,P02,1,16,24,4,6.2
STO093-000725,2024-04-27,A2,P02,66,15,0,4,6.2
STO093-000726,2024-04-27,A3,P02,5,16,0,4,6.2
STO093-000727,2024-04-27,A1,P03,27,20,24,5,8.4
STO093-000728,2024-04-28,A2,P03,35,6,12,5,8.4
STO093-000729,2024-04-28,A3,P03,66,28,0,5,8.4
STO093-000730,2024-04-28,A1,P04,1,24,0,6,10.6
STO093-000731,2024-04-28,A2,P04,51,28,0,6,10.6
STO093-000732,2024-04-28,A3,P04,14,28,0,6,10.6
STO093-000733,2024-04-28,A1,P05,20,5,24,7,12.8
STO093-000734,2024-04-29,A2,P05,41,13,0,7,12.8
STO093-000735,2024-04-29,A3,P05,37,0,0,7,12.8
STO093-000736,2024-04-29,A1,P06,36,16,0,8,15.0
STO093-000737,2024-04-29,A2,P06,4,22,0,8,15.0
STO093-000738,2024-04-29,A3,P06,4,14,0,8,15.0
STO093-000739,2024-04-29,A1,P07,16,27,0,9,17.2
STO093-000740,2024-04-30,A2,P07,40,25,24,9,17.2
STO093-000741,2024-04-30,A3,P07,51,14,0,9,17.2
STO093-000742,2024-04-30,A1,P08,24,14,12,3,19.4
STO093-000743,2024-04-30,A2,P08,5,26,0,3,19.4
STO093-000744,2024-04-30,A3,P08,34,31,24,3,19.4
STO093-000745,2024-04-30,A1,P09,30,31,12,4,21.6
STO093-000746,2024-05-01,A2,P09,57,21,0,4,21.6
STO093-000747,2024-05-01,A3,P09,21,26,12,4,21.6
STO093-000748,2024-05-01,A1,P10,,23,12,5,23.8
STO093-000749,2024-05-01,A2,P10,12,8,12,5,23.8
STO093-000750,2024-05-01,A3,P10,27,34,0,5,23.8
STO093-000751,2024-05-01,A1,P11,63,28,0,6,26.0
STO093-000752,2024-05-01,A2,P11,8,30,0,6,26.0
STO093-000753,2024-05-02,A3,P11,13,29,24,6,26.0
STO093-000754,2024-05-02,A1,P12,50,30,24,7,28.2
STO093-000755,2024-05-02,A2,P12,32,21,0,7,28.2
STO093-000756,2024-05-02,A3,P12,53,20,24,7,28.2
STO093-000757,2024-05-02,A1,P01,20,10,0,3,4.0
STO093-000758,2024-05-02,A2,P01,61,18,24,3,4.0
STO093-000759,2024-05-03,A3,P01,14,24,0,3,4.0
STO093-000760,2024-05-03,A1,P02,6,23,0,4,6.2
STO093-000761,2024-05-03,A2,P02,1,3,12,4,6.2
STO093-000762,2024-05-03,A3,P02,46,18,12,4,6.2
STO093-000763,2024-05-03,A1,P03,36,6,24,5,8.4
STO093-000764,2024-05-03,A2,P03,19,26,12,5,8.4
STO093-000765,2024-05-04,A3,P03,65,3,24,5,8.4
STO093-000766,2024-05-04,A1,P04,38,14,0,6,10.6
STO093-000767,2024-05-04,A2,P04,69,18,0,6,10.6
STO093-000768,2024-05-04,A3,P04,50,28,0,6,10.6
STO093-000769,2024-05-04,A1,P05,62,22,0,7,12.8
STO093-000770,2024-05-04,A2,P05,40,14,0,7,12.8
STO093-000771,2024-05-05,A3,P05,33,9,0,7,12.8
STO093-000772,2024-05-05,A1,P06,18,32,24,8,15.0
STO093-000773,2024-05-05,A2,P06,58,26,24,8,15.0
STO093-000774,2024-05-05,A3,P06,49,9,0,8,15.0
STO093-000775,2024-05-05,A1,P07,32,8,0,9,17.2
STO093-000776,2024-05-05,A2,P07,31,17,24,9,17.2
STO093-000777,2024-05-06, A3 ,P07,57,12,12,9,17.2
STO093-000778,2024-05-06,A1,P08,31,15,0,3,19.4
STO093-000779,2024-02-30,A2,P08,61,31,24,3,19.4
STO093-000780,2024-05-06,A3,P08,18,18,12,3,19.4
STO093-000781,2024-05-06,A1,P09,42,22,0,4,21.6
STO093-000782,2024-05-06,A2,P09,59,25,12,4,21.6
STO093-000783,2024-05-07,A3,P09,7,24,0,4,21.6
STO093-000784,2024-05-07,A1,P10,43,23,0,5,23.8
STO093-000785,2024-05-07,A2,P10,4,26,0,5,23.8
STO093-000786,2024-05-07,A3,P10,64,24,0,5,23.8
STO093-000787,2024-05-07,A1,P11,26,40,0,6,26.0
STO093-000788,2024-05-07,A2,P11,17,29,0,6,26.0
STO093-000789,2024-05-08,A3,P11,29,19,24,6,26.0
STO093-000790,2024-05-08,A1,P12,34,21,12,7,28.2
STO093-000791,2024-05-08,A2,P12,22,35,0,7,28.2
STO093-000792,2024-05-08,A3,P12,9,27,12,7,28.2
STO093-000793,2024-05-08,A1,P01,24,26,0,3,4.0
STO093-000794,2024-05-08,A2,P01,5,22,0,3,4.0
STO093-000795,2024-05-08,A3,P01,44,11,24,3,4.0
STO093-000796,2024-05-09,A1,P02,31,25,24,4,6.2
STO093-000797,2024-05-09,A2,P02,56,9,0,4,6.2
STO093-000798,2024-05-09,A3,P02,34,29,0,4,6.2
STO093-000799,2024-05-09,A1,P03,33,19,0,5,8.4
STO093-000800,2024-05-09,A2,P03,29,12,12,5,8.4
STO093-000801,2024-05-09,A3,P03,32,23,12,5,8.4
STO093-000802,2024-05-10,A1,P04,36,18,24,6,10.6
STO093-000803,2024-05-10,A2,P04,65,23,12,6,10.6
STO093-000804,2024-05-10,A3,P04,51,11,0,6,10.6
STO093-000805,2024-05-10,A1,P05,15,20,0,7,12.8
STO093-000806,2024-05-10,A2,P05,5,18,0,7,12.8
STO093-000807,2024-05-10,A3,P05,8,13,0,7,12.8
STO093-000808,2024-05-11,A1,P06,63,12,12,8,15.0
STO093-000809,2024-05-11,A2,P06,23,26,24,8,15.0
STO093-000810,2024-05-11,A3,P06,14,18,12,8,15.0
STO093-000811,2024-05-11,A1,P07,10,11,0,9,17.2
STO093-000812,2024-05-11,A2,P07,37,9,12,9,17.2
STO093-000813,2024-05-11,A3,P07,66,20,0,9,17.2
STO093-000814,2024-05-12,A1,P08,30,27,0,3,19.4
STO093-000815,2024-05-12,A2,P08,12,12,24,3,19.4
STO093-000816,2024-05-12,A3,P08,10,10,12,3,19.4
STO093-000817,2024-05-12,A1,P09,61,27,24,4,21.6
STO093-000818,2024-05-12,A2,P09,60,28,0,4,21.6
STO093-000819,2024-05-12,A3,P09,52,22,0,4,21.6
STO093-000820,2024-05-13,A1,P10,26,18,0,5,23.8
STO093-000821,2024-05-13,A2,P10,65,16,12,5,23.8
STO093-000822,2024-05-13,A3,P10,28,7,12,5,23.8
STO093-000823,2024-05-13,A1,P11,68,36,24,6,26.0
STO093-000824,2024-05-13,A2,P11,39,20,24,6,26.0
STO093-000825,2024-05-13,A3,P11,8,34,0,6,26.0
STO093-000826,2024-05-14,A1,P12,28,19,0,7,28.2
STO093-000827,2024-05-14,A2,P12,68,24,24,7,28.2
STO093-000828,2024-05-14,A3,P12,1,31,12,7,28.2
STO093-000829,2024-05-14,A1,P01,34,19,12,3,4.0
STO093-000830,2024-05-14,A2,P01,54,21,0,3,4.0
STO093-000831,2024-05-14,A3,P01,,16,12,3,4.0
STO093-000832,2024-05-14,A1,P02,19,4,0,4,6.2
STO093-000833,2024-05-15,A2,P02,36,22,24,4,6.2
STO093-000834,2024-05-15,A3,P02,22,7,12,4,6.2
STO093-000835,2024-05-15,A1,P03,26,21,0,5,8.4
STO093-000836,2024-05-15,A2,P03,39,8,0,5,8.4
STO093-000837,2024-05-15,A3,P03,46,13,0,5,8.4
STO093-000838,2024-05-15,A1,P04,40,22,0,6,10.6
STO093-000839,2024-05-16,A2,P04,13,16,0,6,10.6
STO093-000840,2024-05-16,A3,P04,28,14,12,6,10.6
STO093-000841,2024-05-16,A1,P05,50,19,12,7,12.8
STO093-000842,2024-05-16,A2,P05,18,22,12,7,12.8
STO093-000843,2024-05-16,A3,P05,10,22,0,7,12.8
STO093-000844,2024-05-16,A1,P06,18,23,0,8,15.0
STO093-000845,2024-05-17,A2,P06,31,8,12,8,15.0
STO093-000846,2024-05-17,A3,P06,68,16,0,8,15.0
STO093-000847,2024-05-17,A1,P07,70,13,24,9,17.2
STO093-000848,2024-05-17,A2,P07,52,12,0,9,17.2
STO093-000849,2024-05-17,A3,P07,11,7,12,9,17.2
STO093-000850,2024-05-17,A1,P08,36,31,0,3,19.4
STO093-000851,2024-05-18,A2,P08,15,22,24,3,19.4
STO093-000852,2024-05-18,A3,P08,45,26,12,3,19.4
STO093-000853,2024-05-18,A1,P09,35,29,0,4,21.6
STO093-000854,2024-05-18,A2,P09,7,22,24,4,21.6
STO093-000855,2024-05-18,A3,P09,52,23,12,4,21.6
STO093-000856,2024-05-18,A1,P10,36,19,0,5,23.8
STO093-000857,2024-05-19,A2,P10,27,41,0,5,23.8
STO093-000858,2024-05-19,A3,P10,53,13,12,5,23.8
STO093-000859,2024-05-19,A1,P11,52,19,24,6,26.0
STO093-000860,2024-05-19,A2,P11,63,30,24,6,26.0
STO093-000861,2024-05-19,A3,P11,47,37,0,6,26.0
STO093-000862,2024-05-19,A1,P12,60,6,12,7,28.2
STO093-000863,2024-05-20,A2,P12,3,32,24,7,28.2
STO093-000864,2024-05-20,A3,P12,48,19,0,7,28.2
STO093-000865,2024-05-20,A1,P01,38,15,0,3,4.0
STO093-000866,2024-05-20,A2,P01,21,21,0,3,4.0
STO093-000867,2024-05-20,A3,P01,13,13,0,3,4.0
STO093-000868,2024-05-20,A1,P02,15,5,0,4,6.2
STO093-000869,2024-05-21,A2,P02,23,15,24,4,6.2
STO093-000870,2024-05-21,A3,P02,9,5,0,4,6.2
STO093-000871,2024-05-21,A1,P03,53,9,12,5,8.4
STO093-000872,2024-05-21,A2,P03,68,23,0,5,8.4
STO093-000873,2024-05-21,A3,P03,52,8,24,5,8.4
STO093-000874,2024-05-21, A1 ,P04,6,6,0,6,10.6
STO093-000875,2024-05-21,A2,P04,34,9,0,6,10.6
STO093-000876,2024-05-22,A3,P04,11,14,0,6,10.6
STO093-000877,2024-05-22,A1,P05,49,34,12,7,12.8
STO093-000878,2024-05-22,A2,P05,34,19,0,7,12.8
STO093-000879,2024-05-22,A3,P05,15,9,24,7,12.8
STO093-000880,2024-05-22,A1,P06,14,21,0,8,15.0
STO093-000881,2024-05-22,A2,P06,7,9,12,8,15.0
STO093-000882,2024-05-23,A3,P06,65,23,0,8,15.0
STO093-000883,2024-05-23,A1,P07,47,33,24,9,17.2
STO093-000884,2024-05-23,A2,P07,42,31,24,9,17.2
STO093-000885,2024-05-23,A3,P07,19,28,24,9,17.2
STO093-000886,2024-05-23,A1,P08,43,16,0,3,19.4
STO093-000887,2024-05-23,A2,P08,44,25,12,3,19.4
STO093-000888,2024-05-24,A3,P08,0,23,24,3,19.4
STO093-000889,2024-05-24,A1,P09,24,27,24,4,21.6
STO093-000890,2024-05-24,A2,P09,56,28,0,4,21.6
STO093-000891,2024-05-24,A3,P09,21,18,0,4,21.6
STO093-000892,2024-05-24,A1,P10,11,29,0,5,23.8
STO093-000893,2024-05-24,A2,P10,55,20,24,5,23.8
STO093-000894,2024-05-25,A3,P10,50,20,12,5,23.8
STO093-000895,2024-05-25,A1,P11,17,22,0,6,26.0
STO093-000896,2024-05-25,A2,P11,9,38,12,6,26.0
STO093-000897,2024-05-25,A3,P11,63,11,24,6,26.0
STO093-000898,2024-05-25,A1,P12,48,11,24,7,28.2
STO093-000899,2024-05-25,A2,P12,4,28,0,7,28.2
STO093-000900,2024-05-26,A3,P12,15,48,12,7,28.2
STO093-000901,2024-05-26,A1,P01,44,11,0,3,4.0
STO093-000902,2024-05-26,A2,P01,41,7,0,3,4.0
STO093-000903,2024-05-26,A3,P01,69,7,0,3,4.0
STO093-000904,2024-05-26,A1,P02,26,27,24,4,6.2
STO093-000905,2024-05-26,A2,P02,13,23,24,4,6.2
STO093-000906,2024-05-27,A3,P02,48,13,0,4,6.2
STO093-000907,2024-05-27,A1,P03,12,19,0,5,8.4
STO093-000908,2024-05-27,A2,P03,22,20,0,5,8.4
STO093-000909,2024-05-27,A3,P03,31,7,12,5,8.4
STO093-000910,2024-05-27,A1,P04,26,8,12,6,10.6
STO093-000911,2024-05-27,A2,P04,4,17,0,6,10.6
STO093-000912,2024-05-27,A3,P04,49,9,24,6,10.6
STO093-000913,2024-05-28,A1,P05,4,14,24,7,12.8
STO093-000914,2024-05-28,A2,P05,,11,12,7,12.8
STO093-000915,2024-05-28,A3,P05,5,13,24,7,12.8
STO093-000916,2024-05-28,A1,P06,50,9,12,8,15.0
STO093-000917,2024-05-28,A2,P06,27,14,12,8,15.0
STO093-000918,2024-05-28,A3,P06,14,28,12,8,15.0
STO093-000919,2024-05-29,A1,P07,66,28,0,9,17.2
STO093-000920,2024-05-29,A2,P07,54,16,0,9,17.2
STO093-000921,2024-05-29,A3,P07,64,22,24,9,17.2
STO093-000922,2024-05-29,A1,P08,44,19,24,3,19.4
STO093-000923,2024-05-29,A2,P08,64,29,12,3,19.4
STO093-000924,2024-05-29,A3,P08,21,26,12,3,19.4
STO093-000925,2024-05-30,A1,P09,50,22,12,4,21.6
STO093-000926,2024-05-30,A2,P09,66,17,0,4,21.6
STO093-000927,2024-05-30,A3,P09,6,20,0,4,21.6
STO093-000928,2024-05-30,A1,P10,32,15,0,5,23.8
STO093-000929,2024-05-30,A2,P10,4,37,12,5,23.8
STO093-000930,2024-05-30,A3,P10,2,27,0,5,23.8
STO093-000931,2024-05-31,A1,P11,51,20,0,6,26.0
STO093-000932,2024-05-31,A2,P11,10,17,0,6,26.0
STO093-000933,2024-05-31,A3,P11,20,33,0,6,26.0
STO093-000934,2024-05-31,A1,P12,38,26,0,7,28.2
STO093-000935,2024-05-31,A2,P12,52,18,24,7,28.2
STO093-000936,2024-05-31,A3,P12,0,40,0,7,28.2
STO093-000937,2024-06-01,A1,P01,68,24,12,3,4.0
STO093-000938,2024-06-01,A2,P01,25,23,24,3,4.0
STO093-000939,2024-06-01,A3,P01,68,14,24,3,4.0
STO093-000940,2024-06-01,A1,P02,55,18,24,4,6.2
STO093-000941,2024-06-01,A2,P02,49,7,0,4,6.2
STO093-000942,2024-06-01,A3,P02,3,16,0,4,6.2
STO093-000943,2024-06-02,A1,P03,54,16,0,5,8.4
STO093-000944,2024-06-02,A2,P03,47,30,12,5,8.4
STO093-000945,2024-06-02,A3,P03,3,25,0,5,8.4
STO093-000946,2024-06-02,A1,P04,24,21,0,6,10.6
STO093-000947,2024-06-02,A2,P04,42,2,12,6,10.6
STO093-000948,2024-06-02,A3,P04,60,14,0,6,10.6
STO093-000949,2024-06-02,A1,P05,36,6,0,7,12.8
STO093-000950,2024-06-03,A2,P05,66,20,0,7,12.8
STO093-000951,2024-06-03,A3,P05,7,18,0,7,12.8
STO093-000952,2024-06-03,A1,P06,65,17,0,8,15.0
STO093-000953,2024-06-03,A2,P06,47,0,0,8,15.0
STO093-000954,2024-06-03,A3,P06,70,14,12,8,15.0
STO093-000955,2024-06-03,A1,P07,0,8,0,9,17.2
STO093-000956,2024-06-04,A2,P07,44,14,12,9,17.2
STO093-000957,2024-06-04,A3,P07,43,9,0,9,17.2
STO093-000958,2024-06-04,A1,P08,8,22,12,3,19.4
STO093-000959,2024-06-04,A2,P08,48,37,12,3,19.4
STO093-000960,2024-06-04,A3,P08,65,9,24,3,19.4
STO093-000961,2024-06-04,A1,P09,27,22,24,4,21.6
STO093-000962,2024-06-05,A2,P09,9,31,0,4,21.6
STO093-000963,2024-06-05,A3,P09,53,19,24,4,21.6
STO093-000964,2024-06-05,A1,P10,40,31,12,5,23.8
STO093-000965,2024-06-05,A2,P10,39,29,0,5,23.8
STO093-000966,2024-06-05,A3,P10,20,18,24,5,23.8
STO093-000967,2024-06-05,A1,P11,46,31,12,6,26.0
STO093-000968,2024-06-06,A2,P11,70,29,0,6,26.0
STO093-000969,2024-06-06,A3,P11,56,34,0,6,26.0
STO093-000970,2024-06-06,A1,P12,65,25,0,7,28.2
STO093-000971,2024-06-06, A2 ,P12,28,30,12,7,28.2
STO093-000972,2024-06-06,A3,P12,43,34,0,7,28.2
STO093-000973,2024-06-06,A1,P01,6,12,24,3,4.0
STO093-000974,2024-06-07,A2,P01,4,5,0,3,4.0
STO093-000975,2024-06-07,A3,P01,51,14,12,3,4.0
STO093-000976,2024-06-07,A1,P02,24,3,24,4,6.2
STO093-000977,2024-06-07,A2,P02,2,8,24,4,6.2
STO093-000978,2024-06-07,A3,P02,67,1,12,4,6.2
STO093-000979,2024-06-07,A1,P03,26,17,0,5,8.4
STO093-000980,2024-06-08,A2,P03,53,29,24,5,8.4
STO093-000981,2024-06-08,A3,P03,45,3,0,5,8.4
STO093-000982,2024-06-08,A1,P04,69,13,0,6,10.6
STO093-000983,2024-06-08,A2,P04,63,20,12,6,10.6
STO093-000984,2024-06-08,A3,P04,35,13,12,6,10.6
STO093-000985,2024-06-08,A1,P05,44,22,0,7,12.8
STO093-000986,2024-06-09,A2,P05,36,24,24,7,12.8
STO093-000987,2024-06-09,A3,P05,20,18,24,7,12.8
STO093-000988,2024-06-09,A1,P06,57,7,0,8,15.0
STO093-000989,2024-06-09,A2,P06,44,24,12,8,15.0
STO093-000990,2024-06-09,A3,P06,36,23,24,8,15.0
STO093-000991,2024-06-09,A1,P07,27,25,0,9,17.2
STO093-000992,2024-06-09,A2,P07,58,0,0,9,17.2
STO093-000993,2024-06-10,A3,P07,70,17,0,9,17.2
STO093-000994,2024-06-10,A1,P08,48,11,0,3,19.4
STO093-000995,2024-06-10,A2,P08,24,9,12,3,19.4
STO093-000996,2024-06-10,A3,P08,9,5,12,3,19.4
STO093-000997,2024-06-10,A1,P09,,11,12,4,21.6
STO093-000998,2024-06-10,A2,P09,46,19,12,4,21.6
STO093-000999,2024-06-11,A3,P09,4,20,12,4,21.6
STO093-001000,2024-06-11,A1,P10,53,24,0,5,23.8
STO093-001001,2024-06-11,A2,P10,48,20,12,5,23.8
STO093-001002,2024-06-11,A3,P10,2,27,24,5,23.8
STO093-001003,2024-06-11,A1,P11,28,25,0,6,26.0
STO093-001004,2024-06-11,A2,P11,2,20,24,6,26.0
STO093-001005,2024-06-12,A3,P11,61,31,12,6,26.0
STO093-001006,2024-06-12,A1,P12,0,19,0,7,28.2
STO093-001007,2024-06-12,A2,P12,43,29,24,7,28.2
STO093-001008,2024-06-12,A3,P12,37,27,12,7,28.2
STO093-001009,2024-06-12,A1,P01,47,11,0,3,4.0
STO093-001010,2024-06-12,A2,P01,21,0,0,3,4.0
STO093-001011,2024-06-13,A3,P01,42,19,24,3,4.0
STO093-001012,2024-06-13,A1,P02,32,17,0,4,6.2
STO093-001013,2024-06-13,A2,P02,32,3,24,4,6.2
STO093-001014,2024-06-13,A3,P02,50,25,0,4,6.2
STO093-001015,2024-06-13,A1,P03,13,9,24,5,8.4
STO093-001016,2024-06-13,A2,P03,65,10,12,5,8.4
STO093-001017,2024-06-14,A3,P03,30,20,24,5,8.4
STO093-001018,2024-06-14,A1,P04,0,18,24,6,10.6
STO093-001019,2024-06-14,A2,P04,1,34,24,6,10.6
STO093-001020,2024-06-14,A3,P04,42,23,12,6,10.6
STO093-001021,2024-06-14,A1,P05,59,33,0,7,12.8
STO093-001022,2024-06-14,A2,P05,52,17,0,7,12.8
STO093-001023,2024-06-15,A3,P05,44,22,0,7,12.8
STO093-001024,2024-06-15,A1,P06,7,21,24,8,15.0
STO093-001025,2024-06-15,A2,P06,34,32,12,8,15.0
STO093-001026,2024-06-15,A3,P06,65,18,12,8,15.0
STO093-001027,2024-06-15,A1,P07,9,24,0,9,17.2
STO093-001028,2024-06-15,A2,P07,54,17,24,9,17.2
STO093-001029,2024-06-15,A3,P07,26,23,24,9,17.2
STO093-001030,2024-06-16,A1,P08,64,37,12,3,19.4
STO093-001031,2024-06-16,A2,P08,45,3,24,3,19.4
STO093-001032,2024-06-16,A3,P08,55,22,12,3,19.4
STO093-001033,2024-06-16,A1,P09,38,31,12,4,21.6
STO093-001034,2024-06-16,A2,P09,68,11,0,4,21.6
STO093-001035,2024-06-16,A3,P09,6,38,0,4,21.6
STO093-001036,2024-06-17,A1,P10,17,2,0,5,23.8
STO093-001037,2024-06-17,A2,P10,26,15,24,5,23.8
STO093-001038,2024-06-17,A3,P10,1,31,24,5,23.8
STO093-001039,2024-06-17,A1,P11,12,17,0,6,26.0
STO093-001040,2024-06-17,A2,P11,43,24,24,6,26.0
STO093-001041,2024-06-17,A3,P11,32,6,0,6,26.0
STO093-001042,2024-06-18,A1,P12,68,37,0,7,28.2
STO093-001043,2024-06-18,A2,P12,25,28,0,7,28.2
STO093-001044,2024-06-18,A3,P12,45,20,0,7,28.2
STO093-001045,2024-06-18,A1,P01,51,14,12,3,4.0
STO093-001046,2024-06-18,A2,P01,69,14,0,3,4.0
STO093-001047,2024-06-18,A3,P01,18,13,12,3,4.0
STO093-001048,2024-06-19,A1,P02,24,11,0,4,6.2
STO093-001049,2024-06-19,A2,P02,70,19,0,4,6.2
STO093-001050,2024-06-19,A3,P02,48,13,0,4,6.2
STO093-001051,2024-06-19,A1,P03,43,13,24,5,8.4
STO093-001052,2024-06-19,A2,P03,63,22,12,5,8.4
STO093-001053,2024-06-19,A3,P03,50,10,12,5,8.4
STO093-001054,2024-06-20,A1,P04,70,13,0,6,10.6
STO093-001055,2024-06-20,A2,P04,21,13,24,6,10.6
STO093-001056,2024-06-20,A3,P04,37,23,0,6,10.6
STO093-001057,2024-06-20,A1,P05,4,8,0,7,12.8
STO093-001058,2024-06-20,A2,P05,19,7,24,7,12.8
STO093-001059,2024-06-20,A3,P05,59,26,0,7,12.8
STO093-001060,2024-06-21,A1,P06,33,26,0,8,15.0
STO093-001061,2024-06-21,A2,P06,53,13,24,8,15.0
STO093-001062,2024-06-21,A3,P06,40,27,0,8,15.0
STO093-001063,2024-06-21,A1,P07,58,19,0,9,17.2
STO093-001064,2024-06-21,A2,P07,66,0,0,9,17.2
STO093-001065,2024-06-21,A3,P07,26,13,12,9,17.2
STO093-001066,2024-06-22,A1,P08,6,15,0,3,19.4
STO093-001067,2024-06-22,A2,P08,8,21,0,3,19.4
STO093-001068,2024-06-22, A3 ,P08,27,15,12,3,19.4
STO093-001069,2024-06-22,A1,P09,22,12,0,4,21.6
STO093-001070,2024-06-22,A2,P09,13,31,0,4,21.6
STO093-001071,2024-06-22,A3,P09,62,28,0,4,21.6
STO093-001072,2024-06-22,A1,P10,9,17,24,5,23.8
STO093-001073,2024-06-23,A2,P10,15,34,12,5,23.8
STO093-001074,2024-06-23,A3,P10,29,39,12,5,23.8
STO093-001075,2024-06-23,A1,P11,65,19,0,6,26.0
STO093-001076,2024-06-23,A2,P11,2,45,24,6,26.0
STO093-001077,2024-06-23,A3,P11,61,16,12,6,26.0
STO093-001078,2024-06-23,A1,P12,45,24,12,7,28.2
STO093-001079,2024-06-24,A2,P12,16,19,0,7,28.2
STO093-001080,2024-06-24,A3,P12,,28,0,7,28.2
STO093-001081,2024-06-24,A1,P01,44,17,0,3,4.0
STO093-001082,2024-06-24,A2,P01,24,11,0,3,4.0
STO093-001083,2024-06-24,A3,P01,4,13,24,3,4.0
STO093-001084,2024-06-24,A1,P02,35,9,0,4,6.2
STO093-001085,2024-06-25,A2,P02,39,24,12,4,6.2
STO093-001086,2024-06-25,A3,P02,52,8,0,4,6.2
STO093-001087,2024-06-25,A1,P03,12,6,0,5,8.4
STO093-001088,2024-06-25,A2,P03,32,21,24,5,8.4
STO093-001089,2024-06-25,A3,P03,11,23,24,5,8.4
STO093-001090,2024-06-25,A1,P04,61,6,12,6,10.6
STO093-001091,2024-06-26,A2,P04,16,10,24,6,10.6
STO093-001092,2024-06-26,A3,P04,8,15,0,6,10.6
STO093-001093,2024-06-26,A1,P05,31,6,0,7,12.8
STO093-001094,2024-06-26,A2,P05,51,22,24,7,12.8
STO093-001095,2024-06-26,A3,P05,24,18,0,7,12.8
STO093-001096,2024-06-26,A1,P06,23,12,0,8,15.0
STO093-001097,2024-06-27,A2,P06,12,19,0,8,15.0
STO093-001098,2024-06-27,A3,P06,33,20,24,8,15.0
STO093-001099,2024-06-27,A1,P07,26,24,12,9,17.2
STO093-001100,2024-06-27,A2,P07,56,26,0,9,17.2
STO093-001101,2024-06-27,A3,P07,11,42,0,9,17.2
STO093-001102,2024-06-27,A1,P08,54,41,24,3,19.4
STO093-001103,2024-06-28,A2,P08,1,25,0,3,19.4
STO093-001104,2024-06-28,A3,P08,49,20,0,3,19.4
STO093-001105,2024-06-28,A1,P09,9,24,24,4,21.6
STO093-001106,2024-06-28,A2,P09,8,10,0,4,21.6
STO093-001107,2024-06-28,A3,P09,65,27,12,4,21.6
STO093-001108,2024-06-28,A1,P10,67,24,0,5,23.8
STO093-001109,2024-06-28,A2,P10,69,18,12,5,23.8
STO093-001110,2024-06-29,A3,P10,0,10,12,5,23.8
STO093-001111,2024-06-29,A1,P11,3,28,0,6,26.0
STO093-001112,2024-06-29,A2,P11,64,22,0,6,26.0
STO093-001113,2024-06-29,A3,P11,31,7,12,6,26.0
STO093-001114,2024-06-29,A1,P12,63,32,0,7,28.2
STO093-001115,2024-06-29,A2,P12,29,11,0,7,28.2
STO093-001116,2024-06-30,A3,P12,4,18,12,7,28.2
STO093-001117,2024-06-30,A1,P01,22,0,12,3,4.0
STO093-001118,2024-06-30,A2,P01,10,31,24,3,4.0
STO093-001119,2024-06-30,A3,P01,27,5,12,3,4.0
STO093-001120,2024-06-30,A1,P02,53,21,24,4,6.2
STO093-001121,2024-06-30,A2,P02,46,20,12,4,6.2
STO093-001122,2024-07-01,A3,P02,47,3,0,4,6.2
STO093-001123,2024-07-01,A1,P03,14,27,12,5,8.4
STO093-001124,2024-07-01,A2,P03,59,18,24,5,8.4
STO093-001125,2024-07-01,A3,P03,61,24,0,5,8.4
STO093-001126,2024-07-01,A1,P04,43,28,24,6,10.6
STO093-001127,2024-07-01,A2,P04,12,21,12,6,10.6
STO093-001128,2024-07-02,A3,P04,28,26,24,6,10.6
STO093-001129,2024-07-02,A1,P05,50,21,0,7,12.8
STO093-001130,2024-07-02,A2,P05,47,25,0,7,12.8
STO093-001131,2024-07-02,A3,P05,69,9,24,7,12.8
STO093-001132,2024-07-02,A1,P06,20,18,0,8,15.0
STO093-001133,2024-07-02,A2,P06,7,20,24,8,15.0
STO093-001134,2024-07-03,A3,P06,23,41,0,8,15.0
STO093-001135,2024-07-03,A1,P07,32,25,24,9,17.2
STO093-001136,2024-07-03,A2,P07,47,8,12,9,17.2
STO093-001137,2024-07-03,A3,P07,66,4,0,9,17.2
STO093-001138,2024-07-03,A1,P08,19,17,12,3,19.4
STO093-001139,2024-07-03,A2,P08,19,17,0,3,19.4
STO093-001140,2024-07-04,A3,P08,28,26,0,3,19.4
STO093-001141,2024-07-04,A1,P09,38,26,0,4,21.6
STO093-001142,2024-07-04,A2,P09,20,24,12,4,21.6
STO093-001143,2024-07-04,A3,P09,40,4,0,4,21.6
STO093-001144,2024-07-04,A1,P10,57,18,0,5,23.8
STO093-001145,2024-07-04,A2,P10,68,22,0,5,23.8
STO093-001146,2024-07-04,A3,P10,9,25,0,5,23.8
STO093-001147,2024-07-05,A1,P11,9,31,0,6,26.0
STO093-001148,2024-07-05,A2,P11,15,31,0,6,26.0
STO093-001149,2024-07-05,A3,P11,55,37,24,6,26.0
STO093-001150,2024-07-05,A1,P12,16,15,24,7,28.2
STO093-001151,2024-07-05,A2,P12,43,30,12,7,28.2
STO093-001152,2024-07-05,A3,P12,10,19,0,7,28.2
STO093-001153,2024-07-06,A1,P01,70,15,12,3,4.0
STO093-001154,2024-07-06,A2,P01,38,10,24,3,4.0
STO093-001155,2024-07-06,A3,P01,4,0,0,3,4.0
STO093-001156,2024-07-06,A1,P02,55,7,12,4,6.2
STO093-001157,2024-07-06,A2,P02,37,6,24,4,6.2
STO093-001158,2024-07-06,A3,P02,2,21,0,4,6.2
STO093-001159,2024-07-07,A1,P03,67,12,24,5,8.4
STO093-001160,2024-07-07,A2,P03,69,25,12,5,8.4
STO093-001161,2024-07-07,A3,P03,48,13,12,5,8.4
STO093-001162,2024-07-07,A1,P04,61,9,12,6,10.6
STO093-001163,2024-07-07,A2,P04,,22,24,6,10.6
STO093-001164,2024-07-07,A3,P04,7,0,0,6,10.6
STO093-001165,2024-07-08, A1 ,P05,23,21,0,7,12.8
STO093-001166,2024-07-08,A2,P05,8,23,12,7,12.8
STO093-001167,2024-07-08,A3,P05,67,23,0,7,12.8
STO093-001168,2024-02-30,A1,P06,18,21,0,8,15.0
STO093-001169,2024-07-08,A2,P06,64,24,12,8,15.0
STO093-001170,2024-07-08,A3,P06,63,17,0,8,15.0
STO093-001171,2024-07-09,A1,P07,40,17,0,9,17.2
STO093-001172,2024-07-09,A2,P07,5,4,0,9,17.2
STO093-001173,2024-07-09,A3,P07,22,28,12,9,17.2
STO093-001174,2024-07-09,A1,P08,10,1,0,3,19.4
STO093-001175,2024-07-09,A2,P08,49,32,0,3,19.4
STO093-001176,2024-07-09,A3,P08,41,26,0,3,19.4
STO093-001177,2024-07-10,A1,P09,50,5,0,4,21.6
STO093-001178,2024-07-10,A2,P09,70,26,24,4,21.6
STO093-001179,2024-07-10,A3,P09,27,15,12,4,21.6
STO093-001180,2024-07-10,A1,P10,7,32,0,5,23.8
STO093-001181,2024-07-10,A2,P10,62,24,0,5,23.8
STO093-001182,2024-07-10,A3,P10,17,22,12,5,23.8
STO093-001183,2024-07-11,A1,P11,50,21,0,6,26.0
STO093-001184,2024-07-11,A2,P11,68,27,0,6,26.0
STO093-001185,2024-07-11,A3,P11,11,14,12,6,26.0
STO093-001186,2024-07-11,A1,P12,16,34,24,7,28.2
STO093-001187,2024-07-11,A2,P12,15,22,0,7,28.2
STO093-001188,2024-07-11,A3,P12,29,23,12,7,28.2
STO093-001189,2024-07-11,A1,P01,28,15,24,3,4.0
STO093-001190,2024-07-12,A2,P01,56,31,0,3,4.0
STO093-001191,2024-07-12,A3,P01,38,6,0,3,4.0
STO093-001192,2024-07-12,A1,P02,4,29,12,4,6.2
STO093-001193,2024-07-12,A2,P02,44,28,0,4,6.2
STO093-001194,2024-07-12,A3,P02,32,20,12,4,6.2
STO093-001195,2024-07-12,A1,P03,59,20,0,5,8.4
STO093-001196,2024-07-13,A2,P03,15,12,0,5,8.4
STO093-001197,2024-07-13,A3,P03,48,21,24,5,8.4
STO093-001198,2024-07-13,A1,P04,46,22,0,6,10.6
STO093-001199,2024-07-13,A2,P04,6,19,24,6,10.6
STO093-001200,2024-07-13,A3,P04,50,21,24,6,10.6
STO093-001201,2024-07-13,A1,P05,49,20,24,7,12.8
STO093-001202,2024-07-14,A2,P05,58,10,24,7,12.8
STO093-001203,2024-07-14,A3,P05,37,17,0,7,12.8
STO093-001204,2024-07-14,A1,P06,54,30,0,8,15.0
STO093-001205,2024-07-14,A2,P06,57,14,0,8,15.0
STO093-001206,2024-07-14,A3,P06,43,20,24,8,15.0
STO093-001207,2024-07-14,A1,P07,40,21,0,9,17.2
STO093-001208,2024-07-15,A2,P07,52,13,0,9,17.2
STO093-001209,2024-07-15,A3,P07,0,34,24,9,17.2
STO093-001210,2024-07-15,A1,P08,63,23,12,3,19.4
STO093-001211,2024-07-15,A2,P08,48,21,0,3,19.4
STO093-001212,2024-07-15,A3,P08,66,20,12,3,19.4
STO093-001213,2024-07-15,A1,P09,56,23,24,4,21.6
STO093-001214,2024-07-16,A2,P09,13,38,0,4,21.6
STO093-001215,2024-07-16,A3,P09,16,14,0,4,21.6
STO093-001216,2024-07-16,A1,P10,2,11,12,5,23.8
STO093-001217,2024-07-16,A2,P10,17,33,24,5,23.8
STO093-001218,2024-07-16,A3,P10,46,10,0,5,23.8
STO093-001219,2024-07-16,A1,P11,53,37,0,6,26.0
STO093-001220,2024-07-17,A2,P11,60,35,12,6,26.0
STO093-001221,2024-07-17,A3,P11,63,39,0,6,26.0
STO093-001222,2024-07-17,A1,P12,50,14,0,7,28.2
STO093-001223,2024-07-17,A2,P12,2,25,24,7,28.2
STO093-001224,2024-07-17,A3,P12,53,21,24,7,28.2
STO093-001225,2024-07-17,A1,P01,40,13,12,3,4.0
STO093-001226,2024-07-17,A2,P01,44,24,0,3,4.0
STO093-001227,2024-07-18,A3,P01,70,7,24,3,4.0
STO093-001228,2024-07-18,A1,P02,62,0,0,4,6.2
STO093-001229,2024-07-18,A2,P02,12,18,0,4,6.2
STO093-001230,2024-07-18,A3,P02,6,15,0,4,6.2
STO093-001231,2024-07-18,A1,P03,61,25,0,5,8.4
STO093-001232,2024-07-18,A2,P03,61,7,0,5,8.4
STO093-001233,2024-07-19,A3,P03,47,24,12,5,8.4
STO093-001234,2024-07-19,A1,P04,9,3,12,6,10.6
STO093-001235,2024-07-19,A2,P04,66,10,0,6,10.6
STO093-001236,2024-07-19,A3,P04,33,2,12,6,10.6
STO093-001237,2024-07-19,A1,P05,69,19,12,7,12.8
STO093-001238,2024-07-19,A2,P05,14,19,0,7,12.8
STO093-001239,2024-07-20,A3,P05,54,26,0,7,12.8
STO093-001240,2024-07-20,A1,P06,37,28,12,8,15.0
STO093-001241,2024-07-20,A2,P06,67,30,0,8,15.0
STO093-001242,2024-07-20,A3,P06,5,27,0,8,15.0
STO093-001243,2024-07-20,A1,P07,42,18,12,9,17.2
STO093-001244,2024-07-20,A2,P07,43,18,24,9,17.2
STO093-001245,2024-07-21,A3,P07,50,22,0,9,17.2
STO093-001246,2024-07-21,A1,P08,,35,12,3,19.4
STO093-001247,2024-07-21,A2,P08,18,5,0,3,19.4
STO093-001248,2024-07-21,A3,P08,65,22,12,3,19.4
STO093-001249,2024-07-21,A1,P09,29,22,0,4,21.6
STO093-001250,2024-07-21,A2,P09,0,38,24,4,21.6
STO093-001251,2024-07-22,A3,P09,67,21,12,4,21.6
STO093-001252,2024-07-22,A1,P10,27,25,12,5,23.8
STO093-001253,2024-07-22,A2,P10,15,21,24,5,23.8
STO093-001254,2024-07-22,A3,P10,1,23,0,5,23.8
STO093-001255,2024-07-22,A1,P11,61,42,0,6,26.0
STO093-001256,2024-07-22,A2,P11,52,36,12,6,26.0
STO093-001257,2024-07-23,A3,P11,3,28,0,6,26.0
STO093-001258,2024-07-23,A1,P12,25,27,12,7,28.2
STO093-001259,2024-07-23,A2,P12,29,16,0,7,28.2
STO093-001260,2024-07-23,A3,P12,17,11,0,7,28.2
STO093-001261,2024-07-23,A1,P01,12,17,24,3,4.0
STO093-001262,2024-07-23, A2 ,P01,30,6,12,3,4.0
STO093-001263,2024-07-24,A3,P01,8,25,0,3,4.0
STO093-001264,2024-07-24,A1,P02,46,11,24,4,6.2
STO093-001265,2024-07-24,A2,P02,13,16,12,4,6.2
STO093-001266,2024-07-24,A3,P02,66,17,0,4,6.2
STO093-001267,2024-07-24,A1,P03,56,26,24,5,8.4
STO093-001268,2024-07-24,A2,P03,60,4,0,5,8.4
STO093-001269,2024-07-24,A3,P03,11,22,0,5,8.4
STO093-001270,2024-07-25,A1,P04,6,18,12,6,10.6
STO093-001271,2024-07-25,A2,P04,30,11,0,6,10.6
STO093-001272,2024-07-25,A3,P04,60,3,0,6,10.6
STO093-001273,2024-07-25,A1,P05,33,16,0,7,12.8
STO093-001274,2024-07-25,A2,P05,45,27,0,7,12.8
STO093-001275,2024-07-25,A3,P05,56,26,0,7,12.8
STO093-001276,2024-07-26,A1,P06,37,14,24,8,15.0
STO093-001277,2024-07-26,A2,P06,27,16,24,8,15.0
STO093-001278,2024-07-26,A3,P06,59,16,12,8,15.0
STO093-001279,2024-07-26,A1,P07,27,17,0,9,17.2
STO093-001280,2024-07-26,A2,P07,2,20,24,9,17.2
STO093-001281,2024-07-26,A3,P07,25,16,0,9,17.2
STO093-001282,2024-07-27,A1,P08,3,31,0,3,19.4
STO093-001283,2024-07-27,A2,P08,8,20,24,3,19.4
STO093-001284,2024-07-27,A3,P08,67,12,0,3,19.4
STO093-001285,2024-07-27,A1,P09,26,42,0,4,21.6
STO093-001286,2024-07-27,A2,P09,63,24,24,4,21.6
STO093-001287,2024-07-27,A3,P09,36,43,0,4,21.6
STO093-001288,2024-07-28,A1,P10,53,12,0,5,23.8
STO093-001289,2024-07-28,A2,P10,47,12,0,5,23.8
STO093-001290,2024-07-28,A3,P10,70,15,0,5,23.8
STO093-001291,2024-07-28,A1,P11,49,28,0,6,26.0
STO093-001292,2024-07-28,A2,P11,3,37,24,6,26.0
STO093-001293,2024-07-28,A3,P11,7,11,0,6,26.0
STO093-001294,2024-07-29,A1,P12,47,30,24,7,28.2
STO093-001295,2024-07-29,A2,P12,9,19,12,7,28.2
STO093-001296,2024-07-29,A3,P12,52,41,12,7,28.2
STO093-001297,2024-07-29,A1,P01,61,6,0,3,4.0
STO093-001298,2024-07-29,A2,P01,20,29,12,3,4.0
STO093-001299,2024-07-29,A3,P01,58,22,0,3,4.0
STO093-001300,2024-07-30,A1,P02,11,30,12,4,6.2
STO093-001301,2024-07-30,A2,P02,4,12,12,4,6.2
STO093-001302,2024-07-30,A3,P02,4,28,12,4,6.2
STO093-001303,2024-07-30,A1,P03,21,7,0,5,8.4
STO093-001304,2024-07-30,A2,P03,8,9,0,5,8.4
STO093-001305,2024-07-30,A3,P03,13,15,24,5,8.4
STO093-001306,2024-07-30,A1,P04,35,19,24,6,10.6
STO093-001307,2024-07-31,A2,P04,7,9,24,6,10.6
STO093-001308,2024-07-31,A3,P04,45,16,0,6,10.6
STO093-001309,2024-07-31,A1,P05,6,16,0,7,12.8
STO093-001310,2024-07-31,A2,P05,8,18,0,7,12.8
STO093-001311,2024-07-31,A3,P05,42,16,0,7,12.8
STO093-001312,2024-07-31,A1,P06,37,26,0,8,15.0
STO093-001313,2024-08-01,A2,P06,0,32,24,8,15.0
STO093-001314,2024-08-01,A3,P06,10,18,0,8,15.0
STO093-001315,2024-08-01,A1,P07,6,27,24,9,17.2
STO093-001316,2024-08-01,A2,P07,32,8,12,9,17.2
STO093-001317,2024-08-01,A3,P07,28,14,24,9,17.2
STO093-001318,2024-08-01,A1,P08,17,36,0,3,19.4
STO093-001319,2024-08-02,A2,P08,21,31,0,3,19.4
STO093-001320,2024-08-02,A3,P08,69,36,24,3,19.4
STO093-001321,2024-08-02,A1,P09,21,16,0,4,21.6
STO093-001322,2024-08-02,A2,P09,26,17,12,4,21.6
STO093-001323,2024-08-02,A3,P09,69,15,24,4,21.6
STO093-001324,2024-08-02,A1,P10,26,25,12,5,23.8
STO093-001325,2024-08-03,A2,P10,24,15,0,5,23.8
STO093-001326,2024-08-03,A3,P10,25,21,0,5,23.8
STO093-001327,2024-08-03,A1,P11,52,18,0,6,26.0
STO093-001328,2024-08-03,A2,P11,3,25,12,6,26.0
STO093-001329,2024-08-03,A3,P11,,47,0,6,26.0
STO093-001330,2024-08-03,A1,P12,52,33,0,7,28.2
STO093-001331,2024-08-04,A2,P12,2,15,0,7,28.2
STO093-001332,2024-08-04,A3,P12,63,29,0,7,28.2
STO093-001333,2024-08-04,A1,P01,23,8,24,3,4.0
STO093-001334,2024-08-04,A2,P01,12,14,0,3,4.0
STO093-001335,2024-08-04,A3,P01,31,12,24,3,4.0
STO093-001336,2024-08-04,A1,P02,24,14,24,4,6.2
STO093-001337,2024-08-05,A2,P02,56,22,12,4,6.2
STO093-001338,2024-08-05,A3,P02,41,17,0,4,6.2
STO093-001339,2024-08-05,A1,P03,66,26,0,5,8.4
STO093-001340,2024-08-05,A2,P03,55,12,24,5,8.4
STO093-001341,2024-08-05,A3,P03,49,8,24,5,8.4
STO093-001342,2024-08-05,A1,P04,0,29,0,6,10.6
STO093-001343,2024-08-06,A2,P04,9,24,24,6,10.6
STO093-001344,2024-08-06,A3,P04,22,6,12,6,10.6
STO093-001345,2024-08-06,A1,P05,59,21,12,7,12.8
STO093-001346,2024-08-06,A2,P05,63,17,24,7,12.8
STO093-001347,2024-08-06,A3,P05,26,9,12,7,12.8
STO093-001348,2024-08-06,A1,P06,25,14,24,8,15.0
STO093-001349,2024-08-06,A2,P06,28,29,24,8,15.0
STO093-001350,2024-08-07,A3,P06,24,21,0,8,15.0
STO093-001351,2024-08-07,A1,P07,68,12,0,9,17.2
STO093-001352,2024-08-07,A2,P07,48,24,0,9,17.2
STO093-001353,2024-08-07,A3,P07,63,3,12,9,17.2
STO093-001354,2024-08-07,A1,P08,15,23,0,3,19.4
STO093-001355,2024-08-07,A2,P08,38,21,12,3,19.4
STO093-001356,2024-08-08,A3,P08,29,16,12,3,19.4
STO093-001357,2024-08-08,A1,P09,49,24,24,4,21.6
STO093-001358,2024-08-08,A2,P09,68,12,24,4,21.6
STO093-001359,2024-08-08, A3 ,P09,40,45,0,4,21.6
STO093-001360,2024-08-08,A1,P10,20,30,0,5,23.8
STO093-001361,2024-08-08,A2,P10,4,22,0,5,23.8
STO093-001362,2024-08-09,A3,P10,21,23,12,5,23.8
STO093-001363,2024-08-09,A1,P11,66,16,12,6,26.0
STO093-001364,2024-08-09,A2,P11,48,30,0,6,26.0
STO093-001365,2024-08-09,A3,P11,51,20,0,6,26.0
STO093-001366,2024-08-09,A1,P12,10,8,0,7,28.2
STO093-001367,2024-08-09,A2,P12,70,22,12,7,28.2
STO093-001368,2024-08-10,A3,P12,51,20,0,7,28.2
STO093-001369,2024-08-10,A1,P01,64,10,12,3,4.0
STO093-001370,2024-08-10,A2,P01,52,20,0,3,4.0
STO093-001371,2024-08-10,A3,P01,46,10,12,3,4.0
STO093-001372,2024-08-10,A1,P02,13,23,12,4,6.2
STO093-001373,2024-08-10,A2,P02,49,3,0,4,6.2
STO093-001374,2024-08-11,A3,P02,5,27,0,4,6.2
STO093-001375,2024-08-11,A1,P03,57,7,0,5,8.4
STO093-001376,2024-08-11,A2,P03,42,16,24,5,8.4
STO093-001377,2024-08-11,A3,P03,29,9,12,5,8.4
STO093-001378,2024-08-11,A1,P04,6,29,0,6,10.6
STO093-001379,2024-08-11,A2,P04,19,0,12,6,10.6
STO093-001380,2024-08-12,A3,P04,51,29,0,6,10.6
STO093-001381,2024-08-12,A1,P05,36,9,24,7,12.8
STO093-001382,2024-08-12,A2,P05,28,19,24,7,12.8
STO093-001383,2024-08-12,A3,P05,61,1,24,7,12.8
STO093-001384,2024-08-12,A1,P06,25,31,12,8,15.0
STO093-001385,2024-08-12,A2,P06,19,8,24,8,15.0
STO093-001386,2024-08-12,A3,P06,54,14,0,8,15.0
STO093-001387,2024-08-13,A1,P07,12,24,0,9,17.2
STO093-001388,2024-08-13,A2,P07,57,24,12,9,17.2
STO093-001389,2024-08-13,A3,P07,10,18,12,9,17.2
STO093-001390,2024-08-13,A1,P08,40,25,24,3,19.4
STO093-001391,2024-08-13,A2,P08,56,21,24,3,19.4
STO093-001392,2024-08-13,A3,P08,24,26,12,3,19.4
STO093-001393,2024-08-14,A1,P09,19,19,0,4,21.6
STO093-001394,2024-08-14,A2,P09,17,19,0,4,21.6
STO093-001395,2024-08-14,A3,P09,46,16,0,4,21.6
STO093-001396,2024-08-14,A1,P10,55,19,0,5,23.8
STO093-001397,2024-08-14,A2,P10,56,9,12,5,23.8
STO093-001398,2024-08-14,A3,P10,25,27,12,5,23.8
STO093-001399,2024-08-15,A1,P11,2,18,12,6,26.0
STO093-001400,2024-08-15,A2,P11,17,26,0,6,26.0
STO093-001401,2024-08-15,A3,P11,4,35,0,6,26.0
STO093-001402,2024-08-15,A1,P12,47,29,0,7,28.2
STO093-001403,2024-08-15,A2,P12,57,27,24,7,28.2
STO093-001404,2024-08-15,A3,P12,36,31,12,7,28.2
STO093-001405,2024-08-16,A1,P01,11,9,0,3,4.0
STO093-001406,2024-08-16,A2,P01,19,25,0,3,4.0
STO093-001407,2024-08-16,A3,P01,8,16,0,3,4.0
STO093-001408,2024-08-16,A1,P02,11,13,0,4,6.2
STO093-001409,2024-08-16,A2,P02,21,32,24,4,6.2
STO093-001410,2024-08-16,A3,P02,45,27,0,4,6.2
STO093-001411,2024-08-17,A1,P03,23,19,0,5,8.4
STO093-001412,2024-08-17,A2,P03,,13,12,5,8.4
STO093-001413,2024-08-17,A3,P03,49,23,12,5,8.4
STO093-001414,2024-08-17,A1,P04,50,26,0,6,10.6
STO093-001415,2024-08-17,A2,P04,52,14,12,6,10.6
STO093-001416,2024-08-17,A3,P04,14,15,0,6,10.6
STO093-001417,2024-08-18,A1,P05,55,25,0,7,12.8
STO093-001418,2024-08-18,A2,P05,8,19,24,7,12.8
STO093-001419,2024-08-18,A3,P05,24,18,12,7,12.8
STO093-001420,2024-08-18,A1,P06,15,33,0,8,15.0
STO093-001421,2024-08-18,A2,P06,19,14,0,8,15.0
STO093-001422,2024-08-18,A3,P06,56,9,0,8,15.0
STO093-001423,2024-08-18,A1,P07,41,15,0,9,17.2
STO093-001424,2024-08-19,A2,P07,53,17,0,9,17.2
STO093-001425,2024-08-19,A3,P07,25,25,24,9,17.2
STO093-001426,2024-08-19,A1,P08,54,25,12,3,19.4
STO093-001427,2024-08-19,A2,P08,1,6,0,3,19.4
STO093-001428,2024-08-19,A3,P08,36,15,24,3,19.4
STO093-001429,2024-08-19,A1,P09,28,34,24,4,21.6
STO093-001430,2024-08-20,A2,P09,4,18,24,4,21.6
STO093-001431,2024-08-20,A3,P09,66,20,12,4,21.6
STO093-001432,2024-08-20,A1,P10,40,16,0,5,23.8
STO093-001433,2024-08-20,A2,P10,12,31,0,5,23.8
STO093-001434,2024-08-20,A3,P10,44,18,12,5,23.8
STO093-001435,2024-08-20,A1,P11,28,19,12,6,26.0
STO093-001436,2024-08-21,A2,P11,14,20,0,6,26.0
STO093-001437,2024-08-21,A3,P11,22,28,0,6,26.0
STO093-001438,2024-08-21,A1,P12,10,23,12,7,28.2
STO093-001439,2024-08-21,A2,P12,27,21,0,7,28.2
STO093-001440,2024-08-21,A3,P12,41,23,0,7,28.2
STO093-001441,2024-08-21,A1,P01,5,4,12,3,4.0
STO093-001442,2024-08-22,A2,P01,31,3,0,3,4.0
STO093-001443,2024-08-22,A3,P01,44,8,0,3,4.0
STO093-001444,2024-08-22,A1,P02,29,8,12,4,6.2
STO093-001445,2024-08-22,A2,P02,48,9,0,4,6.2
STO093-001446,2024-08-22,A3,P02,23,16,0,4,6.2
STO093-001447,2024-08-22,A1,P03,64,2,0,5,8.4
STO093-001448,2024-08-23,A2,P03,50,15,24,5,8.4
STO093-001449,2024-08-23,A3,P03,43,8,24,5,8.4
STO093-001450,2024-08-23,A1,P04,34,0,0,6,10.6
STO093-001451,2024-08-23,A2,P04,52,13,12,6,10.6
STO093-001452,2024-08-23,A3,P04,6,26,24,6,10.6
STO093-001453,2024-08-23,A1,P05,4,6,0,7,12.8
STO093-001454,2024-08-24,A2,P05,1,10,24,7,12.8
STO093-001455,2024-08-24,A3,P05,3,26,0,7,12.8
STO093-001456,2024-08-24, A1 ,P06,3,7,12,8,15.0
STO093-001457,2024-08-24,A2,P06,34,22,12,8,15.0
STO093-001458,2024-08-24,A3,P06,26,12,0,8,15.0
STO093-001459,2024-08-24,A1,P07,49,33,0,9,17.2
STO093-001460,2024-08-25,A2,P07,46,33,24,9,17.2
STO093-001461,2024-08-25,A3,P07,25,19,0,9,17.2
STO093-001462,2024-08-25,A1,P08,3,27,0,3,19.4
STO093-001463,2024-08-25,A2,P08,23,12,12,3,19.4
STO093-001464,2024-08-25,A3,P08,31,22,0,3,19.4
STO093-001465,2024-08-25,A1,P09,16,36,24,4,21.6
STO093-001466,2024-08-25,A2,P09,32,31,0,4,21.6
STO093-001467,2024-08-26,A3,P09,10,28,12,4,21.6
STO093-001468,2024-08-26,A1,P10,43,25,0,5,23.8
STO093-001469,2024-08-26,A2,P10,11,19,12,5,23.8
STO093-001470,2024-08-26,A3,P10,18,24,0,5,23.8
STO093-001471,2024-08-26,A1,P11,19,26,12,6,26.0
STO093-001472,2024-08-26,A2,P11,61,32,24,6,26.0
STO093-001473,2024-08-27,A3,P11,56,7,24,6,26.0
STO093-001474,2024-08-27,A1,P12,9,15,0,7,28.2
STO093-001475,2024-08-27,A2,P12,35,47,12,7,28.2
STO093-001476,2024-08-27,A3,P12,41,15,12,7,28.2
STO093-001477,2024-08-27,A1,P01,70,16,24,3,4.0
STO093-001478,2024-08-27,A2,P01,39,23,0,3,4.0
STO093-001479,2024-08-28,A3,P01,57,20,0,3,4.0
STO093-001480,2024-08-28,A1,P02,65,20,24,4,6.2
STO093-001481,2024-08-28,A2,P02,53,7,0,4,6.2
STO093-001482,2024-08-28,A3,P02,26,0,0,4,6.2
STO093-001483,2024-08-28,A1,P03,54,23,0,5,8.4
STO093-001484,2024-08-28,A2,P03,17,15,0,5,8.4
STO093-001485,2024-08-29,A3,P03,32,25,24,5,8.4
STO093-001486,2024-08-29,A1,P04,57,24,0,6,10.6
STO093-001487,2024-08-29,A2,P04,60,30,0,6,10.6
STO093-001488,2024-08-29,A3,P04,57,9,0,6,10.6
STO093-001489,2024-08-29,A1,P05,41,10,12,7,12.8
STO093-001490,2024-08-29,A2,P05,70,18,24,7,12.8
STO093-001491,2024-08-30,A3,P05,42,13,12,7,12.8
STO093-001492,2024-08-30,A1,P06,58,14,12,8,15.0
STO093-001493,2024-08-30,A2,P06,41,16,0,8,15.0
STO093-001494,2024-08-30,A3,P06,4,11,0,8,15.0
STO093-001495,2024-08-30,A1,P07,,29,0,9,17.2
STO093-001496,2024-08-30,A2,P07,24,17,0,9,17.2
STO093-001497,2024-08-31,A3,P07,66,25,24,9,17.2
STO093-001498,2024-08-31,A1,P08,14,20,12,3,19.4
STO093-001499,2024-08-31,A2,P08,38,14,0,3,19.4
STO093-001500,2024-08-31,A3,P08,27,30,12,3,19.4
STO093-001501,2024-08-31,A1,P09,51,32,0,4,21.6
STO093-001502,2024-08-31,A2,P09,32,25,0,4,21.6
STO093-001503,2024-08-31,A3,P09,7,15,0,4,21.6
STO093-001504,2024-09-01,A1,P10,43,32,24,5,23.8
STO093-001505,2024-09-01,A2,P10,25,21,12,5,23.8
STO093-001506,2024-09-01,A3,P10,59,34,0,5,23.8
STO093-001507,2024-09-01,A1,P11,32,31,12,6,26.0
STO093-001508,2024-09-01,A2,P11,12,34,0,6,26.0
STO093-001509,2024-09-01,A3,P11,47,25,0,6,26.0
STO093-001510,2024-09-02,A1,P12,47,17,0,7,28.2
STO093-001511,2024-09-02,A2,P12,40,39,0,7,28.2
STO093-001512,2024-09-02,A3,P12,64,19,12,7,28.2
STO093-001513,2024-09-02,A1,P01,38,10,24,3,4.0
STO093-001514,2024-09-02,A2,P01,49,9,0,3,4.0
STO093-001515,2024-09-02,A3,P01,32,5,0,3,4.0
STO093-001516,2024-09-03,A1,P02,29,27,0,4,6.2
STO093-001517,2024-09-03,A2,P02,3,18,24,4,6.2
STO093-001518,2024-09-03,A3,P02,57,6,24,4,6.2
STO093-001519,2024-09-03,A1,P03,0,21,0,5,8.4
STO093-001520,2024-09-03,A2,P03,3,13,0,5,8.4
STO093-001521,2024-09-03,A3,P03,17,21,12,5,8.4
STO093-001522,2024-09-04,A1,P04,18,12,12,6,10.6
STO093-001523,2024-09-04,A2,P04,16,22,12,6,10.6
STO093-001524,2024-09-04,A3,P04,44,20,24,6,10.6
STO093-001525,2024-09-04,A1,P05,65,30,0,7,12.8
STO093-001526,2024-09-04,A2,P05,38,30,12,7,12.8
STO093-001527,2024-09-04,A3,P05,8,14,12,7,12.8
STO093-001528,2024-09-05,A1,P06,36,16,12,8,15.0
STO093-001529,2024-09-05,A2,P06,53,12,12,8,15.0
STO093-001530,2024-09-05,A3,P06,9,16,0,8,15.0
STO093-001531,2024-09-05,A1,P07,14,22,0,9,17.2
STO093-001532,2024-09-05,A2,P07,40,8,12,9,17.2
STO093-001533,2024-09-05,A3,P07,54,23,12,9,17.2
STO093-001534,2024-09-06,A1,P08,69,24,0,3,19.4
STO093-001535,2024-09-06,A2,P08,45,32,24,3,19.4
STO093-001536,2024-09-06,A3,P08,3,30,0,3,19.4
STO093-001537,2024-09-06,A1,P09,6,30,0,4,21.6
STO093-001538,2024-09-06,A2,P09,10,10,0,4,21.6
STO093-001539,2024-09-06,A3,P09,62,14,0,4,21.6
STO093-001540,2024-09-07,A1,P10,57,25,0,5,23.8
STO093-001541,2024-09-07,A2,P10,2,38,12,5,23.8
STO093-001542,2024-09-07,A3,P10,7,21,0,5,23.8
STO093-001543,2024-09-07,A1,P11,66,28,24,6,26.0
STO093-001544,2024-09-07,A2,P11,66,28,0,6,26.0
STO093-001545,2024-09-07,A3,P11,18,16,0,6,26.0
STO093-001546,2024-09-07,A1,P12,45,33,0,7,28.2
STO093-001547,2024-09-08,A2,P12,5,36,0,7,28.2
STO093-001548,2024-09-08,A3,P12,16,18,0,7,28.2
STO093-001549,2024-09-08,A1,P01,70,5,0,3,4.0
STO093-001550,2024-09-08,A2,P01,45,15,24,3,4.0
STO093-001551,2024-09-08,A3,P01,51,15,24,3,4.0
STO093-001552,2024-09-08,A1,P02,30,28,0,4,6.2
STO093-001553,2024-09-09, A2 ,P02,67,23,0,4,6.2
STO093-001554,2024-09-09,A3,P02,26,14,24,4,6.2
STO093-001555,2024-09-09,A1,P03,14,19,12,5,8.4
STO093-001556,2024-09-09,A2,P03,28,10,0,5,8.4
STO093-001557,2024-02-30,A3,P03,64,12,0,5,8.4
STO093-001558,2024-09-09,A1,P04,4,12,0,6,10.6
STO093-001559,2024-09-10,A2,P04,14,9,24,6,10.6
STO093-001560,2024-09-10,A3,P04,28,9,12,6,10.6
STO093-001561,2024-09-10,A1,P05,21,22,0,7,12.8
STO093-001562,2024-09-10,A2,P05,33,17,0,7,12.8
STO093-001563,2024-09-10,A3,P05,40,22,24,7,12.8
STO093-001564,2024-09-10,A1,P06,29,17,0,8,15.0
STO093-001565,2024-09-11,A2,P06,9,33,0,8,15.0
STO093-001566,2024-09-11,A3,P06,9,30,0,8,15.0
STO093-001567,2024-09-11,A1,P07,34,20,24,9,17.2
STO093-001568,2024-09-11,A2,P07,10,17,0,9,17.2
STO093-001569,2024-09-11,A3,P07,58,19,12,9,17.2
STO093-001570,2024-09-11,A1,P08,9,8,12,3,19.4
STO093-001571,2024-09-12,A2,P08,10,22,0,3,19.4
STO093-001572,2024-09-12,A3,P08,55,26,0,3,19.4
STO093-001573,2024-09-12,A1,P09,17,10,0,4,21.6
STO093-001574,2024-09-12,A2,P09,66,27,24,4,21.6
STO093-001575,2024-09-12,A3,P09,14,35,0,4,21.6
STO093-001576,2024-09-12,A1,P10,5,11,24,5,23.8
STO093-001577,2024-09-13,A2,P10,29,31,0,5,23.8
STO093-001578,2024-09-13,A3,P10,,21,0,5,23.8
STO093-001579,2024-09-13,A1,P11,70,20,0,6,26.0
STO093-001580,2024-09-13,A2,P11,63,22,24,6,26.0
STO093-001581,2024-09-13,A3,P11,20,11,0,6,26.0
STO093-001582,2024-09-13,A1,P12,63,33,24,7,28.2
STO093-001583,2024-09-13,A2,P12,46,20,0,7,28.2
STO093-001584,2024-09-14,A3,P12,30,23,0,7,28.2
STO093-001585,2024-09-14,A1,P01,12,29,12,3,4.0
STO093-001586,2024-09-14,A2,P01,55,19,12,3,4.0
STO093-001587,2024-09-14,A3,P01,26,12,12,3,4.0
STO093-001588,2024-09-14,A1,P02,18,23,0,4,6.2
STO093-001589,2024-09-14,A2,P02,9,9,0,4,6.2
STO093-001590,2024-09-15,A3,P02,62,25,24,4,6.2
STO093-001591,2024-09-15,A1,P03,42,34,24,5,8.4
STO093-001592,2024-09-15,A2,P03,31,28,24,5,8.4
STO093-001593,2024-09-15,A3,P03,5,15,24,5,8.4
STO093-001594,2024-09-15,A1,P04,34,26,0,6,10.6
STO093-001595,2024-09-15,A2,P04,58,33,24,6,10.6
STO093-001596,2024-09-16,A3,P04,7,13,12,6,10.6
STO093-001597,2024-09-16,A1,P05,52,31,0,7,12.8
STO093-001598,2024-09-16,A2,P05,12,25,0,7,12.8
STO093-001599,2024-09-16,A3,P05,36,13,0,7,12.8
STO093-001600,2024-09-16,A1,P06,20,19,24,8,15.0
STO093-001601,2024-09-16,A2,P06,27,35,0,8,15.0
STO093-001602,2024-09-17,A3,P06,64,24,24,8,15.0
STO093-001603,2024-09-17,A1,P07,45,25,24,9,17.2
STO093-001604,2024-09-17,A2,P07,49,8,0,9,17.2
STO093-001605,2024-09-17,A3,P07,4,20,12,9,17.2
STO093-001606,2024-09-17,A1,P08,64,21,0,3,19.4
STO093-001607,2024-09-17,A2,P08,23,26,0,3,19.4
STO093-001608,2024-09-18,A3,P08,58,26,0,3,19.4
STO093-001609,2024-09-18,A1,P09,42,29,12,4,21.6
STO093-001610,2024-09-18,A2,P09,30,33,0,4,21.6
STO093-001611,2024-09-18,A3,P09,11,15,0,4,21.6
STO093-001612,2024-09-18,A1,P10,25,37,0,5,23.8
STO093-001613,2024-09-18,A2,P10,64,23,0,5,23.8
STO093-001614,2024-09-19,A3,P10,24,10,0,5,23.8
STO093-001615,2024-09-19,A1,P11,20,21,12,6,26.0
STO093-001616,2024-09-19,A2,P11,38,23,0,6,26.0
STO093-001617,2024-09-19,A3,P11,69,25,0,6,26.0
STO093-001618,2024-09-19,A1,P12,56,30,0,7,28.2
STO093-001619,2024-09-19,A2,P12,41,11,0,7,28.2
STO093-001620,2024-09-19,A3,P12,42,20,24,7,28.2
STO093-001621,2024-09-20,A1,P01,11,19,12,3,4.0
STO093-001622,2024-09-20,A2,P01,64,13,0,3,4.0
STO093-001623,2024-09-20,A3,P01,63,16,0,3,4.0
STO093-001624,2024-09-20,A1,P02,23,27,24,4,6.2
STO093-001625,2024-09-20,A2,P02,33,13,12,4,6.2
STO093-001626,2024-09-20,A3,P02,40,19,0,4,6.2
STO093-001627,2024-09-21,A1,P03,15,18,0,5,8.4
STO093-001628,2024-09-21,A2,P03,37,23,12,5,8.4
STO093-001629,2024-09-21,A3,P03,8,6,12,5,8.4
STO093-001630,2024-09-21,A1,P04,47,19,12,6,10.6
STO093-001631,2024-09-21,A2,P04,43,20,0,6,10.6
STO093-001632,2024-09-21,A3,P04,8,16,24,6,10.6
STO093-001633,2024-09-22,A1,P05,34,10,12,7,12.8
STO093-001634,2024-09-22,A2,P05,18,0,0,7,12.8
STO093-001635,2024-09-22,A3,P05,10,28,0,7,12.8
STO093-001636,2024-09-22,A1,P06,2,19,12,8,15.0
STO093-001637,2024-09-22,A2,P06,53,16,24,8,15.0
STO093-001638,2024-09-22,A3,P06,4,33,0,8,15.0
STO093-001639,2024-09-23,A1,P07,32,17,0,9,17.2
STO093-001640,2024-09-23,A2,P07,3,20,0,9,17.2
STO093-001641,2024-09-23,A3,P07,66,24,0,9,17.2
STO093-001642,2024-09-23,A1,P08,40,33,12,3,19.4
STO093-001643,2024-09-23,A2,P08,32,18,12,3,19.4
STO093-001644,2024-09-23,A3,P08,19,30,0,3,19.4
STO093-001645,2024-09-24,A1,P09,27,18,12,4,21.6
STO093-001646,2024-09-24,A2,P09,29,22,0,4,21.6
STO093-001647,2024-09-24,A3,P09,19,19,0,4,21.6
STO093-001648,2024-09-24,A1,P10,65,17,0,5,23.8
STO093-001649,2024-09-24,A2,P10,27,31,0,5,23.8
STO093-001650,2024-09-24, A3 ,P10,12,24,12,5,23.8
STO093-001651,2024-09-25,A1,P11,13,25,12,6,26.0
STO093-001652,2024-09-25,A2,P11,26,21,0,6,26.0
STO093-001653,2024-09-25,A3,P11,69,29,0,6,26.0
STO093-001654,2024-09-25,A1,P12,10,16,12,7,28.2
STO093-001655,2024-09-25,A2,P12,54,6,0,7,28.2
STO093-001656,2024-09-25,A3,P12,65,26,0,7,28.2
STO093-001657,2024-09-26,A1,P01,62,18,0,3,4.0
STO093-001658,2024-09-26,A2,P01,1,11,0,3,4.0
STO093-001659,2024-09-26,A3,P01,42,40,12,3,4.0
STO093-001660,2024-09-26,A1,P02,20,19,24,4,6.2
STO093-001661,2024-09-26,A2,P02,,19,12,4,6.2
STO093-001662,2024-09-26,A3,P02,0,12,0,4,6.2
STO093-001663,2024-09-26,A1,P03,62,29,0,5,8.4
STO093-001664,2024-09-27,A2,P03,25,32,0,5,8.4
STO093-001665,2024-09-27,A3,P03,62,15,0,5,8.4
STO093-001666,2024-09-27,A1,P04,29,9,12,6,10.6
STO093-001667,2024-09-27,A2,P04,23,9,24,6,10.6
STO093-001668,2024-09-27,A3,P04,0,10,24,6,10.6
STO093-001669,2024-09-27,A1,P05,11,31,24,7,12.8
STO093-001670,2024-09-28,A2,P05,6,19,24,7,12.8
STO093-001671,2024-09-28,A3,P05,9,23,0,7,12.8
STO093-001672,2024-09-28,A1,P06,18,9,0,8,15.0
STO093-001673,2024-09-28,A2,P06,57,21,0,8,15.0
STO093-001674,2024-09-28,A3,P06,37,37,12,8,15.0
STO093-001675,2024-09-28,A1,P07,59,23,0,9,17.2
STO093-001676,2024-09-29,A2,P07,69,12,24,9,17.2
STO093-001677,2024-09-29,A3,P07,30,22,0,9,17.2
STO093-001678,2024-09-29,A1,P08,1,8,0,3,19.4
STO093-001679,2024-09-29,A2,P08,55,20,24,3,19.4
STO093-001680,2024-09-29,A3,P08,1,23,0,3,19.4
STO093-001681,2024-09-29,A1,P09,39,9,0,4,21.6
STO093-001682,2024-09-30,A2,P09,59,27,24,4,21.6
STO093-001683,2024-09-30,A3,P09,11,21,0,4,21.6
STO093-001684,2024-09-30,A1,P10,70,32,12,5,23.8
STO093-001685,2024-09-30,A2,P10,32,24,24,5,23.8
STO093-001686,2024-09-30,A3,P10,32,41,24,5,23.8
STO093-001687,2024-09-30,A1,P11,57,20,0,6,26.0
STO093-001688,2024-10-01,A2,P11,36,28,0,6,26.0
STO093-001689,2024-10-01,A3,P11,21,31,24,6,26.0
STO093-001690,2024-10-01,A1,P12,66,28,24,7,28.2
STO093-001691,2024-10-01,A2,P12,58,42,0,7,28.2
STO093-001692,2024-10-01,A3,P12,2,29,0,7,28.2
STO093-001693,2024-10-01,A1,P01,32,20,24,3,4.0
STO093-001694,2024-10-02,A2,P01,34,12,12,3,4.0
STO093-001695,2024-10-02,A3,P01,69,15,0,3,4.0
STO093-001696,2024-10-02,A1,P02,59,21,0,4,6.2
STO093-001697,2024-10-02,A2,P02,60,13,0,4,6.2
STO093-001698,2024-10-02,A3,P02,50,14,24,4,6.2
STO093-001699,2024-10-02,A1,P03,35,14,0,5,8.4
STO093-001700,2024-10-02,A2,P03,33,11,12,5,8.4
STO093-001701,2024-10-03,A3,P03,25,21,12,5,8.4
STO093-001702,2024-10-03,A1,P04,48,17,12,6,10.6
STO093-001703,2024-10-03,A2,P04,28,0,0,6,10.6
STO093-001704,2024-10-03,A3,P04,43,15,0,6,10.6
STO093-001705,2024-10-03,A1,P05,57,8,12,7,12.8
STO093-001706,2024-10-03,A2,P05,17,15,12,7,12.8
STO093-001707,2024-10-04,A3,P05,50,16,0,7,12.8
STO093-001708,2024-10-04,A1,P06,32,12,0,8,15.0
STO093-001709,2024-10-04,A2,P06,26,28,24,8,15.0
STO093-001710,2024-10-04,A3,P06,40,23,24,8,15.0
STO093-001711,2024-10-04,A1,P07,37,7,0,9,17.2
STO093-001712,2024-10-04,A2,P07,39,16,12,9,17.2
STO093-001713,2024-10-05,A3,P07,30,22,0,9,17.2
STO093-001714,2024-10-05,A1,P08,55,31,0,3,19.4
STO093-001715,2024-10-05,A2,P08,52,20,24,3,19.4
STO093-001716,2024-10-05,A3,P08,14,31,0,3,19.4
STO093-001717,2024-10-05,A1,P09,31,14,0,4,21.6
STO093-001718,2024-10-05,A2,P09,23,31,0,4,21.6
STO093-001719,2024-10-06,A3,P09,64,28,24,4,21.6
STO093-001720,2024-10-06,A1,P10,35,45,0,5,23.8
STO093-001721,2024-10-06,A2,P10,69,16,0,5,23.8
STO093-001722,2024-10-06,A3,P10,69,23,0,5,23.8
STO093-001723,2024-10-06,A1,P11,14,20,24,6,26.0
STO093-001724,2024-10-06,A2,P11,3,27,0,6,26.0
STO093-001725,2024-10-07,A3,P11,65,14,0,6,26.0
STO093-001726,2024-10-07,A1,P12,46,25,0,7,28.2
STO093-001727,2024-10-07,A2,P12,10,27,0,7,28.2
STO093-001728,2024-10-07,A3,P12,54,25,0,7,28.2
STO093-001729,2024-10-07,A1,P01,25,20,24,3,4.0
STO093-001730,2024-10-07,A2,P01,20,11,24,3,4.0
STO093-001731,2024-10-08,A3,P01,24,4,0,3,4.0
STO093-001732,2024-10-08,A1,P02,33,27,0,4,6.2
STO093-001733,2024-10-08,A2,P02,27,9,0,4,6.2
STO093-001734,2024-10-08,A3,P02,32,19,0,4,6.2
STO093-001735,2024-10-08,A1,P03,27,8,0,5,8.4
STO093-001736,2024-10-08,A2,P03,2,14,12,5,8.4
STO093-001737,2024-10-09,A3,P03,15,2,24,5,8.4
STO093-001738,2024-10-09,A1,P04,37,22,24,6,10.6
STO093-001739,2024-10-09,A2,P04,49,3,24,6,10.6
STO093-001740,2024-10-09,A3,P04,42,17,0,6,10.6
STO093-001741,2024-10-09,A1,P05,64,28,0,7,12.8
STO093-001742,2024-10-09,A2,P05,58,39,0,7,12.8
STO093-001743,2024-10-09,A3,P05,62,4,0,7,12.8
STO093-001744,2024-10-10,A1,P06,,21,12,8,15.0
STO093-001745,2024-10-10,A2,P06,13,12,0,8,15.0
STO093-001746,2024-10-10,A3,P06,61,28,12,8,15.0
STO093-001747,2024-10-10, A1 ,P07,9,9,24,9,17.2
STO093-001748,2024-10-10,A2,P07,37,21,12,9,17.2
STO093-001749,2024-10-10,A3,P07,0,6,12,9,17.2
STO093-001750,2024-10-11,A1,P08,10,22,12,3,19.4
STO093-001751,2024-10-11,A2,P08,31,21,12,3,19.4
STO093-001752,2024-10-11,A3,P08,34,5,0,3,19.4
STO093-001753,2024-10-11,A1,P09,60,31,0,4,21.6
STO093-001754,2024-10-11,A2,P09,48,27,0,4,21.6
STO093-001755,2024-10-11,A3,P09,17,26,0,4,21.6
STO093-001756,2024-10-12,A1,P10,48,31,0,5,23.8
STO093-001757,2024-10-12,A2,P10,52,21,0,5,23.8
STO093-001758,2024-10-12,A3,P10,50,32,0,5,23.8
STO093-001759,2024-10-12,A1,P11,57,14,24,6,26.0
STO093-001760,2024-10-12,A2,P11,36,20,24,6,26.0
STO093-001761,2024-10-12,A3,P11,35,33,0,6,26.0
STO093-001762,2024-10-13,A1,P12,50,26,12,7,28.2
STO093-001763,2024-10-13,A2,P12,65,27,0,7,28.2
STO093-001764,2024-10-13,A3,P12,44,22,24,7,28.2
STO093-001765,2024-10-13,A1,P01,30,17,12,3,4.0
STO093-001766,2024-10-13,A2,P01,37,9,0,3,4.0
STO093-001767,2024-10-13,A3,P01,1,15,12,3,4.0
STO093-001768,2024-10-14,A1,P02,58,22,0,4,6.2
STO093-001769,2024-10-14,A2,P02,20,24,0,4,6.2
STO093-001770,2024-10-14,A3,P02,34,24,0,4,6.2
STO093-001771,2024-10-14,A1,P03,53,25,0,5,8.4
STO093-001772,2024-10-14,A2,P03,17,30,0,5,8.4
STO093-001773,2024-10-14,A3,P03,10,19,0,5,8.4
STO093-001774,2024-10-15,A1,P04,47,28,0,6,10.6
STO093-001775,2024-10-15,A2,P04,32,17,24,6,10.6
STO093-001776,2024-10-15,A3,P04,42,24,0,6,10.6
STO093-001777,2024-10-15,A1,P05,49,31,24,7,12.8
STO093-001778,2024-10-15,A2,P05,54,31,12,7,12.8
STO093-001779,2024-10-15,A3,P05,65,28,24,7,12.8
STO093-001780,2024-10-15,A1,P06,46,15,0,8,15.0
STO093-001781,2024-10-16,A2,P06,38,9,0,8,15.0
STO093-001782,2024-10-16,A3,P06,23,26,0,8,15.0
STO093-001783,2024-10-16,A1,P07,40,30,0,9,17.2
STO093-001784,2024-10-16,A2,P07,35,24,0,9,17.2
STO093-001785,2024-10-16,A3,P07,62,21,0,9,17.2
STO093-001786,2024-10-16,A1,P08,55,26,24,3,19.4
STO093-001787,2024-10-17,A2,P08,69,36,0,3,19.4
STO093-001788,2024-10-17,A3,P08,56,30,0,3,19.4
STO093-001789,2024-10-17,A1,P09,5,27,12,4,21.6
STO093-001790,2024-10-17,A2,P09,62,38,12,4,21.6
STO093-001791,2024-10-17,A3,P09,0,29,0,4,21.6
STO093-001792,2024-10-17,A1,P10,57,14,12,5,23.8
STO093-001793,2024-10-18,A2,P10,7,14,0,5,23.8
STO093-001794,2024-10-18,A3,P10,30,33,0,5,23.8
STO093-001795,2024-10-18,A1,P11,26,10,0,6,26.0
STO093-001796,2024-10-18,A2,P11,69,36,24,6,26.0
STO093-001797,2024-10-18,A3,P11,69,21,12,6,26.0
STO093-001798,2024-10-18,A1,P12,55,31,0,7,28.2
STO093-001799,2024-10-19,A2,P12,69,22,24,7,28.2
STO093-001800,2024-10-19,A3,P12,14,36,12,7,28.2
STO093-001801,2024-10-19,A1,P01,24,9,0,3,4.0
STO093-001802,2024-10-19,A2,P01,20,9,0,3,4.0
STO093-001803,2024-10-19,A3,P01,59,3,24,3,4.0
STO093-001804,2024-10-19,A1,P02,22,5,0,4,6.2
STO093-001805,2024-10-20,A2,P02,44,10,12,4,6.2
STO093-001806,2024-10-20,A3,P02,62,2,0,4,6.2
STO093-001807,2024-10-20,A1,P03,27,21,0,5,8.4
STO093-001808,2024-10-20,A2,P03,27,1,24,5,8.4
STO093-001809,2024-10-20,A3,P03,11,21,0,5,8.4
STO093-001810,2024-10-20,A1,P04,64,14,24,6,10.6
STO093-001811,2024-10-21,A2,P04,47,16,0,6,10.6
STO093-001812,2024-10-21,A3,P04,17,5,12,6,10.6
STO093-001813,2024-10-21,A1,P05,6,26,24,7,12.8
STO093-001814,2024-10-21,A2,P05,66,2,24,7,12.8
STO093-001815,2024-10-21,A3,P05,43,21,12,7,12.8
STO093-001816,2024-10-21,A1,P06,2,26,12,8,15.0
STO093-001817,2024-10-21,A2,P06,42,20,0,8,15.0
STO093-001818,2024-10-22,A3,P06,7,19,0,8,15.0
STO093-001819,2024-10-22,A1,P07,16,14,24,9,17.2
STO093-001820,2024-10-22,A2,P07,8,14,24,9,17.2
STO093-001821,2024-10-22,A3,P07,57,1,24,9,17.2
STO093-001822,2024-10-22,A1,P08,12,24,12,3,19.4
STO093-001823,2024-10-22,A2,P08,20,20,24,3,19.4
STO093-001824,2024-10-23,A3,P08,25,29,24,3,19.4
STO093-001825,2024-10-23,A1,P09,34,17,24,4,21.6
STO093-001826,2024-10-23,A2,P09,30,30,0,4,21.6
STO093-001827,2024-10-23,A3,P09,,36,12,4,21.6
STO093-001828,2024-10-23,A1,P10,26,27,12,5,23.8
STO093-001829,2024-10-23,A2,P10,27,11,0,5,23.8
STO093-001830,2024-10-24,A3,P10,35,16,24,5,23.8
STO093-001831,2024-10-24,A1,P11,63,18,24,6,26.0
STO093-001832,2024-10-24,A2,P11,48,11,0,6,26.0
STO093-001833,2024-10-24,A3,P11,49,42,0,6,26.0
STO093-001834,2024-10-24,A1,P12,61,40,24,7,28.2
STO093-001835,2024-10-24,A2,P12,18,33,12,7,28.2
STO093-001836,2024-10-25,A3,P12,66,31,12,7,28.2
STO093-001837,2024-10-25,A1,P01,40,22,0,3,4.0
STO093-001838,2024-10-25,A2,P01,2,9,24,3,4.0
STO093-001839,2024-10-25,A3,P01,44,0,0,3,4.0
STO093-001840,2024-10-25,A1,P02,36,18,24,4,6.2
STO093-001841,2024-10-25,A2,P02,48,20,24,4,6.2
STO093-001842,2024-10-26,A3,P02,12,21,24,4,6.2
STO093-001843,2024-10-26,A1,P03,42,12,24,5,8.4
STO093-001844,2024-10-26, A2 ,P03,37,3,0,5,8.4
STO093-001845,2024-10-26,A3,P03,6,14,24,5,8.4
STO093-001846,2024-10-26,A1,P04,68,29,0,6,10.6
STO093-001847,2024-10-26,A2,P04,34,13,24,6,10.6
STO093-001848,2024-10-27,A3,P04,42,14,12,6,10.6
STO093-001849,2024-10-27,A1,P05,16,29,0,7,12.8
STO093-001850,2024-10-27,A2,P05,49,23,12,7,12.8
STO093-001851,2024-10-27,A3,P05,66,2,0,7,12.8
STO093-001852,2024-10-27,A1,P06,41,20,24,8,15.0
STO093-001853,2024-10-27,A2,P06,10,28,24,8,15.0
STO093-001854,2024-10-28,A3,P06,69,19,12,8,15.0
STO093-001855,2024-10-28,A1,P07,62,29,0,9,17.2
STO093-001856,2024-10-28,A2,P07,16,34,0,9,17.2
STO093-001857,2024-10-28,A3,P07,9,12,24,9,17.2
STO093-001858,2024-10-28,A1,P08,66,19,0,3,19.4
STO093-001859,2024-10-28,A2,P08,67,28,0,3,19.4
STO093-001860,2024-10-28,A3,P08,48,11,0,3,19.4
STO093-001861,2024-10-29,A1,P09,17,15,12,4,21.6
STO093-001862,2024-10-29,A2,P09,60,21,0,4,21.6
STO093-001863,2024-10-29,A3,P09,16,24,0,4,21.6
STO093-001864,2024-10-29,A1,P10,18,23,0,5,23.8
STO093-001865,2024-10-29,A2,P10,13,20,12,5,23.8
STO093-001866,2024-10-29,A3,P10,44,20,0,5,23.8
STO093-001867,2024-10-30,A1,P11,61,20,0,6,26.0
STO093-001868,2024-10-30,A2,P11,41,14,24,6,26.0
STO093-001869,2024-10-30,A3,P11,20,24,0,6,26.0
STO093-001870,2024-10-30,A1,P12,38,19,24,7,28.2
STO093-001871,2024-10-30,A2,P12,8,35,0,7,28.2
STO093-001872,2024-10-30,A3,P12,9,29,0,7,28.2
STO093-001873,2024-10-31,A1,P01,4,23,24,3,4.0
STO093-001874,2024-10-31,A2,P01,28,11,0,3,4.0
STO093-001875,2024-10-31,A3,P01,5,16,0,3,4.0
STO093-001876,2024-10-31,A1,P02,0,15,24,4,6.2
STO093-001877,2024-10-31,A2,P02,47,20,0,4,6.2
STO093-001878,2024-10-31,A3,P02,54,21,0,4,6.2
STO093-001879,2024-11-01,A1,P03,22,33,12,5,8.4
STO093-001880,2024-11-01,A2,P03,12,16,0,5,8.4
STO093-001881,2024-11-01,A3,P03,6,13,24,5,8.4
STO093-001882,2024-11-01,A1,P04,25,16,0,6,10.6
STO093-001883,2024-11-01,A2,P04,46,20,0,6,10.6
STO093-001884,2024-11-01,A3,P04,52,17,12,6,10.6
STO093-001885,2024-11-02,A1,P05,70,7,0,7,12.8
STO093-001886,2024-11-02,A2,P05,51,25,0,7,12.8
STO093-001887,2024-11-02,A3,P05,51,29,0,7,12.8
STO093-001888,2024-11-02,A1,P06,8,23,24,8,15.0
STO093-001889,2024-11-02,A2,P06,48,14,0,8,15.0
STO093-001890,2024-11-02,A3,P06,66,23,24,8,15.0
STO093-001891,2024-11-03,A1,P07,24,21,0,9,17.2
STO093-001892,2024-11-03,A2,P07,12,24,0,9,17.2
STO093-001893,2024-11-03,A3,P07,38,13,24,9,17.2
STO093-001894,2024-11-03,A1,P08,48,16,24,3,19.4
STO093-001895,2024-11-03,A2,P08,1,30,12,3,19.4
STO093-001896,2024-11-03,A3,P08,48,23,0,3,19.4
STO093-001897,2024-11-03,A1,P09,23,19,0,4,21.6
STO093-001898,2024-11-04,A2,P09,67,20,0,4,21.6
STO093-001899,2024-11-04,A3,P09,43,23,0,4,21.6
STO093-001900,2024-11-04,A1,P10,23,23,0,5,23.8
STO093-001901,2024-11-04,A2,P10,1,24,12,5,23.8
STO093-001902,2024-11-04,A3,P10,61,22,24,5,23.8
STO093-001903,2024-11-04,A1,P11,28,25,0,6,26.0
STO093-001904,2024-11-05,A2,P11,70,31,0,6,26.0
STO093-001905,2024-11-05,A3,P11,70,28,0,6,26.0
STO093-001906,2024-11-05,A1,P12,67,32,0,7,28.2
STO093-001907,2024-11-05,A2,P12,2,38,24,7,28.2
STO093-001908,2024-11-05,A3,P12,28,32,0,7,28.2
STO093-001909,2024-11-05,A1,P01,14,1,12,3,4.0
STO093-001910,2024-11-06,A2,P01,,43,0,3,4.0
STO093-001911,2024-11-06,A3,P01,30,11,12,3,4.0
STO093-001912,2024-11-06,A1,P02,58,27,0,4,6.2
STO093-001913,2024-11-06,A2,P02,23,19,24,4,6.2
STO093-001914,2024-11-06,A3,P02,21,20,12,4,6.2
STO093-001915,2024-11-06,A1,P03,25,23,24,5,8.4
STO093-001916,2024-11-07,A2,P03,57,20,12,5,8.4
STO093-001917,2024-11-07,A3,P03,62,20,0,5,8.4
STO093-001918,2024-11-07,A1,P04,32,25,0,6,10.6
STO093-001919,2024-11-07,A2,P04,44,36,0,6,10.6
STO093-001920,2024-11-07,A3,P04,60,15,12,6,10.6
STO093-001921,2024-11-07,A1,P05,24,4,0,7,12.8
STO093-001922,2024-11-08,A2,P05,4,20,12,7,12.8
STO093-001923,2024-11-08,A3,P05,40,22,12,7,12.8
STO093-001924,2024-11-08,A1,P06,2,15,24,8,15.0
STO093-001925,2024-11-08,A2,P06,9,27,0,8,15.0
STO093-001926,2024-11-08,A3,P06,22,1,24,8,15.0
STO093-001927,2024-11-08,A1,P07,68,25,0,9,17.2
STO093-001928,2024-11-09,A2,P07,36,27,12,9,17.2
STO093-001929,2024-11-09,A3,P07,67,19,0,9,17.2
STO093-001930,2024-11-09,A1,P08,17,10,24,3,19.4
STO093-001931,2024-11-09,A2,P08,1,23,12,3,19.4
STO093-001932,2024-11-09,A3,P08,38,17,0,3,19.4
STO093-001933,2024-11-09,A1,P09,40,27,0,4,21.6
STO093-001934,2024-11-10,A2,P09,41,29,12,4,21.6
STO093-001935,2024-11-10,A3,P09,53,26,0,4,21.6
STO093-001936,2024-11-10,A1,P10,18,24,0,5,23.8
STO093-001937,2024-11-10,A2,P10,11,30,0,5,23.8
STO093-001938,2024-11-10,A3,P10,45,3,0,5,23.8
STO093-001939,2024-11-10,A1,P11,62,22,12,6,26.0
STO093-001940,2024-11-10,A2,P11,13,26,24,6,26.0
STO093-001941,2024-11-11, A3 ,P11,3,32,24,6,26.0
STO093-001942,2024-11-11,A1,P12,10,35,0,7,28.2
STO093-001943,2024-11-11,A2,P12,23,15,0,7,28.2
STO093-001944,2024-11-11,A3,P12,39,14,24,7,28.2
STO093-001945,2024-11-11,A1,P01,5,30,0,3,4.0
STO093-001946,2024-02-30,A2,P01,70,14,12,3,4.0
STO093-001947,2024-11-12,A3,P01,36,13,24,3,4.0
STO093-001948,2024-11-12,A1,P02,17,21,24,4,6.2
STO093-001949,2024-11-12,A2,P02,33,13,12,4,6.2
STO093-001950,2024-11-12,A3,P02,55,21,12,4,6.2
STO093-001951,2024-11-12,A1,P03,68,15,12,5,8.4
STO093-001952,2024-11-12,A2,P03,33,20,0,5,8.4
STO093-001953,2024-11-13,A3,P03,38,15,24,5,8.4
STO093-001954,2024-11-13,A1,P04,36,5,12,6,10.6
STO093-001955,2024-11-13,A2,P04,33,6,24,6,10.6
STO093-001956,2024-11-13,A3,P04,56,40,0,6,10.6
STO093-001957,2024-11-13,A1,P05,29,26,12,7,12.8
STO093-001958,2024-11-13,A2,P05,13,5,0,7,12.8
STO093-001959,2024-11-14,A3,P05,57,33,12,7,12.8
STO093-001960,2024-11-14,A1,P06,24,10,0,8,15.0
STO093-001961,2024-11-14,A2,P06,2,26,0,8,15.0
STO093-001962,2024-11-14,A3,P06,64,20,24,8,15.0
STO093-001963,2024-11-14,A1,P07,32,14,0,9,17.2
STO093-001964,2024-11-14,A2,P07,46,27,0,9,17.2
STO093-001965,2024-11-15,A3,P07,14,28,12,9,17.2
STO093-001966,2024-11-15,A1,P08,66,24,0,3,19.4
STO093-001967,2024-11-15,A2,P08,39,23,0,3,19.4
STO093-001968,2024-11-15,A3,P08,61,12,0,3,19.4
STO093-001969,2024-11-15,A1,P09,63,21,24,4,21.6
STO093-001970,2024-11-15,A2,P09,20,18,0,4,21.6
STO093-001971,2024-11-16,A3,P09,1,22,0,4,21.6
STO093-001972,2024-11-16,A1,P10,38,35,0,5,23.8
STO093-001973,2024-11-16,A2,P10,57,8,0,5,23.8
STO093-001974,2024-11-16,A3,P10,68,11,24,5,23.8
STO093-001975,2024-11-16,A1,P11,25,26,12,6,26.0
STO093-001976,2024-11-16,A2,P11,46,36,0,6,26.0
STO093-001977,2024-11-16,A3,P11,34,25,0,6,26.0
STO093-001978,2024-11-17,A1,P12,64,15,0,7,28.2
STO093-001979,2024-11-17,A2,P12,38,34,12,7,28.2
STO093-001980,2024-11-17,A3,P12,57,32,0,7,28.2
STO093-001981,2024-11-17,A1,P01,5,23,24,3,4.0
STO093-001982,2024-11-17,A2,P01,59,18,24,3,4.0
STO093-001983,2024-11-17,A3,P01,65,5,12,3,4.0
STO093-001984,2024-11-18,A1,P02,19,13,0,4,6.2
STO093-001985,2024-11-18,A2,P02,60,8,12,4,6.2
STO093-001986,2024-11-18,A3,P02,43,8,12,4,6.2
STO093-001987,2024-11-18,A1,P03,56,14,0,5,8.4
STO093-001988,2024-11-18,A2,P03,67,19,0,5,8.4
STO093-001989,2024-11-18,A3,P03,64,20,12,5,8.4
STO093-001990,2024-11-19,A1,P04,59,23,0,6,10.6
STO093-001991,2024-11-19,A2,P04,1,27,24,6,10.6
STO093-001992,2024-11-19,A3,P04,61,4,0,6,10.6
STO093-001993,2024-11-19,A1,P05,,8,24,7,12.8
STO093-001994,2024-11-19,A2,P05,58,0,0,7,12.8
STO093-001995,2024-11-19,A3,P05,32,11,0,7,12.8
STO093-001996,2024-11-20,A1,P06,49,20,24,8,15.0
STO093-001997,2024-11-20,A2,P06,41,25,0,8,15.0
STO093-001998,2024-11-20,A3,P06,8,18,0,8,15.0
STO093-001999,2024-11-20,A1,P07,64,17,0,9,17.2
STO093-002000,2024-11-20,A2,P07,4,28,12,9,17.2
STO093-002001,2024-11-20,A3,P07,16,24,24,9,17.2
STO093-002002,2024-11-21,A1,P08,45,11,24,3,19.4
STO093-002003,2024-11-21,A2,P08,4,32,0,3,19.4
STO093-002004,2024-11-21,A3,P08,15,28,12,3,19.4
STO093-002005,2024-11-21,A1,P09,34,24,0,4,21.6
STO093-002006,2024-11-21,A2,P09,50,12,12,4,21.6
STO093-002007,2024-11-21,A3,P09,67,15,12,4,21.6
STO093-002008,2024-11-22,A1,P10,7,23,24,5,23.8
STO093-002009,2024-11-22,A2,P10,69,23,12,5,23.8
STO093-002010,2024-11-22,A3,P10,2,33,24,5,23.8
STO093-002011,2024-11-22,A1,P11,34,24,12,6,26.0
STO093-002012,2024-11-22,A2,P11,29,30,12,6,26.0
STO093-002013,2024-11-22,A3,P11,55,30,24,6,26.0
STO093-002014,2024-11-23,A1,P12,23,18,24,7,28.2
STO093-002015,2024-11-23,A2,P12,62,34,0,7,28.2
STO093-002016,2024-11-23,A3,P12,54,38,12,7,28.2
STO093-002017,2024-11-23,A1,P01,16,12,12,3,4.0
STO093-002018,2024-11-23,A2,P01,23,24,0,3,4.0
STO093-002019,2024-11-23,A3,P01,17,18,0,3,4.0
STO093-002020,2024-11-23,A1,P02,14,10,12,4,6.2
STO093-002021,2024-11-24,A2,P02,4,25,12,4,6.2
STO093-002022,2024-11-24,A3,P02,47,14,0,4,6.2
STO093-002023,2024-11-24,A1,P03,7,19,12,5,8.4
STO093-002024,2024-11-24,A2,P03,70,17,12,5,8.4
STO093-002025,2024-11-24,A3,P03,38,13,24,5,8.4
STO093-002026,2024-11-24,A1,P04,37,13,12,6,10.6
STO093-002027,2024-11-25,A2,P04,16,20,0,6,10.6
STO093-002028,2024-11-25,A3,P04,42,30,0,6,10.6
STO093-002029,2024-11-25,A1,P05,33,29,24,7,12.8
STO093-002030,2024-11-25,A2,P05,44,21,24,7,12.8
STO093-002031,2024-11-25,A3,P05,64,4,12,7,12.8
STO093-002032,2024-11-25,A1,P06,9,21,24,8,15.0
STO093-002033,2024-11-26,A2,P06,63,15,0,8,15.0
STO093-002034,2024-11-26,A3,P06,3,24,0,8,15.0
STO093-002035,2024-11-26,A1,P07,64,25,24,9,17.2
STO093-002036,2024-11-26,A2,P07,39,18,12,9,17.2
STO093-002037,2024-11-26,A3,P07,33,10,0,9,17.2
STO093-002038,2024-11-26, A1 ,P08,52,20,12,3,19.4
STO093-002039,2024-11-27,A2,P08,63,21,12,3,19.4
STO093-002040,2024-11-27,A3,P08,42,20,0,3,19.4
STO093-002041,2024-11-27,A1,P09,60,14,0,4,21.6
STO093-002042,2024-11-27,A2,P09,63,10,12,4,21.6
STO093-002043,2024-11-27,A3,P09,44,29,12,4,21.6
STO093-002044,2024-11-27,A1,P10,56,24,24,5,23.8
STO093-002045,2024-11-28,A2,P10,21,26,0,5,23.8
STO093-002046,2024-11-28,A3,P10,64,27,12,5,23.8
STO093-002047,2024-11-28,A1,P11,36,38,0,6,26.0
STO093-002048,2024-11-28,A2,P11,6,28,0,6,26.0
STO093-002049,2024-11-28,A3,P11,37,42,0,6,26.0
STO093-002050,2024-11-28,A1,P12,25,23,24,7,28.2
STO093-002051,2024-11-29,A2,P12,16,31,0,7,28.2
STO093-002052,2024-11-29,A3,P12,45,39,12,7,28.2
STO093-002053,2024-11-29,A1,P01,4,5,12,3,4.0
STO093-002054,2024-11-29,A2,P01,35,17,24,3,4.0
STO093-002055,2024-11-29,A3,P01,49,12,0,3,4.0
STO093-002056,2024-11-29,A1,P02,56,34,24,4,6.2
STO093-002057,2024-11-29,A2,P02,5,4,0,4,6.2
STO093-002058,2024-11-30,A3,P02,42,17,0,4,6.2
STO093-002059,2024-11-30,A1,P03,51,23,12,5,8.4
STO093-002060,2024-11-30,A2,P03,69,16,0,5,8.4
STO093-002061,2024-11-30,A3,P03,31,14,0,5,8.4
STO093-002062,2024-11-30,A1,P04,47,26,12,6,10.6
STO093-002063,2024-11-30,A2,P04,48,11,0,6,10.6
STO093-002064,2024-12-01,A3,P04,37,29,12,6,10.6
STO093-002065,2024-12-01,A1,P05,50,33,24,7,12.8
STO093-002066,2024-12-01,A2,P05,28,22,0,7,12.8
STO093-002067,2024-12-01,A3,P05,40,2,12,7,12.8
STO093-002068,2024-12-01,A1,P06,59,25,0,8,15.0
STO093-002069,2024-12-01,A2,P06,4,32,12,8,15.0
STO093-002070,2024-12-02,A3,P06,42,14,12,8,15.0
STO093-002071,2024-12-02,A1,P07,11,2,0,9,17.2
STO093-002072,2024-12-02,A2,P07,32,32,24,9,17.2
STO093-002073,2024-12-02,A3,P07,0,34,0,9,17.2
STO093-002074,2024-12-02,A1,P08,28,32,0,3,19.4
STO093-002075,2024-12-02,A2,P08,29,20,12,3,19.4
STO093-002076,2024-12-03,A3,P08,,29,12,3,19.4
STO093-002077,2024-12-03,A1,P09,53,27,0,4,21.6
STO093-002078,2024-12-03,A2,P09,47,20,0,4,21.6
STO093-002079,2024-12-03,A3,P09,32,25,12,4,21.6
STO093-002080,2024-12-03,A1,P10,3,38,12,5,23.8
STO093-002081,2024-12-03,A2,P10,32,24,24,5,23.8
STO093-002082,2024-12-04,A3,P10,60,15,24,5,23.8
STO093-002083,2024-12-04,A1,P11,46,25,12,6,26.0
STO093-002084,2024-12-04,A2,P11,45,23,0,6,26.0
STO093-002085,2024-12-04,A3,P11,30,13,0,6,26.0
STO093-002086,2024-12-04,A1,P12,15,32,12,7,28.2
STO093-002087,2024-12-04,A2,P12,47,25,0,7,28.2
STO093-002088,2024-12-05,A3,P12,57,26,12,7,28.2
STO093-002089,2024-12-05,A1,P01,62,11,0,3,4.0
STO093-002090,2024-12-05,A2,P01,15,21,0,3,4.0
STO093-002091,2024-12-05,A3,P01,8,28,24,3,4.0
STO093-002092,2024-12-05,A1,P02,11,10,0,4,6.2
STO093-002093,2024-12-05,A2,P02,42,27,0,4,6.2
STO093-002094,2024-12-05,A3,P02,36,12,0,4,6.2
STO093-002095,2024-12-06,A1,P03,8,17,0,5,8.4
STO093-002096,2024-12-06,A2,P03,11,17,0,5,8.4
STO093-002097,2024-12-06,A3,P03,44,11,0,5,8.4
STO093-002098,2024-12-06,A1,P04,45,12,12,6,10.6
STO093-002099,2024-12-06,A2,P04,5,15,24,6,10.6
STO093-002100,2024-12-06,A3,P04,12,7,0,6,10.6
STO093-002101,2024-12-07,A1,P05,60,36,0,7,12.8
STO093-002102,2024-12-07,A2,P05,51,25,0,7,12.8
STO093-002103,2024-12-07,A3,P05,26,18,12,7,12.8
STO093-002104,2024-12-07,A1,P06,48,18,24,8,15.0
STO093-002105,2024-12-07,A2,P06,47,2,0,8,15.0
STO093-002106,2024-12-07,A3,P06,66,23,12,8,15.0
STO093-002107,2024-12-08,A1,P07,47,25,12,9,17.2
STO093-002108,2024-12-08,A2,P07,27,27,0,9,17.2
STO093-002109,2024-12-08,A3,P07,39,9,0,9,17.2
STO093-002110,2024-12-08,A1,P08,25,18,24,3,19.4
STO093-002111,2024-12-08,A2,P08,20,12,0,3,19.4
STO093-002112,2024-12-08,A3,P08,53,18,12,3,19.4
STO093-002113,2024-12-09,A1,P09,26,27,0,4,21.6
STO093-002114,2024-12-09,A2,P09,49,23,0,4,21.6
STO093-002115,2024-12-09,A3,P09,1,25,24,4,21.6
STO093-002116,2024-12-09,A1,P10,24,21,0,5,23.8
STO093-002117,2024-12-09,A2,P10,60,29,0,5,23.8
STO093-002118,2024-12-09,A3,P10,63,38,24,5,23.8
STO093-002119,2024-12-10,A1,P11,30,24,0,6,26.0
STO093-002120,2024-12-10,A2,P11,64,22,0,6,26.0
STO093-002121,2024-12-10,A3,P11,21,24,12,6,26.0
STO093-002122,2024-12-10,A1,P12,52,19,12,7,28.2
STO093-002123,2024-12-10,A2,P12,7,25,24,7,28.2
STO093-002124,2024-12-10,A3,P12,36,22,12,7,28.2
STO093-002125,2024-12-11,A1,P01,50,23,12,3,4.0
STO093-002126,2024-12-11,A2,P01,69,18,24,3,4.0
STO093-002127,2024-12-11,A3,P01,31,21,0,3,4.0
STO093-002128,2024-12-11,A1,P02,19,14,0,4,6.2
STO093-002129,2024-12-11,A2,P02,50,23,0,4,6.2
STO093-002130,2024-12-11,A3,P02,56,9,24,4,6.2
STO093-002131,2024-12-12,A1,P03,42,20,0,5,8.4
STO093-002132,2024-12-12,A2,P03,49,18,24,5,8.4
STO093-002133,2024-12-12,A3,P03,23,7,12,5,8.4
STO093-002134,2024-12-12,A1,P04,22,37,0,6,10.6
STO093-002135,2024-12-12, A2 ,P04,28,14,24,6,10.6
STO093-002136,2024-12-12,A3,P04,0,21,24,6,10.6
STO093-002137,2024-12-12,A1,P05,62,22,12,7,12.8
STO093-002138,2024-12-13,A2,P05,7,13,24,7,12.8
STO093-002139,2024-12-13,A3,P05,68,29,12,7,12.8
STO093-002140,2024-12-13,A1,P06,49,22,12,8,15.0
STO093-002141,2024-12-13,A2,P06,2,22,0,8,15.0
STO093-002142,2024-12-13,A3,P06,33,22,24,8,15.0
STO093-002143,2024-12-13,A1,P07,43,12,0,9,17.2
STO093-002144,2024-12-14,A2,P07,57,13,12,9,17.2
STO093-002145,2024-12-14,A3,P07,20,8,0,9,17.2
STO093-002146,2024-12-14,A1,P08,44,25,0,3,19.4
STO093-002147,2024-12-14,A2,P08,19,19,0,3,19.4
STO093-002148,2024-12-14,A3,P08,26,33,12,3,19.4
STO093-002149,2024-12-14,A1,P09,38,32,0,4,21.6
STO093-002150,2024-12-15,A2,P09,63,9,0,4,21.6
STO093-002151,2024-12-15,A3,P09,43,18,0,4,21.6
STO093-002152,2024-12-15,A1,P10,46,20,0,5,23.8
STO093-002153,2024-12-15,A2,P10,46,12,12,5,23.8
STO093-002154,2024-12-15,A3,P10,64,17,0,5,23.8
STO093-002155,2024-12-15,A1,P11,20,32,0,6,26.0
STO093-002156,2024-12-16,A2,P11,23,33,0,6,26.0
STO093-002157,2024-12-16,A3,P11,63,23,0,6,26.0
STO093-002158,2024-12-16,A1,P12,19,21,0,7,28.2
STO093-002159,2024-12-16,A2,P12,,20,12,7,28.2
STO093-002160,2024-12-16,A3,P12,40,27,24,7,28.2
STO093-002161,2024-12-16,A1,P01,39,12,0,3,4.0
STO093-002162,2024-12-17,A2,P01,22,3,12,3,4.0
STO093-002163,2024-12-17,A3,P01,30,1,0,3,4.0
STO093-002164,2024-12-17,A1,P02,51,15,0,4,6.2
STO093-002165,2024-12-17,A2,P02,45,12,0,4,6.2
STO093-002166,2024-12-17,A3,P02,63,6,0,4,6.2
STO093-002167,2024-12-17,A1,P03,6,20,0,5,8.4
STO093-002168,2024-12-18,A2,P03,57,23,12,5,8.4
STO093-002169,2024-12-18,A3,P03,56,22,24,5,8.4
STO093-002170,2024-12-18,A1,P04,6,21,0,6,10.6
STO093-002171,2024-12-18,A2,P04,51,10,0,6,10.6
STO093-002172,2024-12-18,A3,P04,61,5,0,6,10.6
STO093-002173,2024-12-18,A1,P05,40,24,0,7,12.8
STO093-002174,2024-12-18,A2,P05,42,24,12,7,12.8
STO093-002175,2024-12-19,A3,P05,9,22,12,7,12.8
STO093-002176,2024-12-19,A1,P06,52,25,12,8,15.0
STO093-002177,2024-12-19,A2,P06,20,17,24,8,15.0
STO093-002178,2024-12-19,A3,P06,7,20,12,8,15.0
STO093-002179,2024-12-19,A1,P07,35,19,0,9,17.2
STO093-002180,2024-12-19,A2,P07,6,15,0,9,17.2
STO093-002181,2024-12-20,A3,P07,62,21,24,9,17.2
STO093-002182,2024-12-20,A1,P08,46,30,24,3,19.4
STO093-002183,2024-12-20,A2,P08,9,32,24,3,19.4
STO093-002184,2024-12-20,A3,P08,33,23,0,3,19.4
STO093-002185,2024-12-20,A1,P09,37,25,24,4,21.6
STO093-002186,2024-12-20,A2,P09,67,26,12,4,21.6
STO093-002187,2024-12-21,A3,P09,9,27,0,4,21.6
STO093-002188,2024-12-21,A1,P10,47,26,0,5,23.8
STO093-002189,2024-12-21,A2,P10,45,17,0,5,23.8
STO093-002190,2024-12-21,A3,P10,12,37,0,5,23.8
STO093-002191,2024-12-21,A1,P11,13,28,12,6,26.0
STO093-002192,2024-12-21,A2,P11,11,14,0,6,26.0
STO093-002193,2024-12-22,A3,P11,27,20,0,6,26.0
STO093-002194,2024-12-22,A1,P12,10,24,24,7,28.2
STO093-002195,2024-12-22,A2,P12,2,22,0,7,28.2
STO093-002196,2024-12-22,A3,P12,54,28,24,7,28.2
STO093-002197,2024-12-22,A1,P01,60,9,12,3,4.0
STO093-002198,2024-12-22,A2,P01,45,18,12,3,4.0
STO093-002199,2024-12-23,A3,P01,38,15,0,3,4.0
STO093-002200,2024-12-23,A1,P02,12,14,0,4,6.2
STO093-002201,2024-12-23,A2,P02,61,29,0,4,6.2
STO093-002202,2024-12-23,A3,P02,31,18,0,4,6.2
STO093-002203,2024-12-23,A1,P03,16,9,0,5,8.4
STO093-002204,2024-12-23,A2,P03,26,21,0,5,8.4
STO093-002205,2024-12-24,A3,P03,49,0,24,5,8.4
STO093-002206,2024-12-24,A1,P04,68,19,0,6,10.6
STO093-002207,2024-12-24,A2,P04,3,9,0,6,10.6
STO093-002208,2024-12-24,A3,P04,54,15,24,6,10.6
STO093-002209,2024-12-24,A1,P05,57,17,0,7,12.8
STO093-002210,2024-12-24,A2,P05,56,20,0,7,12.8
STO093-002211,2024-12-25,A3,P05,28,11,0,7,12.8
STO093-002212,2024-12-25,A1,P06,5,23,0,8,15.0
STO093-002213,2024-12-25,A2,P06,12,16,12,8,15.0
STO093-002214,2024-12-25,A3,P06,4,25,0,8,15.0
STO093-002215,2024-12-25,A1,P07,38,34,24,9,17.2
STO093-002216,2024-12-25,A2,P07,18,27,24,9,17.2
STO093-002217,2024-12-25,A3,P07,53,26,12,9,17.2
STO093-002218,2024-12-26,A1,P08,15,32,0,3,19.4
STO093-002219,2024-12-26,A2,P08,31,17,0,3,19.4
STO093-002220,2024-12-26,A3,P08,4,9,12,3,19.4
STO093-002221,2024-12-26,A1,P09,26,16,0,4,21.6
STO093-002222,2024-12-26,A2,P09,69,18,0,4,21.6
STO093-002223,2024-12-26,A3,P09,5,26,12,4,21.6
STO093-002224,2024-12-27,A1,P10,5,30,12,5,23.8
STO093-002225,2024-12-27,A2,P10,20,21,0,5,23.8
STO093-002226,2024-12-27,A3,P10,61,20,0,5,23.8
STO093-002227,2024-12-27,A1,P11,15,18,24,6,26.0
STO093-002228,2024-12-27,A2,P11,67,21,12,6,26.0
STO093-002229,2024-12-27,A3,P11,2,35,12,6,26.0
STO093-002230,2024-12-28,A1,P12,34,29,12,7,28.2
STO093-002231,2024-12-28,A2,P12,36,29,24,7,28.2
STO093-002232,2024-12-28, A3 ,P12,36,38,0,7,28.2
STO093-002233,2024-12-28,A1,P01,7,20,0,3,4.0
STO093-002234,2024-12-28,A2,P01,18,14,0,3,4.0
STO093-002235,2024-12-28,A3,P01,44,31,12,3,4.0
STO093-002236,2024-12-29,A1,P02,1,21,0,4,6.2
STO093-002237,2024-12-29,A2,P02,46,19,0,4,6.2
STO093-002238,2024-12-29,A3,P02,9,0,0,4,6.2
STO093-002239,2024-12-29,A1,P03,59,11,12,5,8.4
STO093-002240,2024-12-29,A2,P03,10,14,0,5,8.4
STO093-002241,2024-12-29,A3,P03,9,10,0,5,8.4
STO093-002242,2024-12-30,A1,P04,,11,12,6,10.6
STO093-002243,2024-12-30,A2,P04,39,13,0,6,10.6
STO093-002244,2024-12-30,A3,P04,15,14,12,6,10.6
STO093-002245,2024-12-30,A1,P05,42,10,12,7,12.8
STO093-002246,2024-12-30,A2,P05,43,29,24,7,12.8
STO093-002247,2024-12-30,A3,P05,67,22,0,7,12.8
STO093-002248,2024-12-31,A1,P06,62,14,0,8,15.0
STO093-002249,2024-12-31,A2,P06,30,31,0,8,15.0
STO093-002250,2024-12-31,A3,P06,43,4,12,8,15.0
STO093-002251,2024-12-31,A1,P07,59,34,0,9,17.2
STO093-002252,2024-12-31,A2,P07,50,38,24,9,17.2
STO093-002253,2024-12-31,A3,P07,49,32,24,9,17.2
STO093-002254,2024-12-31,A1,P08,14,31,0,3,19.4
STO093-002255,2025-01-01,A2,P08,51,23,0,3,19.4
STO093-002256,2025-01-01,A3,P08,53,30,12,3,19.4
STO093-002257,2025-01-01,A1,P09,69,18,24,4,21.6
STO093-002258,2025-01-01,A2,P09,44,14,24,4,21.6
STO093-002259,2025-01-01,A3,P09,66,28,24,4,21.6
STO093-002260,2025-01-01,A1,P10,21,18,0,5,23.8
STO093-002261,2025-01-02,A2,P10,10,11,0,5,23.8
STO093-002262,2025-01-02,A3,P10,61,33,12,5,23.8
STO093-002263,2025-01-02,A1,P11,34,36,0,6,26.0
STO093-002264,2025-01-02,A2,P11,24,28,24,6,26.0
STO093-002265,2025-01-02,A3,P11,5,10,24,6,26.0
STO093-002266,2025-01-02,A1,P12,2,19,24,7,28.2
STO093-002267,2025-01-03,A2,P12,52,21,0,7,28.2
STO093-002268,2025-01-03,A3,P12,7,30,24,7,28.2
STO093-002269,2025-01-03,A1,P01,53,24,12,3,4.0
STO093-002270,2025-01-03,A2,P01,18,12,12,3,4.0
STO093-002271,2025-01-03,A3,P01,10,31,12,3,4.0
STO093-002272,2025-01-03,A1,P02,30,8,24,4,6.2
STO093-002273,2025-01-04,A2,P02,13,9,0,4,6.2
STO093-002274,2025-01-04,A3,P02,62,26,12,4,6.2
STO093-002275,2025-01-04,A1,P03,54,17,0,5,8.4
STO093-002276,2025-01-04,A2,P03,65,13,0,5,8.4
STO093-002277,2025-01-04,A3,P03,18,6,0,5,8.4
STO093-002278,2025-01-04,A1,P04,38,15,0,6,10.6
STO093-002279,2025-01-05,A2,P04,10,22,0,6,10.6
STO093-002280,2025-01-05,A3,P04,2,35,0,6,10.6
STO093-002281,2025-01-05,A1,P05,55,23,0,7,12.8
STO093-002282,2025-01-05,A2,P05,49,31,12,7,12.8
STO093-002283,2025-01-05,A3,P05,40,34,0,7,12.8
STO093-002284,2025-01-05,A1,P06,48,20,24,8,15.0
STO093-002285,2025-01-06,A2,P06,30,13,0,8,15.0
STO093-002286,2025-01-06,A3,P06,51,27,12,8,15.0
STO093-002287,2025-01-06,A1,P07,65,7,24,9,17.2
STO093-002288,2025-01-06,A2,P07,57,16,24,9,17.2
STO093-002289,2025-01-06,A3,P07,60,28,0,9,17.2
STO093-002290,2025-01-06,A1,P08,45,15,0,3,19.4
STO093-002291,2025-01-06,A2,P08,0,1,0,3,19.4
STO093-002292,2025-01-07,A3,P08,26,40,0,3,19.4
STO093-002293,2025-01-07,A1,P09,68,22,12,4,21.6
STO093-002294,2025-01-07,A2,P09,30,34,12,4,21.6
STO093-002295,2025-01-07,A3,P09,12,19,24,4,21.6
STO093-002296,2025-01-07,A1,P10,63,26,0,5,23.8
STO093-002297,2025-01-07,A2,P10,42,26,24,5,23.8
STO093-002298,2025-01-08,A3,P10,56,8,0,5,23.8
STO093-002299,2025-01-08,A1,P11,33,24,0,6,26.0
STO093-002300,2025-01-08,A2,P11,1,5,0,6,26.0
STO093-002301,2025-01-08,A3,P11,11,21,0,6,26.0
STO093-002302,2025-01-08,A1,P12,29,20,12,7,28.2
STO093-002303,2025-01-08,A2,P12,38,21,24,7,28.2
STO093-002304,2025-01-09,A3,P12,17,37,0,7,28.2
STO093-002305,2025-01-09,A1,P01,2,11,0,3,4.0
STO093-002306,2025-01-09,A2,P01,34,16,0,3,4.0
STO093-002307,2025-01-09,A3,P01,34,21,12,3,4.0
STO093-002308,2025-01-09,A1,P02,67,11,24,4,6.2
STO093-002309,2025-01-09,A2,P02,57,21,0,4,6.2
STO093-002310,2025-01-10,A3,P02,46,9,0,4,6.2
STO093-002311,2025-01-10,A1,P03,6,9,0,5,8.4
STO093-002312,2025-01-10,A2,P03,2,26,24,5,8.4
STO093-002313,2025-01-10,A3,P03,34,23,0,5,8.4
STO093-002314,2025-01-10,A1,P04,40,7,24,6,10.6
STO093-002315,2025-01-10,A2,P04,40,30,12,6,10.6
STO093-002316,2025-01-11,A3,P04,23,13,0,6,10.6
STO093-002317,2025-01-11,A1,P05,14,16,12,7,12.8
STO093-002318,2025-01-11,A2,P05,50,22,0,7,12.8
STO093-002319,2025-01-11,A3,P05,5,13,24,7,12.8
STO093-002320,2025-01-11,A1,P06,61,17,0,8,15.0
STO093-002321,2025-01-11,A2,P06,26,24,0,8,15.0
STO093-002322,2025-01-12,A3,P06,8,16,12,8,15.0
STO093-002323,2025-01-12,A1,P07,51,18,24,9,17.2
STO093-002324,2025-01-12,A2,P07,29,30,24,9,17.2
STO093-002325,2025-01-12,A3,P07,,28,12,9,17.2
STO093-002326,2025-01-12,A1,P08,14,15,12,3,19.4
STO093-002327,2025-01-12,A2,P08,59,21,12,3,19.4
STO093-002328,2025-01-13,A3,P08,48,24,12,3,19.4
STO093-002329,2025-01-13, A1 ,P09,25,26,0,4,21.6
STO093-002330,2025-01-13,A2,P09,31,24,0,4,21.6
STO093-002331,2025-01-13,A3,P09,19,25,12,4,21.6
STO093-002332,2025-01-13,A1,P10,29,24,0,5,23.8
STO093-002333,2025-01-13,A2,P10,33,26,24,5,23.8
STO093-002334,2025-01-13,A3,P10,68,27,24,5,23.8
STO093-002335,2024-02-30,A1,P11,51,18,12,6,26.0
STO093-002336,2025-01-14,A2,P11,58,37,0,6,26.0
STO093-002337,2025-01-14,A3,P11,34,17,12,6,26.0
STO093-002338,2025-01-14,A1,P12,59,16,24,7,28.2
STO093-002339,2025-01-14,A2,P12,0,36,0,7,28.2
STO093-002340,2025-01-14,A3,P12,41,21,24,7,28.2
STO093-002341,2025-01-15,A1,P01,44,27,12,3,4.0
STO093-002342,2025-01-15,A2,P01,34,6,12,3,4.0
STO093-002343,2025-01-15,A3,P01,31,20,0,3,4.0
STO093-002344,2025-01-15,A1,P02,30,17,0,4,6.2
STO093-002345,2025-01-15,A2,P02,48,32,0,4,6.2
STO093-002346,2025-01-15,A3,P02,12,19,24,4,6.2
STO093-002347,2025-01-16,A1,P03,10,22,0,5,8.4
STO093-002348,2025-01-16,A2,P03,59,21,24,5,8.4
STO093-002349,2025-01-16,A3,P03,7,5,0,5,8.4
STO093-002350,2025-01-16,A1,P04,53,13,24,6,10.6
STO093-002351,2025-01-16,A2,P04,61,21,24,6,10.6
STO093-002352,2025-01-16,A3,P04,0,12,12,6,10.6
STO093-002353,2025-01-17,A1,P05,59,27,24,7,12.8
STO093-002354,2025-01-17,A2,P05,53,19,0,7,12.8
STO093-002355,2025-01-17,A3,P05,47,10,0,7,12.8
STO093-002356,2025-01-17,A1,P06,37,14,12,8,15.0
STO093-002357,2025-01-17,A2,P06,37,20,0,8,15.0
STO093-002358,2025-01-17,A3,P06,64,25,24,8,15.0
STO093-002359,2025-01-18,A1,P07,44,24,0,9,17.2
STO093-002360,2025-01-18,A2,P07,66,23,24,9,17.2
STO093-002361,2025-01-18,A3,P07,42,31,0,9,17.2
STO093-002362,2025-01-18,A1,P08,6,31,12,3,19.4
STO093-002363,2025-01-18,A2,P08,36,19,0,3,19.4
STO093-002364,2025-01-18,A3,P08,17,12,0,3,19.4
STO093-002365,2025-01-19,A1,P09,5,23,24,4,21.6
STO093-002366,2025-01-19,A2,P09,63,17,12,4,21.6
STO093-002367,2025-01-19,A3,P09,24,29,0,4,21.6
STO093-002368,2025-01-19,A1,P10,50,29,0,5,23.8
STO093-002369,2025-01-19,A2,P10,27,23,0,5,23.8
STO093-002370,2025-01-19,A3,P10,47,19,12,5,23.8
STO093-002371,2025-01-19,A1,P11,49,23,0,6,26.0
STO093-002372,2025-01-20,A2,P11,43,34,0,6,26.0
STO093-002373,2025-01-20,A3,P11,62,28,24,6,26.0
STO093-002374,2025-01-20,A1,P12,55,14,12,7,28.2
STO093-002375,2025-01-20,A2,P12,22,21,12,7,28.2
STO093-002376,2025-01-20,A3,P12,15,11,0,7,28.2
STO093-002377,2025-01-20,A1,P01,11,22,12,3,4.0
STO093-002378,2025-01-21,A2,P01,56,1,12,3,4.0
STO093-002379,2025-01-21,A3,P01,25,1,0,3,4.0
STO093-002380,2025-01-21,A1,P02,54,14,12,4,6.2
STO093-002381,2025-01-21,A2,P02,36,15,12,4,6.2
STO093-002382,2025-01-21,A3,P02,55,16,0,4,6.2
STO093-002383,2025-01-21,A1,P03,22,12,0,5,8.4
STO093-002384,2025-01-22,A2,P03,34,33,24,5,8.4
STO093-002385,2025-01-22,A3,P03,28,35,24,5,8.4
STO093-002386,2025-01-22,A1,P04,55,30,12,6,10.6
STO093-002387,2025-01-22,A2,P04,31,23,24,6,10.6
STO093-002388,2025-01-22,A3,P04,42,24,0,6,10.6
STO093-002389,2025-01-22,A1,P05,20,28,24,7,12.8
STO093-002390,2025-01-23,A2,P05,14,21,0,7,12.8
STO093-002391,2025-01-23,A3,P05,30,15,0,7,12.8
STO093-002392,2025-01-23,A1,P06,58,14,0,8,15.0
STO093-002393,2025-01-23,A2,P06,24,28,0,8,15.0
STO093-002394,2025-01-23,A3,P06,42,15,24,8,15.0
STO093-002395,2025-01-23,A1,P07,32,11,12,9,17.2
STO093-002396,2025-01-24,A2,P07,1,16,12,9,17.2
STO093-002397,2025-01-24,A3,P07,25,18,0,9,17.2
STO093-002398,2025-01-24,A1,P08,24,23,24,3,19.4
STO093-002399,2025-01-24,A2,P08,57,9,0,3,19.4
STO093-002400,2025-01-24,A3,P08,58,10,0,3,19.4
STO093-002401,2025-01-24,A1,P09,3,14,12,4,21.6
STO093-002402,2025-01-25,A2,P09,41,11,12,4,21.6
STO093-002403,2025-01-25,A3,P09,26,23,0,4,21.6
STO093-002404,2025-01-25,A1,P10,33,25,0,5,23.8
STO093-002405,2025-01-25,A2,P10,3,21,12,5,23.8
STO093-002406,2025-01-25,A3,P10,4,27,0,5,23.8
STO093-002407,2025-01-25,A1,P11,70,16,0,6,26.0
STO093-002408,2025-01-26,A2,P11,,38,0,6,26.0
STO093-002409,2025-01-26,A3,P11,0,28,0,6,26.0
STO093-002410,2025-01-26,A1,P12,23,47,12,7,28.2
STO093-002411,2025-01-26,A2,P12,46,31,24,7,28.2
STO093-002412,2025-01-26,A3,P12,19,19,12,7,28.2
STO093-002413,2025-01-26,A1,P01,52,0,24,3,4.0
STO093-002414,2025-01-26,A2,P01,63,8,0,3,4.0
STO093-002415,2025-01-27,A3,P01,0,7,0,3,4.0
STO093-002416,2025-01-27,A1,P02,27,19,24,4,6.2
STO093-002417,2025-01-27,A2,P02,46,9,0,4,6.2
STO093-002418,2025-01-27,A3,P02,23,31,12,4,6.2
STO093-002419,2025-01-27,A1,P03,24,9,0,5,8.4
STO093-002420,2025-01-27,A2,P03,24,20,0,5,8.4
STO093-002421,2025-01-28,A3,P03,29,19,0,5,8.4
STO093-002422,2025-01-28,A1,P04,62,21,0,6,10.6
STO093-002423,2025-01-28,A2,P04,38,14,12,6,10.6
STO093-002424,2025-01-28,A3,P04,20,14,0,6,10.6
STO093-002425,2025-01-28,A1,P05,31,10,0,7,12.8
STO093-002426,2025-01-28, A2 ,P05,12,14,24,7,12.8
STO093-002427,2025-01-29,A3,P05,33,20,24,7,12.8
STO093-002428,2025-01-29,A1,P06,11,18,12,8,15.0
STO093-002429,2025-01-29,A2,P06,7,7,24,8,15.0
STO093-002430,2025-01-29,A3,P06,51,21,12,8,15.0
STO093-002431,2025-01-29,A1,P07,70,24,0,9,17.2
STO093-002432,2025-01-29,A2,P07,25,18,0,9,17.2
STO093-002433,2025-01-30,A3,P07,34,18,12,9,17.2
STO093-002434,2025-01-30,A1,P08,50,36,24,3,19.4
STO093-002435,2025-01-30,A2,P08,25,16,12,3,19.4
STO093-002436,2025-01-30,A3,P08,22,7,24,3,19.4
STO093-002437,2025-01-30,A1,P09,8,14,12,4,21.6
STO093-002438,2025-01-30,A2,P09,42,33,12,4,21.6
STO093-002439,2025-01-31,A3,P09,33,31,12,4,21.6
STO093-002440,2025-01-31,A1,P10,22,23,0,5,23.8
STO093-002441,2025-01-31,A2,P10,48,37,24,5,23.8
STO093-002442,2025-01-31,A3,P10,20,10,0,5,23.8
STO093-002443,2025-01-31,A1,P11,70,33,24,6,26.0
STO093-002444,2025-01-31,A2,P11,13,15,24,6,26.0
STO093-002445,2025-02-01,A3,P11,56,12,0,6,26.0
STO093-002446,2025-02-01,A1,P12,60,22,0,7,28.2
STO093-002447,2025-02-01,A2,P12,59,13,0,7,28.2
STO093-002448,2025-02-01,A3,P12,55,26,12,7,28.2
STO093-002449,2025-02-01,A1,P01,58,22,12,3,4.0
STO093-002450,2025-02-01,A2,P01,30,21,0,3,4.0
STO093-002451,2025-02-01,A3,P01,11,10,0,3,4.0
STO093-002452,2025-02-02,A1,P02,52,13,12,4,6.2
STO093-002453,2025-02-02,A2,P02,45,18,0,4,6.2
STO093-002454,2025-02-02,A3,P02,53,14,0,4,6.2
STO093-002455,2025-02-02,A1,P03,54,24,0,5,8.4
STO093-002456,2025-02-02,A2,P03,46,22,0,5,8.4
STO093-002457,2025-02-02,A3,P03,30,31,0,5,8.4
STO093-002458,2025-02-03,A1,P04,36,23,0,6,10.6
STO093-002459,2025-02-03,A2,P04,26,26,0,6,10.6
STO093-002460,2025-02-03,A3,P04,49,24,0,6,10.6
STO093-002461,2025-02-03,A1,P05,60,18,12,7,12.8
STO093-002462,2025-02-03,A2,P05,70,19,0,7,12.8
STO093-002463,2025-02-03,A3,P05,18,19,24,7,12.8
STO093-002464,2025-02-04,A1,P06,64,9,0,8,15.0
STO093-002465,2025-02-04,A2,P06,41,16,24,8,15.0
STO093-002466,2025-02-04,A3,P06,51,28,24,8,15.0
STO093-002467,2025-02-04,A1,P07,0,26,0,9,17.2
STO093-002468,2025-02-04,A2,P07,15,27,24,9,17.2
STO093-002469,2025-02-04,A3,P07,21,10,0,9,17.2
STO093-002470,2025-02-05,A1,P08,5,23,12,3,19.4
STO093-002471,2025-02-05,A2,P08,31,19,0,3,19.4
STO093-002472,2025-02-05,A3,P08,31,12,24,3,19.4
STO093-002473,2025-02-05,A1,P09,43,16,0,4,21.6
STO093-002474,2025-02-05,A2,P09,13,24,24,4,21.6
STO093-002475,2025-02-05,A3,P09,25,11,0,4,21.6
STO093-002476,2025-02-06,A1,P10,57,31,24,5,23.8
STO093-002477,2025-02-06,A2,P10,0,4,0,5,23.8
STO093-002478,2025-02-06,A3,P10,34,17,12,5,23.8
STO093-002479,2025-02-06,A1,P11,51,39,0,6,26.0
STO093-002480,2025-02-06,A2,P11,67,12,12,6,26.0
STO093-002481,2025-02-06,A3,P11,29,9,12,6,26.0
STO093-002482,2025-02-07,A1,P12,17,36,24,7,28.2
STO093-002483,2025-02-07,A2,P12,47,26,0,7,28.2
STO093-002484,2025-02-07,A3,P12,19,23,24,7,28.2
STO093-002485,2025-02-07,A1,P01,36,11,12,3,4.0
STO093-002486,2025-02-07,A2,P01,45,7,12,3,4.0
STO093-002487,2025-02-07,A3,P01,60,2,12,3,4.0
STO093-002488,2025-02-07,A1,P02,18,8,12,4,6.2
STO093-002489,2025-02-08,A2,P02,68,30,12,4,6.2
STO093-002490,2025-02-08,A3,P02,58,16,12,4,6.2
STO093-002491,2025-02-08,A1,P03,,23,12,5,8.4
STO093-002492,2025-02-08,A2,P03,38,27,0,5,8.4
STO093-002493,2025-02-08,A3,P03,28,27,0,5,8.4
STO093-002494,2025-02-08,A1,P04,18,25,0,6,10.6
STO093-002495,2025-02-09,A2,P04,63,25,0,6,10.6
STO093-002496,2025-02-09,A3,P04,30,20,12,6,10.6
STO093-002497,2025-02-09,A1,P05,69,26,0,7,12.8
STO093-002498,2025-02-09,A2,P05,34,17,12,7,12.8
STO093-002499,2025-02-09,A3,P05,36,21,24,7,12.8
STO093-002500,2025-02-09,A1,P06,37,39,0,8,15.0
STO093-002501,2025-02-10,A2,P06,41,14,0,8,15.0
STO093-002502,2025-02-10,A3,P06,68,8,24,8,15.0
STO093-002503,2025-02-10,A1,P07,22,22,0,9,17.2
STO093-002504,2025-02-10,A2,P07,15,21,24,9,17.2
STO093-002505,2025-02-10,A3,P07,17,22,24,9,17.2
STO093-002506,2025-02-10,A1,P08,29,11,12,3,19.4
STO093-002507,2025-02-11,A2,P08,28,21,0,3,19.4
STO093-002508,2025-02-11,A3,P08,70,18,12,3,19.4
STO093-002509,2025-02-11,A1,P09,66,33,0,4,21.6
STO093-002510,2025-02-11,A2,P09,44,29,0,4,21.6
STO093-002511,2025-02-11,A3,P09,14,41,0,4,21.6
STO093-002512,2025-02-11,A1,P10,68,24,12,5,23.8
STO093-002513,2025-02-12,A2,P10,11,18,0,5,23.8
STO093-002514,2025-02-12,A3,P10,23,18,24,5,23.8
STO093-002515,2025-02-12,A1,P11,19,29,0,6,26.0
STO093-002516,2025-02-12,A2,P11,66,25,12,6,26.0
STO093-002517,2025-02-12,A3,P11,19,21,0,6,26.0
STO093-002518,2025-02-12,A1,P12,39,9,12,7,28.2
STO093-002519,2025-02-13,A2,P12,2,33,12,7,28.2
STO093-002520,2025-02-13,A3,P12,51,13,0,7,28.2
STO093-002521,2025-02-13,A1,P01,54,18,0,3,4.0
STO093-002522,2025-02-13,A2,P01,30,17,0,3,4.0
STO093-002523,2025-02-13, A3 ,P01,12,14,12,3,4.0
STO093-002524,2025-02-13,A1,P02,18,18,24,4,6.2
STO093-002525,2025-02-14,A2,P02,11,13,24,4,6.2
STO093-002526,2025-02-14,A3,P02,35,15,12,4,6.2
STO093-002527,2025-02-14,A1,P03,67,12,0,5,8.4
STO093-002528,2025-02-14,A2,P03,21,23,12,5,8.4
STO093-002529,2025-02-14,A3,P03,63,9,0,5,8.4
STO093-002530,2025-02-14,A1,P04,37,9,0,6,10.6
STO093-002531,2025-02-14,A2,P04,38,16,0,6,10.6
STO093-002532,2025-02-15,A3,P04,56,22,0,6,10.6
STO093-002533,2025-02-15,A1,P05,35,16,12,7,12.8
STO093-002534,2025-02-15,A2,P05,1,24,12,7,12.8
STO093-002535,2025-02-15,A3,P05,27,31,0,7,12.8
STO093-002536,2025-02-15,A1,P06,36,28,0,8,15.0
STO093-002537,2025-02-15,A2,P06,69,14,0,8,15.0
STO093-002538,2025-02-16,A3,P06,52,20,24,8,15.0
STO093-002539,2025-02-16,A1,P07,61,30,0,9,17.2
STO093-002540,2025-02-16,A2,P07,53,30,24,9,17.2
STO093-002541,2025-02-16,A3,P07,24,16,0,9,17.2
STO093-002542,2025-02-16,A1,P08,47,15,24,3,19.4
STO093-002543,2025-02-16,A2,P08,22,15,12,3,19.4
STO093-002544,2025-02-17,A3,P08,67,28,0,3,19.4
STO093-002545,2025-02-17,A1,P09,19,12,12,4,21.6
STO093-002546,2025-02-17,A2,P09,7,8,0,4,21.6
STO093-002547,2025-02-17,A3,P09,35,22,24,4,21.6
STO093-002548,2025-02-17,A1,P10,65,35,0,5,23.8
STO093-002549,2025-02-17,A2,P10,20,21,0,5,23.8
STO093-002550,2025-02-18,A3,P10,0,31,0,5,23.8
STO093-002551,2025-02-18,A1,P11,64,37,0,6,26.0
STO093-002552,2025-02-18,A2,P11,14,17,0,6,26.0
STO093-002553,2025-02-18,A3,P11,26,30,24,6,26.0
STO093-002554,2025-02-18,A1,P12,37,29,0,7,28.2
STO093-002555,2025-02-18,A2,P12,66,18,0,7,28.2
STO093-002556,2025-02-19,A3,P12,31,36,0,7,28.2
STO093-002557,2025-02-19,A1,P01,31,18,24,3,4.0
STO093-002558,2025-02-19,A2,P01,37,23,0,3,4.0
STO093-002559,2025-02-19,A3,P01,46,22,0,3,4.0
STO093-002560,2025-02-19,A1,P02,49,19,0,4,6.2
STO093-002561,2025-02-19,A2,P02,67,12,0,4,6.2
STO093-002562,2025-02-20,A3,P02,69,14,0,4,6.2
STO093-002563,2025-02-20,A1,P03,57,16,0,5,8.4
STO093-002564,2025-02-20,A2,P03,33,16,0,5,8.4
STO093-002565,2025-02-20,A3,P03,2,3,12,5,8.4
STO093-002566,2025-02-20,A1,P04,12,4,0,6,10.6
STO093-002567,2025-02-20,A2,P04,70,18,24,6,10.6
STO093-002568,2025-02-20,A3,P04,35,15,0,6,10.6
STO093-002569,2025-02-21,A1,P05,17,22,12,7,12.8
STO093-002570,2025-02-21,A2,P05,38,12,24,7,12.8
STO093-002571,2025-02-21,A3,P05,21,29,0,7,12.8
STO093-002572,2025-02-21,A1,P06,46,30,0,8,15.0
STO093-002573,2025-02-21,A2,P06,47,16,12,8,15.0
STO093-002574,2025-02-21,A3,P06,,14,24,8,15.0
STO093-002575,2025-02-22,A1,P07,16,38,12,9,17.2
STO093-002576,2025-02-22,A2,P07,57,16,12,9,17.2
STO093-002577,2025-02-22,A3,P07,45,43,0,9,17.2
STO093-002578,2025-02-22,A1,P08,34,11,0,3,19.4
STO093-002579,2025-02-22,A2,P08,66,26,12,3,19.4
STO093-002580,2025-02-22,A3,P08,4,35,24,3,19.4
STO093-002581,2025-02-23,A1,P09,9,8,12,4,21.6
STO093-002582,2025-02-23,A2,P09,22,14,0,4,21.6
STO093-002583,2025-02-23,A3,P09,9,29,0,4,21.6
STO093-002584,2025-02-23,A1,P10,6,28,12,5,23.8
STO093-002585,2025-02-23,A2,P10,62,28,0,5,23.8
STO093-002586,2025-02-23,A3,P10,43,7,12,5,23.8
STO093-002587,2025-02-24,A1,P11,28,19,24,6,26.0
STO093-002588,2025-02-24,A2,P11,17,19,12,6,26.0
STO093-002589,2025-02-24,A3,P11,46,31,0,6,26.0
STO093-002590,2025-02-24,A1,P12,64,25,24,7,28.2
STO093-002591,2025-02-24,A2,P12,23,29,12,7,28.2
STO093-002592,2025-02-24,A3,P12,13,24,0,7,28.2
STO093-002593,2025-02-25,A1,P01,47,8,0,3,4.0
STO093-002594,2025-02-25,A2,P01,35,11,24,3,4.0
STO093-002595,2025-02-25,A3,P01,47,19,24,3,4.0
STO093-002596,2025-02-25,A1,P02,19,26,24,4,6.2
STO093-002597,2025-02-25,A2,P02,8,25,0,4,6.2
STO093-002598,2025-02-25,A3,P02,43,18,24,4,6.2
STO093-002599,2025-02-26,A1,P03,68,6,0,5,8.4
STO093-002600,2025-02-26,A2,P03,70,0,0,5,8.4
STO093-002601,2025-02-26,A3,P03,11,15,0,5,8.4
STO093-002602,2025-02-26,A1,P04,58,11,0,6,10.6
STO093-002603,2025-02-26,A2,P04,25,20,12,6,10.6
STO093-002604,2025-02-26,A3,P04,55,12,24,6,10.6
STO093-002605,2025-02-27,A1,P05,7,23,12,7,12.8
STO093-002606,2025-02-27,A2,P05,52,23,12,7,12.8
STO093-002607,2025-02-27,A3,P05,34,25,12,7,12.8
STO093-002608,2025-02-27,A1,P06,51,12,24,8,15.0
STO093-002609,2025-02-27,A2,P06,51,23,0,8,15.0
STO093-002610,2025-02-27,A3,P06,65,19,12,8,15.0
STO093-002611,2025-02-27,A1,P07,39,33,0,9,17.2
STO093-002612,2025-02-28,A2,P07,6,12,24,9,17.2
STO093-002613,2025-02-28,A3,P07,18,20,12,9,17.2
STO093-002614,2025-02-28,A1,P08,61,19,0,3,19.4
STO093-002615,2025-02-28,A2,P08,26,27,0,3,19.4
STO093-002616,2025-02-28,A3,P08,66,33,24,3,19.4
STO093-002617,2025-02-28,A1,P09,43,31,0,4,21.6
STO093-002618,2025-03-01,A2,P09,36,14,24,4,21.6
STO093-002619,2025-03-01,A3,P09,42,32,12,4,21.6
STO093-002620,2025-03-01, A1 ,P10,10,34,0,5,23.8
STO093-002621,2025-03-01,A2,P10,7,21,12,5,23.8
STO093-002622,2025-03-01,A3,P10,65,38,12,5,23.8
STO093-002623,2025-03-01,A1,P11,2,18,12,6,26.0
STO093-002624,2025-03-02,A2,P11,66,27,24,6,26.0
STO093-002625,2025-03-02,A3,P11,49,15,0,6,26.0
STO093-002626,2025-03-02,A1,P12,21,21,0,7,28.2
STO093-002627,2025-03-02,A2,P12,70,22,12,7,28.2
STO093-002628,2025-03-02,A3,P12,22,10,12,7,28.2
STO093-002629,2025-03-02,A1,P01,42,16,0,3,4.0
STO093-002630,2025-03-03,A2,P01,29,12,0,3,4.0
STO093-002631,2025-03-03,A3,P01,19,22,12,3,4.0
STO093-002632,2025-03-03,A1,P02,38,12,12,4,6.2
STO093-002633,2025-03-03,A2,P02,5,19,0,4,6.2
STO093-002634,2025-03-03,A3,P02,30,5,12,4,6.2
STO093-002635,2025-03-03,A1,P03,14,16,0,5,8.4
STO093-002636,2025-03-04,A2,P03,35,18,0,5,8.4
STO093-002637,2025-03-04,A3,P03,52,26,24,5,8.4
STO093-002638,2025-03-04,A1,P04,23,22,0,6,10.6
STO093-002639,2025-03-04,A2,P04,27,31,24,6,10.6
STO093-002640,2025-03-04,A3,P04,28,11,12,6,10.6
STO093-002641,2025-03-04,A1,P05,59,21,24,7,12.8
STO093-002642,2025-03-05,A2,P05,51,36,12,7,12.8
STO093-002643,2025-03-05,A3,P05,52,14,0,7,12.8
STO093-002644,2025-03-05,A1,P06,69,14,0,8,15.0
STO093-002645,2025-03-05,A2,P06,54,17,0,8,15.0
STO093-002646,2025-03-05,A3,P06,27,27,0,8,15.0
STO093-002647,2025-03-05,A1,P07,69,15,0,9,17.2
STO093-002648,2025-03-05,A2,P07,32,19,24,9,17.2
STO093-002649,2025-03-06,A3,P07,23,24,12,9,17.2
STO093-002650,2025-03-06,A1,P08,40,18,24,3,19.4
STO093-002651,2025-03-06,A2,P08,57,29,0,3,19.4
STO093-002652,2025-03-06,A3,P08,5,13,0,3,19.4
STO093-002653,2025-03-06,A1,P09,9,23,12,4,21.6
STO093-002654,2025-03-06,A2,P09,56,14,12,4,21.6
STO093-002655,2025-03-07,A3,P09,12,23,12,4,21.6
STO093-002656,2025-03-07,A1,P10,28,15,12,5,23.8
STO093-002657,2025-03-07,A2,P10,,29,0,5,23.8
STO093-002658,2025-03-07,A3,P10,27,16,24,5,23.8
STO093-002659,2025-03-07,A1,P11,30,39,0,6,26.0
STO093-002660,2025-03-07,A2,P11,28,26,0,6,26.0
STO093-002661,2025-03-08,A3,P11,34,28,24,6,26.0
STO093-002662,2025-03-08,A1,P12,31,14,12,7,28.2
STO093-002663,2025-03-08,A2,P12,13,20,0,7,28.2
STO093-002664,2025-03-08,A3,P12,57,31,0,7,28.2
STO093-002665,2025-03-08,A1,P01,11,19,0,3,4.0
STO093-002666,2025-03-08,A2,P01,13,13,12,3,4.0
STO093-002667,2025-03-09,A3,P01,32,18,12,3,4.0
STO093-002668,2025-03-09,A1,P02,65,11,0,4,6.2
STO093-002669,2025-03-09,A2,P02,26,24,0,4,6.2
STO093-002670,2025-03-09,A3,P02,25,23,12,4,6.2
STO093-002671,2025-03-09,A1,P03,61,22,12,5,8.4
STO093-002672,2025-03-09,A2,P03,30,26,12,5,8.4
STO093-002673,2025-03-10,A3,P03,18,24,12,5,8.4
STO093-002674,2025-03-10,A1,P04,16,23,12,6,10.6
STO093-002675,2025-03-10,A2,P04,56,34,0,6,10.6
STO093-002676,2025-03-10,A3,P04,32,14,24,6,10.6
STO093-002677,2025-03-10,A1,P05,59,13,0,7,12.8
STO093-002678,2025-03-10,A2,P05,23,12,0,7,12.8
STO093-002679,2025-03-11,A3,P05,13,17,0,7,12.8
STO093-002680,2025-03-11,A1,P06,27,24,0,8,15.0
STO093-002681,2025-03-11,A2,P06,1,15,24,8,15.0
STO093-002682,2025-03-11,A3,P06,70,28,12,8,15.0
STO093-002683,2025-03-11,A1,P07,1,15,0,9,17.2
STO093-002684,2025-03-11,A2,P07,62,25,12,9,17.2
STO093-002685,2025-03-12,A3,P07,11,33,12,9,17.2
STO093-002686,2025-03-12,A1,P08,29,30,0,3,19.4
STO093-002687,2025-03-12,A2,P08,69,30,24,3,19.4
STO093-002688,2025-03-12,A3,P08,36,20,0,3,19.4
STO093-002689,2025-03-12,A1,P09,45,16,0,4,21.6
STO093-002690,2025-03-12,A2,P09,21,35,24,4,21.6
STO093-002691,2025-03-12,A3,P09,43,30,0,4,21.6
STO093-002692,2025-03-13,A1,P10,24,27,0,5,23.8
STO093-002693,2025-03-13,A2,P10,25,9,0,5,23.8
STO093-002694,2025-03-13,A3,P10,67,41,12,5,23.8
STO093-002695,2025-03-13,A1,P11,47,36,0,6,26.0
STO093-002696,2025-03-13,A2,P11,37,15,24,6,26.0
STO093-002697,2025-03-13,A3,P11,53,29,0,6,26.0
STO093-002698,2025-03-14,A1,P12,12,29,24,7,28.2
STO093-002699,2025-03-14,A2,P12,59,13,0,7,28.2
STO093-002700,2025-03-14,A3,P12,35,28,0,7,28.2
STO093-002701,2025-03-14,A1,P01,52,23,0,3,4.0
STO093-002702,2025-03-14,A2,P01,8,18,0,3,4.0
STO093-002703,2025-03-14,A3,P01,26,13,12,3,4.0
STO093-002704,2025-03-15,A1,P02,35,23,12,4,6.2
STO093-002705,2025-03-15,A2,P02,50,21,12,4,6.2
STO093-002706,2025-03-15,A3,P02,63,13,0,4,6.2
STO093-002707,2025-03-15,A1,P03,59,26,24,5,8.4
STO093-002708,2025-03-15,A2,P03,70,20,0,5,8.4
STO093-002709,2025-03-15,A3,P03,3,17,12,5,8.4
STO093-002710,2025-03-16,A1,P04,62,13,12,6,10.6
STO093-002711,2025-03-16,A2,P04,7,18,12,6,10.6
STO093-002712,2025-03-16,A3,P04,62,23,24,6,10.6
STO093-002713,2025-03-16,A1,P05,69,23,0,7,12.8
STO093-002714,2025-03-16,A2,P05,7,20,24,7,12.8
STO093-002715,2025-03-16,A3,P05,61,30,12,7,12.8
STO093-002716,2025-03-17,A1,P06,26,17,24,8,15.0
STO093-002717,2025-03-17, A2 ,P06,70,15,0,8,15.0
STO093-002718,2025-03-17,A3,P06,11,8,0,8,15.0
STO093-002719,2025-03-17,A1,P07,19,27,0,9,17.2
STO093-002720,2025-03-17,A2,P07,52,33,0,9,17.2
STO093-002721,2025-03-17,A3,P07,62,21,0,9,17.2
STO093-002722,2025-03-18,A1,P08,35,17,0,3,19.4
STO093-002723,2025-03-18,A2,P08,62,22,0,3,19.4
STO093-002724,2024-02-30,A3,P08,65,17,0,3,19.4
STO093-002725,2025-03-18,A1,P09,14,18,0,4,21.6
STO093-002726,2025-03-18,A2,P09,23,18,0,4,21.6
STO093-002727,2025-03-18,A3,P09,24,34,0,4,21.6
STO093-002728,2025-03-18,A1,P10,17,49,0,5,23.8
STO093-002729,2025-03-19,A2,P10,3,30,12,5,23.8
STO093-002730,2025-03-19,A3,P10,23,14,0,5,23.8
STO093-002731,2025-03-19,A1,P11,0,28,24,6,26.0
STO093-002732,2025-03-19,A2,P11,63,19,0,6,26.0
STO093-002733,2025-03-19,A3,P11,18,20,0,6,26.0
STO093-002734,2025-03-19,A1,P12,68,32,0,7,28.2
STO093-002735,2025-03-20,A2,P12,35,30,0,7,28.2
STO093-002736,2025-03-20,A3,P12,59,13,0,7,28.2
STO093-002737,2025-03-20,A1,P01,69,7,12,3,4.0
STO093-002738,2025-03-20,A2,P01,36,14,0,3,4.0
STO093-002739,2025-03-20,A3,P01,18,21,12,3,4.0
STO093-002740,2025-03-20,A1,P02,,13,12,4,6.2
STO093-002741,2025-03-21,A2,P02,27,18,24,4,6.2
STO093-002742,2025-03-21,A3,P02,21,13,0,4,6.2
STO093-002743,2025-03-21,A1,P03,30,22,0,5,8.4
STO093-002744,2025-03-21,A2,P03,7,27,12,5,8.4
STO093-002745,2025-03-21,A3,P03,2,13,0,5,8.4
STO093-002746,2025-03-21,A1,P04,14,22,24,6,10.6
STO093-002747,2025-03-22,A2,P04,31,21,12,6,10.6
STO093-002748,2025-03-22,A3,P04,16,2,12,6,10.6
STO093-002749,2025-03-22,A1,P05,35,30,24,7,12.8
STO093-002750,2025-03-22,A2,P05,48,25,24,7,12.8
STO093-002751,2025-03-22,A3,P05,55,27,0,7,12.8
STO093-002752,2025-03-22,A1,P06,8,26,24,8,15.0
STO093-002753,2025-03-23,A2,P06,20,15,24,8,15.0
STO093-002754,2025-03-23,A3,P06,34,17,24,8,15.0
STO093-002755,2025-03-23,A1,P07,45,22,0,9,17.2
STO093-002756,2025-03-23,A2,P07,30,26,0,9,17.2
STO093-002757,2025-03-23,A3,P07,7,17,24,9,17.2
STO093-002758,2025-03-23,A1,P08,6,8,0,3,19.4
STO093-002759,2025-03-24,A2,P08,36,31,12,3,19.4
STO093-002760,2025-03-24,A3,P08,66,19,12,3,19.4
STO093-002761,2025-03-24,A1,P09,67,2,24,4,21.6
STO093-002762,2025-03-24,A2,P09,19,33,24,4,21.6
STO093-002763,2025-03-24,A3,P09,0,12,24,4,21.6
STO093-002764,2025-03-24,A1,P10,7,22,12,5,23.8
STO093-002765,2025-03-24,A2,P10,20,32,12,5,23.8
STO093-002766,2025-03-25,A3,P10,55,36,24,5,23.8
STO093-002767,2025-03-25,A1,P11,12,22,0,6,26.0
STO093-002768,2025-03-25,A2,P11,10,34,12,6,26.0
STO093-002769,2025-03-25,A3,P11,35,15,0,6,26.0
STO093-002770,2025-03-25,A1,P12,55,27,12,7,28.2
STO093-002771,2025-03-25,A2,P12,58,21,12,7,28.2
STO093-002772,2025-03-26,A3,P12,40,32,24,7,28.2
STO093-002773,2025-03-26,A1,P01,24,6,24,3,4.0
STO093-002774,2025-03-26,A2,P01,44,8,0,3,4.0
STO093-002775,2025-03-26,A3,P01,62,6,0,3,4.0
STO093-002776,2025-03-26,A1,P02,37,20,0,4,6.2
STO093-002777,2025-03-26,A2,P02,23,17,24,4,6.2
STO093-002778,2025-03-27,A3,P02,38,9,0,4,6.2
STO093-002779,2025-03-27,A1,P03,28,11,0,5,8.4
STO093-002780,2025-03-27,A2,P03,32,28,0,5,8.4
STO093-002781,2025-03-27,A3,P03,7,17,24,5,8.4
STO093-002782,2025-03-27,A1,P04,57,9,24,6,10.6
STO093-002783,2025-03-27,A2,P04,32,26,24,6,10.6
STO093-002784,2025-03-28,A3,P04,11,19,24,6,10.6
STO093-002785,2025-03-28,A1,P05,16,16,0,7,12.8
STO093-002786,2025-03-28,A2,P05,47,8,24,7,12.8
STO093-002787,2025-03-28,A3,P05,29,21,24,7,12.8
STO093-002788,2025-03-28,A1,P06,70,23,12,8,15.0
STO093-002789,2025-03-28,A2,P06,45,11,12,8,15.0
STO093-002790,2025-03-29,A3,P06,67,32,12,8,15.0
STO093-002791,2025-03-29,A1,P07,24,30,0,9,17.2
STO093-002792,2025-03-29,A2,P07,12,25,0,9,17.2
STO093-002793,2025-03-29,A3,P07,66,22,12,9,17.2
STO093-002794,2025-03-29,A1,P08,60,18,0,3,19.4
STO093-002795,2025-03-29,A2,P08,12,31,0,3,19.4
STO093-002796,2025-03-30,A3,P08,27,17,0,3,19.4
STO093-002797,2025-03-30,A1,P09,40,19,12,4,21.6
STO093-002798,2025-03-30,A2,P09,58,21,0,4,21.6
STO093-002799,2025-03-30,A3,P09,43,16,0,4,21.6
STO093-002800,2025-03-30,A1,P10,42,20,24,5,23.8
STO093-002801,2025-03-30,A2,P10,60,15,0,5,23.8
STO093-002802,2025-03-31,A3,P10,21,25,0,5,23.8
STO093-002803,2025-03-31,A1,P11,54,34,0,6,26.0
STO093-002804,2025-03-31,A2,P11,10,25,24,6,26.0
STO093-002805,2025-03-31,A3,P11,50,22,24,6,26.0
STO093-002806,2025-03-31,A1,P12,0,17,0,7,28.2
STO093-002807,2025-03-31,A2,P12,34,15,24,7,28.2
STO093-002808,2025-03-31,A3,P12,35,22,0,7,28.2
STO093-002809,2025-04-01,A1,P01,62,24,0,3,4.0
STO093-002810,2025-04-01,A2,P01,66,27,0,3,4.0
STO093-002811,2025-04-01,A3,P01,49,12,12,3,4.0
STO093-002812,2025-04-01,A1,P02,20,29,12,4,6.2
STO093-002813,2025-04-01,A2,P02,66,23,0,4,6.2
STO093-002814,2025-04-01, A3 ,P02,62,19,12,4,6.2
STO093-002815,2025-04-02,A1,P03,7,18,24,5,8.4
STO093-002816,2025-04-02,A2,P03,18,16,24,5,8.4
STO093-002817,2025-04-02,A3,P03,48,29,0,5,8.4
STO093-002818,2025-04-02,A1,P04,70,3,0,6,10.6
STO093-002819,2025-04-02,A2,P04,26,16,0,6,10.6
STO093-002820,2025-04-02,A3,P04,38,16,12,6,10.6
STO093-002821,2025-04-03,A1,P05,12,36,24,7,12.8
STO093-002822,2025-04-03,A2,P05,50,25,0,7,12.8
STO093-002823,2025-04-03,A3,P05,,31,12,7,12.8
STO093-002824,2025-04-03,A1,P06,36,19,12,8,15.0
STO093-002825,2025-04-03,A2,P06,70,10,0,8,15.0
STO093-002826,2025-04-03,A3,P06,0,28,24,8,15.0
STO093-002827,2025-04-04,A1,P07,22,28,24,9,17.2
STO093-002828,2025-04-04,A2,P07,52,23,0,9,17.2
STO093-002829,2025-04-04,A3,P07,21,9,0,9,17.2
STO093-002830,2025-04-04,A1,P08,50,8,0,3,19.4
STO093-002831,2025-04-04,A2,P08,63,18,0,3,19.4
STO093-002832,2025-04-04,A3,P08,32,18,12,3,19.4
STO093-002833,2025-04-05,A1,P09,52,34,12,4,21.6
STO093-002834,2025-04-05,A2,P09,70,26,12,4,21.6
STO093-002835,2025-04-05,A3,P09,3,18,12,4,21.6
STO093-002836,2025-04-05,A1,P10,40,38,0,5,23.8
STO093-002837,2025-04-05,A2,P10,34,25,0,5,23.8
STO093-002838,2025-04-05,A3,P10,50,25,12,5,23.8
STO093-002839,2025-04-06,A1,P11,40,37,24,6,26.0
STO093-002840,2025-04-06,A2,P11,4,23,24,6,26.0
STO093-002841,2025-04-06,A3,P11,5,25,12,6,26.0
STO093-002842,2025-04-06,A1,P12,61,23,12,7,28.2
STO093-002843,2025-04-06,A2,P12,65,24,24,7,28.2
STO093-002844,2025-04-06,A3,P12,61,27,24,7,28.2
STO093-002845,2025-04-06,A1,P01,19,11,0,3,4.0
STO093-002846,2025-04-07,A2,P01,8,17,24,3,4.0
STO093-002847,2025-04-07,A3,P01,37,16,24,3,4.0
STO093-002848,2025-04-07,A1,P02,61,23,0,4,6.2
STO093-002849,2025-04-07,A2,P02,10,14,24,4,6.2
STO093-002850,2025-04-07,A3,P02,26,3,0,4,6.2
STO093-002851,2025-04-07,A1,P03,64,24,12,5,8.4
STO093-002852,2025-04-08,A2,P03,6,11,24,5,8.4
STO093-002853,2025-04-08,A3,P03,23,20,0,5,8.4
STO093-002854,2025-04-08,A1,P04,46,11,0,6,10.6
STO093-002855,2025-04-08,A2,P04,9,28,24,6,10.6
STO093-002856,2025-04-08,A3,P04,1,6,12,6,10.6
STO093-002857,2025-04-08,A1,P05,25,26,24,7,12.8
STO093-002858,2025-04-09,A2,P05,31,27,0,7,12.8
STO093-002859,2025-04-09,A3,P05,24,13,24,7,12.8
STO093-002860,2025-04-09,A1,P06,8,23,24,8,15.0
STO093-002861,2025-04-09,A2,P06,61,32,0,8,15.0
STO093-002862,2025-04-09,A3,P06,36,13,0,8,15.0
STO093-002863,2025-04-09,A1,P07,5,28,0,9,17.2
STO093-002864,2025-04-10,A2,P07,62,13,0,9,17.2
STO093-002865,2025-04-10,A3,P07,61,25,24,9,17.2
STO093-002866,2025-04-10,A1,P08,6,14,0,3,19.4
STO093-002867,2025-04-10,A2,P08,44,30,12,3,19.4
STO093-002868,2025-04-10,A3,P08,44,25,0,3,19.4
STO093-002869,2025-04-10,A1,P09,47,23,24,4,21.6
STO093-002870,2025-04-11,A2,P09,45,31,12,4,21.6
STO093-002871,2025-04-11,A3,P09,56,19,0,4,21.6
STO093-002872,2025-04-11,A1,P10,67,15,0,5,23.8
STO093-002873,2025-04-11,A2,P10,31,36,0,5,23.8
STO093-002874,2025-04-11,A3,P10,34,28,12,5,23.8
STO093-002875,2025-04-11,A1,P11,3,25,24,6,26.0
STO093-002876,2025-04-12,A2,P11,31,23,0,6,26.0
STO093-002877,2025-04-12,A3,P11,8,38,24,6,26.0
STO093-002878,2025-04-12,A1,P12,22,36,0,7,28.2
STO093-002879,2025-04-12,A2,P12,41,31,0,7,28.2
STO093-002880,2025-04-12,A3,P12,9,27,24,7,28.2
STO093-002881,2025-04-12,A1,P01,48,15,24,3,4.0
STO093-002882,2025-04-13,A2,P01,33,9,0,3,4.0
STO093-002883,2025-04-13,A3,P01,26,33,12,3,4.0
STO093-002884,2025-04-13,A1,P02,6,8,0,4,6.2
STO093-002885,2025-04-13,A2,P02,56,30,0,4,6.2
STO093-002886,2025-04-13,A3,P02,61,6,0,4,6.2
STO093-002887,2025-04-13,A1,P03,18,11,0,5,8.4
STO093-002888,2025-04-13,A2,P03,45,21,12,5,8.4
STO093-002889,2025-04-14,A3,P03,52,10,0,5,8.4
STO093-002890,2025-04-14,A1,P04,39,17,12,6,10.6
STO093-002891,2025-04-14,A2,P04,62,24,24,6,10.6
STO093-002892,2025-04-14,A3,P04,20,10,0,6,10.6
STO093-002893,2025-04-14,A1,P05,50,38,0,7,12.8
STO093-002894,2025-04-14,A2,P05,39,15,24,7,12.8
STO093-002895,2025-04-15,A3,P05,37,19,24,7,12.8
STO093-002896,2025-04-15,A1,P06,16,21,24,8,15.0
STO093-002897,2025-04-15,A2,P06,48,12,12,8,15.0
STO093-002898,2025-04-15,A3,P06,38,24,24,8,15.0
STO093-002899,2025-04-15,A1,P07,30,24,24,9,17.2
STO093-002900,2025-04-15,A2,P07,11,14,0,9,17.2
STO093-002901,2025-04-16,A3,P07,42,6,24,9,17.2
STO093-002902,2025-04-16,A1,P08,15,31,24,3,19.4
STO093-002903,2025-04-16,A2,P08,44,15,0,3,19.4
STO093-002904,2025-04-16,A3,P08,29,14,24,3,19.4
STO093-002905,2025-04-16,A1,P09,38,7,0,4,21.6
STO093-002906,2025-04-16,A2,P09,,17,0,4,21.6
STO093-002907,2025-04-17,A3,P09,40,25,0,4,21.6
STO093-002908,2025-04-17,A1,P10,40,24,0,5,23.8
STO093-002909,2025-04-17,A2,P10,70,35,0,5,23.8
STO093-002910,2025-04-17,A3,P10,60,24,0,5,23.8
STO093-002911,2025-04-17, A1 ,P11,32,32,0,6,26.0
STO093-002912,2025-04-17,A2,P11,35,37,12,6,26.0
STO093-002913,2025-04-18,A3,P11,64,32,24,6,26.0
STO093-002914,2025-04-18,A1,P12,62,28,24,7,28.2
STO093-002915,2025-04-18,A2,P12,1,25,24,7,28.2
STO093-002916,2025-04-18,A3,P12,67,23,12,7,28.2
STO093-002917,2025-04-18,A1,P01,65,4,12,3,4.0
STO093-002918,2025-04-18,A2,P01,28,4,24,3,4.0
STO093-002919,2025-04-19,A3,P01,54,17,0,3,4.0
STO093-002920,2025-04-19,A1,P02,44,12,0,4,6.2
STO093-002921,2025-04-19,A2,P02,41,15,24,4,6.2
STO093-002922,2025-04-19,A3,P02,62,15,24,4,6.2
STO093-002923,2025-04-19,A1,P03,63,14,24,5,8.4
STO093-002924,2025-04-19,A2,P03,4,8,0,5,8.4
STO093-002925,2025-04-19,A3,P03,5,30,0,5,8.4
STO093-002926,2025-04-20,A1,P04,11,17,12,6,10.6
STO093-002927,2025-04-20,A2,P04,46,13,0,6,10.6
STO093-002928,2025-04-20,A3,P04,17,14,0,6,10.6
STO093-002929,2025-04-20,A1,P05,55,16,12,7,12.8
STO093-002930,2025-04-20,A2,P05,61,5,12,7,12.8
STO093-002931,2025-04-20,A3,P05,57,16,0,7,12.8
STO093-002932,2025-04-21,A1,P06,37,16,12,8,15.0
STO093-002933,2025-04-21,A2,P06,57,21,12,8,15.0
STO093-002934,2025-04-21,A3,P06,21,11,0,8,15.0
STO093-002935,2025-04-21,A1,P07,10,25,0,9,17.2
STO093-002936,2025-04-21,A2,P07,16,31,24,9,17.2
STO093-002937,2025-04-21,A3,P07,28,6,12,9,17.2
STO093-002938,2025-04-22,A1,P08,47,25,24,3,19.4
STO093-002939,2025-04-22,A2,P08,20,25,24,3,19.4
STO093-002940,2025-04-22,A3,P08,3,16,24,3,19.4
STO093-002941,2025-04-22,A1,P09,31,14,12,4,21.6
STO093-002942,2025-04-22,A2,P09,70,32,12,4,21.6
STO093-002943,2025-04-22,A3,P09,29,30,12,4,21.6
STO093-002944,2025-04-23,A1,P10,0,37,0,5,23.8
STO093-002945,2025-04-23,A2,P10,68,21,0,5,23.8
STO093-002946,2025-04-23,A3,P10,19,13,0,5,23.8
STO093-002947,2025-04-23,A1,P11,4,28,0,6,26.0
STO093-002948,2025-04-23,A2,P11,7,17,0,6,26.0
STO093-002949,2025-04-23,A3,P11,2,34,0,6,26.0
STO093-002950,2025-04-24,A1,P12,42,28,0,7,28.2
STO093-002951,2025-04-24,A2,P12,39,15,0,7,28.2
STO093-002952,2025-04-24,A3,P12,62,20,0,7,28.2
STO093-002953,2025-04-24,A1,P01,27,9,0,3,4.0
STO093-002954,2025-04-24,A2,P01,8,9,12,3,4.0
STO093-002955,2025-04-24,A3,P01,26,15,24,3,4.0
STO093-002956,2025-04-25,A1,P02,8,23,12,4,6.2
STO093-002957,2025-04-25,A2,P02,44,6,0,4,6.2
STO093-002958,2025-04-25,A3,P02,28,14,24,4,6.2
STO093-002959,2025-04-25,A1,P03,15,21,12,5,8.4
STO093-002960,2025-04-25,A2,P03,17,32,0,5,8.4
STO093-002961,2025-04-25,A3,P03,11,26,0,5,8.4
STO093-002962,2025-04-25,A1,P04,66,18,0,6,10.6
STO093-002963,2025-04-26,A2,P04,9,32,0,6,10.6
STO093-002964,2025-04-26,A3,P04,20,22,0,6,10.6
STO093-002965,2025-04-26,A1,P05,9,24,0,7,12.8
STO093-002966,2025-04-26,A2,P05,59,20,12,7,12.8
STO093-002967,2025-04-26,A3,P05,47,12,0,7,12.8
STO093-002968,2025-04-26,A1,P06,49,29,0,8,15.0
STO093-002969,2025-04-27,A2,P06,46,21,0,8,15.0
STO093-002970,2025-04-27,A3,P06,63,9,0,8,15.0
STO093-002971,2025-04-27,A1,P07,13,15,0,9,17.2
STO093-002972,2025-04-27,A2,P07,41,22,24,9,17.2
STO093-002973,2025-04-27,A3,P07,6,35,0,9,17.2
STO093-002974,2025-04-27,A1,P08,68,16,0,3,19.4
STO093-002975,2025-04-28,A2,P08,23,23,12,3,19.4
STO093-002976,2025-04-28,A3,P08,15,10,0,3,19.4
STO093-002977,2025-04-28,A1,P09,6,29,0,4,21.6
STO093-002978,2025-04-28,A2,P09,4,30,0,4,21.6
STO093-002979,2025-04-28,A3,P09,45,30,0,4,21.6
STO093-002980,2025-04-28,A1,P10,31,19,24,5,23.8
STO093-002981,2025-04-29,A2,P10,45,16,12,5,23.8
STO093-002982,2025-04-29,A3,P10,22,15,12,5,23.8
STO093-002983,2025-04-29,A1,P11,35,14,0,6,26.0
STO093-002984,2025-04-29,A2,P11,41,35,12,6,26.0
STO093-002985,2025-04-29,A3,P11,37,26,0,6,26.0
STO093-002986,2025-04-29,A1,P12,38,24,0,7,28.2
STO093-002987,2025-04-30,A2,P12,10,28,24,7,28.2
STO093-002988,2025-04-30,A3,P12,69,21,24,7,28.2
STO093-002989,2025-04-30,A1,P01,,7,24,3,4.0
STO093-002990,2025-04-30,A2,P01,0,19,12,3,4.0
STO093-002991,2025-04-30,A3,P01,25,15,24,3,4.0
STO093-002992,2025-04-30,A1,P02,53,20,12,4,6.2
STO093-002993,2025-05-01,A2,P02,17,17,24,4,6.2
STO093-002994,2025-05-01,A3,P02,4,23,0,4,6.2
STO093-002995,2025-05-01,A1,P03,42,28,12,5,8.4
STO093-002996,2025-05-01,A2,P03,51,19,12,5,8.4
STO093-002997,2025-05-01,A3,P03,27,12,12,5,8.4
STO093-002998,2025-05-01,A1,P04,44,21,0,6,10.6
STO093-002999,2025-05-02,A2,P04,68,32,12,6,10.6
STO093-003000,2025-05-02,A3,P04,60,19,0,6,10.6
STO093-003001,2025-05-02,A1,P05,40,14,12,7,12.8
STO093-003002,2025-05-02,A2,P05,64,18,12,7,12.8
STO093-003003,2025-05-02,A3,P05,46,18,0,7,12.8
STO093-003004,2025-05-02,A1,P06,68,28,0,8,15.0
STO093-003005,2025-05-02,A2,P06,2,21,12,8,15.0
STO093-003006,2025-05-03,A3,P06,24,20,12,8,15.0
STO093-003007,2025-05-03,A1,P07,39,23,0,9,17.2
STO093-003008,2025-05-03, A2 ,P07,2,25,24,9,17.2
STO093-003009,2025-05-03,A3,P07,54,32,0,9,17.2
STO093-003010,2025-05-03,A1,P08,16,30,0,3,19.4
STO093-003011,2025-05-03,A2,P08,18,15,0,3,19.4
STO093-003012,2025-05-04,A3,P08,30,24,24,3,19.4
STO093-003013,2025-05-04,A1,P09,49,24,12,4,21.6
STO093-003014,2025-05-04,A2,P09,1,22,0,4,21.6
STO093-003015,2025-05-04,A3,P09,66,17,12,4,21.6
STO093-003016,2025-05-04,A1,P10,40,16,0,5,23.8
STO093-003017,2025-05-04,A2,P10,35,40,0,5,23.8
STO093-003018,2025-05-05,A3,P10,70,3,0,5,23.8
STO093-003019,2025-05-05,A1,P11,62,28,12,6,26.0
STO093-003020,2025-05-05,A2,P11,62,30,0,6,26.0
STO093-003021,2025-05-05,A3,P11,1,20,24,6,26.0
STO093-003022,2025-05-05,A1,P12,19,23,24,7,28.2
STO093-003023,2025-05-05,A2,P12,55,26,24,7,28.2
STO093-003024,2025-05-06,A3,P12,33,29,0,7,28.2
STO093-003025,2025-05-06,A1,P01,50,10,0,3,4.0
STO093-003026,2025-05-06,A2,P01,33,10,24,3,4.0
STO093-003027,2025-05-06,A3,P01,69,15,24,3,4.0
STO093-003028,2025-05-06,A1,P02,49,25,24,4,6.2
STO093-003029,2025-05-06,A2,P02,13,15,0,4,6.2
STO093-003030,2025-05-07,A3,P02,4,20,0,4,6.2
STO093-003031,2025-05-07,A1,P03,66,25,24,5,8.4
STO093-003032,2025-05-07,A2,P03,39,20,0,5,8.4
STO093-003033,2025-05-07,A3,P03,0,26,0,5,8.4
STO093-003034,2025-05-07,A1,P04,62,17,24,6,10.6
STO093-003035,2025-05-07,A2,P04,57,7,0,6,10.6
STO093-003036,2025-05-08,A3,P04,58,16,0,6,10.6
STO093-003037,2025-05-08,A1,P05,43,20,24,7,12.8
STO093-003038,2025-05-08,A2,P05,32,27,0,7,12.8
STO093-003039,2025-05-08,A3,P05,66,4,24,7,12.8
STO093-003040,2025-05-08,A1,P06,55,10,0,8,15.0
STO093-003041,2025-05-08,A2,P06,48,20,24,8,15.0
STO093-003042,2025-05-08,A3,P06,26,8,0,8,15.0
STO093-003043,2025-05-09,A1,P07,1,16,24,9,17.2
STO093-003044,2025-05-09,A2,P07,22,17,24,9,17.2
STO093-003045,2025-05-09,A3,P07,50,19,0,9,17.2
STO093-003046,2025-05-09,A1,P08,11,9,0,3,19.4
STO093-003047,2025-05-09,A2,P08,47,28,24,3,19.4
STO093-003048,2025-05-09,A3,P08,5,17,0,3,19.4
STO093-003049,2025-05-10,A1,P09,63,35,12,4,21.6
STO093-003050,2025-05-10,A2,P09,45,31,24,4,21.6
STO093-003051,2025-05-10,A3,P09,61,27,0,4,21.6
STO093-003052,2025-05-10,A1,P10,15,24,12,5,23.8
STO093-003053,2025-05-10,A2,P10,16,25,24,5,23.8
STO093-003054,2025-05-10,A3,P10,11,15,12,5,23.8
STO093-003055,2025-05-11,A1,P11,31,23,12,6,26.0
STO093-003056,2025-05-11,A2,P11,22,29,24,6,26.0
STO093-003057,2025-05-11,A3,P11,40,29,0,6,26.0
STO093-003058,2025-05-11,A1,P12,43,25,0,7,28.2
STO093-003059,2025-05-11,A2,P12,9,22,0,7,28.2
STO093-003060,2025-05-11,A3,P12,62,35,24,7,28.2
STO093-003061,2025-05-12,A1,P01,41,11,0,3,4.0
STO093-003062,2025-05-12,A2,P01,11,29,12,3,4.0
STO093-003063,2025-05-12,A3,P01,45,12,0,3,4.0
STO093-003064,2025-05-12,A1,P02,13,14,24,4,6.2
STO093-003065,2025-05-12,A2,P02,17,18,0,4,6.2
STO093-003066,2025-05-12,A3,P02,50,12,12,4,6.2
STO093-003067,2025-05-13,A1,P03,7,8,0,5,8.4
STO093-003068,2025-05-13,A2,P03,56,13,0,5,8.4
STO093-003069,2025-05-13,A3,P03,63,13,0,5,8.4
STO093-003070,2025-05-13,A1,P04,59,13,0,6,10.6
STO093-003071,2025-05-13,A2,P04,5,28,0,6,10.6
STO093-003072,2025-05-13,A3,P04,,17,0,6,10.6
STO093-003073,2025-05-14,A1,P05,17,8,24,7,12.8
STO093-003074,2025-05-14,A2,P05,42,12,24,7,12.8
STO093-003075,2025-05-14,A3,P05,27,26,0,7,12.8
STO093-003076,2025-05-14,A1,P06,21,18,24,8,15.0
STO093-003077,2025-05-14,A2,P06,49,9,12,8,15.0
STO093-003078,2025-05-14,A3,P06,65,24,0,8,15.0
STO093-003079,2025-05-15,A1,P07,43,6,0,9,17.2
STO093-003080,2025-05-15,A2,P07,3,28,0,9,17.2
STO093-003081,2025-05-15,A3,P07,49,29,12,9,17.2
STO093-003082,2025-05-15,A1,P08,20,25,0,3,19.4
STO093-003083,2025-05-15,A2,P08,27,10,0,3,19.4
STO093-003084,2025-05-15,A3,P08,24,10,24,3,19.4
STO093-003085,2025-05-15,A1,P09,17,20,12,4,21.6
STO093-003086,2025-05-16,A2,P09,19,22,12,4,21.6
STO093-003087,2025-05-16,A3,P09,10,25,24,4,21.6
STO093-003088,2025-05-16,A1,P10,22,8,12,5,23.8
STO093-003089,2025-05-16,A2,P10,6,19,0,5,23.8
STO093-003090,2025-05-16,A3,P10,43,30,12,5,23.8
STO093-003091,2025-05-16,A1,P11,13,33,24,6,26.0
STO093-003092,2025-05-17,A2,P11,51,10,24,6,26.0
STO093-003093,2025-05-17,A3,P11,1,22,12,6,26.0
STO093-003094,2025-05-17,A1,P12,7,30,12,7,28.2
STO093-003095,2025-05-17,A2,P12,32,17,0,7,28.2
STO093-003096,2025-05-17,A3,P12,54,17,12,7,28.2
STO093-003097,2025-05-17,A1,P01,6,12,24,3,4.0
STO093-003098,2025-05-18,A2,P01,35,13,0,3,4.0
STO093-003099,2025-05-18,A3,P01,66,17,0,3,4.0
STO093-003100,2025-05-18,A1,P02,3,14,0,4,6.2
STO093-003101,2025-05-18,A2,P02,10,22,0,4,6.2
STO093-003102,2025-05-18,A3,P02,67,20,0,4,6.2
STO093-003103,2025-05-18,A1,P03,10,13,24,5,8.4
STO093-003104,2025-05-19,A2,P03,56,21,12,5,8.4
STO093-003105,2025-05-19, A3 ,P03,38,15,0,5,8.4
STO093-003106,2025-05-19,A1,P04,70,23,24,6,10.6
STO093-003107,2025-05-19,A2,P04,62,24,0,6,10.6
STO093-003108,2025-05-19,A3,P04,65,9,0,6,10.6
STO093-003109,2025-05-19,A1,P05,48,13,0,7,12.8
STO093-003110,2025-05-20,A2,P05,17,17,12,7,12.8
STO093-003111,2025-05-20,A3,P05,63,25,12,7,12.8
STO093-003112,2025-05-20,A1,P06,37,24,24,8,15.0
STO093-003113,2024-02-30,A2,P06,9,24,24,8,15.0
STO093-003114,2025-05-20,A3,P06,23,16,0,8,15.0
STO093-003115,2025-05-20,A1,P07,0,36,12,9,17.2
STO093-003116,2025-05-21,A2,P07,26,33,0,9,17.2
STO093-003117,2025-05-21,A3,P07,61,13,0,9,17.2
STO093-003118,2025-05-21,A1,P08,61,27,0,3,19.4
STO093-003119,2025-05-21,A2,P08,47,11,12,3,19.4
STO093-003120,2025-05-21,A3,P08,28,16,0,3,19.4
STO093-003121,2025-05-21,A1,P09,67,28,12,4,21.6
STO093-003122,2025-05-21,A2,P09,14,14,24,4,21.6
STO093-003123,2025-05-22,A3,P09,6,24,0,4,21.6
STO093-003124,2025-05-22,A1,P10,5,35,0,5,23.8
STO093-003125,2025-05-22,A2,P10,23,40,12,5,23.8
STO093-003126,2025-05-22,A3,P10,23,22,0,5,23.8
STO093-003127,2025-05-22,A1,P11,40,39,0,6,26.0
STO093-003128,2025-05-22,A2,P11,58,27,0,6,26.0
STO093-003129,2025-05-23,A3,P11,15,27,12,6,26.0
STO093-003130,2025-05-23,A1,P12,56,23,0,7,28.2
STO093-003131,2025-05-23,A2,P12,42,35,12,7,28.2
STO093-003132,2025-05-23,A3,P12,9,30,0,7,28.2
STO093-003133,2025-05-23,A1,P01,59,1,0,3,4.0
STO093-003134,2025-05-23,A2,P01,54,16,0,3,4.0
STO093-003135,2025-05-24,A3,P01,5,27,24,3,4.0
STO093-003136,2025-05-24,A1,P02,42,29,0,4,6.2
STO093-003137,2025-05-24,A2,P02,19,12,0,4,6.2
STO093-003138,2025-05-24,A3,P02,58,20,0,4,6.2
STO093-003139,2025-05-24,A1,P03,14,9,24,5,8.4
STO093-003140,2025-05-24,A2,P03,52,15,0,5,8.4
STO093-003141,2025-05-25,A3,P03,37,9,24,5,8.4
STO093-003142,2025-05-25,A1,P04,26,22,24,6,10.6
STO093-003143,2025-05-25,A2,P04,29,28,0,6,10.6
STO093-003144,2025-05-25,A3,P04,8,8,0,6,10.6
STO093-003145,2025-05-25,A1,P05,50,6,24,7,12.8
STO093-003146,2025-05-25,A2,P05,15,16,0,7,12.8
STO093-003147,2025-05-26,A3,P05,41,12,0,7,12.8
STO093-003148,2025-05-26,A1,P06,48,34,0,8,15.0
STO093-003149,2025-05-26,A2,P06,10,25,0,8,15.0
STO093-003150,2025-05-26,A3,P06,47,31,24,8,15.0
STO093-003151,2025-05-26,A1,P07,51,25,0,9,17.2
STO093-003152,2025-05-26,A2,P07,36,35,0,9,17.2
STO093-003153,2025-05-27,A3,P07,55,36,12,9,17.2
STO093-003154,2025-05-27,A1,P08,36,25,0,3,19.4
STO093-003155,2025-05-27,A2,P08,,17,24,3,19.4
STO093-003156,2025-05-27,A3,P08,43,10,12,3,19.4
STO093-003157,2025-05-27,A1,P09,68,21,12,4,21.6
STO093-003158,2025-05-27,A2,P09,26,26,0,4,21.6
STO093-003159,2025-05-27,A3,P09,65,31,0,4,21.6
STO093-003160,2025-05-28,A1,P10,30,25,12,5,23.8
STO093-003161,2025-05-28,A2,P10,3,25,24,5,23.8
STO093-003162,2025-05-28,A3,P10,52,22,0,5,23.8
STO093-003163,2025-05-28,A1,P11,45,17,12,6,26.0
STO093-003164,2025-05-28,A2,P11,63,20,24,6,26.0
STO093-003165,2025-05-28,A3,P11,49,23,24,6,26.0
STO093-003166,2025-05-29,A1,P12,44,26,0,7,28.2
STO093-003167,2025-05-29,A2,P12,9,35,0,7,28.2
STO093-003168,2025-05-29,A3,P12,39,12,24,7,28.2
STO093-003169,2025-05-29,A1,P01,30,10,0,3,4.0
STO093-003170,2025-05-29,A2,P01,56,17,24,3,4.0
STO093-003171,2025-05-29,A3,P01,19,10,12,3,4.0
STO093-003172,2025-05-30,A1,P02,33,30,24,4,6.2
STO093-003173,2025-05-30,A2,P02,29,7,0,4,6.2
STO093-003174,2025-05-30,A3,P02,15,18,0,4,6.2
STO093-003175,2025-05-30,A1,P03,22,26,24,5,8.4
STO093-003176,2025-05-30,A2,P03,65,18,0,5,8.4
STO093-003177,2025-05-30,A3,P03,16,8,24,5,8.4
STO093-003178,2025-05-31,A1,P04,12,13,0,6,10.6
STO093-003179,2025-05-31,A2,P04,3,38,24,6,10.6
STO093-003180,2025-05-31,A3,P04,5,13,0,6,10.6
STO093-003181,2025-05-31,A1,P05,8,12,0,7,12.8
STO093-003182,2025-05-31,A2,P05,9,26,0,7,12.8
STO093-003183,2025-05-31,A3,P05,39,14,0,7,12.8
STO093-003184,2025-06-01,A1,P06,3,37,24,8,15.0
STO093-003185,2025-06-01,A2,P06,69,23,0,8,15.0
STO093-003186,2025-06-01,A3,P06,24,38,12,8,15.0
STO093-003187,2025-06-01,A1,P07,45,30,0,9,17.2
STO093-003188,2025-06-01,A2,P07,14,34,12,9,17.2
STO093-003189,2025-06-01,A3,P07,56,29,0,9,17.2
STO093-003190,2025-06-02,A1,P08,35,29,0,3,19.4
STO093-003191,2025-06-02,A2,P08,42,17,12,3,19.4
STO093-003192,2025-06-02,A3,P08,32,22,0,3,19.4
STO093-003193,2025-06-02,A1,P09,19,21,24,4,21.6
STO093-003194,2025-06-02,A2,P09,54,28,0,4,21.6
STO093-003195,2025-06-02,A3,P09,63,36,0,4,21.6
STO093-003196,2025-06-03,A1,P10,64,8,24,5,23.8
STO093-003197,2025-06-03,A2,P10,15,24,24,5,23.8
STO093-003198,2025-06-03,A3,P10,63,23,0,5,23.8
STO093-003199,2025-06-03,A1,P11,54,29,0,6,26.0
STO093-003200,2025-06-03,A2,P11,58,25,0,6,26.0
STO093-003201,2025-06-03,A3,P11,22,19,0,6,26.0
STO093-003202,2025-06-03, A1 ,P12,48,25,12,7,28.2
STO093-003203,2025-06-04,A2,P12,37,26,0,7,28.2
STO093-003204,2025-06-04,A3,P12,49,25,24,7,28.2
STO093-003205,2025-06-04,A1,P01,1,27,12,3,4.0
STO093-003206,2025-06-04,A2,P01,6,14,0,3,4.0
STO093-003207,2025-06-04,A3,P01,13,19,0,3,4.0
STO093-003208,2025-06-04,A1,P02,38,19,0,4,6.2
STO093-003209,2025-06-05,A2,P02,3,22,0,4,6.2
STO093-003210,2025-06-05,A3,P02,19,17,12,4,6.2
STO093-003211,2025-06-05,A1,P03,21,7,12,5,8.4
STO093-003212,2025-06-05,A2,P03,56,10,12,5,8.4
STO093-003213,2025-06-05,A3,P03,61,16,12,5,8.4
STO093-003214,2025-06-05,A1,P04,20,12,12,6,10.6
STO093-003215,2025-06-06,A2,P04,38,7,0,6,10.6
STO093-003216,2025-06-06,A3,P04,29,15,12,6,10.6
STO093-003217,2025-06-06,A1,P05,1,20,24,7,12.8
STO093-003218,2025-06-06,A2,P05,68,32,0,7,12.8
STO093-003219,2025-06-06,A3,P05,18,20,0,7,12.8
STO093-003220,2025-06-06,A1,P06,53,30,0,8,15.0
STO093-003221,2025-06-07,A2,P06,65,36,12,8,15.0
STO093-003222,2025-06-07,A3,P06,24,24,0,8,15.0
STO093-003223,2025-06-07,A1,P07,52,33,24,9,17.2
STO093-003224,2025-06-07,A2,P07,58,27,0,9,17.2
STO093-003225,2025-06-07,A3,P07,60,19,0,9,17.2
STO093-003226,2025-06-07,A1,P08,55,23,24,3,19.4
STO093-003227,2025-06-08,A2,P08,3,16,12,3,19.4
STO093-003228,2025-06-08,A3,P08,25,26,0,3,19.4
STO093-003229,2025-06-08,A1,P09,65,27,0,4,21.6
STO093-003230,2025-06-08,A2,P09,14,44,24,4,21.6
STO093-003231,2025-06-08,A3,P09,58,16,0,4,21.6
STO093-003232,2025-06-08,A1,P10,27,19,24,5,23.8
STO093-003233,2025-06-09,A2,P10,30,20,24,5,23.8
STO093-003234,2025-06-09,A3,P10,70,46,0,5,23.8
STO093-003235,2025-06-09,A1,P11,9,29,0,6,26.0
STO093-003236,2025-06-09,A2,P11,1,10,0,6,26.0
STO093-003237,2025-06-09,A3,P11,38,24,0,6,26.0
STO093-003238,2025-06-09,A1,P12,,23,0,7,28.2
STO093-003239,2025-06-09,A2,P12,46,20,0,7,28.2
STO093-003240,2025-06-10,A3,P12,54,26,12,7,28.2
STO093-003241,2025-06-10,A1,P01,41,7,0,3,4.0
STO093-003242,2025-06-10,A2,P01,24,17,0,3,4.0
STO093-003243,2025-06-10,A3,P01,69,29,24,3,4.0
STO093-003244,2025-06-10,A1,P02,65,23,0,4,6.2
STO093-003245,2025-06-10,A2,P02,34,11,24,4,6.2
STO093-003246,2025-06-11,A3,P02,20,13,0,4,6.2
STO093-003247,2025-06-11,A1,P03,63,11,0,5,8.4
STO093-003248,2025-06-11,A2,P03,56,27,0,5,8.4
STO093-003249,2025-06-11,A3,P03,21,7,24,5,8.4
STO093-003250,2025-06-11,A1,P04,34,9,24,6,10.6
STO093-003251,2025-06-11,A2,P04,1,21,0,6,10.6
STO093-003252,2025-06-12,A3,P04,38,24,12,6,10.6
STO093-003253,2025-06-12,A1,P05,13,15,24,7,12.8
STO093-003254,2025-06-12,A2,P05,51,14,24,7,12.8
STO093-003255,2025-06-12,A3,P05,28,27,0,7,12.8
STO093-003256,2025-06-12,A1,P06,12,23,12,8,15.0
STO093-003257,2025-06-12,A2,P06,3,19,12,8,15.0
STO093-003258,2025-06-13,A3,P06,16,25,0,8,15.0
STO093-003259,2025-06-13,A1,P07,62,20,0,9,17.2
STO093-003260,2025-06-13,A2,P07,18,11,12,9,17.2
STO093-003261,2025-06-13,A3,P07,57,24,12,9,17.2
STO093-003262,2025-06-13,A1,P08,37,30,0,3,19.4
STO093-003263,2025-06-13,A2,P08,8,20,0,3,19.4
STO093-003264,2025-06-14,A3,P08,47,14,0,3,19.4
STO093-003265,2025-06-14,A1,P09,38,19,12,4,21.6
STO093-003266,2025-06-14,A2,P09,5,22,12,4,21.6
STO093-003267,2025-06-14,A3,P09,46,34,24,4,21.6
STO093-003268,2025-06-14,A1,P10,43,27,12,5,23.8
STO093-003269,2025-06-14,A2,P10,31,24,24,5,23.8
STO093-003270,2025-06-15,A3,P10,21,15,24,5,23.8
STO093-003271,2025-06-15,A1,P11,53,11,0,6,26.0
STO093-003272,2025-06-15,A2,P11,68,23,0,6,26.0
STO093-003273,2025-06-15,A3,P11,50,22,0,6,26.0
STO093-003274,2025-06-15,A1,P12,49,39,0,7,28.2
STO093-003275,2025-06-15,A2,P12,10,9,0,7,28.2
STO093-003276,2025-06-16,A3,P12,13,23,0,7,28.2
STO093-003277,2025-06-16,A1,P01,7,25,12,3,4.0
STO093-003278,2025-06-16,A2,P01,20,15,0,3,4.0
STO093-003279,2025-06-16,A3,P01,40,19,24,3,4.0
STO093-003280,2025-06-16,A1,P02,55,24,0,4,6.2
STO093-003281,2025-06-16,A2,P02,44,24,12,4,6.2
STO093-003282,2025-06-16,A3,P02,29,23,0,4,6.2
STO093-003283,2025-06-17,A1,P03,4,32,0,5,8.4
STO093-003284,2025-06-17,A2,P03,49,6,0,5,8.4
STO093-003285,2025-06-17,A3,P03,25,9,12,5,8.4
STO093-003286,2025-06-17,A1,P04,61,7,0,6,10.6
STO093-003287,2025-06-17,A2,P04,41,23,12,6,10.6
STO093-003288,2025-06-17,A3,P04,33,13,12,6,10.6
STO093-003289,2025-06-18,A1,P05,48,8,24,7,12.8
STO093-003290,2025-06-18,A2,P05,48,23,0,7,12.8
STO093-003291,2025-06-18,A3,P05,38,23,0,7,12.8
STO093-003292,2025-06-18,A1,P06,1,28,0,8,15.0
STO093-003293,2025-06-18,A2,P06,31,28,24,8,15.0
STO093-003294,2025-06-18,A3,P06,8,13,24,8,15.0
STO093-003295,2025-06-19,A1,P07,42,26,0,9,17.2
STO093-003296,2025-06-19,A2,P07,13,27,24,9,17.2
STO093-003297,2025-06-19,A3,P07,53,17,12,9,17.2
STO093-003298,2025-06-19,A1,P08,33,18,24,3,19.4
STO093-003299,2025-06-19, A2 ,P08,58,32,12,3,19.4
STO093-003300,2025-06-19,A3,P08,26,11,24,3,19.4
STO093-003301,2025-06-20,A1,P09,39,18,24,4,21.6
STO093-003302,2025-06-20,A2,P09,8,19,12,4,21.6
STO093-003303,2025-06-20,A3,P09,32,25,12,4,21.6
STO093-003304,2025-06-20,A1,P10,13,30,0,5,23.8
STO093-003305,2025-06-20,A2,P10,54,15,0,5,23.8
STO093-003306,2025-06-20,A3,P10,43,43,24,5,23.8
STO093-003307,2025-06-21,A1,P11,51,17,0,6,26.0
STO093-003308,2025-06-21,A2,P11,68,33,12,6,26.0
STO093-003309,2025-06-21,A3,P11,40,33,0,6,26.0
STO093-003310,2025-06-21,A1,P12,21,34,0,7,28.2
STO093-003311,2025-06-21,A2,P12,15,17,0,7,28.2
STO093-003312,2025-06-21,A3,P12,68,34,12,7,28.2
STO093-003313,2025-06-22,A1,P01,2,27,0,3,4.0
STO093-003314,2025-06-22,A2,P01,29,27,12,3,4.0
STO093-003315,2025-06-22,A3,P01,49,17,24,3,4.0
STO093-003316,2025-06-22,A1,P02,58,17,0,4,6.2
STO093-003317,2025-06-22,A2,P02,31,15,12,4,6.2
STO093-003318,2025-06-22,A3,P02,58,12,0,4,6.2
STO093-003319,2025-06-22,A1,P03,51,16,24,5,8.4
STO093-003320,2025-06-23,A2,P03,7,10,24,5,8.4
STO093-003321,2025-06-23,A3,P03,,22,0,5,8.4
STO093-003322,2025-06-23,A1,P04,3,26,12,6,10.6
STO093-003323,2025-06-23,A2,P04,45,25,12,6,10.6
STO093-003324,2025-06-23,A3,P04,8,14,0,6,10.6
STO093-003325,2025-06-23,A1,P05,61,12,0,7,12.8
STO093-003326,2025-06-24,A2,P05,58,7,0,7,12.8
STO093-003327,2025-06-24,A3,P05,66,30,12,7,12.8
STO093-003328,2025-06-24,A1,P06,67,33,0,8,15.0
STO093-003329,2025-06-24,A2,P06,17,16,0,8,15.0
STO093-003330,2025-06-24,A3,P06,1,32,24,8,15.0
STO093-003331,2025-06-24,A1,P07,42,29,24,9,17.2
STO093-003332,2025-06-25,A2,P07,3,26,12,9,17.2
STO093-003333,2025-06-25,A3,P07,57,24,0,9,17.2
STO093-003334,2025-06-25,A1,P08,43,15,0,3,19.4
STO093-003335,2025-06-25,A2,P08,43,14,0,3,19.4
STO093-003336,2025-06-25,A3,P08,36,26,24,3,19.4
STO093-003337,2025-06-25,A1,P09,40,26,12,4,21.6
STO093-003338,2025-06-26,A2,P09,36,23,12,4,21.6
STO093-003339,2025-06-26,A3,P09,19,29,24,4,21.6
STO093-003340,2025-06-26,A1,P10,20,6,24,5,23.8
STO093-003341,2025-06-26,A2,P10,49,14,0,5,23.8
STO093-003342,2025-06-26,A3,P10,15,35,12,5,23.8
STO093-003343,2025-06-26,A1,P11,6,25,24,6,26.0
STO093-003344,2025-06-27,A2,P11,50,31,12,6,26.0
STO093-003345,2025-06-27,A3,P11,3,16,0,6,26.0
STO093-003346,2025-06-27,A1,P12,42,31,0,7,28.2
STO093-003347,2025-06-27,A2,P12,68,26,0,7,28.2
STO093-003348,2025-06-27,A3,P12,60,23,12,7,28.2
STO093-003349,2025-06-27,A1,P01,19,21,0,3,4.0
STO093-003350,2025-06-28,A2,P01,60,14,0,3,4.0
STO093-003351,2025-06-28,A3,P01,59,29,0,3,4.0
STO093-003352,2025-06-28,A1,P02,51,16,0,4,6.2
STO093-003353,2025-06-28,A2,P02,54,5,0,4,6.2
STO093-003354,2025-06-28,A3,P02,43,22,24,4,6.2
STO093-003355,2025-06-28,A1,P03,35,17,24,5,8.4
STO093-003356,2025-06-29,A2,P03,15,12,0,5,8.4
STO093-003357,2025-06-29,A3,P03,18,18,24,5,8.4
STO093-003358,2025-06-29,A1,P04,7,13,24,6,10.6
STO093-003359,2025-06-29,A2,P04,25,21,12,6,10.6
STO093-003360,2025-06-29,A3,P04,64,19,0,6,10.6
STO093-003361,2025-06-29,A1,P05,15,20,24,7,12.8
STO093-003362,2025-06-29,A2,P05,47,11,0,7,12.8
STO093-003363,2025-06-30,A3,P05,27,26,24,7,12.8
STO093-003364,2025-06-30,A1,P06,13,14,0,8,15.0
STO093-003365,2025-06-30,A2,P06,2,19,24,8,15.0
STO093-003366,2025-06-30,A3,P06,7,13,0,8,15.0
STO093-003367,2025-06-30,A1,P07,33,30,0,9,17.2
STO093-003368,2025-06-30,A2,P07,62,15,0,9,17.2
STO093-003369,2025-07-01,A3,P07,52,13,24,9,17.2
STO093-003370,2025-07-01,A1,P08,58,13,12,3,19.4
STO093-003371,2025-07-01,A2,P08,40,15,0,3,19.4
STO093-003372,2025-07-01,A3,P08,20,25,12,3,19.4
STO093-003373,2025-07-01,A1,P09,26,24,0,4,21.6
STO093-003374,2025-07-01,A2,P09,38,33,0,4,21.6
STO093-003375,2025-07-02,A3,P09,13,12,0,4,21.6
STO093-003376,2025-07-02,A1,P10,47,19,0,5,23.8
STO093-003377,2025-07-02,A2,P10,20,21,12,5,23.8
STO093-003378,2025-07-02,A3,P10,26,20,0,5,23.8
STO093-003379,2025-07-02,A1,P11,13,30,12,6,26.0
STO093-003380,2025-07-02,A2,P11,39,33,0,6,26.0
STO093-003381,2025-07-03,A3,P11,19,51,24,6,26.0
STO093-003382,2025-07-03,A1,P12,44,20,24,7,28.2
STO093-003383,2025-07-03,A2,P12,68,31,0,7,28.2
STO093-003384,2025-07-03,A3,P12,67,28,12,7,28.2
STO093-003385,2025-07-03,A1,P01,9,21,12,3,4.0
STO093-003386,2025-07-03,A2,P01,6,29,0,3,4.0
STO093-003387,2025-07-04,A3,P01,26,9,24,3,4.0
STO093-003388,2025-07-04,A1,P02,56,30,0,4,6.2
STO093-003389,2025-07-04,A2,P02,43,9,12,4,6.2
STO093-003390,2025-07-04,A3,P02,20,29,24,4,6.2
STO093-003391,2025-07-04,A1,P03,53,6,24,5,8.4
STO093-003392,2025-07-04,A2,P03,67,18,12,5,8.4
STO093-003393,2025-07-05,A3,P03,23,18,12,5,8.4
STO093-003394,2025-07-05,A1,P04,30,13,12,6,10.6
STO093-003395,2025-07-05,A2,P04,3,16,24,6,10.6
STO093-003396,2025-07-05, A3 ,P04,10,21,0,6,10.6
STO093-003397,2025-07-05,A1,P05,57,36,0,7,12.8
STO093-003398,2025-07-05,A2,P05,5,15,0,7,12.8
STO093-003399,2025-07-05,A3,P05,46,22,12,7,12.8
STO093-003400,2025-07-06,A1,P06,8,21,0,8,15.0
STO093-003401,2025-07-06,A2,P06,33,28,12,8,15.0
STO093-003402,2025-07-06,A3,P06,70,12,24,8,15.0
STO093-003403,2025-07-06,A1,P07,29,15,24,9,17.2
STO093-003404,2025-07-06,A2,P07,,17,0,9,17.2
STO093-003405,2025-07-06,A3,P07,67,21,0,9,17.2
STO093-003406,2025-07-07,A1,P08,65,28,0,3,19.4
STO093-003407,2025-07-07,A2,P08,2,17,12,3,19.4
STO093-003408,2025-07-07,A3,P08,65,19,24,3,19.4
STO093-003409,2025-07-07,A1,P09,68,30,24,4,21.6
STO093-003410,2025-07-07,A2,P09,13,31,0,4,21.6
STO093-003411,2025-07-07,A3,P09,11,36,24,4,21.6
STO093-003412,2025-07-08,A1,P10,59,21,0,5,23.8
STO093-003413,2025-07-08,A2,P10,18,27,0,5,23.8
STO093-003414,2025-07-08,A3,P10,63,19,0,5,23.8
STO093-003415,2025-07-08,A1,P11,58,17,12,6,26.0
STO093-003416,2025-07-08,A2,P11,22,14,0,6,26.0
STO093-003417,2025-07-08,A3,P11,69,26,12,6,26.0
STO093-003418,2025-07-09,A1,P12,49,31,12,7,28.2
STO093-003419,2025-07-09,A2,P12,15,30,24,7,28.2
STO093-003420,2025-07-09,A3,P12,9,23,24,7,28.2
STO093-003421,2025-07-09,A1,P01,38,4,0,3,4.0
STO093-003422,2025-07-09,A2,P01,10,14,0,3,4.0
STO093-003423,2025-07-09,A3,P01,6,20,0,3,4.0
STO093-003424,2025-07-10,A1,P02,66,24,12,4,6.2
STO093-003425,2025-07-10,A2,P02,58,22,12,4,6.2
STO093-003426,2025-07-10,A3,P02,42,28,0,4,6.2
STO093-003427,2025-07-10,A1,P03,30,14,0,5,8.4
STO093-003428,2025-07-10,A2,P03,31,25,24,5,8.4
STO093-003429,2025-07-10,A3,P03,67,22,0,5,8.4
STO093-003430,2025-07-11,A1,P04,27,6,12,6,10.6
STO093-003431,2025-07-11,A2,P04,68,18,12,6,10.6
STO093-003432,2025-07-11,A3,P04,29,21,0,6,10.6
STO093-003433,2025-07-11,A1,P05,67,15,0,7,12.8
STO093-003434,2025-07-11,A2,P05,58,18,0,7,12.8
STO093-003435,2025-07-11,A3,P05,65,15,24,7,12.8
STO093-003436,2025-07-11,A1,P06,11,20,12,8,15.0
STO093-003437,2025-07-12,A2,P06,58,33,0,8,15.0
STO093-003438,2025-07-12,A3,P06,44,17,0,8,15.0
STO093-003439,2025-07-12,A1,P07,60,19,0,9,17.2
STO093-003440,2025-07-12,A2,P07,46,16,0,9,17.2
STO093-003441,2025-07-12,A3,P07,1,14,12,9,17.2
STO093-003442,2025-07-12,A1,P08,27,25,0,3,19.4
STO093-003443,2025-07-13,A2,P08,45,6,0,3,19.4
STO093-003444,2025-07-13,A3,P08,11,19,24,3,19.4
STO093-003445,2025-07-13,A1,P09,38,14,12,4,21.6
STO093-003446,2025-07-13,A2,P09,59,14,12,4,21.6
STO093-003447,2025-07-13,A3,P09,8,20,0,4,21.6
STO093-003448,2025-07-13,A1,P10,56,20,0,5,23.8
STO093-003449,2025-07-14,A2,P10,64,22,0,5,23.8
STO093-003450,2025-07-14,A3,P10,27,22,0,5,23.8
STO093-003451,2025-07-14,A1,P11,42,28,0,6,26.0
STO093-003452,2025-07-14,A2,P11,44,34,12,6,26.0
STO093-003453,2025-07-14,A3,P11,42,23,24,6,26.0
STO093-003454,2025-07-14,A1,P12,23,21,24,7,28.2
STO093-003455,2025-07-15,A2,P12,13,35,24,7,28.2
STO093-003456,2025-07-15,A3,P12,54,26,12,7,28.2
STO093-003457,2025-07-15,A1,P01,15,8,0,3,4.0
STO093-003458,2025-07-15,A2,P01,53,25,24,3,4.0
STO093-003459,2025-07-15,A3,P01,60,25,24,3,4.0
STO093-003460,2025-07-15,A1,P02,32,21,24,4,6.2
STO093-003461,2025-07-16,A2,P02,61,16,0,4,6.2
STO093-003462,2025-07-16,A3,P02,48,15,0,4,6.2
STO093-003463,2025-07-16,A1,P03,19,28,0,5,8.4
STO093-003464,2025-07-16,A2,P03,0,23,12,5,8.4
STO093-003465,2025-07-16,A3,P03,53,7,12,5,8.4
STO093-003466,2025-07-16,A1,P04,61,21,12,6,10.6
STO093-003467,2025-07-17,A2,P04,28,10,0,6,10.6
STO093-003468,2025-07-17,A3,P04,55,11,0,6,10.6
STO093-003469,2025-07-17,A1,P05,15,1,24,7,12.8
STO093-003470,2025-07-17,A2,P05,64,9,24,7,12.8
STO093-003471,2025-07-17,A3,P05,60,30,0,7,12.8
STO093-003472,2025-07-17,A1,P06,11,8,0,8,15.0
STO093-003473,2025-07-18,A2,P06,59,8,0,8,15.0
STO093-003474,2025-07-18,A3,P06,41,45,0,8,15.0
STO093-003475,2025-07-18,A1,P07,58,28,0,9,17.2
STO093-003476,2025-07-18,A2,P07,31,24,12,9,17.2
STO093-003477,2025-07-18,A3,P07,40,13,24,9,17.2
STO093-003478,2025-07-18,A1,P08,12,24,24,3,19.4
STO093-003479,2025-07-18,A2,P08,63,21,0,3,19.4
STO093-003480,2025-07-19,A3,P08,65,33,24,3,19.4
STO093-003481,2025-07-19,A1,P09,65,11,0,4,21.6
STO093-003482,2025-07-19,A2,P09,57,18,0,4,21.6
STO093-003483,2025-07-19,A3,P09,8,21,12,4,21.6
STO093-003484,2025-07-19,A1,P10,8,26,12,5,23.8
STO093-003485,2025-07-19,A2,P10,12,23,24,5,23.8
STO093-003486,2025-07-20,A3,P10,23,9,0,5,23.8
STO093-003487,2025-07-20,A1,P11,,29,12,6,26.0
STO093-003488,2025-07-20,A2,P11,8,24,0,6,26.0
STO093-003489,2025-07-20,A3,P11,9,24,12,6,26.0
STO093-003490,2025-07-20,A1,P12,51,27,24,7,28.2
STO093-003491,2025-07-20,A2,P12,44,26,0,7,28.2
STO093-003492,2025-07-21,A3,P12,51,20,12,7,28.2
STO093-003493,2025-07-21, A1 ,P01,8,23,0,3,4.0
STO093-003494,2025-07-21,A2,P01,26,13,0,3,4.0
STO093-003495,2025-07-21,A3,P01,65,14,12,3,4.0
STO093-003496,2025-07-21,A1,P02,7,11,24,4,6.2
STO093-003497,2025-07-21,A2,P02,49,11,0,4,6.2
STO093-003498,2025-07-22,A3,P02,13,29,0,4,6.2
STO093-003499,2025-07-22,A1,P03,24,7,12,5,8.4
STO093-003500,2025-07-22,A2,P03,33,10,0,5,8.4
STO093-003501,2025-07-22,A3,P03,58,22,24,5,8.4
STO093-003502,2024-02-30,A1,P04,7,0,0,6,10.6
STO093-003503,2025-07-22,A2,P04,61,22,12,6,10.6
STO093-003504,2025-07-23,A3,P04,1,25,0,6,10.6
STO093-003505,2025-07-23,A1,P05,48,14,0,7,12.8
STO093-003506,2025-07-23,A2,P05,5,4,0,7,12.8
STO093-003507,2025-07-23,A3,P05,45,12,0,7,12.8
STO093-003508,2025-07-23,A1,P06,6,12,0,8,15.0
STO093-003509,2025-07-23,A2,P06,46,27,0,8,15.0
STO093-003510,2025-07-24,A3,P06,54,16,12,8,15.0
STO093-003511,2025-07-24,A1,P07,67,43,0,9,17.2
STO093-003512,2025-07-24,A2,P07,43,23,0,9,17.2
STO093-003513,2025-07-24,A3,P07,64,19,24,9,17.2
STO093-003514,2025-07-24,A1,P08,31,19,0,3,19.4
STO093-003515,2025-07-24,A2,P08,14,23,24,3,19.4
STO093-003516,2025-07-24,A3,P08,40,16,24,3,19.4
STO093-003517,2025-07-25,A1,P09,45,24,12,4,21.6
STO093-003518,2025-07-25,A2,P09,33,31,12,4,21.6
STO093-003519,2025-07-25,A3,P09,43,35,0,4,21.6
STO093-003520,2025-07-25,A1,P10,11,26,0,5,23.8
STO093-003521,2025-07-25,A2,P10,46,33,0,5,23.8
STO093-003522,2025-07-25,A3,P10,20,36,0,5,23.8
STO093-003523,2025-07-26,A1,P11,53,23,0,6,26.0
STO093-003524,2025-07-26,A2,P11,31,37,24,6,26.0
STO093-003525,2025-07-26,A3,P11,61,36,0,6,26.0
STO093-003526,2025-07-26,A1,P12,30,39,0,7,28.2
STO093-003527,2025-07-26,A2,P12,1,32,0,7,28.2
STO093-003528,2025-07-26,A3,P12,5,24,0,7,28.2
STO093-003529,2025-07-27,A1,P01,62,19,0,3,4.0
STO093-003530,2025-07-27,A2,P01,37,8,0,3,4.0
STO093-003531,2025-07-27,A3,P01,22,19,0,3,4.0
STO093-003532,2025-07-27,A1,P02,70,4,0,4,6.2
STO093-003533,2025-07-27,A2,P02,67,7,0,4,6.2
STO093-003534,2025-07-27,A3,P02,10,7,12,4,6.2
STO093-003535,2025-07-28,A1,P03,15,27,0,5,8.4
STO093-003536,2025-07-28,A2,P03,51,13,24,5,8.4
STO093-003537,2025-07-28,A3,P03,8,23,0,5,8.4
STO093-003538,2025-07-28,A1,P04,7,17,12,6,10.6
STO093-003539,2025-07-28,A2,P04,65,26,12,6,10.6
STO093-003540,2025-07-28,A3,P04,46,21,24,6,10.6
STO093-003541,2025-07-29,A1,P05,18,15,0,7,12.8
STO093-003542,2025-07-29,A2,P05,58,24,12,7,12.8
STO093-003543,2025-07-29,A3,P05,57,24,0,7,12.8
STO093-003544,2025-07-29,A1,P06,42,14,0,8,15.0
STO093-003545,2025-07-29,A2,P06,34,23,12,8,15.0
STO093-003546,2025-07-29,A3,P06,28,19,0,8,15.0
STO093-003547,2025-07-30,A1,P07,41,32,0,9,17.2
STO093-003548,2025-07-30,A2,P07,7,29,0,9,17.2
STO093-003549,2025-07-30,A3,P07,62,23,0,9,17.2
STO093-003550,2025-07-30,A1,P08,52,16,0,3,19.4
STO093-003551,2025-07-30,A2,P08,34,18,0,3,19.4
STO093-003552,2025-07-30,A3,P08,30,21,24,3,19.4
STO093-003553,2025-07-31,A1,P09,16,22,24,4,21.6
STO093-003554,2025-07-31,A2,P09,21,16,24,4,21.6
STO093-003555,2025-07-31,A3,P09,0,30,0,4,21.6
STO093-003556,2025-07-31,A1,P10,30,16,12,5,23.8
STO093-003557,2025-07-31,A2,P10,62,19,12,5,23.8
STO093-003558,2025-07-31,A3,P10,66,21,0,5,23.8
STO093-003559,2025-07-31,A1,P11,10,15,0,6,26.0
STO093-003560,2025-08-01,A2,P11,21,22,24,6,26.0
STO093-003561,2025-08-01,A3,P11,55,14,24,6,26.0
STO093-003562,2025-08-01,A1,P12,52,12,24,7,28.2
STO093-003563,2025-08-01,A2,P12,58,21,24,7,28.2
STO093-003564,2025-08-01,A3,P12,52,26,24,7,28.2
STO093-003565,2025-08-01,A1,P01,36,16,24,3,4.0
STO093-003566,2025-08-02,A2,P01,47,14,0,3,4.0
STO093-003567,2025-08-02,A3,P01,63,28,24,3,4.0
STO093-003568,2025-08-02,A1,P02,40,4,24,4,6.2
STO093-003569,2025-08-02,A2,P02,64,27,12,4,6.2
STO093-003570,2025-08-02,A3,P02,,12,0,4,6.2
STO093-003571,2025-08-02,A1,P03,55,35,0,5,8.4
STO093-003572,2025-08-03,A2,P03,59,20,24,5,8.4
STO093-003573,2025-08-03,A3,P03,51,20,0,5,8.4
STO093-003574,2025-08-03,A1,P04,21,39,24,6,10.6
STO093-003575,2025-08-03,A2,P04,68,33,0,6,10.6
STO093-003576,2025-08-03,A3,P04,7,18,0,6,10.6
STO093-003577,2025-08-03,A1,P05,0,18,0,7,12.8
STO093-003578,2025-08-04,A2,P05,42,25,12,7,12.8
STO093-003579,2025-08-04,A3,P05,0,15,24,7,12.8
STO093-003580,2025-08-04,A1,P06,7,13,24,8,15.0
STO093-003581,2025-08-04,A2,P06,13,19,12,8,15.0
STO093-003582,2025-08-04,A3,P06,22,13,0,8,15.0
STO093-003583,2025-08-04,A1,P07,25,17,12,9,17.2
STO093-003584,2025-08-05,A2,P07,69,23,0,9,17.2
STO093-003585,2025-08-05,A3,P07,19,20,24,9,17.2
STO093-003586,2025-08-05,A1,P08,50,19,0,3,19.4
STO093-003587,2025-08-05,A2,P08,52,30,24,3,19.4
STO093-003588,2025-08-05,A3,P08,54,30,0,3,19.4
STO093-003589,2025-08-05,A1,P09,29,9,0,4,21.6
STO093-003590,2025-08-06, A2 ,P09,45,25,0,4,21.6
STO093-003591,2025-08-06,A3,P09,53,29,24,4,21.6
STO093-003592,2025-08-06,A1,P10,69,30,24,5,23.8
STO093-003593,2025-08-06,A2,P10,47,31,0,5,23.8
STO093-003594,2025-08-06,A3,P10,24,22,12,5,23.8
STO093-003595,2025-08-06,A1,P11,22,23,24,6,26.0
STO093-003596,2025-08-06,A2,P11,40,22,12,6,26.0
STO093-003597,2025-08-07,A3,P11,0,27,12,6,26.0
STO093-003598,2025-08-07,A1,P12,45,31,24,7,28.2
STO093-003599,2025-08-07,A2,P12,9,15,12,7,28.2
STO093-003600,2025-08-07,A3,P12,66,26,24,7,28.2
STO093-003601,2025-08-07,A1,P01,3,12,24,3,4.0
STO093-003602,2025-08-07,A2,P01,14,38,0,3,4.0
STO093-003603,2025-08-08,A3,P01,44,29,12,3,4.0
STO093-003604,2025-08-08,A1,P02,26,14,24,4,6.2
STO093-003605,2025-08-08,A2,P02,25,19,12,4,6.2
STO093-003606,2025-08-08,A3,P02,26,5,0,4,6.2
STO093-003607,2025-08-08,A1,P03,69,16,0,5,8.4
STO093-003608,2025-08-08,A2,P03,23,11,24,5,8.4
STO093-003609,2025-08-09,A3,P03,33,7,0,5,8.4
STO093-003610,2025-08-09,A1,P04,51,17,12,6,10.6
STO093-003611,2025-08-09,A2,P04,16,14,0,6,10.6
STO093-003612,2025-08-09,A3,P04,46,23,24,6,10.6
STO093-003613,2025-08-09,A1,P05,42,18,24,7,12.8
STO093-003614,2025-08-09,A2,P05,14,25,0,7,12.8
STO093-003615,2025-08-10,A3,P05,9,28,0,7,12.8
STO093-003616,2025-08-10,A1,P06,1,20,12,8,15.0
STO093-003617,2025-08-10,A2,P06,10,3,0,8,15.0
STO093-003618,2025-08-10,A3,P06,50,23,0,8,15.0
STO093-003619,2025-08-10,A1,P07,16,30,0,9,17.2
STO093-003620,2025-08-10,A2,P07,57,16,0,9,17.2
STO093-003621,2025-08-11,A3,P07,68,18,12,9,17.2
STO093-003622,2025-08-11,A1,P08,59,14,12,3,19.4
STO093-003623,2025-08-11,A2,P08,0,13,0,3,19.4
STO093-003624,2025-08-11,A3,P08,46,21,0,3,19.4
STO093-003625,2025-08-11,A1,P09,16,15,24,4,21.6
STO093-003626,2025-08-11,A2,P09,20,31,12,4,21.6
STO093-003627,2025-08-12,A3,P09,7,28,12,4,21.6
STO093-003628,2025-08-12,A1,P10,0,24,0,5,23.8
STO093-003629,2025-08-12,A2,P10,38,39,12,5,23.8
STO093-003630,2025-08-12,A3,P10,8,35,24,5,23.8
STO093-003631,2025-08-12,A1,P11,54,32,0,6,26.0
STO093-003632,2025-08-12,A2,P11,51,10,24,6,26.0
STO093-003633,2025-08-12,A3,P11,29,27,0,6,26.0
STO093-003634,2025-08-13,A1,P12,55,26,12,7,28.2
STO093-003635,2025-08-13,A2,P12,48,31,0,7,28.2
STO093-003636,2025-08-13,A3,P12,23,44,24,7,28.2
STO093-003637,2025-08-13,A1,P01,55,7,12,3,4.0
STO093-003638,2025-08-13,A2,P01,66,7,12,3,4.0
STO093-003639,2025-08-13,A3,P01,42,11,0,3,4.0
STO093-003640,2025-08-14,A1,P02,61,13,0,4,6.2
STO093-003641,2025-08-14,A2,P02,9,22,0,4,6.2
STO093-003642,2025-08-14,A3,P02,36,14,24,4,6.2
STO093-003643,2025-08-14,A1,P03,4,18,24,5,8.4
STO093-003644,2025-08-14,A2,P03,9,12,12,5,8.4
STO093-003645,2025-08-14,A3,P03,70,16,0,5,8.4
STO093-003646,2025-08-15,A1,P04,54,18,0,6,10.6
STO093-003647,2025-08-15,A2,P04,22,11,24,6,10.6
STO093-003648,2025-08-15,A3,P04,52,26,12,6,10.6
STO093-003649,2025-08-15,A1,P05,56,31,0,7,12.8
STO093-003650,2025-08-15,A2,P05,42,16,0,7,12.8
STO093-003651,2025-08-15,A3,P05,57,21,0,7,12.8
STO093-003652,2025-08-16,A1,P06,37,19,0,8,15.0
STO093-003653,2025-08-16,A2,P06,,21,12,8,15.0
STO093-003654,2025-08-16,A3,P06,40,27,24,8,15.0
STO093-003655,2025-08-16,A1,P07,34,14,12,9,17.2
STO093-003656,2025-08-16,A2,P07,20,11,0,9,17.2
STO093-003657,2025-08-16,A3,P07,57,22,0,9,17.2
STO093-003658,2025-08-17,A1,P08,14,12,0,3,19.4
STO093-003659,2025-08-17,A2,P08,44,15,0,3,19.4
STO093-003660,2025-08-17,A3,P08,24,14,24,3,19.4
STO093-003661,2025-08-17,A1,P09,24,31,0,4,21.6
STO093-003662,2025-08-17,A2,P09,64,29,0,4,21.6
STO093-003663,2025-08-17,A3,P09,38,22,0,4,21.6
STO093-003664,2025-08-18,A1,P10,59,22,0,5,23.8
STO093-003665,2025-08-18,A2,P10,48,15,12,5,23.8
STO093-003666,2025-08-18,A3,P10,38,33,0,5,23.8
STO093-003667,2025-08-18,A1,P11,6,23,0,6,26.0
STO093-003668,2025-08-18,A2,P11,60,29,0,6,26.0
STO093-003669,2025-08-18,A3,P11,24,29,12,6,26.0
STO093-003670,2025-08-19,A1,P12,42,25,12,7,28.2
STO093-003671,2025-08-19,A2,P12,43,19,24,7,28.2
STO093-003672,2025-08-19,A3,P12,55,12,0,7,28.2
STO093-003673,2025-08-19,A1,P01,41,23,0,3,4.0
STO093-003674,2025-08-19,A2,P01,26,20,24,3,4.0
STO093-003675,2025-08-19,A3,P01,11,13,0,3,4.0
STO093-003676,2025-08-19,A1,P02,42,14,24,4,6.2
STO093-003677,2025-08-20,A2,P02,47,17,0,4,6.2
STO093-003678,2025-08-20,A3,P02,58,23,0,4,6.2
STO093-003679,2025-08-20,A1,P03,17,22,0,5,8.4
STO093-003680,2025-08-20,A2,P03,24,19,12,5,8.4
STO093-003681,2025-08-20,A3,P03,43,13,12,5,8.4
STO093-003682,2025-08-20,A1,P04,65,11,0,6,10.6
STO093-003683,2025-08-21,A2,P04,45,5,0,6,10.6
STO093-003684,2025-08-21,A3,P04,13,25,0,6,10.6
STO093-003685,2025-08-21,A1,P05,21,24,0,7,12.8
STO093-003686,2025-08-21,A2,P05,59,18,24,7,12.8
STO093-003687,2025-08-21, A3 ,P05,65,9,24,7,12.8
STO093-003688,2025-08-21,A1,P06,27,25,24,8,15.0
STO093-003689,2025-08-22,A2,P06,57,9,24,8,15.0
STO093-003690,2025-08-22,A3,P06,3,13,0,8,15.0
STO093-003691,2025-08-22,A1,P07,56,21,0,9,17.2
STO093-003692,2025-08-22,A2,P07,15,16,0,9,17.2
STO093-003693,2025-08-22,A3,P07,59,16,0,9,17.2
STO093-003694,2025-08-22,A1,P08,9,11,0,3,19.4
STO093-003695,2025-08-23,A2,P08,32,25,24,3,19.4
STO093-003696,2025-08-23,A3,P08,26,35,12,3,19.4
STO093-003697,2025-08-23,A1,P09,7,36,12,4,21.6
STO093-003698,2025-08-23,A2,P09,43,14,12,4,21.6
STO093-003699,2025-08-23,A3,P09,9,25,12,4,21.6
STO093-003700,2025-08-23,A1,P10,26,31,12,5,23.8
STO093-003701,2025-08-24,A2,P10,58,29,0,5,23.8
STO093-003702,2025-08-24,A3,P10,67,19,12,5,23.8
STO093-003703,2025-08-24,A1,P11,35,18,0,6,26.0
STO093-003704,2025-08-24,A2,P11,25,28,0,6,26.0
STO093-003705,2025-08-24,A3,P11,36,6,12,6,26.0
STO093-003706,2025-08-24,A1,P12,11,21,0,7,28.2
STO093-003707,2025-08-25,A2,P12,45,15,24,7,28.2
STO093-003708,2025-08-25,A3,P12,63,22,24,7,28.2
STO093-003709,2025-08-25,A1,P01,5,0,24,3,4.0
STO093-003710,2025-08-25,A2,P01,14,12,24,3,4.0
STO093-003711,2025-08-25,A3,P01,11,18,0,3,4.0
STO093-003712,2025-08-25,A1,P02,28,21,12,4,6.2
STO093-003713,2025-08-25,A2,P02,7,19,0,4,6.2
STO093-003714,2025-08-26,A3,P02,69,15,24,4,6.2
STO093-003715,2025-08-26,A1,P03,49,23,0,5,8.4
STO093-003716,2025-08-26,A2,P03,32,17,0,5,8.4
STO093-003717,2025-08-26,A3,P03,2,24,12,5,8.4
STO093-003718,2025-08-26,A1,P04,46,25,0,6,10.6
STO093-003719,2025-08-26,A2,P04,17,18,0,6,10.6
STO093-003720,2025-08-27,A3,P04,40,20,12,6,10.6
STO093-003721,2025-08-27,A1,P05,48,31,0,7,12.8
STO093-003722,2025-08-27,A2,P05,45,23,0,7,12.8
STO093-003723,2025-08-27,A3,P05,17,27,0,7,12.8
STO093-003724,2025-08-27,A1,P06,13,11,0,8,15.0
STO093-003725,2025-08-27,A2,P06,59,15,24,8,15.0
STO093-003726,2025-08-28,A3,P06,19,16,0,8,15.0
STO093-003727,2025-08-28,A1,P07,53,28,0,9,17.2
STO093-003728,2025-08-28,A2,P07,46,29,0,9,17.2
STO093-003729,2025-08-28,A3,P07,18,30,0,9,17.2
STO093-003730,2025-08-28,A1,P08,0,32,12,3,19.4
STO093-003731,2025-08-28,A2,P08,4,12,0,3,19.4
STO093-003732,2025-08-29,A3,P08,41,32,12,3,19.4
STO093-003733,2025-08-29,A1,P09,34,23,24,4,21.6
STO093-003734,2025-08-29,A2,P09,41,22,0,4,21.6
STO093-003735,2025-08-29,A3,P09,36,25,24,4,21.6
STO093-003736,2025-08-29,A1,P10,,37,12,5,23.8
STO093-003737,2025-08-29,A2,P10,26,35,0,5,23.8
STO093-003738,2025-08-30,A3,P10,48,22,24,5,23.8
STO093-003739,2025-08-30,A1,P11,22,25,0,6,26.0
STO093-003740,2025-08-30,A2,P11,66,18,24,6,26.0
STO093-003741,2025-08-30,A3,P11,42,12,0,6,26.0
STO093-003742,2025-08-30,A1,P12,29,22,12,7,28.2
STO093-003743,2025-08-30,A2,P12,41,24,0,7,28.2
STO093-003744,2025-08-31,A3,P12,9,23,12,7,28.2
STO093-003745,2025-08-31,A1,P01,17,17,0,3,4.0
STO093-003746,2025-08-31,A2,P01,12,13,24,3,4.0
STO093-003747,2025-08-31,A3,P01,62,14,0,3,4.0
STO093-003748,2025-08-31,A1,P02,6,6,24,4,6.2
STO093-003749,2025-08-31,A2,P02,38,7,12,4,6.2
STO093-003750,2025-09-01,A3,P02,6,13,12,4,6.2
STO093-003751,2025-09-01,A1,P03,50,20,0,5,8.4
STO093-003752,2025-09-01,A2,P03,10,24,12,5,8.4
STO093-003753,2025-09-01,A3,P03,55,7,0,5,8.4
STO093-003754,2025-09-01,A1,P04,47,22,0,6,10.6
STO093-003755,2025-09-01,A2,P04,66,7,0,6,10.6
STO093-003756,2025-09-01,A3,P04,66,28,12,6,10.6
STO093-003757,2025-09-02,A1,P05,37,19,0,7,12.8
STO093-003758,2025-09-02,A2,P05,25,8,0,7,12.8
STO093-003759,2025-09-02,A3,P05,52,35,0,7,12.8
STO093-003760,2025-09-02,A1,P06,20,13,24,8,15.0
STO093-003761,2025-09-02,A2,P06,8,16,24,8,15.0
STO093-003762,2025-09-02,A3,P06,22,27,0,8,15.0
STO093-003763,2025-09-03,A1,P07,35,29,0,9,17.2
STO093-003764,2025-09-03,A2,P07,20,6,0,9,17.2
STO093-003765,2025-09-03,A3,P07,65,19,24,9,17.2
STO093-003766,2025-09-03,A1,P08,29,32,0,3,19.4
STO093-003767,2025-09-03,A2,P08,45,29,24,3,19.4
STO093-003768,2025-09-03,A3,P08,44,18,0,3,19.4
STO093-003769,2025-09-04,A1,P09,64,21,0,4,21.6
STO093-003770,2025-09-04,A2,P09,30,9,0,4,21.6
STO093-003771,2025-09-04,A3,P09,65,17,12,4,21.6
STO093-003772,2025-09-04,A1,P10,58,19,12,5,23.8
STO093-003773,2025-09-04,A2,P10,18,41,0,5,23.8
STO093-003774,2025-09-04,A3,P10,69,27,24,5,23.8
STO093-003775,2025-09-05,A1,P11,25,25,0,6,26.0
STO093-003776,2025-09-05,A2,P11,68,23,0,6,26.0
STO093-003777,2025-09-05,A3,P11,51,14,0,6,26.0
STO093-003778,2025-09-05,A1,P12,32,32,0,7,28.2
STO093-003779,2025-09-05,A2,P12,63,30,24,7,28.2
STO093-003780,2025-09-05,A3,P12,38,27,0,7,28.2
STO093-003781,2025-09-06,A1,P01,30,19,0,3,4.0
STO093-003782,2025-09-06,A2,P01,59,15,0,3,4.0
STO093-003783,2025-09-06,A3,P01,43,2,0,3,4.0
STO093-003784,2025-09-06, A1 ,P02,1,25,12,4,6.2
STO093-003785,2025-09-06,A2,P02,22,13,24,4,6.2
STO093-003786,2025-09-06,A3,P02,38,15,0,4,6.2
STO093-003787,2025-09-07,A1,P03,42,13,24,5,8.4
STO093-003788,2025-09-07,A2,P03,52,22,24,5,8.4
STO093-003789,2025-09-07,A3,P03,13,16,24,5,8.4
STO093-003790,2025-09-07,A1,P04,14,3,0,6,10.6
STO093-003791,2025-09-07,A2,P04,4,16,0,6,10.6
STO093-003792,2025-09-07,A3,P04,43,19,0,6,10.6
STO093-003793,2025-09-07,A1,P05,45,7,12,7,12.8
STO093-003794,2025-09-08,A2,P05,63,30,24,7,12.8
STO093-003795,2025-09-08,A3,P05,69,13,0,7,12.8
STO093-003796,2025-09-08,A1,P06,47,19,24,8,15.0
STO093-003797,2025-09-08,A2,P06,58,2,12,8,15.0
STO093-003798,2025-09-08,A3,P06,65,18,24,8,15.0
STO093-003799,2025-09-08,A1,P07,46,10,0,9,17.2
STO093-003800,2025-09-09,A2,P07,38,33,0,9,17.2
STO093-003801,2025-09-09,A3,P07,31,23,0,9,17.2
STO093-003802,2025-09-09,A1,P08,53,17,12,3,19.4
STO093-003803,2025-09-09,A2,P08,20,19,0,3,19.4
STO093-003804,2025-09-09,A3,P08,5,18,12,3,19.4
STO093-003805,2025-09-09,A1,P09,65,32,12,4,21.6
STO093-003806,2025-09-10,A2,P09,54,21,0,4,21.6
STO093-003807,2025-09-10,A3,P09,2,33,0,4,21.6
STO093-003808,2025-09-10,A1,P10,37,28,0,5,23.8
STO093-003809,2025-09-10,A2,P10,2,19,24,5,23.8
STO093-003810,2025-09-10,A3,P10,62,20,12,5,23.8
STO093-003811,2025-09-10,A1,P11,61,21,24,6,26.0
STO093-003812,2025-09-11,A2,P11,24,25,12,6,26.0
STO093-003813,2025-09-11,A3,P11,49,25,12,6,26.0
STO093-003814,2025-09-11,A1,P12,30,32,12,7,28.2
STO093-003815,2025-09-11,A2,P12,4,40,0,7,28.2
STO093-003816,2025-09-11,A3,P12,68,21,0,7,28.2
STO093-003817,2025-09-11,A1,P01,10,0,0,3,4.0
STO093-003818,2025-09-12,A2,P01,19,9,12,3,4.0
STO093-003819,2025-09-12,A3,P01,,25,0,3,4.0
STO093-003820,2025-09-12,A1,P02,17,4,12,4,6.2
STO093-003821,2025-09-12,A2,P02,70,8,0,4,6.2
STO093-003822,2025-09-12,A3,P02,37,11,24,4,6.2
STO093-003823,2025-09-12,A1,P03,56,7,24,5,8.4
STO093-003824,2025-09-13,A2,P03,27,24,24,5,8.4
STO093-003825,2025-09-13,A3,P03,53,13,24,5,8.4
STO093-003826,2025-09-13,A1,P04,23,23,0,6,10.6
STO093-003827,2025-09-13,A2,P04,8,11,0,6,10.6
STO093-003828,2025-09-13,A3,P04,4,17,0,6,10.6
STO093-003829,2025-09-13,A1,P05,34,11,0,7,12.8
STO093-003830,2025-09-13,A2,P05,19,19,0,7,12.8
STO093-003831,2025-09-14,A3,P05,70,19,12,7,12.8
STO093-003832,2025-09-14,A1,P06,30,32,24,8,15.0
STO093-003833,2025-09-14,A2,P06,12,21,0,8,15.0
STO093-003834,2025-09-14,A3,P06,58,19,0,8,15.0
STO093-003835,2025-09-14,A1,P07,56,22,12,9,17.2
STO093-003836,2025-09-14,A2,P07,53,8,0,9,17.2
STO093-003837,2025-09-15,A3,P07,22,17,0,9,17.2
STO093-003838,2025-09-15,A1,P08,53,16,0,3,19.4
STO093-003839,2025-09-15,A2,P08,59,26,12,3,19.4
STO093-003840,2025-09-15,A3,P08,52,19,12,3,19.4
STO093-003841,2025-09-15,A1,P09,64,5,0,4,21.6
STO093-003842,2025-09-15,A2,P09,48,27,24,4,21.6
STO093-003843,2025-09-16,A3,P09,51,36,12,4,21.6
STO093-003844,2025-09-16,A1,P10,10,40,0,5,23.8
STO093-003845,2025-09-16,A2,P10,49,21,0,5,23.8
STO093-003846,2025-09-16,A3,P10,1,25,0,5,23.8
STO093-003847,2025-09-16,A1,P11,17,34,24,6,26.0
STO093-003848,2025-09-16,A2,P11,35,23,24,6,26.0
STO093-003849,2025-09-17,A3,P11,5,27,0,6,26.0
STO093-003850,2025-09-17,A1,P12,20,31,24,7,28.2
STO093-003851,2025-09-17,A2,P12,25,14,24,7,28.2
STO093-003852,2025-09-17,A3,P12,9,34,12,7,28.2
STO093-003853,2025-09-17,A1,P01,41,13,0,3,4.0
STO093-003854,2025-09-17,A2,P01,5,12,0,3,4.0
STO093-003855,2025-09-18,A3,P01,48,8,24,3,4.0
STO093-003856,2025-09-18,A1,P02,59,22,24,4,6.2
STO093-003857,2025-09-18,A2,P02,67,30,0,4,6.2
STO093-003858,2025-09-18,A3,P02,17,18,12,4,6.2
STO093-003859,2025-09-18,A1,P03,30,25,0,5,8.4
STO093-003860,2025-09-18,A2,P03,18,3,24,5,8.4
STO093-003861,2025-09-19,A3,P03,7,18,0,5,8.4
STO093-003862,2025-09-19,A1,P04,50,34,24,6,10.6
STO093-003863,2025-09-19,A2,P04,25,15,24,6,10.6
STO093-003864,2025-09-19,A3,P04,62,12,0,6,10.6
STO093-003865,2025-09-19,A1,P05,39,26,0,7,12.8
STO093-003866,2025-09-19,A2,P05,70,8,12,7,12.8
STO093-003867,2025-09-20,A3,P05,66,30,0,7,12.8
STO093-003868,2025-09-20,A1,P06,19,11,12,8,15.0
STO093-003869,2025-09-20,A2,P06,0,36,24,8,15.0
STO093-003870,2025-09-20,A3,P06,16,21,12,8,15.0
STO093-003871,2025-09-20,A1,P07,4,10,24,9,17.2
STO093-003872,2025-09-20,A2,P07,47,12,12,9,17.2
STO093-003873,2025-09-20,A3,P07,51,29,12,9,17.2
STO093-003874,2025-09-21,A1,P08,20,11,0,3,19.4
STO093-003875,2025-09-21,A2,P08,32,32,0,3,19.4
STO093-003876,2025-09-21,A3,P08,23,32,24,3,19.4
STO093-003877,2025-09-21,A1,P09,61,28,0,4,21.6
STO093-003878,2025-09-21,A2,P09,57,25,0,4,21.6
STO093-003879,2025-09-21,A3,P09,28,17,24,4,21.6
STO093-003880,2025-09-22,A1,P10,62,28,24,5,23.8
STO093-003881,2025-09-22, A2 ,P10,41,20,0,5,23.8
STO093-003882,2025-09-22,A3,P10,52,5,12,5,23.8
STO093-003883,2025-09-22,A1,P11,61,26,0,6,26.0
STO093-003884,2025-09-22,A2,P11,68,20,0,6,26.0
STO093-003885,2025-09-22,A3,P11,43,27,12,6,26.0
STO093-003886,2025-09-23,A1,P12,1,27,24,7,28.2
STO093-003887,2025-09-23,A2,P12,47,40,12,7,28.2
STO093-003888,2025-09-23,A3,P12,57,25,12,7,28.2
STO093-003889,2025-09-23,A1,P01,36,14,12,3,4.0
STO093-003890,2025-09-23,A2,P01,61,20,12,3,4.0
STO093-003891,2024-02-30,A3,P01,1,16,24,3,4.0
STO093-003892,2025-09-24,A1,P02,49,15,24,4,6.2
STO093-003893,2025-09-24,A2,P02,6,28,24,4,6.2
STO093-003894,2025-09-24,A3,P02,53,14,12,4,6.2
STO093-003895,2025-09-24,A1,P03,18,9,24,5,8.4
STO093-003896,2025-09-24,A2,P03,57,15,12,5,8.4
STO093-003897,2025-09-24,A3,P03,24,10,24,5,8.4
STO093-003898,2025-09-25,A1,P04,49,17,12,6,10.6
STO093-003899,2025-09-25,A2,P04,41,11,12,6,10.6
STO093-003900,2025-09-25,A3,P04,67,18,12,6,10.6
STO093-003901,2025-09-25,A1,P05,21,15,24,7,12.8
STO093-003902,2025-09-25,A2,P05,,12,0,7,12.8
STO093-003903,2025-09-25,A3,P05,63,31,24,7,12.8
STO093-003904,2025-09-26,A1,P06,22,31,12,8,15.0
STO093-003905,2025-09-26,A2,P06,59,23,0,8,15.0
STO093-003906,2025-09-26,A3,P06,68,20,0,8,15.0
STO093-003907,2025-09-26,A1,P07,3,22,0,9,17.2
STO093-003908,2025-09-26,A2,P07,11,17,12,9,17.2
STO093-003909,2025-09-26,A3,P07,3,22,24,9,17.2
STO093-003910,2025-09-26,A1,P08,16,15,0,3,19.4
STO093-003911,2025-09-27,A2,P08,35,21,12,3,19.4
STO093-003912,2025-09-27,A3,P08,66,28,0,3,19.4
STO093-003913,2025-09-27,A1,P09,54,19,0,4,21.6
STO093-003914,2025-09-27,A2,P09,56,28,24,4,21.6
STO093-003915,2025-09-27,A3,P09,43,21,0,4,21.6
STO093-003916,2025-09-27,A1,P10,51,31,12,5,23.8
STO093-003917,2025-09-28,A2,P10,60,27,0,5,23.8
STO093-003918,2025-09-28,A3,P10,35,12,0,5,23.8
STO093-003919,2025-09-28,A1,P11,55,29,12,6,26.0
STO093-003920,2025-09-28,A2,P11,39,18,12,6,26.0
STO093-003921,2025-09-28,A3,P11,13,36,24,6,26.0
STO093-003922,2025-09-28,A1,P12,49,23,12,7,28.2
STO093-003923,2025-09-29,A2,P12,49,14,24,7,28.2
STO093-003924,2025-09-29,A3,P12,15,24,0,7,28.2
STO093-003925,2025-09-29,A1,P01,41,11,0,3,4.0
STO093-003926,2025-09-29,A2,P01,17,13,24,3,4.0
STO093-003927,2025-09-29,A3,P01,36,20,0,3,4.0
STO093-003928,2025-09-29,A1,P02,36,27,24,4,6.2
STO093-003929,2025-09-30,A2,P02,62,11,0,4,6.2
STO093-003930,2025-09-30,A3,P02,5,26,0,4,6.2
STO093-003931,2025-09-30,A1,P03,34,13,0,5,8.4
STO093-003932,2025-09-30,A2,P03,12,12,0,5,8.4
STO093-003933,2025-09-30,A3,P03,30,18,0,5,8.4
STO093-003934,2025-09-30,A1,P04,13,13,0,6,10.6
STO093-003935,2025-10-01,A2,P04,69,27,0,6,10.6
STO093-003936,2025-10-01,A3,P04,33,28,24,6,10.6
STO093-003937,2025-10-01,A1,P05,41,40,12,7,12.8
STO093-003938,2025-10-01,A2,P05,16,31,0,7,12.8
STO093-003939,2025-10-01,A3,P05,53,26,0,7,12.8
STO093-003940,2025-10-01,A1,P06,66,16,12,8,15.0
STO093-003941,2025-10-02,A2,P06,14,21,12,8,15.0
STO093-003942,2025-10-02,A3,P06,11,36,24,8,15.0
STO093-003943,2025-10-02,A1,P07,22,20,0,9,17.2
STO093-003944,2025-10-02,A2,P07,55,24,12,9,17.2
STO093-003945,2025-10-02,A3,P07,20,5,24,9,17.2
STO093-003946,2025-10-02,A1,P08,7,17,12,3,19.4
STO093-003947,2025-10-03,A2,P08,42,25,12,3,19.4
STO093-003948,2025-10-03,A3,P08,59,23,0,3,19.4
STO093-003949,2025-10-03,A1,P09,4,29,0,4,21.6
STO093-003950,2025-10-03,A2,P09,65,17,0,4,21.6
STO093-003951,2025-10-03,A3,P09,62,6,0,4,21.6
STO093-003952,2025-10-03,A1,P10,9,6,0,5,23.8
STO093-003953,2025-10-03,A2,P10,29,23,24,5,23.8
STO093-003954,2025-10-04,A3,P10,6,18,12,5,23.8
STO093-003955,2025-10-04,A1,P11,13,25,12,6,26.0
STO093-003956,2025-10-04,A2,P11,34,16,0,6,26.0
STO093-003957,2025-10-04,A3,P11,53,36,0,6,26.0
STO093-003958,2025-10-04,A1,P12,46,18,0,7,28.2
STO093-003959,2025-10-04,A2,P12,52,35,24,7,28.2
STO093-003960,2025-10-05,A3,P12,22,21,0,7,28.2
STO093-003961,2025-10-05,A1,P01,5,8,24,3,4.0
STO093-003962,2025-10-05,A2,P01,15,21,24,3,4.0
STO093-003963,2025-10-05,A3,P01,7,21,0,3,4.0
STO093-003964,2025-10-05,A1,P02,49,32,12,4,6.2
STO093-003965,2025-10-05,A2,P02,37,17,24,4,6.2
STO093-003966,2025-10-06,A3,P02,26,31,12,4,6.2
STO093-003967,2025-10-06,A1,P03,37,28,0,5,8.4
STO093-003968,2025-10-06,A2,P03,22,12,0,5,8.4
STO093-003969,2025-10-06,A3,P03,41,11,24,5,8.4
STO093-003970,2025-10-06,A1,P04,5,16,0,6,10.6
STO093-003971,2025-10-06,A2,P04,52,26,0,6,10.6
STO093-003972,2025-10-07,A3,P04,20,31,0,6,10.6
STO093-003973,2025-10-07,A1,P05,38,23,0,7,12.8
STO093-003974,2025-10-07,A2,P05,26,13,12,7,12.8
STO093-003975,2025-10-07,A3,P05,62,21,0,7,12.8
STO093-003976,2025-10-07,A1,P06,0,12,0,8,15.0
STO093-003977,2025-10-07,A2,P06,11,32,0,8,15.0
STO093-003978,2025-10-08, A3 ,P06,45,21,0,8,15.0
STO093-003979,2025-10-08,A1,P07,41,14,0,9,17.2
STO093-003980,2025-10-08,A2,P07,68,26,0,9,17.2
STO093-003981,2025-10-08,A3,P07,58,19,0,9,17.2
STO093-003982,2025-10-08,A1,P08,46,19,0,3,19.4
STO093-003983,2025-10-08,A2,P08,44,31,24,3,19.4
STO093-003984,2025-10-09,A3,P08,53,23,24,3,19.4
STO093-003985,2025-10-09,A1,P09,,33,24,4,21.6
STO093-003986,2025-10-09,A2,P09,58,12,24,4,21.6
STO093-003987,2025-10-09,A3,P09,51,13,12,4,21.6
STO093-003988,2025-10-09,A1,P10,16,32,24,5,23.8
STO093-003989,2025-10-09,A2,P10,25,29,12,5,23.8
STO093-003990,2025-10-09,A3,P10,37,22,24,5,23.8
STO093-003991,2025-10-10,A1,P11,53,16,0,6,26.0
STO093-003992,2025-10-10,A2,P11,50,26,12,6,26.0
STO093-003993,2025-10-10,A3,P11,8,24,0,6,26.0
STO093-003994,2025-10-10,A1,P12,32,26,0,7,28.2
STO093-003995,2025-10-10,A2,P12,50,21,0,7,28.2
STO093-003996,2025-10-10,A3,P12,2,26,12,7,28.2
STO093-003997,2025-10-11,A1,P01,16,17,0,3,4.0
STO093-003998,2025-10-11,A2,P01,2,6,24,3,4.0
STO093-003999,2025-10-11,A3,P01,59,9,0,3,4.0
STO093-004000,2025-10-11,A1,P02,48,0,24,4,6.2
STO093-004001,2025-10-11,A2,P02,29,8,12,4,6.2
STO093-004002,2025-10-11,A3,P02,30,13,24,4,6.2
STO093-004003,2025-10-12,A1,P03,12,17,12,5,8.4
STO093-004004,2025-10-12,A2,P03,67,18,0,5,8.4
STO093-004005,2025-10-12,A3,P03,32,18,24,5,8.4
STO093-004006,2025-10-12,A1,P04,62,10,12,6,10.6
STO093-004007,2025-10-12,A2,P04,67,25,0,6,10.6
STO093-004008,2025-10-12,A3,P04,48,13,0,6,10.6
STO093-004009,2025-10-13,A1,P05,36,28,0,7,12.8
STO093-004010,2025-10-13,A2,P05,26,28,12,7,12.8
STO093-004011,2025-10-13,A3,P05,12,23,12,7,12.8
STO093-004012,2025-10-13,A1,P06,13,25,12,8,15.0
STO093-004013,2025-10-13,A2,P06,28,26,0,8,15.0
STO093-004014,2025-10-13,A3,P06,59,11,24,8,15.0
STO093-004015,2025-10-14,A1,P07,14,13,0,9,17.2
STO093-004016,2025-10-14,A2,P07,32,20,24,9,17.2
STO093-004017,2025-10-14,A3,P07,10,23,12,9,17.2
STO093-004018,2025-10-14,A1,P08,7,8,0,3,19.4
STO093-004019,2025-10-14,A2,P08,56,27,12,3,19.4
STO093-004020,2025-10-14,A3,P08,40,21,0,3,19.4
STO093-004021,2025-10-15,A1,P09,44,18,0,4,21.6
STO093-004022,2025-10-15,A2,P09,58,18,12,4,21.6
STO093-004023,2025-10-15,A3,P09,33,26,24,4,21.6
STO093-004024,2025-10-15,A1,P10,18,14,24,5,23.8
STO093-004025,2025-10-15,A2,P10,67,26,24,5,23.8
STO093-004026,2025-10-15,A3,P10,29,28,0,5,23.8
STO093-004027,2025-10-16,A1,P11,51,32,12,6,26.0
STO093-004028,2025-10-16,A2,P11,41,32,0,6,26.0
STO093-004029,2025-10-16,A3,P11,11,17,0,6,26.0
STO093-004030,2025-10-16,A1,P12,69,23,24,7,28.2
STO093-004031,2025-10-16,A2,P12,32,23,0,7,28.2
STO093-004032,2025-10-16,A3,P12,46,15,0,7,28.2
STO093-004033,2025-10-16,A1,P01,45,1,0,3,4.0
STO093-004034,2025-10-17,A2,P01,46,13,0,3,4.0
STO093-004035,2025-10-17,A3,P01,19,20,12,3,4.0
STO093-004036,2025-10-17,A1,P02,64,6,12,4,6.2
STO093-004037,2025-10-17,A2,P02,61,19,0,4,6.2
STO093-004038,2025-10-17,A3,P02,31,20,0,4,6.2
STO093-004039,2025-10-17,A1,P03,65,20,0,5,8.4
STO093-004040,2025-10-18,A2,P03,52,21,24,5,8.4
STO093-004041,2025-10-18,A3,P03,49,18,0,5,8.4
STO093-004042,2025-10-18,A1,P04,17,19,0,6,10.6
STO093-004043,2025-10-18,A2,P04,20,16,24,6,10.6
STO093-004044,2025-10-18,A3,P04,41,20,24,6,10.6
STO093-004045,2025-10-18,A1,P05,63,11,0,7,12.8
STO093-004046,2025-10-19,A2,P05,68,21,0,7,12.8
STO093-004047,2025-10-19,A3,P05,9,9,0,7,12.8
STO093-004048,2025-10-19,A1,P06,6,24,0,8,15.0
STO093-004049,2025-10-19,A2,P06,40,8,0,8,15.0
STO093-004050,2025-10-19,A3,P06,20,19,24,8,15.0
STO093-004051,2025-10-19,A1,P07,67,21,24,9,17.2
STO093-004052,2025-10-20,A2,P07,65,17,24,9,17.2
STO093-004053,2025-10-20,A3,P07,11,14,12,9,17.2
STO093-004054,2025-10-20,A1,P08,60,23,24,3,19.4
STO093-004055,2025-10-20,A2,P08,23,22,0,3,19.4
STO093-004056,2025-10-20,A3,P08,42,30,24,3,19.4
STO093-004057,2025-10-20,A1,P09,69,28,0,4,21.6
STO093-004058,2025-10-21,A2,P09,39,24,24,4,21.6
STO093-004059,2025-10-21,A3,P09,33,31,0,4,21.6
STO093-004060,2025-10-21,A1,P10,51,25,0,5,23.8
STO093-004061,2025-10-21,A2,P10,69,19,0,5,23.8
STO093-004062,2025-10-21,A3,P10,51,29,12,5,23.8
STO093-004063,2025-10-21,A1,P11,34,21,0,6,26.0
STO093-004064,2025-10-22,A2,P11,60,21,12,6,26.0
STO093-004065,2025-10-22,A3,P11,28,22,24,6,26.0
STO093-004066,2025-10-22,A1,P12,15,37,0,7,28.2
STO093-004067,2025-10-22,A2,P12,43,28,12,7,28.2
STO093-004068,2025-10-22,A3,P12,,27,12,7,28.2
STO093-004069,2025-10-22,A1,P01,39,4,0,3,4.0
STO093-004070,2025-10-22,A2,P01,32,8,0,3,4.0
STO093-004071,2025-10-23,A3,P01,51,15,12,3,4.0
STO093-004072,2025-10-23,A1,P02,51,14,0,4,6.2
STO093-004073,2025-10-23,A2,P02,5,20,0,4,6.2
STO093-004074,2025-10-23,A3,P02,19,12,12,4,6.2
STO093-004075,2025-10-23, A1 ,P03,8,19,0,5,8.4
STO093-004076,2025-10-23,A2,P03,9,14,0,5,8.4
STO093-004077,2025-10-24,A3,P03,63,29,12,5,8.4
STO093-004078,2025-10-24,A1,P04,38,29,12,6,10.6
STO093-004079,2025-10-24,A2,P04,35,8,0,6,10.6
STO093-004080,2025-10-24,A3,P04,12,27,0,6,10.6
STO093-004081,2025-10-24,A1,P05,39,15,0,7,12.8
STO093-004082,2025-10-24,A2,P05,17,25,0,7,12.8
STO093-004083,2025-10-25,A3,P05,6,27,24,7,12.8
STO093-004084,2025-10-25,A1,P06,70,14,0,8,15.0
STO093-004085,2025-10-25,A2,P06,2,33,0,8,15.0
STO093-004086,2025-10-25,A3,P06,45,18,12,8,15.0
STO093-004087,2025-10-25,A1,P07,66,17,24,9,17.2
STO093-004088,2025-10-25,A2,P07,52,8,0,9,17.2
STO093-004089,2025-10-26,A3,P07,41,22,12,9,17.2
STO093-004090,2025-10-26,A1,P08,34,24,24,3,19.4
STO093-004091,2025-10-26,A2,P08,26,39,12,3,19.4
STO093-004092,2025-10-26,A3,P08,36,44,0,3,19.4
STO093-004093,2025-10-26,A1,P09,30,31,0,4,21.6
STO093-004094,2025-10-26,A2,P09,12,17,12,4,21.6
STO093-004095,2025-10-27,A3,P09,51,36,24,4,21.6
STO093-004096,2025-10-27,A1,P10,27,13,12,5,23.8
STO093-004097,2025-10-27,A2,P10,66,14,24,5,23.8
STO093-004098,2025-10-27,A3,P10,25,17,24,5,23.8
STO093-004099,2025-10-27,A1,P11,67,22,24,6,26.0
STO093-004100,2025-10-27,A2,P11,11,20,0,6,26.0
STO093-004101,2025-10-28,A3,P11,14,25,24,6,26.0
STO093-004102,2025-10-28,A1,P12,1,36,0,7,28.2
STO093-004103,2025-10-28,A2,P12,15,29,12,7,28.2
STO093-004104,2025-10-28,A3,P12,57,30,24,7,28.2
STO093-004105,2025-10-28,A1,P01,36,2,24,3,4.0
STO093-004106,2025-10-28,A2,P01,53,22,0,3,4.0
STO093-004107,2025-10-28,A3,P01,26,12,24,3,4.0
STO093-004108,2025-10-29,A1,P02,3,11,0,4,6.2
STO093-004109,2025-10-29,A2,P02,1,12,0,4,6.2
STO093-004110,2025-10-29,A3,P02,51,14,0,4,6.2
STO093-004111,2025-10-29,A1,P03,22,9,0,5,8.4
STO093-004112,2025-10-29,A2,P03,68,21,0,5,8.4
STO093-004113,2025-10-29,A3,P03,26,7,12,5,8.4
STO093-004114,2025-10-30,A1,P04,49,16,0,6,10.6
STO093-004115,2025-10-30,A2,P04,38,14,0,6,10.6
STO093-004116,2025-10-30,A3,P04,63,0,12,6,10.6
STO093-004117,2025-10-30,A1,P05,24,10,0,7,12.8
STO093-004118,2025-10-30,A2,P05,69,0,24,7,12.8
STO093-004119,2025-10-30,A3,P05,3,28,0,7,12.8
STO093-004120,2025-10-31,A1,P06,2,26,12,8,15.0
STO093-004121,2025-10-31,A2,P06,38,33,24,8,15.0
STO093-004122,2025-10-31,A3,P06,55,18,0,8,15.0
STO093-004123,2025-10-31,A1,P07,28,32,24,9,17.2
STO093-004124,2025-10-31,A2,P07,14,20,12,9,17.2
STO093-004125,2025-10-31,A3,P07,37,16,24,9,17.2
STO093-004126,2025-11-01,A1,P08,63,12,0,3,19.4
STO093-004127,2025-11-01,A2,P08,36,23,0,3,19.4
STO093-004128,2025-11-01,A3,P08,50,24,0,3,19.4
STO093-004129,2025-11-01,A1,P09,16,26,24,4,21.6
STO093-004130,2025-11-01,A2,P09,7,19,0,4,21.6
STO093-004131,2025-11-01,A3,P09,6,6,0,4,21.6
STO093-004132,2025-11-02,A1,P10,26,31,12,5,23.8
STO093-004133,2025-11-02,A2,P10,50,29,24,5,23.8
STO093-004134,2025-11-02,A3,P10,37,29,0,5,23.8
STO093-004135,2025-11-02,A1,P11,17,23,0,6,26.0
STO093-004136,2025-11-02,A2,P11,9,19,12,6,26.0
STO093-004137,2025-11-02,A3,P11,1,33,24,6,26.0
STO093-004138,2025-11-03,A1,P12,60,23,24,7,28.2
STO093-004139,2025-11-03,A2,P12,18,29,0,7,28.2
STO093-004140,2025-11-03,A3,P12,35,32,0,7,28.2
STO093-004141,2025-11-03,A1,P01,11,21,0,3,4.0
STO093-004142,2025-11-03,A2,P01,50,19,0,3,4.0
STO093-004143,2025-11-03,A3,P01,52,23,0,3,4.0
STO093-004144,2025-11-04,A1,P02,36,10,12,4,6.2
STO093-004145,2025-11-04,A2,P02,58,19,0,4,6.2
STO093-004146,2025-11-04,A3,P02,18,15,0,4,6.2
STO093-004147,2025-11-04,A1,P03,67,29,12,5,8.4
STO093-004148,2025-11-04,A2,P03,20,5,12,5,8.4
STO093-004149,2025-11-04,A3,P03,9,13,0,5,8.4
STO093-004150,2025-11-04,A1,P04,4,7,24,6,10.6
STO093-004151,2025-11-05,A2,P04,,24,12,6,10.6
STO093-004152,2025-11-05,A3,P04,14,12,24,6,10.6
STO093-004153,2025-11-05,A1,P05,35,20,0,7,12.8
STO093-004154,2025-11-05,A2,P05,1,19,0,7,12.8
STO093-004155,2025-11-05,A3,P05,41,33,0,7,12.8
STO093-004156,2025-11-05,A1,P06,33,19,0,8,15.0
STO093-004157,2025-11-06,A2,P06,29,13,12,8,15.0
STO093-004158,2025-11-06,A3,P06,47,25,0,8,15.0
STO093-004159,2025-11-06,A1,P07,19,30,12,9,17.2
STO093-004160,2025-11-06,A2,P07,13,19,24,9,17.2
STO093-004161,2025-11-06,A3,P07,49,28,0,9,17.2
STO093-004162,2025-11-06,A1,P08,2,26,0,3,19.4
STO093-004163,2025-11-07,A2,P08,24,28,0,3,19.4
STO093-004164,2025-11-07,A3,P08,25,16,0,3,19.4
STO093-004165,2025-11-07,A1,P09,1,16,0,4,21.6
STO093-004166,2025-11-07,A2,P09,10,23,0,4,21.6
STO093-004167,2025-11-07,A3,P09,11,21,0,4,21.6
STO093-004168,2025-11-07,A1,P10,14,19,24,5,23.8
STO093-004169,2025-11-08,A2,P10,52,11,12,5,23.8
STO093-004170,2025-11-08,A3,P10,69,32,0,5,23.8
STO093-004171,2025-11-08,A1,P11,30,34,0,6,26.0
STO093-004172,2025-11-08, A2 ,P11,22,25,0,6,26.0
STO093-004173,2025-11-08,A3,P11,66,21,24,6,26.0
STO093-004174,2025-11-08,A1,P12,32,24,12,7,28.2
STO093-004175,2025-11-09,A2,P12,8,36,0,7,28.2
STO093-004176,2025-11-09,A3,P12,8,22,24,7,28.2
STO093-004177,2025-11-09,A1,P01,18,21,0,3,4.0
STO093-004178,2025-11-09,A2,P01,14,11,24,3,4.0
STO093-004179,2025-11-09,A3,P01,40,0,12,3,4.0
STO093-004180,2025-11-09,A1,P02,26,15,12,4,6.2
STO093-004181,2025-11-10,A2,P02,23,19,0,4,6.2
STO093-004182,2025-11-10,A3,P02,37,19,12,4,6.2
STO093-004183,2025-11-10,A1,P03,48,16,0,5,8.4
STO093-004184,2025-11-10,A2,P03,26,35,24,5,8.4
STO093-004185,2025-11-10,A3,P03,59,15,0,5,8.4
STO093-004186,2025-11-10,A1,P04,42,16,0,6,10.6
STO093-004187,2025-11-10,A2,P04,14,23,0,6,10.6
STO093-004188,2025-11-11,A3,P04,21,22,0,6,10.6
STO093-004189,2025-11-11,A1,P05,31,19,0,7,12.8
STO093-004190,2025-11-11,A2,P05,21,26,12,7,12.8
STO093-004191,2025-11-11,A3,P05,61,16,0,7,12.8
STO093-004192,2025-11-11,A1,P06,47,17,0,8,15.0
STO093-004193,2025-11-11,A2,P06,12,22,0,8,15.0
STO093-004194,2025-11-12,A3,P06,9,42,24,8,15.0
STO093-004195,2025-11-12,A1,P07,30,29,0,9,17.2
STO093-004196,2025-11-12,A2,P07,11,4,12,9,17.2
STO093-004197,2025-11-12,A3,P07,24,13,0,9,17.2
STO093-004198,2025-11-12,A1,P08,0,23,0,3,19.4
STO093-004199,2025-11-12,A2,P08,28,32,12,3,19.4
STO093-004200,2025-11-13,A3,P08,6,3,0,3,19.4
STO093-004201,2025-11-13,A1,P09,35,5,24,4,21.6
STO093-004202,2025-11-13,A2,P09,31,35,12,4,21.6
STO093-004203,2025-11-13,A3,P09,7,11,0,4,21.6
STO093-004204,2025-11-13,A1,P10,56,20,0,5,23.8
STO093-004205,2025-11-13,A2,P10,39,25,24,5,23.8
STO093-004206,2025-11-14,A3,P10,59,32,12,5,23.8
STO093-004207,2025-11-14,A1,P11,1,27,12,6,26.0
STO093-004208,2025-11-14,A2,P11,10,21,0,6,26.0
STO093-004209,2025-11-14,A3,P11,50,22,0,6,26.0
STO093-004210,2025-11-14,A1,P12,23,27,0,7,28.2
STO093-004211,2025-11-14,A2,P12,26,21,0,7,28.2
STO093-004212,2025-11-15,A3,P12,19,32,0,7,28.2
STO093-004213,2025-11-15,A1,P01,61,4,12,3,4.0
STO093-004214,2025-11-15,A2,P01,8,8,0,3,4.0
STO093-004215,2025-11-15,A3,P01,65,17,0,3,4.0
STO093-004216,2025-11-15,A1,P02,23,40,24,4,6.2
STO093-004217,2025-11-15,A2,P02,32,12,0,4,6.2
STO093-004218,2025-11-16,A3,P02,11,28,12,4,6.2
STO093-004219,2025-11-16,A1,P03,45,6,0,5,8.4
STO093-004220,2025-11-16,A2,P03,69,28,0,5,8.4
STO093-004221,2025-11-16,A3,P03,24,23,12,5,8.4
STO093-004222,2025-11-16,A1,P04,39,15,0,6,10.6
STO093-004223,2025-11-16,A2,P04,56,22,12,6,10.6
STO093-004224,2025-11-17,A3,P04,60,21,0,6,10.6
STO093-004225,2025-11-17,A1,P05,67,13,0,7,12.8
STO093-004226,2025-11-17,A2,P05,9,29,0,7,12.8
STO093-004227,2025-11-17,A3,P05,18,20,0,7,12.8
STO093-004228,2025-11-17,A1,P06,14,12,24,8,15.0
STO093-004229,2025-11-17,A2,P06,2,17,12,8,15.0
STO093-004230,2025-11-17,A3,P06,67,25,24,8,15.0
STO093-004231,2025-11-18,A1,P07,70,8,12,9,17.2
STO093-004232,2025-11-18,A2,P07,36,20,24,9,17.2
STO093-004233,2025-11-18,A3,P07,54,10,24,9,17.2
STO093-004234,2025-11-18,A1,P08,,27,0,3,19.4
STO093-004235,2025-11-18,A2,P08,40,17,24,3,19.4
STO093-004236,2025-11-18,A3,P08,27,14,12,3,19.4
STO093-004237,2025-11-19,A1,P09,51,31,24,4,21.6
STO093-004238,2025-11-19,A2,P09,41,11,0,4,21.6
STO093-004239,2025-11-19,A3,P09,38,25,24,4,21.6
STO093-004240,2025-11-19,A1,P10,34,20,0,5,23.8
STO093-004241,2025-11-19,A2,P10,7,33,12,5,23.8
STO093-004242,2025-11-19,A3,P10,50,40,12,5,23.8
STO093-004243,2025-11-20,A1,P11,70,28,12,6,26.0
STO093-004244,2025-11-20,A2,P11,56,32,0,6,26.0
STO093-004245,2025-11-20,A3,P11,16,24,24,6,26.0
STO093-004246,2025-11-20,A1,P12,0,38,12,7,28.2
STO093-004247,2025-11-20,A2,P12,29,18,0,7,28.2
STO093-004248,2025-11-20,A3,P12,15,28,0,7,28.2
STO093-004249,2025-11-21,A1,P01,4,21,12,3,4.0
STO093-004250,2025-11-21,A2,P01,1,13,0,3,4.0
STO093-004251,2025-11-21,A3,P01,68,13,24,3,4.0
STO093-004252,2025-11-21,A1,P02,31,15,0,4,6.2
STO093-004253,2025-11-21,A2,P02,46,21,0,4,6.2
STO093-004254,2025-11-21,A3,P02,33,16,24,4,6.2
STO093-004255,2025-11-22,A1,P03,63,16,24,5,8.4
STO093-004256,2025-11-22,A2,P03,8,15,0,5,8.4
STO093-004257,2025-11-22,A3,P03,24,23,12,5,8.4
STO093-004258,2025-11-22,A1,P04,38,30,12,6,10.6
STO093-004259,2025-11-22,A2,P04,38,15,24,6,10.6
STO093-004260,2025-11-22,A3,P04,39,7,12,6,10.6
STO093-004261,2025-11-23,A1,P05,31,18,24,7,12.8
STO093-004262,2025-11-23,A2,P05,45,10,0,7,12.8
STO093-004263,2025-11-23,A3,P05,3,13,0,7,12.8
STO093-004264,2025-11-23,A1,P06,56,8,0,8,15.0
STO093-004265,2025-11-23,A2,P06,42,25,24,8,15.0
STO093-004266,2025-11-23,A3,P06,25,22,0,8,15.0
STO093-004267,2025-11-23,A1,P07,25,28,0,9,17.2
STO093-004268,2025-11-24,A2,P07,14,14,12,9,17.2
STO093-004269,2025-11-24, A3 ,P07,13,20,12,9,17.2
STO093-004270,2025-11-24,A1,P08,45,21,0,3,19.4
STO093-004271,2025-11-24,A2,P08,40,22,0,3,19.4
STO093-004272,2025-11-24,A3,P08,56,23,24,3,19.4
STO093-004273,2025-11-24,A1,P09,53,13,0,4,21.6
STO093-004274,2025-11-25,A2,P09,37,23,0,4,21.6
STO093-004275,2025-11-25,A3,P09,2,27,0,4,21.6
STO093-004276,2025-11-25,A1,P10,29,25,24,5,23.8
STO093-004277,2025-11-25,A2,P10,20,20,0,5,23.8
STO093-004278,2025-11-25,A3,P10,11,30,12,5,23.8
STO093-004279,2025-11-25,A1,P11,26,15,24,6,26.0
STO093-004280,2024-02-30,A2,P11,67,20,12,6,26.0
STO093-004281,2025-11-26,A3,P11,49,37,0,6,26.0
STO093-004282,2025-11-26,A1,P12,67,20,0,7,28.2
STO093-004283,2025-11-26,A2,P12,27,23,12,7,28.2
STO093-004284,2025-11-26,A3,P12,7,26,0,7,28.2
STO093-004285,2025-11-26,A1,P01,61,26,12,3,4.0
STO093-004286,2025-11-27,A2,P01,5,14,0,3,4.0
STO093-004287,2025-11-27,A3,P01,68,22,0,3,4.0
STO093-004288,2025-11-27,A1,P02,2,0,0,4,6.2
STO093-004289,2025-11-27,A2,P02,9,21,0,4,6.2
STO093-004290,2025-11-27,A3,P02,42,16,12,4,6.2
STO093-004291,2025-11-27,A1,P03,14,36,12,5,8.4
STO093-004292,2025-11-28,A2,P03,26,14,0,5,8.4
STO093-004293,2025-11-28,A3,P03,37,8,0,5,8.4
STO093-004294,2025-11-28,A1,P04,39,34,12,6,10.6
STO093-004295,2025-11-28,A2,P04,37,28,12,6,10.6
STO093-004296,2025-11-28,A3,P04,35,23,0,6,10.6
STO093-004297,2025-11-28,A1,P05,25,11,12,7,12.8
STO093-004298,2025-11-29,A2,P05,23,12,0,7,12.8
STO093-004299,2025-11-29,A3,P05,68,12,0,7,12.8
STO093-004300,2025-11-29,A1,P06,9,23,24,8,15.0
STO093-004301,2025-11-29,A2,P06,37,17,0,8,15.0
STO093-004302,2025-11-29,A3,P06,9,18,0,8,15.0
STO093-004303,2025-11-29,A1,P07,22,18,0,9,17.2
STO093-004304,2025-11-29,A2,P07,26,16,0,9,17.2
STO093-004305,2025-11-30,A3,P07,56,18,0,9,17.2
STO093-004306,2025-11-30,A1,P08,30,14,0,3,19.4
STO093-004307,2025-11-30,A2,P08,42,14,24,3,19.4
STO093-004308,2025-11-30,A3,P08,8,9,0,3,19.4
STO093-004309,2025-11-30,A1,P09,53,30,12,4,21.6
STO093-004310,2025-11-30,A2,P09,68,11,24,4,21.6
STO093-004311,2025-12-01,A3,P09,21,20,24,4,21.6
STO093-004312,2025-12-01,A1,P10,10,19,24,5,23.8
STO093-004313,2025-12-01,A2,P10,12,23,24,5,23.8
STO093-004314,2025-12-01,A3,P10,38,33,0,5,23.8
STO093-004315,2025-12-01,A1,P11,15,31,0,6,26.0
STO093-004316,2025-12-01,A2,P11,10,14,0,6,26.0
STO093-004317,2025-12-02,A3,P11,,24,12,6,26.0
STO093-004318,2025-12-02,A1,P12,58,11,0,7,28.2
STO093-004319,2025-12-02,A2,P12,55,26,0,7,28.2
STO093-004320,2025-12-02,A3,P12,42,10,12,7,28.2
STO093-004321,2025-12-02,A1,P01,9,16,12,3,4.0
STO093-004322,2025-12-02,A2,P01,0,17,0,3,4.0
STO093-004323,2025-12-03,A3,P01,34,16,12,3,4.0
STO093-004324,2025-12-03,A1,P02,7,13,24,4,6.2
STO093-004325,2025-12-03,A2,P02,34,9,0,4,6.2
STO093-004326,2025-12-03,A3,P02,60,20,24,4,6.2
STO093-004327,2025-12-03,A1,P03,25,19,12,5,8.4
STO093-004328,2025-12-03,A2,P03,28,14,24,5,8.4
STO093-004329,2025-12-04,A3,P03,3,36,24,5,8.4
STO093-004330,2025-12-04,A1,P04,38,16,0,6,10.6
STO093-004331,2025-12-04,A2,P04,41,6,12,6,10.6
STO093-004332,2025-12-04,A3,P04,11,22,24,6,10.6
STO093-004333,2025-12-04,A1,P05,55,27,12,7,12.8
STO093-004334,2025-12-04,A2,P05,30,18,0,7,12.8
STO093-004335,2025-12-05,A3,P05,53,18,12,7,12.8
STO093-004336,2025-12-05,A1,P06,43,25,24,8,15.0
STO093-004337,2025-12-05,A2,P06,30,5,12,8,15.0
STO093-004338,2025-12-05,A3,P06,6,18,12,8,15.0
STO093-004339,2025-12-05,A1,P07,65,33,12,9,17.2
STO093-004340,2025-12-05,A2,P07,25,24,0,9,17.2
STO093-004341,2025-12-06,A3,P07,32,8,24,9,17.2
STO093-004342,2025-12-06,A1,P08,54,25,12,3,19.4
STO093-004343,2025-12-06,A2,P08,65,10,24,3,19.4
STO093-004344,2025-12-06,A3,P08,8,11,12,3,19.4
STO093-004345,2025-12-06,A1,P09,31,22,0,4,21.6
STO093-004346,2025-12-06,A2,P09,20,45,0,4,21.6
STO093-004347,2025-12-06,A3,P09,35,12,24,4,21.6
STO093-004348,2025-12-07,A1,P10,39,26,0,5,23.8
STO093-004349,2025-12-07,A2,P10,17,6,0,5,23.8
STO093-004350,2025-12-07,A3,P10,29,24,0,5,23.8
STO093-004351,2025-12-07,A1,P11,70,30,12,6,26.0
STO093-004352,2025-12-07,A2,P11,15,17,24,6,26.0
STO093-004353,2025-12-07,A3,P11,46,19,0,6,26.0
STO093-004354,2025-12-08,A1,P12,4,14,0,7,28.2
STO093-004355,2025-12-08,A2,P12,23,19,24,7,28.2
STO093-004356,2025-12-08,A3,P12,9,23,0,7,28.2
STO093-004357,2025-12-08,A1,P01,47,13,12,3,4.0
STO093-004358,2025-12-08,A2,P01,22,10,0,3,4.0
STO093-004359,2025-12-08,A3,P01,53,2,0,3,4.0
STO093-004360,2025-12-09,A1,P02,65,25,0,4,6.2
STO093-004361,2025-12-09,A2,P02,63,10,24,4,6.2
STO093-004362,2025-12-09,A3,P02,50,12,24,4,6.2
STO093-004363,2025-12-09,A1,P03,5,16,0,5,8.4
STO093-004364,2025-12-09,A2,P03,13,24,12,5,8.4
STO093-004365,2025-12-09,A3,P03,11,9,0,5,8.4
STO093-004366,2025-12-10, A1 ,P04,39,12,0,6,10.6
STO093-004367,2025-12-10,A2,P04,28,11,0,6,10.6
STO093-004368,2025-12-10,A3,P04,25,24,0,6,10.6
STO093-004369,2025-12-10,A1,P05,66,18,0,7,12.8
STO093-004370,2025-12-10,A2,P05,56,29,0,7,12.8
STO093-004371,2025-12-10,A3,P05,6,8,24,7,12.8
STO093-004372,2025-12-11,A1,P06,0,42,12,8,15.0
STO093-004373,2025-12-11,A2,P06,49,15,0,8,15.0
STO093-004374,2025-12-11,A3,P06,60,22,0,8,15.0
STO093-004375,2025-12-11,A1,P07,9,9,24,9,17.2
STO093-004376,2025-12-11,A2,P07,68,23,12,9,17.2
STO093-004377,2025-12-11,A3,P07,36,19,12,9,17.2
STO093-004378,2025-12-12,A1,P08,25,24,0,3,19.4
STO093-004379,2025-12-12,A2,P08,68,20,0,3,19.4
STO093-004380,2025-12-12,A3,P08,13,36,0,3,19.4
STO093-004381,2025-12-12,A1,P09,44,34,0,4,21.6
STO093-004382,2025-12-12,A2,P09,0,4,0,4,21.6
STO093-004383,2025-12-12,A3,P09,33,8,12,4,21.6
STO093-004384,2025-12-12,A1,P10,5,34,24,5,23.8
STO093-004385,2025-12-13,A2,P10,40,19,0,5,23.8
STO093-004386,2025-12-13,A3,P10,5,21,24,5,23.8
STO093-004387,2025-12-13,A1,P11,69,27,12,6,26.0
STO093-004388,2025-12-13,A2,P11,8,21,0,6,26.0
STO093-004389,2025-12-13,A3,P11,50,28,0,6,26.0
STO093-004390,2025-12-13,A1,P12,52,39,0,7,28.2
STO093-004391,2025-12-14,A2,P12,4,23,0,7,28.2
STO093-004392,2025-12-14,A3,P12,22,24,0,7,28.2
STO093-004393,2025-12-14,A1,P01,57,9,0,3,4.0
STO093-004394,2025-12-14,A2,P01,21,16,0,3,4.0
STO093-004395,2025-12-14,A3,P01,57,24,12,3,4.0
STO093-004396,2025-12-14,A1,P02,41,0,0,4,6.2
STO093-004397,2025-12-15,A2,P02,31,2,24,4,6.2
STO093-004398,2025-12-15,A3,P02,17,21,0,4,6.2
STO093-004399,2025-12-15,A1,P03,67,0,0,5,8.4
STO093-004400,2025-12-15,A2,P03,,25,12,5,8.4
STO093-004401,2025-12-15,A3,P03,18,37,24,5,8.4
STO093-004402,2025-12-15,A1,P04,47,13,0,6,10.6
STO093-004403,2025-12-16,A2,P04,23,5,0,6,10.6
STO093-004404,2025-12-16,A3,P04,11,41,0,6,10.6
STO093-004405,2025-12-16,A1,P05,18,32,0,7,12.8
STO093-004406,2025-12-16,A2,P05,60,13,0,7,12.8
STO093-004407,2025-12-16,A3,P05,67,25,12,7,12.8
STO093-004408,2025-12-16,A1,P06,60,18,24,8,15.0
STO093-004409,2025-12-17,A2,P06,19,12,0,8,15.0
STO093-004410,2025-12-17,A3,P06,28,35,12,8,15.0
STO093-004411,2025-12-17,A1,P07,59,17,0,9,17.2
STO093-004412,2025-12-17,A2,P07,60,15,0,9,17.2
STO093-004413,2025-12-17,A3,P07,3,2,24,9,17.2
STO093-004414,2025-12-17,A1,P08,31,26,12,3,19.4
STO093-004415,2025-12-18,A2,P08,62,4,0,3,19.4
STO093-004416,2025-12-18,A3,P08,62,24,0,3,19.4
STO093-004417,2025-12-18,A1,P09,11,9,24,4,21.6
STO093-004418,2025-12-18,A2,P09,12,30,0,4,21.6
STO093-004419,2025-12-18,A3,P09,27,28,0,4,21.6
STO093-004420,2025-12-18,A1,P10,61,26,12,5,23.8
STO093-004421,2025-12-19,A2,P10,29,17,0,5,23.8
STO093-004422,2025-12-19,A3,P10,37,28,0,5,23.8
STO093-004423,2025-12-19,A1,P11,62,20,24,6,26.0
STO093-004424,2025-12-19,A2,P11,70,26,24,6,26.0
STO093-004425,2025-12-19,A3,P11,8,21,0,6,26.0
STO093-004426,2025-12-19,A1,P12,22,25,0,7,28.2
STO093-004427,2025-12-19,A2,P12,6,21,24,7,28.2
STO093-004428,2025-12-20,A3,P12,9,24,0,7,28.2
STO093-004429,2025-12-20,A1,P01,22,19,12,3,4.0
STO093-004430,2025-12-20,A2,P01,34,8,24,3,4.0
STO093-004431,2025-12-20,A3,P01,18,14,0,3,4.0
STO093-004432,2025-12-20,A1,P02,33,0,12,4,6.2
STO093-004433,2025-12-20,A2,P02,55,21,12,4,6.2
STO093-004434,2025-12-21,A3,P02,0,9,12,4,6.2
STO093-004435,2025-12-21,A1,P03,0,17,12,5,8.4
STO093-004436,2025-12-21,A2,P03,26,12,24,5,8.4
STO093-004437,2025-12-21,A3,P03,45,20,24,5,8.4
STO093-004438,2025-12-21,A1,P04,8,18,0,6,10.6
STO093-004439,2025-12-21,A2,P04,4,18,12,6,10.6
STO093-004440,2025-12-22,A3,P04,55,19,24,6,10.6
STO093-004441,2025-12-22,A1,P05,36,8,0,7,12.8
STO093-004442,2025-12-22,A2,P05,52,16,12,7,12.8
STO093-004443,2025-12-22,A3,P05,70,32,0,7,12.8
STO093-004444,2025-12-22,A1,P06,46,26,0,8,15.0
STO093-004445,2025-12-22,A2,P06,1,29,12,8,15.0
STO093-004446,2025-12-23,A3,P06,32,41,24,8,15.0
STO093-004447,2025-12-23,A1,P07,11,14,0,9,17.2
STO093-004448,2025-12-23,A2,P07,69,34,0,9,17.2
STO093-004449,2025-12-23,A3,P07,21,21,0,9,17.2
STO093-004450,2025-12-23,A1,P08,42,15,24,3,19.4
STO093-004451,2025-12-23,A2,P08,49,25,0,3,19.4
STO093-004452,2025-12-24,A3,P08,60,34,24,3,19.4
STO093-004453,2025-12-24,A1,P09,32,20,0,4,21.6
STO093-004454,2025-12-24,A2,P09,46,22,12,4,21.6
STO093-004455,2025-12-24,A3,P09,13,29,24,4,21.6
STO093-004456,2025-12-24,A1,P10,10,18,0,5,23.8
STO093-004457,2025-12-24,A2,P10,4,29,12,5,23.8
STO093-004458,2025-12-25,A3,P10,3,34,24,5,23.8
STO093-004459,2025-12-25,A1,P11,44,30,24,6,26.0
STO093-004460,2025-12-25,A2,P11,12,38,12,6,26.0
STO093-004461,2025-12-25,A3,P11,26,32,0,6,26.0
STO093-004462,2025-12-25,A1,P12,13,23,12,7,28.2
STO093-004463,2025-12-25, A2 ,P12,0,16,24,7,28.2
STO093-004464,2025-12-25,A3,P12,26,41,0,7,28.2
STO093-004465,2025-12-26,A1,P01,57,7,12,3,4.0
STO093-004466,2025-12-26,A2,P01,18,3,24,3,4.0
STO093-004467,2025-12-26,A3,P01,10,26,0,3,4.0
STO093-004468,2025-12-26,A1,P02,44,20,12,4,6.2
STO093-004469,2025-12-26,A2,P02,15,12,0,4,6.2
STO093-004470,2025-12-26,A3,P02,52,29,0,4,6.2
STO093-004471,2025-12-27,A1,P03,23,13,0,5,8.4
STO093-004472,2025-12-27,A2,P03,64,30,0,5,8.4
STO093-004473,2025-12-27,A3,P03,11,12,0,5,8.4
STO093-004474,2025-12-27,A1,P04,34,26,0,6,10.6
STO093-004475,2025-12-27,A2,P04,41,27,12,6,10.6
STO093-004476,2025-12-27,A3,P04,31,11,0,6,10.6
STO093-004477,2025-12-28,A1,P05,20,2,24,7,12.8
STO093-004478,2025-12-28,A2,P05,26,11,24,7,12.8
STO093-004479,2025-12-28,A3,P05,20,11,12,7,12.8
STO093-004480,2025-12-28,A1,P06,51,24,0,8,15.0
STO093-004481,2025-12-28,A2,P06,59,30,0,8,15.0
STO093-004482,2025-12-28,A3,P06,57,13,0,8,15.0
STO093-004483,2025-12-29,A1,P07,,11,0,9,17.2
STO093-004484,2025-12-29,A2,P07,52,20,24,9,17.2
STO093-004485,2025-12-29,A3,P07,15,21,0,9,17.2
STO093-004486,2025-12-29,A1,P08,4,24,12,3,19.4
STO093-004487,2025-12-29,A2,P08,13,16,12,3,19.4
STO093-004488,2025-12-29,A3,P08,43,27,12,3,19.4
STO093-004489,2025-12-30,A1,P09,69,18,24,4,21.6
STO093-004490,2025-12-30,A2,P09,9,20,0,4,21.6
STO093-004491,2025-12-30,A3,P09,14,27,0,4,21.6
STO093-004492,2025-12-30,A1,P10,13,24,24,5,23.8
STO093-004493,2025-12-30,A2,P10,33,34,12,5,23.8
STO093-004494,2025-12-30,A3,P10,14,15,0,5,23.8
STO093-004495,2025-12-31,A1,P11,24,30,0,6,26.0
STO093-004496,2025-12-31,A2,P11,43,31,0,6,26.0
STO093-004497,2025-12-31,A3,P11,47,29,0,6,26.0
STO093-004498,2025-12-31,A1,P12,57,34,0,7,28.2
STO093-004499,2025-12-31,A2,P12,23,28,0,7,28.2
STO093-004500,2025-12-31,A3,P12,9,28,24,7,28.2
STO093-002853,2025-04-08,A3,P03,23,20,0,5,8.4
STO093-002178,2024-12-19,A3,P06,7,20,12,8,15.0
STO093-003741,2025-08-30,A3,P11,42,12,0,6,26.0
STO093-001729,2024-10-07,A1,P01,25,20,24,3,4.0
STO093-003493,2025-07-21, A1 ,P01,8,23,0,3,4.0
STO093-000027,2024-01-05,A3,P09,50,20,24,4,21.6
STO093-001771,2024-10-14,A1,P03,53,25,0,5,8.4
STO093-002277,2025-01-04,A3,P03,18,6,0,5,8.4
STO093-003409,2025-07-07,A1,P09,68,30,24,4,21.6
STO093-003650,2025-08-15,A2,P05,42,16,0,7,12.8
STO093-003597,2025-08-07,A3,P11,0,27,12,6,26.0
STO093-002740,2025-03-20,A1,P02,,13,12,4,6.2
STO093-002518,2025-02-12,A1,P12,39,9,12,7,28.2
STO093-002500,2025-02-09,A1,P06,37,39,0,8,15.0
STO093-003024,2025-05-06,A3,P12,33,29,0,7,28.2
