registro_id,fecha,edificio,temperatura_c,ocupacion,kwh,superficie_m2,tarifa
ENE077-000001,2024-01-01,B1,20.8,53,125.84,600,0.62
ENE077-000002,2024-01-01,B2,16.4,97,267.42,1200,0.62
ENE077-000003,2024-01-01,B3,18.7,97,297.12,1800,0.62
ENE077-000004,2024-01-02,B1,18.4,22,78.02,600,0.62
ENE077-000005,2024-01-02,B2,17.9,77,209.59,1200,0.62
ENE077-000006,2024-01-02,B3,18.0,90,282.54,1800,0.62
ENE077-000007,2024-01-03,B1,19.6,29,96.56,600,0.62
ENE077-000008,2024-01-03,B2,21.2,77,236.28,1200,0.62
ENE077-000009,2024-01-03,B3,18.1,119,326.72,1800,0.62
ENE077-000010,2024-01-04,B1,23.8,54,161.9,600,0.62
ENE077-000011,2024-01-04,B2,19.7,89,221.86,1200,0.62
ENE077-000012,2024-01-04,B3,20.3,119,346.56,1800,0.62
ENE077-000013,2024-01-05,B1,18.7,44,113.92,600,0.62
ENE077-000014,2024-01-05,B2,18.9,90,222.73,1200,0.62
ENE077-000015,2024-01-05,B3,20.6,89,286.53,1800,0.62
ENE077-000016,2024-01-06,B1,17.2,3,42.48,600,0.62
ENE077-000017,2024-01-06,B2,21.3,16,130.15,1200,0.62
ENE077-000019,2024-01-07,B1,20.6,10,62.13,600,0.62
ENE077-000020,2024-01-07,B2,20.2,17,114.24,1200,0.62
ENE077-000021,2024-01-07,B3,20.1,22,187.22,1800,0.62
ENE077-000022,2024-01-08,B1,19.4,41,123.12,600,0.62
ENE077-000023,2024-01-08,B2,21.2,62,191.31,1200,0.62
ENE077-000024,2024-01-08,B3,17.5,108,309.4,1800,0.62
ENE077-000025,2024-01-09,B1,19.6,63,131.03,600,0.62
ENE077-000026,2024-01-09,B2,19.0,64,183.53,1200,0.62
ENE077-000027,2024-01-09,B3,19.5,104,304.11,1800,0.62
ENE077-000028,2024-01-10,B1,21.9,63,148.25,600,0.62
ENE077-000029,2024-01-10,B2,20.1,87,243.88,1200,0.62
ENE077-000030,2024-01-10,B3,19.9,93,284.18,1800,0.62
ENE077-000031,2024-01-11,B1,20.6,56,148.52,600,0.62
ENE077-000032,2024-01-11,B2,20.2,62,206.14,1200,0.62
ENE077-000033,2024-01-11,B3,19.9,117,317.97,1800,0.62
ENE077-000034,2024-01-12,B1,21.5,40,119.96,600,0.62
ENE077-000035,2024-01-12,B2,19.7,74,207.03,1200,0.62
ENE077-000036,2024-01-12,B3,18.5,109,299.22,1800,0.62
ENE077-000037,2024-01-13,B1,19.5,8,57.7,600,0.62
ENE077-000038,2024-01-13,B2,18.4,18,122.9,1200,0.62
ENE077-000039,2024-01-13,B3,20.3,18,189.86,1800,0.62
ENE077-000040,2024-01-14,B1,22.0,7,69.48,600,0.62
ENE077-000041,2024-01-14,B2,22.8,15,138.5,1200,0.62
ENE077-000042,2024-01-14,B3,22.5,20,219.07,1800,0.62
ENE077-000043,2024-01-15,B1,22.3,24,102.94,600,0.62
ENE077-000044,2024-01-15,B2,21.7,88,241.51,1200,0.62
ENE077-000045,2024-01-15,B3,19.6,112,318.49,1800,0.62
ENE077-000046,2024-01-16,B1,19.4,40,109.31,600,0.62
ENE077-000047,2024-01-16,B2,22.9,53,212.47,1200,0.62
ENE077-000048,2024-01-16,B3,21.5,86,300.67,1800,0.62
ENE077-000049,2024-01-17,B1,23.0,50,139.81,600,0.62
ENE077-000050,2024-01-17,B2,21.1,50,179.24,1200,0.62
ENE077-000051,2024-01-17,B3,22.6,129,384.04,1800,0.62
ENE077-000052,2024-01-18,B1,21.1,51,127.0,600,0.62
ENE077-000053,2024-01-18,B2,19.8,60,177.94,1200,0.62
ENE077-000054,2024-01-18,B3,23.4,110,361.81,1800,0.62
ENE077-000055,2024-01-19,B1,23.3,57,169.09,600,0.62
ENE077-000056,2024-01-19,B2,20.7,83,242.59,1200,0.62
ENE077-000057,2024-01-19,B3,22.9,101,339.91,1800,0.62
ENE077-000058,2024-01-20,B1,20.3,12,67.25,600,0.62
ENE077-000059,2024-01-20,B2,21.6,14,135.56,1200,0.62
ENE077-000060,2024-01-20,B3,22.6,28,235.37,1800,0.62
ENE077-000061,2024-01-21,B1,22.4,9,70.9,600,0.62
ENE077-000062,2024-01-21,B2,23.8,12,173.23,1200,0.62
ENE077-000063,2024-01-21,B3,22.7,20,221.54,1800,0.62
ENE077-000064,2024-01-22,B1,20.3,55,136.05,600,0.62
ENE077-000065,2024-01-22,B2,22.8,85,257.71,1200,0.62
ENE077-000066,2024-01-22,B3,22.5,108,342.01,1800,0.62
ENE077-000067,2024-01-23,B1,21.1,37,109.35,600,0.62
ENE077-000068,2024-01-23,B2,21.9,59,194.61,1200,0.62
ENE077-000069,2024-01-23,B3,22.4,98,334.86,1800,0.62
ENE077-000070,2024-01-24,B1,21.2,64,148.16,600,0.62
ENE077-000072,2024-01-24,B3,22.6,128,384.37,1800,0.62
ENE077-000073,2024-01-25,B1,21.7,28,104.54,600,0.62
ENE077-000074,2024-01-25,B2,23.6,69,237.1,1200,0.62
ENE077-000075,2024-01-25,B3,25.4,100,455.13,1800,0.62
ENE077-000076,2024-01-26,B1,23.7,40,147.17,600,0.62
ENE077-000077,2024-01-26,B2,21.2,73,218.54,1200,0.62
ENE077-000078,2024-01-26,B3,23.5,87,354.24,1800,0.62
ENE077-000079,2024-01-27,B1,23.5,7,89.06,600,0.62
ENE077-000080,2024-01-27,B2,23.6,18,162.96,1200,0.62
ENE077-000081,2024-01-27,B3,25.1,21,314.1,1800,0.62
ENE077-000082,2024-01-28,B1,22.1,7,51.75,600,0.62
ENE077-000083,2024-01-28,B2,23.0,17,168.58,1200,0.62
ENE077-000084,2024-01-28,B3,22.8,22,,1800,0.62
ENE077-000085,2024-01-29,B1,21.9,49,135.8,600,0.62
ENE077-000086,2024-01-29,B2,21.9,77,227.49,1200,0.62
ENE077-000087,2024-01-29,B3,24.2,100,391.59,1800,0.62
ENE077-000088,2024-01-30,B1,22.9,60,162.53,600,0.62
ENE077-000089,2024-01-30,B2,23.6,69,230.96,1200,0.62
ENE077-000090,2024-01-30,B3,22.2,94,325.06,1800,0.62
ENE077-000091,2024-01-31,B1,25.2,61,192.24,600,0.62
ENE077-000092,2024-01-31,B2,21.8,84,248.61,1200,0.62
ENE077-000093,2024-01-31,B3,24.2,111,419.27,1800,0.62
ENE077-000094,2024-02-01,B1,22.5,40,132.65,600,0.62
ENE077-000095,2024-02-01,B2,24.2,61,264.39,1200,0.62
ENE077-000096,2024-02-01,B3,22.9,102,357.79,1800,0.62
ENE077-000097,2024-02-02,B1,22.4,42,130.67,600,0.62
ENE077-000098,2024-02-02,B2,22.8,89,277.17,1200,0.62
ENE077-000099,2024-02-02,B3,26.3,93,473.45,1800,0.62
ENE077-000100,2024-02-03,B1,27.9,10,170.79,600,0.62
ENE077-000101,2024-02-03,B2,25.0,13,201.13,1200,0.62
ENE077-000102,2024-02-03,B3,23.1,19,226.51,1800,0.62
ENE077-000103,2024-02-04,B1,24.0,5,79.41,600,0.62
ENE077-000104,2024-02-04,B2,23.8,15,184.1,1200,0.62
ENE077-000105,2024-02-04,B3,22.3,22,220.58,1800,0.62
ENE077-000106,2024-02-05,B1,26.2,35,169.54,600,0.62
ENE077-000107,2024-02-05,B2,22.4,80,247.25,1200,0.62
ENE077-000108,2024-02-05,B3,24.9,112,434.41,1800,0.62
ENE077-000109,2024-02-06,B1,21.0,71,160.48,600,0.62
ENE077-000110,2024-02-06,B2,24.9,87,308.29,1200,0.62
ENE077-000111,2024-02-06,B3,25.5,92,443.6,1800,0.62
ENE077-000112,2024-02-07,B1,22.8,41,118.58,600,0.62
ENE077-000113,2024-02-07,B2,22.1,90,266.92,1200,0.62
ENE077-000114,2024-02-07,B3,26.6,117,521.6,1800,0.62
ENE077-000115,2024-02-08,B1,24.0,24,113.89,600,0.62
ENE077-000116,2024-02-08,B2,22.7,40,197.89,1200,0.62
ENE077-000117,2024-02-08,B3,24.4,107,404.47,1800,0.62
ENE077-000118,2024-02-09,B1,27.2,65,228.39,600,0.62
ENE077-000119,2024-02-09,B2,25.5,73,298.4,1200,0.62
ENE077-000120,2024-02-09,B3,24.7,104,417.54,1800,0.62
ENE077-000121,2024-02-10,B1,24.5,8,92.22,600,0.62
ENE077-000122,2024-02-10,B2,27.4,16,271.0,1200,0.62
ENE077-000123,2024-02-10,B3,25.0,22,310.55,1800,0.62
ENE077-000125,2024-02-11,B2,23.9,13,171.62,1200,0.62
ENE077-000126,2024-02-11,B3,27.0,22,421.27,1800,0.62
ENE077-000127,2024-02-12,B1,26.2,40,184.33,600,0.62
ENE077-000128,2024-02-12,B2,27.3,76,382.71,1200,0.62
ENE077-000129,2024-02-12,B3,25.1,107,444.34,1800,0.62
ENE077-000130,2024-02-13,B1,23.5,44,134.44,600,0.62
ENE077-000131,2024-02-13,B2,21.6,68,223.54,1200,0.62
ENE077-000132,2024-02-13,B3,25.2,110,449.81,1800,0.62
ENE077-000133,2024-02-14,B1,24.4,27,111.22,600,0.62
ENE077-000134,2024-02-14,B2,23.0,85,260.28,1200,0.62
ENE077-000135,2024-02-14,B3,24.1,97,373.58,1800,0.62
ENE077-000136,2024-02-15,B1,25.3,45,167.91,600,0.62
ENE077-000137,2024-02-15,B2,24.6,57,247.63,1200,0.62
ENE077-000138,2024-02-15,B3,26.9,99,519.04,1800,0.62
ENE077-000139,2024-02-16,B1,25.0,47,176.49,600,0.62
ENE077-000140,2024-02-16,B2,27.2,70,357.08,1200,0.62
ENE077-000141,2024-02-16,B3,26.8,122,556.51,1800,0.62
ENE077-000142,2024-02-17,B1,24.8,6,95.6,600,0.62
ENE077-000143,2024-02-17,B2,23.9,13,179.03,1200,0.62
ENE077-000144,2024-02-17,B3,26.7,22,401.87,1800,0.62
ENE077-000145,2024-02-18,B1,24.2,14,97.88,600,0.62
ENE077-000146,2024-02-18,B2,25.2,17,225.11,1200,0.62
ENE077-000147,2024-02-18,B3,24.3,26,295.64,1800,0.62
ENE077-000148,2024-02-19,B1,25.2,65,196.85,600,0.62
ENE077-000149,2024-02-19,B2,26.9,67,333.6,1200,0.62
ENE077-000150,2024-02-19,B3,26.0,84,446.52,1800,0.62
ENE077-000151,2024-02-20,B1,26.1,47,184.88,600,0.62
ENE077-000152,2024-02-20,B2,24.6,78,277.63,1200,0.62
ENE077-000153,2024-02-20,B3,25.7,108,458.31,1800,0.62
ENE077-000154,2024-02-21,B1,26.9,42,188.48,600,0.62
ENE077-000155,2024-02-21,B2,22.7,81,256.19,1200,0.62
ENE077-000156,2024-02-21,B3,27.6,99,543.0,1800,0.62
ENE077-000157,2024-02-22,B1,26.0,54,194.1,600,0.62
ENE077-000158,2024-02-22,B2,24.4,66,272.98,1200,0.62
ENE077-000159,2024-02-22,B3,25.1,127,470.75,1800,0.62
ENE077-000160,2024-02-23,B1,26.6,35,174.9,600,0.62
ENE077-000161,2024-02-23,B2,22.3,78,240.36,1200,0.62
ENE077-000162,2024-02-23,B3,27.3,104,543.56,1800,0.62
ENE077-000163,2024-02-24,B1,26.0,8,128.27,600,0.62
ENE077-000164,2024-02-24,B2,26.7,16,260.46,1200,0.62
ENE077-000165,2024-02-24,B3,26.6,19,377.83,1800,0.62
ENE077-000166,2024-02-25,B1,26.7,5,130.18,600,0.62
ENE077-000167,2024-02-25,B2,26.1,19,,1200,0.62
ENE077-000168,2024-02-25,B3,23.8,21,262.49,1800,0.62
ENE077-000169,2024-02-26,B1,25.2,42,148.71,600,0.62
ENE077-000170,2024-02-26,B2,27.2,78,389.44,1200,0.62
ENE077-000171,2024-02-26,B3,26.4,131,523.1,1800,0.62
ENE077-000172,2024-02-27,B1,25.9,45,181.61,600,0.62
ENE077-000173,2024-02-27,B2,24.5,91,302.52,1200,0.62
ENE077-000174,2024-02-27,B3,27.5,99,565.03,1800,0.62
ENE077-000175,2024-02-28,B1,28.2,55,230.18,600,0.62
ENE077-000176,2024-02-28,B2,26.8,84,357.04,1200,0.62
ENE077-000178,2024-02-29,B1,25.6,25,135.61,600,0.62
ENE077-000179,2024-02-29,B2,26.7,76,359.98,1200,0.62
ENE077-000180,2024-02-29,B3,26.4,105,491.35,1800,0.62
ENE077-000181,2024-03-01,B1,24.7,40,140.62,600,0.62
ENE077-000182,2024-03-01,B2,28.0,63,391.14,1200,0.62
ENE077-000183,2024-03-01,B3,25.0,90,416.56,1800,0.62
ENE077-000184,2024-03-02,B1,25.1,11,115.72,600,0.62
ENE077-000185,2024-03-02,B2,27.8,15,308.9,1200,0.62
ENE077-000186,2024-03-02,B3,27.3,21,418.14,1800,0.62
ENE077-000187,2024-03-03,B1,28.3,14,185.91,600,0.62
ENE077-000188,2024-03-03,B2,30.2,16,426.36,1200,0.62
ENE077-000189,2024-03-03,B3,27.6,24,449.6,1800,0.62
ENE077-000190,2024-03-04,B1,26.0,49,176.27,600,0.62
ENE077-000191,2024-03-04,B2,29.0,70,442.7,1200,0.62
ENE077-000192,2024-03-04,B3,25.2,100,429.85,1800,0.62
ENE077-000193,2024-03-05,B1,24.2,12,106.15,600,0.62
ENE077-000194,2024-03-05,B2,26.9,100,395.57,1200,0.62
ENE077-000195,2024-03-05,B3,29.6,99,692.07,1800,0.62
ENE077-000196,2024-03-06,B1,29.9,56,270.81,600,0.62
ENE077-000197,2024-03-06,B2,27.8,85,404.86,1200,0.62
ENE077-000198,2024-03-06,B3,25.6,112,455.88,1800,0.62
ENE077-000199,2024-03-07,B1,27.5,39,209.49,600,0.62
ENE077-000200,2024-03-07,B2,28.0,92,431.07,1200,0.62
ENE077-000201,2024-03-07,B3,27.2,103,550.23,1800,0.62
ENE077-000202,2024-03-08,B1,28.8,51,242.8,600,0.62
ENE077-000203,2024-03-08,B2,29.2,66,444.57,1200,0.62
ENE077-000204,2024-03-08,B3,25.3,120,455.74,1800,0.62
ENE077-000205,2024-03-09,B1,25.6,10,120.18,600,0.62
ENE077-000206,2024-03-09,B2,27.5,16,291.55,1200,0.62
ENE077-000207,2024-03-09,B3,27.5,24,455.6,1800,0.62
ENE077-000208,2024-03-10,B1,28.2,11,174.61,600,0.62
ENE077-000209,2024-03-10,B2,25.7,16,242.1,1200,0.62
ENE077-000210,2024-03-10,B3,29.3,23,553.76,1800,0.62
ENE077-000211,2024-03-11,B1,27.0,41,190.32,600,0.62
ENE077-000212,2024-03-11,B2,27.4,90,"395,67",1200,0.62
ENE077-000213,2024-03-11,B3,27.4,128,582.05,1800,0.62
ENE077-000214,2024-03-12,B1,27.4,34,179.27,600,0.62
ENE077-000215,2024-03-12,B2,28.5,89,464.22,1200,0.62
ENE077-000216,2024-03-12,B3,28.3,104,622.13,1800,0.62
ENE077-000217,2024-03-13,B1,26.8,55,197.88,600,0.62
ENE077-000218,2024-03-13,B2,26.1,90,364.4,1200,0.62
ENE077-000219,2024-03-13,B3,27.4,89,528.41,1800,0.62
ENE077-000220,2024-03-14,B1,31.0,33,258.37,600,0.62
ENE077-000221,2024-03-14,B2,28.9,87,456.43,1200,0.62
ENE077-000222,2024-03-14,B3,26.9,104,530.22,1800,0.62
ENE077-000223,2024-03-15,B1,25.9,35,154.36,600,0.62
ENE077-000224,2024-03-15,B2,27.2,58,347.88,1200,0.62
ENE077-000225,2024-03-15,B3,30.0,115,752.28,1800,0.62
ENE077-000226,2024-03-16,B1,27.7,9,150.96,600,0.62
ENE077-000227,2024-03-16,B2,26.0,11,244.58,1200,0.62
ENE077-000228,2024-03-16,B3,28.6,20,501.24,1800,0.62
ENE077-000229,2024-03-17,B1,28.4,9,171.77,600,0.62
ENE077-000231,2024-03-17,B3,26.8,21,385.45,1800,0.62
ENE077-000232,2024-03-18,B1,26.3,35,159.91,600,0.62
ENE077-000233,2024-03-18,B2,29.9,67,489.51,1200,0.62
ENE077-000234,2024-03-18,B3,27.8,106,590.71,1800,0.62
ENE077-000235,2024-03-19,B1,27.1,28,166.64,600,0.62
ENE077-000236,2024-03-19,B2,24.2,78,263.44,1200,0.62
ENE077-000237,2024-03-19,B3,27.4,103,551.31,1800,0.62
ENE077-000238,2024-03-20,B1,29.8,44,260.39,600,0.62
ENE077-000239,2024-03-20,B2,30.4,91,555.1,1200,0.62
ENE077-000240,2024-03-20,B3,27.6,119,605.12,1800,0.62
ENE077-000241,2024-03-21,B1,30.0,38,265.36,600,0.62
ENE077-000242,2024-03-21,B2,29.0,68,446.6,1200,0.62
ENE077-000243,2024-03-21,B3,26.3,110,505.97,1800,0.62
ENE077-000244,2024-03-22,B1,28.5,29,193.13,600,0.62
ENE077-000245,2024-03-22,B2,26.0,83,349.81,1200,0.62
ENE077-000246,2024-03-22,B3,27.3,111,563.45,1800,0.62
ENE077-000247,2024-03-23,B1,26.1,8,124.2,600,0.62
ENE077-000248,2024-03-23,B2,26.7,11,275.37,1200,0.62
ENE077-000249,2024-03-23,B3,25.9,19,353.31,1800,0.62
ENE077-000250,2024-03-24,B1,28.8,9,,600,0.62
ENE077-000251,2024-03-24,B2,29.8,13,406.32,1200,0.62
ENE077-000252,2024-03-24,B3,27.2,23,420.25,1800,0.62
ENE077-000253,2024-03-25,B1,28.4,59,243.16,600,0.62
ENE077-000254,2024-03-25,B2,29.9,69,488.88,1200,0.62
ENE077-000255,2024-03-25,B3,29.0,113,676.04,1800,0.62
ENE077-000256,2024-03-26,B1,27.3,68,242.77,600,0.62
ENE077-000257,2024-03-26,B2,29.2,64,442.19,1200,0.62
ENE077-000258,2024-03-26,B3,29.3,90,668.11,1800,0.62
ENE077-000259,2024-03-27,B1,28.1,47,223.36,600,0.62
ENE077-000260,2024-03-27,B2,27.0,70,362.68,1200,0.62
ENE077-000261,2024-03-27,B3,28.7,83,603.05,1800,0.62
ENE077-000262,2024-03-28,B1,25.9,42,169.11,600,0.62
ENE077-000263,2024-03-28,B2,29.0,58,426.02,1200,0.62
ENE077-000264,2024-03-28,B3,29.9,104,736.87,1800,0.62
ENE077-000265,2024-03-29,B1,27.4,38,189.76,600,0.62
ENE077-000266,2024-03-29,B2,30.1,60,480.22,1200,0.62
ENE077-000267,2024-03-29,B3,27.3,98,550.45,1800,0.62
ENE077-000268,2024-03-30,B1,29.7,7,213.03,600,0.62
ENE077-000269,2024-03-30,B2,26.0,12,222.2,1200,0.62
ENE077-000270,2024-03-30,B3,28.9,23,540.82,1800,0.62
ENE077-000271,2024-03-31,B1,26.0,8,113.44,600,0.62
ENE077-000272,2024-03-31,B2,26.1,10,250.65,1200,0.62
ENE077-000273,2024-03-31,B3,31.1,22,698.67,1800,0.62
ENE077-000274,2024-04-01,B1,29.3,40,241.06,600,0.62
ENE077-000275,2024-04-01,B2,27.7,79,400.6,1200,0.62
ENE077-000276,2024-04-01,B3,27.2,109,544.48,1800,0.62
ENE077-000277,2024-04-02,B1,26.2,51,182.84,600,0.62
ENE077-000278,2024-04-02,B2,29.8,80,502.42,1200,0.62
ENE077-000279,2024-04-02,B3,29.2,90,652.79,1800,0.62
ENE077-000280,2024-04-03,B1,27.5,46,198.73,600,0.62
ENE077-000281,2024-04-03,B2,28.1,89,432.85,1200,0.62
ENE077-000282,2024-04-03,B3,28.9,102,670.96,1800,0.62
ENE077-000284,2024-04-04,B2,27.5,84,409.18,1200,0.62
ENE077-000285,2024-04-04,B3,25.7,101,456.24,1800,0.62
ENE077-000286,2024-04-05,B1,26.5,31,159.78,600,0.62
ENE077-000287,2024-04-05,B2,28.0,85,417.74,1200,0.62
ENE077-000288,2024-04-05,B3,25.6,101,459.62,1800,0.62
ENE077-000289,2024-04-06,B1,28.6,9,161.03,600,0.62
ENE077-000290,2024-04-06,B2,28.4,16,343.73,1200,0.62
ENE077-000291,2024-04-06,B3,28.1,17,460.82,1800,0.62
ENE077-000292,2024-04-07,B1,29.6,7,196.58,600,0.62
ENE077-000293,2024-04-07,B2,30.3,14,434.34,1200,0.62
ENE077-000294,2024-04-07,B3,30.3,23,641.4,1800,0.62
ENE077-000295,2024-04-08,B1,27.6,32,189.98,600,0.62
ENE077-000296,2024-04-08,B2,28.8,89,463.69,1200,0.62
ENE077-000297,2024-04-08,B3,30.4,89,768.82,1800,0.62
ENE077-000298,2024-04-09,B1,27.1,38,180.43,600,0.62
ENE077-000299,2024-04-09,B2,29.7,78,503.53,1200,0.62
ENE077-000300,2024-04-09,B3,26.1,88,465.31,1800,0.62
ENE077-000301,2024-04-10,B1,27.4,25,174.39,600,0.62
ENE077-000302,2024-04-10,B2,27.8,66,375.69,1200,0.62
ENE077-000303,2024-04-10,B3,29.4,82,645.0,1800,0.62
ENE077-000304,2024-04-11,B1,28.8,69,273.35,600,0.62
ENE077-000305,2024-04-11,B2,24.1,70,266.69,1200,0.62
ENE077-000306,2024-04-11,B3,28.9,96,648.51,1800,0.62
ENE077-000307,2024-04-12,B1,26.1,35,165.04,600,0.62
ENE077-000308,2024-04-12,B2,24.8,100,320.46,1200,0.62
ENE077-000309,2024-04-12,B3,27.2,116,567.8,1800,0.62
ENE077-000310,2024-04-13,B1,27.5,9,154.43,600,0.62
ENE077-000311,2024-04-13,B2,31.4,19,495.26,1200,0.62
ENE077-000312,2024-04-13,B3,27.8,22,452.91,1800,0.62
ENE077-000313,2024-04-14,B1,25.4,15,126.33,600,0.62
ENE077-000314,2024-04-14,B2,27.5,14,291.94,1200,0.62
ENE077-000315,2024-04-14,B3,27.4,24,423.2,1800,0.62
ENE077-000316,2024-04-15,B1,25.5,65,194.73,600,0.62
ENE077-000317,2024-04-15,B2,29.1,71,472.23,1200,0.62
ENE077-000318,2024-04-15,B3,29.7,93,707.49,1800,0.62
ENE077-000319,2024-04-16,B1,29.8,30,230.84,600,0.62
ENE077-000320,2024-04-16,B2,26.8,65,333.19,1200,0.62
ENE077-000321,2024-04-16,B3,26.2,93,470.61,1800,0.62
ENE077-000322,2024-04-17,B1,29.1,43,251.24,600,0.62
ENE077-000323,2024-04-17,B2,25.9,62,304.66,1200,0.62
ENE077-000324,2024-04-17,B3,26.6,105,513.04,1800,0.62
ENE077-000325,2024-04-18,B1,28.9,37,228.5,600,0.62
ENE077-000326,2024-04-18,B2,27.2,88,394.48,1200,0.62
ENE077-000327,2024-04-18,B3,30.2,121,786.63,1800,0.62
ENE077-000328,2024-04-19,B1,27.0,60,217.83,600,0.62
ENE077-000329,2024-04-19,B2,26.7,73,346.24,1200,0.62
ENE077-000330,2024-04-19,B3,28.5,91,613.13,1800,0.62
ENE077-000331,2024-04-20,B1,26.9,12,143.44,600,0.62
ENE077-000332,2024-04-20,B2,25.3,12,209.89,1200,0.62
ENE077-000333,2024-04-20,B3,29.0,22,,1800,0.62
ENE077-000334,2024-04-21,B1,28.2,8,155.73,600,0.62
ENE077-000335,2024-04-21,B2,28.0,16,316.02,1200,0.62
ENE077-000337,2024-04-22,B1,29.9,50,262.38,600,0.62
ENE077-000338,2024-04-22,B2,26.1,71,327.08,1200,0.62
ENE077-000339,2024-04-22,B3,27.8,109,589.48,1800,0.62
ENE077-000340,2024-04-23,B1,28.2,58,232.13,600,0.62
ENE077-000341,2024-04-23,B2,26.2,98,353.24,1200,0.62
ENE077-000342,2024-04-23,B3,28.4,97,613.26,1800,0.62
ENE077-000343,2024-04-24,B1,27.1,27,167.84,600,0.62
ENE077-000344,2024-04-24,B2,25.5,67,298.15,1200,0.62
ENE077-000345,2024-04-24,B3,27.0,99,516.87,1800,0.62
ENE077-000346,2024-04-25,B1,26.9,61,219.15,600,0.62
ENE077-000347,2024-04-25,B2,25.4,90,327.85,1200,0.62
ENE077-000348,2024-04-25,B3,25.6,113,472.74,1800,0.62
ENE077-000349,2024-04-26,B1,25.1,46,173.25,600,0.62
ENE077-000350,2024-04-26,B2,27.6,58,358.48,1200,0.62
ENE077-000351,2024-04-26,B3,28.9,84,615.0,1800,0.62
ENE077-000352,2024-04-27,B1,26.9,10,127.3,600,0.62
ENE077-000353,2024-04-27,B2,31.7,16,511.79,1200,0.62
ENE077-000354,2024-04-27,B3,24.5,21,283.04,1800,0.62
ENE077-000355,2024-04-28,B1,28.6,10,168.63,600,0.62
ENE077-000356,2024-04-28,B2,28.1,16,336.62,1200,0.62
ENE077-000357,2024-04-28,B3,26.3,19,360.92,1800,0.62
ENE077-000358,2024-04-29,B1,26.0,52,190.85,600,0.62
ENE077-000359,2024-04-29,B2,25.7,54,271.68,1200,0.62
ENE077-000360,2024-04-29,B3,28.3,120,636.53,1800,0.62
ENE077-000361,2024-04-30,B1,28.8,22,201.85,600,0.62
ENE077-000362,2024-04-30,B2,27.3,67,359.64,1200,0.62
ENE077-000363,2024-04-30,B3,24.4,116,425.78,1800,0.62
ENE077-000364,2024-05-01,B1,26.4,56,208.41,600,0.62
ENE077-000365,2024-05-01,B2,28.6,99,471.47,1200,0.62
ENE077-000366,2024-05-01,B3,27.1,103,535.34,1800,0.62
ENE077-000367,2024-05-02,B1,27.6,49,200.38,600,0.62
ENE077-000368,2024-05-02,B2,25.7,59,299.36,1200,0.62
ENE077-000369,2024-05-02,B3,28.3,109,618.77,1800,0.62
ENE077-000370,2024-05-03,B1,29.2,35,233.25,600,0.62
ENE077-000371,2024-05-03,B2,26.6,94,366.71,1200,0.62
ENE077-000372,2024-05-03,B3,29.4,95,688.35,1800,0.62
ENE077-000373,2024-05-04,B1,24.2,6,75.42,600,0.62
ENE077-000374,2024-05-04,B2,25.9,19,237.9,1200,0.62
ENE077-000375,2024-05-04,B3,27.3,22,428.93,1800,0.62
ENE077-000376,2024-05-05,B1,28.3,9,156.85,600,0.62
ENE077-000377,2024-05-05,B2,25.7,19,238.23,1200,0.62
ENE077-000378,2024-05-05,B3,29.3,20,551.8,1800,0.62
ENE077-000379,2024-05-06,B1,27.2,44,207.73,600,0.62
ENE077-000380,2024-05-06,B2,25.5,104,351.57,1200,0.62
ENE077-000381,2024-05-06,B3,26.4,122,523.42,1800,0.62
ENE077-000382,2024-05-07,B1,26.9,50,201.96,600,0.62
ENE077-000383,2024-05-07,B2,24.3,57,249.62,1200,0.62
ENE077-000384,2024-05-07,B3,27.0,92,504.69,1800,0.62
ENE077-000385,2024-05-08,B1,26.6,41,182.82,600,0.62
ENE077-000386,2024-05-08,B2,27.1,71,361.44,1200,0.62
ENE077-000387,2024-05-08,B3,25.8,93,449.6,1800,0.62
ENE077-000388,2024-05-09,B1,26.4,54,209.1,600,0.62
ENE077-000390,2024-05-09,B3,26.5,103,501.54,1800,0.62
ENE077-000391,2024-05-10,B1,27.8,66,233.86,600,0.62
ENE077-000392,2024-05-10,B2,27.6,55,350.08,1200,0.62
ENE077-000393,2024-05-10,B3,25.7,118,482.01,1800,0.62
ENE077-000394,2024-05-11,B1,25.0,8,100.95,600,0.62
ENE077-000395,2024-05-11,B2,27.4,15,298.27,1200,0.62
ENE077-000396,2024-05-11,B3,25.5,15,316.17,1800,0.62
ENE077-000397,2024-05-12,B1,26.2,8,119.92,600,0.62
ENE077-000398,2024-05-12,B2,24.6,16,195.23,1200,0.62
ENE077-000399,2024-05-12,B3,28.9,24,542.25,1800,0.62
ENE077-000400,2024-05-13,B1,23.8,45,146.48,600,0.62
ENE077-000401,2024-05-13,B2,24.2,75,255.56,1200,0.62
ENE077-000402,2024-05-13,B3,27.7,91,562.66,1800,0.62
ENE077-000403,2024-05-14,B1,25.0,32,137.28,600,0.62
ENE077-000404,2024-05-14,B2,25.6,69,311.89,1200,0.62
ENE077-000405,2024-05-14,B3,28.1,100,608.21,1800,0.62
ENE077-000406,2024-05-15,B1,24.1,41,127.45,600,0.62
ENE077-000407,2024-05-15,B2,24.3,80,288.91,1200,0.62
ENE077-000408,2024-05-15,B3,24.4,116,429.49,1800,0.62
ENE077-000409,2024-05-16,B1,26.0,41,179.6,600,0.62
ENE077-000410,2024-05-16,B2,24.1,78,264.08,1200,0.62
ENE077-000411,2024-05-16,B3,25.1,107,445.57,1800,0.62
ENE077-000412,2024-05-17,B1,22.2,44,126.8,600,0.62
ENE077-000413,2024-05-17,B2,23.8,63,246.66,1200,0.62
ENE077-000414,2024-05-17,B3,25.0,80,395.23,1800,0.62
ENE077-000415,2024-05-18,B1,26.7,9,139.75,600,0.62
ENE077-000416,2024-05-18,B2,24.0,15,,1200,0.62
ENE077-000417,2024-05-18,B3,25.3,17,315.33,1800,0.62
ENE077-000418,2024-05-19,B1,24.7,8,105.0,600,0.62
ENE077-000419,2024-05-19,B2,26.6,13,252.25,1200,0.62
ENE077-000420,2024-05-19,B3,25.9,21,356.62,1800,0.62
ENE077-000421,2024-05-20,B1,24.3,43,156.54,600,0.62
ENE077-000422,2024-05-20,B2,27.1,78,371.72,1200,0.62
ENE077-000423,2024-05-20,B3,26.9,99,"505,82",1800,0.62
ENE077-000424,2024-05-21,B1,27.0,21,157.18,600,0.62
ENE077-000425,2024-05-21,B2,26.7,72,348.03,1200,0.62
ENE077-000426,2024-05-21,B3,26.6,111,521.48,1800,0.62
ENE077-000427,2024-05-22,B1,23.8,49,149.83,600,0.62
ENE077-000428,2024-05-22,B2,23.7,71,259.05,1200,0.62
ENE077-000429,2024-05-22,B3,24.2,103,403.18,1800,0.62
ENE077-000430,2024-05-23,B1,24.6,47,164.8,600,0.62
ENE077-000431,2024-05-23,B2,24.5,77,291.39,1200,0.62
ENE077-000432,2024-05-23,B3,24.5,108,429.2,1800,0.62
ENE077-000433,2024-05-24,B1,24.9,27,126.04,600,0.62
ENE077-000434,2024-05-24,B2,24.3,67,264.43,1200,0.62
ENE077-000435,2024-05-24,B3,24.8,112,427.56,1800,0.62
ENE077-000436,2024-05-25,B1,24.2,9,88.63,600,0.62
ENE077-000437,2024-05-25,B2,25.1,13,208.66,1200,0.62
ENE077-000438,2024-05-25,B3,26.0,23,353.6,1800,0.62
ENE077-000439,2024-05-26,B1,29.1,7,188.46,600,0.62
ENE077-000440,2024-05-26,B2,21.3,16,138.34,1200,0.62
ENE077-000441,2024-05-26,B3,23.9,24,272.32,1800,0.62
ENE077-000443,2024-05-27,B2,26.2,76,334.19,1200,0.62
ENE077-000444,2024-05-27,B3,25.3,104,445.61,1800,0.62
ENE077-000445,2024-05-28,B1,24.0,46,146.04,600,0.62
ENE077-000446,2024-05-28,B2,24.8,58,264.78,1200,0.62
ENE077-000447,2024-05-28,B3,24.5,124,441.92,1800,0.62
ENE077-000448,2024-05-29,B1,24.3,36,140.32,600,0.62
ENE077-000449,2024-05-29,B2,22.6,56,208.46,1200,0.62
ENE077-000450,2024-05-29,B3,26.6,105,515.63,1800,0.62
ENE077-000451,2024-05-30,B1,24.7,41,144.3,600,0.62
ENE077-000452,2024-05-30,B2,22.0,59,212.04,1200,0.62
ENE077-000453,2024-05-30,B3,21.7,112,339.0,1800,0.62
ENE077-000454,2024-05-31,B1,24.5,34,131.01,600,0.62
ENE077-000455,2024-05-31,B2,23.6,79,262.44,1200,0.62
ENE077-000456,2024-05-31,B3,22.5,108,349.16,1800,0.62
ENE077-000457,2024-06-01,B1,23.4,8,83.22,600,0.62
ENE077-000458,2024-06-01,B2,22.9,17,147.75,1200,0.62
ENE077-000459,2024-06-01,B3,26.0,23,364.94,1800,0.62
ENE077-000460,2024-06-02,B1,23.7,9,91.31,600,0.62
ENE077-000461,2024-06-02,B2,21.5,12,124.86,1200,0.62
ENE077-000462,2024-06-02,B3,21.6,24,203.08,1800,0.62
ENE077-000463,2024-06-03,B1,24.7,55,159.51,600,0.62
ENE077-000464,2024-06-03,B2,22.6,58,222.56,1200,0.62
ENE077-000465,2024-06-03,B3,24.2,105,394.59,1800,0.62
ENE077-000466,2024-06-04,B1,21.9,53,138.37,600,0.62
ENE077-000467,2024-06-04,B2,23.8,83,269.41,1200,0.62
ENE077-000468,2024-06-04,B3,25.9,114,472.34,1800,0.62
ENE077-000469,2024-06-05,B1,23.8,59,180.04,600,0.62
ENE077-000470,2024-06-05,B2,22.4,72,245.25,1200,0.62
ENE077-000471,2024-06-05,B3,23.7,124,421.27,1800,0.62
ENE077-000472,2024-06-06,B1,27.4,35,192.12,600,0.62
ENE077-000473,2024-06-06,B2,22.2,83,258.61,1200,0.62
ENE077-000474,2024-06-06,B3,21.5,92,296.42,1800,0.62
ENE077-000475,2024-06-07,B1,23.6,47,134.97,600,0.62
ENE077-000476,2024-06-07,B2,24.2,57,257.0,1200,0.62
ENE077-000477,2024-06-07,B3,22.5,109,334.89,1800,0.62
ENE077-000478,2024-06-08,B1,20.1,11,63.5,600,0.62
ENE077-000479,2024-06-08,B2,20.5,13,116.48,1200,0.62
ENE077-000480,2024-06-08,B3,25.0,19,284.67,1800,0.62
ENE077-000481,2024-06-09,B1,21.0,7,55.11,600,0.62
ENE077-000482,2024-06-09,B2,23.7,13,155.07,1200,0.62
ENE077-000483,2024-06-09,B3,21.9,18,207.33,1800,0.62
ENE077-000484,2024-06-10,B1,23.0,55,150.6,600,0.62
ENE077-000485,2024-06-10,B2,23.6,85,287.12,1200,0.62
ENE077-000486,2024-06-10,B3,23.2,100,360.88,1800,0.62
ENE077-000487,2024-06-11,B1,19.0,60,119.88,600,0.62
ENE077-000488,2024-06-11,B2,21.1,60,195.88,1200,0.62
ENE077-000489,2024-06-11,B3,21.3,99,325.2,1800,0.62
ENE077-000490,2024-06-12,B1,20.5,49,123.7,600,0.62
ENE077-000491,2024-06-12,B2,22.4,62,208.91,1200,0.62
ENE077-000492,2024-06-12,B3,22.5,89,319.79,1800,0.62
ENE077-000493,2024-06-13,B1,21.1,39,117.73,600,0.62
ENE077-000494,2024-06-13,B2,23.2,72,245.51,1200,0.62
ENE077-000496,2024-06-14,B1,20.6,45,100.97,600,0.62
ENE077-000497,2024-06-14,B2,21.1,45,174.53,1200,0.62
ENE077-000498,2024-06-14,B3,20.9,111,327.71,1800,0.62
ENE077-000499,2024-06-15,B1,22.7,7,,600,0.62
ENE077-000500,2024-06-15,B2,23.3,12,159.73,1200,0.62
ENE077-000501,2024-06-15,B3,21.6,19,195.22,1800,0.62
ENE077-000502,2024-06-16,B1,23.5,11,86.27,600,0.62
ENE077-000503,2024-06-16,B2,20.5,19,137.08,1200,0.62
ENE077-000504,2024-06-16,B3,21.7,19,205.12,1800,0.62
ENE077-000505,2024-06-17,B1,20.4,52,128.34,600,0.62
ENE077-000506,2024-06-17,B2,21.3,64,204.21,1200,0.62
ENE077-000507,2024-06-17,B3,22.2,109,350.77,1800,0.62
ENE077-000508,2024-06-18,B1,20.7,52,124.22,600,0.62
ENE077-000509,2024-06-18,B2,19.6,85,223.38,1200,0.62
ENE077-000510,2024-06-18,B3,23.0,100,362.96,1800,0.62
ENE077-000511,2024-06-19,B1,22.1,61,151.77,600,0.62
ENE077-000512,2024-06-19,B2,18.4,74,203.41,1200,0.62
ENE077-000513,2024-06-19,B3,21.3,98,317.36,1800,0.62
ENE077-000514,2024-06-20,B1,19.3,38,125.51,600,0.62
ENE077-000515,2024-06-20,B2,19.5,72,215.77,1200,0.62
ENE077-000516,2024-06-20,B3,22.0,107,336.22,1800,0.62
ENE077-000517,2024-06-21,B1,22.2,38,116.92,600,0.62
ENE077-000518,2024-06-21,B2,20.8,67,195.3,1200,0.62
ENE077-000519,2024-06-21,B3,20.8,108,325.59,1800,0.62
ENE077-000520,2024-06-22,B1,21.7,9,66.75,600,0.62
ENE077-000521,2024-06-22,B2,21.9,17,140.91,1200,0.62
ENE077-000522,2024-06-22,B3,17.9,20,178.78,1800,0.62
ENE077-000523,2024-06-23,B1,19.2,8,57.35,600,0.62
ENE077-000524,2024-06-23,B2,19.7,14,125.95,1200,0.62
ENE077-000525,2024-06-23,B3,17.6,24,195.18,1800,0.62
ENE077-000526,2024-06-24,B1,17.9,42,110.81,600,0.62
ENE077-000527,2024-06-24,B2,21.4,83,250.14,1200,0.62
ENE077-000528,2024-06-24,B3,19.4,90,271.01,1800,0.62
ENE077-000529,2024-06-25,B1,21.5,29,114.61,600,0.62
ENE077-000530,2024-06-25,B2,19.7,89,233.03,1200,0.62
ENE077-000531,2024-06-25,B3,19.8,96,293.45,1800,0.62
ENE077-000532,2024-06-26,B1,20.1,30,113.06,600,0.62
ENE077-000533,2024-06-26,B2,21.6,55,194.48,1200,0.62
ENE077-000534,2024-06-26,B3,18.7,106,324.42,1800,0.62
ENE077-000535,2024-06-27,B1,19.4,43,122.97,600,0.62
ENE077-000536,2024-06-27,B2,19.4,56,185.92,1200,0.62
ENE077-000537,2024-06-27,B3,22.4,87,332.9,1800,0.62
ENE077-000538,2024-06-28,B1,20.3,70,143.33,600,0.62
ENE077-000539,2024-06-28,B2,21.6,63,214.82,1200,0.62
ENE077-000540,2024-06-28,B3,19.0,129,343.43,1800,0.62
ENE077-000541,2024-06-29,B1,19.4,11,59.65,600,0.62
ENE077-000542,2024-06-29,B2,20.8,15,136.64,1200,0.62
ENE077-000543,2024-06-29,B3,18.7,26,186.58,1800,0.62
ENE077-000544,2024-06-30,B1,16.1,9,70.95,600,0.62
ENE077-000545,2024-06-30,B2,16.5,17,138.01,1200,0.62
ENE077-000546,2024-06-30,B3,20.1,21,189.34,1800,0.62
ENE077-000547,2024-07-01,B1,17.8,31,113.13,600,0.62
ENE077-000549,2024-07-01,B3,20.1,111,328.37,1800,0.62
ENE077-000550,2024-07-02,B1,17.7,39,109.45,600,0.62
ENE077-000551,2024-07-02,B2,20.1,76,218.54,1200,0.62
ENE077-000552,2024-07-02,B3,18.4,89,281.57,1800,0.62
ENE077-000553,2024-07-03,B1,17.2,72,177.39,600,0.62
ENE077-000554,2024-07-03,B2,15.6,84,247.46,1200,0.62
ENE077-000555,2024-07-03,B3,15.5,95,337.42,1800,0.62
ENE077-000556,2024-07-04,B1,19.5,31,95.53,600,0.62
ENE077-000557,2024-07-04,B2,19.3,92,233.74,1200,0.62
ENE077-000558,2024-07-04,B3,21.5,113,342.51,1800,0.62
ENE077-000559,2024-07-05,B1,16.2,56,155.37,600,0.62
ENE077-000560,2024-07-05,B2,18.8,55,185.05,1200,0.62
ENE077-000561,2024-07-05,B3,20.8,103,304.31,1800,0.62
ENE077-000562,2024-07-06,B1,17.7,13,72.03,600,0.62
ENE077-000563,2024-07-06,B2,18.7,16,118.12,1200,0.62
ENE077-000564,2024-07-06,B3,18.4,25,193.74,1800,0.62
ENE077-000565,2024-07-07,B1,20.3,11,65.04,600,0.62
ENE077-000566,2024-07-07,B2,17.8,13,128.03,1200,0.62
ENE077-000567,2024-07-07,B3,16.7,18,195.49,1800,0.62
ENE077-000568,2024-07-08,B1,20.5,19,77.98,600,0.62
ENE077-000569,2024-07-08,B2,17.5,80,217.18,1200,0.62
ENE077-000570,2024-07-08,B3,19.6,96,300.1,1800,0.62
ENE077-000571,2024-07-09,B1,16.4,52,141.57,600,0.62
ENE077-000572,2024-07-09,B2,17.2,86,237.61,1200,0.62
ENE077-000573,2024-07-09,B3,16.4,112,352.19,1800,0.62
ENE077-000574,2024-07-10,B1,19.3,35,101.19,600,0.62
ENE077-000575,2024-07-10,B2,16.3,71,218.85,1200,0.62
ENE077-000576,2024-07-10,B3,16.7,86,302.75,1800,0.62
ENE077-000577,2024-07-11,B1,19.6,30,90.14,600,0.62
ENE077-000578,2024-07-11,B2,20.6,51,177.47,1200,0.62
ENE077-000579,2024-07-11,B3,17.8,118,320.2,1800,0.62
ENE077-000580,2024-07-12,B1,17.9,45,123.07,600,0.62
ENE077-000581,2024-07-12,B2,15.8,80,251.59,1200,0.62
ENE077-000582,2024-07-12,B3,18.4,104,,1800,0.62
ENE077-000583,2024-07-13,B1,16.7,10,86.47,600,0.62
ENE077-000584,2024-07-13,B2,18.0,14,107.01,1200,0.62
ENE077-000585,2024-07-13,B3,15.4,19,217.22,1800,0.62
ENE077-000586,2024-07-14,B1,18.2,9,69.35,600,0.62
ENE077-000587,2024-07-14,B2,15.7,17,159.47,1200,0.62
ENE077-000588,2024-07-14,B3,18.3,22,191.01,1800,0.62
ENE077-000589,2024-07-15,B1,16.8,27,100.25,600,0.62
ENE077-000590,2024-07-15,B2,17.4,74,221.64,1200,0.62
ENE077-000591,2024-07-15,B3,16.6,87,302.44,1800,0.62
ENE077-000592,2024-07-16,B1,15.2,37,128.23,600,0.62
ENE077-000593,2024-07-16,B2,17.8,73,221.53,1200,0.62
ENE077-000594,2024-07-16,B3,17.5,119,322.55,1800,0.62
ENE077-000595,2024-07-17,B1,17.6,45,110.45,600,0.62
ENE077-000596,2024-07-17,B2,15.4,81,250.35,1200,0.62
ENE077-000597,2024-07-17,B3,14.9,104,370.69,1800,0.62
ENE077-000598,2024-07-18,B1,16.0,42,133.42,600,0.62
ENE077-000599,2024-07-18,B2,16.6,72,213.94,1200,0.62
ENE077-000600,2024-07-18,B3,14.6,96,375.42,1800,0.62
ENE077-000602,2024-07-19,B2,13.1,77,295.42,1200,0.62
ENE077-000603,2024-07-19,B3,16.2,101,322.69,1800,0.62
ENE077-000604,2024-07-20,B1,13.9,11,98.67,600,0.62
ENE077-000605,2024-07-20,B2,15.1,15,160.38,1200,0.62
ENE077-000606,2024-07-20,B3,17.8,23,192.83,1800,0.62
ENE077-000607,2024-07-21,B1,16.1,8,81.63,600,0.62
ENE077-000608,2024-07-21,B2,15.8,15,128.03,1200,0.62
ENE077-000609,2024-07-21,B3,17.4,21,175.16,1800,0.62
ENE077-000610,2024-07-22,B1,15.2,54,153.79,600,0.62
ENE077-000611,2024-07-22,B2,16.4,59,220.1,1200,0.62
ENE077-000612,2024-07-22,B3,17.2,103,303.41,1800,0.62
ENE077-000613,2024-07-23,B1,17.2,35,129.92,600,0.62
ENE077-000614,2024-07-23,B2,15.7,66,228.36,1200,0.62
ENE077-000615,2024-07-23,B3,16.7,100,306.36,1800,0.62
ENE077-000616,2024-07-24,B1,15.0,53,149.19,600,0.62
ENE077-000617,2024-07-24,B2,17.8,66,190.32,1200,0.62
ENE077-000618,2024-07-24,B3,16.6,107,342.02,1800,0.62
ENE077-000619,2024-07-25,B1,14.8,58,172.9,600,0.62
ENE077-000620,2024-07-25,B2,15.0,64,234.66,1200,0.62
ENE077-000621,2024-07-25,B3,13.9,115,402.82,1800,0.62
ENE077-000622,2024-07-26,B1,16.1,50,139.72,600,0.62
ENE077-000623,2024-07-26,B2,15.0,74,251.72,1200,0.62
ENE077-000624,2024-07-26,B3,13.8,113,401.74,1800,0.62
ENE077-000625,2024-07-27,B1,14.4,13,82.49,600,0.62
ENE077-000626,2024-07-27,B2,15.1,16,173.5,1200,0.62
ENE077-000627,2024-07-27,B3,16.3,20,201.49,1800,0.62
ENE077-000628,2024-07-28,B1,16.3,7,69.75,600,0.62
ENE077-000629,2024-07-28,B2,13.5,11,194.21,1200,0.62
ENE077-000630,2024-07-28,B3,12.7,18,314.1,1800,0.62
ENE077-000631,2024-07-29,B1,12.2,24,129.54,600,0.62
ENE077-000632,2024-07-29,B2,13.4,96,319.63,1200,0.62
ENE077-000633,2024-07-29,B3,15.0,92,345.34,1800,0.62
ENE077-000634,2024-07-30,B1,16.1,49,"124,09",600,0.62
ENE077-000635,2024-07-30,B2,16.6,82,236.12,1200,0.62
ENE077-000636,2024-07-30,B3,14.4,100,380.11,1800,0.62
ENE077-000637,2024-07-31,B1,15.5,30,114.04,600,0.62
ENE077-000638,2024-07-31,B2,17.0,59,183.43,1200,0.62
ENE077-000639,2024-07-31,B3,16.0,90,314.7,1800,0.62
ENE077-000640,2024-08-01,B1,15.5,32,113.8,600,0.62
ENE077-000641,2024-08-01,B2,16.2,75,227.97,1200,0.62
ENE077-000642,2024-08-01,B3,12.9,116,445.1,1800,0.62
ENE077-000643,2024-08-02,B1,15.4,52,138.17,600,0.62
ENE077-000644,2024-08-02,B2,13.5,89,314.09,1200,0.62
ENE077-000645,2024-08-02,B3,14.7,101,374.38,1800,0.62
ENE077-000646,2024-08-03,B1,15.4,13,87.3,600,0.62
ENE077-000647,2024-08-03,B2,13.0,19,219.78,1200,0.62
ENE077-000648,2024-08-03,B3,15.7,21,217.75,1800,0.62
ENE077-000649,2024-08-04,B1,17.9,7,67.33,600,0.62
ENE077-000650,2024-08-04,B2,14.0,13,190.03,1200,0.62
ENE077-000651,2024-08-04,B3,13.4,22,301.13,1800,0.62
ENE077-000652,2024-08-05,B1,13.7,24,132.38,600,0.62
ENE077-000653,2024-08-05,B2,10.7,66,353.84,1200,0.62
ENE077-000655,2024-08-06,B1,11.7,47,184.51,600,0.62
ENE077-000656,2024-08-06,B2,13.4,76,293.85,1200,0.62
ENE077-000657,2024-08-06,B3,15.0,103,378.79,1800,0.62
ENE077-000658,2024-08-07,B1,12.5,45,177.12,600,0.62
ENE077-000659,2024-08-07,B2,14.5,72,252.9,1200,0.62
ENE077-000660,2024-08-07,B3,12.0,115,490.44,1800,0.62
ENE077-000661,2024-08-08,B1,12.9,39,161.61,600,0.62
ENE077-000662,2024-08-08,B2,10.5,80,382.86,1200,0.62
ENE077-000663,2024-08-08,B3,15.5,97,350.72,1800,0.62
ENE077-000664,2024-08-09,B1,13.4,57,167.96,600,0.62
ENE077-000665,2024-08-09,B2,13.1,66,,1200,0.62
ENE077-000666,2024-08-09,B3,15.0,103,365.29,1800,0.62
ENE077-000667,2024-08-10,B1,11.8,6,116.2,600,0.62
ENE077-000668,2024-08-10,B2,15.6,15,150.09,1200,0.62
ENE077-000669,2024-08-10,B3,13.8,20,274.99,1800,0.62
ENE077-000670,2024-08-11,B1,13.5,5,103.55,600,0.62
ENE077-000671,2024-08-11,B2,14.8,13,157.67,1200,0.62
ENE077-000672,2024-08-11,B3,11.0,25,409.86,1800,0.62
ENE077-000673,2024-08-12,B1,13.4,39,147.12,600,0.62
ENE077-000674,2024-08-12,B2,11.2,84,378.33,1200,0.62
ENE077-000675,2024-08-12,B3,13.1,111,448.35,1800,0.62
ENE077-000676,2024-08-13,B1,14.9,37,126.59,600,0.62
ENE077-000677,2024-08-13,B2,13.7,92,303.51,1200,0.62
ENE077-000678,2024-08-13,B3,13.8,104,400.86,1800,0.62
ENE077-000679,2024-08-14,B1,11.9,43,177.76,600,0.62
ENE077-000680,2024-08-14,B2,15.3,81,246.39,1200,0.62
ENE077-000681,2024-08-14,B3,11.3,118,524.82,1800,0.62
ENE077-000682,2024-08-15,B1,16.5,66,159.72,600,0.62
ENE077-000683,2024-08-15,B2,10.5,57,360.33,1200,0.62
ENE077-000684,2024-08-15,B3,13.0,120,452.58,1800,0.62
ENE077-000685,2024-08-16,B1,12.6,57,191.4,600,0.62
ENE077-000686,2024-08-16,B2,11.4,89,377.05,1200,0.62
ENE077-000687,2024-08-16,B3,10.8,110,553.34,1800,0.62
ENE077-000688,2024-08-17,B1,10.7,9,144.78,600,0.62
ENE077-000689,2024-08-17,B2,14.2,16,172.34,1200,0.62
ENE077-000690,2024-08-17,B3,10.3,19,448.05,1800,0.62
ENE077-000691,2024-08-18,B1,11.5,5,136.18,600,0.62
ENE077-000692,2024-08-18,B2,12.5,15,219.37,1200,0.62
ENE077-000693,2024-08-18,B3,13.6,21,282.23,1800,0.62
ENE077-000694,2024-08-19,B1,11.6,38,173.0,600,0.62
ENE077-000695,2024-08-19,B2,11.9,87,355.63,1200,0.62
ENE077-000696,2024-08-19,B3,13.4,105,422.3,1800,0.62
ENE077-000697,2024-08-20,B1,13.2,39,146.57,600,0.62
ENE077-000698,2024-08-20,B2,13.0,87,327.44,1200,0.62
ENE077-000699,2024-08-20,B3,12.3,100,462.6,1800,0.62
ENE077-000700,2024-08-21,B1,12.3,56,179.21,600,0.62
ENE077-000701,2024-08-21,B2,13.6,73,285.65,1200,0.62
ENE077-000702,2024-08-21,B3,11.9,116,500.77,1800,0.62
ENE077-000703,2024-08-22,B1,12.3,43,158.16,600,0.62
ENE077-000704,2024-08-22,B2,12.4,59,288.31,1200,0.62
ENE077-000705,2024-08-22,B3,11.4,110,529.9,1800,0.62
ENE077-000706,2024-08-23,B1,8.7,31,215.38,600,0.62
ENE077-000708,2024-08-23,B3,13.5,113,441.53,1800,0.62
ENE077-000709,2024-08-24,B1,11.7,9,123.47,600,0.62
ENE077-000710,2024-08-24,B2,11.7,18,254.62,1200,0.62
ENE077-000711,2024-08-24,B3,13.4,21,299.66,1800,0.62
ENE077-000712,2024-08-25,B1,7.9,6,215.98,600,0.62
ENE077-000713,2024-08-25,B2,11.2,13,270.75,1200,0.62
ENE077-000714,2024-08-25,B3,12.9,22,320.08,1800,0.62
ENE077-000715,2024-08-26,B1,11.8,65,227.83,600,0.62
ENE077-000716,2024-08-26,B2,14.4,79,268.36,1200,0.62
ENE077-000717,2024-08-26,B3,13.2,91,391.6,1800,0.62
ENE077-000718,2024-08-27,B1,11.3,46,196.46,600,0.62
ENE077-000719,2024-08-27,B2,10.5,80,384.7,1200,0.62
ENE077-000720,2024-08-27,B3,9.9,107,606.29,1800,0.62
ENE077-000721,2024-08-28,B1,15.0,33,120.85,600,0.62
ENE077-000722,2024-08-28,B2,9.7,69,401.7,1200,0.62
ENE077-000723,2024-08-28,B3,10.8,97,543.36,1800,0.62
ENE077-000724,2024-08-29,B1,11.5,55,192.91,600,0.62
ENE077-000725,2024-08-29,B2,10.8,79,396.54,1200,0.62
ENE077-000726,2024-08-29,B3,12.1,90,470.57,1800,0.62
ENE077-000727,2024-08-30,B1,12.4,51,174.87,600,0.62
ENE077-000728,2024-08-30,B2,8.7,68,461.64,1200,0.62
ENE077-000729,2024-08-30,B3,12.7,111,456.55,1800,0.62
ENE077-000730,2024-08-31,B1,9.1,3,188.85,600,0.62
ENE077-000731,2024-08-31,B2,9.4,11,327.21,1200,0.62
ENE077-000732,2024-08-31,B3,9.0,23,540.21,1800,0.62
ENE077-000733,2024-09-01,B1,10.2,9,162.22,600,0.62
ENE077-000734,2024-09-01,B2,11.8,11,249.15,1200,0.62
ENE077-000735,2024-09-01,B3,13.8,24,276.76,1800,0.62
ENE077-000736,2024-09-02,B1,12.2,34,166.33,600,0.62
ENE077-000737,2024-09-02,B2,10.2,91,416.5,1200,0.62
ENE077-000738,2024-09-02,B3,11.1,99,523.36,1800,0.62
ENE077-000739,2024-09-03,B1,8.0,56,272.15,600,0.62
ENE077-000740,2024-09-03,B2,10.8,83,367.78,1200,0.62
ENE077-000741,2024-09-03,B3,11.0,127,559.55,1800,0.62
ENE077-000742,2024-09-04,B1,11.1,60,225.33,600,0.62
ENE077-000743,2024-09-04,B2,9.1,76,447.9,1200,0.62
ENE077-000744,2024-09-04,B3,10.8,93,544.89,1800,0.62
ENE077-000745,2024-09-05,B1,11.8,74,228.26,600,0.62
ENE077-000746,2024-09-05,B2,11.6,66,320.68,1200,0.62
ENE077-000747,2024-09-05,B3,8.7,109,701.06,1800,0.62
ENE077-000748,2024-09-06,B1,9.7,50,,600,0.62
ENE077-000749,2024-09-06,B2,10.4,84,396.21,1200,0.62
ENE077-000750,2024-09-06,B3,9.9,118,632.37,1800,0.62
ENE077-000751,2024-09-07,B1,10.4,8,151.49,600,0.62
ENE077-000752,2024-09-07,B2,11.9,16,238.09,1200,0.62
ENE077-000753,2024-09-07,B3,11.1,20,394.99,1800,0.62
ENE077-000754,2024-09-08,B1,11.5,9,128.44,600,0.62
ENE077-000755,2024-09-08,B2,12.0,14,238.16,1200,0.62
ENE077-000756,2024-09-08,B3,11.5,23,374.17,1800,0.62
ENE077-000757,2024-09-09,B1,12.9,53,172.62,600,0.62
ENE077-000758,2024-09-09,B2,11.6,88,351.52,1200,0.62
ENE077-000759,2024-09-09,B3,11.5,104,513.84,1800,0.62
ENE077-000761,2024-09-10,B2,10.2,77,397.82,1200,0.62
ENE077-000762,2024-09-10,B3,8.6,115,704.16,1800,0.62
ENE077-000763,2024-09-11,B1,11.2,37,177.42,600,0.62
ENE077-000764,2024-09-11,B2,11.5,64,322.38,1200,0.62
ENE077-000765,2024-09-11,B3,11.0,95,529.92,1800,0.62
ENE077-000766,2024-09-12,B1,7.9,52,275.22,600,0.62
ENE077-000767,2024-09-12,B2,10.4,81,397.78,1200,0.62
ENE077-000768,2024-09-12,B3,13.5,113,428.03,1800,0.62
ENE077-000769,2024-09-13,B1,8.6,45,256.04,600,0.62
ENE077-000770,2024-09-13,B2,14.5,59,237.69,1200,0.62
ENE077-000771,2024-09-13,B3,10.2,97,575.41,1800,0.62
ENE077-000772,2024-09-14,B1,12.9,10,120.02,600,0.62
ENE077-000773,2024-09-14,B2,12.7,14,218.33,1200,0.62
ENE077-000774,2024-09-14,B3,10.7,25,427.76,1800,0.62
ENE077-000775,2024-09-15,B1,7.6,3,212.25,600,0.62
ENE077-000776,2024-09-15,B2,10.0,15,322.66,1200,0.62
ENE077-000777,2024-09-15,B3,10.4,21,461.27,1800,0.62
ENE077-000778,2024-09-16,B1,11.3,53,186.42,600,0.62
ENE077-000779,2024-09-16,B2,9.9,77,428.49,1200,0.62
ENE077-000780,2024-09-16,B3,9.6,119,639.31,1800,0.62
ENE077-000781,2024-09-17,B1,9.8,47,213.33,600,0.62
ENE077-000782,2024-09-17,B2,10.3,75,401.38,1200,0.62
ENE077-000783,2024-09-17,B3,10.4,114,583.9,1800,0.62
ENE077-000784,2024-09-18,B1,10.3,59,230.88,600,0.62
ENE077-000785,2024-09-18,B2,10.2,79,402.67,1200,0.62
ENE077-000786,2024-09-18,B3,9.5,102,645.93,1800,0.62
ENE077-000787,2024-09-19,B1,12.2,50,174.01,600,0.62
ENE077-000788,2024-09-19,B2,9.7,80,437.24,1200,0.62
ENE077-000789,2024-09-19,B3,10.7,105,567.96,1800,0.62
ENE077-000790,2024-09-20,B1,10.1,41,216.98,600,0.62
ENE077-000791,2024-09-20,B2,8.6,76,482.25,1200,0.62
ENE077-000792,2024-09-20,B3,9.5,127,667.11,1800,0.62
ENE077-000793,2024-09-21,B1,9.7,9,161.45,600,0.62
ENE077-000794,2024-09-21,B2,11.6,17,256.05,1200,0.62
ENE077-000795,2024-09-21,B3,8.7,24,565.29,1800,0.62
ENE077-000796,2024-09-22,B1,9.0,5,182.19,600,0.62
ENE077-000797,2024-09-22,B2,6.0,18,533.18,1200,0.62
ENE077-000798,2024-09-22,B3,8.6,22,560.33,1800,0.62
ENE077-000799,2024-09-23,B1,10.0,52,239.89,600,0.62
ENE077-000800,2024-09-23,B2,13.8,74,273.82,1200,0.62
ENE077-000801,2024-09-23,B3,5.6,120,981.61,1800,0.62
ENE077-000802,2024-09-24,B1,11.2,37,170.62,600,0.62
ENE077-000803,2024-09-24,B2,9.2,57,425.16,1200,0.62
ENE077-000804,2024-09-24,B3,10.1,123,604.04,1800,0.62
ENE077-000805,2024-09-25,B1,12.4,41,174.65,600,0.62
ENE077-000806,2024-09-25,B2,11.3,55,330.28,1200,0.62
ENE077-000807,2024-09-25,B3,11.5,104,496.91,1800,0.62
ENE077-000808,2024-09-26,B1,9.3,55,245.52,600,0.62
ENE077-000809,2024-09-26,B2,9.8,88,430.23,1200,0.62
ENE077-000810,2024-09-26,B3,7.6,116,782.27,1800,0.62
ENE077-000811,2024-09-27,B1,11.6,42,184.23,600,0.62
ENE077-000812,2024-09-27,B2,10.5,70,379.33,1200,0.62
ENE077-000814,2024-09-28,B1,10.6,8,143.75,600,0.62
ENE077-000815,2024-09-28,B2,10.8,14,293.13,1200,0.62
ENE077-000816,2024-09-28,B3,9.8,21,467.31,1800,0.62
ENE077-000817,2024-09-29,B1,9.7,16,172.22,600,0.62
ENE077-000818,2024-09-29,B2,9.5,17,335.58,1200,0.62
ENE077-000819,2024-09-29,B3,11.8,23,369.49,1800,0.62
ENE077-000820,2024-09-30,B1,10.8,54,212.52,600,0.62
ENE077-000821,2024-09-30,B2,9.2,65,426.85,1200,0.62
ENE077-000822,2024-09-30,B3,11.0,110,544.46,1800,0.62
ENE077-000823,2024-10-01,B1,9.4,30,217.41,600,0.62
ENE077-000824,2024-10-01,B2,11.5,70,335.3,1200,0.62
ENE077-000825,2024-10-01,B3,10.0,112,612.59,1800,0.62
ENE077-000826,2024-10-02,B1,11.5,61,216.38,600,0.62
ENE077-000827,2024-10-02,B2,11.5,63,335.57,1200,0.62
ENE077-000828,2024-10-02,B3,8.7,93,662.93,1800,0.62
ENE077-000829,2024-10-03,B1,10.6,48,211.76,600,0.62
ENE077-000830,2024-10-03,B2,9.6,86,447.1,1200,0.62
ENE077-000831,2024-10-03,B3,10.9,101,,1800,0.62
ENE077-000832,2024-10-04,B1,7.3,32,260.92,600,0.62
ENE077-000833,2024-10-04,B2,12.4,85,328.13,1200,0.62
ENE077-000834,2024-10-04,B3,9.7,103,612.52,1800,0.62
ENE077-000835,2024-10-05,B1,11.8,11,130.78,600,0.62
ENE077-000836,2024-10-05,B2,11.0,9,264.98,1200,0.62
ENE077-000837,2024-10-05,B3,7.0,17,678.41,1800,0.62
ENE077-000838,2024-10-06,B1,9.5,6,194.43,600,0.62
ENE077-000839,2024-10-06,B2,13.4,14,203.65,1200,0.62
ENE077-000840,2024-10-06,B3,9.3,20,502.58,1800,0.62
ENE077-000841,2024-10-07,B1,11.9,45,186.45,600,0.62
ENE077-000842,2024-10-07,B2,8.7,78,468.32,1200,0.62
ENE077-000843,2024-10-07,B3,8.3,78,676.92,1800,0.62
ENE077-000844,2024-10-08,B1,11.6,34,154.1,600,0.62
ENE077-000845,2024-10-08,B2,10.7,59,"358,59",1200,0.62
ENE077-000846,2024-10-08,B3,10.8,97,532.88,1800,0.62
ENE077-000847,2024-10-09,B1,8.2,40,252.83,600,0.62
ENE077-000848,2024-10-09,B2,8.2,77,502.91,1200,0.62
ENE077-000849,2024-10-09,B3,9.7,122,639.45,1800,0.62
ENE077-000850,2024-10-10,B1,10.3,30,193.8,600,0.62
ENE077-000851,2024-10-10,B2,8.1,88,509.03,1200,0.62
ENE077-000852,2024-10-10,B3,9.4,105,629.47,1800,0.62
ENE077-000853,2024-10-11,B1,9.6,25,197.33,600,0.62
ENE077-000854,2024-10-11,B2,11.4,60,321.17,1200,0.62
ENE077-000855,2024-10-11,B3,11.6,106,500.46,1800,0.62
ENE077-000856,2024-10-12,B1,10.6,12,165.45,600,0.62
ENE077-000857,2024-10-12,B2,11.4,15,259.45,1200,0.62
ENE077-000858,2024-10-12,B3,12.0,22,367.35,1800,0.62
ENE077-000859,2024-10-13,B1,12.5,11,117.81,600,0.62
ENE077-000860,2024-10-13,B2,10.6,16,299.33,1200,0.62
ENE077-000861,2024-10-13,B3,9.3,19,527.47,1800,0.62
ENE077-000862,2024-10-14,B1,11.5,41,182.82,600,0.62
ENE077-000863,2024-10-14,B2,11.0,65,344.88,1200,0.62
ENE077-000864,2024-10-14,B3,8.6,85,673.34,1800,0.62
ENE077-000865,2024-10-15,B1,8.3,32,244.9,600,0.62
ENE077-000867,2024-10-15,B3,10.8,88,509.75,1800,0.62
ENE077-000868,2024-10-16,B1,12.5,29,159.24,600,0.62
ENE077-000869,2024-10-16,B2,8.5,63,458.91,1200,0.62
ENE077-000870,2024-10-16,B3,10.0,136,640.94,1800,0.62
ENE077-000871,2024-10-17,B1,8.9,50,248.19,600,0.62
ENE077-000872,2024-10-17,B2,9.6,55,392.3,1200,0.62
ENE077-000873,2024-10-17,B3,12.5,101,456.91,1800,0.62
ENE077-000874,2024-10-18,B1,10.4,38,192.08,600,0.62
ENE077-000875,2024-10-18,B2,10.7,60,366.46,1200,0.62
ENE077-000876,2024-10-18,B3,10.3,119,603.13,1800,0.62
ENE077-000877,2024-10-19,B1,10.2,6,156.15,600,0.62
ENE077-000878,2024-10-19,B2,9.8,16,335.93,1200,0.62
ENE077-000879,2024-10-19,B3,9.8,22,491.26,1800,0.62
ENE077-000880,2024-10-20,B1,8.1,7,209.24,600,0.62
ENE077-000881,2024-10-20,B2,10.3,13,311.39,1200,0.62
ENE077-000882,2024-10-20,B3,6.3,22,758.9,1800,0.62
ENE077-000883,2024-10-21,B1,10.9,36,187.54,600,0.62
ENE077-000884,2024-10-21,B2,9.3,76,440.11,1200,0.62
ENE077-000885,2024-10-21,B3,12.7,99,430.15,1800,0.62
ENE077-000886,2024-10-22,B1,11.3,38,171.59,600,0.62
ENE077-000887,2024-10-22,B2,9.7,68,413.07,1200,0.62
ENE077-000888,2024-10-22,B3,10.7,125,578.0,1800,0.62
ENE077-000889,2024-10-23,B1,10.7,58,233.71,600,0.62
ENE077-000890,2024-10-23,B2,11.1,47,305.86,1200,0.62
ENE077-000891,2024-10-23,B3,11.0,116,559.47,1800,0.62
ENE077-000892,2024-10-24,B1,9.6,22,197.9,600,0.62
ENE077-000893,2024-10-24,B2,11.8,85,354.18,1200,0.62
ENE077-000894,2024-10-24,B3,10.6,101,554.6,1800,0.62
ENE077-000895,2024-10-25,B1,11.5,42,186.75,600,0.62
ENE077-000896,2024-10-25,B2,14.1,69,260.24,1200,0.62
ENE077-000897,2024-10-25,B3,10.6,101,551.68,1800,0.62
ENE077-000898,2024-10-26,B1,8.8,10,188.66,600,0.62
ENE077-000899,2024-10-26,B2,11.7,18,252.78,1200,0.62
ENE077-000900,2024-10-26,B3,12.7,22,324.54,1800,0.62
ENE077-000901,2024-10-27,B1,9.8,8,182.69,600,0.62
ENE077-000902,2024-10-27,B2,11.8,14,255.22,1200,0.62
ENE077-000903,2024-10-27,B3,11.6,19,360.45,1800,0.62
ENE077-000904,2024-10-28,B1,12.0,40,184.49,600,0.62
ENE077-000905,2024-10-28,B2,10.7,79,388.28,1200,0.62
ENE077-000906,2024-10-28,B3,9.0,87,640.04,1800,0.62
ENE077-000907,2024-10-29,B1,9.5,49,234.31,600,0.62
ENE077-000908,2024-10-29,B2,13.5,79,304.75,1200,0.62
ENE077-000909,2024-10-29,B3,9.6,103,610.82,1800,0.62
ENE077-000910,2024-10-30,B1,10.5,59,231.88,600,0.62
ENE077-000911,2024-10-30,B2,10.9,61,346.11,1200,0.62
ENE077-000912,2024-10-30,B3,10.5,83,540.86,1800,0.62
ENE077-000913,2024-10-31,B1,10.1,42,196.81,600,0.62
ENE077-000914,2024-10-31,B2,9.9,81,,1200,0.62
ENE077-000915,2024-10-31,B3,14.8,102,361.89,1800,0.62
ENE077-000916,2024-11-01,B1,13.4,46,151.15,600,0.62
ENE077-000917,2024-11-01,B2,9.5,85,443.27,1200,0.62
ENE077-000918,2024-11-01,B3,7.9,106,737.02,1800,0.62
ENE077-000920,2024-11-02,B2,9.8,16,339.18,1200,0.62
ENE077-000921,2024-11-02,B3,13.6,22,284.84,1800,0.62
ENE077-000922,2024-11-03,B1,12.4,7,120.93,600,0.62
ENE077-000923,2024-11-03,B2,14.5,9,174.92,1200,0.62
ENE077-000924,2024-11-03,B3,11.2,21,393.61,1800,0.62
ENE077-000925,2024-11-04,B1,10.1,34,197.08,600,0.62
ENE077-000926,2024-11-04,B2,13.1,85,299.9,1200,0.62
ENE077-000927,2024-11-04,B3,12.8,115,474.18,1800,0.62
ENE077-000928,2024-11-05,B1,11.8,55,175.82,600,0.62
ENE077-000929,2024-11-05,B2,12.4,65,300.73,1200,0.62
ENE077-000930,2024-11-05,B3,11.6,105,507.15,1800,0.62
ENE077-000931,2024-11-06,B1,9.9,43,215.93,600,0.62
ENE077-000932,2024-11-06,B2,11.9,78,347.06,1200,0.62
ENE077-000933,2024-11-06,B3,12.2,105,474.17,1800,0.62
ENE077-000934,2024-11-07,B1,10.1,54,233.0,600,0.62
ENE077-000935,2024-11-07,B2,13.0,73,293.47,1200,0.62
ENE077-000936,2024-11-07,B3,11.2,104,523.2,1800,0.62
ENE077-000937,2024-11-08,B1,11.6,42,177.11,600,0.62
ENE077-000938,2024-11-08,B2,12.3,76,327.57,1200,0.62
ENE077-000939,2024-11-08,B3,10.3,105,572.74,1800,0.62
ENE077-000940,2024-11-09,B1,11.3,8,141.57,600,0.62
ENE077-000941,2024-11-09,B2,11.0,17,288.37,1200,0.62
ENE077-000942,2024-11-09,B3,11.7,25,376.51,1800,0.62
ENE077-000943,2024-11-10,B1,10.4,7,165.65,600,0.62
ENE077-000944,2024-11-10,B2,14.6,13,168.02,1200,0.62
ENE077-000945,2024-11-10,B3,10.2,19,459.73,1800,0.62
ENE077-000946,2024-11-11,B1,12.4,53,191.65,600,0.62
ENE077-000947,2024-11-11,B2,11.8,62,320.15,1200,0.62
ENE077-000948,2024-11-11,B3,11.7,110,506.63,1800,0.62
ENE077-000949,2024-11-12,B1,11.6,71,224.17,600,0.62
ENE077-000950,2024-11-12,B2,9.6,85,456.2,1200,0.62
ENE077-000951,2024-11-12,B3,10.2,98,559.62,1800,0.62
ENE077-000952,2024-11-13,B1,11.3,41,185.43,600,0.62
ENE077-000953,2024-11-13,B2,10.9,79,377.48,1200,0.62
ENE077-000954,2024-11-13,B3,14.0,103,397.19,1800,0.62
ENE077-000955,2024-11-14,B1,12.4,43,168.35,600,0.62
ENE077-000956,2024-11-14,B2,10.8,80,390.69,1200,0.62
ENE077-000957,2024-11-14,B3,13.0,101,427.2,1800,0.62
ENE077-000958,2024-11-15,B1,13.8,37,148.3,600,0.62
ENE077-000959,2024-11-15,B2,11.0,70,361.04,1200,0.62
ENE077-000960,2024-11-15,B3,11.3,96,502.02,1800,0.62
ENE077-000961,2024-11-16,B1,11.5,9,140.78,600,0.62
ENE077-000962,2024-11-16,B2,9.9,18,330.52,1200,0.62
ENE077-000963,2024-11-16,B3,9.8,20,486.37,1800,0.62
ENE077-000964,2024-11-17,B1,14.5,7,83.55,600,0.62
ENE077-000965,2024-11-17,B2,14.7,18,169.75,1200,0.62
ENE077-000966,2024-11-17,B3,15.5,18,227.65,1800,0.62
ENE077-000967,2024-11-18,B1,11.4,26,158.69,600,0.62
ENE077-000968,2024-11-18,B2,13.9,90,311.2,1200,0.62
ENE077-000969,2024-11-18,B3,13.5,104,413.01,1800,0.62
ENE077-000970,2024-11-19,B1,12.7,60,196.84,600,0.62
ENE077-000971,2024-11-19,B2,10.4,63,395.94,1200,0.62
ENE077-000973,2024-11-20,B1,15.1,55,150.91,600,0.62
ENE077-000974,2024-11-20,B2,15.7,66,226.67,1200,0.62
ENE077-000975,2024-11-20,B3,13.4,150,495.6,1800,0.62
ENE077-000976,2024-11-21,B1,14.1,37,147.39,600,0.62
ENE077-000977,2024-11-21,B2,13.9,88,296.36,1200,0.62
ENE077-000978,2024-11-21,B3,14.4,101,387.61,1800,0.62
ENE077-000979,2024-11-22,B1,12.5,42,167.48,600,0.62
ENE077-000980,2024-11-22,B2,14.4,62,241.55,1200,0.62
ENE077-000981,2024-11-22,B3,10.6,120,573.75,1800,0.62
ENE077-000982,2024-11-23,B1,11.2,11,148.5,600,0.62
ENE077-000983,2024-11-23,B2,15.7,14,154.29,1200,0.62
ENE077-000984,2024-11-23,B3,12.1,21,369.82,1800,0.62
ENE077-000985,2024-11-24,B1,13.1,10,113.01,600,0.62
ENE077-000986,2024-11-24,B2,14.2,19,185.54,1200,0.62
ENE077-000987,2024-11-24,B3,10.5,20,452.85,1800,0.62
ENE077-000988,2024-11-25,B1,13.4,41,165.3,600,0.62
ENE077-000989,2024-11-25,B2,15.1,48,203.71,1200,0.62
ENE077-000990,2024-11-25,B3,14.6,89,356.31,1800,0.62
ENE077-000991,2024-11-26,B1,14.7,51,148.12,600,0.62
ENE077-000992,2024-11-26,B2,13.5,57,267.93,1200,0.62
ENE077-000993,2024-11-26,B3,14.7,95,363.41,1800,0.62
ENE077-000994,2024-11-27,B1,14.7,39,125.65,600,0.62
ENE077-000995,2024-11-27,B2,14.4,74,257.34,1200,0.62
ENE077-000996,2024-11-27,B3,12.1,119,482.65,1800,0.62
ENE077-000997,2024-11-28,B1,14.2,53,,600,0.62
ENE077-000998,2024-11-28,B2,13.6,88,295.14,1200,0.62
ENE077-000999,2024-11-28,B3,15.5,97,324.23,1800,0.62
ENE077-001000,2024-11-29,B1,16.4,44,134.79,600,0.62
ENE077-001001,2024-11-29,B2,14.0,85,296.69,1200,0.62
ENE077-001002,2024-11-29,B3,15.4,104,341.5,1800,0.62
ENE077-001003,2024-11-30,B1,16.1,9,79.49,600,0.62
ENE077-001004,2024-11-30,B2,15.5,18,161.77,1200,0.62
ENE077-001005,2024-11-30,B3,14.2,18,261.18,1800,0.62
ENE077-001006,2024-12-01,B1,14.9,11,95.53,600,0.62
ENE077-001007,2024-12-01,B2,14.6,21,177.22,1200,0.62
ENE077-001008,2024-12-01,B3,16.1,22,222.17,1800,0.62
ENE077-001009,2024-12-02,B1,17.5,41,124.94,600,0.62
ENE077-001010,2024-12-02,B2,14.2,69,260.22,1200,0.62
ENE077-001011,2024-12-02,B3,14.8,105,369.46,1800,0.62
ENE077-001012,2024-12-03,B1,13.8,65,194.46,600,0.62
ENE077-001013,2024-12-03,B2,13.7,80,279.91,1200,0.62
ENE077-001014,2024-12-03,B3,14.4,97,360.04,1800,0.62
ENE077-001015,2024-12-04,B1,15.0,48,152.02,600,0.62
ENE077-001016,2024-12-04,B2,13.0,66,290.42,1200,0.62
ENE077-001017,2024-12-04,B3,14.7,121,389.12,1800,0.62
ENE077-001018,2024-12-05,B1,14.1,31,147.8,600,0.62
ENE077-001019,2024-12-05,B2,15.2,85,261.15,1200,0.62
ENE077-001020,2024-12-05,B3,14.5,118,403.63,1800,0.62
ENE077-001021,2024-12-06,B1,16.0,48,130.75,600,0.62
ENE077-001022,2024-12-06,B2,15.1,72,253.3,1200,0.62
ENE077-001023,2024-12-06,B3,16.1,98,323.15,1800,0.62
ENE077-001024,2024-12-07,B1,15.1,7,83.01,600,0.62
ENE077-001026,2024-12-07,B3,16.1,20,223.57,1800,0.62
ENE077-001027,2024-12-08,B1,16.1,12,79.72,600,0.62
ENE077-001028,2024-12-08,B2,15.4,15,168.0,1200,0.62
ENE077-001029,2024-12-08,B3,15.1,23,242.65,1800,0.62
ENE077-001030,2024-12-09,B1,14.6,35,128.59,600,0.62
ENE077-001031,2024-12-09,B2,16.4,75,231.19,1200,0.62
ENE077-001032,2024-12-09,B3,12.6,80,413.55,1800,0.62
ENE077-001033,2024-12-10,B1,17.3,59,155.17,600,0.62
ENE077-001034,2024-12-10,B2,15.0,83,264.59,1200,0.62
ENE077-001035,2024-12-10,B3,19.0,94,292.5,1800,0.62
ENE077-001036,2024-12-11,B1,17.9,35,104.76,600,0.62
ENE077-001037,2024-12-11,B2,19.0,75,218.18,1200,0.62
ENE077-001038,2024-12-11,B3,15.9,129,376.84,1800,0.62
ENE077-001039,2024-12-12,B1,15.8,48,140.08,600,0.62
ENE077-001040,2024-12-12,B2,18.7,61,195.78,1200,0.62
ENE077-001041,2024-12-12,B3,14.2,100,385.36,1800,0.62
ENE077-001042,2024-12-13,B1,16.3,57,147.77,600,0.62
ENE077-001043,2024-12-13,B2,16.3,64,196.14,1200,0.62
ENE077-001044,2024-12-13,B3,14.7,112,382.04,1800,0.62
ENE077-001045,2024-12-14,B1,13.5,10,106.42,600,0.62
ENE077-001046,2024-12-14,B2,18.0,10,133.4,1200,0.62
ENE077-001047,2024-12-14,B3,16.9,17,186.44,1800,0.62
ENE077-001048,2024-12-15,B1,16.8,14,71.29,600,0.62
ENE077-001049,2024-12-15,B2,17.9,16,123.43,1200,0.62
ENE077-001050,2024-12-15,B3,16.3,21,212.11,1800,0.62
ENE077-001051,2024-12-16,B1,19.1,44,113.84,600,0.62
ENE077-001052,2024-12-16,B2,16.8,68,218.09,1200,0.62
ENE077-001053,2024-12-16,B3,17.0,124,363.64,1800,0.62
ENE077-001054,2024-12-17,B1,18.8,48,115.42,600,0.62
ENE077-001055,2024-12-17,B2,17.2,63,202.04,1200,0.62
ENE077-001056,2024-12-17,B3,17.4,111,"322,13",1800,0.62
ENE077-001057,2024-12-18,B1,18.2,53,139.34,600,0.62
ENE077-001058,2024-12-18,B2,19.3,80,221.7,1200,0.62
ENE077-001059,2024-12-18,B3,19.4,110,312.2,1800,0.62
ENE077-001060,2024-12-19,B1,16.8,43,131.62,600,0.62
ENE077-001061,2024-12-19,B2,18.0,83,227.77,1200,0.62
ENE077-001062,2024-12-19,B3,16.5,112,344.1,1800,0.62
ENE077-001063,2024-12-20,B1,15.3,38,124.42,600,0.62
ENE077-001064,2024-12-20,B2,15.4,74,242.8,1200,0.62
ENE077-001065,2024-12-20,B3,19.8,93,295.18,1800,0.62
ENE077-001066,2024-12-21,B1,18.4,11,72.54,600,0.62
ENE077-001067,2024-12-21,B2,18.1,14,131.81,1200,0.62
ENE077-001068,2024-12-21,B3,16.6,21,205.59,1800,0.62
ENE077-001069,2024-12-22,B1,18.9,5,47.48,600,0.62
ENE077-001070,2024-12-22,B2,19.0,15,117.7,1200,0.62
ENE077-001071,2024-12-22,B3,15.7,23,213.32,1800,0.62
ENE077-001072,2024-12-23,B1,16.8,49,142.99,600,0.62
ENE077-001073,2024-12-23,B2,17.0,64,200.89,1200,0.62
ENE077-001074,2024-12-23,B3,17.9,113,332.28,1800,0.62
ENE077-001075,2024-12-24,B1,15.4,54,143.1,600,0.62
ENE077-001076,2024-12-24,B2,17.0,58,191.07,1200,0.62
ENE077-001077,2024-12-24,B3,16.8,95,307.88,1800,0.62
ENE077-001079,2024-12-25,B2,15.9,79,240.37,1200,0.62
ENE077-001080,2024-12-25,B3,18.7,116,,1800,0.62
ENE077-001081,2024-12-26,B1,20.0,50,130.4,600,0.62
ENE077-001082,2024-12-26,B2,18.4,73,231.96,1200,0.62
ENE077-001083,2024-12-26,B3,18.3,124,339.42,1800,0.62
ENE077-001084,2024-12-27,B1,18.9,56,139.71,600,0.62
ENE077-001085,2024-12-27,B2,18.1,67,212.41,1200,0.62
ENE077-001086,2024-12-27,B3,16.8,102,327.09,1800,0.62
ENE077-001087,2024-12-28,B1,20.2,9,62.68,600,0.62
ENE077-001088,2024-12-28,B2,17.2,16,118.85,1200,0.62
ENE077-001089,2024-12-28,B3,17.5,18,198.74,1800,0.62
ENE077-001090,2024-12-29,B1,17.8,9,71.8,600,0.62
ENE077-001091,2024-12-29,B2,17.9,18,124.92,1200,0.62
ENE077-001092,2024-12-29,B3,15.0,25,247.44,1800,0.62
ENE077-001093,2024-12-30,B1,17.1,48,131.73,600,0.62
ENE077-001094,2024-12-30,B2,20.4,71,206.3,1200,0.62
ENE077-001095,2024-12-30,B3,20.6,96,304.23,1800,0.62
ENE077-001096,2024-12-31,B1,17.1,69,172.05,600,0.71
ENE077-001097,2024-12-31,B2,18.5,78,213.01,1200,0.71
ENE077-001098,2024-12-31,B3,18.6,90,289.51,1800,0.71
ENE077-001099,2025-01-01,B1,19.5,21,95.71,600,0.71
ENE077-001100,2025-01-01,B2,21.2,76,229.7,1200,0.71
ENE077-001101,2025-01-01,B3,20.3,113,326.83,1800,0.71
ENE077-001102,2025-01-02,B1,17.5,65,154.61,600,0.71
ENE077-001103,2025-01-02,B2,18.8,75,224.08,1200,0.71
ENE077-001104,2025-01-02,B3,19.1,140,364.42,1800,0.71
ENE077-001105,2025-01-03,B1,19.5,35,115.13,600,0.71
ENE077-001106,2025-01-03,B2,18.4,90,234.95,1200,0.71
ENE077-001107,2025-01-03,B3,15.8,91,341.49,1800,0.71
ENE077-001108,2025-01-04,B1,21.8,9,70.05,600,0.71
ENE077-001109,2025-01-04,B2,17.6,12,124.52,1200,0.71
ENE077-001110,2025-01-04,B3,19.6,18,200.63,1800,0.71
ENE077-001111,2025-01-05,B1,18.8,6,69.45,600,0.71
ENE077-001112,2025-01-05,B2,19.8,15,120.67,1200,0.71
ENE077-001113,2025-01-05,B3,17.2,21,189.72,1800,0.71
ENE077-001114,2025-01-06,B1,20.3,43,125.44,600,0.71
ENE077-001115,2025-01-06,B2,19.7,80,201.13,1200,0.71
ENE077-001116,2025-01-06,B3,17.3,116,324.58,1800,0.71
ENE077-001117,2025-01-07,B1,22.4,28,105.48,600,0.71
ENE077-001118,2025-01-07,B2,18.8,90,240.45,1200,0.71
ENE077-001119,2025-01-07,B3,20.0,98,287.32,1800,0.71
ENE077-001120,2025-01-08,B1,20.1,44,112.25,600,0.71
ENE077-001121,2025-01-08,B2,21.6,73,217.14,1200,0.71
ENE077-001122,2025-01-08,B3,21.4,101,323.24,1800,0.71
ENE077-001123,2025-01-09,B1,21.1,61,167.7,600,0.71
ENE077-001124,2025-01-09,B2,19.6,63,200.84,1200,0.71
ENE077-001125,2025-01-09,B3,23.3,117,406.08,1800,0.71
ENE077-001126,2025-01-10,B1,23.2,28,132.89,600,0.71
ENE077-001127,2025-01-10,B2,20.2,85,229.38,1200,0.71
ENE077-001128,2025-01-10,B3,21.0,94,315.22,1800,0.71
ENE077-001129,2025-01-11,B1,20.7,8,67.75,600,0.71
ENE077-001130,2025-01-11,B2,18.6,14,109.91,1200,0.71
ENE077-001132,2025-01-12,B1,23.2,10,103.97,600,0.71
ENE077-001133,2025-01-12,B2,20.0,15,127.21,1200,0.71
ENE077-001134,2025-01-12,B3,20.0,19,190.99,1800,0.71
ENE077-001135,2025-01-13,B1,21.5,54,142.5,600,0.71
ENE077-001136,2025-01-13,B2,22.0,61,209.19,1200,0.71
ENE077-001137,2025-01-13,B3,20.1,116,323.19,1800,0.71
ENE077-001138,2025-01-14,B1,20.9,48,133.22,600,0.71
ENE077-001139,2025-01-14,B2,21.7,77,228.49,1200,0.71
ENE077-001140,2025-01-14,B3,23.8,100,368.45,1800,0.71
ENE077-001141,2025-01-15,B1,23.4,49,141.88,600,0.71
ENE077-001142,2025-01-15,B2,20.0,100,249.52,1200,0.71
ENE077-001143,2025-01-15,B3,22.6,107,358.81,1800,0.71
ENE077-001144,2025-01-16,B1,23.0,41,129.95,600,0.71
ENE077-001145,2025-01-16,B2,19.5,81,225.06,1200,0.71
ENE077-001146,2025-01-16,B3,22.5,83,318.59,1800,0.71
ENE077-001147,2025-01-17,B1,22.3,47,142.0,600,0.71
ENE077-001148,2025-01-17,B2,20.9,88,234.66,1200,0.71
ENE077-001149,2025-01-17,B3,20.4,93,286.38,1800,0.71
ENE077-001150,2025-01-18,B1,22.0,11,87.5,600,0.71
ENE077-001151,2025-01-18,B2,24.8,12,215.83,1200,0.71
ENE077-001152,2025-01-18,B3,20.8,20,194.27,1800,0.71
ENE077-001153,2025-01-19,B1,22.2,11,87.73,600,0.71
ENE077-001154,2025-01-19,B2,23.9,15,181.96,1200,0.71
ENE077-001155,2025-01-19,B3,24.1,23,280.34,1800,0.71
ENE077-001156,2025-01-20,B1,22.4,67,172.23,600,0.71
ENE077-001157,2025-01-20,B2,22.7,81,257.34,1200,0.71
ENE077-001158,2025-01-20,B3,24.7,84,396.07,1800,0.71
ENE077-001159,2025-01-21,B1,20.2,46,127.95,600,0.71
ENE077-001160,2025-01-21,B2,23.0,74,247.61,1200,0.71
ENE077-001161,2025-01-21,B3,22.6,89,340.17,1800,0.71
ENE077-001162,2025-01-22,B1,23.4,44,134.37,600,0.71
ENE077-001163,2025-01-22,B2,21.2,43,,1200,0.71
ENE077-001164,2025-01-22,B3,20.5,98,299.03,1800,0.71
ENE077-001165,2025-01-23,B1,25.8,32,174.86,600,0.71
ENE077-001166,2025-01-23,B2,24.3,64,276.79,1200,0.71
ENE077-001167,2025-01-23,B3,21.9,126,370.1,1800,0.71
ENE077-001168,2025-01-24,B1,20.1,39,119.18,600,0.71
ENE077-001169,2025-01-24,B2,20.1,77,223.44,1200,0.71
ENE077-001170,2025-01-24,B3,22.1,91,323.67,1800,0.71
ENE077-001171,2025-01-25,B1,22.8,6,77.42,600,0.71
ENE077-001172,2025-01-25,B2,23.2,18,166.35,1200,0.71
ENE077-001173,2025-01-25,B3,21.1,21,196.73,1800,0.71
ENE077-001174,2025-01-26,B1,19.3,13,66.89,600,0.71
ENE077-001175,2025-01-26,B2,22.4,16,159.81,1200,0.71
ENE077-001176,2025-01-26,B3,21.8,18,201.01,1800,0.71
ENE077-001177,2025-01-27,B1,22.9,36,137.28,600,0.71
ENE077-001178,2025-01-27,B2,24.3,83,298.55,1200,0.71
ENE077-001179,2025-01-27,B3,21.1,94,305.83,1800,0.71
ENE077-001180,2025-01-28,B1,24.6,54,185.97,600,0.71
ENE077-001181,2025-01-28,B2,21.9,81,245.94,1200,0.71
ENE077-001182,2025-01-28,B3,22.4,91,317.79,1800,0.71
ENE077-001183,2025-01-29,B1,23.4,41,141.86,600,0.71
ENE077-001185,2025-01-29,B3,24.0,108,404.24,1800,0.71
ENE077-001186,2025-01-30,B1,21.8,60,150.73,600,0.71
ENE077-001187,2025-01-30,B2,23.9,69,266.56,1200,0.71
ENE077-001188,2025-01-30,B3,25.4,82,430.54,1800,0.71
ENE077-001189,2025-01-31,B1,25.7,61,200.96,600,0.71
ENE077-001190,2025-01-31,B2,25.6,62,298.33,1200,0.71
ENE077-001191,2025-01-31,B3,24.7,136,471.2,1800,0.71
ENE077-001192,2025-02-01,B1,23.4,13,111.78,600,0.71
ENE077-001193,2025-02-01,B2,23.1,16,178.49,1200,0.71
ENE077-001194,2025-02-01,B3,22.7,22,239.55,1800,0.71
ENE077-001195,2025-02-02,B1,22.5,9,94.22,600,0.71
ENE077-001196,2025-02-02,B2,21.3,13,135.62,1200,0.71
ENE077-001197,2025-02-02,B3,22.1,25,215.12,1800,0.71
ENE077-001198,2025-02-03,B1,25.1,55,174.08,600,0.71
ENE077-001199,2025-02-03,B2,26.5,75,339.08,1200,0.71
ENE077-001200,2025-02-03,B3,25.4,115,476.05,1800,0.71
ENE077-001201,2025-02-04,B1,24.7,44,157.89,600,0.71
ENE077-001202,2025-02-04,B2,22.0,74,241.86,1200,0.71
ENE077-001203,2025-02-04,B3,26.0,91,462.99,1800,0.71
ENE077-001204,2025-02-05,B1,25.6,53,203.74,600,0.71
ENE077-001205,2025-02-05,B2,25.0,87,330.69,1200,0.71
ENE077-001206,2025-02-05,B3,25.2,116,451.95,1800,0.71
ENE077-001207,2025-02-06,B1,26.0,54,206.2,600,0.71
ENE077-001208,2025-02-06,B2,22.5,45,220.66,1200,0.71
ENE077-001209,2025-02-06,B3,25.4,93,428.74,1800,0.71
ENE077-001210,2025-02-07,B1,25.2,50,178.02,600,0.71
ENE077-001211,2025-02-07,B2,24.3,74,291.46,1200,0.71
ENE077-001212,2025-02-07,B3,22.7,101,350.77,1800,0.71
ENE077-001213,2025-02-08,B1,26.2,9,129.52,600,0.71
ENE077-001214,2025-02-08,B2,25.8,14,229.66,1200,0.71
ENE077-001215,2025-02-08,B3,25.8,23,364.23,1800,0.71
ENE077-001216,2025-02-09,B1,27.1,12,153.62,600,0.71
ENE077-001217,2025-02-09,B2,23.6,15,174.87,1200,0.71
ENE077-001218,2025-02-09,B3,25.0,20,311.06,1800,0.71
ENE077-001219,2025-02-10,B1,23.7,53,171.32,600,0.71
ENE077-001220,2025-02-10,B2,24.0,74,267.12,1200,0.71
ENE077-001221,2025-02-10,B3,24.3,103,410.72,1800,0.71
ENE077-001222,2025-02-11,B1,26.6,30,171.29,600,0.71
ENE077-001223,2025-02-11,B2,24.5,74,294.52,1200,0.71
ENE077-001224,2025-02-11,B3,26.5,111,514.83,1800,0.71
ENE077-001225,2025-02-12,B1,25.1,54,170.89,600,0.71
ENE077-001226,2025-02-12,B2,26.0,66,327.05,1200,0.71
ENE077-001227,2025-02-12,B3,22.7,104,379.25,1800,0.71
ENE077-001228,2025-02-13,B1,25.5,45,176.79,600,0.71
ENE077-001229,2025-02-13,B2,27.2,94,406.23,1200,0.71
ENE077-001230,2025-02-13,B3,23.6,120,403.47,1800,0.71
ENE077-001231,2025-02-14,B1,27.6,51,225.12,600,0.71
ENE077-001232,2025-02-14,B2,27.4,53,350.09,1200,0.71
ENE077-001233,2025-02-14,B3,23.5,100,369.92,1800,0.71
ENE077-001234,2025-02-15,B1,26.1,7,124.5,600,0.71
ENE077-001235,2025-02-15,B2,26.8,14,277.78,1200,0.71
ENE077-001236,2025-02-15,B3,25.2,22,322.03,1800,0.71
ENE077-001238,2025-02-16,B2,25.3,10,205.33,1200,0.71
ENE077-001239,2025-02-16,B3,23.9,24,270.28,1800,0.71
ENE077-001240,2025-02-17,B1,26.0,35,173.03,600,0.71
ENE077-001241,2025-02-17,B2,27.2,70,365.9,1200,0.71
ENE077-001242,2025-02-17,B3,27.4,109,570.93,1800,0.71
ENE077-001243,2025-02-18,B1,26.1,37,176.77,600,0.71
ENE077-001244,2025-02-18,B2,26.6,67,341.75,1200,0.71
ENE077-001245,2025-02-18,B3,24.9,111,448.3,1800,0.71
ENE077-001246,2025-02-19,B1,25.2,62,,600,0.71
ENE077-001247,2025-02-19,B2,26.5,49,315.82,1200,0.71
ENE077-001248,2025-02-19,B3,25.1,122,481.34,1800,0.71
ENE077-001249,2025-02-20,B1,28.3,52,235.75,600,0.71
ENE077-001250,2025-02-20,B2,24.6,64,285.74,1200,0.71
ENE077-001251,2025-02-20,B3,24.9,109,440.81,1800,0.71
ENE077-001252,2025-02-21,B1,26.9,48,195.56,600,0.71
ENE077-001253,2025-02-21,B2,24.9,85,301.21,1200,0.71
ENE077-001254,2025-02-21,B3,25.6,102,464.08,1800,0.71
ENE077-001255,2025-02-22,B1,27.5,11,158.74,600,0.71
ENE077-001256,2025-02-22,B2,24.9,13,201.16,1200,0.71
ENE077-001257,2025-02-22,B3,27.2,22,425.89,1800,0.71
ENE077-001258,2025-02-23,B1,23.8,15,116.01,600,0.71
ENE077-001259,2025-02-23,B2,29.0,15,374.49,1200,0.71
ENE077-001260,2025-02-23,B3,25.2,22,329.41,1800,0.71
ENE077-001261,2025-02-24,B1,27.1,29,163.66,600,0.71
ENE077-001262,2025-02-24,B2,28.1,68,413.43,1200,0.71
ENE077-001263,2025-02-24,B3,25.4,123,487.24,1800,0.71
ENE077-001264,2025-02-25,B1,25.1,15,118.56,600,0.71
ENE077-001265,2025-02-25,B2,24.3,93,318.06,1200,0.71
ENE077-001266,2025-02-25,B3,27.8,90,563.04,1800,0.71
ENE077-001267,2025-02-26,B1,23.7,54,"183,85",600,0.71
ENE077-001268,2025-02-26,B2,26.4,60,312.5,1200,0.71
ENE077-001269,2025-02-26,B3,27.9,94,563.77,1800,0.71
ENE077-001270,2025-02-27,B1,26.1,30,151.44,600,0.71
ENE077-001271,2025-02-27,B2,27.1,97,405.71,1200,0.71
ENE077-001272,2025-02-27,B3,27.1,98,539.08,1800,0.71
ENE077-001273,2025-02-28,B1,26.2,49,205.21,600,0.71
ENE077-001274,2025-02-28,B2,26.2,71,339.7,1200,0.71
ENE077-001275,2025-02-28,B3,25.7,106,477.48,1800,0.71
ENE077-001276,2025-03-01,B1,28.7,9,175.85,600,0.71
ENE077-001277,2025-03-01,B2,27.5,11,301.12,1200,0.71
ENE077-001278,2025-03-01,B3,27.0,22,423.29,1800,0.71
ENE077-001279,2025-03-02,B1,28.8,9,190.13,600,0.71
ENE077-001280,2025-03-02,B2,25.8,14,229.15,1200,0.71
ENE077-001281,2025-03-02,B3,27.2,24,428.93,1800,0.71
ENE077-001282,2025-03-03,B1,27.7,57,230.67,600,0.71
ENE077-001283,2025-03-03,B2,29.6,64,473.47,1200,0.71
ENE077-001284,2025-03-03,B3,26.6,91,482.29,1800,0.71
ENE077-001285,2025-03-04,B1,27.4,45,211.0,600,0.71
ENE077-001286,2025-03-04,B2,29.6,79,487.88,1200,0.71
ENE077-001287,2025-03-04,B3,27.9,114,608.84,1800,0.71
ENE077-001288,2025-03-05,B1,26.6,40,164.33,600,0.71
ENE077-001289,2025-03-05,B2,26.2,73,341.53,1200,0.71
ENE077-001291,2025-03-06,B1,28.2,46,214.04,600,0.71
ENE077-001292,2025-03-06,B2,28.1,74,413.67,1200,0.71
ENE077-001293,2025-03-06,B3,24.0,97,388.43,1800,0.71
ENE077-001294,2025-03-07,B1,27.3,43,212.87,600,0.71
ENE077-001295,2025-03-07,B2,29.9,83,508.66,1200,0.71
ENE077-001296,2025-03-07,B3,25.5,105,454.31,1800,0.71
ENE077-001297,2025-03-08,B1,29.7,5,186.83,600,0.71
ENE077-001298,2025-03-08,B2,26.2,14,259.16,1200,0.71
ENE077-001299,2025-03-08,B3,29.1,20,542.52,1800,0.71
ENE077-001300,2025-03-09,B1,28.1,11,181.84,600,0.71
ENE077-001301,2025-03-09,B2,25.9,12,235.29,1200,0.71
ENE077-001302,2025-03-09,B3,25.8,19,339.29,1800,0.71
ENE077-001303,2025-03-10,B1,28.0,46,226.84,600,0.71
ENE077-001304,2025-03-10,B2,29.6,87,499.69,1200,0.71
ENE077-001305,2025-03-10,B3,25.6,104,453.84,1800,0.71
ENE077-001306,2025-03-11,B1,27.8,40,219.25,600,0.71
ENE077-001307,2025-03-11,B2,28.4,93,447.59,1200,0.71
ENE077-001308,2025-03-11,B3,26.2,107,493.7,1800,0.71
ENE077-001309,2025-03-12,B1,25.6,50,169.89,600,0.71
ENE077-001310,2025-03-12,B2,26.5,84,362.31,1200,0.71
ENE077-001311,2025-03-12,B3,25.4,98,442.58,1800,0.71
ENE077-001312,2025-03-13,B1,28.2,52,220.99,600,0.71
ENE077-001313,2025-03-13,B2,27.6,71,374.9,1200,0.71
ENE077-001314,2025-03-13,B3,27.8,88,554.33,1800,0.71
ENE077-001315,2025-03-14,B1,29.9,45,274.71,600,0.71
ENE077-001316,2025-03-14,B2,25.9,68,320.86,1200,0.71
ENE077-001317,2025-03-14,B3,25.9,89,458.46,1800,0.71
ENE077-001318,2025-03-15,B1,28.6,10,180.04,600,0.71
ENE077-001319,2025-03-15,B2,27.3,17,290.03,1200,0.71
ENE077-001320,2025-03-15,B3,26.7,22,403.48,1800,0.71
ENE077-001321,2025-03-16,B1,27.6,7,155.63,600,0.71
ENE077-001322,2025-03-16,B2,25.0,15,200.22,1200,0.71
ENE077-001323,2025-03-16,B3,26.6,25,397.76,1800,0.71
ENE077-001324,2025-03-17,B1,28.1,50,219.02,600,0.71
ENE077-001325,2025-03-17,B2,28.5,82,438.79,1200,0.71
ENE077-001326,2025-03-17,B3,26.9,97,520.12,1800,0.71
ENE077-001327,2025-03-18,B1,28.4,46,231.57,600,0.71
ENE077-001328,2025-03-18,B2,24.9,72,283.52,1200,0.71
ENE077-001329,2025-03-18,B3,28.6,89,,1800,0.71
ENE077-001330,2025-03-19,B1,29.4,50,253.87,600,0.71
ENE077-001331,2025-03-19,B2,27.4,86,414.23,1200,0.71
ENE077-001332,2025-03-19,B3,28.6,119,646.33,1800,0.71
ENE077-001333,2025-03-20,B1,27.9,49,230.58,600,0.71
ENE077-001334,2025-03-20,B2,27.1,93,412.1,1200,0.71
ENE077-001335,2025-03-20,B3,27.7,115,599.38,1800,0.71
ENE077-001336,2025-03-21,B1,31.0,36,295.11,600,0.71
ENE077-001337,2025-03-21,B2,27.9,76,405.41,1200,0.71
ENE077-001338,2025-03-21,B3,27.5,107,581.58,1800,0.71
ENE077-001339,2025-03-22,B1,28.3,14,178.23,600,0.71
ENE077-001340,2025-03-22,B2,27.9,12,300.13,1200,0.71
ENE077-001341,2025-03-22,B3,26.3,20,376.55,1800,0.71
ENE077-001342,2025-03-23,B1,25.3,9,121.42,600,0.71
ENE077-001344,2025-03-23,B3,26.4,23,398.33,1800,0.71
ENE077-001345,2025-03-24,B1,30.2,40,265.96,600,0.71
ENE077-001346,2025-03-24,B2,25.4,91,341.12,1200,0.71
ENE077-001347,2025-03-24,B3,27.8,128,617.28,1800,0.71
ENE077-001348,2025-03-25,B1,28.8,42,239.0,600,0.71
ENE077-001349,2025-03-25,B2,30.1,80,524.26,1200,0.71
ENE077-001350,2025-03-25,B3,28.8,107,660.06,1800,0.71
ENE077-001351,2025-03-26,B1,27.4,49,203.96,600,0.71
ENE077-001352,2025-03-26,B2,28.9,81,471.18,1200,0.71
ENE077-001353,2025-03-26,B3,25.1,114,464.89,1800,0.71
ENE077-001354,2025-03-27,B1,27.8,32,191.41,600,0.71
ENE077-001355,2025-03-27,B2,27.8,76,413.77,1200,0.71
ENE077-001356,2025-03-27,B3,29.4,102,685.52,1800,0.71
ENE077-001357,2025-03-28,B1,28.4,37,204.71,600,0.71
ENE077-001358,2025-03-28,B2,26.6,78,372.81,1200,0.71
ENE077-001359,2025-03-28,B3,28.2,95,610.14,1800,0.71
ENE077-001360,2025-03-29,B1,30.7,8,226.25,600,0.71
ENE077-001361,2025-03-29,B2,28.2,15,332.7,1200,0.71
ENE077-001362,2025-03-29,B3,27.9,23,459.62,1800,0.71
ENE077-001363,2025-03-30,B1,29.4,9,200.65,600,0.71
ENE077-001364,2025-03-30,B2,28.6,17,352.88,1200,0.71
ENE077-001365,2025-03-30,B3,29.8,20,608.17,1800,0.71
ENE077-001366,2025-03-31,B1,27.9,27,200.62,600,0.71
ENE077-001367,2025-03-31,B2,25.4,76,323.71,1200,0.71
ENE077-001368,2025-03-31,B3,31.3,107,852.91,1800,0.71
ENE077-001369,2025-04-01,B1,26.6,50,203.8,600,0.71
ENE077-001370,2025-04-01,B2,28.7,90,469.21,1200,0.71
ENE077-001371,2025-04-01,B3,30.8,93,805.88,1800,0.71
ENE077-001372,2025-04-02,B1,27.4,51,214.4,600,0.71
ENE077-001373,2025-04-02,B2,29.9,113,559.62,1200,0.71
ENE077-001374,2025-04-02,B3,31.4,111,868.99,1800,0.71
ENE077-001375,2025-04-03,B1,31.1,41,296.71,600,0.71
ENE077-001376,2025-04-03,B2,26.1,73,338.71,1200,0.71
ENE077-001377,2025-04-03,B3,25.6,118,489.31,1800,0.71
ENE077-001378,2025-04-04,B1,29.4,42,253.57,600,0.71
ENE077-001379,2025-04-04,B2,28.1,70,402.27,1200,0.71
ENE077-001380,2025-04-04,B3,27.5,95,548.27,1800,0.71
ENE077-001381,2025-04-05,B1,29.4,12,192.91,600,0.71
ENE077-001382,2025-04-05,B2,25.7,14,247.27,1200,0.71
ENE077-001383,2025-04-05,B3,26.5,21,388.44,1800,0.71
ENE077-001384,2025-04-06,B1,28.5,12,174.36,600,0.71
ENE077-001385,2025-04-06,B2,29.7,16,407.78,1200,0.71
ENE077-001386,2025-04-06,B3,29.6,20,573.98,1800,0.71
ENE077-001387,2025-04-07,B1,29.4,45,258.4,600,0.71
ENE077-001388,2025-04-07,B2,26.3,84,363.0,1200,0.71
ENE077-001389,2025-04-07,B3,30.5,110,788.94,1800,0.71
ENE077-001390,2025-04-08,B1,28.4,39,230.16,600,0.71
ENE077-001391,2025-04-08,B2,27.0,73,373.28,1200,0.71
ENE077-001392,2025-04-08,B3,28.1,106,614.7,1800,0.71
ENE077-001393,2025-04-09,B1,29.6,61,288.19,600,0.71
ENE077-001394,2025-04-09,B2,27.6,65,386.83,1200,0.71
ENE077-001395,2025-04-09,B3,29.2,101,677.88,1800,0.71
ENE077-001397,2025-04-10,B2,26.6,96,382.41,1200,0.71
ENE077-001398,2025-04-10,B3,27.0,118,564.46,1800,0.71
ENE077-001399,2025-04-11,B1,29.5,42,253.79,600,0.71
ENE077-001400,2025-04-11,B2,27.6,75,385.54,1200,0.71
ENE077-001401,2025-04-11,B3,26.9,112,555.72,1800,0.71
ENE077-001402,2025-04-12,B1,26.2,11,128.22,600,0.71
ENE077-001403,2025-04-12,B2,29.4,19,406.6,1200,0.71
ENE077-001404,2025-04-12,B3,29.9,23,610.73,1800,0.71
ENE077-001405,2025-04-13,B1,26.9,7,145.99,600,0.71
ENE077-001406,2025-04-13,B2,28.3,16,332.42,1200,0.71
ENE077-001407,2025-04-13,B3,28.7,21,521.41,1800,0.71
ENE077-001408,2025-04-14,B1,26.8,44,195.0,600,0.71
ENE077-001409,2025-04-14,B2,29.3,82,477.57,1200,0.71
ENE077-001410,2025-04-14,B3,29.7,93,703.39,1800,0.71
ENE077-001411,2025-04-15,B1,27.8,45,210.37,600,0.71
ENE077-001412,2025-04-15,B2,29.3,73,,1200,0.71
ENE077-001413,2025-04-15,B3,26.5,90,482.9,1800,0.71
ENE077-001414,2025-04-16,B1,26.4,33,167.98,600,0.71
ENE077-001415,2025-04-16,B2,27.2,63,356.9,1200,0.71
ENE077-001416,2025-04-16,B3,30.4,99,783.18,1800,0.71
ENE077-001417,2025-04-17,B1,28.1,40,222.82,600,0.71
ENE077-001418,2025-04-17,B2,28.5,78,442.38,1200,0.71
ENE077-001419,2025-04-17,B3,27.9,125,629.22,1800,0.71
ENE077-001420,2025-04-18,B1,25.3,64,196.34,600,0.71
ENE077-001421,2025-04-18,B2,27.4,83,411.81,1200,0.71
ENE077-001422,2025-04-18,B3,27.6,116,592.45,1800,0.71
ENE077-001423,2025-04-19,B1,28.1,11,159.52,600,0.71
ENE077-001424,2025-04-19,B2,29.5,15,383.22,1200,0.71
ENE077-001425,2025-04-19,B3,27.2,18,431.56,1800,0.71
ENE077-001426,2025-04-20,B1,26.7,9,129.72,600,0.71
ENE077-001427,2025-04-20,B2,28.8,11,346.44,1200,0.71
ENE077-001428,2025-04-20,B3,26.8,22,391.79,1800,0.71
ENE077-001429,2025-04-21,B1,27.8,60,228.42,600,0.71
ENE077-001430,2025-04-21,B2,24.1,75,281.29,1200,0.71
ENE077-001431,2025-04-21,B3,26.8,97,517.91,1800,0.71
ENE077-001432,2025-04-22,B1,26.6,58,213.76,600,0.71
ENE077-001433,2025-04-22,B2,25.8,80,325.86,1200,0.71
ENE077-001434,2025-04-22,B3,27.0,114,562.16,1800,0.71
ENE077-001435,2025-04-23,B1,26.2,58,211.11,600,0.71
ENE077-001436,2025-04-23,B2,28.3,92,427.55,1200,0.71
ENE077-001437,2025-04-23,B3,27.6,111,595.96,1800,0.71
ENE077-001438,2025-04-24,B1,26.1,53,187.39,600,0.71
ENE077-001439,2025-04-24,B2,27.7,98,433.07,1200,0.71
ENE077-001440,2025-04-24,B3,28.4,121,661.21,1800,0.71
ENE077-001441,2025-04-25,B1,26.0,52,212.67,600,0.71
ENE077-001442,2025-04-25,B2,26.7,73,352.08,1200,0.71
ENE077-001443,2025-04-25,B3,26.8,98,513.21,1800,0.71
ENE077-001444,2025-04-26,B1,27.6,7,157.68,600,0.71
ENE077-001445,2025-04-26,B2,25.5,14,231.34,1200,0.71
ENE077-001446,2025-04-26,B3,25.8,24,357.56,1800,0.71
ENE077-001447,2025-04-27,B1,26.7,7,115.32,600,0.71
ENE077-001448,2025-04-27,B2,28.4,13,331.6,1200,0.71
ENE077-001450,2025-04-28,B1,28.4,24,202.93,600,0.71
ENE077-001451,2025-04-28,B2,25.2,69,302.75,1200,0.71
ENE077-001452,2025-04-28,B3,27.9,107,594.43,1800,0.71
ENE077-001453,2025-04-29,B1,24.8,51,165.54,600,0.71
ENE077-001454,2025-04-29,B2,26.2,98,375.08,1200,0.71
ENE077-001455,2025-04-29,B3,27.1,99,549.4,1800,0.71
ENE077-001456,2025-04-30,B1,25.5,37,171.11,600,0.71
ENE077-001457,2025-04-30,B2,25.6,71,320.62,1200,0.71
ENE077-001458,2025-04-30,B3,27.3,109,566.85,1800,0.71
ENE077-001459,2025-05-01,B1,26.8,51,213.32,600,0.71
ENE077-001460,2025-05-01,B2,26.4,93,375.57,1200,0.71
ENE077-001461,2025-05-01,B3,29.9,103,740.65,1800,0.71
ENE077-001462,2025-05-02,B1,27.8,42,207.27,600,0.71
ENE077-001463,2025-05-02,B2,28.3,77,432.07,1200,0.71
ENE077-001464,2025-05-02,B3,26.4,104,504.01,1800,0.71
ENE077-001465,2025-05-03,B1,25.9,10,132.92,600,0.71
ENE077-001466,2025-05-03,B2,25.2,19,215.88,1200,0.71
ENE077-001467,2025-05-03,B3,26.4,22,384.13,1800,0.71
ENE077-001468,2025-05-04,B1,26.6,5,127.65,600,0.71
ENE077-001469,2025-05-04,B2,27.5,14,311.93,1200,0.71
ENE077-001470,2025-05-04,B3,26.7,19,384.93,1800,0.71
ENE077-001471,2025-05-05,B1,25.5,49,194.74,600,0.71
ENE077-001472,2025-05-05,B2,26.5,67,350.96,1200,0.71
ENE077-001473,2025-05-05,B3,24.8,142,490.93,1800,0.71
ENE077-001474,2025-05-06,B1,25.4,32,145.17,600,0.71
ENE077-001475,2025-05-06,B2,29.3,95,511.35,1200,0.71
ENE077-001476,2025-05-06,B3,27.2,102,527.38,1800,0.71
ENE077-001477,2025-05-07,B1,27.1,62,217.73,600,0.71
ENE077-001478,2025-05-07,B2,22.8,103,"299,97",1200,0.71
ENE077-001479,2025-05-07,B3,27.7,115,602.29,1800,0.71
ENE077-001480,2025-05-08,B1,27.5,60,241.22,600,0.71
ENE077-001481,2025-05-08,B2,28.9,70,439.93,1200,0.71
ENE077-001482,2025-05-08,B3,25.4,112,467.02,1800,0.71
ENE077-001483,2025-05-09,B1,29.7,53,284.28,600,0.71
ENE077-001484,2025-05-09,B2,24.9,38,259.5,1200,0.71
ENE077-001485,2025-05-09,B3,25.2,114,459.24,1800,0.71
ENE077-001486,2025-05-10,B1,25.8,7,123.09,600,0.71
ENE077-001487,2025-05-10,B2,23.0,15,171.54,1200,0.71
ENE077-001488,2025-05-10,B3,25.7,23,363.54,1800,0.71
ENE077-001489,2025-05-11,B1,27.4,9,154.55,600,0.71
ENE077-001490,2025-05-11,B2,26.6,10,266.89,1200,0.71
ENE077-001491,2025-05-11,B3,27.8,22,478.72,1800,0.71
ENE077-001492,2025-05-12,B1,24.9,55,188.18,600,0.71
ENE077-001493,2025-05-12,B2,24.9,59,275.37,1200,0.71
ENE077-001494,2025-05-12,B3,25.9,92,467.29,1800,0.71
ENE077-001495,2025-05-13,B1,26.5,28,,600,0.71
ENE077-001496,2025-05-13,B2,27.9,86,404.54,1200,0.71
ENE077-001497,2025-05-13,B3,25.6,89,448.62,1800,0.71
ENE077-001498,2025-05-14,B1,25.8,33,151.88,600,0.71
ENE077-001499,2025-05-14,B2,25.6,80,331.06,1200,0.71
ENE077-001500,2025-05-14,B3,23.9,93,364.77,1800,0.71
ENE077-001501,2025-05-15,B1,26.1,55,204.4,600,0.71
ENE077-001503,2025-05-15,B3,26.2,85,459.55,1800,0.71
ENE077-001504,2025-05-16,B1,24.5,62,180.19,600,0.71
ENE077-001505,2025-05-16,B2,24.7,73,288.45,1200,0.71
ENE077-001506,2025-05-16,B3,27.0,105,544.1,1800,0.71
ENE077-001507,2025-05-17,B1,26.6,10,141.25,600,0.71
ENE077-001508,2025-05-17,B2,24.6,13,213.85,1200,0.71
ENE077-001509,2025-05-17,B3,23.7,16,260.44,1800,0.71
ENE077-001510,2025-05-18,B1,24.9,8,115.75,600,0.71
ENE077-001511,2025-05-18,B2,25.1,12,226.76,1200,0.71
ENE077-001512,2025-05-18,B3,25.9,15,349.43,1800,0.71
ENE077-001513,2025-05-19,B1,25.6,39,166.48,600,0.71
ENE077-001514,2025-05-19,B2,23.8,75,284.59,1200,0.71
ENE077-001515,2025-05-19,B3,27.5,119,598.77,1800,0.71
ENE077-001516,2025-05-20,B1,26.1,36,172.7,600,0.71
ENE077-001517,2025-05-20,B2,25.3,96,336.9,1200,0.71
ENE077-001518,2025-05-20,B3,27.5,107,570.77,1800,0.71
ENE077-001519,2025-05-21,B1,24.5,42,143.49,600,0.71
ENE077-001520,2025-05-21,B2,25.5,75,330.08,1200,0.71
ENE077-001521,2025-05-21,B3,26.4,112,525.01,1800,0.71
ENE077-001522,2025-05-22,B1,24.8,32,142.42,600,0.71
ENE077-001523,2025-05-22,B2,23.3,87,266.92,1200,0.71
ENE077-001524,2025-05-22,B3,23.1,109,369.72,1800,0.71
ENE077-001525,2025-05-23,B1,23.5,50,153.95,600,0.71
ENE077-001526,2025-05-23,B2,23.7,67,261.48,1200,0.71
ENE077-001527,2025-05-23,B3,25.4,112,463.83,1800,0.71
ENE077-001528,2025-05-24,B1,26.2,10,138.48,600,0.71
ENE077-001529,2025-05-24,B2,21.2,14,146.27,1200,0.71
ENE077-001530,2025-05-24,B3,25.9,21,351.18,1800,0.71
ENE077-001531,2025-05-25,B1,24.5,9,99.78,600,0.71
ENE077-001532,2025-05-25,B2,25.8,13,241.87,1200,0.71
ENE077-001533,2025-05-25,B3,27.0,20,412.95,1800,0.71
ENE077-001534,2025-05-26,B1,26.2,67,231.53,600,0.71
ENE077-001535,2025-05-26,B2,20.8,69,217.49,1200,0.71
ENE077-001536,2025-05-26,B3,27.2,99,544.15,1800,0.71
ENE077-001537,2025-05-27,B1,25.4,55,189.21,600,0.71
ENE077-001538,2025-05-27,B2,23.6,59,235.97,1200,0.71
ENE077-001539,2025-05-27,B3,23.6,102,385.91,1800,0.71
ENE077-001540,2025-05-28,B1,23.5,35,132.48,600,0.71
ENE077-001541,2025-05-28,B2,23.5,92,279.08,1200,0.71
ENE077-001542,2025-05-28,B3,23.6,102,374.75,1800,0.71
ENE077-001543,2025-05-29,B1,24.5,66,183.79,600,0.71
ENE077-001544,2025-05-29,B2,22.5,74,249.95,1200,0.71
ENE077-001545,2025-05-29,B3,25.6,103,465.84,1800,0.71
ENE077-001546,2025-05-30,B1,22.3,32,128.17,600,0.71
ENE077-001547,2025-05-30,B2,24.5,88,313.25,1200,0.71
ENE077-001548,2025-05-30,B3,26.6,112,523.06,1800,0.71
ENE077-001549,2025-05-31,B1,23.4,11,95.6,600,0.71
ENE077-001550,2025-05-31,B2,23.4,16,161.77,1200,0.71
ENE077-001551,2025-05-31,B3,22.0,18,212.3,1800,0.71
ENE077-001552,2025-06-01,B1,23.7,6,90.22,600,0.71
ENE077-001553,2025-06-01,B2,24.0,13,186.9,1200,0.71
ENE077-001554,2025-06-01,B3,21.3,21,202.69,1800,0.71
ENE077-001556,2025-06-02,B2,23.6,74,265.89,1200,0.71
ENE077-001557,2025-06-02,B3,23.9,111,403.97,1800,0.71
ENE077-001558,2025-06-03,B1,22.4,72,178.93,600,0.71
ENE077-001559,2025-06-03,B2,24.1,79,285.14,1200,0.71
ENE077-001560,2025-06-03,B3,23.2,96,361.1,1800,0.71
ENE077-001561,2025-06-04,B1,25.4,59,199.62,600,0.71
ENE077-001562,2025-06-04,B2,24.8,72,287.89,1200,0.71
ENE077-001563,2025-06-04,B3,24.6,95,401.25,1800,0.71
ENE077-001564,2025-06-05,B1,22.5,27,108.38,600,0.71
ENE077-001565,2025-06-05,B2,22.5,88,278.73,1200,0.71
ENE077-001566,2025-06-05,B3,24.3,118,420.02,1800,0.71
ENE077-001567,2025-06-06,B1,23.4,50,154.31,600,0.71
ENE077-001568,2025-06-06,B2,22.3,87,258.53,1200,0.71
ENE077-001569,2025-06-06,B3,22.1,99,328.0,1800,0.71
ENE077-001570,2025-06-07,B1,25.3,7,116.14,600,0.71
ENE077-001571,2025-06-07,B2,25.6,19,231.53,1200,0.71
ENE077-001572,2025-06-07,B3,23.4,17,245.91,1800,0.71
ENE077-001573,2025-06-08,B1,25.1,11,124.93,600,0.71
ENE077-001574,2025-06-08,B2,22.7,11,159.03,1200,0.71
ENE077-001575,2025-06-08,B3,20.9,19,192.42,1800,0.71
ENE077-001576,2025-06-09,B1,23.3,47,161.94,600,0.71
ENE077-001577,2025-06-09,B2,20.7,64,210.05,1200,0.71
ENE077-001578,2025-06-09,B3,22.1,109,,1800,0.71
ENE077-001579,2025-06-10,B1,22.7,50,142.68,600,0.71
ENE077-001580,2025-06-10,B2,23.3,85,272.23,1200,0.71
ENE077-001581,2025-06-10,B3,24.3,97,400.45,1800,0.71
ENE077-001582,2025-06-11,B1,22.6,49,153.1,600,0.71
ENE077-001583,2025-06-11,B2,24.7,89,310.35,1200,0.71
ENE077-001584,2025-06-11,B3,22.4,102,332.05,1800,0.71
ENE077-001585,2025-06-12,B1,22.7,47,144.03,600,0.71
ENE077-001586,2025-06-12,B2,24.4,87,301.69,1200,0.71
ENE077-001587,2025-06-12,B3,22.0,93,322.74,1800,0.71
ENE077-001588,2025-06-13,B1,22.2,47,149.32,600,0.71
ENE077-001589,2025-06-13,B2,22.0,103,285.0,1200,0.71
ENE077-001590,2025-06-13,B3,20.8,109,340.86,1800,0.71
ENE077-001591,2025-06-14,B1,22.6,7,92.92,600,0.71
ENE077-001592,2025-06-14,B2,20.3,15,127.25,1200,0.71
ENE077-001593,2025-06-14,B3,20.8,21,184.36,1800,0.71
ENE077-001594,2025-06-15,B1,23.0,10,91.94,600,0.71
ENE077-001595,2025-06-15,B2,22.5,15,150.07,1200,0.71
ENE077-001596,2025-06-15,B3,23.2,22,258.56,1800,0.71
ENE077-001597,2025-06-16,B1,21.7,45,129.59,600,0.71
ENE077-001598,2025-06-16,B2,20.6,60,205.87,1200,0.71
ENE077-001599,2025-06-16,B3,19.0,98,293.63,1800,0.71
ENE077-001600,2025-06-17,B1,20.3,48,117.84,600,0.71
ENE077-001601,2025-06-17,B2,20.4,51,181.68,1200,0.71
ENE077-001602,2025-06-17,B3,23.5,119,403.72,1800,0.71
ENE077-001603,2025-06-18,B1,22.7,36,133.45,600,0.71
ENE077-001604,2025-06-18,B2,21.5,98,279.36,1200,0.71
ENE077-001605,2025-06-18,B3,20.5,104,304.35,1800,0.71
ENE077-001606,2025-06-19,B1,19.4,36,121.47,600,0.71
ENE077-001607,2025-06-19,B2,23.0,88,270.67,1200,0.71
ENE077-001609,2025-06-20,B1,17.6,61,154.2,600,0.71
ENE077-001610,2025-06-20,B2,21.2,78,224.55,1200,0.71
ENE077-001611,2025-06-20,B3,24.0,98,384.68,1800,0.71
ENE077-001612,2025-06-21,B1,20.0,10,67.95,600,0.71
ENE077-001613,2025-06-21,B2,19.9,13,127.54,1200,0.71
ENE077-001614,2025-06-21,B3,22.0,16,214.11,1800,0.71
ENE077-001615,2025-06-22,B1,20.5,4,62.86,600,0.71
ENE077-001616,2025-06-22,B2,20.8,15,152.93,1200,0.71
ENE077-001617,2025-06-22,B3,19.2,25,197.44,1800,0.71
ENE077-001618,2025-06-23,B1,19.2,30,110.83,600,0.71
ENE077-001619,2025-06-23,B2,20.2,69,220.35,1200,0.71
ENE077-001620,2025-06-23,B3,20.9,99,321.95,1800,0.71
ENE077-001621,2025-06-24,B1,19.5,32,116.96,600,0.71
ENE077-001622,2025-06-24,B2,17.9,72,217.94,1200,0.71
ENE077-001623,2025-06-24,B3,21.5,106,328.23,1800,0.71
ENE077-001624,2025-06-25,B1,19.7,62,138.75,600,0.71
ENE077-001625,2025-06-25,B2,19.7,80,214.82,1200,0.71
ENE077-001626,2025-06-25,B3,20.5,92,302.51,1800,0.71
ENE077-001627,2025-06-26,B1,22.6,65,153.77,600,0.71
ENE077-001628,2025-06-26,B2,18.8,86,227.73,1200,0.71
ENE077-001629,2025-06-26,B3,16.9,111,329.93,1800,0.71
ENE077-001630,2025-06-27,B1,21.3,40,116.47,600,0.71
ENE077-001631,2025-06-27,B2,18.5,59,207.35,1200,0.71
ENE077-001632,2025-06-27,B3,17.3,92,298.07,1800,0.71
ENE077-001633,2025-06-28,B1,17.2,8,54.66,600,0.71
ENE077-001634,2025-06-28,B2,18.4,12,142.18,1200,0.71
ENE077-001635,2025-06-28,B3,21.2,19,187.8,1800,0.71
ENE077-001636,2025-06-29,B1,19.3,10,67.14,600,0.71
ENE077-001637,2025-06-29,B2,20.0,13,143.8,1200,0.71
ENE077-001638,2025-06-29,B3,20.0,21,186.04,1800,0.71
ENE077-001639,2025-06-30,B1,15.4,57,166.47,600,0.71
ENE077-001640,2025-06-30,B2,19.4,81,223.79,1200,0.71
ENE077-001641,2025-06-30,B3,16.8,100,302.07,1800,0.71
ENE077-001642,2025-07-01,B1,20.4,58,146.84,600,0.71
ENE077-001643,2025-07-01,B2,21.0,73,229.74,1200,0.71
ENE077-001644,2025-07-01,B3,19.3,96,313.04,1800,0.71
ENE077-001645,2025-07-02,B1,17.5,39,115.3,600,0.71
ENE077-001646,2025-07-02,B2,16.7,68,208.83,1200,0.71
ENE077-001647,2025-07-02,B3,17.5,97,322.15,1800,0.71
ENE077-001648,2025-07-03,B1,17.3,66,150.79,600,0.71
ENE077-001649,2025-07-03,B2,21.2,80,243.95,1200,0.71
ENE077-001650,2025-07-03,B3,18.8,111,328.64,1800,0.71
ENE077-001651,2025-07-04,B1,16.8,41,131.32,600,0.71
ENE077-001652,2025-07-04,B2,18.7,71,198.74,1200,0.71
ENE077-001653,2025-07-04,B3,18.1,93,303.69,1800,0.71
ENE077-001654,2025-07-05,B1,23.0,10,93.04,600,0.71
ENE077-001655,2025-07-05,B2,19.3,14,124.13,1200,0.71
ENE077-001656,2025-07-05,B3,18.6,21,180.4,1800,0.71
ENE077-001657,2025-07-06,B1,18.2,7,76.21,600,0.71
ENE077-001658,2025-07-06,B2,20.6,15,119.91,1200,0.71
ENE077-001659,2025-07-06,B3,19.6,18,187.36,1800,0.71
ENE077-001660,2025-07-07,B1,19.1,53,135.67,600,0.71
ENE077-001662,2025-07-07,B3,20.3,108,318.14,1800,0.71
ENE077-001663,2025-07-08,B1,16.8,50,139.09,600,0.71
ENE077-001664,2025-07-08,B2,21.1,86,250.38,1200,0.71
ENE077-001665,2025-07-08,B3,21.0,100,317.19,1800,0.71
ENE077-001666,2025-07-09,B1,17.0,27,98.61,600,0.71
ENE077-001667,2025-07-09,B2,18.3,76,215.91,1200,0.71
ENE077-001668,2025-07-09,B3,18.3,106,308.41,1800,0.71
ENE077-001669,2025-07-10,B1,17.9,43,118.61,600,0.71
ENE077-001670,2025-07-10,B2,17.8,72,212.6,1200,0.71
ENE077-001671,2025-07-10,B3,17.0,113,343.35,1800,0.71
ENE077-001672,2025-07-11,B1,17.1,52,136.68,600,0.71
ENE077-001673,2025-07-11,B2,16.6,67,218.1,1200,0.71
ENE077-001674,2025-07-11,B3,17.0,103,320.65,1800,0.71
ENE077-001675,2025-07-12,B1,17.8,9,73.67,600,0.71
ENE077-001676,2025-07-12,B2,17.4,15,137.62,1200,0.71
ENE077-001677,2025-07-12,B3,17.5,19,187.16,1800,0.71
ENE077-001678,2025-07-13,B1,16.3,6,57.92,600,0.71
ENE077-001679,2025-07-13,B2,15.4,12,156.19,1200,0.71
ENE077-001680,2025-07-13,B3,19.0,17,170.35,1800,0.71
ENE077-001681,2025-07-14,B1,16.8,38,132.83,600,0.71
ENE077-001682,2025-07-14,B2,20.5,71,209.8,1200,0.71
ENE077-001683,2025-07-14,B3,18.0,99,317.17,1800,0.71
ENE077-001684,2025-07-15,B1,19.9,34,111.68,600,0.71
ENE077-001685,2025-07-15,B2,16.9,102,271.99,1200,0.71
ENE077-001686,2025-07-15,B3,19.2,116,336.7,1800,0.71
ENE077-001687,2025-07-16,B1,17.5,52,123.66,600,0.71
ENE077-001688,2025-07-16,B2,16.4,81,255.22,1200,0.71
ENE077-001689,2025-07-16,B3,19.2,117,"318,71",1800,0.71
ENE077-001690,2025-07-17,B1,17.6,40,107.31,600,0.71
ENE077-001691,2025-07-17,B2,13.5,87,301.77,1200,0.71
ENE077-001692,2025-07-17,B3,17.1,90,314.39,1800,0.71
ENE077-001693,2025-07-18,B1,16.3,39,115.99,600,0.71
ENE077-001694,2025-07-18,B2,18.2,58,196.85,1200,0.71
ENE077-001695,2025-07-18,B3,15.6,125,388.35,1800,0.71
ENE077-001696,2025-07-19,B1,14.5,3,91.24,600,0.71
ENE077-001697,2025-07-19,B2,17.2,13,134.83,1200,0.71
ENE077-001698,2025-07-19,B3,18.3,20,178.83,1800,0.71
ENE077-001699,2025-07-20,B1,15.7,12,81.34,600,0.71
ENE077-001700,2025-07-20,B2,14.2,15,188.12,1200,0.71
ENE077-001701,2025-07-20,B3,14.0,21,285.14,1800,0.71
ENE077-001702,2025-07-21,B1,17.1,50,148.44,600,0.71
ENE077-001703,2025-07-21,B2,14.0,77,292.24,1200,0.71
ENE077-001704,2025-07-21,B3,18.2,91,289.26,1800,0.71
ENE077-001705,2025-07-22,B1,15.4,38,136.21,600,0.71
ENE077-001706,2025-07-22,B2,16.9,83,236.88,1200,0.71
ENE077-001707,2025-07-22,B3,12.8,80,423.36,1800,0.71
ENE077-001708,2025-07-23,B1,18.9,33,110.89,600,0.71
ENE077-001709,2025-07-23,B2,15.2,73,251.71,1200,0.71
ENE077-001710,2025-07-23,B3,18.4,96,296.89,1800,0.71
ENE077-001711,2025-07-24,B1,15.7,65,169.34,600,0.71
ENE077-001712,2025-07-24,B2,14.0,68,268.54,1200,0.71
ENE077-001713,2025-07-24,B3,14.3,130,423.48,1800,0.71
ENE077-001715,2025-07-25,B2,15.1,43,205.38,1200,0.71
ENE077-001716,2025-07-25,B3,16.2,91,316.59,1800,0.71
ENE077-001717,2025-07-26,B1,15.8,9,84.37,600,0.71
ENE077-001718,2025-07-26,B2,17.8,17,140.44,1200,0.71
ENE077-001719,2025-07-26,B3,17.9,23,190.25,1800,0.71
ENE077-001720,2025-07-27,B1,17.5,8,83.85,600,0.71
ENE077-001721,2025-07-27,B2,14.9,13,148.65,1200,0.71
ENE077-001722,2025-07-27,B3,15.7,23,231.35,1800,0.71
ENE077-001723,2025-07-28,B1,15.3,32,119.74,600,0.71
ENE077-001724,2025-07-28,B2,15.1,70,258.36,1200,0.71
ENE077-001725,2025-07-28,B3,15.9,106,345.95,1800,0.71
ENE077-001726,2025-07-29,B1,14.9,33,128.51,600,0.71
ENE077-001727,2025-07-29,B2,15.8,101,279.49,1200,0.71
ENE077-001728,2025-07-29,B3,13.4,114,440.55,1800,0.71
ENE077-001729,2025-07-30,B1,11.9,20,164.44,600,0.71
ENE077-001730,2025-07-30,B2,16.3,85,247.64,1200,0.71
ENE077-001731,2025-07-30,B3,17.0,93,303.55,1800,0.71
ENE077-001732,2025-07-31,B1,14.8,41,145.11,600,0.71
ENE077-001733,2025-07-31,B2,14.4,92,310.86,1200,0.71
ENE077-001734,2025-07-31,B3,16.0,86,320.14,1800,0.71
ENE077-001735,2025-08-01,B1,14.9,9,99.5,600,0.71
ENE077-001736,2025-08-01,B2,12.4,78,328.09,1200,0.71
ENE077-001737,2025-08-01,B3,14.7,98,362.57,1800,0.71
ENE077-001738,2025-08-02,B1,11.3,7,155.22,600,0.71
ENE077-001739,2025-08-02,B2,15.6,16,167.17,1200,0.71
ENE077-001740,2025-08-02,B3,15.3,16,222.03,1800,0.71
ENE077-001741,2025-08-03,B1,12.7,10,141.69,600,0.71
ENE077-001742,2025-08-03,B2,13.3,16,206.64,1200,0.71
ENE077-001743,2025-08-03,B3,16.7,22,206.68,1800,0.71
ENE077-001744,2025-08-04,B1,16.2,45,,600,0.71
ENE077-001745,2025-08-04,B2,12.7,58,276.91,1200,0.71
ENE077-001746,2025-08-04,B3,15.6,109,370.03,1800,0.71
ENE077-001747,2025-08-05,B1,17.6,57,151.83,600,0.71
ENE077-001748,2025-08-05,B2,14.9,57,236.95,1200,0.71
ENE077-001749,2025-08-05,B3,13.2,96,419.12,1800,0.71
ENE077-001750,2025-08-06,B1,14.3,48,150.29,600,0.71
ENE077-001751,2025-08-06,B2,14.3,53,234.72,1200,0.71
ENE077-001752,2025-08-06,B3,15.6,107,358.73,1800,0.71
ENE077-001753,2025-08-07,B1,11.7,27,159.67,600,0.71
ENE077-001754,2025-08-07,B2,13.6,86,293.25,1200,0.71
ENE077-001755,2025-08-07,B3,15.9,85,327.58,1800,0.71
ENE077-001756,2025-08-08,B1,14.5,44,149.96,600,0.71
ENE077-001757,2025-08-08,B2,14.9,74,245.63,1200,0.71
ENE077-001758,2025-08-08,B3,15.4,99,354.97,1800,0.71
ENE077-001759,2025-08-09,B1,13.4,15,118.34,600,0.71
ENE077-001760,2025-08-09,B2,14.8,16,162.03,1200,0.71
ENE077-001761,2025-08-09,B3,13.9,19,271.29,1800,0.71
ENE077-001762,2025-08-10,B1,11.0,8,160.46,600,0.71
ENE077-001763,2025-08-10,B2,14.6,14,175.48,1200,0.71
ENE077-001764,2025-08-10,B3,13.4,23,317.42,1800,0.71
ENE077-001765,2025-08-11,B1,11.5,27,169.43,600,0.71
ENE077-001766,2025-08-11,B2,10.9,62,359.17,1200,0.71
ENE077-001768,2025-08-12,B1,15.1,33,125.48,600,0.71
ENE077-001769,2025-08-12,B2,13.7,84,297.41,1200,0.71
ENE077-001770,2025-08-12,B3,14.0,105,396.86,1800,0.71
ENE077-001771,2025-08-13,B1,11.4,63,222.54,600,0.71
ENE077-001772,2025-08-13,B2,12.9,61,280.45,1200,0.71
ENE077-001773,2025-08-13,B3,11.5,109,514.34,1800,0.71
ENE077-001774,2025-08-14,B1,14.2,37,138.17,600,0.71
ENE077-001775,2025-08-14,B2,12.4,86,338.24,1200,0.71
ENE077-001776,2025-08-14,B3,14.7,104,385.57,1800,0.71
ENE077-001777,2025-08-15,B1,14.5,66,175.34,600,0.71
ENE077-001778,2025-08-15,B2,14.1,87,298.64,1200,0.71
ENE077-001779,2025-08-15,B3,11.9,118,525.77,1800,0.71
ENE077-001780,2025-08-16,B1,12.8,11,116.02,600,0.71
ENE077-001781,2025-08-16,B2,14.3,13,175.43,1200,0.71
ENE077-001782,2025-08-16,B3,14.9,21,241.08,1800,0.71
ENE077-001783,2025-08-17,B1,17.1,4,74.02,600,0.71
ENE077-001784,2025-08-17,B2,13.9,15,187.46,1200,0.71
ENE077-001785,2025-08-17,B3,13.0,23,315.56,1800,0.71
ENE077-001786,2025-08-18,B1,14.5,59,175.84,600,0.71
ENE077-001787,2025-08-18,B2,10.9,86,384.31,1200,0.71
ENE077-001788,2025-08-18,B3,13.0,88,418.84,1800,0.71
ENE077-001789,2025-08-19,B1,12.5,47,195.77,600,0.71
ENE077-001790,2025-08-19,B2,12.4,74,332.38,1200,0.71
ENE077-001791,2025-08-19,B3,9.8,102,609.06,1800,0.71
ENE077-001792,2025-08-20,B1,11.3,44,209.73,600,0.71
ENE077-001793,2025-08-20,B2,13.6,67,262.96,1200,0.71
ENE077-001794,2025-08-20,B3,9.6,100,627.93,1800,0.71
ENE077-001795,2025-08-21,B1,11.6,50,197.76,600,0.71
ENE077-001796,2025-08-21,B2,13.0,80,315.02,1200,0.71
ENE077-001797,2025-08-21,B3,10.3,97,578.45,1800,0.71
ENE077-001798,2025-08-22,B1,10.3,54,232.19,600,0.71
ENE077-001799,2025-08-22,B2,12.2,83,323.51,1200,0.71
ENE077-001800,2025-08-22,B3,12.9,95,427.15,1800,0.71
ENE077-001801,2025-08-23,B1,12.2,8,129.51,600,0.71
ENE077-001802,2025-08-23,B2,11.4,16,264.8,1200,0.71
ENE077-001803,2025-08-23,B3,10.5,16,444.91,1800,0.71
ENE077-001804,2025-08-24,B1,11.7,9,135.81,600,0.71
ENE077-001805,2025-08-24,B2,11.9,18,250.11,1200,0.71
ENE077-001806,2025-08-24,B3,10.5,21,460.23,1800,0.71
ENE077-001807,2025-08-25,B1,14.3,63,176.37,600,0.71
ENE077-001808,2025-08-25,B2,11.5,57,332.24,1200,0.71
ENE077-001809,2025-08-25,B3,10.3,101,586.1,1800,0.71
ENE077-001810,2025-08-26,B1,10.7,41,208.5,600,0.71
ENE077-001811,2025-08-26,B2,13.3,82,308.25,1200,0.71
ENE077-001812,2025-08-26,B3,10.9,106,542.81,1800,0.71
ENE077-001813,2025-08-27,B1,9.4,63,253.13,600,0.71
ENE077-001814,2025-08-27,B2,9.6,69,421.68,1200,0.71
ENE077-001815,2025-08-27,B3,11.9,122,530.78,1800,0.71
ENE077-001816,2025-08-28,B1,10.2,63,236.6,600,0.71
ENE077-001817,2025-08-28,B2,11.0,85,396.58,1200,0.71
ENE077-001818,2025-08-28,B3,10.8,104,549.1,1800,0.71
ENE077-001819,2025-08-29,B1,11.4,44,191.75,600,0.71
ENE077-001821,2025-08-29,B3,12.1,110,495.54,1800,0.71
ENE077-001822,2025-08-30,B1,15.1,9,85.39,600,0.71
ENE077-001823,2025-08-30,B2,9.4,13,357.74,1200,0.71
ENE077-001824,2025-08-30,B3,12.8,21,332.95,1800,0.71
ENE077-001825,2025-08-31,B1,9.9,8,169.47,600,0.71
ENE077-001826,2025-08-31,B2,11.7,11,240.0,1200,0.71
ENE077-001827,2025-08-31,B3,13.9,23,,1800,0.71
ENE077-001828,2025-09-01,B1,10.5,49,230.61,600,0.71
ENE077-001829,2025-09-01,B2,11.0,83,387.14,1200,0.71
ENE077-001830,2025-09-01,B3,14.0,118,431.86,1800,0.71
ENE077-001831,2025-09-02,B1,7.9,53,283.78,600,0.71
ENE077-001832,2025-09-02,B2,11.4,90,379.65,1200,0.71
ENE077-001833,2025-09-02,B3,11.3,109,544.9,1800,0.71
ENE077-001834,2025-09-03,B1,11.3,49,210.8,600,0.71
ENE077-001835,2025-09-03,B2,12.0,54,308.58,1200,0.71
ENE077-001836,2025-09-03,B3,13.1,108,452.05,1800,0.71
ENE077-001837,2025-09-04,B1,10.5,37,204.1,600,0.71
ENE077-001838,2025-09-04,B2,12.6,64,305.44,1200,0.71
ENE077-001839,2025-09-04,B3,13.4,111,442.55,1800,0.71
ENE077-001840,2025-09-05,B1,12.8,44,170.08,600,0.71
ENE077-001841,2025-09-05,B2,9.6,53,398.34,1200,0.71
ENE077-001842,2025-09-05,B3,9.3,107,649.83,1800,0.71
ENE077-001843,2025-09-06,B1,10.5,10,157.58,600,0.71
ENE077-001844,2025-09-06,B2,10.3,15,313.66,1200,0.71
ENE077-001845,2025-09-06,B3,10.2,17,469.66,1800,0.71
ENE077-001846,2025-09-07,B1,9.3,11,178.56,600,0.71
ENE077-001847,2025-09-07,B2,11.0,14,281.98,1200,0.71
ENE077-001848,2025-09-07,B3,9.8,25,493.72,1800,0.71
ENE077-001849,2025-09-08,B1,11.1,57,228.0,600,0.71
ENE077-001850,2025-09-08,B2,12.7,64,296.76,1200,0.71
ENE077-001851,2025-09-08,B3,10.7,119,577.98,1800,0.71
ENE077-001852,2025-09-09,B1,11.8,41,185.42,600,0.71
ENE077-001853,2025-09-09,B2,11.6,63,319.86,1200,0.71
ENE077-001854,2025-09-09,B3,11.7,125,525.04,1800,0.71
ENE077-001855,2025-09-10,B1,9.5,41,226.26,600,0.71
ENE077-001856,2025-09-10,B2,7.4,85,553.23,1200,0.71
ENE077-001857,2025-09-10,B3,11.0,114,546.56,1800,0.71
ENE077-001858,2025-09-11,B1,9.8,65,255.53,600,0.71
ENE077-001859,2025-09-11,B2,10.3,70,392.73,1200,0.71
ENE077-001860,2025-09-11,B3,10.3,103,582.06,1800,0.71
ENE077-001861,2025-09-12,B1,11.1,33,189.79,600,0.71
ENE077-001862,2025-09-12,B2,8.6,84,490.98,1200,0.71
ENE077-001863,2025-09-12,B3,8.1,108,749.01,1800,0.71
ENE077-001864,2025-09-13,B1,8.3,7,205.96,600,0.71
ENE077-001865,2025-09-13,B2,12.3,18,243.88,1200,0.71
ENE077-001866,2025-09-13,B3,8.4,17,593.37,1800,0.71
ENE077-001867,2025-09-14,B1,10.0,9,175.66,600,0.71
ENE077-001868,2025-09-14,B2,7.2,12,458.29,1200,0.71
ENE077-001869,2025-09-14,B3,9.0,21,540.85,1800,0.71
ENE077-001870,2025-09-15,B1,10.2,58,258.8,600,0.71
ENE077-001871,2025-09-15,B2,7.5,65,516.46,1200,0.71
ENE077-001872,2025-09-15,B3,11.8,90,479.07,1800,0.71
ENE077-001874,2025-09-16,B2,12.5,62,298.99,1200,0.71
ENE077-001875,2025-09-16,B3,9.6,86,590.95,1800,0.71
ENE077-001876,2025-09-17,B1,10.9,32,201.1,600,0.71
ENE077-001877,2025-09-17,B2,13.0,63,294.47,1200,0.71
ENE077-001878,2025-09-17,B3,8.6,123,726.13,1800,0.71
ENE077-001879,2025-09-18,B1,7.3,59,315.34,600,0.71
ENE077-001880,2025-09-18,B2,10.8,60,360.78,1200,0.71
ENE077-001881,2025-09-18,B3,10.9,101,555.84,1800,0.71
ENE077-001882,2025-09-19,B1,9.1,47,238.26,600,0.71
ENE077-001883,2025-09-19,B2,9.9,87,428.09,1200,0.71
ENE077-001884,2025-09-19,B3,10.8,104,545.19,1800,0.71
ENE077-001885,2025-09-20,B1,10.3,9,157.04,600,0.71
ENE077-001886,2025-09-20,B2,10.3,15,315.82,1200,0.71
ENE077-001887,2025-09-20,B3,9.8,18,481.07,1800,0.71
ENE077-001888,2025-09-21,B1,5.9,7,277.49,600,0.71
ENE077-001889,2025-09-21,B2,11.1,18,276.49,1200,0.71
ENE077-001890,2025-09-21,B3,10.2,21,466.08,1800,0.71
ENE077-001891,2025-09-22,B1,10.1,30,202.35,600,0.71
ENE077-001892,2025-09-22,B2,10.5,83,412.16,1200,0.71
ENE077-001893,2025-09-22,B3,8.2,113,764.5,1800,0.71
ENE077-001894,2025-09-23,B1,11.2,48,206.33,600,0.71
ENE077-001895,2025-09-23,B2,12.0,65,334.07,1200,0.71
ENE077-001896,2025-09-23,B3,6.7,103,853.32,1800,0.71
ENE077-001897,2025-09-24,B1,9.6,31,200.33,600,0.71
ENE077-001898,2025-09-24,B2,8.6,68,469.94,1200,0.71
ENE077-001899,2025-09-24,B3,9.6,92,623.52,1800,0.71
ENE077-001900,2025-09-25,B1,10.9,58,"229,1",600,0.71
ENE077-001901,2025-09-25,B2,10.4,58,366.35,1200,0.71
ENE077-001902,2025-09-25,B3,13.4,95,403.15,1800,0.71
ENE077-001903,2025-09-26,B1,7.0,39,297.11,600,0.71
ENE077-001904,2025-09-26,B2,8.9,84,465.1,1200,0.71
ENE077-001905,2025-09-26,B3,11.0,100,534.02,1800,0.71
ENE077-001906,2025-09-27,B1,11.3,9,141.39,600,0.71
ENE077-001907,2025-09-27,B2,6.7,15,491.56,1200,0.71
ENE077-001908,2025-09-27,B3,8.5,23,584.76,1800,0.71
ENE077-001909,2025-09-28,B1,10.7,10,154.33,600,0.71
ENE077-001910,2025-09-28,B2,7.1,18,,1200,0.71
ENE077-001911,2025-09-28,B3,8.1,20,604.52,1800,0.71
ENE077-001912,2025-09-29,B1,9.1,65,285.9,600,0.71
ENE077-001913,2025-09-29,B2,11.3,70,336.35,1200,0.71
ENE077-001914,2025-09-29,B3,10.7,101,554.14,1800,0.71
ENE077-001915,2025-09-30,B1,7.9,50,278.61,600,0.71
ENE077-001916,2025-09-30,B2,9.8,73,414.6,1200,0.71
ENE077-001917,2025-09-30,B3,10.8,113,566.89,1800,0.71
ENE077-001918,2025-10-01,B1,12.2,46,190.76,600,0.71
ENE077-001919,2025-10-01,B2,11.4,62,336.9,1200,0.71
ENE077-001920,2025-10-01,B3,8.5,117,735.45,1800,0.71
ENE077-001921,2025-10-02,B1,9.1,39,217.12,600,0.71
ENE077-001922,2025-10-02,B2,11.7,70,352.6,1200,0.71
ENE077-001923,2025-10-02,B3,10.6,86,537.5,1800,0.71
ENE077-001924,2025-10-03,B1,8.8,40,249.79,600,0.71
ENE077-001925,2025-10-03,B2,8.8,95,505.91,1200,0.71
ENE077-001927,2025-10-04,B1,11.7,12,154.4,600,0.71
ENE077-001928,2025-10-04,B2,12.8,16,224.17,1200,0.71
ENE077-001929,2025-10-04,B3,9.6,22,525.1,1800,0.71
ENE077-001930,2025-10-05,B1,10.0,8,162.01,600,0.71
ENE077-001931,2025-10-05,B2,8.6,14,393.05,1200,0.71
ENE077-001932,2025-10-05,B3,9.0,24,561.82,1800,0.71
ENE077-001933,2025-10-06,B1,11.7,46,191.47,600,0.71
ENE077-001934,2025-10-06,B2,13.5,76,286.73,1200,0.71
ENE077-001935,2025-10-06,B3,10.8,88,528.01,1800,0.71
ENE077-001936,2025-10-07,B1,10.1,34,209.4,600,0.71
ENE077-001937,2025-10-07,B2,11.5,63,345.31,1200,0.71
ENE077-001938,2025-10-07,B3,10.7,111,584.6,1800,0.71
ENE077-001939,2025-10-08,B1,11.2,40,196.4,600,0.71
ENE077-001940,2025-10-08,B2,10.6,78,400.16,1200,0.71
ENE077-001941,2025-10-08,B3,9.0,79,645.94,1800,0.71
ENE077-001942,2025-10-09,B1,11.4,55,220.06,600,0.71
ENE077-001943,2025-10-09,B2,11.9,72,329.82,1200,0.71
ENE077-001944,2025-10-09,B3,10.8,89,528.94,1800,0.71
ENE077-001945,2025-10-10,B1,10.1,25,201.81,600,0.71
ENE077-001946,2025-10-10,B2,9.3,90,471.48,1200,0.71
ENE077-001947,2025-10-10,B3,13.9,109,413.25,1800,0.71
ENE077-001948,2025-10-11,B1,11.6,9,141.32,600,0.71
ENE077-001949,2025-10-11,B2,9.4,14,347.15,1200,0.71
ENE077-001950,2025-10-11,B3,9.4,23,521.39,1800,0.71
ENE077-001951,2025-10-12,B1,8.2,4,210.36,600,0.71
ENE077-001952,2025-10-12,B2,7.6,20,450.65,1200,0.71
ENE077-001953,2025-10-12,B3,9.5,14,493.5,1800,0.71
ENE077-001954,2025-10-13,B1,11.4,44,200.03,600,0.71
ENE077-001955,2025-10-13,B2,10.2,90,428.83,1200,0.71
ENE077-001956,2025-10-13,B3,14.0,107,405.16,1800,0.71
ENE077-001957,2025-10-14,B1,10.4,42,187.38,600,0.71
ENE077-001958,2025-10-14,B2,6.1,77,638.43,1200,0.71
ENE077-001959,2025-10-14,B3,11.7,89,481.47,1800,0.71
ENE077-001960,2025-10-15,B1,10.5,68,242.29,600,0.71
ENE077-001961,2025-10-15,B2,11.1,83,388.31,1200,0.71
ENE077-001962,2025-10-15,B3,12.9,96,428.61,1800,0.71
ENE077-001963,2025-10-16,B1,12.6,37,168.03,600,0.71
ENE077-001964,2025-10-16,B2,9.9,73,412.64,1200,0.71
ENE077-001965,2025-10-16,B3,10.7,127,608.7,1800,0.71
ENE077-001966,2025-10-17,B1,8.5,26,229.64,600,0.71
ENE077-001967,2025-10-17,B2,13.2,66,290.24,1200,0.71
ENE077-001968,2025-10-17,B3,11.1,112,549.41,1800,0.71
ENE077-001969,2025-10-18,B1,9.1,6,193.53,600,0.71
ENE077-001970,2025-10-18,B2,9.6,18,347.79,1200,0.71
ENE077-001971,2025-10-18,B3,11.4,19,393.17,1800,0.71
ENE077-001972,2025-10-19,B1,9.0,12,186.09,600,0.71
ENE077-001973,2025-10-19,B2,9.5,16,348.71,1200,0.71
ENE077-001974,2025-10-19,B3,10.5,24,463.73,1800,0.71
ENE077-001975,2025-10-20,B1,8.3,75,303.37,600,0.71
ENE077-001976,2025-10-20,B2,11.2,78,371.72,1200,0.71
ENE077-001977,2025-10-20,B3,10.0,118,632.79,1800,0.71
ENE077-001978,2025-10-21,B1,11.0,34,192.53,600,0.71
ENE077-001980,2025-10-21,B3,8.2,122,762.14,1800,0.71
ENE077-001981,2025-10-22,B1,10.7,34,195.27,600,0.71
ENE077-001982,2025-10-22,B2,11.8,74,337.3,1200,0.71
ENE077-001983,2025-10-22,B3,10.7,95,556.2,1800,0.71
ENE077-001984,2025-10-23,B1,11.9,39,159.16,600,0.71
ENE077-001985,2025-10-23,B2,10.9,68,368.08,1200,0.71
ENE077-001986,2025-10-23,B3,13.7,94,404.79,1800,0.71
ENE077-001987,2025-10-24,B1,11.3,25,160.64,600,0.71
ENE077-001988,2025-10-24,B2,9.8,80,429.79,1200,0.71
ENE077-001989,2025-10-24,B3,11.6,97,482.87,1800,0.71
ENE077-001990,2025-10-25,B1,9.4,7,175.29,600,0.71
ENE077-001991,2025-10-25,B2,12.7,14,218.13,1200,0.71
ENE077-001992,2025-10-25,B3,10.7,21,428.89,1800,0.71
ENE077-001993,2025-10-26,B1,12.0,14,,600,0.71
ENE077-001994,2025-10-26,B2,9.4,17,361.84,1200,0.71
ENE077-001995,2025-10-26,B3,13.1,23,316.99,1800,0.71
ENE077-001996,2025-10-27,B1,11.5,56,219.3,600,0.71
ENE077-001997,2025-10-27,B2,10.0,73,417.81,1200,0.71
ENE077-001998,2025-10-27,B3,13.7,122,438.04,1800,0.71
ENE077-001999,2025-10-28,B1,12.9,34,159.87,600,0.71
ENE077-002000,2025-10-28,B2,8.1,85,512.03,1200,0.71
ENE077-002001,2025-10-28,B3,12.0,98,477.0,1800,0.71
ENE077-002002,2025-10-29,B1,8.7,37,252.08,600,0.71
ENE077-002003,2025-10-29,B2,9.6,70,411.4,1200,0.71
ENE077-002004,2025-10-29,B3,7.5,105,787.9,1800,0.71
ENE077-002005,2025-10-30,B1,11.8,51,199.28,600,0.71
ENE077-002006,2025-10-30,B2,11.9,78,341.96,1200,0.71
ENE077-002007,2025-10-30,B3,10.5,110,578.63,1800,0.71
ENE077-002008,2025-10-31,B1,13.1,46,178.12,600,0.71
ENE077-002009,2025-10-31,B2,14.2,71,272.01,1200,0.71
ENE077-002010,2025-10-31,B3,9.5,99,628.17,1800,0.71
ENE077-002011,2025-11-01,B1,10.8,9,155.23,600,0.71
ENE077-002012,2025-11-01,B2,12.1,14,248.9,1200,0.71
ENE077-002013,2025-11-01,B3,9.5,20,513.87,1800,0.71
ENE077-002014,2025-11-02,B1,14.5,8,100.22,600,0.71
ENE077-002015,2025-11-02,B2,14.4,18,184.34,1200,0.71
ENE077-002016,2025-11-02,B3,10.6,23,440.4,1800,0.71
ENE077-002017,2025-11-03,B1,8.9,43,244.47,600,0.71
ENE077-002018,2025-11-03,B2,11.5,62,329.35,1200,0.71
ENE077-002019,2025-11-03,B3,10.5,99,553.98,1800,0.71
ENE077-002020,2025-11-04,B1,11.1,30,167.07,600,0.71
ENE077-002021,2025-11-04,B2,11.1,70,360.07,1200,0.71
ENE077-002022,2025-11-04,B3,12.1,105,492.98,1800,0.71
ENE077-002023,2025-11-05,B1,12.9,57,187.67,600,0.71
ENE077-002024,2025-11-05,B2,10.4,76,405.84,1200,0.71
ENE077-002025,2025-11-05,B3,10.2,108,596.4,1800,0.71
ENE077-002026,2025-11-06,B1,15.4,62,162.45,600,0.71
ENE077-002027,2025-11-06,B2,9.8,89,431.78,1200,0.71
ENE077-002028,2025-11-06,B3,11.5,96,497.45,1800,0.71
ENE077-002029,2025-11-07,B1,9.9,66,257.49,600,0.71
ENE077-002030,2025-11-07,B2,7.1,61,536.95,1200,0.71
ENE077-002031,2025-11-07,B3,9.5,100,631.34,1800,0.71
ENE077-002033,2025-11-08,B2,14.4,11,179.81,1200,0.71
ENE077-002034,2025-11-08,B3,9.8,22,487.99,1800,0.71
ENE077-002035,2025-11-09,B1,10.5,5,153.33,600,0.71
ENE077-002036,2025-11-09,B2,11.4,17,268.16,1200,0.71
ENE077-002037,2025-11-09,B3,11.5,18,406.85,1800,0.71
ENE077-002038,2025-11-10,B1,9.1,50,257.45,600,0.71
ENE077-002039,2025-11-10,B2,12.3,85,342.18,1200,0.71
ENE077-002040,2025-11-10,B3,12.8,104,462.79,1800,0.71
ENE077-002041,2025-11-11,B1,13.7,64,194.29,600,0.71
ENE077-002042,2025-11-11,B2,13.6,72,278.58,1200,0.71
ENE077-002043,2025-11-11,B3,9.0,111,672.75,1800,0.71
ENE077-002044,2025-11-12,B1,11.7,59,215.74,600,0.71
ENE077-002045,2025-11-12,B2,12.4,92,356.91,1200,0.71
ENE077-002046,2025-11-12,B3,14.3,106,407.43,1800,0.71
ENE077-002047,2025-11-13,B1,11.2,45,193.33,600,0.71
ENE077-002048,2025-11-13,B2,14.6,76,272.71,1200,0.71
ENE077-002049,2025-11-13,B3,9.8,95,577.19,1800,0.71
ENE077-002050,2025-11-14,B1,13.8,33,142.75,600,0.71
ENE077-002051,2025-11-14,B2,10.4,70,405.92,1200,0.71
ENE077-002052,2025-11-14,B3,11.3,104,509.72,1800,0.71
ENE077-002053,2025-11-15,B1,14.0,10,104.46,600,0.71
ENE077-002054,2025-11-15,B2,11.1,16,283.32,1200,0.71
ENE077-002055,2025-11-15,B3,13.5,15,284.81,1800,0.71
ENE077-002056,2025-11-16,B1,13.5,5,95.96,600,0.71
ENE077-002057,2025-11-16,B2,12.1,16,237.77,1200,0.71
ENE077-002058,2025-11-16,B3,13.3,22,292.58,1800,0.71
ENE077-002059,2025-11-17,B1,11.0,49,206.45,600,0.71
ENE077-002060,2025-11-17,B2,15.4,66,238.71,1200,0.71
ENE077-002061,2025-11-17,B3,14.6,94,363.37,1800,0.71
ENE077-002062,2025-11-18,B1,13.6,47,170.27,600,0.71
ENE077-002063,2025-11-18,B2,11.3,62,343.6,1200,0.71
ENE077-002064,2025-11-18,B3,13.3,85,405.44,1800,0.71
ENE077-002065,2025-11-19,B1,12.2,40,177.35,600,0.71
ENE077-002066,2025-11-19,B2,11.6,71,351.79,1200,0.71
ENE077-002067,2025-11-19,B3,12.8,104,455.34,1800,0.71
ENE077-002068,2025-11-20,B1,14.4,40,140.21,600,0.71
ENE077-002069,2025-11-20,B2,14.0,79,288.09,1200,0.71
ENE077-002070,2025-11-20,B3,13.5,108,433.6,1800,0.71
ENE077-002071,2025-11-21,B1,16.2,40,127.99,600,0.71
ENE077-002072,2025-11-21,B2,15.1,65,241.18,1200,0.71
ENE077-002073,2025-11-21,B3,11.7,100,487.74,1800,0.71
ENE077-002074,2025-11-22,B1,12.4,7,127.17,600,0.71
ENE077-002075,2025-11-22,B2,15.4,14,169.52,1200,0.71
ENE077-002076,2025-11-22,B3,16.2,22,,1800,0.71
ENE077-002077,2025-11-23,B1,14.7,12,111.65,600,0.71
ENE077-002078,2025-11-23,B2,12.2,16,232.72,1200,0.71
ENE077-002079,2025-11-23,B3,13.3,24,311.05,1800,0.71
ENE077-002080,2025-11-24,B1,12.2,65,210.57,600,0.71
ENE077-002081,2025-11-24,B2,16.6,52,207.65,1200,0.71
ENE077-002082,2025-11-24,B3,12.4,109,476.29,1800,0.71
ENE077-002083,2025-11-25,B1,11.2,46,201.44,600,0.71
ENE077-002084,2025-11-25,B2,13.8,75,283.35,1200,0.71
ENE077-002086,2025-11-26,B1,14.1,33,141.54,600,0.71
ENE077-002087,2025-11-26,B2,13.7,66,277.64,1200,0.71
ENE077-002088,2025-11-26,B3,13.7,113,414.56,1800,0.71
ENE077-002089,2025-11-27,B1,15.4,42,133.86,600,0.71
ENE077-002090,2025-11-27,B2,15.6,77,264.89,1200,0.71
ENE077-002091,2025-11-27,B3,15.6,114,361.47,1800,0.71
ENE077-002092,2025-11-28,B1,10.8,53,220.41,600,0.71
ENE077-002093,2025-11-28,B2,13.9,64,264.79,1200,0.71
ENE077-002094,2025-11-28,B3,16.3,115,355.65,1800,0.71
ENE077-002095,2025-11-29,B1,14.8,11,79.87,600,0.71
ENE077-002096,2025-11-29,B2,12.8,16,224.64,1200,0.71
ENE077-002097,2025-11-29,B3,13.8,15,284.18,1800,0.71
ENE077-002098,2025-11-30,B1,13.5,9,106.23,600,0.71
ENE077-002099,2025-11-30,B2,14.7,11,170.74,1200,0.71
ENE077-002100,2025-11-30,B3,14.1,23,274.85,1800,0.71
ENE077-002101,2025-12-01,B1,12.5,9,130.21,600,0.71
ENE077-002102,2025-12-01,B2,16.3,54,214.74,1200,0.71
ENE077-002103,2025-12-01,B3,16.4,118,352.89,1800,0.71
ENE077-002104,2025-12-02,B1,15.7,48,138.08,600,0.71
ENE077-002105,2025-12-02,B2,14.0,71,282.32,1200,0.71
ENE077-002106,2025-12-02,B3,16.2,103,346.34,1800,0.71
ENE077-002107,2025-12-03,B1,16.8,48,143.67,600,0.71
ENE077-002108,2025-12-03,B2,16.4,91,266.74,1200,0.71
ENE077-002109,2025-12-03,B3,13.5,125,456.23,1800,0.71
ENE077-002110,2025-12-04,B1,17.2,40,114.52,600,0.71
ENE077-002111,2025-12-04,B2,12.3,65,"302,88",1200,0.71
ENE077-002112,2025-12-04,B3,14.4,121,418.69,1800,0.71
ENE077-002113,2025-12-05,B1,14.9,51,160.5,600,0.71
ENE077-002114,2025-12-05,B2,14.0,84,288.33,1200,0.71
ENE077-002115,2025-12-05,B3,15.0,104,364.55,1800,0.71
ENE077-002116,2025-12-06,B1,15.1,8,100.31,600,0.71
ENE077-002117,2025-12-06,B2,12.5,13,221.8,1200,0.71
ENE077-002118,2025-12-06,B3,16.2,21,223.54,1800,0.71
ENE077-002119,2025-12-07,B1,13.5,8,106.62,600,0.71
ENE077-002120,2025-12-07,B2,17.5,18,146.86,1200,0.71
ENE077-002121,2025-12-07,B3,16.2,19,233.56,1800,0.71
ENE077-002122,2025-12-08,B1,19.9,49,122.16,600,0.71
ENE077-002123,2025-12-08,B2,18.6,81,222.04,1200,0.71
ENE077-002124,2025-12-08,B3,14.2,108,409.15,1800,0.71
ENE077-002125,2025-12-09,B1,14.6,25,119.73,600,0.71
ENE077-002126,2025-12-09,B2,16.6,70,226.16,1200,0.71
ENE077-002127,2025-12-09,B3,13.6,108,429.45,1800,0.71
ENE077-002128,2025-12-10,B1,17.8,35,119.91,600,0.71
ENE077-002129,2025-12-10,B2,14.6,86,269.12,1200,0.71
ENE077-002130,2025-12-10,B3,13.6,102,417.1,1800,0.71
ENE077-002131,2025-12-11,B1,18.1,52,139.14,600,0.71
ENE077-002132,2025-12-11,B2,15.9,92,272.02,1200,0.71
ENE077-002133,2025-12-11,B3,19.0,96,303.93,1800,0.71
ENE077-002134,2025-12-12,B1,14.0,42,155.48,600,0.71
ENE077-002135,2025-12-12,B2,13.4,80,299.99,1200,0.71
ENE077-002136,2025-12-12,B3,15.4,114,359.56,1800,0.71
ENE077-002137,2025-12-13,B1,15.6,10,80.2,600,0.71
ENE077-002139,2025-12-13,B3,16.0,20,219.1,1800,0.71
ENE077-002140,2025-12-14,B1,19.9,9,68.98,600,0.71
ENE077-002141,2025-12-14,B2,15.2,16,184.77,1200,0.71
ENE077-002142,2025-12-14,B3,18.2,24,183.89,1800,0.71
ENE077-002143,2025-12-15,B1,18.4,46,123.01,600,0.71
ENE077-002144,2025-12-15,B2,15.7,60,214.52,1200,0.71
ENE077-002145,2025-12-15,B3,14.1,99,387.19,1800,0.71
ENE077-002146,2025-12-16,B1,14.8,53,163.25,600,0.71
ENE077-002147,2025-12-16,B2,18.3,65,209.33,1200,0.71
ENE077-002148,2025-12-16,B3,17.4,72,275.41,1800,0.71
ENE077-002149,2025-12-17,B1,13.5,44,153.63,600,0.71
ENE077-002150,2025-12-17,B2,18.4,62,196.65,1200,0.71
ENE077-002151,2025-12-17,B3,17.2,101,317.98,1800,0.71
ENE077-002152,2025-12-18,B1,15.8,52,146.36,600,0.71
ENE077-002153,2025-12-18,B2,16.2,83,248.43,1200,0.71
ENE077-002154,2025-12-18,B3,14.2,110,403.53,1800,0.71
ENE077-002155,2025-12-19,B1,15.5,52,160.43,600,0.71
ENE077-002156,2025-12-19,B2,18.8,49,181.99,1200,0.71
ENE077-002157,2025-12-19,B3,18.1,111,326.42,1800,0.71
ENE077-002158,2025-12-20,B1,18.1,8,64.73,600,0.71
ENE077-002159,2025-12-20,B2,16.9,14,,1200,0.71
ENE077-002160,2025-12-20,B3,18.8,25,189.99,1800,0.71
ENE077-002161,2025-12-21,B1,18.1,14,75.64,600,0.71
ENE077-002162,2025-12-21,B2,20.2,15,138.77,1200,0.71
ENE077-002163,2025-12-21,B3,16.5,25,219.99,1800,0.71
ENE077-002164,2025-12-22,B1,15.3,36,140.08,600,0.71
ENE077-002165,2025-12-22,B2,17.3,74,239.88,1200,0.71
ENE077-002166,2025-12-22,B3,20.4,110,327.52,1800,0.71
ENE077-002167,2025-12-23,B1,16.2,42,131.12,600,0.71
ENE077-002168,2025-12-23,B2,17.8,61,195.2,1200,0.71
ENE077-002169,2025-12-23,B3,18.5,113,323.98,1800,0.71
ENE077-002170,2025-12-24,B1,17.9,37,117.03,600,0.71
ENE077-002171,2025-12-24,B2,18.2,67,211.12,1200,0.71
ENE077-002172,2025-12-24,B3,16.3,117,359.3,1800,0.71
ENE077-002173,2025-12-25,B1,20.1,37,112.56,600,0.71
ENE077-002174,2025-12-25,B2,17.0,86,250.15,1200,0.71
ENE077-002175,2025-12-25,B3,18.2,105,308.91,1800,0.71
ENE077-002176,2025-12-26,B1,18.1,46,123.33,600,0.71
ENE077-002177,2025-12-26,B2,19.6,68,201.6,1200,0.71
ENE077-002178,2025-12-26,B3,18.6,108,311.37,1800,0.71
ENE077-002179,2025-12-27,B1,15.8,7,90.09,600,0.71
ENE077-002180,2025-12-27,B2,18.2,18,132.49,1200,0.71
ENE077-002181,2025-12-27,B3,17.7,22,196.44,1800,0.71
ENE077-002182,2025-12-28,B1,15.7,9,85.57,600,0.71
ENE077-002183,2025-12-28,B2,17.5,13,139.53,1200,0.71
ENE077-002184,2025-12-28,B3,19.1,20,178.04,1800,0.71
ENE077-002185,2025-12-29,B1,18.9,53,146.6,600,0.71
ENE077-002186,2025-12-29,B2,18.4,70,210.57,1200,0.71
ENE077-002187,2025-12-29,B3,17.4,97,300.37,1800,0.71
ENE077-002188,2025-12-30,B1,19.6,35,104.12,600,0.71
ENE077-002189,2025-12-30,B2,15.9,66,228.34,1200,0.71
ENE077-002190,2025-12-30,B3,15.2,106,378.01,1800,0.71
ENE077-002192,2025-12-31,B2,19.7,57,207.54,1200,0.71
ENE077-002193,2025-12-31,B3,18.6,104,313.14,1800,0.71
ENE077-001584,2025-06-11,B3,22.4,102,332.05,1800,0.71
ENE077-000417,2024-05-18,B3,25.3,17,315.33,1800,0.62
ENE077-000819,2024-09-29,B3,11.8,23,369.49,1800,0.62
ENE077-000517,2024-06-21,B1,22.2,38,116.92,600,0.62
ENE077-001033,2024-12-10,B1,17.3,59,155.17,600,0.62
ENE077-001399,2025-04-11,B1,29.5,42,253.79,600,0.71
ENE077-001585,2025-06-12,B1,22.7,47,144.03,600,0.71
