registro_id,fecha,maquina,turno,unidades,defectos,horas,parada_min,vibracion,mantenimiento,fallo_7d,reparacion_coste
IND079-000001,2024-01-01,M1,dia,323,0,7.3,26.7,1.68,0,0,0
IND079-000002,2024-01-01,M2,dia,119,6,3.2,12.0,5.78,0,1,1172.47
IND079-000003,2024-01-01,M3,dia,725,18,3.1,10.8,3.69,0,0,0
IND079-000004,2024-01-01,M4,dia,793,24,3.1,14.9,4.04,0,0,0
IND079-000005,2024-01-01,M5,dia,107,2,3.4,44.6,3.57,0,0,0
IND079-000006,2024-01-02,M6,dia,502,22,4.4,12.5,3.86,1,0,0
IND079-000007,2024-01-02,M1,noche,663,5,7.2,32.0,3.84,0,0,0
IND079-000008,2024-01-02,M2,noche,258,4,4.9,23.6,2.92,0,1,1089.48
IND079-000009,2024-01-02,M3,noche,344,7,4.4,5.0,2.58,0,0,0
IND079-000010,2024-01-03,M4,noche,361,14,5.4,35.2,2.95,0,0,0
IND079-000011,2024-01-03,M5,noche,452,16,7.0,6.2,3.82,0,0,0
IND079-000012,2024-01-03,M6,noche,781,34,4.7,17.3,2.41,0,0,0
IND079-000013,2024-01-03,M1,dia,421,2,7.6,28.1,2.03,0,0,0
IND079-000014,2024-01-04,M2,dia,211,10,4.8,12.8,4.21,0,0,0
IND079-000015,2024-01-04,M3,dia,377,5,4.8,31.3,1.42,0,0,0
IND079-000016,2024-01-04,M4,dia,785,19,3.1,0.6,1.72,0,0,0
IND079-000017,2024-01-04,M5,dia,501,16,7.7,28.8,3.97,0,0,0
IND079-000018,2024-01-05,M6,dia,156,2,6.4,12.7,3.36,0,0,0
IND079-000019,2024-01-05,M1,noche,795,9,5.2,10.9,4.48,0,0,0
IND079-000020,2024-01-05,M2,noche,441,4,6.5,11.4,2.35,0,0,0
IND079-000021,2024-01-05,M3,noche,798,6,4.8,44.8,1.04,0,0,0
IND079-000022,2024-01-06,M4,noche,145,6,6.8,9.4,2.71,0,0,0
IND079-000023,2024-01-06,M5,noche,92,5,7.0,9.9,1.83,0,0,0
IND079-000024,2024-01-06,M6,noche,303,14,7.5,3.4,1.69,0,0,0
IND079-000025,2024-01-06,M1,dia,155,2,7.1,6.7,3.33,0,0,0
IND079-000026,2024-01-07,M2,dia,423,15,7.9,6.6,2.57,0,0,0
IND079-000027,2024-01-07,M3,dia,497,11,3.7,31.5,3.55,0,0,0
IND079-000028,2024-01-07,M4,dia,754,26,4.3,36.8,3.79,0,0,0
IND079-000029,2024-01-07,M5,dia,112,0,4.6,3.2,2.75,0,0,0
IND079-000030,2024-01-08,M6,dia,207,8,4.8,5.7,5.1,0,0,0
IND079-000031,2024-01-08,M1,noche,685,11,6.9,14.3,1.85,0,0,0
IND079-000032,2024-01-08,M2,noche,476,21,3.7,1.0,1.9,1,0,0
IND079-000033,2024-01-08,M3,noche,674,8,5.7,15.4,4.31,0,0,0
IND079-000034,2024-01-09,M4,noche,545,15,4.8,2.1,3.0,0,0,0
IND079-000035,2024-01-09,M5,noche,127,3,3.9,3.7,4.85,1,0,0
IND079-000036,2024-01-09,M6,noche,445,11,3.4,16.4,2.92,1,0,0
IND079-000037,2024-01-09,M1,dia,99,0,3.5,9.4,2.59,0,0,0
IND079-000038,2024-01-10,M2,dia,588,14,6.7,2.3,3.62,0,0,0
IND079-000039,2024-01-10,M3,dia,646,13,3.9,47.0,3.24,0,0,0
IND079-000040,2024-01-10,M4,dia,534,12,5.4,0.3,3.5,0,0,0
IND079-000041,2024-01-10,M5,dia,130,1,3.0,131.9,2.75,1,0,0
IND079-000042,2024-01-10,M6,dia,295,15,6.6,2.8,0.18,0,0,0
IND079-000043,2024-01-11,M1,noche,733,10,3.6,0.0,4.23,0,0,0
IND079-000044,2024-01-11,M2,noche,280,5,7.2,1.5,3.09,0,0,0
IND079-000045,2024-01-11,M3,noche,730,13,7.6,19.5,4.37,0,0,0
IND079-000046,2024-01-11,M4,noche,588,21,3.1,8.3,2.49,0,0,0
IND079-000047,2024-01-12,M5,noche,333,14,3.1,3.1,4.91,0,0,0
IND079-000048,2024-01-12,M6,noche,195,6,6.8,35.9,4.68,0,0,0
IND079-000049,2024-01-12,M1,dia,162,3,3.3,62.8,3.13,0,0,0
IND079-000050,2024-01-12,M2,dia,590,14,5.5,6.3,2.13,0,0,0
IND079-000051,2024-01-13,M3,dia,207,6,6.7,36.4,1.67,1,0,0
IND079-000052,2024-01-13,M4,dia,783,15,6.3,6.6,5.42,0,0,0
IND079-000053,2024-01-13,M5,dia,371,8,6.9,5.8,4.29,0,0,0
IND079-000054,2024-01-13,M6,dia,618,26,6.9,83.7,1.96,0,0,0
IND079-000055,2024-01-14,M1,noche,617,14,7.0,66.0,3.81,0,0,0
IND079-000056,2024-01-14,M2,noche,171,3,7.6,0.4,1.03,0,0,0
IND079-000057,2024-01-14,M3,noche,387,11,6.1,19.4,2.87,0,0,0
IND079-000058,2024-01-14,M4,noche,357,11,7.5,21.2,4.98,0,1,2805.17
IND079-000059,2024-01-15,M5,noche,179,4,5.2,52.8,4.4,0,0,0
IND079-000060,2024-01-15,M6,noche,378,13,3.3,16.5,5.45,0,0,0
IND079-000061,2024-01-15,M1,dia,793,10,3.3,10.2,3.08,0,0,0
IND079-000062,2024-01-15,M2,dia,342,7,6.3,4.4,3.03,1,0,0
IND079-000063,2024-01-16,M3,dia,261,8,6.1,14.3,2.61,0,0,0
IND079-000064,2024-01-16,M4,dia,666,23,3.7,2.0,4.29,0,1,2664.4
IND079-000065,2024-01-16,M5,dia,531,8,5.6,11.2,3.48,1,0,0
IND079-000066,2024-01-16,M6,dia,799,27,5.4,6.4,3.78,0,0,0
IND079-000067,2024-01-17,M1,noche,227,2,5.5,79.5,2.07,1,0,0
IND079-000068,2024-01-17,M2,noche,567,16,3.7,37.3,2.85,1,0,0
IND079-000069,2024-01-17,M3,noche,217,7,7.8,2.2,4.28,0,0,0
IND079-000070,2024-01-17,M4,noche,452,12,6.5,0.3,4.2,0,1,2033.84
IND079-000071,2024-01-18,M5,noche,141,5,3.6,8.7,2.12,0,0,0
IND079-000072,2024-01-18,M6,noche,350,13,6.1,15.5,1.82,0,0,0
IND079-000073,2024-01-18,M1,dia,258,1,7.3,14.2,2.82,0,0,0
IND079-000074,2024-01-18,M2,dia,236,3,7.5,9.2,2.81,0,0,0
IND079-000075,2024-01-19,M3,dia,280,9,6.1,28.4,3.41,0,0,0
IND079-000076,2024-01-19,M4,dia,425,9,6.0,6.0,5.33,0,1,1871.83
IND079-000077,2024-01-19,M5,dia,500,14,6.3,22.9,3.83,0,0,0
IND079-000078,2024-01-19,M6,dia,682,17,3.9,20.5,2.48,0,0,0
IND079-000079,2024-01-20,M1,noche,98,5,6.3,0.8,2.56,0,0,0
IND079-000080,2024-01-20,M2,noche,483,16,4.4,17.3,2.61,0,0,0
IND079-000081,2024-01-20,M3,noche,523,7,3.6,23.7,3.95,0,0,0
IND079-000082,2024-01-20,M4,noche,344,8,7.9,41.4,3.6,1,1,845.58
IND079-000083,2024-01-20,M5,noche,405,17,4.9,14.1,3.36,0,0,0
IND079-000084,2024-01-21,M6,noche,355,10,5.1,22.5,,1,0,0
IND079-000085,2024-01-21,M1,dia,738,5,5.5,5.3,1.58,1,0,0
IND079-000086,2024-01-21,M2,dia,193,7,3.6,20.4,1.9,0,0,0
IND079-000087,2024-01-21,M3,dia,712,13,7.7,39.4,2.2,0,0,0
IND079-000088,2024-01-22,M4,dia,422,12,5.9,12.4,3.71,0,0,0
IND079-000089,2024-01-22,M5,dia,378,9,6.7,9.6,2.63,0,0,0
IND079-000090,2024-01-22,M6,dia,405,13,6.3,41.8,2.92,0,0,0
IND079-000091,2024-01-22,M1,noche,271,3,6.2,20.9,2.29,0,0,0
IND079-000092,2024-01-23,M2,noche,648,19,3.8,8.9,2.33,1,0,0
IND079-000093,2024-01-23,M3,noche,481,6,6.6,6.2,5.02,0,0,0
IND079-000094,2024-01-23,M4,noche,411,7,8.0,3.1,3.78,0,0,0
IND079-000095,2024-01-23,M5,noche,775,18,7.6,5.4,3.49,1,0,0
IND079-000096,2024-01-24,M6,noche,605,21,6.9,12.4,2.99,0,0,0
IND079-000097,2024-01-24,M1,dia,532,6,6.1,4.9,2.96,0,0,0
IND079-000098,2024-01-24,M2, DIA ,782,23,4.1,10.8,3.03,0,0,0
IND079-000099,2024-01-24,M3,dia,733,17,4.9,34.8,5.51,0,1,1796.22
IND079-000100,2024-01-25,M4,dia,203,5,5.8,1.3,3.2,0,0,0
IND079-000101,2024-01-25,M5,dia,238,7,7.7,4.4,4.85,0,0,0
IND079-000102,2024-01-25,M6,dia,566,25,3.3,1.7,2.45,0,0,0
IND079-000103,2024-01-25,M1,noche,396,7,7.3,9.2,2.7,0,0,0
IND079-000104,2024-01-26,M2,noche,738,18,5.5,1.3,3.03,0,0,0
IND079-000105,2024-01-26,M3,noche,652,13,4.5,29.9,3.93,0,1,338.26
IND079-000106,2024-01-26,M4,noche,481,15,6.1,10.0,2.96,1,0,0
IND079-000107,2024-01-26,M5,noche,733,15,7.3,2.0,1.73,1,0,0
IND079-000108,2024-01-27,M6,noche,423,13,5.8,2.0,4.71,0,0,0
IND079-000109,2024-01-27,M1,dia,343,6,3.9,19.1,2.58,0,0,0
IND079-000110,2024-01-27,M2,dia,231,2,5.7,4.0,1.74,0,0,0
IND079-000111,2024-01-27,M3,dia,421,9,5.5,31.6,3.84,0,1,1633.62
IND079-000112,2024-01-28,M4,dia,297,10,4.3,0.8,3.62,0,0,0
IND079-000113,2024-01-28,M5,dia,528,12,5.5,8.1,5.47,0,0,0
IND079-000114,2024-01-28,M6,dia,429,15,7.9,4.5,5.68,1,0,0
IND079-000115,2024-01-28,M1,noche,764,10,6.9,10.0,1.67,0,0,0
IND079-000116,2024-01-29,M2,noche,212,4,5.6,7.7,2.35,0,0,0
IND079-000117,2024-01-29,M3,noche,340,5,5.6,2.2,4.47,0,1,2530.15
IND079-000118,2024-01-29,M4,noche,210,3,3.3,49.2,2.35,0,0,0
IND079-000119,2024-01-29,M5,noche,391,16,5.4,2.9,3.29,0,0,0
IND079-000120,2024-01-29,M6,noche,621,24,5.2,6.2,3.78,0,0,0
IND079-000121,2024-01-30,M1,dia,487,12,4.9,28.3,2.84,0,0,0
IND079-000122,2024-01-30,M2,dia,210,5,7.4,28.3,0.99,0,0,0
IND079-000123,2024-01-30,M3,dia,788,12,6.5,0.8,4.24,0,1,539.74
IND079-000124,2024-01-30,M4,dia,253,5,5.5,2.4,3.8,1,0,0
IND079-000125,2024-01-31,M5,dia,331,10,4.5,26.7,2.85,0,0,0
IND079-000126,2024-01-31,M6,dia,246,7,5.5,16.4,3.1,0,0,0
IND079-000127,2024-01-31,M1,noche,115,1,5.0,61.4,1.48,0,0,0
IND079-000128,2024-01-31,M2,noche,654,27,4.6,18.2,1.74,0,0,0
IND079-000129,2024-02-01,M3,noche,698,12,3.9,3.7,2.87,0,0,0
IND079-000130,2024-02-01,M4,noche,689,31,6.6,34.5,4.33,0,0,0
IND079-000131,2024-02-01,M5,noche,334,7,7.9,10.7,3.68,0,0,0
IND079-000132,2024-02-01,M6,noche,91,1,4.1,2.3,4.07,0,0,0
IND079-000133,2024-02-02,M1,dia,157,5,6.2,13.5,2.96,0,0,0
IND079-000134,2024-02-02,M2,dia,263,2,5.9,13.3,2.81,0,0,0
IND079-000135,2024-02-02,M3,dia,342,14,5.7,1.2,2.51,0,0,0
IND079-000136,2024-02-02,M4,dia,409,7,6.0,13.3,3.32,0,0,0
IND079-000137,2024-02-03,M5,dia,470,13,4.9,29.0,4.28,0,0,0
IND079-000138,2024-02-03,M6,dia,311,4,3.4,61.4,4.93,0,0,0
IND079-000139,2024-02-03,M1,noche,510,2,5.6,19.3,2.78,0,0,0
IND079-000140,2024-02-03,M2,noche,230,7,4.3,22.7,2.24,0,0,0
IND079-000141,2024-02-04,M3,noche,455,7,6.4,16.5,2.95,0,0,0
IND079-000142,2024-02-04,M4,noche,610,21,7.3,66.3,4.02,0,0,0
IND079-000143,2024-02-04,M5,noche,527,15,4.0,4.3,3.91,0,0,0
IND079-000144,2024-02-04,M6,noche,789,33,4.4,8.5,5.1,0,0,0
IND079-000145,2024-02-05,M1,dia,798,8,7.5,26.5,1.82,0,0,0
IND079-000146,2024-02-05,M2,dia,770,15,7.2,1.1,2.35,0,0,0
IND079-000147,2024-02-05,M3,dia,686,19,4.0,30.2,2.26,0,0,0
IND079-000148,2024-02-05,M4,dia,723,18,7.8,12.6,4.23,0,0,0
IND079-000149,2024-02-06,M5,dia,654,16,4.0,17.0,3.62,0,0,0
IND079-000150,2024-02-06,M6,dia,779,35,6.8,16.3,2.85,0,0,0
IND079-000151,2024-02-06,M1,noche,369,3,4.5,2.4,3.29,0,0,0
IND079-000152,2024-02-06,M2,noche,483,16,4.5,4.9,3.13,0,0,0
IND079-000153,2024-02-07,M3,noche,274,4,5.1,16.8,3.12,0,0,0
IND079-000154,2024-02-07,M4,noche,561,18,5.2,11.7,2.38,0,0,0
IND079-000155,2024-02-07,M5,noche,510,12,5.3,38.7,4.1,1,0,0
IND079-000156,2024-02-07,M6,noche,500,16,5.3,22.6,4.06,0,0,0
IND079-000157,2024-02-08,M1,dia,509,7,3.1,13.2,3.5,0,0,0
IND079-000158,2024-02-08,M2,dia,344,11,7.7,3.1,2.06,0,0,0
IND079-000159,2024-02-08,M3,dia,583,11,6.8,22.4,5.62,0,0,0
IND079-000160,2024-02-08,M4,dia,266,7,8.0,18.7,2.4,0,0,0
IND079-000161,2024-02-08,M5,dia,730,23,7.8,2.8,3.01,1,0,0
IND079-000162,2024-02-09,M6,dia,642,22,3.4,17.7,4.85,0,0,0
IND079-000163,2024-02-09,M1,noche,797,10,5.2,33.5,2.25,1,0,0
IND079-000164,2024-02-09,M2,noche,227,1,3.7,3.0,3.13,0,0,0
IND079-000165,2024-02-09,M3,noche,348,8,3.1,6.7,4.09,1,0,0
IND079-000166,2024-02-10,M4,noche,696,21,7.8,6.9,1.23,0,0,0
IND079-000167,2024-02-10,M5,noche,208,6,3.7,1.3,,0,0,0
IND079-000168,2024-02-10,M6,noche,300,7,6.6,22.8,3.21,0,0,0
IND079-000169,2024-02-10,M1,dia,241,3,6.0,10.2,3.84,0,0,0
IND079-000170,2024-02-11,M2,dia,683,16,5.3,26.3,3.36,0,0,0
IND079-000171,2024-02-11,M3,dia,627,9,5.3,12.1,1.63,0,0,0
IND079-000172,2024-02-11,M4,dia,725,16,5.9,14.8,3.15,0,0,0
IND079-000173,2024-02-11,M5,dia,435,5,4.9,0.3,3.6,0,0,0
IND079-000174,2024-02-12,M6,dia,644,25,5.3,3.8,5.17,0,0,0
IND079-000175,2024-02-12,M1,noche,463,7,7.7,7.2,1.67,0,0,0
IND079-000176,2024-02-12,M2,noche,357,9,4.7,5.8,3.03,0,0,0
IND079-000177,2024-02-12,M3,noche,759,14,4.6,19.1,0.72,0,0,0
IND079-000178,2024-02-13,M4,noche,520,18,5.7,20.0,3.76,0,0,0
IND079-000179,2024-02-13,M5,noche,443,9,6.0,14.9,2.34,0,0,0
IND079-000180,2024-02-13,M6,noche,674,32,3.0,47.6,2.53,0,0,0
IND079-000181,2024-02-13,M1,dia,548,9,3.0,1.4,2.08,0,0,0
IND079-000182,2024-02-14,M2,dia,249,9,3.8,8.3,1.54,0,0,0
IND079-000183,2024-02-14,M3,dia,347,6,4.4,86.5,3.58,0,1,1521.86
IND079-000184,2024-02-14,M4,dia,104,1,6.8,1.1,4.76,0,0,0
IND079-000185,2024-02-14,M5,dia,420,16,7.8,10.8,4.89,0,0,0
IND079-000186,2024-02-15,M6,dia,115,4,4.1,21.4,4.08,0,0,0
IND079-000187,2024-02-15,M1,noche,326,7,5.2,17.6,2.83,0,0,0
IND079-000188,2024-02-15,M2,noche,147,3,7.5,27.2,3.79,0,0,0
IND079-000189,2024-02-15,M3,noche,330,5,3.0,9.8,3.2,0,1,2755.86
IND079-000190,2024-02-16,M4,noche,276,6,7.6,33.7,4.07,0,0,0
IND079-000191,2024-02-16,M5,noche,748,21,5.5,2.3,5.09,0,0,0
IND079-000192,2024-02-16,M6,noche,459,26,6.2,10.2,4.76,0,0,0
IND079-000193,2024-02-16,M1,dia,500,9,6.0,0.6,3.99,0,0,0
IND079-000194,2024-02-17,M2,dia,129,6,6.9,67.7,3.63,0,0,0
IND079-000195,2024-02-17,M3, DIA ,604,11,5.4,27.2,3.55,0,1,484.32
IND079-000196,2024-02-17,M4,dia,466,17,5.2,3.0,5.61,1,0,0
IND079-000197,2024-02-17,M5,dia,309,7,4.8,6.5,4.58,0,0,0
IND079-000198,2024-02-18,M6,dia,353,6,6.3,22.3,3.89,0,0,0
IND079-000199,2024-02-18,M1,noche,280,3,6.9,35.6,1.96,0,0,0
IND079-000200,2024-02-18,M2,noche,128,4,7.9,43.2,2.34,0,0,0
IND079-000201,2024-02-18,M3,noche,522,8,5.0,2.4,3.78,0,1,1713.41
IND079-000202,2024-02-18,M4,noche,683,23,7.4,9.7,2.93,0,0,0
IND079-000203,2024-02-19,M5,noche,637,18,3.3,2.2,3.79,0,0,0
IND079-000204,2024-02-19,M6,noche,237,7,5.6,4.5,3.13,0,0,0
IND079-000205,2024-02-19,M1,dia,462,5,5.0,101.9,2.36,0,0,0
IND079-000206,2024-02-19,M2,dia,577,11,5.2,12.1,2.8,0,0,0
IND079-000207,2024-02-20,M3,dia,517,12,7.1,7.8,5.03,0,0,0
IND079-000208,2024-02-20,M4,dia,766,25,4.9,34.2,4.01,0,0,0
IND079-000209,2024-02-20,M5,dia,462,13,6.3,10.3,3.96,0,0,0
IND079-000210,2024-02-20,M6,dia,644,29,5.2,12.8,3.9,0,0,0
IND079-000211,2024-02-21,M1,noche,229,4,7.7,2.9,3.76,0,0,0
IND079-000212,2024-02-21,M2,noche,435,12,3.1,13.5,"2,53",1,0,0
IND079-000213,2024-02-21,M3,noche,670,23,7.2,0.7,1.2,0,0,0
IND079-000214,2024-02-21,M4,noche,314,10,5.7,0.3,3.32,0,0,0
IND079-000215,2024-02-22,M5,noche,655,24,6.3,4.9,3.44,0,0,0
IND079-000216,2024-02-22,M6,noche,586,26,5.8,16.7,1.95,0,0,0
IND079-000217,2024-02-22,M1,dia,412,7,6.6,71.0,2.62,0,0,0
IND079-000218,2024-02-22,M2,dia,634,17,4.4,2.1,4.35,0,0,0
IND079-000219,2024-02-23,M3,dia,465,11,3.9,8.3,2.84,0,0,0
IND079-000220,2024-02-23,M4,dia,785,30,5.4,2.6,5.27,0,0,0
IND079-000221,2024-02-23,M5,dia,139,2,5.8,12.8,3.63,0,0,0
IND079-000222,2024-02-23,M6,dia,484,16,5.8,17.9,4.0,1,0,0
IND079-000223,2024-02-24,M1,noche,616,12,5.6,15.2,3.73,0,0,0
IND079-000224,2024-02-24,M2,noche,146,3,3.3,0.4,3.54,0,0,0
IND079-000225,2024-02-24,M3,noche,599,12,5.6,21.4,2.32,0,0,0
IND079-000226,2024-02-24,M4,noche,438,10,7.8,1.9,2.54,0,0,0
IND079-000227,2024-02-25,M5,noche,793,20,3.8,8.8,4.02,0,0,0
IND079-000228,2024-02-25,M6,noche,786,38,6.5,6.5,3.27,1,0,0
IND079-000229,2024-02-25,M1,dia,346,3,8.0,0.4,1.49,0,0,0
IND079-000230,2024-02-25,M2,dia,682,26,6.5,0.3,3.19,0,0,0
IND079-000231,2024-02-26,M3,dia,390,8,3.3,7.2,3.99,0,0,0
IND079-000232,2024-02-26,M4,dia,245,6,6.3,7.9,2.55,0,0,0
IND079-000233,2024-02-26,M5,dia,329,7,6.6,96.8,3.29,1,0,0
IND079-000234,2024-02-26,M6,dia,666,24,4.7,12.9,2.66,0,0,0
IND079-000235,2024-02-27,M1,noche,701,10,7.8,13.0,2.8,0,0,0
IND079-000236,2024-02-27,M2,noche,254,6,7.6,31.0,3.49,0,1,589.01
IND079-000237,2024-02-27,M3,noche,370,8,4.2,34.5,1.85,0,0,0
IND079-000238,2024-02-27,M4,noche,148,2,6.1,13.8,2.68,0,0,0
IND079-000239,2024-02-27,M5,noche,542,19,3.6,24.0,4.26,0,0,0
IND079-000240,2024-02-28,M6,noche,543,22,5.3,42.5,4.33,0,0,0
IND079-000241,2024-02-28,M1,dia,745,10,6.9,24.2,4.27,0,0,0
IND079-000242,2024-02-28,M2,dia,207,5,7.2,8.0,2.52,1,1,940.04
IND079-000243,2024-02-28,M3,dia,592,10,7.2,5.9,1.91,1,0,0
IND079-000244,2024-02-29,M4,dia,590,21,6.0,67.5,3.57,0,0,0
IND079-000245,2024-02-29,M5,dia,536,15,8.0,5.2,1.72,0,0,0
IND079-000246,2024-02-29,M6,dia,785,32,5.1,2.2,1.87,0,0,0
IND079-000247,2024-02-29,M1,noche,734,11,3.1,10.6,1.27,0,0,0
IND079-000248,2024-03-01,M2,noche,288,7,6.8,0.8,4.21,0,1,2408.16
IND079-000249,2024-03-01,M3,noche,670,18,7.7,22.7,2.21,0,0,0
IND079-000250,2024-03-01,M4,noche,423,14,6.2,1.0,,0,0,0
IND079-000251,2024-03-01,M5,noche,306,7,5.7,1.7,2.51,0,0,0
IND079-000252,2024-03-02,M6,noche,90,3,6.4,10.4,4.44,0,0,0
IND079-000253,2024-03-02,M1,dia,539,9,4.1,3.2,4.38,0,0,0
IND079-000254,2024-03-02,M2,dia,469,16,6.8,16.6,3.39,0,1,2086.93
IND079-000255,2024-03-02,M3,dia,175,4,6.3,24.5,4.01,0,0,0
IND079-000256,2024-03-03,M4,dia,677,15,7.8,2.7,3.59,1,0,0
IND079-000257,2024-03-03,M5,dia,699,22,6.9,7.5,4.01,0,0,0
IND079-000258,2024-03-03,M6,dia,669,15,6.8,5.7,3.8,0,0,0
IND079-000259,2024-03-03,M1,noche,739,16,3.8,3.0,2.17,0,0,0
IND079-000260,2024-03-04,M2,noche,708,15,5.9,1.7,2.82,0,0,0
IND079-000261,2024-03-04,M3,noche,395,10,5.6,7.6,3.91,0,0,0
IND079-000262,2024-03-04,M4,noche,555,21,3.1,27.8,3.16,0,0,0
IND079-000263,2024-03-04,M5,noche,583,16,6.4,1.7,4.77,0,0,0
IND079-000264,2024-03-05,M6,noche,436,18,4.4,25.1,2.33,0,0,0
IND079-000265,2024-03-05,M1,dia,793,11,5.8,10.8,1.96,0,0,0
IND079-000266,2024-03-05,M2,dia,708,15,6.6,3.7,4.4,0,0,0
IND079-000267,2024-03-05,M3,dia,296,6,4.9,59.0,4.79,0,1,2608.23
IND079-000268,2024-03-06,M4,dia,539,19,3.8,16.4,4.19,1,1,1815.06
IND079-000269,2024-03-06,M5,dia,775,24,6.6,10.4,2.99,0,0,0
IND079-000270,2024-03-06,M6,dia,401,12,4.1,19.6,4.23,1,0,0
IND079-000271,2024-03-06,M1,noche,242,1,5.3,15.7,2.59,0,0,0
IND079-000272,2024-03-07,M2,noche,623,16,7.5,10.2,2.44,0,0,0
IND079-000273,2024-03-07,M3,noche,407,8,4.4,1.8,3.61,0,1,1058.78
IND079-000274,2024-03-07,M4,noche,690,24,5.3,3.6,3.73,0,1,1017.29
IND079-000275,2024-03-07,M5,noche,649,24,7.9,12.4,3.03,0,0,0
IND079-000276,2024-03-08,M6,noche,655,25,4.9,7.7,5.02,0,0,0
IND079-000277,2024-03-08,M1,dia,154,1,7.6,2.6,3.75,0,0,0
IND079-000278,2024-03-08,M2,dia,731,17,6.3,5.5,2.06,0,0,0
IND079-000279,2024-03-08,M3,dia,702,24,3.6,25.1,3.87,0,1,2782.96
IND079-000280,2024-03-08,M4,dia,550,14,6.6,8.1,3.02,0,1,1452.62
IND079-000281,2024-03-09,M5,dia,148,6,5.8,40.8,3.5,0,0,0
IND079-000282,2024-03-09,M6,dia,519,12,6.0,7.4,2.67,0,0,0
IND079-000283,2024-03-09,M1,noche,694,6,7.6,9.6,3.71,0,0,0
IND079-000284,2024-03-09,M2,noche,210,3,4.4,22.0,2.65,1,0,0
IND079-000285,2024-03-10,M3,noche,588,13,6.9,37.4,2.73,0,1,978.28
IND079-000286,2024-03-10,M4,noche,92,2,6.7,11.0,5.42,0,1,1523.57
IND079-000287,2024-03-10,M5,noche,524,11,7.3,1.3,4.21,0,0,0
IND079-000288,2024-03-10,M6,noche,292,6,7.8,31.3,4.04,0,0,0
IND079-000289,2024-03-11,M1,dia,347,2,7.0,45.7,0.95,0,0,0
IND079-000290,2024-03-11,M2,dia,596,11,5.1,54.5,5.3,0,1,2128.66
IND079-000291,2024-03-11,M3,dia,344,8,3.5,5.8,3.63,0,1,1068.01
IND079-000292,2024-03-11,M4, DIA ,323,11,5.8,13.9,2.88,1,1,2561.97
IND079-000293,2024-03-12,M5,dia,400,14,6.2,3.8,4.01,1,0,0
IND079-000294,2024-03-12,M6,dia,402,9,6.7,2.1,4.27,0,0,0
IND079-000295,2024-03-12,M1,noche,660,7,7.3,4.0,2.38,0,0,0
IND079-000296,2024-03-12,M2,noche,213,8,7.3,7.2,3.22,0,1,2800.52
IND079-000297,2024-03-13,M3,noche,784,17,4.8,5.2,3.48,0,0,0
IND079-000298,2024-03-13,M4,noche,146,2,6.0,24.2,3.4,0,1,2220.46
IND079-000299,2024-03-13,M5,noche,436,12,6.3,6.6,1.22,0,0,0
IND079-000300,2024-03-13,M6,noche,208,9,4.8,16.8,4.71,0,0,0
IND079-000301,2024-03-14,M1,dia,95,0,6.6,12.8,3.63,0,0,0
IND079-000302,2024-03-14,M2,dia,243,5,7.2,34.2,4.42,0,1,1325.84
IND079-000303,2024-03-14,M3,dia,456,14,4.8,22.4,3.53,0,0,0
IND079-000304,2024-03-14,M4,dia,127,2,6.2,6.0,6.52,1,1,2471.14
IND079-000305,2024-03-15,M5,dia,228,6,6.7,13.4,3.21,0,0,0
IND079-000306,2024-03-15,M6,dia,661,27,3.3,11.6,2.66,0,0,0
IND079-000307,2024-03-15,M1,noche,185,4,6.9,51.8,1.92,1,0,0
IND079-000308,2024-03-15,M2,noche,101,1,6.5,90.0,4.18,0,1,673.3
IND079-000309,2024-03-16,M3,noche,761,16,3.8,3.8,3.04,0,0,0
IND079-000310,2024-03-16,M4,noche,132,5,8.0,5.3,5.1,0,1,1966.7
IND079-000311,2024-03-16,M5,noche,200,6,4.8,1.8,3.12,0,0,0
IND079-000312,2024-03-16,M6,noche,298,17,4.4,50.3,3.5,0,0,0
IND079-000313,2024-03-17,M1,dia,506,5,7.1,9.1,0.56,0,0,0
IND079-000314,2024-03-17,M2,dia,159,7,6.6,25.3,2.1,0,0,0
IND079-000315,2024-03-17,M3,dia,181,2,5.4,7.5,4.1,0,0,0
IND079-000316,2024-03-17,M4,dia,145,4,7.9,4.7,4.15,0,1,2025.32
IND079-000317,2024-03-17,M5,dia,161,5,5.5,15.7,3.62,0,0,0
IND079-000318,2024-03-18,M6,dia,251,12,3.9,29.0,2.4,0,0,0
IND079-000319,2024-03-18,M1,noche,580,9,8.0,0.9,0.87,1,0,0
IND079-000320,2024-03-18,M2,noche,236,12,7.8,30.3,4.07,0,0,0
IND079-000321,2024-03-18,M3,noche,298,4,7.2,5.7,3.0,0,0,0
IND079-000322,2024-03-19,M4,noche,425,10,7.5,21.0,2.97,0,0,0
IND079-000323,2024-03-19,M5,noche,542,12,5.2,11.4,4.1,0,0,0
IND079-000324,2024-03-19,M6,noche,168,3,7.6,44.4,3.77,0,0,0
IND079-000325,2024-03-19,M1,dia,598,4,7.1,27.1,4.24,0,0,0
IND079-000326,2024-03-20,M2,dia,633,13,4.9,5.0,3.99,0,0,0
IND079-000327,2024-03-20,M3,dia,662,14,3.6,5.6,4.35,0,0,0
IND079-000328,2024-03-20,M4,dia,149,4,4.2,6.5,1.98,0,0,0
IND079-000329,2024-03-20,M5,dia,289,7,7.8,10.1,5.58,1,0,0
IND079-000330,2024-03-21,M6,dia,774,33,4.8,4.9,2.5,0,0,0
IND079-000331,2024-03-21,M1,noche,376,7,4.7,2.0,2.44,0,0,0
IND079-000332,2024-03-21,M2,noche,713,19,7.4,21.9,4.58,0,0,0
IND079-000333,2024-03-21,M3,noche,132,2,5.9,1.3,,0,0,0
IND079-000334,2024-03-22,M4,noche,760,20,7.5,54.2,2.49,0,0,0
IND079-000335,2024-03-22,M5,noche,214,5,3.3,39.4,1.81,0,0,0
IND079-000336,2024-03-22,M6,noche,328,13,7.1,31.5,3.73,0,0,0
IND079-000337,2024-03-22,M1,dia,160,1,3.6,2.9,3.1,0,0,0
IND079-000338,2024-03-23,M2,dia,704,14,5.0,2.3,1.42,0,0,0
IND079-000339,2024-03-23,M3,dia,147,1,6.1,19.0,2.72,0,0,0
IND079-000340,2024-03-23,M4,dia,268,11,3.4,5.7,3.46,0,0,0
IND079-000341,2024-03-23,M5,dia,579,11,3.7,5.1,4.72,0,0,0
IND079-000342,2024-03-24,M6,dia,670,27,7.1,14.6,2.86,0,0,0
IND079-000343,2024-03-24,M1,noche,523,10,3.6,18.6,2.96,0,0,0
IND079-000344,2024-03-24,M2,noche,586,18,7.8,16.5,4.0,0,0,0
IND079-000345,2024-03-24,M3,noche,550,10,6.0,1.5,3.15,0,0,0
IND079-000346,2024-03-25,M4,noche,435,18,5.3,7.7,3.25,1,0,0
IND079-000347,2024-03-25,M5,noche,537,13,7.8,22.8,3.34,0,0,0
IND079-000348,2024-03-25,M6,noche,600,18,6.3,2.1,2.53,0,0,0
IND079-000349,2024-03-25,M1,dia,710,19,4.8,2.3,2.12,0,0,0
IND079-000350,2024-03-26,M2,dia,399,8,3.3,9.7,2.6,0,0,0
IND079-000351,2024-03-26,M3,dia,547,15,6.3,0.9,2.98,0,0,0
IND079-000352,2024-03-26,M4,dia,731,22,6.3,1.3,3.16,0,0,0
IND079-000353,2024-03-26,M5,dia,553,16,4.9,0.1,3.14,0,0,0
IND079-000354,2024-03-27,M6,dia,572,10,5.8,8.6,3.28,0,0,0
IND079-000355,2024-03-27,M1,noche,304,4,6.8,20.3,3.39,1,0,0
IND079-000356,2024-03-27,M2,noche,149,2,4.4,18.1,2.07,0,0,0
IND079-000357,2024-03-27,M3,noche,416,8,7.8,3.9,3.37,0,0,0
IND079-000358,2024-03-27,M4,noche,525,17,7.8,5.5,4.61,0,0,0
IND079-000359,2024-03-28,M5,noche,109,0,4.7,19.7,5.41,1,0,0
IND079-000360,2024-03-28,M6,noche,132,6,7.4,49.9,3.93,0,0,0
IND079-000361,2024-03-28,M1,dia,155,3,6.3,0.5,2.76,0,0,0
IND079-000362,2024-03-28,M2,dia,435,8,3.3,8.7,2.55,0,0,0
IND079-000363,2024-03-29,M3,dia,718,19,4.2,7.1,3.13,0,0,0
IND079-000364,2024-03-29,M4,dia,264,7,4.1,8.5,3.14,0,0,0
IND079-000365,2024-03-29,M5,dia,419,11,5.9,2.2,3.6,0,0,0
IND079-000366,2024-03-29,M6,dia,746,30,3.6,15.8,3.66,0,0,0
IND079-000367,2024-03-30,M1,noche,161,1,5.2,0.3,1.43,0,0,0
IND079-000368,2024-03-30,M2,noche,730,15,6.0,23.2,2.32,0,0,0
IND079-000369,2024-03-30,M3,noche,119,1,3.9,8.2,1.37,0,0,0
IND079-000370,2024-03-30,M4,noche,95,3,4.5,7.6,2.0,1,0,0
IND079-000371,2024-03-31,M5,noche,234,4,4.6,22.6,4.65,0,0,0
IND079-000372,2024-03-31,M6,noche,572,20,6.2,7.3,3.33,0,0,0
IND079-000373,2024-03-31,M1,dia,87,1,5.2,23.2,2.44,0,0,0
IND079-000374,2024-03-31,M2,dia,226,5,4.7,37.6,4.99,0,0,0
IND079-000375,2024-04-01,M3,dia,562,11,3.7,18.6,4.42,1,0,0
IND079-000376,2024-04-01,M4,dia,247,6,5.1,4.9,3.13,1,0,0
IND079-000377,2024-04-01,M5,dia,580,16,4.0,2.2,2.73,0,0,0
IND079-000378,2024-04-01,M6,dia,549,21,6.0,8.5,1.64,0,0,0
IND079-000379,2024-04-02,M1,noche,783,13,5.4,17.0,2.49,0,0,0
IND079-000380,2024-04-02,M2,noche,149,6,6.7,11.8,2.32,0,0,0
IND079-000381,2024-04-02,M3,noche,346,8,4.4,25.9,1.57,1,0,0
IND079-000382,2024-04-02,M4,noche,352,7,7.9,27.0,1.32,0,0,0
IND079-000383,2024-04-03,M5,noche,141,6,4.5,27.8,3.16,0,0,0
IND079-000384,2024-04-03,M6,noche,678,28,6.1,35.3,2.74,0,0,0
IND079-000385,2024-04-03,M1,dia,790,16,3.0,17.8,2.11,1,0,0
IND079-000386,2024-04-03,M2,dia,152,5,6.9,1.4,2.71,0,0,0
IND079-000387,2024-04-04,M3,dia,746,12,3.9,2.6,1.85,0,0,0
IND079-000388,2024-04-04,M4,dia,548,17,7.8,8.4,3.4,0,0,0
IND079-000389,2024-04-04,M5, DIA ,551,12,5.4,21.7,4.14,0,0,0
IND079-000390,2024-04-04,M6,dia,722,21,6.1,11.6,4.46,1,0,0
IND079-000391,2024-04-05,M1,noche,783,12,4.8,68.2,3.11,0,0,0
IND079-000392,2024-04-05,M2,noche,654,16,6.6,42.7,2.47,0,0,0
IND079-000393,2024-04-05,M3,noche,273,4,5.1,12.8,1.67,0,0,0
IND079-000394,2024-04-05,M4,noche,119,2,7.3,37.5,3.4,0,0,0
IND079-000395,2024-04-06,M5,noche,274,8,5.3,2.2,3.35,1,0,0
IND079-000396,2024-04-06,M6,noche,235,9,3.5,8.2,2.64,1,0,0
IND079-000397,2024-04-06,M1,dia,415,6,3.7,15.0,2.95,0,0,0
IND079-000398,2024-04-06,M2,dia,386,7,7.2,4.5,2.05,0,0,0
IND079-000399,2024-04-06,M3,dia,430,11,6.9,1.2,3.9,0,0,0
IND079-000400,2024-04-07,M4,dia,664,24,4.1,3.3,2.0,0,0,0
IND079-000401,2024-04-07,M5,dia,798,21,4.7,42.4,2.98,1,0,0
IND079-000402,2024-04-07,M6,dia,547,18,3.3,15.4,3.62,0,0,0
IND079-000403,2024-04-07,M1,noche,378,7,7.7,9.3,1.8,0,0,0
IND079-000404,2024-04-08,M2,noche,241,9,3.3,8.9,3.34,0,0,0
IND079-000405,2024-04-08,M3,noche,639,15,5.8,7.6,1.3,0,0,0
IND079-000406,2024-04-08,M4,noche,441,11,3.8,36.4,3.71,0,0,0
IND079-000407,2024-04-08,M5,noche,705,19,4.3,46.9,3.53,0,0,0
IND079-000408,2024-04-09,M6,noche,322,17,4.6,32.5,4.11,0,0,0
IND079-000409,2024-04-09,M1,dia,451,5,6.0,22.2,3.84,0,0,0
IND079-000410,2024-04-09,M2,dia,404,10,5.4,1.4,3.06,1,0,0
IND079-000411,2024-04-09,M3,dia,320,2,7.3,2.8,1.26,0,0,0
IND079-000412,2024-04-10,M4,dia,491,14,5.4,2.5,4.25,0,0,0
IND079-000413,2024-04-10,M5,dia,101,2,4.8,56.4,3.68,0,0,0
IND079-000414,2024-04-10,M6,dia,447,16,7.0,2.2,4.52,0,0,0
IND079-000415,2024-04-10,M1,noche,413,7,5.8,17.3,2.39,0,0,0
IND079-000416,2024-04-11,M2,noche,776,20,4.9,9.9,,0,0,0
IND079-000417,2024-04-11,M3,noche,522,9,7.3,16.8,2.64,0,0,0
IND079-000418,2024-04-11,M4,noche,430,12,5.6,8.9,3.75,0,0,0
IND079-000419,2024-04-11,M5,noche,222,4,4.4,17.4,4.26,1,0,0
IND079-000420,2024-04-12,M6,noche,176,11,3.4,8.9,5.33,0,0,0
IND079-000421,2024-04-12,M1,dia,80,2,7.4,5.5,3.58,0,0,0
IND079-000422,2024-04-12,M2,dia,585,14,4.5,7.3,3.39,0,0,0
IND079-000423,2024-04-12,M3,dia,272,4,4.3,15.5,"3,28",0,0,0
IND079-000424,2024-04-13,M4,dia,369,10,8.0,5.5,3.2,0,0,0
IND079-000425,2024-04-13,M5,dia,658,16,6.2,34.0,4.73,0,0,0
IND079-000426,2024-04-13,M6,dia,572,15,5.6,9.3,4.66,0,0,0
IND079-000427,2024-04-13,M1,noche,489,7,6.4,3.3,2.68,1,0,0
IND079-000428,2024-04-14,M2,noche,511,10,6.3,5.4,2.46,0,0,0
IND079-000429,2024-04-14,M3,noche,776,16,6.2,13.1,4.64,0,0,0
IND079-000430,2024-04-14,M4,noche,692,16,5.4,6.9,3.52,1,0,0
IND079-000431,2024-04-14,M5,noche,688,17,4.6,3.3,2.81,1,0,0
IND079-000432,2024-04-15,M6,noche,535,24,3.8,0.8,4.36,0,0,0
IND079-000433,2024-04-15,M1,dia,508,5,5.6,21.8,4.89,0,1,314.52
IND079-000434,2024-04-15,M2,dia,505,5,5.4,12.9,2.61,0,0,0
IND079-000435,2024-04-15,M3,dia,342,9,4.6,21.4,2.4,0,0,0
IND079-000436,2024-04-15,M4,dia,123,5,7.9,13.7,2.71,0,0,0
IND079-000437,2024-04-16,M5,dia,452,15,6.9,4.8,2.37,0,0,0
IND079-000438,2024-04-16,M6,dia,270,14,6.4,2.1,5.44,0,0,0
IND079-000439,2024-04-16,M1,noche,562,4,6.3,22.6,3.16,0,1,657.4
IND079-000440,2024-04-16,M2,noche,652,12,5.8,10.4,2.06,0,0,0
IND079-000441,2024-04-17,M3,noche,291,10,3.5,47.1,1.59,0,0,0
IND079-000442,2024-04-17,M4,noche,239,8,7.4,32.3,4.52,1,0,0
IND079-000443,2024-04-17,M5,noche,616,15,7.5,22.0,4.87,0,0,0
IND079-000444,2024-04-17,M6,noche,511,17,7.1,16.1,4.08,0,0,0
IND079-000445,2024-04-18,M1,dia,194,2,3.4,9.1,3.27,0,1,2655.05
IND079-000446,2024-04-18,M2,dia,112,5,5.5,6.5,5.08,0,0,0
IND079-000447,2024-04-18,M3,dia,127,5,6.7,13.3,4.5,0,0,0
IND079-000448,2024-04-18,M4,dia,357,12,5.4,19.3,3.32,0,0,0
IND079-000449,2024-04-19,M5,dia,231,4,6.0,24.7,3.88,0,0,0
IND079-000450,2024-04-19,M6,dia,669,19,8.0,5.0,5.04,1,0,0
IND079-000451,2024-04-19,M1,noche,760,10,7.2,6.3,3.63,1,1,1278.46
IND079-000452,2024-04-19,M2,noche,754,21,6.3,2.4,2.63,0,0,0
IND079-000453,2024-04-20,M3,noche,554,13,6.4,17.6,3.29,0,0,0
IND079-000454,2024-04-20,M4,noche,553,12,4.8,4.4,2.4,0,0,0
IND079-000455,2024-04-20,M5,noche,196,5,7.2,14.7,4.83,0,0,0
IND079-000456,2024-04-20,M6,noche,413,15,7.5,69.9,5.86,1,0,0
IND079-000457,2024-04-21,M1,dia,425,9,4.0,17.2,1.31,0,1,2945.42
IND079-000458,2024-04-21,M2,dia,274,6,6.8,12.5,3.16,0,0,0
IND079-000459,2024-04-21,M3,dia,474,8,3.4,5.8,0.51,0,0,0
IND079-000460,2024-04-21,M4,dia,656,21,4.0,5.8,2.71,0,0,0
IND079-000461,2024-04-22,M5,dia,755,30,5.9,74.5,3.09,0,0,0
IND079-000462,2024-04-22,M6,dia,353,12,3.4,2.1,3.49,0,0,0
IND079-000463,2024-04-22,M1,noche,784,14,6.4,0.8,1.75,0,0,0
IND079-000464,2024-04-22,M2,noche,128,5,4.5,12.6,1.47,0,0,0
IND079-000465,2024-04-23,M3,noche,713,10,5.8,22.7,3.27,0,0,0
IND079-000466,2024-04-23,M4,noche,794,27,4.4,9.9,2.28,0,0,0
IND079-000467,2024-04-23,M5,noche,623,18,6.0,9.3,3.29,0,0,0
IND079-000468,2024-04-23,M6,noche,666,25,7.1,5.7,4.71,0,0,0
IND079-000469,2024-04-24,M1,dia,209,2,7.3,30.3,3.34,0,0,0
IND079-000470,2024-04-24,M2,dia,280,6,5.5,36.7,1.37,1,0,0
IND079-000471,2024-04-24,M3,dia,119,1,4.3,2.1,4.36,0,0,0
IND079-000472,2024-04-24,M4,dia,300,9,6.6,5.2,2.38,0,0,0
IND079-000473,2024-04-25,M5,dia,498,11,3.2,1.0,2.51,0,0,0
IND079-000474,2024-04-25,M6,dia,138,6,4.4,17.2,6.55,0,0,0
IND079-000475,2024-04-25,M1,noche,527,8,3.9,7.4,2.23,0,0,0
IND079-000476,2024-04-25,M2,noche,762,22,4.1,29.5,2.21,0,0,0
IND079-000477,2024-04-25,M3,noche,473,10,7.0,7.6,2.73,0,0,0
IND079-000478,2024-04-26,M4,noche,606,18,5.0,8.1,3.01,0,0,0
IND079-000479,2024-04-26,M5,noche,674,15,4.4,8.3,3.37,0,0,0
IND079-000480,2024-04-26,M6,noche,152,10,8.0,10.3,2.96,0,0,0
IND079-000481,2024-04-26,M1,dia,122,1,3.3,23.2,2.29,0,0,0
IND079-000482,2024-04-27,M2,dia,578,16,4.8,14.3,3.84,0,0,0
IND079-000483,2024-04-27,M3,dia,498,17,4.8,10.1,1.91,0,0,0
IND079-000484,2024-04-27,M4,dia,717,24,8.0,22.8,1.23,0,0,0
IND079-000485,2024-04-27,M5,dia,192,3,6.0,5.9,2.72,0,0,0
IND079-000486,2024-04-28,M6, DIA ,214,9,7.5,6.3,2.69,0,0,0
IND079-000487,2024-04-28,M1,noche,609,8,3.1,7.3,4.29,0,0,0
IND079-000488,2024-04-28,M2,noche,395,11,6.3,10.2,3.42,0,0,0
IND079-000489,2024-04-28,M3,noche,124,0,3.2,24.4,1.96,0,0,0
IND079-000490,2024-04-29,M4,noche,764,20,3.5,8.7,2.32,1,0,0
IND079-000491,2024-04-29,M5,noche,571,14,5.4,45.5,5.07,1,0,0
IND079-000492,2024-04-29,M6,noche,631,23,6.9,17.5,2.61,0,0,0
IND079-000493,2024-04-29,M1,dia,275,9,7.8,27.0,2.21,0,0,0
IND079-000494,2024-04-30,M2,dia,725,13,5.6,4.2,2.88,0,0,0
IND079-000495,2024-04-30,M3,dia,580,8,3.5,10.2,1.97,1,0,0
IND079-000496,2024-04-30,M4,dia,674,20,5.7,7.6,4.95,0,0,0
IND079-000497,2024-04-30,M5,dia,182,5,4.5,0.6,4.98,0,0,0
IND079-000498,2024-05-01,M6,dia,349,11,4.0,17.2,3.42,0,0,0
IND079-000499,2024-05-01,M1,noche,448,6,3.0,4.8,,0,0,0
IND079-000500,2024-05-01,M2,noche,293,6,6.7,1.3,2.82,0,0,0
IND079-000501,2024-05-01,M3,noche,154,4,5.7,58.3,1.95,0,0,0
IND079-000502,2024-05-02,M4,noche,576,22,7.1,35.4,2.67,0,0,0
IND079-000503,2024-05-02,M5,noche,799,29,7.5,61.9,3.74,0,0,0
IND079-000504,2024-05-02,M6,noche,349,14,6.0,77.6,4.05,0,0,0
IND079-000505,2024-05-02,M1,dia,354,7,6.6,4.1,3.34,1,0,0
IND079-000506,2024-05-03,M2,dia,775,18,5.9,8.4,3.23,0,0,0
IND079-000507,2024-05-03,M3,dia,265,5,6.0,4.7,4.52,0,0,0
IND079-000508,2024-05-03,M4,dia,422,13,7.8,30.1,3.7,0,0,0
IND079-000509,2024-05-03,M5,dia,423,7,7.4,5.8,3.83,0,0,0
IND079-000510,2024-05-04,M6,dia,273,13,3.3,9.3,3.36,1,0,0
IND079-000511,2024-05-04,M1,noche,667,10,5.3,42.8,0.94,0,0,0
IND079-000512,2024-05-04,M2,noche,174,3,5.4,2.1,3.46,0,0,0
IND079-000513,2024-05-04,M3,noche,513,11,3.9,2.2,1.95,0,0,0
IND079-000514,2024-05-05,M4,noche,121,6,4.0,13.9,2.27,0,0,0
IND079-000515,2024-05-05,M5,noche,638,16,3.5,10.6,2.41,1,0,0
IND079-000516,2024-05-05,M6,noche,696,20,7.0,15.3,3.93,0,0,0
IND079-000517,2024-05-05,M1,dia,779,14,3.7,25.6,4.68,0,0,0
IND079-000518,2024-05-05,M2,dia,679,19,3.9,21.0,3.4,0,0,0
IND079-000519,2024-05-06,M3,dia,207,8,6.1,34.8,0.33,1,0,0
IND079-000520,2024-05-06,M4,dia,549,21,8.0,8.9,4.04,0,0,0
IND079-000521,2024-05-06,M5,dia,145,1,3.6,4.1,2.35,0,0,0
IND079-000522,2024-05-06,M6,dia,248,16,5.4,21.0,1.83,0,0,0
IND079-000523,2024-05-07,M1,noche,784,16,3.8,49.5,2.96,1,0,0
IND079-000524,2024-05-07,M2,noche,174,2,7.2,49.7,2.54,0,0,0
IND079-000525,2024-05-07,M3,noche,365,2,4.0,27.9,3.83,1,0,0
IND079-000526,2024-05-07,M4,noche,354,6,6.6,19.2,2.44,0,0,0
IND079-000527,2024-05-08,M5,noche,375,5,3.7,21.5,3.6,0,0,0
IND079-000528,2024-05-08,M6,noche,263,11,5.1,4.2,5.14,0,1,1754.05
IND079-000529,2024-05-08,M1,dia,796,10,7.4,11.2,3.27,0,0,0
IND079-000530,2024-05-08,M2,dia,563,15,4.5,48.9,2.01,1,0,0
IND079-000531,2024-05-09,M3,dia,218,7,3.4,23.3,2.27,0,0,0
IND079-000532,2024-05-09,M4,dia,454,18,7.6,23.5,2.64,1,0,0
IND079-000533,2024-05-09,M5,dia,430,14,6.8,18.7,4.42,0,0,0
IND079-000534,2024-05-09,M6,dia,307,13,5.4,9.7,5.44,0,1,2235.76
IND079-000535,2024-05-10,M1,noche,639,11,3.4,2.8,3.26,1,0,0
IND079-000536,2024-05-10,M2,noche,483,9,7.6,1.6,2.9,0,0,0
IND079-000537,2024-05-10,M3,noche,390,4,5.8,28.2,1.77,0,0,0
IND079-000538,2024-05-10,M4,noche,354,14,4.9,1.7,1.78,0,0,0
IND079-000539,2024-05-11,M5,noche,629,16,7.5,73.8,2.06,0,0,0
IND079-000540,2024-05-11,M6,noche,234,7,5.8,48.6,5.03,0,1,331.94
IND079-000541,2024-05-11,M1,dia,299,6,4.7,8.4,1.04,0,0,0
IND079-000542,2024-05-11,M2,dia,155,5,3.5,28.0,4.22,1,0,0
IND079-000543,2024-05-12,M3,dia,740,16,6.8,31.1,3.33,0,0,0
IND079-000544,2024-05-12,M4,dia,335,17,5.7,40.5,4.13,0,0,0
IND079-000545,2024-05-12,M5,dia,473,11,6.6,17.6,4.71,0,0,0
IND079-000546,2024-05-12,M6,dia,618,27,3.1,22.5,5.31,1,1,761.33
IND079-000547,2024-05-13,M1,noche,606,8,3.1,20.4,3.29,1,0,0
IND079-000548,2024-05-13,M2,noche,394,10,6.2,24.5,2.49,0,0,0
IND079-000549,2024-05-13,M3,noche,376,18,4.6,7.8,2.36,0,0,0
IND079-000550,2024-05-13,M4,noche,329,13,5.8,12.5,4.68,0,0,0
IND079-000551,2024-05-14,M5,noche,347,5,6.5,6.4,3.85,0,0,0
IND079-000552,2024-05-14,M6,noche,255,11,3.4,28.2,4.16,0,0,0
IND079-000553,2024-05-14,M1,dia,122,1,4.4,6.6,2.33,1,0,0
IND079-000554,2024-05-14,M2,dia,486,13,4.9,3.8,2.61,1,0,0
IND079-000555,2024-05-14,M3,dia,516,17,5.7,31.9,3.81,0,0,0
IND079-000556,2024-05-15,M4,dia,561,13,3.3,6.9,1.21,0,0,0
IND079-000557,2024-05-15,M5,dia,148,3,5.3,4.3,3.69,0,0,0
IND079-000558,2024-05-15,M6,dia,281,11,7.0,1.4,4.61,0,0,0
IND079-000559,2024-05-15,M1,noche,127,2,5.9,25.1,2.63,0,0,0
IND079-000560,2024-05-16,M2,noche,192,3,6.2,1.8,4.25,0,0,0
IND079-000561,2024-05-16,M3,noche,732,22,3.4,0.5,3.59,1,0,0
IND079-000562,2024-05-16,M4,noche,650,19,7.0,24.1,2.18,0,0,0
IND079-000563,2024-05-16,M5,noche,641,13,6.4,6.4,2.99,0,0,0
IND079-000564,2024-05-17,M6,noche,206,10,6.2,4.8,5.0,0,0,0
IND079-000565,2024-05-17,M1,dia,294,4,5.1,47.2,1.59,0,0,0
IND079-000566,2024-05-17,M2,dia,661,17,4.1,18.6,1.76,0,0,0
IND079-000567,2024-05-17,M3,dia,250,5,4.9,58.9,4.58,0,0,0
IND079-000568,2024-05-18,M4,dia,227,4,7.8,5.9,2.14,0,0,0
IND079-000569,2024-05-18,M5,dia,641,20,4.2,14.0,5.08,0,0,0
IND079-000570,2024-05-18,M6,dia,208,6,4.9,4.5,1.54,0,0,0
IND079-000571,2024-05-18,M1,noche,618,8,6.6,0.5,2.68,0,0,0
IND079-000572,2024-05-19,M2,noche,572,14,6.1,11.2,2.86,0,0,0
IND079-000573,2024-05-19,M3,noche,762,21,4.8,61.0,1.77,0,0,0
IND079-000574,2024-05-19,M4,noche,172,6,6.9,21.0,4.23,0,0,0
IND079-000575,2024-05-19,M5,noche,161,3,3.1,12.1,3.69,0,0,0
IND079-000576,2024-05-20,M6,noche,175,9,5.0,2.5,4.0,0,0,0
IND079-000577,2024-05-20,M1,dia,793,13,3.4,99.9,2.44,0,0,0
IND079-000578,2024-05-20,M2,dia,328,4,4.8,5.3,2.03,0,0,0
IND079-000579,2024-05-20,M3,dia,377,7,5.4,10.1,2.64,0,0,0
IND079-000580,2024-05-21,M4,dia,172,7,7.4,16.9,5.31,0,0,0
IND079-000581,2024-05-21,M5,dia,306,12,3.9,4.6,4.57,1,1,2563.41
IND079-000582,2024-05-21,M6,dia,456,13,4.0,3.2,,0,0,0
IND079-000583,2024-05-21,M1, NOCHE ,649,10,3.5,4.1,2.19,0,0,0
IND079-000584,2024-05-22,M2,noche,711,16,3.8,4.9,1.43,0,0,0
IND079-000585,2024-05-22,M3,noche,752,12,7.9,17.5,3.46,0,0,0
IND079-000586,2024-05-22,M4,noche,328,8,3.8,25.7,4.08,0,0,0
IND079-000587,2024-05-22,M5,noche,743,21,3.6,0.8,3.59,0,1,1612.04
IND079-000588,2024-05-23,M6,noche,312,15,5.1,39.1,4.57,0,0,0
IND079-000589,2024-05-23,M1,dia,478,8,7.1,21.8,0.98,0,0,0
IND079-000590,2024-05-23,M2,dia,198,5,6.9,18.0,2.74,0,0,0
IND079-000591,2024-05-23,M3,dia,549,9,3.5,1.8,3.29,0,0,0
IND079-000592,2024-05-24,M4,dia,97,1,5.7,3.4,3.56,0,0,0
IND079-000593,2024-05-24,M5,dia,701,14,6.3,0.2,4.56,0,1,2531.44
IND079-000594,2024-05-24,M6,dia,367,14,3.6,10.4,4.35,0,0,0
IND079-000595,2024-05-24,M1,noche,601,11,6.9,5.5,3.36,0,0,0
IND079-000596,2024-05-24,M2,noche,559,14,3.6,18.1,2.77,0,0,0
IND079-000597,2024-05-25,M3,noche,486,15,7.9,1.7,1.06,1,0,0
IND079-000598,2024-05-25,M4,noche,600,21,7.5,3.8,2.26,0,0,0
IND079-000599,2024-05-25,M5,noche,340,4,6.8,21.2,3.69,0,1,2104.85
IND079-000600,2024-05-25,M6,noche,170,13,5.8,20.5,4.73,1,0,0
IND079-000601,2024-05-26,M1,dia,584,4,3.4,16.5,2.32,0,0,0
IND079-000602,2024-05-26,M2,dia,322,5,4.5,15.2,0.84,0,0,0
IND079-000603,2024-05-26,M3,dia,302,2,3.8,4.8,3.22,0,0,0
IND079-000604,2024-05-26,M4,dia,380,16,5.5,27.6,4.54,0,0,0
IND079-000605,2024-05-27,M5,dia,89,3,6.8,9.3,6.07,1,1,1458.88
IND079-000606,2024-05-27,M6,dia,788,29,5.0,2.3,3.98,0,0,0
IND079-000607,2024-05-27,M1,noche,450,8,7.6,20.5,2.92,0,0,0
IND079-000608,2024-05-27,M2,noche,487,12,5.8,2.8,4.59,0,0,0
IND079-000609,2024-05-28,M3,noche,172,4,6.4,17.3,1.97,1,0,0
IND079-000610,2024-05-28,M4,noche,399,10,7.7,27.0,3.02,0,0,0
IND079-000611,2024-05-28,M5,noche,219,5,6.3,30.6,3.87,0,0,0
IND079-000612,2024-05-28,M6,noche,719,26,6.9,1.8,4.26,0,0,0
IND079-000613,2024-05-29,M1,dia,133,3,4.6,0.2,1.24,1,0,0
IND079-000614,2024-05-29,M2,dia,792,22,6.8,11.1,2.6,0,0,0
IND079-000615,2024-05-29,M3,dia,557,8,3.4,5.8,1.8,1,0,0
IND079-000616,2024-05-29,M4,dia,670,19,7.1,6.2,3.73,0,0,0
IND079-000617,2024-05-30,M5,dia,132,3,5.8,0.9,5.84,1,0,0
IND079-000618,2024-05-30,M6,dia,445,12,6.1,1.8,3.96,0,0,0
IND079-000619,2024-05-30,M1,noche,251,6,3.5,15.3,1.28,1,0,0
IND079-000620,2024-05-30,M2,noche,792,25,7.2,8.0,3.3,1,0,0
IND079-000621,2024-05-31,M3,noche,353,11,6.9,24.0,3.27,1,0,0
IND079-000622,2024-05-31,M4,noche,350,7,5.4,7.3,4.59,0,0,0
IND079-000623,2024-05-31,M5,noche,426,14,6.6,1.6,3.91,1,0,0
IND079-000624,2024-05-31,M6,noche,524,16,3.0,4.9,2.75,0,0,0
IND079-000625,2024-06-01,M1,dia,239,2,3.5,16.9,4.07,0,0,0
IND079-000626,2024-06-01,M2,dia,260,5,3.4,13.9,0.94,0,0,0
IND079-000627,2024-06-01,M3,dia,399,7,3.3,41.4,4.61,0,0,0
IND079-000628,2024-06-01,M4,dia,479,11,4.0,13.2,3.13,0,0,0
IND079-000629,2024-06-02,M5,dia,148,3,6.4,3.1,3.73,0,0,0
IND079-000630,2024-06-02,M6,dia,577,18,6.3,5.6,2.46,0,0,0
IND079-000631,2024-06-02,M1,noche,257,7,5.2,18.0,2.19,0,0,0
IND079-000632,2024-06-02,M2,noche,144,3,3.4,1.0,3.05,0,0,0
IND079-000633,2024-06-02,M3,noche,789,17,7.5,38.7,3.98,0,0,0
IND079-000634,2024-06-03,M4,noche,422,16,3.9,12.3,"3,51",0,0,0
IND079-000635,2024-06-03,M5,noche,771,17,6.4,51.0,2.93,0,0,0
IND079-000636,2024-06-03,M6,noche,315,13,6.7,13.1,3.67,0,0,0
IND079-000637,2024-06-03,M1,dia,285,3,7.0,60.6,2.94,0,0,0
IND079-000638,2024-06-04,M2,dia,700,14,5.6,0.1,3.18,0,0,0
IND079-000639,2024-06-04,M3,dia,151,1,5.8,38.4,1.63,0,0,0
IND079-000640,2024-06-04,M4,dia,534,14,4.5,4.7,2.52,1,0,0
IND079-000641,2024-06-04,M5,dia,599,13,6.9,20.1,2.84,0,0,0
IND079-000642,2024-06-05,M6,dia,180,10,5.8,13.8,2.76,0,0,0
IND079-000643,2024-06-05,M1,noche,601,10,6.4,2.2,0.88,0,0,0
IND079-000644,2024-06-05,M2,noche,245,8,6.6,25.4,3.21,0,0,0
IND079-000645,2024-06-05,M3,noche,557,14,4.6,19.4,3.62,0,0,0
IND079-000646,2024-06-06,M4,noche,582,16,7.2,13.5,3.84,0,0,0
IND079-000647,2024-06-06,M5,noche,771,26,5.9,1.9,3.26,1,0,0
IND079-000648,2024-06-06,M6,noche,236,10,4.0,5.9,2.52,0,0,0
IND079-000649,2024-06-06,M1,dia,741,10,4.2,63.4,3.08,0,0,0
IND079-000650,2024-06-07,M2,dia,658,17,3.2,12.1,2.87,1,0,0
IND079-000651,2024-06-07,M3,dia,776,21,5.4,48.0,1.92,0,0,0
IND079-000652,2024-06-07,M4,dia,284,4,3.5,5.2,4.6,0,0,0
IND079-000653,2024-06-07,M5,dia,167,3,3.9,12.5,3.41,0,0,0
IND079-000654,2024-06-08,M6,dia,435,17,5.7,43.1,5.25,0,0,0
IND079-000655,2024-06-08,M1,noche,624,13,7.0,38.9,2.9,0,0,0
IND079-000656,2024-06-08,M2,noche,684,17,6.0,55.0,0.5,0,0,0
IND079-000657,2024-06-08,M3,noche,599,14,4.8,4.5,4.18,0,0,0
IND079-000658,2024-06-09,M4,noche,470,19,4.0,46.3,3.84,0,0,0
IND079-000659,2024-06-09,M5,noche,340,9,7.4,18.4,3.55,0,0,0
IND079-000660,2024-06-09,M6,noche,676,20,3.8,3.8,5.2,0,0,0
IND079-000661,2024-06-09,M1,dia,637,13,4.9,29.8,2.19,1,0,0
IND079-000662,2024-06-10,M2,dia,254,15,7.5,56.0,1.5,0,0,0
IND079-000663,2024-06-10,M3,dia,251,10,7.4,6.8,3.8,1,0,0
IND079-000664,2024-06-10,M4,dia,799,19,7.3,29.5,3.9,0,0,0
IND079-000665,2024-06-10,M5,dia,403,11,5.8,20.6,,1,0,0
IND079-000666,2024-06-11,M6,dia,544,28,7.4,21.6,2.96,0,0,0
IND079-000667,2024-06-11,M1,noche,375,3,6.6,14.8,3.1,0,0,0
IND079-000668,2024-06-11,M2,noche,386,12,5.7,27.6,2.07,1,0,0
IND079-000669,2024-06-11,M3,noche,221,2,5.7,3.5,3.29,0,0,0
IND079-000670,2024-06-12,M4,noche,182,7,6.3,39.7,2.13,1,0,0
IND079-000671,2024-06-12,M5,noche,621,11,5.7,8.1,4.46,0,0,0
IND079-000672,2024-06-12,M6,noche,565,16,7.2,21.9,4.22,1,0,0
IND079-000673,2024-06-12,M1,dia,245,3,7.7,12.4,3.67,0,0,0
IND079-000674,2024-06-12,M2,dia,376,9,6.2,27.6,3.25,0,0,0
IND079-000675,2024-06-13,M3,dia,148,2,5.6,41.8,3.8,0,0,0
IND079-000676,2024-06-13,M4,dia,528,14,3.4,4.7,4.48,1,0,0
IND079-000677,2024-06-13,M5,dia,362,8,5.5,5.3,3.66,0,0,0
IND079-000678,2024-06-13,M6,dia,244,8,3.3,2.7,3.55,0,0,0
IND079-000679,2024-06-14,M1,noche,144,1,5.3,9.3,0.71,0,0,0
IND079-000680,2024-06-14,M2, NOCHE ,496,14,3.1,11.8,3.66,0,0,0
IND079-000681,2024-06-14,M3,noche,164,1,3.9,11.3,2.06,0,0,0
IND079-000682,2024-06-14,M4,noche,285,9,3.8,39.4,3.58,0,0,0
IND079-000683,2024-06-15,M5,noche,508,11,3.2,22.5,2.29,0,0,0
IND079-000684,2024-06-15,M6,noche,349,22,5.0,15.8,3.23,0,0,0
IND079-000685,2024-06-15,M1,dia,754,8,7.0,0.1,3.79,0,0,0
IND079-000686,2024-06-15,M2,dia,668,16,3.5,9.3,2.5,0,0,0
IND079-000687,2024-06-16,M3,dia,382,7,7.7,12.3,2.79,0,0,0
IND079-000688,2024-06-16,M4,dia,296,11,3.0,11.2,6.08,0,1,1408.58
IND079-000689,2024-06-16,M5,dia,789,25,4.4,43.7,3.25,0,0,0
IND079-000690,2024-06-16,M6,dia,130,6,4.2,2.0,3.39,0,0,0
IND079-000691,2024-06-17,M1,noche,779,11,7.0,20.5,3.95,0,0,0
IND079-000692,2024-06-17,M2,noche,601,13,5.5,70.0,4.07,1,0,0
IND079-000693,2024-06-17,M3,noche,282,5,4.5,54.0,5.79,0,0,0
IND079-000694,2024-06-17,M4,noche,126,3,4.4,6.5,3.85,1,1,2204.04
IND079-000695,2024-06-18,M5,noche,573,17,3.8,6.4,1.78,0,0,0
IND079-000696,2024-06-18,M6,noche,117,5,4.0,40.5,3.98,0,0,0
IND079-000697,2024-06-18,M1,dia,654,7,5.9,5.2,1.49,1,0,0
IND079-000698,2024-06-18,M2,dia,299,6,5.6,7.2,2.73,0,0,0
IND079-000699,2024-06-19,M3,dia,318,5,6.5,3.8,4.74,0,0,0
IND079-000700,2024-06-19,M4,dia,550,16,3.3,3.6,4.18,1,1,2204.66
IND079-000701,2024-06-19,M5,dia,336,11,7.7,15.2,2.86,0,0,0
IND079-000702,2024-06-19,M6,dia,181,7,5.9,36.4,5.57,0,0,0
IND079-000703,2024-06-20,M1,noche,409,3,7.1,12.0,3.04,1,0,0
IND079-000704,2024-06-20,M2,noche,744,16,5.5,32.9,2.62,0,0,0
IND079-000705,2024-06-20,M3,noche,517,15,4.5,16.2,3.75,0,0,0
IND079-000706,2024-06-20,M4,noche,708,19,6.4,32.1,4.09,0,1,1194.35
IND079-000707,2024-06-21,M5,noche,772,18,3.3,34.4,3.3,0,0,0
IND079-000708,2024-06-21,M6,noche,659,25,4.3,7.2,4.29,0,0,0
IND079-000709,2024-06-21,M1,dia,563,9,7.6,5.3,1.88,1,0,0
IND079-000710,2024-06-21,M2,dia,789,23,7.2,3.0,2.24,0,0,0
IND079-000711,2024-06-22,M3,dia,531,13,3.2,0.5,2.17,1,0,0
IND079-000712,2024-06-22,M4,dia,226,4,5.4,4.8,4.49,0,1,535.23
IND079-000713,2024-06-22,M5,dia,739,23,7.0,0.1,3.21,0,0,0
IND079-000714,2024-06-22,M6,dia,231,7,4.9,12.7,3.88,0,0,0
IND079-000715,2024-06-22,M1,noche,176,7,4.6,11.6,2.05,0,0,0
IND079-000716,2024-06-23,M2,noche,293,4,4.7,27.1,2.76,0,0,0
IND079-000717,2024-06-23,M3,noche,143,4,5.3,9.3,2.66,0,0,0
IND079-000718,2024-06-23,M4,noche,621,19,4.3,6.5,3.58,0,0,0
IND079-000719,2024-06-23,M5,noche,603,19,5.9,6.5,3.87,0,0,0
IND079-000720,2024-06-24,M6,noche,91,4,6.1,21.0,4.65,1,0,0
IND079-000721,2024-06-24,M1,dia,158,3,3.5,37.3,2.83,1,0,0
IND079-000722,2024-06-24,M2,dia,150,6,4.4,1.3,2.87,0,0,0
IND079-000723,2024-06-24,M3,dia,190,5,6.6,20.2,1.93,0,0,0
IND079-000724,2024-06-25,M4,dia,488,12,6.4,27.0,1.13,0,0,0
IND079-000725,2024-06-25,M5,dia,496,10,6.4,41.3,2.52,0,0,0
IND079-000726,2024-06-25,M6,dia,689,27,4.5,18.4,3.65,0,0,0
IND079-000727,2024-06-25,M1,noche,520,9,4.6,30.4,2.3,0,0,0
IND079-000728,2024-06-26,M2,noche,449,14,3.3,6.3,5.03,0,0,0
IND079-000729,2024-06-26,M3,noche,507,10,5.9,28.5,2.54,0,0,0
IND079-000730,2024-06-26,M4,noche,298,8,6.5,2.2,3.25,1,0,0
IND079-000731,2024-06-26,M5,noche,279,11,7.5,11.1,3.33,0,0,0
IND079-000732,2024-06-27,M6,noche,591,22,3.5,28.2,1.2,1,0,0
IND079-000733,2024-06-27,M1,dia,170,1,7.0,11.0,3.6,0,0,0
IND079-000734,2024-06-27,M2,dia,501,10,3.1,0.4,4.48,0,0,0
IND079-000735,2024-06-27,M3,dia,141,2,3.3,2.7,3.98,0,0,0
IND079-000736,2024-06-28,M4,dia,255,6,7.2,3.0,2.92,0,1,2865.67
IND079-000737,2024-06-28,M5,dia,539,10,7.2,0.4,2.42,0,0,0
IND079-000738,2024-06-28,M6,dia,659,20,5.6,9.0,4.46,1,0,0
IND079-000739,2024-06-28,M1,noche,177,3,3.7,31.1,3.01,1,0,0
IND079-000740,2024-06-29,M2,noche,366,4,4.8,5.5,1.82,0,0,0
IND079-000741,2024-06-29,M3,noche,379,9,4.3,1.2,3.66,1,0,0
IND079-000742,2024-06-29,M4,noche,274,5,5.1,17.7,5.27,0,1,848.41
IND079-000743,2024-06-29,M5,noche,325,7,6.8,13.2,4.15,0,0,0
IND079-000744,2024-06-30,M6,noche,434,20,3.6,31.7,2.79,0,0,0
IND079-000745,2024-06-30,M1,dia,207,6,5.0,2.4,1.94,0,0,0
IND079-000746,2024-06-30,M2,dia,420,10,5.2,41.0,4.07,0,0,0
IND079-000747,2024-06-30,M3,dia,363,12,4.8,0.1,3.07,0,0,0
IND079-000748,2024-07-01,M4,dia,311,10,8.0,32.7,,0,1,2003.3
IND079-000749,2024-07-01,M5,dia,660,20,4.1,4.2,3.71,1,0,0
IND079-000750,2024-07-01,M6,dia,646,25,7.1,4.8,4.59,1,0,0
IND079-000751,2024-07-01,M1,noche,541,8,7.2,2.1,2.37,0,0,0
IND079-000752,2024-07-01,M2,noche,184,2,7.5,3.6,0.3,0,0,0
IND079-000753,2024-07-02,M3,noche,225,0,7.8,13.5,3.37,0,0,0
IND079-000754,2024-07-02,M4,noche,787,18,3.4,10.3,2.92,0,1,2706.43
IND079-000755,2024-07-02,M5,noche,630,15,3.4,11.3,4.56,1,0,0
IND079-000756,2024-07-02,M6,noche,250,9,6.8,12.5,1.86,0,0,0
IND079-000757,2024-07-03,M1,dia,269,3,6.5,8.3,4.09,0,0,0
IND079-000758,2024-07-03,M2,dia,167,6,4.9,16.4,0.89,0,0,0
IND079-000759,2024-07-03,M3,dia,770,18,7.3,5.4,3.51,0,1,1305.35
IND079-000760,2024-07-03,M4,dia,276,10,4.7,53.0,4.45,0,1,643.45
IND079-000761,2024-07-04,M5,dia,256,15,3.4,1.0,3.25,1,0,0
IND079-000762,2024-07-04,M6,dia,647,27,3.9,4.4,3.63,0,0,0
IND079-000763,2024-07-04,M1,noche,399,6,6.0,1.4,0.59,0,0,0
IND079-000764,2024-07-04,M2,noche,374,9,6.3,47.2,1.66,0,0,0
IND079-000765,2024-07-05,M3,noche,607,14,4.6,5.3,4.73,0,1,2552.01
IND079-000766,2024-07-05,M4,noche,786,23,5.8,57.2,2.15,0,0,0
IND079-000767,2024-07-05,M5,noche,559,16,5.5,5.1,2.49,1,0,0
IND079-000768,2024-07-05,M6,noche,552,14,7.0,53.9,2.53,1,0,0
IND079-000769,2024-07-06,M1,dia,738,7,4.9,24.4,3.38,0,0,0
IND079-000770,2024-07-06,M2,dia,588,14,7.8,0.4,2.68,1,0,0
IND079-000771,2024-07-06,M3,dia,152,4,3.9,1.3,4.94,0,1,516.89
IND079-000772,2024-07-06,M4,dia,415,18,7.6,15.1,3.02,0,0,0
IND079-000773,2024-07-07,M5,dia,251,9,5.0,10.1,3.17,0,0,0
IND079-000774,2024-07-07,M6,dia,698,21,5.4,18.9,4.57,1,0,0
IND079-000775,2024-07-07,M1,noche,160,7,3.6,46.5,2.71,0,0,0
IND079-000776,2024-07-07,M2,noche,313,7,4.7,32.6,1.67,0,0,0
IND079-000777,2024-07-08,M3, NOCHE ,438,10,4.1,10.6,5.91,1,1,2263.04
IND079-000778,2024-07-08,M4,noche,434,16,4.7,0.8,5.3,1,0,0
IND079-000779,2024-07-08,M5,noche,786,17,7.5,29.5,2.2,0,0,0
IND079-000780,2024-07-08,M6,noche,445,18,3.6,8.7,2.7,1,0,0
IND079-000781,2024-07-09,M1,dia,252,3,4.2,20.7,1.59,1,0,0
IND079-000782,2024-07-09,M2,dia,589,14,4.6,21.1,2.89,0,0,0
IND079-000783,2024-07-09,M3,dia,659,13,6.2,1.3,3.26,0,1,2997.12
IND079-000784,2024-07-09,M4,dia,513,15,7.4,2.3,2.95,0,0,0
IND079-000785,2024-07-10,M5,dia,228,6,7.6,47.1,4.36,0,0,0
IND079-000786,2024-07-10,M6,dia,226,13,6.5,10.4,4.14,0,0,0
IND079-000787,2024-07-10,M1,noche,254,5,5.1,11.5,1.65,0,0,0
IND079-000788,2024-07-10,M2,noche,687,20,3.2,3.2,2.75,0,0,0
IND079-000789,2024-07-11,M3,noche,660,11,3.2,10.2,3.89,0,0,0
IND079-000790,2024-07-11,M4,noche,234,11,5.9,13.0,2.35,0,0,0
IND079-000791,2024-07-11,M5,noche,777,23,5.5,38.0,2.91,0,0,0
IND079-000792,2024-07-11,M6,noche,387,10,5.3,7.4,4.8,0,0,0
IND079-000793,2024-07-11,M1,dia,579,9,5.3,53.3,0.87,0,0,0
IND079-000794,2024-07-12,M2,dia,586,18,7.5,45.4,3.74,0,0,0
IND079-000795,2024-07-12,M3,dia,109,2,5.7,1.4,4.95,0,0,0
IND079-000796,2024-07-12,M4,dia,534,11,6.5,7.6,4.15,1,0,0
IND079-000797,2024-07-12,M5,dia,218,5,7.3,9.1,4.48,0,0,0
IND079-000798,2024-07-13,M6,dia,129,8,5.6,9.3,5.58,1,0,0
IND079-000799,2024-07-13,M1,noche,488,5,7.6,1.5,1.49,1,0,0
IND079-000800,2024-07-13,M2,noche,790,13,3.9,6.9,2.4,0,0,0
IND079-000801,2024-07-13,M3,noche,172,2,6.3,1.3,2.51,0,0,0
IND079-000802,2024-07-14,M4,noche,590,13,4.6,14.4,4.53,1,0,0
IND079-000803,2024-07-14,M5,noche,529,21,5.9,66.2,3.25,0,0,0
IND079-000804,2024-07-14,M6,noche,625,23,4.6,10.2,2.62,0,0,0
IND079-000805,2024-07-14,M1,dia,555,11,4.5,20.5,2.17,0,0,0
IND079-000806,2024-07-15,M2,dia,502,15,4.8,5.8,3.01,1,0,0
IND079-000807,2024-07-15,M3,dia,224,6,6.9,4.9,3.24,1,0,0
IND079-000808,2024-07-15,M4,dia,264,11,3.7,9.8,3.53,1,0,0
IND079-000809,2024-07-15,M5,dia,267,4,5.9,32.7,3.84,0,0,0
IND079-000810,2024-07-16,M6,dia,748,25,3.7,18.5,2.9,0,0,0
IND079-000811,2024-07-16,M1,noche,610,10,7.2,0.3,4.58,0,0,0
IND079-000812,2024-07-16,M2,noche,511,9,6.1,0.9,3.28,1,0,0
IND079-000813,2024-07-16,M3,noche,88,1,5.6,1.5,1.68,0,0,0
IND079-000814,2024-07-17,M4,noche,483,8,5.8,37.0,2.82,0,0,0
IND079-000815,2024-07-17,M5,noche,648,17,4.3,16.1,3.48,1,0,0
IND079-000816,2024-07-17,M6,noche,712,30,4.8,9.1,3.42,0,0,0
IND079-000817,2024-07-17,M1,dia,449,6,3.3,1.8,1.27,0,0,0
IND079-000818,2024-07-18,M2,dia,495,8,7.7,7.0,4.01,0,0,0
IND079-000819,2024-07-18,M3,dia,225,7,4.9,33.8,2.23,1,0,0
IND079-000820,2024-07-18,M4,dia,324,10,7.8,22.4,2.39,0,0,0
IND079-000821,2024-07-18,M5,dia,402,5,4.2,13.8,3.52,1,0,0
IND079-000822,2024-07-19,M6,dia,770,26,7.7,11.4,4.54,1,0,0
IND079-000823,2024-07-19,M1,noche,448,4,4.6,3.7,2.63,0,0,0
IND079-000824,2024-07-19,M2,noche,333,5,3.7,16.5,2.94,0,0,0
IND079-000825,2024-07-19,M3,noche,348,5,4.0,10.6,2.26,0,0,0
IND079-000826,2024-07-20,M4,noche,468,7,6.1,32.0,2.5,0,0,0
IND079-000827,2024-07-20,M5,noche,263,9,7.7,9.0,2.46,0,0,0
IND079-000828,2024-07-20,M6,noche,347,12,4.1,27.7,3.96,0,0,0
IND079-000829,2024-07-20,M1,dia,428,7,5.5,18.4,2.97,0,0,0
IND079-000830,2024-07-20,M2,dia,358,11,4.8,1.5,3.73,0,0,0
IND079-000831,2024-07-21,M3,dia,438,11,3.4,4.3,,0,0,0
IND079-000832,2024-07-21,M4,dia,617,17,4.0,2.4,3.71,0,0,0
IND079-000833,2024-07-21,M5,dia,119,0,3.6,13.5,2.38,0,0,0
IND079-000834,2024-07-21,M6,dia,86,7,4.6,3.9,3.8,0,0,0
IND079-000835,2024-07-22,M1,noche,519,7,4.3,2.5,1.19,0,0,0
IND079-000836,2024-07-22,M2,noche,611,11,4.7,20.0,3.31,0,0,0
IND079-000837,2024-07-22,M3,noche,586,9,6.2,19.5,2.56,0,0,0
IND079-000838,2024-07-22,M4,noche,130,2,5.7,3.3,0.68,0,0,0
IND079-000839,2024-07-23,M5,noche,287,10,5.8,24.8,3.8,1,0,0
IND079-000840,2024-07-23,M6,noche,655,23,4.9,34.0,4.87,0,0,0
IND079-000841,2024-07-23,M1,dia,724,13,4.4,29.7,2.31,0,0,0
IND079-000842,2024-07-23,M2,dia,584,25,3.9,15.0,2.06,0,0,0
IND079-000843,2024-07-24,M3,dia,306,3,5.3,1.5,1.76,0,0,0
IND079-000844,2024-07-24,M4,dia,429,14,4.6,24.2,3.79,0,0,0
IND079-000845,2024-07-24,M5,dia,587,12,3.3,2.1,"3,58",1,0,0
IND079-000846,2024-07-24,M6,dia,524,19,5.6,62.8,3.9,0,0,0
IND079-000847,2024-07-25,M1,noche,403,3,6.1,3.2,0.82,0,0,0
IND079-000848,2024-07-25,M2,noche,705,24,6.6,12.7,2.0,0,0,0
IND079-000849,2024-07-25,M3,noche,161,1,6.1,12.8,4.61,1,0,0
IND079-000850,2024-07-25,M4,noche,693,21,4.1,13.4,4.02,0,0,0
IND079-000851,2024-07-26,M5,noche,609,17,5.3,14.9,2.59,1,0,0
IND079-000852,2024-07-26,M6,noche,450,13,7.2,10.8,4.37,0,0,0
IND079-000853,2024-07-26,M1,dia,565,12,7.5,29.3,2.58,1,0,0
IND079-000854,2024-07-26,M2,dia,758,30,8.0,13.6,3.4,0,0,0
IND079-000855,2024-07-27,M3,dia,312,10,3.3,31.4,1.55,0,0,0
IND079-000856,2024-07-27,M4,dia,530,20,3.0,15.6,3.18,0,0,0
IND079-000857,2024-07-27,M5,dia,597,21,3.1,16.6,3.2,0,0,0
IND079-000858,2024-07-27,M6,dia,610,19,5.6,28.1,3.63,1,0,0
IND079-000859,2024-07-28,M1,noche,670,9,4.3,3.2,3.11,0,0,0
IND079-000860,2024-07-28,M2,noche,96,1,3.7,7.4,2.94,0,0,0
IND079-000861,2024-07-28,M3,noche,591,15,6.0,1.8,3.45,0,0,0
IND079-000862,2024-07-28,M4,noche,797,30,5.1,17.0,3.87,1,0,0
IND079-000863,2024-07-29,M5,noche,254,7,3.9,34.8,3.84,1,0,0
IND079-000864,2024-07-29,M6,noche,546,19,5.5,0.8,4.38,0,0,0
IND079-000865,2024-07-29,M1,dia,652,9,6.4,11.1,1.06,0,0,0
IND079-000866,2024-07-29,M2,dia,288,7,7.4,21.8,2.99,0,0,0
IND079-000867,2024-07-30,M3,dia,635,16,5.0,8.7,2.26,0,0,0
IND079-000868,2024-07-30,M4,dia,181,5,7.8,15.9,2.62,0,0,0
IND079-000869,2024-07-30,M5,dia,185,4,7.0,13.8,2.76,0,0,0
IND079-000870,2024-07-30,M6,dia,96,4,6.1,42.2,4.12,0,0,0
IND079-000871,2024-07-30,M1,noche,323,5,7.6,26.3,2.07,0,0,0
IND079-000872,2024-07-31,M2,noche,598,13,5.8,5.3,3.17,0,0,0
IND079-000873,2024-07-31,M3,noche,304,9,5.1,51.8,4.74,0,0,0
IND079-000874,2024-07-31,M4, NOCHE ,503,19,5.5,27.2,2.57,0,0,0
IND079-000875,2024-07-31,M5,noche,181,5,5.2,13.0,3.14,1,0,0
IND079-000876,2024-08-01,M6,noche,490,26,7.3,31.2,4.31,0,0,0
IND079-000877,2024-08-01,M1,dia,411,7,7.8,59.9,1.97,0,0,0
IND079-000878,2024-08-01,M2,dia,569,15,4.1,49.8,2.57,0,0,0
IND079-000879,2024-08-01,M3,dia,625,16,4.4,9.9,2.76,0,0,0
IND079-000880,2024-08-02,M4,dia,161,6,6.2,45.3,2.68,0,0,0
IND079-000881,2024-08-02,M5,dia,227,4,3.9,5.9,4.23,0,0,0
IND079-000882,2024-08-02,M6,dia,105,6,6.1,45.6,2.64,1,0,0
IND079-000883,2024-08-02,M1,noche,290,4,4.1,60.9,2.44,1,0,0
IND079-000884,2024-08-03,M2,noche,311,5,4.9,18.5,2.79,1,0,0
IND079-000885,2024-08-03,M3,noche,218,3,3.5,4.6,2.61,0,0,0
IND079-000886,2024-08-03,M4,noche,478,14,7.3,3.4,2.38,0,0,0
IND079-000887,2024-08-03,M5,noche,731,24,5.5,4.0,3.23,0,0,0
IND079-000888,2024-08-04,M6,noche,703,27,6.0,39.3,4.07,0,0,0
IND079-000889,2024-08-04,M1,dia,633,9,4.3,9.1,3.51,0,0,0
IND079-000890,2024-08-04,M2,dia,256,8,7.6,6.7,1.54,0,0,0
IND079-000891,2024-08-04,M3,dia,435,12,5.8,0.5,5.4,0,0,0
IND079-000892,2024-08-05,M4,dia,172,4,4.3,20.8,4.36,0,0,0
IND079-000893,2024-08-05,M5,dia,503,15,6.1,0.5,5.02,0,0,0
IND079-000894,2024-08-05,M6,dia,651,16,4.4,12.5,4.06,0,0,0
IND079-000895,2024-08-05,M1,noche,675,17,7.3,30.5,4.94,0,0,0
IND079-000896,2024-08-06,M2,noche,719,22,6.1,2.7,4.26,1,0,0
IND079-000897,2024-08-06,M3,noche,232,3,3.4,14.9,3.03,1,0,0
IND079-000898,2024-08-06,M4,noche,441,14,3.0,40.1,5.15,0,0,0
IND079-000899,2024-08-06,M5,noche,572,15,5.4,17.8,3.06,0,0,0
IND079-000900,2024-08-07,M6,noche,206,7,5.3,8.6,4.5,0,0,0
IND079-000901,2024-08-07,M1,dia,695,12,4.0,12.9,0.6,0,0,0
IND079-000902,2024-08-07,M2,dia,698,22,4.8,7.8,3.04,1,0,0
IND079-000903,2024-08-07,M3,dia,443,14,3.6,4.7,2.88,0,0,0
IND079-000904,2024-08-08,M4,dia,779,16,6.8,31.9,3.04,0,0,0
IND079-000905,2024-08-08,M5,dia,242,5,5.2,3.2,4.53,0,0,0
IND079-000906,2024-08-08,M6,dia,206,5,4.1,4.4,2.73,0,0,0
IND079-000907,2024-08-08,M1,noche,90,3,5.5,1.7,2.46,0,0,0
IND079-000908,2024-08-09,M2,noche,323,9,7.3,32.5,2.63,0,0,0
IND079-000909,2024-08-09,M3,noche,375,7,4.3,33.8,2.75,0,0,0
IND079-000910,2024-08-09,M4,noche,231,4,3.3,9.5,3.28,0,0,0
IND079-000911,2024-08-09,M5,noche,465,10,4.9,30.8,2.31,0,0,0
IND079-000912,2024-08-09,M6,noche,313,9,3.1,25.4,4.34,1,0,0
IND079-000913,2024-08-10,M1,dia,709,12,6.6,3.2,1.06,1,0,0
IND079-000914,2024-08-10,M2,dia,610,25,6.6,5.1,,0,0,0
IND079-000915,2024-08-10,M3,dia,260,7,3.5,8.5,2.44,0,0,0
IND079-000916,2024-08-10,M4,dia,186,2,3.3,4.1,3.21,0,0,0
IND079-000917,2024-08-11,M5,dia,310,1,6.8,103.8,2.66,0,0,0
IND079-000918,2024-08-11,M6,dia,424,15,3.3,19.0,3.66,0,0,0
IND079-000919,2024-08-11,M1,noche,696,10,6.0,33.4,2.35,1,0,0
IND079-000920,2024-08-11,M2,noche,101,2,6.2,21.0,4.47,0,0,0
IND079-000921,2024-08-12,M3,noche,111,3,4.6,1.6,2.39,0,0,0
IND079-000922,2024-08-12,M4,noche,658,23,6.7,17.8,3.73,0,0,0
IND079-000923,2024-08-12,M5,noche,530,12,3.6,13.0,2.2,0,0,0
IND079-000924,2024-08-12,M6,noche,351,18,5.1,23.6,4.58,0,0,0
IND079-000925,2024-08-13,M1,dia,181,3,5.8,17.2,1.53,0,0,0
IND079-000926,2024-08-13,M2,dia,566,16,6.7,16.4,2.94,0,0,0
IND079-000927,2024-08-13,M3,dia,796,10,5.0,3.4,1.91,0,0,0
IND079-000928,2024-08-13,M4,dia,105,5,6.2,20.5,4.47,0,0,0
IND079-000929,2024-08-14,M5,dia,407,6,6.2,30.8,3.08,0,0,0
IND079-000930,2024-08-14,M6,dia,339,11,5.3,24.6,4.36,0,0,0
IND079-000931,2024-08-14,M1,noche,310,2,6.9,13.0,1.88,0,0,0
IND079-000932,2024-08-14,M2,noche,193,4,6.2,20.4,2.43,0,0,0
IND079-000933,2024-08-15,M3,noche,639,12,6.9,14.3,2.49,0,0,0
IND079-000934,2024-08-15,M4,noche,579,17,5.1,54.4,3.4,0,0,0
IND079-000935,2024-08-15,M5,noche,223,4,6.0,41.0,3.02,0,0,0
IND079-000936,2024-08-15,M6,noche,740,34,5.2,9.6,5.12,0,0,0
IND079-000937,2024-08-16,M1,dia,485,8,5.4,28.2,1.57,1,0,0
IND079-000938,2024-08-16,M2,dia,150,4,3.6,10.0,3.41,0,0,0
IND079-000939,2024-08-16,M3,dia,215,5,4.4,15.6,2.46,0,0,0
IND079-000940,2024-08-16,M4,dia,413,17,3.5,33.7,3.15,0,0,0
IND079-000941,2024-08-17,M5,dia,523,15,5.7,10.1,3.5,0,0,0
IND079-000942,2024-08-17,M6,dia,575,17,3.9,11.4,4.23,0,0,0
IND079-000943,2024-08-17,M1,noche,167,1,7.9,21.1,2.7,0,0,0
IND079-000944,2024-08-17,M2,noche,161,4,6.6,10.1,1.93,0,0,0
IND079-000945,2024-08-18,M3,noche,605,8,8.0,35.6,2.31,0,0,0
IND079-000946,2024-08-18,M4,noche,154,6,6.2,4.5,2.73,0,0,0
IND079-000947,2024-08-18,M5,noche,329,11,3.4,17.2,2.94,0,0,0
IND079-000948,2024-08-18,M6,noche,115,6,4.5,0.7,4.08,1,0,0
IND079-000949,2024-08-18,M1,dia,395,6,4.6,18.4,1.34,0,0,0
IND079-000950,2024-08-19,M2,dia,207,1,5.7,3.9,2.23,0,0,0
IND079-000951,2024-08-19,M3,dia,686,10,5.9,11.9,2.33,0,0,0
IND079-000952,2024-08-19,M4,dia,524,15,5.8,9.3,1.51,0,0,0
IND079-000953,2024-08-19,M5,dia,599,9,7.0,16.5,0.51,0,0,0
IND079-000954,2024-08-20,M6,dia,514,17,3.1,1.8,4.25,0,0,0
IND079-000955,2024-08-20,M1,noche,433,6,8.0,2.7,3.1,0,0,0
IND079-000956,2024-08-20,M2,noche,445,6,6.6,39.6,2.59,0,0,0
IND079-000957,2024-08-20,M3,noche,677,15,3.1,14.0,5.15,0,0,0
IND079-000958,2024-08-21,M4,noche,759,26,7.8,3.2,3.16,0,1,2138.13
IND079-000959,2024-08-21,M5,noche,506,18,4.4,1.4,1.29,0,0,0
IND079-000960,2024-08-21,M6,noche,551,18,5.5,12.0,4.06,0,0,0
IND079-000961,2024-08-21,M1,dia,165,3,3.6,7.4,2.79,0,0,0
IND079-000962,2024-08-22,M2,dia,688,18,6.9,17.5,1.11,0,0,0
IND079-000963,2024-08-22,M3,dia,145,2,6.4,18.4,1.59,1,0,0
IND079-000964,2024-08-22,M4,dia,101,2,4.9,24.8,3.31,0,1,2250.5
IND079-000965,2024-08-22,M5,dia,540,15,6.0,13.0,3.73,0,0,0
IND079-000966,2024-08-23,M6,dia,746,31,3.1,0.2,3.46,1,0,0
IND079-000967,2024-08-23,M1,noche,247,2,7.7,15.4,3.23,0,0,0
IND079-000968,2024-08-23,M2,noche,387,15,4.0,3.2,1.79,0,0,0
IND079-000969,2024-08-23,M3,noche,632,14,6.2,24.3,3.42,1,0,0
IND079-000970,2024-08-24,M4,noche,762,24,4.1,6.7,3.78,0,1,2255.14
IND079-000971,2024-08-24,M5, NOCHE ,455,11,7.4,1.7,4.11,1,0,0
IND079-000972,2024-08-24,M6,noche,351,17,5.8,7.0,4.55,0,0,0
IND079-000973,2024-08-24,M1,dia,540,11,3.9,36.9,1.59,1,0,0
IND079-000974,2024-08-25,M2,dia,331,7,4.9,36.4,1.79,0,0,0
IND079-000975,2024-08-25,M3,dia,138,1,5.2,34.2,4.0,0,0,0
IND079-000976,2024-08-25,M4,dia,492,16,4.7,58.6,5.32,0,1,1017.15
IND079-000977,2024-08-25,M5,dia,704,21,6.0,5.7,3.22,1,0,0
IND079-000978,2024-08-26,M6,dia,174,4,4.1,50.6,4.61,0,0,0
IND079-000979,2024-08-26,M1,noche,773,13,5.2,0.9,2.89,1,0,0
IND079-000980,2024-08-26,M2,noche,189,8,6.0,7.0,2.03,0,0,0
IND079-000981,2024-08-26,M3,noche,230,4,5.7,3.5,3.51,0,0,0
IND079-000982,2024-08-27,M4,noche,710,16,6.4,54.8,3.84,0,1,276.74
IND079-000983,2024-08-27,M5,noche,104,6,4.2,14.5,4.92,0,0,0
IND079-000984,2024-08-27,M6,noche,352,12,3.1,16.1,3.23,1,0,0
IND079-000985,2024-08-27,M1,dia,396,5,3.8,1.4,2.58,0,0,0
IND079-000986,2024-08-28,M2,dia,727,12,7.9,3.3,3.2,0,0,0
IND079-000987,2024-08-28,M3,dia,109,2,3.0,3.0,4.3,0,0,0
IND079-000988,2024-08-28,M4,dia,351,7,3.6,35.3,3.91,0,0,0
IND079-000989,2024-08-28,M5,dia,407,11,7.9,90.0,4.95,1,0,0
IND079-000990,2024-08-28,M6,dia,508,20,7.4,11.5,4.24,1,0,0
IND079-000991,2024-08-29,M1,noche,286,7,3.7,2.3,1.29,0,0,0
IND079-000992,2024-08-29,M2,noche,310,9,6.4,26.2,2.45,0,0,0
IND079-000993,2024-08-29,M3,noche,767,16,3.7,10.7,3.57,0,0,0
IND079-000994,2024-08-29,M4,noche,380,8,3.6,8.1,0.1,0,0,0
IND079-000995,2024-08-30,M5,noche,394,8,7.2,8.8,3.63,0,0,0
IND079-000996,2024-08-30,M6,noche,719,22,5.2,10.1,4.53,0,1,2780.24
IND079-000997,2024-08-30,M1,dia,285,7,7.5,7.5,,0,0,0
IND079-000998,2024-08-30,M2,dia,362,5,4.3,10.4,5.32,0,0,0
IND079-000999,2024-08-31,M3,dia,187,2,3.6,10.4,3.81,0,0,0
IND079-001000,2024-08-31,M4,dia,161,4,7.7,31.4,4.99,0,0,0
IND079-001001,2024-08-31,M5,dia,514,9,3.8,3.6,4.35,1,0,0
IND079-001002,2024-08-31,M6,dia,757,30,5.1,36.6,4.05,0,1,1907.48
IND079-001003,2024-09-01,M1,noche,92,1,3.7,8.8,1.16,0,0,0
IND079-001004,2024-09-01,M2,noche,786,18,5.1,0.7,3.0,0,0,0
IND079-001005,2024-09-01,M3,noche,287,0,5.0,1.6,2.62,0,0,0
IND079-001006,2024-09-01,M4,noche,235,9,7.5,16.4,2.41,1,0,0
IND079-001007,2024-09-02,M5,noche,408,9,6.6,2.4,1.99,0,0,0
IND079-001008,2024-09-02,M6,noche,137,6,6.3,4.8,5.27,0,1,1650.36
IND079-001009,2024-09-02,M1,dia,636,11,7.5,1.5,3.01,0,0,0
IND079-001010,2024-09-02,M2,dia,640,18,6.8,44.2,3.09,0,0,0
IND079-001011,2024-09-03,M3,dia,800,10,3.7,11.1,1.16,0,0,0
IND079-001012,2024-09-03,M4,dia,782,23,3.7,9.2,2.88,0,0,0
IND079-001013,2024-09-03,M5,dia,603,14,3.6,15.2,3.2,1,0,0
IND079-001014,2024-09-03,M6,dia,424,19,6.2,15.8,5.85,0,1,651.74
IND079-001015,2024-09-04,M1,noche,409,8,4.9,27.9,3.65,0,0,0
IND079-001016,2024-09-04,M2,noche,251,13,4.3,20.9,2.01,1,0,0
IND079-001017,2024-09-04,M3,noche,420,8,7.4,42.5,0.18,0,0,0
IND079-001018,2024-09-04,M4,noche,195,6,6.8,19.8,2.73,0,0,0
IND079-001019,2024-09-05,M5,noche,158,5,4.0,0.2,3.06,0,0,0
IND079-001020,2024-09-05,M6,noche,730,34,4.5,11.4,4.64,0,1,2468.21
IND079-001021,2024-09-05,M1,dia,580,10,5.7,23.6,4.03,0,0,0
IND079-001022,2024-09-05,M2,dia,229,6,7.4,33.2,2.81,0,0,0
IND079-001023,2024-09-06,M3,dia,604,18,7.5,1.9,2.55,1,0,0
IND079-001024,2024-09-06,M4,dia,93,3,5.9,6.2,3.02,1,0,0
IND079-001025,2024-09-06,M5,dia,115,4,3.7,41.9,4.32,0,0,0
IND079-001026,2024-09-06,M6,dia,463,12,7.3,17.3,2.52,0,0,0
IND079-001027,2024-09-07,M1,noche,168,2,4.0,7.6,2.08,0,0,0
IND079-001028,2024-09-07,M2,noche,346,13,4.1,1.2,2.93,0,0,0
IND079-001029,2024-09-07,M3,noche,750,14,7.4,44.1,2.09,1,0,0
IND079-001030,2024-09-07,M4,noche,618,10,5.3,1.1,2.0,0,0,0
IND079-001031,2024-09-07,M5,noche,721,11,4.3,44.3,2.8,1,0,0
IND079-001032,2024-09-08,M6,noche,247,5,4.4,5.0,3.66,0,0,0
IND079-001033,2024-09-08,M1,dia,699,11,6.8,16.0,2.54,1,0,0
IND079-001034,2024-09-08,M2,dia,409,11,5.6,16.8,3.7,0,0,0
IND079-001035,2024-09-08,M3,dia,549,11,5.5,59.8,5.08,0,0,0
IND079-001036,2024-09-09,M4,dia,443,9,3.5,43.8,3.52,1,0,0
IND079-001037,2024-09-09,M5,dia,549,14,7.2,9.3,3.82,0,0,0
IND079-001038,2024-09-09,M6,dia,758,30,6.7,12.1,4.46,0,0,0
IND079-001039,2024-09-09,M1,noche,797,9,3.7,33.2,1.28,0,0,0
IND079-001040,2024-09-10,M2,noche,459,5,5.1,15.4,2.23,0,0,0
IND079-001041,2024-09-10,M3,noche,124,5,5.8,45.5,4.31,0,0,0
IND079-001042,2024-09-10,M4,noche,699,24,4.4,0.4,3.99,0,0,0
IND079-001043,2024-09-10,M5,noche,227,10,3.4,29.8,3.02,1,0,0
IND079-001044,2024-09-11,M6,noche,474,18,3.3,31.3,3.81,0,0,0
IND079-001045,2024-09-11,M1,dia,434,8,7.8,19.7,2.61,0,0,0
IND079-001046,2024-09-11,M2,dia,384,9,4.2,4.5,1.21,0,0,0
IND079-001047,2024-09-11,M3,dia,513,7,6.3,9.5,2.08,0,0,0
IND079-001048,2024-09-12,M4,dia,442,18,5.5,59.0,1.67,0,0,0
IND079-001049,2024-09-12,M5,dia,285,7,7.4,20.7,2.35,0,0,0
IND079-001050,2024-09-12,M6,dia,568,16,6.8,2.2,1.53,0,0,0
IND079-001051,2024-09-12,M1,noche,718,11,3.5,9.5,1.89,0,0,0
IND079-001052,2024-09-13,M2,noche,633,19,6.9,10.2,3.05,0,0,0
IND079-001053,2024-09-13,M3,noche,701,16,3.2,30.7,4.15,0,0,0
IND079-001054,2024-09-13,M4,noche,122,3,3.8,29.0,4.57,0,0,0
IND079-001055,2024-09-13,M5,noche,393,15,3.7,5.6,3.6,0,0,0
IND079-001056,2024-09-14,M6,noche,697,37,6.0,30.5,"4,03",0,0,0
IND079-001057,2024-09-14,M1,dia,464,5,6.7,15.6,2.46,0,0,0
IND079-001058,2024-09-14,M2,dia,369,3,5.6,0.3,3.82,0,0,0
IND079-001059,2024-09-14,M3,dia,494,10,7.0,9.4,2.81,0,0,0
IND079-001060,2024-09-15,M4,dia,729,24,5.7,8.6,3.61,0,0,0
IND079-001061,2024-09-15,M5,dia,449,10,5.0,13.7,3.2,0,0,0
IND079-001062,2024-09-15,M6,dia,502,24,4.2,5.0,4.12,0,0,0
IND079-001063,2024-09-15,M1,noche,508,5,7.1,7.1,1.96,0,0,0
IND079-001064,2024-09-16,M2,noche,210,5,3.1,7.0,4.17,0,0,0
IND079-001065,2024-09-16,M3,noche,379,5,3.5,4.4,2.91,0,0,0
IND079-001066,2024-09-16,M4,noche,182,5,4.3,6.2,2.64,1,0,0
IND079-001067,2024-09-16,M5,noche,515,3,6.9,5.2,4.06,0,0,0
IND079-001068,2024-09-16,M6, NOCHE ,138,11,3.6,14.0,4.26,1,0,0
IND079-001069,2024-09-17,M1,dia,411,3,4.4,19.2,3.8,1,0,0
IND079-001070,2024-09-17,M2,dia,799,14,5.6,17.8,3.83,1,0,0
IND079-001071,2024-09-17,M3,dia,569,19,7.1,9.7,3.23,0,0,0
IND079-001072,2024-09-17,M4,dia,687,17,6.0,25.6,4.51,1,0,0
IND079-001073,2024-09-18,M5,dia,737,26,7.7,20.8,4.44,0,0,0
IND079-001074,2024-09-18,M6,dia,587,17,3.6,5.5,2.14,0,0,0
IND079-001075,2024-09-18,M1,noche,87,0,5.9,7.2,3.63,0,0,0
IND079-001076,2024-09-18,M2,noche,771,21,3.8,20.4,3.05,1,0,0
IND079-001077,2024-09-19,M3,noche,185,4,7.7,19.3,5.18,0,0,0
IND079-001078,2024-09-19,M4,noche,634,28,3.6,3.2,3.18,0,0,0
IND079-001079,2024-09-19,M5,noche,747,25,6.7,16.9,3.26,1,0,0
IND079-001080,2024-09-19,M6,noche,161,6,5.1,9.3,,0,1,2827.87
IND079-001081,2024-09-20,M1,dia,111,5,5.4,1.3,2.83,0,0,0
IND079-001082,2024-09-20,M2,dia,589,9,5.7,16.0,2.53,0,0,0
IND079-001083,2024-09-20,M3,dia,630,13,5.7,6.4,3.35,0,0,0
IND079-001084,2024-09-20,M4,dia,342,10,4.7,28.1,3.54,0,0,0
IND079-001085,2024-09-21,M5,dia,779,23,6.0,8.6,4.13,0,0,0
IND079-001086,2024-09-21,M6,dia,602,18,5.1,7.0,5.1,0,1,2621.0
IND079-001087,2024-09-21,M1,noche,321,0,6.0,2.9,2.08,0,0,0
IND079-001088,2024-09-21,M2,noche,506,13,6.5,9.5,0.3,1,0,0
IND079-001089,2024-09-22,M3,noche,210,3,4.8,1.5,3.67,0,0,0
IND079-001090,2024-09-22,M4,noche,367,11,3.7,4.9,3.81,0,0,0
IND079-001091,2024-09-22,M5,noche,529,13,7.4,3.5,2.62,0,0,0
IND079-001092,2024-09-22,M6,noche,800,27,7.9,11.6,3.51,0,1,2934.11
IND079-001093,2024-09-23,M1,dia,771,13,5.4,13.4,2.13,0,0,0
IND079-001094,2024-09-23,M2,dia,108,3,5.7,39.7,2.37,1,0,0
IND079-001095,2024-09-23,M3,dia,463,9,7.3,8.0,1.85,0,0,0
IND079-001096,2024-09-23,M4,dia,404,18,4.8,30.4,3.49,0,0,0
IND079-001097,2024-09-24,M5,dia,552,15,6.1,1.5,4.27,0,0,0
IND079-001098,2024-09-24,M6,dia,428,14,5.7,32.1,7.04,0,1,2003.72
IND079-001099,2024-09-24,M1,noche,736,13,4.1,15.8,3.22,0,0,0
IND079-001100,2024-09-24,M2,noche,706,23,6.5,25.6,3.4,0,0,0
IND079-001101,2024-09-25,M3,noche,744,20,5.7,3.3,3.43,0,0,0
IND079-001102,2024-09-25,M4,noche,777,16,7.1,16.3,2.0,1,0,0
IND079-001103,2024-09-25,M5,noche,365,7,4.4,4.7,4.68,1,0,0
IND079-001104,2024-09-25,M6,noche,94,6,7.8,10.8,4.7,0,1,440.05
IND079-001105,2024-09-26,M1,dia,108,0,4.1,9.3,4.21,0,0,0
IND079-001106,2024-09-26,M2,dia,319,4,4.0,11.9,0.35,0,0,0
IND079-001107,2024-09-26,M3,dia,468,10,5.7,21.1,4.99,0,0,0
IND079-001108,2024-09-26,M4,dia,592,18,6.8,6.3,2.64,0,0,0
IND079-001109,2024-09-26,M5,dia,468,7,3.0,66.3,3.46,0,0,0
IND079-001110,2024-09-27,M6,dia,767,35,6.4,10.0,2.84,0,0,0
IND079-001111,2024-09-27,M1,noche,227,0,7.7,21.1,2.56,0,0,0
IND079-001112,2024-09-27,M2,noche,268,7,4.5,4.5,3.13,0,0,0
IND079-001113,2024-09-27,M3,noche,115,1,6.6,6.3,3.72,0,0,0
IND079-001114,2024-09-28,M4,noche,436,19,7.8,61.1,1.56,0,0,0
IND079-001115,2024-09-28,M5,noche,512,12,5.8,21.9,4.0,0,0,0
IND079-001116,2024-09-28,M6,noche,496,23,3.2,21.7,4.4,0,0,0
IND079-001117,2024-09-28,M1,dia,354,7,7.7,2.4,2.81,0,0,0
IND079-001118,2024-09-29,M2,dia,476,16,5.7,61.5,2.62,1,0,0
IND079-001119,2024-09-29,M3,dia,602,15,3.9,10.1,3.26,0,0,0
IND079-001120,2024-09-29,M4,dia,627,32,7.9,2.2,3.46,0,0,0
IND079-001121,2024-09-29,M5,dia,776,18,7.8,6.0,3.56,1,0,0
IND079-001122,2024-09-30,M6,dia,725,22,6.5,9.0,4.26,0,0,0
IND079-001123,2024-09-30,M1,noche,356,7,7.6,7.0,3.85,0,0,0
IND079-001124,2024-09-30,M2,noche,88,1,6.9,3.3,3.07,0,0,0
IND079-001125,2024-09-30,M3,noche,146,3,6.8,12.2,3.02,0,0,0
IND079-001126,2024-10-01,M4,noche,678,29,7.5,2.6,1.47,0,0,0
IND079-001127,2024-10-01,M5,noche,314,8,4.8,1.3,3.37,1,0,0
IND079-001128,2024-10-01,M6,noche,348,11,3.8,3.3,2.63,0,0,0
IND079-001129,2024-10-01,M1,dia,89,2,5.7,39.9,3.54,0,0,0
IND079-001130,2024-10-02,M2,dia,639,22,6.0,0.8,2.36,0,0,0
IND079-001131,2024-10-02,M3,dia,640,12,7.7,4.6,1.15,0,0,0
IND079-001132,2024-10-02,M4,dia,487,11,7.4,12.3,2.73,0,0,0
IND079-001133,2024-10-02,M5,dia,311,8,6.9,4.6,3.98,1,0,0
IND079-001134,2024-10-03,M6,dia,600,29,3.7,17.5,3.99,0,0,0
IND079-001135,2024-10-03,M1,noche,180,1,3.7,1.1,3.42,0,0,0
IND079-001136,2024-10-03,M2,noche,612,9,7.3,23.7,2.01,1,0,0
IND079-001137,2024-10-03,M3,noche,193,6,7.6,25.1,4.39,0,0,0
IND079-001138,2024-10-04,M4,noche,287,10,4.3,16.5,1.74,0,0,0
IND079-001139,2024-10-04,M5,noche,755,16,5.8,16.5,2.52,1,0,0
IND079-001140,2024-10-04,M6,noche,543,21,6.7,10.1,2.71,0,0,0
IND079-001141,2024-10-04,M1,dia,661,6,5.4,4.1,2.93,0,0,0
IND079-001142,2024-10-05,M2,dia,600,13,5.2,25.3,2.75,0,0,0
IND079-001143,2024-10-05,M3,dia,705,14,7.4,5.7,2.94,0,0,0
IND079-001144,2024-10-05,M4,dia,715,24,3.5,11.1,3.4,0,0,0
IND079-001145,2024-10-05,M5,dia,379,11,5.5,70.2,3.36,0,0,0
IND079-001146,2024-10-05,M6,dia,270,7,6.6,32.0,1.94,0,0,0
IND079-001147,2024-10-06,M1,noche,658,15,7.1,10.9,1.33,0,0,0
IND079-001148,2024-10-06,M2,noche,107,3,4.4,8.5,2.25,0,0,0
IND079-001149,2024-10-06,M3,noche,771,11,7.5,8.5,1.39,1,0,0
IND079-001150,2024-10-06,M4,noche,114,1,6.7,3.3,1.94,1,0,0
IND079-001151,2024-10-07,M5,noche,355,16,7.2,8.0,3.24,0,0,0
IND079-001152,2024-10-07,M6,noche,667,20,6.6,5.1,2.08,1,0,0
IND079-001153,2024-10-07,M1,dia,497,7,4.5,5.2,3.18,1,0,0
IND079-001154,2024-10-07,M2,dia,458,18,3.1,17.9,3.05,0,0,0
IND079-001155,2024-10-08,M3,dia,754,18,3.9,5.6,1.65,0,0,0
IND079-001156,2024-10-08,M4,dia,82,2,6.8,46.7,1.97,0,0,0
IND079-001157,2024-10-08,M5,dia,787,20,3.5,21.3,4.13,0,0,0
IND079-001158,2024-10-08,M6,dia,547,13,3.2,9.8,3.05,0,0,0
IND079-001159,2024-10-09,M1,noche,572,9,5.3,35.5,2.19,0,0,0
IND079-001160,2024-10-09,M2,noche,154,3,3.5,11.4,3.73,1,0,0
IND079-001161,2024-10-09,M3,noche,261,3,4.7,3.6,3.2,0,0,0
IND079-001162,2024-10-09,M4,noche,199,8,4.4,31.1,2.24,0,0,0
IND079-001163,2024-10-10,M5,noche,246,4,3.4,17.0,,1,0,0
IND079-001164,2024-10-10,M6,noche,335,13,3.2,4.9,2.08,0,0,0
IND079-001165,2024-10-10,M1, DIA ,153,3,6.3,6.3,1.9,0,0,0
IND079-001166,2024-10-10,M2,dia,720,28,4.9,14.0,4.1,0,0,0
IND079-001167,2024-10-11,M3,dia,510,11,5.7,3.1,2.66,1,0,0
IND079-001168,2024-10-11,M4,dia,532,17,4.3,44.1,2.37,0,0,0
IND079-001169,2024-10-11,M5,dia,317,6,7.9,27.6,2.31,0,0,0
IND079-001170,2024-10-11,M6,dia,478,12,6.2,5.1,5.06,1,0,0
IND079-001171,2024-10-12,M1,noche,297,5,6.7,3.4,3.31,1,0,0
IND079-001172,2024-10-12,M2,noche,377,10,4.1,7.3,3.51,0,0,0
IND079-001173,2024-10-12,M3,noche,371,7,3.7,16.5,3.33,0,0,0
IND079-001174,2024-10-12,M4,noche,361,12,3.0,15.0,2.23,1,0,0
IND079-001175,2024-10-13,M5,noche,538,23,6.2,5.2,4.56,0,0,0
IND079-001176,2024-10-13,M6,noche,724,27,5.6,0.9,3.72,0,0,0
IND079-001177,2024-10-13,M1,dia,285,2,5.3,38.1,3.31,0,0,0
IND079-001178,2024-10-13,M2,dia,767,19,5.1,35.6,1.95,0,0,0
IND079-001179,2024-10-14,M3,dia,153,3,5.3,36.7,2.4,0,0,0
IND079-001180,2024-10-14,M4,dia,325,8,3.7,7.7,3.18,0,0,0
IND079-001181,2024-10-14,M5,dia,362,15,5.4,9.9,3.29,0,0,0
IND079-001182,2024-10-14,M6,dia,596,26,4.4,3.0,3.96,0,0,0
IND079-001183,2024-10-15,M1,noche,738,11,8.0,2.6,2.95,1,0,0
IND079-001184,2024-10-15,M2,noche,506,10,7.1,15.8,3.53,1,0,0
IND079-001185,2024-10-15,M3,noche,487,8,6.1,3.6,3.68,0,0,0
IND079-001186,2024-10-15,M4,noche,302,11,7.1,6.7,1.76,0,0,0
IND079-001187,2024-10-15,M5,noche,254,8,5.0,39.6,3.84,1,0,0
IND079-001188,2024-10-16,M6,noche,689,31,4.4,1.8,2.64,0,0,0
IND079-001189,2024-10-16,M1,dia,794,11,3.9,17.0,1.64,0,0,0
IND079-001190,2024-10-16,M2,dia,81,0,7.6,20.1,4.48,0,0,0
IND079-001191,2024-10-16,M3,dia,393,6,3.8,2.0,3.42,0,0,0
IND079-001192,2024-10-17,M4,dia,426,16,7.7,41.1,3.36,1,0,0
IND079-001193,2024-10-17,M5,dia,647,15,7.2,8.2,3.66,1,0,0
IND079-001194,2024-10-17,M6,dia,578,13,5.9,10.2,3.82,0,0,0
IND079-001195,2024-10-17,M1,noche,97,2,6.2,7.1,3.33,0,0,0
IND079-001196,2024-10-18,M2,noche,102,4,4.3,2.7,3.21,0,0,0
IND079-001197,2024-10-18,M3,noche,409,7,3.2,2.0,1.21,0,0,0
IND079-001198,2024-10-18,M4,noche,426,15,8.0,18.1,1.89,0,0,0
IND079-001199,2024-10-18,M5,noche,122,1,5.6,2.9,4.4,1,0,0
IND079-001200,2024-10-19,M6,noche,408,13,7.5,24.6,2.0,0,0,0
IND079-001201,2024-10-19,M1,dia,128,2,8.0,25.0,3.46,0,0,0
IND079-001202,2024-10-19,M2,dia,693,14,4.2,1.0,2.12,0,0,0
IND079-001203,2024-10-19,M3,dia,693,10,4.9,43.0,3.45,0,0,0
IND079-001204,2024-10-20,M4,dia,468,13,7.5,5.1,3.57,0,0,0
IND079-001205,2024-10-20,M5,dia,764,19,7.3,23.6,4.19,0,0,0
IND079-001206,2024-10-20,M6,dia,657,25,3.5,2.5,2.58,0,0,0
IND079-001207,2024-10-20,M1,noche,473,4,3.3,3.9,1.37,1,0,0
IND079-001208,2024-10-21,M2,noche,196,4,5.6,9.4,2.52,0,0,0
IND079-001209,2024-10-21,M3,noche,261,11,5.1,17.8,2.32,1,0,0
IND079-001210,2024-10-21,M4,noche,779,29,4.0,10.1,3.27,1,0,0
IND079-001211,2024-10-21,M5,noche,444,9,4.7,16.5,5.59,0,0,0
IND079-001212,2024-10-22,M6,noche,226,9,6.2,7.2,5.02,0,0,0
IND079-001213,2024-10-22,M1,dia,308,5,7.8,13.7,1.64,0,0,0
IND079-001214,2024-10-22,M2,dia,357,9,7.5,23.9,1.9,1,0,0
IND079-001215,2024-10-22,M3,dia,595,12,6.1,7.2,2.32,0,0,0
IND079-001216,2024-10-23,M4,dia,222,7,5.8,27.5,0.81,1,0,0
IND079-001217,2024-10-23,M5,dia,516,16,6.3,4.9,3.49,1,0,0
IND079-001218,2024-10-23,M6,dia,673,17,4.4,1.7,4.3,0,0,0
IND079-001219,2024-10-23,M1,noche,253,4,5.8,6.7,3.52,0,0,0
IND079-001220,2024-10-24,M2,noche,448,15,5.7,66.7,1.18,1,0,0
IND079-001221,2024-10-24,M3,noche,768,16,7.2,6.4,1.61,0,0,0
IND079-001222,2024-10-24,M4,noche,697,21,6.9,2.8,4.23,0,0,0
IND079-001223,2024-10-24,M5,noche,444,11,3.3,13.0,3.9,1,0,0
IND079-001224,2024-10-25,M6,noche,372,17,7.4,29.5,2.45,0,0,0
IND079-001225,2024-10-25,M1,dia,622,12,6.6,9.5,1.95,0,0,0
IND079-001226,2024-10-25,M2,dia,461,13,5.8,5.0,2.94,1,0,0
IND079-001227,2024-10-25,M3,dia,617,12,7.4,10.3,4.6,0,0,0
IND079-001228,2024-10-25,M4,dia,478,17,4.8,7.8,2.12,0,0,0
IND079-001229,2024-10-26,M5,dia,722,26,4.1,4.8,4.64,0,0,0
IND079-001230,2024-10-26,M6,dia,540,22,3.8,8.5,5.08,0,0,0
IND079-001231,2024-10-26,M1,noche,654,8,6.7,38.0,2.73,1,0,0
IND079-001232,2024-10-26,M2,noche,590,17,4.4,26.3,1.52,0,0,0
IND079-001233,2024-10-27,M3,noche,610,14,7.4,20.6,4.44,0,0,0
IND079-001234,2024-10-27,M4,noche,144,4,4.1,28.3,2.13,1,0,0
IND079-001235,2024-10-27,M5,noche,462,9,7.4,11.5,2.55,0,0,0
IND079-001236,2024-10-27,M6,noche,248,9,5.8,19.0,5.61,0,0,0
IND079-001237,2024-10-28,M1,dia,499,10,6.7,15.2,3.15,0,0,0
IND079-001238,2024-10-28,M2,dia,479,8,7.4,2.4,1.86,0,0,0
IND079-001239,2024-10-28,M3,dia,546,16,7.0,23.3,3.71,0,0,0
IND079-001240,2024-10-28,M4,dia,701,28,5.4,24.4,3.24,1,0,0
IND079-001241,2024-10-29,M5,dia,738,20,3.5,32.7,2.78,1,0,0
IND079-001242,2024-10-29,M6,dia,626,30,6.6,53.1,2.46,0,0,0
IND079-001243,2024-10-29,M1,noche,445,7,5.1,0.3,3.31,0,0,0
IND079-001244,2024-10-29,M2,noche,741,13,3.1,3.2,2.37,0,0,0
IND079-001245,2024-10-30,M3,noche,81,7,7.3,4.4,3.18,0,0,0
IND079-001246,2024-10-30,M4,noche,664,19,3.1,52.3,,0,0,0
IND079-001247,2024-10-30,M5,noche,764,23,5.0,2.2,2.83,1,0,0
IND079-001248,2024-10-30,M6,noche,124,4,4.8,1.5,4.67,0,0,0
IND079-001249,2024-10-31,M1,dia,451,4,6.1,4.5,1.33,0,0,0
IND079-001250,2024-10-31,M2,dia,652,15,4.5,8.7,3.55,0,0,0
IND079-001251,2024-10-31,M3,dia,482,9,7.1,36.5,1.2,0,0,0
IND079-001252,2024-10-31,M4,dia,332,10,5.8,1.5,2.28,1,0,0
IND079-001253,2024-11-01,M5,dia,757,17,3.3,22.6,2.96,0,0,0
IND079-001254,2024-11-01,M6,dia,673,18,7.6,8.2,3.85,1,0,0
IND079-001255,2024-11-01,M1,noche,683,12,6.1,4.6,3.01,0,0,0
IND079-001256,2024-11-01,M2,noche,314,6,3.5,17.2,3.69,0,0,0
IND079-001257,2024-11-02,M3,noche,349,10,7.8,8.6,3.02,0,0,0
IND079-001258,2024-11-02,M4,noche,186,7,3.2,60.1,3.47,0,0,0
IND079-001259,2024-11-02,M5,noche,346,10,4.1,6.0,3.61,0,0,0
IND079-001260,2024-11-02,M6,noche,517,12,5.2,84.5,2.81,1,0,0
IND079-001261,2024-11-03,M1,dia,666,12,3.1,12.5,2.38,0,0,0
IND079-001262,2024-11-03,M2, DIA ,85,0,7.2,7.5,1.61,0,0,0
IND079-001263,2024-11-03,M3,dia,799,13,7.5,87.3,4.54,0,0,0
IND079-001264,2024-11-03,M4,dia,105,4,6.2,2.3,2.81,0,0,0
IND079-001265,2024-11-03,M5,dia,648,12,6.2,42.0,2.97,0,0,0
IND079-001266,2024-11-04,M6,dia,382,16,7.9,72.8,4.08,0,0,0
IND079-001267,2024-11-04,M1,noche,631,8,5.0,31.7,"2,76",0,0,0
IND079-001268,2024-11-04,M2,noche,377,9,3.0,17.3,3.6,0,0,0
IND079-001269,2024-11-04,M3,noche,551,6,4.8,6.4,3.11,0,0,0
IND079-001270,2024-11-05,M4,noche,331,6,3.2,22.5,3.74,0,0,0
IND079-001271,2024-11-05,M5,noche,87,3,6.4,0.6,5.23,0,0,0
IND079-001272,2024-11-05,M6,noche,682,20,5.1,3.8,3.66,0,0,0
IND079-001273,2024-11-05,M1,dia,376,8,7.7,8.9,2.23,0,0,0
IND079-001274,2024-11-06,M2,dia,714,17,4.3,32.3,4.72,0,0,0
IND079-001275,2024-11-06,M3,dia,104,1,3.1,4.9,2.27,1,0,0
IND079-001276,2024-11-06,M4,dia,638,27,3.6,36.3,4.28,1,0,0
IND079-001277,2024-11-06,M5,dia,728,25,4.6,11.5,2.67,0,0,0
IND079-001278,2024-11-07,M6,dia,394,18,7.1,0.7,2.37,0,0,0
IND079-001279,2024-11-07,M1,noche,590,9,4.0,3.8,5.3,0,0,0
IND079-001280,2024-11-07,M2,noche,187,9,4.7,31.7,5.2,0,0,0
IND079-001281,2024-11-07,M3,noche,170,5,3.6,4.3,3.22,1,0,0
IND079-001282,2024-11-08,M4,noche,224,4,4.5,4.0,3.19,0,0,0
IND079-001283,2024-11-08,M5,noche,321,11,7.0,15.0,2.84,0,0,0
IND079-001284,2024-11-08,M6,noche,629,21,4.1,0.4,2.76,0,0,0
IND079-001285,2024-11-08,M1,dia,178,4,3.8,43.3,1.91,0,0,0
IND079-001286,2024-11-09,M2,dia,154,4,5.0,10.5,3.53,0,0,0
IND079-001287,2024-11-09,M3,dia,481,8,4.9,0.3,4.84,1,0,0
IND079-001288,2024-11-09,M4,dia,435,10,4.1,6.3,4.46,0,0,0
IND079-001289,2024-11-09,M5,dia,114,1,6.7,19.5,3.65,0,0,0
IND079-001290,2024-11-10,M6,dia,157,8,6.8,2.2,6.13,0,0,0
IND079-001291,2024-11-10,M1,noche,474,6,3.5,10.0,1.28,0,0,0
IND079-001292,2024-11-10,M2,noche,520,11,5.0,0.3,3.57,0,0,0
IND079-001293,2024-11-10,M3,noche,165,3,4.9,33.1,2.24,1,0,0
IND079-001294,2024-11-11,M4,noche,89,3,3.4,38.6,3.84,1,0,0
IND079-001295,2024-11-11,M5,noche,367,8,3.5,5.1,4.77,0,0,0
IND079-001296,2024-11-11,M6,noche,428,15,7.6,8.2,3.46,0,0,0
IND079-001297,2024-11-11,M1,dia,312,6,5.3,18.7,1.92,0,0,0
IND079-001298,2024-11-12,M2,dia,527,15,5.4,48.5,3.06,0,0,0
IND079-001299,2024-11-12,M3,dia,562,13,7.9,5.1,2.88,0,0,0
IND079-001300,2024-11-12,M4,dia,90,3,4.7,14.6,3.68,0,0,0
IND079-001301,2024-11-12,M5,dia,346,13,6.5,11.2,5.95,0,0,0
IND079-001302,2024-11-13,M6,dia,161,8,5.3,1.3,3.17,0,0,0
IND079-001303,2024-11-13,M1,noche,186,3,4.6,3.2,3.05,0,0,0
IND079-001304,2024-11-13,M2,noche,517,10,4.3,11.6,2.46,0,0,0
IND079-001305,2024-11-13,M3,noche,507,13,4.7,11.6,2.0,0,0,0
IND079-001306,2024-11-13,M4,noche,555,15,4.9,12.9,1.19,0,0,0
IND079-001307,2024-11-14,M5,noche,316,12,4.0,5.7,3.0,0,0,0
IND079-001308,2024-11-14,M6,noche,217,11,4.2,28.6,4.6,0,0,0
IND079-001309,2024-11-14,M1,dia,520,4,6.3,10.8,2.25,1,0,0
IND079-001310,2024-11-14,M2,dia,175,6,5.0,1.0,4.69,0,0,0
IND079-001311,2024-11-15,M3,dia,630,12,6.1,3.0,2.82,1,0,0
IND079-001312,2024-11-15,M4,dia,439,13,3.8,19.5,2.62,0,0,0
IND079-001313,2024-11-15,M5,dia,665,20,7.9,13.6,3.88,1,0,0
IND079-001314,2024-11-15,M6,dia,127,3,5.8,24.8,3.19,0,0,0
IND079-001315,2024-11-16,M1,noche,335,6,6.5,13.4,2.17,0,0,0
IND079-001316,2024-11-16,M2,noche,364,12,4.3,18.3,3.4,1,0,0
IND079-001317,2024-11-16,M3,noche,536,8,3.9,2.8,4.61,0,1,1363.44
IND079-001318,2024-11-16,M4,noche,705,16,7.3,16.4,1.65,0,0,0
IND079-001319,2024-11-17,M5,noche,521,10,7.4,2.1,4.33,0,0,0
IND079-001320,2024-11-17,M6,noche,188,6,4.5,106.7,3.8,1,0,0
IND079-001321,2024-11-17,M1,dia,473,8,3.1,10.0,2.71,1,0,0
IND079-001322,2024-11-17,M2,dia,539,17,4.9,21.4,3.16,0,0,0
IND079-001323,2024-11-18,M3,dia,329,8,6.5,30.7,4.85,0,1,1321.65
IND079-001324,2024-11-18,M4,dia,91,5,3.3,4.3,3.97,1,0,0
IND079-001325,2024-11-18,M5,dia,607,11,7.5,24.1,3.15,0,0,0
IND079-001326,2024-11-18,M6,dia,631,31,7.2,50.0,4.56,0,0,0
IND079-001327,2024-11-19,M1,noche,570,3,4.7,48.8,3.49,0,0,0
IND079-001328,2024-11-19,M2,noche,323,6,4.4,11.5,2.88,0,0,0
IND079-001329,2024-11-19,M3,noche,495,7,3.2,24.7,,0,1,641.65
IND079-001330,2024-11-19,M4,noche,335,14,7.2,14.0,2.47,0,0,0
IND079-001331,2024-11-20,M5,noche,147,6,7.4,23.8,2.81,0,0,0
IND079-001332,2024-11-20,M6,noche,91,5,6.8,16.8,4.21,1,0,0
IND079-001333,2024-11-20,M1,dia,771,16,5.2,0.2,0.7,0,0,0
IND079-001334,2024-11-20,M2,dia,740,21,3.6,6.0,3.97,0,0,0
IND079-001335,2024-11-21,M3,dia,215,4,4.4,4.5,2.76,0,1,778.2
IND079-001336,2024-11-21,M4,dia,167,1,6.4,5.3,2.78,0,0,0
IND079-001337,2024-11-21,M5,dia,740,21,4.9,6.6,5.31,0,0,0
IND079-001338,2024-11-21,M6,dia,747,20,3.1,1.6,3.1,0,0,0
IND079-001339,2024-11-22,M1,noche,729,12,7.7,3.5,0.68,1,0,0
IND079-001340,2024-11-22,M2,noche,569,13,6.2,1.4,2.08,0,0,0
IND079-001341,2024-11-22,M3,noche,142,4,3.3,5.8,5.42,0,1,2111.59
IND079-001342,2024-11-22,M4,noche,411,14,7.4,13.0,2.18,1,0,0
IND079-001343,2024-11-23,M5,noche,411,13,8.0,0.4,1.82,1,0,0
IND079-001344,2024-11-23,M6,noche,390,19,5.9,35.8,3.95,0,0,0
IND079-001345,2024-11-23,M1,dia,84,2,4.5,1.9,3.11,0,0,0
IND079-001346,2024-11-23,M2,dia,722,24,4.8,17.6,3.36,0,0,0
IND079-001347,2024-11-23,M3,dia,170,4,4.9,4.4,5.72,0,0,0
IND079-001348,2024-11-24,M4,dia,754,20,5.6,27.5,2.51,0,0,0
IND079-001349,2024-11-24,M5,dia,131,3,6.6,7.5,5.74,0,1,2995.46
IND079-001350,2024-11-24,M6,dia,377,14,6.9,17.8,4.93,1,0,0
IND079-001351,2024-11-24,M1,noche,128,1,3.8,5.4,3.45,0,0,0
IND079-001352,2024-11-25,M2,noche,605,17,3.3,11.4,4.22,0,0,0
IND079-001353,2024-11-25,M3,noche,467,11,6.4,132.3,1.52,1,0,0
IND079-001354,2024-11-25,M4,noche,732,22,5.6,1.6,2.34,0,0,0
IND079-001355,2024-11-25,M5,noche,138,3,5.7,6.8,4.99,0,1,449.64
IND079-001356,2024-11-26,M6,noche,150,5,5.3,6.3,3.54,0,0,0
IND079-001357,2024-11-26,M1,dia,791,12,5.0,36.9,3.04,0,0,0
IND079-001358,2024-11-26,M2,dia,388,14,3.6,71.2,2.62,0,0,0
IND079-001359,2024-11-26,M3, DIA ,706,15,4.9,9.5,2.78,0,0,0
IND079-001360,2024-11-27,M4,dia,344,15,3.8,15.9,3.98,0,0,0
IND079-001361,2024-11-27,M5,dia,132,5,5.3,2.8,5.13,0,1,1408.65
IND079-001362,2024-11-27,M6,dia,772,41,4.4,20.0,2.78,0,0,0
IND079-001363,2024-11-27,M1,noche,330,3,3.4,4.3,2.37,0,0,0
IND079-001364,2024-11-28,M2,noche,782,19,6.4,13.6,2.19,0,0,0
IND079-001365,2024-11-28,M3,noche,386,4,7.5,12.9,3.21,0,0,0
IND079-001366,2024-11-28,M4,noche,583,12,3.2,4.1,2.78,0,0,0
IND079-001367,2024-11-28,M5,noche,172,3,6.9,9.5,5.36,0,1,1995.52
IND079-001368,2024-11-29,M6,noche,468,21,6.7,34.2,3.54,1,0,0
IND079-001369,2024-11-29,M1,dia,95,1,7.0,25.0,4.69,1,1,927.27
IND079-001370,2024-11-29,M2,dia,324,7,4.2,9.2,3.51,0,0,0
IND079-001371,2024-11-29,M3,dia,462,9,6.4,27.0,1.59,0,0,0
IND079-001372,2024-11-30,M4,dia,552,15,4.5,4.0,4.47,0,0,0
IND079-001373,2024-11-30,M5,dia,768,17,5.9,14.9,4.24,0,1,2805.62
IND079-001374,2024-11-30,M6,dia,395,10,5.5,16.4,3.71,0,0,0
IND079-001375,2024-11-30,M1,noche,181,0,7.2,0.4,3.72,0,1,1342.88
IND079-001376,2024-12-01,M2,noche,652,19,5.0,7.3,3.48,0,0,0
IND079-001377,2024-12-01,M3,noche,300,7,3.4,1.3,1.59,0,0,0
IND079-001378,2024-12-01,M4,noche,419,10,3.3,0.3,4.53,0,0,0
IND079-001379,2024-12-01,M5,noche,84,0,5.5,7.9,3.35,0,0,0
IND079-001380,2024-12-02,M6,noche,628,13,5.4,2.7,4.69,0,0,0
IND079-001381,2024-12-02,M1,dia,203,3,7.7,11.2,4.09,0,1,1826.27
IND079-001382,2024-12-02,M2,dia,666,26,4.1,34.6,4.0,1,0,0
IND079-001383,2024-12-02,M3,dia,496,8,4.7,13.5,3.86,0,0,0
IND079-001384,2024-12-02,M4,dia,208,4,6.3,8.7,4.02,0,0,0
IND079-001385,2024-12-03,M5,dia,292,11,5.8,1.9,1.89,0,0,0
IND079-001386,2024-12-03,M6,dia,168,10,3.3,13.4,2.25,0,0,0
IND079-001387,2024-12-03,M1,noche,789,19,3.2,9.8,1.44,0,1,2993.11
IND079-001388,2024-12-03,M2,noche,529,12,4.3,15.3,3.84,0,0,0
IND079-001389,2024-12-04,M3,noche,341,6,6.5,43.4,3.17,0,0,0
IND079-001390,2024-12-04,M4,noche,586,21,4.6,13.9,3.11,0,0,0
IND079-001391,2024-12-04,M5,noche,452,9,5.9,7.8,3.48,0,0,0
IND079-001392,2024-12-04,M6,noche,738,25,7.1,16.6,3.19,0,0,0
IND079-001393,2024-12-05,M1,dia,437,11,6.5,99.9,3.01,0,0,0
IND079-001394,2024-12-05,M2,dia,507,16,3.5,74.9,2.83,0,0,0
IND079-001395,2024-12-05,M3,dia,693,12,5.7,3.6,3.89,0,0,0
IND079-001396,2024-12-05,M4,dia,755,19,5.3,21.7,2.86,0,0,0
IND079-001397,2024-12-06,M5,dia,748,17,5.6,17.5,3.57,0,0,0
IND079-001398,2024-12-06,M6,dia,325,11,3.9,2.5,5.01,1,0,0
IND079-001399,2024-12-06,M1,noche,482,5,6.6,20.2,1.61,0,0,0
IND079-001400,2024-12-06,M2,noche,338,6,5.9,26.0,1.69,1,0,0
IND079-001401,2024-12-07,M3,noche,242,4,4.2,11.1,4.02,0,0,0
IND079-001402,2024-12-07,M4,noche,575,15,4.2,21.5,3.93,0,0,0
IND079-001403,2024-12-07,M5,noche,396,14,5.5,2.7,1.69,0,0,0
IND079-001404,2024-12-07,M6,noche,607,21,7.8,2.1,3.73,0,0,0
IND079-001405,2024-12-08,M1,dia,257,6,5.1,20.1,3.6,0,0,0
IND079-001406,2024-12-08,M2,dia,769,22,4.0,29.9,2.0,0,0,0
IND079-001407,2024-12-08,M3,dia,105,1,4.6,23.1,3.94,1,0,0
IND079-001408,2024-12-08,M4,dia,738,30,6.4,21.8,2.28,0,0,0
IND079-001409,2024-12-09,M5,dia,185,9,6.4,28.3,2.39,0,0,0
IND079-001410,2024-12-09,M6,dia,296,5,6.9,46.5,5.11,1,0,0
IND079-001411,2024-12-09,M1,noche,182,3,5.2,50.9,1.92,0,0,0
IND079-001412,2024-12-09,M2,noche,445,12,7.1,49.0,,0,0,0
IND079-001413,2024-12-10,M3,noche,632,12,3.9,6.2,3.36,0,0,0
IND079-001414,2024-12-10,M4,noche,575,14,5.4,10.4,3.17,0,0,0
IND079-001415,2024-12-10,M5,noche,765,23,7.6,1.7,4.11,0,0,0
IND079-001416,2024-12-10,M6,noche,782,29,4.1,19.5,2.5,0,0,0
IND079-001417,2024-12-11,M1,dia,433,6,3.2,7.6,1.04,0,0,0
IND079-001418,2024-12-11,M2,dia,794,19,7.8,38.8,3.13,1,0,0
IND079-001419,2024-12-11,M3,dia,547,8,4.4,0.5,4.22,0,0,0
IND079-001420,2024-12-11,M4,dia,205,8,5.1,4.4,1.62,0,0,0
IND079-001421,2024-12-12,M5,dia,268,7,6.1,0.8,3.92,0,0,0
IND079-001422,2024-12-12,M6,dia,168,11,3.2,4.2,1.75,0,0,0
IND079-001423,2024-12-12,M1,noche,367,5,5.1,9.4,2.57,0,0,0
IND079-001424,2024-12-12,M2,noche,188,2,4.5,2.3,2.57,1,0,0
IND079-001425,2024-12-12,M3,noche,637,12,6.4,4.7,2.95,0,0,0
IND079-001426,2024-12-13,M4,noche,359,5,4.2,3.4,2.62,0,0,0
IND079-001427,2024-12-13,M5,noche,358,5,3.1,48.5,4.55,0,0,0
IND079-001428,2024-12-13,M6,noche,491,13,6.3,5.8,2.38,0,0,0
IND079-001429,2024-12-13,M1,dia,379,10,6.6,3.7,1.68,0,0,0
IND079-001430,2024-12-14,M2,dia,310,5,3.2,1.7,1.43,0,0,0
IND079-001431,2024-12-14,M3,dia,147,6,7.1,15.4,3.45,0,0,0
IND079-001432,2024-12-14,M4,dia,163,4,6.6,6.8,3.75,0,0,0
IND079-001433,2024-12-14,M5,dia,94,2,4.8,20.3,2.81,0,0,0
IND079-001434,2024-12-15,M6,dia,581,17,6.9,12.7,4.46,0,0,0
IND079-001435,2024-12-15,M1,noche,372,6,5.8,17.1,2.59,0,0,0
IND079-001436,2024-12-15,M2,noche,455,13,7.9,1.0,3.52,0,0,0
IND079-001437,2024-12-15,M3,noche,752,18,3.1,25.0,2.61,0,0,0
IND079-001438,2024-12-16,M4,noche,791,23,7.9,4.1,5.62,0,0,0
IND079-001439,2024-12-16,M5,noche,180,2,5.9,0.3,3.16,0,0,0
IND079-001440,2024-12-16,M6,noche,269,19,6.5,8.3,4.09,1,0,0
IND079-001441,2024-12-16,M1,dia,756,11,5.2,13.0,3.22,0,0,0
IND079-001442,2024-12-17,M2,dia,677,20,4.5,23.9,1.54,0,0,0
IND079-001443,2024-12-17,M3,dia,433,13,3.0,7.7,1.57,0,0,0
IND079-001444,2024-12-17,M4,dia,159,6,6.0,17.2,1.6,1,0,0
IND079-001445,2024-12-17,M5,dia,366,5,4.5,0.7,3.66,0,0,0
IND079-001446,2024-12-18,M6,dia,396,9,4.4,0.5,5.29,0,0,0
IND079-001447,2024-12-18,M1,noche,121,3,7.8,33.0,3.7,1,0,0
IND079-001448,2024-12-18,M2,noche,329,15,7.7,4.8,3.62,0,0,0
IND079-001449,2024-12-18,M3,noche,172,2,7.2,59.9,4.12,0,0,0
IND079-001450,2024-12-19,M4,noche,644,20,5.9,10.6,3.59,0,0,0
IND079-001451,2024-12-19,M5,noche,179,6,6.0,4.7,2.81,1,0,0
IND079-001452,2024-12-19,M6,noche,495,22,7.9,9.4,3.89,0,0,0
IND079-001453,2024-12-19,M1,dia,195,4,7.9,25.4,2.72,0,0,0
IND079-001454,2024-12-20,M2,dia,270,8,3.5,5.7,2.12,0,0,0
IND079-001455,2024-12-20,M3,dia,794,15,4.7,2.8,4.3,0,0,0
IND079-001456,2024-12-20,M4, DIA ,481,11,6.5,16.9,3.13,0,0,0
IND079-001457,2024-12-20,M5,dia,118,1,7.1,34.7,4.3,0,0,0
IND079-001458,2024-12-21,M6,dia,276,9,7.7,19.4,3.2,1,0,0
IND079-001459,2024-12-21,M1,noche,695,12,6.3,31.7,3.99,0,0,0
IND079-001460,2024-12-21,M2,noche,470,13,7.4,12.3,2.76,0,0,0
IND079-001461,2024-12-21,M3,noche,760,16,5.7,9.8,2.35,0,0,0
IND079-001462,2024-12-21,M4,noche,170,5,5.7,27.9,2.53,0,0,0
IND079-001463,2024-12-22,M5,noche,246,2,7.5,29.1,2.62,1,0,0
IND079-001464,2024-12-22,M6,noche,731,30,7.8,15.6,3.56,0,0,0
IND079-001465,2024-12-22,M1,dia,725,9,5.3,3.9,4.41,0,0,0
IND079-001466,2024-12-22,M2,dia,616,15,3.7,16.5,1.51,0,0,0
IND079-001467,2024-12-23,M3,dia,513,7,4.2,42.2,1.21,0,0,0
IND079-001468,2024-12-23,M4,dia,494,16,7.5,38.7,3.88,0,0,0
IND079-001469,2024-12-23,M5,dia,177,4,3.8,0.7,5.09,1,0,0
IND079-001470,2024-12-23,M6,dia,636,20,6.4,11.5,2.93,0,0,0
IND079-001471,2024-12-24,M1,noche,137,1,7.2,43.0,1.74,1,0,0
IND079-001472,2024-12-24,M2,noche,82,1,5.5,19.3,2.62,0,0,0
IND079-001473,2024-12-24,M3,noche,597,15,7.6,40.8,3.37,0,0,0
IND079-001474,2024-12-24,M4,noche,704,25,7.9,11.9,2.82,0,0,0
IND079-001475,2024-12-25,M5,noche,104,3,3.0,3.3,3.66,0,0,0
IND079-001476,2024-12-25,M6,noche,789,35,4.8,3.9,4.25,0,0,0
IND079-001477,2024-12-25,M1,dia,260,1,5.8,16.2,3.94,0,0,0
IND079-001478,2024-12-25,M2,dia,172,5,7.2,88.4,"3,93",0,0,0
IND079-001479,2024-12-26,M3,dia,696,12,5.0,17.4,4.16,0,0,0
IND079-001480,2024-12-26,M4,dia,743,33,4.7,36.4,3.16,0,0,0
IND079-001481,2024-12-26,M5,dia,488,16,3.8,8.1,2.79,0,0,0
IND079-001482,2024-12-26,M6,dia,586,18,6.8,5.7,5.11,0,0,0
IND079-001483,2024-12-27,M1,noche,747,8,5.7,34.3,2.12,0,0,0
IND079-001484,2024-12-27,M2,noche,581,15,6.9,0.3,2.31,0,0,0
IND079-001485,2024-12-27,M3,noche,200,3,5.3,41.8,3.38,0,0,0
IND079-001486,2024-12-27,M4,noche,513,16,6.3,5.9,4.1,1,0,0
IND079-001487,2024-12-28,M5,noche,490,10,4.1,39.8,3.72,0,0,0
IND079-001488,2024-12-28,M6,noche,515,24,4.4,1.0,1.99,0,0,0
IND079-001489,2024-12-28,M1,dia,206,6,3.5,15.6,2.1,0,0,0
IND079-001490,2024-12-28,M2,dia,750,15,6.3,39.4,4.04,1,0,0
IND079-001491,2024-12-29,M3,dia,407,11,5.4,9.0,2.58,0,0,0
IND079-001492,2024-12-29,M4,dia,324,12,4.8,6.1,2.28,0,0,0
IND079-001493,2024-12-29,M5,dia,632,16,3.9,13.1,3.92,0,0,0
IND079-001494,2024-12-29,M6,dia,341,15,5.6,8.8,4.84,0,0,0
IND079-001495,2024-12-30,M1,noche,256,3,4.8,1.5,,0,0,0
IND079-001496,2024-12-30,M2,noche,309,6,7.3,3.3,2.64,0,0,0
IND079-001497,2024-12-30,M3,noche,640,9,6.4,50.3,3.92,0,0,0
IND079-001498,2024-12-30,M4,noche,363,8,4.3,21.2,2.44,0,0,0
IND079-001499,2024-12-31,M5,noche,290,5,5.9,24.5,3.72,0,0,0
IND079-001500,2024-12-31,M6,noche,161,4,5.8,2.6,4.48,0,0,0
IND079-001501,2024-12-31,M1,dia,616,11,7.4,5.8,3.72,1,0,0
IND079-001502,2024-12-31,M2,dia,117,3,7.0,4.1,2.51,0,0,0
IND079-001503,2024-12-31,M3,dia,582,13,7.4,45.0,5.3,0,0,0
IND079-001504,2025-01-01,M4,dia,469,11,7.5,1.2,2.01,0,0,0
IND079-001505,2025-01-01,M5,dia,623,12,3.6,31.4,5.13,0,0,0
IND079-001506,2025-01-01,M6,dia,369,10,3.5,5.0,2.91,1,0,0
IND079-001507,2025-01-01,M1,noche,267,4,4.2,1.4,2.76,0,0,0
IND079-001508,2025-01-02,M2,noche,87,5,6.8,4.8,1.96,0,0,0
IND079-001509,2025-01-02,M3,noche,139,2,8.0,1.9,2.5,0,0,0
IND079-001510,2025-01-02,M4,noche,617,23,7.2,33.4,2.45,0,0,0
IND079-001511,2025-01-02,M5,noche,601,11,6.0,1.4,2.08,0,0,0
IND079-001512,2025-01-03,M6,noche,291,11,7.6,18.6,4.34,0,0,0
IND079-001513,2025-01-03,M1,dia,505,15,5.6,4.6,2.74,0,0,0
IND079-001514,2025-01-03,M2,dia,317,8,4.1,8.1,3.2,0,0,0
IND079-001515,2025-01-03,M3,dia,127,0,7.8,8.5,2.36,0,0,0
IND079-001516,2025-01-04,M4,dia,739,23,6.8,42.5,3.58,0,0,0
IND079-001517,2025-01-04,M5,dia,207,4,7.5,0.0,1.81,0,0,0
IND079-001518,2025-01-04,M6,dia,152,11,5.3,74.4,2.18,0,0,0
IND079-001519,2025-01-04,M1,noche,557,6,5.8,6.1,0.83,0,0,0
IND079-001520,2025-01-05,M2,noche,636,17,4.7,12.1,2.97,0,0,0
IND079-001521,2025-01-05,M3,noche,492,13,6.7,11.8,4.21,0,0,0
IND079-001522,2025-01-05,M4,noche,350,14,5.9,28.5,3.46,0,0,0
IND079-001523,2025-01-05,M5,noche,326,10,5.4,22.0,4.71,0,0,0
IND079-001524,2025-01-06,M6,noche,385,12,3.4,9.2,4.0,0,0,0
IND079-001525,2025-01-06,M1,dia,522,7,7.6,20.0,2.8,0,0,0
IND079-001526,2025-01-06,M2,dia,88,1,7.8,41.4,3.21,1,0,0
IND079-001527,2025-01-06,M3,dia,400,8,4.2,4.7,3.71,0,0,0
IND079-001528,2025-01-07,M4,dia,147,1,6.6,25.9,2.93,0,0,0
IND079-001529,2025-01-07,M5,dia,539,14,4.1,3.2,4.41,0,0,0
IND079-001530,2025-01-07,M6,dia,763,32,3.4,1.9,4.62,1,0,0
IND079-001531,2025-01-07,M1,noche,433,6,3.4,5.5,4.82,0,0,0
IND079-001532,2025-01-08,M2,noche,102,2,4.3,23.0,3.72,0,0,0
IND079-001533,2025-01-08,M3,noche,328,8,7.6,9.0,4.05,0,0,0
IND079-001534,2025-01-08,M4,noche,620,18,4.3,8.7,3.27,0,0,0
IND079-001535,2025-01-08,M5,noche,328,16,4.0,37.5,4.67,0,0,0
IND079-001536,2025-01-09,M6,noche,198,7,4.5,12.3,5.47,0,0,0
IND079-001537,2025-01-09,M1,dia,288,4,6.8,69.5,3.42,0,0,0
IND079-001538,2025-01-09,M2,dia,312,8,3.2,6.4,2.68,0,0,0
IND079-001539,2025-01-09,M3,dia,190,5,7.8,0.5,2.19,1,0,0
IND079-001540,2025-01-10,M4,dia,404,12,3.7,15.9,3.78,0,0,0
IND079-001541,2025-01-10,M5,dia,741,21,7.4,5.2,2.32,0,0,0
IND079-001542,2025-01-10,M6,dia,729,31,3.5,7.8,4.26,0,0,0
IND079-001543,2025-01-10,M1,noche,551,11,7.5,40.7,2.76,1,0,0
IND079-001544,2025-01-10,M2,noche,543,17,8.0,14.3,3.81,0,0,0
IND079-001545,2025-01-11,M3,noche,797,22,3.0,31.7,1.73,1,0,0
IND079-001546,2025-01-11,M4,noche,490,16,5.3,5.7,4.95,0,0,0
IND079-001547,2025-01-11,M5,noche,496,21,5.6,7.1,4.13,1,0,0
IND079-001548,2025-01-11,M6,noche,80,3,3.0,31.8,3.21,1,0,0
IND079-001549,2025-01-12,M1,dia,191,2,3.3,31.6,3.04,0,0,0
IND079-001550,2025-01-12,M2,dia,478,10,7.3,54.8,3.27,0,0,0
IND079-001551,2025-01-12,M3,dia,357,8,3.2,12.9,1.72,0,0,0
IND079-001552,2025-01-12,M4,dia,489,18,5.5,2.4,3.48,0,0,0
IND079-001553,2025-01-13,M5, DIA ,709,19,4.5,4.5,2.32,1,0,0
IND079-001554,2025-01-13,M6,dia,431,14,4.2,31.5,3.61,1,0,0
IND079-001555,2025-01-13,M1,noche,226,1,4.0,5.1,2.21,0,0,0
IND079-001556,2025-01-13,M2,noche,678,13,5.7,4.1,3.43,0,0,0
IND079-001557,2025-01-14,M3,noche,653,12,6.3,20.5,2.75,0,0,0
IND079-001558,2025-01-14,M4,noche,447,9,6.7,1.4,4.9,0,0,0
IND079-001559,2025-01-14,M5,noche,101,2,3.8,0.3,4.04,0,0,0
IND079-001560,2025-01-14,M6,noche,496,13,6.6,32.9,2.76,0,0,0
IND079-001561,2025-01-15,M1,dia,702,14,7.3,3.9,0.58,1,0,0
IND079-001562,2025-01-15,M2,dia,569,9,7.6,0.4,2.39,0,0,0
IND079-001563,2025-01-15,M3,dia,777,12,3.3,0.1,3.49,0,0,0
IND079-001564,2025-01-15,M4,dia,376,14,6.8,8.9,2.58,0,0,0
IND079-001565,2025-01-16,M5,dia,508,12,4.0,49.4,3.57,0,0,0
IND079-001566,2025-01-16,M6,dia,156,9,6.7,15.4,2.26,0,0,0
IND079-001567,2025-01-16,M1,noche,798,25,7.9,22.1,2.8,0,0,0
IND079-001568,2025-01-16,M2,noche,759,25,5.7,15.7,3.49,0,0,0
IND079-001569,2025-01-17,M3,noche,547,5,3.9,9.8,3.31,0,0,0
IND079-001570,2025-01-17,M4,noche,82,3,5.7,39.2,3.05,0,0,0
IND079-001571,2025-01-17,M5,noche,227,6,3.8,13.7,4.42,0,0,0
IND079-001572,2025-01-17,M6,noche,402,13,6.2,52.0,2.13,0,0,0
IND079-001573,2025-01-18,M1,dia,389,6,5.7,1.7,1.0,0,0,0
IND079-001574,2025-01-18,M2,dia,263,5,4.0,4.7,2.12,0,0,0
IND079-001575,2025-01-18,M3,dia,474,15,6.3,6.5,5.04,0,0,0
IND079-001576,2025-01-18,M4,dia,363,13,5.0,20.9,1.82,0,0,0
IND079-001577,2025-01-19,M5,dia,625,15,6.9,12.9,2.94,0,0,0
IND079-001578,2025-01-19,M6,dia,702,36,4.0,21.8,,1,0,0
IND079-001579,2025-01-19,M1,noche,686,16,6.9,10.6,2.3,0,0,0
IND079-001580,2025-01-19,M2,noche,104,3,4.1,46.0,2.79,0,0,0
IND079-001581,2025-01-19,M3,noche,485,12,6.3,33.2,2.94,0,0,0
IND079-001582,2025-01-20,M4,noche,700,19,5.9,7.3,2.95,1,0,0
IND079-001583,2025-01-20,M5,noche,347,13,7.1,26.8,3.04,0,0,0
IND079-001584,2025-01-20,M6,noche,209,8,3.6,4.9,3.96,0,0,0
IND079-001585,2025-01-20,M1,dia,151,3,6.5,0.1,2.79,1,0,0
IND079-001586,2025-01-21,M2,dia,403,6,6.2,3.7,2.79,0,0,0
IND079-001587,2025-01-21,M3,dia,85,1,7.2,42.2,2.59,0,0,0
IND079-001588,2025-01-21,M4,dia,733,11,6.7,0.8,4.66,0,0,0
IND079-001589,2025-01-21,M5,dia,798,21,6.6,17.2,2.68,1,0,0
IND079-001590,2025-01-22,M6,dia,685,25,3.2,52.9,3.15,0,0,0
IND079-001591,2025-01-22,M1,noche,402,6,6.4,1.3,2.24,1,0,0
IND079-001592,2025-01-22,M2,noche,341,6,4.2,10.8,0.99,0,0,0
IND079-001593,2025-01-22,M3,noche,788,15,3.8,0.7,2.06,0,0,0
IND079-001594,2025-01-23,M4,noche,770,25,7.4,14.5,3.78,0,0,0
IND079-001595,2025-01-23,M5,noche,766,31,7.6,30.2,2.35,0,0,0
IND079-001596,2025-01-23,M6,noche,390,16,4.4,14.7,3.21,0,0,0
IND079-001597,2025-01-23,M1,dia,189,3,5.2,36.3,2.92,0,0,0
IND079-001598,2025-01-24,M2,dia,231,5,7.0,7.5,2.4,0,1,2095.03
IND079-001599,2025-01-24,M3,dia,97,3,6.0,35.8,5.33,0,0,0
IND079-001600,2025-01-24,M4,dia,356,14,5.5,19.8,4.44,0,0,0
IND079-001601,2025-01-24,M5,dia,284,11,3.1,12.7,4.09,0,0,0
IND079-001602,2025-01-25,M6,dia,229,11,6.2,6.9,2.97,0,0,0
IND079-001603,2025-01-25,M1,noche,221,2,7.5,47.6,0.46,0,0,0
IND079-001604,2025-01-25,M2,noche,618,14,4.0,0.4,2.67,0,1,1885.37
IND079-001605,2025-01-25,M3,noche,219,7,3.5,4.8,2.48,0,0,0
IND079-001606,2025-01-26,M4,noche,508,19,3.1,33.1,2.76,0,0,0
IND079-001607,2025-01-26,M5,noche,770,25,4.9,3.9,2.94,0,0,0
IND079-001608,2025-01-26,M6,noche,772,30,7.7,0.5,3.76,0,0,0
IND079-001609,2025-01-26,M1,dia,326,11,4.7,20.7,3.01,0,0,0
IND079-001610,2025-01-27,M2,dia,222,6,5.8,10.6,5.15,0,1,811.0
IND079-001611,2025-01-27,M3,dia,198,4,4.5,12.1,3.12,0,0,0
IND079-001612,2025-01-27,M4,dia,548,20,6.8,10.8,4.17,0,0,0
IND079-001613,2025-01-27,M5,dia,454,11,6.1,38.1,4.23,0,0,0
IND079-001614,2025-01-28,M6,dia,544,22,5.3,0.6,4.26,0,0,0
IND079-001615,2025-01-28,M1,noche,165,5,4.9,8.6,1.17,0,0,0
IND079-001616,2025-01-28,M2,noche,418,9,3.6,0.5,3.53,0,1,2951.89
IND079-001617,2025-01-28,M3,noche,624,15,4.1,4.0,3.47,0,0,0
IND079-001618,2025-01-29,M4,noche,786,10,6.2,6.9,2.25,0,0,0
IND079-001619,2025-01-29,M5,noche,115,6,6.1,21.8,2.3,0,0,0
IND079-001620,2025-01-29,M6,noche,303,14,6.0,17.4,4.05,0,0,0
IND079-001621,2025-01-29,M1,dia,436,7,7.7,7.5,0.1,0,0,0
IND079-001622,2025-01-29,M2,dia,499,16,7.8,5.0,1.84,0,1,2833.84
IND079-001623,2025-01-30,M3,dia,214,5,3.6,19.0,5.48,0,0,0
IND079-001624,2025-01-30,M4,dia,301,7,6.3,7.7,3.96,0,0,0
IND079-001625,2025-01-30,M5,dia,132,2,7.7,10.7,3.63,0,0,0
IND079-001626,2025-01-30,M6,dia,710,36,5.0,10.5,4.44,0,0,0
IND079-001627,2025-01-31,M1,noche,465,6,7.2,26.3,4.25,0,0,0
IND079-001628,2025-01-31,M2,noche,692,10,3.9,5.7,3.72,0,0,0
IND079-001629,2025-01-31,M3,noche,126,2,3.4,1.2,1.93,1,0,0
IND079-001630,2025-01-31,M4,noche,128,6,6.1,5.9,3.56,1,0,0
IND079-001631,2025-02-01,M5,noche,118,8,7.7,10.8,4.85,0,0,0
IND079-001632,2025-02-01,M6,noche,198,5,3.5,78.9,4.41,0,0,0
IND079-001633,2025-02-01,M1,dia,285,5,5.8,19.7,3.04,0,0,0
IND079-001634,2025-02-01,M2,dia,226,4,3.6,4.9,2.4,0,0,0
IND079-001635,2025-02-02,M3,dia,545,14,5.7,35.6,2.99,0,0,0
IND079-001636,2025-02-02,M4,dia,576,20,3.0,12.0,3.29,0,0,0
IND079-001637,2025-02-02,M5,dia,251,7,3.5,5.5,2.29,0,0,0
IND079-001638,2025-02-02,M6,dia,327,13,5.5,1.9,3.55,0,0,0
IND079-001639,2025-02-03,M1,noche,321,2,8.0,15.0,2.17,0,0,0
IND079-001640,2025-02-03,M2,noche,252,2,4.0,10.6,3.01,1,0,0
IND079-001641,2025-02-03,M3,noche,309,10,6.6,8.1,4.63,0,0,0
IND079-001642,2025-02-03,M4,noche,494,15,7.7,2.5,2.42,0,0,0
IND079-001643,2025-02-04,M5,noche,200,2,6.6,30.6,3.01,0,0,0
IND079-001644,2025-02-04,M6,noche,195,10,7.9,7.8,3.55,1,0,0
IND079-001645,2025-02-04,M1,dia,596,8,6.1,6.1,2.2,0,0,0
IND079-001646,2025-02-04,M2,dia,195,5,6.5,5.2,1.98,0,0,0
IND079-001647,2025-02-05,M3,dia,110,3,6.7,19.7,3.67,1,0,0
IND079-001648,2025-02-05,M4,dia,334,13,6.7,24.2,3.38,0,0,0
IND079-001649,2025-02-05,M5,dia,279,14,7.8,25.4,3.1,0,0,0
IND079-001650,2025-02-05,M6, DIA ,135,6,6.3,34.7,4.23,0,0,0
IND079-001651,2025-02-06,M1,noche,338,7,6.6,13.9,1.92,0,0,0
IND079-001652,2025-02-06,M2,noche,384,17,7.7,21.7,2.71,0,0,0
IND079-001653,2025-02-06,M3,noche,367,9,4.6,7.0,4.81,1,0,0
IND079-001654,2025-02-06,M4,noche,500,18,3.4,1.3,1.63,0,0,0
IND079-001655,2025-02-07,M5,noche,131,4,4.8,9.8,4.24,0,0,0
IND079-001656,2025-02-07,M6,noche,83,3,4.0,7.5,3.22,0,0,0
IND079-001657,2025-02-07,M1,dia,293,6,6.5,18.3,1.83,0,0,0
IND079-001658,2025-02-07,M2,dia,588,18,5.8,59.3,3.27,0,0,0
IND079-001659,2025-02-07,M3,dia,364,11,7.8,15.2,4.7,0,0,0
IND079-001660,2025-02-08,M4,dia,518,19,5.7,2.0,2.93,0,0,0
IND079-001661,2025-02-08,M5,dia,545,19,6.7,4.4,,0,0,0
IND079-001662,2025-02-08,M6,dia,427,25,6.8,38.0,7.04,1,0,0
IND079-001663,2025-02-08,M1,noche,456,8,4.7,61.3,2.19,0,0,0
IND079-001664,2025-02-09,M2,noche,281,7,4.1,49.4,3.32,1,0,0
IND079-001665,2025-02-09,M3,noche,103,4,7.7,11.4,4.23,0,0,0
IND079-001666,2025-02-09,M4,noche,243,12,3.3,4.2,2.13,1,0,0
IND079-001667,2025-02-09,M5,noche,103,8,7.0,21.6,3.88,0,0,0
IND079-001668,2025-02-10,M6,noche,235,9,3.5,8.0,3.79,0,0,0
IND079-001669,2025-02-10,M1,dia,142,3,6.1,2.7,3.68,0,0,0
IND079-001670,2025-02-10,M2,dia,719,20,3.1,9.9,2.18,1,0,0
IND079-001671,2025-02-10,M3,dia,772,32,4.2,3.7,3.96,0,0,0
IND079-001672,2025-02-11,M4,dia,110,4,4.1,26.4,3.15,0,0,0
IND079-001673,2025-02-11,M5,dia,777,27,6.7,7.3,3.11,1,0,0
IND079-001674,2025-02-11,M6,dia,608,26,5.1,5.6,4.66,0,0,0
IND079-001675,2025-02-11,M1,noche,628,15,6.2,5.0,3.21,0,0,0
IND079-001676,2025-02-12,M2,noche,798,25,3.8,44.2,2.85,0,0,0
IND079-001677,2025-02-12,M3,noche,627,19,5.4,26.4,2.47,1,0,0
IND079-001678,2025-02-12,M4,noche,460,20,4.8,33.4,4.64,1,0,0
IND079-001679,2025-02-12,M5,noche,543,16,6.7,10.9,2.28,0,0,0
IND079-001680,2025-02-13,M6,noche,636,31,4.3,4.2,4.82,0,0,0
IND079-001681,2025-02-13,M1,dia,585,17,5.2,2.1,3.42,0,0,0
IND079-001682,2025-02-13,M2,dia,563,15,4.2,13.4,3.15,0,0,0
IND079-001683,2025-02-13,M3,dia,368,11,5.5,24.9,4.12,0,0,0
IND079-001684,2025-02-14,M4,dia,237,16,4.3,9.4,5.09,1,0,0
IND079-001685,2025-02-14,M5,dia,508,12,7.8,1.9,3.42,0,0,0
IND079-001686,2025-02-14,M6,dia,177,9,5.8,11.2,3.27,1,0,0
IND079-001687,2025-02-14,M1,noche,707,22,4.1,61.6,2.83,0,0,0
IND079-001688,2025-02-15,M2,noche,307,14,6.8,11.6,3.59,0,0,0
IND079-001689,2025-02-15,M3,noche,538,21,6.5,15.8,"2,0",0,0,0
IND079-001690,2025-02-15,M4,noche,643,27,6.4,24.2,3.12,0,0,0
IND079-001691,2025-02-15,M5,noche,537,14,4.9,31.2,2.55,0,0,0
IND079-001692,2025-02-16,M6,noche,324,10,6.5,28.2,3.78,0,0,0
IND079-001693,2025-02-16,M1,dia,725,15,5.8,11.5,4.05,0,0,0
IND079-001694,2025-02-16,M2,dia,644,18,4.2,3.1,3.52,0,0,0
IND079-001695,2025-02-16,M3,dia,617,17,6.7,3.5,5.06,0,0,0
IND079-001696,2025-02-17,M4,dia,442,21,3.6,15.8,2.4,1,0,0
IND079-001697,2025-02-17,M5,dia,290,11,6.9,14.3,2.95,0,0,0
IND079-001698,2025-02-17,M6,dia,257,8,8.0,24.1,5.48,0,0,0
IND079-001699,2025-02-17,M1,noche,166,3,6.1,24.6,2.73,0,0,0
IND079-001700,2025-02-17,M2,noche,335,9,5.2,14.2,2.21,1,0,0
IND079-001701,2025-02-18,M3,noche,444,14,4.9,12.3,4.2,0,0,0
IND079-001702,2025-02-18,M4,noche,175,9,4.7,12.5,4.42,0,0,0
IND079-001703,2025-02-18,M5,noche,417,13,5.5,4.7,3.36,1,0,0
IND079-001704,2025-02-18,M6,noche,230,8,4.5,3.2,2.39,1,0,0
IND079-001705,2025-02-19,M1,dia,704,18,5.6,5.7,3.08,0,0,0
IND079-001706,2025-02-19,M2,dia,723,28,7.9,11.4,2.9,0,0,0
IND079-001707,2025-02-19,M3,dia,698,16,6.0,5.2,3.38,1,0,0
IND079-001708,2025-02-19,M4,dia,659,32,6.4,3.5,5.53,0,1,1728.77
IND079-001709,2025-02-20,M5,dia,219,5,5.3,3.6,3.46,0,1,2622.8
IND079-001710,2025-02-20,M6,dia,702,24,3.7,21.9,4.07,0,0,0
IND079-001711,2025-02-20,M1,noche,732,13,6.1,20.3,2.35,0,0,0
IND079-001712,2025-02-20,M2,noche,318,11,7.8,79.4,1.9,0,0,0
IND079-001713,2025-02-21,M3,noche,501,21,3.9,1.7,3.82,1,0,0
IND079-001714,2025-02-21,M4,noche,604,25,6.0,7.4,4.39,1,1,2313.04
IND079-001715,2025-02-21,M5,noche,718,31,4.7,8.3,6.08,0,1,2620.19
IND079-001716,2025-02-21,M6,noche,183,7,5.6,19.5,1.97,1,0,0
IND079-001717,2025-02-22,M1,dia,692,23,3.4,61.7,2.87,1,0,0
IND079-001718,2025-02-22,M2,dia,572,19,5.6,8.2,4.5,0,0,0
IND079-001719,2025-02-22,M3,dia,395,12,6.1,4.6,4.02,0,0,0
IND079-001720,2025-02-22,M4,dia,792,32,6.9,22.8,4.65,0,1,2649.83
IND079-001721,2025-02-23,M5,dia,432,12,7.4,10.0,4.46,0,1,2338.84
IND079-001722,2025-02-23,M6,dia,473,23,5.2,5.9,3.99,0,0,0
IND079-001723,2025-02-23,M1,noche,210,9,6.5,9.2,3.17,0,0,0
IND079-001724,2025-02-23,M2,noche,449,17,6.0,3.3,3.95,0,0,0
IND079-001725,2025-02-24,M3,noche,305,9,6.5,32.4,3.75,0,0,0
IND079-001726,2025-02-24,M4,noche,191,5,7.7,25.8,5.36,0,1,2124.45
IND079-001727,2025-02-24,M5,noche,559,23,5.5,14.0,6.23,1,1,1243.87
IND079-001728,2025-02-24,M6,noche,128,6,4.5,3.5,3.65,0,0,0
IND079-001729,2025-02-25,M1,dia,639,12,6.6,27.3,2.29,0,0,0
IND079-001730,2025-02-25,M2,dia,144,6,6.0,9.3,4.35,0,0,0
IND079-001731,2025-02-25,M3,dia,363,12,3.2,24.9,2.75,0,0,0
IND079-001732,2025-02-25,M4,dia,438,17,6.8,10.1,5.51,0,1,2429.71
IND079-001733,2025-02-26,M5,dia,735,29,6.2,2.9,2.69,0,0,0
IND079-001734,2025-02-26,M6,dia,176,7,5.1,5.6,6.13,0,0,0
IND079-001735,2025-02-26,M1,noche,654,15,5.6,50.2,3.18,1,0,0
IND079-001736,2025-02-26,M2,noche,649,28,6.3,0.8,2.77,0,0,0
IND079-001737,2025-02-27,M3,noche,270,3,7.2,3.4,2.16,1,0,0
IND079-001738,2025-02-27,M4,noche,531,24,3.4,1.0,4.1,0,0,0
IND079-001739,2025-02-27,M5,noche,203,6,7.8,12.3,2.45,0,0,0
IND079-001740,2025-02-27,M6,noche,629,31,5.0,4.8,4.29,0,0,0
IND079-001741,2025-02-27,M1,dia,465,13,4.6,31.9,3.69,0,0,0
IND079-001742,2025-02-28,M2,dia,748,24,6.3,5.5,2.21,0,0,0
IND079-001743,2025-02-28,M3,dia,135,3,7.7,2.2,4.83,1,0,0
IND079-001744,2025-02-28,M4,dia,571,23,7.0,9.3,,0,0,0
IND079-001745,2025-02-28,M5,dia,479,22,4.5,20.7,0.98,0,0,0
IND079-001746,2025-03-01,M6,dia,392,25,5.4,74.4,4.63,0,0,0
IND079-001747,2025-03-01,M1, NOCHE ,435,6,3.9,9.8,1.95,0,0,0
IND079-001748,2025-03-01,M2,noche,473,16,7.4,15.1,2.84,0,0,0
IND079-001749,2025-03-01,M3,noche,110,5,7.6,1.5,3.68,0,0,0
IND079-001750,2025-03-02,M4,noche,554,12,6.4,9.8,3.46,0,0,0
IND079-001751,2025-03-02,M5,noche,93,8,4.2,1.8,2.41,0,0,0
IND079-001752,2025-03-02,M6,noche,596,31,7.5,2.1,4.69,0,0,0
IND079-001753,2025-03-02,M1,dia,255,10,3.7,10.0,3.36,0,0,0
IND079-001754,2025-03-03,M2,dia,606,22,6.5,14.7,3.48,1,0,0
IND079-001755,2025-03-03,M3,dia,305,16,3.2,12.7,2.59,0,0,0
IND079-001756,2025-03-03,M4,dia,239,9,6.5,0.1,2.78,0,0,0
IND079-001757,2025-03-03,M5,dia,272,12,7.0,44.9,1.31,0,0,0
IND079-001758,2025-03-04,M6,dia,626,24,7.7,16.8,3.36,0,0,0
IND079-001759,2025-03-04,M1,noche,681,18,5.3,21.6,0.91,0,0,0
IND079-001760,2025-03-04,M2,noche,637,27,5.5,18.3,2.25,0,0,0
IND079-001761,2025-03-04,M3,noche,444,13,7.7,5.9,1.18,0,0,0
IND079-001762,2025-03-05,M4,noche,98,4,5.9,20.4,5.34,0,1,1845.37
IND079-001763,2025-03-05,M5,noche,721,27,6.9,37.3,2.7,0,0,0
IND079-001764,2025-03-05,M6,noche,646,44,3.3,3.6,3.71,0,0,0
IND079-001765,2025-03-05,M1,dia,347,14,3.7,11.6,4.98,0,0,0
IND079-001766,2025-03-06,M2,dia,779,25,7.7,14.1,3.66,0,0,0
IND079-001767,2025-03-06,M3,dia,241,5,3.7,50.8,4.48,0,0,0
IND079-001768,2025-03-06,M4,dia,126,6,6.3,27.0,5.79,0,1,615.6
IND079-001769,2025-03-06,M5,dia,233,7,3.7,20.1,3.97,1,0,0
IND079-001770,2025-03-07,M6,dia,362,12,4.5,15.1,5.33,0,0,0
IND079-001771,2025-03-07,M1,noche,767,18,6.4,54.9,2.81,0,0,0
IND079-001772,2025-03-07,M2,noche,303,11,7.5,5.2,3.53,0,0,0
IND079-001773,2025-03-07,M3,noche,544,16,7.1,1.0,2.46,0,0,0
IND079-001774,2025-03-08,M4,noche,374,19,6.7,23.0,5.16,1,1,1963.26
IND079-001775,2025-03-08,M5,noche,101,5,5.8,46.5,2.86,0,0,0
IND079-001776,2025-03-08,M6,noche,337,14,4.8,4.7,3.08,0,0,0
IND079-001777,2025-03-08,M1,dia,406,5,4.4,8.1,1.43,1,0,0
IND079-001778,2025-03-08,M2,dia,342,12,7.4,10.2,2.93,0,0,0
IND079-001779,2025-03-09,M3,dia,409,18,7.9,4.0,2.73,0,0,0
IND079-001780,2025-03-09,M4,dia,654,26,7.5,1.7,4.69,1,1,2737.19
IND079-001781,2025-03-09,M5,dia,523,15,5.7,0.2,3.27,1,0,0
IND079-001782,2025-03-09,M6,dia,169,15,6.5,7.5,5.02,0,0,0
IND079-001783,2025-03-10,M1,noche,195,2,6.7,30.4,4.16,0,0,0
IND079-001784,2025-03-10,M2,noche,197,5,7.3,5.0,2.84,1,0,0
IND079-001785,2025-03-10,M3,noche,155,3,7.3,15.9,2.8,0,0,0
IND079-001786,2025-03-10,M4,noche,344,12,4.8,3.4,4.66,0,1,2495.0
IND079-001787,2025-03-11,M5,noche,772,25,6.3,7.5,5.13,0,0,0
IND079-001788,2025-03-11,M6,noche,497,25,4.1,27.5,3.95,0,0,0
IND079-001789,2025-03-11,M1,dia,407,8,5.7,9.7,1.46,0,0,0
IND079-001790,2025-03-11,M2,dia,677,25,3.5,22.5,4.31,0,0,0
IND079-001791,2025-03-12,M3,dia,501,17,4.4,29.0,5.72,0,0,0
IND079-001792,2025-03-12,M4,dia,277,14,3.3,1.4,3.71,0,0,0
IND079-001793,2025-03-12,M5,dia,154,6,7.0,4.8,3.46,0,0,0
IND079-001794,2025-03-12,M6,dia,736,39,6.5,4.6,3.77,1,0,0
IND079-001795,2025-03-13,M1,noche,261,7,6.0,19.2,1.75,0,0,0
IND079-001796,2025-03-13,M2,noche,325,14,8.0,5.4,3.15,1,0,0
IND079-001797,2025-03-13,M3,noche,222,6,3.6,0.2,2.08,0,0,0
IND079-001798,2025-03-13,M4,noche,757,27,3.6,14.9,3.8,0,0,0
IND079-001799,2025-03-14,M5,noche,216,4,7.7,18.9,3.54,0,0,0
IND079-001800,2025-03-14,M6,noche,667,26,5.1,2.8,3.3,0,0,0
IND079-001801,2025-03-14,M1,dia,572,9,6.6,24.2,2.02,0,0,0
IND079-001802,2025-03-14,M2,dia,486,10,4.9,2.8,1.88,0,0,0
IND079-001803,2025-03-15,M3,dia,367,7,7.4,23.3,3.1,1,0,0
IND079-001804,2025-03-15,M4,dia,683,31,4.4,4.2,4.91,1,0,0
IND079-001805,2025-03-15,M5,dia,219,4,3.5,5.3,4.35,1,0,0
IND079-001806,2025-03-15,M6,dia,215,9,3.1,11.9,3.13,0,0,0
IND079-001807,2025-03-16,M1,noche,674,8,5.6,11.1,2.2,0,0,0
IND079-001808,2025-03-16,M2,noche,532,20,3.1,11.4,2.99,0,0,0
IND079-001809,2025-03-16,M3,noche,584,21,7.2,40.2,4.18,0,0,0
IND079-001810,2025-03-16,M4,noche,299,7,4.2,2.6,2.12,0,0,0
IND079-001811,2025-03-17,M5,noche,587,25,7.9,64.2,3.24,1,0,0
IND079-001812,2025-03-17,M6,noche,727,35,3.4,14.4,3.19,0,0,0
IND079-001813,2025-03-17,M1,dia,606,10,4.9,54.8,1.97,0,0,0
IND079-001814,2025-03-17,M2,dia,100,1,5.6,6.7,2.76,1,0,0
IND079-001815,2025-03-18,M3,dia,502,14,6.8,27.2,3.44,0,0,0
IND079-001816,2025-03-18,M4,dia,267,16,6.5,5.0,2.95,0,0,0
IND079-001817,2025-03-18,M5,dia,652,20,7.2,14.9,4.53,0,0,0
IND079-001818,2025-03-18,M6,dia,379,15,5.3,18.7,3.73,1,0,0
IND079-001819,2025-03-18,M1,noche,564,9,3.7,16.5,3.02,1,0,0
IND079-001820,2025-03-19,M2,noche,603,27,6.9,26.8,4.37,1,0,0
IND079-001821,2025-03-19,M3,noche,685,14,7.6,66.4,2.9,0,0,0
IND079-001822,2025-03-19,M4,noche,529,24,6.5,28.1,3.24,0,0,0
IND079-001823,2025-03-19,M5,noche,615,23,3.0,4.1,3.8,0,0,0
IND079-001824,2025-03-20,M6,noche,579,25,7.0,31.4,3.12,0,0,0
IND079-001825,2025-03-20,M1,dia,338,8,5.6,8.8,3.06,0,0,0
IND079-001826,2025-03-20,M2,dia,744,29,5.5,29.5,1.14,0,0,0
IND079-001827,2025-03-20,M3,dia,696,13,7.7,30.5,,0,1,724.75
IND079-001828,2025-03-21,M4,dia,742,29,4.4,2.2,3.13,0,0,0
IND079-001829,2025-03-21,M5,dia,232,10,3.5,11.5,3.49,0,0,0
IND079-001830,2025-03-21,M6,dia,228,14,6.5,6.5,3.26,0,0,0
IND079-001831,2025-03-21,M1,noche,778,19,3.9,32.6,1.85,0,0,0
IND079-001832,2025-03-22,M2,noche,781,25,5.4,0.5,2.35,0,0,0
IND079-001833,2025-03-22,M3,noche,487,17,5.6,2.5,4.24,0,1,369.6
IND079-001834,2025-03-22,M4,noche,495,17,7.0,1.1,1.59,0,0,0
IND079-001835,2025-03-22,M5,noche,412,17,3.4,28.7,3.25,0,0,0
IND079-001836,2025-03-23,M6,noche,392,19,3.2,6.1,3.02,0,0,0
IND079-001837,2025-03-23,M1,dia,393,13,3.9,9.8,1.98,1,0,0
IND079-001838,2025-03-23,M2,dia,620,21,6.4,36.1,2.77,0,0,0
IND079-001839,2025-03-23,M3,dia,694,11,5.8,9.2,5.76,0,1,2548.29
IND079-001840,2025-03-24,M4,dia,788,23,5.0,0.6,3.21,0,0,0
IND079-001841,2025-03-24,M5,dia,431,15,6.7,6.2,2.75,0,0,0
IND079-001842,2025-03-24,M6,dia,111,6,5.1,14.2,6.04,0,0,0
IND079-001843,2025-03-24,M1,noche,312,8,6.2,16.4,3.44,0,0,0
IND079-001844,2025-03-25,M2, NOCHE ,411,14,6.2,7.1,5.16,0,0,0
IND079-001845,2025-03-25,M3,noche,743,19,3.6,4.6,4.4,0,1,742.68
IND079-001846,2025-03-25,M4,noche,741,28,7.0,8.3,2.09,1,0,0
IND079-001847,2025-03-25,M5,noche,514,19,7.8,15.4,4.3,0,0,0
IND079-001848,2025-03-26,M6,noche,524,15,4.3,31.0,3.87,0,0,0
IND079-001849,2025-03-26,M1,dia,735,23,4.6,14.1,3.93,0,0,0
IND079-001850,2025-03-26,M2,dia,93,3,5.2,61.9,2.75,0,0,0
IND079-001851,2025-03-26,M3,dia,446,9,5.0,0.8,5.33,0,1,1726.99
IND079-001852,2025-03-27,M4,dia,136,5,5.5,2.1,4.83,0,0,0
IND079-001853,2025-03-27,M5,dia,442,13,3.0,38.1,2.67,0,0,0
IND079-001854,2025-03-27,M6,dia,622,31,6.6,37.0,5.7,0,0,0
IND079-001855,2025-03-27,M1,noche,775,20,3.7,9.5,2.74,0,0,0
IND079-001856,2025-03-28,M2,noche,426,14,5.2,19.1,3.33,0,0,0
IND079-001857,2025-03-28,M3,noche,551,9,3.9,35.7,2.17,1,0,0
IND079-001858,2025-03-28,M4,noche,430,16,3.4,7.1,5.13,0,0,0
IND079-001859,2025-03-28,M5,noche,284,7,7.5,54.2,2.69,1,0,0
IND079-001860,2025-03-28,M6,noche,285,8,3.3,4.7,3.68,1,0,0
IND079-001861,2025-03-29,M1,dia,92,3,3.4,20.2,2.72,0,0,0
IND079-001862,2025-03-29,M2,dia,741,25,5.5,19.2,4.05,1,0,0
IND079-001863,2025-03-29,M3,dia,206,6,3.1,39.6,2.01,0,0,0
IND079-001864,2025-03-29,M4,dia,136,6,6.4,10.1,3.78,1,0,0
IND079-001865,2025-03-30,M5,dia,795,38,7.4,51.8,2.91,0,0,0
IND079-001866,2025-03-30,M6,dia,98,4,5.5,42.1,3.15,1,0,0
IND079-001867,2025-03-30,M1,noche,87,3,5.4,29.7,2.99,0,0,0
IND079-001868,2025-03-30,M2,noche,356,9,3.7,45.3,1.75,0,0,0
IND079-001869,2025-03-31,M3,noche,266,4,3.9,16.1,2.05,1,0,0
IND079-001870,2025-03-31,M4,noche,769,22,7.2,7.5,3.56,0,0,0
IND079-001871,2025-03-31,M5,noche,198,10,3.9,33.2,3.42,0,0,0
IND079-001872,2025-03-31,M6,noche,125,5,7.6,31.2,3.95,0,0,0
IND079-001873,2025-04-01,M1,dia,114,4,5.6,7.4,1.61,0,0,0
IND079-001874,2025-04-01,M2,dia,520,18,6.1,8.9,2.05,0,0,0
IND079-001875,2025-04-01,M3,dia,624,20,3.1,18.5,3.05,0,0,0
IND079-001876,2025-04-01,M4,dia,105,4,4.1,17.3,4.86,0,0,0
IND079-001877,2025-04-02,M5,dia,505,18,7.6,5.0,4.19,0,0,0
IND079-001878,2025-04-02,M6,dia,354,19,4.1,16.2,3.98,0,0,0
IND079-001879,2025-04-02,M1,noche,763,19,3.3,1.9,1.3,1,0,0
IND079-001880,2025-04-02,M2,noche,147,5,3.4,16.3,2.7,0,0,0
IND079-001881,2025-04-03,M3,noche,264,7,6.3,36.0,3.03,0,0,0
IND079-001882,2025-04-03,M4,noche,352,13,5.4,8.9,4.2,0,0,0
IND079-001883,2025-04-03,M5,noche,469,17,4.0,57.3,4.39,0,0,0
IND079-001884,2025-04-03,M6,noche,321,11,6.1,42.0,1.85,1,0,0
IND079-001885,2025-04-04,M1,dia,329,10,5.4,57.8,1.88,0,0,0
IND079-001886,2025-04-04,M2,dia,415,16,5.9,1.8,4.24,1,0,0
IND079-001887,2025-04-04,M3,dia,240,10,5.1,1.3,2.83,0,0,0
IND079-001888,2025-04-04,M4,dia,562,27,5.5,16.6,2.73,0,0,0
IND079-001889,2025-04-05,M5,dia,630,23,4.4,1.0,4.43,0,0,0
IND079-001890,2025-04-05,M6,dia,737,25,4.7,5.5,4.68,0,0,0
IND079-001891,2025-04-05,M1,noche,211,3,3.1,2.8,2.66,0,0,0
IND079-001892,2025-04-05,M2,noche,452,14,3.6,3.2,0.87,0,0,0
IND079-001893,2025-04-06,M3,noche,465,9,4.9,0.4,3.0,0,0,0
IND079-001894,2025-04-06,M4,noche,718,21,7.8,18.6,4.54,0,0,0
IND079-001895,2025-04-06,M5,noche,307,10,3.7,17.2,3.88,0,0,0
IND079-001896,2025-04-06,M6,noche,131,5,7.1,49.7,2.69,0,0,0
IND079-001897,2025-04-06,M1,dia,548,12,3.3,1.8,1.67,0,0,0
IND079-001898,2025-04-07,M2,dia,361,20,7.9,22.8,1.94,0,0,0
IND079-001899,2025-04-07,M3,dia,237,6,3.4,6.1,5.35,1,0,0
IND079-001900,2025-04-07,M4,dia,184,5,7.8,2.8,"6,64",0,1,796.66
IND079-001901,2025-04-07,M5,dia,212,10,4.4,1.7,3.75,0,0,0
IND079-001902,2025-04-08,M6,dia,309,15,7.4,15.6,3.9,1,0,0
IND079-001903,2025-04-08,M1,noche,195,7,5.5,1.1,3.64,0,0,0
IND079-001904,2025-04-08,M2,noche,648,20,4.1,12.1,3.36,0,0,0
IND079-001905,2025-04-08,M3,noche,309,13,5.5,9.7,4.09,0,0,0
IND079-001906,2025-04-09,M4,noche,615,27,7.2,2.0,4.36,0,1,2757.71
IND079-001907,2025-04-09,M5,noche,425,17,3.8,6.5,3.96,1,0,0
IND079-001908,2025-04-09,M6,noche,154,11,5.4,15.8,3.29,1,0,0
IND079-001909,2025-04-09,M1,dia,701,17,7.2,3.0,4.64,0,0,0
IND079-001910,2025-04-10,M2,dia,80,2,4.3,20.3,,0,0,0
IND079-001911,2025-04-10,M3,dia,110,3,6.9,14.9,3.36,0,0,0
IND079-001912,2025-04-10,M4,dia,710,23,5.0,27.4,5.55,1,1,1563.1
IND079-001913,2025-04-10,M5,dia,640,27,7.6,10.9,2.89,0,0,0
IND079-001914,2025-04-11,M6,dia,315,20,7.0,12.0,3.64,0,0,0
IND079-001915,2025-04-11,M1,noche,203,6,7.6,7.8,3.6,0,0,0
IND079-001916,2025-04-11,M2,noche,502,14,3.1,25.1,3.26,1,0,0
IND079-001917,2025-04-11,M3,noche,300,5,6.0,8.7,2.63,0,0,0
IND079-001918,2025-04-12,M4,noche,495,20,7.0,5.7,5.03,0,1,2461.04
IND079-001919,2025-04-12,M5,noche,282,9,4.3,5.2,3.03,0,0,0
IND079-001920,2025-04-12,M6,noche,350,14,7.0,51.1,4.23,0,0,0
IND079-001921,2025-04-12,M1,dia,719,26,4.8,30.3,3.39,0,0,0
IND079-001922,2025-04-13,M2,dia,419,22,6.0,17.8,2.86,0,0,0
IND079-001923,2025-04-13,M3,dia,403,12,6.7,12.6,4.48,0,0,0
IND079-001924,2025-04-13,M4,dia,125,4,7.6,8.2,3.39,1,1,924.82
IND079-001925,2025-04-13,M5,dia,97,4,7.7,0.5,4.83,0,0,0
IND079-001926,2025-04-14,M6,dia,409,23,7.1,17.3,4.28,0,0,0
IND079-001927,2025-04-14,M1,noche,442,11,3.8,29.8,3.1,1,0,0
IND079-001928,2025-04-14,M2,noche,99,1,3.6,11.0,0.83,0,0,0
IND079-001929,2025-04-14,M3,noche,610,19,5.8,30.9,2.96,1,0,0
IND079-001930,2025-04-15,M4,noche,365,16,7.9,2.0,3.11,0,0,0
IND079-001931,2025-04-15,M5,noche,194,7,6.5,30.2,2.77,0,0,0
IND079-001932,2025-04-15,M6,noche,236,12,5.9,5.6,4.18,1,0,0
IND079-001933,2025-04-15,M1,dia,182,3,6.2,30.0,3.65,0,0,0
IND079-001934,2025-04-16,M2,dia,675,21,3.6,10.4,2.49,1,0,0
IND079-001935,2025-04-16,M3,dia,608,15,3.5,19.1,2.93,0,0,0
IND079-001936,2025-04-16,M4,dia,214,6,5.6,1.8,2.65,1,0,0
IND079-001937,2025-04-16,M5,dia,227,5,7.6,14.4,5.7,0,1,1615.65
IND079-001938,2025-04-16,M6,dia,472,30,7.1,15.0,3.95,0,0,0
IND079-001939,2025-04-17,M1,noche,616,13,6.2,11.7,3.11,0,0,0
IND079-001940,2025-04-17,M2,noche,778,16,7.8,25.6,3.34,0,0,0
IND079-001941,2025-04-17,M3, NOCHE ,599,17,4.2,4.6,2.45,0,0,0
IND079-001942,2025-04-17,M4,noche,591,21,3.3,8.4,3.73,0,0,0
IND079-001943,2025-04-18,M5,noche,248,8,3.9,5.7,5.71,0,1,2420.59
IND079-001944,2025-04-18,M6,noche,472,22,7.8,16.8,3.62,0,0,0
IND079-001945,2025-04-18,M1,dia,478,10,6.2,27.2,2.23,0,0,0
IND079-001946,2025-04-18,M2,dia,374,18,3.2,73.7,2.47,0,0,0
IND079-001947,2025-04-19,M3,dia,531,20,4.0,16.7,2.66,1,0,0
IND079-001948,2025-04-19,M4,dia,734,31,3.7,1.0,4.5,0,0,0
IND079-001949,2025-04-19,M5,dia,537,24,3.7,0.0,5.52,1,1,1571.96
IND079-001950,2025-04-19,M6,dia,128,4,7.6,0.8,3.58,0,0,0
IND079-001951,2025-04-20,M1,noche,425,13,3.4,9.6,0.42,0,0,0
IND079-001952,2025-04-20,M2,noche,735,26,4.0,42.3,2.73,0,0,0
IND079-001953,2025-04-20,M3,noche,443,12,4.2,31.1,2.24,0,0,0
IND079-001954,2025-04-20,M4,noche,80,7,7.4,3.9,2.39,0,0,0
IND079-001955,2025-04-21,M5,noche,358,13,4.9,26.2,5.47,0,1,2705.35
IND079-001956,2025-04-21,M6,noche,758,32,5.6,3.3,3.83,0,0,0
IND079-001957,2025-04-21,M1,dia,736,15,5.2,4.4,3.31,1,0,0
IND079-001958,2025-04-21,M2,dia,688,27,6.6,18.8,2.1,0,0,0
IND079-001959,2025-04-22,M3,dia,507,14,4.2,23.0,3.16,0,0,0
IND079-001960,2025-04-22,M4,dia,386,13,4.0,18.8,1.97,0,0,0
IND079-001961,2025-04-22,M5,dia,409,11,5.9,1.5,5.5,0,1,2233.33
IND079-001962,2025-04-22,M6,dia,669,29,6.9,49.9,4.2,1,0,0
IND079-001963,2025-04-23,M1,noche,318,3,7.7,25.7,2.61,0,0,0
IND079-001964,2025-04-23,M2,noche,634,31,7.7,61.4,3.09,0,1,2214.11
IND079-001965,2025-04-23,M3,noche,342,14,3.9,11.9,3.01,0,0,0
IND079-001966,2025-04-23,M4,noche,342,5,7.0,0.7,4.23,1,0,0
IND079-001967,2025-04-24,M5,noche,455,18,3.7,21.7,4.23,0,1,2289.32
IND079-001968,2025-04-24,M6,noche,358,19,3.1,11.0,4.19,0,0,0
IND079-001969,2025-04-24,M1,dia,503,8,7.3,2.8,0.87,1,0,0
IND079-001970,2025-04-24,M2,dia,543,20,7.0,6.3,5.04,0,1,2835.82
IND079-001971,2025-04-25,M3,dia,145,1,6.9,3.2,1.68,0,0,0
IND079-001972,2025-04-25,M4,dia,785,32,7.4,16.3,3.65,0,0,0
IND079-001973,2025-04-25,M5,dia,580,20,7.5,28.9,5.59,0,1,1593.77
IND079-001974,2025-04-25,M6,dia,751,41,5.3,29.5,5.11,0,0,0
IND079-001975,2025-04-25,M1,noche,347,4,6.7,10.5,4.36,1,0,0
IND079-001976,2025-04-26,M2,noche,678,24,5.3,8.3,2.96,0,1,2663.62
IND079-001977,2025-04-26,M3,noche,419,11,6.0,22.8,2.36,1,0,0
IND079-001978,2025-04-26,M4,noche,184,9,4.9,17.7,3.46,0,0,0
IND079-001979,2025-04-26,M5,noche,458,16,3.9,19.0,6.54,0,1,716.31
IND079-001980,2025-04-27,M6,noche,732,39,7.2,5.8,3.5,0,0,0
IND079-001981,2025-04-27,M1,dia,420,13,5.9,1.9,2.68,0,0,0
IND079-001982,2025-04-27,M2,dia,547,16,3.1,39.1,2.67,0,1,2381.32
IND079-001983,2025-04-27,M3,dia,170,4,6.8,18.0,3.23,1,0,0
IND079-001984,2025-04-28,M4,dia,172,6,6.4,14.2,1.67,0,0,0
IND079-001985,2025-04-28,M5,dia,350,10,6.6,40.2,6.06,1,0,0
IND079-001986,2025-04-28,M6,dia,241,7,6.4,7.8,4.37,0,0,0
IND079-001987,2025-04-28,M1,noche,651,9,3.0,8.6,0.53,0,0,0
IND079-001988,2025-04-29,M2,noche,649,25,4.6,8.1,5.27,0,1,2380.46
IND079-001989,2025-04-29,M3,noche,493,14,3.4,12.1,4.13,0,0,0
IND079-001990,2025-04-29,M4,noche,519,13,6.8,20.1,4.0,1,0,0
IND079-001991,2025-04-29,M5,noche,643,28,4.4,38.7,3.14,0,0,0
IND079-001992,2025-04-30,M6,noche,416,19,3.3,72.7,2.48,0,0,0
IND079-001993,2025-04-30,M1,dia,603,11,4.9,25.6,,0,0,0
IND079-001994,2025-04-30,M2,dia,428,18,6.7,8.8,3.49,0,0,0
IND079-001995,2025-04-30,M3,dia,692,28,3.2,9.0,2.99,1,0,0
IND079-001996,2025-05-01,M4,dia,120,8,6.0,0.6,5.04,0,0,0
IND079-001997,2025-05-01,M5,dia,316,11,6.2,19.4,2.85,0,0,0
IND079-001998,2025-05-01,M6,dia,166,5,3.5,10.2,4.19,0,0,0
IND079-001999,2025-05-01,M1,noche,214,8,4.4,0.7,4.49,1,0,0
IND079-002000,2025-05-02,M2,noche,354,17,5.8,27.8,1.73,0,0,0
IND079-002001,2025-05-02,M3,noche,393,8,3.4,29.0,3.39,0,0,0
IND079-002002,2025-05-02,M4,noche,311,13,6.3,25.8,5.75,0,0,0
IND079-002003,2025-05-02,M5,noche,531,20,6.7,23.6,4.98,1,0,0
IND079-002004,2025-05-03,M6,noche,771,48,6.6,1.0,5.39,0,0,0
IND079-002005,2025-05-03,M1,dia,678,14,5.9,5.8,1.85,0,0,0
IND079-002006,2025-05-03,M2,dia,624,26,3.5,9.3,4.01,0,0,0
IND079-002007,2025-05-03,M3,dia,631,17,3.8,3.8,3.32,0,0,0
IND079-002008,2025-05-04,M4,dia,724,21,5.6,3.7,3.96,0,0,0
IND079-002009,2025-05-04,M5,dia,470,13,4.1,38.3,2.96,0,0,0
IND079-002010,2025-05-04,M6,dia,98,2,4.7,37.5,3.97,0,0,0
IND079-002011,2025-05-04,M1,noche,131,3,3.1,1.8,3.52,0,0,0
IND079-002012,2025-05-05,M2,noche,454,15,7.9,0.4,2.39,0,0,0
IND079-002013,2025-05-05,M3,noche,425,9,6.7,19.2,3.71,0,0,0
IND079-002014,2025-05-05,M4,noche,448,23,6.7,13.4,3.91,0,0,0
IND079-002015,2025-05-05,M5,noche,676,22,4.6,0.2,5.0,0,0,0
IND079-002016,2025-05-05,M6,noche,312,18,5.0,9.1,2.5,0,0,0
IND079-002017,2025-05-06,M1,dia,582,11,3.3,9.6,4.66,0,0,0
IND079-002018,2025-05-06,M2,dia,299,14,5.5,0.4,0.73,1,0,0
IND079-002019,2025-05-06,M3,dia,664,18,4.5,18.6,1.59,0,0,0
IND079-002020,2025-05-06,M4,dia,489,19,5.9,19.5,1.3,0,0,0
IND079-002021,2025-05-07,M5,dia,543,20,5.1,8.8,3.4,0,0,0
IND079-002022,2025-05-07,M6,dia,753,32,5.3,2.9,4.6,0,0,0
IND079-002023,2025-05-07,M1,noche,184,3,6.7,66.2,3.11,0,0,0
IND079-002024,2025-05-07,M2,noche,423,10,7.4,3.0,1.13,0,0,0
IND079-002025,2025-05-08,M3,noche,656,17,3.3,7.8,1.63,1,0,0
IND079-002026,2025-05-08,M4,noche,237,6,4.0,30.7,3.82,1,0,0
IND079-002027,2025-05-08,M5,noche,316,15,6.7,7.7,3.96,0,0,0
IND079-002028,2025-05-08,M6,noche,779,35,3.4,0.1,3.23,0,0,0
IND079-002029,2025-05-09,M1,dia,673,19,5.6,11.7,1.53,1,0,0
IND079-002030,2025-05-09,M2,dia,719,18,7.9,7.3,2.38,0,0,0
IND079-002031,2025-05-09,M3,dia,722,23,7.3,81.1,3.46,0,0,0
IND079-002032,2025-05-09,M4,dia,283,7,5.3,27.8,1.26,0,0,0
IND079-002033,2025-05-10,M5,dia,690,34,3.7,19.9,3.77,0,0,0
IND079-002034,2025-05-10,M6,dia,358,17,7.0,23.9,3.93,0,0,0
IND079-002035,2025-05-10,M1,noche,260,8,6.6,24.9,1.12,0,0,0
IND079-002036,2025-05-10,M2,noche,349,9,5.9,9.4,3.06,0,0,0
IND079-002037,2025-05-11,M3,noche,656,16,4.4,17.3,1.81,1,0,0
IND079-002038,2025-05-11,M4, NOCHE ,477,25,4.9,19.7,2.28,0,0,0
IND079-002039,2025-05-11,M5,noche,559,22,5.8,4.3,4.54,1,0,0
IND079-002040,2025-05-11,M6,noche,205,8,6.5,28.1,4.07,0,0,0
IND079-002041,2025-05-12,M1,dia,713,22,6.8,5.3,2.8,1,0,0
IND079-002042,2025-05-12,M2,dia,502,19,3.5,10.6,1.94,0,0,0
IND079-002043,2025-05-12,M3,dia,430,6,6.2,4.5,5.91,0,0,0
IND079-002044,2025-05-12,M4,dia,352,12,7.9,20.4,4.18,0,0,0
IND079-002045,2025-05-13,M5,dia,383,16,3.1,21.0,3.71,0,0,0
IND079-002046,2025-05-13,M6,dia,454,25,7.0,4.0,4.27,0,0,0
IND079-002047,2025-05-13,M1,noche,653,17,4.2,5.7,1.94,0,0,0
IND079-002048,2025-05-13,M2,noche,318,12,7.1,3.9,3.62,0,0,0
IND079-002049,2025-05-14,M3,noche,259,10,6.4,1.5,3.36,0,0,0
IND079-002050,2025-05-14,M4,noche,138,4,5.4,0.2,3.87,0,0,0
IND079-002051,2025-05-14,M5,noche,751,27,5.8,9.2,3.56,0,0,0
IND079-002052,2025-05-14,M6,noche,735,35,4.3,23.5,3.43,0,0,0
IND079-002053,2025-05-15,M1,dia,584,15,7.8,14.4,3.24,0,0,0
IND079-002054,2025-05-15,M2,dia,318,9,6.2,12.2,3.98,0,0,0
IND079-002055,2025-05-15,M3,dia,643,19,4.5,3.6,1.52,0,0,0
IND079-002056,2025-05-15,M4,dia,110,6,6.8,0.3,3.65,0,0,0
IND079-002057,2025-05-15,M5,dia,297,8,4.2,8.8,4.24,0,0,0
IND079-002058,2025-05-16,M6,dia,339,16,5.8,30.8,4.33,0,0,0
IND079-002059,2025-05-16,M1,noche,184,4,7.7,0.1,0.1,0,0,0
IND079-002060,2025-05-16,M2,noche,156,5,5.9,15.7,1.97,1,0,0
IND079-002061,2025-05-16,M3,noche,651,22,4.1,17.3,4.35,0,0,0
IND079-002062,2025-05-17,M4,noche,316,11,5.0,60.0,3.52,0,0,0
IND079-002063,2025-05-17,M5,noche,174,1,5.5,8.2,2.73,0,0,0
IND079-002064,2025-05-17,M6,noche,481,18,6.3,43.1,4.86,0,0,0
IND079-002065,2025-05-17,M1,dia,206,2,3.4,4.0,0.9,0,0,0
IND079-002066,2025-05-18,M2,dia,250,12,5.5,4.3,1.43,0,0,0
IND079-002067,2025-05-18,M3,dia,704,18,3.9,1.2,3.33,0,0,0
IND079-002068,2025-05-18,M4,dia,385,16,4.9,19.9,2.69,0,0,0
IND079-002069,2025-05-18,M5,dia,490,12,4.6,9.5,2.73,1,0,0
IND079-002070,2025-05-19,M6,dia,507,22,7.4,1.3,1.43,0,0,0
IND079-002071,2025-05-19,M1,noche,471,4,6.7,7.2,3.16,0,0,0
IND079-002072,2025-05-19,M2,noche,644,15,6.6,4.2,2.9,0,0,0
IND079-002073,2025-05-19,M3,noche,138,6,7.5,15.1,4.08,0,0,0
IND079-002074,2025-05-20,M4,noche,125,4,7.4,15.6,3.3,0,0,0
IND079-002075,2025-05-20,M5,noche,740,25,7.1,13.2,4.77,0,0,0
IND079-002076,2025-05-20,M6,noche,567,31,4.7,2.2,,0,0,0
IND079-002077,2025-05-20,M1,dia,714,22,6.6,18.1,1.85,0,0,0
IND079-002078,2025-05-21,M2,dia,342,10,5.3,15.8,3.43,1,0,0
IND079-002079,2025-05-21,M3,dia,508,13,4.2,17.1,1.52,0,0,0
IND079-002080,2025-05-21,M4,dia,608,29,3.3,4.7,4.49,0,0,0
IND079-002081,2025-05-21,M5,dia,577,14,7.3,9.1,2.26,0,0,0
IND079-002082,2025-05-22,M6,dia,94,6,3.3,10.7,4.66,0,0,0
IND079-002083,2025-05-22,M1,noche,728,28,6.9,6.4,4.56,0,0,0
IND079-002084,2025-05-22,M2,noche,229,8,5.0,8.5,2.98,0,0,0
IND079-002085,2025-05-22,M3,noche,700,19,3.7,1.4,1.75,0,0,0
IND079-002086,2025-05-23,M4,noche,463,25,6.1,9.1,2.52,0,0,0
IND079-002087,2025-05-23,M5,noche,724,28,7.5,13.0,2.93,1,0,0
IND079-002088,2025-05-23,M6,noche,505,20,6.2,22.1,2.88,0,0,0
IND079-002089,2025-05-23,M1,dia,436,12,7.4,5.5,2.58,0,0,0
IND079-002090,2025-05-24,M2,dia,451,17,5.2,9.6,2.19,0,0,0
IND079-002091,2025-05-24,M3,dia,498,13,5.2,13.1,4.33,0,0,0
IND079-002092,2025-05-24,M4,dia,542,20,4.1,56.4,2.8,0,0,0
IND079-002093,2025-05-24,M5,dia,214,11,7.7,56.5,3.2,0,0,0
IND079-002094,2025-05-24,M6,dia,313,10,5.8,10.7,4.19,1,0,0
IND079-002095,2025-05-25,M1,noche,133,5,3.3,6.3,3.99,0,0,0
IND079-002096,2025-05-25,M2,noche,129,5,5.2,32.6,2.97,1,0,0
IND079-002097,2025-05-25,M3,noche,631,18,4.7,19.4,2.48,1,0,0
IND079-002098,2025-05-25,M4,noche,153,8,5.7,6.7,5.12,0,0,0
IND079-002099,2025-05-26,M5,noche,472,13,5.7,10.7,3.5,0,0,0
IND079-002100,2025-05-26,M6,noche,712,35,6.9,18.3,3.72,0,0,0
IND079-002101,2025-05-26,M1,dia,243,2,6.0,19.8,2.01,0,0,0
IND079-002102,2025-05-26,M2,dia,498,13,5.9,12.6,4.02,0,0,0
IND079-002103,2025-05-27,M3,dia,209,5,5.1,32.8,3.03,0,0,0
IND079-002104,2025-05-27,M4,dia,109,3,3.4,2.9,2.42,0,0,0
IND079-002105,2025-05-27,M5,dia,468,14,7.3,5.0,3.35,0,0,0
IND079-002106,2025-05-27,M6,dia,109,2,3.7,10.3,3.99,0,0,0
IND079-002107,2025-05-28,M1,noche,599,16,7.2,6.0,4.43,0,0,0
IND079-002108,2025-05-28,M2,noche,310,10,3.8,6.6,1.78,0,0,0
IND079-002109,2025-05-28,M3,noche,268,15,5.7,13.3,3.38,0,0,0
IND079-002110,2025-05-28,M4,noche,129,4,5.1,7.2,2.15,1,0,0
IND079-002111,2025-05-29,M5,noche,220,7,7.7,0.6,"3,53",1,0,0
IND079-002112,2025-05-29,M6,noche,256,13,3.0,5.8,5.5,0,0,0
IND079-002113,2025-05-29,M1,dia,616,19,6.2,3.5,3.26,1,0,0
IND079-002114,2025-05-29,M2,dia,767,16,4.6,1.4,1.22,0,0,0
IND079-002115,2025-05-30,M3,dia,480,12,7.6,1.5,2.7,1,0,0
IND079-002116,2025-05-30,M4,dia,484,20,4.8,1.3,3.93,0,0,0
IND079-002117,2025-05-30,M5,dia,772,24,4.9,19.9,2.46,0,0,0
IND079-002118,2025-05-30,M6,dia,707,29,4.7,11.8,4.0,0,0,0
IND079-002119,2025-05-31,M1,noche,168,1,3.7,19.1,4.09,0,0,0
IND079-002120,2025-05-31,M2,noche,465,9,3.7,19.8,3.19,0,0,0
IND079-002121,2025-05-31,M3,noche,716,24,5.7,1.1,1.8,0,0,0
IND079-002122,2025-05-31,M4,noche,591,29,3.1,30.3,2.72,0,0,0
IND079-002123,2025-06-01,M5,noche,112,9,6.7,4.4,3.62,0,0,0
IND079-002124,2025-06-01,M6,noche,115,10,6.1,23.7,3.54,0,0,0
IND079-002125,2025-06-01,M1,dia,260,5,7.5,94.0,2.21,0,0,0
IND079-002126,2025-06-01,M2,dia,273,12,3.7,14.7,4.12,0,0,0
IND079-002127,2025-06-02,M3,dia,262,17,7.6,28.9,2.86,1,0,0
IND079-002128,2025-06-02,M4,dia,725,21,3.3,10.8,2.71,0,0,0
IND079-002129,2025-06-02,M5,dia,572,26,6.5,1.0,1.49,0,0,0
IND079-002130,2025-06-02,M6,dia,461,16,4.2,14.8,3.56,1,0,0
IND079-002131,2025-06-03,M1,noche,170,4,8.0,11.0,2.5,0,0,0
IND079-002132,2025-06-03,M2,noche,694,22,5.0,17.0,2.91,0,0,0
IND079-002133,2025-06-03,M3,noche,399,17,5.8,0.6,1.86,0,0,0
IND079-002134,2025-06-03,M4,noche,249,6,3.1,72.9,4.26,0,0,0
IND079-002135,2025-06-03,M5, NOCHE ,488,12,3.7,23.1,4.56,0,0,0
IND079-002136,2025-06-04,M6,noche,558,28,4.6,28.8,3.04,1,0,0
IND079-002137,2025-06-04,M1,dia,351,10,7.5,5.7,2.87,0,0,0
IND079-002138,2025-06-04,M2,dia,131,4,4.3,0.5,4.82,0,0,0
IND079-002139,2025-06-04,M3,dia,128,3,7.6,2.0,3.73,0,0,0
IND079-002140,2025-06-05,M4,dia,409,15,6.4,16.0,4.63,0,0,0
IND079-002141,2025-06-05,M5,dia,559,25,3.0,17.3,3.11,0,0,0
IND079-002142,2025-06-05,M6,dia,471,20,3.9,10.3,4.02,0,0,0
IND079-002143,2025-06-05,M1,noche,206,8,3.3,10.9,3.06,0,0,0
IND079-002144,2025-06-06,M2,noche,329,14,5.0,57.8,3.75,0,0,0
IND079-002145,2025-06-06,M3,noche,124,1,4.0,9.4,2.81,0,0,0
IND079-002146,2025-06-06,M4,noche,646,31,5.4,1.0,4.3,0,0,0
IND079-002147,2025-06-06,M5,noche,731,27,6.4,2.7,0.47,0,0,0
IND079-002148,2025-06-07,M6,noche,582,28,4.3,27.2,3.58,0,0,0
IND079-002149,2025-06-07,M1,dia,157,4,3.6,31.0,3.27,0,0,0
IND079-002150,2025-06-07,M2,dia,173,10,5.7,12.1,2.98,0,0,0
IND079-002151,2025-06-07,M3,dia,283,10,6.5,44.2,2.84,0,0,0
IND079-002152,2025-06-08,M4,dia,589,19,3.4,17.8,2.4,0,0,0
IND079-002153,2025-06-08,M5,dia,709,17,4.6,7.0,3.89,0,0,0
IND079-002154,2025-06-08,M6,dia,603,27,4.3,0.1,5.38,0,0,0
IND079-002155,2025-06-08,M1,noche,325,8,3.9,38.3,2.83,0,0,0
IND079-002156,2025-06-09,M2,noche,90,1,4.9,4.1,3.73,0,0,0
IND079-002157,2025-06-09,M3,noche,404,17,3.3,1.9,1.94,0,0,0
IND079-002158,2025-06-09,M4,noche,615,23,4.3,19.0,3.55,0,0,0
IND079-002159,2025-06-09,M5,noche,540,15,7.1,2.8,,0,0,0
IND079-002160,2025-06-10,M6,noche,543,30,6.8,16.4,2.62,0,0,0
IND079-002161,2025-06-10,M1,dia,248,9,6.9,7.8,3.56,0,0,0
IND079-002162,2025-06-10,M2,dia,405,12,6.8,2.4,3.81,0,0,0
IND079-002163,2025-06-10,M3,dia,381,8,3.9,18.8,2.4,0,0,0
IND079-002164,2025-06-11,M4,dia,140,6,3.9,2.1,2.93,0,0,0
IND079-002165,2025-06-11,M5,dia,588,20,5.7,6.8,2.09,0,0,0
IND079-002166,2025-06-11,M6,dia,194,15,5.7,0.3,2.74,0,0,0
IND079-002167,2025-06-11,M1,noche,584,14,5.5,12.3,2.74,0,0,0
IND079-002168,2025-06-12,M2,noche,326,9,6.2,7.0,3.56,1,0,0
IND079-002169,2025-06-12,M3,noche,672,20,5.5,22.8,1.76,1,0,0
IND079-002170,2025-06-12,M4,noche,407,17,6.7,45.8,3.18,1,0,0
IND079-002171,2025-06-12,M5,noche,548,23,7.7,24.7,2.33,0,0,0
IND079-002172,2025-06-13,M6,noche,157,4,6.5,0.6,4.5,0,0,0
IND079-002173,2025-06-13,M1,dia,606,9,5.5,26.4,0.63,0,0,0
IND079-002174,2025-06-13,M2,dia,553,23,6.3,4.5,3.67,0,0,0
IND079-002175,2025-06-13,M3,dia,660,15,5.8,96.6,1.83,1,0,0
IND079-002176,2025-06-13,M4,dia,642,26,6.1,10.4,3.06,0,0,0
IND079-002177,2025-06-14,M5,dia,531,15,5.1,20.5,2.88,0,0,0
IND079-002178,2025-06-14,M6,dia,602,19,5.5,24.3,4.43,0,0,0
IND079-002179,2025-06-14,M1,noche,643,8,5.8,2.9,1.37,0,0,0
IND079-002180,2025-06-14,M2,noche,258,5,6.6,32.3,4.3,0,0,0
IND079-002181,2025-06-15,M3,noche,446,12,6.6,11.0,3.28,0,0,0
IND079-002182,2025-06-15,M4,noche,609,20,5.8,11.0,5.04,0,0,0
IND079-002183,2025-06-15,M5,noche,365,7,4.6,0.4,3.33,0,0,0
IND079-002184,2025-06-15,M6,noche,316,23,5.5,22.8,2.01,0,0,0
IND079-002185,2025-06-16,M1,dia,365,8,5.6,32.3,2.06,0,0,0
IND079-002186,2025-06-16,M2,dia,133,1,7.4,11.0,2.96,0,0,0
IND079-002187,2025-06-16,M3,dia,562,15,4.8,6.6,3.18,0,0,0
IND079-002188,2025-06-16,M4,dia,407,16,3.3,5.5,3.42,0,0,0
IND079-002189,2025-06-17,M5,dia,735,20,3.8,3.1,2.17,0,0,0
IND079-002190,2025-06-17,M6,dia,622,24,6.8,74.8,3.59,0,0,0
IND079-002191,2025-06-17,M1,noche,230,9,5.0,3.5,2.45,0,0,0
IND079-002192,2025-06-17,M2,noche,777,26,6.6,11.6,1.95,0,0,0
IND079-002193,2025-06-18,M3,noche,166,2,5.2,1.9,2.71,1,0,0
IND079-002194,2025-06-18,M4,noche,636,26,6.3,3.5,2.49,0,0,0
IND079-002195,2025-06-18,M5,noche,316,16,4.7,32.8,4.25,0,0,0
IND079-002196,2025-06-18,M6,noche,537,12,6.5,21.7,3.8,0,0,0
IND079-002197,2025-06-19,M1,dia,396,8,3.3,3.0,2.63,0,0,0
IND079-002198,2025-06-19,M2,dia,283,3,3.0,5.0,2.48,0,0,0
IND079-002199,2025-06-19,M3,dia,128,5,5.8,25.2,3.67,0,0,0
IND079-002200,2025-06-19,M4,dia,770,23,7.8,1.8,2.87,0,0,0
IND079-002201,2025-06-20,M5,dia,477,18,6.7,6.6,2.66,0,0,0
IND079-002202,2025-06-20,M6,dia,105,6,3.3,6.6,3.74,0,0,0
IND079-002203,2025-06-20,M1,noche,434,8,5.7,13.1,1.92,0,0,0
IND079-002204,2025-06-20,M2,noche,595,19,4.0,14.3,4.05,1,0,0
IND079-002205,2025-06-21,M3,noche,765,23,3.4,4.3,2.06,1,0,0
IND079-002206,2025-06-21,M4,noche,416,20,3.9,13.3,1.53,0,0,0
IND079-002207,2025-06-21,M5,noche,580,17,5.4,5.0,4.43,0,0,0
IND079-002208,2025-06-21,M6,noche,117,4,6.5,28.2,3.46,0,0,0
IND079-002209,2025-06-22,M1,dia,321,5,3.9,10.5,2.31,1,0,0
IND079-002210,2025-06-22,M2,dia,355,16,5.2,11.2,3.41,0,0,0
IND079-002211,2025-06-22,M3,dia,782,16,3.5,13.4,2.38,0,0,0
IND079-002212,2025-06-22,M4,dia,474,16,7.0,12.7,2.97,0,0,0
IND079-002213,2025-06-22,M5,dia,335,8,3.8,7.5,3.9,0,0,0
IND079-002214,2025-06-23,M6,dia,617,41,4.5,20.6,4.14,0,0,0
IND079-002215,2025-06-23,M1,noche,782,19,4.0,15.5,2.9,0,0,0
IND079-002216,2025-06-23,M2,noche,544,23,7.2,0.2,3.47,0,0,0
IND079-002217,2025-06-23,M3,noche,124,6,4.6,24.6,2.49,0,0,0
IND079-002218,2025-06-24,M4,noche,467,16,3.8,13.4,1.0,0,0,0
IND079-002219,2025-06-24,M5,noche,413,15,6.3,9.2,5.53,0,0,0
IND079-002220,2025-06-24,M6,noche,696,27,3.7,28.9,4.46,1,0,0
IND079-002221,2025-06-24,M1,dia,483,11,5.8,7.3,2.24,0,0,0
IND079-002222,2025-06-25,M2,dia,595,26,6.8,3.9,4.86,0,1,2407.91
IND079-002223,2025-06-25,M3,dia,108,5,5.6,13.7,2.47,1,0,0
IND079-002224,2025-06-25,M4,dia,106,4,7.7,33.0,3.68,0,0,0
IND079-002225,2025-06-25,M5,dia,773,24,6.2,7.2,4.27,1,0,0
IND079-002226,2025-06-26,M6,dia,559,30,4.6,33.9,4.41,0,0,0
IND079-002227,2025-06-26,M1,noche,469,15,4.3,12.9,1.52,0,0,0
IND079-002228,2025-06-26,M2,noche,611,15,7.8,3.0,5.22,0,1,2644.05
IND079-002229,2025-06-26,M3,noche,793,28,5.1,8.2,1.63,0,0,0
IND079-002230,2025-06-27,M4,noche,450,24,7.4,11.0,2.19,0,0,0
IND079-002231,2025-06-27,M5,noche,497,21,5.0,9.7,3.98,0,0,0
IND079-002232,2025-06-27,M6, NOCHE ,561,19,6.6,13.5,2.91,0,0,0
IND079-002233,2025-06-27,M1,dia,365,11,5.5,8.8,1.17,0,0,0
IND079-002234,2025-06-28,M2,dia,576,18,7.6,15.5,2.98,0,1,2301.37
IND079-002235,2025-06-28,M3,dia,411,13,3.5,2.8,3.33,0,0,0
IND079-002236,2025-06-28,M4,dia,734,36,3.0,5.7,2.38,0,0,0
IND079-002237,2025-06-28,M5,dia,129,6,3.9,8.9,3.5,0,0,0
IND079-002238,2025-06-29,M6,dia,718,32,5.2,28.7,4.41,0,0,0
IND079-002239,2025-06-29,M1,noche,189,2,6.0,13.5,0.63,0,0,0
IND079-002240,2025-06-29,M2,noche,545,21,3.8,33.5,3.3,0,1,1435.41
IND079-002241,2025-06-29,M3,noche,409,15,3.3,2.9,1.2,0,0,0
IND079-002242,2025-06-30,M4,noche,226,6,4.4,22.6,,0,0,0
IND079-002243,2025-06-30,M5,noche,235,9,3.0,19.9,4.25,0,0,0
IND079-002244,2025-06-30,M6,noche,754,35,6.8,15.6,4.56,0,0,0
IND079-002245,2025-06-30,M1,dia,257,7,5.5,23.6,2.18,0,0,0
IND079-002246,2025-07-01,M2,dia,624,24,3.3,28.7,5.31,0,1,886.49
IND079-002247,2025-07-01,M3,dia,581,10,4.5,11.5,4.28,0,0,0
IND079-002248,2025-07-01,M4,dia,526,16,7.2,6.8,3.87,0,0,0
IND079-002249,2025-07-01,M5,dia,301,10,7.6,0.4,2.74,1,0,0
IND079-002250,2025-07-02,M6,dia,166,8,8.0,6.5,2.07,0,0,0
IND079-002251,2025-07-02,M1,noche,726,20,5.7,20.9,2.38,1,0,0
IND079-002252,2025-07-02,M2,noche,216,8,5.4,0.1,3.17,1,0,0
IND079-002253,2025-07-02,M3,noche,631,13,6.8,23.5,1.58,0,0,0
IND079-002254,2025-07-02,M4,noche,605,23,7.7,99.0,5.71,1,0,0
IND079-002255,2025-07-03,M5,noche,574,20,6.4,5.3,3.75,0,0,0
IND079-002256,2025-07-03,M6,noche,655,27,7.0,7.4,4.56,0,0,0
IND079-002257,2025-07-03,M1,dia,484,7,3.2,7.3,3.38,0,0,0
IND079-002258,2025-07-03,M2,dia,544,20,6.9,7.9,2.75,0,0,0
IND079-002259,2025-07-04,M3,dia,786,24,3.6,4.6,3.68,0,0,0
IND079-002260,2025-07-04,M4,dia,248,14,5.8,13.5,3.81,0,0,0
IND079-002261,2025-07-04,M5,dia,359,14,5.0,21.9,3.26,0,0,0
IND079-002262,2025-07-04,M6,dia,378,21,3.9,9.9,2.41,0,0,0
IND079-002263,2025-07-05,M1,noche,667,21,7.3,28.3,1.66,1,0,0
IND079-002264,2025-07-05,M2,noche,204,6,6.4,23.1,2.91,0,0,0
IND079-002265,2025-07-05,M3,noche,785,25,3.2,2.4,1.62,0,0,0
IND079-002266,2025-07-05,M4,noche,704,36,3.7,2.3,3.67,0,0,0
IND079-002267,2025-07-06,M5,noche,622,18,6.5,1.6,4.03,0,0,0
IND079-002268,2025-07-06,M6,noche,287,10,6.7,0.3,7.25,0,1,601.69
IND079-002269,2025-07-06,M1,dia,643,18,5.7,36.9,3.2,0,0,0
IND079-002270,2025-07-06,M2,dia,286,9,5.2,20.8,3.05,0,0,0
IND079-002271,2025-07-07,M3,dia,241,5,7.7,7.3,2.25,0,0,0
IND079-002272,2025-07-07,M4,dia,497,17,7.5,1.6,1.53,0,0,0
IND079-002273,2025-07-07,M5,dia,170,12,4.0,8.6,3.24,0,0,0
IND079-002274,2025-07-07,M6,dia,630,28,6.7,4.5,5.98,0,1,620.48
IND079-002275,2025-07-08,M1,noche,542,13,3.9,2.5,3.06,0,0,0
IND079-002276,2025-07-08,M2,noche,729,15,5.4,76.0,2.31,0,0,0
IND079-002277,2025-07-08,M3,noche,123,5,7.4,15.9,2.56,0,0,0
IND079-002278,2025-07-08,M4,noche,184,7,3.8,33.8,3.92,0,0,0
IND079-002279,2025-07-09,M5,noche,784,17,3.1,0.2,3.19,0,0,0
IND079-002280,2025-07-09,M6,noche,499,18,7.6,30.9,5.08,0,1,1235.49
IND079-002281,2025-07-09,M1,dia,716,17,4.3,47.9,0.63,0,0,0
IND079-002282,2025-07-09,M2,dia,512,18,6.1,28.6,2.45,1,0,0
IND079-002283,2025-07-10,M3,dia,331,12,4.5,1.2,3.35,0,0,0
IND079-002284,2025-07-10,M4,dia,145,4,6.0,4.9,1.6,0,0,0
IND079-002285,2025-07-10,M5,dia,178,1,7.3,5.6,2.97,0,0,0
IND079-002286,2025-07-10,M6,dia,442,22,4.8,34.6,5.76,1,1,2119.4
IND079-002287,2025-07-11,M1,noche,686,11,7.7,28.2,2.93,0,0,0
IND079-002288,2025-07-11,M2,noche,458,21,6.7,17.6,2.14,0,0,0
IND079-002289,2025-07-11,M3,noche,615,22,7.8,8.2,4.8,0,0,0
IND079-002290,2025-07-11,M4,noche,291,11,4.9,9.0,4.98,1,0,0
IND079-002291,2025-07-11,M5,noche,372,23,6.1,40.7,3.24,0,0,0
IND079-002292,2025-07-12,M6,noche,652,27,6.3,47.1,5.08,0,1,2847.44
IND079-002293,2025-07-12,M1,dia,517,7,3.2,2.2,1.33,0,0,0
IND079-002294,2025-07-12,M2,dia,286,7,4.5,16.8,3.33,0,0,0
IND079-002295,2025-07-12,M3,dia,659,18,5.6,2.3,3.12,0,0,0
IND079-002296,2025-07-13,M4,dia,162,4,7.5,5.4,2.89,0,0,0
IND079-002297,2025-07-13,M5,dia,795,27,4.3,1.2,2.96,0,0,0
IND079-002298,2025-07-13,M6,dia,319,18,5.6,7.4,4.15,0,0,0
IND079-002299,2025-07-13,M1,noche,689,16,7.6,16.5,1.5,1,0,0
IND079-002300,2025-07-14,M2,noche,463,13,6.0,11.6,2.81,0,0,0
IND079-002301,2025-07-14,M3,noche,744,22,6.0,10.3,3.2,0,0,0
IND079-002302,2025-07-14,M4,noche,561,23,6.9,4.1,4.43,0,0,0
IND079-002303,2025-07-14,M5,noche,332,11,3.4,5.6,5.16,0,0,0
IND079-002304,2025-07-15,M6,noche,767,49,6.1,0.4,3.64,0,0,0
IND079-002305,2025-07-15,M1,dia,735,15,7.5,29.0,4.17,0,0,0
IND079-002306,2025-07-15,M2,dia,510,19,6.2,4.9,3.2,0,0,0
IND079-002307,2025-07-15,M3,dia,145,9,3.9,40.8,3.38,0,0,0
IND079-002308,2025-07-16,M4,dia,202,10,4.4,10.7,4.07,0,0,0
IND079-002309,2025-07-16,M5,dia,161,8,5.0,6.4,2.48,0,0,0
IND079-002310,2025-07-16,M6,dia,197,8,4.1,40.3,3.77,0,0,0
IND079-002311,2025-07-16,M1,noche,636,20,4.5,13.9,2.07,0,0,0
IND079-002312,2025-07-17,M2,noche,395,7,7.7,20.2,2.75,1,0,0
IND079-002313,2025-07-17,M3,noche,156,5,6.8,4.5,3.54,0,0,0
IND079-002314,2025-07-17,M4,noche,220,8,3.9,12.9,3.91,0,0,0
IND079-002315,2025-07-17,M5,noche,782,27,5.4,69.8,4.67,0,0,0
IND079-002316,2025-07-18,M6,noche,296,13,3.9,4.0,2.56,0,0,0
IND079-002317,2025-07-18,M1,dia,120,2,5.3,18.0,1.87,0,0,0
IND079-002318,2025-07-18,M2,dia,242,8,3.9,6.7,2.45,0,0,0
IND079-002319,2025-07-18,M3,dia,536,17,5.9,5.0,2.0,0,0,0
IND079-002320,2025-07-19,M4,dia,288,14,3.8,21.6,4.13,1,0,0
IND079-002321,2025-07-19,M5,dia,639,20,4.2,13.1,3.47,0,0,0
IND079-002322,2025-07-19,M6,dia,513,22,7.0,1.2,"3,4",0,0,0
IND079-002323,2025-07-19,M1,noche,269,5,7.5,14.8,2.85,0,0,0
IND079-002324,2025-07-20,M2,noche,551,17,7.9,18.1,3.34,0,0,0
IND079-002325,2025-07-20,M3,noche,204,6,5.7,35.9,,0,0,0
IND079-002326,2025-07-20,M4,noche,740,30,6.8,7.7,3.72,0,0,0
IND079-002327,2025-07-20,M5,noche,764,21,4.5,5.8,3.94,0,0,0
IND079-002328,2025-07-21,M6,noche,337,13,6.8,16.2,4.9,0,0,0
IND079-002329,2025-07-21,M1, DIA ,235,1,5.2,21.2,1.78,0,0,0
IND079-002330,2025-07-21,M2,dia,595,18,3.9,1.6,2.13,0,0,0
IND079-002331,2025-07-21,M3,dia,659,15,6.0,13.4,2.56,0,0,0
IND079-002332,2025-07-21,M4,dia,615,23,5.8,6.4,3.47,0,0,0
IND079-002333,2025-07-22,M5,dia,571,23,5.7,4.2,3.06,0,0,0
IND079-002334,2025-07-22,M6,dia,110,8,6.8,4.2,3.53,0,0,0
IND079-002335,2025-07-22,M1,noche,143,4,3.0,2.7,2.8,0,0,0
IND079-002336,2025-07-22,M2,noche,250,7,3.1,12.0,3.46,1,0,0
IND079-002337,2025-07-23,M3,noche,317,13,3.7,10.0,1.26,0,0,0
IND079-002338,2025-07-23,M4,noche,297,9,5.0,4.8,0.84,0,0,0
IND079-002339,2025-07-23,M5,noche,366,15,4.7,10.5,4.85,0,0,0
IND079-002340,2025-07-23,M6,noche,441,18,7.1,1.7,3.56,0,0,0
IND079-002341,2025-07-24,M1,dia,340,10,6.1,11.6,1.68,0,0,0
IND079-002342,2025-07-24,M2,dia,116,5,5.3,21.5,3.63,1,0,0
IND079-002343,2025-07-24,M3,dia,548,19,4.3,69.4,4.48,0,0,0
IND079-002344,2025-07-24,M4,dia,579,15,4.5,2.7,4.35,0,0,0
IND079-002345,2025-07-25,M5,dia,616,19,4.3,6.4,2.44,0,0,0
IND079-002346,2025-07-25,M6,dia,231,13,5.1,1.3,2.35,0,0,0
IND079-002347,2025-07-25,M1,noche,585,15,5.9,17.5,2.93,1,0,0
IND079-002348,2025-07-25,M2,noche,747,33,4.1,7.4,4.09,1,0,0
IND079-002349,2025-07-26,M3,noche,653,17,5.7,6.1,2.72,0,0,0
IND079-002350,2025-07-26,M4,noche,154,6,3.7,15.9,1.35,0,0,0
IND079-002351,2025-07-26,M5,noche,764,16,4.2,7.2,4.92,0,0,0
IND079-002352,2025-07-26,M6,noche,395,19,7.2,20.8,2.25,0,0,0
IND079-002353,2025-07-27,M1,dia,83,4,4.0,53.7,3.04,0,0,0
IND079-002354,2025-07-27,M2,dia,272,17,5.0,36.7,4.13,0,0,0
IND079-002355,2025-07-27,M3,dia,104,1,4.0,12.1,1.18,0,0,0
IND079-002356,2025-07-27,M4,dia,109,4,5.2,55.7,3.77,0,0,0
IND079-002357,2025-07-28,M5,dia,325,8,4.8,23.1,4.24,1,0,0
IND079-002358,2025-07-28,M6,dia,511,21,6.6,5.1,2.04,0,0,0
IND079-002359,2025-07-28,M1,noche,224,8,5.4,7.1,2.88,1,0,0
IND079-002360,2025-07-28,M2,noche,481,17,6.9,12.5,4.18,0,0,0
IND079-002361,2025-07-29,M3,noche,663,22,8.0,30.7,2.42,0,0,0
IND079-002362,2025-07-29,M4,noche,237,5,4.2,9.1,4.51,1,0,0
IND079-002363,2025-07-29,M5,noche,192,8,7.8,22.6,4.76,1,0,0
IND079-002364,2025-07-29,M6,noche,614,28,7.0,17.2,4.61,0,0,0
IND079-002365,2025-07-30,M1,dia,434,12,5.6,11.4,3.57,0,0,0
IND079-002366,2025-07-30,M2,dia,131,1,5.6,4.6,3.85,0,0,0
IND079-002367,2025-07-30,M3,dia,595,10,4.6,102.2,1.18,0,0,0
IND079-002368,2025-07-30,M4,dia,621,29,4.2,3.4,3.7,0,0,0
IND079-002369,2025-07-31,M5,dia,681,22,4.2,7.5,4.94,1,0,0
IND079-002370,2025-07-31,M6,dia,245,14,7.6,7.6,2.18,0,0,0
IND079-002371,2025-07-31,M1,noche,315,11,5.9,3.5,3.66,0,0,0
IND079-002372,2025-07-31,M2,noche,710,22,3.4,19.8,2.09,1,0,0
IND079-002373,2025-07-31,M3,noche,110,5,7.2,28.5,2.46,1,0,0
IND079-002374,2025-08-01,M4,noche,621,20,4.2,6.9,2.8,1,0,0
IND079-002375,2025-08-01,M5,noche,368,10,7.4,13.7,2.46,1,0,0
IND079-002376,2025-08-01,M6,noche,421,15,3.5,13.3,5.26,0,0,0
IND079-002377,2025-08-01,M1,dia,82,0,4.2,6.4,0.48,0,0,0
IND079-002378,2025-08-02,M2,dia,339,6,4.2,6.3,2.29,0,0,0
IND079-002379,2025-08-02,M3,dia,750,30,5.1,2.0,3.24,1,0,0
IND079-002380,2025-08-02,M4,dia,588,22,6.9,2.0,3.25,1,0,0
IND079-002381,2025-08-02,M5,dia,161,8,5.8,24.6,3.11,0,0,0
IND079-002382,2025-08-03,M6,dia,610,24,5.7,19.4,2.24,0,0,0
IND079-002383,2025-08-03,M1,noche,164,5,5.9,28.3,0.84,0,0,0
IND079-002384,2025-08-03,M2,noche,150,5,7.9,7.8,4.01,0,0,0
IND079-002385,2025-08-03,M3,noche,520,14,3.8,22.7,2.76,1,0,0
IND079-002386,2025-08-04,M4,noche,335,13,3.5,18.7,3.97,0,0,0
IND079-002387,2025-08-04,M5,noche,519,23,4.8,4.1,3.32,0,0,0
IND079-002388,2025-08-04,M6,noche,154,5,4.1,2.4,4.39,0,0,0
IND079-002389,2025-08-04,M1,dia,440,10,5.4,15.6,1.21,0,0,0
IND079-002390,2025-08-05,M2,dia,354,12,6.4,2.7,1.59,0,0,0
IND079-002391,2025-08-05,M3,dia,156,4,6.6,53.5,3.26,0,0,0
IND079-002392,2025-08-05,M4,dia,113,3,4.0,29.3,2.08,0,0,0
IND079-002393,2025-08-05,M5,dia,447,12,5.3,5.7,4.56,0,0,0
IND079-002394,2025-08-06,M6,dia,550,24,3.7,47.2,3.93,0,0,0
IND079-002395,2025-08-06,M1,noche,593,12,3.4,10.0,2.87,0,0,0
IND079-002396,2025-08-06,M2,noche,392,11,3.2,9.9,3.21,0,0,0
IND079-002397,2025-08-06,M3,noche,163,7,5.8,3.3,2.66,0,0,0
IND079-002398,2025-08-07,M4,noche,798,26,4.6,124.0,3.65,0,0,0
IND079-002399,2025-08-07,M5,noche,623,22,7.6,12.0,5.09,0,0,0
IND079-002400,2025-08-07,M6,noche,449,21,6.9,28.7,2.96,0,0,0
IND079-002401,2025-08-07,M1,dia,600,12,7.8,6.9,2.21,0,0,0
IND079-002402,2025-08-08,M2,dia,378,18,4.1,9.6,3.42,0,0,0
IND079-002403,2025-08-08,M3,dia,671,18,5.9,7.9,1.23,0,0,0
IND079-002404,2025-08-08,M4,dia,100,6,7.0,34.3,3.59,0,0,0
IND079-002405,2025-08-08,M5,dia,654,28,6.5,14.5,1.59,0,0,0
IND079-002406,2025-08-09,M6,dia,701,25,6.6,16.1,4.8,1,0,0
IND079-002407,2025-08-09,M1,noche,776,16,4.1,16.8,1.86,0,0,0
IND079-002408,2025-08-09,M2,noche,386,16,7.4,4.9,,0,0,0
IND079-002409,2025-08-09,M3,noche,582,11,4.5,14.6,2.02,0,0,0
IND079-002410,2025-08-09,M4,noche,678,22,7.2,40.6,4.38,0,0,0
IND079-002411,2025-08-10,M5,noche,557,21,4.3,14.4,3.27,0,0,0
IND079-002412,2025-08-10,M6,noche,519,23,6.3,13.0,4.2,0,0,0
IND079-002413,2025-08-10,M1,dia,270,6,6.4,26.8,4.07,0,0,0
IND079-002414,2025-08-10,M2,dia,513,18,5.2,1.7,2.72,0,0,0
IND079-002415,2025-08-11,M3,dia,231,8,7.2,1.3,2.55,0,0,0
IND079-002416,2025-08-11,M4,dia,471,12,7.1,17.2,2.88,1,0,0
IND079-002417,2025-08-11,M5,dia,349,16,3.7,7.3,3.36,0,0,0
IND079-002418,2025-08-11,M6,dia,606,35,4.2,41.4,3.66,1,0,0
IND079-002419,2025-08-12,M1,noche,404,4,5.3,33.5,3.05,0,0,0
IND079-002420,2025-08-12,M2,noche,719,32,7.2,0.9,2.17,0,0,0
IND079-002421,2025-08-12,M3,noche,274,6,3.4,10.3,4.26,0,0,0
IND079-002422,2025-08-12,M4,noche,145,6,5.9,23.4,3.18,0,0,0
IND079-002423,2025-08-13,M5,noche,349,13,7.3,19.5,1.02,0,0,0
IND079-002424,2025-08-13,M6,noche,778,34,4.6,5.4,4.47,0,0,0
IND079-002425,2025-08-13,M1,dia,771,18,4.7,38.3,3.98,0,0,0
IND079-002426,2025-08-13,M2, DIA ,473,7,4.6,4.0,2.94,1,0,0
IND079-002427,2025-08-14,M3,dia,462,18,5.0,20.9,2.1,0,0,0
IND079-002428,2025-08-14,M4,dia,246,10,5.0,76.5,3.74,1,0,0
IND079-002429,2025-08-14,M5,dia,268,13,5.6,24.4,4.04,1,0,0
IND079-002430,2025-08-14,M6,dia,439,20,7.0,1.0,2.86,1,0,0
IND079-002431,2025-08-15,M1,noche,767,12,3.5,6.9,2.33,0,0,0
IND079-002432,2025-08-15,M2,noche,218,3,4.6,7.2,2.01,0,0,0
IND079-002433,2025-08-15,M3,noche,273,7,5.1,3.6,5.31,0,0,0
IND079-002434,2025-08-15,M4,noche,628,23,6.8,6.2,3.87,0,0,0
IND079-002435,2025-08-16,M5,noche,457,21,4.6,23.5,4.07,0,0,0
IND079-002436,2025-08-16,M6,noche,291,13,7.6,6.9,4.1,0,0,0
IND079-002437,2025-08-16,M1,dia,349,5,5.6,11.5,2.64,0,0,0
IND079-002438,2025-08-16,M2,dia,635,21,5.3,23.6,3.52,1,0,0
IND079-002439,2025-08-17,M3,dia,676,24,4.2,22.4,2.76,1,0,0
IND079-002440,2025-08-17,M4,dia,309,9,4.3,5.4,3.45,0,0,0
IND079-002441,2025-08-17,M5,dia,396,19,5.1,17.1,2.18,1,0,0
IND079-002442,2025-08-17,M6,dia,750,34,7.6,2.7,3.04,1,0,0
IND079-002443,2025-08-18,M1,noche,93,0,5.9,55.5,3.53,0,0,0
IND079-002444,2025-08-18,M2,noche,203,6,7.4,11.2,2.72,0,0,0
IND079-002445,2025-08-18,M3,noche,514,15,7.5,10.5,3.06,1,0,0
IND079-002446,2025-08-18,M4,noche,463,16,3.4,11.6,2.32,1,0,0
IND079-002447,2025-08-19,M5,noche,615,23,7.7,15.2,4.24,0,0,0
IND079-002448,2025-08-19,M6,noche,612,33,5.4,0.5,3.92,0,0,0
IND079-002449,2025-08-19,M1,dia,631,11,7.2,4.9,3.07,0,0,0
IND079-002450,2025-08-19,M2,dia,533,13,6.0,5.7,2.37,1,0,0
IND079-002451,2025-08-19,M3,dia,584,12,5.1,25.4,4.28,0,0,0
IND079-002452,2025-08-20,M4,dia,91,1,7.6,6.8,3.98,0,0,0
IND079-002453,2025-08-20,M5,dia,573,8,3.8,2.2,4.23,0,0,0
IND079-002454,2025-08-20,M6,dia,517,26,5.2,2.3,3.46,0,0,0
IND079-002455,2025-08-20,M1,noche,415,10,5.1,45.5,2.76,0,0,0
IND079-002456,2025-08-21,M2,noche,700,24,5.0,17.4,3.16,1,0,0
IND079-002457,2025-08-21,M3,noche,732,32,3.1,9.8,3.8,0,0,0
IND079-002458,2025-08-21,M4,noche,703,27,4.3,3.2,1.99,0,0,0
IND079-002459,2025-08-21,M5,noche,657,17,3.3,15.2,4.55,1,0,0
IND079-002460,2025-08-22,M6,noche,255,9,5.8,17.0,5.07,1,0,0
IND079-002461,2025-08-22,M1,dia,167,6,6.8,8.9,3.91,0,0,0
IND079-002462,2025-08-22,M2,dia,101,3,4.2,60.3,0.1,0,0,0
IND079-002463,2025-08-22,M3,dia,495,8,6.7,10.4,1.61,0,0,0
IND079-002464,2025-08-23,M4,dia,655,36,3.7,5.6,3.23,0,0,0
IND079-002465,2025-08-23,M5,dia,569,14,4.9,21.9,1.77,1,0,0
IND079-002466,2025-08-23,M6,dia,154,7,6.7,6.0,4.29,1,0,0
IND079-002467,2025-08-23,M1,noche,711,18,4.5,24.1,2.25,1,0,0
IND079-002468,2025-08-24,M2,noche,210,13,7.8,26.4,0.87,0,0,0
IND079-002469,2025-08-24,M3,noche,257,7,4.0,8.0,1.67,1,0,0
IND079-002470,2025-08-24,M4,noche,766,28,6.4,4.0,4.68,0,0,0
IND079-002471,2025-08-24,M5,noche,530,18,7.7,5.1,3.93,1,0,0
IND079-002472,2025-08-25,M6,noche,681,25,5.0,11.2,5.31,1,0,0
IND079-002473,2025-08-25,M1,dia,329,6,7.6,25.9,1.59,0,0,0
IND079-002474,2025-08-25,M2,dia,655,24,6.9,7.5,2.71,0,0,0
IND079-002475,2025-08-25,M3,dia,652,23,5.7,0.3,2.16,0,0,0
IND079-002476,2025-08-26,M4,dia,782,44,3.3,22.8,3.65,0,0,0
IND079-002477,2025-08-26,M5,dia,391,15,4.2,36.0,3.71,0,0,0
IND079-002478,2025-08-26,M6,dia,155,11,3.7,26.5,2.91,0,0,0
IND079-002479,2025-08-26,M1,noche,572,16,3.8,21.2,3.01,1,0,0
IND079-002480,2025-08-27,M2,noche,115,6,4.9,40.2,1.88,0,0,0
IND079-002481,2025-08-27,M3,noche,197,5,5.6,36.5,4.22,0,0,0
IND079-002482,2025-08-27,M4,noche,614,29,4.0,4.8,2.02,0,0,0
IND079-002483,2025-08-27,M5,noche,295,10,3.8,4.2,3.9,0,1,452.39
IND079-002484,2025-08-28,M6,noche,136,6,4.4,4.4,4.58,0,0,0
IND079-002485,2025-08-28,M1,dia,164,1,6.7,10.2,2.84,0,0,0
IND079-002486,2025-08-28,M2,dia,690,22,3.3,11.2,2.54,0,0,0
IND079-002487,2025-08-28,M3,dia,182,8,4.3,0.7,2.85,1,0,0
IND079-002488,2025-08-28,M4,dia,634,29,7.9,3.1,1.95,0,0,0
IND079-002489,2025-08-29,M5,dia,130,7,7.2,0.9,5.34,0,1,2612.94
IND079-002490,2025-08-29,M6,dia,366,24,6.7,16.3,4.61,1,0,0
IND079-002491,2025-08-29,M1,noche,465,9,3.8,6.9,,0,0,0
IND079-002492,2025-08-29,M2,noche,495,13,4.9,20.2,1.43,0,0,0
IND079-002493,2025-08-30,M3,noche,435,14,3.1,1.1,1.57,0,0,0
IND079-002494,2025-08-30,M4,noche,213,12,7.9,11.8,3.19,0,0,0
IND079-002495,2025-08-30,M5,noche,120,5,7.7,0.6,4.41,1,1,2441.02
IND079-002496,2025-08-30,M6,noche,663,26,3.3,62.7,3.43,0,0,0
IND079-002497,2025-08-31,M1,dia,235,4,7.8,17.0,1.59,1,0,0
IND079-002498,2025-08-31,M2,dia,775,25,4.8,2.6,1.76,0,0,0
IND079-002499,2025-08-31,M3,dia,334,6,5.0,18.1,3.21,0,0,0
IND079-002500,2025-08-31,M4,dia,398,13,4.5,5.4,2.78,0,0,0
IND079-002501,2025-09-01,M5,dia,464,20,6.3,31.9,3.0,1,1,855.92
IND079-002502,2025-09-01,M6,dia,165,17,6.1,6.8,3.21,0,0,0
IND079-002503,2025-09-01,M1,noche,157,4,3.4,57.2,2.04,0,0,0
IND079-002504,2025-09-01,M2,noche,265,8,5.2,23.8,2.21,0,0,0
IND079-002505,2025-09-02,M3,noche,297,12,3.1,3.1,3.84,0,0,0
IND079-002506,2025-09-02,M4,noche,796,32,5.2,40.0,2.73,0,0,0
IND079-002507,2025-09-02,M5,noche,512,14,7.8,29.4,5.06,0,1,555.49
IND079-002508,2025-09-02,M6,noche,210,11,5.1,16.7,4.44,0,0,0
IND079-002509,2025-09-03,M1,dia,247,6,7.2,32.0,2.24,0,0,0
IND079-002510,2025-09-03,M2,dia,140,6,4.2,6.3,1.18,0,0,0
IND079-002511,2025-09-03,M3,dia,195,8,8.0,11.1,2.64,0,0,0
IND079-002512,2025-09-03,M4,dia,236,11,4.5,43.9,4.18,0,0,0
IND079-002513,2025-09-04,M5,dia,646,27,7.3,30.0,3.79,0,0,0
IND079-002514,2025-09-04,M6,dia,370,15,8.0,42.7,2.65,1,0,0
IND079-002515,2025-09-04,M1,noche,177,2,3.2,64.6,3.71,0,0,0
IND079-002516,2025-09-04,M2,noche,336,9,3.1,23.3,2.79,1,0,0
IND079-002517,2025-09-05,M3,noche,510,9,6.9,6.0,1.08,1,0,0
IND079-002518,2025-09-05,M4,noche,201,6,4.2,63.5,3.4,0,0,0
IND079-002519,2025-09-05,M5,noche,341,12,5.4,0.2,3.78,0,0,0
IND079-002520,2025-09-05,M6,noche,274,12,7.9,18.6,3.31,0,0,0
IND079-002521,2025-09-06,M1,dia,409,9,7.1,21.9,1.08,1,0,0
IND079-002522,2025-09-06,M2,dia,126,4,4.4,4.8,3.13,0,0,0
IND079-002523,2025-09-06,M3, DIA ,504,8,6.8,1.5,2.81,0,0,0
IND079-002524,2025-09-06,M4,dia,506,16,4.5,6.3,3.02,0,0,0
IND079-002525,2025-09-07,M5,dia,197,8,5.0,3.5,4.78,0,0,0
IND079-002526,2025-09-07,M6,dia,141,10,6.4,12.8,4.99,0,0,0
IND079-002527,2025-09-07,M1,noche,696,20,5.9,7.2,2.74,0,0,0
IND079-002528,2025-09-07,M2,noche,536,11,4.8,18.1,1.94,1,0,0
IND079-002529,2025-09-07,M3,noche,435,18,6.4,46.7,2.69,0,0,0
IND079-002530,2025-09-08,M4,noche,661,20,5.7,2.6,6.14,1,0,0
IND079-002531,2025-09-08,M5,noche,660,19,7.3,2.2,2.98,0,0,0
IND079-002532,2025-09-08,M6,noche,598,21,5.5,41.2,4.44,0,0,0
IND079-002533,2025-09-08,M1,dia,221,5,6.5,28.8,"4,06",0,1,1888.01
IND079-002534,2025-09-09,M2,dia,84,3,4.2,6.5,2.39,0,0,0
IND079-002535,2025-09-09,M3,dia,113,7,6.5,52.5,2.71,0,0,0
IND079-002536,2025-09-09,M4,dia,390,17,7.6,5.0,4.89,0,0,0
IND079-002537,2025-09-09,M5,dia,250,6,7.8,4.2,3.79,0,0,0
IND079-002538,2025-09-10,M6,dia,280,12,7.0,14.2,2.43,0,0,0
IND079-002539,2025-09-10,M1,noche,301,4,7.5,23.8,3.9,1,1,456.67
IND079-002540,2025-09-10,M2,noche,689,17,4.6,11.5,2.75,1,0,0
IND079-002541,2025-09-10,M3,noche,678,17,3.4,3.3,2.23,1,0,0
IND079-002542,2025-09-11,M4,noche,367,12,4.3,32.1,3.98,0,0,0
IND079-002543,2025-09-11,M5,noche,404,15,7.9,1.8,2.36,1,0,0
IND079-002544,2025-09-11,M6,noche,417,17,7.5,20.6,4.43,0,0,0
IND079-002545,2025-09-11,M1,dia,151,2,3.9,9.2,4.61,0,1,463.37
IND079-002546,2025-09-12,M2,dia,598,24,4.0,4.0,2.18,0,0,0
IND079-002547,2025-09-12,M3,dia,262,10,7.5,15.8,3.37,0,0,0
IND079-002548,2025-09-12,M4,dia,519,21,7.6,52.9,3.01,0,0,0
IND079-002549,2025-09-12,M5,dia,739,17,4.2,0.3,3.25,0,0,0
IND079-002550,2025-09-13,M6,dia,441,11,3.6,21.4,3.92,0,0,0
IND079-002551,2025-09-13,M1,noche,792,19,3.9,7.7,5.84,1,1,1513.62
IND079-002552,2025-09-13,M2,noche,214,3,4.5,21.4,3.73,0,0,0
IND079-002553,2025-09-13,M3,noche,167,8,8.0,2.0,3.82,0,0,0
IND079-002554,2025-09-14,M4,noche,199,6,3.7,22.2,4.87,0,0,0
IND079-002555,2025-09-14,M5,noche,574,16,6.6,22.9,4.83,0,0,0
IND079-002556,2025-09-14,M6,noche,196,10,4.7,12.8,3.07,0,0,0
IND079-002557,2025-09-14,M1,dia,215,2,5.8,0.0,3.29,0,1,464.29
IND079-002558,2025-09-15,M2,dia,600,27,3.1,3.1,3.02,0,0,0
IND079-002559,2025-09-15,M3,dia,281,8,4.3,13.3,4.84,0,0,0
IND079-002560,2025-09-15,M4,dia,151,6,5.5,20.0,0.91,1,0,0
IND079-002561,2025-09-15,M5,dia,371,11,4.1,27.3,2.74,0,0,0
IND079-002562,2025-09-16,M6,dia,437,18,4.6,4.3,2.81,0,0,0
IND079-002563,2025-09-16,M1,noche,187,6,7.4,23.0,0.53,0,0,0
IND079-002564,2025-09-16,M2,noche,158,5,7.2,38.9,2.42,1,0,0
IND079-002565,2025-09-16,M3,noche,417,20,6.3,0.3,4.78,0,0,0
IND079-002566,2025-09-17,M4,noche,703,22,7.3,14.8,4.86,1,0,0
IND079-002567,2025-09-17,M5,noche,91,3,7.3,10.6,2.69,0,0,0
IND079-002568,2025-09-17,M6,noche,185,5,6.5,0.1,4.61,0,0,0
IND079-002569,2025-09-17,M1,dia,350,4,5.1,41.9,4.6,0,0,0
IND079-002570,2025-09-17,M2,dia,682,18,6.5,11.9,2.76,1,0,0
IND079-002571,2025-09-18,M3,dia,356,11,4.3,12.9,0.65,0,0,0
IND079-002572,2025-09-18,M4,dia,676,28,5.8,3.3,3.61,0,0,0
IND079-002573,2025-09-18,M5,dia,687,35,4.7,2.4,2.68,0,0,0
IND079-002574,2025-09-18,M6,dia,515,30,7.8,5.5,,0,0,0
IND079-002575,2025-09-19,M1,noche,500,13,6.0,4.9,2.68,0,0,0
IND079-002576,2025-09-19,M2,noche,646,16,3.1,77.6,1.29,0,0,0
IND079-002577,2025-09-19,M3,noche,713,18,7.8,32.6,3.45,0,0,0
IND079-002578,2025-09-19,M4,noche,681,27,5.6,2.7,6.39,0,0,0
IND079-002579,2025-09-20,M5,noche,697,22,5.6,0.3,3.9,0,0,0
IND079-002580,2025-09-20,M6,noche,367,15,3.9,0.9,3.71,0,0,0
IND079-002581,2025-09-20,M1,dia,188,3,3.2,3.2,3.06,0,0,0
IND079-002582,2025-09-20,M2,dia,556,16,3.0,3.7,2.14,0,0,0
IND079-002583,2025-09-21,M3,dia,734,25,6.2,2.2,2.61,1,0,0
IND079-002584,2025-09-21,M4,dia,587,17,5.1,15.9,4.4,0,0,0
IND079-002585,2025-09-21,M5,dia,109,2,7.1,55.3,3.96,1,0,0
IND079-002586,2025-09-21,M6,dia,281,17,5.2,18.4,3.6,0,0,0
IND079-002587,2025-09-22,M1,noche,703,16,3.2,10.4,3.6,0,0,0
IND079-002588,2025-09-22,M2,noche,231,6,3.1,8.7,2.64,0,0,0
IND079-002589,2025-09-22,M3,noche,501,15,6.1,13.7,1.33,0,0,0
IND079-002590,2025-09-22,M4,noche,751,25,4.9,7.7,0.93,0,0,0
IND079-002591,2025-09-23,M5,noche,544,18,3.6,16.4,3.37,0,0,0
IND079-002592,2025-09-23,M6,noche,656,32,7.2,4.2,3.4,0,0,0
IND079-002593,2025-09-23,M1,dia,691,12,3.6,0.8,2.99,0,0,0
IND079-002594,2025-09-23,M2,dia,340,10,4.5,3.3,2.73,0,0,0
IND079-002595,2025-09-24,M3,dia,319,8,7.9,14.4,3.75,0,0,0
IND079-002596,2025-09-24,M4,dia,369,18,7.9,28.1,4.04,0,0,0
IND079-002597,2025-09-24,M5,dia,430,21,4.2,14.4,2.79,0,0,0
IND079-002598,2025-09-24,M6,dia,604,29,3.0,47.7,4.73,0,0,0
IND079-002599,2025-09-25,M1,noche,766,21,7.8,28.8,2.52,1,0,0
IND079-002600,2025-09-25,M2,noche,512,16,4.2,21.0,3.19,0,0,0
IND079-002601,2025-09-25,M3,noche,90,2,4.5,41.5,3.09,0,0,0
IND079-002602,2025-09-25,M4,noche,741,30,6.3,40.9,2.91,0,0,0
IND079-002603,2025-09-26,M5,noche,505,16,7.0,3.6,3.34,0,0,0
IND079-002604,2025-09-26,M6,noche,620,28,6.4,5.9,2.24,0,0,0
IND079-002605,2025-09-26,M1,dia,798,19,4.0,44.1,1.87,1,0,0
IND079-002606,2025-09-26,M2,dia,261,11,5.6,16.5,3.18,0,0,0
IND079-002607,2025-09-26,M3,dia,256,4,3.7,24.0,4.44,0,0,0
IND079-002608,2025-09-27,M4,dia,764,40,7.9,26.8,3.41,1,0,0
IND079-002609,2025-09-27,M5,dia,673,31,4.5,17.5,2.97,0,0,0
IND079-002610,2025-09-27,M6,dia,489,22,6.4,4.8,3.55,0,0,0
IND079-002611,2025-09-27,M1,noche,773,24,7.7,91.2,2.87,0,0,0
IND079-002612,2025-09-28,M2,noche,463,17,7.2,7.0,2.4,1,0,0
IND079-002613,2025-09-28,M3,noche,282,8,3.5,21.2,4.29,0,0,0
IND079-002614,2025-09-28,M4,noche,384,17,5.2,78.5,4.46,0,0,0
IND079-002615,2025-09-28,M5,noche,753,25,7.2,33.6,4.06,0,0,0
IND079-002616,2025-09-29,M6,noche,558,24,4.5,2.3,3.76,0,0,0
IND079-002617,2025-09-29,M1,dia,553,17,6.5,9.7,2.62,0,0,0
IND079-002618,2025-09-29,M2,dia,212,3,6.5,6.9,2.96,0,0,0
IND079-002619,2025-09-29,M3,dia,106,2,3.5,14.7,1.6,1,0,0
IND079-002620,2025-09-30,M4, DIA ,147,2,6.8,7.0,3.53,0,0,0
IND079-002621,2025-09-30,M5,dia,419,18,6.7,7.4,4.94,0,0,0
IND079-002622,2025-09-30,M6,dia,358,16,6.1,0.1,4.91,0,0,0
IND079-002623,2025-09-30,M1,noche,86,1,5.4,3.5,1.34,0,0,0
IND079-002624,2025-10-01,M2,noche,139,5,6.6,6.8,2.99,0,0,0
IND079-002625,2025-10-01,M3,noche,526,13,5.5,2.5,1.52,1,0,0
IND079-002626,2025-10-01,M4,noche,692,37,4.6,10.5,5.31,0,0,0
IND079-002627,2025-10-01,M5,noche,604,21,5.8,27.0,3.74,0,0,0
IND079-002628,2025-10-02,M6,noche,197,7,7.6,42.3,4.89,0,0,0
IND079-002629,2025-10-02,M1,dia,355,3,3.6,2.6,2.21,0,0,0
IND079-002630,2025-10-02,M2,dia,404,11,7.1,17.5,4.71,0,0,0
IND079-002631,2025-10-02,M3,dia,702,30,7.2,22.0,4.13,0,0,0
IND079-002632,2025-10-03,M4,dia,664,28,5.8,31.0,3.97,0,0,0
IND079-002633,2025-10-03,M5,dia,734,22,4.4,7.0,4.62,1,0,0
IND079-002634,2025-10-03,M6,dia,107,5,3.4,3.5,4.26,1,0,0
IND079-002635,2025-10-03,M1,noche,716,19,8.0,13.4,3.75,0,0,0
IND079-002636,2025-10-04,M2,noche,146,3,3.0,6.5,1.44,0,0,0
IND079-002637,2025-10-04,M3,noche,276,9,6.9,13.5,3.93,1,0,0
IND079-002638,2025-10-04,M4,noche,616,26,5.1,20.8,3.55,1,0,0
IND079-002639,2025-10-04,M5,noche,336,11,5.2,6.0,3.64,1,0,0
IND079-002640,2025-10-05,M6,noche,722,54,5.8,23.1,4.27,0,0,0
IND079-002641,2025-10-05,M1,dia,679,18,6.0,29.4,2.05,0,0,0
IND079-002642,2025-10-05,M2,dia,785,23,3.9,4.2,4.69,0,0,0
IND079-002643,2025-10-05,M3,dia,357,10,4.1,41.6,3.87,0,0,0
IND079-002644,2025-10-06,M4,dia,493,15,5.8,55.0,4.19,0,0,0
IND079-002645,2025-10-06,M5,dia,117,6,7.5,28.9,2.68,0,0,0
IND079-002646,2025-10-06,M6,dia,495,19,6.7,18.7,2.51,0,0,0
IND079-002647,2025-10-06,M1,noche,447,14,4.5,3.5,3.42,0,0,0
IND079-002648,2025-10-06,M2,noche,266,9,4.5,71.9,2.66,0,0,0
IND079-002649,2025-10-07,M3,noche,513,13,7.8,21.1,3.54,0,0,0
IND079-002650,2025-10-07,M4,noche,772,36,6.6,38.2,1.64,1,0,0
IND079-002651,2025-10-07,M5,noche,316,10,7.0,23.0,5.25,0,0,0
IND079-002652,2025-10-07,M6,noche,251,11,7.3,24.1,4.51,1,0,0
IND079-002653,2025-10-08,M1,dia,516,14,3.8,44.7,1.33,0,0,0
IND079-002654,2025-10-08,M2,dia,250,9,7.1,34.8,2.47,0,0,0
IND079-002655,2025-10-08,M3,dia,688,19,3.0,0.8,4.25,0,0,0
IND079-002656,2025-10-08,M4,dia,176,8,7.5,9.6,2.92,1,0,0
IND079-002657,2025-10-09,M5,dia,662,23,5.2,25.6,,0,0,0
IND079-002658,2025-10-09,M6,dia,117,6,5.5,23.4,4.75,1,0,0
IND079-002659,2025-10-09,M1,noche,323,8,3.7,1.2,1.17,0,0,0
IND079-002660,2025-10-09,M2,noche,675,21,4.3,2.5,3.16,0,0,0
IND079-002661,2025-10-10,M3,noche,265,7,5.0,13.6,3.35,0,0,0
IND079-002662,2025-10-10,M4,noche,398,25,6.9,14.0,3.99,0,0,0
IND079-002663,2025-10-10,M5,noche,644,25,6.6,6.4,1.02,0,0,0
IND079-002664,2025-10-10,M6,noche,452,25,5.3,11.6,3.47,0,0,0
IND079-002665,2025-10-11,M1,dia,717,16,3.8,57.3,2.3,1,0,0
IND079-002666,2025-10-11,M2,dia,667,22,3.6,1.3,1.87,1,0,0
IND079-002667,2025-10-11,M3,dia,430,15,3.4,44.6,2.68,0,0,0
IND079-002668,2025-10-11,M4,dia,599,22,4.0,14.6,4.75,0,0,0
IND079-002669,2025-10-12,M5,dia,398,8,7.9,22.6,2.83,0,0,0
IND079-002670,2025-10-12,M6,dia,181,6,5.1,4.8,2.82,0,0,0
IND079-002671,2025-10-12,M1,noche,722,10,5.2,8.9,2.47,0,0,0
IND079-002672,2025-10-12,M2,noche,762,18,7.0,19.9,3.04,0,0,0
IND079-002673,2025-10-13,M3,noche,406,10,6.4,18.2,4.63,1,0,0
IND079-002674,2025-10-13,M4,noche,704,21,8.0,9.0,1.85,0,0,0
IND079-002675,2025-10-13,M5,noche,392,11,3.5,10.4,5.06,0,0,0
IND079-002676,2025-10-13,M6,noche,629,28,4.1,2.6,3.63,0,0,0
IND079-002677,2025-10-14,M1,dia,474,9,4.4,10.0,3.1,0,0,0
IND079-002678,2025-10-14,M2,dia,462,15,7.8,3.3,3.79,0,0,0
IND079-002679,2025-10-14,M3,dia,689,24,6.3,0.9,3.08,0,0,0
IND079-002680,2025-10-14,M4,dia,755,33,3.5,19.6,4.49,1,0,0
IND079-002681,2025-10-15,M5,dia,527,19,7.4,15.6,3.42,0,0,0
IND079-002682,2025-10-15,M6,dia,610,25,3.9,0.0,4.36,0,0,0
IND079-002683,2025-10-15,M1,noche,615,14,4.3,3.2,2.24,0,0,0
IND079-002684,2025-10-15,M2,noche,327,8,3.5,4.9,2.98,0,0,0
IND079-002685,2025-10-16,M3,noche,547,17,4.1,41.7,2.22,0,0,0
IND079-002686,2025-10-16,M4,noche,244,9,4.5,16.9,2.65,0,0,0
IND079-002687,2025-10-16,M5,noche,144,5,6.2,38.2,3.48,0,0,0
IND079-002688,2025-10-16,M6,noche,205,5,7.3,2.3,3.64,0,0,0
IND079-002689,2025-10-16,M1,dia,601,11,3.8,8.8,2.83,0,0,0
IND079-002690,2025-10-17,M2,dia,367,13,7.3,3.2,3.02,0,0,0
IND079-002691,2025-10-17,M3,dia,789,30,3.6,2.8,2.8,0,0,0
IND079-002692,2025-10-17,M4,dia,722,33,3.2,4.7,4.95,0,0,0
IND079-002693,2025-10-17,M5,dia,720,28,5.1,9.6,3.48,0,0,0
IND079-002694,2025-10-18,M6,dia,301,18,4.3,3.1,2.44,0,0,0
IND079-002695,2025-10-18,M1,noche,578,13,7.4,19.8,1.81,0,0,0
IND079-002696,2025-10-18,M2,noche,486,15,6.4,2.1,2.81,0,0,0
IND079-002697,2025-10-18,M3,noche,524,19,6.1,26.2,5.12,1,0,0
IND079-002698,2025-10-19,M4,noche,300,14,3.9,34.4,3.52,0,0,0
IND079-002699,2025-10-19,M5,noche,200,6,7.2,28.4,3.47,1,0,0
IND079-002700,2025-10-19,M6,noche,642,26,7.8,13.2,3.84,0,0,0
IND079-002701,2025-10-19,M1,dia,557,12,4.2,12.1,2.91,1,0,0
IND079-002702,2025-10-20,M2,dia,253,10,7.5,7.1,2.98,0,0,0
IND079-002703,2025-10-20,M3,dia,759,24,6.1,0.7,3.09,0,0,0
IND079-002704,2025-10-20,M4,dia,710,26,6.4,83.6,3.19,1,0,0
IND079-002705,2025-10-20,M5,dia,517,15,7.8,33.3,4.24,1,0,0
IND079-002706,2025-10-21,M6,dia,161,5,6.3,3.9,3.55,0,0,0
IND079-002707,2025-10-21,M1,noche,316,10,5.3,16.9,1.98,0,0,0
IND079-002708,2025-10-21,M2,noche,261,8,4.3,7.4,2.58,0,0,0
IND079-002709,2025-10-21,M3,noche,682,23,4.7,3.9,1.94,0,0,0
IND079-002710,2025-10-22,M4,noche,360,18,6.2,5.9,2.7,0,0,0
IND079-002711,2025-10-22,M5,noche,359,7,6.4,12.3,3.06,0,0,0
IND079-002712,2025-10-22,M6,noche,513,15,6.4,66.3,4.03,1,0,0
IND079-002713,2025-10-22,M1,dia,768,15,3.0,1.9,2.54,1,0,0
IND079-002714,2025-10-23,M2,dia,470,21,4.2,3.7,2.27,0,0,0
IND079-002715,2025-10-23,M3,dia,85,3,6.4,32.7,5.47,0,0,0
IND079-002716,2025-10-23,M4,dia,272,12,7.8,14.7,4.02,0,0,0
IND079-002717,2025-10-23,M5, DIA ,614,28,6.2,1.6,3.31,0,0,0
IND079-002718,2025-10-24,M6,dia,589,26,3.8,19.3,3.92,0,0,0
IND079-002719,2025-10-24,M1,noche,232,7,6.3,31.2,2.64,0,0,0
IND079-002720,2025-10-24,M2,noche,362,12,3.7,32.1,1.96,0,0,0
IND079-002721,2025-10-24,M3,noche,238,9,6.7,47.9,2.22,0,0,0
IND079-002722,2025-10-25,M4,noche,732,22,4.1,6.5,3.65,1,0,0
IND079-002723,2025-10-25,M5,noche,501,13,4.5,6.9,2.36,0,0,0
IND079-002724,2025-10-25,M6,noche,648,25,5.2,0.2,3.43,0,0,0
IND079-002725,2025-10-25,M1,dia,650,13,6.3,3.0,4.58,0,0,0
IND079-002726,2025-10-25,M2,dia,771,29,3.6,12.9,1.41,0,0,0
IND079-002727,2025-10-26,M3,dia,380,10,7.8,16.6,4.11,0,0,0
IND079-002728,2025-10-26,M4,dia,578,31,7.2,4.0,3.3,0,0,0
IND079-002729,2025-10-26,M5,dia,307,9,6.0,1.8,3.29,0,0,0
IND079-002730,2025-10-26,M6,dia,506,27,7.0,0.2,5.26,0,0,0
IND079-002731,2025-10-27,M1,noche,558,12,6.0,41.1,1.92,1,0,0
IND079-002732,2025-10-27,M2,noche,196,8,6.0,42.8,2.25,0,0,0
IND079-002733,2025-10-27,M3,noche,551,17,4.6,12.0,2.28,0,0,0
IND079-002734,2025-10-27,M4,noche,219,9,6.1,12.1,2.32,1,0,0
IND079-002735,2025-10-28,M5,noche,583,23,6.5,26.9,2.87,0,0,0
IND079-002736,2025-10-28,M6,noche,132,5,7.4,2.1,2.98,1,0,0
IND079-002737,2025-10-28,M1,dia,113,3,5.5,33.0,3.72,0,0,0
IND079-002738,2025-10-28,M2,dia,406,18,5.7,1.1,4.14,0,0,0
IND079-002739,2025-10-29,M3,dia,355,8,4.3,65.9,4.26,0,0,0
IND079-002740,2025-10-29,M4,dia,209,12,6.7,21.8,,0,0,0
IND079-002741,2025-10-29,M5,dia,201,4,5.9,97.1,4.74,0,0,0
IND079-002742,2025-10-29,M6,dia,664,30,5.0,9.2,2.61,0,0,0
IND079-002743,2025-10-30,M1,noche,237,0,5.1,11.9,3.62,0,0,0
IND079-002744,2025-10-30,M2,noche,245,9,6.9,7.6,"1,61",0,1,1466.86
IND079-002745,2025-10-30,M3,noche,183,7,4.0,24.3,4.14,0,0,0
IND079-002746,2025-10-30,M4,noche,137,8,3.2,6.2,2.83,0,0,0
IND079-002747,2025-10-31,M5,noche,415,15,7.1,6.1,3.05,1,0,0
IND079-002748,2025-10-31,M6,noche,622,33,4.8,8.4,3.96,0,0,0
IND079-002749,2025-10-31,M1,dia,305,5,6.9,3.7,2.32,1,0,0
IND079-002750,2025-10-31,M2,dia,386,11,4.7,8.5,3.62,0,1,691.67
IND079-002751,2025-11-01,M3,dia,109,3,4.3,28.6,0.15,1,0,0
IND079-002752,2025-11-01,M4,dia,681,24,6.3,0.7,3.33,0,0,0
IND079-002753,2025-11-01,M5,dia,228,6,6.2,13.4,4.07,0,0,0
IND079-002754,2025-11-01,M6,dia,572,28,3.0,11.5,2.46,0,0,0
IND079-002755,2025-11-02,M1,noche,446,11,4.4,13.1,1.84,1,0,0
IND079-002756,2025-11-02,M2,noche,97,2,6.5,15.4,5.22,0,1,1475.55
IND079-002757,2025-11-02,M3,noche,620,19,7.8,29.0,3.36,1,0,0
IND079-002758,2025-11-02,M4,noche,84,4,3.8,45.4,4.56,0,0,0
IND079-002759,2025-11-03,M5,noche,506,20,7.4,8.6,1.85,0,0,0
IND079-002760,2025-11-03,M6,noche,145,5,5.1,33.6,2.89,0,0,0
IND079-002761,2025-11-03,M1,dia,643,10,6.6,5.6,2.47,0,0,0
IND079-002762,2025-11-03,M2,dia,704,23,4.6,0.6,2.48,0,1,1227.26
IND079-002763,2025-11-04,M3,dia,711,27,7.4,7.6,2.68,0,0,0
IND079-002764,2025-11-04,M4,dia,109,4,3.0,4.0,3.5,0,0,0
IND079-002765,2025-11-04,M5,dia,309,8,6.0,5.3,4.59,0,0,0
IND079-002766,2025-11-04,M6,dia,656,24,6.2,27.8,3.89,1,0,0
IND079-002767,2025-11-04,M1,noche,512,17,5.5,11.2,2.19,0,0,0
IND079-002768,2025-11-05,M2,noche,770,26,7.8,15.0,1.98,1,1,1904.9
IND079-002769,2025-11-05,M3,noche,514,14,3.5,22.5,3.29,0,0,0
IND079-002770,2025-11-05,M4,noche,301,11,6.9,38.6,3.97,0,0,0
IND079-002771,2025-11-05,M5,noche,173,4,5.6,36.9,2.53,1,0,0
IND079-002772,2025-11-06,M6,noche,686,28,5.3,12.5,3.52,1,0,0
IND079-002773,2025-11-06,M1,dia,664,14,3.4,4.7,3.57,0,0,0
IND079-002774,2025-11-06,M2,dia,273,11,7.6,27.3,2.26,0,0,0
IND079-002775,2025-11-06,M3,dia,747,21,3.3,6.4,3.45,0,0,0
IND079-002776,2025-11-07,M4,dia,665,20,5.4,2.7,3.25,0,0,0
IND079-002777,2025-11-07,M5,dia,557,17,5.7,13.4,4.24,0,0,0
IND079-002778,2025-11-07,M6,dia,382,23,5.1,11.8,3.94,0,0,0
IND079-002779,2025-11-07,M1,noche,606,12,3.3,10.9,0.1,0,0,0
IND079-002780,2025-11-08,M2,noche,232,7,7.1,20.1,2.97,0,0,0
IND079-002781,2025-11-08,M3,noche,517,14,5.3,31.6,2.24,1,0,0
IND079-002782,2025-11-08,M4,noche,788,30,7.7,12.5,3.85,1,0,0
IND079-002783,2025-11-08,M5,noche,399,14,3.5,6.1,2.44,1,0,0
IND079-002784,2025-11-09,M6,noche,107,6,5.8,90.2,2.23,0,0,0
IND079-002785,2025-11-09,M1,dia,570,14,6.3,6.4,1.99,1,0,0
IND079-002786,2025-11-09,M2,dia,389,10,6.5,21.6,2.51,0,0,0
IND079-002787,2025-11-09,M3,dia,594,14,6.1,1.2,2.82,1,0,0
IND079-002788,2025-11-10,M4,dia,688,34,5.8,0.4,4.49,1,0,0
IND079-002789,2025-11-10,M5,dia,187,5,7.3,10.4,3.72,0,0,0
IND079-002790,2025-11-10,M6,dia,701,37,6.4,39.0,3.88,1,1,2866.32
IND079-002791,2025-11-10,M1,noche,616,13,4.9,3.6,3.24,0,0,0
IND079-002792,2025-11-11,M2,noche,658,21,8.0,36.4,2.73,0,0,0
IND079-002793,2025-11-11,M3,noche,723,19,5.8,8.5,3.38,0,0,0
IND079-002794,2025-11-11,M4,noche,292,10,6.4,23.4,2.19,0,0,0
IND079-002795,2025-11-11,M5,noche,662,19,4.5,33.3,2.53,0,0,0
IND079-002796,2025-11-12,M6,noche,297,8,5.9,25.2,5.59,0,1,443.04
IND079-002797,2025-11-12,M1,dia,289,4,5.2,8.2,0.98,0,0,0
IND079-002798,2025-11-12,M2,dia,746,27,6.6,11.4,3.61,0,0,0
IND079-002799,2025-11-12,M3,dia,524,13,5.5,32.5,2.21,1,0,0
IND079-002800,2025-11-13,M4,dia,405,22,7.1,5.1,2.85,0,0,0
IND079-002801,2025-11-13,M5,dia,326,10,3.8,7.8,5.88,0,0,0
IND079-002802,2025-11-13,M6,dia,221,10,5.1,10.6,6.4,0,1,322.54
IND079-002803,2025-11-13,M1,noche,731,14,3.4,44.2,1.78,0,0,0
IND079-002804,2025-11-13,M2,noche,126,5,5.9,6.8,2.74,1,0,0
IND079-002805,2025-11-14,M3,noche,460,12,6.2,27.2,2.77,0,0,0
IND079-002806,2025-11-14,M4,noche,119,2,6.7,8.3,1.84,0,0,0
IND079-002807,2025-11-14,M5,noche,563,29,7.4,42.0,2.02,0,0,0
IND079-002808,2025-11-14,M6,noche,489,20,3.0,58.4,4.08,0,1,1502.09
IND079-002809,2025-11-15,M1,dia,562,15,5.6,4.8,2.8,1,0,0
IND079-002810,2025-11-15,M2,dia,614,17,4.7,9.6,2.37,0,0,0
IND079-002811,2025-11-15,M3,dia,401,14,3.7,32.2,2.69,0,0,0
IND079-002812,2025-11-15,M4,dia,169,1,4.9,2.5,4.31,0,0,0
IND079-002813,2025-11-16,M5,dia,600,18,5.7,9.4,3.07,0,0,0
IND079-002814,2025-11-16,M6, DIA ,666,23,4.6,3.2,6.27,0,1,1060.81
IND079-002815,2025-11-16,M1,noche,338,9,3.9,27.5,3.21,0,0,0
IND079-002816,2025-11-16,M2,noche,546,18,3.4,29.0,1.9,0,0,0
IND079-002817,2025-11-17,M3,noche,345,11,5.1,11.6,1.64,0,0,0
IND079-002818,2025-11-17,M4,noche,763,25,6.3,27.6,2.52,0,0,0
IND079-002819,2025-11-17,M5,noche,315,15,7.4,0.8,2.98,0,0,0
IND079-002820,2025-11-17,M6,noche,483,20,3.8,16.4,5.29,1,0,0
IND079-002821,2025-11-18,M1,dia,622,11,3.7,4.6,3.17,1,0,0
IND079-002822,2025-11-18,M2,dia,668,15,4.4,26.7,2.53,0,0,0
IND079-002823,2025-11-18,M3,dia,608,21,7.2,15.2,,0,0,0
IND079-002824,2025-11-18,M4,dia,394,7,4.6,0.2,2.2,0,0,0
IND079-002825,2025-11-19,M5,dia,125,4,6.7,32.6,4.54,0,0,0
IND079-002826,2025-11-19,M6,dia,159,9,7.1,0.6,3.32,0,0,0
IND079-002827,2025-11-19,M1,noche,592,8,4.8,11.9,2.87,0,0,0
IND079-002828,2025-11-19,M2,noche,731,19,7.5,6.2,2.26,0,0,0
IND079-002829,2025-11-20,M3,noche,145,3,6.4,53.6,2.55,1,0,0
IND079-002830,2025-11-20,M4,noche,672,21,6.9,0.9,3.04,0,0,0
IND079-002831,2025-11-20,M5,noche,487,18,4.9,7.8,3.99,0,0,0
IND079-002832,2025-11-20,M6,noche,444,22,5.3,14.5,3.87,0,0,0
IND079-002833,2025-11-21,M1,dia,742,16,7.0,3.5,3.61,0,0,0
IND079-002834,2025-11-21,M2,dia,215,3,4.1,4.6,2.1,1,0,0
IND079-002835,2025-11-21,M3,dia,296,8,6.5,9.4,3.5,0,0,0
IND079-002836,2025-11-21,M4,dia,758,36,7.9,3.0,2.38,1,0,0
IND079-002837,2025-11-22,M5,dia,128,5,4.5,5.1,3.43,0,0,0
IND079-002838,2025-11-22,M6,dia,312,17,7.0,23.1,6.22,0,0,0
IND079-002839,2025-11-22,M1,noche,219,4,3.6,21.9,2.02,1,0,0
IND079-002840,2025-11-22,M2,noche,311,8,3.9,17.2,3.05,0,0,0
IND079-002841,2025-11-23,M3,noche,225,3,4.8,8.5,1.66,0,0,0
IND079-002842,2025-11-23,M4,noche,602,22,4.4,21.1,4.95,0,0,0
IND079-002843,2025-11-23,M5,noche,486,15,7.4,51.3,4.81,0,0,0
IND079-002844,2025-11-23,M6,noche,694,37,4.1,16.6,4.47,0,0,0
IND079-002845,2025-11-23,M1,dia,131,3,3.1,3.5,2.95,1,0,0
IND079-002846,2025-11-24,M2,dia,152,6,7.2,45.3,2.92,1,0,0
IND079-002847,2025-11-24,M3,dia,199,5,3.8,24.7,3.22,0,0,0
IND079-002848,2025-11-24,M4,dia,92,4,3.9,18.8,3.2,1,0,0
IND079-002849,2025-11-24,M5,dia,198,5,8.0,14.4,4.11,0,0,0
IND079-002850,2025-11-25,M6,dia,302,15,3.3,4.2,2.02,0,0,0
IND079-002851,2025-11-25,M1,noche,706,16,7.5,7.7,2.29,0,0,0
IND079-002852,2025-11-25,M2,noche,603,27,4.2,8.9,3.35,0,0,0
IND079-002853,2025-11-25,M3,noche,469,13,6.5,10.9,3.41,0,0,0
IND079-002854,2025-11-26,M4,noche,324,14,3.8,2.7,2.83,0,0,0
IND079-002855,2025-11-26,M5,noche,201,12,7.7,2.6,2.79,0,0,0
IND079-002856,2025-11-26,M6,noche,740,28,4.9,34.0,1.42,0,0,0
IND079-002857,2025-11-26,M1,dia,210,7,4.3,2.5,1.77,0,0,0
IND079-002858,2025-11-27,M2,dia,639,20,7.8,21.5,2.19,1,0,0
IND079-002859,2025-11-27,M3,dia,199,8,5.9,49.1,3.65,0,0,0
IND079-002860,2025-11-27,M4,dia,709,26,7.2,30.7,3.68,1,0,0
IND079-002861,2025-11-27,M5,dia,187,3,4.8,23.3,3.02,0,0,0
IND079-002862,2025-11-28,M6,dia,326,7,7.1,11.3,5.05,0,0,0
IND079-002863,2025-11-28,M1,noche,638,14,6.0,30.2,1.13,0,0,0
IND079-002864,2025-11-28,M2,noche,209,9,6.8,9.7,2.97,0,0,0
IND079-002865,2025-11-28,M3,noche,599,10,4.1,0.8,1.81,0,0,0
IND079-002866,2025-11-29,M4,noche,466,21,4.6,37.7,3.93,0,0,0
IND079-002867,2025-11-29,M5,noche,377,12,5.7,41.2,2.84,0,0,0
IND079-002868,2025-11-29,M6,noche,414,18,3.8,16.8,2.46,0,0,0
IND079-002869,2025-11-29,M1,dia,741,17,5.2,24.8,2.12,0,0,0
IND079-002870,2025-11-30,M2,dia,178,8,5.3,9.2,4.08,0,0,0
IND079-002871,2025-11-30,M3,dia,570,15,7.2,1.6,2.03,0,0,0
IND079-002872,2025-11-30,M4,dia,353,9,6.1,9.4,2.93,0,0,0
IND079-002873,2025-11-30,M5,dia,427,15,3.6,13.3,4.27,0,0,0
IND079-002874,2025-12-01,M6,dia,396,14,6.8,20.5,3.47,0,0,0
IND079-002875,2025-12-01,M1,noche,532,10,6.5,15.0,2.7,0,0,0
IND079-002876,2025-12-01,M2,noche,576,25,7.5,4.3,2.54,0,0,0
IND079-002877,2025-12-01,M3,noche,426,15,3.6,8.1,3.53,1,0,0
IND079-002878,2025-12-02,M4,noche,473,16,4.2,1.4,5.73,0,0,0
IND079-002879,2025-12-02,M5,noche,746,39,7.6,6.3,2.93,0,0,0
IND079-002880,2025-12-02,M6,noche,640,32,3.6,1.2,4.37,0,0,0
IND079-002881,2025-12-02,M1,dia,519,9,4.0,9.9,3.28,1,0,0
IND079-002882,2025-12-03,M2,dia,563,11,7.5,12.4,1.11,0,0,0
IND079-002883,2025-12-03,M3,dia,552,16,4.5,8.2,3.48,0,0,0
IND079-002884,2025-12-03,M4,dia,674,33,3.3,46.2,2.0,0,0,0
IND079-002885,2025-12-03,M5,dia,770,30,3.5,46.2,3.96,0,0,0
IND079-002886,2025-12-03,M6,dia,575,24,3.2,52.2,2.89,0,0,0
IND079-002887,2025-12-04,M1,noche,374,5,6.3,7.2,1.77,0,0,0
IND079-002888,2025-12-04,M2,noche,182,6,5.9,13.3,3.2,0,0,0
IND079-002889,2025-12-04,M3,noche,765,22,5.6,4.2,3.25,0,0,0
IND079-002890,2025-12-04,M4,noche,219,3,7.4,1.5,3.96,0,0,0
IND079-002891,2025-12-05,M5,noche,563,23,4.8,0.4,3.63,0,0,0
IND079-002892,2025-12-05,M6,noche,355,14,6.5,7.7,4.03,0,0,0
IND079-002893,2025-12-05,M1,dia,724,16,7.3,12.9,2.76,0,0,0
IND079-002894,2025-12-05,M2,dia,691,31,3.6,46.1,3.22,0,0,0
IND079-002895,2025-12-06,M3,dia,726,29,7.5,34.6,2.44,0,0,0
IND079-002896,2025-12-06,M4,dia,412,18,5.5,53.9,2.31,0,0,0
IND079-002897,2025-12-06,M5,dia,732,20,7.8,24.2,3.86,0,0,0
IND079-002898,2025-12-06,M6,dia,312,19,7.3,36.3,3.9,0,0,0
IND079-002899,2025-12-07,M1,noche,559,15,5.9,3.5,0.66,0,0,0
IND079-002900,2025-12-07,M2,noche,169,2,7.8,10.9,3.63,0,0,0
IND079-002901,2025-12-07,M3,noche,195,11,8.0,46.3,3.13,1,0,0
IND079-002902,2025-12-07,M4,noche,245,9,4.6,7.9,4.33,0,0,0
IND079-002903,2025-12-08,M5,noche,646,23,4.2,32.6,5.35,0,0,0
IND079-002904,2025-12-08,M6,noche,425,17,6.1,13.8,2.52,0,0,0
IND079-002905,2025-12-08,M1,dia,374,13,5.7,5.0,4.4,0,0,0
IND079-002906,2025-12-08,M2,dia,693,27,3.8,3.8,,0,0,0
IND079-002907,2025-12-09,M3,dia,665,18,5.9,0.6,2.07,0,0,0
IND079-002908,2025-12-09,M4,dia,121,9,7.8,15.0,1.77,0,0,0
IND079-002909,2025-12-09,M5,dia,365,20,4.8,15.6,2.24,0,0,0
IND079-002910,2025-12-09,M6,dia,186,10,4.9,5.3,3.16,1,0,0
IND079-002911,2025-12-10,M1, NOCHE ,321,10,3.6,3.7,3.7,0,0,0
IND079-002912,2025-12-10,M2,noche,329,7,4.9,0.4,2.59,0,0,0
IND079-002913,2025-12-10,M3,noche,383,7,6.7,20.4,2.72,0,0,0
IND079-002914,2025-12-10,M4,noche,659,20,3.3,7.3,3.17,0,0,0
IND079-002915,2025-12-11,M5,noche,663,22,4.2,113.2,3.67,0,0,0
IND079-002916,2025-12-11,M6,noche,728,36,5.4,13.3,3.66,0,0,0
IND079-002917,2025-12-11,M1,dia,691,13,3.4,7.1,1.35,0,0,0
IND079-002918,2025-12-11,M2,dia,154,7,4.0,12.9,1.86,0,0,0
IND079-002919,2025-12-12,M3,dia,105,5,4.9,33.6,3.05,0,0,0
IND079-002920,2025-12-12,M4,dia,448,15,5.5,9.8,2.85,1,0,0
IND079-002921,2025-12-12,M5,dia,727,22,4.0,15.8,3.27,0,0,0
IND079-002922,2025-12-12,M6,dia,776,31,3.4,2.7,3.86,0,0,0
IND079-002923,2025-12-12,M1,noche,797,13,3.8,17.5,3.13,0,0,0
IND079-002924,2025-12-13,M2,noche,728,19,3.9,147.2,2.22,0,0,0
IND079-002925,2025-12-13,M3,noche,547,15,4.7,75.3,2.2,0,0,0
IND079-002926,2025-12-13,M4,noche,791,28,3.4,23.5,3.5,0,0,0
IND079-002927,2025-12-13,M5,noche,579,19,5.7,8.5,1.99,1,0,0
IND079-002928,2025-12-14,M6,noche,715,34,4.5,16.7,3.64,0,0,0
IND079-002929,2025-12-14,M1,dia,428,10,3.6,4.6,2.73,0,0,0
IND079-002930,2025-12-14,M2,dia,556,18,5.3,17.0,2.95,0,0,0
IND079-002931,2025-12-14,M3,dia,90,5,3.8,0.6,4.19,0,0,0
IND079-002932,2025-12-15,M4,dia,748,31,3.9,10.4,4.55,0,0,0
IND079-002933,2025-12-15,M5,dia,392,17,3.1,6.6,3.42,0,0,0
IND079-002934,2025-12-15,M6,dia,747,43,6.9,9.0,3.91,0,0,0
IND079-002935,2025-12-15,M1,noche,512,9,4.5,10.7,2.74,0,0,0
IND079-002936,2025-12-16,M2,noche,407,18,6.7,1.8,2.01,0,0,0
IND079-002937,2025-12-16,M3,noche,130,4,3.6,0.8,3.78,0,0,0
IND079-002938,2025-12-16,M4,noche,300,5,5.1,3.3,1.98,0,0,0
IND079-002939,2025-12-16,M5,noche,80,3,6.8,17.4,3.71,0,0,0
IND079-002940,2025-12-17,M6,noche,245,13,5.9,7.5,3.22,0,0,0
IND079-002941,2025-12-17,M1,dia,499,9,6.0,16.8,3.09,0,0,0
IND079-002942,2025-12-17,M2,dia,477,16,7.9,13.2,2.1,0,0,0
IND079-002943,2025-12-17,M3,dia,188,7,5.7,4.4,3.37,0,0,0
IND079-002944,2025-12-18,M4,dia,604,23,7.9,30.1,3.85,1,0,0
IND079-002945,2025-12-18,M5,dia,761,17,5.3,22.5,3.61,0,0,0
IND079-002946,2025-12-18,M6,dia,633,21,6.0,6.8,5.31,0,0,0
IND079-002947,2025-12-18,M1,noche,413,10,7.2,2.1,0.1,0,0,0
IND079-002948,2025-12-19,M2,noche,624,18,7.3,43.7,1.76,0,0,0
IND079-002949,2025-12-19,M3,noche,576,15,4.2,5.7,3.0,0,0,0
IND079-002950,2025-12-19,M4,noche,766,33,3.8,8.0,2.51,0,0,0
IND079-002951,2025-12-19,M5,noche,799,34,7.7,139.2,1.89,0,0,0
IND079-002952,2025-12-20,M6,noche,241,8,4.9,14.8,3.89,0,0,0
IND079-002953,2025-12-20,M1,dia,312,7,3.9,11.9,2.8,0,0,0
IND079-002954,2025-12-20,M2,dia,694,19,6.3,11.2,2.76,0,0,0
IND079-002955,2025-12-20,M3,dia,427,15,7.7,25.2,"1,31",0,0,0
IND079-002956,2025-12-21,M4,dia,772,26,6.5,3.8,3.32,0,0,0
IND079-002957,2025-12-21,M5,dia,755,25,3.5,32.6,5.45,0,0,0
IND079-002958,2025-12-21,M6,dia,394,24,6.2,1.1,3.65,0,0,0
IND079-002959,2025-12-21,M1,noche,460,16,7.5,27.1,3.07,0,0,0
IND079-002960,2025-12-22,M2,noche,731,25,3.7,9.4,2.23,1,0,0
IND079-002961,2025-12-22,M3,noche,448,10,5.7,16.3,2.69,0,0,0
IND079-002962,2025-12-22,M4,noche,180,5,4.0,10.3,1.62,0,0,0
IND079-002963,2025-12-22,M5,noche,291,8,6.3,1.9,2.2,0,0,0
IND079-002964,2025-12-22,M6,noche,759,34,7.8,8.4,5.26,1,0,0
IND079-002965,2025-12-23,M1,dia,755,24,5.1,41.5,2.43,0,0,0
IND079-002966,2025-12-23,M2,dia,530,12,7.1,27.0,2.61,0,0,0
IND079-002967,2025-12-23,M3,dia,84,4,4.4,13.3,1.64,0,0,0
IND079-002968,2025-12-23,M4,dia,101,4,3.6,5.8,3.74,0,0,0
IND079-002969,2025-12-24,M5,dia,139,6,5.9,22.4,3.8,0,0,0
IND079-002970,2025-12-24,M6,dia,607,28,3.2,3.9,3.65,1,0,0
IND079-002971,2025-12-24,M1,noche,124,1,5.1,1.6,1.09,0,0,0
IND079-002972,2025-12-24,M2,noche,168,3,4.8,12.2,1.28,0,0,0
IND079-002973,2025-12-25,M3,noche,476,13,6.1,5.7,0.92,0,0,0
IND079-002974,2025-12-25,M4,noche,260,11,5.3,7.1,2.51,0,0,0
IND079-002975,2025-12-25,M5,noche,253,7,3.7,6.1,4.27,1,0,0
IND079-002976,2025-12-25,M6,noche,408,21,5.9,0.2,4.04,1,0,0
IND079-002977,2025-12-26,M1,dia,431,12,4.4,16.3,2.27,0,0,0
IND079-002978,2025-12-26,M2,dia,555,15,7.1,0.8,2.94,0,0,0
IND079-002979,2025-12-26,M3,dia,289,7,7.9,89.2,2.88,0,0,0
IND079-002980,2025-12-26,M4,dia,592,21,5.2,12.2,2.03,0,0,0
IND079-002981,2025-12-27,M5,dia,301,8,7.8,19.9,3.55,0,0,0
IND079-002982,2025-12-27,M6,dia,187,13,3.1,6.5,4.29,0,0,0
IND079-002983,2025-12-27,M1,noche,560,13,4.0,2.7,1.42,0,0,0
IND079-002984,2025-12-27,M2,noche,391,12,3.8,2.6,2.68,0,0,0
IND079-002985,2025-12-28,M3,noche,164,4,5.9,13.3,4.39,0,0,0
IND079-002986,2025-12-28,M4,noche,224,15,7.5,0.8,4.31,0,0,0
IND079-002987,2025-12-28,M5,noche,697,33,7.5,82.4,2.84,0,0,0
IND079-002988,2025-12-28,M6,noche,780,45,3.8,24.3,3.71,0,0,0
IND079-002989,2025-12-29,M1,dia,388,10,3.0,27.7,,0,0,0
IND079-002990,2025-12-29,M2,dia,110,2,6.5,26.2,3.53,0,0,0
IND079-002991,2025-12-29,M3,dia,733,15,7.0,0.6,4.0,0,0,0
IND079-002992,2025-12-29,M4,dia,145,4,3.0,1.1,3.64,0,0,0
IND079-002993,2025-12-30,M5,dia,183,9,4.9,6.4,3.13,0,0,0
IND079-002994,2025-12-30,M6,dia,641,20,4.3,2.7,2.82,0,0,0
IND079-002995,2025-12-30,M1,noche,220,3,5.8,8.9,1.62,0,0,0
IND079-002996,2025-12-30,M2,noche,605,11,5.0,8.8,2.52,0,0,0
IND079-002997,2025-12-31,M3,noche,668,22,4.1,23.2,3.53,0,0,0
IND079-002998,2025-12-31,M4,noche,396,16,4.8,0.1,1.64,0,0,0
IND079-002999,2025-12-31,M5,noche,135,2,5.3,15.2,4.3,0,1,2161.05
IND079-003000,2025-12-31,M6,noche,345,19,7.9,27.9,4.97,0,0,0
IND079-000423,2024-04-12,M3,dia,272,4,4.3,15.5,"3,28",0,0,0
IND079-002511,2025-09-03,M3,dia,195,8,8.0,11.1,2.64,0,0,0
IND079-000924,2024-08-12,M6,noche,351,18,5.1,23.6,4.58,0,0,0
IND079-000629,2024-06-02,M5,dia,148,3,6.4,3.1,3.73,0,0,0
IND079-000610,2024-05-28,M4,noche,399,10,7.7,27.0,3.02,0,0,0
IND079-001126,2024-10-01,M4,noche,678,29,7.5,2.6,1.47,0,0,0
IND079-002860,2025-11-27,M4,dia,709,26,7.2,30.7,3.68,1,0,0
IND079-001640,2025-02-03,M2,noche,252,2,4.0,10.6,3.01,1,0,0
IND079-002694,2025-10-18,M6,dia,301,18,4.3,3.1,2.44,0,0,0
IND079-000602,2024-05-26,M2,dia,322,5,4.5,15.2,0.84,0,0,0
