registro_id,fecha,cliente,plan,zona,antiguedad_meses,consumo_gb,incidencias,baja_30d,motivo_baja
TEL073-000001,2024-01-01,C0001,esencial,norte,7,10.23,0,0,
TEL073-000002,2024-01-01,C0002,plus,norte,8,42.69,0,0,
TEL073-000003,2024-01-01,C0003,total,sur,31,48.81,0,0,
TEL073-000004,2024-01-01,C0004,esencial,norte,80,14.33,1,0,
TEL073-000005,2024-01-01,C0005,plus,sur,17,22.71,0,0,
TEL073-000006,2024-01-01,C0006,total,norte,2,49.27,1,0,
TEL073-000007,2024-01-01,C0007,esencial,centro,75,9.39,0,0,
TEL073-000008,2024-01-01,C0008,plus,norte,70,31.14,0,0,
TEL073-000009,2024-01-01,C0009,total,sur,43,40.92,1,0,
TEL073-000010,2024-01-01,C0010,esencial,sur,87,0.44,0,0,
TEL073-000011,2024-01-01,C0011,plus,norte,89,32.53,0,0,
TEL073-000012,2024-01-01,C0012,total,sur,12,41.08,1,0,
TEL073-000013,2024-01-01,C0013,esencial,norte,5,13.55,0,0,
TEL073-000014,2024-01-01,C0014,plus,centro,70,35.79,0,0,
TEL073-000015,2024-01-01,C0015,total,centro,90,52.13,1,0,
TEL073-000016,2024-01-01,C0016,esencial,sur,51,6.94,0,0,
TEL073-000017,2024-01-01,C0017,plus,sur,60,23.8,1,0,
TEL073-000018,2024-01-01,C0018,total,sur,14,50.24,0,0,
TEL073-000019,2024-01-01,C0019,esencial,norte,35,16.92,3,0,
TEL073-000020,2024-01-01,C0020,plus,sur,73,41.24,3,0,
TEL073-000021,2024-01-01,C0021,total,sur,13,50.4,0,0,
TEL073-000022,2024-01-01,C0022,esencial,centro,90,17.55,1,0,
TEL073-000023,2024-01-01,C0023,plus,centro,50,13.76,2,0,
TEL073-000024,2024-01-01,C0024,total,sur,89,40.79,0,0,
TEL073-000025,2024-01-01,C0025,esencial,centro,29,26.63,3,1,mudanza
TEL073-000026,2024-01-01,C0026,plus,sur,56,45.26,1,1,mudanza
TEL073-000027,2024-01-01,C0027,total,centro,13,37.07,0,0,
TEL073-000028,2024-01-01,C0028,esencial,norte,50,7.45,0,0,
TEL073-000029,2024-01-01,C0029,plus,centro,37,16.61,1,0,
TEL073-000030,2024-01-01,C0030,total,norte,42,40.22,0,0,
TEL073-000031,2024-01-01,C0031,esencial,centro,10,14.98,0,0,
TEL073-000032,2024-01-01,C0032,plus,norte,32,29.85,1,0,
TEL073-000033,2024-01-01,C0033,total,sur,89,41.13,4,0,
TEL073-000034,2024-01-01,C0034,esencial,norte,69,20.98,3,1,servicio
TEL073-000035,2024-01-01,C0035,plus,sur,81,35.02,3,0,
TEL073-000036,2024-01-01,C0036,total,norte,51,41.74,0,0,
TEL073-000037,2024-01-01,C0037,esencial,norte,33,8.06,2,0,
TEL073-000038,2024-01-01,C0038,plus,centro,37,34.65,0,1,precio
TEL073-000039,2024-01-01,C0039,total,norte,81,50.23,0,0,
TEL073-000040,2024-01-01,C0040,esencial,norte,74,11.73,0,0,
TEL073-000041,2024-01-01,C0041,plus,norte,73,24.61,0,0,
TEL073-000042,2024-01-01,C0042,total,norte,22,55.45,0,0,
TEL073-000043,2024-01-01,C0043,esencial,centro,7,11.06,1,0,
TEL073-000044,2024-01-01,C0044,plus,centro,90,18.58,3,0,
TEL073-000045,2024-01-01,C0045,total,norte,52,43.3,0,0,
TEL073-000046,2024-01-01,C0046,esencial,norte,13,10.83,2,0,
TEL073-000047,2024-01-01,C0047,plus,centro,62,38.27,0,0,
TEL073-000048,2024-01-01,C0048,total,sur,62,37.99,1,0,
TEL073-000049,2024-01-01,C0049,esencial,centro,86,23.86,0,0,
TEL073-000050,2024-01-01,C0050,plus,norte,34,23.34,1,0,
TEL073-000051,2024-01-01,C0051,total,centro,69,33.86,0,0,
TEL073-000052,2024-01-01,C0052,esencial,norte,85,8.81,1,0,
TEL073-000053,2024-01-01,C0053,plus,centro,47,22.2,0,0,
TEL073-000054,2024-01-01,C0054,total,sur,48,41.73,1,1,precio
TEL073-000055,2024-01-01,C0055,esencial,norte,32,12.64,0,0,
TEL073-000056,2024-01-01,C0056,plus,centro,64,19.51,2,0,
TEL073-000057,2024-01-01,C0057,total,sur,34,48.98,2,0,
TEL073-000058,2024-01-01,C0058,esencial,centro,54,10.9,0,1,servicio
TEL073-000059,2024-01-01,C0059,plus,centro,85,33.02,0,0,
TEL073-000060,2024-01-01,C0060,total,norte,57,48.16,0,0,
TEL073-000061,2024-01-01,C0061,esencial,centro,10,14.78,0,0,
TEL073-000062,2024-01-01,C0062,plus,centro,32,20.14,0,0,
TEL073-000063,2024-01-01,C0063,total,centro,3,50.07,2,0,
TEL073-000064,2024-01-01,C0064,esencial,centro,82,21.55,0,0,
TEL073-000065,2024-01-01,C0065,plus,centro,6,35.16,1,0,
TEL073-000066,2024-01-01,C0066,total,sur,42,55.38,0,0,
TEL073-000067,2024-01-01,C0067,esencial,sur,64,10.47,0,0,
TEL073-000068,2024-01-01,C0068,plus,norte,26,28.49,0,0,
TEL073-000069,2024-01-01,C0069,total,sur,48,42.11,0,0,
TEL073-000070,2024-01-01,C0070,esencial,centro,2,0,0,0,
TEL073-000071,2024-01-01,C0071,plus,centro,68,29.59,0,0,
TEL073-000072,2024-01-01,C0072,total,norte,27,42.44,3,0,
TEL073-000073,2024-01-01,C0073,esencial,sur,21,4.62,2,0,
TEL073-000074,2024-01-01,C0074,plus,centro,42,27.76,0,0,
TEL073-000075,2024-01-01,C0075,total,sur,52,45.05,3,0,
TEL073-000076,2024-01-01,C0076,esencial,centro,45,14.58,0,0,
TEL073-000077,2024-01-01,C0077,plus,sur,27,40.45,2,0,
TEL073-000078,2024-01-01,C0078,total,centro,69,50.28,1,0,
TEL073-000079,2024-01-01,C0079,esencial,sur,77,6.01,1,0,
TEL073-000080,2024-01-01,C0080,plus,sur,72,30.15,0,0,
TEL073-000081,2024-01-01,C0081,total,norte,19,40.6,0,0,
TEL073-000082,2024-01-01,C0082,esencial,centro,26,16.97,2,0,
TEL073-000083,2024-01-01,C0083,plus,centro,30,19.22,0,0,
TEL073-000084,2024-01-01,C0084,total,norte,18,,0,0,
TEL073-000085,2024-01-01,C0085,esencial,centro,37,6.62,0,0,
TEL073-000086,2024-01-01,C0086,plus,norte,65,26.64,0,0,
TEL073-000087,2024-01-01,C0087,total,centro,46,60.67,1,0,
TEL073-000088,2024-01-01,C0088,esencial,norte,10,26.93,0,1,servicio
TEL073-000089,2024-01-01,C0089,plus,sur,31,29.82,1,0,
TEL073-000090,2024-01-01,C0090,total,sur,32,56.36,1,0,
TEL073-000091,2024-01-01,C0091,esencial,norte,52,18.53,0,0,
TEL073-000092,2024-01-01,C0092,plus,sur,28,30.14,0,0,
TEL073-000093,2024-01-01,C0093,total,centro,53,47.66,0,0,
TEL073-000094,2024-01-01,C0094,esencial,norte,34,21.03,1,0,
TEL073-000095,2024-01-01,C0095,plus,norte,75,43.33,2,1,servicio
TEL073-000096,2024-01-01,C0096,total,sur,67,51.84,0,0,
TEL073-000097,2024-01-01,C0097,esencial,norte,20,15.65,0,1,precio
TEL073-000098,2024-01-01,C0098, PLUS ,centro,20,29.78,0,0,
TEL073-000099,2024-01-01,C0099,total,sur,75,50.39,1,0,
TEL073-000100,2024-01-01,C0100,esencial,norte,4,15.03,0,0,
TEL073-000101,2024-01-01,C0101,plus,sur,19,41.66,0,0,
TEL073-000102,2024-01-01,C0102,total,centro,68,58.15,1,0,
TEL073-000103,2024-01-01,C0103,esencial,sur,40,4.85,1,0,
TEL073-000104,2024-01-01,C0104,plus,centro,10,27.85,1,0,
TEL073-000105,2024-01-01,C0105,total,norte,15,49.93,2,1,servicio
TEL073-000106,2024-01-01,C0106,esencial,centro,53,16.32,1,0,
TEL073-000107,2024-01-01,C0107,plus,centro,5,35.53,1,0,
TEL073-000108,2024-01-01,C0108,total,centro,1,30.05,0,0,
TEL073-000109,2024-01-01,C0109,esencial,sur,65,8.0,0,0,
TEL073-000110,2024-01-01,C0110,plus,centro,83,38.29,0,0,
TEL073-000111,2024-01-01,C0111,total,norte,23,55.33,0,0,
TEL073-000112,2024-01-01,C0112,esencial,norte,22,13.94,0,0,
TEL073-000113,2024-01-01,C0113,plus,sur,31,27.93,0,0,
TEL073-000114,2024-01-01,C0114,total,norte,20,53.17,3,1,precio
TEL073-000115,2024-01-01,C0115,esencial,centro,22,11.7,0,0,
TEL073-000116,2024-01-01,C0116,plus,centro,12,20.85,0,0,
TEL073-000117,2024-01-01,C0117,total,sur,60,58.04,0,1,mudanza
TEL073-000118,2024-01-01,C0118,esencial,norte,14,12.04,3,0,
TEL073-000119,2024-01-01,C0119,plus,sur,46,27.02,0,0,
TEL073-000120,2024-01-01,C0120,total,norte,84,49.37,1,0,
TEL073-000121,2024-02-01,C0001,esencial,norte,8,17.03,1,0,
TEL073-000122,2024-02-01,C0002,plus,norte,9,13.54,0,0,
TEL073-000123,2024-02-01,C0003,total,sur,32,54.79,0,0,
TEL073-000124,2024-02-01,C0004,esencial,norte,81,18.84,0,0,
TEL073-000125,2024-02-01,C0005,plus,sur,18,17.13,0,0,
TEL073-000126,2024-02-01,C0006,total,norte,3,44.58,0,0,
TEL073-000127,2024-02-01,C0007,esencial,centro,76,20.76,0,0,
TEL073-000128,2024-02-01,C0008,plus,norte,71,38.56,0,0,
TEL073-000129,2024-02-01,C0009,total,sur,44,32.62,0,0,
TEL073-000130,2024-02-01,C0010,esencial,sur,88,11.35,3,0,
TEL073-000131,2024-02-01,C0011,plus,norte,90,30.34,3,0,
TEL073-000132,2024-02-01,C0012,total,sur,13,54.14,0,0,
TEL073-000133,2024-02-01,C0013,esencial,norte,6,6.5,0,0,
TEL073-000134,2024-02-01,C0014,plus,centro,71,37.12,4,0,
TEL073-000135,2024-02-01,C0015,total,centro,91,47.48,2,0,
TEL073-000136,2024-02-01,C0016,esencial,sur,52,0.8,0,0,
TEL073-000137,2024-02-01,C0017,plus,sur,61,36.85,4,0,
TEL073-000138,2024-02-01,C0018,total,sur,15,54.46,0,0,
TEL073-000139,2024-02-01,C0019,esencial,norte,36,10.11,2,0,
TEL073-000140,2024-02-01,C0020,plus,sur,74,17.38,0,0,
TEL073-000141,2024-02-01,C0021,total,sur,14,56.26,0,0,
TEL073-000142,2024-02-01,C0022,esencial,centro,91,23.4,1,0,
TEL073-000143,2024-02-01,C0023,plus,centro,51,35.9,0,0,
TEL073-000144,2024-02-01,C0024,total,sur,90,44.62,1,0,
TEL073-000145,2024-02-01,C0025,esencial,centro,30,0,1,1,precio
TEL073-000146,2024-02-01,C0026,plus,sur,57,12.62,2,1,servicio
TEL073-000147,2024-02-01,C0027,total,centro,14,34.41,2,0,
TEL073-000148,2024-02-01,C0028,esencial,norte,51,3.38,0,0,
TEL073-000149,2024-02-01,C0029,plus,centro,38,26.71,1,0,
TEL073-000150,2024-02-01,C0030,total,norte,43,45.08,0,0,
TEL073-000151,2024-02-01,C0031,esencial,centro,11,13.82,1,0,
TEL073-000152,2024-02-01,C0032,plus,norte,33,20.16,2,0,
TEL073-000153,2024-02-01,C0033,total,sur,90,53.6,0,0,
TEL073-000154,2024-02-01,C0034,esencial,norte,70,4.34,0,0,
TEL073-000155,2024-02-01,C0035,plus,sur,82,40.54,0,0,
TEL073-000156,2024-02-01,C0036,total,norte,52,53.58,0,0,
TEL073-000157,2024-02-01,C0037,esencial,norte,34,11.66,0,0,
TEL073-000158,2024-02-01,C0038,plus,centro,38,31.47,0,0,
TEL073-000159,2024-02-01,C0039,total,norte,82,45.46,0,0,
TEL073-000160,2024-02-01,C0040,esencial,norte,75,9.69,0,0,
TEL073-000161,2024-02-01,C0041,plus,norte,74,16.51,0,0,
TEL073-000162,2024-02-01,C0042,total,norte,23,31.44,0,0,
TEL073-000163,2024-02-01,C0043,esencial,centro,8,20.93,0,0,
TEL073-000164,2024-02-01,C0044,plus,centro,91,42.61,0,0,
TEL073-000165,2024-02-01,C0045,total,norte,53,51.88,0,0,
TEL073-000166,2024-02-01,C0046,esencial,norte,14,28.2,1,0,
TEL073-000167,2024-02-01,C0047,plus,centro,63,,0,0,
TEL073-000168,2024-02-01,C0048,total,sur,63,49.67,0,0,
TEL073-000169,2024-02-01,C0049,esencial,centro,87,12.35,1,0,
TEL073-000170,2024-02-01,C0050,plus,norte,35,36.04,2,0,
TEL073-000171,2024-02-01,C0051,total,centro,70,45.22,1,0,
TEL073-000172,2024-02-01,C0052,esencial,norte,86,11.75,1,0,
TEL073-000173,2024-02-01,C0053,plus,centro,48,25.55,0,0,
TEL073-000174,2024-02-01,C0054,total,sur,49,45.63,0,0,
TEL073-000175,2024-02-01,C0055,esencial,norte,33,27.61,0,0,
TEL073-000176,2024-02-01,C0056,plus,centro,65,28.01,3,0,
TEL073-000177,2024-02-01,C0057,total,sur,35,56.64,0,0,
TEL073-000178,2024-02-01,C0058,esencial,centro,55,13.1,2,0,
TEL073-000179,2024-02-01,C0059,plus,centro,86,27.54,0,0,
TEL073-000180,2024-02-01,C0060,total,norte,58,36.53,0,0,
TEL073-000181,2024-02-01,C0061,esencial,centro,11,15.6,3,0,
TEL073-000182,2024-02-01,C0062,plus,centro,33,20.41,1,0,
TEL073-000183,2024-02-01,C0063,total,centro,4,44.94,0,0,
TEL073-000184,2024-02-01,C0064,esencial,centro,83,12.88,0,0,
TEL073-000185,2024-02-01,C0065,plus,centro,7,51.41,0,0,
TEL073-000186,2024-02-01,C0066,total,sur,43,63.03,0,0,
TEL073-000187,2024-02-01,C0067,esencial,sur,65,17.95,0,0,
TEL073-000188,2024-02-01,C0068,plus,norte,27,29.27,0,0,
TEL073-000189,2024-02-01,C0069,total,sur,49,41.8,1,0,
TEL073-000190,2024-02-01,C0070,esencial,centro,3,3.86,1,0,
TEL073-000191,2024-02-01,C0071,plus,centro,69,37.66,0,0,
TEL073-000192,2024-02-01,C0072,total,norte,28,51.01,1,0,
TEL073-000193,2024-02-01,C0073,esencial,sur,22,12.54,1,0,
TEL073-000194,2024-02-01,C0074,plus,centro,43,23.13,1,0,
TEL073-000195,2024-02-01,C0075, TOTAL ,sur,53,49.73,1,0,
TEL073-000196,2024-02-01,C0076,esencial,centro,46,10.17,0,0,
TEL073-000197,2024-02-01,C0077,plus,sur,28,36.81,0,0,
TEL073-000198,2024-02-01,C0078,total,centro,70,34.24,2,0,
TEL073-000199,2024-02-01,C0079,esencial,sur,78,8.45,3,0,
TEL073-000200,2024-02-01,C0080,plus,sur,73,27.57,0,0,
TEL073-000201,2024-02-01,C0081,total,norte,20,60.36,1,0,
TEL073-000202,2024-02-01,C0082,esencial,centro,27,4.86,0,0,
TEL073-000203,2024-02-01,C0083,plus,centro,31,23.9,0,0,
TEL073-000204,2024-02-01,C0084,total,norte,19,36.61,0,0,
TEL073-000205,2024-02-01,C0085,esencial,centro,38,17.66,1,0,
TEL073-000206,2024-02-01,C0086,plus,norte,66,20.02,2,0,
TEL073-000207,2024-02-01,C0087,total,centro,47,46.65,2,0,
TEL073-000208,2024-02-01,C0088,esencial,norte,11,5.78,1,0,
TEL073-000209,2024-02-01,C0089,plus,sur,32,43.43,0,0,
TEL073-000210,2024-02-01,C0090,total,sur,33,52.94,2,0,
TEL073-000211,2024-02-01,C0091,esencial,norte,53,7.88,1,1,mudanza
TEL073-000212,2024-02-01,C0092,plus,sur,29,"24,75",1,0,
TEL073-000213,2024-02-01,C0093,total,centro,54,46.68,0,0,
TEL073-000214,2024-02-01,C0094,esencial,norte,35,7.85,1,0,
TEL073-000215,2024-02-01,C0095,plus,norte,76,36.71,3,0,
TEL073-000216,2024-02-01,C0096,total,sur,68,40.23,0,0,
TEL073-000217,2024-02-01,C0097,esencial,norte,21,19.67,1,0,
TEL073-000218,2024-02-01,C0098,plus,centro,21,36.14,0,0,
TEL073-000219,2024-02-01,C0099,total,sur,76,61.96,0,0,
TEL073-000220,2024-02-01,C0100,esencial,norte,5,7.58,0,0,
TEL073-000221,2024-02-01,C0101,plus,sur,20,32.12,0,0,
TEL073-000222,2024-02-01,C0102,total,centro,69,35.48,3,0,
TEL073-000223,2024-02-01,C0103,esencial,sur,41,6.84,0,0,
TEL073-000224,2024-02-01,C0104,plus,centro,11,19.84,3,1,mudanza
TEL073-000225,2024-02-01,C0105,total,norte,16,45.36,0,0,
TEL073-000226,2024-02-01,C0106,esencial,centro,54,0,2,0,
TEL073-000227,2024-02-01,C0107,plus,centro,6,38.53,2,0,
TEL073-000228,2024-02-01,C0108,total,centro,2,42.84,1,0,
TEL073-000229,2024-02-01,C0109,esencial,sur,66,13.12,0,0,
TEL073-000230,2024-02-01,C0110,plus,centro,84,34.22,0,0,
TEL073-000231,2024-02-01,C0111,total,norte,24,38.41,4,1,precio
TEL073-000232,2024-02-01,C0112,esencial,norte,23,11.38,0,0,
TEL073-000233,2024-02-01,C0113,plus,sur,32,37.0,0,0,
TEL073-000234,2024-02-01,C0114,total,norte,21,52.71,0,0,
TEL073-000235,2024-02-01,C0115,esencial,centro,23,11.67,2,0,
TEL073-000236,2024-02-01,C0116,plus,centro,13,24.26,0,0,
TEL073-000237,2024-02-01,C0117,total,sur,61,54.39,2,0,
TEL073-000238,2024-02-01,C0118,esencial,norte,15,1.04,0,0,
TEL073-000239,2024-02-01,C0119,plus,sur,47,26.28,1,0,
TEL073-000240,2024-02-01,C0120,total,norte,85,32.01,0,0,
TEL073-000241,2024-03-03,C0001,esencial,norte,9,15.77,1,0,
TEL073-000242,2024-03-03,C0002,plus,norte,10,26.42,2,0,
TEL073-000243,2024-03-03,C0003,total,sur,33,48.16,1,0,
TEL073-000244,2024-03-03,C0004,esencial,norte,82,34.39,1,0,
TEL073-000245,2024-03-03,C0005,plus,sur,19,31.82,1,0,
TEL073-000246,2024-03-03,C0006,total,norte,4,53.85,3,1,servicio
TEL073-000247,2024-03-03,C0007,esencial,centro,77,10.65,0,0,
TEL073-000248,2024-03-03,C0008,plus,norte,72,31.66,1,0,
TEL073-000249,2024-03-03,C0009,total,sur,45,42.52,0,0,
TEL073-000250,2024-03-03,C0010,esencial,sur,89,,0,0,
TEL073-000251,2024-03-03,C0011,plus,norte,91,33.63,0,1,precio
TEL073-000252,2024-03-03,C0012,total,sur,14,32.98,2,0,
TEL073-000253,2024-03-03,C0013,esencial,norte,7,0.62,0,0,
TEL073-000254,2024-03-03,C0014,plus,centro,72,44.4,3,0,
TEL073-000255,2024-03-03,C0015,total,centro,92,51.35,0,0,
TEL073-000256,2024-03-03,C0016,esencial,sur,53,11.19,0,0,
TEL073-000257,2024-03-03,C0017,plus,sur,62,45.58,0,0,
TEL073-000258,2024-03-03,C0018,total,sur,16,53.22,3,0,
TEL073-000259,2024-03-03,C0019,esencial,norte,37,14.04,0,0,
TEL073-000260,2024-03-03,C0020,plus,sur,75,28.27,3,0,
TEL073-000261,2024-03-03,C0021,total,sur,15,39.68,0,0,
TEL073-000262,2024-03-03,C0022,esencial,centro,92,18.91,0,0,
TEL073-000263,2024-03-03,C0023,plus,centro,52,26.55,0,0,
TEL073-000264,2024-03-03,C0024,total,sur,91,46.61,1,0,
TEL073-000265,2024-03-03,C0025,esencial,centro,31,21.31,1,0,
TEL073-000266,2024-03-03,C0026,plus,sur,58,44.63,2,0,
TEL073-000267,2024-03-03,C0027,total,centro,15,44.7,0,0,
TEL073-000268,2024-03-03,C0028,esencial,norte,52,16.64,1,0,
TEL073-000269,2024-03-03,C0029,plus,centro,39,24.85,0,0,
TEL073-000270,2024-03-03,C0030,total,norte,44,47.36,1,1,mudanza
TEL073-000271,2024-03-03,C0031,esencial,centro,12,16.56,2,0,
TEL073-000272,2024-03-03,C0032,plus,norte,34,38.19,1,1,precio
TEL073-000273,2024-03-03,C0033,total,sur,91,66.99,2,0,
TEL073-000274,2024-03-03,C0034,esencial,norte,71,4.1,0,0,
TEL073-000275,2024-03-03,C0035,plus,sur,83,32.45,2,1,servicio
TEL073-000276,2024-03-03,C0036,total,norte,53,47.96,0,0,
TEL073-000277,2024-03-03,C0037,esencial,norte,35,17.03,0,0,
TEL073-000278,2024-03-03,C0038,plus,centro,39,29.22,0,0,
TEL073-000279,2024-03-03,C0039,total,norte,83,57.22,0,0,
TEL073-000280,2024-03-03,C0040,esencial,norte,76,0,0,0,
TEL073-000281,2024-03-03,C0041,plus,norte,75,17.74,1,0,
TEL073-000282,2024-03-03,C0042,total,norte,24,35.95,0,0,
TEL073-000283,2024-03-03,C0043,esencial,centro,9,7.3,0,0,
TEL073-000284,2024-03-03,C0044,plus,centro,92,26.25,0,0,
TEL073-000285,2024-03-03,C0045,total,norte,54,43.47,0,0,
TEL073-000286,2024-03-03,C0046,esencial,norte,15,28.02,1,0,
TEL073-000287,2024-03-03,C0047,plus,centro,64,29.06,1,0,
TEL073-000288,2024-03-03,C0048,total,sur,64,60.7,0,0,
TEL073-000289,2024-03-03,C0049,esencial,centro,88,9.01,0,0,
TEL073-000290,2024-03-03,C0050,plus,norte,36,30.84,2,1,precio
TEL073-000291,2024-03-03,C0051,total,centro,71,44.97,1,0,
TEL073-000292,2024-03-03,C0052, ESENCIAL ,norte,87,3.86,1,1,mudanza
TEL073-000293,2024-03-03,C0053,plus,centro,49,33.45,0,0,
TEL073-000294,2024-03-03,C0054,total,sur,50,41.34,0,0,
TEL073-000295,2024-03-03,C0055,esencial,norte,34,7.59,0,0,
TEL073-000296,2024-03-03,C0056,plus,centro,66,20.76,1,0,
TEL073-000297,2024-03-03,C0057,total,sur,36,45.0,2,0,
TEL073-000298,2024-03-03,C0058,esencial,centro,56,16.84,1,0,
TEL073-000299,2024-03-03,C0059,plus,centro,87,15.02,3,0,
TEL073-000300,2024-03-03,C0060,total,norte,59,46.16,0,0,
TEL073-000301,2024-03-03,C0061,esencial,centro,12,15.0,1,0,
TEL073-000302,2024-03-03,C0062,plus,centro,34,47.6,0,0,
TEL073-000303,2024-03-03,C0063,total,centro,5,46.63,0,0,
TEL073-000304,2024-03-03,C0064,esencial,centro,84,8.89,0,0,
TEL073-000305,2024-03-03,C0065,plus,centro,8,29.76,0,0,
TEL073-000306,2024-03-03,C0066,total,sur,44,38.29,0,0,
TEL073-000307,2024-03-03,C0067,esencial,sur,66,7.71,1,0,
TEL073-000308,2024-03-03,C0068,plus,norte,28,37.02,0,0,
TEL073-000309,2024-03-03,C0069,total,sur,50,58.0,2,0,
TEL073-000310,2024-03-03,C0070,esencial,centro,4,0,1,0,
TEL073-000311,2024-03-03,C0071,plus,centro,70,31.96,0,0,
TEL073-000312,2024-03-03,C0072,total,norte,29,47.06,0,0,
TEL073-000313,2024-03-03,C0073,esencial,sur,23,7.22,1,0,
TEL073-000314,2024-03-03,C0074,plus,centro,44,29.43,0,0,
TEL073-000315,2024-03-03,C0075,total,sur,54,64.58,0,0,
TEL073-000316,2024-03-03,C0076,esencial,centro,47,4.8,2,0,
TEL073-000317,2024-03-03,C0077,plus,sur,29,23.29,2,0,
TEL073-000318,2024-03-03,C0078,total,centro,71,53.48,0,0,
TEL073-000319,2024-03-03,C0079,esencial,sur,79,7.23,1,0,
TEL073-000320,2024-03-03,C0080,plus,sur,74,27.01,0,0,
TEL073-000321,2024-03-03,C0081,total,norte,21,49.01,1,0,
TEL073-000322,2024-03-03,C0082,esencial,centro,28,17.77,0,0,
TEL073-000323,2024-03-03,C0083,plus,centro,32,21.72,3,0,
TEL073-000324,2024-03-03,C0084,total,norte,20,70.56,0,0,
TEL073-000325,2024-03-03,C0085,esencial,centro,39,7.21,0,0,
TEL073-000326,2024-03-03,C0086,plus,norte,67,45.98,0,0,
TEL073-000327,2024-03-03,C0087,total,centro,48,36.91,1,0,
TEL073-000328,2024-03-03,C0088,esencial,norte,12,12.2,0,0,
TEL073-000329,2024-03-03,C0089,plus,sur,33,34.11,3,0,
TEL073-000330,2024-03-03,C0090,total,sur,34,54.05,3,0,
TEL073-000331,2024-03-03,C0091,esencial,norte,54,16.26,0,0,
TEL073-000332,2024-03-03,C0092,plus,sur,30,31.08,0,0,
TEL073-000333,2024-03-03,C0093,total,centro,55,,2,0,
TEL073-000334,2024-03-03,C0094,esencial,norte,36,7.83,1,0,
TEL073-000335,2024-03-03,C0095,plus,norte,77,25.96,2,1,mudanza
TEL073-000336,2024-03-03,C0096,total,sur,69,50.42,0,0,
TEL073-000337,2024-03-03,C0097,esencial,norte,22,23.27,0,0,
TEL073-000338,2024-03-03,C0098,plus,centro,22,29.75,1,0,
TEL073-000339,2024-03-03,C0099,total,sur,77,47.13,0,0,
TEL073-000340,2024-03-03,C0100,esencial,norte,6,12.98,1,0,
TEL073-000341,2024-03-03,C0101,plus,sur,21,28.31,0,0,
TEL073-000342,2024-03-03,C0102,total,centro,70,43.06,1,0,
TEL073-000343,2024-03-03,C0103,esencial,sur,42,23.46,0,0,
TEL073-000344,2024-03-03,C0104,plus,centro,12,40.04,4,1,precio
TEL073-000345,2024-03-03,C0105,total,norte,17,40.52,0,0,
TEL073-000346,2024-03-03,C0106,esencial,centro,55,11.45,0,0,
TEL073-000347,2024-03-03,C0107,plus,centro,7,26.87,0,0,
TEL073-000348,2024-03-03,C0108,total,centro,3,47.49,0,0,
TEL073-000349,2024-03-03,C0109,esencial,sur,67,4.99,1,0,
TEL073-000350,2024-03-03,C0110,plus,centro,85,41.15,1,0,
TEL073-000351,2024-03-03,C0111,total,norte,25,48.53,0,0,
TEL073-000352,2024-03-03,C0112,esencial,norte,24,10.44,3,0,
TEL073-000353,2024-03-03,C0113,plus,sur,33,32.96,0,0,
TEL073-000354,2024-03-03,C0114,total,norte,22,43.88,0,0,
TEL073-000355,2024-03-03,C0115,esencial,centro,24,15.71,0,1,mudanza
TEL073-000356,2024-03-03,C0116,plus,centro,14,32.22,2,0,
TEL073-000357,2024-03-03,C0117,total,sur,62,50.91,1,1,precio
TEL073-000358,2024-03-03,C0118,esencial,norte,16,0,1,1,mudanza
TEL073-000359,2024-03-03,C0119,plus,sur,48,37.73,1,0,
TEL073-000360,2024-03-03,C0120,total,norte,86,48.33,0,0,
TEL073-000361,2024-04-03,C0001,esencial,norte,10,19.69,0,0,
TEL073-000362,2024-04-03,C0002,plus,norte,11,29.15,2,0,
TEL073-000363,2024-04-03,C0003,total,sur,34,44.51,1,1,servicio
TEL073-000364,2024-04-03,C0004,esencial,norte,83,19.2,0,0,
TEL073-000365,2024-04-03,C0005,plus,sur,20,30.18,2,1,precio
TEL073-000366,2024-04-03,C0006,total,norte,5,46.23,0,0,
TEL073-000367,2024-04-03,C0007,esencial,centro,78,13.14,0,0,
TEL073-000368,2024-04-03,C0008,plus,norte,73,34.75,2,0,
TEL073-000369,2024-04-03,C0009,total,sur,46,44.45,0,0,
TEL073-000370,2024-04-03,C0010,esencial,sur,90,0,0,0,
TEL073-000371,2024-04-03,C0011,plus,norte,92,40.43,0,0,
TEL073-000372,2024-04-03,C0012,total,sur,15,43.81,0,0,
TEL073-000373,2024-04-03,C0013,esencial,norte,8,14.58,0,0,
TEL073-000374,2024-04-03,C0014,plus,centro,73,26.58,2,0,
TEL073-000375,2024-04-03,C0015,total,centro,93,44.8,0,0,
TEL073-000376,2024-04-03,C0016,esencial,sur,54,15.04,2,0,
TEL073-000377,2024-04-03,C0017,plus,sur,63,27.8,1,0,
TEL073-000378,2024-04-03,C0018,total,sur,17,49.49,0,0,
TEL073-000379,2024-04-03,C0019,esencial,norte,38,9.22,0,0,
TEL073-000380,2024-04-03,C0020,plus,sur,76,24.27,1,0,
TEL073-000381,2024-04-03,C0021,total,sur,16,41.28,0,0,
TEL073-000382,2024-04-03,C0022,esencial,centro,93,16.18,1,0,
TEL073-000383,2024-04-03,C0023,plus,centro,53,33.1,0,0,
TEL073-000384,2024-04-03,C0024,total,sur,92,49.2,0,0,
TEL073-000385,2024-04-03,C0025,esencial,centro,32,19.61,4,0,
TEL073-000386,2024-04-03,C0026,plus,sur,59,25.37,1,0,
TEL073-000387,2024-04-03,C0027,total,centro,16,45.37,4,0,
TEL073-000388,2024-04-03,C0028,esencial,norte,53,2.96,1,0,
TEL073-000389,2024-04-03,C0029, PLUS ,centro,40,43.91,0,0,
TEL073-000390,2024-04-03,C0030,total,norte,45,42.92,1,0,
TEL073-000391,2024-04-03,C0031,esencial,centro,13,7.89,4,1,servicio
TEL073-000392,2024-04-03,C0032,plus,norte,35,29.25,1,0,
TEL073-000393,2024-04-03,C0033,total,sur,92,55.06,0,0,
TEL073-000394,2024-04-03,C0034,esencial,norte,72,8.98,0,0,
TEL073-000395,2024-04-03,C0035,plus,sur,84,29.02,0,0,
TEL073-000396,2024-04-03,C0036,total,norte,54,47.24,1,0,
TEL073-000397,2024-04-03,C0037,esencial,norte,36,7.49,0,0,
TEL073-000398,2024-04-03,C0038,plus,centro,40,33.19,1,0,
TEL073-000399,2024-04-03,C0039,total,norte,84,66.07,4,1,servicio
TEL073-000400,2024-04-03,C0040,esencial,norte,77,6.98,3,0,
TEL073-000401,2024-04-03,C0041,plus,norte,76,21.64,1,0,
TEL073-000402,2024-04-03,C0042,total,norte,25,45.92,1,0,
TEL073-000403,2024-04-03,C0043,esencial,centro,10,19.76,2,0,
TEL073-000404,2024-04-03,C0044,plus,centro,93,25.49,0,0,
TEL073-000405,2024-04-03,C0045,total,norte,55,31.19,2,0,
TEL073-000406,2024-04-03,C0046,esencial,norte,16,13.7,2,0,
TEL073-000407,2024-04-03,C0047,plus,centro,65,26.09,0,0,
TEL073-000408,2024-04-03,C0048,total,sur,65,45.94,2,0,
TEL073-000409,2024-04-03,C0049,esencial,centro,89,13.03,0,0,
TEL073-000410,2024-04-03,C0050,plus,norte,37,24.98,2,0,
TEL073-000411,2024-04-03,C0051,total,centro,72,36.44,2,0,
TEL073-000412,2024-04-03,C0052,esencial,norte,88,3.25,2,0,
TEL073-000413,2024-04-03,C0053,plus,centro,50,35.88,0,0,
TEL073-000414,2024-04-03,C0054,total,sur,51,47.48,0,0,
TEL073-000415,2024-04-03,C0055,esencial,norte,35,11.44,0,0,
TEL073-000416,2024-04-03,C0056,plus,centro,67,,2,0,
TEL073-000417,2024-04-03,C0057,total,sur,37,40.34,3,0,
TEL073-000418,2024-04-03,C0058,esencial,centro,57,3.58,3,0,
TEL073-000419,2024-04-03,C0059,plus,centro,88,42.1,0,0,
TEL073-000420,2024-04-03,C0060,total,norte,60,60.89,0,0,
TEL073-000421,2024-04-03,C0061,esencial,centro,13,18.33,3,0,
TEL073-000422,2024-04-03,C0062,plus,centro,35,29.24,2,0,
TEL073-000423,2024-04-03,C0063,total,centro,6,"51,74",0,0,
TEL073-000424,2024-04-03,C0064,esencial,centro,85,13.72,1,0,
TEL073-000425,2024-04-03,C0065,plus,centro,9,27.91,0,0,
TEL073-000426,2024-04-03,C0066,total,sur,45,56.17,3,1,mudanza
TEL073-000427,2024-04-03,C0067,esencial,sur,67,0,3,0,
TEL073-000428,2024-04-03,C0068,plus,norte,29,37.17,0,0,
TEL073-000429,2024-04-03,C0069,total,sur,51,47.2,0,0,
TEL073-000430,2024-04-03,C0070,esencial,centro,5,9.39,0,0,
TEL073-000431,2024-04-03,C0071,plus,centro,71,29.93,3,0,
TEL073-000432,2024-04-03,C0072,total,norte,30,41.4,2,1,precio
TEL073-000433,2024-04-03,C0073,esencial,sur,24,16.1,0,0,
TEL073-000434,2024-04-03,C0074,plus,centro,45,29.82,0,0,
TEL073-000435,2024-04-03,C0075,total,sur,55,39.11,0,0,
TEL073-000436,2024-04-03,C0076,esencial,centro,48,2.96,0,0,
TEL073-000437,2024-04-03,C0077,plus,sur,30,41.99,3,0,
TEL073-000438,2024-04-03,C0078,total,centro,72,54.96,3,0,
TEL073-000439,2024-04-03,C0079,esencial,sur,80,19.89,0,0,
TEL073-000440,2024-04-03,C0080,plus,sur,75,32.02,1,0,
TEL073-000441,2024-04-03,C0081,total,norte,22,53.23,0,0,
TEL073-000442,2024-04-03,C0082,esencial,centro,29,14.76,0,0,
TEL073-000443,2024-04-03,C0083,plus,centro,33,17.71,0,0,
TEL073-000444,2024-04-03,C0084,total,norte,21,50.14,0,0,
TEL073-000445,2024-04-03,C0085,esencial,centro,40,12.51,2,0,
TEL073-000446,2024-04-03,C0086,plus,norte,68,20.34,1,0,
TEL073-000447,2024-04-03,C0087,total,centro,49,51.73,2,1,mudanza
TEL073-000448,2024-04-03,C0088,esencial,norte,13,20.13,0,0,
TEL073-000449,2024-04-03,C0089,plus,sur,34,32.1,4,0,
TEL073-000450,2024-04-03,C0090,total,sur,35,39.45,0,0,
TEL073-000451,2024-04-03,C0091,esencial,norte,55,15.2,1,0,
TEL073-000452,2024-04-03,C0092,plus,sur,31,26.7,0,0,
TEL073-000453,2024-04-03,C0093,total,centro,56,45.97,0,0,
TEL073-000454,2024-04-03,C0094,esencial,norte,37,23.54,1,0,
TEL073-000455,2024-04-03,C0095,plus,norte,78,17.45,0,0,
TEL073-000456,2024-04-03,C0096,total,sur,70,51.99,0,0,
TEL073-000457,2024-04-03,C0097,esencial,norte,23,22.71,1,0,
TEL073-000458,2024-04-03,C0098,plus,centro,23,34.28,2,0,
TEL073-000459,2024-04-03,C0099,total,sur,78,54.82,0,0,
TEL073-000460,2024-04-03,C0100,esencial,norte,7,13.24,0,0,
TEL073-000461,2024-04-03,C0101,plus,sur,22,29.54,0,0,
TEL073-000462,2024-04-03,C0102,total,centro,71,28.25,0,0,
TEL073-000463,2024-04-03,C0103,esencial,sur,43,20.57,0,0,
TEL073-000464,2024-04-03,C0104,plus,centro,13,39.67,1,0,
TEL073-000465,2024-04-03,C0105,total,norte,18,47.52,0,0,
TEL073-000466,2024-04-03,C0106,esencial,centro,56,17.52,1,0,
TEL073-000467,2024-04-03,C0107,plus,centro,8,27.72,0,0,
TEL073-000468,2024-04-03,C0108,total,centro,4,59.62,0,1,servicio
TEL073-000469,2024-04-03,C0109,esencial,sur,68,0,0,0,
TEL073-000470,2024-04-03,C0110,plus,centro,86,28.13,0,0,
TEL073-000471,2024-04-03,C0111,total,norte,26,52.82,0,0,
TEL073-000472,2024-04-03,C0112,esencial,norte,25,19.84,0,0,
TEL073-000473,2024-04-03,C0113,plus,sur,34,31.18,1,0,
TEL073-000474,2024-04-03,C0114,total,norte,23,58.75,0,0,
TEL073-000475,2024-04-03,C0115,esencial,centro,25,0,0,0,
TEL073-000476,2024-04-03,C0116,plus,centro,15,35.79,1,0,
TEL073-000477,2024-04-03,C0117,total,sur,63,33.04,1,0,
TEL073-000478,2024-04-03,C0118,esencial,norte,17,7.84,0,0,
TEL073-000479,2024-04-03,C0119,plus,sur,49,38.58,1,0,
TEL073-000480,2024-04-03,C0120,total,norte,87,49.96,1,0,
TEL073-000481,2024-05-04,C0001,esencial,norte,11,8.79,1,1,servicio
TEL073-000482,2024-05-04,C0002,plus,norte,12,28.67,0,0,
TEL073-000483,2024-05-04,C0003,total,sur,35,45.04,1,0,
TEL073-000484,2024-05-04,C0004,esencial,norte,84,19.38,1,0,
TEL073-000485,2024-05-04,C0005,plus,sur,21,32.53,0,0,
TEL073-000486,2024-05-04,C0006, TOTAL ,norte,6,51.07,0,0,
TEL073-000487,2024-05-04,C0007,esencial,centro,79,7.78,0,0,
TEL073-000488,2024-05-04,C0008,plus,norte,74,35.07,1,0,
TEL073-000489,2024-05-04,C0009,total,sur,47,52.55,0,0,
TEL073-000490,2024-05-04,C0010,esencial,sur,91,15.96,1,0,
TEL073-000491,2024-05-04,C0011,plus,norte,93,35.15,0,1,precio
TEL073-000492,2024-05-04,C0012,total,sur,16,57.01,0,0,
TEL073-000493,2024-05-04,C0013,esencial,norte,9,0,0,0,
TEL073-000494,2024-05-04,C0014,plus,centro,74,24.12,0,0,
TEL073-000495,2024-05-04,C0015,total,centro,94,50.19,0,0,
TEL073-000496,2024-05-04,C0016,esencial,sur,55,16.39,1,0,
TEL073-000497,2024-05-04,C0017,plus,sur,64,39.81,1,0,
TEL073-000498,2024-05-04,C0018,total,sur,18,58.84,0,0,
TEL073-000499,2024-05-04,C0019,esencial,norte,39,,2,0,
TEL073-000500,2024-05-04,C0020,plus,sur,77,29.27,1,0,
TEL073-000501,2024-05-04,C0021,total,sur,17,46.2,2,1,servicio
TEL073-000502,2024-05-04,C0022,esencial,centro,94,13.63,0,0,
TEL073-000503,2024-05-04,C0023,plus,centro,54,33.82,0,0,
TEL073-000504,2024-05-04,C0024,total,sur,93,47.4,0,0,
TEL073-000505,2024-05-04,C0025,esencial,centro,33,2.89,1,0,
TEL073-000506,2024-05-04,C0026,plus,sur,60,32.33,0,0,
TEL073-000507,2024-05-04,C0027,total,centro,17,58.44,0,0,
TEL073-000508,2024-05-04,C0028,esencial,norte,54,9.6,0,0,
TEL073-000509,2024-05-04,C0029,plus,centro,41,48.88,0,0,
TEL073-000510,2024-05-04,C0030,total,norte,46,49.58,2,0,
TEL073-000511,2024-05-04,C0031,esencial,centro,14,0,0,0,
TEL073-000512,2024-05-04,C0032,plus,norte,36,35.35,0,0,
TEL073-000513,2024-05-04,C0033,total,sur,93,40.2,0,0,
TEL073-000514,2024-05-04,C0034,esencial,norte,73,31.59,1,0,
TEL073-000515,2024-05-04,C0035,plus,sur,85,40.04,1,0,
TEL073-000516,2024-05-04,C0036,total,norte,55,50.28,0,1,precio
TEL073-000517,2024-05-04,C0037,esencial,norte,37,7.98,0,0,
TEL073-000518,2024-05-04,C0038,plus,centro,41,35.19,2,0,
TEL073-000519,2024-05-04,C0039,total,norte,85,43.24,1,0,
TEL073-000520,2024-05-04,C0040,esencial,norte,78,1.74,2,0,
TEL073-000521,2024-05-04,C0041,plus,norte,77,34.0,1,0,
TEL073-000522,2024-05-04,C0042,total,norte,26,33.13,0,0,
TEL073-000523,2024-05-04,C0043,esencial,centro,11,8.59,2,0,
TEL073-000524,2024-05-04,C0044,plus,centro,94,27.09,2,0,
TEL073-000525,2024-05-04,C0045,total,norte,56,34.71,4,0,
TEL073-000526,2024-05-04,C0046,esencial,norte,17,20.04,0,0,
TEL073-000527,2024-05-04,C0047,plus,centro,66,12.61,0,0,
TEL073-000528,2024-05-04,C0048,total,sur,66,41.69,0,0,
TEL073-000529,2024-05-04,C0049,esencial,centro,90,18.42,0,0,
TEL073-000530,2024-05-04,C0050,plus,norte,38,16.42,0,0,
TEL073-000531,2024-05-04,C0051,total,centro,73,54.37,4,0,
TEL073-000532,2024-05-04,C0052,esencial,norte,89,5.55,0,0,
TEL073-000533,2024-05-04,C0053,plus,centro,51,34.43,0,0,
TEL073-000534,2024-05-04,C0054,total,sur,52,48.58,0,0,
TEL073-000535,2024-05-04,C0055,esencial,norte,36,11.12,1,0,
TEL073-000536,2024-05-04,C0056,plus,centro,68,22.83,1,0,
TEL073-000537,2024-05-04,C0057,total,sur,38,44.89,0,0,
TEL073-000538,2024-05-04,C0058,esencial,centro,58,10.69,0,0,
TEL073-000539,2024-05-04,C0059,plus,centro,89,15.89,0,0,
TEL073-000540,2024-05-04,C0060,total,norte,61,52.63,0,1,precio
TEL073-000541,2024-05-04,C0061,esencial,centro,14,7.2,0,0,
TEL073-000542,2024-05-04,C0062,plus,centro,36,23.85,0,0,
TEL073-000543,2024-05-04,C0063,total,centro,7,50.63,0,0,
TEL073-000544,2024-05-04,C0064,esencial,centro,86,15.94,0,0,
TEL073-000545,2024-05-04,C0065,plus,centro,10,26.95,0,0,
TEL073-000546,2024-05-04,C0066,total,sur,46,55.55,0,0,
TEL073-000547,2024-05-04,C0067,esencial,sur,68,9.2,0,0,
TEL073-000548,2024-05-04,C0068,plus,norte,30,24.74,2,0,
TEL073-000549,2024-05-04,C0069,total,sur,52,39.54,0,0,
TEL073-000550,2024-05-04,C0070,esencial,centro,6,8.72,1,0,
TEL073-000551,2024-05-04,C0071,plus,centro,72,29.84,1,0,
TEL073-000552,2024-05-04,C0072,total,norte,31,51.73,1,0,
TEL073-000553,2024-05-04,C0073,esencial,sur,25,18.06,2,0,
TEL073-000554,2024-05-04,C0074,plus,centro,46,34.1,0,0,
TEL073-000555,2024-05-04,C0075,total,sur,56,36.34,3,0,
TEL073-000556,2024-05-04,C0076,esencial,centro,49,8.15,0,0,
TEL073-000557,2024-05-04,C0077,plus,sur,31,24.82,0,0,
TEL073-000558,2024-05-04,C0078,total,centro,73,37.91,0,0,
TEL073-000559,2024-05-04,C0079,esencial,sur,81,4.89,0,0,
TEL073-000560,2024-05-04,C0080,plus,sur,76,19.75,0,0,
TEL073-000561,2024-05-04,C0081,total,norte,23,38.5,0,0,
TEL073-000562,2024-05-04,C0082,esencial,centro,30,7.62,0,0,
TEL073-000563,2024-05-04,C0083,plus,centro,34,50.22,0,0,
TEL073-000564,2024-05-04,C0084,total,norte,22,44.78,2,0,
TEL073-000565,2024-05-04,C0085,esencial,centro,41,16.94,0,0,
TEL073-000566,2024-05-04,C0086,plus,norte,69,14.64,1,0,
TEL073-000567,2024-05-04,C0087,total,centro,50,46.99,0,1,precio
TEL073-000568,2024-05-04,C0088,esencial,norte,14,12.03,0,0,
TEL073-000569,2024-05-04,C0089,plus,sur,35,24.61,0,0,
TEL073-000570,2024-05-04,C0090,total,sur,36,41.57,0,0,
TEL073-000571,2024-05-04,C0091,esencial,norte,56,15.47,0,0,
TEL073-000572,2024-05-04,C0092,plus,sur,32,30.07,1,0,
TEL073-000573,2024-05-04,C0093,total,centro,57,38.89,2,0,
TEL073-000574,2024-05-04,C0094,esencial,norte,38,11.64,0,0,
TEL073-000575,2024-05-04,C0095,plus,norte,79,26.51,1,0,
TEL073-000576,2024-05-04,C0096,total,sur,71,63.76,0,0,
TEL073-000577,2024-05-04,C0097,esencial,norte,24,25.73,1,0,
TEL073-000578,2024-05-04,C0098,plus,centro,24,39.72,2,0,
TEL073-000579,2024-05-04,C0099,total,sur,79,63.53,0,1,precio
TEL073-000580,2024-05-04,C0100,esencial,norte,8,27.85,0,0,
TEL073-000581,2024-05-04,C0101,plus,sur,23,34.3,0,0,
TEL073-000582,2024-05-04,C0102,total,centro,72,,2,0,
TEL073-000583,2024-05-04,C0103, ESENCIAL ,sur,44,10.51,1,0,
TEL073-000584,2024-05-04,C0104,plus,centro,14,30.83,0,0,
TEL073-000585,2024-05-04,C0105,total,norte,19,41.45,3,0,
TEL073-000586,2024-05-04,C0106,esencial,centro,57,5.02,0,0,
TEL073-000587,2024-05-04,C0107,plus,centro,9,49.7,1,0,
TEL073-000588,2024-05-04,C0108,total,centro,5,45.16,0,0,
TEL073-000589,2024-05-04,C0109,esencial,sur,69,15.2,1,0,
TEL073-000590,2024-05-04,C0110,plus,centro,87,26.21,1,0,
TEL073-000591,2024-05-04,C0111,total,norte,27,56.57,1,1,mudanza
TEL073-000592,2024-05-04,C0112,esencial,norte,26,9.04,0,0,
TEL073-000593,2024-05-04,C0113,plus,sur,35,37.45,0,0,
TEL073-000594,2024-05-04,C0114,total,norte,24,59.27,3,1,mudanza
TEL073-000595,2024-05-04,C0115,esencial,centro,26,9.85,0,0,
TEL073-000596,2024-05-04,C0116,plus,centro,16,26.26,1,0,
TEL073-000597,2024-05-04,C0117,total,sur,64,48.7,3,0,
TEL073-000598,2024-05-04,C0118,esencial,norte,18,8.15,0,0,
TEL073-000599,2024-05-04,C0119,plus,sur,50,34.11,2,0,
TEL073-000600,2024-05-04,C0120,total,norte,88,45.64,0,0,
TEL073-000601,2024-06-04,C0001,esencial,norte,12,0,2,0,
TEL073-000602,2024-06-04,C0002,plus,norte,13,22.06,0,0,
TEL073-000603,2024-06-04,C0003,total,sur,36,63.11,0,0,
TEL073-000604,2024-06-04,C0004,esencial,norte,85,17.22,0,0,
TEL073-000605,2024-06-04,C0005,plus,sur,22,20.7,1,0,
TEL073-000606,2024-06-04,C0006,total,norte,7,36.72,0,0,
TEL073-000607,2024-06-04,C0007,esencial,centro,80,6.87,1,0,
TEL073-000608,2024-06-04,C0008,plus,norte,75,37.73,2,0,
TEL073-000609,2024-06-04,C0009,total,sur,48,40.22,3,0,
TEL073-000610,2024-06-04,C0010,esencial,sur,92,10.21,0,0,
TEL073-000611,2024-06-04,C0011,plus,norte,94,22.87,1,0,
TEL073-000612,2024-06-04,C0012,total,sur,17,52.12,0,0,
TEL073-000613,2024-06-04,C0013,esencial,norte,10,10.64,0,0,
TEL073-000614,2024-06-04,C0014,plus,centro,75,29.93,0,0,
TEL073-000615,2024-06-04,C0015,total,centro,95,57.9,1,0,
TEL073-000616,2024-06-04,C0016,esencial,sur,56,12.63,0,0,
TEL073-000617,2024-06-04,C0017,plus,sur,65,36.97,0,0,
TEL073-000618,2024-06-04,C0018,total,sur,19,48.43,1,0,
TEL073-000619,2024-06-04,C0019,esencial,norte,40,0,1,1,mudanza
TEL073-000620,2024-06-04,C0020,plus,sur,78,40.28,0,0,
TEL073-000621,2024-06-04,C0021,total,sur,18,51.05,2,0,
TEL073-000622,2024-06-04,C0022,esencial,centro,95,21.08,0,0,
TEL073-000623,2024-06-04,C0023,plus,centro,55,40.54,2,0,
TEL073-000624,2024-06-04,C0024,total,sur,94,50.63,3,0,
TEL073-000625,2024-06-04,C0025,esencial,centro,34,20.51,1,0,
TEL073-000626,2024-06-04,C0026,plus,sur,61,32.49,0,0,
TEL073-000627,2024-06-04,C0027,total,centro,18,39.85,1,0,
TEL073-000628,2024-06-04,C0028,esencial,norte,55,14.13,1,0,
TEL073-000629,2024-06-04,C0029,plus,centro,42,33.77,0,0,
TEL073-000630,2024-06-04,C0030,total,norte,47,37.0,0,1,precio
TEL073-000631,2024-06-04,C0031,esencial,centro,15,10.73,0,0,
TEL073-000632,2024-06-04,C0032,plus,norte,37,12.06,0,0,
TEL073-000633,2024-06-04,C0033,total,sur,94,60.28,0,0,
TEL073-000634,2024-06-04,C0034,esencial,norte,74,"10,39",1,0,
TEL073-000635,2024-06-04,C0035,plus,sur,86,28.55,2,0,
TEL073-000636,2024-06-04,C0036,total,norte,56,61.13,2,0,
TEL073-000637,2024-06-04,C0037,esencial,norte,38,5.73,0,0,
TEL073-000638,2024-06-04,C0038,plus,centro,42,31.82,0,0,
TEL073-000639,2024-06-04,C0039,total,norte,86,47.64,1,1,precio
TEL073-000640,2024-06-04,C0040,esencial,norte,79,0,4,0,
TEL073-000641,2024-06-04,C0041,plus,norte,78,27.18,0,0,
TEL073-000642,2024-06-04,C0042,total,norte,27,44.52,2,0,
TEL073-000643,2024-06-04,C0043,esencial,centro,12,9.22,0,0,
TEL073-000644,2024-06-04,C0044,plus,centro,95,17.39,2,0,
TEL073-000645,2024-06-04,C0045,total,norte,57,33.84,0,0,
TEL073-000646,2024-06-04,C0046,esencial,norte,18,21.26,0,0,
TEL073-000647,2024-06-04,C0047,plus,centro,67,18.25,1,0,
TEL073-000648,2024-06-04,C0048,total,sur,67,44.83,2,0,
TEL073-000649,2024-06-04,C0049,esencial,centro,91,8.43,0,0,
TEL073-000650,2024-06-04,C0050,plus,norte,39,26.33,1,0,
TEL073-000651,2024-06-04,C0051,total,centro,74,60.35,1,0,
TEL073-000652,2024-06-04,C0052,esencial,norte,90,13.48,0,0,
TEL073-000653,2024-06-04,C0053,plus,centro,52,26.46,0,0,
TEL073-000654,2024-06-04,C0054,total,sur,53,35.95,0,0,
TEL073-000655,2024-06-04,C0055,esencial,norte,37,0.98,0,1,mudanza
TEL073-000656,2024-06-04,C0056,plus,centro,69,24.06,0,0,
TEL073-000657,2024-06-04,C0057,total,sur,39,43.06,1,0,
TEL073-000658,2024-06-04,C0058,esencial,centro,59,7.1,0,0,
TEL073-000659,2024-06-04,C0059,plus,centro,90,27.55,1,0,
TEL073-000660,2024-06-04,C0060,total,norte,62,51.44,0,0,
TEL073-000661,2024-06-04,C0061,esencial,centro,15,3.81,1,0,
TEL073-000662,2024-06-04,C0062,plus,centro,37,36.85,1,0,
TEL073-000663,2024-06-04,C0063,total,centro,8,45.0,0,0,
TEL073-000664,2024-06-04,C0064,esencial,centro,87,25.6,0,0,
TEL073-000665,2024-06-04,C0065,plus,centro,11,,0,0,
TEL073-000666,2024-06-04,C0066,total,sur,47,41.48,0,0,
TEL073-000667,2024-06-04,C0067,esencial,sur,69,18.24,0,0,
TEL073-000668,2024-06-04,C0068,plus,norte,31,25.79,0,0,
TEL073-000669,2024-06-04,C0069,total,sur,53,60.59,0,0,
TEL073-000670,2024-06-04,C0070,esencial,centro,7,6.04,1,0,
TEL073-000671,2024-06-04,C0071,plus,centro,73,28.72,2,0,
TEL073-000672,2024-06-04,C0072,total,norte,32,34.04,3,1,mudanza
TEL073-000673,2024-06-04,C0073,esencial,sur,26,9.73,0,0,
TEL073-000674,2024-06-04,C0074,plus,centro,47,20.2,0,0,
TEL073-000675,2024-06-04,C0075,total,sur,57,56.77,0,0,
TEL073-000676,2024-06-04,C0076,esencial,centro,50,4.34,1,0,
TEL073-000677,2024-06-04,C0077,plus,sur,32,27.17,0,0,
TEL073-000678,2024-06-04,C0078,total,centro,74,47.08,0,0,
TEL073-000679,2024-06-04,C0079,esencial,sur,82,12.31,2,0,
TEL073-000680,2024-06-04,C0080, PLUS ,sur,77,21.55,1,0,
TEL073-000681,2024-06-04,C0081,total,norte,24,60.3,0,0,
TEL073-000682,2024-06-04,C0082,esencial,centro,31,8.83,1,0,
TEL073-000683,2024-06-04,C0083,plus,centro,35,31.65,0,0,
TEL073-000684,2024-06-04,C0084,total,norte,23,43.92,0,0,
TEL073-000685,2024-06-04,C0085,esencial,centro,42,12.81,2,0,
TEL073-000686,2024-06-04,C0086,plus,norte,70,21.09,1,0,
TEL073-000687,2024-06-04,C0087,total,centro,51,45.48,0,0,
TEL073-000688,2024-06-04,C0088,esencial,norte,15,13.01,0,0,
TEL073-000689,2024-06-04,C0089,plus,sur,36,18.28,1,0,
TEL073-000690,2024-06-04,C0090,total,sur,37,42.1,0,0,
TEL073-000691,2024-06-04,C0091,esencial,norte,57,13.6,1,0,
TEL073-000692,2024-06-04,C0092,plus,sur,33,31.57,0,0,
TEL073-000693,2024-06-04,C0093,total,centro,58,47.27,1,0,
TEL073-000694,2024-06-04,C0094,esencial,norte,39,8.21,0,0,
TEL073-000695,2024-06-04,C0095,plus,norte,80,18.45,0,0,
TEL073-000696,2024-06-04,C0096,total,sur,72,44.09,4,1,precio
TEL073-000697,2024-06-04,C0097,esencial,norte,25,13.15,0,0,
TEL073-000698,2024-06-04,C0098,plus,centro,25,22.34,0,0,
TEL073-000699,2024-06-04,C0099,total,sur,80,49.01,0,0,
TEL073-000700,2024-06-04,C0100,esencial,norte,9,6.7,1,0,
TEL073-000701,2024-06-04,C0101,plus,sur,24,27.17,0,0,
TEL073-000702,2024-06-04,C0102,total,centro,73,42.73,0,0,
TEL073-000703,2024-06-04,C0103,esencial,sur,45,30.2,2,0,
TEL073-000704,2024-06-04,C0104,plus,centro,15,26.45,0,0,
TEL073-000705,2024-06-04,C0105,total,norte,20,41.27,2,0,
TEL073-000706,2024-06-04,C0106,esencial,centro,58,6.57,0,0,
TEL073-000707,2024-06-04,C0107,plus,centro,10,30.24,0,0,
TEL073-000708,2024-06-04,C0108,total,centro,6,40.96,0,0,
TEL073-000709,2024-06-04,C0109,esencial,sur,70,14.41,0,0,
TEL073-000710,2024-06-04,C0110,plus,centro,88,37.94,0,0,
TEL073-000711,2024-06-04,C0111,total,norte,28,43.62,3,1,precio
TEL073-000712,2024-06-04,C0112,esencial,norte,27,26.38,0,0,
TEL073-000713,2024-06-04,C0113,plus,sur,36,39.32,0,0,
TEL073-000714,2024-06-04,C0114,total,norte,25,63.56,0,0,
TEL073-000715,2024-06-04,C0115,esencial,centro,27,12.79,4,0,
TEL073-000716,2024-06-04,C0116,plus,centro,17,20.92,1,0,
TEL073-000717,2024-06-04,C0117,total,sur,65,53.22,1,1,servicio
TEL073-000718,2024-06-04,C0118,esencial,norte,19,10.82,0,0,
TEL073-000719,2024-06-04,C0119,plus,sur,51,27.47,0,1,mudanza
TEL073-000720,2024-06-04,C0120,total,norte,89,51.09,2,0,
TEL073-000721,2024-07-05,C0001,esencial,norte,13,16.95,2,0,
TEL073-000722,2024-07-05,C0002,plus,norte,14,31.55,3,1,mudanza
TEL073-000723,2024-07-05,C0003,total,sur,37,38.56,1,0,
TEL073-000724,2024-07-05,C0004,esencial,norte,86,13.92,1,0,
TEL073-000725,2024-07-05,C0005,plus,sur,23,44.77,1,0,
TEL073-000726,2024-07-05,C0006,total,norte,8,65.33,2,0,
TEL073-000727,2024-07-05,C0007,esencial,centro,81,13.13,0,1,servicio
TEL073-000728,2024-07-05,C0008,plus,norte,76,36.69,1,0,
TEL073-000729,2024-07-05,C0009,total,sur,49,44.37,3,0,
TEL073-000730,2024-07-05,C0010,esencial,sur,93,4.62,0,0,
TEL073-000731,2024-07-05,C0011,plus,norte,95,42.66,1,0,
TEL073-000732,2024-07-05,C0012,total,sur,18,37.08,1,0,
TEL073-000733,2024-07-05,C0013,esencial,norte,11,9.31,0,0,
TEL073-000734,2024-07-05,C0014,plus,centro,76,41.06,1,0,
TEL073-000735,2024-07-05,C0015,total,centro,96,39.77,2,0,
TEL073-000736,2024-07-05,C0016,esencial,sur,57,18.92,0,0,
TEL073-000737,2024-07-05,C0017,plus,sur,66,14.68,0,0,
TEL073-000738,2024-07-05,C0018,total,sur,20,47.06,3,1,servicio
TEL073-000739,2024-07-05,C0019,esencial,norte,41,13.62,1,0,
TEL073-000740,2024-07-05,C0020,plus,sur,79,30.69,2,0,
TEL073-000741,2024-07-05,C0021,total,sur,19,24.39,0,0,
TEL073-000742,2024-07-05,C0022,esencial,centro,96,31.95,1,0,
TEL073-000743,2024-07-05,C0023,plus,centro,56,26.05,4,0,
TEL073-000744,2024-07-05,C0024,total,sur,95,52.47,0,0,
TEL073-000745,2024-07-05,C0025,esencial,centro,35,0,0,0,
TEL073-000746,2024-07-05,C0026,plus,sur,62,24.19,0,0,
TEL073-000747,2024-07-05,C0027,total,centro,19,63.63,1,0,
TEL073-000748,2024-07-05,C0028,esencial,norte,56,,0,0,
TEL073-000749,2024-07-05,C0029,plus,centro,43,29.75,2,0,
TEL073-000750,2024-07-05,C0030,total,norte,48,49.57,0,0,
TEL073-000751,2024-07-05,C0031,esencial,centro,16,13.63,0,0,
TEL073-000752,2024-07-05,C0032,plus,norte,38,13.01,1,0,
TEL073-000753,2024-07-05,C0033,total,sur,95,60.04,0,0,
TEL073-000754,2024-07-05,C0034,esencial,norte,75,14.93,1,0,
TEL073-000755,2024-07-05,C0035,plus,sur,87,30.19,0,0,
TEL073-000756,2024-07-05,C0036,total,norte,57,48.13,0,0,
TEL073-000757,2024-07-05,C0037,esencial,norte,39,24.29,0,0,
TEL073-000758,2024-07-05,C0038,plus,centro,43,28.81,0,0,
TEL073-000759,2024-07-05,C0039,total,norte,87,43.58,1,1,precio
TEL073-000760,2024-07-05,C0040,esencial,norte,80,19.35,1,0,
TEL073-000761,2024-07-05,C0041,plus,norte,79,31.23,0,0,
TEL073-000762,2024-07-05,C0042,total,norte,28,39.56,0,0,
TEL073-000763,2024-07-05,C0043,esencial,centro,13,11.89,1,0,
TEL073-000764,2024-07-05,C0044,plus,centro,96,17.45,0,0,
TEL073-000765,2024-07-05,C0045,total,norte,58,46.04,1,0,
TEL073-000766,2024-07-05,C0046,esencial,norte,19,0,1,0,
TEL073-000767,2024-07-05,C0047,plus,centro,68,33.48,2,0,
TEL073-000768,2024-07-05,C0048,total,sur,68,51.22,0,0,
TEL073-000769,2024-07-05,C0049,esencial,centro,92,14.93,2,0,
TEL073-000770,2024-07-05,C0050,plus,norte,40,33.96,0,0,
TEL073-000771,2024-07-05,C0051,total,centro,75,40.55,3,0,
TEL073-000772,2024-07-05,C0052,esencial,norte,91,20.81,1,0,
TEL073-000773,2024-07-05,C0053,plus,centro,53,28.99,0,0,
TEL073-000774,2024-07-05,C0054,total,sur,54,57.85,2,0,
TEL073-000775,2024-07-05,C0055,esencial,norte,38,9.2,1,0,
TEL073-000776,2024-07-05,C0056,plus,centro,70,34.83,0,0,
TEL073-000777,2024-07-05,C0057, TOTAL ,sur,40,39.24,0,0,
TEL073-000778,2024-07-05,C0058,esencial,centro,60,8.47,1,0,
TEL073-000779,2024-07-05,C0059,plus,centro,91,38.28,0,0,
TEL073-000780,2024-07-05,C0060,total,norte,63,58.16,0,0,
TEL073-000781,2024-07-05,C0061,esencial,centro,16,3.94,2,0,
TEL073-000782,2024-07-05,C0062,plus,centro,38,24.65,0,0,
TEL073-000783,2024-07-05,C0063,total,centro,9,46.25,2,0,
TEL073-000784,2024-07-05,C0064,esencial,centro,88,11.4,0,0,
TEL073-000785,2024-07-05,C0065,plus,centro,12,16.89,0,0,
TEL073-000786,2024-07-05,C0066,total,sur,48,43.36,0,0,
TEL073-000787,2024-07-05,C0067,esencial,sur,70,19.2,0,0,
TEL073-000788,2024-07-05,C0068,plus,norte,32,13.62,0,0,
TEL073-000789,2024-07-05,C0069,total,sur,54,43.23,1,0,
TEL073-000790,2024-07-05,C0070,esencial,centro,8,15.06,0,0,
TEL073-000791,2024-07-05,C0071,plus,centro,74,34.97,2,0,
TEL073-000792,2024-07-05,C0072,total,norte,33,57.02,0,0,
TEL073-000793,2024-07-05,C0073,esencial,sur,27,14.41,0,0,
TEL073-000794,2024-07-05,C0074,plus,centro,48,14.94,0,0,
TEL073-000795,2024-07-05,C0075,total,sur,58,50.78,3,0,
TEL073-000796,2024-07-05,C0076,esencial,centro,51,5.06,0,0,
TEL073-000797,2024-07-05,C0077,plus,sur,33,14.97,1,1,mudanza
TEL073-000798,2024-07-05,C0078,total,centro,75,31.58,0,0,
TEL073-000799,2024-07-05,C0079,esencial,sur,83,19.76,0,0,
TEL073-000800,2024-07-05,C0080,plus,sur,78,24.68,2,0,
TEL073-000801,2024-07-05,C0081,total,norte,25,55.37,1,0,
TEL073-000802,2024-07-05,C0082,esencial,centro,32,21.98,2,0,
TEL073-000803,2024-07-05,C0083,plus,centro,36,34.21,0,0,
TEL073-000804,2024-07-05,C0084,total,norte,24,36.33,0,0,
TEL073-000805,2024-07-05,C0085,esencial,centro,43,26.04,0,0,
TEL073-000806,2024-07-05,C0086,plus,norte,71,41.15,1,0,
TEL073-000807,2024-07-05,C0087,total,centro,52,39.81,0,0,
TEL073-000808,2024-07-05,C0088,esencial,norte,16,20.36,1,0,
TEL073-000809,2024-07-05,C0089,plus,sur,37,27.39,0,0,
TEL073-000810,2024-07-05,C0090,total,sur,38,54.28,3,0,
TEL073-000811,2024-07-05,C0091,esencial,norte,58,6.59,0,0,
TEL073-000812,2024-07-05,C0092,plus,sur,34,29.5,0,1,precio
TEL073-000813,2024-07-05,C0093,total,centro,59,50.77,0,0,
TEL073-000814,2024-07-05,C0094,esencial,norte,40,10.32,2,1,mudanza
TEL073-000815,2024-07-05,C0095,plus,norte,81,22.27,0,0,
TEL073-000816,2024-07-05,C0096,total,sur,73,38.9,0,0,
TEL073-000817,2024-07-05,C0097,esencial,norte,26,0.89,1,0,
TEL073-000818,2024-07-05,C0098,plus,centro,26,22.58,0,0,
TEL073-000819,2024-07-05,C0099,total,sur,81,41.56,1,0,
TEL073-000820,2024-07-05,C0100,esencial,norte,10,10.84,3,0,
TEL073-000821,2024-07-05,C0101,plus,sur,25,27.57,2,0,
TEL073-000822,2024-07-05,C0102,total,centro,74,46.92,0,0,
TEL073-000823,2024-07-05,C0103,esencial,sur,46,23.91,1,0,
TEL073-000824,2024-07-05,C0104,plus,centro,16,35.86,1,0,
TEL073-000825,2024-07-05,C0105,total,norte,21,47.2,3,0,
TEL073-000826,2024-07-05,C0106,esencial,centro,59,5.25,1,1,mudanza
TEL073-000827,2024-07-05,C0107,plus,centro,11,41.84,0,0,
TEL073-000828,2024-07-05,C0108,total,centro,7,62.06,2,0,
TEL073-000829,2024-07-05,C0109,esencial,sur,71,18.29,0,0,
TEL073-000830,2024-07-05,C0110,plus,centro,89,22.17,3,0,
TEL073-000831,2024-07-05,C0111,total,norte,29,,0,0,
TEL073-000832,2024-07-05,C0112,esencial,norte,28,8.62,0,0,
TEL073-000833,2024-07-05,C0113,plus,sur,37,58.29,0,0,
TEL073-000834,2024-07-05,C0114,total,norte,26,39.63,1,0,
TEL073-000835,2024-07-05,C0115,esencial,centro,28,16.09,0,0,
TEL073-000836,2024-07-05,C0116,plus,centro,18,39.0,0,0,
TEL073-000837,2024-07-05,C0117,total,sur,66,55.92,2,0,
TEL073-000838,2024-07-05,C0118,esencial,norte,20,15.28,0,0,
TEL073-000839,2024-07-05,C0119,plus,sur,52,49.71,0,0,
TEL073-000840,2024-07-05,C0120,total,norte,90,41.44,0,0,
TEL073-000841,2024-08-05,C0001,esencial,norte,14,9.1,0,0,
TEL073-000842,2024-08-05,C0002,plus,norte,15,41.12,0,0,
TEL073-000843,2024-08-05,C0003,total,sur,38,45.15,2,0,
TEL073-000844,2024-08-05,C0004,esencial,norte,87,11.6,1,1,precio
TEL073-000845,2024-08-05,C0005,plus,sur,24,"29,48",1,0,
TEL073-000846,2024-08-05,C0006,total,norte,9,35.56,0,0,
TEL073-000847,2024-08-05,C0007,esencial,centro,82,13.92,1,0,
TEL073-000848,2024-08-05,C0008,plus,norte,77,37.24,0,0,
TEL073-000849,2024-08-05,C0009,total,sur,50,47.59,0,0,
TEL073-000850,2024-08-05,C0010,esencial,sur,94,8.67,0,0,
TEL073-000851,2024-08-05,C0011,plus,norte,96,24.46,2,0,
TEL073-000852,2024-08-05,C0012,total,sur,19,49.4,0,0,
TEL073-000853,2024-08-05,C0013,esencial,norte,12,22.77,0,0,
TEL073-000854,2024-08-05,C0014,plus,centro,77,22.83,2,0,
TEL073-000855,2024-08-05,C0015,total,centro,97,49.48,0,0,
TEL073-000856,2024-08-05,C0016,esencial,sur,58,14.3,1,0,
TEL073-000857,2024-08-05,C0017,plus,sur,67,22.79,0,0,
TEL073-000858,2024-08-05,C0018,total,sur,21,47.04,0,0,
TEL073-000859,2024-08-05,C0019,esencial,norte,42,13.17,0,0,
TEL073-000860,2024-08-05,C0020,plus,sur,80,27.53,2,0,
TEL073-000861,2024-08-05,C0021,total,sur,20,41.82,1,0,
TEL073-000862,2024-08-05,C0022,esencial,centro,97,20.88,2,0,
TEL073-000863,2024-08-05,C0023,plus,centro,57,32.54,4,0,
TEL073-000864,2024-08-05,C0024,total,sur,96,43.37,0,0,
TEL073-000865,2024-08-05,C0025,esencial,centro,36,22.13,0,0,
TEL073-000866,2024-08-05,C0026,plus,sur,63,36.79,1,0,
TEL073-000867,2024-08-05,C0027,total,centro,20,54.87,0,0,
TEL073-000868,2024-08-05,C0028,esencial,norte,57,32.56,0,1,precio
TEL073-000869,2024-08-05,C0029,plus,centro,44,39.0,1,0,
TEL073-000870,2024-08-05,C0030,total,norte,49,35.24,2,0,
TEL073-000871,2024-08-05,C0031,esencial,centro,17,18.68,0,0,
TEL073-000872,2024-08-05,C0032,plus,norte,39,30.26,0,0,
TEL073-000873,2024-08-05,C0033,total,sur,96,60.53,0,0,
TEL073-000874,2024-08-05,C0034, ESENCIAL ,norte,76,1.47,0,0,
TEL073-000875,2024-08-05,C0035,plus,sur,88,18.97,2,0,
TEL073-000876,2024-08-05,C0036,total,norte,58,56.76,1,0,
TEL073-000877,2024-08-05,C0037,esencial,norte,40,16.18,0,0,
TEL073-000878,2024-08-05,C0038,plus,centro,44,32.58,0,0,
TEL073-000879,2024-08-05,C0039,total,norte,88,39.06,0,0,
TEL073-000880,2024-08-05,C0040,esencial,norte,81,3.64,0,0,
TEL073-000881,2024-08-05,C0041,plus,norte,80,16.28,0,0,
TEL073-000882,2024-08-05,C0042,total,norte,29,52.43,2,0,
TEL073-000883,2024-08-05,C0043,esencial,centro,14,10.07,0,0,
TEL073-000884,2024-08-05,C0044,plus,centro,97,36.76,4,0,
TEL073-000885,2024-08-05,C0045,total,norte,59,49.26,1,0,
TEL073-000886,2024-08-05,C0046,esencial,norte,20,0,0,0,
TEL073-000887,2024-08-05,C0047,plus,centro,69,18.15,2,0,
TEL073-000888,2024-08-05,C0048,total,sur,69,44.79,0,0,
TEL073-000889,2024-08-05,C0049,esencial,centro,93,0.57,0,0,
TEL073-000890,2024-08-05,C0050,plus,norte,41,29.37,1,0,
TEL073-000891,2024-08-05,C0051,total,centro,76,58.54,0,0,
TEL073-000892,2024-08-05,C0052,esencial,norte,92,12.1,0,0,
TEL073-000893,2024-08-05,C0053,plus,centro,54,43.36,1,0,
TEL073-000894,2024-08-05,C0054,total,sur,55,46.59,1,1,mudanza
TEL073-000895,2024-08-05,C0055,esencial,norte,39,9.11,0,0,
TEL073-000896,2024-08-05,C0056,plus,centro,71,29.21,0,0,
TEL073-000897,2024-08-05,C0057,total,sur,41,46.22,1,0,
TEL073-000898,2024-08-05,C0058,esencial,centro,61,13.38,0,0,
TEL073-000899,2024-08-05,C0059,plus,centro,92,15.1,2,0,
TEL073-000900,2024-08-05,C0060,total,norte,64,39.38,1,0,
TEL073-000901,2024-08-05,C0061,esencial,centro,17,11.65,3,0,
TEL073-000902,2024-08-05,C0062,plus,centro,39,40.02,1,0,
TEL073-000903,2024-08-05,C0063,total,centro,10,50.54,2,0,
TEL073-000904,2024-08-05,C0064,esencial,centro,89,2.14,0,0,
TEL073-000905,2024-08-05,C0065,plus,centro,13,41.16,0,0,
TEL073-000906,2024-08-05,C0066,total,sur,49,42.65,0,0,
TEL073-000907,2024-08-05,C0067,esencial,sur,71,18.67,0,0,
TEL073-000908,2024-08-05,C0068,plus,norte,33,36.27,0,0,
TEL073-000909,2024-08-05,C0069,total,sur,55,48.21,0,0,
TEL073-000910,2024-08-05,C0070,esencial,centro,9,4.15,2,0,
TEL073-000911,2024-08-05,C0071,plus,centro,75,30.61,1,0,
TEL073-000912,2024-08-05,C0072,total,norte,34,27.15,0,0,
TEL073-000913,2024-08-05,C0073,esencial,sur,28,10.5,1,0,
TEL073-000914,2024-08-05,C0074,plus,centro,49,,0,0,
TEL073-000915,2024-08-05,C0075,total,sur,59,42.75,0,0,
TEL073-000916,2024-08-05,C0076,esencial,centro,52,5.42,2,0,
TEL073-000917,2024-08-05,C0077,plus,sur,34,33.75,0,0,
TEL073-000918,2024-08-05,C0078,total,centro,76,39.87,1,0,
TEL073-000919,2024-08-05,C0079,esencial,sur,84,8.37,1,0,
TEL073-000920,2024-08-05,C0080,plus,sur,79,25.67,1,0,
TEL073-000921,2024-08-05,C0081,total,norte,26,60.02,3,0,
TEL073-000922,2024-08-05,C0082,esencial,centro,33,18.89,0,0,
TEL073-000923,2024-08-05,C0083,plus,centro,37,28.16,2,0,
TEL073-000924,2024-08-05,C0084,total,norte,25,24.53,0,0,
TEL073-000925,2024-08-05,C0085,esencial,centro,44,0,1,0,
TEL073-000926,2024-08-05,C0086,plus,norte,72,16.76,3,0,
TEL073-000927,2024-08-05,C0087,total,centro,53,50.5,2,0,
TEL073-000928,2024-08-05,C0088,esencial,norte,17,0.21,1,0,
TEL073-000929,2024-08-05,C0089,plus,sur,38,30.37,0,0,
TEL073-000930,2024-08-05,C0090,total,sur,39,38.92,3,0,
TEL073-000931,2024-08-05,C0091,esencial,norte,59,10.64,0,0,
TEL073-000932,2024-08-05,C0092,plus,sur,35,41.7,1,0,
TEL073-000933,2024-08-05,C0093,total,centro,60,44.89,1,0,
TEL073-000934,2024-08-05,C0094,esencial,norte,41,10.36,1,0,
TEL073-000935,2024-08-05,C0095,plus,norte,82,18.85,1,0,
TEL073-000936,2024-08-05,C0096,total,sur,74,63.89,3,0,
TEL073-000937,2024-08-05,C0097,esencial,norte,27,8.21,0,0,
TEL073-000938,2024-08-05,C0098,plus,centro,27,37.69,0,0,
TEL073-000939,2024-08-05,C0099,total,sur,82,38.06,0,0,
TEL073-000940,2024-08-05,C0100,esencial,norte,11,3.75,3,0,
TEL073-000941,2024-08-05,C0101,plus,sur,26,35.68,1,0,
TEL073-000942,2024-08-05,C0102,total,centro,75,46.61,2,0,
TEL073-000943,2024-08-05,C0103,esencial,sur,47,3.16,0,0,
TEL073-000944,2024-08-05,C0104,plus,centro,17,25.05,0,0,
TEL073-000945,2024-08-05,C0105,total,norte,22,47.55,1,0,
TEL073-000946,2024-08-05,C0106,esencial,centro,60,8.33,0,0,
TEL073-000947,2024-08-05,C0107,plus,centro,12,38.1,0,0,
TEL073-000948,2024-08-05,C0108,total,centro,8,42.62,0,0,
TEL073-000949,2024-08-05,C0109,esencial,sur,72,24.32,2,0,
TEL073-000950,2024-08-05,C0110,plus,centro,90,35.33,1,0,
TEL073-000951,2024-08-05,C0111,total,norte,30,31.08,0,0,
TEL073-000952,2024-08-05,C0112,esencial,norte,29,21.1,0,0,
TEL073-000953,2024-08-05,C0113,plus,sur,38,31.33,0,0,
TEL073-000954,2024-08-05,C0114,total,norte,27,58.19,3,0,
TEL073-000955,2024-08-05,C0115,esencial,centro,29,0,1,0,
TEL073-000956,2024-08-05,C0116,plus,centro,19,20.84,0,0,
TEL073-000957,2024-08-05,C0117,total,sur,67,49.24,3,0,
TEL073-000958,2024-08-05,C0118,esencial,norte,21,14.02,0,0,
TEL073-000959,2024-08-05,C0119,plus,sur,53,21.33,1,0,
TEL073-000960,2024-08-05,C0120,total,norte,91,44.07,0,0,
TEL073-000961,2024-09-05,C0001,esencial,norte,15,21.35,1,0,
TEL073-000962,2024-09-05,C0002,plus,norte,16,38.46,3,0,
TEL073-000963,2024-09-05,C0003,total,sur,39,37.13,0,0,
TEL073-000964,2024-09-05,C0004,esencial,norte,88,0,2,0,
TEL073-000965,2024-09-05,C0005,plus,sur,25,21.07,0,0,
TEL073-000966,2024-09-05,C0006,total,norte,10,36.04,0,0,
TEL073-000967,2024-09-05,C0007,esencial,centro,83,17.87,0,0,
TEL073-000968,2024-09-05,C0008,plus,norte,78,32.24,1,0,
TEL073-000969,2024-09-05,C0009,total,sur,51,57.53,0,0,
TEL073-000970,2024-09-05,C0010,esencial,sur,95,24.35,1,0,
TEL073-000971,2024-09-05,C0011, PLUS ,norte,97,44.92,0,0,
TEL073-000972,2024-09-05,C0012,total,sur,20,64.96,2,0,
TEL073-000973,2024-09-05,C0013,esencial,norte,13,14.09,0,0,
TEL073-000974,2024-09-05,C0014,plus,centro,78,18.32,0,0,
TEL073-000975,2024-09-05,C0015,total,centro,98,30.65,1,1,mudanza
TEL073-000976,2024-09-05,C0016,esencial,sur,59,5.77,2,0,
TEL073-000977,2024-09-05,C0017,plus,sur,68,28.95,0,0,
TEL073-000978,2024-09-05,C0018,total,sur,22,37.19,1,0,
TEL073-000979,2024-09-05,C0019,esencial,norte,43,15.35,0,0,
TEL073-000980,2024-09-05,C0020,plus,sur,81,40.73,1,0,
TEL073-000981,2024-09-05,C0021,total,sur,21,51.06,0,0,
TEL073-000982,2024-09-05,C0022,esencial,centro,98,12.09,0,0,
TEL073-000983,2024-09-05,C0023,plus,centro,58,27.75,0,0,
TEL073-000984,2024-09-05,C0024,total,sur,97,56.99,1,1,precio
TEL073-000985,2024-09-05,C0025,esencial,centro,37,19.78,2,0,
TEL073-000986,2024-09-05,C0026,plus,sur,64,33.94,0,0,
TEL073-000987,2024-09-05,C0027,total,centro,21,58.08,0,0,
TEL073-000988,2024-09-05,C0028,esencial,norte,58,14.56,1,0,
TEL073-000989,2024-09-05,C0029,plus,centro,45,21.44,1,0,
TEL073-000990,2024-09-05,C0030,total,norte,50,32.53,0,0,
TEL073-000991,2024-09-05,C0031,esencial,centro,18,4.16,0,0,
TEL073-000992,2024-09-05,C0032,plus,norte,40,18.73,0,0,
TEL073-000993,2024-09-05,C0033,total,sur,97,31.68,2,0,
TEL073-000994,2024-09-05,C0034,esencial,norte,77,23.69,0,0,
TEL073-000995,2024-09-05,C0035,plus,sur,89,28.29,0,0,
TEL073-000996,2024-09-05,C0036,total,norte,59,52.65,1,0,
TEL073-000997,2024-09-05,C0037,esencial,norte,41,,2,0,
TEL073-000998,2024-09-05,C0038,plus,centro,45,20.0,0,0,
TEL073-000999,2024-09-05,C0039,total,norte,89,69.94,0,0,
TEL073-001000,2024-09-05,C0040,esencial,norte,82,16.82,0,0,
TEL073-001001,2024-09-05,C0041,plus,norte,81,37.56,0,0,
TEL073-001002,2024-09-05,C0042,total,norte,30,39.81,0,0,
TEL073-001003,2024-09-05,C0043,esencial,centro,15,13.51,0,0,
TEL073-001004,2024-09-05,C0044,plus,centro,98,17.6,1,1,mudanza
TEL073-001005,2024-09-05,C0045,total,norte,60,37.22,0,0,
TEL073-001006,2024-09-05,C0046,esencial,norte,21,5.21,0,0,
TEL073-001007,2024-09-05,C0047,plus,centro,70,22.14,0,0,
TEL073-001008,2024-09-05,C0048,total,sur,70,54.14,0,0,
TEL073-001009,2024-09-05,C0049,esencial,centro,94,11.3,1,0,
TEL073-001010,2024-09-05,C0050,plus,norte,42,38.3,0,0,
TEL073-001011,2024-09-05,C0051,total,centro,77,38.38,0,0,
TEL073-001012,2024-09-05,C0052,esencial,norte,93,2.47,2,0,
TEL073-001013,2024-09-05,C0053,plus,centro,55,39.09,0,0,
TEL073-001014,2024-09-05,C0054,total,sur,56,54.59,0,0,
TEL073-001015,2024-09-05,C0055,esencial,norte,40,14.82,3,0,
TEL073-001016,2024-09-05,C0056,plus,centro,72,33.68,0,0,
TEL073-001017,2024-09-05,C0057,total,sur,42,52.88,0,0,
TEL073-001018,2024-09-05,C0058,esencial,centro,62,5.96,1,0,
TEL073-001019,2024-09-05,C0059,plus,centro,93,31.79,4,0,
TEL073-001020,2024-09-05,C0060,total,norte,65,43.17,0,0,
TEL073-001021,2024-09-05,C0061,esencial,centro,18,4.18,3,0,
TEL073-001022,2024-09-05,C0062,plus,centro,40,28.52,0,0,
TEL073-001023,2024-09-05,C0063,total,centro,11,45.76,1,0,
TEL073-001024,2024-09-05,C0064,esencial,centro,90,14.01,2,1,servicio
TEL073-001025,2024-09-05,C0065,plus,centro,14,42.96,0,0,
TEL073-001026,2024-09-05,C0066,total,sur,50,52.56,0,0,
TEL073-001027,2024-09-05,C0067,esencial,sur,72,16.98,1,0,
TEL073-001028,2024-09-05,C0068,plus,norte,34,31.2,0,0,
TEL073-001029,2024-09-05,C0069,total,sur,56,47.87,1,0,
TEL073-001030,2024-09-05,C0070,esencial,centro,10,7.58,0,0,
TEL073-001031,2024-09-05,C0071,plus,centro,76,39.9,0,0,
TEL073-001032,2024-09-05,C0072,total,norte,35,49.46,0,1,precio
TEL073-001033,2024-09-05,C0073,esencial,sur,29,7.56,0,0,
TEL073-001034,2024-09-05,C0074,plus,centro,50,34.79,0,0,
TEL073-001035,2024-09-05,C0075,total,sur,60,66.5,0,0,
TEL073-001036,2024-09-05,C0076,esencial,centro,53,13.6,0,1,precio
TEL073-001037,2024-09-05,C0077,plus,sur,35,39.15,0,0,
TEL073-001038,2024-09-05,C0078,total,centro,77,48.82,1,0,
TEL073-001039,2024-09-05,C0079,esencial,sur,85,21.92,3,0,
TEL073-001040,2024-09-05,C0080,plus,sur,80,36.14,0,0,
TEL073-001041,2024-09-05,C0081,total,norte,27,44.59,0,0,
TEL073-001042,2024-09-05,C0082,esencial,centro,34,25.41,4,0,
TEL073-001043,2024-09-05,C0083,plus,centro,38,32.48,0,0,
TEL073-001044,2024-09-05,C0084,total,norte,26,50.83,3,1,mudanza
TEL073-001045,2024-09-05,C0085,esencial,centro,45,0,1,0,
TEL073-001046,2024-09-05,C0086,plus,norte,73,34.57,0,0,
TEL073-001047,2024-09-05,C0087,total,centro,54,55.27,3,0,
TEL073-001048,2024-09-05,C0088,esencial,norte,18,23.63,0,0,
TEL073-001049,2024-09-05,C0089,plus,sur,39,23.74,1,0,
TEL073-001050,2024-09-05,C0090,total,sur,40,52.62,1,0,
TEL073-001051,2024-09-05,C0091,esencial,norte,60,30.63,2,0,
TEL073-001052,2024-09-05,C0092,plus,sur,36,40.74,0,0,
TEL073-001053,2024-09-05,C0093,total,centro,61,61.85,1,0,
TEL073-001054,2024-09-05,C0094,esencial,norte,42,28.11,1,0,
TEL073-001055,2024-09-05,C0095,plus,norte,83,19.15,3,0,
TEL073-001056,2024-09-05,C0096,total,sur,75,"54,76",0,0,
TEL073-001057,2024-09-05,C0097,esencial,norte,28,24.63,1,0,
TEL073-001058,2024-09-05,C0098,plus,centro,28,36.11,0,0,
TEL073-001059,2024-09-05,C0099,total,sur,83,48.63,1,0,
TEL073-001060,2024-09-05,C0100,esencial,norte,12,12.84,0,0,
TEL073-001061,2024-09-05,C0101,plus,sur,27,38.29,0,0,
TEL073-001062,2024-09-05,C0102,total,centro,76,27.27,0,0,
TEL073-001063,2024-09-05,C0103,esencial,sur,48,5.22,0,0,
TEL073-001064,2024-09-05,C0104,plus,centro,18,35.94,1,0,
TEL073-001065,2024-09-05,C0105,total,norte,23,63.87,0,0,
TEL073-001066,2024-09-05,C0106,esencial,centro,61,27.4,0,0,
TEL073-001067,2024-09-05,C0107,plus,centro,13,22.13,0,0,
TEL073-001068,2024-09-05,C0108, TOTAL ,centro,9,55.91,0,0,
TEL073-001069,2024-09-05,C0109,esencial,sur,73,30.94,1,0,
TEL073-001070,2024-09-05,C0110,plus,centro,91,30.34,0,0,
TEL073-001071,2024-09-05,C0111,total,norte,31,47.55,1,0,
TEL073-001072,2024-09-05,C0112,esencial,norte,30,5.87,2,0,
TEL073-001073,2024-09-05,C0113,plus,sur,39,37.17,0,0,
TEL073-001074,2024-09-05,C0114,total,norte,28,49.86,2,1,precio
TEL073-001075,2024-09-05,C0115,esencial,centro,30,21.61,1,0,
TEL073-001076,2024-09-05,C0116,plus,centro,20,47.25,0,0,
TEL073-001077,2024-09-05,C0117,total,sur,68,60.05,0,0,
TEL073-001078,2024-09-05,C0118,esencial,norte,22,9.76,0,0,
TEL073-001079,2024-09-05,C0119,plus,sur,54,28.69,0,0,
TEL073-001080,2024-09-05,C0120,total,norte,92,,0,0,
TEL073-001081,2024-10-06,C0001,esencial,norte,16,6.42,0,0,
TEL073-001082,2024-10-06,C0002,plus,norte,17,24.73,0,0,
TEL073-001083,2024-10-06,C0003,total,sur,40,53.57,0,0,
TEL073-001084,2024-10-06,C0004,esencial,norte,89,24.02,3,1,mudanza
TEL073-001085,2024-10-06,C0005,plus,sur,26,39.62,0,0,
TEL073-001086,2024-10-06,C0006,total,norte,11,50.22,1,0,
TEL073-001087,2024-10-06,C0007,esencial,centro,84,17.69,1,0,
TEL073-001088,2024-10-06,C0008,plus,norte,79,22.7,0,0,
TEL073-001089,2024-10-06,C0009,total,sur,52,54.78,1,0,
TEL073-001090,2024-10-06,C0010,esencial,sur,96,31.41,1,0,
TEL073-001091,2024-10-06,C0011,plus,norte,98,25.92,3,0,
TEL073-001092,2024-10-06,C0012,total,sur,21,63.71,0,0,
TEL073-001093,2024-10-06,C0013,esencial,norte,14,19.2,0,0,
TEL073-001094,2024-10-06,C0014,plus,centro,79,36.57,1,0,
TEL073-001095,2024-10-06,C0015,total,centro,99,37.88,1,0,
TEL073-001096,2024-10-06,C0016,esencial,sur,60,12.35,1,0,
TEL073-001097,2024-10-06,C0017,plus,sur,69,38.36,0,0,
TEL073-001098,2024-10-06,C0018,total,sur,23,41.02,0,0,
TEL073-001099,2024-10-06,C0019,esencial,norte,44,30.81,2,0,
TEL073-001100,2024-10-06,C0020,plus,sur,82,30.01,4,0,
TEL073-001101,2024-10-06,C0021,total,sur,22,59.43,0,0,
TEL073-001102,2024-10-06,C0022,esencial,centro,99,26.82,3,1,mudanza
TEL073-001103,2024-10-06,C0023,plus,centro,59,30.4,0,0,
TEL073-001104,2024-10-06,C0024,total,sur,98,55.93,3,0,
TEL073-001105,2024-10-06,C0025,esencial,centro,38,8.85,2,0,
TEL073-001106,2024-10-06,C0026,plus,sur,65,26.56,0,1,precio
TEL073-001107,2024-10-06,C0027,total,centro,22,56.26,0,0,
TEL073-001108,2024-10-06,C0028,esencial,norte,59,0,0,0,
TEL073-001109,2024-10-06,C0029,plus,centro,46,42.95,1,0,
TEL073-001110,2024-10-06,C0030,total,norte,51,46.82,1,0,
TEL073-001111,2024-10-06,C0031,esencial,centro,19,16.49,0,0,
TEL073-001112,2024-10-06,C0032,plus,norte,41,16.75,2,0,
TEL073-001113,2024-10-06,C0033,total,sur,98,52.85,0,0,
TEL073-001114,2024-10-06,C0034,esencial,norte,78,22.26,0,0,
TEL073-001115,2024-10-06,C0035,plus,sur,90,34.37,0,0,
TEL073-001116,2024-10-06,C0036,total,norte,60,47.09,0,0,
TEL073-001117,2024-10-06,C0037,esencial,norte,42,25.11,0,0,
TEL073-001118,2024-10-06,C0038,plus,centro,46,27.16,1,0,
TEL073-001119,2024-10-06,C0039,total,norte,90,59.36,1,0,
TEL073-001120,2024-10-06,C0040,esencial,norte,83,17.69,3,0,
TEL073-001121,2024-10-06,C0041,plus,norte,82,28.33,0,0,
TEL073-001122,2024-10-06,C0042,total,norte,31,52.92,0,0,
TEL073-001123,2024-10-06,C0043,esencial,centro,16,22.91,1,0,
TEL073-001124,2024-10-06,C0044,plus,centro,99,28.62,0,0,
TEL073-001125,2024-10-06,C0045,total,norte,61,50.47,0,0,
TEL073-001126,2024-10-06,C0046,esencial,norte,22,29.1,1,1,precio
TEL073-001127,2024-10-06,C0047,plus,centro,71,41.47,1,0,
TEL073-001128,2024-10-06,C0048,total,sur,71,40.97,1,0,
TEL073-001129,2024-10-06,C0049,esencial,centro,95,14.12,0,0,
TEL073-001130,2024-10-06,C0050,plus,norte,43,25.28,0,0,
TEL073-001131,2024-10-06,C0051,total,centro,78,29.72,1,0,
TEL073-001132,2024-10-06,C0052,esencial,norte,94,10.36,0,0,
TEL073-001133,2024-10-06,C0053,plus,centro,56,31.31,0,0,
TEL073-001134,2024-10-06,C0054,total,sur,57,50.83,0,0,
TEL073-001135,2024-10-06,C0055,esencial,norte,41,22.69,0,0,
TEL073-001136,2024-10-06,C0056,plus,centro,73,36.32,2,0,
TEL073-001137,2024-10-06,C0057,total,sur,43,49.21,2,0,
TEL073-001138,2024-10-06,C0058,esencial,centro,63,31.38,0,0,
TEL073-001139,2024-10-06,C0059,plus,centro,94,29.78,0,0,
TEL073-001140,2024-10-06,C0060,total,norte,66,48.73,0,0,
TEL073-001141,2024-10-06,C0061,esencial,centro,19,24.3,3,1,precio
TEL073-001142,2024-10-06,C0062,plus,centro,41,34.92,0,0,
TEL073-001143,2024-10-06,C0063,total,centro,12,52.85,0,0,
TEL073-001144,2024-10-06,C0064,esencial,centro,91,16.86,0,0,
TEL073-001145,2024-10-06,C0065,plus,centro,15,32.01,0,1,precio
TEL073-001146,2024-10-06,C0066,total,sur,51,48.84,0,0,
TEL073-001147,2024-10-06,C0067,esencial,sur,73,22.33,0,0,
TEL073-001148,2024-10-06,C0068,plus,norte,35,49.51,1,0,
TEL073-001149,2024-10-06,C0069,total,sur,57,50.94,3,0,
TEL073-001150,2024-10-06,C0070,esencial,centro,11,10.48,0,0,
TEL073-001151,2024-10-06,C0071,plus,centro,77,46.14,0,0,
TEL073-001152,2024-10-06,C0072,total,norte,36,60.49,2,0,
TEL073-001153,2024-10-06,C0073,esencial,sur,30,25.64,1,0,
TEL073-001154,2024-10-06,C0074,plus,centro,51,33.75,0,0,
TEL073-001155,2024-10-06,C0075,total,sur,61,58.08,1,1,mudanza
TEL073-001156,2024-10-06,C0076,esencial,centro,54,33.57,0,0,
TEL073-001157,2024-10-06,C0077,plus,sur,36,32.2,3,0,
TEL073-001158,2024-10-06,C0078,total,centro,78,49.42,0,0,
TEL073-001159,2024-10-06,C0079,esencial,sur,86,26.16,1,0,
TEL073-001160,2024-10-06,C0080,plus,sur,81,48.41,0,0,
TEL073-001161,2024-10-06,C0081,total,norte,28,44.46,0,0,
TEL073-001162,2024-10-06,C0082,esencial,centro,35,17.11,1,0,
TEL073-001163,2024-10-06,C0083,plus,centro,39,,0,0,
TEL073-001164,2024-10-06,C0084,total,norte,27,56.59,1,0,
TEL073-001165,2024-10-06,C0085, ESENCIAL ,centro,46,17.75,0,0,
TEL073-001166,2024-10-06,C0086,plus,norte,74,36.36,0,0,
TEL073-001167,2024-10-06,C0087,total,centro,55,55.36,2,0,
TEL073-001168,2024-10-06,C0088,esencial,norte,19,10.74,0,0,
TEL073-001169,2024-10-06,C0089,plus,sur,40,25.69,0,0,
TEL073-001170,2024-10-06,C0090,total,sur,41,49.78,1,0,
TEL073-001171,2024-10-06,C0091,esencial,norte,61,17.86,1,0,
TEL073-001172,2024-10-06,C0092,plus,sur,37,32.61,0,0,
TEL073-001173,2024-10-06,C0093,total,centro,62,55.17,1,0,
TEL073-001174,2024-10-06,C0094,esencial,norte,43,19.86,2,0,
TEL073-001175,2024-10-06,C0095,plus,norte,84,37.35,0,0,
TEL073-001176,2024-10-06,C0096,total,sur,76,59.21,1,0,
TEL073-001177,2024-10-06,C0097,esencial,norte,29,12.87,0,0,
TEL073-001178,2024-10-06,C0098,plus,centro,29,28.22,1,0,
TEL073-001179,2024-10-06,C0099,total,sur,84,46.66,1,0,
TEL073-001180,2024-10-06,C0100,esencial,norte,13,26.94,1,0,
TEL073-001181,2024-10-06,C0101,plus,sur,28,32.33,0,0,
TEL073-001182,2024-10-06,C0102,total,centro,77,49.8,2,0,
TEL073-001183,2024-10-06,C0103,esencial,sur,49,8.45,0,0,
TEL073-001184,2024-10-06,C0104,plus,centro,19,25.0,1,0,
TEL073-001185,2024-10-06,C0105,total,norte,24,51.27,0,0,
TEL073-001186,2024-10-06,C0106,esencial,centro,62,0,1,0,
TEL073-001187,2024-10-06,C0107,plus,centro,14,22.99,1,0,
TEL073-001188,2024-10-06,C0108,total,centro,10,58.41,1,0,
TEL073-001189,2024-10-06,C0109,esencial,sur,74,20.26,0,0,
TEL073-001190,2024-10-06,C0110,plus,centro,92,29.18,0,0,
TEL073-001191,2024-10-06,C0111,total,norte,32,59.19,1,0,
TEL073-001192,2024-10-06,C0112,esencial,norte,31,26.31,0,0,
TEL073-001193,2024-10-06,C0113,plus,sur,40,37.0,2,0,
TEL073-001194,2024-10-06,C0114,total,norte,29,48.97,0,0,
TEL073-001195,2024-10-06,C0115,esencial,centro,31,28.69,2,0,
TEL073-001196,2024-10-06,C0116,plus,centro,21,34.68,1,0,
TEL073-001197,2024-10-06,C0117,total,sur,69,58.23,2,0,
TEL073-001198,2024-10-06,C0118,esencial,norte,23,19.01,2,0,
TEL073-001199,2024-10-06,C0119,plus,sur,55,30.57,0,0,
TEL073-001200,2024-10-06,C0120,total,norte,93,65.82,1,0,
TEL073-001201,2024-11-06,C0001,esencial,norte,17,6.23,0,0,
TEL073-001202,2024-11-06,C0002,plus,norte,18,37.18,0,0,
TEL073-001203,2024-11-06,C0003,total,sur,41,57.65,1,0,
TEL073-001204,2024-11-06,C0004,esencial,norte,90,27.87,2,0,
TEL073-001205,2024-11-06,C0005,plus,sur,27,29.45,0,0,
TEL073-001206,2024-11-06,C0006,total,norte,12,52.74,1,0,
TEL073-001207,2024-11-06,C0007,esencial,centro,85,1.55,0,0,
TEL073-001208,2024-11-06,C0008,plus,norte,80,33.28,0,0,
TEL073-001209,2024-11-06,C0009,total,sur,53,59.47,3,0,
TEL073-001210,2024-11-06,C0010,esencial,sur,97,30.47,4,0,
TEL073-001211,2024-11-06,C0011,plus,norte,99,45.14,3,1,servicio
TEL073-001212,2024-11-06,C0012,total,sur,22,63.33,0,0,
TEL073-001213,2024-11-06,C0013,esencial,norte,15,4.39,0,0,
TEL073-001214,2024-11-06,C0014,plus,centro,80,37.51,0,0,
TEL073-001215,2024-11-06,C0015,total,centro,100,39.86,0,0,
TEL073-001216,2024-11-06,C0016,esencial,sur,61,24.59,0,0,
TEL073-001217,2024-11-06,C0017,plus,sur,70,44.69,0,0,
TEL073-001218,2024-11-06,C0018,total,sur,24,55.04,1,0,
TEL073-001219,2024-11-06,C0019,esencial,norte,45,8.52,0,1,servicio
TEL073-001220,2024-11-06,C0020,plus,sur,83,38.1,0,0,
TEL073-001221,2024-11-06,C0021,total,sur,23,61.03,0,0,
TEL073-001222,2024-11-06,C0022,esencial,centro,100,19.92,0,0,
TEL073-001223,2024-11-06,C0023,plus,centro,60,45.03,4,0,
TEL073-001224,2024-11-06,C0024,total,sur,99,62.1,2,1,mudanza
TEL073-001225,2024-11-06,C0025,esencial,centro,39,22.88,0,0,
TEL073-001226,2024-11-06,C0026,plus,sur,66,19.61,0,0,
TEL073-001227,2024-11-06,C0027,total,centro,23,48.57,0,0,
TEL073-001228,2024-11-06,C0028,esencial,norte,60,16.29,2,0,
TEL073-001229,2024-11-06,C0029,plus,centro,47,30.82,1,0,
TEL073-001230,2024-11-06,C0030,total,norte,52,45.08,0,0,
TEL073-001231,2024-11-06,C0031,esencial,centro,20,23.87,0,0,
TEL073-001232,2024-11-06,C0032,plus,norte,42,44.28,0,0,
TEL073-001233,2024-11-06,C0033,total,sur,99,62.39,3,0,
TEL073-001234,2024-11-06,C0034,esencial,norte,79,15.63,2,0,
TEL073-001235,2024-11-06,C0035,plus,sur,91,39.17,0,0,
TEL073-001236,2024-11-06,C0036,total,norte,61,30.8,4,0,
TEL073-001237,2024-11-06,C0037,esencial,norte,43,16.09,0,0,
TEL073-001238,2024-11-06,C0038,plus,centro,47,29.02,2,1,mudanza
TEL073-001239,2024-11-06,C0039,total,norte,91,54.14,4,0,
TEL073-001240,2024-11-06,C0040,esencial,norte,84,7.43,0,0,
TEL073-001241,2024-11-06,C0041,plus,norte,83,37.24,2,0,
TEL073-001242,2024-11-06,C0042,total,norte,32,40.63,1,0,
TEL073-001243,2024-11-06,C0043,esencial,centro,17,28.54,0,0,
TEL073-001244,2024-11-06,C0044,plus,centro,100,43.04,1,0,
TEL073-001245,2024-11-06,C0045,total,norte,62,45.23,0,0,
TEL073-001246,2024-11-06,C0046,esencial,norte,23,,3,0,
TEL073-001247,2024-11-06,C0047,plus,centro,72,23.02,0,0,
TEL073-001248,2024-11-06,C0048,total,sur,72,50.44,0,0,
TEL073-001249,2024-11-06,C0049,esencial,centro,96,6.23,0,0,
TEL073-001250,2024-11-06,C0050,plus,norte,44,35.81,2,0,
TEL073-001251,2024-11-06,C0051,total,centro,79,45.2,0,0,
TEL073-001252,2024-11-06,C0052,esencial,norte,95,12.86,0,0,
TEL073-001253,2024-11-06,C0053,plus,centro,57,42.23,1,0,
TEL073-001254,2024-11-06,C0054,total,sur,58,38.93,0,0,
TEL073-001255,2024-11-06,C0055,esencial,norte,42,16.99,0,0,
TEL073-001256,2024-11-06,C0056,plus,centro,74,25.21,0,0,
TEL073-001257,2024-11-06,C0057,total,sur,44,52.14,0,0,
TEL073-001258,2024-11-06,C0058,esencial,centro,64,13.21,1,0,
TEL073-001259,2024-11-06,C0059,plus,centro,95,49.08,0,0,
TEL073-001260,2024-11-06,C0060,total,norte,67,43.83,0,0,
TEL073-001261,2024-11-06,C0061,esencial,centro,20,15.68,2,0,
TEL073-001262,2024-11-06,C0062, PLUS ,centro,42,20.85,0,1,servicio
TEL073-001263,2024-11-06,C0063,total,centro,13,51.26,0,0,
TEL073-001264,2024-11-06,C0064,esencial,centro,92,19.24,2,0,
TEL073-001265,2024-11-06,C0065,plus,centro,16,46.94,1,0,
TEL073-001266,2024-11-06,C0066,total,sur,52,68.84,0,0,
TEL073-001267,2024-11-06,C0067,esencial,sur,74,"25,15",2,0,
TEL073-001268,2024-11-06,C0068,plus,norte,36,34.31,2,0,
TEL073-001269,2024-11-06,C0069,total,sur,58,43.28,2,0,
TEL073-001270,2024-11-06,C0070,esencial,centro,12,5.81,2,0,
TEL073-001271,2024-11-06,C0071,plus,centro,78,39.55,0,0,
TEL073-001272,2024-11-06,C0072,total,norte,37,44.35,0,0,
TEL073-001273,2024-11-06,C0073,esencial,sur,31,13.77,1,0,
TEL073-001274,2024-11-06,C0074,plus,centro,52,37.02,0,0,
TEL073-001275,2024-11-06,C0075,total,sur,62,52.23,0,0,
TEL073-001276,2024-11-06,C0076,esencial,centro,55,7.62,1,0,
TEL073-001277,2024-11-06,C0077,plus,sur,37,35.68,0,0,
TEL073-001278,2024-11-06,C0078,total,centro,79,51.32,0,0,
TEL073-001279,2024-11-06,C0079,esencial,sur,87,10.4,0,0,
TEL073-001280,2024-11-06,C0080,plus,sur,82,33.82,0,0,
TEL073-001281,2024-11-06,C0081,total,norte,29,54.77,2,0,
TEL073-001282,2024-11-06,C0082,esencial,centro,36,6.33,1,0,
TEL073-001283,2024-11-06,C0083,plus,centro,40,34.46,1,0,
TEL073-001284,2024-11-06,C0084,total,norte,28,57.79,0,0,
TEL073-001285,2024-11-06,C0085,esencial,centro,47,11.4,1,0,
TEL073-001286,2024-11-06,C0086,plus,norte,75,29.31,1,0,
TEL073-001287,2024-11-06,C0087,total,centro,56,63.17,2,0,
TEL073-001288,2024-11-06,C0088,esencial,norte,20,23.32,1,0,
TEL073-001289,2024-11-06,C0089,plus,sur,41,31.86,1,0,
TEL073-001290,2024-11-06,C0090,total,sur,42,39.6,2,0,
TEL073-001291,2024-11-06,C0091,esencial,norte,62,16.54,2,0,
TEL073-001292,2024-11-06,C0092,plus,sur,38,33.95,0,0,
TEL073-001293,2024-11-06,C0093,total,centro,63,52.12,0,0,
TEL073-001294,2024-11-06,C0094,esencial,norte,44,18.03,0,0,
TEL073-001295,2024-11-06,C0095,plus,norte,85,34.54,3,0,
TEL073-001296,2024-11-06,C0096,total,sur,77,58.13,1,0,
TEL073-001297,2024-11-06,C0097,esencial,norte,30,15.97,2,0,
TEL073-001298,2024-11-06,C0098,plus,centro,30,31.17,0,0,
TEL073-001299,2024-11-06,C0099,total,sur,85,57.22,2,0,
TEL073-001300,2024-11-06,C0100,esencial,norte,14,16.77,2,0,
TEL073-001301,2024-11-06,C0101,plus,sur,29,28.4,0,0,
TEL073-001302,2024-11-06,C0102,total,centro,78,52.04,0,0,
TEL073-001303,2024-11-06,C0103,esencial,sur,50,13.74,0,0,
TEL073-001304,2024-11-06,C0104,plus,centro,20,30.61,1,0,
TEL073-001305,2024-11-06,C0105,total,norte,25,43.98,1,0,
TEL073-001306,2024-11-06,C0106,esencial,centro,63,0,2,0,
TEL073-001307,2024-11-06,C0107,plus,centro,15,29.76,0,1,mudanza
TEL073-001308,2024-11-06,C0108,total,centro,11,53.48,0,0,
TEL073-001309,2024-11-06,C0109,esencial,sur,75,30.24,0,1,precio
TEL073-001310,2024-11-06,C0110,plus,centro,93,38.01,0,0,
TEL073-001311,2024-11-06,C0111,total,norte,33,58.22,0,0,
TEL073-001312,2024-11-06,C0112,esencial,norte,32,7.07,0,0,
TEL073-001313,2024-11-06,C0113,plus,sur,41,36.37,3,1,servicio
TEL073-001314,2024-11-06,C0114,total,norte,30,64.64,0,0,
TEL073-001315,2024-11-06,C0115,esencial,centro,32,21.41,1,0,
TEL073-001316,2024-11-06,C0116,plus,centro,22,48.53,1,1,mudanza
TEL073-001317,2024-11-06,C0117,total,sur,70,58.41,0,0,
TEL073-001318,2024-11-06,C0118,esencial,norte,24,16.08,0,1,precio
TEL073-001319,2024-11-06,C0119,plus,sur,56,40.1,1,0,
TEL073-001320,2024-11-06,C0120,total,norte,94,63.41,0,0,
TEL073-001321,2024-12-07,C0001,esencial,norte,18,14.03,2,0,
TEL073-001322,2024-12-07,C0002,plus,norte,19,27.83,0,0,
TEL073-001323,2024-12-07,C0003,total,sur,42,52.77,0,0,
TEL073-001324,2024-12-07,C0004,esencial,norte,91,18.2,3,0,
TEL073-001325,2024-12-07,C0005,plus,sur,28,32.28,0,0,
TEL073-001326,2024-12-07,C0006,total,norte,13,52.06,2,0,
TEL073-001327,2024-12-07,C0007,esencial,centro,86,0.67,0,0,
TEL073-001328,2024-12-07,C0008,plus,norte,81,34.49,0,0,
TEL073-001329,2024-12-07,C0009,total,sur,54,,1,0,
TEL073-001330,2024-12-07,C0010,esencial,sur,98,11.25,2,0,
TEL073-001331,2024-12-07,C0011,plus,norte,100,32.6,1,0,
TEL073-001332,2024-12-07,C0012,total,sur,23,50.71,0,0,
TEL073-001333,2024-12-07,C0013,esencial,norte,16,22.32,1,0,
TEL073-001334,2024-12-07,C0014,plus,centro,81,35.43,1,0,
TEL073-001335,2024-12-07,C0015,total,centro,101,38.66,0,0,
TEL073-001336,2024-12-07,C0016,esencial,sur,62,26.47,0,0,
TEL073-001337,2024-12-07,C0017,plus,sur,71,29.54,1,0,
TEL073-001338,2024-12-07,C0018,total,sur,25,61.92,0,0,
TEL073-001339,2024-12-07,C0019,esencial,norte,46,28.48,0,0,
TEL073-001340,2024-12-07,C0020,plus,sur,84,45.66,0,0,
TEL073-001341,2024-12-07,C0021,total,sur,24,59.49,0,0,
TEL073-001342,2024-12-07,C0022,esencial,centro,101,14.71,0,1,servicio
TEL073-001343,2024-12-07,C0023,plus,centro,61,19.65,0,0,
TEL073-001344,2024-12-07,C0024,total,sur,100,48.19,1,1,precio
TEL073-001345,2024-12-07,C0025,esencial,centro,40,15.41,2,0,
TEL073-001346,2024-12-07,C0026,plus,sur,67,37.16,3,1,precio
TEL073-001347,2024-12-07,C0027,total,centro,24,62.73,1,0,
TEL073-001348,2024-12-07,C0028,esencial,norte,61,21.29,1,0,
TEL073-001349,2024-12-07,C0029,plus,centro,48,35.22,1,0,
TEL073-001350,2024-12-07,C0030,total,norte,53,60.42,0,0,
TEL073-001351,2024-12-07,C0031,esencial,centro,21,21.23,0,0,
TEL073-001352,2024-12-07,C0032,plus,norte,43,39.15,0,0,
TEL073-001353,2024-12-07,C0033,total,sur,100,46.05,2,0,
TEL073-001354,2024-12-07,C0034,esencial,norte,80,35.99,0,0,
TEL073-001355,2024-12-07,C0035,plus,sur,92,40.69,3,0,
TEL073-001356,2024-12-07,C0036,total,norte,62,54.72,2,0,
TEL073-001357,2024-12-07,C0037,esencial,norte,44,17.22,0,0,
TEL073-001358,2024-12-07,C0038,plus,centro,48,30.25,0,0,
TEL073-001359,2024-12-07,C0039, TOTAL ,norte,92,62.22,1,0,
TEL073-001360,2024-12-07,C0040,esencial,norte,85,21.61,2,0,
TEL073-001361,2024-12-07,C0041,plus,norte,84,22.91,3,0,
TEL073-001362,2024-12-07,C0042,total,norte,33,59.98,1,0,
TEL073-001363,2024-12-07,C0043,esencial,centro,18,8.96,1,1,mudanza
TEL073-001364,2024-12-07,C0044,plus,centro,101,27.12,1,0,
TEL073-001365,2024-12-07,C0045,total,norte,63,47.57,0,0,
TEL073-001366,2024-12-07,C0046,esencial,norte,24,5.52,1,0,
TEL073-001367,2024-12-07,C0047,plus,centro,73,33.45,2,0,
TEL073-001368,2024-12-07,C0048,total,sur,73,67.37,0,0,
TEL073-001369,2024-12-07,C0049,esencial,centro,97,8.26,0,0,
TEL073-001370,2024-12-07,C0050,plus,norte,45,34.4,0,0,
TEL073-001371,2024-12-07,C0051,total,centro,80,57.1,1,0,
TEL073-001372,2024-12-07,C0052,esencial,norte,96,15.01,1,0,
TEL073-001373,2024-12-07,C0053,plus,centro,58,36.83,0,0,
TEL073-001374,2024-12-07,C0054,total,sur,59,55.11,0,0,
TEL073-001375,2024-12-07,C0055,esencial,norte,43,9.91,0,0,
TEL073-001376,2024-12-07,C0056,plus,centro,75,17.98,2,0,
TEL073-001377,2024-12-07,C0057,total,sur,45,59.32,0,0,
TEL073-001378,2024-12-07,C0058,esencial,centro,65,8.82,1,0,
TEL073-001379,2024-12-07,C0059,plus,centro,96,32.66,3,0,
TEL073-001380,2024-12-07,C0060,total,norte,68,55.77,0,0,
TEL073-001381,2024-12-07,C0061,esencial,centro,21,0.16,2,0,
TEL073-001382,2024-12-07,C0062,plus,centro,43,37.05,1,0,
TEL073-001383,2024-12-07,C0063,total,centro,14,38.36,0,0,
TEL073-001384,2024-12-07,C0064,esencial,centro,93,33.14,0,0,
TEL073-001385,2024-12-07,C0065,plus,centro,17,29.16,1,0,
TEL073-001386,2024-12-07,C0066,total,sur,53,42.17,1,0,
TEL073-001387,2024-12-07,C0067,esencial,sur,75,21.38,1,0,
TEL073-001388,2024-12-07,C0068,plus,norte,37,37.94,0,0,
TEL073-001389,2024-12-07,C0069,total,sur,59,51.27,2,1,servicio
TEL073-001390,2024-12-07,C0070,esencial,centro,13,28.21,2,0,
TEL073-001391,2024-12-07,C0071,plus,centro,79,31.99,2,0,
TEL073-001392,2024-12-07,C0072,total,norte,38,55.34,0,0,
TEL073-001393,2024-12-07,C0073,esencial,sur,32,30.41,3,0,
TEL073-001394,2024-12-07,C0074,plus,centro,53,33.5,3,0,
TEL073-001395,2024-12-07,C0075,total,sur,63,45.4,1,1,precio
TEL073-001396,2024-12-07,C0076,esencial,centro,56,4.91,0,0,
TEL073-001397,2024-12-07,C0077,plus,sur,38,48.42,0,0,
TEL073-001398,2024-12-07,C0078,total,centro,80,53.37,3,0,
TEL073-001399,2024-12-07,C0079,esencial,sur,88,19.82,0,0,
TEL073-001400,2024-12-07,C0080,plus,sur,83,41.06,1,1,servicio
TEL073-001401,2024-12-07,C0081,total,norte,30,50.71,4,0,
TEL073-001402,2024-12-07,C0082,esencial,centro,37,13.98,0,0,
TEL073-001403,2024-12-07,C0083,plus,centro,41,49.16,2,0,
TEL073-001404,2024-12-07,C0084,total,norte,29,57.8,0,0,
TEL073-001405,2024-12-07,C0085,esencial,centro,48,18.07,0,0,
TEL073-001406,2024-12-07,C0086,plus,norte,76,28.57,3,0,
TEL073-001407,2024-12-07,C0087,total,centro,57,57.7,0,0,
TEL073-001408,2024-12-07,C0088,esencial,norte,21,7.85,2,0,
TEL073-001409,2024-12-07,C0089,plus,sur,42,33.05,1,0,
TEL073-001410,2024-12-07,C0090,total,sur,43,45.95,1,0,
TEL073-001411,2024-12-07,C0091,esencial,norte,63,20.94,1,1,servicio
TEL073-001412,2024-12-07,C0092,plus,sur,39,,0,0,
TEL073-001413,2024-12-07,C0093,total,centro,64,51.08,1,0,
TEL073-001414,2024-12-07,C0094,esencial,norte,45,9.79,0,0,
TEL073-001415,2024-12-07,C0095,plus,norte,86,32.71,1,0,
TEL073-001416,2024-12-07,C0096,total,sur,78,54.93,0,0,
TEL073-001417,2024-12-07,C0097,esencial,norte,31,18.89,1,0,
TEL073-001418,2024-12-07,C0098,plus,centro,31,34.32,0,1,mudanza
TEL073-001419,2024-12-07,C0099,total,sur,86,46.41,1,1,precio
TEL073-001420,2024-12-07,C0100,esencial,norte,15,26.6,0,0,
TEL073-001421,2024-12-07,C0101,plus,sur,30,20.61,0,0,
TEL073-001422,2024-12-07,C0102,total,centro,79,56.88,0,0,
TEL073-001423,2024-12-07,C0103,esencial,sur,51,18.13,0,0,
TEL073-001424,2024-12-07,C0104,plus,centro,21,36.62,0,0,
TEL073-001425,2024-12-07,C0105,total,norte,26,53.16,1,0,
TEL073-001426,2024-12-07,C0106,esencial,centro,64,24.6,2,0,
TEL073-001427,2024-12-07,C0107,plus,centro,16,43.47,0,0,
TEL073-001428,2024-12-07,C0108,total,centro,12,34.77,0,0,
TEL073-001429,2024-12-07,C0109,esencial,sur,76,9.73,0,0,
TEL073-001430,2024-12-07,C0110,plus,centro,94,29.38,1,0,
TEL073-001431,2024-12-07,C0111,total,norte,34,62.99,0,0,
TEL073-001432,2024-12-07,C0112,esencial,norte,33,22.2,0,0,
TEL073-001433,2024-12-07,C0113,plus,sur,42,38.94,0,0,
TEL073-001434,2024-12-07,C0114,total,norte,31,46.81,4,0,
TEL073-001435,2024-12-07,C0115,esencial,centro,33,19.38,0,0,
TEL073-001436,2024-12-07,C0116,plus,centro,23,42.26,0,0,
TEL073-001437,2024-12-07,C0117,total,sur,71,51.08,3,0,
TEL073-001438,2024-12-07,C0118,esencial,norte,25,13.4,0,0,
TEL073-001439,2024-12-07,C0119,plus,sur,57,43.51,1,0,
TEL073-001440,2024-12-07,C0120,total,norte,95,44.26,0,0,
TEL073-001441,2025-01-07,C0001,esencial,norte,19,17.43,0,0,
TEL073-001442,2025-01-07,C0002,plus,norte,20,32.75,3,0,
TEL073-001443,2025-01-07,C0003,total,sur,43,42.32,1,0,
TEL073-001444,2025-01-07,C0004,esencial,norte,92,15.14,1,0,
TEL073-001445,2025-01-07,C0005,plus,sur,29,41.02,0,0,
TEL073-001446,2025-01-07,C0006,total,norte,14,54.7,1,0,
TEL073-001447,2025-01-07,C0007,esencial,centro,87,16.92,1,0,
TEL073-001448,2025-01-07,C0008,plus,norte,82,29.84,2,0,
TEL073-001449,2025-01-07,C0009,total,sur,55,48.12,0,0,
TEL073-001450,2025-01-07,C0010,esencial,sur,99,17.52,1,0,
TEL073-001451,2025-01-07,C0011,plus,norte,101,30.3,0,0,
TEL073-001452,2025-01-07,C0012,total,sur,24,46.42,0,0,
TEL073-001453,2025-01-07,C0013,esencial,norte,17,14.81,0,0,
TEL073-001454,2025-01-07,C0014,plus,centro,82,43.01,1,0,
TEL073-001455,2025-01-07,C0015,total,centro,102,53.62,0,0,
TEL073-001456,2025-01-07,C0016, ESENCIAL ,sur,63,11.38,0,0,
TEL073-001457,2025-01-07,C0017,plus,sur,72,40.93,2,0,
TEL073-001458,2025-01-07,C0018,total,sur,26,59.55,0,0,
TEL073-001459,2025-01-07,C0019,esencial,norte,47,8.63,0,0,
TEL073-001460,2025-01-07,C0020,plus,sur,85,28.05,0,0,
TEL073-001461,2025-01-07,C0021,total,sur,25,60.58,0,0,
TEL073-001462,2025-01-07,C0022,esencial,centro,102,0,3,0,
TEL073-001463,2025-01-07,C0023,plus,centro,62,30.42,0,0,
TEL073-001464,2025-01-07,C0024,total,sur,101,55.47,2,1,precio
TEL073-001465,2025-01-07,C0025,esencial,centro,41,13.76,2,0,
TEL073-001466,2025-01-07,C0026,plus,sur,68,37.23,2,0,
TEL073-001467,2025-01-07,C0027,total,centro,25,46.31,1,0,
TEL073-001468,2025-01-07,C0028,esencial,norte,62,15.25,0,0,
TEL073-001469,2025-01-07,C0029,plus,centro,49,43.45,0,0,
TEL073-001470,2025-01-07,C0030,total,norte,54,50.59,2,0,
TEL073-001471,2025-01-07,C0031,esencial,centro,22,28.29,0,0,
TEL073-001472,2025-01-07,C0032,plus,norte,44,46.69,1,1,mudanza
TEL073-001473,2025-01-07,C0033,total,sur,101,59.75,1,1,mudanza
TEL073-001474,2025-01-07,C0034,esencial,norte,81,7.79,0,0,
TEL073-001475,2025-01-07,C0035,plus,sur,93,46.95,2,0,
TEL073-001476,2025-01-07,C0036,total,norte,63,60.15,0,0,
TEL073-001477,2025-01-07,C0037,esencial,norte,45,37.66,0,0,
TEL073-001478,2025-01-07,C0038,plus,centro,49,"41,97",0,1,precio
TEL073-001479,2025-01-07,C0039,total,norte,93,64.16,0,0,
TEL073-001480,2025-01-07,C0040,esencial,norte,86,27.6,1,0,
TEL073-001481,2025-01-07,C0041,plus,norte,85,33.77,0,1,servicio
TEL073-001482,2025-01-07,C0042,total,norte,34,49.67,0,0,
TEL073-001483,2025-01-07,C0043,esencial,centro,19,12.04,3,0,
TEL073-001484,2025-01-07,C0044,plus,centro,102,22.99,0,0,
TEL073-001485,2025-01-07,C0045,total,norte,64,51.85,0,0,
TEL073-001486,2025-01-07,C0046,esencial,norte,25,7.61,1,0,
TEL073-001487,2025-01-07,C0047,plus,centro,74,30.12,1,0,
TEL073-001488,2025-01-07,C0048,total,sur,74,57.16,2,0,
TEL073-001489,2025-01-07,C0049,esencial,centro,98,20.11,0,0,
TEL073-001490,2025-01-07,C0050,plus,norte,46,34.21,1,0,
TEL073-001491,2025-01-07,C0051,total,centro,81,49.49,0,0,
TEL073-001492,2025-01-07,C0052,esencial,norte,97,17.71,1,0,
TEL073-001493,2025-01-07,C0053,plus,centro,59,37.39,2,0,
TEL073-001494,2025-01-07,C0054,total,sur,60,71.7,0,0,
TEL073-001495,2025-01-07,C0055,esencial,norte,44,,0,0,
TEL073-001496,2025-01-07,C0056,plus,centro,76,42.9,0,0,
TEL073-001497,2025-01-07,C0057,total,sur,46,58.63,2,0,
TEL073-001498,2025-01-07,C0058,esencial,centro,66,17.04,1,0,
TEL073-001499,2025-01-07,C0059,plus,centro,97,34.1,2,0,
TEL073-001500,2025-01-07,C0060,total,norte,69,50.11,0,0,
TEL073-001501,2025-01-07,C0061,esencial,centro,22,11.01,1,0,
TEL073-001502,2025-01-07,C0062,plus,centro,44,24.28,0,0,
TEL073-001503,2025-01-07,C0063,total,centro,15,53.26,2,0,
TEL073-001504,2025-01-07,C0064,esencial,centro,94,9.87,0,0,
TEL073-001505,2025-01-07,C0065,plus,centro,18,32.82,0,0,
TEL073-001506,2025-01-07,C0066,total,sur,54,50.93,1,0,
TEL073-001507,2025-01-07,C0067,esencial,sur,76,18.12,0,1,servicio
TEL073-001508,2025-01-07,C0068,plus,norte,38,25.97,0,0,
TEL073-001509,2025-01-07,C0069,total,sur,60,55.52,2,0,
TEL073-001510,2025-01-07,C0070,esencial,centro,14,16.91,0,0,
TEL073-001511,2025-01-07,C0071,plus,centro,80,41.75,2,0,
TEL073-001512,2025-01-07,C0072,total,norte,39,56.67,2,1,mudanza
TEL073-001513,2025-01-07,C0073,esencial,sur,33,11.01,2,0,
TEL073-001514,2025-01-07,C0074,plus,centro,54,33.41,0,0,
TEL073-001515,2025-01-07,C0075,total,sur,64,53.65,0,0,
TEL073-001516,2025-01-07,C0076,esencial,centro,57,6.96,0,0,
TEL073-001517,2025-01-07,C0077,plus,sur,39,30.97,0,0,
TEL073-001518,2025-01-07,C0078,total,centro,81,44.95,0,0,
TEL073-001519,2025-01-07,C0079,esencial,sur,89,10.98,0,0,
TEL073-001520,2025-01-07,C0080,plus,sur,84,36.36,0,0,
TEL073-001521,2025-01-07,C0081,total,norte,31,46.1,0,0,
TEL073-001522,2025-01-07,C0082,esencial,centro,38,0,1,1,servicio
TEL073-001523,2025-01-07,C0083,plus,centro,42,27.52,0,0,
TEL073-001524,2025-01-07,C0084,total,norte,30,58.84,3,0,
TEL073-001525,2025-01-07,C0085,esencial,centro,49,17.43,0,1,precio
TEL073-001526,2025-01-07,C0086,plus,norte,77,25.71,0,0,
TEL073-001527,2025-01-07,C0087,total,centro,58,35.71,0,0,
TEL073-001528,2025-01-07,C0088,esencial,norte,22,27.48,0,0,
TEL073-001529,2025-01-07,C0089,plus,sur,43,36.2,1,0,
TEL073-001530,2025-01-07,C0090,total,sur,44,63.56,2,0,
TEL073-001531,2025-01-07,C0091,esencial,norte,64,5.37,0,0,
TEL073-001532,2025-01-07,C0092,plus,sur,40,30.15,1,0,
TEL073-001533,2025-01-07,C0093,total,centro,65,59.17,0,0,
TEL073-001534,2025-01-07,C0094,esencial,norte,46,37.67,0,0,
TEL073-001535,2025-01-07,C0095,plus,norte,87,29.37,1,1,servicio
TEL073-001536,2025-01-07,C0096,total,sur,79,52.66,1,0,
TEL073-001537,2025-01-07,C0097,esencial,norte,32,17.5,0,0,
TEL073-001538,2025-01-07,C0098,plus,centro,32,34.48,1,0,
TEL073-001539,2025-01-07,C0099,total,sur,87,58.86,2,0,
TEL073-001540,2025-01-07,C0100,esencial,norte,16,9.86,2,0,
TEL073-001541,2025-01-07,C0101,plus,sur,31,49.43,0,0,
TEL073-001542,2025-01-07,C0102,total,centro,80,54.04,2,1,servicio
TEL073-001543,2025-01-07,C0103,esencial,sur,52,22.04,1,0,
TEL073-001544,2025-01-07,C0104,plus,centro,22,34.0,0,0,
TEL073-001545,2025-01-07,C0105,total,norte,27,57.8,0,0,
TEL073-001546,2025-01-07,C0106,esencial,centro,65,9.85,0,0,
TEL073-001547,2025-01-07,C0107,plus,centro,17,25.03,0,0,
TEL073-001548,2025-01-07,C0108,total,centro,13,55.04,0,0,
TEL073-001549,2025-01-07,C0109,esencial,sur,77,19.97,0,0,
TEL073-001550,2025-01-07,C0110,plus,centro,95,27.97,0,0,
TEL073-001551,2025-01-07,C0111,total,norte,35,59.92,0,0,
TEL073-001552,2025-01-07,C0112,esencial,norte,34,16.74,1,0,
TEL073-001553,2025-01-07,C0113, PLUS ,sur,43,41.71,3,0,
TEL073-001554,2025-01-07,C0114,total,norte,32,63.07,0,0,
TEL073-001555,2025-01-07,C0115,esencial,centro,34,6.94,0,0,
TEL073-001556,2025-01-07,C0116,plus,centro,24,40.46,0,1,servicio
TEL073-001557,2025-01-07,C0117,total,sur,72,55.72,2,0,
TEL073-001558,2025-01-07,C0118,esencial,norte,26,17.12,3,0,
TEL073-001559,2025-01-07,C0119,plus,sur,58,29.5,0,0,
TEL073-001560,2025-01-07,C0120,total,norte,96,60.06,0,0,
TEL073-001561,2025-02-07,C0001,esencial,norte,20,24.99,0,0,
TEL073-001562,2025-02-07,C0002,plus,norte,21,36.12,1,1,precio
TEL073-001563,2025-02-07,C0003,total,sur,44,38.95,0,0,
TEL073-001564,2025-02-07,C0004,esencial,norte,93,27.54,0,0,
TEL073-001565,2025-02-07,C0005,plus,sur,30,33.79,1,0,
TEL073-001566,2025-02-07,C0006,total,norte,15,42.81,0,0,
TEL073-001567,2025-02-07,C0007,esencial,centro,88,1.12,0,0,
TEL073-001568,2025-02-07,C0008,plus,norte,83,23.7,0,0,
TEL073-001569,2025-02-07,C0009,total,sur,56,52.49,1,0,
TEL073-001570,2025-02-07,C0010,esencial,sur,100,14.21,0,0,
TEL073-001571,2025-02-07,C0011,plus,norte,102,51.66,0,0,
TEL073-001572,2025-02-07,C0012,total,sur,25,61.93,2,0,
TEL073-001573,2025-02-07,C0013,esencial,norte,18,23.11,2,0,
TEL073-001574,2025-02-07,C0014,plus,centro,83,24.04,0,0,
TEL073-001575,2025-02-07,C0015,total,centro,103,62.66,0,0,
TEL073-001576,2025-02-07,C0016,esencial,sur,64,21.7,1,0,
TEL073-001577,2025-02-07,C0017,plus,sur,73,31.32,0,0,
TEL073-001578,2025-02-07,C0018,total,sur,27,,0,0,
TEL073-001579,2025-02-07,C0019,esencial,norte,48,7.62,1,0,
TEL073-001580,2025-02-07,C0020,plus,sur,86,23.78,0,0,
TEL073-001581,2025-02-07,C0021,total,sur,26,58.49,2,0,
TEL073-001582,2025-02-07,C0022,esencial,centro,103,5.62,1,1,mudanza
TEL073-001583,2025-02-07,C0023,plus,centro,63,38.72,3,0,
TEL073-001584,2025-02-07,C0024,total,sur,102,51.56,0,0,
TEL073-001585,2025-02-07,C0025,esencial,centro,42,14.45,1,0,
TEL073-001586,2025-02-07,C0026,plus,sur,69,31.4,1,0,
TEL073-001587,2025-02-07,C0027,total,centro,26,39.7,0,0,
TEL073-001588,2025-02-07,C0028,esencial,norte,63,6.98,0,0,
TEL073-001589,2025-02-07,C0029,plus,centro,50,38.23,0,0,
TEL073-001590,2025-02-07,C0030,total,norte,55,47.69,0,0,
TEL073-001591,2025-02-07,C0031,esencial,centro,23,20.1,1,0,
TEL073-001592,2025-02-07,C0032,plus,norte,45,41.07,0,0,
TEL073-001593,2025-02-07,C0033,total,sur,102,49.14,0,0,
TEL073-001594,2025-02-07,C0034,esencial,norte,82,21.87,0,0,
TEL073-001595,2025-02-07,C0035,plus,sur,94,30.76,0,0,
TEL073-001596,2025-02-07,C0036,total,norte,64,56.89,0,0,
TEL073-001597,2025-02-07,C0037,esencial,norte,46,26.58,1,1,mudanza
TEL073-001598,2025-02-07,C0038,plus,centro,50,33.96,2,1,mudanza
TEL073-001599,2025-02-07,C0039,total,norte,94,47.09,0,0,
TEL073-001600,2025-02-07,C0040,esencial,norte,87,11.85,2,0,
TEL073-001601,2025-02-07,C0041,plus,norte,86,44.84,1,0,
TEL073-001602,2025-02-07,C0042,total,norte,35,40.45,2,1,servicio
TEL073-001603,2025-02-07,C0043,esencial,centro,20,19.05,1,0,
TEL073-001604,2025-02-07,C0044,plus,centro,103,46.55,0,0,
TEL073-001605,2025-02-07,C0045,total,norte,65,49.08,0,0,
TEL073-001606,2025-02-07,C0046,esencial,norte,26,29.24,0,0,
TEL073-001607,2025-02-07,C0047,plus,centro,75,41.72,0,0,
TEL073-001608,2025-02-07,C0048,total,sur,75,42.05,1,0,
TEL073-001609,2025-02-07,C0049,esencial,centro,99,10.08,0,0,
TEL073-001610,2025-02-07,C0050,plus,norte,47,24.22,3,0,
TEL073-001611,2025-02-07,C0051,total,centro,82,49.66,0,0,
TEL073-001612,2025-02-07,C0052,esencial,norte,98,18.28,1,0,
TEL073-001613,2025-02-07,C0053,plus,centro,60,33.65,0,0,
TEL073-001614,2025-02-07,C0054,total,sur,61,57.33,1,0,
TEL073-001615,2025-02-07,C0055,esencial,norte,45,15.11,0,0,
TEL073-001616,2025-02-07,C0056,plus,centro,77,32.68,0,0,
TEL073-001617,2025-02-07,C0057,total,sur,47,43.53,0,0,
TEL073-001618,2025-02-07,C0058,esencial,centro,67,16.28,0,0,
TEL073-001619,2025-02-07,C0059,plus,centro,98,52.77,3,0,
TEL073-001620,2025-02-07,C0060,total,norte,70,52.25,3,0,
TEL073-001621,2025-02-07,C0061,esencial,centro,23,16.14,0,0,
TEL073-001622,2025-02-07,C0062,plus,centro,45,32.2,0,0,
TEL073-001623,2025-02-07,C0063,total,centro,16,66.14,0,0,
TEL073-001624,2025-02-07,C0064,esencial,centro,95,26.37,0,0,
TEL073-001625,2025-02-07,C0065,plus,centro,19,35.33,0,0,
TEL073-001626,2025-02-07,C0066,total,sur,55,38.58,0,0,
TEL073-001627,2025-02-07,C0067,esencial,sur,77,17.0,0,1,servicio
TEL073-001628,2025-02-07,C0068,plus,norte,39,11.26,0,0,
TEL073-001629,2025-02-07,C0069,total,sur,61,41.91,1,0,
TEL073-001630,2025-02-07,C0070,esencial,centro,15,21.29,3,0,
TEL073-001631,2025-02-07,C0071,plus,centro,81,36.51,0,0,
TEL073-001632,2025-02-07,C0072,total,norte,40,69.74,0,0,
TEL073-001633,2025-02-07,C0073,esencial,sur,34,30.73,0,0,
TEL073-001634,2025-02-07,C0074,plus,centro,55,43.53,0,0,
TEL073-001635,2025-02-07,C0075,total,sur,65,65.61,0,0,
TEL073-001636,2025-02-07,C0076,esencial,centro,58,26.75,0,0,
TEL073-001637,2025-02-07,C0077,plus,sur,40,43.53,1,1,servicio
TEL073-001638,2025-02-07,C0078,total,centro,82,42.59,0,0,
TEL073-001639,2025-02-07,C0079,esencial,sur,90,19.25,0,0,
TEL073-001640,2025-02-07,C0080,plus,sur,85,31.55,1,0,
TEL073-001641,2025-02-07,C0081,total,norte,32,57.32,3,0,
TEL073-001642,2025-02-07,C0082,esencial,centro,39,15.12,0,0,
TEL073-001643,2025-02-07,C0083,plus,centro,43,30.99,0,0,
TEL073-001644,2025-02-07,C0084,total,norte,31,54.25,1,0,
TEL073-001645,2025-02-07,C0085,esencial,centro,50,11.46,0,0,
TEL073-001646,2025-02-07,C0086,plus,norte,78,34.29,2,0,
TEL073-001647,2025-02-07,C0087,total,centro,59,68.32,3,0,
TEL073-001648,2025-02-07,C0088,esencial,norte,23,21.52,2,0,
TEL073-001649,2025-02-07,C0089,plus,sur,44,27.94,0,0,
TEL073-001650,2025-02-07,C0090, TOTAL ,sur,45,51.7,1,0,
TEL073-001651,2025-02-07,C0091,esencial,norte,65,19.11,2,0,
TEL073-001652,2025-02-07,C0092,plus,sur,41,35.97,0,0,
TEL073-001653,2025-02-07,C0093,total,centro,66,56.49,0,0,
TEL073-001654,2025-02-07,C0094,esencial,norte,47,12.11,0,0,
TEL073-001655,2025-02-07,C0095,plus,norte,88,26.67,1,0,
TEL073-001656,2025-02-07,C0096,total,sur,80,47.06,0,0,
TEL073-001657,2025-02-07,C0097,esencial,norte,33,24.67,3,0,
TEL073-001658,2025-02-07,C0098,plus,centro,33,27.94,1,1,servicio
TEL073-001659,2025-02-07,C0099,total,sur,88,57.49,2,0,
TEL073-001660,2025-02-07,C0100,esencial,norte,17,21.8,4,0,
TEL073-001661,2025-02-07,C0101,plus,sur,32,,4,0,
TEL073-001662,2025-02-07,C0102,total,centro,81,53.38,2,0,
TEL073-001663,2025-02-07,C0103,esencial,sur,53,2.06,2,0,
TEL073-001664,2025-02-07,C0104,plus,centro,23,36.39,0,0,
TEL073-001665,2025-02-07,C0105,total,norte,28,44.86,0,0,
TEL073-001666,2025-02-07,C0106,esencial,centro,66,11.89,0,0,
TEL073-001667,2025-02-07,C0107,plus,centro,18,25.78,0,0,
TEL073-001668,2025-02-07,C0108,total,centro,14,53.46,0,0,
TEL073-001669,2025-02-07,C0109,esencial,sur,78,25.64,0,0,
TEL073-001670,2025-02-07,C0110,plus,centro,96,34.66,0,0,
TEL073-001671,2025-02-07,C0111,total,norte,36,63.52,1,0,
TEL073-001672,2025-02-07,C0112,esencial,norte,35,19.19,3,0,
TEL073-001673,2025-02-07,C0113,plus,sur,44,43.87,1,0,
TEL073-001674,2025-02-07,C0114,total,norte,33,55.35,2,1,servicio
TEL073-001675,2025-02-07,C0115,esencial,centro,35,22.37,1,0,
TEL073-001676,2025-02-07,C0116,plus,centro,25,38.36,0,0,
TEL073-001677,2025-02-07,C0117,total,sur,73,48.42,0,0,
TEL073-001678,2025-02-07,C0118,esencial,norte,27,17.75,1,1,servicio
TEL073-001679,2025-02-07,C0119,plus,sur,59,40.36,0,0,
TEL073-001680,2025-02-07,C0120,total,norte,97,41.99,0,0,
TEL073-001681,2025-03-10,C0001,esencial,norte,21,21.77,0,0,
TEL073-001682,2025-03-10,C0002,plus,norte,22,50.23,2,0,
TEL073-001683,2025-03-10,C0003,total,sur,45,58.8,0,0,
TEL073-001684,2025-03-10,C0004,esencial,norte,94,19.47,0,0,
TEL073-001685,2025-03-10,C0005,plus,sur,31,32.59,0,0,
TEL073-001686,2025-03-10,C0006,total,norte,16,48.62,0,0,
TEL073-001687,2025-03-10,C0007,esencial,centro,89,20.3,1,0,
TEL073-001688,2025-03-10,C0008,plus,norte,84,43.64,2,0,
TEL073-001689,2025-03-10,C0009,total,sur,57,"42,6",3,0,
TEL073-001690,2025-03-10,C0010,esencial,sur,101,10.44,2,0,
TEL073-001691,2025-03-10,C0011,plus,norte,103,45.3,1,0,
TEL073-001692,2025-03-10,C0012,total,sur,26,45.56,0,0,
TEL073-001693,2025-03-10,C0013,esencial,norte,19,16.42,3,1,mudanza
TEL073-001694,2025-03-10,C0014,plus,centro,84,47.47,2,0,
TEL073-001695,2025-03-10,C0015,total,centro,104,63.09,2,0,
TEL073-001696,2025-03-10,C0016,esencial,sur,65,14.32,0,0,
TEL073-001697,2025-03-10,C0017,plus,sur,74,24.2,0,1,precio
TEL073-001698,2025-03-10,C0018,total,sur,28,58.43,2,0,
TEL073-001699,2025-03-10,C0019,esencial,norte,49,18.13,0,0,
TEL073-001700,2025-03-10,C0020,plus,sur,87,34.04,2,0,
TEL073-001701,2025-03-10,C0021,total,sur,27,49.58,0,0,
TEL073-001702,2025-03-10,C0022,esencial,centro,104,37.84,0,0,
TEL073-001703,2025-03-10,C0023,plus,centro,64,22.82,3,0,
TEL073-001704,2025-03-10,C0024,total,sur,103,57.64,3,0,
TEL073-001705,2025-03-10,C0025,esencial,centro,43,7.91,0,0,
TEL073-001706,2025-03-10,C0026,plus,sur,70,41.89,0,0,
TEL073-001707,2025-03-10,C0027,total,centro,27,60.29,0,0,
TEL073-001708,2025-03-10,C0028,esencial,norte,64,31.77,0,0,
TEL073-001709,2025-03-10,C0029,plus,centro,51,36.57,1,0,
TEL073-001710,2025-03-10,C0030,total,norte,56,51.51,3,0,
TEL073-001711,2025-03-10,C0031,esencial,centro,24,12.86,0,0,
TEL073-001712,2025-03-10,C0032,plus,norte,46,52.95,0,0,
TEL073-001713,2025-03-10,C0033,total,sur,103,47.92,0,0,
TEL073-001714,2025-03-10,C0034,esencial,norte,83,14.45,2,0,
TEL073-001715,2025-03-10,C0035,plus,sur,95,36.95,0,0,
TEL073-001716,2025-03-10,C0036,total,norte,65,39.54,1,1,mudanza
TEL073-001717,2025-03-10,C0037,esencial,norte,47,14.59,0,0,
TEL073-001718,2025-03-10,C0038,plus,centro,51,41.03,0,0,
TEL073-001719,2025-03-10,C0039,total,norte,95,47.24,1,0,
TEL073-001720,2025-03-10,C0040,esencial,norte,88,12.11,3,0,
TEL073-001721,2025-03-10,C0041,plus,norte,87,33.72,0,0,
TEL073-001722,2025-03-10,C0042,total,norte,36,53.06,1,0,
TEL073-001723,2025-03-10,C0043,esencial,centro,21,14.27,1,0,
TEL073-001724,2025-03-10,C0044,plus,centro,104,27.0,0,0,
TEL073-001725,2025-03-10,C0045,total,norte,66,51.17,2,0,
TEL073-001726,2025-03-10,C0046,esencial,norte,27,22.4,2,0,
TEL073-001727,2025-03-10,C0047,plus,centro,76,23.58,0,0,
TEL073-001728,2025-03-10,C0048,total,sur,76,51.01,1,0,
TEL073-001729,2025-03-10,C0049,esencial,centro,100,28.8,0,0,
TEL073-001730,2025-03-10,C0050,plus,norte,48,33.76,0,0,
TEL073-001731,2025-03-10,C0051,total,centro,83,65.0,2,0,
TEL073-001732,2025-03-10,C0052,esencial,norte,99,19.28,0,0,
TEL073-001733,2025-03-10,C0053,plus,centro,61,35.78,0,0,
TEL073-001734,2025-03-10,C0054,total,sur,62,58.11,0,0,
TEL073-001735,2025-03-10,C0055,esencial,norte,46,13.12,0,0,
TEL073-001736,2025-03-10,C0056,plus,centro,78,29.59,0,0,
TEL073-001737,2025-03-10,C0057,total,sur,48,68.2,0,0,
TEL073-001738,2025-03-10,C0058,esencial,centro,68,10.25,0,0,
TEL073-001739,2025-03-10,C0059,plus,centro,99,33.53,2,0,
TEL073-001740,2025-03-10,C0060,total,norte,71,44.28,0,0,
TEL073-001741,2025-03-10,C0061,esencial,centro,24,21.69,0,0,
TEL073-001742,2025-03-10,C0062,plus,centro,46,36.2,1,0,
TEL073-001743,2025-03-10,C0063,total,centro,17,66.27,0,1,mudanza
TEL073-001744,2025-03-10,C0064,esencial,centro,96,,0,0,
TEL073-001745,2025-03-10,C0065,plus,centro,20,26.31,0,0,
TEL073-001746,2025-03-10,C0066,total,sur,56,64.05,3,0,
TEL073-001747,2025-03-10,C0067, ESENCIAL ,sur,78,14.69,0,0,
TEL073-001748,2025-03-10,C0068,plus,norte,40,35.57,0,0,
TEL073-001749,2025-03-10,C0069,total,sur,62,48.91,0,0,
TEL073-001750,2025-03-10,C0070,esencial,centro,16,23.45,0,0,
TEL073-001751,2025-03-10,C0071,plus,centro,82,31.31,0,0,
TEL073-001752,2025-03-10,C0072,total,norte,41,47.01,0,0,
TEL073-001753,2025-03-10,C0073,esencial,sur,35,17.64,0,0,
TEL073-001754,2025-03-10,C0074,plus,centro,56,32.36,1,0,
TEL073-001755,2025-03-10,C0075,total,sur,66,47.61,0,0,
TEL073-001756,2025-03-10,C0076,esencial,centro,59,28.91,0,0,
TEL073-001757,2025-03-10,C0077,plus,sur,41,45.45,1,0,
TEL073-001758,2025-03-10,C0078,total,centro,83,52.93,0,0,
TEL073-001759,2025-03-10,C0079,esencial,sur,91,16.27,0,0,
TEL073-001760,2025-03-10,C0080,plus,sur,86,48.68,0,0,
TEL073-001761,2025-03-10,C0081,total,norte,33,64.63,2,0,
TEL073-001762,2025-03-10,C0082,esencial,centro,40,14.22,2,0,
TEL073-001763,2025-03-10,C0083,plus,centro,44,39.61,1,0,
TEL073-001764,2025-03-10,C0084,total,norte,32,69.14,0,0,
TEL073-001765,2025-03-10,C0085,esencial,centro,51,10.23,0,0,
TEL073-001766,2025-03-10,C0086,plus,norte,79,33.81,0,0,
TEL073-001767,2025-03-10,C0087,total,centro,60,45.01,1,0,
TEL073-001768,2025-03-10,C0088,esencial,norte,24,14.99,0,0,
TEL073-001769,2025-03-10,C0089,plus,sur,45,35.07,1,0,
TEL073-001770,2025-03-10,C0090,total,sur,46,45.71,1,0,
TEL073-001771,2025-03-10,C0091,esencial,norte,66,17.44,0,0,
TEL073-001772,2025-03-10,C0092,plus,sur,42,43.59,0,0,
TEL073-001773,2025-03-10,C0093,total,centro,67,64.42,1,0,
TEL073-001774,2025-03-10,C0094,esencial,norte,48,0,0,0,
TEL073-001775,2025-03-10,C0095,plus,norte,89,25.56,2,0,
TEL073-001776,2025-03-10,C0096,total,sur,81,49.01,0,0,
TEL073-001777,2025-03-10,C0097,esencial,norte,34,2.18,0,0,
TEL073-001778,2025-03-10,C0098,plus,centro,34,35.05,0,0,
TEL073-001779,2025-03-10,C0099,total,sur,89,56.56,0,0,
TEL073-001780,2025-03-10,C0100,esencial,norte,18,25.42,2,0,
TEL073-001781,2025-03-10,C0101,plus,sur,33,31.78,2,0,
TEL073-001782,2025-03-10,C0102,total,centro,82,51.05,0,0,
TEL073-001783,2025-03-10,C0103,esencial,sur,54,20.95,1,0,
TEL073-001784,2025-03-10,C0104,plus,centro,24,28.21,4,1,mudanza
TEL073-001785,2025-03-10,C0105,total,norte,29,46.01,0,0,
TEL073-001786,2025-03-10,C0106,esencial,centro,67,28.14,1,0,
TEL073-001787,2025-03-10,C0107,plus,centro,19,26.4,3,0,
TEL073-001788,2025-03-10,C0108,total,centro,15,63.57,1,0,
TEL073-001789,2025-03-10,C0109,esencial,sur,79,11.71,2,0,
TEL073-001790,2025-03-10,C0110,plus,centro,97,38.01,0,0,
TEL073-001791,2025-03-10,C0111,total,norte,37,49.91,0,0,
TEL073-001792,2025-03-10,C0112,esencial,norte,36,21.31,0,0,
TEL073-001793,2025-03-10,C0113,plus,sur,45,37.08,3,0,
TEL073-001794,2025-03-10,C0114,total,norte,34,50.91,2,0,
TEL073-001795,2025-03-10,C0115,esencial,centro,36,7.33,1,1,servicio
TEL073-001796,2025-03-10,C0116,plus,centro,26,37.18,1,0,
TEL073-001797,2025-03-10,C0117,total,sur,74,50.61,0,0,
TEL073-001798,2025-03-10,C0118,esencial,norte,28,16.84,0,0,
TEL073-001799,2025-03-10,C0119,plus,sur,60,38.35,1,0,
TEL073-001800,2025-03-10,C0120,total,norte,98,46.33,0,0,
TEL073-001801,2025-04-10,C0001,esencial,norte,22,13.81,0,0,
TEL073-001802,2025-04-10,C0002,plus,norte,23,29.98,1,0,
TEL073-001803,2025-04-10,C0003,total,sur,46,60.15,1,0,
TEL073-001804,2025-04-10,C0004,esencial,norte,95,5.68,1,0,
TEL073-001805,2025-04-10,C0005,plus,sur,32,43.74,0,0,
TEL073-001806,2025-04-10,C0006,total,norte,17,57.65,0,0,
TEL073-001807,2025-04-10,C0007,esencial,centro,90,13.02,0,0,
TEL073-001808,2025-04-10,C0008,plus,norte,85,31.25,0,0,
TEL073-001809,2025-04-10,C0009,total,sur,58,54.81,0,0,
TEL073-001810,2025-04-10,C0010,esencial,sur,102,14.69,0,0,
TEL073-001811,2025-04-10,C0011,plus,norte,104,40.19,1,1,mudanza
TEL073-001812,2025-04-10,C0012,total,sur,27,52.44,0,0,
TEL073-001813,2025-04-10,C0013,esencial,norte,20,15.63,0,0,
TEL073-001814,2025-04-10,C0014,plus,centro,85,38.35,0,0,
TEL073-001815,2025-04-10,C0015,total,centro,105,72.66,0,0,
TEL073-001816,2025-04-10,C0016,esencial,sur,66,14.5,0,0,
TEL073-001817,2025-04-10,C0017,plus,sur,75,32.38,3,0,
TEL073-001818,2025-04-10,C0018,total,sur,29,48.33,1,0,
TEL073-001819,2025-04-10,C0019,esencial,norte,50,23.66,2,1,mudanza
TEL073-001820,2025-04-10,C0020,plus,sur,88,30.25,2,0,
TEL073-001821,2025-04-10,C0021,total,sur,28,50.77,1,0,
TEL073-001822,2025-04-10,C0022,esencial,centro,105,11.27,1,0,
TEL073-001823,2025-04-10,C0023,plus,centro,65,27.76,0,0,
TEL073-001824,2025-04-10,C0024,total,sur,104,61.75,3,0,
TEL073-001825,2025-04-10,C0025,esencial,centro,44,27.79,2,0,
TEL073-001826,2025-04-10,C0026,plus,sur,71,18.09,2,0,
TEL073-001827,2025-04-10,C0027,total,centro,28,,0,0,
TEL073-001828,2025-04-10,C0028,esencial,norte,65,5.67,0,0,
TEL073-001829,2025-04-10,C0029,plus,centro,52,33.65,0,0,
TEL073-001830,2025-04-10,C0030,total,norte,57,62.71,0,0,
TEL073-001831,2025-04-10,C0031,esencial,centro,25,38.12,1,0,
TEL073-001832,2025-04-10,C0032,plus,norte,47,52.41,2,0,
TEL073-001833,2025-04-10,C0033,total,sur,104,51.86,3,1,precio
TEL073-001834,2025-04-10,C0034,esencial,norte,84,20.1,0,0,
TEL073-001835,2025-04-10,C0035,plus,sur,96,30.71,3,0,
TEL073-001836,2025-04-10,C0036,total,norte,66,46.22,1,1,mudanza
TEL073-001837,2025-04-10,C0037,esencial,norte,48,15.65,0,0,
TEL073-001838,2025-04-10,C0038,plus,centro,52,25.14,1,0,
TEL073-001839,2025-04-10,C0039,total,norte,96,49.97,1,0,
TEL073-001840,2025-04-10,C0040,esencial,norte,89,28.95,1,0,
TEL073-001841,2025-04-10,C0041,plus,norte,88,50.3,0,0,
TEL073-001842,2025-04-10,C0042,total,norte,37,54.16,0,0,
TEL073-001843,2025-04-10,C0043,esencial,centro,22,1.49,0,1,mudanza
TEL073-001844,2025-04-10,C0044, PLUS ,centro,105,42.46,2,0,
TEL073-001845,2025-04-10,C0045,total,norte,67,55.59,0,0,
TEL073-001846,2025-04-10,C0046,esencial,norte,28,17.81,0,0,
TEL073-001847,2025-04-10,C0047,plus,centro,77,33.22,0,0,
TEL073-001848,2025-04-10,C0048,total,sur,77,54.63,0,0,
TEL073-001849,2025-04-10,C0049,esencial,centro,101,31.38,0,0,
TEL073-001850,2025-04-10,C0050,plus,norte,49,45.82,1,0,
TEL073-001851,2025-04-10,C0051,total,centro,84,57.97,1,0,
TEL073-001852,2025-04-10,C0052,esencial,norte,100,14.86,0,0,
TEL073-001853,2025-04-10,C0053,plus,centro,62,45.48,0,0,
TEL073-001854,2025-04-10,C0054,total,sur,63,63.14,3,0,
TEL073-001855,2025-04-10,C0055,esencial,norte,47,19.38,0,0,
TEL073-001856,2025-04-10,C0056,plus,centro,79,31.41,0,0,
TEL073-001857,2025-04-10,C0057,total,sur,49,44.46,1,0,
TEL073-001858,2025-04-10,C0058,esencial,centro,69,18.53,0,0,
TEL073-001859,2025-04-10,C0059,plus,centro,100,48.3,0,0,
TEL073-001860,2025-04-10,C0060,total,norte,72,64.13,4,0,
TEL073-001861,2025-04-10,C0061,esencial,centro,25,12.38,0,0,
TEL073-001862,2025-04-10,C0062,plus,centro,47,36.95,0,0,
TEL073-001863,2025-04-10,C0063,total,centro,18,56.36,0,0,
TEL073-001864,2025-04-10,C0064,esencial,centro,97,0,1,0,
TEL073-001865,2025-04-10,C0065,plus,centro,21,36.52,1,0,
TEL073-001866,2025-04-10,C0066,total,sur,57,42.56,3,0,
TEL073-001867,2025-04-10,C0067,esencial,sur,79,8.41,0,0,
TEL073-001868,2025-04-10,C0068,plus,norte,41,39.13,1,0,
TEL073-001869,2025-04-10,C0069,total,sur,63,61.79,1,0,
TEL073-001870,2025-04-10,C0070,esencial,centro,17,27.41,0,1,precio
TEL073-001871,2025-04-10,C0071,plus,centro,83,39.0,3,1,mudanza
TEL073-001872,2025-04-10,C0072,total,norte,42,46.14,2,0,
TEL073-001873,2025-04-10,C0073,esencial,sur,36,10.44,1,0,
TEL073-001874,2025-04-10,C0074,plus,centro,57,36.11,1,1,servicio
TEL073-001875,2025-04-10,C0075,total,sur,67,64.45,0,0,
TEL073-001876,2025-04-10,C0076,esencial,centro,60,26.12,1,0,
TEL073-001877,2025-04-10,C0077,plus,sur,42,36.85,0,0,
TEL073-001878,2025-04-10,C0078,total,centro,84,68.05,2,0,
TEL073-001879,2025-04-10,C0079,esencial,sur,92,11.14,1,0,
TEL073-001880,2025-04-10,C0080,plus,sur,87,39.85,1,0,
TEL073-001881,2025-04-10,C0081,total,norte,34,64.01,3,0,
TEL073-001882,2025-04-10,C0082,esencial,centro,41,25.72,0,0,
TEL073-001883,2025-04-10,C0083,plus,centro,45,26.33,0,0,
TEL073-001884,2025-04-10,C0084,total,norte,33,61.03,0,0,
TEL073-001885,2025-04-10,C0085,esencial,centro,52,8.03,2,0,
TEL073-001886,2025-04-10,C0086,plus,norte,80,35.64,0,0,
TEL073-001887,2025-04-10,C0087,total,centro,61,59.82,1,0,
TEL073-001888,2025-04-10,C0088,esencial,norte,25,8.64,0,0,
TEL073-001889,2025-04-10,C0089,plus,sur,46,36.39,0,0,
TEL073-001890,2025-04-10,C0090,total,sur,47,58.93,0,0,
TEL073-001891,2025-04-10,C0091,esencial,norte,67,6.08,0,0,
TEL073-001892,2025-04-10,C0092,plus,sur,43,32.08,0,0,
TEL073-001893,2025-04-10,C0093,total,centro,68,39.71,0,0,
TEL073-001894,2025-04-10,C0094,esencial,norte,49,8.4,0,0,
TEL073-001895,2025-04-10,C0095,plus,norte,90,43.1,3,0,
TEL073-001896,2025-04-10,C0096,total,sur,82,51.57,2,0,
TEL073-001897,2025-04-10,C0097,esencial,norte,35,7.49,0,0,
TEL073-001898,2025-04-10,C0098,plus,centro,35,37.75,0,0,
TEL073-001899,2025-04-10,C0099,total,sur,90,56.76,2,1,precio
TEL073-001900,2025-04-10,C0100,esencial,norte,19,"11,26",3,0,
TEL073-001901,2025-04-10,C0101,plus,sur,34,43.05,0,0,
TEL073-001902,2025-04-10,C0102,total,centro,83,50.01,1,0,
TEL073-001903,2025-04-10,C0103,esencial,sur,55,0,1,0,
TEL073-001904,2025-04-10,C0104,plus,centro,25,43.84,0,0,
TEL073-001905,2025-04-10,C0105,total,norte,30,64.93,0,1,mudanza
TEL073-001906,2025-04-10,C0106,esencial,centro,68,8.66,0,0,
TEL073-001907,2025-04-10,C0107,plus,centro,20,48.08,0,0,
TEL073-001908,2025-04-10,C0108,total,centro,16,62.93,3,1,precio
TEL073-001909,2025-04-10,C0109,esencial,sur,80,20.43,0,0,
TEL073-001910,2025-04-10,C0110,plus,centro,98,,1,0,
TEL073-001911,2025-04-10,C0111,total,norte,38,52.99,0,0,
TEL073-001912,2025-04-10,C0112,esencial,norte,37,20.9,0,0,
TEL073-001913,2025-04-10,C0113,plus,sur,46,23.69,0,0,
TEL073-001914,2025-04-10,C0114,total,norte,35,42.38,1,0,
TEL073-001915,2025-04-10,C0115,esencial,centro,37,15.16,0,0,
TEL073-001916,2025-04-10,C0116,plus,centro,27,32.2,0,0,
TEL073-001917,2025-04-10,C0117,total,sur,75,38.7,2,0,
TEL073-001918,2025-04-10,C0118,esencial,norte,29,18.34,0,0,
TEL073-001919,2025-04-10,C0119,plus,sur,61,21.27,2,0,
TEL073-001920,2025-04-10,C0120,total,norte,99,54.75,4,0,
TEL073-001921,2025-05-11,C0001,esencial,norte,23,7.66,0,0,
TEL073-001922,2025-05-11,C0002,plus,norte,24,28.38,1,0,
TEL073-001923,2025-05-11,C0003,total,sur,47,48.02,4,0,
TEL073-001924,2025-05-11,C0004,esencial,norte,96,9.89,0,0,
TEL073-001925,2025-05-11,C0005,plus,sur,33,24.93,0,0,
TEL073-001926,2025-05-11,C0006,total,norte,18,45.45,0,0,
TEL073-001927,2025-05-11,C0007,esencial,centro,91,1.85,3,0,
TEL073-001928,2025-05-11,C0008,plus,norte,86,36.09,0,0,
TEL073-001929,2025-05-11,C0009,total,sur,59,48.77,0,0,
TEL073-001930,2025-05-11,C0010,esencial,sur,103,19.07,2,0,
TEL073-001931,2025-05-11,C0011,plus,norte,105,23.94,1,0,
TEL073-001932,2025-05-11,C0012,total,sur,28,44.89,2,0,
TEL073-001933,2025-05-11,C0013,esencial,norte,21,27.31,0,1,servicio
TEL073-001934,2025-05-11,C0014,plus,centro,86,33.58,0,0,
TEL073-001935,2025-05-11,C0015,total,centro,106,40.47,0,0,
TEL073-001936,2025-05-11,C0016,esencial,sur,67,0,0,0,
TEL073-001937,2025-05-11,C0017,plus,sur,76,29.41,0,0,
TEL073-001938,2025-05-11,C0018,total,sur,30,52.19,1,0,
TEL073-001939,2025-05-11,C0019,esencial,norte,51,13.59,0,0,
TEL073-001940,2025-05-11,C0020,plus,sur,89,40.29,2,0,
TEL073-001941,2025-05-11,C0021, TOTAL ,sur,29,34.71,0,0,
TEL073-001942,2025-05-11,C0022,esencial,centro,106,17.44,1,0,
TEL073-001943,2025-05-11,C0023,plus,centro,66,29.99,0,0,
TEL073-001944,2025-05-11,C0024,total,sur,105,58.45,0,1,precio
TEL073-001945,2025-05-11,C0025,esencial,centro,45,5.9,0,0,
TEL073-001946,2025-05-11,C0026,plus,sur,72,33.44,1,0,
TEL073-001947,2025-05-11,C0027,total,centro,29,55.8,0,0,
TEL073-001948,2025-05-11,C0028,esencial,norte,66,21.38,2,0,
TEL073-001949,2025-05-11,C0029,plus,centro,53,48.94,2,1,servicio
TEL073-001950,2025-05-11,C0030,total,norte,58,52.09,0,0,
TEL073-001951,2025-05-11,C0031,esencial,centro,26,10.24,0,0,
TEL073-001952,2025-05-11,C0032,plus,norte,48,31.76,1,0,
TEL073-001953,2025-05-11,C0033,total,sur,105,56.95,2,0,
TEL073-001954,2025-05-11,C0034,esencial,norte,85,31.13,0,0,
TEL073-001955,2025-05-11,C0035,plus,sur,97,33.93,2,0,
TEL073-001956,2025-05-11,C0036,total,norte,67,58.67,0,0,
TEL073-001957,2025-05-11,C0037,esencial,norte,49,21.92,1,0,
TEL073-001958,2025-05-11,C0038,plus,centro,53,41.67,2,0,
TEL073-001959,2025-05-11,C0039,total,norte,97,47.12,2,0,
TEL073-001960,2025-05-11,C0040,esencial,norte,90,24.27,0,0,
TEL073-001961,2025-05-11,C0041,plus,norte,89,29.91,1,0,
TEL073-001962,2025-05-11,C0042,total,norte,38,58.94,0,0,
TEL073-001963,2025-05-11,C0043,esencial,centro,23,14.94,2,0,
TEL073-001964,2025-05-11,C0044,plus,centro,106,34.67,0,0,
TEL073-001965,2025-05-11,C0045,total,norte,68,54.0,0,1,mudanza
TEL073-001966,2025-05-11,C0046,esencial,norte,29,17.38,1,0,
TEL073-001967,2025-05-11,C0047,plus,centro,78,30.42,1,0,
TEL073-001968,2025-05-11,C0048,total,sur,78,47.58,1,0,
TEL073-001969,2025-05-11,C0049,esencial,centro,102,14.58,0,0,
TEL073-001970,2025-05-11,C0050,plus,norte,50,33.21,0,0,
TEL073-001971,2025-05-11,C0051,total,centro,85,46.13,0,0,
TEL073-001972,2025-05-11,C0052,esencial,norte,101,10.7,0,0,
TEL073-001973,2025-05-11,C0053,plus,centro,63,39.96,3,0,
TEL073-001974,2025-05-11,C0054,total,sur,64,44.86,0,0,
TEL073-001975,2025-05-11,C0055,esencial,norte,48,9.28,1,0,
TEL073-001976,2025-05-11,C0056,plus,centro,80,29.49,2,0,
TEL073-001977,2025-05-11,C0057,total,sur,50,45.73,0,0,
TEL073-001978,2025-05-11,C0058,esencial,centro,70,24.54,0,0,
TEL073-001979,2025-05-11,C0059,plus,centro,101,38.04,1,0,
TEL073-001980,2025-05-11,C0060,total,norte,73,66.15,0,0,
TEL073-001981,2025-05-11,C0061,esencial,centro,26,6.66,1,0,
TEL073-001982,2025-05-11,C0062,plus,centro,48,12.02,0,0,
TEL073-001983,2025-05-11,C0063,total,centro,19,50.39,1,0,
TEL073-001984,2025-05-11,C0064,esencial,centro,98,16.52,0,0,
TEL073-001985,2025-05-11,C0065,plus,centro,22,16.17,1,0,
TEL073-001986,2025-05-11,C0066,total,sur,58,61.21,0,0,
TEL073-001987,2025-05-11,C0067,esencial,sur,80,16.33,1,0,
TEL073-001988,2025-05-11,C0068,plus,norte,42,38.07,0,0,
TEL073-001989,2025-05-11,C0069,total,sur,64,54.51,0,0,
TEL073-001990,2025-05-11,C0070,esencial,centro,18,16.67,0,0,
TEL073-001991,2025-05-11,C0071,plus,centro,84,34.72,0,0,
TEL073-001992,2025-05-11,C0072,total,norte,43,63.63,1,0,
TEL073-001993,2025-05-11,C0073,esencial,sur,37,,4,1,servicio
TEL073-001994,2025-05-11,C0074,plus,centro,58,31.21,0,0,
TEL073-001995,2025-05-11,C0075,total,sur,68,59.25,1,0,
TEL073-001996,2025-05-11,C0076,esencial,centro,61,40.08,1,0,
TEL073-001997,2025-05-11,C0077,plus,sur,43,26.84,0,0,
TEL073-001998,2025-05-11,C0078,total,centro,85,52.85,3,0,
TEL073-001999,2025-05-11,C0079,esencial,sur,93,13.57,0,0,
TEL073-002000,2025-05-11,C0080,plus,sur,88,34.12,0,0,
TEL073-002001,2025-05-11,C0081,total,norte,35,62.44,3,0,
TEL073-002002,2025-05-11,C0082,esencial,centro,42,16.73,0,0,
TEL073-002003,2025-05-11,C0083,plus,centro,46,37.42,0,0,
TEL073-002004,2025-05-11,C0084,total,norte,34,42.8,0,0,
TEL073-002005,2025-05-11,C0085,esencial,centro,53,23.99,1,0,
TEL073-002006,2025-05-11,C0086,plus,norte,81,36.15,0,0,
TEL073-002007,2025-05-11,C0087,total,centro,62,45.41,0,0,
TEL073-002008,2025-05-11,C0088,esencial,norte,26,10.84,0,0,
TEL073-002009,2025-05-11,C0089,plus,sur,47,34.39,1,0,
TEL073-002010,2025-05-11,C0090,total,sur,48,55.36,0,0,
TEL073-002011,2025-05-11,C0091,esencial,norte,68,30.75,0,0,
TEL073-002012,2025-05-11,C0092,plus,sur,44,39.12,1,0,
TEL073-002013,2025-05-11,C0093,total,centro,69,70.05,0,0,
TEL073-002014,2025-05-11,C0094,esencial,norte,50,8.65,0,0,
TEL073-002015,2025-05-11,C0095,plus,norte,91,40.87,1,0,
TEL073-002016,2025-05-11,C0096,total,sur,83,49.11,2,0,
TEL073-002017,2025-05-11,C0097,esencial,norte,36,15.36,0,0,
TEL073-002018,2025-05-11,C0098,plus,centro,36,29.34,1,0,
TEL073-002019,2025-05-11,C0099,total,sur,91,69.83,0,0,
TEL073-002020,2025-05-11,C0100,esencial,norte,20,21.13,0,0,
TEL073-002021,2025-05-11,C0101,plus,sur,35,38.57,1,0,
TEL073-002022,2025-05-11,C0102,total,centro,84,57.79,1,0,
TEL073-002023,2025-05-11,C0103,esencial,sur,56,21.42,0,0,
TEL073-002024,2025-05-11,C0104,plus,centro,26,27.88,0,0,
TEL073-002025,2025-05-11,C0105,total,norte,31,50.66,0,0,
TEL073-002026,2025-05-11,C0106,esencial,centro,69,6.11,0,0,
TEL073-002027,2025-05-11,C0107,plus,centro,21,40.81,0,0,
TEL073-002028,2025-05-11,C0108,total,centro,17,45.22,2,0,
TEL073-002029,2025-05-11,C0109,esencial,sur,81,20.71,1,0,
TEL073-002030,2025-05-11,C0110,plus,centro,99,29.22,0,0,
TEL073-002031,2025-05-11,C0111,total,norte,39,49.64,0,0,
TEL073-002032,2025-05-11,C0112,esencial,norte,38,27.46,0,0,
TEL073-002033,2025-05-11,C0113,plus,sur,47,37.02,1,0,
TEL073-002034,2025-05-11,C0114,total,norte,36,47.55,1,0,
TEL073-002035,2025-05-11,C0115,esencial,centro,38,18.11,0,0,
TEL073-002036,2025-05-11,C0116,plus,centro,28,43.27,0,0,
TEL073-002037,2025-05-11,C0117,total,sur,76,52.48,0,0,
TEL073-002038,2025-05-11,C0118, ESENCIAL ,norte,30,16.0,0,0,
TEL073-002039,2025-05-11,C0119,plus,sur,62,28.08,0,1,precio
TEL073-002040,2025-05-11,C0120,total,norte,100,56.02,3,0,
TEL073-002041,2025-06-11,C0001,esencial,norte,24,16.87,3,0,
TEL073-002042,2025-06-11,C0002,plus,norte,25,31.86,1,1,servicio
TEL073-002043,2025-06-11,C0003,total,sur,48,53.79,2,0,
TEL073-002044,2025-06-11,C0004,esencial,norte,97,26.62,4,0,
TEL073-002045,2025-06-11,C0005,plus,sur,34,33.36,0,0,
TEL073-002046,2025-06-11,C0006,total,norte,19,62.33,1,0,
TEL073-002047,2025-06-11,C0007,esencial,centro,92,17.93,1,0,
TEL073-002048,2025-06-11,C0008,plus,norte,87,29.06,2,1,mudanza
TEL073-002049,2025-06-11,C0009,total,sur,60,58.53,0,0,
TEL073-002050,2025-06-11,C0010,esencial,sur,104,12.89,0,0,
TEL073-002051,2025-06-11,C0011,plus,norte,106,35.43,2,0,
TEL073-002052,2025-06-11,C0012,total,sur,29,57.06,0,0,
TEL073-002053,2025-06-11,C0013,esencial,norte,22,10.11,1,0,
TEL073-002054,2025-06-11,C0014,plus,centro,87,43.92,0,0,
TEL073-002055,2025-06-11,C0015,total,centro,107,45.09,0,0,
TEL073-002056,2025-06-11,C0016,esencial,sur,68,18.67,0,1,mudanza
TEL073-002057,2025-06-11,C0017,plus,sur,77,25.59,1,0,
TEL073-002058,2025-06-11,C0018,total,sur,31,58.29,0,0,
TEL073-002059,2025-06-11,C0019,esencial,norte,52,15.95,0,0,
TEL073-002060,2025-06-11,C0020,plus,sur,90,24.96,1,0,
TEL073-002061,2025-06-11,C0021,total,sur,30,57.03,0,0,
TEL073-002062,2025-06-11,C0022,esencial,centro,107,24.29,2,1,precio
TEL073-002063,2025-06-11,C0023,plus,centro,67,12.89,0,0,
TEL073-002064,2025-06-11,C0024,total,sur,106,45.87,4,0,
TEL073-002065,2025-06-11,C0025,esencial,centro,46,8.16,2,0,
TEL073-002066,2025-06-11,C0026,plus,sur,73,39.14,1,1,mudanza
TEL073-002067,2025-06-11,C0027,total,centro,30,47.44,4,0,
TEL073-002068,2025-06-11,C0028,esencial,norte,67,15.59,2,0,
TEL073-002069,2025-06-11,C0029,plus,centro,54,23.68,0,0,
TEL073-002070,2025-06-11,C0030,total,norte,59,53.45,0,0,
TEL073-002071,2025-06-11,C0031,esencial,centro,27,10.08,0,0,
TEL073-002072,2025-06-11,C0032,plus,norte,49,30.66,0,0,
TEL073-002073,2025-06-11,C0033,total,sur,106,62.79,1,0,
TEL073-002074,2025-06-11,C0034,esencial,norte,86,24.77,0,0,
TEL073-002075,2025-06-11,C0035,plus,sur,98,27.61,2,0,
TEL073-002076,2025-06-11,C0036,total,norte,68,,0,0,
TEL073-002077,2025-06-11,C0037,esencial,norte,50,11.3,2,1,servicio
TEL073-002078,2025-06-11,C0038,plus,centro,54,28.2,0,0,
TEL073-002079,2025-06-11,C0039,total,norte,98,55.46,0,0,
TEL073-002080,2025-06-11,C0040,esencial,norte,91,18.4,0,0,
TEL073-002081,2025-06-11,C0041,plus,norte,90,41.05,2,0,
TEL073-002082,2025-06-11,C0042,total,norte,39,59.88,0,0,
TEL073-002083,2025-06-11,C0043,esencial,centro,24,10.48,0,0,
TEL073-002084,2025-06-11,C0044,plus,centro,107,41.64,0,0,
TEL073-002085,2025-06-11,C0045,total,norte,69,48.47,2,0,
TEL073-002086,2025-06-11,C0046,esencial,norte,30,12.53,0,0,
TEL073-002087,2025-06-11,C0047,plus,centro,79,20.94,3,0,
TEL073-002088,2025-06-11,C0048,total,sur,79,50.93,0,0,
TEL073-002089,2025-06-11,C0049,esencial,centro,103,22.81,1,0,
TEL073-002090,2025-06-11,C0050,plus,norte,51,30.78,0,0,
TEL073-002091,2025-06-11,C0051,total,centro,86,66.43,2,0,
TEL073-002092,2025-06-11,C0052,esencial,norte,102,13.96,1,0,
TEL073-002093,2025-06-11,C0053,plus,centro,64,56.08,0,0,
TEL073-002094,2025-06-11,C0054,total,sur,65,53.61,0,0,
TEL073-002095,2025-06-11,C0055,esencial,norte,49,3.16,1,0,
TEL073-002096,2025-06-11,C0056,plus,centro,81,41.88,1,0,
TEL073-002097,2025-06-11,C0057,total,sur,51,61.97,0,0,
TEL073-002098,2025-06-11,C0058,esencial,centro,71,23.09,0,1,mudanza
TEL073-002099,2025-06-11,C0059,plus,centro,102,26.72,0,0,
TEL073-002100,2025-06-11,C0060,total,norte,74,45.11,2,0,
TEL073-001988,2025-05-11,C0068,plus,norte,42,38.07,0,0,
TEL073-000375,2024-04-03,C0015,total,centro,93,44.8,0,0,
TEL073-002052,2025-06-11,C0012,total,sur,29,57.06,0,0,
TEL073-000590,2024-05-04,C0110,plus,centro,87,26.21,1,0,
TEL073-000760,2024-07-05,C0040,esencial,norte,80,19.35,1,0,
TEL073-001937,2025-05-11,C0017,plus,sur,76,29.41,0,0,
TEL073-001673,2025-02-07,C0113,plus,sur,44,43.87,1,0,
