evento_id,registro_id,fecha_evento,estado_evento
EV000001,SOP091-000001,2024-01-01,abierto
EV000002,SOP091-000001,2024-01-02,cerrado
EV000003,SOP091-000002,2024-01-01,abierto
EV000004,SOP091-000002,2024-01-02,cerrado
EV000005,SOP091-000003,2024-01-01,abierto
EV000006,SOP091-000004,2024-01-01,abierto
EV000007,SOP091-000004,2024-01-02,cerrado
EV000008,SOP091-000005,2024-01-01,abierto
EV000009,SOP091-000006,2024-01-01,abierto
EV000010,SOP091-000006,2024-01-02,cerrado
EV000011,SOP091-000007,2024-01-01,abierto
EV000012,SOP091-000007,2024-01-03,cerrado
EV000013,SOP091-000008,2024-01-02,abierto
EV000014,SOP091-000008,2024-01-03,cerrado
EV000015,SOP091-000009,2024-01-02,abierto
EV000016,SOP091-000009,2024-01-03,cerrado
EV000017,SOP091-000010,2024-01-02,abierto
EV000018,SOP091-000010,2024-01-03,cerrado
EV000019,SOP091-000011,2024-01-02,abierto
EV000020,SOP091-000012,2024-01-02,abierto
EV000021,SOP091-000012,2024-01-03,cerrado
EV000022,SOP091-000013,2024-01-02,abierto
EV000023,SOP091-000013,2024-01-03,cerrado
EV000024,SOP091-000014,2024-01-03,abierto
EV000025,SOP091-000014,2024-01-04,cerrado
EV000026,SOP091-000014,2024-01-05,abierto
EV000027,SOP091-000014,2024-01-07,cerrado
EV000028,SOP091-000015,2024-01-03,abierto
EV000029,SOP091-000015,2024-01-06,cerrado
EV000030,SOP091-000016,2024-01-03,abierto
EV000031,SOP091-000016,2024-01-04,cerrado
EV000032,SOP091-000017,2024-01-03,abierto
EV000033,SOP091-000017,2024-01-04,cerrado
EV000034,SOP091-000018,2024-01-03,abierto
EV000035,SOP091-000018,2024-01-06,cerrado
EV000036,SOP091-000019,2024-01-03,abierto
EV000037,SOP091-000019,2024-01-04,cerrado
EV000038,SOP091-000020,2024-01-04,abierto
EV000039,SOP091-000020,2024-01-05,cerrado
EV000040,SOP091-000021,2024-01-04,abierto
EV000041,SOP091-000021,2024-01-05,cerrado
EV000042,SOP091-000022,2024-01-04,abierto
EV000043,SOP091-000022,2024-01-05,cerrado
EV000044,SOP091-000023,2024-01-04,abierto
EV000045,SOP091-000023,2024-01-05,cerrado
EV000046,SOP091-000024,2024-01-04,abierto
EV000047,SOP091-000024,2024-01-05,cerrado
EV000048,SOP091-000025,2024-01-04,abierto
EV000049,SOP091-000025,2024-01-05,cerrado
EV000050,SOP091-000026,2024-01-05,abierto
EV000051,SOP091-000026,2024-01-07,cerrado
EV000052,SOP091-000027,2024-01-05,abierto
EV000053,SOP091-000027,2024-01-06,cerrado
EV000054,SOP091-000028,2024-01-05,abierto
EV000055,SOP091-000028,2024-01-06,cerrado
EV000056,SOP091-000029,2024-01-05,abierto
EV000057,SOP091-000029,2024-01-06,cerrado
EV000058,SOP091-000030,2024-01-05,abierto
EV000059,SOP091-000030,2024-01-06,cerrado
EV000060,SOP091-000031,2024-01-05,abierto
EV000061,SOP091-000031,2024-01-06,cerrado
EV000062,SOP091-000031,2024-01-07,abierto
EV000063,SOP091-000031,2024-01-09,cerrado
EV000064,SOP091-000032,2024-01-06,abierto
EV000065,SOP091-000032,2024-01-07,cerrado
EV000066,SOP091-000033,2024-01-06,abierto
EV000067,SOP091-000033,2024-01-07,cerrado
EV000068,SOP091-000034,2024-01-06,abierto
EV000069,SOP091-000034,2024-01-07,cerrado
EV000070,SOP091-000035,2024-01-06,abierto
EV000071,SOP091-000035,2024-01-07,cerrado
EV000072,SOP091-000036,2024-01-06,abierto
EV000073,SOP091-000036,2024-01-07,cerrado
EV000074,SOP091-000037,2024-01-06,abierto
EV000075,SOP091-000037,2024-01-07,cerrado
EV000076,SOP091-000037,2024-01-08,abierto
EV000077,SOP091-000037,2024-01-10,cerrado
EV000078,SOP091-000038,2024-01-07,abierto
EV000079,SOP091-000038,2024-01-08,cerrado
EV000080,SOP091-000038,2024-01-09,abierto
EV000081,SOP091-000038,2024-01-11,cerrado
EV000082,SOP091-000039,2024-01-07,abierto
EV000083,SOP091-000039,2024-01-08,cerrado
EV000084,SOP091-000040,2024-01-07,abierto
EV000085,SOP091-000040,2024-01-08,cerrado
EV000086,SOP091-000041,2024-01-07,abierto
EV000087,SOP091-000041,2024-01-09,cerrado
EV000088,SOP091-000042,2024-01-07,abierto
EV000089,SOP091-000042,2024-01-08,cerrado
EV000090,SOP091-000043,2024-01-07,abierto
EV000091,SOP091-000043,2024-01-08,cerrado
EV000092,SOP091-000044,2024-01-07,abierto
EV000093,SOP091-000044,2024-01-09,cerrado
EV000094,SOP091-000045,2024-01-08,abierto
EV000095,SOP091-000045,2024-01-09,cerrado
EV000096,SOP091-000046,2024-01-08,abierto
EV000097,SOP091-000046,2024-01-09,cerrado
EV000098,SOP091-000047,2024-01-08,abierto
EV000099,SOP091-000047,2024-01-12,cerrado
EV000100,SOP091-000048,2024-01-08,abierto
EV000101,SOP091-000049,2024-01-08,abierto
EV000102,SOP091-000050,2024-01-08,abierto
EV000103,SOP091-000051,2024-01-09,abierto
EV000104,SOP091-000051,2024-01-10,cerrado
EV000105,SOP091-000052,2024-01-09,abierto
EV000106,SOP091-000052,2024-01-10,cerrado
EV000107,SOP091-000053,2024-01-09,abierto
EV000108,SOP091-000053,2024-01-10,cerrado
EV000109,SOP091-000054,2024-01-09,abierto
EV000110,SOP091-000054,2024-01-11,cerrado
EV000111,SOP091-000055,2024-01-09,abierto
EV000112,SOP091-000055,2024-01-10,cerrado
EV000113,SOP091-000056,2024-01-09,abierto
EV000114,SOP091-000057,2024-01-10,abierto
EV000115,SOP091-000057,2024-01-11,cerrado
EV000116,SOP091-000058,2024-01-10,abierto
EV000117,SOP091-000058,2024-01-11,cerrado
EV000118,SOP091-000059,2024-01-10,abierto
EV000119,SOP091-000060,2024-01-10,abierto
EV000120,SOP091-000060,2024-01-11,cerrado
EV000121,SOP091-000061,2024-01-10,abierto
EV000122,SOP091-000061,2024-01-11,cerrado
EV000123,SOP091-000062,2024-01-10,abierto
EV000124,SOP091-000062,2024-01-11,cerrado
EV000125,SOP091-000063,2024-01-11,abierto
EV000126,SOP091-000063,2024-01-12,cerrado
EV000127,SOP091-000064,2024-01-11,abierto
EV000128,SOP091-000064,2024-01-12,cerrado
EV000129,SOP091-000065,2024-01-11,abierto
EV000130,SOP091-000065,2024-01-12,cerrado
EV000131,SOP091-000066,2024-01-11,abierto
EV000132,SOP091-000066,2024-01-12,cerrado
EV000133,SOP091-000067,2024-01-11,abierto
EV000134,SOP091-000067,2024-01-12,cerrado
EV000135,SOP091-000068,2024-01-11,abierto
EV000136,SOP091-000068,2024-01-12,cerrado
EV000137,SOP091-000069,2024-01-12,abierto
EV000138,SOP091-000069,2024-01-15,cerrado
EV000139,SOP091-000070,2024-01-12,abierto
EV000140,SOP091-000070,2024-01-13,cerrado
EV000141,SOP091-000071,2024-01-12,abierto
EV000142,SOP091-000072,2024-01-12,abierto
EV000143,SOP091-000072,2024-01-13,cerrado
EV000144,SOP091-000073,2024-01-12,abierto
EV000145,SOP091-000073,2024-01-13,cerrado
EV000146,SOP091-000074,2024-01-12,abierto
EV000147,SOP091-000074,2024-01-13,cerrado
EV000148,SOP091-000074,2024-01-14,abierto
EV000149,SOP091-000074,2024-01-16,cerrado
EV000150,SOP091-000075,2024-01-13,abierto
EV000151,SOP091-000075,2024-01-14,cerrado
EV000152,SOP091-000076,2024-01-13,abierto
EV000153,SOP091-000076,2024-01-16,cerrado
EV000154,SOP091-000077,2024-01-13,abierto
EV000155,SOP091-000078,2024-01-13,abierto
EV000156,SOP091-000078,2024-01-14,cerrado
EV000157,SOP091-000079,2024-01-13,abierto
EV000158,SOP091-000079,2024-01-14,cerrado
EV000159,SOP091-000080,2024-01-13,abierto
EV000160,SOP091-000080,2024-01-14,cerrado
EV000161,SOP091-000080,2024-01-15,abierto
EV000162,SOP091-000080,2024-01-17,cerrado
EV000163,SOP091-000081,2024-01-13,abierto
EV000164,SOP091-000081,2024-01-14,cerrado
EV000165,SOP091-000082,2024-01-14,abierto
EV000166,SOP091-000082,2024-01-15,cerrado
EV000167,SOP091-000083,2024-01-14,abierto
EV000168,SOP091-000083,2024-01-15,cerrado
EV000169,SOP091-000084,2024-01-14,abierto
EV000170,SOP091-000084,2024-01-15,cerrado
EV000171,SOP091-000085,2024-01-14,abierto
EV000172,SOP091-000085,2024-01-15,cerrado
EV000173,SOP091-000086,2024-01-14,abierto
EV000174,SOP091-000086,2024-01-15,cerrado
EV000175,SOP091-000087,2024-01-14,abierto
EV000176,SOP091-000087,2024-01-15,cerrado
EV000177,SOP091-000088,2024-01-15,abierto
EV000178,SOP091-000088,2024-01-16,cerrado
EV000179,SOP091-000089,2024-01-15,abierto
EV000180,SOP091-000089,2024-01-16,cerrado
EV000181,SOP091-000090,2024-01-15,abierto
EV000182,SOP091-000090,2024-01-16,cerrado
EV000183,SOP091-000091,2024-01-15,abierto
EV000184,SOP091-000092,2024-01-15,abierto
EV000185,SOP091-000092,2024-01-16,cerrado
EV000186,SOP091-000093,2024-01-15,abierto
EV000187,SOP091-000094,2024-01-16,abierto
EV000188,SOP091-000094,2024-01-17,cerrado
EV000189,SOP091-000095,2024-01-16,abierto
EV000190,SOP091-000096,2024-01-16,abierto
EV000191,SOP091-000096,2024-01-17,cerrado
EV000192,SOP091-000097,2024-01-16,abierto
EV000193,SOP091-000097,2024-01-17,cerrado
EV000194,SOP091-000098,2024-01-16,abierto
EV000195,SOP091-000098,2024-01-17,cerrado
EV000196,SOP091-000099,2024-01-16,abierto
EV000197,SOP091-000099,2024-01-17,cerrado
EV000198,SOP091-000099,2024-01-18,abierto
EV000199,SOP091-000099,2024-01-20,cerrado
EV000200,SOP091-000100,2024-01-17,abierto
EV000201,SOP091-000100,2024-01-18,cerrado
EV000202,SOP091-000101,2024-01-17,abierto
EV000203,SOP091-000101,2024-01-19,cerrado
EV000204,SOP091-000102,2024-01-17,abierto
EV000205,SOP091-000102,2024-01-18,cerrado
EV000206,SOP091-000103,2024-01-17,abierto
EV000207,SOP091-000103,2024-01-18,cerrado
EV000208,SOP091-000104,2024-01-17,abierto
EV000209,SOP091-000104,2024-01-18,cerrado
EV000210,SOP091-000105,2024-01-17,abierto
EV000211,SOP091-000105,2024-01-18,cerrado
EV000212,SOP091-000105,2024-01-19,abierto
EV000213,SOP091-000105,2024-01-21,cerrado
EV000214,SOP091-000106,2024-01-18,abierto
EV000215,SOP091-000107,2024-01-18,abierto
EV000216,SOP091-000107,2024-01-19,cerrado
EV000217,SOP091-000108,2024-01-18,abierto
EV000218,SOP091-000108,2024-01-19,cerrado
EV000219,SOP091-000108,2024-01-20,abierto
EV000220,SOP091-000108,2024-01-22,cerrado
EV000221,SOP091-000109,2024-01-18,abierto
EV000222,SOP091-000109,2024-01-19,cerrado
EV000223,SOP091-000109,2024-01-20,abierto
EV000224,SOP091-000109,2024-01-23,cerrado
EV000225,SOP091-000110,2024-01-18,abierto
EV000226,SOP091-000110,2024-01-19,cerrado
EV000227,SOP091-000111,2024-01-18,abierto
EV000228,SOP091-000111,2024-01-19,cerrado
EV000229,SOP091-000112,2024-01-19,abierto
EV000230,SOP091-000112,2024-01-20,cerrado
EV000231,SOP091-000113,2024-01-19,abierto
EV000232,SOP091-000113,2024-01-20,cerrado
EV000233,SOP091-000114,2024-01-19,abierto
EV000234,SOP091-000115,2024-01-19,abierto
EV000235,SOP091-000115,2024-01-20,cerrado
EV000236,SOP091-000116,2024-01-19,abierto
EV000237,SOP091-000116,2024-01-20,cerrado
EV000238,SOP091-000117,2024-01-19,abierto
EV000239,SOP091-000118,2024-01-20,abierto
EV000240,SOP091-000118,2024-01-21,cerrado
EV000241,SOP091-000119,2024-01-20,abierto
EV000242,SOP091-000119,2024-01-21,cerrado
EV000243,SOP091-000120,2024-01-20,abierto
EV000244,SOP091-000120,2024-01-21,cerrado
EV000245,SOP091-000121,2024-01-20,abierto
EV000246,SOP091-000121,2024-01-21,cerrado
EV000247,SOP091-000122,2024-01-20,abierto
EV000248,SOP091-000122,2024-01-22,cerrado
EV000249,SOP091-000123,2024-01-20,abierto
EV000250,SOP091-000124,2024-01-20,abierto
EV000251,SOP091-000125,2024-01-21,abierto
EV000252,SOP091-000125,2024-01-22,cerrado
EV000253,SOP091-000126,2024-01-21,abierto
EV000254,SOP091-000126,2024-01-22,cerrado
EV000255,SOP091-000126,2024-01-23,abierto
EV000256,SOP091-000126,2024-01-25,cerrado
EV000257,SOP091-000127,2024-01-21,abierto
EV000258,SOP091-000127,2024-01-22,cerrado
EV000259,SOP091-000128,2024-01-21,abierto
EV000260,SOP091-000128,2024-01-22,cerrado
EV000261,SOP091-000128,2024-01-23,abierto
EV000262,SOP091-000128,2024-01-25,cerrado
EV000263,SOP091-000129,2024-01-21,abierto
EV000264,SOP091-000129,2024-01-22,cerrado
EV000265,SOP091-000129,2024-01-23,abierto
EV000266,SOP091-000129,2024-01-26,cerrado
EV000267,SOP091-000130,2024-01-21,abierto
EV000268,SOP091-000130,2024-01-22,cerrado
EV000269,SOP091-000131,2024-01-22,abierto
EV000270,SOP091-000131,2024-01-23,cerrado
EV000271,SOP091-000132,2024-01-22,abierto
EV000272,SOP091-000132,2024-01-24,cerrado
EV000273,SOP091-000133,2024-01-22,abierto
EV000274,SOP091-000133,2024-01-23,cerrado
EV000275,SOP091-000134,2024-01-22,abierto
EV000276,SOP091-000134,2024-01-23,cerrado
EV000277,SOP091-000135,2024-01-22,abierto
EV000278,SOP091-000136,2024-01-22,abierto
EV000279,SOP091-000137,2024-01-23,abierto
EV000280,SOP091-000137,2024-01-24,cerrado
EV000281,SOP091-000138,2024-01-23,abierto
EV000282,SOP091-000138,2024-01-24,cerrado
EV000283,SOP091-000139,2024-01-23,abierto
EV000284,SOP091-000139,2024-01-24,cerrado
EV000285,SOP091-000140,2024-01-23,abierto
EV000286,SOP091-000140,2024-01-24,cerrado
EV000287,SOP091-000141,2024-01-23,abierto
EV000288,SOP091-000142,2024-01-23,abierto
EV000289,SOP091-000142,2024-01-24,cerrado
EV000290,SOP091-000143,2024-01-24,abierto
EV000291,SOP091-000143,2024-01-25,cerrado
EV000292,SOP091-000144,2024-01-24,abierto
EV000293,SOP091-000144,2024-01-26,cerrado
EV000294,SOP091-000145,2024-01-24,abierto
EV000295,SOP091-000145,2024-01-25,cerrado
EV000296,SOP091-000146,2024-01-24,abierto
EV000297,SOP091-000146,2024-01-25,cerrado
EV000298,SOP091-000147,2024-01-24,abierto
EV000299,SOP091-000147,2024-01-25,cerrado
EV000300,SOP091-000148,2024-01-24,abierto
EV000301,SOP091-000148,2024-01-25,cerrado
EV000302,SOP091-000149,2024-01-25,abierto
EV000303,SOP091-000149,2024-01-26,cerrado
EV000304,SOP091-000149,2024-01-27,abierto
EV000305,SOP091-000149,2024-01-29,cerrado
EV000306,SOP091-000150,2024-01-25,abierto
EV000307,SOP091-000150,2024-01-26,cerrado
EV000308,SOP091-000151,2024-01-25,abierto
EV000309,SOP091-000151,2024-01-26,cerrado
EV000310,SOP091-000152,2024-01-25,abierto
EV000311,SOP091-000152,2024-01-26,cerrado
EV000312,SOP091-000153,2024-01-25,abierto
EV000313,SOP091-000153,2024-01-29,cerrado
EV000314,SOP091-000154,2024-01-25,abierto
EV000315,SOP091-000154,2024-01-26,cerrado
EV000316,SOP091-000155,2024-01-26,abierto
EV000317,SOP091-000156,2024-01-26,abierto
EV000318,SOP091-000156,2024-01-27,cerrado
EV000319,SOP091-000157,2024-01-26,abierto
EV000320,SOP091-000157,2024-01-27,cerrado
EV000321,SOP091-000158,2024-01-26,abierto
EV000322,SOP091-000158,2024-01-27,cerrado
EV000323,SOP091-000159,2024-01-26,abierto
EV000324,SOP091-000159,2024-01-27,cerrado
EV000325,SOP091-000160,2024-01-26,abierto
EV000326,SOP091-000160,2024-01-27,cerrado
EV000327,SOP091-000160,2024-01-28,abierto
EV000328,SOP091-000160,2024-01-30,cerrado
EV000329,SOP091-000161,2024-01-26,abierto
EV000330,SOP091-000162,2024-01-27,abierto
EV000331,SOP091-000162,2024-01-28,cerrado
EV000332,SOP091-000162,2024-01-29,abierto
EV000333,SOP091-000162,2024-01-31,cerrado
EV000334,SOP091-000163,2024-01-27,abierto
EV000335,SOP091-000164,2024-01-27,abierto
EV000336,SOP091-000165,2024-01-27,abierto
EV000337,SOP091-000165,2024-01-28,cerrado
EV000338,SOP091-000166,2024-01-27,abierto
EV000339,SOP091-000166,2024-01-28,cerrado
EV000340,SOP091-000166,2024-01-29,abierto
EV000341,SOP091-000166,2024-01-31,cerrado
EV000342,SOP091-000167,2024-01-27,abierto
EV000343,SOP091-000167,2024-01-28,cerrado
EV000344,SOP091-000168,2024-01-28,abierto
EV000345,SOP091-000168,2024-01-29,cerrado
EV000346,SOP091-000169,2024-01-28,abierto
EV000347,SOP091-000169,2024-01-29,cerrado
EV000348,SOP091-000170,2024-01-28,abierto
EV000349,SOP091-000170,2024-01-31,cerrado
EV000350,SOP091-000171,2024-01-28,abierto
EV000351,SOP091-000171,2024-01-29,cerrado
EV000352,SOP091-000172,2024-01-28,abierto
EV000353,SOP091-000172,2024-01-29,cerrado
EV000354,SOP091-000172,2024-01-30,abierto
EV000355,SOP091-000172,2024-02-01,cerrado
EV000356,SOP091-000173,2024-01-28,abierto
EV000357,SOP091-000173,2024-01-29,cerrado
EV000358,SOP091-000174,2024-01-29,abierto
EV000359,SOP091-000174,2024-01-31,cerrado
EV000360,SOP091-000175,2024-01-29,abierto
EV000361,SOP091-000175,2024-02-03,cerrado
EV000362,SOP091-000176,2024-01-29,abierto
EV000363,SOP091-000176,2024-01-30,cerrado
EV000364,SOP091-000177,2024-01-29,abierto
EV000365,SOP091-000177,2024-01-30,cerrado
EV000366,SOP091-000178,2024-01-29,abierto
EV000367,SOP091-000178,2024-01-30,cerrado
EV000368,SOP091-000178,2024-01-31,abierto
EV000369,SOP091-000178,2024-02-02,cerrado
EV000370,SOP091-000179,2024-01-29,abierto
EV000371,SOP091-000179,2024-01-30,cerrado
EV000372,SOP091-000180,2024-01-30,abierto
EV000373,SOP091-000180,2024-01-31,cerrado
EV000374,SOP091-000181,2024-01-30,abierto
EV000375,SOP091-000181,2024-01-31,cerrado
EV000376,SOP091-000181,2024-02-01,abierto
EV000377,SOP091-000181,2024-02-03,cerrado
EV000378,SOP091-000182,2024-01-30,abierto
EV000379,SOP091-000183,2024-01-30,abierto
EV000380,SOP091-000183,2024-01-31,cerrado
EV000381,SOP091-000184,2024-01-30,abierto
EV000382,SOP091-000184,2024-01-31,cerrado
EV000383,SOP091-000185,2024-01-30,abierto
EV000384,SOP091-000185,2024-02-01,cerrado
EV000385,SOP091-000186,2024-01-31,abierto
EV000386,SOP091-000186,2024-02-03,cerrado
EV000387,SOP091-000187,2024-01-31,abierto
EV000388,SOP091-000187,2024-02-01,cerrado
EV000389,SOP091-000188,2024-01-31,abierto
EV000390,SOP091-000188,2024-02-01,cerrado
EV000391,SOP091-000189,2024-01-31,abierto
EV000392,SOP091-000189,2024-02-01,cerrado
EV000393,SOP091-000190,2024-01-31,abierto
EV000394,SOP091-000191,2024-01-31,abierto
EV000395,SOP091-000191,2024-02-01,cerrado
EV000396,SOP091-000192,2024-02-01,abierto
EV000397,SOP091-000192,2024-02-02,cerrado
EV000398,SOP091-000193,2024-02-01,abierto
EV000399,SOP091-000193,2024-02-02,cerrado
EV000400,SOP091-000194,2024-02-01,abierto
EV000401,SOP091-000194,2024-02-02,cerrado
EV000402,SOP091-000195,2024-02-01,abierto
EV000403,SOP091-000195,2024-02-02,cerrado
EV000404,SOP091-000195,2024-02-03,abierto
EV000405,SOP091-000195,2024-02-05,cerrado
EV000406,SOP091-000196,2024-02-01,abierto
EV000407,SOP091-000196,2024-02-02,cerrado
EV000408,SOP091-000197,2024-02-01,abierto
EV000409,SOP091-000197,2024-02-02,cerrado
EV000410,SOP091-000197,2024-02-03,abierto
EV000411,SOP091-000197,2024-02-05,cerrado
EV000412,SOP091-000198,2024-02-02,abierto
EV000413,SOP091-000198,2024-02-03,cerrado
EV000414,SOP091-000199,2024-02-02,abierto
EV000415,SOP091-000199,2024-02-05,cerrado
EV000416,SOP091-000200,2024-02-02,abierto
EV000417,SOP091-000200,2024-02-03,cerrado
EV000418,SOP091-000201,2024-02-02,abierto
EV000419,SOP091-000202,2024-02-02,abierto
EV000420,SOP091-000202,2024-02-03,cerrado
EV000421,SOP091-000203,2024-02-02,abierto
EV000422,SOP091-000203,2024-02-03,cerrado
EV000423,SOP091-000204,2024-02-02,abierto
EV000424,SOP091-000204,2024-02-03,cerrado
EV000425,SOP091-000205,2024-02-03,abierto
EV000426,SOP091-000206,2024-02-03,abierto
EV000427,SOP091-000206,2024-02-06,cerrado
EV000428,SOP091-000207,2024-02-03,abierto
EV000429,SOP091-000207,2024-02-04,cerrado
EV000430,SOP091-000208,2024-02-03,abierto
EV000431,SOP091-000208,2024-02-04,cerrado
EV000432,SOP091-000209,2024-02-03,abierto
EV000433,SOP091-000210,2024-02-03,abierto
EV000434,SOP091-000210,2024-02-04,cerrado
EV000435,SOP091-000211,2024-02-04,abierto
EV000436,SOP091-000211,2024-02-05,cerrado
EV000437,SOP091-000212,2024-02-04,abierto
EV000438,SOP091-000212,2024-02-05,cerrado
EV000439,SOP091-000213,2024-02-04,abierto
EV000440,SOP091-000213,2024-02-06,cerrado
EV000441,SOP091-000214,2024-02-04,abierto
EV000442,SOP091-000215,2024-02-04,abierto
EV000443,SOP091-000215,2024-02-05,cerrado
EV000444,SOP091-000215,2024-02-06,abierto
EV000445,SOP091-000215,2024-02-08,cerrado
EV000446,SOP091-000216,2024-02-04,abierto
EV000447,SOP091-000216,2024-02-05,cerrado
EV000448,SOP091-000217,2024-02-05,abierto
EV000449,SOP091-000218,2024-02-05,abierto
EV000450,SOP091-000218,2024-02-06,cerrado
EV000451,SOP091-000219,2024-02-05,abierto
EV000452,SOP091-000219,2024-02-06,cerrado
EV000453,SOP091-000220,2024-02-05,abierto
EV000454,SOP091-000220,2024-02-06,cerrado
EV000455,SOP091-000220,2024-02-07,abierto
EV000456,SOP091-000220,2024-02-09,cerrado
EV000457,SOP091-000221,2024-02-05,abierto
EV000458,SOP091-000221,2024-02-06,cerrado
EV000459,SOP091-000222,2024-02-05,abierto
EV000460,SOP091-000222,2024-02-06,cerrado
EV000461,SOP091-000222,2024-02-07,abierto
EV000462,SOP091-000222,2024-02-10,cerrado
EV000463,SOP091-000223,2024-02-06,abierto
EV000464,SOP091-000223,2024-02-07,cerrado
EV000465,SOP091-000223,2024-02-08,abierto
EV000466,SOP091-000223,2024-02-10,cerrado
EV000467,SOP091-000224,2024-02-06,abierto
EV000468,SOP091-000224,2024-02-07,cerrado
EV000469,SOP091-000225,2024-02-06,abierto
EV000470,SOP091-000225,2024-02-07,cerrado
EV000471,SOP091-000226,2024-02-06,abierto
EV000472,SOP091-000226,2024-02-07,cerrado
EV000473,SOP091-000227,2024-02-06,abierto
EV000474,SOP091-000227,2024-02-07,cerrado
EV000475,SOP091-000228,2024-02-06,abierto
EV000476,SOP091-000228,2024-02-07,cerrado
EV000477,SOP091-000229,2024-02-07,abierto
EV000478,SOP091-000230,2024-02-07,abierto
EV000479,SOP091-000230,2024-02-08,cerrado
EV000480,SOP091-000231,2024-02-07,abierto
EV000481,SOP091-000231,2024-02-08,cerrado
EV000482,SOP091-000231,2024-02-09,abierto
EV000483,SOP091-000231,2024-02-12,cerrado
EV000484,SOP091-000232,2024-02-07,abierto
EV000485,SOP091-000232,2024-02-08,cerrado
EV000486,SOP091-000233,2024-02-07,abierto
EV000487,SOP091-000234,2024-02-07,abierto
EV000488,SOP091-000234,2024-02-08,cerrado
EV000489,SOP091-000235,2024-02-08,abierto
EV000490,SOP091-000235,2024-02-09,cerrado
EV000491,SOP091-000236,2024-02-08,abierto
EV000492,SOP091-000236,2024-02-09,cerrado
EV000493,SOP091-000237,2024-02-08,abierto
EV000494,SOP091-000237,2024-02-09,cerrado
EV000495,SOP091-000238,2024-02-08,abierto
EV000496,SOP091-000238,2024-02-09,cerrado
EV000497,SOP091-000239,2024-02-08,abierto
EV000498,SOP091-000239,2024-02-09,cerrado
EV000499,SOP091-000240,2024-02-08,abierto
EV000500,SOP091-000240,2024-02-09,cerrado
EV000501,SOP091-000241,2024-02-08,abierto
EV000502,SOP091-000241,2024-02-09,cerrado
EV000503,SOP091-000241,2024-02-10,abierto
EV000504,SOP091-000241,2024-02-12,cerrado
EV000505,SOP091-000242,2024-02-09,abierto
EV000506,SOP091-000242,2024-02-10,cerrado
EV000507,SOP091-000243,2024-02-09,abierto
EV000508,SOP091-000243,2024-02-10,cerrado
EV000509,SOP091-000244,2024-02-09,abierto
EV000510,SOP091-000244,2024-02-10,cerrado
EV000511,SOP091-000244,2024-02-11,abierto
EV000512,SOP091-000244,2024-02-13,cerrado
EV000513,SOP091-000245,2024-02-09,abierto
EV000514,SOP091-000246,2024-02-09,abierto
EV000515,SOP091-000246,2024-02-10,cerrado
EV000516,SOP091-000247,2024-02-09,abierto
EV000517,SOP091-000247,2024-02-10,cerrado
EV000518,SOP091-000248,2024-02-10,abierto
EV000519,SOP091-000248,2024-02-12,cerrado
EV000520,SOP091-000249,2024-02-10,abierto
EV000521,SOP091-000249,2024-02-11,cerrado
EV000522,SOP091-000250,2024-02-10,abierto
EV000523,SOP091-000250,2024-02-11,cerrado
EV000524,SOP091-000251,2024-02-10,abierto
EV000525,SOP091-000251,2024-02-11,cerrado
EV000526,SOP091-000252,2024-02-10,abierto
EV000527,SOP091-000252,2024-02-11,cerrado
EV000528,SOP091-000253,2024-02-10,abierto
EV000529,SOP091-000254,2024-02-11,abierto
EV000530,SOP091-000254,2024-02-12,cerrado
EV000531,SOP091-000255,2024-02-11,abierto
EV000532,SOP091-000255,2024-02-12,cerrado
EV000533,SOP091-000255,2024-02-13,abierto
EV000534,SOP091-000255,2024-02-15,cerrado
EV000535,SOP091-000256,2024-02-11,abierto
EV000536,SOP091-000256,2024-02-13,cerrado
EV000537,SOP091-000257,2024-02-11,abierto
EV000538,SOP091-000257,2024-02-12,cerrado
EV000539,SOP091-000258,2024-02-11,abierto
EV000540,SOP091-000258,2024-02-14,cerrado
EV000541,SOP091-000259,2024-02-11,abierto
EV000542,SOP091-000259,2024-02-12,cerrado
EV000543,SOP091-000260,2024-02-12,abierto
EV000544,SOP091-000261,2024-02-12,abierto
EV000545,SOP091-000261,2024-02-14,cerrado
EV000546,SOP091-000262,2024-02-12,abierto
EV000547,SOP091-000262,2024-02-13,cerrado
EV000548,SOP091-000263,2024-02-12,abierto
EV000549,SOP091-000263,2024-02-13,cerrado
EV000550,SOP091-000264,2024-02-12,abierto
EV000551,SOP091-000264,2024-02-13,cerrado
EV000552,SOP091-000265,2024-02-12,abierto
EV000553,SOP091-000265,2024-02-13,cerrado
EV000554,SOP091-000266,2024-02-13,abierto
EV000555,SOP091-000266,2024-02-14,cerrado
EV000556,SOP091-000267,2024-02-13,abierto
EV000557,SOP091-000267,2024-02-15,cerrado
EV000558,SOP091-000268,2024-02-13,abierto
EV000559,SOP091-000268,2024-02-14,cerrado
EV000560,SOP091-000269,2024-02-13,abierto
EV000561,SOP091-000270,2024-02-13,abierto
EV000562,SOP091-000270,2024-02-14,cerrado
EV000563,SOP091-000271,2024-02-13,abierto
EV000564,SOP091-000271,2024-02-14,cerrado
EV000565,SOP091-000272,2024-02-14,abierto
EV000566,SOP091-000272,2024-02-15,cerrado
EV000567,SOP091-000273,2024-02-14,abierto
EV000568,SOP091-000273,2024-02-15,cerrado
EV000569,SOP091-000274,2024-02-14,abierto
EV000570,SOP091-000274,2024-02-15,cerrado
EV000571,SOP091-000274,2024-02-16,abierto
EV000572,SOP091-000274,2024-02-18,cerrado
EV000573,SOP091-000275,2024-02-14,abierto
EV000574,SOP091-000275,2024-02-15,cerrado
EV000575,SOP091-000276,2024-02-14,abierto
EV000576,SOP091-000276,2024-02-15,cerrado
EV000577,SOP091-000276,2024-02-16,abierto
EV000578,SOP091-000276,2024-02-18,cerrado
EV000579,SOP091-000277,2024-02-14,abierto
EV000580,SOP091-000277,2024-02-15,cerrado
EV000581,SOP091-000278,2024-02-14,abierto
EV000582,SOP091-000278,2024-02-15,cerrado
EV000583,SOP091-000279,2024-02-15,abierto
EV000584,SOP091-000280,2024-02-15,abierto
EV000585,SOP091-000280,2024-02-16,cerrado
EV000586,SOP091-000281,2024-02-15,abierto
EV000587,SOP091-000281,2024-02-16,cerrado
EV000588,SOP091-000282,2024-02-15,abierto
EV000589,SOP091-000282,2024-02-16,cerrado
EV000590,SOP091-000283,2024-02-15,abierto
EV000591,SOP091-000283,2024-02-16,cerrado
EV000592,SOP091-000284,2024-02-15,abierto
EV000593,SOP091-000284,2024-02-16,cerrado
EV000594,SOP091-000285,2024-02-16,abierto
EV000595,SOP091-000285,2024-02-17,cerrado
EV000596,SOP091-000286,2024-02-16,abierto
EV000597,SOP091-000286,2024-02-17,cerrado
EV000598,SOP091-000287,2024-02-16,abierto
EV000599,SOP091-000288,2024-02-16,abierto
EV000600,SOP091-000288,2024-02-18,cerrado
EV000601,SOP091-000289,2024-02-16,abierto
EV000602,SOP091-000289,2024-02-17,cerrado
EV000603,SOP091-000290,2024-02-16,abierto
EV000604,SOP091-000290,2024-02-17,cerrado
EV000605,SOP091-000291,2024-02-17,abierto
EV000606,SOP091-000292,2024-02-17,abierto
EV000607,SOP091-000292,2024-02-18,cerrado
EV000608,SOP091-000293,2024-02-17,abierto
EV000609,SOP091-000293,2024-02-18,cerrado
EV000610,SOP091-000294,2024-02-17,abierto
EV000611,SOP091-000295,2024-02-17,abierto
EV000612,SOP091-000295,2024-02-18,cerrado
EV000613,SOP091-000296,2024-02-17,abierto
EV000614,SOP091-000296,2024-02-18,cerrado
EV000615,SOP091-000297,2024-02-18,abierto
EV000616,SOP091-000297,2024-02-19,cerrado
EV000617,SOP091-000297,2024-02-20,abierto
EV000618,SOP091-000297,2024-02-22,cerrado
EV000619,SOP091-000298,2024-02-18,abierto
EV000620,SOP091-000298,2024-02-19,cerrado
EV000621,SOP091-000299,2024-02-18,abierto
EV000622,SOP091-000299,2024-02-19,cerrado
EV000623,SOP091-000300,2024-02-18,abierto
EV000624,SOP091-000300,2024-02-19,cerrado
EV000625,SOP091-000301,2024-02-18,abierto
EV000626,SOP091-000301,2024-02-19,cerrado
EV000627,SOP091-000302,2024-02-18,abierto
EV000628,SOP091-000302,2024-02-19,cerrado
EV000629,SOP091-000303,2024-02-19,abierto
EV000630,SOP091-000303,2024-02-20,cerrado
EV000631,SOP091-000303,2024-02-21,abierto
EV000632,SOP091-000303,2024-02-24,cerrado
EV000633,SOP091-000304,2024-02-19,abierto
EV000634,SOP091-000304,2024-02-20,cerrado
EV000635,SOP091-000304,2024-02-21,abierto
EV000636,SOP091-000304,2024-02-23,cerrado
EV000637,SOP091-000305,2024-02-19,abierto
EV000638,SOP091-000305,2024-02-20,cerrado
EV000639,SOP091-000306,2024-02-19,abierto
EV000640,SOP091-000306,2024-02-20,cerrado
EV000641,SOP091-000307,2024-02-19,abierto
EV000642,SOP091-000307,2024-02-20,cerrado
EV000643,SOP091-000307,2024-02-21,abierto
EV000644,SOP091-000307,2024-02-23,cerrado
EV000645,SOP091-000308,2024-02-19,abierto
EV000646,SOP091-000308,2024-02-20,cerrado
EV000647,SOP091-000309,2024-02-20,abierto
EV000648,SOP091-000309,2024-02-21,cerrado
EV000649,SOP091-000310,2024-02-20,abierto
EV000650,SOP091-000310,2024-02-21,cerrado
EV000651,SOP091-000310,2024-02-22,abierto
EV000652,SOP091-000310,2024-02-24,cerrado
EV000653,SOP091-000311,2024-02-20,abierto
EV000654,SOP091-000312,2024-02-20,abierto
EV000655,SOP091-000312,2024-02-21,cerrado
EV000656,SOP091-000313,2024-02-20,abierto
EV000657,SOP091-000313,2024-02-21,cerrado
EV000658,SOP091-000314,2024-02-20,abierto
EV000659,SOP091-000315,2024-02-21,abierto
EV000660,SOP091-000315,2024-02-22,cerrado
EV000661,SOP091-000315,2024-02-23,abierto
EV000662,SOP091-000315,2024-02-26,cerrado
EV000663,SOP091-000316,2024-02-21,abierto
EV000664,SOP091-000316,2024-02-22,cerrado
EV000665,SOP091-000317,2024-02-21,abierto
EV000666,SOP091-000317,2024-02-22,cerrado
EV000667,SOP091-000318,2024-02-21,abierto
EV000668,SOP091-000318,2024-02-22,cerrado
EV000669,SOP091-000319,2024-02-21,abierto
EV000670,SOP091-000320,2024-02-21,abierto
EV000671,SOP091-000320,2024-02-22,cerrado
EV000672,SOP091-000320,2024-02-23,abierto
EV000673,SOP091-000320,2024-02-25,cerrado
EV000674,SOP091-000321,2024-02-21,abierto
EV000675,SOP091-000321,2024-02-22,cerrado
EV000676,SOP091-000322,2024-02-22,abierto
EV000677,SOP091-000322,2024-02-23,cerrado
EV000678,SOP091-000323,2024-02-22,abierto
EV000679,SOP091-000324,2024-02-22,abierto
EV000680,SOP091-000324,2024-02-23,cerrado
EV000681,SOP091-000325,2024-02-22,abierto
EV000682,SOP091-000325,2024-02-23,cerrado
EV000683,SOP091-000326,2024-02-22,abierto
EV000684,SOP091-000326,2024-02-23,cerrado
EV000685,SOP091-000327,2024-02-22,abierto
EV000686,SOP091-000327,2024-02-24,cerrado
EV000687,SOP091-000328,2024-02-23,abierto
EV000688,SOP091-000329,2024-02-23,abierto
EV000689,SOP091-000329,2024-02-24,cerrado
EV000690,SOP091-000329,2024-02-25,abierto
EV000691,SOP091-000329,2024-02-28,cerrado
EV000692,SOP091-000330,2024-02-23,abierto
EV000693,SOP091-000330,2024-02-24,cerrado
EV000694,SOP091-000330,2024-02-25,abierto
EV000695,SOP091-000330,2024-02-27,cerrado
EV000696,SOP091-000331,2024-02-23,abierto
EV000697,SOP091-000331,2024-02-24,cerrado
EV000698,SOP091-000331,2024-02-25,abierto
EV000699,SOP091-000331,2024-02-27,cerrado
EV000700,SOP091-000332,2024-02-23,abierto
EV000701,SOP091-000333,2024-02-23,abierto
EV000702,SOP091-000333,2024-02-24,cerrado
EV000703,SOP091-000334,2024-02-24,abierto
EV000704,SOP091-000334,2024-02-25,cerrado
EV000705,SOP091-000335,2024-02-24,abierto
EV000706,SOP091-000335,2024-02-25,cerrado
EV000707,SOP091-000336,2024-02-24,abierto
EV000708,SOP091-000336,2024-02-25,cerrado
EV000709,SOP091-000337,2024-02-24,abierto
EV000710,SOP091-000337,2024-02-25,cerrado
EV000711,SOP091-000338,2024-02-24,abierto
EV000712,SOP091-000338,2024-02-27,cerrado
EV000713,SOP091-000339,2024-02-24,abierto
EV000714,SOP091-000340,2024-02-25,abierto
EV000715,SOP091-000340,2024-02-26,cerrado
EV000716,SOP091-000341,2024-02-25,abierto
EV000717,SOP091-000341,2024-02-26,cerrado
EV000718,SOP091-000342,2024-02-25,abierto
EV000719,SOP091-000343,2024-02-25,abierto
EV000720,SOP091-000344,2024-02-25,abierto
EV000721,SOP091-000344,2024-02-28,cerrado
EV000722,SOP091-000345,2024-02-25,abierto
EV000723,SOP091-000345,2024-02-26,cerrado
EV000724,SOP091-000346,2024-02-26,abierto
EV000725,SOP091-000346,2024-03-02,cerrado
EV000726,SOP091-000347,2024-02-26,abierto
EV000727,SOP091-000347,2024-02-27,cerrado
EV000728,SOP091-000348,2024-02-26,abierto
EV000729,SOP091-000348,2024-02-27,cerrado
EV000730,SOP091-000349,2024-02-26,abierto
EV000731,SOP091-000349,2024-02-27,cerrado
EV000732,SOP091-000350,2024-02-26,abierto
EV000733,SOP091-000350,2024-02-27,cerrado
EV000734,SOP091-000351,2024-02-26,abierto
EV000735,SOP091-000352,2024-02-27,abierto
EV000736,SOP091-000352,2024-02-28,cerrado
EV000737,SOP091-000353,2024-02-27,abierto
EV000738,SOP091-000353,2024-02-28,cerrado
EV000739,SOP091-000354,2024-02-27,abierto
EV000740,SOP091-000355,2024-02-27,abierto
EV000741,SOP091-000356,2024-02-27,abierto
EV000742,SOP091-000356,2024-02-28,cerrado
EV000743,SOP091-000357,2024-02-27,abierto
EV000744,SOP091-000357,2024-02-29,cerrado
EV000745,SOP091-000358,2024-02-27,abierto
EV000746,SOP091-000358,2024-02-28,cerrado
EV000747,SOP091-000359,2024-02-28,abierto
EV000748,SOP091-000359,2024-03-01,cerrado
EV000749,SOP091-000360,2024-02-28,abierto
EV000750,SOP091-000360,2024-02-29,cerrado
EV000751,SOP091-000361,2024-02-28,abierto
EV000752,SOP091-000361,2024-02-29,cerrado
EV000753,SOP091-000362,2024-02-28,abierto
EV000754,SOP091-000363,2024-02-28,abierto
EV000755,SOP091-000363,2024-02-29,cerrado
EV000756,SOP091-000364,2024-02-28,abierto
EV000757,SOP091-000364,2024-02-29,cerrado
EV000758,SOP091-000365,2024-02-29,abierto
EV000759,SOP091-000365,2024-03-01,cerrado
EV000760,SOP091-000365,2024-03-02,abierto
EV000761,SOP091-000365,2024-03-04,cerrado
EV000762,SOP091-000366,2024-02-29,abierto
EV000763,SOP091-000366,2024-03-02,cerrado
EV000764,SOP091-000367,2024-02-29,abierto
EV000765,SOP091-000367,2024-03-01,cerrado
EV000766,SOP091-000368,2024-02-29,abierto
EV000767,SOP091-000368,2024-03-01,cerrado
EV000768,SOP091-000369,2024-02-29,abierto
EV000769,SOP091-000369,2024-03-01,cerrado
EV000770,SOP091-000370,2024-02-29,abierto
EV000771,SOP091-000370,2024-03-01,cerrado
EV000772,SOP091-000371,2024-03-01,abierto
EV000773,SOP091-000372,2024-03-01,abierto
EV000774,SOP091-000372,2024-03-02,cerrado
EV000775,SOP091-000373,2024-03-01,abierto
EV000776,SOP091-000373,2024-03-03,cerrado
EV000777,SOP091-000374,2024-03-01,abierto
EV000778,SOP091-000374,2024-03-02,cerrado
EV000779,SOP091-000375,2024-03-01,abierto
EV000780,SOP091-000375,2024-03-03,cerrado
EV000781,SOP091-000376,2024-03-01,abierto
EV000782,SOP091-000376,2024-03-02,cerrado
EV000783,SOP091-000377,2024-03-02,abierto
EV000784,SOP091-000377,2024-03-03,cerrado
EV000785,SOP091-000378,2024-03-02,abierto
EV000786,SOP091-000378,2024-03-05,cerrado
EV000787,SOP091-000379,2024-03-02,abierto
EV000788,SOP091-000379,2024-03-03,cerrado
EV000789,SOP091-000380,2024-03-02,abierto
EV000790,SOP091-000380,2024-03-03,cerrado
EV000791,SOP091-000381,2024-03-02,abierto
EV000792,SOP091-000382,2024-03-02,abierto
EV000793,SOP091-000382,2024-03-03,cerrado
EV000794,SOP091-000383,2024-03-03,abierto
EV000795,SOP091-000383,2024-03-04,cerrado
EV000796,SOP091-000384,2024-03-03,abierto
EV000797,SOP091-000384,2024-03-08,cerrado
EV000798,SOP091-000385,2024-03-03,abierto
EV000799,SOP091-000385,2024-03-05,cerrado
EV000800,SOP091-000386,2024-03-03,abierto
EV000801,SOP091-000386,2024-03-04,cerrado
EV000802,SOP091-000387,2024-03-03,abierto
EV000803,SOP091-000387,2024-03-04,cerrado
EV000804,SOP091-000387,2024-03-05,abierto
EV000805,SOP091-000387,2024-03-07,cerrado
EV000806,SOP091-000388,2024-03-03,abierto
EV000807,SOP091-000389,2024-03-04,abierto
EV000808,SOP091-000389,2024-03-05,cerrado
EV000809,SOP091-000390,2024-03-04,abierto
EV000810,SOP091-000390,2024-03-05,cerrado
EV000811,SOP091-000390,2024-03-06,abierto
EV000812,SOP091-000390,2024-03-08,cerrado
EV000813,SOP091-000391,2024-03-04,abierto
EV000814,SOP091-000391,2024-03-05,cerrado
EV000815,SOP091-000392,2024-03-04,abierto
EV000816,SOP091-000392,2024-03-06,cerrado
EV000817,SOP091-000393,2024-03-04,abierto
EV000818,SOP091-000393,2024-03-06,cerrado
EV000819,SOP091-000394,2024-03-04,abierto
EV000820,SOP091-000395,2024-03-05,abierto
EV000821,SOP091-000395,2024-03-06,cerrado
EV000822,SOP091-000396,2024-03-05,abierto
EV000823,SOP091-000396,2024-03-06,cerrado
EV000824,SOP091-000397,2024-03-05,abierto
EV000825,SOP091-000397,2024-03-07,cerrado
EV000826,SOP091-000398,2024-03-05,abierto
EV000827,SOP091-000398,2024-03-06,cerrado
EV000828,SOP091-000399,2024-03-05,abierto
EV000829,SOP091-000399,2024-03-06,cerrado
EV000830,SOP091-000400,2024-03-05,abierto
EV000831,SOP091-000400,2024-03-06,cerrado
EV000832,SOP091-000401,2024-03-05,abierto
EV000833,SOP091-000401,2024-03-06,cerrado
EV000834,SOP091-000402,2024-03-06,abierto
EV000835,SOP091-000402,2024-03-09,cerrado
EV000836,SOP091-000403,2024-03-06,abierto
EV000837,SOP091-000403,2024-03-07,cerrado
EV000838,SOP091-000403,2024-03-08,abierto
EV000839,SOP091-000403,2024-03-10,cerrado
EV000840,SOP091-000404,2024-03-06,abierto
EV000841,SOP091-000404,2024-03-07,cerrado
EV000842,SOP091-000405,2024-03-06,abierto
EV000843,SOP091-000405,2024-03-09,cerrado
EV000844,SOP091-000406,2024-03-06,abierto
EV000845,SOP091-000406,2024-03-07,cerrado
EV000846,SOP091-000406,2024-03-08,abierto
EV000847,SOP091-000406,2024-03-10,cerrado
EV000848,SOP091-000407,2024-03-06,abierto
EV000849,SOP091-000407,2024-03-08,cerrado
EV000850,SOP091-000408,2024-03-07,abierto
EV000851,SOP091-000409,2024-03-07,abierto
EV000852,SOP091-000410,2024-03-07,abierto
EV000853,SOP091-000410,2024-03-08,cerrado
EV000854,SOP091-000411,2024-03-07,abierto
EV000855,SOP091-000411,2024-03-08,cerrado
EV000856,SOP091-000411,2024-03-09,abierto
EV000857,SOP091-000411,2024-03-11,cerrado
EV000858,SOP091-000412,2024-03-07,abierto
EV000859,SOP091-000412,2024-03-08,cerrado
EV000860,SOP091-000413,2024-03-07,abierto
EV000861,SOP091-000413,2024-03-08,cerrado
EV000862,SOP091-000413,2024-03-09,abierto
EV000863,SOP091-000413,2024-03-11,cerrado
EV000864,SOP091-000414,2024-03-08,abierto
EV000865,SOP091-000414,2024-03-09,cerrado
EV000866,SOP091-000415,2024-03-08,abierto
EV000867,SOP091-000416,2024-03-08,abierto
EV000868,SOP091-000416,2024-03-09,cerrado
EV000869,SOP091-000417,2024-03-08,abierto
EV000870,SOP091-000417,2024-03-09,cerrado
EV000871,SOP091-000418,2024-03-08,abierto
EV000872,SOP091-000418,2024-03-09,cerrado
EV000873,SOP091-000419,2024-03-08,abierto
EV000874,SOP091-000419,2024-03-09,cerrado
EV000875,SOP091-000420,2024-03-09,abierto
EV000876,SOP091-000420,2024-03-10,cerrado
EV000877,SOP091-000421,2024-03-09,abierto
EV000878,SOP091-000421,2024-03-10,cerrado
EV000879,SOP091-000422,2024-03-09,abierto
EV000880,SOP091-000422,2024-03-10,cerrado
EV000881,SOP091-000423,2024-03-09,abierto
EV000882,SOP091-000423,2024-03-10,cerrado
EV000883,SOP091-000424,2024-03-09,abierto
EV000884,SOP091-000425,2024-03-09,abierto
EV000885,SOP091-000426,2024-03-10,abierto
EV000886,SOP091-000426,2024-03-11,cerrado
EV000887,SOP091-000427,2024-03-10,abierto
EV000888,SOP091-000427,2024-03-11,cerrado
EV000889,SOP091-000428,2024-03-10,abierto
EV000890,SOP091-000428,2024-03-11,cerrado
EV000891,SOP091-000429,2024-03-10,abierto
EV000892,SOP091-000429,2024-03-11,cerrado
EV000893,SOP091-000430,2024-03-10,abierto
EV000894,SOP091-000430,2024-03-11,cerrado
EV000895,SOP091-000431,2024-03-10,abierto
EV000896,SOP091-000432,2024-03-11,abierto
EV000897,SOP091-000432,2024-03-12,cerrado
EV000898,SOP091-000432,2024-03-13,abierto
EV000899,SOP091-000432,2024-03-16,cerrado
EV000900,SOP091-000433,2024-03-11,abierto
EV000901,SOP091-000433,2024-03-12,cerrado
EV000902,SOP091-000434,2024-03-11,abierto
EV000903,SOP091-000434,2024-03-12,cerrado
EV000904,SOP091-000435,2024-03-11,abierto
EV000905,SOP091-000435,2024-03-12,cerrado
EV000906,SOP091-000436,2024-03-11,abierto
EV000907,SOP091-000437,2024-03-11,abierto
EV000908,SOP091-000437,2024-03-14,cerrado
EV000909,SOP091-000438,2024-03-11,abierto
EV000910,SOP091-000438,2024-03-12,cerrado
EV000911,SOP091-000439,2024-03-12,abierto
EV000912,SOP091-000439,2024-03-13,cerrado
EV000913,SOP091-000439,2024-03-14,abierto
EV000914,SOP091-000439,2024-03-16,cerrado
EV000915,SOP091-000440,2024-03-12,abierto
EV000916,SOP091-000440,2024-03-13,cerrado
EV000917,SOP091-000441,2024-03-12,abierto
EV000918,SOP091-000441,2024-03-13,cerrado
EV000919,SOP091-000442,2024-03-12,abierto
EV000920,SOP091-000442,2024-03-13,cerrado
EV000921,SOP091-000443,2024-03-12,abierto
EV000922,SOP091-000443,2024-03-13,cerrado
EV000923,SOP091-000444,2024-03-12,abierto
EV000924,SOP091-000444,2024-03-13,cerrado
EV000925,SOP091-000445,2024-03-13,abierto
EV000926,SOP091-000445,2024-03-14,cerrado
EV000927,SOP091-000446,2024-03-13,abierto
EV000928,SOP091-000446,2024-03-14,cerrado
EV000929,SOP091-000447,2024-03-13,abierto
EV000930,SOP091-000447,2024-03-14,cerrado
EV000931,SOP091-000448,2024-03-13,abierto
EV000932,SOP091-000448,2024-03-14,cerrado
EV000933,SOP091-000449,2024-03-13,abierto
EV000934,SOP091-000449,2024-03-17,cerrado
EV000935,SOP091-000450,2024-03-13,abierto
EV000936,SOP091-000450,2024-03-14,cerrado
EV000937,SOP091-000451,2024-03-14,abierto
EV000938,SOP091-000451,2024-03-15,cerrado
EV000939,SOP091-000452,2024-03-14,abierto
EV000940,SOP091-000452,2024-03-15,cerrado
EV000941,SOP091-000452,2024-03-16,abierto
EV000942,SOP091-000452,2024-03-18,cerrado
EV000943,SOP091-000453,2024-03-14,abierto
EV000944,SOP091-000453,2024-03-15,cerrado
EV000945,SOP091-000454,2024-03-14,abierto
EV000946,SOP091-000454,2024-03-15,cerrado
EV000947,SOP091-000455,2024-03-14,abierto
EV000948,SOP091-000455,2024-03-15,cerrado
EV000949,SOP091-000456,2024-03-14,abierto
EV000950,SOP091-000456,2024-03-15,cerrado
EV000951,SOP091-000457,2024-03-15,abierto
EV000952,SOP091-000457,2024-03-16,cerrado
EV000953,SOP091-000458,2024-03-15,abierto
EV000954,SOP091-000458,2024-03-16,cerrado
EV000955,SOP091-000459,2024-03-15,abierto
EV000956,SOP091-000459,2024-03-16,cerrado
EV000957,SOP091-000460,2024-03-15,abierto
EV000958,SOP091-000461,2024-03-15,abierto
EV000959,SOP091-000461,2024-03-16,cerrado
EV000960,SOP091-000462,2024-03-15,abierto
EV000961,SOP091-000462,2024-03-16,cerrado
EV000962,SOP091-000463,2024-03-16,abierto
EV000963,SOP091-000463,2024-03-17,cerrado
EV000964,SOP091-000464,2024-03-16,abierto
EV000965,SOP091-000464,2024-03-19,cerrado
EV000966,SOP091-000465,2024-03-16,abierto
EV000967,SOP091-000466,2024-03-16,abierto
EV000968,SOP091-000466,2024-03-18,cerrado
EV000969,SOP091-000467,2024-03-16,abierto
EV000970,SOP091-000467,2024-03-17,cerrado
EV000971,SOP091-000468,2024-03-16,abierto
EV000972,SOP091-000468,2024-03-18,cerrado
EV000973,SOP091-000469,2024-03-17,abierto
EV000974,SOP091-000469,2024-03-18,cerrado
EV000975,SOP091-000470,2024-03-17,abierto
EV000976,SOP091-000470,2024-03-18,cerrado
EV000977,SOP091-000471,2024-03-17,abierto
EV000978,SOP091-000471,2024-03-18,cerrado
EV000979,SOP091-000472,2024-03-17,abierto
EV000980,SOP091-000472,2024-03-18,cerrado
EV000981,SOP091-000473,2024-03-17,abierto
EV000982,SOP091-000473,2024-03-18,cerrado
EV000983,SOP091-000474,2024-03-17,abierto
EV000984,SOP091-000474,2024-03-18,cerrado
EV000985,SOP091-000474,2024-03-19,abierto
EV000986,SOP091-000474,2024-03-21,cerrado
EV000987,SOP091-000475,2024-03-17,abierto
EV000988,SOP091-000475,2024-03-19,cerrado
EV000989,SOP091-000476,2024-03-18,abierto
EV000990,SOP091-000476,2024-03-19,cerrado
EV000991,SOP091-000477,2024-03-18,abierto
EV000992,SOP091-000477,2024-03-19,cerrado
EV000993,SOP091-000478,2024-03-18,abierto
EV000994,SOP091-000479,2024-03-18,abierto
EV000995,SOP091-000479,2024-03-20,cerrado
EV000996,SOP091-000480,2024-03-18,abierto
EV000997,SOP091-000480,2024-03-22,cerrado
EV000998,SOP091-000481,2024-03-18,abierto
EV000999,SOP091-000481,2024-03-19,cerrado
EV001000,SOP091-000482,2024-03-19,abierto
EV001001,SOP091-000482,2024-03-20,cerrado
EV001002,SOP091-000483,2024-03-19,abierto
EV001003,SOP091-000483,2024-03-20,cerrado
EV001004,SOP091-000484,2024-03-19,abierto
EV001005,SOP091-000485,2024-03-19,abierto
EV001006,SOP091-000485,2024-03-20,cerrado
EV001007,SOP091-000486,2024-03-19,abierto
EV001008,SOP091-000486,2024-03-20,cerrado
EV001009,SOP091-000487,2024-03-19,abierto
EV001010,SOP091-000488,2024-03-20,abierto
EV001011,SOP091-000489,2024-03-20,abierto
EV001012,SOP091-000490,2024-03-20,abierto
EV001013,SOP091-000490,2024-03-21,cerrado
EV001014,SOP091-000491,2024-03-20,abierto
EV001015,SOP091-000491,2024-03-21,cerrado
EV001016,SOP091-000492,2024-03-20,abierto
EV001017,SOP091-000492,2024-03-21,cerrado
EV001018,SOP091-000493,2024-03-20,abierto
EV001019,SOP091-000493,2024-03-21,cerrado
EV001020,SOP091-000494,2024-03-21,abierto
EV001021,SOP091-000494,2024-03-22,cerrado
EV001022,SOP091-000494,2024-03-23,abierto
EV001023,SOP091-000494,2024-03-25,cerrado
EV001024,SOP091-000495,2024-03-21,abierto
EV001025,SOP091-000496,2024-03-21,abierto
EV001026,SOP091-000496,2024-03-22,cerrado
EV001027,SOP091-000497,2024-03-21,abierto
EV001028,SOP091-000497,2024-03-22,cerrado
EV001029,SOP091-000498,2024-03-21,abierto
EV001030,SOP091-000498,2024-03-22,cerrado
EV001031,SOP091-000499,2024-03-21,abierto
EV001032,SOP091-000499,2024-03-22,cerrado
EV001033,SOP091-000500,2024-03-22,abierto
EV001034,SOP091-000500,2024-03-23,cerrado
EV001035,SOP091-000501,2024-03-22,abierto
EV001036,SOP091-000501,2024-03-24,cerrado
EV001037,SOP091-000502,2024-03-22,abierto
EV001038,SOP091-000502,2024-03-23,cerrado
EV001039,SOP091-000503,2024-03-22,abierto
EV001040,SOP091-000503,2024-03-23,cerrado
EV001041,SOP091-000504,2024-03-22,abierto
EV001042,SOP091-000504,2024-03-23,cerrado
EV001043,SOP091-000505,2024-03-22,abierto
EV001044,SOP091-000505,2024-03-23,cerrado
EV001045,SOP091-000506,2024-03-23,abierto
EV001046,SOP091-000507,2024-03-23,abierto
EV001047,SOP091-000507,2024-03-24,cerrado
EV001048,SOP091-000508,2024-03-23,abierto
EV001049,SOP091-000508,2024-03-24,cerrado
EV001050,SOP091-000509,2024-03-23,abierto
EV001051,SOP091-000509,2024-03-24,cerrado
EV001052,SOP091-000509,2024-03-25,abierto
EV001053,SOP091-000509,2024-03-27,cerrado
EV001054,SOP091-000510,2024-03-23,abierto
EV001055,SOP091-000510,2024-03-24,cerrado
EV001056,SOP091-000511,2024-03-23,abierto
EV001057,SOP091-000512,2024-03-24,abierto
EV001058,SOP091-000512,2024-03-28,cerrado
EV001059,SOP091-000513,2024-03-24,abierto
EV001060,SOP091-000513,2024-03-25,cerrado
EV001061,SOP091-000514,2024-03-24,abierto
EV001062,SOP091-000514,2024-03-25,cerrado
EV001063,SOP091-000515,2024-03-24,abierto
EV001064,SOP091-000515,2024-03-25,cerrado
EV001065,SOP091-000516,2024-03-24,abierto
EV001066,SOP091-000516,2024-03-25,cerrado
EV001067,SOP091-000517,2024-03-24,abierto
EV001068,SOP091-000517,2024-03-25,cerrado
EV001069,SOP091-000518,2024-03-24,abierto
EV001070,SOP091-000519,2024-03-25,abierto
EV001071,SOP091-000519,2024-03-26,cerrado
EV001072,SOP091-000520,2024-03-25,abierto
EV001073,SOP091-000520,2024-03-26,cerrado
EV001074,SOP091-000521,2024-03-25,abierto
EV001075,SOP091-000521,2024-03-26,cerrado
EV001076,SOP091-000522,2024-03-25,abierto
EV001077,SOP091-000522,2024-03-26,cerrado
EV001078,SOP091-000523,2024-03-25,abierto
EV001079,SOP091-000523,2024-03-26,cerrado
EV001080,SOP091-000524,2024-03-25,abierto
EV001081,SOP091-000524,2024-03-26,cerrado
EV001082,SOP091-000525,2024-03-26,abierto
EV001083,SOP091-000526,2024-03-26,abierto
EV001084,SOP091-000526,2024-03-27,cerrado
EV001085,SOP091-000527,2024-03-26,abierto
EV001086,SOP091-000527,2024-03-27,cerrado
EV001087,SOP091-000528,2024-03-26,abierto
EV001088,SOP091-000528,2024-03-27,cerrado
EV001089,SOP091-000529,2024-03-26,abierto
EV001090,SOP091-000529,2024-03-27,cerrado
EV001091,SOP091-000530,2024-03-26,abierto
EV001092,SOP091-000530,2024-03-27,cerrado
EV001093,SOP091-000531,2024-03-27,abierto
EV001094,SOP091-000531,2024-03-28,cerrado
EV001095,SOP091-000532,2024-03-27,abierto
EV001096,SOP091-000532,2024-03-28,cerrado
EV001097,SOP091-000533,2024-03-27,abierto
EV001098,SOP091-000533,2024-03-28,cerrado
EV001099,SOP091-000533,2024-03-29,abierto
EV001100,SOP091-000533,2024-03-31,cerrado
EV001101,SOP091-000534,2024-03-27,abierto
EV001102,SOP091-000534,2024-03-28,cerrado
EV001103,SOP091-000535,2024-03-27,abierto
EV001104,SOP091-000536,2024-03-27,abierto
EV001105,SOP091-000536,2024-03-28,cerrado
EV001106,SOP091-000537,2024-03-28,abierto
EV001107,SOP091-000538,2024-03-28,abierto
EV001108,SOP091-000538,2024-03-29,cerrado
EV001109,SOP091-000539,2024-03-28,abierto
EV001110,SOP091-000539,2024-03-29,cerrado
EV001111,SOP091-000540,2024-03-28,abierto
EV001112,SOP091-000541,2024-03-28,abierto
EV001113,SOP091-000541,2024-03-29,cerrado
EV001114,SOP091-000542,2024-03-28,abierto
EV001115,SOP091-000542,2024-03-29,cerrado
EV001116,SOP091-000543,2024-03-29,abierto
EV001117,SOP091-000543,2024-03-30,cerrado
EV001118,SOP091-000544,2024-03-29,abierto
EV001119,SOP091-000544,2024-03-30,cerrado
EV001120,SOP091-000544,2024-03-31,abierto
EV001121,SOP091-000544,2024-04-02,cerrado
EV001122,SOP091-000545,2024-03-29,abierto
EV001123,SOP091-000545,2024-03-30,cerrado
EV001124,SOP091-000546,2024-03-29,abierto
EV001125,SOP091-000546,2024-03-30,cerrado
EV001126,SOP091-000547,2024-03-29,abierto
EV001127,SOP091-000547,2024-03-30,cerrado
EV001128,SOP091-000548,2024-03-29,abierto
EV001129,SOP091-000548,2024-03-30,cerrado
EV001130,SOP091-000549,2024-03-30,abierto
EV001131,SOP091-000549,2024-03-31,cerrado
EV001132,SOP091-000550,2024-03-30,abierto
EV001133,SOP091-000550,2024-03-31,cerrado
EV001134,SOP091-000551,2024-03-30,abierto
EV001135,SOP091-000551,2024-03-31,cerrado
EV001136,SOP091-000552,2024-03-30,abierto
EV001137,SOP091-000552,2024-03-31,cerrado
EV001138,SOP091-000553,2024-03-30,abierto
EV001139,SOP091-000554,2024-03-30,abierto
EV001140,SOP091-000554,2024-03-31,cerrado
EV001141,SOP091-000555,2024-03-30,abierto
EV001142,SOP091-000555,2024-03-31,cerrado
EV001143,SOP091-000556,2024-03-31,abierto
EV001144,SOP091-000557,2024-03-31,abierto
EV001145,SOP091-000557,2024-04-02,cerrado
EV001146,SOP091-000558,2024-03-31,abierto
EV001147,SOP091-000558,2024-04-01,cerrado
EV001148,SOP091-000559,2024-03-31,abierto
EV001149,SOP091-000559,2024-04-01,cerrado
EV001150,SOP091-000560,2024-03-31,abierto
EV001151,SOP091-000560,2024-04-02,cerrado
EV001152,SOP091-000561,2024-03-31,abierto
EV001153,SOP091-000561,2024-04-03,cerrado
EV001154,SOP091-000562,2024-04-01,abierto
EV001155,SOP091-000562,2024-04-03,cerrado
EV001156,SOP091-000563,2024-04-01,abierto
EV001157,SOP091-000563,2024-04-02,cerrado
EV001158,SOP091-000564,2024-04-01,abierto
EV001159,SOP091-000564,2024-04-02,cerrado
EV001160,SOP091-000565,2024-04-01,abierto
EV001161,SOP091-000565,2024-04-02,cerrado
EV001162,SOP091-000566,2024-04-01,abierto
EV001163,SOP091-000566,2024-04-02,cerrado
EV001164,SOP091-000567,2024-04-01,abierto
EV001165,SOP091-000567,2024-04-03,cerrado
EV001166,SOP091-000568,2024-04-02,abierto
EV001167,SOP091-000568,2024-04-03,cerrado
EV001168,SOP091-000569,2024-04-02,abierto
EV001169,SOP091-000569,2024-04-03,cerrado
EV001170,SOP091-000570,2024-04-02,abierto
EV001171,SOP091-000570,2024-04-03,cerrado
EV001172,SOP091-000571,2024-04-02,abierto
EV001173,SOP091-000572,2024-04-02,abierto
EV001174,SOP091-000572,2024-04-03,cerrado
EV001175,SOP091-000572,2024-04-04,abierto
EV001176,SOP091-000572,2024-04-06,cerrado
EV001177,SOP091-000573,2024-04-02,abierto
EV001178,SOP091-000573,2024-04-03,cerrado
EV001179,SOP091-000574,2024-04-03,abierto
EV001180,SOP091-000574,2024-04-04,cerrado
EV001181,SOP091-000575,2024-04-03,abierto
EV001182,SOP091-000575,2024-04-04,cerrado
EV001183,SOP091-000576,2024-04-03,abierto
EV001184,SOP091-000576,2024-04-04,cerrado
EV001185,SOP091-000577,2024-04-03,abierto
EV001186,SOP091-000577,2024-04-04,cerrado
EV001187,SOP091-000578,2024-04-03,abierto
EV001188,SOP091-000578,2024-04-05,cerrado
EV001189,SOP091-000579,2024-04-03,abierto
EV001190,SOP091-000579,2024-04-04,cerrado
EV001191,SOP091-000580,2024-04-04,abierto
EV001192,SOP091-000580,2024-04-05,cerrado
EV001193,SOP091-000581,2024-04-04,abierto
EV001194,SOP091-000581,2024-04-05,cerrado
EV001195,SOP091-000582,2024-04-04,abierto
EV001196,SOP091-000582,2024-04-05,cerrado
EV001197,SOP091-000583,2024-04-04,abierto
EV001198,SOP091-000583,2024-04-05,cerrado
EV001199,SOP091-000583,2024-04-06,abierto
EV001200,SOP091-000583,2024-04-08,cerrado
EV001201,SOP091-000584,2024-04-04,abierto
EV001202,SOP091-000584,2024-04-05,cerrado
EV001203,SOP091-000585,2024-04-04,abierto
EV001204,SOP091-000585,2024-04-05,cerrado
EV001205,SOP091-000586,2024-04-05,abierto
EV001206,SOP091-000586,2024-04-06,cerrado
EV001207,SOP091-000587,2024-04-05,abierto
EV001208,SOP091-000587,2024-04-06,cerrado
EV001209,SOP091-000588,2024-04-05,abierto
EV001210,SOP091-000588,2024-04-06,cerrado
EV001211,SOP091-000589,2024-04-05,abierto
EV001212,SOP091-000589,2024-04-06,cerrado
EV001213,SOP091-000590,2024-04-05,abierto
EV001214,SOP091-000591,2024-04-05,abierto
EV001215,SOP091-000591,2024-04-06,cerrado
EV001216,SOP091-000592,2024-04-06,abierto
EV001217,SOP091-000592,2024-04-07,cerrado
EV001218,SOP091-000593,2024-04-06,abierto
EV001219,SOP091-000594,2024-04-06,abierto
EV001220,SOP091-000595,2024-04-06,abierto
EV001221,SOP091-000596,2024-04-06,abierto
EV001222,SOP091-000597,2024-04-06,abierto
EV001223,SOP091-000597,2024-04-07,cerrado
EV001224,SOP091-000598,2024-04-06,abierto
EV001225,SOP091-000598,2024-04-07,cerrado
EV001226,SOP091-000599,2024-04-07,abierto
EV001227,SOP091-000599,2024-04-08,cerrado
EV001228,SOP091-000600,2024-04-07,abierto
EV001229,SOP091-000600,2024-04-08,cerrado
EV001230,SOP091-000601,2024-04-07,abierto
EV001231,SOP091-000601,2024-04-08,cerrado
EV001232,SOP091-000602,2024-04-07,abierto
EV001233,SOP091-000602,2024-04-08,cerrado
EV001234,SOP091-000603,2024-04-07,abierto
EV001235,SOP091-000603,2024-04-08,cerrado
EV001236,SOP091-000604,2024-04-07,abierto
EV001237,SOP091-000604,2024-04-08,cerrado
EV001238,SOP091-000605,2024-04-08,abierto
EV001239,SOP091-000605,2024-04-09,cerrado
EV001240,SOP091-000605,2024-04-10,abierto
EV001241,SOP091-000605,2024-04-12,cerrado
EV001242,SOP091-000606,2024-04-08,abierto
EV001243,SOP091-000606,2024-04-10,cerrado
EV001244,SOP091-000607,2024-04-08,abierto
EV001245,SOP091-000607,2024-04-09,cerrado
EV001246,SOP091-000607,2024-04-10,abierto
EV001247,SOP091-000607,2024-04-12,cerrado
EV001248,SOP091-000608,2024-04-08,abierto
EV001249,SOP091-000608,2024-04-09,cerrado
EV001250,SOP091-000609,2024-04-08,abierto
EV001251,SOP091-000610,2024-04-08,abierto
EV001252,SOP091-000610,2024-04-10,cerrado
EV001253,SOP091-000611,2024-04-09,abierto
EV001254,SOP091-000611,2024-04-10,cerrado
EV001255,SOP091-000612,2024-04-09,abierto
EV001256,SOP091-000612,2024-04-10,cerrado
EV001257,SOP091-000613,2024-04-09,abierto
EV001258,SOP091-000613,2024-04-10,cerrado
EV001259,SOP091-000614,2024-04-09,abierto
EV001260,SOP091-000614,2024-04-10,cerrado
EV001261,SOP091-000615,2024-04-09,abierto
EV001262,SOP091-000615,2024-04-10,cerrado
EV001263,SOP091-000616,2024-04-09,abierto
EV001264,SOP091-000616,2024-04-10,cerrado
EV001265,SOP091-000617,2024-04-10,abierto
EV001266,SOP091-000617,2024-04-11,cerrado
EV001267,SOP091-000618,2024-04-10,abierto
EV001268,SOP091-000618,2024-04-11,cerrado
EV001269,SOP091-000619,2024-04-10,abierto
EV001270,SOP091-000619,2024-04-11,cerrado
EV001271,SOP091-000620,2024-04-10,abierto
EV001272,SOP091-000620,2024-04-11,cerrado
EV001273,SOP091-000621,2024-04-10,abierto
EV001274,SOP091-000621,2024-04-11,cerrado
EV001275,SOP091-000622,2024-04-10,abierto
EV001276,SOP091-000622,2024-04-11,cerrado
EV001277,SOP091-000623,2024-04-11,abierto
EV001278,SOP091-000624,2024-04-11,abierto
EV001279,SOP091-000624,2024-04-12,cerrado
EV001280,SOP091-000625,2024-04-11,abierto
EV001281,SOP091-000626,2024-04-11,abierto
EV001282,SOP091-000627,2024-04-11,abierto
EV001283,SOP091-000627,2024-04-12,cerrado
EV001284,SOP091-000627,2024-04-13,abierto
EV001285,SOP091-000627,2024-04-15,cerrado
EV001286,SOP091-000628,2024-04-11,abierto
EV001287,SOP091-000628,2024-04-12,cerrado
EV001288,SOP091-000629,2024-04-12,abierto
EV001289,SOP091-000630,2024-04-12,abierto
EV001290,SOP091-000630,2024-04-13,cerrado
EV001291,SOP091-000631,2024-04-12,abierto
EV001292,SOP091-000631,2024-04-13,cerrado
EV001293,SOP091-000632,2024-04-12,abierto
EV001294,SOP091-000632,2024-04-13,cerrado
EV001295,SOP091-000633,2024-04-12,abierto
EV001296,SOP091-000633,2024-04-13,cerrado
EV001297,SOP091-000634,2024-04-12,abierto
EV001298,SOP091-000634,2024-04-13,cerrado
EV001299,SOP091-000635,2024-04-12,abierto
EV001300,SOP091-000635,2024-04-14,cerrado
EV001301,SOP091-000636,2024-04-13,abierto
EV001302,SOP091-000636,2024-04-14,cerrado
EV001303,SOP091-000637,2024-04-13,abierto
EV001304,SOP091-000637,2024-04-14,cerrado
EV001305,SOP091-000638,2024-04-13,abierto
EV001306,SOP091-000638,2024-04-14,cerrado
EV001307,SOP091-000638,2024-04-15,abierto
EV001308,SOP091-000638,2024-04-17,cerrado
EV001309,SOP091-000639,2024-04-13,abierto
EV001310,SOP091-000639,2024-04-15,cerrado
EV001311,SOP091-000640,2024-04-13,abierto
EV001312,SOP091-000640,2024-04-14,cerrado
EV001313,SOP091-000641,2024-04-13,abierto
EV001314,SOP091-000641,2024-04-14,cerrado
EV001315,SOP091-000642,2024-04-14,abierto
EV001316,SOP091-000642,2024-04-17,cerrado
EV001317,SOP091-000643,2024-04-14,abierto
EV001318,SOP091-000643,2024-04-15,cerrado
EV001319,SOP091-000644,2024-04-14,abierto
EV001320,SOP091-000644,2024-04-16,cerrado
EV001321,SOP091-000645,2024-04-14,abierto
EV001322,SOP091-000645,2024-04-15,cerrado
EV001323,SOP091-000646,2024-04-14,abierto
EV001324,SOP091-000646,2024-04-15,cerrado
EV001325,SOP091-000647,2024-04-14,abierto
EV001326,SOP091-000647,2024-04-16,cerrado
EV001327,SOP091-000648,2024-04-15,abierto
EV001328,SOP091-000648,2024-04-16,cerrado
EV001329,SOP091-000649,2024-04-15,abierto
EV001330,SOP091-000649,2024-04-16,cerrado
EV001331,SOP091-000650,2024-04-15,abierto
EV001332,SOP091-000650,2024-04-16,cerrado
EV001333,SOP091-000651,2024-04-15,abierto
EV001334,SOP091-000652,2024-04-15,abierto
EV001335,SOP091-000652,2024-04-16,cerrado
EV001336,SOP091-000653,2024-04-15,abierto
EV001337,SOP091-000653,2024-04-17,cerrado
EV001338,SOP091-000654,2024-04-16,abierto
EV001339,SOP091-000654,2024-04-17,cerrado
EV001340,SOP091-000655,2024-04-16,abierto
EV001341,SOP091-000656,2024-04-16,abierto
EV001342,SOP091-000656,2024-04-17,cerrado
EV001343,SOP091-000657,2024-04-16,abierto
EV001344,SOP091-000657,2024-04-17,cerrado
EV001345,SOP091-000658,2024-04-16,abierto
EV001346,SOP091-000659,2024-04-16,abierto
EV001347,SOP091-000659,2024-04-17,cerrado
EV001348,SOP091-000659,2024-04-18,abierto
EV001349,SOP091-000659,2024-04-20,cerrado
EV001350,SOP091-000660,2024-04-17,abierto
EV001351,SOP091-000661,2024-04-17,abierto
EV001352,SOP091-000661,2024-04-18,cerrado
EV001353,SOP091-000662,2024-04-17,abierto
EV001354,SOP091-000663,2024-04-17,abierto
EV001355,SOP091-000663,2024-04-18,cerrado
EV001356,SOP091-000664,2024-04-17,abierto
EV001357,SOP091-000664,2024-04-18,cerrado
EV001358,SOP091-000665,2024-04-17,abierto
EV001359,SOP091-000665,2024-04-18,cerrado
EV001360,SOP091-000666,2024-04-18,abierto
EV001361,SOP091-000666,2024-04-19,cerrado
EV001362,SOP091-000667,2024-04-18,abierto
EV001363,SOP091-000667,2024-04-19,cerrado
EV001364,SOP091-000668,2024-04-18,abierto
EV001365,SOP091-000668,2024-04-19,cerrado
EV001366,SOP091-000669,2024-04-18,abierto
EV001367,SOP091-000669,2024-04-19,cerrado
EV001368,SOP091-000670,2024-04-18,abierto
EV001369,SOP091-000670,2024-04-19,cerrado
EV001370,SOP091-000670,2024-04-20,abierto
EV001371,SOP091-000670,2024-04-22,cerrado
EV001372,SOP091-000671,2024-04-18,abierto
EV001373,SOP091-000671,2024-04-19,cerrado
EV001374,SOP091-000672,2024-04-19,abierto
EV001375,SOP091-000672,2024-04-20,cerrado
EV001376,SOP091-000672,2024-04-21,abierto
EV001377,SOP091-000672,2024-04-23,cerrado
EV001378,SOP091-000673,2024-04-19,abierto
EV001379,SOP091-000673,2024-04-20,cerrado
EV001380,SOP091-000674,2024-04-19,abierto
EV001381,SOP091-000674,2024-04-20,cerrado
EV001382,SOP091-000675,2024-04-19,abierto
EV001383,SOP091-000676,2024-04-19,abierto
EV001384,SOP091-000676,2024-04-20,cerrado
EV001385,SOP091-000677,2024-04-19,abierto
EV001386,SOP091-000677,2024-04-20,cerrado
EV001387,SOP091-000678,2024-04-19,abierto
EV001388,SOP091-000678,2024-04-20,cerrado
EV001389,SOP091-000678,2024-04-21,abierto
EV001390,SOP091-000678,2024-04-23,cerrado
EV001391,SOP091-000679,2024-04-20,abierto
EV001392,SOP091-000679,2024-04-21,cerrado
EV001393,SOP091-000680,2024-04-20,abierto
EV001394,SOP091-000680,2024-04-21,cerrado
EV001395,SOP091-000681,2024-04-20,abierto
EV001396,SOP091-000681,2024-04-21,cerrado
EV001397,SOP091-000682,2024-04-20,abierto
EV001398,SOP091-000682,2024-04-21,cerrado
EV001399,SOP091-000683,2024-04-20,abierto
EV001400,SOP091-000684,2024-04-20,abierto
EV001401,SOP091-000684,2024-04-21,cerrado
EV001402,SOP091-000685,2024-04-21,abierto
EV001403,SOP091-000685,2024-04-22,cerrado
EV001404,SOP091-000686,2024-04-21,abierto
EV001405,SOP091-000686,2024-04-22,cerrado
EV001406,SOP091-000687,2024-04-21,abierto
EV001407,SOP091-000688,2024-04-21,abierto
EV001408,SOP091-000688,2024-04-22,cerrado
EV001409,SOP091-000689,2024-04-21,abierto
EV001410,SOP091-000689,2024-04-22,cerrado
EV001411,SOP091-000689,2024-04-23,abierto
EV001412,SOP091-000689,2024-04-25,cerrado
EV001413,SOP091-000690,2024-04-21,abierto
EV001414,SOP091-000691,2024-04-22,abierto
EV001415,SOP091-000691,2024-04-23,cerrado
EV001416,SOP091-000692,2024-04-22,abierto
EV001417,SOP091-000692,2024-04-23,cerrado
EV001418,SOP091-000693,2024-04-22,abierto
EV001419,SOP091-000693,2024-04-23,cerrado
EV001420,SOP091-000694,2024-04-22,abierto
EV001421,SOP091-000694,2024-04-23,cerrado
EV001422,SOP091-000695,2024-04-22,abierto
EV001423,SOP091-000695,2024-04-23,cerrado
EV001424,SOP091-000696,2024-04-22,abierto
EV001425,SOP091-000696,2024-04-24,cerrado
EV001426,SOP091-000697,2024-04-23,abierto
EV001427,SOP091-000697,2024-04-24,cerrado
EV001428,SOP091-000698,2024-04-23,abierto
EV001429,SOP091-000699,2024-04-23,abierto
EV001430,SOP091-000699,2024-04-24,cerrado
EV001431,SOP091-000700,2024-04-23,abierto
EV001432,SOP091-000701,2024-04-23,abierto
EV001433,SOP091-000702,2024-04-23,abierto
EV001434,SOP091-000703,2024-04-24,abierto
EV001435,SOP091-000703,2024-04-25,cerrado
EV001436,SOP091-000704,2024-04-24,abierto
EV001437,SOP091-000704,2024-04-26,cerrado
EV001438,SOP091-000705,2024-04-24,abierto
EV001439,SOP091-000705,2024-04-25,cerrado
EV001440,SOP091-000706,2024-04-24,abierto
EV001441,SOP091-000706,2024-04-25,cerrado
EV001442,SOP091-000707,2024-04-24,abierto
EV001443,SOP091-000707,2024-04-26,cerrado
EV001444,SOP091-000708,2024-04-24,abierto
EV001445,SOP091-000708,2024-04-25,cerrado
EV001446,SOP091-000709,2024-04-25,abierto
EV001447,SOP091-000709,2024-04-26,cerrado
EV001448,SOP091-000710,2024-04-25,abierto
EV001449,SOP091-000710,2024-04-26,cerrado
EV001450,SOP091-000711,2024-04-25,abierto
EV001451,SOP091-000711,2024-04-26,cerrado
EV001452,SOP091-000712,2024-04-25,abierto
EV001453,SOP091-000712,2024-04-26,cerrado
EV001454,SOP091-000713,2024-04-25,abierto
EV001455,SOP091-000713,2024-04-26,cerrado
EV001456,SOP091-000714,2024-04-25,abierto
EV001457,SOP091-000714,2024-04-27,cerrado
EV001458,SOP091-000715,2024-04-25,abierto
EV001459,SOP091-000715,2024-04-26,cerrado
EV001460,SOP091-000716,2024-04-26,abierto
EV001461,SOP091-000717,2024-04-26,abierto
EV001462,SOP091-000717,2024-04-29,cerrado
EV001463,SOP091-000718,2024-04-26,abierto
EV001464,SOP091-000718,2024-04-28,cerrado
EV001465,SOP091-000719,2024-04-26,abierto
EV001466,SOP091-000719,2024-04-27,cerrado
EV001467,SOP091-000720,2024-04-26,abierto
EV001468,SOP091-000721,2024-04-26,abierto
EV001469,SOP091-000721,2024-04-27,cerrado
EV001470,SOP091-000722,2024-04-27,abierto
EV001471,SOP091-000722,2024-04-28,cerrado
EV001472,SOP091-000723,2024-04-27,abierto
EV001473,SOP091-000723,2024-04-28,cerrado
EV001474,SOP091-000724,2024-04-27,abierto
EV001475,SOP091-000724,2024-04-28,cerrado
EV001476,SOP091-000725,2024-04-27,abierto
EV001477,SOP091-000726,2024-04-27,abierto
EV001478,SOP091-000726,2024-04-28,cerrado
EV001479,SOP091-000727,2024-04-27,abierto
EV001480,SOP091-000727,2024-04-28,cerrado
EV001481,SOP091-000728,2024-04-28,abierto
EV001482,SOP091-000728,2024-04-30,cerrado
EV001483,SOP091-000729,2024-04-28,abierto
EV001484,SOP091-000729,2024-04-29,cerrado
EV001485,SOP091-000729,2024-04-30,abierto
EV001486,SOP091-000729,2024-05-02,cerrado
EV001487,SOP091-000730,2024-04-28,abierto
EV001488,SOP091-000730,2024-04-29,cerrado
EV001489,SOP091-000730,2024-04-30,abierto
EV001490,SOP091-000730,2024-05-02,cerrado
EV001491,SOP091-000731,2024-04-28,abierto
EV001492,SOP091-000731,2024-04-29,cerrado
EV001493,SOP091-000731,2024-04-30,abierto
EV001494,SOP091-000731,2024-05-02,cerrado
EV001495,SOP091-000732,2024-04-28,abierto
EV001496,SOP091-000732,2024-04-29,cerrado
EV001497,SOP091-000733,2024-04-28,abierto
EV001498,SOP091-000733,2024-04-29,cerrado
EV001499,SOP091-000734,2024-04-29,abierto
EV001500,SOP091-000734,2024-04-30,cerrado
EV001501,SOP091-000735,2024-04-29,abierto
EV001502,SOP091-000735,2024-04-30,cerrado
EV001503,SOP091-000736,2024-04-29,abierto
EV001504,SOP091-000736,2024-04-30,cerrado
EV001505,SOP091-000737,2024-04-29,abierto
EV001506,SOP091-000737,2024-05-01,cerrado
EV001507,SOP091-000738,2024-04-29,abierto
EV001508,SOP091-000738,2024-04-30,cerrado
EV001509,SOP091-000739,2024-04-29,abierto
EV001510,SOP091-000739,2024-04-30,cerrado
EV001511,SOP091-000740,2024-04-30,abierto
EV001512,SOP091-000740,2024-05-01,cerrado
EV001513,SOP091-000741,2024-04-30,abierto
EV001514,SOP091-000741,2024-05-01,cerrado
EV001515,SOP091-000741,2024-05-02,abierto
EV001516,SOP091-000741,2024-05-05,cerrado
EV001517,SOP091-000742,2024-04-30,abierto
EV001518,SOP091-000742,2024-05-01,cerrado
EV001519,SOP091-000743,2024-04-30,abierto
EV001520,SOP091-000743,2024-05-01,cerrado
EV001521,SOP091-000744,2024-04-30,abierto
EV001522,SOP091-000744,2024-05-01,cerrado
EV001523,SOP091-000745,2024-04-30,abierto
EV001524,SOP091-000745,2024-05-01,cerrado
EV001525,SOP091-000746,2024-05-01,abierto
EV001526,SOP091-000746,2024-05-02,cerrado
EV001527,SOP091-000747,2024-05-01,abierto
EV001528,SOP091-000747,2024-05-02,cerrado
EV001529,SOP091-000748,2024-05-01,abierto
EV001530,SOP091-000748,2024-05-02,cerrado
EV001531,SOP091-000749,2024-05-01,abierto
EV001532,SOP091-000749,2024-05-03,cerrado
EV001533,SOP091-000750,2024-05-01,abierto
EV001534,SOP091-000750,2024-05-02,cerrado
EV001535,SOP091-000751,2024-05-01,abierto
EV001536,SOP091-000751,2024-05-02,cerrado
EV001537,SOP091-000752,2024-05-01,abierto
EV001538,SOP091-000752,2024-05-02,cerrado
EV001539,SOP091-000753,2024-05-02,abierto
EV001540,SOP091-000753,2024-05-03,cerrado
EV001541,SOP091-000754,2024-05-02,abierto
EV001542,SOP091-000754,2024-05-03,cerrado
EV001543,SOP091-000755,2024-05-02,abierto
EV001544,SOP091-000755,2024-05-03,cerrado
EV001545,SOP091-000756,2024-05-02,abierto
EV001546,SOP091-000756,2024-05-03,cerrado
EV001547,SOP091-000757,2024-05-02,abierto
EV001548,SOP091-000757,2024-05-03,cerrado
EV001549,SOP091-000758,2024-05-02,abierto
EV001550,SOP091-000758,2024-05-03,cerrado
EV001551,SOP091-000759,2024-05-03,abierto
EV001552,SOP091-000759,2024-05-04,cerrado
EV001553,SOP091-000760,2024-05-03,abierto
EV001554,SOP091-000760,2024-05-04,cerrado
EV001555,SOP091-000761,2024-05-03,abierto
EV001556,SOP091-000761,2024-05-04,cerrado
EV001557,SOP091-000762,2024-05-03,abierto
EV001558,SOP091-000762,2024-05-04,cerrado
EV001559,SOP091-000763,2024-05-03,abierto
EV001560,SOP091-000763,2024-05-04,cerrado
EV001561,SOP091-000764,2024-05-03,abierto
EV001562,SOP091-000764,2024-05-04,cerrado
EV001563,SOP091-000765,2024-05-04,abierto
EV001564,SOP091-000765,2024-05-05,cerrado
EV001565,SOP091-000766,2024-05-04,abierto
EV001566,SOP091-000766,2024-05-05,cerrado
EV001567,SOP091-000767,2024-05-04,abierto
EV001568,SOP091-000767,2024-05-05,cerrado
EV001569,SOP091-000768,2024-05-04,abierto
EV001570,SOP091-000768,2024-05-05,cerrado
EV001571,SOP091-000769,2024-05-04,abierto
EV001572,SOP091-000769,2024-05-05,cerrado
EV001573,SOP091-000770,2024-05-04,abierto
EV001574,SOP091-000770,2024-05-05,cerrado
EV001575,SOP091-000771,2024-05-05,abierto
EV001576,SOP091-000771,2024-05-06,cerrado
EV001577,SOP091-000772,2024-05-05,abierto
EV001578,SOP091-000772,2024-05-06,cerrado
EV001579,SOP091-000773,2024-05-05,abierto
EV001580,SOP091-000773,2024-05-06,cerrado
EV001581,SOP091-000774,2024-05-05,abierto
EV001582,SOP091-000774,2024-05-06,cerrado
EV001583,SOP091-000775,2024-05-05,abierto
EV001584,SOP091-000775,2024-05-06,cerrado
EV001585,SOP091-000776,2024-05-05,abierto
EV001586,SOP091-000777,2024-05-06,abierto
EV001587,SOP091-000777,2024-05-07,cerrado
EV001588,SOP091-000778,2024-05-06,abierto
EV001589,SOP091-000778,2024-05-07,cerrado
EV001590,SOP091-000779,2024-05-06,abierto
EV001591,SOP091-000779,2024-05-07,cerrado
EV001592,SOP091-000780,2024-05-06,abierto
EV001593,SOP091-000780,2024-05-07,cerrado
EV001594,SOP091-000781,2024-05-06,abierto
EV001595,SOP091-000781,2024-05-07,cerrado
EV001596,SOP091-000782,2024-05-06,abierto
EV001597,SOP091-000782,2024-05-07,cerrado
EV001598,SOP091-000783,2024-05-07,abierto
EV001599,SOP091-000783,2024-05-08,cerrado
EV001600,SOP091-000784,2024-05-07,abierto
EV001601,SOP091-000784,2024-05-08,cerrado
EV001602,SOP091-000785,2024-05-07,abierto
EV001603,SOP091-000785,2024-05-08,cerrado
EV001604,SOP091-000786,2024-05-07,abierto
EV001605,SOP091-000786,2024-05-08,cerrado
EV001606,SOP091-000787,2024-05-07,abierto
EV001607,SOP091-000787,2024-05-08,cerrado
EV001608,SOP091-000788,2024-05-07,abierto
EV001609,SOP091-000788,2024-05-08,cerrado
EV001610,SOP091-000789,2024-05-08,abierto
EV001611,SOP091-000790,2024-05-08,abierto
EV001612,SOP091-000790,2024-05-09,cerrado
EV001613,SOP091-000790,2024-05-10,abierto
EV001614,SOP091-000790,2024-05-12,cerrado
EV001615,SOP091-000791,2024-05-08,abierto
EV001616,SOP091-000792,2024-05-08,abierto
EV001617,SOP091-000793,2024-05-08,abierto
EV001618,SOP091-000793,2024-05-09,cerrado
EV001619,SOP091-000793,2024-05-10,abierto
EV001620,SOP091-000793,2024-05-12,cerrado
EV001621,SOP091-000794,2024-05-08,abierto
EV001622,SOP091-000794,2024-05-09,cerrado
EV001623,SOP091-000795,2024-05-08,abierto
EV001624,SOP091-000796,2024-05-09,abierto
EV001625,SOP091-000796,2024-05-10,cerrado
EV001626,SOP091-000797,2024-05-09,abierto
EV001627,SOP091-000797,2024-05-10,cerrado
EV001628,SOP091-000797,2024-05-11,abierto
EV001629,SOP091-000797,2024-05-13,cerrado
EV001630,SOP091-000798,2024-05-09,abierto
EV001631,SOP091-000798,2024-05-11,cerrado
EV001632,SOP091-000799,2024-05-09,abierto
EV001633,SOP091-000800,2024-05-09,abierto
EV001634,SOP091-000800,2024-05-10,cerrado
EV001635,SOP091-000801,2024-05-09,abierto
EV001636,SOP091-000801,2024-05-10,cerrado
EV001637,SOP091-000802,2024-05-10,abierto
EV001638,SOP091-000802,2024-05-11,cerrado
EV001639,SOP091-000803,2024-05-10,abierto
EV001640,SOP091-000803,2024-05-11,cerrado
EV001641,SOP091-000804,2024-05-10,abierto
EV001642,SOP091-000804,2024-05-12,cerrado
EV001643,SOP091-000805,2024-05-10,abierto
EV001644,SOP091-000806,2024-05-10,abierto
EV001645,SOP091-000806,2024-05-11,cerrado
EV001646,SOP091-000807,2024-05-10,abierto
EV001647,SOP091-000807,2024-05-12,cerrado
EV001648,SOP091-000808,2024-05-11,abierto
EV001649,SOP091-000809,2024-05-11,abierto
EV001650,SOP091-000809,2024-05-12,cerrado
EV001651,SOP091-000810,2024-05-11,abierto
EV001652,SOP091-000810,2024-05-12,cerrado
EV001653,SOP091-000811,2024-05-11,abierto
EV001654,SOP091-000811,2024-05-12,cerrado
EV001655,SOP091-000812,2024-05-11,abierto
EV001656,SOP091-000812,2024-05-12,cerrado
EV001657,SOP091-000812,2024-05-13,abierto
EV001658,SOP091-000812,2024-05-15,cerrado
EV001659,SOP091-000813,2024-05-11,abierto
EV001660,SOP091-000813,2024-05-12,cerrado
EV001661,SOP091-000814,2024-05-12,abierto
EV001662,SOP091-000814,2024-05-13,cerrado
EV001663,SOP091-000815,2024-05-12,abierto
EV001664,SOP091-000816,2024-05-12,abierto
EV001665,SOP091-000816,2024-05-14,cerrado
EV001666,SOP091-000817,2024-05-12,abierto
EV001667,SOP091-000817,2024-05-13,cerrado
EV001668,SOP091-000817,2024-05-14,abierto
EV001669,SOP091-000817,2024-05-16,cerrado
EV001670,SOP091-000818,2024-05-12,abierto
EV001671,SOP091-000818,2024-05-14,cerrado
EV001672,SOP091-000819,2024-05-12,abierto
EV001673,SOP091-000819,2024-05-13,cerrado
EV001674,SOP091-000820,2024-05-13,abierto
EV001675,SOP091-000820,2024-05-14,cerrado
EV001676,SOP091-000821,2024-05-13,abierto
EV001677,SOP091-000821,2024-05-14,cerrado
EV001678,SOP091-000822,2024-05-13,abierto
EV001679,SOP091-000822,2024-05-14,cerrado
EV001680,SOP091-000822,2024-05-15,abierto
EV001681,SOP091-000822,2024-05-17,cerrado
EV001682,SOP091-000823,2024-05-13,abierto
EV001683,SOP091-000823,2024-05-15,cerrado
EV001684,SOP091-000824,2024-05-13,abierto
EV001685,SOP091-000824,2024-05-14,cerrado
EV001686,SOP091-000825,2024-05-13,abierto
EV001687,SOP091-000825,2024-05-14,cerrado
EV001688,SOP091-000826,2024-05-14,abierto
EV001689,SOP091-000827,2024-05-14,abierto
EV001690,SOP091-000827,2024-05-16,cerrado
EV001691,SOP091-000828,2024-05-14,abierto
EV001692,SOP091-000828,2024-05-15,cerrado
EV001693,SOP091-000829,2024-05-14,abierto
EV001694,SOP091-000829,2024-05-15,cerrado
EV001695,SOP091-000830,2024-05-14,abierto
EV001696,SOP091-000830,2024-05-15,cerrado
EV001697,SOP091-000830,2024-05-16,abierto
EV001698,SOP091-000830,2024-05-18,cerrado
EV001699,SOP091-000831,2024-05-14,abierto
EV001700,SOP091-000831,2024-05-15,cerrado
EV001701,SOP091-000832,2024-05-14,abierto
EV001702,SOP091-000833,2024-05-15,abierto
EV001703,SOP091-000833,2024-05-16,cerrado
EV001704,SOP091-000834,2024-05-15,abierto
EV001705,SOP091-000834,2024-05-16,cerrado
EV001706,SOP091-000835,2024-05-15,abierto
EV001707,SOP091-000835,2024-05-16,cerrado
EV001708,SOP091-000836,2024-05-15,abierto
EV001709,SOP091-000836,2024-05-16,cerrado
EV001710,SOP091-000837,2024-05-15,abierto
EV001711,SOP091-000837,2024-05-16,cerrado
EV001712,SOP091-000838,2024-05-15,abierto
EV001713,SOP091-000838,2024-05-17,cerrado
EV001714,SOP091-000839,2024-05-16,abierto
EV001715,SOP091-000839,2024-05-17,cerrado
EV001716,SOP091-000840,2024-05-16,abierto
EV001717,SOP091-000840,2024-05-17,cerrado
EV001718,SOP091-000840,2024-05-18,abierto
EV001719,SOP091-000840,2024-05-21,cerrado
EV001720,SOP091-000841,2024-05-16,abierto
EV001721,SOP091-000841,2024-05-17,cerrado
EV001722,SOP091-000841,2024-05-18,abierto
EV001723,SOP091-000841,2024-05-20,cerrado
EV001724,SOP091-000842,2024-05-16,abierto
EV001725,SOP091-000842,2024-05-17,cerrado
EV001726,SOP091-000843,2024-05-16,abierto
EV001727,SOP091-000843,2024-05-17,cerrado
EV001728,SOP091-000844,2024-05-16,abierto
EV001729,SOP091-000844,2024-05-17,cerrado
EV001730,SOP091-000845,2024-05-17,abierto
EV001731,SOP091-000846,2024-05-17,abierto
EV001732,SOP091-000846,2024-05-19,cerrado
EV001733,SOP091-000847,2024-05-17,abierto
EV001734,SOP091-000847,2024-05-18,cerrado
EV001735,SOP091-000848,2024-05-17,abierto
EV001736,SOP091-000848,2024-05-18,cerrado
EV001737,SOP091-000849,2024-05-17,abierto
EV001738,SOP091-000850,2024-05-17,abierto
EV001739,SOP091-000850,2024-05-18,cerrado
EV001740,SOP091-000851,2024-05-18,abierto
EV001741,SOP091-000851,2024-05-19,cerrado
EV001742,SOP091-000852,2024-05-18,abierto
EV001743,SOP091-000852,2024-05-19,cerrado
EV001744,SOP091-000853,2024-05-18,abierto
EV001745,SOP091-000853,2024-05-19,cerrado
EV001746,SOP091-000854,2024-05-18,abierto
EV001747,SOP091-000854,2024-05-19,cerrado
EV001748,SOP091-000855,2024-05-18,abierto
EV001749,SOP091-000855,2024-05-19,cerrado
EV001750,SOP091-000856,2024-05-18,abierto
EV001751,SOP091-000857,2024-05-19,abierto
EV001752,SOP091-000857,2024-05-20,cerrado
EV001753,SOP091-000857,2024-05-21,abierto
EV001754,SOP091-000857,2024-05-23,cerrado
EV001755,SOP091-000858,2024-05-19,abierto
EV001756,SOP091-000859,2024-05-19,abierto
EV001757,SOP091-000859,2024-05-20,cerrado
EV001758,SOP091-000859,2024-05-21,abierto
EV001759,SOP091-000859,2024-05-23,cerrado
EV001760,SOP091-000860,2024-05-19,abierto
EV001761,SOP091-000860,2024-05-20,cerrado
EV001762,SOP091-000861,2024-05-19,abierto
EV001763,SOP091-000861,2024-05-20,cerrado
EV001764,SOP091-000862,2024-05-19,abierto
EV001765,SOP091-000862,2024-05-20,cerrado
EV001766,SOP091-000863,2024-05-20,abierto
EV001767,SOP091-000863,2024-05-21,cerrado
EV001768,SOP091-000864,2024-05-20,abierto
EV001769,SOP091-000865,2024-05-20,abierto
EV001770,SOP091-000865,2024-05-21,cerrado
EV001771,SOP091-000866,2024-05-20,abierto
EV001772,SOP091-000866,2024-05-21,cerrado
EV001773,SOP091-000866,2024-05-22,abierto
EV001774,SOP091-000866,2024-05-24,cerrado
EV001775,SOP091-000867,2024-05-20,abierto
EV001776,SOP091-000867,2024-05-21,cerrado
EV001777,SOP091-000868,2024-05-20,abierto
EV001778,SOP091-000868,2024-05-21,cerrado
EV001779,SOP091-000869,2024-05-21,abierto
EV001780,SOP091-000869,2024-05-22,cerrado
EV001781,SOP091-000869,2024-05-23,abierto
EV001782,SOP091-000869,2024-05-25,cerrado
EV001783,SOP091-000870,2024-05-21,abierto
EV001784,SOP091-000871,2024-05-21,abierto
EV001785,SOP091-000871,2024-05-22,cerrado
EV001786,SOP091-000872,2024-05-21,abierto
EV001787,SOP091-000872,2024-05-22,cerrado
EV001788,SOP091-000873,2024-05-21,abierto
EV001789,SOP091-000873,2024-05-22,cerrado
EV001790,SOP091-000874,2024-05-21,abierto
EV001791,SOP091-000874,2024-05-22,cerrado
EV001792,SOP091-000874,2024-05-23,abierto
EV001793,SOP091-000874,2024-05-25,cerrado
EV001794,SOP091-000875,2024-05-21,abierto
EV001795,SOP091-000875,2024-05-22,cerrado
EV001796,SOP091-000876,2024-05-22,abierto
EV001797,SOP091-000876,2024-05-23,cerrado
EV001798,SOP091-000877,2024-05-22,abierto
EV001799,SOP091-000877,2024-05-23,cerrado
EV001800,SOP091-000878,2024-05-22,abierto
EV001801,SOP091-000878,2024-05-23,cerrado
EV001802,SOP091-000879,2024-05-22,abierto
EV001803,SOP091-000879,2024-05-23,cerrado
EV001804,SOP091-000880,2024-05-22,abierto
EV001805,SOP091-000881,2024-05-22,abierto
EV001806,SOP091-000881,2024-05-23,cerrado
EV001807,SOP091-000882,2024-05-23,abierto
EV001808,SOP091-000882,2024-05-25,cerrado
EV001809,SOP091-000883,2024-05-23,abierto
EV001810,SOP091-000883,2024-05-24,cerrado
EV001811,SOP091-000883,2024-05-25,abierto
EV001812,SOP091-000883,2024-05-27,cerrado
EV001813,SOP091-000884,2024-05-23,abierto
EV001814,SOP091-000884,2024-05-24,cerrado
EV001815,SOP091-000885,2024-05-23,abierto
EV001816,SOP091-000885,2024-05-24,cerrado
EV001817,SOP091-000886,2024-05-23,abierto
EV001818,SOP091-000886,2024-05-24,cerrado
EV001819,SOP091-000887,2024-05-23,abierto
EV001820,SOP091-000887,2024-05-24,cerrado
EV001821,SOP091-000888,2024-05-24,abierto
EV001822,SOP091-000889,2024-05-24,abierto
EV001823,SOP091-000889,2024-05-25,cerrado
EV001824,SOP091-000890,2024-05-24,abierto
EV001825,SOP091-000890,2024-05-25,cerrado
EV001826,SOP091-000890,2024-05-26,abierto
EV001827,SOP091-000890,2024-05-28,cerrado
EV001828,SOP091-000891,2024-05-24,abierto
EV001829,SOP091-000891,2024-05-25,cerrado
EV001830,SOP091-000892,2024-05-24,abierto
EV001831,SOP091-000892,2024-05-25,cerrado
EV001832,SOP091-000893,2024-05-24,abierto
EV001833,SOP091-000894,2024-05-25,abierto
EV001834,SOP091-000894,2024-05-26,cerrado
EV001835,SOP091-000895,2024-05-25,abierto
EV001836,SOP091-000896,2024-05-25,abierto
EV001837,SOP091-000896,2024-05-26,cerrado
EV001838,SOP091-000897,2024-05-25,abierto
EV001839,SOP091-000897,2024-05-26,cerrado
EV001840,SOP091-000898,2024-05-25,abierto
EV001841,SOP091-000898,2024-05-26,cerrado
EV001842,SOP091-000899,2024-05-25,abierto
EV001843,SOP091-000899,2024-05-26,cerrado
EV001844,SOP091-000899,2024-05-27,abierto
EV001845,SOP091-000899,2024-05-29,cerrado
EV001846,SOP091-000900,2024-05-26,abierto
EV001847,SOP091-000901,2024-05-26,abierto
EV001848,SOP091-000901,2024-05-27,cerrado
EV001849,SOP091-000902,2024-05-26,abierto
EV001850,SOP091-000902,2024-05-27,cerrado
EV001851,SOP091-000903,2024-05-26,abierto
EV001852,SOP091-000903,2024-05-27,cerrado
EV001853,SOP091-000904,2024-05-26,abierto
EV001854,SOP091-000904,2024-05-27,cerrado
EV001855,SOP091-000905,2024-05-26,abierto
EV001856,SOP091-000905,2024-05-27,cerrado
EV001857,SOP091-000906,2024-05-27,abierto
EV001858,SOP091-000906,2024-05-28,cerrado
EV001859,SOP091-000907,2024-05-27,abierto
EV001860,SOP091-000907,2024-05-28,cerrado
EV001861,SOP091-000908,2024-05-27,abierto
EV001862,SOP091-000908,2024-05-28,cerrado
EV001863,SOP091-000909,2024-05-27,abierto
EV001864,SOP091-000909,2024-05-28,cerrado
EV001865,SOP091-000910,2024-05-27,abierto
EV001866,SOP091-000910,2024-05-28,cerrado
EV001867,SOP091-000911,2024-05-27,abierto
EV001868,SOP091-000911,2024-05-28,cerrado
EV001869,SOP091-000912,2024-05-27,abierto
EV001870,SOP091-000912,2024-05-28,cerrado
EV001871,SOP091-000913,2024-05-28,abierto
EV001872,SOP091-000913,2024-05-29,cerrado
EV001873,SOP091-000914,2024-05-28,abierto
EV001874,SOP091-000914,2024-05-29,cerrado
EV001875,SOP091-000915,2024-05-28,abierto
EV001876,SOP091-000916,2024-05-28,abierto
EV001877,SOP091-000916,2024-05-29,cerrado
EV001878,SOP091-000917,2024-05-28,abierto
EV001879,SOP091-000917,2024-05-29,cerrado
EV001880,SOP091-000918,2024-05-28,abierto
EV001881,SOP091-000918,2024-05-29,cerrado
EV001882,SOP091-000919,2024-05-29,abierto
EV001883,SOP091-000919,2024-05-30,cerrado
EV001884,SOP091-000920,2024-05-29,abierto
EV001885,SOP091-000920,2024-05-30,cerrado
EV001886,SOP091-000921,2024-05-29,abierto
EV001887,SOP091-000921,2024-05-30,cerrado
EV001888,SOP091-000921,2024-05-31,abierto
EV001889,SOP091-000921,2024-06-04,cerrado
EV001890,SOP091-000922,2024-05-29,abierto
EV001891,SOP091-000922,2024-05-31,cerrado
EV001892,SOP091-000923,2024-05-29,abierto
EV001893,SOP091-000923,2024-05-30,cerrado
EV001894,SOP091-000924,2024-05-29,abierto
EV001895,SOP091-000925,2024-05-30,abierto
EV001896,SOP091-000925,2024-05-31,cerrado
EV001897,SOP091-000926,2024-05-30,abierto
EV001898,SOP091-000926,2024-05-31,cerrado
EV001899,SOP091-000927,2024-05-30,abierto
EV001900,SOP091-000928,2024-05-30,abierto
EV001901,SOP091-000928,2024-05-31,cerrado
EV001902,SOP091-000929,2024-05-30,abierto
EV001903,SOP091-000929,2024-05-31,cerrado
EV001904,SOP091-000930,2024-05-30,abierto
EV001905,SOP091-000930,2024-05-31,cerrado
EV001906,SOP091-000931,2024-05-31,abierto
EV001907,SOP091-000931,2024-06-01,cerrado
EV001908,SOP091-000932,2024-05-31,abierto
EV001909,SOP091-000932,2024-06-01,cerrado
EV001910,SOP091-000933,2024-05-31,abierto
EV001911,SOP091-000933,2024-06-01,cerrado
EV001912,SOP091-000934,2024-05-31,abierto
EV001913,SOP091-000934,2024-06-01,cerrado
EV001914,SOP091-000935,2024-05-31,abierto
EV001915,SOP091-000935,2024-06-01,cerrado
EV001916,SOP091-000936,2024-05-31,abierto
EV001917,SOP091-000936,2024-06-01,cerrado
EV001918,SOP091-000937,2024-06-01,abierto
EV001919,SOP091-000937,2024-06-02,cerrado
EV001920,SOP091-000938,2024-06-01,abierto
EV001921,SOP091-000938,2024-06-02,cerrado
EV001922,SOP091-000939,2024-06-01,abierto
EV001923,SOP091-000939,2024-06-02,cerrado
EV001924,SOP091-000940,2024-06-01,abierto
EV001925,SOP091-000940,2024-06-02,cerrado
EV001926,SOP091-000940,2024-06-03,abierto
EV001927,SOP091-000940,2024-06-05,cerrado
EV001928,SOP091-000941,2024-06-01,abierto
EV001929,SOP091-000942,2024-06-01,abierto
EV001930,SOP091-000942,2024-06-02,cerrado
EV001931,SOP091-000943,2024-06-02,abierto
EV001932,SOP091-000943,2024-06-03,cerrado
EV001933,SOP091-000944,2024-06-02,abierto
EV001934,SOP091-000944,2024-06-03,cerrado
EV001935,SOP091-000945,2024-06-02,abierto
EV001936,SOP091-000945,2024-06-03,cerrado
EV001937,SOP091-000945,2024-06-04,abierto
EV001938,SOP091-000945,2024-06-06,cerrado
EV001939,SOP091-000946,2024-06-02,abierto
EV001940,SOP091-000946,2024-06-03,cerrado
EV001941,SOP091-000947,2024-06-02,abierto
EV001942,SOP091-000947,2024-06-03,cerrado
EV001943,SOP091-000948,2024-06-02,abierto
EV001944,SOP091-000948,2024-06-04,cerrado
EV001945,SOP091-000949,2024-06-02,abierto
EV001946,SOP091-000949,2024-06-04,cerrado
EV001947,SOP091-000950,2024-06-03,abierto
EV001948,SOP091-000950,2024-06-04,cerrado
EV001949,SOP091-000951,2024-06-03,abierto
EV001950,SOP091-000951,2024-06-04,cerrado
EV001951,SOP091-000952,2024-06-03,abierto
EV001952,SOP091-000952,2024-06-04,cerrado
EV001953,SOP091-000952,2024-06-05,abierto
EV001954,SOP091-000952,2024-06-07,cerrado
EV001955,SOP091-000953,2024-06-03,abierto
EV001956,SOP091-000953,2024-06-05,cerrado
EV001957,SOP091-000954,2024-06-03,abierto
EV001958,SOP091-000954,2024-06-04,cerrado
EV001959,SOP091-000955,2024-06-03,abierto
EV001960,SOP091-000955,2024-06-04,cerrado
EV001961,SOP091-000956,2024-06-04,abierto
EV001962,SOP091-000956,2024-06-05,cerrado
EV001963,SOP091-000957,2024-06-04,abierto
EV001964,SOP091-000958,2024-06-04,abierto
EV001965,SOP091-000958,2024-06-05,cerrado
EV001966,SOP091-000959,2024-06-04,abierto
EV001967,SOP091-000960,2024-06-04,abierto
EV001968,SOP091-000960,2024-06-05,cerrado
EV001969,SOP091-000960,2024-06-06,abierto
EV001970,SOP091-000960,2024-06-08,cerrado
EV001971,SOP091-000961,2024-06-04,abierto
EV001972,SOP091-000961,2024-06-05,cerrado
EV001973,SOP091-000962,2024-06-05,abierto
EV001974,SOP091-000962,2024-06-06,cerrado
EV001975,SOP091-000962,2024-06-07,abierto
EV001976,SOP091-000962,2024-06-10,cerrado
EV001977,SOP091-000963,2024-06-05,abierto
EV001978,SOP091-000964,2024-06-05,abierto
EV001979,SOP091-000964,2024-06-06,cerrado
EV001980,SOP091-000965,2024-06-05,abierto
EV001981,SOP091-000965,2024-06-06,cerrado
EV001982,SOP091-000966,2024-06-05,abierto
EV001983,SOP091-000967,2024-06-05,abierto
EV001984,SOP091-000967,2024-06-06,cerrado
EV001985,SOP091-000968,2024-06-06,abierto
EV001986,SOP091-000969,2024-06-06,abierto
EV001987,SOP091-000969,2024-06-07,cerrado
EV001988,SOP091-000970,2024-06-06,abierto
EV001989,SOP091-000970,2024-06-07,cerrado
EV001990,SOP091-000971,2024-06-06,abierto
EV001991,SOP091-000971,2024-06-07,cerrado
EV001992,SOP091-000972,2024-06-06,abierto
EV001993,SOP091-000972,2024-06-08,cerrado
EV001994,SOP091-000973,2024-06-06,abierto
EV001995,SOP091-000973,2024-06-07,cerrado
EV001996,SOP091-000974,2024-06-07,abierto
EV001997,SOP091-000974,2024-06-08,cerrado
EV001998,SOP091-000975,2024-06-07,abierto
EV001999,SOP091-000975,2024-06-08,cerrado
EV002000,SOP091-000976,2024-06-07,abierto
EV002001,SOP091-000976,2024-06-08,cerrado
EV002002,SOP091-000977,2024-06-07,abierto
EV002003,SOP091-000977,2024-06-08,cerrado
EV002004,SOP091-000978,2024-06-07,abierto
EV002005,SOP091-000978,2024-06-08,cerrado
EV002006,SOP091-000979,2024-06-07,abierto
EV002007,SOP091-000979,2024-06-08,cerrado
EV002008,SOP091-000980,2024-06-08,abierto
EV002009,SOP091-000980,2024-06-09,cerrado
EV002010,SOP091-000981,2024-06-08,abierto
EV002011,SOP091-000981,2024-06-09,cerrado
EV002012,SOP091-000982,2024-06-08,abierto
EV002013,SOP091-000982,2024-06-09,cerrado
EV002014,SOP091-000982,2024-06-10,abierto
EV002015,SOP091-000982,2024-06-12,cerrado
EV002016,SOP091-000983,2024-06-08,abierto
EV002017,SOP091-000983,2024-06-09,cerrado
EV002018,SOP091-000984,2024-06-08,abierto
EV002019,SOP091-000984,2024-06-09,cerrado
EV002020,SOP091-000984,2024-06-10,abierto
EV002021,SOP091-000984,2024-06-13,cerrado
EV002022,SOP091-000985,2024-06-08,abierto
EV002023,SOP091-000985,2024-06-09,cerrado
EV002024,SOP091-000986,2024-06-09,abierto
EV002025,SOP091-000986,2024-06-10,cerrado
EV002026,SOP091-000987,2024-06-09,abierto
EV002027,SOP091-000987,2024-06-12,cerrado
EV002028,SOP091-000988,2024-06-09,abierto
EV002029,SOP091-000988,2024-06-10,cerrado
EV002030,SOP091-000989,2024-06-09,abierto
EV002031,SOP091-000989,2024-06-10,cerrado
EV002032,SOP091-000990,2024-06-09,abierto
EV002033,SOP091-000990,2024-06-10,cerrado
EV002034,SOP091-000990,2024-06-11,abierto
EV002035,SOP091-000990,2024-06-14,cerrado
EV002036,SOP091-000991,2024-06-09,abierto
EV002037,SOP091-000991,2024-06-10,cerrado
EV002038,SOP091-000992,2024-06-09,abierto
EV002039,SOP091-000992,2024-06-10,cerrado
EV002040,SOP091-000992,2024-06-11,abierto
EV002041,SOP091-000992,2024-06-14,cerrado
EV002042,SOP091-000993,2024-06-10,abierto
EV002043,SOP091-000993,2024-06-12,cerrado
EV002044,SOP091-000994,2024-06-10,abierto
EV002045,SOP091-000994,2024-06-11,cerrado
EV002046,SOP091-000995,2024-06-10,abierto
EV002047,SOP091-000995,2024-06-11,cerrado
EV002048,SOP091-000996,2024-06-10,abierto
EV002049,SOP091-000996,2024-06-11,cerrado
EV002050,SOP091-000997,2024-06-10,abierto
EV002051,SOP091-000997,2024-06-11,cerrado
EV002052,SOP091-000998,2024-06-10,abierto
EV002053,SOP091-000998,2024-06-11,cerrado
EV002054,SOP091-000999,2024-06-11,abierto
EV002055,SOP091-000999,2024-06-13,cerrado
EV002056,SOP091-001000,2024-06-11,abierto
EV002057,SOP091-001000,2024-06-12,cerrado
EV002058,SOP091-001001,2024-06-11,abierto
EV002059,SOP091-001001,2024-06-12,cerrado
EV002060,SOP091-001002,2024-06-11,abierto
EV002061,SOP091-001002,2024-06-12,cerrado
EV002062,SOP091-001003,2024-06-11,abierto
EV002063,SOP091-001003,2024-06-12,cerrado
EV002064,SOP091-001004,2024-06-11,abierto
EV002065,SOP091-001004,2024-06-12,cerrado
EV002066,SOP091-001005,2024-06-12,abierto
EV002067,SOP091-001005,2024-06-14,cerrado
EV002068,SOP091-001006,2024-06-12,abierto
EV002069,SOP091-001006,2024-06-13,cerrado
EV002070,SOP091-001007,2024-06-12,abierto
EV002071,SOP091-001007,2024-06-14,cerrado
EV002072,SOP091-001008,2024-06-12,abierto
EV002073,SOP091-001008,2024-06-13,cerrado
EV002074,SOP091-001009,2024-06-12,abierto
EV002075,SOP091-001009,2024-06-13,cerrado
EV002076,SOP091-001010,2024-06-12,abierto
EV002077,SOP091-001010,2024-06-13,cerrado
EV002078,SOP091-001011,2024-06-13,abierto
EV002079,SOP091-001012,2024-06-13,abierto
EV002080,SOP091-001012,2024-06-14,cerrado
EV002081,SOP091-001013,2024-06-13,abierto
EV002082,SOP091-001013,2024-06-14,cerrado
EV002083,SOP091-001014,2024-06-13,abierto
EV002084,SOP091-001014,2024-06-14,cerrado
EV002085,SOP091-001014,2024-06-15,abierto
EV002086,SOP091-001014,2024-06-17,cerrado
EV002087,SOP091-001015,2024-06-13,abierto
EV002088,SOP091-001015,2024-06-14,cerrado
EV002089,SOP091-001016,2024-06-13,abierto
EV002090,SOP091-001016,2024-06-14,cerrado
EV002091,SOP091-001017,2024-06-14,abierto
EV002092,SOP091-001017,2024-06-15,cerrado
EV002093,SOP091-001018,2024-06-14,abierto
EV002094,SOP091-001019,2024-06-14,abierto
EV002095,SOP091-001020,2024-06-14,abierto
EV002096,SOP091-001020,2024-06-16,cerrado
EV002097,SOP091-001021,2024-06-14,abierto
EV002098,SOP091-001021,2024-06-15,cerrado
EV002099,SOP091-001022,2024-06-14,abierto
EV002100,SOP091-001022,2024-06-15,cerrado
EV002101,SOP091-001023,2024-06-15,abierto
EV002102,SOP091-001023,2024-06-16,cerrado
EV002103,SOP091-001024,2024-06-15,abierto
EV002104,SOP091-001024,2024-06-18,cerrado
EV002105,SOP091-001025,2024-06-15,abierto
EV002106,SOP091-001025,2024-06-16,cerrado
EV002107,SOP091-001026,2024-06-15,abierto
EV002108,SOP091-001027,2024-06-15,abierto
EV002109,SOP091-001027,2024-06-16,cerrado
EV002110,SOP091-001028,2024-06-15,abierto
EV002111,SOP091-001028,2024-06-16,cerrado
EV002112,SOP091-001029,2024-06-15,abierto
EV002113,SOP091-001030,2024-06-16,abierto
EV002114,SOP091-001030,2024-06-17,cerrado
EV002115,SOP091-001031,2024-06-16,abierto
EV002116,SOP091-001031,2024-06-17,cerrado
EV002117,SOP091-001032,2024-06-16,abierto
EV002118,SOP091-001033,2024-06-16,abierto
EV002119,SOP091-001033,2024-06-17,cerrado
EV002120,SOP091-001034,2024-06-16,abierto
EV002121,SOP091-001034,2024-06-17,cerrado
EV002122,SOP091-001035,2024-06-16,abierto
EV002123,SOP091-001035,2024-06-17,cerrado
EV002124,SOP091-001036,2024-06-17,abierto
EV002125,SOP091-001036,2024-06-18,cerrado
EV002126,SOP091-001037,2024-06-17,abierto
EV002127,SOP091-001037,2024-06-18,cerrado
EV002128,SOP091-001038,2024-06-17,abierto
EV002129,SOP091-001038,2024-06-18,cerrado
EV002130,SOP091-001039,2024-06-17,abierto
EV002131,SOP091-001039,2024-06-18,cerrado
EV002132,SOP091-001040,2024-06-17,abierto
EV002133,SOP091-001040,2024-06-18,cerrado
EV002134,SOP091-001041,2024-06-17,abierto
EV002135,SOP091-001041,2024-06-18,cerrado
EV002136,SOP091-001042,2024-06-18,abierto
EV002137,SOP091-001042,2024-06-19,cerrado
EV002138,SOP091-001043,2024-06-18,abierto
EV002139,SOP091-001044,2024-06-18,abierto
EV002140,SOP091-001045,2024-06-18,abierto
EV002141,SOP091-001045,2024-06-19,cerrado
EV002142,SOP091-001046,2024-06-18,abierto
EV002143,SOP091-001046,2024-06-19,cerrado
EV002144,SOP091-001047,2024-06-18,abierto
EV002145,SOP091-001047,2024-06-20,cerrado
EV002146,SOP091-001048,2024-06-19,abierto
EV002147,SOP091-001048,2024-06-20,cerrado
EV002148,SOP091-001049,2024-06-19,abierto
EV002149,SOP091-001049,2024-06-20,cerrado
EV002150,SOP091-001050,2024-06-19,abierto
EV002151,SOP091-001051,2024-06-19,abierto
EV002152,SOP091-001051,2024-06-20,cerrado
EV002153,SOP091-001052,2024-06-19,abierto
EV002154,SOP091-001052,2024-06-20,cerrado
EV002155,SOP091-001053,2024-06-19,abierto
EV002156,SOP091-001054,2024-06-20,abierto
EV002157,SOP091-001054,2024-06-21,cerrado
EV002158,SOP091-001055,2024-06-20,abierto
EV002159,SOP091-001056,2024-06-20,abierto
EV002160,SOP091-001056,2024-06-21,cerrado
EV002161,SOP091-001057,2024-06-20,abierto
EV002162,SOP091-001057,2024-06-22,cerrado
EV002163,SOP091-001058,2024-06-20,abierto
EV002164,SOP091-001059,2024-06-20,abierto
EV002165,SOP091-001060,2024-06-21,abierto
EV002166,SOP091-001060,2024-06-22,cerrado
EV002167,SOP091-001061,2024-06-21,abierto
EV002168,SOP091-001061,2024-06-22,cerrado
EV002169,SOP091-001062,2024-06-21,abierto
EV002170,SOP091-001063,2024-06-21,abierto
EV002171,SOP091-001063,2024-06-22,cerrado
EV002172,SOP091-001064,2024-06-21,abierto
EV002173,SOP091-001064,2024-06-22,cerrado
EV002174,SOP091-001065,2024-06-21,abierto
EV002175,SOP091-001065,2024-06-23,cerrado
EV002176,SOP091-001066,2024-06-22,abierto
EV002177,SOP091-001066,2024-06-23,cerrado
EV002178,SOP091-001067,2024-06-22,abierto
EV002179,SOP091-001067,2024-06-23,cerrado
EV002180,SOP091-001067,2024-06-24,abierto
EV002181,SOP091-001067,2024-06-26,cerrado
EV002182,SOP091-001068,2024-06-22,abierto
EV002183,SOP091-001068,2024-06-23,cerrado
EV002184,SOP091-001069,2024-06-22,abierto
EV002185,SOP091-001069,2024-06-23,cerrado
EV002186,SOP091-001070,2024-06-22,abierto
EV002187,SOP091-001070,2024-06-23,cerrado
EV002188,SOP091-001071,2024-06-22,abierto
EV002189,SOP091-001071,2024-06-23,cerrado
EV002190,SOP091-001071,2024-06-24,abierto
EV002191,SOP091-001071,2024-06-26,cerrado
EV002192,SOP091-001072,2024-06-22,abierto
EV002193,SOP091-001072,2024-06-23,cerrado
EV002194,SOP091-001073,2024-06-23,abierto
EV002195,SOP091-001073,2024-06-24,cerrado
EV002196,SOP091-001074,2024-06-23,abierto
EV002197,SOP091-001074,2024-06-24,cerrado
EV002198,SOP091-001075,2024-06-23,abierto
EV002199,SOP091-001076,2024-06-23,abierto
EV002200,SOP091-001076,2024-06-24,cerrado
EV002201,SOP091-001077,2024-06-23,abierto
EV002202,SOP091-001077,2024-06-24,cerrado
EV002203,SOP091-001077,2024-06-25,abierto
EV002204,SOP091-001077,2024-06-27,cerrado
EV002205,SOP091-001078,2024-06-23,abierto
EV002206,SOP091-001079,2024-06-24,abierto
EV002207,SOP091-001080,2024-06-24,abierto
EV002208,SOP091-001080,2024-06-25,cerrado
EV002209,SOP091-001081,2024-06-24,abierto
EV002210,SOP091-001082,2024-06-24,abierto
EV002211,SOP091-001082,2024-06-25,cerrado
EV002212,SOP091-001083,2024-06-24,abierto
EV002213,SOP091-001083,2024-06-25,cerrado
EV002214,SOP091-001084,2024-06-24,abierto
EV002215,SOP091-001084,2024-06-25,cerrado
EV002216,SOP091-001084,2024-06-26,abierto
EV002217,SOP091-001084,2024-06-28,cerrado
EV002218,SOP091-001085,2024-06-25,abierto
EV002219,SOP091-001085,2024-06-26,cerrado
EV002220,SOP091-001086,2024-06-25,abierto
EV002221,SOP091-001086,2024-06-26,cerrado
EV002222,SOP091-001087,2024-06-25,abierto
EV002223,SOP091-001087,2024-06-26,cerrado
EV002224,SOP091-001088,2024-06-25,abierto
EV002225,SOP091-001088,2024-06-26,cerrado
EV002226,SOP091-001089,2024-06-25,abierto
EV002227,SOP091-001089,2024-06-26,cerrado
EV002228,SOP091-001090,2024-06-25,abierto
EV002229,SOP091-001091,2024-06-26,abierto
EV002230,SOP091-001091,2024-06-27,cerrado
EV002231,SOP091-001092,2024-06-26,abierto
EV002232,SOP091-001092,2024-06-27,cerrado
EV002233,SOP091-001093,2024-06-26,abierto
EV002234,SOP091-001093,2024-06-27,cerrado
EV002235,SOP091-001094,2024-06-26,abierto
EV002236,SOP091-001094,2024-06-27,cerrado
EV002237,SOP091-001095,2024-06-26,abierto
EV002238,SOP091-001095,2024-06-27,cerrado
EV002239,SOP091-001096,2024-06-26,abierto
EV002240,SOP091-001096,2024-06-27,cerrado
EV002241,SOP091-001097,2024-06-27,abierto
EV002242,SOP091-001098,2024-06-27,abierto
EV002243,SOP091-001099,2024-06-27,abierto
EV002244,SOP091-001099,2024-06-28,cerrado
EV002245,SOP091-001100,2024-06-27,abierto
EV002246,SOP091-001100,2024-06-28,cerrado
EV002247,SOP091-001101,2024-06-27,abierto
EV002248,SOP091-001101,2024-06-28,cerrado
EV002249,SOP091-001101,2024-06-29,abierto
EV002250,SOP091-001101,2024-07-01,cerrado
EV002251,SOP091-001102,2024-06-27,abierto
EV002252,SOP091-001103,2024-06-28,abierto
EV002253,SOP091-001103,2024-06-29,cerrado
EV002254,SOP091-001104,2024-06-28,abierto
EV002255,SOP091-001104,2024-06-29,cerrado
EV002256,SOP091-001104,2024-06-30,abierto
EV002257,SOP091-001104,2024-07-02,cerrado
EV002258,SOP091-001105,2024-06-28,abierto
EV002259,SOP091-001105,2024-06-29,cerrado
EV002260,SOP091-001106,2024-06-28,abierto
EV002261,SOP091-001106,2024-06-29,cerrado
EV002262,SOP091-001106,2024-06-30,abierto
EV002263,SOP091-001106,2024-07-02,cerrado
EV002264,SOP091-001107,2024-06-28,abierto
EV002265,SOP091-001107,2024-06-29,cerrado
EV002266,SOP091-001107,2024-06-30,abierto
EV002267,SOP091-001107,2024-07-02,cerrado
EV002268,SOP091-001108,2024-06-28,abierto
EV002269,SOP091-001108,2024-06-29,cerrado
EV002270,SOP091-001109,2024-06-28,abierto
EV002271,SOP091-001110,2024-06-29,abierto
EV002272,SOP091-001110,2024-06-30,cerrado
EV002273,SOP091-001111,2024-06-29,abierto
EV002274,SOP091-001111,2024-06-30,cerrado
EV002275,SOP091-001111,2024-07-01,abierto
EV002276,SOP091-001111,2024-07-03,cerrado
EV002277,SOP091-001112,2024-06-29,abierto
EV002278,SOP091-001112,2024-06-30,cerrado
EV002279,SOP091-001113,2024-06-29,abierto
EV002280,SOP091-001113,2024-06-30,cerrado
EV002281,SOP091-001114,2024-06-29,abierto
EV002282,SOP091-001114,2024-06-30,cerrado
EV002283,SOP091-001115,2024-06-29,abierto
EV002284,SOP091-001116,2024-06-30,abierto
EV002285,SOP091-001116,2024-07-01,cerrado
EV002286,SOP091-001117,2024-06-30,abierto
EV002287,SOP091-001117,2024-07-01,cerrado
EV002288,SOP091-001118,2024-06-30,abierto
EV002289,SOP091-001118,2024-07-02,cerrado
EV002290,SOP091-001119,2024-06-30,abierto
EV002291,SOP091-001119,2024-07-01,cerrado
EV002292,SOP091-001120,2024-06-30,abierto
EV002293,SOP091-001120,2024-07-01,cerrado
EV002294,SOP091-001120,2024-07-02,abierto
EV002295,SOP091-001120,2024-07-04,cerrado
EV002296,SOP091-001121,2024-06-30,abierto
EV002297,SOP091-001121,2024-07-01,cerrado
EV002298,SOP091-001122,2024-07-01,abierto
EV002299,SOP091-001122,2024-07-02,cerrado
EV002300,SOP091-001123,2024-07-01,abierto
EV002301,SOP091-001123,2024-07-02,cerrado
EV002302,SOP091-001123,2024-07-03,abierto
EV002303,SOP091-001123,2024-07-05,cerrado
EV002304,SOP091-001124,2024-07-01,abierto
EV002305,SOP091-001124,2024-07-05,cerrado
EV002306,SOP091-001125,2024-07-01,abierto
EV002307,SOP091-001125,2024-07-02,cerrado
EV002308,SOP091-001126,2024-07-01,abierto
EV002309,SOP091-001126,2024-07-02,cerrado
EV002310,SOP091-001127,2024-07-01,abierto
EV002311,SOP091-001127,2024-07-02,cerrado
EV002312,SOP091-001128,2024-07-02,abierto
EV002313,SOP091-001128,2024-07-03,cerrado
EV002314,SOP091-001129,2024-07-02,abierto
EV002315,SOP091-001129,2024-07-06,cerrado
EV002316,SOP091-001130,2024-07-02,abierto
EV002317,SOP091-001130,2024-07-03,cerrado
EV002318,SOP091-001131,2024-07-02,abierto
EV002319,SOP091-001131,2024-07-03,cerrado
EV002320,SOP091-001132,2024-07-02,abierto
EV002321,SOP091-001132,2024-07-03,cerrado
EV002322,SOP091-001133,2024-07-02,abierto
EV002323,SOP091-001133,2024-07-03,cerrado
EV002324,SOP091-001134,2024-07-03,abierto
EV002325,SOP091-001134,2024-07-04,cerrado
EV002326,SOP091-001135,2024-07-03,abierto
EV002327,SOP091-001135,2024-07-04,cerrado
EV002328,SOP091-001136,2024-07-03,abierto
EV002329,SOP091-001136,2024-07-04,cerrado
EV002330,SOP091-001137,2024-07-03,abierto
EV002331,SOP091-001137,2024-07-04,cerrado
EV002332,SOP091-001138,2024-07-03,abierto
EV002333,SOP091-001138,2024-07-04,cerrado
EV002334,SOP091-001139,2024-07-03,abierto
EV002335,SOP091-001139,2024-07-04,cerrado
EV002336,SOP091-001140,2024-07-04,abierto
EV002337,SOP091-001140,2024-07-07,cerrado
EV002338,SOP091-001141,2024-07-04,abierto
EV002339,SOP091-001142,2024-07-04,abierto
EV002340,SOP091-001143,2024-07-04,abierto
EV002341,SOP091-001143,2024-07-05,cerrado
EV002342,SOP091-001144,2024-07-04,abierto
EV002343,SOP091-001144,2024-07-05,cerrado
EV002344,SOP091-001144,2024-07-06,abierto
EV002345,SOP091-001144,2024-07-09,cerrado
EV002346,SOP091-001145,2024-07-04,abierto
EV002347,SOP091-001145,2024-07-05,cerrado
EV002348,SOP091-001146,2024-07-04,abierto
EV002349,SOP091-001146,2024-07-05,cerrado
EV002350,SOP091-001147,2024-07-05,abierto
EV002351,SOP091-001147,2024-07-06,cerrado
EV002352,SOP091-001148,2024-07-05,abierto
EV002353,SOP091-001148,2024-07-06,cerrado
EV002354,SOP091-001149,2024-07-05,abierto
EV002355,SOP091-001149,2024-07-06,cerrado
EV002356,SOP091-001150,2024-07-05,abierto
EV002357,SOP091-001150,2024-07-06,cerrado
EV002358,SOP091-001151,2024-07-05,abierto
EV002359,SOP091-001151,2024-07-06,cerrado
EV002360,SOP091-001152,2024-07-05,abierto
EV002361,SOP091-001152,2024-07-09,cerrado
EV002362,SOP091-001153,2024-07-06,abierto
EV002363,SOP091-001153,2024-07-07,cerrado
EV002364,SOP091-001154,2024-07-06,abierto
EV002365,SOP091-001154,2024-07-07,cerrado
EV002366,SOP091-001155,2024-07-06,abierto
EV002367,SOP091-001155,2024-07-07,cerrado
EV002368,SOP091-001156,2024-07-06,abierto
EV002369,SOP091-001156,2024-07-07,cerrado
EV002370,SOP091-001157,2024-07-06,abierto
EV002371,SOP091-001158,2024-07-06,abierto
EV002372,SOP091-001159,2024-07-07,abierto
EV002373,SOP091-001159,2024-07-08,cerrado
EV002374,SOP091-001160,2024-07-07,abierto
EV002375,SOP091-001161,2024-07-07,abierto
EV002376,SOP091-001161,2024-07-08,cerrado
EV002377,SOP091-001162,2024-07-07,abierto
EV002378,SOP091-001162,2024-07-08,cerrado
EV002379,SOP091-001162,2024-07-09,abierto
EV002380,SOP091-001162,2024-07-11,cerrado
EV002381,SOP091-001163,2024-07-07,abierto
EV002382,SOP091-001163,2024-07-08,cerrado
EV002383,SOP091-001164,2024-07-07,abierto
EV002384,SOP091-001164,2024-07-08,cerrado
EV002385,SOP091-001165,2024-07-08,abierto
EV002386,SOP091-001165,2024-07-09,cerrado
EV002387,SOP091-001166,2024-07-08,abierto
EV002388,SOP091-001166,2024-07-09,cerrado
EV002389,SOP091-001167,2024-07-08,abierto
EV002390,SOP091-001167,2024-07-09,cerrado
EV002391,SOP091-001168,2024-07-08,abierto
EV002392,SOP091-001168,2024-07-09,cerrado
EV002393,SOP091-001168,2024-07-10,abierto
EV002394,SOP091-001168,2024-07-12,cerrado
EV002395,SOP091-001169,2024-07-08,abierto
EV002396,SOP091-001169,2024-07-09,cerrado
EV002397,SOP091-001170,2024-07-08,abierto
EV002398,SOP091-001170,2024-07-09,cerrado
EV002399,SOP091-001171,2024-07-09,abierto
EV002400,SOP091-001172,2024-07-09,abierto
EV002401,SOP091-001172,2024-07-10,cerrado
EV002402,SOP091-001173,2024-07-09,abierto
EV002403,SOP091-001173,2024-07-10,cerrado
EV002404,SOP091-001174,2024-07-09,abierto
EV002405,SOP091-001174,2024-07-10,cerrado
EV002406,SOP091-001175,2024-07-09,abierto
EV002407,SOP091-001175,2024-07-10,cerrado
EV002408,SOP091-001176,2024-07-09,abierto
EV002409,SOP091-001176,2024-07-10,cerrado
EV002410,SOP091-001177,2024-07-10,abierto
EV002411,SOP091-001178,2024-07-10,abierto
EV002412,SOP091-001178,2024-07-11,cerrado
EV002413,SOP091-001178,2024-07-12,abierto
EV002414,SOP091-001178,2024-07-14,cerrado
EV002415,SOP091-001179,2024-07-10,abierto
EV002416,SOP091-001179,2024-07-11,cerrado
EV002417,SOP091-001180,2024-07-10,abierto
EV002418,SOP091-001180,2024-07-11,cerrado
EV002419,SOP091-001181,2024-07-10,abierto
EV002420,SOP091-001181,2024-07-12,cerrado
EV002421,SOP091-001182,2024-07-10,abierto
EV002422,SOP091-001182,2024-07-13,cerrado
EV002423,SOP091-001183,2024-07-11,abierto
EV002424,SOP091-001183,2024-07-17,cerrado
EV002425,SOP091-001184,2024-07-11,abierto
EV002426,SOP091-001185,2024-07-11,abierto
EV002427,SOP091-001185,2024-07-12,cerrado
EV002428,SOP091-001186,2024-07-11,abierto
EV002429,SOP091-001186,2024-07-12,cerrado
EV002430,SOP091-001187,2024-07-11,abierto
EV002431,SOP091-001188,2024-07-11,abierto
EV002432,SOP091-001188,2024-07-12,cerrado
EV002433,SOP091-001188,2024-07-13,abierto
EV002434,SOP091-001188,2024-07-15,cerrado
EV002435,SOP091-001189,2024-07-11,abierto
EV002436,SOP091-001189,2024-07-12,cerrado
EV002437,SOP091-001190,2024-07-12,abierto
EV002438,SOP091-001191,2024-07-12,abierto
EV002439,SOP091-001191,2024-07-13,cerrado
EV002440,SOP091-001192,2024-07-12,abierto
EV002441,SOP091-001192,2024-07-13,cerrado
EV002442,SOP091-001193,2024-07-12,abierto
EV002443,SOP091-001193,2024-07-13,cerrado
EV002444,SOP091-001194,2024-07-12,abierto
EV002445,SOP091-001194,2024-07-13,cerrado
EV002446,SOP091-001195,2024-07-12,abierto
EV002447,SOP091-001195,2024-07-13,cerrado
EV002448,SOP091-001196,2024-07-13,abierto
EV002449,SOP091-001196,2024-07-14,cerrado
EV002450,SOP091-001197,2024-07-13,abierto
EV002451,SOP091-001197,2024-07-14,cerrado
EV002452,SOP091-001198,2024-07-13,abierto
EV002453,SOP091-001198,2024-07-14,cerrado
EV002454,SOP091-001199,2024-07-13,abierto
EV002455,SOP091-001199,2024-07-14,cerrado
EV002456,SOP091-001199,2024-07-15,abierto
EV002457,SOP091-001199,2024-07-17,cerrado
EV002458,SOP091-001200,2024-07-13,abierto
EV002459,SOP091-001200,2024-07-15,cerrado
EV002460,SOP091-001201,2024-07-13,abierto
EV002461,SOP091-001201,2024-07-14,cerrado
EV002462,SOP091-001202,2024-07-14,abierto
EV002463,SOP091-001203,2024-07-14,abierto
EV002464,SOP091-001203,2024-07-15,cerrado
EV002465,SOP091-001204,2024-07-14,abierto
EV002466,SOP091-001204,2024-07-15,cerrado
EV002467,SOP091-001205,2024-07-14,abierto
EV002468,SOP091-001206,2024-07-14,abierto
EV002469,SOP091-001206,2024-07-15,cerrado
EV002470,SOP091-001207,2024-07-14,abierto
EV002471,SOP091-001207,2024-07-15,cerrado
EV002472,SOP091-001208,2024-07-15,abierto
EV002473,SOP091-001208,2024-07-16,cerrado
EV002474,SOP091-001209,2024-07-15,abierto
EV002475,SOP091-001209,2024-07-16,cerrado
EV002476,SOP091-001210,2024-07-15,abierto
EV002477,SOP091-001210,2024-07-16,cerrado
EV002478,SOP091-001211,2024-07-15,abierto
EV002479,SOP091-001211,2024-07-16,cerrado
EV002480,SOP091-001211,2024-07-17,abierto
EV002481,SOP091-001211,2024-07-19,cerrado
EV002482,SOP091-001212,2024-07-15,abierto
EV002483,SOP091-001212,2024-07-16,cerrado
EV002484,SOP091-001213,2024-07-15,abierto
EV002485,SOP091-001214,2024-07-16,abierto
EV002486,SOP091-001214,2024-07-17,cerrado
EV002487,SOP091-001215,2024-07-16,abierto
EV002488,SOP091-001216,2024-07-16,abierto
EV002489,SOP091-001216,2024-07-17,cerrado
EV002490,SOP091-001217,2024-07-16,abierto
EV002491,SOP091-001217,2024-07-17,cerrado
EV002492,SOP091-001218,2024-07-16,abierto
EV002493,SOP091-001218,2024-07-17,cerrado
EV002494,SOP091-001219,2024-07-16,abierto
EV002495,SOP091-001219,2024-07-17,cerrado
EV002496,SOP091-001219,2024-07-18,abierto
EV002497,SOP091-001219,2024-07-20,cerrado
EV002498,SOP091-001220,2024-07-17,abierto
EV002499,SOP091-001220,2024-07-18,cerrado
EV002500,SOP091-001221,2024-07-17,abierto
EV002501,SOP091-001221,2024-07-18,cerrado
EV002502,SOP091-001222,2024-07-17,abierto
EV002503,SOP091-001222,2024-07-18,cerrado
EV002504,SOP091-001223,2024-07-17,abierto
EV002505,SOP091-001223,2024-07-18,cerrado
EV002506,SOP091-001224,2024-07-17,abierto
EV002507,SOP091-001224,2024-07-18,cerrado
EV002508,SOP091-001225,2024-07-17,abierto
EV002509,SOP091-001225,2024-07-18,cerrado
EV002510,SOP091-001226,2024-07-17,abierto
EV002511,SOP091-001226,2024-07-18,cerrado
EV002512,SOP091-001226,2024-07-19,abierto
EV002513,SOP091-001226,2024-07-21,cerrado
EV002514,SOP091-001227,2024-07-18,abierto
EV002515,SOP091-001227,2024-07-19,cerrado
EV002516,SOP091-001228,2024-07-18,abierto
EV002517,SOP091-001229,2024-07-18,abierto
EV002518,SOP091-001229,2024-07-19,cerrado
EV002519,SOP091-001229,2024-07-20,abierto
EV002520,SOP091-001229,2024-07-22,cerrado
EV002521,SOP091-001230,2024-07-18,abierto
EV002522,SOP091-001231,2024-07-18,abierto
EV002523,SOP091-001231,2024-07-19,cerrado
EV002524,SOP091-001231,2024-07-20,abierto
EV002525,SOP091-001231,2024-07-22,cerrado
EV002526,SOP091-001232,2024-07-18,abierto
EV002527,SOP091-001232,2024-07-19,cerrado
EV002528,SOP091-001233,2024-07-19,abierto
EV002529,SOP091-001233,2024-07-20,cerrado
EV002530,SOP091-001234,2024-07-19,abierto
EV002531,SOP091-001234,2024-07-20,cerrado
EV002532,SOP091-001235,2024-07-19,abierto
EV002533,SOP091-001235,2024-07-20,cerrado
EV002534,SOP091-001236,2024-07-19,abierto
EV002535,SOP091-001236,2024-07-20,cerrado
EV002536,SOP091-001236,2024-07-21,abierto
EV002537,SOP091-001236,2024-07-25,cerrado
EV002538,SOP091-001237,2024-07-19,abierto
EV002539,SOP091-001238,2024-07-19,abierto
EV002540,SOP091-001239,2024-07-20,abierto
EV002541,SOP091-001239,2024-07-21,cerrado
EV002542,SOP091-001240,2024-07-20,abierto
EV002543,SOP091-001240,2024-07-21,cerrado
EV002544,SOP091-001241,2024-07-20,abierto
EV002545,SOP091-001241,2024-07-21,cerrado
EV002546,SOP091-001242,2024-07-20,abierto
EV002547,SOP091-001242,2024-07-21,cerrado
EV002548,SOP091-001243,2024-07-20,abierto
EV002549,SOP091-001243,2024-07-21,cerrado
EV002550,SOP091-001244,2024-07-20,abierto
EV002551,SOP091-001244,2024-07-21,cerrado
EV002552,SOP091-001245,2024-07-21,abierto
EV002553,SOP091-001245,2024-07-22,cerrado
EV002554,SOP091-001246,2024-07-21,abierto
EV002555,SOP091-001246,2024-07-22,cerrado
EV002556,SOP091-001247,2024-07-21,abierto
EV002557,SOP091-001247,2024-07-23,cerrado
EV002558,SOP091-001248,2024-07-21,abierto
EV002559,SOP091-001248,2024-07-22,cerrado
EV002560,SOP091-001249,2024-07-21,abierto
EV002561,SOP091-001249,2024-07-22,cerrado
EV002562,SOP091-001250,2024-07-21,abierto
EV002563,SOP091-001250,2024-07-22,cerrado
EV002564,SOP091-001251,2024-07-22,abierto
EV002565,SOP091-001251,2024-07-24,cerrado
EV002566,SOP091-001252,2024-07-22,abierto
EV002567,SOP091-001252,2024-07-23,cerrado
EV002568,SOP091-001253,2024-07-22,abierto
EV002569,SOP091-001253,2024-07-23,cerrado
EV002570,SOP091-001254,2024-07-22,abierto
EV002571,SOP091-001254,2024-07-23,cerrado
EV002572,SOP091-001255,2024-07-22,abierto
EV002573,SOP091-001256,2024-07-22,abierto
EV002574,SOP091-001257,2024-07-23,abierto
EV002575,SOP091-001257,2024-07-24,cerrado
EV002576,SOP091-001258,2024-07-23,abierto
EV002577,SOP091-001259,2024-07-23,abierto
EV002578,SOP091-001259,2024-07-25,cerrado
EV002579,SOP091-001260,2024-07-23,abierto
EV002580,SOP091-001260,2024-07-24,cerrado
EV002581,SOP091-001260,2024-07-25,abierto
EV002582,SOP091-001260,2024-07-27,cerrado
EV002583,SOP091-001261,2024-07-23,abierto
EV002584,SOP091-001262,2024-07-23,abierto
EV002585,SOP091-001262,2024-07-24,cerrado
EV002586,SOP091-001262,2024-07-25,abierto
EV002587,SOP091-001262,2024-07-27,cerrado
EV002588,SOP091-001263,2024-07-24,abierto
EV002589,SOP091-001263,2024-07-25,cerrado
EV002590,SOP091-001264,2024-07-24,abierto
EV002591,SOP091-001264,2024-07-25,cerrado
EV002592,SOP091-001265,2024-07-24,abierto
EV002593,SOP091-001265,2024-07-25,cerrado
EV002594,SOP091-001266,2024-07-24,abierto
EV002595,SOP091-001267,2024-07-24,abierto
EV002596,SOP091-001267,2024-07-25,cerrado
EV002597,SOP091-001268,2024-07-24,abierto
EV002598,SOP091-001268,2024-07-25,cerrado
EV002599,SOP091-001269,2024-07-24,abierto
EV002600,SOP091-001269,2024-07-25,cerrado
EV002601,SOP091-001270,2024-07-25,abierto
EV002602,SOP091-001270,2024-07-26,cerrado
EV002603,SOP091-001271,2024-07-25,abierto
EV002604,SOP091-001271,2024-07-26,cerrado
EV002605,SOP091-001272,2024-07-25,abierto
EV002606,SOP091-001272,2024-07-26,cerrado
EV002607,SOP091-001273,2024-07-25,abierto
EV002608,SOP091-001273,2024-07-26,cerrado
EV002609,SOP091-001273,2024-07-27,abierto
EV002610,SOP091-001273,2024-07-29,cerrado
EV002611,SOP091-001274,2024-07-25,abierto
EV002612,SOP091-001274,2024-07-26,cerrado
EV002613,SOP091-001275,2024-07-25,abierto
EV002614,SOP091-001275,2024-07-26,cerrado
EV002615,SOP091-001276,2024-07-26,abierto
EV002616,SOP091-001276,2024-07-27,cerrado
EV002617,SOP091-001277,2024-07-26,abierto
EV002618,SOP091-001277,2024-07-27,cerrado
EV002619,SOP091-001278,2024-07-26,abierto
EV002620,SOP091-001278,2024-07-27,cerrado
EV002621,SOP091-001279,2024-07-26,abierto
EV002622,SOP091-001279,2024-07-27,cerrado
EV002623,SOP091-001280,2024-07-26,abierto
EV002624,SOP091-001280,2024-07-27,cerrado
EV002625,SOP091-001281,2024-07-26,abierto
EV002626,SOP091-001281,2024-07-27,cerrado
EV002627,SOP091-001282,2024-07-27,abierto
EV002628,SOP091-001282,2024-07-28,cerrado
EV002629,SOP091-001283,2024-07-27,abierto
EV002630,SOP091-001283,2024-07-28,cerrado
EV002631,SOP091-001284,2024-07-27,abierto
EV002632,SOP091-001284,2024-07-29,cerrado
EV002633,SOP091-001285,2024-07-27,abierto
EV002634,SOP091-001285,2024-07-28,cerrado
EV002635,SOP091-001286,2024-07-27,abierto
EV002636,SOP091-001286,2024-07-28,cerrado
EV002637,SOP091-001287,2024-07-27,abierto
EV002638,SOP091-001287,2024-07-28,cerrado
EV002639,SOP091-001288,2024-07-28,abierto
EV002640,SOP091-001288,2024-07-29,cerrado
EV002641,SOP091-001289,2024-07-28,abierto
EV002642,SOP091-001289,2024-07-29,cerrado
EV002643,SOP091-001290,2024-07-28,abierto
EV002644,SOP091-001290,2024-07-29,cerrado
EV002645,SOP091-001291,2024-07-28,abierto
EV002646,SOP091-001291,2024-07-29,cerrado
EV002647,SOP091-001292,2024-07-28,abierto
EV002648,SOP091-001292,2024-07-29,cerrado
EV002649,SOP091-001293,2024-07-28,abierto
EV002650,SOP091-001293,2024-07-29,cerrado
EV002651,SOP091-001294,2024-07-29,abierto
EV002652,SOP091-001294,2024-07-30,cerrado
EV002653,SOP091-001295,2024-07-29,abierto
EV002654,SOP091-001295,2024-07-30,cerrado
EV002655,SOP091-001295,2024-07-31,abierto
EV002656,SOP091-001295,2024-08-02,cerrado
EV002657,SOP091-001296,2024-07-29,abierto
EV002658,SOP091-001297,2024-07-29,abierto
EV002659,SOP091-001297,2024-07-30,cerrado
EV002660,SOP091-001298,2024-07-29,abierto
EV002661,SOP091-001298,2024-07-30,cerrado
EV002662,SOP091-001299,2024-07-29,abierto
EV002663,SOP091-001299,2024-07-30,cerrado
EV002664,SOP091-001300,2024-07-30,abierto
EV002665,SOP091-001300,2024-07-31,cerrado
EV002666,SOP091-001301,2024-07-30,abierto
EV002667,SOP091-001301,2024-07-31,cerrado
EV002668,SOP091-001302,2024-07-30,abierto
EV002669,SOP091-001302,2024-07-31,cerrado
EV002670,SOP091-001303,2024-07-30,abierto
EV002671,SOP091-001303,2024-07-31,cerrado
EV002672,SOP091-001304,2024-07-30,abierto
EV002673,SOP091-001304,2024-07-31,cerrado
EV002674,SOP091-001305,2024-07-30,abierto
EV002675,SOP091-001305,2024-07-31,cerrado
EV002676,SOP091-001306,2024-07-30,abierto
EV002677,SOP091-001306,2024-07-31,cerrado
EV002678,SOP091-001307,2024-07-31,abierto
EV002679,SOP091-001307,2024-08-01,cerrado
EV002680,SOP091-001308,2024-07-31,abierto
EV002681,SOP091-001308,2024-08-01,cerrado
EV002682,SOP091-001309,2024-07-31,abierto
EV002683,SOP091-001309,2024-08-01,cerrado
EV002684,SOP091-001309,2024-08-02,abierto
EV002685,SOP091-001309,2024-08-04,cerrado
EV002686,SOP091-001310,2024-07-31,abierto
EV002687,SOP091-001310,2024-08-01,cerrado
EV002688,SOP091-001311,2024-07-31,abierto
EV002689,SOP091-001312,2024-07-31,abierto
EV002690,SOP091-001312,2024-08-01,cerrado
EV002691,SOP091-001313,2024-08-01,abierto
EV002692,SOP091-001313,2024-08-02,cerrado
EV002693,SOP091-001314,2024-08-01,abierto
EV002694,SOP091-001314,2024-08-02,cerrado
EV002695,SOP091-001315,2024-08-01,abierto
EV002696,SOP091-001316,2024-08-01,abierto
EV002697,SOP091-001316,2024-08-02,cerrado
EV002698,SOP091-001317,2024-08-01,abierto
EV002699,SOP091-001317,2024-08-04,cerrado
EV002700,SOP091-001318,2024-08-01,abierto
EV002701,SOP091-001318,2024-08-02,cerrado
EV002702,SOP091-001319,2024-08-02,abierto
EV002703,SOP091-001319,2024-08-04,cerrado
EV002704,SOP091-001320,2024-08-02,abierto
EV002705,SOP091-001320,2024-08-03,cerrado
EV002706,SOP091-001321,2024-08-02,abierto
EV002707,SOP091-001321,2024-08-03,cerrado
EV002708,SOP091-001322,2024-08-02,abierto
EV002709,SOP091-001322,2024-08-03,cerrado
EV002710,SOP091-001323,2024-08-02,abierto
EV002711,SOP091-001323,2024-08-03,cerrado
EV002712,SOP091-001323,2024-08-04,abierto
EV002713,SOP091-001323,2024-08-06,cerrado
EV002714,SOP091-001324,2024-08-02,abierto
EV002715,SOP091-001324,2024-08-03,cerrado
EV002716,SOP091-001325,2024-08-03,abierto
EV002717,SOP091-001326,2024-08-03,abierto
EV002718,SOP091-001326,2024-08-04,cerrado
EV002719,SOP091-001327,2024-08-03,abierto
EV002720,SOP091-001328,2024-08-03,abierto
EV002721,SOP091-001329,2024-08-03,abierto
EV002722,SOP091-001329,2024-08-04,cerrado
EV002723,SOP091-001330,2024-08-03,abierto
EV002724,SOP091-001330,2024-08-04,cerrado
EV002725,SOP091-001331,2024-08-04,abierto
EV002726,SOP091-001331,2024-08-05,cerrado
EV002727,SOP091-001331,2024-08-06,abierto
EV002728,SOP091-001331,2024-08-08,cerrado
EV002729,SOP091-001332,2024-08-04,abierto
EV002730,SOP091-001332,2024-08-05,cerrado
EV002731,SOP091-001333,2024-08-04,abierto
EV002732,SOP091-001333,2024-08-05,cerrado
EV002733,SOP091-001334,2024-08-04,abierto
EV002734,SOP091-001334,2024-08-05,cerrado
EV002735,SOP091-001335,2024-08-04,abierto
EV002736,SOP091-001336,2024-08-04,abierto
EV002737,SOP091-001336,2024-08-05,cerrado
EV002738,SOP091-001336,2024-08-06,abierto
EV002739,SOP091-001336,2024-08-08,cerrado
EV002740,SOP091-001337,2024-08-05,abierto
EV002741,SOP091-001337,2024-08-06,cerrado
EV002742,SOP091-001338,2024-08-05,abierto
EV002743,SOP091-001338,2024-08-06,cerrado
EV002744,SOP091-001339,2024-08-05,abierto
EV002745,SOP091-001340,2024-08-05,abierto
EV002746,SOP091-001340,2024-08-06,cerrado
EV002747,SOP091-001341,2024-08-05,abierto
EV002748,SOP091-001341,2024-08-06,cerrado
EV002749,SOP091-001342,2024-08-05,abierto
EV002750,SOP091-001342,2024-08-06,cerrado
EV002751,SOP091-001343,2024-08-06,abierto
EV002752,SOP091-001343,2024-08-08,cerrado
EV002753,SOP091-001344,2024-08-06,abierto
EV002754,SOP091-001344,2024-08-07,cerrado
EV002755,SOP091-001344,2024-08-08,abierto
EV002756,SOP091-001344,2024-08-10,cerrado
EV002757,SOP091-001345,2024-08-06,abierto
EV002758,SOP091-001345,2024-08-07,cerrado
EV002759,SOP091-001346,2024-08-06,abierto
EV002760,SOP091-001346,2024-08-07,cerrado
EV002761,SOP091-001347,2024-08-06,abierto
EV002762,SOP091-001347,2024-08-07,cerrado
EV002763,SOP091-001348,2024-08-06,abierto
EV002764,SOP091-001348,2024-08-07,cerrado
EV002765,SOP091-001349,2024-08-06,abierto
EV002766,SOP091-001349,2024-08-07,cerrado
EV002767,SOP091-001350,2024-08-07,abierto
EV002768,SOP091-001350,2024-08-08,cerrado
EV002769,SOP091-001351,2024-08-07,abierto
EV002770,SOP091-001351,2024-08-08,cerrado
EV002771,SOP091-001351,2024-08-09,abierto
EV002772,SOP091-001351,2024-08-11,cerrado
EV002773,SOP091-001352,2024-08-07,abierto
EV002774,SOP091-001352,2024-08-08,cerrado
EV002775,SOP091-001353,2024-08-07,abierto
EV002776,SOP091-001353,2024-08-08,cerrado
EV002777,SOP091-001353,2024-08-09,abierto
EV002778,SOP091-001353,2024-08-11,cerrado
EV002779,SOP091-001354,2024-08-07,abierto
EV002780,SOP091-001355,2024-08-07,abierto
EV002781,SOP091-001355,2024-08-08,cerrado
EV002782,SOP091-001356,2024-08-08,abierto
EV002783,SOP091-001356,2024-08-09,cerrado
EV002784,SOP091-001357,2024-08-08,abierto
EV002785,SOP091-001357,2024-08-10,cerrado
EV002786,SOP091-001358,2024-08-08,abierto
EV002787,SOP091-001358,2024-08-09,cerrado
EV002788,SOP091-001359,2024-08-08,abierto
EV002789,SOP091-001359,2024-08-09,cerrado
EV002790,SOP091-001360,2024-08-08,abierto
EV002791,SOP091-001361,2024-08-08,abierto
EV002792,SOP091-001361,2024-08-09,cerrado
EV002793,SOP091-001361,2024-08-10,abierto
EV002794,SOP091-001361,2024-08-12,cerrado
EV002795,SOP091-001362,2024-08-09,abierto
EV002796,SOP091-001362,2024-08-10,cerrado
EV002797,SOP091-001363,2024-08-09,abierto
EV002798,SOP091-001363,2024-08-10,cerrado
EV002799,SOP091-001363,2024-08-11,abierto
EV002800,SOP091-001363,2024-08-13,cerrado
EV002801,SOP091-001364,2024-08-09,abierto
EV002802,SOP091-001364,2024-08-10,cerrado
EV002803,SOP091-001365,2024-08-09,abierto
EV002804,SOP091-001365,2024-08-10,cerrado
EV002805,SOP091-001366,2024-08-09,abierto
EV002806,SOP091-001366,2024-08-10,cerrado
EV002807,SOP091-001366,2024-08-11,abierto
EV002808,SOP091-001366,2024-08-13,cerrado
EV002809,SOP091-001367,2024-08-09,abierto
EV002810,SOP091-001368,2024-08-10,abierto
EV002811,SOP091-001368,2024-08-12,cerrado
EV002812,SOP091-001369,2024-08-10,abierto
EV002813,SOP091-001369,2024-08-11,cerrado
EV002814,SOP091-001370,2024-08-10,abierto
EV002815,SOP091-001370,2024-08-11,cerrado
EV002816,SOP091-001371,2024-08-10,abierto
EV002817,SOP091-001371,2024-08-11,cerrado
EV002818,SOP091-001372,2024-08-10,abierto
EV002819,SOP091-001373,2024-08-10,abierto
EV002820,SOP091-001373,2024-08-11,cerrado
EV002821,SOP091-001374,2024-08-11,abierto
EV002822,SOP091-001374,2024-08-13,cerrado
EV002823,SOP091-001375,2024-08-11,abierto
EV002824,SOP091-001375,2024-08-12,cerrado
EV002825,SOP091-001376,2024-08-11,abierto
EV002826,SOP091-001377,2024-08-11,abierto
EV002827,SOP091-001378,2024-08-11,abierto
EV002828,SOP091-001378,2024-08-13,cerrado
EV002829,SOP091-001379,2024-08-11,abierto
EV002830,SOP091-001380,2024-08-12,abierto
EV002831,SOP091-001380,2024-08-13,cerrado
EV002832,SOP091-001381,2024-08-12,abierto
EV002833,SOP091-001382,2024-08-12,abierto
EV002834,SOP091-001382,2024-08-13,cerrado
EV002835,SOP091-001382,2024-08-14,abierto
EV002836,SOP091-001382,2024-08-16,cerrado
EV002837,SOP091-001383,2024-08-12,abierto
EV002838,SOP091-001383,2024-08-13,cerrado
EV002839,SOP091-001383,2024-08-14,abierto
EV002840,SOP091-001383,2024-08-16,cerrado
EV002841,SOP091-001384,2024-08-12,abierto
EV002842,SOP091-001384,2024-08-13,cerrado
EV002843,SOP091-001385,2024-08-12,abierto
EV002844,SOP091-001385,2024-08-13,cerrado
EV002845,SOP091-001386,2024-08-12,abierto
EV002846,SOP091-001386,2024-08-13,cerrado
EV002847,SOP091-001387,2024-08-13,abierto
EV002848,SOP091-001387,2024-08-14,cerrado
EV002849,SOP091-001388,2024-08-13,abierto
EV002850,SOP091-001388,2024-08-14,cerrado
EV002851,SOP091-001389,2024-08-13,abierto
EV002852,SOP091-001389,2024-08-14,cerrado
EV002853,SOP091-001390,2024-08-13,abierto
EV002854,SOP091-001390,2024-08-14,cerrado
EV002855,SOP091-001391,2024-08-13,abierto
EV002856,SOP091-001391,2024-08-14,cerrado
EV002857,SOP091-001392,2024-08-13,abierto
EV002858,SOP091-001393,2024-08-14,abierto
EV002859,SOP091-001393,2024-08-15,cerrado
EV002860,SOP091-001394,2024-08-14,abierto
EV002861,SOP091-001394,2024-08-15,cerrado
EV002862,SOP091-001395,2024-08-14,abierto
EV002863,SOP091-001395,2024-08-15,cerrado
EV002864,SOP091-001396,2024-08-14,abierto
EV002865,SOP091-001396,2024-08-15,cerrado
EV002866,SOP091-001396,2024-08-16,abierto
EV002867,SOP091-001396,2024-08-18,cerrado
EV002868,SOP091-001397,2024-08-14,abierto
EV002869,SOP091-001398,2024-08-14,abierto
EV002870,SOP091-001398,2024-08-15,cerrado
EV002871,SOP091-001398,2024-08-16,abierto
EV002872,SOP091-001398,2024-08-18,cerrado
EV002873,SOP091-001399,2024-08-15,abierto
EV002874,SOP091-001399,2024-08-16,cerrado
EV002875,SOP091-001400,2024-08-15,abierto
EV002876,SOP091-001400,2024-08-16,cerrado
EV002877,SOP091-001401,2024-08-15,abierto
EV002878,SOP091-001402,2024-08-15,abierto
EV002879,SOP091-001402,2024-08-16,cerrado
EV002880,SOP091-001403,2024-08-15,abierto
EV002881,SOP091-001403,2024-08-16,cerrado
EV002882,SOP091-001403,2024-08-17,abierto
EV002883,SOP091-001403,2024-08-19,cerrado
EV002884,SOP091-001404,2024-08-15,abierto
EV002885,SOP091-001404,2024-08-16,cerrado
EV002886,SOP091-001405,2024-08-16,abierto
EV002887,SOP091-001405,2024-08-18,cerrado
EV002888,SOP091-001406,2024-08-16,abierto
EV002889,SOP091-001407,2024-08-16,abierto
EV002890,SOP091-001407,2024-08-17,cerrado
EV002891,SOP091-001408,2024-08-16,abierto
EV002892,SOP091-001408,2024-08-17,cerrado
EV002893,SOP091-001408,2024-08-18,abierto
EV002894,SOP091-001408,2024-08-20,cerrado
EV002895,SOP091-001409,2024-08-16,abierto
EV002896,SOP091-001409,2024-08-17,cerrado
EV002897,SOP091-001410,2024-08-16,abierto
EV002898,SOP091-001410,2024-08-17,cerrado
EV002899,SOP091-001411,2024-08-17,abierto
EV002900,SOP091-001411,2024-08-19,cerrado
EV002901,SOP091-001412,2024-08-17,abierto
EV002902,SOP091-001412,2024-08-18,cerrado
EV002903,SOP091-001413,2024-08-17,abierto
EV002904,SOP091-001414,2024-08-17,abierto
EV002905,SOP091-001414,2024-08-18,cerrado
EV002906,SOP091-001414,2024-08-19,abierto
EV002907,SOP091-001414,2024-08-21,cerrado
EV002908,SOP091-001415,2024-08-17,abierto
EV002909,SOP091-001415,2024-08-18,cerrado
EV002910,SOP091-001416,2024-08-17,abierto
EV002911,SOP091-001416,2024-08-18,cerrado
EV002912,SOP091-001417,2024-08-18,abierto
EV002913,SOP091-001418,2024-08-18,abierto
EV002914,SOP091-001418,2024-08-19,cerrado
EV002915,SOP091-001419,2024-08-18,abierto
EV002916,SOP091-001419,2024-08-19,cerrado
EV002917,SOP091-001420,2024-08-18,abierto
EV002918,SOP091-001420,2024-08-19,cerrado
EV002919,SOP091-001421,2024-08-18,abierto
EV002920,SOP091-001421,2024-08-19,cerrado
EV002921,SOP091-001422,2024-08-18,abierto
EV002922,SOP091-001422,2024-08-19,cerrado
EV002923,SOP091-001423,2024-08-18,abierto
EV002924,SOP091-001423,2024-08-19,cerrado
EV002925,SOP091-001424,2024-08-19,abierto
EV002926,SOP091-001424,2024-08-20,cerrado
EV002927,SOP091-001424,2024-08-21,abierto
EV002928,SOP091-001424,2024-08-23,cerrado
EV002929,SOP091-001425,2024-08-19,abierto
EV002930,SOP091-001425,2024-08-20,cerrado
EV002931,SOP091-001426,2024-08-19,abierto
EV002932,SOP091-001427,2024-08-19,abierto
EV002933,SOP091-001427,2024-08-20,cerrado
EV002934,SOP091-001428,2024-08-19,abierto
EV002935,SOP091-001428,2024-08-20,cerrado
EV002936,SOP091-001429,2024-08-19,abierto
EV002937,SOP091-001429,2024-08-20,cerrado
EV002938,SOP091-001430,2024-08-20,abierto
EV002939,SOP091-001430,2024-08-22,cerrado
EV002940,SOP091-001431,2024-08-20,abierto
EV002941,SOP091-001431,2024-08-21,cerrado
EV002942,SOP091-001432,2024-08-20,abierto
EV002943,SOP091-001432,2024-08-21,cerrado
EV002944,SOP091-001433,2024-08-20,abierto
EV002945,SOP091-001434,2024-08-20,abierto
EV002946,SOP091-001434,2024-08-21,cerrado
EV002947,SOP091-001434,2024-08-22,abierto
EV002948,SOP091-001434,2024-08-24,cerrado
EV002949,SOP091-001435,2024-08-20,abierto
EV002950,SOP091-001435,2024-08-21,cerrado
EV002951,SOP091-001436,2024-08-21,abierto
EV002952,SOP091-001436,2024-08-22,cerrado
EV002953,SOP091-001437,2024-08-21,abierto
EV002954,SOP091-001437,2024-08-22,cerrado
EV002955,SOP091-001437,2024-08-23,abierto
EV002956,SOP091-001437,2024-08-25,cerrado
EV002957,SOP091-001438,2024-08-21,abierto
EV002958,SOP091-001438,2024-08-22,cerrado
EV002959,SOP091-001439,2024-08-21,abierto
EV002960,SOP091-001439,2024-08-23,cerrado
EV002961,SOP091-001440,2024-08-21,abierto
EV002962,SOP091-001440,2024-08-22,cerrado
EV002963,SOP091-001441,2024-08-21,abierto
EV002964,SOP091-001441,2024-08-22,cerrado
EV002965,SOP091-001442,2024-08-22,abierto
EV002966,SOP091-001442,2024-08-23,cerrado
EV002967,SOP091-001443,2024-08-22,abierto
EV002968,SOP091-001443,2024-08-23,cerrado
EV002969,SOP091-001444,2024-08-22,abierto
EV002970,SOP091-001444,2024-08-23,cerrado
EV002971,SOP091-001445,2024-08-22,abierto
EV002972,SOP091-001445,2024-08-23,cerrado
EV002973,SOP091-001446,2024-08-22,abierto
EV002974,SOP091-001446,2024-08-23,cerrado
EV002975,SOP091-001447,2024-08-22,abierto
EV002976,SOP091-001447,2024-08-23,cerrado
EV002977,SOP091-001448,2024-08-23,abierto
EV002978,SOP091-001448,2024-08-24,cerrado
EV002979,SOP091-001448,2024-08-25,abierto
EV002980,SOP091-001448,2024-08-27,cerrado
EV002981,SOP091-001449,2024-08-23,abierto
EV002982,SOP091-001449,2024-08-24,cerrado
EV002983,SOP091-001449,2024-08-25,abierto
EV002984,SOP091-001449,2024-08-27,cerrado
EV002985,SOP091-001450,2024-08-23,abierto
EV002986,SOP091-001450,2024-08-24,cerrado
EV002987,SOP091-001451,2024-08-23,abierto
EV002988,SOP091-001451,2024-08-24,cerrado
EV002989,SOP091-001452,2024-08-23,abierto
EV002990,SOP091-001453,2024-08-23,abierto
EV002991,SOP091-001453,2024-08-24,cerrado
EV002992,SOP091-001454,2024-08-24,abierto
EV002993,SOP091-001454,2024-08-25,cerrado
EV002994,SOP091-001455,2024-08-24,abierto
EV002995,SOP091-001455,2024-08-25,cerrado
EV002996,SOP091-001455,2024-08-26,abierto
EV002997,SOP091-001455,2024-08-28,cerrado
EV002998,SOP091-001456,2024-08-24,abierto
EV002999,SOP091-001456,2024-08-25,cerrado
EV003000,SOP091-001457,2024-08-24,abierto
EV003001,SOP091-001457,2024-08-25,cerrado
EV003002,SOP091-001458,2024-08-24,abierto
EV003003,SOP091-001458,2024-08-25,cerrado
EV003004,SOP091-001459,2024-08-24,abierto
EV003005,SOP091-001459,2024-08-25,cerrado
EV003006,SOP091-001460,2024-08-25,abierto
EV003007,SOP091-001461,2024-08-25,abierto
EV003008,SOP091-001461,2024-08-26,cerrado
EV003009,SOP091-001462,2024-08-25,abierto
EV003010,SOP091-001463,2024-08-25,abierto
EV003011,SOP091-001463,2024-08-26,cerrado
EV003012,SOP091-001464,2024-08-25,abierto
EV003013,SOP091-001464,2024-08-27,cerrado
EV003014,SOP091-001465,2024-08-25,abierto
EV003015,SOP091-001465,2024-08-26,cerrado
EV003016,SOP091-001466,2024-08-25,abierto
EV003017,SOP091-001466,2024-08-26,cerrado
EV003018,SOP091-001467,2024-08-26,abierto
EV003019,SOP091-001467,2024-08-28,cerrado
EV003020,SOP091-001468,2024-08-26,abierto
EV003021,SOP091-001468,2024-08-27,cerrado
EV003022,SOP091-001469,2024-08-26,abierto
EV003023,SOP091-001469,2024-08-27,cerrado
EV003024,SOP091-001470,2024-08-26,abierto
EV003025,SOP091-001470,2024-08-27,cerrado
EV003026,SOP091-001471,2024-08-26,abierto
EV003027,SOP091-001471,2024-08-27,cerrado
EV003028,SOP091-001472,2024-08-26,abierto
EV003029,SOP091-001472,2024-08-27,cerrado
EV003030,SOP091-001473,2024-08-27,abierto
EV003031,SOP091-001473,2024-08-28,cerrado
EV003032,SOP091-001474,2024-08-27,abierto
EV003033,SOP091-001474,2024-08-28,cerrado
EV003034,SOP091-001475,2024-08-27,abierto
EV003035,SOP091-001475,2024-08-28,cerrado
EV003036,SOP091-001476,2024-08-27,abierto
EV003037,SOP091-001476,2024-08-28,cerrado
EV003038,SOP091-001477,2024-08-27,abierto
EV003039,SOP091-001477,2024-08-28,cerrado
EV003040,SOP091-001478,2024-08-27,abierto
EV003041,SOP091-001478,2024-08-28,cerrado
EV003042,SOP091-001479,2024-08-28,abierto
EV003043,SOP091-001479,2024-08-29,cerrado
EV003044,SOP091-001480,2024-08-28,abierto
EV003045,SOP091-001480,2024-08-29,cerrado
EV003046,SOP091-001480,2024-08-30,abierto
EV003047,SOP091-001480,2024-09-01,cerrado
EV003048,SOP091-001481,2024-08-28,abierto
EV003049,SOP091-001481,2024-08-29,cerrado
EV003050,SOP091-001482,2024-08-28,abierto
EV003051,SOP091-001482,2024-09-01,cerrado
EV003052,SOP091-001483,2024-08-28,abierto
EV003053,SOP091-001483,2024-08-29,cerrado
EV003054,SOP091-001484,2024-08-28,abierto
EV003055,SOP091-001484,2024-08-29,cerrado
EV003056,SOP091-001485,2024-08-29,abierto
EV003057,SOP091-001485,2024-08-30,cerrado
EV003058,SOP091-001485,2024-08-31,abierto
EV003059,SOP091-001485,2024-09-02,cerrado
EV003060,SOP091-001486,2024-08-29,abierto
EV003061,SOP091-001486,2024-08-30,cerrado
EV003062,SOP091-001487,2024-08-29,abierto
EV003063,SOP091-001488,2024-08-29,abierto
EV003064,SOP091-001488,2024-08-30,cerrado
EV003065,SOP091-001489,2024-08-29,abierto
EV003066,SOP091-001489,2024-08-30,cerrado
EV003067,SOP091-001490,2024-08-29,abierto
EV003068,SOP091-001490,2024-08-30,cerrado
EV003069,SOP091-001491,2024-08-30,abierto
EV003070,SOP091-001491,2024-08-31,cerrado
EV003071,SOP091-001492,2024-08-30,abierto
EV003072,SOP091-001492,2024-08-31,cerrado
EV003073,SOP091-001493,2024-08-30,abierto
EV003074,SOP091-001493,2024-08-31,cerrado
EV003075,SOP091-001494,2024-08-30,abierto
EV003076,SOP091-001494,2024-08-31,cerrado
EV003077,SOP091-001495,2024-08-30,abierto
EV003078,SOP091-001495,2024-08-31,cerrado
EV003079,SOP091-001496,2024-08-30,abierto
EV003080,SOP091-001496,2024-08-31,cerrado
EV003081,SOP091-001496,2024-09-01,abierto
EV003082,SOP091-001496,2024-09-03,cerrado
EV003083,SOP091-001497,2024-08-31,abierto
EV003084,SOP091-001497,2024-09-01,cerrado
EV003085,SOP091-001497,2024-09-02,abierto
EV003086,SOP091-001497,2024-09-04,cerrado
EV003087,SOP091-001498,2024-08-31,abierto
EV003088,SOP091-001499,2024-08-31,abierto
EV003089,SOP091-001499,2024-09-01,cerrado
EV003090,SOP091-001500,2024-08-31,abierto
EV003091,SOP091-001500,2024-09-01,cerrado
EV003092,SOP091-001501,2024-08-31,abierto
EV003093,SOP091-001501,2024-09-01,cerrado
EV003094,SOP091-001502,2024-08-31,abierto
EV003095,SOP091-001502,2024-09-01,cerrado
EV003096,SOP091-001503,2024-08-31,abierto
EV003097,SOP091-001504,2024-09-01,abierto
EV003098,SOP091-001504,2024-09-02,cerrado
EV003099,SOP091-001505,2024-09-01,abierto
EV003100,SOP091-001505,2024-09-02,cerrado
EV003101,SOP091-001506,2024-09-01,abierto
EV003102,SOP091-001506,2024-09-02,cerrado
EV003103,SOP091-001506,2024-09-03,abierto
EV003104,SOP091-001506,2024-09-05,cerrado
EV003105,SOP091-001507,2024-09-01,abierto
EV003106,SOP091-001507,2024-09-02,cerrado
EV003107,SOP091-001508,2024-09-01,abierto
EV003108,SOP091-001508,2024-09-02,cerrado
EV003109,SOP091-001509,2024-09-01,abierto
EV003110,SOP091-001509,2024-09-03,cerrado
EV003111,SOP091-001510,2024-09-02,abierto
EV003112,SOP091-001510,2024-09-03,cerrado
EV003113,SOP091-001511,2024-09-02,abierto
EV003114,SOP091-001511,2024-09-03,cerrado
EV003115,SOP091-001512,2024-09-02,abierto
EV003116,SOP091-001512,2024-09-03,cerrado
EV003117,SOP091-001513,2024-09-02,abierto
EV003118,SOP091-001513,2024-09-03,cerrado
EV003119,SOP091-001513,2024-09-04,abierto
EV003120,SOP091-001513,2024-09-06,cerrado
EV003121,SOP091-001514,2024-09-02,abierto
EV003122,SOP091-001514,2024-09-04,cerrado
EV003123,SOP091-001515,2024-09-02,abierto
EV003124,SOP091-001515,2024-09-03,cerrado
EV003125,SOP091-001516,2024-09-03,abierto
EV003126,SOP091-001516,2024-09-04,cerrado
EV003127,SOP091-001517,2024-09-03,abierto
EV003128,SOP091-001517,2024-09-04,cerrado
EV003129,SOP091-001518,2024-09-03,abierto
EV003130,SOP091-001519,2024-09-03,abierto
EV003131,SOP091-001519,2024-09-04,cerrado
EV003132,SOP091-001520,2024-09-03,abierto
EV003133,SOP091-001520,2024-09-04,cerrado
EV003134,SOP091-001521,2024-09-03,abierto
EV003135,SOP091-001521,2024-09-04,cerrado
EV003136,SOP091-001522,2024-09-04,abierto
EV003137,SOP091-001523,2024-09-04,abierto
EV003138,SOP091-001523,2024-09-05,cerrado
EV003139,SOP091-001524,2024-09-04,abierto
EV003140,SOP091-001524,2024-09-05,cerrado
EV003141,SOP091-001525,2024-09-04,abierto
EV003142,SOP091-001526,2024-09-04,abierto
EV003143,SOP091-001526,2024-09-05,cerrado
EV003144,SOP091-001527,2024-09-04,abierto
EV003145,SOP091-001527,2024-09-06,cerrado
EV003146,SOP091-001528,2024-09-05,abierto
EV003147,SOP091-001528,2024-09-06,cerrado
EV003148,SOP091-001529,2024-09-05,abierto
EV003149,SOP091-001529,2024-09-06,cerrado
EV003150,SOP091-001530,2024-09-05,abierto
EV003151,SOP091-001530,2024-09-06,cerrado
EV003152,SOP091-001530,2024-09-07,abierto
EV003153,SOP091-001530,2024-09-09,cerrado
EV003154,SOP091-001531,2024-09-05,abierto
EV003155,SOP091-001531,2024-09-06,cerrado
EV003156,SOP091-001532,2024-09-05,abierto
EV003157,SOP091-001532,2024-09-06,cerrado
EV003158,SOP091-001533,2024-09-05,abierto
EV003159,SOP091-001534,2024-09-06,abierto
EV003160,SOP091-001534,2024-09-07,cerrado
EV003161,SOP091-001535,2024-09-06,abierto
EV003162,SOP091-001535,2024-09-07,cerrado
EV003163,SOP091-001536,2024-09-06,abierto
EV003164,SOP091-001536,2024-09-07,cerrado
EV003165,SOP091-001537,2024-09-06,abierto
EV003166,SOP091-001537,2024-09-07,cerrado
EV003167,SOP091-001538,2024-09-06,abierto
EV003168,SOP091-001539,2024-09-06,abierto
EV003169,SOP091-001539,2024-09-07,cerrado
EV003170,SOP091-001539,2024-09-08,abierto
EV003171,SOP091-001539,2024-09-10,cerrado
EV003172,SOP091-001540,2024-09-07,abierto
EV003173,SOP091-001540,2024-09-08,cerrado
EV003174,SOP091-001541,2024-09-07,abierto
EV003175,SOP091-001541,2024-09-09,cerrado
EV003176,SOP091-001542,2024-09-07,abierto
EV003177,SOP091-001543,2024-09-07,abierto
EV003178,SOP091-001543,2024-09-08,cerrado
EV003179,SOP091-001544,2024-09-07,abierto
EV003180,SOP091-001544,2024-09-08,cerrado
EV003181,SOP091-001545,2024-09-07,abierto
EV003182,SOP091-001545,2024-09-08,cerrado
EV003183,SOP091-001546,2024-09-07,abierto
EV003184,SOP091-001546,2024-09-08,cerrado
EV003185,SOP091-001547,2024-09-08,abierto
EV003186,SOP091-001547,2024-09-09,cerrado
EV003187,SOP091-001547,2024-09-10,abierto
EV003188,SOP091-001547,2024-09-12,cerrado
EV003189,SOP091-001548,2024-09-08,abierto
EV003190,SOP091-001548,2024-09-10,cerrado
EV003191,SOP091-001549,2024-09-08,abierto
EV003192,SOP091-001549,2024-09-09,cerrado
EV003193,SOP091-001550,2024-09-08,abierto
EV003194,SOP091-001551,2024-09-08,abierto
EV003195,SOP091-001551,2024-09-10,cerrado
EV003196,SOP091-001552,2024-09-08,abierto
EV003197,SOP091-001552,2024-09-10,cerrado
EV003198,SOP091-001553,2024-09-09,abierto
EV003199,SOP091-001554,2024-09-09,abierto
EV003200,SOP091-001554,2024-09-10,cerrado
EV003201,SOP091-001555,2024-09-09,abierto
EV003202,SOP091-001555,2024-09-10,cerrado
EV003203,SOP091-001556,2024-09-09,abierto
EV003204,SOP091-001556,2024-09-10,cerrado
EV003205,SOP091-001557,2024-09-09,abierto
EV003206,SOP091-001557,2024-09-10,cerrado
EV003207,SOP091-001558,2024-09-09,abierto
EV003208,SOP091-001559,2024-09-10,abierto
EV003209,SOP091-001559,2024-09-11,cerrado
EV003210,SOP091-001560,2024-09-10,abierto
EV003211,SOP091-001560,2024-09-11,cerrado
EV003212,SOP091-001561,2024-09-10,abierto
EV003213,SOP091-001561,2024-09-11,cerrado
EV003214,SOP091-001562,2024-09-10,abierto
EV003215,SOP091-001562,2024-09-11,cerrado
EV003216,SOP091-001563,2024-09-10,abierto
EV003217,SOP091-001563,2024-09-11,cerrado
EV003218,SOP091-001564,2024-09-10,abierto
EV003219,SOP091-001564,2024-09-11,cerrado
EV003220,SOP091-001565,2024-09-11,abierto
EV003221,SOP091-001566,2024-09-11,abierto
EV003222,SOP091-001566,2024-09-12,cerrado
EV003223,SOP091-001566,2024-09-13,abierto
EV003224,SOP091-001566,2024-09-16,cerrado
EV003225,SOP091-001567,2024-09-11,abierto
EV003226,SOP091-001567,2024-09-13,cerrado
EV003227,SOP091-001568,2024-09-11,abierto
EV003228,SOP091-001568,2024-09-12,cerrado
EV003229,SOP091-001569,2024-09-11,abierto
EV003230,SOP091-001569,2024-09-12,cerrado
EV003231,SOP091-001570,2024-09-11,abierto
EV003232,SOP091-001570,2024-09-12,cerrado
EV003233,SOP091-001571,2024-09-12,abierto
EV003234,SOP091-001571,2024-09-13,cerrado
EV003235,SOP091-001572,2024-09-12,abierto
EV003236,SOP091-001572,2024-09-13,cerrado
EV003237,SOP091-001573,2024-09-12,abierto
EV003238,SOP091-001573,2024-09-13,cerrado
EV003239,SOP091-001574,2024-09-12,abierto
EV003240,SOP091-001574,2024-09-13,cerrado
EV003241,SOP091-001575,2024-09-12,abierto
EV003242,SOP091-001575,2024-09-13,cerrado
EV003243,SOP091-001576,2024-09-12,abierto
EV003244,SOP091-001577,2024-09-13,abierto
EV003245,SOP091-001577,2024-09-14,cerrado
EV003246,SOP091-001578,2024-09-13,abierto
EV003247,SOP091-001578,2024-09-14,cerrado
EV003248,SOP091-001579,2024-09-13,abierto
EV003249,SOP091-001580,2024-09-13,abierto
EV003250,SOP091-001580,2024-09-14,cerrado
EV003251,SOP091-001581,2024-09-13,abierto
EV003252,SOP091-001581,2024-09-14,cerrado
EV003253,SOP091-001582,2024-09-13,abierto
EV003254,SOP091-001582,2024-09-14,cerrado
EV003255,SOP091-001583,2024-09-13,abierto
EV003256,SOP091-001583,2024-09-15,cerrado
EV003257,SOP091-001584,2024-09-14,abierto
EV003258,SOP091-001584,2024-09-15,cerrado
EV003259,SOP091-001585,2024-09-14,abierto
EV003260,SOP091-001585,2024-09-15,cerrado
EV003261,SOP091-001585,2024-09-16,abierto
EV003262,SOP091-001585,2024-09-18,cerrado
EV003263,SOP091-001586,2024-09-14,abierto
EV003264,SOP091-001586,2024-09-15,cerrado
EV003265,SOP091-001587,2024-09-14,abierto
EV003266,SOP091-001588,2024-09-14,abierto
EV003267,SOP091-001588,2024-09-15,cerrado
EV003268,SOP091-001589,2024-09-14,abierto
EV003269,SOP091-001589,2024-09-15,cerrado
EV003270,SOP091-001590,2024-09-15,abierto
EV003271,SOP091-001590,2024-09-16,cerrado
EV003272,SOP091-001591,2024-09-15,abierto
EV003273,SOP091-001591,2024-09-16,cerrado
EV003274,SOP091-001592,2024-09-15,abierto
EV003275,SOP091-001592,2024-09-16,cerrado
EV003276,SOP091-001593,2024-09-15,abierto
EV003277,SOP091-001593,2024-09-16,cerrado
EV003278,SOP091-001594,2024-09-15,abierto
EV003279,SOP091-001594,2024-09-16,cerrado
EV003280,SOP091-001595,2024-09-15,abierto
EV003281,SOP091-001595,2024-09-16,cerrado
EV003282,SOP091-001595,2024-09-17,abierto
EV003283,SOP091-001595,2024-09-19,cerrado
EV003284,SOP091-001596,2024-09-16,abierto
EV003285,SOP091-001597,2024-09-16,abierto
EV003286,SOP091-001598,2024-09-16,abierto
EV003287,SOP091-001598,2024-09-18,cerrado
EV003288,SOP091-001599,2024-09-16,abierto
EV003289,SOP091-001599,2024-09-17,cerrado
EV003290,SOP091-001600,2024-09-16,abierto
EV003291,SOP091-001600,2024-09-17,cerrado
EV003292,SOP091-001601,2024-09-16,abierto
EV003293,SOP091-001601,2024-09-17,cerrado
EV003294,SOP091-001602,2024-09-17,abierto
EV003295,SOP091-001603,2024-09-17,abierto
EV003296,SOP091-001603,2024-09-18,cerrado
EV003297,SOP091-001604,2024-09-17,abierto
EV003298,SOP091-001604,2024-09-18,cerrado
EV003299,SOP091-001604,2024-09-19,abierto
EV003300,SOP091-001604,2024-09-21,cerrado
EV003301,SOP091-001605,2024-09-17,abierto
EV003302,SOP091-001605,2024-09-18,cerrado
EV003303,SOP091-001606,2024-09-17,abierto
EV003304,SOP091-001606,2024-09-18,cerrado
EV003305,SOP091-001607,2024-09-17,abierto
EV003306,SOP091-001607,2024-09-18,cerrado
EV003307,SOP091-001608,2024-09-18,abierto
EV003308,SOP091-001608,2024-09-19,cerrado
EV003309,SOP091-001609,2024-09-18,abierto
EV003310,SOP091-001609,2024-09-19,cerrado
EV003311,SOP091-001609,2024-09-20,abierto
EV003312,SOP091-001609,2024-09-23,cerrado
EV003313,SOP091-001610,2024-09-18,abierto
EV003314,SOP091-001610,2024-09-19,cerrado
EV003315,SOP091-001611,2024-09-18,abierto
EV003316,SOP091-001611,2024-09-19,cerrado
EV003317,SOP091-001612,2024-09-18,abierto
EV003318,SOP091-001612,2024-09-19,cerrado
EV003319,SOP091-001613,2024-09-18,abierto
EV003320,SOP091-001613,2024-09-19,cerrado
EV003321,SOP091-001614,2024-09-19,abierto
EV003322,SOP091-001614,2024-09-20,cerrado
EV003323,SOP091-001615,2024-09-19,abierto
EV003324,SOP091-001615,2024-09-20,cerrado
EV003325,SOP091-001616,2024-09-19,abierto
EV003326,SOP091-001616,2024-09-20,cerrado
EV003327,SOP091-001617,2024-09-19,abierto
EV003328,SOP091-001617,2024-09-20,cerrado
EV003329,SOP091-001618,2024-09-19,abierto
EV003330,SOP091-001618,2024-09-20,cerrado
EV003331,SOP091-001619,2024-09-19,abierto
EV003332,SOP091-001619,2024-09-20,cerrado
EV003333,SOP091-001620,2024-09-19,abierto
EV003334,SOP091-001620,2024-09-20,cerrado
EV003335,SOP091-001621,2024-09-20,abierto
EV003336,SOP091-001621,2024-09-21,cerrado
EV003337,SOP091-001622,2024-09-20,abierto
EV003338,SOP091-001622,2024-09-21,cerrado
EV003339,SOP091-001623,2024-09-20,abierto
EV003340,SOP091-001623,2024-09-21,cerrado
EV003341,SOP091-001624,2024-09-20,abierto
EV003342,SOP091-001624,2024-09-21,cerrado
EV003343,SOP091-001625,2024-09-20,abierto
EV003344,SOP091-001625,2024-09-21,cerrado
EV003345,SOP091-001626,2024-09-20,abierto
EV003346,SOP091-001626,2024-09-21,cerrado
EV003347,SOP091-001627,2024-09-21,abierto
EV003348,SOP091-001628,2024-09-21,abierto
EV003349,SOP091-001628,2024-09-22,cerrado
EV003350,SOP091-001629,2024-09-21,abierto
EV003351,SOP091-001629,2024-09-22,cerrado
EV003352,SOP091-001630,2024-09-21,abierto
EV003353,SOP091-001630,2024-09-22,cerrado
EV003354,SOP091-001631,2024-09-21,abierto
EV003355,SOP091-001631,2024-09-22,cerrado
EV003356,SOP091-001632,2024-09-21,abierto
EV003357,SOP091-001632,2024-09-22,cerrado
EV003358,SOP091-001633,2024-09-22,abierto
EV003359,SOP091-001634,2024-09-22,abierto
EV003360,SOP091-001635,2024-09-22,abierto
EV003361,SOP091-001635,2024-09-23,cerrado
EV003362,SOP091-001635,2024-09-24,abierto
EV003363,SOP091-001635,2024-09-26,cerrado
EV003364,SOP091-001636,2024-09-22,abierto
EV003365,SOP091-001636,2024-09-23,cerrado
EV003366,SOP091-001637,2024-09-22,abierto
EV003367,SOP091-001637,2024-09-23,cerrado
EV003368,SOP091-001638,2024-09-22,abierto
EV003369,SOP091-001638,2024-09-23,cerrado
EV003370,SOP091-001638,2024-09-24,abierto
EV003371,SOP091-001638,2024-09-26,cerrado
EV003372,SOP091-001639,2024-09-23,abierto
EV003373,SOP091-001639,2024-09-24,cerrado
EV003374,SOP091-001640,2024-09-23,abierto
EV003375,SOP091-001640,2024-09-24,cerrado
EV003376,SOP091-001641,2024-09-23,abierto
EV003377,SOP091-001641,2024-09-24,cerrado
EV003378,SOP091-001641,2024-09-25,abierto
EV003379,SOP091-001641,2024-09-27,cerrado
EV003380,SOP091-001642,2024-09-23,abierto
EV003381,SOP091-001643,2024-09-23,abierto
EV003382,SOP091-001643,2024-09-24,cerrado
EV003383,SOP091-001644,2024-09-23,abierto
EV003384,SOP091-001645,2024-09-24,abierto
EV003385,SOP091-001645,2024-09-25,cerrado
EV003386,SOP091-001646,2024-09-24,abierto
EV003387,SOP091-001646,2024-09-25,cerrado
EV003388,SOP091-001647,2024-09-24,abierto
EV003389,SOP091-001647,2024-09-25,cerrado
EV003390,SOP091-001648,2024-09-24,abierto
EV003391,SOP091-001648,2024-09-25,cerrado
EV003392,SOP091-001649,2024-09-24,abierto
EV003393,SOP091-001649,2024-09-25,cerrado
EV003394,SOP091-001650,2024-09-24,abierto
EV003395,SOP091-001650,2024-09-26,cerrado
EV003396,SOP091-001651,2024-09-25,abierto
EV003397,SOP091-001651,2024-09-26,cerrado
EV003398,SOP091-001651,2024-09-27,abierto
EV003399,SOP091-001651,2024-09-29,cerrado
EV003400,SOP091-001652,2024-09-25,abierto
EV003401,SOP091-001652,2024-09-26,cerrado
EV003402,SOP091-001653,2024-09-25,abierto
EV003403,SOP091-001653,2024-09-26,cerrado
EV003404,SOP091-001654,2024-09-25,abierto
EV003405,SOP091-001654,2024-09-26,cerrado
EV003406,SOP091-001655,2024-09-25,abierto
EV003407,SOP091-001655,2024-09-26,cerrado
EV003408,SOP091-001656,2024-09-25,abierto
EV003409,SOP091-001656,2024-09-26,cerrado
EV003410,SOP091-001657,2024-09-26,abierto
EV003411,SOP091-001657,2024-09-27,cerrado
EV003412,SOP091-001657,2024-09-28,abierto
EV003413,SOP091-001657,2024-09-30,cerrado
EV003414,SOP091-001658,2024-09-26,abierto
EV003415,SOP091-001658,2024-09-27,cerrado
EV003416,SOP091-001659,2024-09-26,abierto
EV003417,SOP091-001659,2024-09-27,cerrado
EV003418,SOP091-001660,2024-09-26,abierto
EV003419,SOP091-001660,2024-09-27,cerrado
EV003420,SOP091-001661,2024-09-26,abierto
EV003421,SOP091-001661,2024-09-27,cerrado
EV003422,SOP091-001662,2024-09-26,abierto
EV003423,SOP091-001662,2024-09-27,cerrado
EV003424,SOP091-001663,2024-09-26,abierto
EV003425,SOP091-001663,2024-09-27,cerrado
EV003426,SOP091-001664,2024-09-27,abierto
EV003427,SOP091-001664,2024-09-29,cerrado
EV003428,SOP091-001665,2024-09-27,abierto
EV003429,SOP091-001666,2024-09-27,abierto
EV003430,SOP091-001667,2024-09-27,abierto
EV003431,SOP091-001667,2024-09-28,cerrado
EV003432,SOP091-001668,2024-09-27,abierto
EV003433,SOP091-001669,2024-09-27,abierto
EV003434,SOP091-001669,2024-09-28,cerrado
EV003435,SOP091-001670,2024-09-28,abierto
EV003436,SOP091-001670,2024-09-29,cerrado
EV003437,SOP091-001671,2024-09-28,abierto
EV003438,SOP091-001671,2024-09-29,cerrado
EV003439,SOP091-001672,2024-09-28,abierto
EV003440,SOP091-001672,2024-09-29,cerrado
EV003441,SOP091-001673,2024-09-28,abierto
EV003442,SOP091-001674,2024-09-28,abierto
EV003443,SOP091-001674,2024-09-29,cerrado
EV003444,SOP091-001674,2024-09-30,abierto
EV003445,SOP091-001674,2024-10-02,cerrado
EV003446,SOP091-001675,2024-09-28,abierto
EV003447,SOP091-001675,2024-09-29,cerrado
EV003448,SOP091-001676,2024-09-29,abierto
EV003449,SOP091-001676,2024-09-30,cerrado
EV003450,SOP091-001677,2024-09-29,abierto
EV003451,SOP091-001678,2024-09-29,abierto
EV003452,SOP091-001678,2024-09-30,cerrado
EV003453,SOP091-001679,2024-09-29,abierto
EV003454,SOP091-001679,2024-09-30,cerrado
EV003455,SOP091-001679,2024-10-01,abierto
EV003456,SOP091-001679,2024-10-03,cerrado
EV003457,SOP091-001680,2024-09-29,abierto
EV003458,SOP091-001680,2024-10-01,cerrado
EV003459,SOP091-001681,2024-09-29,abierto
EV003460,SOP091-001681,2024-09-30,cerrado
EV003461,SOP091-001682,2024-09-30,abierto
EV003462,SOP091-001682,2024-10-01,cerrado
EV003463,SOP091-001683,2024-09-30,abierto
EV003464,SOP091-001683,2024-10-01,cerrado
EV003465,SOP091-001684,2024-09-30,abierto
EV003466,SOP091-001684,2024-10-02,cerrado
EV003467,SOP091-001685,2024-09-30,abierto
EV003468,SOP091-001685,2024-10-01,cerrado
EV003469,SOP091-001686,2024-09-30,abierto
EV003470,SOP091-001686,2024-10-02,cerrado
EV003471,SOP091-001687,2024-09-30,abierto
EV003472,SOP091-001688,2024-10-01,abierto
EV003473,SOP091-001688,2024-10-02,cerrado
EV003474,SOP091-001688,2024-10-03,abierto
EV003475,SOP091-001688,2024-10-05,cerrado
EV003476,SOP091-001689,2024-10-01,abierto
EV003477,SOP091-001689,2024-10-02,cerrado
EV003478,SOP091-001690,2024-10-01,abierto
EV003479,SOP091-001690,2024-10-02,cerrado
EV003480,SOP091-001691,2024-10-01,abierto
EV003481,SOP091-001691,2024-10-02,cerrado
EV003482,SOP091-001691,2024-10-03,abierto
EV003483,SOP091-001691,2024-10-05,cerrado
EV003484,SOP091-001692,2024-10-01,abierto
EV003485,SOP091-001692,2024-10-02,cerrado
EV003486,SOP091-001693,2024-10-01,abierto
EV003487,SOP091-001693,2024-10-02,cerrado
EV003488,SOP091-001694,2024-10-02,abierto
EV003489,SOP091-001694,2024-10-03,cerrado
EV003490,SOP091-001695,2024-10-02,abierto
EV003491,SOP091-001695,2024-10-03,cerrado
EV003492,SOP091-001696,2024-10-02,abierto
EV003493,SOP091-001696,2024-10-03,cerrado
EV003494,SOP091-001697,2024-10-02,abierto
EV003495,SOP091-001698,2024-10-02,abierto
EV003496,SOP091-001699,2024-10-02,abierto
EV003497,SOP091-001699,2024-10-03,cerrado
EV003498,SOP091-001700,2024-10-02,abierto
EV003499,SOP091-001700,2024-10-03,cerrado
EV003500,SOP091-001701,2024-10-03,abierto
EV003501,SOP091-001701,2024-10-04,cerrado
EV003502,SOP091-001702,2024-10-03,abierto
EV003503,SOP091-001703,2024-10-03,abierto
EV003504,SOP091-001703,2024-10-04,cerrado
EV003505,SOP091-001703,2024-10-05,abierto
EV003506,SOP091-001703,2024-10-07,cerrado
EV003507,SOP091-001704,2024-10-03,abierto
EV003508,SOP091-001704,2024-10-04,cerrado
EV003509,SOP091-001704,2024-10-05,abierto
EV003510,SOP091-001704,2024-10-07,cerrado
EV003511,SOP091-001705,2024-10-03,abierto
EV003512,SOP091-001705,2024-10-04,cerrado
EV003513,SOP091-001706,2024-10-03,abierto
EV003514,SOP091-001706,2024-10-07,cerrado
EV003515,SOP091-001707,2024-10-04,abierto
EV003516,SOP091-001708,2024-10-04,abierto
EV003517,SOP091-001708,2024-10-05,cerrado
EV003518,SOP091-001709,2024-10-04,abierto
EV003519,SOP091-001709,2024-10-05,cerrado
EV003520,SOP091-001710,2024-10-04,abierto
EV003521,SOP091-001710,2024-10-05,cerrado
EV003522,SOP091-001711,2024-10-04,abierto
EV003523,SOP091-001711,2024-10-05,cerrado
EV003524,SOP091-001712,2024-10-04,abierto
EV003525,SOP091-001712,2024-10-05,cerrado
EV003526,SOP091-001713,2024-10-05,abierto
EV003527,SOP091-001713,2024-10-06,cerrado
EV003528,SOP091-001714,2024-10-05,abierto
EV003529,SOP091-001714,2024-10-06,cerrado
EV003530,SOP091-001715,2024-10-05,abierto
EV003531,SOP091-001716,2024-10-05,abierto
EV003532,SOP091-001717,2024-10-05,abierto
EV003533,SOP091-001717,2024-10-06,cerrado
EV003534,SOP091-001717,2024-10-07,abierto
EV003535,SOP091-001717,2024-10-09,cerrado
EV003536,SOP091-001718,2024-10-05,abierto
EV003537,SOP091-001718,2024-10-06,cerrado
EV003538,SOP091-001719,2024-10-06,abierto
EV003539,SOP091-001719,2024-10-07,cerrado
EV003540,SOP091-001720,2024-10-06,abierto
EV003541,SOP091-001720,2024-10-07,cerrado
EV003542,SOP091-001721,2024-10-06,abierto
EV003543,SOP091-001721,2024-10-07,cerrado
EV003544,SOP091-001722,2024-10-06,abierto
EV003545,SOP091-001722,2024-10-07,cerrado
EV003546,SOP091-001723,2024-10-06,abierto
EV003547,SOP091-001723,2024-10-07,cerrado
EV003548,SOP091-001724,2024-10-06,abierto
EV003549,SOP091-001724,2024-10-07,cerrado
EV003550,SOP091-001725,2024-10-07,abierto
EV003551,SOP091-001725,2024-10-08,cerrado
EV003552,SOP091-001726,2024-10-07,abierto
EV003553,SOP091-001726,2024-10-08,cerrado
EV003554,SOP091-001727,2024-10-07,abierto
EV003555,SOP091-001727,2024-10-08,cerrado
EV003556,SOP091-001728,2024-10-07,abierto
EV003557,SOP091-001728,2024-10-08,cerrado
EV003558,SOP091-001729,2024-10-07,abierto
EV003559,SOP091-001729,2024-10-08,cerrado
EV003560,SOP091-001730,2024-10-07,abierto
EV003561,SOP091-001730,2024-10-08,cerrado
EV003562,SOP091-001731,2024-10-08,abierto
EV003563,SOP091-001732,2024-10-08,abierto
EV003564,SOP091-001732,2024-10-09,cerrado
EV003565,SOP091-001733,2024-10-08,abierto
EV003566,SOP091-001733,2024-10-09,cerrado
EV003567,SOP091-001733,2024-10-10,abierto
EV003568,SOP091-001733,2024-10-12,cerrado
EV003569,SOP091-001734,2024-10-08,abierto
EV003570,SOP091-001734,2024-10-09,cerrado
EV003571,SOP091-001735,2024-10-08,abierto
EV003572,SOP091-001735,2024-10-09,cerrado
EV003573,SOP091-001736,2024-10-08,abierto
EV003574,SOP091-001736,2024-10-09,cerrado
EV003575,SOP091-001737,2024-10-09,abierto
EV003576,SOP091-001737,2024-10-10,cerrado
EV003577,SOP091-001738,2024-10-09,abierto
EV003578,SOP091-001738,2024-10-10,cerrado
EV003579,SOP091-001739,2024-10-09,abierto
EV003580,SOP091-001740,2024-10-09,abierto
EV003581,SOP091-001740,2024-10-11,cerrado
EV003582,SOP091-001741,2024-10-09,abierto
EV003583,SOP091-001741,2024-10-10,cerrado
EV003584,SOP091-001742,2024-10-09,abierto
EV003585,SOP091-001742,2024-10-10,cerrado
EV003586,SOP091-001742,2024-10-11,abierto
EV003587,SOP091-001742,2024-10-13,cerrado
EV003588,SOP091-001743,2024-10-09,abierto
EV003589,SOP091-001743,2024-10-11,cerrado
EV003590,SOP091-001744,2024-10-10,abierto
EV003591,SOP091-001744,2024-10-11,cerrado
EV003592,SOP091-001745,2024-10-10,abierto
EV003593,SOP091-001745,2024-10-11,cerrado
EV003594,SOP091-001746,2024-10-10,abierto
EV003595,SOP091-001746,2024-10-11,cerrado
EV003596,SOP091-001747,2024-10-10,abierto
EV003597,SOP091-001747,2024-10-12,cerrado
EV003598,SOP091-001748,2024-10-10,abierto
EV003599,SOP091-001748,2024-10-11,cerrado
EV003600,SOP091-001749,2024-10-10,abierto
EV003601,SOP091-001749,2024-10-11,cerrado
EV003602,SOP091-001750,2024-10-11,abierto
EV003603,SOP091-001750,2024-10-12,cerrado
EV003604,SOP091-001751,2024-10-11,abierto
EV003605,SOP091-001751,2024-10-12,cerrado
EV003606,SOP091-001752,2024-10-11,abierto
EV003607,SOP091-001753,2024-10-11,abierto
EV003608,SOP091-001753,2024-10-12,cerrado
EV003609,SOP091-001753,2024-10-13,abierto
EV003610,SOP091-001753,2024-10-15,cerrado
EV003611,SOP091-001754,2024-10-11,abierto
EV003612,SOP091-001754,2024-10-12,cerrado
EV003613,SOP091-001754,2024-10-13,abierto
EV003614,SOP091-001754,2024-10-15,cerrado
EV003615,SOP091-001755,2024-10-11,abierto
EV003616,SOP091-001756,2024-10-12,abierto
EV003617,SOP091-001757,2024-10-12,abierto
EV003618,SOP091-001757,2024-10-14,cerrado
EV003619,SOP091-001758,2024-10-12,abierto
EV003620,SOP091-001758,2024-10-14,cerrado
EV003621,SOP091-001759,2024-10-12,abierto
EV003622,SOP091-001760,2024-10-12,abierto
EV003623,SOP091-001760,2024-10-13,cerrado
EV003624,SOP091-001761,2024-10-12,abierto
EV003625,SOP091-001761,2024-10-13,cerrado
EV003626,SOP091-001762,2024-10-13,abierto
EV003627,SOP091-001762,2024-10-14,cerrado
EV003628,SOP091-001763,2024-10-13,abierto
EV003629,SOP091-001763,2024-10-14,cerrado
EV003630,SOP091-001764,2024-10-13,abierto
EV003631,SOP091-001764,2024-10-15,cerrado
EV003632,SOP091-001765,2024-10-13,abierto
EV003633,SOP091-001765,2024-10-14,cerrado
EV003634,SOP091-001766,2024-10-13,abierto
EV003635,SOP091-001766,2024-10-14,cerrado
EV003636,SOP091-001766,2024-10-15,abierto
EV003637,SOP091-001766,2024-10-17,cerrado
EV003638,SOP091-001767,2024-10-13,abierto
EV003639,SOP091-001767,2024-10-14,cerrado
EV003640,SOP091-001768,2024-10-14,abierto
EV003641,SOP091-001768,2024-10-15,cerrado
EV003642,SOP091-001769,2024-10-14,abierto
EV003643,SOP091-001770,2024-10-14,abierto
EV003644,SOP091-001771,2024-10-14,abierto
EV003645,SOP091-001771,2024-10-15,cerrado
EV003646,SOP091-001772,2024-10-14,abierto
EV003647,SOP091-001773,2024-10-14,abierto
EV003648,SOP091-001773,2024-10-15,cerrado
EV003649,SOP091-001774,2024-10-15,abierto
EV003650,SOP091-001774,2024-10-16,cerrado
EV003651,SOP091-001775,2024-10-15,abierto
EV003652,SOP091-001775,2024-10-16,cerrado
EV003653,SOP091-001776,2024-10-15,abierto
EV003654,SOP091-001776,2024-10-18,cerrado
EV003655,SOP091-001777,2024-10-15,abierto
EV003656,SOP091-001777,2024-10-16,cerrado
EV003657,SOP091-001778,2024-10-15,abierto
EV003658,SOP091-001778,2024-10-16,cerrado
EV003659,SOP091-001779,2024-10-15,abierto
EV003660,SOP091-001779,2024-10-16,cerrado
EV003661,SOP091-001780,2024-10-15,abierto
EV003662,SOP091-001780,2024-10-16,cerrado
EV003663,SOP091-001781,2024-10-16,abierto
EV003664,SOP091-001781,2024-10-17,cerrado
EV003665,SOP091-001782,2024-10-16,abierto
EV003666,SOP091-001782,2024-10-17,cerrado
EV003667,SOP091-001783,2024-10-16,abierto
EV003668,SOP091-001783,2024-10-17,cerrado
EV003669,SOP091-001784,2024-10-16,abierto
EV003670,SOP091-001784,2024-10-17,cerrado
EV003671,SOP091-001785,2024-10-16,abierto
EV003672,SOP091-001785,2024-10-18,cerrado
EV003673,SOP091-001786,2024-10-16,abierto
EV003674,SOP091-001786,2024-10-17,cerrado
EV003675,SOP091-001787,2024-10-17,abierto
EV003676,SOP091-001787,2024-10-18,cerrado
EV003677,SOP091-001788,2024-10-17,abierto
EV003678,SOP091-001788,2024-10-18,cerrado
EV003679,SOP091-001788,2024-10-19,abierto
EV003680,SOP091-001788,2024-10-21,cerrado
EV003681,SOP091-001789,2024-10-17,abierto
EV003682,SOP091-001789,2024-10-18,cerrado
EV003683,SOP091-001790,2024-10-17,abierto
EV003684,SOP091-001790,2024-10-18,cerrado
EV003685,SOP091-001791,2024-10-17,abierto
EV003686,SOP091-001792,2024-10-17,abierto
EV003687,SOP091-001792,2024-10-18,cerrado
EV003688,SOP091-001793,2024-10-18,abierto
EV003689,SOP091-001793,2024-10-19,cerrado
EV003690,SOP091-001794,2024-10-18,abierto
EV003691,SOP091-001795,2024-10-18,abierto
EV003692,SOP091-001796,2024-10-18,abierto
EV003693,SOP091-001797,2024-10-18,abierto
EV003694,SOP091-001797,2024-10-19,cerrado
EV003695,SOP091-001797,2024-10-20,abierto
EV003696,SOP091-001797,2024-10-22,cerrado
EV003697,SOP091-001798,2024-10-18,abierto
EV003698,SOP091-001798,2024-10-20,cerrado
EV003699,SOP091-001799,2024-10-19,abierto
EV003700,SOP091-001800,2024-10-19,abierto
EV003701,SOP091-001800,2024-10-20,cerrado
EV003702,SOP091-001801,2024-10-19,abierto
EV003703,SOP091-001802,2024-10-19,abierto
EV003704,SOP091-001802,2024-10-20,cerrado
EV003705,SOP091-001803,2024-10-19,abierto
EV003706,SOP091-001803,2024-10-20,cerrado
EV003707,SOP091-001804,2024-10-19,abierto
EV003708,SOP091-001804,2024-10-20,cerrado
EV003709,SOP091-001805,2024-10-20,abierto
EV003710,SOP091-001805,2024-10-21,cerrado
EV003711,SOP091-001806,2024-10-20,abierto
EV003712,SOP091-001806,2024-10-22,cerrado
EV003713,SOP091-001807,2024-10-20,abierto
EV003714,SOP091-001808,2024-10-20,abierto
EV003715,SOP091-001808,2024-10-21,cerrado
EV003716,SOP091-001809,2024-10-20,abierto
EV003717,SOP091-001809,2024-10-21,cerrado
EV003718,SOP091-001810,2024-10-20,abierto
EV003719,SOP091-001810,2024-10-21,cerrado
EV003720,SOP091-001811,2024-10-21,abierto
EV003721,SOP091-001811,2024-10-22,cerrado
EV003722,SOP091-001812,2024-10-21,abierto
EV003723,SOP091-001812,2024-10-24,cerrado
EV003724,SOP091-001813,2024-10-21,abierto
EV003725,SOP091-001813,2024-10-22,cerrado
EV003726,SOP091-001814,2024-10-21,abierto
EV003727,SOP091-001815,2024-10-21,abierto
EV003728,SOP091-001815,2024-10-22,cerrado
EV003729,SOP091-001815,2024-10-23,abierto
EV003730,SOP091-001815,2024-10-26,cerrado
EV003731,SOP091-001816,2024-10-21,abierto
EV003732,SOP091-001817,2024-10-21,abierto
EV003733,SOP091-001817,2024-10-22,cerrado
EV003734,SOP091-001818,2024-10-22,abierto
EV003735,SOP091-001818,2024-10-23,cerrado
EV003736,SOP091-001819,2024-10-22,abierto
EV003737,SOP091-001819,2024-10-23,cerrado
EV003738,SOP091-001820,2024-10-22,abierto
EV003739,SOP091-001820,2024-10-23,cerrado
EV003740,SOP091-001821,2024-10-22,abierto
EV003741,SOP091-001821,2024-10-23,cerrado
EV003742,SOP091-001822,2024-10-22,abierto
EV003743,SOP091-001822,2024-10-23,cerrado
EV003744,SOP091-001823,2024-10-22,abierto
EV003745,SOP091-001823,2024-10-23,cerrado
EV003746,SOP091-001823,2024-10-24,abierto
EV003747,SOP091-001823,2024-10-26,cerrado
EV003748,SOP091-001824,2024-10-23,abierto
EV003749,SOP091-001824,2024-10-24,cerrado
EV003750,SOP091-001825,2024-10-23,abierto
EV003751,SOP091-001825,2024-10-24,cerrado
EV003752,SOP091-001826,2024-10-23,abierto
EV003753,SOP091-001826,2024-10-24,cerrado
EV003754,SOP091-001827,2024-10-23,abierto
EV003755,SOP091-001827,2024-10-24,cerrado
EV003756,SOP091-001828,2024-10-23,abierto
EV003757,SOP091-001828,2024-10-24,cerrado
EV003758,SOP091-001828,2024-10-25,abierto
EV003759,SOP091-001828,2024-10-27,cerrado
EV003760,SOP091-001829,2024-10-23,abierto
EV003761,SOP091-001829,2024-10-24,cerrado
EV003762,SOP091-001829,2024-10-25,abierto
EV003763,SOP091-001829,2024-10-29,cerrado
EV003764,SOP091-001830,2024-10-24,abierto
EV003765,SOP091-001830,2024-10-25,cerrado
EV003766,SOP091-001831,2024-10-24,abierto
EV003767,SOP091-001831,2024-10-25,cerrado
EV003768,SOP091-001831,2024-10-26,abierto
EV003769,SOP091-001831,2024-10-28,cerrado
EV003770,SOP091-001832,2024-10-24,abierto
EV003771,SOP091-001833,2024-10-24,abierto
EV003772,SOP091-001833,2024-10-29,cerrado
EV003773,SOP091-001834,2024-10-24,abierto
EV003774,SOP091-001834,2024-10-25,cerrado
EV003775,SOP091-001835,2024-10-24,abierto
EV003776,SOP091-001835,2024-10-25,cerrado
EV003777,SOP091-001836,2024-10-25,abierto
EV003778,SOP091-001836,2024-10-26,cerrado
EV003779,SOP091-001837,2024-10-25,abierto
EV003780,SOP091-001837,2024-10-26,cerrado
EV003781,SOP091-001838,2024-10-25,abierto
EV003782,SOP091-001838,2024-10-26,cerrado
EV003783,SOP091-001839,2024-10-25,abierto
EV003784,SOP091-001839,2024-10-26,cerrado
EV003785,SOP091-001840,2024-10-25,abierto
EV003786,SOP091-001840,2024-10-26,cerrado
EV003787,SOP091-001841,2024-10-25,abierto
EV003788,SOP091-001841,2024-10-26,cerrado
EV003789,SOP091-001842,2024-10-26,abierto
EV003790,SOP091-001842,2024-10-27,cerrado
EV003791,SOP091-001843,2024-10-26,abierto
EV003792,SOP091-001843,2024-10-27,cerrado
EV003793,SOP091-001844,2024-10-26,abierto
EV003794,SOP091-001844,2024-10-27,cerrado
EV003795,SOP091-001844,2024-10-28,abierto
EV003796,SOP091-001844,2024-10-30,cerrado
EV003797,SOP091-001845,2024-10-26,abierto
EV003798,SOP091-001845,2024-10-27,cerrado
EV003799,SOP091-001846,2024-10-26,abierto
EV003800,SOP091-001846,2024-10-28,cerrado
EV003801,SOP091-001847,2024-10-26,abierto
EV003802,SOP091-001847,2024-10-27,cerrado
EV003803,SOP091-001847,2024-10-28,abierto
EV003804,SOP091-001847,2024-10-30,cerrado
EV003805,SOP091-001848,2024-10-27,abierto
EV003806,SOP091-001848,2024-10-28,cerrado
EV003807,SOP091-001849,2024-10-27,abierto
EV003808,SOP091-001849,2024-10-28,cerrado
EV003809,SOP091-001850,2024-10-27,abierto
EV003810,SOP091-001851,2024-10-27,abierto
EV003811,SOP091-001851,2024-10-28,cerrado
EV003812,SOP091-001852,2024-10-27,abierto
EV003813,SOP091-001852,2024-10-28,cerrado
EV003814,SOP091-001852,2024-10-29,abierto
EV003815,SOP091-001852,2024-10-31,cerrado
EV003816,SOP091-001853,2024-10-27,abierto
EV003817,SOP091-001853,2024-10-28,cerrado
EV003818,SOP091-001854,2024-10-28,abierto
EV003819,SOP091-001854,2024-10-29,cerrado
EV003820,SOP091-001855,2024-10-28,abierto
EV003821,SOP091-001855,2024-10-29,cerrado
EV003822,SOP091-001855,2024-10-30,abierto
EV003823,SOP091-001855,2024-11-02,cerrado
EV003824,SOP091-001856,2024-10-28,abierto
EV003825,SOP091-001856,2024-10-29,cerrado
EV003826,SOP091-001857,2024-10-28,abierto
EV003827,SOP091-001857,2024-10-30,cerrado
EV003828,SOP091-001858,2024-10-28,abierto
EV003829,SOP091-001859,2024-10-28,abierto
EV003830,SOP091-001859,2024-10-29,cerrado
EV003831,SOP091-001860,2024-10-28,abierto
EV003832,SOP091-001860,2024-10-29,cerrado
EV003833,SOP091-001861,2024-10-29,abierto
EV003834,SOP091-001861,2024-10-30,cerrado
EV003835,SOP091-001862,2024-10-29,abierto
EV003836,SOP091-001862,2024-10-30,cerrado
EV003837,SOP091-001863,2024-10-29,abierto
EV003838,SOP091-001864,2024-10-29,abierto
EV003839,SOP091-001864,2024-10-30,cerrado
EV003840,SOP091-001865,2024-10-29,abierto
EV003841,SOP091-001865,2024-10-30,cerrado
EV003842,SOP091-001866,2024-10-29,abierto
EV003843,SOP091-001866,2024-10-31,cerrado
EV003844,SOP091-001867,2024-10-30,abierto
EV003845,SOP091-001867,2024-10-31,cerrado
EV003846,SOP091-001868,2024-10-30,abierto
EV003847,SOP091-001868,2024-10-31,cerrado
EV003848,SOP091-001869,2024-10-30,abierto
EV003849,SOP091-001870,2024-10-30,abierto
EV003850,SOP091-001870,2024-10-31,cerrado
EV003851,SOP091-001871,2024-10-30,abierto
EV003852,SOP091-001871,2024-10-31,cerrado
EV003853,SOP091-001872,2024-10-30,abierto
EV003854,SOP091-001872,2024-10-31,cerrado
EV003855,SOP091-001873,2024-10-31,abierto
EV003856,SOP091-001873,2024-11-01,cerrado
EV003857,SOP091-001874,2024-10-31,abierto
EV003858,SOP091-001874,2024-11-01,cerrado
EV003859,SOP091-001874,2024-11-02,abierto
EV003860,SOP091-001874,2024-11-05,cerrado
EV003861,SOP091-001875,2024-10-31,abierto
EV003862,SOP091-001875,2024-11-01,cerrado
EV003863,SOP091-001876,2024-10-31,abierto
EV003864,SOP091-001876,2024-11-01,cerrado
EV003865,SOP091-001876,2024-11-02,abierto
EV003866,SOP091-001876,2024-11-04,cerrado
EV003867,SOP091-001877,2024-10-31,abierto
EV003868,SOP091-001877,2024-11-01,cerrado
EV003869,SOP091-001878,2024-10-31,abierto
EV003870,SOP091-001878,2024-11-01,cerrado
EV003871,SOP091-001879,2024-11-01,abierto
EV003872,SOP091-001879,2024-11-03,cerrado
EV003873,SOP091-001880,2024-11-01,abierto
EV003874,SOP091-001880,2024-11-02,cerrado
EV003875,SOP091-001881,2024-11-01,abierto
EV003876,SOP091-001881,2024-11-03,cerrado
EV003877,SOP091-001882,2024-11-01,abierto
EV003878,SOP091-001882,2024-11-02,cerrado
EV003879,SOP091-001883,2024-11-01,abierto
EV003880,SOP091-001884,2024-11-01,abierto
EV003881,SOP091-001884,2024-11-03,cerrado
EV003882,SOP091-001885,2024-11-02,abierto
EV003883,SOP091-001885,2024-11-03,cerrado
EV003884,SOP091-001886,2024-11-02,abierto
EV003885,SOP091-001886,2024-11-03,cerrado
EV003886,SOP091-001886,2024-11-04,abierto
EV003887,SOP091-001886,2024-11-06,cerrado
EV003888,SOP091-001887,2024-11-02,abierto
EV003889,SOP091-001887,2024-11-04,cerrado
EV003890,SOP091-001888,2024-11-02,abierto
EV003891,SOP091-001888,2024-11-03,cerrado
EV003892,SOP091-001889,2024-11-02,abierto
EV003893,SOP091-001889,2024-11-03,cerrado
EV003894,SOP091-001890,2024-11-02,abierto
EV003895,SOP091-001890,2024-11-03,cerrado
EV003896,SOP091-001891,2024-11-03,abierto
EV003897,SOP091-001891,2024-11-04,cerrado
EV003898,SOP091-001892,2024-11-03,abierto
EV003899,SOP091-001892,2024-11-04,cerrado
EV003900,SOP091-001893,2024-11-03,abierto
EV003901,SOP091-001893,2024-11-04,cerrado
EV003902,SOP091-001894,2024-11-03,abierto
EV003903,SOP091-001894,2024-11-04,cerrado
EV003904,SOP091-001895,2024-11-03,abierto
EV003905,SOP091-001896,2024-11-03,abierto
EV003906,SOP091-001896,2024-11-04,cerrado
EV003907,SOP091-001897,2024-11-03,abierto
EV003908,SOP091-001897,2024-11-04,cerrado
EV003909,SOP091-001898,2024-11-04,abierto
EV003910,SOP091-001898,2024-11-05,cerrado
EV003911,SOP091-001899,2024-11-04,abierto
EV003912,SOP091-001899,2024-11-06,cerrado
EV003913,SOP091-001900,2024-11-04,abierto
EV003914,SOP091-001900,2024-11-05,cerrado
EV003915,SOP091-001901,2024-11-04,abierto
EV003916,SOP091-001901,2024-11-06,cerrado
EV003917,SOP091-001902,2024-11-04,abierto
EV003918,SOP091-001902,2024-11-05,cerrado
EV003919,SOP091-001903,2024-11-04,abierto
EV003920,SOP091-001903,2024-11-05,cerrado
EV003921,SOP091-001904,2024-11-05,abierto
EV003922,SOP091-001904,2024-11-06,cerrado
EV003923,SOP091-001905,2024-11-05,abierto
EV003924,SOP091-001905,2024-11-06,cerrado
EV003925,SOP091-001905,2024-11-07,abierto
EV003926,SOP091-001905,2024-11-09,cerrado
EV003927,SOP091-001906,2024-11-05,abierto
EV003928,SOP091-001906,2024-11-06,cerrado
EV003929,SOP091-001907,2024-11-05,abierto
EV003930,SOP091-001907,2024-11-06,cerrado
EV003931,SOP091-001908,2024-11-05,abierto
EV003932,SOP091-001908,2024-11-06,cerrado
EV003933,SOP091-001909,2024-11-05,abierto
EV003934,SOP091-001909,2024-11-06,cerrado
EV003935,SOP091-001910,2024-11-06,abierto
EV003936,SOP091-001910,2024-11-07,cerrado
EV003937,SOP091-001911,2024-11-06,abierto
EV003938,SOP091-001912,2024-11-06,abierto
EV003939,SOP091-001912,2024-11-07,cerrado
EV003940,SOP091-001913,2024-11-06,abierto
EV003941,SOP091-001913,2024-11-07,cerrado
EV003942,SOP091-001914,2024-11-06,abierto
EV003943,SOP091-001914,2024-11-07,cerrado
EV003944,SOP091-001915,2024-11-06,abierto
EV003945,SOP091-001915,2024-11-07,cerrado
EV003946,SOP091-001916,2024-11-07,abierto
EV003947,SOP091-001916,2024-11-08,cerrado
EV003948,SOP091-001917,2024-11-07,abierto
EV003949,SOP091-001917,2024-11-08,cerrado
EV003950,SOP091-001917,2024-11-09,abierto
EV003951,SOP091-001917,2024-11-11,cerrado
EV003952,SOP091-001918,2024-11-07,abierto
EV003953,SOP091-001918,2024-11-09,cerrado
EV003954,SOP091-001919,2024-11-07,abierto
EV003955,SOP091-001919,2024-11-08,cerrado
EV003956,SOP091-001920,2024-11-07,abierto
EV003957,SOP091-001920,2024-11-08,cerrado
EV003958,SOP091-001921,2024-11-07,abierto
EV003959,SOP091-001921,2024-11-08,cerrado
EV003960,SOP091-001922,2024-11-08,abierto
EV003961,SOP091-001922,2024-11-09,cerrado
EV003962,SOP091-001923,2024-11-08,abierto
EV003963,SOP091-001923,2024-11-09,cerrado
EV003964,SOP091-001923,2024-11-10,abierto
EV003965,SOP091-001923,2024-11-12,cerrado
EV003966,SOP091-001924,2024-11-08,abierto
EV003967,SOP091-001924,2024-11-09,cerrado
EV003968,SOP091-001925,2024-11-08,abierto
EV003969,SOP091-001925,2024-11-10,cerrado
EV003970,SOP091-001926,2024-11-08,abierto
EV003971,SOP091-001926,2024-11-09,cerrado
EV003972,SOP091-001927,2024-11-08,abierto
EV003973,SOP091-001927,2024-11-09,cerrado
EV003974,SOP091-001928,2024-11-09,abierto
EV003975,SOP091-001928,2024-11-10,cerrado
EV003976,SOP091-001929,2024-11-09,abierto
EV003977,SOP091-001929,2024-11-10,cerrado
EV003978,SOP091-001929,2024-11-11,abierto
EV003979,SOP091-001929,2024-11-13,cerrado
EV003980,SOP091-001930,2024-11-09,abierto
EV003981,SOP091-001930,2024-11-10,cerrado
EV003982,SOP091-001931,2024-11-09,abierto
EV003983,SOP091-001931,2024-11-10,cerrado
EV003984,SOP091-001932,2024-11-09,abierto
EV003985,SOP091-001932,2024-11-10,cerrado
EV003986,SOP091-001933,2024-11-09,abierto
EV003987,SOP091-001934,2024-11-10,abierto
EV003988,SOP091-001935,2024-11-10,abierto
EV003989,SOP091-001935,2024-11-11,cerrado
EV003990,SOP091-001936,2024-11-10,abierto
EV003991,SOP091-001936,2024-11-11,cerrado
EV003992,SOP091-001937,2024-11-10,abierto
EV003993,SOP091-001937,2024-11-12,cerrado
EV003994,SOP091-001938,2024-11-10,abierto
EV003995,SOP091-001938,2024-11-11,cerrado
EV003996,SOP091-001939,2024-11-10,abierto
EV003997,SOP091-001939,2024-11-11,cerrado
EV003998,SOP091-001939,2024-11-12,abierto
EV003999,SOP091-001939,2024-11-14,cerrado
EV004000,SOP091-001940,2024-11-10,abierto
EV004001,SOP091-001940,2024-11-11,cerrado
EV004002,SOP091-001941,2024-11-11,abierto
EV004003,SOP091-001941,2024-11-12,cerrado
EV004004,SOP091-001942,2024-11-11,abierto
EV004005,SOP091-001942,2024-11-12,cerrado
EV004006,SOP091-001943,2024-11-11,abierto
EV004007,SOP091-001943,2024-11-12,cerrado
EV004008,SOP091-001944,2024-11-11,abierto
EV004009,SOP091-001944,2024-11-12,cerrado
EV004010,SOP091-001944,2024-11-13,abierto
EV004011,SOP091-001944,2024-11-20,cerrado
EV004012,SOP091-001945,2024-11-11,abierto
EV004013,SOP091-001945,2024-11-12,cerrado
EV004014,SOP091-001946,2024-11-11,abierto
EV004015,SOP091-001946,2024-11-12,cerrado
EV004016,SOP091-001947,2024-11-12,abierto
EV004017,SOP091-001947,2024-11-13,cerrado
EV004018,SOP091-001948,2024-11-12,abierto
EV004019,SOP091-001949,2024-11-12,abierto
EV004020,SOP091-001949,2024-11-13,cerrado
EV004021,SOP091-001950,2024-11-12,abierto
EV004022,SOP091-001950,2024-11-13,cerrado
EV004023,SOP091-001950,2024-11-14,abierto
EV004024,SOP091-001950,2024-11-16,cerrado
EV004025,SOP091-001951,2024-11-12,abierto
EV004026,SOP091-001952,2024-11-12,abierto
EV004027,SOP091-001952,2024-11-13,cerrado
EV004028,SOP091-001953,2024-11-13,abierto
EV004029,SOP091-001954,2024-11-13,abierto
EV004030,SOP091-001955,2024-11-13,abierto
EV004031,SOP091-001955,2024-11-14,cerrado
EV004032,SOP091-001956,2024-11-13,abierto
EV004033,SOP091-001956,2024-11-14,cerrado
EV004034,SOP091-001957,2024-11-13,abierto
EV004035,SOP091-001958,2024-11-13,abierto
EV004036,SOP091-001958,2024-11-14,cerrado
EV004037,SOP091-001959,2024-11-14,abierto
EV004038,SOP091-001959,2024-11-17,cerrado
EV004039,SOP091-001960,2024-11-14,abierto
EV004040,SOP091-001960,2024-11-15,cerrado
EV004041,SOP091-001961,2024-11-14,abierto
EV004042,SOP091-001961,2024-11-15,cerrado
EV004043,SOP091-001962,2024-11-14,abierto
EV004044,SOP091-001962,2024-11-15,cerrado
EV004045,SOP091-001962,2024-11-16,abierto
EV004046,SOP091-001962,2024-11-18,cerrado
EV004047,SOP091-001963,2024-11-14,abierto
EV004048,SOP091-001963,2024-11-15,cerrado
EV004049,SOP091-001964,2024-11-14,abierto
EV004050,SOP091-001964,2024-11-15,cerrado
EV004051,SOP091-001965,2024-11-15,abierto
EV004052,SOP091-001966,2024-11-15,abierto
EV004053,SOP091-001966,2024-11-16,cerrado
EV004054,SOP091-001966,2024-11-17,abierto
EV004055,SOP091-001966,2024-11-19,cerrado
EV004056,SOP091-001967,2024-11-15,abierto
EV004057,SOP091-001967,2024-11-16,cerrado
EV004058,SOP091-001968,2024-11-15,abierto
EV004059,SOP091-001969,2024-11-15,abierto
EV004060,SOP091-001969,2024-11-16,cerrado
EV004061,SOP091-001970,2024-11-15,abierto
EV004062,SOP091-001970,2024-11-16,cerrado
EV004063,SOP091-001971,2024-11-16,abierto
EV004064,SOP091-001971,2024-11-17,cerrado
EV004065,SOP091-001972,2024-11-16,abierto
EV004066,SOP091-001972,2024-11-17,cerrado
EV004067,SOP091-001973,2024-11-16,abierto
EV004068,SOP091-001973,2024-11-17,cerrado
EV004069,SOP091-001974,2024-11-16,abierto
EV004070,SOP091-001975,2024-11-16,abierto
EV004071,SOP091-001975,2024-11-18,cerrado
EV004072,SOP091-001976,2024-11-16,abierto
EV004073,SOP091-001977,2024-11-16,abierto
EV004074,SOP091-001977,2024-11-17,cerrado
EV004075,SOP091-001978,2024-11-17,abierto
EV004076,SOP091-001979,2024-11-17,abierto
EV004077,SOP091-001979,2024-11-18,cerrado
EV004078,SOP091-001980,2024-11-17,abierto
EV004079,SOP091-001980,2024-11-25,cerrado
EV004080,SOP091-001981,2024-11-17,abierto
EV004081,SOP091-001981,2024-11-18,cerrado
EV004082,SOP091-001982,2024-11-17,abierto
EV004083,SOP091-001982,2024-11-18,cerrado
EV004084,SOP091-001983,2024-11-17,abierto
EV004085,SOP091-001983,2024-11-18,cerrado
EV004086,SOP091-001984,2024-11-18,abierto
EV004087,SOP091-001984,2024-11-19,cerrado
EV004088,SOP091-001985,2024-11-18,abierto
EV004089,SOP091-001985,2024-11-19,cerrado
EV004090,SOP091-001986,2024-11-18,abierto
EV004091,SOP091-001986,2024-11-19,cerrado
EV004092,SOP091-001987,2024-11-18,abierto
EV004093,SOP091-001987,2024-11-19,cerrado
EV004094,SOP091-001988,2024-11-18,abierto
EV004095,SOP091-001988,2024-11-19,cerrado
EV004096,SOP091-001989,2024-11-18,abierto
EV004097,SOP091-001989,2024-11-19,cerrado
EV004098,SOP091-001990,2024-11-19,abierto
EV004099,SOP091-001990,2024-11-20,cerrado
EV004100,SOP091-001991,2024-11-19,abierto
EV004101,SOP091-001991,2024-11-20,cerrado
EV004102,SOP091-001992,2024-11-19,abierto
EV004103,SOP091-001992,2024-11-20,cerrado
EV004104,SOP091-001993,2024-11-19,abierto
EV004105,SOP091-001993,2024-11-20,cerrado
EV004106,SOP091-001994,2024-11-19,abierto
EV004107,SOP091-001994,2024-11-20,cerrado
EV004108,SOP091-001995,2024-11-19,abierto
EV004109,SOP091-001996,2024-11-20,abierto
EV004110,SOP091-001996,2024-11-21,cerrado
EV004111,SOP091-001997,2024-11-20,abierto
EV004112,SOP091-001997,2024-11-21,cerrado
EV004113,SOP091-001998,2024-11-20,abierto
EV004114,SOP091-001998,2024-11-21,cerrado
EV004115,SOP091-001998,2024-11-22,abierto
EV004116,SOP091-001998,2024-11-24,cerrado
EV004117,SOP091-001999,2024-11-20,abierto
EV004118,SOP091-001999,2024-11-21,cerrado
EV004119,SOP091-002000,2024-11-20,abierto
EV004120,SOP091-002000,2024-11-21,cerrado
EV004121,SOP091-002001,2024-11-20,abierto
EV004122,SOP091-002001,2024-11-21,cerrado
EV004123,SOP091-002002,2024-11-21,abierto
EV004124,SOP091-002002,2024-11-22,cerrado
EV004125,SOP091-002003,2024-11-21,abierto
EV004126,SOP091-002003,2024-11-22,cerrado
EV004127,SOP091-002004,2024-11-21,abierto
EV004128,SOP091-002004,2024-11-22,cerrado
EV004129,SOP091-002005,2024-11-21,abierto
EV004130,SOP091-002005,2024-11-22,cerrado
EV004131,SOP091-002006,2024-11-21,abierto
EV004132,SOP091-002007,2024-11-21,abierto
EV004133,SOP091-002007,2024-11-22,cerrado
EV004134,SOP091-002008,2024-11-22,abierto
EV004135,SOP091-002008,2024-11-23,cerrado
EV004136,SOP091-002009,2024-11-22,abierto
EV004137,SOP091-002009,2024-11-23,cerrado
EV004138,SOP091-002010,2024-11-22,abierto
EV004139,SOP091-002010,2024-11-23,cerrado
EV004140,SOP091-002011,2024-11-22,abierto
EV004141,SOP091-002012,2024-11-22,abierto
EV004142,SOP091-002012,2024-11-23,cerrado
EV004143,SOP091-002013,2024-11-22,abierto
EV004144,SOP091-002013,2024-11-23,cerrado
EV004145,SOP091-002014,2024-11-23,abierto
EV004146,SOP091-002014,2024-11-24,cerrado
EV004147,SOP091-002015,2024-11-23,abierto
EV004148,SOP091-002015,2024-11-24,cerrado
EV004149,SOP091-002016,2024-11-23,abierto
EV004150,SOP091-002016,2024-11-24,cerrado
EV004151,SOP091-002017,2024-11-23,abierto
EV004152,SOP091-002017,2024-11-24,cerrado
EV004153,SOP091-002018,2024-11-23,abierto
EV004154,SOP091-002018,2024-11-24,cerrado
EV004155,SOP091-002018,2024-11-25,abierto
EV004156,SOP091-002018,2024-11-27,cerrado
EV004157,SOP091-002019,2024-11-23,abierto
EV004158,SOP091-002019,2024-11-24,cerrado
EV004159,SOP091-002020,2024-11-23,abierto
EV004160,SOP091-002020,2024-11-24,cerrado
EV004161,SOP091-002021,2024-11-24,abierto
EV004162,SOP091-002021,2024-11-25,cerrado
EV004163,SOP091-002022,2024-11-24,abierto
EV004164,SOP091-002022,2024-11-25,cerrado
EV004165,SOP091-002022,2024-11-26,abierto
EV004166,SOP091-002022,2024-11-28,cerrado
EV004167,SOP091-002023,2024-11-24,abierto
EV004168,SOP091-002023,2024-11-26,cerrado
EV004169,SOP091-002024,2024-11-24,abierto
EV004170,SOP091-002024,2024-11-25,cerrado
EV004171,SOP091-002025,2024-11-24,abierto
EV004172,SOP091-002025,2024-11-25,cerrado
EV004173,SOP091-002026,2024-11-24,abierto
EV004174,SOP091-002026,2024-11-25,cerrado
EV004175,SOP091-002027,2024-11-25,abierto
EV004176,SOP091-002027,2024-11-26,cerrado
EV004177,SOP091-002028,2024-11-25,abierto
EV004178,SOP091-002029,2024-11-25,abierto
EV004179,SOP091-002029,2024-11-26,cerrado
EV004180,SOP091-002029,2024-11-27,abierto
EV004181,SOP091-002029,2024-11-29,cerrado
EV004182,SOP091-002030,2024-11-25,abierto
EV004183,SOP091-002030,2024-11-26,cerrado
EV004184,SOP091-002031,2024-11-25,abierto
EV004185,SOP091-002031,2024-11-26,cerrado
EV004186,SOP091-002031,2024-11-27,abierto
EV004187,SOP091-002031,2024-11-29,cerrado
EV004188,SOP091-002032,2024-11-25,abierto
EV004189,SOP091-002032,2024-11-26,cerrado
EV004190,SOP091-002033,2024-11-26,abierto
EV004191,SOP091-002033,2024-11-27,cerrado
EV004192,SOP091-002034,2024-11-26,abierto
EV004193,SOP091-002034,2024-11-27,cerrado
EV004194,SOP091-002035,2024-11-26,abierto
EV004195,SOP091-002036,2024-11-26,abierto
EV004196,SOP091-002036,2024-11-27,cerrado
EV004197,SOP091-002037,2024-11-26,abierto
EV004198,SOP091-002037,2024-11-27,cerrado
EV004199,SOP091-002038,2024-11-26,abierto
EV004200,SOP091-002038,2024-11-27,cerrado
EV004201,SOP091-002039,2024-11-27,abierto
EV004202,SOP091-002040,2024-11-27,abierto
EV004203,SOP091-002041,2024-11-27,abierto
EV004204,SOP091-002041,2024-11-28,cerrado
EV004205,SOP091-002042,2024-11-27,abierto
EV004206,SOP091-002042,2024-11-30,cerrado
EV004207,SOP091-002043,2024-11-27,abierto
EV004208,SOP091-002043,2024-11-28,cerrado
EV004209,SOP091-002043,2024-11-29,abierto
EV004210,SOP091-002043,2024-12-01,cerrado
EV004211,SOP091-002044,2024-11-27,abierto
EV004212,SOP091-002045,2024-11-28,abierto
EV004213,SOP091-002045,2024-11-29,cerrado
EV004214,SOP091-002046,2024-11-28,abierto
EV004215,SOP091-002047,2024-11-28,abierto
EV004216,SOP091-002047,2024-11-29,cerrado
EV004217,SOP091-002048,2024-11-28,abierto
EV004218,SOP091-002048,2024-11-29,cerrado
EV004219,SOP091-002048,2024-11-30,abierto
EV004220,SOP091-002048,2024-12-02,cerrado
EV004221,SOP091-002049,2024-11-28,abierto
EV004222,SOP091-002049,2024-11-29,cerrado
EV004223,SOP091-002050,2024-11-28,abierto
EV004224,SOP091-002050,2024-11-29,cerrado
EV004225,SOP091-002050,2024-11-30,abierto
EV004226,SOP091-002050,2024-12-02,cerrado
EV004227,SOP091-002051,2024-11-29,abierto
EV004228,SOP091-002051,2024-11-30,cerrado
EV004229,SOP091-002052,2024-11-29,abierto
EV004230,SOP091-002052,2024-11-30,cerrado
EV004231,SOP091-002053,2024-11-29,abierto
EV004232,SOP091-002053,2024-11-30,cerrado
EV004233,SOP091-002054,2024-11-29,abierto
EV004234,SOP091-002054,2024-11-30,cerrado
EV004235,SOP091-002054,2024-12-01,abierto
EV004236,SOP091-002054,2024-12-04,cerrado
EV004237,SOP091-002055,2024-11-29,abierto
EV004238,SOP091-002056,2024-11-29,abierto
EV004239,SOP091-002056,2024-11-30,cerrado
EV004240,SOP091-002057,2024-11-29,abierto
EV004241,SOP091-002058,2024-11-30,abierto
EV004242,SOP091-002058,2024-12-01,cerrado
EV004243,SOP091-002059,2024-11-30,abierto
EV004244,SOP091-002059,2024-12-01,cerrado
EV004245,SOP091-002060,2024-11-30,abierto
EV004246,SOP091-002060,2024-12-01,cerrado
EV004247,SOP091-002061,2024-11-30,abierto
EV004248,SOP091-002061,2024-12-02,cerrado
EV004249,SOP091-002062,2024-11-30,abierto
EV004250,SOP091-002063,2024-11-30,abierto
EV004251,SOP091-002063,2024-12-01,cerrado
EV004252,SOP091-002064,2024-12-01,abierto
EV004253,SOP091-002064,2024-12-02,cerrado
EV004254,SOP091-002064,2024-12-03,abierto
EV004255,SOP091-002064,2024-12-05,cerrado
EV004256,SOP091-002065,2024-12-01,abierto
EV004257,SOP091-002065,2024-12-02,cerrado
EV004258,SOP091-002066,2024-12-01,abierto
EV004259,SOP091-002066,2024-12-02,cerrado
EV004260,SOP091-002067,2024-12-01,abierto
EV004261,SOP091-002067,2024-12-02,cerrado
EV004262,SOP091-002067,2024-12-03,abierto
EV004263,SOP091-002067,2024-12-05,cerrado
EV004264,SOP091-002068,2024-12-01,abierto
EV004265,SOP091-002068,2024-12-02,cerrado
EV004266,SOP091-002068,2024-12-03,abierto
EV004267,SOP091-002068,2024-12-05,cerrado
EV004268,SOP091-002069,2024-12-01,abierto
EV004269,SOP091-002069,2024-12-02,cerrado
EV004270,SOP091-002069,2024-12-03,abierto
EV004271,SOP091-002069,2024-12-05,cerrado
EV004272,SOP091-002070,2024-12-02,abierto
EV004273,SOP091-002070,2024-12-03,cerrado
EV004274,SOP091-002071,2024-12-02,abierto
EV004275,SOP091-002071,2024-12-03,cerrado
EV004276,SOP091-002072,2024-12-02,abierto
EV004277,SOP091-002072,2024-12-03,cerrado
EV004278,SOP091-002073,2024-12-02,abierto
EV004279,SOP091-002073,2024-12-03,cerrado
EV004280,SOP091-002074,2024-12-02,abierto
EV004281,SOP091-002074,2024-12-03,cerrado
EV004282,SOP091-002075,2024-12-02,abierto
EV004283,SOP091-002075,2024-12-03,cerrado
EV004284,SOP091-002076,2024-12-03,abierto
EV004285,SOP091-002077,2024-12-03,abierto
EV004286,SOP091-002077,2024-12-04,cerrado
EV004287,SOP091-002078,2024-12-03,abierto
EV004288,SOP091-002078,2024-12-04,cerrado
EV004289,SOP091-002079,2024-12-03,abierto
EV004290,SOP091-002079,2024-12-04,cerrado
EV004291,SOP091-002080,2024-12-03,abierto
EV004292,SOP091-002081,2024-12-03,abierto
EV004293,SOP091-002081,2024-12-05,cerrado
EV004294,SOP091-002082,2024-12-04,abierto
EV004295,SOP091-002082,2024-12-06,cerrado
EV004296,SOP091-002083,2024-12-04,abierto
EV004297,SOP091-002083,2024-12-05,cerrado
EV004298,SOP091-002084,2024-12-04,abierto
EV004299,SOP091-002084,2024-12-05,cerrado
EV004300,SOP091-002085,2024-12-04,abierto
EV004301,SOP091-002086,2024-12-04,abierto
EV004302,SOP091-002087,2024-12-04,abierto
EV004303,SOP091-002087,2024-12-05,cerrado
EV004304,SOP091-002087,2024-12-06,abierto
EV004305,SOP091-002087,2024-12-08,cerrado
EV004306,SOP091-002088,2024-12-05,abierto
EV004307,SOP091-002089,2024-12-05,abierto
EV004308,SOP091-002089,2024-12-06,cerrado
EV004309,SOP091-002089,2024-12-07,abierto
EV004310,SOP091-002089,2024-12-09,cerrado
EV004311,SOP091-002090,2024-12-05,abierto
EV004312,SOP091-002090,2024-12-06,cerrado
EV004313,SOP091-002091,2024-12-05,abierto
EV004314,SOP091-002091,2024-12-06,cerrado
EV004315,SOP091-002092,2024-12-05,abierto
EV004316,SOP091-002092,2024-12-06,cerrado
EV004317,SOP091-002093,2024-12-05,abierto
EV004318,SOP091-002093,2024-12-06,cerrado
EV004319,SOP091-002094,2024-12-05,abierto
EV004320,SOP091-002095,2024-12-06,abierto
EV004321,SOP091-002095,2024-12-07,cerrado
EV004322,SOP091-002096,2024-12-06,abierto
EV004323,SOP091-002096,2024-12-07,cerrado
EV004324,SOP091-002097,2024-12-06,abierto
EV004325,SOP091-002097,2024-12-07,cerrado
EV004326,SOP091-002098,2024-12-06,abierto
EV004327,SOP091-002098,2024-12-07,cerrado
EV004328,SOP091-002099,2024-12-06,abierto
EV004329,SOP091-002099,2024-12-07,cerrado
EV004330,SOP091-002100,2024-12-06,abierto
EV004331,SOP091-002100,2024-12-07,cerrado
EV004332,SOP091-002100,2024-12-08,abierto
EV004333,SOP091-002100,2024-12-10,cerrado
EV004334,SOP091-002101,2024-12-07,abierto
EV004335,SOP091-002102,2024-12-07,abierto
EV004336,SOP091-002102,2024-12-08,cerrado
EV004337,SOP091-002103,2024-12-07,abierto
EV004338,SOP091-002103,2024-12-08,cerrado
EV004339,SOP091-002104,2024-12-07,abierto
EV004340,SOP091-002104,2024-12-08,cerrado
EV004341,SOP091-002105,2024-12-07,abierto
EV004342,SOP091-002105,2024-12-08,cerrado
EV004343,SOP091-002106,2024-12-07,abierto
EV004344,SOP091-002106,2024-12-08,cerrado
EV004345,SOP091-002107,2024-12-08,abierto
EV004346,SOP091-002107,2024-12-09,cerrado
EV004347,SOP091-002108,2024-12-08,abierto
EV004348,SOP091-002108,2024-12-09,cerrado
EV004349,SOP091-002109,2024-12-08,abierto
EV004350,SOP091-002109,2024-12-09,cerrado
EV004351,SOP091-002110,2024-12-08,abierto
EV004352,SOP091-002110,2024-12-09,cerrado
EV004353,SOP091-002111,2024-12-08,abierto
EV004354,SOP091-002111,2024-12-09,cerrado
EV004355,SOP091-002112,2024-12-08,abierto
EV004356,SOP091-002112,2024-12-09,cerrado
EV004357,SOP091-002113,2024-12-09,abierto
EV004358,SOP091-002113,2024-12-10,cerrado
EV004359,SOP091-002114,2024-12-09,abierto
EV004360,SOP091-002115,2024-12-09,abierto
EV004361,SOP091-002115,2024-12-10,cerrado
EV004362,SOP091-002116,2024-12-09,abierto
EV004363,SOP091-002116,2024-12-10,cerrado
EV004364,SOP091-002117,2024-12-09,abierto
EV004365,SOP091-002117,2024-12-10,cerrado
EV004366,SOP091-002118,2024-12-09,abierto
EV004367,SOP091-002118,2024-12-12,cerrado
EV004368,SOP091-002119,2024-12-10,abierto
EV004369,SOP091-002119,2024-12-11,cerrado
EV004370,SOP091-002120,2024-12-10,abierto
EV004371,SOP091-002120,2024-12-11,cerrado
EV004372,SOP091-002121,2024-12-10,abierto
EV004373,SOP091-002121,2024-12-11,cerrado
EV004374,SOP091-002122,2024-12-10,abierto
EV004375,SOP091-002122,2024-12-11,cerrado
EV004376,SOP091-002123,2024-12-10,abierto
EV004377,SOP091-002124,2024-12-10,abierto
EV004378,SOP091-002124,2024-12-11,cerrado
EV004379,SOP091-002125,2024-12-11,abierto
EV004380,SOP091-002125,2024-12-13,cerrado
EV004381,SOP091-002126,2024-12-11,abierto
EV004382,SOP091-002126,2024-12-12,cerrado
EV004383,SOP091-002126,2024-12-13,abierto
EV004384,SOP091-002126,2024-12-15,cerrado
EV004385,SOP091-002127,2024-12-11,abierto
EV004386,SOP091-002127,2024-12-12,cerrado
EV004387,SOP091-002128,2024-12-11,abierto
EV004388,SOP091-002128,2024-12-12,cerrado
EV004389,SOP091-002129,2024-12-11,abierto
EV004390,SOP091-002129,2024-12-13,cerrado
EV004391,SOP091-002130,2024-12-11,abierto
EV004392,SOP091-002130,2024-12-12,cerrado
EV004393,SOP091-002131,2024-12-12,abierto
EV004394,SOP091-002131,2024-12-13,cerrado
EV004395,SOP091-002132,2024-12-12,abierto
EV004396,SOP091-002132,2024-12-13,cerrado
EV004397,SOP091-002133,2024-12-12,abierto
EV004398,SOP091-002133,2024-12-13,cerrado
EV004399,SOP091-002134,2024-12-12,abierto
EV004400,SOP091-002134,2024-12-13,cerrado
EV004401,SOP091-002135,2024-12-12,abierto
EV004402,SOP091-002136,2024-12-12,abierto
EV004403,SOP091-002136,2024-12-13,cerrado
EV004404,SOP091-002137,2024-12-12,abierto
EV004405,SOP091-002137,2024-12-13,cerrado
EV004406,SOP091-002138,2024-12-13,abierto
EV004407,SOP091-002138,2024-12-14,cerrado
EV004408,SOP091-002139,2024-12-13,abierto
EV004409,SOP091-002139,2024-12-14,cerrado
EV004410,SOP091-002140,2024-12-13,abierto
EV004411,SOP091-002140,2024-12-14,cerrado
EV004412,SOP091-002140,2024-12-15,abierto
EV004413,SOP091-002140,2024-12-18,cerrado
EV004414,SOP091-002141,2024-12-13,abierto
EV004415,SOP091-002141,2024-12-14,cerrado
EV004416,SOP091-002142,2024-12-13,abierto
EV004417,SOP091-002142,2024-12-14,cerrado
EV004418,SOP091-002143,2024-12-13,abierto
EV004419,SOP091-002143,2024-12-14,cerrado
EV004420,SOP091-002144,2024-12-14,abierto
EV004421,SOP091-002144,2024-12-15,cerrado
EV004422,SOP091-002145,2024-12-14,abierto
EV004423,SOP091-002145,2024-12-15,cerrado
EV004424,SOP091-002146,2024-12-14,abierto
EV004425,SOP091-002146,2024-12-15,cerrado
EV004426,SOP091-002147,2024-12-14,abierto
EV004427,SOP091-002147,2024-12-15,cerrado
EV004428,SOP091-002148,2024-12-14,abierto
EV004429,SOP091-002148,2024-12-15,cerrado
EV004430,SOP091-002148,2024-12-16,abierto
EV004431,SOP091-002148,2024-12-18,cerrado
EV004432,SOP091-002149,2024-12-14,abierto
EV004433,SOP091-002149,2024-12-15,cerrado
EV004434,SOP091-002150,2024-12-15,abierto
EV004435,SOP091-002150,2024-12-16,cerrado
EV004436,SOP091-002151,2024-12-15,abierto
EV004437,SOP091-002151,2024-12-16,cerrado
EV004438,SOP091-002152,2024-12-15,abierto
EV004439,SOP091-002152,2024-12-16,cerrado
EV004440,SOP091-002153,2024-12-15,abierto
EV004441,SOP091-002153,2024-12-16,cerrado
EV004442,SOP091-002154,2024-12-15,abierto
EV004443,SOP091-002154,2024-12-18,cerrado
EV004444,SOP091-002155,2024-12-15,abierto
EV004445,SOP091-002155,2024-12-16,cerrado
EV004446,SOP091-002156,2024-12-16,abierto
EV004447,SOP091-002156,2024-12-17,cerrado
EV004448,SOP091-002157,2024-12-16,abierto
EV004449,SOP091-002157,2024-12-17,cerrado
EV004450,SOP091-002158,2024-12-16,abierto
EV004451,SOP091-002158,2024-12-17,cerrado
EV004452,SOP091-002159,2024-12-16,abierto
EV004453,SOP091-002159,2024-12-17,cerrado
EV004454,SOP091-002160,2024-12-16,abierto
EV004455,SOP091-002160,2024-12-17,cerrado
EV004456,SOP091-002160,2024-12-18,abierto
EV004457,SOP091-002160,2024-12-20,cerrado
EV004458,SOP091-002161,2024-12-16,abierto
EV004459,SOP091-002162,2024-12-17,abierto
EV004460,SOP091-002162,2024-12-18,cerrado
EV004461,SOP091-002163,2024-12-17,abierto
EV004462,SOP091-002163,2024-12-19,cerrado
EV004463,SOP091-002164,2024-12-17,abierto
EV004464,SOP091-002164,2024-12-18,cerrado
EV004465,SOP091-002164,2024-12-19,abierto
EV004466,SOP091-002164,2024-12-21,cerrado
EV004467,SOP091-002165,2024-12-17,abierto
EV004468,SOP091-002165,2024-12-18,cerrado
EV004469,SOP091-002166,2024-12-17,abierto
EV004470,SOP091-002167,2024-12-17,abierto
EV004471,SOP091-002167,2024-12-18,cerrado
EV004472,SOP091-002168,2024-12-18,abierto
EV004473,SOP091-002168,2024-12-19,cerrado
EV004474,SOP091-002168,2024-12-20,abierto
EV004475,SOP091-002168,2024-12-22,cerrado
EV004476,SOP091-002169,2024-12-18,abierto
EV004477,SOP091-002169,2024-12-20,cerrado
EV004478,SOP091-002170,2024-12-18,abierto
EV004479,SOP091-002170,2024-12-20,cerrado
EV004480,SOP091-002171,2024-12-18,abierto
EV004481,SOP091-002171,2024-12-20,cerrado
EV004482,SOP091-002172,2024-12-18,abierto
EV004483,SOP091-002172,2024-12-19,cerrado
EV004484,SOP091-002173,2024-12-18,abierto
EV004485,SOP091-002173,2024-12-19,cerrado
EV004486,SOP091-002174,2024-12-18,abierto
EV004487,SOP091-002174,2024-12-21,cerrado
EV004488,SOP091-002175,2024-12-19,abierto
EV004489,SOP091-002175,2024-12-20,cerrado
EV004490,SOP091-002175,2024-12-21,abierto
EV004491,SOP091-002175,2024-12-23,cerrado
EV004492,SOP091-002176,2024-12-19,abierto
EV004493,SOP091-002176,2024-12-20,cerrado
EV004494,SOP091-002177,2024-12-19,abierto
EV004495,SOP091-002177,2024-12-20,cerrado
EV004496,SOP091-002178,2024-12-19,abierto
EV004497,SOP091-002179,2024-12-19,abierto
EV004498,SOP091-002179,2024-12-20,cerrado
EV004499,SOP091-002179,2024-12-21,abierto
EV004500,SOP091-002179,2024-12-23,cerrado
EV004501,SOP091-002180,2024-12-19,abierto
EV004502,SOP091-002181,2024-12-20,abierto
EV004503,SOP091-002181,2024-12-21,cerrado
EV004504,SOP091-002182,2024-12-20,abierto
EV004505,SOP091-002182,2024-12-21,cerrado
EV004506,SOP091-002183,2024-12-20,abierto
EV004507,SOP091-002183,2024-12-22,cerrado
EV004508,SOP091-002184,2024-12-20,abierto
EV004509,SOP091-002184,2024-12-21,cerrado
EV004510,SOP091-002185,2024-12-20,abierto
EV004511,SOP091-002186,2024-12-20,abierto
EV004512,SOP091-002186,2024-12-21,cerrado
EV004513,SOP091-002187,2024-12-21,abierto
EV004514,SOP091-002187,2024-12-22,cerrado
EV004515,SOP091-002188,2024-12-21,abierto
EV004516,SOP091-002188,2024-12-22,cerrado
EV004517,SOP091-002189,2024-12-21,abierto
EV004518,SOP091-002190,2024-12-21,abierto
EV004519,SOP091-002190,2024-12-22,cerrado
EV004520,SOP091-002191,2024-12-21,abierto
EV004521,SOP091-002191,2024-12-22,cerrado
EV004522,SOP091-002192,2024-12-21,abierto
EV004523,SOP091-002192,2024-12-22,cerrado
EV004524,SOP091-002193,2024-12-22,abierto
EV004525,SOP091-002193,2024-12-23,cerrado
EV004526,SOP091-002194,2024-12-22,abierto
EV004527,SOP091-002195,2024-12-22,abierto
EV004528,SOP091-002195,2024-12-23,cerrado
EV004529,SOP091-002196,2024-12-22,abierto
EV004530,SOP091-002196,2024-12-25,cerrado
EV004531,SOP091-002197,2024-12-22,abierto
EV004532,SOP091-002197,2024-12-23,cerrado
EV004533,SOP091-002198,2024-12-22,abierto
EV004534,SOP091-002198,2024-12-23,cerrado
EV004535,SOP091-002199,2024-12-23,abierto
EV004536,SOP091-002199,2024-12-24,cerrado
EV004537,SOP091-002200,2024-12-23,abierto
EV004538,SOP091-002200,2024-12-24,cerrado
EV004539,SOP091-002201,2024-12-23,abierto
EV004540,SOP091-002201,2024-12-24,cerrado
EV004541,SOP091-002202,2024-12-23,abierto
EV004542,SOP091-002202,2024-12-24,cerrado
EV004543,SOP091-002203,2024-12-23,abierto
EV004544,SOP091-002203,2024-12-24,cerrado
EV004545,SOP091-002204,2024-12-23,abierto
EV004546,SOP091-002204,2024-12-24,cerrado
EV004547,SOP091-002204,2024-12-25,abierto
EV004548,SOP091-002204,2024-12-27,cerrado
EV004549,SOP091-002205,2024-12-24,abierto
EV004550,SOP091-002205,2024-12-25,cerrado
EV004551,SOP091-002205,2024-12-26,abierto
EV004552,SOP091-002205,2024-12-29,cerrado
EV004553,SOP091-002206,2024-12-24,abierto
EV004554,SOP091-002206,2024-12-25,cerrado
EV004555,SOP091-002207,2024-12-24,abierto
EV004556,SOP091-002207,2024-12-25,cerrado
EV004557,SOP091-002208,2024-12-24,abierto
EV004558,SOP091-002208,2024-12-25,cerrado
EV004559,SOP091-002209,2024-12-24,abierto
EV004560,SOP091-002209,2024-12-25,cerrado
EV004561,SOP091-002210,2024-12-24,abierto
EV004562,SOP091-002210,2024-12-25,cerrado
EV004563,SOP091-002211,2024-12-25,abierto
EV004564,SOP091-002211,2024-12-26,cerrado
EV004565,SOP091-002212,2024-12-25,abierto
EV004566,SOP091-002212,2024-12-27,cerrado
EV004567,SOP091-002213,2024-12-25,abierto
EV004568,SOP091-002213,2024-12-26,cerrado
EV004569,SOP091-002213,2024-12-27,abierto
EV004570,SOP091-002213,2024-12-29,cerrado
EV004571,SOP091-002214,2024-12-25,abierto
EV004572,SOP091-002214,2024-12-28,cerrado
EV004573,SOP091-002215,2024-12-25,abierto
EV004574,SOP091-002215,2024-12-26,cerrado
EV004575,SOP091-002216,2024-12-25,abierto
EV004576,SOP091-002216,2024-12-26,cerrado
EV004577,SOP091-002217,2024-12-25,abierto
EV004578,SOP091-002218,2024-12-26,abierto
EV004579,SOP091-002218,2024-12-27,cerrado
EV004580,SOP091-002219,2024-12-26,abierto
EV004581,SOP091-002219,2024-12-27,cerrado
EV004582,SOP091-002220,2024-12-26,abierto
EV004583,SOP091-002220,2024-12-27,cerrado
EV004584,SOP091-002221,2024-12-26,abierto
EV004585,SOP091-002221,2024-12-27,cerrado
EV004586,SOP091-002222,2024-12-26,abierto
EV004587,SOP091-002222,2024-12-27,cerrado
EV004588,SOP091-002223,2024-12-26,abierto
EV004589,SOP091-002223,2024-12-27,cerrado
EV004590,SOP091-002223,2024-12-28,abierto
EV004591,SOP091-002223,2025-01-01,cerrado
EV004592,SOP091-002224,2024-12-27,abierto
EV004593,SOP091-002224,2024-12-28,cerrado
EV004594,SOP091-002224,2024-12-29,abierto
EV004595,SOP091-002224,2024-12-31,cerrado
EV004596,SOP091-002225,2024-12-27,abierto
EV004597,SOP091-002225,2024-12-28,cerrado
EV004598,SOP091-002226,2024-12-27,abierto
EV004599,SOP091-002226,2024-12-28,cerrado
EV004600,SOP091-002226,2024-12-29,abierto
EV004601,SOP091-002226,2024-12-31,cerrado
EV004602,SOP091-002227,2024-12-27,abierto
EV004603,SOP091-002227,2024-12-28,cerrado
EV004604,SOP091-002228,2024-12-27,abierto
EV004605,SOP091-002228,2024-12-28,cerrado
EV004606,SOP091-002229,2024-12-27,abierto
EV004607,SOP091-002229,2024-12-28,cerrado
EV004608,SOP091-002230,2024-12-28,abierto
EV004609,SOP091-002231,2024-12-28,abierto
EV004610,SOP091-002231,2024-12-29,cerrado
EV004611,SOP091-002232,2024-12-28,abierto
EV004612,SOP091-002232,2024-12-29,cerrado
EV004613,SOP091-002232,2024-12-30,abierto
EV004614,SOP091-002232,2025-01-01,cerrado
EV004615,SOP091-002233,2024-12-28,abierto
EV004616,SOP091-002233,2024-12-29,cerrado
EV004617,SOP091-002234,2024-12-28,abierto
EV004618,SOP091-002234,2024-12-29,cerrado
EV004619,SOP091-002235,2024-12-28,abierto
EV004620,SOP091-002235,2024-12-29,cerrado
EV004621,SOP091-002236,2024-12-29,abierto
EV004622,SOP091-002236,2024-12-30,cerrado
EV004623,SOP091-002237,2024-12-29,abierto
EV004624,SOP091-002238,2024-12-29,abierto
EV004625,SOP091-002238,2024-12-30,cerrado
EV004626,SOP091-002239,2024-12-29,abierto
EV004627,SOP091-002239,2024-12-30,cerrado
EV004628,SOP091-002240,2024-12-29,abierto
EV004629,SOP091-002240,2024-12-31,cerrado
EV004630,SOP091-002241,2024-12-29,abierto
EV004631,SOP091-002241,2024-12-30,cerrado
EV004632,SOP091-002242,2024-12-30,abierto
EV004633,SOP091-002242,2024-12-31,cerrado
EV004634,SOP091-002243,2024-12-30,abierto
EV004635,SOP091-002243,2025-01-01,cerrado
EV004636,SOP091-002244,2024-12-30,abierto
EV004637,SOP091-002244,2024-12-31,cerrado
EV004638,SOP091-002244,2025-01-01,abierto
EV004639,SOP091-002244,2025-01-03,cerrado
EV004640,SOP091-002245,2024-12-30,abierto
EV004641,SOP091-002245,2025-01-01,cerrado
EV004642,SOP091-002246,2024-12-30,abierto
EV004643,SOP091-002246,2024-12-31,cerrado
EV004644,SOP091-002247,2024-12-30,abierto
EV004645,SOP091-002248,2024-12-31,abierto
EV004646,SOP091-002248,2025-01-01,cerrado
EV004647,SOP091-002249,2024-12-31,abierto
EV004648,SOP091-002249,2025-01-01,cerrado
EV004649,SOP091-002250,2024-12-31,abierto
EV004650,SOP091-002250,2025-01-01,cerrado
EV004651,SOP091-002251,2024-12-31,abierto
EV004652,SOP091-002251,2025-01-01,cerrado
EV004653,SOP091-002252,2024-12-31,abierto
EV004654,SOP091-002252,2025-01-01,cerrado
EV004655,SOP091-002252,2025-01-02,abierto
EV004656,SOP091-002252,2025-01-05,cerrado
EV004657,SOP091-002253,2024-12-31,abierto
EV004658,SOP091-002253,2025-01-01,cerrado
EV004659,SOP091-002253,2025-01-02,abierto
EV004660,SOP091-002253,2025-01-04,cerrado
EV004661,SOP091-002254,2024-12-31,abierto
EV004662,SOP091-002254,2025-01-01,cerrado
EV004663,SOP091-002255,2025-01-01,abierto
EV004664,SOP091-002255,2025-01-03,cerrado
EV004665,SOP091-002256,2025-01-01,abierto
EV004666,SOP091-002256,2025-01-02,cerrado
EV004667,SOP091-002257,2025-01-01,abierto
EV004668,SOP091-002257,2025-01-02,cerrado
EV004669,SOP091-002258,2025-01-01,abierto
EV004670,SOP091-002258,2025-01-02,cerrado
EV004671,SOP091-002258,2025-01-03,abierto
EV004672,SOP091-002258,2025-01-05,cerrado
EV004673,SOP091-002259,2025-01-01,abierto
EV004674,SOP091-002259,2025-01-02,cerrado
EV004675,SOP091-002260,2025-01-01,abierto
EV004676,SOP091-002260,2025-01-02,cerrado
EV004677,SOP091-002261,2025-01-02,abierto
EV004678,SOP091-002262,2025-01-02,abierto
EV004679,SOP091-002262,2025-01-03,cerrado
EV004680,SOP091-002262,2025-01-04,abierto
EV004681,SOP091-002262,2025-01-06,cerrado
EV004682,SOP091-002263,2025-01-02,abierto
EV004683,SOP091-002264,2025-01-02,abierto
EV004684,SOP091-002264,2025-01-03,cerrado
EV004685,SOP091-002265,2025-01-02,abierto
EV004686,SOP091-002265,2025-01-05,cerrado
EV004687,SOP091-002266,2025-01-02,abierto
EV004688,SOP091-002266,2025-01-03,cerrado
EV004689,SOP091-002267,2025-01-03,abierto
EV004690,SOP091-002267,2025-01-05,cerrado
EV004691,SOP091-002268,2025-01-03,abierto
EV004692,SOP091-002268,2025-01-04,cerrado
EV004693,SOP091-002269,2025-01-03,abierto
EV004694,SOP091-002269,2025-01-04,cerrado
EV004695,SOP091-002270,2025-01-03,abierto
EV004696,SOP091-002271,2025-01-03,abierto
EV004697,SOP091-002272,2025-01-03,abierto
EV004698,SOP091-002272,2025-01-04,cerrado
EV004699,SOP091-002273,2025-01-04,abierto
EV004700,SOP091-002273,2025-01-05,cerrado
EV004701,SOP091-002274,2025-01-04,abierto
EV004702,SOP091-002274,2025-01-05,cerrado
EV004703,SOP091-002275,2025-01-04,abierto
EV004704,SOP091-002275,2025-01-05,cerrado
EV004705,SOP091-002276,2025-01-04,abierto
EV004706,SOP091-002276,2025-01-05,cerrado
EV004707,SOP091-002277,2025-01-04,abierto
EV004708,SOP091-002278,2025-01-04,abierto
EV004709,SOP091-002278,2025-01-05,cerrado
EV004710,SOP091-002279,2025-01-05,abierto
EV004711,SOP091-002279,2025-01-06,cerrado
EV004712,SOP091-002279,2025-01-07,abierto
EV004713,SOP091-002279,2025-01-11,cerrado
EV004714,SOP091-002280,2025-01-05,abierto
EV004715,SOP091-002280,2025-01-06,cerrado
EV004716,SOP091-002281,2025-01-05,abierto
EV004717,SOP091-002281,2025-01-06,cerrado
EV004718,SOP091-002281,2025-01-07,abierto
EV004719,SOP091-002281,2025-01-09,cerrado
EV004720,SOP091-002282,2025-01-05,abierto
EV004721,SOP091-002282,2025-01-06,cerrado
EV004722,SOP091-002283,2025-01-05,abierto
EV004723,SOP091-002283,2025-01-06,cerrado
EV004724,SOP091-002283,2025-01-07,abierto
EV004725,SOP091-002283,2025-01-09,cerrado
EV004726,SOP091-002284,2025-01-05,abierto
EV004727,SOP091-002285,2025-01-06,abierto
EV004728,SOP091-002286,2025-01-06,abierto
EV004729,SOP091-002286,2025-01-07,cerrado
EV004730,SOP091-002286,2025-01-08,abierto
EV004731,SOP091-002286,2025-01-10,cerrado
EV004732,SOP091-002287,2025-01-06,abierto
EV004733,SOP091-002287,2025-01-07,cerrado
EV004734,SOP091-002288,2025-01-06,abierto
EV004735,SOP091-002288,2025-01-07,cerrado
EV004736,SOP091-002289,2025-01-06,abierto
EV004737,SOP091-002289,2025-01-07,cerrado
EV004738,SOP091-002289,2025-01-08,abierto
EV004739,SOP091-002289,2025-01-10,cerrado
EV004740,SOP091-002290,2025-01-06,abierto
EV004741,SOP091-002290,2025-01-07,cerrado
EV004742,SOP091-002291,2025-01-06,abierto
EV004743,SOP091-002292,2025-01-07,abierto
EV004744,SOP091-002292,2025-01-08,cerrado
EV004745,SOP091-002293,2025-01-07,abierto
EV004746,SOP091-002293,2025-01-09,cerrado
EV004747,SOP091-002294,2025-01-07,abierto
EV004748,SOP091-002294,2025-01-08,cerrado
EV004749,SOP091-002295,2025-01-07,abierto
EV004750,SOP091-002295,2025-01-08,cerrado
EV004751,SOP091-002296,2025-01-07,abierto
EV004752,SOP091-002296,2025-01-08,cerrado
EV004753,SOP091-002297,2025-01-07,abierto
EV004754,SOP091-002297,2025-01-08,cerrado
EV004755,SOP091-002298,2025-01-08,abierto
EV004756,SOP091-002298,2025-01-09,cerrado
EV004757,SOP091-002299,2025-01-08,abierto
EV004758,SOP091-002299,2025-01-09,cerrado
EV004759,SOP091-002300,2025-01-08,abierto
EV004760,SOP091-002300,2025-01-09,cerrado
EV004761,SOP091-002301,2025-01-08,abierto
EV004762,SOP091-002301,2025-01-09,cerrado
EV004763,SOP091-002301,2025-01-10,abierto
EV004764,SOP091-002301,2025-01-12,cerrado
EV004765,SOP091-002302,2025-01-08,abierto
EV004766,SOP091-002302,2025-01-09,cerrado
EV004767,SOP091-002303,2025-01-08,abierto
EV004768,SOP091-002303,2025-01-10,cerrado
EV004769,SOP091-002304,2025-01-09,abierto
EV004770,SOP091-002304,2025-01-10,cerrado
EV004771,SOP091-002305,2025-01-09,abierto
EV004772,SOP091-002305,2025-01-10,cerrado
EV004773,SOP091-002306,2025-01-09,abierto
EV004774,SOP091-002306,2025-01-10,cerrado
EV004775,SOP091-002307,2025-01-09,abierto
EV004776,SOP091-002308,2025-01-09,abierto
EV004777,SOP091-002308,2025-01-10,cerrado
EV004778,SOP091-002309,2025-01-09,abierto
EV004779,SOP091-002309,2025-01-10,cerrado
EV004780,SOP091-002310,2025-01-10,abierto
EV004781,SOP091-002311,2025-01-10,abierto
EV004782,SOP091-002312,2025-01-10,abierto
EV004783,SOP091-002312,2025-01-11,cerrado
EV004784,SOP091-002313,2025-01-10,abierto
EV004785,SOP091-002313,2025-01-11,cerrado
EV004786,SOP091-002313,2025-01-12,abierto
EV004787,SOP091-002313,2025-01-14,cerrado
EV004788,SOP091-002314,2025-01-10,abierto
EV004789,SOP091-002314,2025-01-11,cerrado
EV004790,SOP091-002315,2025-01-10,abierto
EV004791,SOP091-002315,2025-01-11,cerrado
EV004792,SOP091-002316,2025-01-11,abierto
EV004793,SOP091-002316,2025-01-12,cerrado
EV004794,SOP091-002317,2025-01-11,abierto
EV004795,SOP091-002318,2025-01-11,abierto
EV004796,SOP091-002318,2025-01-12,cerrado
EV004797,SOP091-002319,2025-01-11,abierto
EV004798,SOP091-002319,2025-01-12,cerrado
EV004799,SOP091-002320,2025-01-11,abierto
EV004800,SOP091-002320,2025-01-13,cerrado
EV004801,SOP091-002321,2025-01-11,abierto
EV004802,SOP091-002321,2025-01-12,cerrado
EV004803,SOP091-002322,2025-01-12,abierto
EV004804,SOP091-002322,2025-01-13,cerrado
EV004805,SOP091-002323,2025-01-12,abierto
EV004806,SOP091-002324,2025-01-12,abierto
EV004807,SOP091-002324,2025-01-14,cerrado
EV004808,SOP091-002325,2025-01-12,abierto
EV004809,SOP091-002325,2025-01-13,cerrado
EV004810,SOP091-002326,2025-01-12,abierto
EV004811,SOP091-002326,2025-01-13,cerrado
EV004812,SOP091-002326,2025-01-14,abierto
EV004813,SOP091-002326,2025-01-16,cerrado
EV004814,SOP091-002327,2025-01-12,abierto
EV004815,SOP091-002327,2025-01-13,cerrado
EV004816,SOP091-002328,2025-01-13,abierto
EV004817,SOP091-002328,2025-01-14,cerrado
EV004818,SOP091-002329,2025-01-13,abierto
EV004819,SOP091-002329,2025-01-16,cerrado
EV004820,SOP091-002330,2025-01-13,abierto
EV004821,SOP091-002330,2025-01-14,cerrado
EV004822,SOP091-002331,2025-01-13,abierto
EV004823,SOP091-002331,2025-01-14,cerrado
EV004824,SOP091-002332,2025-01-13,abierto
EV004825,SOP091-002332,2025-01-14,cerrado
EV004826,SOP091-002333,2025-01-13,abierto
EV004827,SOP091-002333,2025-01-14,cerrado
EV004828,SOP091-002334,2025-01-13,abierto
EV004829,SOP091-002334,2025-01-14,cerrado
EV004830,SOP091-002335,2025-01-14,abierto
EV004831,SOP091-002335,2025-01-15,cerrado
EV004832,SOP091-002336,2025-01-14,abierto
EV004833,SOP091-002336,2025-01-15,cerrado
EV004834,SOP091-002337,2025-01-14,abierto
EV004835,SOP091-002337,2025-01-15,cerrado
EV004836,SOP091-002337,2025-01-16,abierto
EV004837,SOP091-002337,2025-01-18,cerrado
EV004838,SOP091-002338,2025-01-14,abierto
EV004839,SOP091-002338,2025-01-15,cerrado
EV004840,SOP091-002339,2025-01-14,abierto
EV004841,SOP091-002339,2025-01-15,cerrado
EV004842,SOP091-002340,2025-01-14,abierto
EV004843,SOP091-002340,2025-01-15,cerrado
EV004844,SOP091-002341,2025-01-15,abierto
EV004845,SOP091-002341,2025-01-16,cerrado
EV004846,SOP091-002342,2025-01-15,abierto
EV004847,SOP091-002342,2025-01-16,cerrado
EV004848,SOP091-002342,2025-01-17,abierto
EV004849,SOP091-002342,2025-01-19,cerrado
EV004850,SOP091-002343,2025-01-15,abierto
EV004851,SOP091-002343,2025-01-16,cerrado
EV004852,SOP091-002344,2025-01-15,abierto
EV004853,SOP091-002344,2025-01-16,cerrado
EV004854,SOP091-002345,2025-01-15,abierto
EV004855,SOP091-002345,2025-01-16,cerrado
EV004856,SOP091-002346,2025-01-15,abierto
EV004857,SOP091-002346,2025-01-16,cerrado
EV004858,SOP091-002347,2025-01-16,abierto
EV004859,SOP091-002347,2025-01-17,cerrado
EV004860,SOP091-002348,2025-01-16,abierto
EV004861,SOP091-002348,2025-01-18,cerrado
EV004862,SOP091-002349,2025-01-16,abierto
EV004863,SOP091-002349,2025-01-17,cerrado
EV004864,SOP091-002350,2025-01-16,abierto
EV004865,SOP091-002351,2025-01-16,abierto
EV004866,SOP091-002351,2025-01-17,cerrado
EV004867,SOP091-002352,2025-01-16,abierto
EV004868,SOP091-002352,2025-01-17,cerrado
EV004869,SOP091-002353,2025-01-17,abierto
EV004870,SOP091-002353,2025-01-18,cerrado
EV004871,SOP091-002354,2025-01-17,abierto
EV004872,SOP091-002354,2025-01-18,cerrado
EV004873,SOP091-002355,2025-01-17,abierto
EV004874,SOP091-002356,2025-01-17,abierto
EV004875,SOP091-002356,2025-01-19,cerrado
EV004876,SOP091-002357,2025-01-17,abierto
EV004877,SOP091-002357,2025-01-18,cerrado
EV004878,SOP091-002358,2025-01-17,abierto
EV004879,SOP091-002358,2025-01-18,cerrado
EV004880,SOP091-002358,2025-01-19,abierto
EV004881,SOP091-002358,2025-01-22,cerrado
EV004882,SOP091-002359,2025-01-18,abierto
EV004883,SOP091-002359,2025-01-23,cerrado
EV004884,SOP091-002360,2025-01-18,abierto
EV004885,SOP091-002360,2025-01-19,cerrado
EV004886,SOP091-002361,2025-01-18,abierto
EV004887,SOP091-002361,2025-01-19,cerrado
EV004888,SOP091-002361,2025-01-20,abierto
EV004889,SOP091-002361,2025-01-22,cerrado
EV004890,SOP091-002362,2025-01-18,abierto
EV004891,SOP091-002363,2025-01-18,abierto
EV004892,SOP091-002363,2025-01-19,cerrado
EV004893,SOP091-002363,2025-01-20,abierto
EV004894,SOP091-002363,2025-01-22,cerrado
EV004895,SOP091-002364,2025-01-18,abierto
EV004896,SOP091-002365,2025-01-19,abierto
EV004897,SOP091-002365,2025-01-20,cerrado
EV004898,SOP091-002366,2025-01-19,abierto
EV004899,SOP091-002366,2025-01-21,cerrado
EV004900,SOP091-002367,2025-01-19,abierto
EV004901,SOP091-002367,2025-01-20,cerrado
EV004902,SOP091-002368,2025-01-19,abierto
EV004903,SOP091-002368,2025-01-20,cerrado
EV004904,SOP091-002369,2025-01-19,abierto
EV004905,SOP091-002370,2025-01-19,abierto
EV004906,SOP091-002371,2025-01-19,abierto
EV004907,SOP091-002371,2025-01-20,cerrado
EV004908,SOP091-002372,2025-01-20,abierto
EV004909,SOP091-002372,2025-01-21,cerrado
EV004910,SOP091-002372,2025-01-22,abierto
EV004911,SOP091-002372,2025-01-24,cerrado
EV004912,SOP091-002373,2025-01-20,abierto
EV004913,SOP091-002373,2025-01-21,cerrado
EV004914,SOP091-002373,2025-01-22,abierto
EV004915,SOP091-002373,2025-01-24,cerrado
EV004916,SOP091-002374,2025-01-20,abierto
EV004917,SOP091-002374,2025-01-21,cerrado
EV004918,SOP091-002375,2025-01-20,abierto
EV004919,SOP091-002376,2025-01-20,abierto
EV004920,SOP091-002376,2025-01-21,cerrado
EV004921,SOP091-002377,2025-01-20,abierto
EV004922,SOP091-002377,2025-01-21,cerrado
EV004923,SOP091-002378,2025-01-21,abierto
EV004924,SOP091-002378,2025-01-22,cerrado
EV004925,SOP091-002379,2025-01-21,abierto
EV004926,SOP091-002379,2025-01-22,cerrado
EV004927,SOP091-002380,2025-01-21,abierto
EV004928,SOP091-002381,2025-01-21,abierto
EV004929,SOP091-002381,2025-01-22,cerrado
EV004930,SOP091-002382,2025-01-21,abierto
EV004931,SOP091-002382,2025-01-22,cerrado
EV004932,SOP091-002383,2025-01-21,abierto
EV004933,SOP091-002384,2025-01-22,abierto
EV004934,SOP091-002384,2025-01-23,cerrado
EV004935,SOP091-002385,2025-01-22,abierto
EV004936,SOP091-002386,2025-01-22,abierto
EV004937,SOP091-002386,2025-01-23,cerrado
EV004938,SOP091-002387,2025-01-22,abierto
EV004939,SOP091-002387,2025-01-23,cerrado
EV004940,SOP091-002387,2025-01-24,abierto
EV004941,SOP091-002387,2025-01-26,cerrado
EV004942,SOP091-002388,2025-01-22,abierto
EV004943,SOP091-002388,2025-01-23,cerrado
EV004944,SOP091-002389,2025-01-22,abierto
EV004945,SOP091-002389,2025-01-23,cerrado
EV004946,SOP091-002390,2025-01-23,abierto
EV004947,SOP091-002390,2025-01-24,cerrado
EV004948,SOP091-002391,2025-01-23,abierto
EV004949,SOP091-002391,2025-01-24,cerrado
EV004950,SOP091-002392,2025-01-23,abierto
EV004951,SOP091-002393,2025-01-23,abierto
EV004952,SOP091-002393,2025-01-24,cerrado
EV004953,SOP091-002394,2025-01-23,abierto
EV004954,SOP091-002394,2025-01-24,cerrado
EV004955,SOP091-002395,2025-01-23,abierto
EV004956,SOP091-002395,2025-01-25,cerrado
EV004957,SOP091-002396,2025-01-24,abierto
EV004958,SOP091-002397,2025-01-24,abierto
EV004959,SOP091-002397,2025-01-25,cerrado
EV004960,SOP091-002398,2025-01-24,abierto
EV004961,SOP091-002398,2025-01-25,cerrado
EV004962,SOP091-002398,2025-01-26,abierto
EV004963,SOP091-002398,2025-01-28,cerrado
EV004964,SOP091-002399,2025-01-24,abierto
EV004965,SOP091-002400,2025-01-24,abierto
EV004966,SOP091-002401,2025-01-24,abierto
EV004967,SOP091-002401,2025-01-25,cerrado
EV004968,SOP091-002402,2025-01-25,abierto
EV004969,SOP091-002402,2025-01-26,cerrado
EV004970,SOP091-002403,2025-01-25,abierto
EV004971,SOP091-002403,2025-01-26,cerrado
EV004972,SOP091-002404,2025-01-25,abierto
EV004973,SOP091-002404,2025-01-26,cerrado
EV004974,SOP091-002405,2025-01-25,abierto
EV004975,SOP091-002405,2025-01-26,cerrado
EV004976,SOP091-002406,2025-01-25,abierto
EV004977,SOP091-002406,2025-01-26,cerrado
EV004978,SOP091-002407,2025-01-25,abierto
EV004979,SOP091-002407,2025-01-27,cerrado
EV004980,SOP091-002408,2025-01-26,abierto
EV004981,SOP091-002408,2025-01-27,cerrado
EV004982,SOP091-002409,2025-01-26,abierto
EV004983,SOP091-002409,2025-01-27,cerrado
EV004984,SOP091-002410,2025-01-26,abierto
EV004985,SOP091-002410,2025-01-27,cerrado
EV004986,SOP091-002410,2025-01-28,abierto
EV004987,SOP091-002410,2025-02-01,cerrado
EV004988,SOP091-002411,2025-01-26,abierto
EV004989,SOP091-002412,2025-01-26,abierto
EV004990,SOP091-002412,2025-01-27,cerrado
EV004991,SOP091-002413,2025-01-26,abierto
EV004992,SOP091-002413,2025-01-27,cerrado
EV004993,SOP091-002414,2025-01-26,abierto
EV004994,SOP091-002415,2025-01-27,abierto
EV004995,SOP091-002416,2025-01-27,abierto
EV004996,SOP091-002416,2025-01-28,cerrado
EV004997,SOP091-002417,2025-01-27,abierto
EV004998,SOP091-002417,2025-01-28,cerrado
EV004999,SOP091-002418,2025-01-27,abierto
EV005000,SOP091-002418,2025-01-28,cerrado
EV005001,SOP091-002419,2025-01-27,abierto
EV005002,SOP091-002419,2025-01-28,cerrado
EV005003,SOP091-002420,2025-01-27,abierto
EV005004,SOP091-002420,2025-01-28,cerrado
EV005005,SOP091-002421,2025-01-28,abierto
EV005006,SOP091-002421,2025-01-29,cerrado
EV005007,SOP091-002422,2025-01-28,abierto
EV005008,SOP091-002422,2025-01-29,cerrado
EV005009,SOP091-002423,2025-01-28,abierto
EV005010,SOP091-002423,2025-01-29,cerrado
EV005011,SOP091-002424,2025-01-28,abierto
EV005012,SOP091-002424,2025-01-29,cerrado
EV005013,SOP091-002425,2025-01-28,abierto
EV005014,SOP091-002425,2025-01-29,cerrado
EV005015,SOP091-002426,2025-01-28,abierto
EV005016,SOP091-002426,2025-01-29,cerrado
EV005017,SOP091-002427,2025-01-29,abierto
EV005018,SOP091-002428,2025-01-29,abierto
EV005019,SOP091-002428,2025-01-30,cerrado
EV005020,SOP091-002429,2025-01-29,abierto
EV005021,SOP091-002430,2025-01-29,abierto
EV005022,SOP091-002430,2025-01-30,cerrado
EV005023,SOP091-002431,2025-01-29,abierto
EV005024,SOP091-002431,2025-01-30,cerrado
EV005025,SOP091-002432,2025-01-29,abierto
EV005026,SOP091-002432,2025-01-30,cerrado
EV005027,SOP091-002432,2025-01-31,abierto
EV005028,SOP091-002432,2025-02-02,cerrado
EV005029,SOP091-002433,2025-01-30,abierto
EV005030,SOP091-002433,2025-01-31,cerrado
EV005031,SOP091-002434,2025-01-30,abierto
EV005032,SOP091-002434,2025-01-31,cerrado
EV005033,SOP091-002435,2025-01-30,abierto
EV005034,SOP091-002435,2025-01-31,cerrado
EV005035,SOP091-002436,2025-01-30,abierto
EV005036,SOP091-002436,2025-01-31,cerrado
EV005037,SOP091-002437,2025-01-30,abierto
EV005038,SOP091-002438,2025-01-30,abierto
EV005039,SOP091-002439,2025-01-31,abierto
EV005040,SOP091-002439,2025-02-01,cerrado
EV005041,SOP091-002440,2025-01-31,abierto
EV005042,SOP091-002440,2025-02-01,cerrado
EV005043,SOP091-002441,2025-01-31,abierto
EV005044,SOP091-002442,2025-01-31,abierto
EV005045,SOP091-002442,2025-02-01,cerrado
EV005046,SOP091-002443,2025-01-31,abierto
EV005047,SOP091-002443,2025-02-01,cerrado
EV005048,SOP091-002444,2025-01-31,abierto
EV005049,SOP091-002445,2025-02-01,abierto
EV005050,SOP091-002445,2025-02-02,cerrado
EV005051,SOP091-002445,2025-02-03,abierto
EV005052,SOP091-002445,2025-02-05,cerrado
EV005053,SOP091-002446,2025-02-01,abierto
EV005054,SOP091-002446,2025-02-02,cerrado
EV005055,SOP091-002447,2025-02-01,abierto
EV005056,SOP091-002448,2025-02-01,abierto
EV005057,SOP091-002448,2025-02-02,cerrado
EV005058,SOP091-002449,2025-02-01,abierto
EV005059,SOP091-002450,2025-02-01,abierto
EV005060,SOP091-002450,2025-02-02,cerrado
EV005061,SOP091-002451,2025-02-01,abierto
EV005062,SOP091-002451,2025-02-02,cerrado
EV005063,SOP091-002452,2025-02-02,abierto
EV005064,SOP091-002453,2025-02-02,abierto
EV005065,SOP091-002453,2025-02-03,cerrado
EV005066,SOP091-002454,2025-02-02,abierto
EV005067,SOP091-002454,2025-02-03,cerrado
EV005068,SOP091-002455,2025-02-02,abierto
EV005069,SOP091-002455,2025-02-03,cerrado
EV005070,SOP091-002456,2025-02-02,abierto
EV005071,SOP091-002456,2025-02-03,cerrado
EV005072,SOP091-002457,2025-02-02,abierto
EV005073,SOP091-002457,2025-02-04,cerrado
EV005074,SOP091-002458,2025-02-03,abierto
EV005075,SOP091-002458,2025-02-04,cerrado
EV005076,SOP091-002459,2025-02-03,abierto
EV005077,SOP091-002459,2025-02-04,cerrado
EV005078,SOP091-002460,2025-02-03,abierto
EV005079,SOP091-002460,2025-02-05,cerrado
EV005080,SOP091-002461,2025-02-03,abierto
EV005081,SOP091-002461,2025-02-04,cerrado
EV005082,SOP091-002462,2025-02-03,abierto
EV005083,SOP091-002462,2025-02-04,cerrado
EV005084,SOP091-002462,2025-02-05,abierto
EV005085,SOP091-002462,2025-02-07,cerrado
EV005086,SOP091-002463,2025-02-03,abierto
EV005087,SOP091-002463,2025-02-04,cerrado
EV005088,SOP091-002463,2025-02-05,abierto
EV005089,SOP091-002463,2025-02-07,cerrado
EV005090,SOP091-002464,2025-02-04,abierto
EV005091,SOP091-002464,2025-02-05,cerrado
EV005092,SOP091-002465,2025-02-04,abierto
EV005093,SOP091-002465,2025-02-05,cerrado
EV005094,SOP091-002466,2025-02-04,abierto
EV005095,SOP091-002466,2025-02-05,cerrado
EV005096,SOP091-002467,2025-02-04,abierto
EV005097,SOP091-002467,2025-02-05,cerrado
EV005098,SOP091-002468,2025-02-04,abierto
EV005099,SOP091-002468,2025-02-05,cerrado
EV005100,SOP091-002469,2025-02-04,abierto
EV005101,SOP091-002469,2025-02-05,cerrado
EV005102,SOP091-002470,2025-02-05,abierto
EV005103,SOP091-002471,2025-02-05,abierto
EV005104,SOP091-002471,2025-02-06,cerrado
EV005105,SOP091-002472,2025-02-05,abierto
EV005106,SOP091-002472,2025-02-06,cerrado
EV005107,SOP091-002473,2025-02-05,abierto
EV005108,SOP091-002473,2025-02-06,cerrado
EV005109,SOP091-002474,2025-02-05,abierto
EV005110,SOP091-002474,2025-02-06,cerrado
EV005111,SOP091-002475,2025-02-05,abierto
EV005112,SOP091-002475,2025-02-06,cerrado
EV005113,SOP091-002476,2025-02-06,abierto
EV005114,SOP091-002476,2025-02-07,cerrado
EV005115,SOP091-002477,2025-02-06,abierto
EV005116,SOP091-002477,2025-02-07,cerrado
EV005117,SOP091-002477,2025-02-08,abierto
EV005118,SOP091-002477,2025-02-10,cerrado
EV005119,SOP091-002478,2025-02-06,abierto
EV005120,SOP091-002478,2025-02-07,cerrado
EV005121,SOP091-002479,2025-02-06,abierto
EV005122,SOP091-002479,2025-02-07,cerrado
EV005123,SOP091-002480,2025-02-06,abierto
EV005124,SOP091-002480,2025-02-07,cerrado
EV005125,SOP091-002481,2025-02-06,abierto
EV005126,SOP091-002482,2025-02-07,abierto
EV005127,SOP091-002482,2025-02-08,cerrado
EV005128,SOP091-002482,2025-02-09,abierto
EV005129,SOP091-002482,2025-02-11,cerrado
EV005130,SOP091-002483,2025-02-07,abierto
EV005131,SOP091-002483,2025-02-08,cerrado
EV005132,SOP091-002483,2025-02-09,abierto
EV005133,SOP091-002483,2025-02-11,cerrado
EV005134,SOP091-002484,2025-02-07,abierto
EV005135,SOP091-002484,2025-02-08,cerrado
EV005136,SOP091-002485,2025-02-07,abierto
EV005137,SOP091-002485,2025-02-08,cerrado
EV005138,SOP091-002486,2025-02-07,abierto
EV005139,SOP091-002486,2025-02-08,cerrado
EV005140,SOP091-002487,2025-02-07,abierto
EV005141,SOP091-002487,2025-02-08,cerrado
EV005142,SOP091-002488,2025-02-07,abierto
EV005143,SOP091-002488,2025-02-09,cerrado
EV005144,SOP091-002489,2025-02-08,abierto
EV005145,SOP091-002490,2025-02-08,abierto
EV005146,SOP091-002491,2025-02-08,abierto
EV005147,SOP091-002491,2025-02-09,cerrado
EV005148,SOP091-002492,2025-02-08,abierto
EV005149,SOP091-002492,2025-02-09,cerrado
EV005150,SOP091-002493,2025-02-08,abierto
EV005151,SOP091-002493,2025-02-09,cerrado
EV005152,SOP091-002493,2025-02-10,abierto
EV005153,SOP091-002493,2025-02-12,cerrado
EV005154,SOP091-002494,2025-02-08,abierto
EV005155,SOP091-002494,2025-02-09,cerrado
EV005156,SOP091-002495,2025-02-09,abierto
EV005157,SOP091-002496,2025-02-09,abierto
EV005158,SOP091-002496,2025-02-10,cerrado
EV005159,SOP091-002497,2025-02-09,abierto
EV005160,SOP091-002497,2025-02-10,cerrado
EV005161,SOP091-002498,2025-02-09,abierto
EV005162,SOP091-002498,2025-02-10,cerrado
EV005163,SOP091-002499,2025-02-09,abierto
EV005164,SOP091-002499,2025-02-10,cerrado
EV005165,SOP091-002500,2025-02-09,abierto
EV005166,SOP091-002500,2025-02-10,cerrado
EV005167,SOP091-002501,2025-02-10,abierto
EV005168,SOP091-002501,2025-02-11,cerrado
EV005169,SOP091-002501,2025-02-12,abierto
EV005170,SOP091-002501,2025-02-14,cerrado
EV005171,SOP091-002502,2025-02-10,abierto
EV005172,SOP091-002502,2025-02-11,cerrado
EV005173,SOP091-002503,2025-02-10,abierto
EV005174,SOP091-002503,2025-02-11,cerrado
EV005175,SOP091-002504,2025-02-10,abierto
EV005176,SOP091-002504,2025-02-11,cerrado
EV005177,SOP091-002505,2025-02-10,abierto
EV005178,SOP091-002505,2025-02-11,cerrado
EV005179,SOP091-002506,2025-02-10,abierto
EV005180,SOP091-002506,2025-02-11,cerrado
EV005181,SOP091-002507,2025-02-11,abierto
EV005182,SOP091-002507,2025-02-12,cerrado
EV005183,SOP091-002508,2025-02-11,abierto
EV005184,SOP091-002508,2025-02-12,cerrado
EV005185,SOP091-002509,2025-02-11,abierto
EV005186,SOP091-002509,2025-02-12,cerrado
EV005187,SOP091-002510,2025-02-11,abierto
EV005188,SOP091-002510,2025-02-12,cerrado
EV005189,SOP091-002511,2025-02-11,abierto
EV005190,SOP091-002511,2025-02-12,cerrado
EV005191,SOP091-002512,2025-02-11,abierto
EV005192,SOP091-002512,2025-02-12,cerrado
EV005193,SOP091-002513,2025-02-12,abierto
EV005194,SOP091-002513,2025-02-15,cerrado
EV005195,SOP091-002514,2025-02-12,abierto
EV005196,SOP091-002514,2025-02-13,cerrado
EV005197,SOP091-002514,2025-02-14,abierto
EV005198,SOP091-002514,2025-02-16,cerrado
EV005199,SOP091-002515,2025-02-12,abierto
EV005200,SOP091-002515,2025-02-13,cerrado
EV005201,SOP091-002516,2025-02-12,abierto
EV005202,SOP091-002517,2025-02-12,abierto
EV005203,SOP091-002517,2025-02-13,cerrado
EV005204,SOP091-002518,2025-02-12,abierto
EV005205,SOP091-002518,2025-02-13,cerrado
EV005206,SOP091-002519,2025-02-13,abierto
EV005207,SOP091-002519,2025-02-14,cerrado
EV005208,SOP091-002520,2025-02-13,abierto
EV005209,SOP091-002520,2025-02-14,cerrado
EV005210,SOP091-002520,2025-02-15,abierto
EV005211,SOP091-002520,2025-02-19,cerrado
EV005212,SOP091-002521,2025-02-13,abierto
EV005213,SOP091-002522,2025-02-13,abierto
EV005214,SOP091-002522,2025-02-14,cerrado
EV005215,SOP091-002522,2025-02-15,abierto
EV005216,SOP091-002522,2025-02-17,cerrado
EV005217,SOP091-002523,2025-02-13,abierto
EV005218,SOP091-002524,2025-02-13,abierto
EV005219,SOP091-002524,2025-02-14,cerrado
EV005220,SOP091-002525,2025-02-14,abierto
EV005221,SOP091-002525,2025-02-15,cerrado
EV005222,SOP091-002526,2025-02-14,abierto
EV005223,SOP091-002526,2025-02-15,cerrado
EV005224,SOP091-002527,2025-02-14,abierto
EV005225,SOP091-002527,2025-02-15,cerrado
EV005226,SOP091-002528,2025-02-14,abierto
EV005227,SOP091-002528,2025-02-15,cerrado
EV005228,SOP091-002529,2025-02-14,abierto
EV005229,SOP091-002529,2025-02-15,cerrado
EV005230,SOP091-002530,2025-02-14,abierto
EV005231,SOP091-002530,2025-02-15,cerrado
EV005232,SOP091-002530,2025-02-16,abierto
EV005233,SOP091-002530,2025-02-18,cerrado
EV005234,SOP091-002531,2025-02-14,abierto
EV005235,SOP091-002531,2025-02-15,cerrado
EV005236,SOP091-002532,2025-02-15,abierto
EV005237,SOP091-002532,2025-02-16,cerrado
EV005238,SOP091-002533,2025-02-15,abierto
EV005239,SOP091-002533,2025-02-16,cerrado
EV005240,SOP091-002534,2025-02-15,abierto
EV005241,SOP091-002534,2025-02-17,cerrado
EV005242,SOP091-002535,2025-02-15,abierto
EV005243,SOP091-002535,2025-02-18,cerrado
EV005244,SOP091-002536,2025-02-15,abierto
EV005245,SOP091-002537,2025-02-15,abierto
EV005246,SOP091-002537,2025-02-17,cerrado
EV005247,SOP091-002538,2025-02-16,abierto
EV005248,SOP091-002538,2025-02-19,cerrado
EV005249,SOP091-002539,2025-02-16,abierto
EV005250,SOP091-002539,2025-02-17,cerrado
EV005251,SOP091-002540,2025-02-16,abierto
EV005252,SOP091-002541,2025-02-16,abierto
EV005253,SOP091-002541,2025-02-17,cerrado
EV005254,SOP091-002541,2025-02-18,abierto
EV005255,SOP091-002541,2025-02-20,cerrado
EV005256,SOP091-002542,2025-02-16,abierto
EV005257,SOP091-002542,2025-02-17,cerrado
EV005258,SOP091-002543,2025-02-16,abierto
EV005259,SOP091-002544,2025-02-17,abierto
EV005260,SOP091-002544,2025-02-18,cerrado
EV005261,SOP091-002545,2025-02-17,abierto
EV005262,SOP091-002545,2025-02-18,cerrado
EV005263,SOP091-002546,2025-02-17,abierto
EV005264,SOP091-002547,2025-02-17,abierto
EV005265,SOP091-002547,2025-02-20,cerrado
EV005266,SOP091-002548,2025-02-17,abierto
EV005267,SOP091-002548,2025-02-18,cerrado
EV005268,SOP091-002549,2025-02-17,abierto
EV005269,SOP091-002549,2025-02-18,cerrado
EV005270,SOP091-002550,2025-02-18,abierto
EV005271,SOP091-002551,2025-02-18,abierto
EV005272,SOP091-002551,2025-02-20,cerrado
EV005273,SOP091-002552,2025-02-18,abierto
EV005274,SOP091-002552,2025-02-19,cerrado
EV005275,SOP091-002553,2025-02-18,abierto
EV005276,SOP091-002553,2025-02-20,cerrado
EV005277,SOP091-002554,2025-02-18,abierto
EV005278,SOP091-002554,2025-02-19,cerrado
EV005279,SOP091-002555,2025-02-18,abierto
EV005280,SOP091-002556,2025-02-19,abierto
EV005281,SOP091-002556,2025-02-20,cerrado
EV005282,SOP091-002557,2025-02-19,abierto
EV005283,SOP091-002558,2025-02-19,abierto
EV005284,SOP091-002558,2025-02-20,cerrado
EV005285,SOP091-002558,2025-02-21,abierto
EV005286,SOP091-002558,2025-02-23,cerrado
EV005287,SOP091-002559,2025-02-19,abierto
EV005288,SOP091-002559,2025-02-21,cerrado
EV005289,SOP091-002560,2025-02-19,abierto
EV005290,SOP091-002560,2025-02-20,cerrado
EV005291,SOP091-002561,2025-02-19,abierto
EV005292,SOP091-002561,2025-02-20,cerrado
EV005293,SOP091-002562,2025-02-20,abierto
EV005294,SOP091-002562,2025-02-21,cerrado
EV005295,SOP091-002563,2025-02-20,abierto
EV005296,SOP091-002563,2025-02-21,cerrado
EV005297,SOP091-002563,2025-02-22,abierto
EV005298,SOP091-002563,2025-02-24,cerrado
EV005299,SOP091-002564,2025-02-20,abierto
EV005300,SOP091-002564,2025-02-21,cerrado
EV005301,SOP091-002565,2025-02-20,abierto
EV005302,SOP091-002565,2025-02-21,cerrado
EV005303,SOP091-002566,2025-02-20,abierto
EV005304,SOP091-002566,2025-02-21,cerrado
EV005305,SOP091-002567,2025-02-20,abierto
EV005306,SOP091-002567,2025-02-21,cerrado
EV005307,SOP091-002568,2025-02-20,abierto
EV005308,SOP091-002568,2025-02-21,cerrado
EV005309,SOP091-002569,2025-02-21,abierto
EV005310,SOP091-002569,2025-02-22,cerrado
EV005311,SOP091-002570,2025-02-21,abierto
EV005312,SOP091-002570,2025-02-24,cerrado
EV005313,SOP091-002571,2025-02-21,abierto
EV005314,SOP091-002571,2025-02-22,cerrado
EV005315,SOP091-002572,2025-02-21,abierto
EV005316,SOP091-002572,2025-02-22,cerrado
EV005317,SOP091-002573,2025-02-21,abierto
EV005318,SOP091-002574,2025-02-21,abierto
EV005319,SOP091-002575,2025-02-22,abierto
EV005320,SOP091-002575,2025-02-24,cerrado
EV005321,SOP091-002576,2025-02-22,abierto
EV005322,SOP091-002577,2025-02-22,abierto
EV005323,SOP091-002577,2025-02-23,cerrado
EV005324,SOP091-002577,2025-02-24,abierto
EV005325,SOP091-002577,2025-02-28,cerrado
EV005326,SOP091-002578,2025-02-22,abierto
EV005327,SOP091-002578,2025-02-23,cerrado
EV005328,SOP091-002579,2025-02-22,abierto
EV005329,SOP091-002579,2025-02-23,cerrado
EV005330,SOP091-002580,2025-02-22,abierto
EV005331,SOP091-002581,2025-02-23,abierto
EV005332,SOP091-002581,2025-02-24,cerrado
EV005333,SOP091-002582,2025-02-23,abierto
EV005334,SOP091-002582,2025-02-24,cerrado
EV005335,SOP091-002583,2025-02-23,abierto
EV005336,SOP091-002583,2025-02-24,cerrado
EV005337,SOP091-002584,2025-02-23,abierto
EV005338,SOP091-002584,2025-02-24,cerrado
EV005339,SOP091-002585,2025-02-23,abierto
EV005340,SOP091-002585,2025-02-24,cerrado
EV005341,SOP091-002586,2025-02-23,abierto
EV005342,SOP091-002586,2025-02-24,cerrado
EV005343,SOP091-002587,2025-02-24,abierto
EV005344,SOP091-002587,2025-02-25,cerrado
EV005345,SOP091-002588,2025-02-24,abierto
EV005346,SOP091-002588,2025-02-25,cerrado
EV005347,SOP091-002589,2025-02-24,abierto
EV005348,SOP091-002589,2025-02-25,cerrado
EV005349,SOP091-002590,2025-02-24,abierto
EV005350,SOP091-002590,2025-02-25,cerrado
EV005351,SOP091-002591,2025-02-24,abierto
EV005352,SOP091-002591,2025-02-25,cerrado
EV005353,SOP091-002592,2025-02-24,abierto
EV005354,SOP091-002593,2025-02-25,abierto
EV005355,SOP091-002593,2025-02-26,cerrado
EV005356,SOP091-002593,2025-02-27,abierto
EV005357,SOP091-002593,2025-03-01,cerrado
EV005358,SOP091-002594,2025-02-25,abierto
EV005359,SOP091-002594,2025-02-26,cerrado
EV005360,SOP091-002595,2025-02-25,abierto
EV005361,SOP091-002595,2025-02-26,cerrado
EV005362,SOP091-002596,2025-02-25,abierto
EV005363,SOP091-002596,2025-02-26,cerrado
EV005364,SOP091-002597,2025-02-25,abierto
EV005365,SOP091-002597,2025-02-26,cerrado
EV005366,SOP091-002598,2025-02-25,abierto
EV005367,SOP091-002598,2025-02-26,cerrado
EV005368,SOP091-002599,2025-02-26,abierto
EV005369,SOP091-002599,2025-02-27,cerrado
EV005370,SOP091-002599,2025-02-28,abierto
EV005371,SOP091-002599,2025-03-02,cerrado
EV005372,SOP091-002600,2025-02-26,abierto
EV005373,SOP091-002600,2025-02-27,cerrado
EV005374,SOP091-002601,2025-02-26,abierto
EV005375,SOP091-002601,2025-02-27,cerrado
EV005376,SOP091-002602,2025-02-26,abierto
EV005377,SOP091-002602,2025-02-27,cerrado
EV005378,SOP091-002603,2025-02-26,abierto
EV005379,SOP091-002604,2025-02-26,abierto
EV005380,SOP091-002604,2025-02-27,cerrado
EV005381,SOP091-002605,2025-02-27,abierto
EV005382,SOP091-002605,2025-02-28,cerrado
EV005383,SOP091-002605,2025-03-01,abierto
EV005384,SOP091-002605,2025-03-03,cerrado
EV005385,SOP091-002606,2025-02-27,abierto
EV005386,SOP091-002607,2025-02-27,abierto
EV005387,SOP091-002607,2025-02-28,cerrado
EV005388,SOP091-002607,2025-03-01,abierto
EV005389,SOP091-002607,2025-03-03,cerrado
EV005390,SOP091-002608,2025-02-27,abierto
EV005391,SOP091-002608,2025-02-28,cerrado
EV005392,SOP091-002609,2025-02-27,abierto
EV005393,SOP091-002609,2025-02-28,cerrado
EV005394,SOP091-002609,2025-03-01,abierto
EV005395,SOP091-002609,2025-03-03,cerrado
EV005396,SOP091-002610,2025-02-27,abierto
EV005397,SOP091-002611,2025-02-27,abierto
EV005398,SOP091-002612,2025-02-28,abierto
EV005399,SOP091-002612,2025-03-01,cerrado
EV005400,SOP091-002613,2025-02-28,abierto
EV005401,SOP091-002614,2025-02-28,abierto
EV005402,SOP091-002614,2025-03-03,cerrado
EV005403,SOP091-002615,2025-02-28,abierto
EV005404,SOP091-002615,2025-03-01,cerrado
EV005405,SOP091-002616,2025-02-28,abierto
EV005406,SOP091-002616,2025-03-01,cerrado
EV005407,SOP091-002616,2025-03-02,abierto
EV005408,SOP091-002616,2025-03-04,cerrado
EV005409,SOP091-002617,2025-02-28,abierto
EV005410,SOP091-002617,2025-03-02,cerrado
EV005411,SOP091-002618,2025-03-01,abierto
EV005412,SOP091-002619,2025-03-01,abierto
EV005413,SOP091-002619,2025-03-02,cerrado
EV005414,SOP091-002620,2025-03-01,abierto
EV005415,SOP091-002620,2025-03-04,cerrado
EV005416,SOP091-002621,2025-03-01,abierto
EV005417,SOP091-002621,2025-03-03,cerrado
EV005418,SOP091-002622,2025-03-01,abierto
EV005419,SOP091-002622,2025-03-02,cerrado
EV005420,SOP091-002623,2025-03-01,abierto
EV005421,SOP091-002623,2025-03-02,cerrado
EV005422,SOP091-002623,2025-03-03,abierto
EV005423,SOP091-002623,2025-03-05,cerrado
EV005424,SOP091-002624,2025-03-02,abierto
EV005425,SOP091-002624,2025-03-03,cerrado
EV005426,SOP091-002624,2025-03-04,abierto
EV005427,SOP091-002624,2025-03-06,cerrado
EV005428,SOP091-002625,2025-03-02,abierto
EV005429,SOP091-002625,2025-03-03,cerrado
EV005430,SOP091-002626,2025-03-02,abierto
EV005431,SOP091-002626,2025-03-03,cerrado
EV005432,SOP091-002627,2025-03-02,abierto
EV005433,SOP091-002627,2025-03-04,cerrado
EV005434,SOP091-002628,2025-03-02,abierto
EV005435,SOP091-002629,2025-03-02,abierto
EV005436,SOP091-002630,2025-03-03,abierto
EV005437,SOP091-002630,2025-03-04,cerrado
EV005438,SOP091-002631,2025-03-03,abierto
EV005439,SOP091-002631,2025-03-04,cerrado
EV005440,SOP091-002632,2025-03-03,abierto
EV005441,SOP091-002633,2025-03-03,abierto
EV005442,SOP091-002634,2025-03-03,abierto
EV005443,SOP091-002634,2025-03-04,cerrado
EV005444,SOP091-002635,2025-03-03,abierto
EV005445,SOP091-002635,2025-03-04,cerrado
EV005446,SOP091-002636,2025-03-04,abierto
EV005447,SOP091-002637,2025-03-04,abierto
EV005448,SOP091-002637,2025-03-05,cerrado
EV005449,SOP091-002638,2025-03-04,abierto
EV005450,SOP091-002638,2025-03-05,cerrado
EV005451,SOP091-002639,2025-03-04,abierto
EV005452,SOP091-002639,2025-03-05,cerrado
EV005453,SOP091-002640,2025-03-04,abierto
EV005454,SOP091-002640,2025-03-05,cerrado
EV005455,SOP091-002641,2025-03-04,abierto
EV005456,SOP091-002641,2025-03-05,cerrado
EV005457,SOP091-002642,2025-03-05,abierto
EV005458,SOP091-002642,2025-03-06,cerrado
EV005459,SOP091-002643,2025-03-05,abierto
EV005460,SOP091-002643,2025-03-06,cerrado
EV005461,SOP091-002643,2025-03-07,abierto
EV005462,SOP091-002643,2025-03-09,cerrado
EV005463,SOP091-002644,2025-03-05,abierto
EV005464,SOP091-002644,2025-03-06,cerrado
EV005465,SOP091-002645,2025-03-05,abierto
EV005466,SOP091-002645,2025-03-07,cerrado
EV005467,SOP091-002646,2025-03-05,abierto
EV005468,SOP091-002646,2025-03-06,cerrado
EV005469,SOP091-002647,2025-03-05,abierto
EV005470,SOP091-002647,2025-03-06,cerrado
EV005471,SOP091-002648,2025-03-05,abierto
EV005472,SOP091-002648,2025-03-06,cerrado
EV005473,SOP091-002649,2025-03-06,abierto
EV005474,SOP091-002649,2025-03-07,cerrado
EV005475,SOP091-002650,2025-03-06,abierto
EV005476,SOP091-002651,2025-03-06,abierto
EV005477,SOP091-002651,2025-03-07,cerrado
EV005478,SOP091-002651,2025-03-08,abierto
EV005479,SOP091-002651,2025-03-10,cerrado
EV005480,SOP091-002652,2025-03-06,abierto
EV005481,SOP091-002652,2025-03-07,cerrado
EV005482,SOP091-002653,2025-03-06,abierto
EV005483,SOP091-002653,2025-03-07,cerrado
EV005484,SOP091-002654,2025-03-06,abierto
EV005485,SOP091-002654,2025-03-07,cerrado
EV005486,SOP091-002655,2025-03-07,abierto
EV005487,SOP091-002656,2025-03-07,abierto
EV005488,SOP091-002656,2025-03-08,cerrado
EV005489,SOP091-002657,2025-03-07,abierto
EV005490,SOP091-002657,2025-03-08,cerrado
EV005491,SOP091-002658,2025-03-07,abierto
EV005492,SOP091-002658,2025-03-08,cerrado
EV005493,SOP091-002659,2025-03-07,abierto
EV005494,SOP091-002660,2025-03-07,abierto
EV005495,SOP091-002661,2025-03-08,abierto
EV005496,SOP091-002662,2025-03-08,abierto
EV005497,SOP091-002662,2025-03-09,cerrado
EV005498,SOP091-002663,2025-03-08,abierto
EV005499,SOP091-002663,2025-03-09,cerrado
EV005500,SOP091-002664,2025-03-08,abierto
EV005501,SOP091-002664,2025-03-09,cerrado
EV005502,SOP091-002665,2025-03-08,abierto
EV005503,SOP091-002665,2025-03-09,cerrado
EV005504,SOP091-002666,2025-03-08,abierto
EV005505,SOP091-002666,2025-03-11,cerrado
EV005506,SOP091-002667,2025-03-09,abierto
EV005507,SOP091-002667,2025-03-10,cerrado
EV005508,SOP091-002668,2025-03-09,abierto
EV005509,SOP091-002668,2025-03-10,cerrado
EV005510,SOP091-002669,2025-03-09,abierto
EV005511,SOP091-002669,2025-03-10,cerrado
EV005512,SOP091-002670,2025-03-09,abierto
EV005513,SOP091-002670,2025-03-10,cerrado
EV005514,SOP091-002671,2025-03-09,abierto
EV005515,SOP091-002671,2025-03-10,cerrado
EV005516,SOP091-002671,2025-03-11,abierto
EV005517,SOP091-002671,2025-03-15,cerrado
EV005518,SOP091-002672,2025-03-09,abierto
EV005519,SOP091-002672,2025-03-10,cerrado
EV005520,SOP091-002673,2025-03-10,abierto
EV005521,SOP091-002673,2025-03-11,cerrado
EV005522,SOP091-002674,2025-03-10,abierto
EV005523,SOP091-002674,2025-03-11,cerrado
EV005524,SOP091-002675,2025-03-10,abierto
EV005525,SOP091-002675,2025-03-11,cerrado
EV005526,SOP091-002676,2025-03-10,abierto
EV005527,SOP091-002677,2025-03-10,abierto
EV005528,SOP091-002677,2025-03-11,cerrado
EV005529,SOP091-002678,2025-03-10,abierto
EV005530,SOP091-002678,2025-03-11,cerrado
EV005531,SOP091-002678,2025-03-12,abierto
EV005532,SOP091-002678,2025-03-15,cerrado
EV005533,SOP091-002679,2025-03-11,abierto
EV005534,SOP091-002679,2025-03-13,cerrado
EV005535,SOP091-002680,2025-03-11,abierto
EV005536,SOP091-002680,2025-03-12,cerrado
EV005537,SOP091-002681,2025-03-11,abierto
EV005538,SOP091-002681,2025-03-14,cerrado
EV005539,SOP091-002682,2025-03-11,abierto
EV005540,SOP091-002682,2025-03-12,cerrado
EV005541,SOP091-002683,2025-03-11,abierto
EV005542,SOP091-002683,2025-03-12,cerrado
EV005543,SOP091-002684,2025-03-11,abierto
EV005544,SOP091-002684,2025-03-12,cerrado
EV005545,SOP091-002685,2025-03-12,abierto
EV005546,SOP091-002685,2025-03-13,cerrado
EV005547,SOP091-002685,2025-03-14,abierto
EV005548,SOP091-002685,2025-03-16,cerrado
EV005549,SOP091-002686,2025-03-12,abierto
EV005550,SOP091-002686,2025-03-13,cerrado
EV005551,SOP091-002687,2025-03-12,abierto
EV005552,SOP091-002687,2025-03-13,cerrado
EV005553,SOP091-002688,2025-03-12,abierto
EV005554,SOP091-002688,2025-03-13,cerrado
EV005555,SOP091-002689,2025-03-12,abierto
EV005556,SOP091-002689,2025-03-13,cerrado
EV005557,SOP091-002690,2025-03-12,abierto
EV005558,SOP091-002690,2025-03-13,cerrado
EV005559,SOP091-002690,2025-03-14,abierto
EV005560,SOP091-002690,2025-03-16,cerrado
EV005561,SOP091-002691,2025-03-12,abierto
EV005562,SOP091-002691,2025-03-13,cerrado
EV005563,SOP091-002692,2025-03-13,abierto
EV005564,SOP091-002692,2025-03-14,cerrado
EV005565,SOP091-002693,2025-03-13,abierto
EV005566,SOP091-002693,2025-03-14,cerrado
EV005567,SOP091-002693,2025-03-15,abierto
EV005568,SOP091-002693,2025-03-17,cerrado
EV005569,SOP091-002694,2025-03-13,abierto
EV005570,SOP091-002695,2025-03-13,abierto
EV005571,SOP091-002695,2025-03-14,cerrado
EV005572,SOP091-002696,2025-03-13,abierto
EV005573,SOP091-002697,2025-03-13,abierto
EV005574,SOP091-002697,2025-03-14,cerrado
EV005575,SOP091-002698,2025-03-14,abierto
EV005576,SOP091-002699,2025-03-14,abierto
EV005577,SOP091-002699,2025-03-15,cerrado
EV005578,SOP091-002700,2025-03-14,abierto
EV005579,SOP091-002700,2025-03-16,cerrado
EV005580,SOP091-002701,2025-03-14,abierto
EV005581,SOP091-002701,2025-03-15,cerrado
EV005582,SOP091-002702,2025-03-14,abierto
EV005583,SOP091-002702,2025-03-15,cerrado
EV005584,SOP091-002702,2025-03-16,abierto
EV005585,SOP091-002702,2025-03-18,cerrado
EV005586,SOP091-002703,2025-03-14,abierto
EV005587,SOP091-002703,2025-03-15,cerrado
EV005588,SOP091-002704,2025-03-15,abierto
EV005589,SOP091-002704,2025-03-16,cerrado
EV005590,SOP091-002705,2025-03-15,abierto
EV005591,SOP091-002705,2025-03-16,cerrado
EV005592,SOP091-002706,2025-03-15,abierto
EV005593,SOP091-002706,2025-03-16,cerrado
EV005594,SOP091-002706,2025-03-17,abierto
EV005595,SOP091-002706,2025-03-19,cerrado
EV005596,SOP091-002707,2025-03-15,abierto
EV005597,SOP091-002707,2025-03-16,cerrado
EV005598,SOP091-002708,2025-03-15,abierto
EV005599,SOP091-002708,2025-03-16,cerrado
EV005600,SOP091-002709,2025-03-15,abierto
EV005601,SOP091-002710,2025-03-16,abierto
EV005602,SOP091-002710,2025-03-17,cerrado
EV005603,SOP091-002711,2025-03-16,abierto
EV005604,SOP091-002711,2025-03-17,cerrado
EV005605,SOP091-002712,2025-03-16,abierto
EV005606,SOP091-002713,2025-03-16,abierto
EV005607,SOP091-002713,2025-03-17,cerrado
EV005608,SOP091-002714,2025-03-16,abierto
EV005609,SOP091-002715,2025-03-16,abierto
EV005610,SOP091-002716,2025-03-17,abierto
EV005611,SOP091-002716,2025-03-18,cerrado
EV005612,SOP091-002717,2025-03-17,abierto
EV005613,SOP091-002717,2025-03-18,cerrado
EV005614,SOP091-002718,2025-03-17,abierto
EV005615,SOP091-002718,2025-03-18,cerrado
EV005616,SOP091-002719,2025-03-17,abierto
EV005617,SOP091-002719,2025-03-18,cerrado
EV005618,SOP091-002720,2025-03-17,abierto
EV005619,SOP091-002720,2025-03-18,cerrado
EV005620,SOP091-002721,2025-03-17,abierto
EV005621,SOP091-002721,2025-03-18,cerrado
EV005622,SOP091-002722,2025-03-18,abierto
EV005623,SOP091-002722,2025-03-19,cerrado
EV005624,SOP091-002723,2025-03-18,abierto
EV005625,SOP091-002724,2025-03-18,abierto
EV005626,SOP091-002724,2025-03-20,cerrado
EV005627,SOP091-002725,2025-03-18,abierto
EV005628,SOP091-002725,2025-03-19,cerrado
EV005629,SOP091-002726,2025-03-18,abierto
EV005630,SOP091-002726,2025-03-19,cerrado
EV005631,SOP091-002727,2025-03-18,abierto
EV005632,SOP091-002728,2025-03-18,abierto
EV005633,SOP091-002729,2025-03-19,abierto
EV005634,SOP091-002730,2025-03-19,abierto
EV005635,SOP091-002731,2025-03-19,abierto
EV005636,SOP091-002731,2025-03-20,cerrado
EV005637,SOP091-002731,2025-03-21,abierto
EV005638,SOP091-002731,2025-03-23,cerrado
EV005639,SOP091-002732,2025-03-19,abierto
EV005640,SOP091-002732,2025-03-20,cerrado
EV005641,SOP091-002733,2025-03-19,abierto
EV005642,SOP091-002733,2025-03-20,cerrado
EV005643,SOP091-002734,2025-03-19,abierto
EV005644,SOP091-002734,2025-03-20,cerrado
EV005645,SOP091-002734,2025-03-21,abierto
EV005646,SOP091-002734,2025-03-24,cerrado
EV005647,SOP091-002735,2025-03-20,abierto
EV005648,SOP091-002735,2025-03-21,cerrado
EV005649,SOP091-002735,2025-03-22,abierto
EV005650,SOP091-002735,2025-03-24,cerrado
EV005651,SOP091-002736,2025-03-20,abierto
EV005652,SOP091-002736,2025-03-21,cerrado
EV005653,SOP091-002737,2025-03-20,abierto
EV005654,SOP091-002737,2025-03-21,cerrado
EV005655,SOP091-002738,2025-03-20,abierto
EV005656,SOP091-002738,2025-03-23,cerrado
EV005657,SOP091-002739,2025-03-20,abierto
EV005658,SOP091-002739,2025-03-21,cerrado
EV005659,SOP091-002740,2025-03-20,abierto
EV005660,SOP091-002740,2025-03-21,cerrado
EV005661,SOP091-002741,2025-03-21,abierto
EV005662,SOP091-002741,2025-03-22,cerrado
EV005663,SOP091-002742,2025-03-21,abierto
EV005664,SOP091-002742,2025-03-22,cerrado
EV005665,SOP091-002743,2025-03-21,abierto
EV005666,SOP091-002743,2025-03-22,cerrado
EV005667,SOP091-002743,2025-03-23,abierto
EV005668,SOP091-002743,2025-03-25,cerrado
EV005669,SOP091-002744,2025-03-21,abierto
EV005670,SOP091-002744,2025-03-22,cerrado
EV005671,SOP091-002745,2025-03-21,abierto
EV005672,SOP091-002745,2025-03-23,cerrado
EV005673,SOP091-002746,2025-03-21,abierto
EV005674,SOP091-002747,2025-03-22,abierto
EV005675,SOP091-002747,2025-03-23,cerrado
EV005676,SOP091-002748,2025-03-22,abierto
EV005677,SOP091-002748,2025-03-24,cerrado
EV005678,SOP091-002749,2025-03-22,abierto
EV005679,SOP091-002749,2025-03-23,cerrado
EV005680,SOP091-002750,2025-03-22,abierto
EV005681,SOP091-002750,2025-03-23,cerrado
EV005682,SOP091-002751,2025-03-22,abierto
EV005683,SOP091-002751,2025-03-23,cerrado
EV005684,SOP091-002752,2025-03-22,abierto
EV005685,SOP091-002753,2025-03-23,abierto
EV005686,SOP091-002753,2025-03-24,cerrado
EV005687,SOP091-002754,2025-03-23,abierto
EV005688,SOP091-002754,2025-03-24,cerrado
EV005689,SOP091-002755,2025-03-23,abierto
EV005690,SOP091-002755,2025-03-24,cerrado
EV005691,SOP091-002756,2025-03-23,abierto
EV005692,SOP091-002756,2025-03-24,cerrado
EV005693,SOP091-002757,2025-03-23,abierto
EV005694,SOP091-002757,2025-03-25,cerrado
EV005695,SOP091-002758,2025-03-23,abierto
EV005696,SOP091-002758,2025-03-24,cerrado
EV005697,SOP091-002759,2025-03-24,abierto
EV005698,SOP091-002759,2025-03-25,cerrado
EV005699,SOP091-002760,2025-03-24,abierto
EV005700,SOP091-002760,2025-03-25,cerrado
EV005701,SOP091-002761,2025-03-24,abierto
EV005702,SOP091-002761,2025-03-25,cerrado
EV005703,SOP091-002761,2025-03-26,abierto
EV005704,SOP091-002761,2025-03-28,cerrado
EV005705,SOP091-002762,2025-03-24,abierto
EV005706,SOP091-002762,2025-03-25,cerrado
EV005707,SOP091-002762,2025-03-26,abierto
EV005708,SOP091-002762,2025-03-28,cerrado
EV005709,SOP091-002763,2025-03-24,abierto
EV005710,SOP091-002763,2025-03-25,cerrado
EV005711,SOP091-002764,2025-03-24,abierto
EV005712,SOP091-002764,2025-03-25,cerrado
EV005713,SOP091-002765,2025-03-24,abierto
EV005714,SOP091-002765,2025-03-25,cerrado
EV005715,SOP091-002765,2025-03-26,abierto
EV005716,SOP091-002765,2025-03-28,cerrado
EV005717,SOP091-002766,2025-03-25,abierto
EV005718,SOP091-002766,2025-03-26,cerrado
EV005719,SOP091-002767,2025-03-25,abierto
EV005720,SOP091-002767,2025-03-26,cerrado
EV005721,SOP091-002768,2025-03-25,abierto
EV005722,SOP091-002768,2025-03-26,cerrado
EV005723,SOP091-002769,2025-03-25,abierto
EV005724,SOP091-002769,2025-03-26,cerrado
EV005725,SOP091-002769,2025-03-27,abierto
EV005726,SOP091-002769,2025-03-30,cerrado
EV005727,SOP091-002770,2025-03-25,abierto
EV005728,SOP091-002770,2025-03-26,cerrado
EV005729,SOP091-002771,2025-03-25,abierto
EV005730,SOP091-002771,2025-03-26,cerrado
EV005731,SOP091-002772,2025-03-26,abierto
EV005732,SOP091-002772,2025-03-27,cerrado
EV005733,SOP091-002773,2025-03-26,abierto
EV005734,SOP091-002774,2025-03-26,abierto
EV005735,SOP091-002774,2025-03-27,cerrado
EV005736,SOP091-002775,2025-03-26,abierto
EV005737,SOP091-002776,2025-03-26,abierto
EV005738,SOP091-002776,2025-03-27,cerrado
EV005739,SOP091-002777,2025-03-26,abierto
EV005740,SOP091-002778,2025-03-27,abierto
EV005741,SOP091-002778,2025-03-28,cerrado
EV005742,SOP091-002779,2025-03-27,abierto
EV005743,SOP091-002779,2025-03-28,cerrado
EV005744,SOP091-002780,2025-03-27,abierto
EV005745,SOP091-002780,2025-03-28,cerrado
EV005746,SOP091-002781,2025-03-27,abierto
EV005747,SOP091-002781,2025-03-28,cerrado
EV005748,SOP091-002782,2025-03-27,abierto
EV005749,SOP091-002782,2025-03-28,cerrado
EV005750,SOP091-002783,2025-03-27,abierto
EV005751,SOP091-002783,2025-03-28,cerrado
EV005752,SOP091-002784,2025-03-28,abierto
EV005753,SOP091-002784,2025-03-29,cerrado
EV005754,SOP091-002785,2025-03-28,abierto
EV005755,SOP091-002785,2025-03-29,cerrado
EV005756,SOP091-002786,2025-03-28,abierto
EV005757,SOP091-002787,2025-03-28,abierto
EV005758,SOP091-002787,2025-03-29,cerrado
EV005759,SOP091-002788,2025-03-28,abierto
EV005760,SOP091-002788,2025-03-29,cerrado
EV005761,SOP091-002789,2025-03-28,abierto
EV005762,SOP091-002790,2025-03-29,abierto
EV005763,SOP091-002790,2025-03-30,cerrado
EV005764,SOP091-002791,2025-03-29,abierto
EV005765,SOP091-002792,2025-03-29,abierto
EV005766,SOP091-002792,2025-03-30,cerrado
EV005767,SOP091-002792,2025-03-31,abierto
EV005768,SOP091-002792,2025-04-02,cerrado
EV005769,SOP091-002793,2025-03-29,abierto
EV005770,SOP091-002794,2025-03-29,abierto
EV005771,SOP091-002794,2025-03-30,cerrado
EV005772,SOP091-002795,2025-03-29,abierto
EV005773,SOP091-002796,2025-03-30,abierto
EV005774,SOP091-002796,2025-03-31,cerrado
EV005775,SOP091-002797,2025-03-30,abierto
EV005776,SOP091-002797,2025-03-31,cerrado
EV005777,SOP091-002798,2025-03-30,abierto
EV005778,SOP091-002798,2025-03-31,cerrado
EV005779,SOP091-002799,2025-03-30,abierto
EV005780,SOP091-002799,2025-03-31,cerrado
EV005781,SOP091-002799,2025-04-01,abierto
EV005782,SOP091-002799,2025-04-03,cerrado
EV005783,SOP091-002800,2025-03-30,abierto
EV005784,SOP091-002800,2025-03-31,cerrado
EV005785,SOP091-002801,2025-03-30,abierto
EV005786,SOP091-002801,2025-03-31,cerrado
EV005787,SOP091-002802,2025-03-31,abierto
EV005788,SOP091-002802,2025-04-02,cerrado
EV005789,SOP091-002803,2025-03-31,abierto
EV005790,SOP091-002803,2025-04-01,cerrado
EV005791,SOP091-002804,2025-03-31,abierto
EV005792,SOP091-002804,2025-04-01,cerrado
EV005793,SOP091-002805,2025-03-31,abierto
EV005794,SOP091-002805,2025-04-01,cerrado
EV005795,SOP091-002806,2025-03-31,abierto
EV005796,SOP091-002806,2025-04-01,cerrado
EV005797,SOP091-002807,2025-03-31,abierto
EV005798,SOP091-002807,2025-04-01,cerrado
EV005799,SOP091-002808,2025-03-31,abierto
EV005800,SOP091-002808,2025-04-01,cerrado
EV005801,SOP091-002809,2025-04-01,abierto
EV005802,SOP091-002809,2025-04-02,cerrado
EV005803,SOP091-002810,2025-04-01,abierto
EV005804,SOP091-002811,2025-04-01,abierto
EV005805,SOP091-002811,2025-04-03,cerrado
EV005806,SOP091-002812,2025-04-01,abierto
EV005807,SOP091-002812,2025-04-02,cerrado
EV005808,SOP091-002813,2025-04-01,abierto
EV005809,SOP091-002814,2025-04-01,abierto
EV005810,SOP091-002814,2025-04-02,cerrado
EV005811,SOP091-002815,2025-04-02,abierto
EV005812,SOP091-002816,2025-04-02,abierto
EV005813,SOP091-002816,2025-04-03,cerrado
EV005814,SOP091-002817,2025-04-02,abierto
EV005815,SOP091-002817,2025-04-04,cerrado
EV005816,SOP091-002818,2025-04-02,abierto
EV005817,SOP091-002818,2025-04-04,cerrado
EV005818,SOP091-002819,2025-04-02,abierto
EV005819,SOP091-002819,2025-04-03,cerrado
EV005820,SOP091-002820,2025-04-02,abierto
EV005821,SOP091-002821,2025-04-03,abierto
EV005822,SOP091-002821,2025-04-04,cerrado
EV005823,SOP091-002822,2025-04-03,abierto
EV005824,SOP091-002822,2025-04-04,cerrado
EV005825,SOP091-002823,2025-04-03,abierto
EV005826,SOP091-002823,2025-04-04,cerrado
EV005827,SOP091-002824,2025-04-03,abierto
EV005828,SOP091-002824,2025-04-04,cerrado
EV005829,SOP091-002825,2025-04-03,abierto
EV005830,SOP091-002826,2025-04-03,abierto
EV005831,SOP091-002826,2025-04-04,cerrado
EV005832,SOP091-002827,2025-04-04,abierto
EV005833,SOP091-002827,2025-04-05,cerrado
EV005834,SOP091-002827,2025-04-06,abierto
EV005835,SOP091-002827,2025-04-08,cerrado
EV005836,SOP091-002828,2025-04-04,abierto
EV005837,SOP091-002828,2025-04-05,cerrado
EV005838,SOP091-002829,2025-04-04,abierto
EV005839,SOP091-002829,2025-04-05,cerrado
EV005840,SOP091-002829,2025-04-06,abierto
EV005841,SOP091-002829,2025-04-08,cerrado
EV005842,SOP091-002830,2025-04-04,abierto
EV005843,SOP091-002831,2025-04-04,abierto
EV005844,SOP091-002831,2025-04-05,cerrado
EV005845,SOP091-002832,2025-04-04,abierto
EV005846,SOP091-002832,2025-04-08,cerrado
EV005847,SOP091-002833,2025-04-05,abierto
EV005848,SOP091-002834,2025-04-05,abierto
EV005849,SOP091-002835,2025-04-05,abierto
EV005850,SOP091-002835,2025-04-06,cerrado
EV005851,SOP091-002836,2025-04-05,abierto
EV005852,SOP091-002836,2025-04-06,cerrado
EV005853,SOP091-002836,2025-04-07,abierto
EV005854,SOP091-002836,2025-04-09,cerrado
EV005855,SOP091-002837,2025-04-05,abierto
EV005856,SOP091-002837,2025-04-07,cerrado
EV005857,SOP091-002838,2025-04-05,abierto
EV005858,SOP091-002838,2025-04-07,cerrado
EV005859,SOP091-002839,2025-04-06,abierto
EV005860,SOP091-002839,2025-04-07,cerrado
EV005861,SOP091-002840,2025-04-06,abierto
EV005862,SOP091-002840,2025-04-07,cerrado
EV005863,SOP091-002840,2025-04-08,abierto
EV005864,SOP091-002840,2025-04-10,cerrado
EV005865,SOP091-002841,2025-04-06,abierto
EV005866,SOP091-002841,2025-04-07,cerrado
EV005867,SOP091-002841,2025-04-08,abierto
EV005868,SOP091-002841,2025-04-10,cerrado
EV005869,SOP091-002842,2025-04-06,abierto
EV005870,SOP091-002842,2025-04-07,cerrado
EV005871,SOP091-002843,2025-04-06,abierto
EV005872,SOP091-002843,2025-04-07,cerrado
EV005873,SOP091-002843,2025-04-08,abierto
EV005874,SOP091-002843,2025-04-10,cerrado
EV005875,SOP091-002844,2025-04-06,abierto
EV005876,SOP091-002844,2025-04-07,cerrado
EV005877,SOP091-002845,2025-04-06,abierto
EV005878,SOP091-002845,2025-04-07,cerrado
EV005879,SOP091-002846,2025-04-07,abierto
EV005880,SOP091-002846,2025-04-08,cerrado
EV005881,SOP091-002847,2025-04-07,abierto
EV005882,SOP091-002847,2025-04-08,cerrado
EV005883,SOP091-002848,2025-04-07,abierto
EV005884,SOP091-002848,2025-04-08,cerrado
EV005885,SOP091-002849,2025-04-07,abierto
EV005886,SOP091-002850,2025-04-07,abierto
EV005887,SOP091-002850,2025-04-10,cerrado
EV005888,SOP091-002851,2025-04-07,abierto
EV005889,SOP091-002851,2025-04-08,cerrado
EV005890,SOP091-002852,2025-04-08,abierto
EV005891,SOP091-002852,2025-04-09,cerrado
EV005892,SOP091-002853,2025-04-08,abierto
EV005893,SOP091-002853,2025-04-09,cerrado
EV005894,SOP091-002853,2025-04-10,abierto
EV005895,SOP091-002853,2025-04-13,cerrado
EV005896,SOP091-002854,2025-04-08,abierto
EV005897,SOP091-002854,2025-04-09,cerrado
EV005898,SOP091-002855,2025-04-08,abierto
EV005899,SOP091-002855,2025-04-09,cerrado
EV005900,SOP091-002856,2025-04-08,abierto
EV005901,SOP091-002856,2025-04-09,cerrado
EV005902,SOP091-002857,2025-04-08,abierto
EV005903,SOP091-002858,2025-04-09,abierto
EV005904,SOP091-002859,2025-04-09,abierto
EV005905,SOP091-002859,2025-04-10,cerrado
EV005906,SOP091-002860,2025-04-09,abierto
EV005907,SOP091-002861,2025-04-09,abierto
EV005908,SOP091-002862,2025-04-09,abierto
EV005909,SOP091-002862,2025-04-11,cerrado
EV005910,SOP091-002863,2025-04-09,abierto
EV005911,SOP091-002863,2025-04-10,cerrado
EV005912,SOP091-002864,2025-04-10,abierto
EV005913,SOP091-002864,2025-04-11,cerrado
EV005914,SOP091-002865,2025-04-10,abierto
EV005915,SOP091-002865,2025-04-13,cerrado
EV005916,SOP091-002866,2025-04-10,abierto
EV005917,SOP091-002866,2025-04-11,cerrado
EV005918,SOP091-002867,2025-04-10,abierto
EV005919,SOP091-002867,2025-04-11,cerrado
EV005920,SOP091-002868,2025-04-10,abierto
EV005921,SOP091-002869,2025-04-10,abierto
EV005922,SOP091-002870,2025-04-11,abierto
EV005923,SOP091-002870,2025-04-13,cerrado
EV005924,SOP091-002871,2025-04-11,abierto
EV005925,SOP091-002871,2025-04-12,cerrado
EV005926,SOP091-002872,2025-04-11,abierto
EV005927,SOP091-002872,2025-04-12,cerrado
EV005928,SOP091-002873,2025-04-11,abierto
EV005929,SOP091-002873,2025-04-12,cerrado
EV005930,SOP091-002873,2025-04-13,abierto
EV005931,SOP091-002873,2025-04-15,cerrado
EV005932,SOP091-002874,2025-04-11,abierto
EV005933,SOP091-002874,2025-04-13,cerrado
EV005934,SOP091-002875,2025-04-11,abierto
EV005935,SOP091-002875,2025-04-12,cerrado
EV005936,SOP091-002876,2025-04-12,abierto
EV005937,SOP091-002877,2025-04-12,abierto
EV005938,SOP091-002877,2025-04-13,cerrado
EV005939,SOP091-002878,2025-04-12,abierto
EV005940,SOP091-002878,2025-04-13,cerrado
EV005941,SOP091-002879,2025-04-12,abierto
EV005942,SOP091-002879,2025-04-14,cerrado
EV005943,SOP091-002880,2025-04-12,abierto
EV005944,SOP091-002880,2025-04-13,cerrado
EV005945,SOP091-002880,2025-04-14,abierto
EV005946,SOP091-002880,2025-04-16,cerrado
EV005947,SOP091-002881,2025-04-12,abierto
EV005948,SOP091-002881,2025-04-13,cerrado
EV005949,SOP091-002882,2025-04-13,abierto
EV005950,SOP091-002882,2025-04-14,cerrado
EV005951,SOP091-002883,2025-04-13,abierto
EV005952,SOP091-002883,2025-04-14,cerrado
EV005953,SOP091-002884,2025-04-13,abierto
EV005954,SOP091-002884,2025-04-14,cerrado
EV005955,SOP091-002885,2025-04-13,abierto
EV005956,SOP091-002885,2025-04-14,cerrado
EV005957,SOP091-002886,2025-04-13,abierto
EV005958,SOP091-002886,2025-04-14,cerrado
EV005959,SOP091-002887,2025-04-13,abierto
EV005960,SOP091-002887,2025-04-14,cerrado
EV005961,SOP091-002888,2025-04-13,abierto
EV005962,SOP091-002888,2025-04-14,cerrado
EV005963,SOP091-002889,2025-04-14,abierto
EV005964,SOP091-002890,2025-04-14,abierto
EV005965,SOP091-002890,2025-04-15,cerrado
EV005966,SOP091-002891,2025-04-14,abierto
EV005967,SOP091-002891,2025-04-15,cerrado
EV005968,SOP091-002892,2025-04-14,abierto
EV005969,SOP091-002893,2025-04-14,abierto
EV005970,SOP091-002893,2025-04-15,cerrado
EV005971,SOP091-002893,2025-04-16,abierto
EV005972,SOP091-002893,2025-04-19,cerrado
EV005973,SOP091-002894,2025-04-14,abierto
EV005974,SOP091-002895,2025-04-15,abierto
EV005975,SOP091-002895,2025-04-16,cerrado
EV005976,SOP091-002895,2025-04-17,abierto
EV005977,SOP091-002895,2025-04-19,cerrado
EV005978,SOP091-002896,2025-04-15,abierto
EV005979,SOP091-002896,2025-04-16,cerrado
EV005980,SOP091-002897,2025-04-15,abierto
EV005981,SOP091-002897,2025-04-16,cerrado
EV005982,SOP091-002898,2025-04-15,abierto
EV005983,SOP091-002899,2025-04-15,abierto
EV005984,SOP091-002899,2025-04-16,cerrado
EV005985,SOP091-002900,2025-04-15,abierto
EV005986,SOP091-002900,2025-04-16,cerrado
EV005987,SOP091-002901,2025-04-16,abierto
EV005988,SOP091-002901,2025-04-17,cerrado
EV005989,SOP091-002902,2025-04-16,abierto
EV005990,SOP091-002902,2025-04-17,cerrado
EV005991,SOP091-002903,2025-04-16,abierto
EV005992,SOP091-002904,2025-04-16,abierto
EV005993,SOP091-002904,2025-04-17,cerrado
EV005994,SOP091-002905,2025-04-16,abierto
EV005995,SOP091-002905,2025-04-17,cerrado
EV005996,SOP091-002906,2025-04-16,abierto
EV005997,SOP091-002906,2025-04-17,cerrado
EV005998,SOP091-002907,2025-04-17,abierto
EV005999,SOP091-002907,2025-04-18,cerrado
EV006000,SOP091-002908,2025-04-17,abierto
EV006001,SOP091-002908,2025-04-18,cerrado
EV006002,SOP091-002909,2025-04-17,abierto
EV006003,SOP091-002909,2025-04-18,cerrado
EV006004,SOP091-002910,2025-04-17,abierto
EV006005,SOP091-002910,2025-04-18,cerrado
EV006006,SOP091-002911,2025-04-17,abierto
EV006007,SOP091-002911,2025-04-18,cerrado
EV006008,SOP091-002912,2025-04-17,abierto
EV006009,SOP091-002912,2025-04-18,cerrado
EV006010,SOP091-002913,2025-04-18,abierto
EV006011,SOP091-002914,2025-04-18,abierto
EV006012,SOP091-002914,2025-04-19,cerrado
EV006013,SOP091-002915,2025-04-18,abierto
EV006014,SOP091-002916,2025-04-18,abierto
EV006015,SOP091-002916,2025-04-19,cerrado
EV006016,SOP091-002917,2025-04-18,abierto
EV006017,SOP091-002917,2025-04-19,cerrado
EV006018,SOP091-002918,2025-04-18,abierto
EV006019,SOP091-002918,2025-04-19,cerrado
EV006020,SOP091-002918,2025-04-20,abierto
EV006021,SOP091-002918,2025-04-22,cerrado
EV006022,SOP091-002919,2025-04-19,abierto
EV006023,SOP091-002919,2025-04-20,cerrado
EV006024,SOP091-002920,2025-04-19,abierto
EV006025,SOP091-002920,2025-04-20,cerrado
EV006026,SOP091-002921,2025-04-19,abierto
EV006027,SOP091-002921,2025-04-20,cerrado
EV006028,SOP091-002922,2025-04-19,abierto
EV006029,SOP091-002923,2025-04-19,abierto
EV006030,SOP091-002923,2025-04-20,cerrado
EV006031,SOP091-002924,2025-04-19,abierto
EV006032,SOP091-002925,2025-04-19,abierto
EV006033,SOP091-002925,2025-04-20,cerrado
EV006034,SOP091-002925,2025-04-21,abierto
EV006035,SOP091-002925,2025-04-25,cerrado
EV006036,SOP091-002926,2025-04-20,abierto
EV006037,SOP091-002926,2025-04-21,cerrado
EV006038,SOP091-002927,2025-04-20,abierto
EV006039,SOP091-002927,2025-04-21,cerrado
EV006040,SOP091-002928,2025-04-20,abierto
EV006041,SOP091-002928,2025-04-21,cerrado
EV006042,SOP091-002929,2025-04-20,abierto
EV006043,SOP091-002929,2025-04-21,cerrado
EV006044,SOP091-002930,2025-04-20,abierto
EV006045,SOP091-002930,2025-04-21,cerrado
EV006046,SOP091-002931,2025-04-20,abierto
EV006047,SOP091-002931,2025-04-21,cerrado
EV006048,SOP091-002932,2025-04-21,abierto
EV006049,SOP091-002933,2025-04-21,abierto
EV006050,SOP091-002933,2025-04-22,cerrado
EV006051,SOP091-002934,2025-04-21,abierto
EV006052,SOP091-002934,2025-04-22,cerrado
EV006053,SOP091-002935,2025-04-21,abierto
EV006054,SOP091-002935,2025-04-22,cerrado
EV006055,SOP091-002936,2025-04-21,abierto
EV006056,SOP091-002936,2025-04-22,cerrado
EV006057,SOP091-002937,2025-04-21,abierto
EV006058,SOP091-002938,2025-04-22,abierto
EV006059,SOP091-002938,2025-04-23,cerrado
EV006060,SOP091-002939,2025-04-22,abierto
EV006061,SOP091-002939,2025-04-23,cerrado
EV006062,SOP091-002940,2025-04-22,abierto
EV006063,SOP091-002940,2025-04-23,cerrado
EV006064,SOP091-002941,2025-04-22,abierto
EV006065,SOP091-002941,2025-04-23,cerrado
EV006066,SOP091-002942,2025-04-22,abierto
EV006067,SOP091-002942,2025-04-23,cerrado
EV006068,SOP091-002942,2025-04-24,abierto
EV006069,SOP091-002942,2025-04-26,cerrado
EV006070,SOP091-002943,2025-04-22,abierto
EV006071,SOP091-002943,2025-04-24,cerrado
EV006072,SOP091-002944,2025-04-23,abierto
EV006073,SOP091-002944,2025-04-24,cerrado
EV006074,SOP091-002945,2025-04-23,abierto
EV006075,SOP091-002946,2025-04-23,abierto
EV006076,SOP091-002946,2025-04-24,cerrado
EV006077,SOP091-002947,2025-04-23,abierto
EV006078,SOP091-002947,2025-04-24,cerrado
EV006079,SOP091-002947,2025-04-25,abierto
EV006080,SOP091-002947,2025-04-27,cerrado
EV006081,SOP091-002948,2025-04-23,abierto
EV006082,SOP091-002948,2025-04-24,cerrado
EV006083,SOP091-002949,2025-04-23,abierto
EV006084,SOP091-002949,2025-04-24,cerrado
EV006085,SOP091-002950,2025-04-24,abierto
EV006086,SOP091-002950,2025-04-25,cerrado
EV006087,SOP091-002951,2025-04-24,abierto
EV006088,SOP091-002952,2025-04-24,abierto
EV006089,SOP091-002952,2025-04-25,cerrado
EV006090,SOP091-002953,2025-04-24,abierto
EV006091,SOP091-002953,2025-04-25,cerrado
EV006092,SOP091-002954,2025-04-24,abierto
EV006093,SOP091-002955,2025-04-24,abierto
EV006094,SOP091-002955,2025-04-25,cerrado
EV006095,SOP091-002956,2025-04-25,abierto
EV006096,SOP091-002956,2025-04-26,cerrado
EV006097,SOP091-002957,2025-04-25,abierto
EV006098,SOP091-002958,2025-04-25,abierto
EV006099,SOP091-002959,2025-04-25,abierto
EV006100,SOP091-002960,2025-04-25,abierto
EV006101,SOP091-002960,2025-04-26,cerrado
EV006102,SOP091-002961,2025-04-25,abierto
EV006103,SOP091-002961,2025-04-26,cerrado
EV006104,SOP091-002962,2025-04-25,abierto
EV006105,SOP091-002962,2025-04-26,cerrado
EV006106,SOP091-002962,2025-04-27,abierto
EV006107,SOP091-002962,2025-04-29,cerrado
EV006108,SOP091-002963,2025-04-26,abierto
EV006109,SOP091-002964,2025-04-26,abierto
EV006110,SOP091-002964,2025-04-27,cerrado
EV006111,SOP091-002965,2025-04-26,abierto
EV006112,SOP091-002966,2025-04-26,abierto
EV006113,SOP091-002966,2025-04-30,cerrado
EV006114,SOP091-002967,2025-04-26,abierto
EV006115,SOP091-002967,2025-04-27,cerrado
EV006116,SOP091-002968,2025-04-26,abierto
EV006117,SOP091-002968,2025-04-27,cerrado
EV006118,SOP091-002969,2025-04-27,abierto
EV006119,SOP091-002969,2025-04-28,cerrado
EV006120,SOP091-002969,2025-04-29,abierto
EV006121,SOP091-002969,2025-05-01,cerrado
EV006122,SOP091-002970,2025-04-27,abierto
EV006123,SOP091-002970,2025-04-28,cerrado
EV006124,SOP091-002971,2025-04-27,abierto
EV006125,SOP091-002971,2025-04-28,cerrado
EV006126,SOP091-002972,2025-04-27,abierto
EV006127,SOP091-002972,2025-04-28,cerrado
EV006128,SOP091-002972,2025-04-29,abierto
EV006129,SOP091-002972,2025-05-02,cerrado
EV006130,SOP091-002973,2025-04-27,abierto
EV006131,SOP091-002973,2025-04-29,cerrado
EV006132,SOP091-002974,2025-04-27,abierto
EV006133,SOP091-002974,2025-04-28,cerrado
EV006134,SOP091-002975,2025-04-28,abierto
EV006135,SOP091-002975,2025-04-29,cerrado
EV006136,SOP091-002976,2025-04-28,abierto
EV006137,SOP091-002976,2025-04-30,cerrado
EV006138,SOP091-002977,2025-04-28,abierto
EV006139,SOP091-002977,2025-04-29,cerrado
EV006140,SOP091-002978,2025-04-28,abierto
EV006141,SOP091-002978,2025-04-29,cerrado
EV006142,SOP091-002979,2025-04-28,abierto
EV006143,SOP091-002980,2025-04-28,abierto
EV006144,SOP091-002980,2025-04-29,cerrado
EV006145,SOP091-002981,2025-04-29,abierto
EV006146,SOP091-002982,2025-04-29,abierto
EV006147,SOP091-002982,2025-04-30,cerrado
EV006148,SOP091-002982,2025-05-01,abierto
EV006149,SOP091-002982,2025-05-03,cerrado
EV006150,SOP091-002983,2025-04-29,abierto
EV006151,SOP091-002984,2025-04-29,abierto
EV006152,SOP091-002984,2025-04-30,cerrado
EV006153,SOP091-002984,2025-05-01,abierto
EV006154,SOP091-002984,2025-05-03,cerrado
EV006155,SOP091-002985,2025-04-29,abierto
EV006156,SOP091-002985,2025-05-01,cerrado
EV006157,SOP091-002986,2025-04-29,abierto
EV006158,SOP091-002986,2025-04-30,cerrado
EV006159,SOP091-002987,2025-04-30,abierto
EV006160,SOP091-002988,2025-04-30,abierto
EV006161,SOP091-002988,2025-05-02,cerrado
EV006162,SOP091-002989,2025-04-30,abierto
EV006163,SOP091-002989,2025-05-01,cerrado
EV006164,SOP091-002990,2025-04-30,abierto
EV006165,SOP091-002990,2025-05-01,cerrado
EV006166,SOP091-002991,2025-04-30,abierto
EV006167,SOP091-002992,2025-04-30,abierto
EV006168,SOP091-002992,2025-05-01,cerrado
EV006169,SOP091-002992,2025-05-02,abierto
EV006170,SOP091-002992,2025-05-04,cerrado
EV006171,SOP091-002993,2025-05-01,abierto
EV006172,SOP091-002993,2025-05-02,cerrado
EV006173,SOP091-002994,2025-05-01,abierto
EV006174,SOP091-002994,2025-05-02,cerrado
EV006175,SOP091-002995,2025-05-01,abierto
EV006176,SOP091-002996,2025-05-01,abierto
EV006177,SOP091-002996,2025-05-02,cerrado
EV006178,SOP091-002997,2025-05-01,abierto
EV006179,SOP091-002997,2025-05-02,cerrado
EV006180,SOP091-002998,2025-05-01,abierto
EV006181,SOP091-002998,2025-05-02,cerrado
EV006182,SOP091-002999,2025-05-02,abierto
EV006183,SOP091-003000,2025-05-02,abierto
EV006184,SOP091-003000,2025-05-03,cerrado
EV006185,SOP091-003001,2025-05-02,abierto
EV006186,SOP091-003001,2025-05-03,cerrado
EV006187,SOP091-003002,2025-05-02,abierto
EV006188,SOP091-003002,2025-05-03,cerrado
EV006189,SOP091-003003,2025-05-02,abierto
EV006190,SOP091-003003,2025-05-03,cerrado
EV006191,SOP091-003003,2025-05-04,abierto
EV006192,SOP091-003003,2025-05-06,cerrado
EV006193,SOP091-003004,2025-05-02,abierto
EV006194,SOP091-003005,2025-05-02,abierto
EV006195,SOP091-003005,2025-05-03,cerrado
EV006196,SOP091-003005,2025-05-04,abierto
EV006197,SOP091-003005,2025-05-06,cerrado
EV006198,SOP091-003006,2025-05-03,abierto
EV006199,SOP091-003006,2025-05-04,cerrado
EV006200,SOP091-003007,2025-05-03,abierto
EV006201,SOP091-003007,2025-05-04,cerrado
EV006202,SOP091-003008,2025-05-03,abierto
EV006203,SOP091-003008,2025-05-05,cerrado
EV006204,SOP091-003009,2025-05-03,abierto
EV006205,SOP091-003009,2025-05-04,cerrado
EV006206,SOP091-003010,2025-05-03,abierto
EV006207,SOP091-003010,2025-05-04,cerrado
EV006208,SOP091-003011,2025-05-03,abierto
EV006209,SOP091-003011,2025-05-04,cerrado
EV006210,SOP091-003012,2025-05-04,abierto
EV006211,SOP091-003012,2025-05-05,cerrado
EV006212,SOP091-003013,2025-05-04,abierto
EV006213,SOP091-003013,2025-05-05,cerrado
EV006214,SOP091-003014,2025-05-04,abierto
EV006215,SOP091-003014,2025-05-05,cerrado
EV006216,SOP091-003015,2025-05-04,abierto
EV006217,SOP091-003015,2025-05-05,cerrado
EV006218,SOP091-003016,2025-05-04,abierto
EV006219,SOP091-003017,2025-05-04,abierto
EV006220,SOP091-003017,2025-05-06,cerrado
EV006221,SOP091-003018,2025-05-05,abierto
EV006222,SOP091-003018,2025-05-06,cerrado
EV006223,SOP091-003019,2025-05-05,abierto
EV006224,SOP091-003019,2025-05-06,cerrado
EV006225,SOP091-003020,2025-05-05,abierto
EV006226,SOP091-003020,2025-05-06,cerrado
EV006227,SOP091-003020,2025-05-07,abierto
EV006228,SOP091-003020,2025-05-09,cerrado
EV006229,SOP091-003021,2025-05-05,abierto
EV006230,SOP091-003021,2025-05-06,cerrado
EV006231,SOP091-003021,2025-05-07,abierto
EV006232,SOP091-003021,2025-05-09,cerrado
EV006233,SOP091-003022,2025-05-05,abierto
EV006234,SOP091-003022,2025-05-06,cerrado
EV006235,SOP091-003023,2025-05-05,abierto
EV006236,SOP091-003023,2025-05-06,cerrado
EV006237,SOP091-003024,2025-05-06,abierto
EV006238,SOP091-003024,2025-05-07,cerrado
EV006239,SOP091-003025,2025-05-06,abierto
EV006240,SOP091-003025,2025-05-07,cerrado
EV006241,SOP091-003026,2025-05-06,abierto
EV006242,SOP091-003026,2025-05-07,cerrado
EV006243,SOP091-003027,2025-05-06,abierto
EV006244,SOP091-003027,2025-05-07,cerrado
EV006245,SOP091-003028,2025-05-06,abierto
EV006246,SOP091-003028,2025-05-07,cerrado
EV006247,SOP091-003029,2025-05-06,abierto
EV006248,SOP091-003029,2025-05-07,cerrado
EV006249,SOP091-003030,2025-05-07,abierto
EV006250,SOP091-003030,2025-05-08,cerrado
EV006251,SOP091-003031,2025-05-07,abierto
EV006252,SOP091-003031,2025-05-08,cerrado
EV006253,SOP091-003032,2025-05-07,abierto
EV006254,SOP091-003032,2025-05-09,cerrado
EV006255,SOP091-003033,2025-05-07,abierto
EV006256,SOP091-003033,2025-05-08,cerrado
EV006257,SOP091-003034,2025-05-07,abierto
EV006258,SOP091-003034,2025-05-08,cerrado
EV006259,SOP091-003035,2025-05-07,abierto
EV006260,SOP091-003035,2025-05-09,cerrado
EV006261,SOP091-003036,2025-05-08,abierto
EV006262,SOP091-003036,2025-05-09,cerrado
EV006263,SOP091-003037,2025-05-08,abierto
EV006264,SOP091-003037,2025-05-09,cerrado
EV006265,SOP091-003038,2025-05-08,abierto
EV006266,SOP091-003038,2025-05-10,cerrado
EV006267,SOP091-003039,2025-05-08,abierto
EV006268,SOP091-003039,2025-05-10,cerrado
EV006269,SOP091-003040,2025-05-08,abierto
EV006270,SOP091-003040,2025-05-09,cerrado
EV006271,SOP091-003041,2025-05-08,abierto
EV006272,SOP091-003041,2025-05-09,cerrado
EV006273,SOP091-003042,2025-05-08,abierto
EV006274,SOP091-003042,2025-05-10,cerrado
EV006275,SOP091-003043,2025-05-09,abierto
EV006276,SOP091-003043,2025-05-10,cerrado
EV006277,SOP091-003044,2025-05-09,abierto
EV006278,SOP091-003044,2025-05-10,cerrado
EV006279,SOP091-003045,2025-05-09,abierto
EV006280,SOP091-003045,2025-05-10,cerrado
EV006281,SOP091-003046,2025-05-09,abierto
EV006282,SOP091-003046,2025-05-10,cerrado
EV006283,SOP091-003047,2025-05-09,abierto
EV006284,SOP091-003047,2025-05-10,cerrado
EV006285,SOP091-003048,2025-05-09,abierto
EV006286,SOP091-003048,2025-05-10,cerrado
EV006287,SOP091-003049,2025-05-10,abierto
EV006288,SOP091-003050,2025-05-10,abierto
EV006289,SOP091-003050,2025-05-11,cerrado
EV006290,SOP091-003051,2025-05-10,abierto
EV006291,SOP091-003051,2025-05-11,cerrado
EV006292,SOP091-003052,2025-05-10,abierto
EV006293,SOP091-003052,2025-05-11,cerrado
EV006294,SOP091-003053,2025-05-10,abierto
EV006295,SOP091-003053,2025-05-11,cerrado
EV006296,SOP091-003054,2025-05-10,abierto
EV006297,SOP091-003054,2025-05-11,cerrado
EV006298,SOP091-003055,2025-05-11,abierto
EV006299,SOP091-003055,2025-05-12,cerrado
EV006300,SOP091-003056,2025-05-11,abierto
EV006301,SOP091-003056,2025-05-12,cerrado
EV006302,SOP091-003057,2025-05-11,abierto
EV006303,SOP091-003058,2025-05-11,abierto
EV006304,SOP091-003058,2025-05-12,cerrado
EV006305,SOP091-003059,2025-05-11,abierto
EV006306,SOP091-003060,2025-05-11,abierto
EV006307,SOP091-003061,2025-05-12,abierto
EV006308,SOP091-003061,2025-05-13,cerrado
EV006309,SOP091-003062,2025-05-12,abierto
EV006310,SOP091-003062,2025-05-13,cerrado
EV006311,SOP091-003063,2025-05-12,abierto
EV006312,SOP091-003063,2025-05-13,cerrado
EV006313,SOP091-003064,2025-05-12,abierto
EV006314,SOP091-003065,2025-05-12,abierto
EV006315,SOP091-003065,2025-05-13,cerrado
EV006316,SOP091-003066,2025-05-12,abierto
EV006317,SOP091-003066,2025-05-13,cerrado
EV006318,SOP091-003067,2025-05-13,abierto
EV006319,SOP091-003067,2025-05-14,cerrado
EV006320,SOP091-003068,2025-05-13,abierto
EV006321,SOP091-003068,2025-05-14,cerrado
EV006322,SOP091-003069,2025-05-13,abierto
EV006323,SOP091-003069,2025-05-14,cerrado
EV006324,SOP091-003070,2025-05-13,abierto
EV006325,SOP091-003070,2025-05-15,cerrado
EV006326,SOP091-003071,2025-05-13,abierto
EV006327,SOP091-003071,2025-05-14,cerrado
EV006328,SOP091-003072,2025-05-13,abierto
EV006329,SOP091-003073,2025-05-14,abierto
EV006330,SOP091-003073,2025-05-15,cerrado
EV006331,SOP091-003074,2025-05-14,abierto
EV006332,SOP091-003075,2025-05-14,abierto
EV006333,SOP091-003076,2025-05-14,abierto
EV006334,SOP091-003076,2025-05-16,cerrado
EV006335,SOP091-003077,2025-05-14,abierto
EV006336,SOP091-003077,2025-05-16,cerrado
EV006337,SOP091-003078,2025-05-14,abierto
EV006338,SOP091-003078,2025-05-16,cerrado
EV006339,SOP091-003079,2025-05-15,abierto
EV006340,SOP091-003079,2025-05-16,cerrado
EV006341,SOP091-003080,2025-05-15,abierto
EV006342,SOP091-003080,2025-05-16,cerrado
EV006343,SOP091-003080,2025-05-17,abierto
EV006344,SOP091-003080,2025-05-19,cerrado
EV006345,SOP091-003081,2025-05-15,abierto
EV006346,SOP091-003081,2025-05-17,cerrado
EV006347,SOP091-003082,2025-05-15,abierto
EV006348,SOP091-003082,2025-05-16,cerrado
EV006349,SOP091-003083,2025-05-15,abierto
EV006350,SOP091-003083,2025-05-16,cerrado
EV006351,SOP091-003084,2025-05-15,abierto
EV006352,SOP091-003084,2025-05-16,cerrado
EV006353,SOP091-003085,2025-05-15,abierto
EV006354,SOP091-003085,2025-05-16,cerrado
EV006355,SOP091-003086,2025-05-16,abierto
EV006356,SOP091-003087,2025-05-16,abierto
EV006357,SOP091-003087,2025-05-17,cerrado
EV006358,SOP091-003088,2025-05-16,abierto
EV006359,SOP091-003088,2025-05-17,cerrado
EV006360,SOP091-003089,2025-05-16,abierto
EV006361,SOP091-003089,2025-05-17,cerrado
EV006362,SOP091-003090,2025-05-16,abierto
EV006363,SOP091-003090,2025-05-17,cerrado
EV006364,SOP091-003091,2025-05-16,abierto
EV006365,SOP091-003091,2025-05-17,cerrado
EV006366,SOP091-003092,2025-05-17,abierto
EV006367,SOP091-003092,2025-05-18,cerrado
EV006368,SOP091-003093,2025-05-17,abierto
EV006369,SOP091-003093,2025-05-18,cerrado
EV006370,SOP091-003094,2025-05-17,abierto
EV006371,SOP091-003094,2025-05-18,cerrado
EV006372,SOP091-003095,2025-05-17,abierto
EV006373,SOP091-003095,2025-05-18,cerrado
EV006374,SOP091-003095,2025-05-19,abierto
EV006375,SOP091-003095,2025-05-21,cerrado
EV006376,SOP091-003096,2025-05-17,abierto
EV006377,SOP091-003096,2025-05-18,cerrado
EV006378,SOP091-003097,2025-05-17,abierto
EV006379,SOP091-003097,2025-05-18,cerrado
EV006380,SOP091-003098,2025-05-18,abierto
EV006381,SOP091-003098,2025-05-19,cerrado
EV006382,SOP091-003099,2025-05-18,abierto
EV006383,SOP091-003099,2025-05-19,cerrado
EV006384,SOP091-003100,2025-05-18,abierto
EV006385,SOP091-003100,2025-05-19,cerrado
EV006386,SOP091-003101,2025-05-18,abierto
EV006387,SOP091-003101,2025-05-19,cerrado
EV006388,SOP091-003102,2025-05-18,abierto
EV006389,SOP091-003102,2025-05-19,cerrado
EV006390,SOP091-003103,2025-05-18,abierto
EV006391,SOP091-003104,2025-05-19,abierto
EV006392,SOP091-003104,2025-05-20,cerrado
EV006393,SOP091-003105,2025-05-19,abierto
EV006394,SOP091-003105,2025-05-20,cerrado
EV006395,SOP091-003106,2025-05-19,abierto
EV006396,SOP091-003106,2025-05-20,cerrado
EV006397,SOP091-003107,2025-05-19,abierto
EV006398,SOP091-003107,2025-05-20,cerrado
EV006399,SOP091-003108,2025-05-19,abierto
EV006400,SOP091-003108,2025-05-20,cerrado
EV006401,SOP091-003109,2025-05-19,abierto
EV006402,SOP091-003109,2025-05-20,cerrado
EV006403,SOP091-003110,2025-05-20,abierto
EV006404,SOP091-003110,2025-05-21,cerrado
EV006405,SOP091-003111,2025-05-20,abierto
EV006406,SOP091-003111,2025-05-21,cerrado
EV006407,SOP091-003112,2025-05-20,abierto
EV006408,SOP091-003112,2025-05-21,cerrado
EV006409,SOP091-003113,2025-05-20,abierto
EV006410,SOP091-003113,2025-05-21,cerrado
EV006411,SOP091-003113,2025-05-22,abierto
EV006412,SOP091-003113,2025-05-24,cerrado
EV006413,SOP091-003114,2025-05-20,abierto
EV006414,SOP091-003114,2025-05-21,cerrado
EV006415,SOP091-003115,2025-05-20,abierto
EV006416,SOP091-003116,2025-05-21,abierto
EV006417,SOP091-003116,2025-05-22,cerrado
EV006418,SOP091-003117,2025-05-21,abierto
EV006419,SOP091-003117,2025-05-23,cerrado
EV006420,SOP091-003118,2025-05-21,abierto
EV006421,SOP091-003118,2025-05-22,cerrado
EV006422,SOP091-003119,2025-05-21,abierto
EV006423,SOP091-003119,2025-05-22,cerrado
EV006424,SOP091-003120,2025-05-21,abierto
EV006425,SOP091-003120,2025-05-23,cerrado
EV006426,SOP091-003121,2025-05-21,abierto
EV006427,SOP091-003121,2025-05-22,cerrado
EV006428,SOP091-003122,2025-05-21,abierto
EV006429,SOP091-003122,2025-05-22,cerrado
EV006430,SOP091-003123,2025-05-22,abierto
EV006431,SOP091-003123,2025-05-23,cerrado
EV006432,SOP091-003124,2025-05-22,abierto
EV006433,SOP091-003124,2025-05-23,cerrado
EV006434,SOP091-003125,2025-05-22,abierto
EV006435,SOP091-003125,2025-05-23,cerrado
EV006436,SOP091-003126,2025-05-22,abierto
EV006437,SOP091-003127,2025-05-22,abierto
EV006438,SOP091-003127,2025-05-23,cerrado
EV006439,SOP091-003128,2025-05-22,abierto
EV006440,SOP091-003128,2025-05-23,cerrado
EV006441,SOP091-003129,2025-05-23,abierto
EV006442,SOP091-003129,2025-05-24,cerrado
EV006443,SOP091-003130,2025-05-23,abierto
EV006444,SOP091-003130,2025-05-24,cerrado
EV006445,SOP091-003131,2025-05-23,abierto
EV006446,SOP091-003131,2025-05-24,cerrado
EV006447,SOP091-003131,2025-05-25,abierto
EV006448,SOP091-003131,2025-05-27,cerrado
EV006449,SOP091-003132,2025-05-23,abierto
EV006450,SOP091-003133,2025-05-23,abierto
EV006451,SOP091-003133,2025-05-24,cerrado
EV006452,SOP091-003134,2025-05-23,abierto
EV006453,SOP091-003134,2025-05-24,cerrado
EV006454,SOP091-003135,2025-05-24,abierto
EV006455,SOP091-003135,2025-05-25,cerrado
EV006456,SOP091-003136,2025-05-24,abierto
EV006457,SOP091-003136,2025-05-25,cerrado
EV006458,SOP091-003137,2025-05-24,abierto
EV006459,SOP091-003137,2025-05-25,cerrado
EV006460,SOP091-003138,2025-05-24,abierto
EV006461,SOP091-003138,2025-05-25,cerrado
EV006462,SOP091-003139,2025-05-24,abierto
EV006463,SOP091-003139,2025-05-25,cerrado
EV006464,SOP091-003140,2025-05-24,abierto
EV006465,SOP091-003140,2025-05-27,cerrado
EV006466,SOP091-003141,2025-05-25,abierto
EV006467,SOP091-003141,2025-05-26,cerrado
EV006468,SOP091-003142,2025-05-25,abierto
EV006469,SOP091-003143,2025-05-25,abierto
EV006470,SOP091-003144,2025-05-25,abierto
EV006471,SOP091-003144,2025-05-26,cerrado
EV006472,SOP091-003145,2025-05-25,abierto
EV006473,SOP091-003145,2025-05-26,cerrado
EV006474,SOP091-003146,2025-05-25,abierto
EV006475,SOP091-003146,2025-05-26,cerrado
EV006476,SOP091-003147,2025-05-26,abierto
EV006477,SOP091-003147,2025-05-27,cerrado
EV006478,SOP091-003148,2025-05-26,abierto
EV006479,SOP091-003148,2025-05-27,cerrado
EV006480,SOP091-003149,2025-05-26,abierto
EV006481,SOP091-003149,2025-05-27,cerrado
EV006482,SOP091-003150,2025-05-26,abierto
EV006483,SOP091-003150,2025-05-27,cerrado
EV006484,SOP091-003151,2025-05-26,abierto
EV006485,SOP091-003152,2025-05-26,abierto
EV006486,SOP091-003152,2025-05-27,cerrado
EV006487,SOP091-003153,2025-05-27,abierto
EV006488,SOP091-003153,2025-05-28,cerrado
EV006489,SOP091-003154,2025-05-27,abierto
EV006490,SOP091-003155,2025-05-27,abierto
EV006491,SOP091-003156,2025-05-27,abierto
EV006492,SOP091-003156,2025-05-28,cerrado
EV006493,SOP091-003157,2025-05-27,abierto
EV006494,SOP091-003157,2025-05-29,cerrado
EV006495,SOP091-003158,2025-05-27,abierto
EV006496,SOP091-003158,2025-05-28,cerrado
EV006497,SOP091-003159,2025-05-27,abierto
EV006498,SOP091-003160,2025-05-28,abierto
EV006499,SOP091-003160,2025-05-29,cerrado
EV006500,SOP091-003161,2025-05-28,abierto
EV006501,SOP091-003161,2025-05-29,cerrado
EV006502,SOP091-003162,2025-05-28,abierto
EV006503,SOP091-003162,2025-05-29,cerrado
EV006504,SOP091-003163,2025-05-28,abierto
EV006505,SOP091-003163,2025-05-29,cerrado
EV006506,SOP091-003164,2025-05-28,abierto
EV006507,SOP091-003164,2025-05-29,cerrado
EV006508,SOP091-003165,2025-05-28,abierto
EV006509,SOP091-003165,2025-05-29,cerrado
EV006510,SOP091-003166,2025-05-29,abierto
EV006511,SOP091-003166,2025-05-30,cerrado
EV006512,SOP091-003167,2025-05-29,abierto
EV006513,SOP091-003167,2025-05-30,cerrado
EV006514,SOP091-003168,2025-05-29,abierto
EV006515,SOP091-003169,2025-05-29,abierto
EV006516,SOP091-003169,2025-05-30,cerrado
EV006517,SOP091-003170,2025-05-29,abierto
EV006518,SOP091-003170,2025-05-30,cerrado
EV006519,SOP091-003170,2025-05-31,abierto
EV006520,SOP091-003170,2025-06-02,cerrado
EV006521,SOP091-003171,2025-05-29,abierto
EV006522,SOP091-003171,2025-05-30,cerrado
EV006523,SOP091-003172,2025-05-30,abierto
EV006524,SOP091-003173,2025-05-30,abierto
EV006525,SOP091-003173,2025-06-01,cerrado
EV006526,SOP091-003174,2025-05-30,abierto
EV006527,SOP091-003174,2025-05-31,cerrado
EV006528,SOP091-003175,2025-05-30,abierto
EV006529,SOP091-003176,2025-05-30,abierto
EV006530,SOP091-003176,2025-06-02,cerrado
EV006531,SOP091-003177,2025-05-30,abierto
EV006532,SOP091-003177,2025-05-31,cerrado
EV006533,SOP091-003178,2025-05-31,abierto
EV006534,SOP091-003179,2025-05-31,abierto
EV006535,SOP091-003179,2025-06-01,cerrado
EV006536,SOP091-003180,2025-05-31,abierto
EV006537,SOP091-003180,2025-06-01,cerrado
EV006538,SOP091-003181,2025-05-31,abierto
EV006539,SOP091-003181,2025-06-01,cerrado
EV006540,SOP091-003182,2025-05-31,abierto
EV006541,SOP091-003182,2025-06-01,cerrado
EV006542,SOP091-003183,2025-05-31,abierto
EV006543,SOP091-003183,2025-06-01,cerrado
EV006544,SOP091-003184,2025-06-01,abierto
EV006545,SOP091-003184,2025-06-02,cerrado
EV006546,SOP091-003184,2025-06-03,abierto
EV006547,SOP091-003184,2025-06-05,cerrado
EV006548,SOP091-003185,2025-06-01,abierto
EV006549,SOP091-003185,2025-06-02,cerrado
EV006550,SOP091-003186,2025-06-01,abierto
EV006551,SOP091-003186,2025-06-02,cerrado
EV006552,SOP091-003187,2025-06-01,abierto
EV006553,SOP091-003187,2025-06-02,cerrado
EV006554,SOP091-003188,2025-06-01,abierto
EV006555,SOP091-003188,2025-06-03,cerrado
EV006556,SOP091-003189,2025-06-01,abierto
EV006557,SOP091-003190,2025-06-02,abierto
EV006558,SOP091-003190,2025-06-03,cerrado
EV006559,SOP091-003191,2025-06-02,abierto
EV006560,SOP091-003192,2025-06-02,abierto
EV006561,SOP091-003192,2025-06-03,cerrado
EV006562,SOP091-003193,2025-06-02,abierto
EV006563,SOP091-003193,2025-06-03,cerrado
EV006564,SOP091-003194,2025-06-02,abierto
EV006565,SOP091-003195,2025-06-02,abierto
EV006566,SOP091-003196,2025-06-03,abierto
EV006567,SOP091-003196,2025-06-04,cerrado
EV006568,SOP091-003197,2025-06-03,abierto
EV006569,SOP091-003197,2025-06-04,cerrado
EV006570,SOP091-003198,2025-06-03,abierto
EV006571,SOP091-003198,2025-06-04,cerrado
EV006572,SOP091-003198,2025-06-05,abierto
EV006573,SOP091-003198,2025-06-07,cerrado
EV006574,SOP091-003199,2025-06-03,abierto
EV006575,SOP091-003200,2025-06-03,abierto
EV006576,SOP091-003200,2025-06-04,cerrado
EV006577,SOP091-003201,2025-06-03,abierto
EV006578,SOP091-003201,2025-06-04,cerrado
EV006579,SOP091-003202,2025-06-03,abierto
EV006580,SOP091-003202,2025-06-05,cerrado
EV006581,SOP091-003203,2025-06-04,abierto
EV006582,SOP091-003203,2025-06-05,cerrado
EV006583,SOP091-003203,2025-06-06,abierto
EV006584,SOP091-003203,2025-06-09,cerrado
EV006585,SOP091-003204,2025-06-04,abierto
EV006586,SOP091-003205,2025-06-04,abierto
EV006587,SOP091-003206,2025-06-04,abierto
EV006588,SOP091-003206,2025-06-05,cerrado
EV006589,SOP091-003207,2025-06-04,abierto
EV006590,SOP091-003207,2025-06-07,cerrado
EV006591,SOP091-003208,2025-06-04,abierto
EV006592,SOP091-003208,2025-06-05,cerrado
EV006593,SOP091-003209,2025-06-05,abierto
EV006594,SOP091-003209,2025-06-06,cerrado
EV006595,SOP091-003210,2025-06-05,abierto
EV006596,SOP091-003210,2025-06-06,cerrado
EV006597,SOP091-003211,2025-06-05,abierto
EV006598,SOP091-003211,2025-06-06,cerrado
EV006599,SOP091-003211,2025-06-07,abierto
EV006600,SOP091-003211,2025-06-09,cerrado
EV006601,SOP091-003212,2025-06-05,abierto
EV006602,SOP091-003212,2025-06-06,cerrado
EV006603,SOP091-003213,2025-06-05,abierto
EV006604,SOP091-003213,2025-06-06,cerrado
EV006605,SOP091-003214,2025-06-05,abierto
EV006606,SOP091-003214,2025-06-06,cerrado
EV006607,SOP091-003215,2025-06-06,abierto
EV006608,SOP091-003215,2025-06-07,cerrado
EV006609,SOP091-003216,2025-06-06,abierto
EV006610,SOP091-003216,2025-06-07,cerrado
EV006611,SOP091-003217,2025-06-06,abierto
EV006612,SOP091-003218,2025-06-06,abierto
EV006613,SOP091-003219,2025-06-06,abierto
EV006614,SOP091-003220,2025-06-06,abierto
EV006615,SOP091-003220,2025-06-08,cerrado
EV006616,SOP091-003221,2025-06-07,abierto
EV006617,SOP091-003221,2025-06-08,cerrado
EV006618,SOP091-003222,2025-06-07,abierto
EV006619,SOP091-003222,2025-06-08,cerrado
EV006620,SOP091-003222,2025-06-09,abierto
EV006621,SOP091-003222,2025-06-11,cerrado
EV006622,SOP091-003223,2025-06-07,abierto
EV006623,SOP091-003223,2025-06-08,cerrado
EV006624,SOP091-003224,2025-06-07,abierto
EV006625,SOP091-003224,2025-06-08,cerrado
EV006626,SOP091-003225,2025-06-07,abierto
EV006627,SOP091-003226,2025-06-07,abierto
EV006628,SOP091-003226,2025-06-08,cerrado
EV006629,SOP091-003227,2025-06-08,abierto
EV006630,SOP091-003227,2025-06-09,cerrado
EV006631,SOP091-003228,2025-06-08,abierto
EV006632,SOP091-003228,2025-06-09,cerrado
EV006633,SOP091-003228,2025-06-10,abierto
EV006634,SOP091-003228,2025-06-12,cerrado
EV006635,SOP091-003229,2025-06-08,abierto
EV006636,SOP091-003229,2025-06-09,cerrado
EV006637,SOP091-003230,2025-06-08,abierto
EV006638,SOP091-003230,2025-06-09,cerrado
EV006639,SOP091-003231,2025-06-08,abierto
EV006640,SOP091-003232,2025-06-08,abierto
EV006641,SOP091-003232,2025-06-09,cerrado
EV006642,SOP091-003233,2025-06-09,abierto
EV006643,SOP091-003233,2025-06-10,cerrado
EV006644,SOP091-003234,2025-06-09,abierto
EV006645,SOP091-003234,2025-06-10,cerrado
EV006646,SOP091-003235,2025-06-09,abierto
EV006647,SOP091-003236,2025-06-09,abierto
EV006648,SOP091-003236,2025-06-10,cerrado
EV006649,SOP091-003236,2025-06-11,abierto
EV006650,SOP091-003236,2025-06-13,cerrado
EV006651,SOP091-003237,2025-06-09,abierto
EV006652,SOP091-003237,2025-06-10,cerrado
EV006653,SOP091-003238,2025-06-09,abierto
EV006654,SOP091-003239,2025-06-09,abierto
EV006655,SOP091-003239,2025-06-10,cerrado
EV006656,SOP091-003240,2025-06-10,abierto
EV006657,SOP091-003240,2025-06-11,cerrado
EV006658,SOP091-003241,2025-06-10,abierto
EV006659,SOP091-003241,2025-06-11,cerrado
EV006660,SOP091-003242,2025-06-10,abierto
EV006661,SOP091-003242,2025-06-11,cerrado
EV006662,SOP091-003243,2025-06-10,abierto
EV006663,SOP091-003243,2025-06-11,cerrado
EV006664,SOP091-003244,2025-06-10,abierto
EV006665,SOP091-003244,2025-06-11,cerrado
EV006666,SOP091-003245,2025-06-10,abierto
EV006667,SOP091-003245,2025-06-11,cerrado
EV006668,SOP091-003246,2025-06-11,abierto
EV006669,SOP091-003247,2025-06-11,abierto
EV006670,SOP091-003247,2025-06-12,cerrado
EV006671,SOP091-003248,2025-06-11,abierto
EV006672,SOP091-003248,2025-06-12,cerrado
EV006673,SOP091-003249,2025-06-11,abierto
EV006674,SOP091-003249,2025-06-12,cerrado
EV006675,SOP091-003249,2025-06-13,abierto
EV006676,SOP091-003249,2025-06-15,cerrado
EV006677,SOP091-003250,2025-06-11,abierto
EV006678,SOP091-003250,2025-06-12,cerrado
EV006679,SOP091-003251,2025-06-11,abierto
EV006680,SOP091-003251,2025-06-12,cerrado
EV006681,SOP091-003252,2025-06-12,abierto
EV006682,SOP091-003252,2025-06-14,cerrado
EV006683,SOP091-003253,2025-06-12,abierto
EV006684,SOP091-003253,2025-06-13,cerrado
EV006685,SOP091-003254,2025-06-12,abierto
EV006686,SOP091-003254,2025-06-13,cerrado
EV006687,SOP091-003255,2025-06-12,abierto
EV006688,SOP091-003255,2025-06-13,cerrado
EV006689,SOP091-003256,2025-06-12,abierto
EV006690,SOP091-003256,2025-06-13,cerrado
EV006691,SOP091-003257,2025-06-12,abierto
EV006692,SOP091-003257,2025-06-13,cerrado
EV006693,SOP091-003258,2025-06-13,abierto
EV006694,SOP091-003258,2025-06-14,cerrado
EV006695,SOP091-003259,2025-06-13,abierto
EV006696,SOP091-003259,2025-06-15,cerrado
EV006697,SOP091-003260,2025-06-13,abierto
EV006698,SOP091-003260,2025-06-14,cerrado
EV006699,SOP091-003260,2025-06-15,abierto
EV006700,SOP091-003260,2025-06-17,cerrado
EV006701,SOP091-003261,2025-06-13,abierto
EV006702,SOP091-003261,2025-06-14,cerrado
EV006703,SOP091-003261,2025-06-15,abierto
EV006704,SOP091-003261,2025-06-19,cerrado
EV006705,SOP091-003262,2025-06-13,abierto
EV006706,SOP091-003262,2025-06-14,cerrado
EV006707,SOP091-003263,2025-06-13,abierto
EV006708,SOP091-003263,2025-06-14,cerrado
EV006709,SOP091-003264,2025-06-14,abierto
EV006710,SOP091-003264,2025-06-15,cerrado
EV006711,SOP091-003265,2025-06-14,abierto
EV006712,SOP091-003266,2025-06-14,abierto
EV006713,SOP091-003266,2025-06-15,cerrado
EV006714,SOP091-003267,2025-06-14,abierto
EV006715,SOP091-003267,2025-06-15,cerrado
EV006716,SOP091-003268,2025-06-14,abierto
EV006717,SOP091-003268,2025-06-15,cerrado
EV006718,SOP091-003269,2025-06-14,abierto
EV006719,SOP091-003269,2025-06-15,cerrado
EV006720,SOP091-003269,2025-06-16,abierto
EV006721,SOP091-003269,2025-06-18,cerrado
EV006722,SOP091-003270,2025-06-15,abierto
EV006723,SOP091-003270,2025-06-17,cerrado
EV006724,SOP091-003271,2025-06-15,abierto
EV006725,SOP091-003271,2025-06-16,cerrado
EV006726,SOP091-003272,2025-06-15,abierto
EV006727,SOP091-003272,2025-06-16,cerrado
EV006728,SOP091-003273,2025-06-15,abierto
EV006729,SOP091-003273,2025-06-16,cerrado
EV006730,SOP091-003274,2025-06-15,abierto
EV006731,SOP091-003274,2025-06-17,cerrado
EV006732,SOP091-003275,2025-06-15,abierto
EV006733,SOP091-003275,2025-06-16,cerrado
EV006734,SOP091-003276,2025-06-16,abierto
EV006735,SOP091-003276,2025-06-17,cerrado
EV006736,SOP091-003277,2025-06-16,abierto
EV006737,SOP091-003277,2025-06-17,cerrado
EV006738,SOP091-003277,2025-06-18,abierto
EV006739,SOP091-003277,2025-06-20,cerrado
EV006740,SOP091-003278,2025-06-16,abierto
EV006741,SOP091-003278,2025-06-17,cerrado
EV006742,SOP091-003278,2025-06-18,abierto
EV006743,SOP091-003278,2025-06-20,cerrado
EV006744,SOP091-003279,2025-06-16,abierto
EV006745,SOP091-003279,2025-06-17,cerrado
EV006746,SOP091-003280,2025-06-16,abierto
EV006747,SOP091-003280,2025-06-17,cerrado
EV006748,SOP091-003281,2025-06-16,abierto
EV006749,SOP091-003281,2025-06-17,cerrado
EV006750,SOP091-003282,2025-06-16,abierto
EV006751,SOP091-003282,2025-06-17,cerrado
EV006752,SOP091-003283,2025-06-17,abierto
EV006753,SOP091-003283,2025-06-18,cerrado
EV006754,SOP091-003284,2025-06-17,abierto
EV006755,SOP091-003284,2025-06-18,cerrado
EV006756,SOP091-003284,2025-06-19,abierto
EV006757,SOP091-003284,2025-06-22,cerrado
EV006758,SOP091-003285,2025-06-17,abierto
EV006759,SOP091-003285,2025-06-18,cerrado
EV006760,SOP091-003286,2025-06-17,abierto
EV006761,SOP091-003286,2025-06-18,cerrado
EV006762,SOP091-003287,2025-06-17,abierto
EV006763,SOP091-003287,2025-06-18,cerrado
EV006764,SOP091-003288,2025-06-17,abierto
EV006765,SOP091-003289,2025-06-18,abierto
EV006766,SOP091-003289,2025-06-19,cerrado
EV006767,SOP091-003290,2025-06-18,abierto
EV006768,SOP091-003290,2025-06-19,cerrado
EV006769,SOP091-003291,2025-06-18,abierto
EV006770,SOP091-003291,2025-06-19,cerrado
EV006771,SOP091-003292,2025-06-18,abierto
EV006772,SOP091-003292,2025-06-19,cerrado
EV006773,SOP091-003293,2025-06-18,abierto
EV006774,SOP091-003293,2025-06-19,cerrado
EV006775,SOP091-003294,2025-06-18,abierto
EV006776,SOP091-003294,2025-06-19,cerrado
EV006777,SOP091-003294,2025-06-20,abierto
EV006778,SOP091-003294,2025-06-22,cerrado
EV006779,SOP091-003295,2025-06-19,abierto
EV006780,SOP091-003295,2025-06-20,cerrado
EV006781,SOP091-003296,2025-06-19,abierto
EV006782,SOP091-003296,2025-06-20,cerrado
EV006783,SOP091-003297,2025-06-19,abierto
EV006784,SOP091-003298,2025-06-19,abierto
EV006785,SOP091-003298,2025-06-20,cerrado
EV006786,SOP091-003299,2025-06-19,abierto
EV006787,SOP091-003299,2025-06-20,cerrado
EV006788,SOP091-003300,2025-06-19,abierto
EV006789,SOP091-003301,2025-06-20,abierto
EV006790,SOP091-003301,2025-06-21,cerrado
EV006791,SOP091-003302,2025-06-20,abierto
EV006792,SOP091-003302,2025-06-21,cerrado
EV006793,SOP091-003303,2025-06-20,abierto
EV006794,SOP091-003303,2025-06-21,cerrado
EV006795,SOP091-003303,2025-06-22,abierto
EV006796,SOP091-003303,2025-06-24,cerrado
EV006797,SOP091-003304,2025-06-20,abierto
EV006798,SOP091-003304,2025-06-21,cerrado
EV006799,SOP091-003305,2025-06-20,abierto
EV006800,SOP091-003306,2025-06-20,abierto
EV006801,SOP091-003306,2025-06-21,cerrado
EV006802,SOP091-003307,2025-06-21,abierto
EV006803,SOP091-003308,2025-06-21,abierto
EV006804,SOP091-003309,2025-06-21,abierto
EV006805,SOP091-003309,2025-06-22,cerrado
EV006806,SOP091-003310,2025-06-21,abierto
EV006807,SOP091-003310,2025-06-22,cerrado
EV006808,SOP091-003311,2025-06-21,abierto
EV006809,SOP091-003311,2025-06-22,cerrado
EV006810,SOP091-003312,2025-06-21,abierto
EV006811,SOP091-003312,2025-06-22,cerrado
EV006812,SOP091-003313,2025-06-22,abierto
EV006813,SOP091-003313,2025-06-23,cerrado
EV006814,SOP091-003313,2025-06-24,abierto
EV006815,SOP091-003313,2025-06-26,cerrado
EV006816,SOP091-003314,2025-06-22,abierto
EV006817,SOP091-003314,2025-06-23,cerrado
EV006818,SOP091-003315,2025-06-22,abierto
EV006819,SOP091-003315,2025-06-23,cerrado
EV006820,SOP091-003316,2025-06-22,abierto
EV006821,SOP091-003316,2025-06-23,cerrado
EV006822,SOP091-003317,2025-06-22,abierto
EV006823,SOP091-003317,2025-06-23,cerrado
EV006824,SOP091-003318,2025-06-22,abierto
EV006825,SOP091-003319,2025-06-22,abierto
EV006826,SOP091-003319,2025-06-24,cerrado
EV006827,SOP091-003320,2025-06-23,abierto
EV006828,SOP091-003321,2025-06-23,abierto
EV006829,SOP091-003321,2025-06-24,cerrado
EV006830,SOP091-003322,2025-06-23,abierto
EV006831,SOP091-003322,2025-06-24,cerrado
EV006832,SOP091-003323,2025-06-23,abierto
EV006833,SOP091-003323,2025-06-24,cerrado
EV006834,SOP091-003324,2025-06-23,abierto
EV006835,SOP091-003324,2025-06-24,cerrado
EV006836,SOP091-003325,2025-06-23,abierto
EV006837,SOP091-003325,2025-06-24,cerrado
EV006838,SOP091-003326,2025-06-24,abierto
EV006839,SOP091-003326,2025-06-25,cerrado
EV006840,SOP091-003327,2025-06-24,abierto
EV006841,SOP091-003327,2025-06-25,cerrado
EV006842,SOP091-003328,2025-06-24,abierto
EV006843,SOP091-003328,2025-06-25,cerrado
EV006844,SOP091-003328,2025-06-26,abierto
EV006845,SOP091-003328,2025-07-01,cerrado
EV006846,SOP091-003329,2025-06-24,abierto
EV006847,SOP091-003329,2025-06-25,cerrado
EV006848,SOP091-003329,2025-06-26,abierto
EV006849,SOP091-003329,2025-06-28,cerrado
EV006850,SOP091-003330,2025-06-24,abierto
EV006851,SOP091-003331,2025-06-24,abierto
EV006852,SOP091-003331,2025-06-25,cerrado
EV006853,SOP091-003331,2025-06-26,abierto
EV006854,SOP091-003331,2025-06-28,cerrado
EV006855,SOP091-003332,2025-06-25,abierto
EV006856,SOP091-003332,2025-06-26,cerrado
EV006857,SOP091-003333,2025-06-25,abierto
EV006858,SOP091-003333,2025-06-26,cerrado
EV006859,SOP091-003334,2025-06-25,abierto
EV006860,SOP091-003334,2025-06-26,cerrado
EV006861,SOP091-003335,2025-06-25,abierto
EV006862,SOP091-003335,2025-06-26,cerrado
EV006863,SOP091-003335,2025-06-27,abierto
EV006864,SOP091-003335,2025-06-30,cerrado
EV006865,SOP091-003336,2025-06-25,abierto
EV006866,SOP091-003336,2025-06-26,cerrado
EV006867,SOP091-003337,2025-06-25,abierto
EV006868,SOP091-003337,2025-06-26,cerrado
EV006869,SOP091-003338,2025-06-26,abierto
EV006870,SOP091-003338,2025-06-27,cerrado
EV006871,SOP091-003339,2025-06-26,abierto
EV006872,SOP091-003339,2025-06-27,cerrado
EV006873,SOP091-003340,2025-06-26,abierto
EV006874,SOP091-003340,2025-06-27,cerrado
EV006875,SOP091-003341,2025-06-26,abierto
EV006876,SOP091-003341,2025-06-27,cerrado
EV006877,SOP091-003342,2025-06-26,abierto
EV006878,SOP091-003342,2025-06-27,cerrado
EV006879,SOP091-003343,2025-06-26,abierto
EV006880,SOP091-003343,2025-06-27,cerrado
EV006881,SOP091-003344,2025-06-27,abierto
EV006882,SOP091-003344,2025-06-28,cerrado
EV006883,SOP091-003345,2025-06-27,abierto
EV006884,SOP091-003345,2025-06-28,cerrado
EV006885,SOP091-003346,2025-06-27,abierto
EV006886,SOP091-003346,2025-06-28,cerrado
EV006887,SOP091-003347,2025-06-27,abierto
EV006888,SOP091-003347,2025-06-28,cerrado
EV006889,SOP091-003348,2025-06-27,abierto
EV006890,SOP091-003348,2025-06-28,cerrado
EV006891,SOP091-003349,2025-06-27,abierto
EV006892,SOP091-003349,2025-06-28,cerrado
EV006893,SOP091-003350,2025-06-28,abierto
EV006894,SOP091-003351,2025-06-28,abierto
EV006895,SOP091-003351,2025-06-29,cerrado
EV006896,SOP091-003352,2025-06-28,abierto
EV006897,SOP091-003352,2025-06-29,cerrado
EV006898,SOP091-003353,2025-06-28,abierto
EV006899,SOP091-003353,2025-06-29,cerrado
EV006900,SOP091-003354,2025-06-28,abierto
EV006901,SOP091-003354,2025-06-29,cerrado
EV006902,SOP091-003355,2025-06-28,abierto
EV006903,SOP091-003355,2025-06-29,cerrado
EV006904,SOP091-003356,2025-06-29,abierto
EV006905,SOP091-003356,2025-06-30,cerrado
EV006906,SOP091-003356,2025-07-01,abierto
EV006907,SOP091-003356,2025-07-03,cerrado
EV006908,SOP091-003357,2025-06-29,abierto
EV006909,SOP091-003357,2025-06-30,cerrado
EV006910,SOP091-003358,2025-06-29,abierto
EV006911,SOP091-003358,2025-06-30,cerrado
EV006912,SOP091-003359,2025-06-29,abierto
EV006913,SOP091-003359,2025-07-01,cerrado
EV006914,SOP091-003360,2025-06-29,abierto
EV006915,SOP091-003360,2025-06-30,cerrado
EV006916,SOP091-003361,2025-06-29,abierto
EV006917,SOP091-003361,2025-06-30,cerrado
EV006918,SOP091-003362,2025-06-29,abierto
EV006919,SOP091-003362,2025-06-30,cerrado
EV006920,SOP091-003363,2025-06-30,abierto
EV006921,SOP091-003363,2025-07-01,cerrado
EV006922,SOP091-003364,2025-06-30,abierto
EV006923,SOP091-003364,2025-07-01,cerrado
EV006924,SOP091-003364,2025-07-02,abierto
EV006925,SOP091-003364,2025-07-04,cerrado
EV006926,SOP091-003365,2025-06-30,abierto
EV006927,SOP091-003365,2025-07-01,cerrado
EV006928,SOP091-003366,2025-06-30,abierto
EV006929,SOP091-003366,2025-07-01,cerrado
EV006930,SOP091-003367,2025-06-30,abierto
EV006931,SOP091-003367,2025-07-01,cerrado
EV006932,SOP091-003368,2025-06-30,abierto
EV006933,SOP091-003368,2025-07-01,cerrado
EV006934,SOP091-003369,2025-07-01,abierto
EV006935,SOP091-003369,2025-07-02,cerrado
EV006936,SOP091-003370,2025-07-01,abierto
EV006937,SOP091-003371,2025-07-01,abierto
EV006938,SOP091-003371,2025-07-02,cerrado
EV006939,SOP091-003372,2025-07-01,abierto
EV006940,SOP091-003372,2025-07-02,cerrado
EV006941,SOP091-003373,2025-07-01,abierto
EV006942,SOP091-003373,2025-07-02,cerrado
EV006943,SOP091-003374,2025-07-01,abierto
EV006944,SOP091-003374,2025-07-02,cerrado
EV006945,SOP091-003375,2025-07-02,abierto
EV006946,SOP091-003375,2025-07-03,cerrado
EV006947,SOP091-003375,2025-07-04,abierto
EV006948,SOP091-003375,2025-07-06,cerrado
EV006949,SOP091-003376,2025-07-02,abierto
EV006950,SOP091-003376,2025-07-03,cerrado
EV006951,SOP091-003377,2025-07-02,abierto
EV006952,SOP091-003377,2025-07-03,cerrado
EV006953,SOP091-003378,2025-07-02,abierto
EV006954,SOP091-003379,2025-07-02,abierto
EV006955,SOP091-003379,2025-07-03,cerrado
EV006956,SOP091-003380,2025-07-02,abierto
EV006957,SOP091-003380,2025-07-03,cerrado
EV006958,SOP091-003381,2025-07-03,abierto
EV006959,SOP091-003381,2025-07-05,cerrado
EV006960,SOP091-003382,2025-07-03,abierto
EV006961,SOP091-003382,2025-07-04,cerrado
EV006962,SOP091-003382,2025-07-05,abierto
EV006963,SOP091-003382,2025-07-07,cerrado
EV006964,SOP091-003383,2025-07-03,abierto
EV006965,SOP091-003383,2025-07-04,cerrado
EV006966,SOP091-003384,2025-07-03,abierto
EV006967,SOP091-003384,2025-07-04,cerrado
EV006968,SOP091-003385,2025-07-03,abierto
EV006969,SOP091-003385,2025-07-04,cerrado
EV006970,SOP091-003386,2025-07-03,abierto
EV006971,SOP091-003386,2025-07-04,cerrado
EV006972,SOP091-003386,2025-07-05,abierto
EV006973,SOP091-003386,2025-07-07,cerrado
EV006974,SOP091-003387,2025-07-04,abierto
EV006975,SOP091-003387,2025-07-05,cerrado
EV006976,SOP091-003388,2025-07-04,abierto
EV006977,SOP091-003389,2025-07-04,abierto
EV006978,SOP091-003389,2025-07-05,cerrado
EV006979,SOP091-003390,2025-07-04,abierto
EV006980,SOP091-003390,2025-07-05,cerrado
EV006981,SOP091-003391,2025-07-04,abierto
EV006982,SOP091-003391,2025-07-05,cerrado
EV006983,SOP091-003392,2025-07-04,abierto
EV006984,SOP091-003392,2025-07-06,cerrado
EV006985,SOP091-003393,2025-07-05,abierto
EV006986,SOP091-003393,2025-07-06,cerrado
EV006987,SOP091-003393,2025-07-07,abierto
EV006988,SOP091-003393,2025-07-09,cerrado
EV006989,SOP091-003394,2025-07-05,abierto
EV006990,SOP091-003394,2025-07-06,cerrado
EV006991,SOP091-003395,2025-07-05,abierto
EV006992,SOP091-003395,2025-07-06,cerrado
EV006993,SOP091-003396,2025-07-05,abierto
EV006994,SOP091-003396,2025-07-07,cerrado
EV006995,SOP091-003397,2025-07-05,abierto
EV006996,SOP091-003397,2025-07-06,cerrado
EV006997,SOP091-003398,2025-07-05,abierto
EV006998,SOP091-003398,2025-07-06,cerrado
EV006999,SOP091-003399,2025-07-05,abierto
EV007000,SOP091-003400,2025-07-06,abierto
EV007001,SOP091-003400,2025-07-07,cerrado
EV007002,SOP091-003401,2025-07-06,abierto
EV007003,SOP091-003402,2025-07-06,abierto
EV007004,SOP091-003402,2025-07-07,cerrado
EV007005,SOP091-003403,2025-07-06,abierto
EV007006,SOP091-003403,2025-07-08,cerrado
EV007007,SOP091-003404,2025-07-06,abierto
EV007008,SOP091-003404,2025-07-07,cerrado
EV007009,SOP091-003405,2025-07-06,abierto
EV007010,SOP091-003406,2025-07-07,abierto
EV007011,SOP091-003406,2025-07-08,cerrado
EV007012,SOP091-003407,2025-07-07,abierto
EV007013,SOP091-003407,2025-07-09,cerrado
EV007014,SOP091-003408,2025-07-07,abierto
EV007015,SOP091-003408,2025-07-08,cerrado
EV007016,SOP091-003409,2025-07-07,abierto
EV007017,SOP091-003409,2025-07-08,cerrado
EV007018,SOP091-003410,2025-07-07,abierto
EV007019,SOP091-003410,2025-07-08,cerrado
EV007020,SOP091-003411,2025-07-07,abierto
EV007021,SOP091-003411,2025-07-08,cerrado
EV007022,SOP091-003412,2025-07-08,abierto
EV007023,SOP091-003412,2025-07-09,cerrado
EV007024,SOP091-003413,2025-07-08,abierto
EV007025,SOP091-003413,2025-07-09,cerrado
EV007026,SOP091-003414,2025-07-08,abierto
EV007027,SOP091-003414,2025-07-09,cerrado
EV007028,SOP091-003415,2025-07-08,abierto
EV007029,SOP091-003415,2025-07-09,cerrado
EV007030,SOP091-003416,2025-07-08,abierto
EV007031,SOP091-003416,2025-07-11,cerrado
EV007032,SOP091-003417,2025-07-08,abierto
EV007033,SOP091-003417,2025-07-09,cerrado
EV007034,SOP091-003418,2025-07-09,abierto
EV007035,SOP091-003419,2025-07-09,abierto
EV007036,SOP091-003419,2025-07-10,cerrado
EV007037,SOP091-003420,2025-07-09,abierto
EV007038,SOP091-003420,2025-07-10,cerrado
EV007039,SOP091-003421,2025-07-09,abierto
EV007040,SOP091-003421,2025-07-10,cerrado
EV007041,SOP091-003422,2025-07-09,abierto
EV007042,SOP091-003422,2025-07-10,cerrado
EV007043,SOP091-003423,2025-07-09,abierto
EV007044,SOP091-003423,2025-07-10,cerrado
EV007045,SOP091-003424,2025-07-10,abierto
EV007046,SOP091-003424,2025-07-11,cerrado
EV007047,SOP091-003424,2025-07-12,abierto
EV007048,SOP091-003424,2025-07-15,cerrado
EV007049,SOP091-003425,2025-07-10,abierto
EV007050,SOP091-003426,2025-07-10,abierto
EV007051,SOP091-003426,2025-07-11,cerrado
EV007052,SOP091-003427,2025-07-10,abierto
EV007053,SOP091-003427,2025-07-11,cerrado
EV007054,SOP091-003428,2025-07-10,abierto
EV007055,SOP091-003428,2025-07-11,cerrado
EV007056,SOP091-003429,2025-07-10,abierto
EV007057,SOP091-003429,2025-07-11,cerrado
EV007058,SOP091-003430,2025-07-11,abierto
EV007059,SOP091-003430,2025-07-12,cerrado
EV007060,SOP091-003431,2025-07-11,abierto
EV007061,SOP091-003432,2025-07-11,abierto
EV007062,SOP091-003432,2025-07-12,cerrado
EV007063,SOP091-003433,2025-07-11,abierto
EV007064,SOP091-003434,2025-07-11,abierto
EV007065,SOP091-003434,2025-07-12,cerrado
EV007066,SOP091-003434,2025-07-13,abierto
EV007067,SOP091-003434,2025-07-15,cerrado
EV007068,SOP091-003435,2025-07-11,abierto
EV007069,SOP091-003435,2025-07-12,cerrado
EV007070,SOP091-003436,2025-07-11,abierto
EV007071,SOP091-003436,2025-07-12,cerrado
EV007072,SOP091-003437,2025-07-12,abierto
EV007073,SOP091-003437,2025-07-13,cerrado
EV007074,SOP091-003438,2025-07-12,abierto
EV007075,SOP091-003438,2025-07-13,cerrado
EV007076,SOP091-003439,2025-07-12,abierto
EV007077,SOP091-003439,2025-07-13,cerrado
EV007078,SOP091-003439,2025-07-14,abierto
EV007079,SOP091-003439,2025-07-16,cerrado
EV007080,SOP091-003440,2025-07-12,abierto
EV007081,SOP091-003441,2025-07-12,abierto
EV007082,SOP091-003441,2025-07-13,cerrado
EV007083,SOP091-003442,2025-07-12,abierto
EV007084,SOP091-003443,2025-07-13,abierto
EV007085,SOP091-003443,2025-07-14,cerrado
EV007086,SOP091-003444,2025-07-13,abierto
EV007087,SOP091-003444,2025-07-14,cerrado
EV007088,SOP091-003444,2025-07-15,abierto
EV007089,SOP091-003444,2025-07-18,cerrado
EV007090,SOP091-003445,2025-07-13,abierto
EV007091,SOP091-003445,2025-07-14,cerrado
EV007092,SOP091-003446,2025-07-13,abierto
EV007093,SOP091-003446,2025-07-14,cerrado
EV007094,SOP091-003447,2025-07-13,abierto
EV007095,SOP091-003447,2025-07-14,cerrado
EV007096,SOP091-003448,2025-07-13,abierto
EV007097,SOP091-003448,2025-07-14,cerrado
EV007098,SOP091-003449,2025-07-14,abierto
EV007099,SOP091-003450,2025-07-14,abierto
EV007100,SOP091-003450,2025-07-15,cerrado
EV007101,SOP091-003451,2025-07-14,abierto
EV007102,SOP091-003451,2025-07-15,cerrado
EV007103,SOP091-003452,2025-07-14,abierto
EV007104,SOP091-003452,2025-07-15,cerrado
EV007105,SOP091-003453,2025-07-14,abierto
EV007106,SOP091-003453,2025-07-16,cerrado
EV007107,SOP091-003454,2025-07-14,abierto
EV007108,SOP091-003454,2025-07-15,cerrado
EV007109,SOP091-003455,2025-07-15,abierto
EV007110,SOP091-003455,2025-07-16,cerrado
EV007111,SOP091-003456,2025-07-15,abierto
EV007112,SOP091-003456,2025-07-16,cerrado
EV007113,SOP091-003457,2025-07-15,abierto
EV007114,SOP091-003457,2025-07-16,cerrado
EV007115,SOP091-003458,2025-07-15,abierto
EV007116,SOP091-003458,2025-07-16,cerrado
EV007117,SOP091-003459,2025-07-15,abierto
EV007118,SOP091-003459,2025-07-16,cerrado
EV007119,SOP091-003459,2025-07-17,abierto
EV007120,SOP091-003459,2025-07-20,cerrado
EV007121,SOP091-003460,2025-07-15,abierto
EV007122,SOP091-003460,2025-07-16,cerrado
EV007123,SOP091-003461,2025-07-16,abierto
EV007124,SOP091-003461,2025-07-17,cerrado
EV007125,SOP091-003462,2025-07-16,abierto
EV007126,SOP091-003462,2025-07-17,cerrado
EV007127,SOP091-003463,2025-07-16,abierto
EV007128,SOP091-003463,2025-07-17,cerrado
EV007129,SOP091-003464,2025-07-16,abierto
EV007130,SOP091-003464,2025-07-17,cerrado
EV007131,SOP091-003465,2025-07-16,abierto
EV007132,SOP091-003465,2025-07-17,cerrado
EV007133,SOP091-003466,2025-07-16,abierto
EV007134,SOP091-003466,2025-07-17,cerrado
EV007135,SOP091-003466,2025-07-18,abierto
EV007136,SOP091-003466,2025-07-20,cerrado
EV007137,SOP091-003467,2025-07-17,abierto
EV007138,SOP091-003467,2025-07-19,cerrado
EV007139,SOP091-003468,2025-07-17,abierto
EV007140,SOP091-003468,2025-07-18,cerrado
EV007141,SOP091-003469,2025-07-17,abierto
EV007142,SOP091-003469,2025-07-18,cerrado
EV007143,SOP091-003470,2025-07-17,abierto
EV007144,SOP091-003470,2025-07-18,cerrado
EV007145,SOP091-003471,2025-07-17,abierto
EV007146,SOP091-003471,2025-07-18,cerrado
EV007147,SOP091-003472,2025-07-17,abierto
EV007148,SOP091-003472,2025-07-18,cerrado
EV007149,SOP091-003473,2025-07-18,abierto
EV007150,SOP091-003473,2025-07-19,cerrado
EV007151,SOP091-003473,2025-07-20,abierto
EV007152,SOP091-003473,2025-07-22,cerrado
EV007153,SOP091-003474,2025-07-18,abierto
EV007154,SOP091-003474,2025-07-19,cerrado
EV007155,SOP091-003475,2025-07-18,abierto
EV007156,SOP091-003475,2025-07-19,cerrado
EV007157,SOP091-003476,2025-07-18,abierto
EV007158,SOP091-003476,2025-07-19,cerrado
EV007159,SOP091-003477,2025-07-18,abierto
EV007160,SOP091-003477,2025-07-19,cerrado
EV007161,SOP091-003478,2025-07-18,abierto
EV007162,SOP091-003478,2025-07-19,cerrado
EV007163,SOP091-003479,2025-07-18,abierto
EV007164,SOP091-003479,2025-07-19,cerrado
EV007165,SOP091-003479,2025-07-20,abierto
EV007166,SOP091-003479,2025-07-22,cerrado
EV007167,SOP091-003480,2025-07-19,abierto
EV007168,SOP091-003480,2025-07-20,cerrado
EV007169,SOP091-003481,2025-07-19,abierto
EV007170,SOP091-003482,2025-07-19,abierto
EV007171,SOP091-003482,2025-07-20,cerrado
EV007172,SOP091-003483,2025-07-19,abierto
EV007173,SOP091-003483,2025-07-20,cerrado
EV007174,SOP091-003484,2025-07-19,abierto
EV007175,SOP091-003484,2025-07-20,cerrado
EV007176,SOP091-003485,2025-07-19,abierto
EV007177,SOP091-003486,2025-07-20,abierto
EV007178,SOP091-003486,2025-07-21,cerrado
EV007179,SOP091-003487,2025-07-20,abierto
EV007180,SOP091-003487,2025-07-21,cerrado
EV007181,SOP091-003488,2025-07-20,abierto
EV007182,SOP091-003488,2025-07-21,cerrado
EV007183,SOP091-003489,2025-07-20,abierto
EV007184,SOP091-003489,2025-07-21,cerrado
EV007185,SOP091-003490,2025-07-20,abierto
EV007186,SOP091-003490,2025-07-21,cerrado
EV007187,SOP091-003491,2025-07-20,abierto
EV007188,SOP091-003491,2025-07-21,cerrado
EV007189,SOP091-003492,2025-07-21,abierto
EV007190,SOP091-003492,2025-07-22,cerrado
EV007191,SOP091-003493,2025-07-21,abierto
EV007192,SOP091-003493,2025-07-23,cerrado
EV007193,SOP091-003494,2025-07-21,abierto
EV007194,SOP091-003494,2025-07-22,cerrado
EV007195,SOP091-003495,2025-07-21,abierto
EV007196,SOP091-003496,2025-07-21,abierto
EV007197,SOP091-003496,2025-07-22,cerrado
EV007198,SOP091-003497,2025-07-21,abierto
EV007199,SOP091-003497,2025-07-22,cerrado
EV007200,SOP091-003497,2025-07-23,abierto
EV007201,SOP091-003497,2025-07-25,cerrado
EV007202,SOP091-003498,2025-07-22,abierto
EV007203,SOP091-003499,2025-07-22,abierto
EV007204,SOP091-003499,2025-07-23,cerrado
EV007205,SOP091-003500,2025-07-22,abierto
EV007206,SOP091-003500,2025-07-23,cerrado
EV007207,SOP091-003501,2025-07-22,abierto
EV007208,SOP091-003502,2025-07-22,abierto
EV007209,SOP091-003502,2025-07-23,cerrado
EV007210,SOP091-003502,2025-07-24,abierto
EV007211,SOP091-003502,2025-07-26,cerrado
EV007212,SOP091-003503,2025-07-22,abierto
EV007213,SOP091-003504,2025-07-23,abierto
EV007214,SOP091-003505,2025-07-23,abierto
EV007215,SOP091-003506,2025-07-23,abierto
EV007216,SOP091-003506,2025-07-24,cerrado
EV007217,SOP091-003507,2025-07-23,abierto
EV007218,SOP091-003508,2025-07-23,abierto
EV007219,SOP091-003509,2025-07-23,abierto
EV007220,SOP091-003509,2025-07-24,cerrado
EV007221,SOP091-003510,2025-07-24,abierto
EV007222,SOP091-003510,2025-07-25,cerrado
EV007223,SOP091-003511,2025-07-24,abierto
EV007224,SOP091-003511,2025-07-25,cerrado
EV007225,SOP091-003512,2025-07-24,abierto
EV007226,SOP091-003513,2025-07-24,abierto
EV007227,SOP091-003513,2025-07-26,cerrado
EV007228,SOP091-003514,2025-07-24,abierto
EV007229,SOP091-003514,2025-07-25,cerrado
EV007230,SOP091-003515,2025-07-24,abierto
EV007231,SOP091-003515,2025-07-25,cerrado
EV007232,SOP091-003516,2025-07-24,abierto
EV007233,SOP091-003516,2025-07-25,cerrado
EV007234,SOP091-003517,2025-07-25,abierto
EV007235,SOP091-003517,2025-07-26,cerrado
EV007236,SOP091-003518,2025-07-25,abierto
EV007237,SOP091-003518,2025-07-26,cerrado
EV007238,SOP091-003519,2025-07-25,abierto
EV007239,SOP091-003519,2025-07-26,cerrado
EV007240,SOP091-003520,2025-07-25,abierto
EV007241,SOP091-003520,2025-07-26,cerrado
EV007242,SOP091-003521,2025-07-25,abierto
EV007243,SOP091-003521,2025-07-27,cerrado
EV007244,SOP091-003522,2025-07-25,abierto
EV007245,SOP091-003522,2025-07-26,cerrado
EV007246,SOP091-003523,2025-07-26,abierto
EV007247,SOP091-003523,2025-07-27,cerrado
EV007248,SOP091-003524,2025-07-26,abierto
EV007249,SOP091-003524,2025-07-27,cerrado
EV007250,SOP091-003525,2025-07-26,abierto
EV007251,SOP091-003525,2025-07-27,cerrado
EV007252,SOP091-003526,2025-07-26,abierto
EV007253,SOP091-003526,2025-07-27,cerrado
EV007254,SOP091-003527,2025-07-26,abierto
EV007255,SOP091-003527,2025-07-27,cerrado
EV007256,SOP091-003528,2025-07-26,abierto
EV007257,SOP091-003528,2025-07-27,cerrado
EV007258,SOP091-003529,2025-07-27,abierto
EV007259,SOP091-003529,2025-07-28,cerrado
EV007260,SOP091-003530,2025-07-27,abierto
EV007261,SOP091-003530,2025-07-28,cerrado
EV007262,SOP091-003531,2025-07-27,abierto
EV007263,SOP091-003531,2025-07-31,cerrado
EV007264,SOP091-003532,2025-07-27,abierto
EV007265,SOP091-003532,2025-07-28,cerrado
EV007266,SOP091-003533,2025-07-27,abierto
EV007267,SOP091-003533,2025-07-28,cerrado
EV007268,SOP091-003534,2025-07-27,abierto
EV007269,SOP091-003534,2025-07-28,cerrado
EV007270,SOP091-003535,2025-07-28,abierto
EV007271,SOP091-003535,2025-07-29,cerrado
EV007272,SOP091-003536,2025-07-28,abierto
EV007273,SOP091-003536,2025-07-29,cerrado
EV007274,SOP091-003536,2025-07-30,abierto
EV007275,SOP091-003536,2025-08-01,cerrado
EV007276,SOP091-003537,2025-07-28,abierto
EV007277,SOP091-003537,2025-07-29,cerrado
EV007278,SOP091-003538,2025-07-28,abierto
EV007279,SOP091-003538,2025-07-29,cerrado
EV007280,SOP091-003539,2025-07-28,abierto
EV007281,SOP091-003539,2025-07-29,cerrado
EV007282,SOP091-003540,2025-07-28,abierto
EV007283,SOP091-003540,2025-07-29,cerrado
EV007284,SOP091-003541,2025-07-29,abierto
EV007285,SOP091-003541,2025-07-30,cerrado
EV007286,SOP091-003542,2025-07-29,abierto
EV007287,SOP091-003542,2025-07-30,cerrado
EV007288,SOP091-003543,2025-07-29,abierto
EV007289,SOP091-003543,2025-07-30,cerrado
EV007290,SOP091-003544,2025-07-29,abierto
EV007291,SOP091-003544,2025-07-30,cerrado
EV007292,SOP091-003545,2025-07-29,abierto
EV007293,SOP091-003545,2025-07-30,cerrado
EV007294,SOP091-003546,2025-07-29,abierto
EV007295,SOP091-003546,2025-08-02,cerrado
EV007296,SOP091-003547,2025-07-30,abierto
EV007297,SOP091-003547,2025-07-31,cerrado
EV007298,SOP091-003548,2025-07-30,abierto
EV007299,SOP091-003548,2025-07-31,cerrado
EV007300,SOP091-003549,2025-07-30,abierto
EV007301,SOP091-003549,2025-07-31,cerrado
EV007302,SOP091-003550,2025-07-30,abierto
EV007303,SOP091-003550,2025-07-31,cerrado
EV007304,SOP091-003551,2025-07-30,abierto
EV007305,SOP091-003551,2025-07-31,cerrado
EV007306,SOP091-003552,2025-07-30,abierto
EV007307,SOP091-003552,2025-08-01,cerrado
EV007308,SOP091-003553,2025-07-31,abierto
EV007309,SOP091-003554,2025-07-31,abierto
EV007310,SOP091-003554,2025-08-01,cerrado
EV007311,SOP091-003555,2025-07-31,abierto
EV007312,SOP091-003555,2025-08-01,cerrado
EV007313,SOP091-003556,2025-07-31,abierto
EV007314,SOP091-003556,2025-08-02,cerrado
EV007315,SOP091-003557,2025-07-31,abierto
EV007316,SOP091-003557,2025-08-01,cerrado
EV007317,SOP091-003558,2025-07-31,abierto
EV007318,SOP091-003558,2025-08-01,cerrado
EV007319,SOP091-003559,2025-07-31,abierto
EV007320,SOP091-003559,2025-08-01,cerrado
EV007321,SOP091-003560,2025-08-01,abierto
EV007322,SOP091-003560,2025-08-03,cerrado
EV007323,SOP091-003561,2025-08-01,abierto
EV007324,SOP091-003561,2025-08-02,cerrado
EV007325,SOP091-003562,2025-08-01,abierto
EV007326,SOP091-003562,2025-08-02,cerrado
EV007327,SOP091-003563,2025-08-01,abierto
EV007328,SOP091-003563,2025-08-02,cerrado
EV007329,SOP091-003564,2025-08-01,abierto
EV007330,SOP091-003565,2025-08-01,abierto
EV007331,SOP091-003565,2025-08-02,cerrado
EV007332,SOP091-003566,2025-08-02,abierto
EV007333,SOP091-003566,2025-08-03,cerrado
EV007334,SOP091-003567,2025-08-02,abierto
EV007335,SOP091-003567,2025-08-03,cerrado
EV007336,SOP091-003568,2025-08-02,abierto
EV007337,SOP091-003569,2025-08-02,abierto
EV007338,SOP091-003569,2025-08-03,cerrado
EV007339,SOP091-003569,2025-08-04,abierto
EV007340,SOP091-003569,2025-08-06,cerrado
EV007341,SOP091-003570,2025-08-02,abierto
EV007342,SOP091-003570,2025-08-03,cerrado
EV007343,SOP091-003571,2025-08-02,abierto
EV007344,SOP091-003571,2025-08-03,cerrado
EV007345,SOP091-003572,2025-08-03,abierto
EV007346,SOP091-003572,2025-08-04,cerrado
EV007347,SOP091-003573,2025-08-03,abierto
EV007348,SOP091-003573,2025-08-05,cerrado
EV007349,SOP091-003574,2025-08-03,abierto
EV007350,SOP091-003574,2025-08-04,cerrado
EV007351,SOP091-003575,2025-08-03,abierto
EV007352,SOP091-003576,2025-08-03,abierto
EV007353,SOP091-003577,2025-08-03,abierto
EV007354,SOP091-003577,2025-08-04,cerrado
EV007355,SOP091-003578,2025-08-04,abierto
EV007356,SOP091-003578,2025-08-05,cerrado
EV007357,SOP091-003579,2025-08-04,abierto
EV007358,SOP091-003579,2025-08-05,cerrado
EV007359,SOP091-003580,2025-08-04,abierto
EV007360,SOP091-003580,2025-08-05,cerrado
EV007361,SOP091-003581,2025-08-04,abierto
EV007362,SOP091-003581,2025-08-09,cerrado
EV007363,SOP091-003582,2025-08-04,abierto
EV007364,SOP091-003582,2025-08-05,cerrado
EV007365,SOP091-003583,2025-08-04,abierto
EV007366,SOP091-003583,2025-08-05,cerrado
EV007367,SOP091-003584,2025-08-05,abierto
EV007368,SOP091-003584,2025-08-06,cerrado
EV007369,SOP091-003585,2025-08-05,abierto
EV007370,SOP091-003585,2025-08-06,cerrado
EV007371,SOP091-003586,2025-08-05,abierto
EV007372,SOP091-003586,2025-08-06,cerrado
EV007373,SOP091-003587,2025-08-05,abierto
EV007374,SOP091-003587,2025-08-06,cerrado
EV007375,SOP091-003588,2025-08-05,abierto
EV007376,SOP091-003588,2025-08-06,cerrado
EV007377,SOP091-003589,2025-08-05,abierto
EV007378,SOP091-003589,2025-08-06,cerrado
EV007379,SOP091-003590,2025-08-06,abierto
EV007380,SOP091-003590,2025-08-07,cerrado
EV007381,SOP091-003590,2025-08-08,abierto
EV007382,SOP091-003590,2025-08-10,cerrado
EV007383,SOP091-003591,2025-08-06,abierto
EV007384,SOP091-003591,2025-08-07,cerrado
EV007385,SOP091-003592,2025-08-06,abierto
EV007386,SOP091-003593,2025-08-06,abierto
EV007387,SOP091-003593,2025-08-08,cerrado
EV007388,SOP091-003594,2025-08-06,abierto
EV007389,SOP091-003594,2025-08-07,cerrado
EV007390,SOP091-003594,2025-08-08,abierto
EV007391,SOP091-003594,2025-08-10,cerrado
EV007392,SOP091-003595,2025-08-06,abierto
EV007393,SOP091-003595,2025-08-07,cerrado
EV007394,SOP091-003596,2025-08-06,abierto
EV007395,SOP091-003596,2025-08-07,cerrado
EV007396,SOP091-003596,2025-08-08,abierto
EV007397,SOP091-003596,2025-08-10,cerrado
EV007398,SOP091-003597,2025-08-07,abierto
EV007399,SOP091-003597,2025-08-10,cerrado
EV007400,SOP091-003598,2025-08-07,abierto
EV007401,SOP091-003598,2025-08-08,cerrado
EV007402,SOP091-003599,2025-08-07,abierto
EV007403,SOP091-003599,2025-08-08,cerrado
EV007404,SOP091-003600,2025-08-07,abierto
EV007405,SOP091-003600,2025-08-08,cerrado
EV007406,SOP091-003601,2025-08-07,abierto
EV007407,SOP091-003602,2025-08-07,abierto
EV007408,SOP091-003602,2025-08-08,cerrado
EV007409,SOP091-003602,2025-08-09,abierto
EV007410,SOP091-003602,2025-08-11,cerrado
EV007411,SOP091-003603,2025-08-08,abierto
EV007412,SOP091-003603,2025-08-09,cerrado
EV007413,SOP091-003604,2025-08-08,abierto
EV007414,SOP091-003604,2025-08-10,cerrado
EV007415,SOP091-003605,2025-08-08,abierto
EV007416,SOP091-003605,2025-08-09,cerrado
EV007417,SOP091-003606,2025-08-08,abierto
EV007418,SOP091-003606,2025-08-09,cerrado
EV007419,SOP091-003607,2025-08-08,abierto
EV007420,SOP091-003607,2025-08-11,cerrado
EV007421,SOP091-003608,2025-08-08,abierto
EV007422,SOP091-003608,2025-08-09,cerrado
EV007423,SOP091-003609,2025-08-09,abierto
EV007424,SOP091-003609,2025-08-10,cerrado
EV007425,SOP091-003610,2025-08-09,abierto
EV007426,SOP091-003610,2025-08-11,cerrado
EV007427,SOP091-003611,2025-08-09,abierto
EV007428,SOP091-003611,2025-08-10,cerrado
EV007429,SOP091-003612,2025-08-09,abierto
EV007430,SOP091-003612,2025-08-10,cerrado
EV007431,SOP091-003613,2025-08-09,abierto
EV007432,SOP091-003613,2025-08-10,cerrado
EV007433,SOP091-003614,2025-08-09,abierto
EV007434,SOP091-003614,2025-08-10,cerrado
EV007435,SOP091-003615,2025-08-10,abierto
EV007436,SOP091-003615,2025-08-14,cerrado
EV007437,SOP091-003616,2025-08-10,abierto
EV007438,SOP091-003616,2025-08-11,cerrado
EV007439,SOP091-003617,2025-08-10,abierto
EV007440,SOP091-003617,2025-08-11,cerrado
EV007441,SOP091-003618,2025-08-10,abierto
EV007442,SOP091-003618,2025-08-11,cerrado
EV007443,SOP091-003619,2025-08-10,abierto
EV007444,SOP091-003619,2025-08-12,cerrado
EV007445,SOP091-003620,2025-08-10,abierto
EV007446,SOP091-003621,2025-08-11,abierto
EV007447,SOP091-003621,2025-08-12,cerrado
EV007448,SOP091-003621,2025-08-13,abierto
EV007449,SOP091-003621,2025-08-16,cerrado
EV007450,SOP091-003622,2025-08-11,abierto
EV007451,SOP091-003622,2025-08-12,cerrado
EV007452,SOP091-003623,2025-08-11,abierto
EV007453,SOP091-003624,2025-08-11,abierto
EV007454,SOP091-003625,2025-08-11,abierto
EV007455,SOP091-003625,2025-08-12,cerrado
EV007456,SOP091-003626,2025-08-11,abierto
EV007457,SOP091-003626,2025-08-12,cerrado
EV007458,SOP091-003627,2025-08-12,abierto
EV007459,SOP091-003628,2025-08-12,abierto
EV007460,SOP091-003628,2025-08-13,cerrado
EV007461,SOP091-003629,2025-08-12,abierto
EV007462,SOP091-003629,2025-08-13,cerrado
EV007463,SOP091-003630,2025-08-12,abierto
EV007464,SOP091-003630,2025-08-15,cerrado
EV007465,SOP091-003631,2025-08-12,abierto
EV007466,SOP091-003631,2025-08-14,cerrado
EV007467,SOP091-003632,2025-08-12,abierto
EV007468,SOP091-003633,2025-08-12,abierto
EV007469,SOP091-003634,2025-08-13,abierto
EV007470,SOP091-003635,2025-08-13,abierto
EV007471,SOP091-003635,2025-08-14,cerrado
EV007472,SOP091-003636,2025-08-13,abierto
EV007473,SOP091-003636,2025-08-15,cerrado
EV007474,SOP091-003637,2025-08-13,abierto
EV007475,SOP091-003637,2025-08-14,cerrado
EV007476,SOP091-003638,2025-08-13,abierto
EV007477,SOP091-003638,2025-08-14,cerrado
EV007478,SOP091-003639,2025-08-13,abierto
EV007479,SOP091-003640,2025-08-14,abierto
EV007480,SOP091-003641,2025-08-14,abierto
EV007481,SOP091-003642,2025-08-14,abierto
EV007482,SOP091-003642,2025-08-15,cerrado
EV007483,SOP091-003643,2025-08-14,abierto
EV007484,SOP091-003643,2025-08-16,cerrado
EV007485,SOP091-003644,2025-08-14,abierto
EV007486,SOP091-003645,2025-08-14,abierto
EV007487,SOP091-003645,2025-08-15,cerrado
EV007488,SOP091-003646,2025-08-15,abierto
EV007489,SOP091-003646,2025-08-16,cerrado
EV007490,SOP091-003647,2025-08-15,abierto
EV007491,SOP091-003648,2025-08-15,abierto
EV007492,SOP091-003649,2025-08-15,abierto
EV007493,SOP091-003649,2025-08-16,cerrado
EV007494,SOP091-003650,2025-08-15,abierto
EV007495,SOP091-003650,2025-08-16,cerrado
EV007496,SOP091-003651,2025-08-15,abierto
EV007497,SOP091-003652,2025-08-16,abierto
EV007498,SOP091-003652,2025-08-17,cerrado
EV007499,SOP091-003652,2025-08-18,abierto
EV007500,SOP091-003652,2025-08-20,cerrado
EV007501,SOP091-003653,2025-08-16,abierto
EV007502,SOP091-003653,2025-08-17,cerrado
EV007503,SOP091-003654,2025-08-16,abierto
EV007504,SOP091-003654,2025-08-17,cerrado
EV007505,SOP091-003655,2025-08-16,abierto
EV007506,SOP091-003655,2025-08-17,cerrado
EV007507,SOP091-003655,2025-08-18,abierto
EV007508,SOP091-003655,2025-08-20,cerrado
EV007509,SOP091-003656,2025-08-16,abierto
EV007510,SOP091-003656,2025-08-17,cerrado
EV007511,SOP091-003657,2025-08-16,abierto
EV007512,SOP091-003657,2025-08-17,cerrado
EV007513,SOP091-003658,2025-08-17,abierto
EV007514,SOP091-003659,2025-08-17,abierto
EV007515,SOP091-003660,2025-08-17,abierto
EV007516,SOP091-003661,2025-08-17,abierto
EV007517,SOP091-003661,2025-08-18,cerrado
EV007518,SOP091-003662,2025-08-17,abierto
EV007519,SOP091-003662,2025-08-18,cerrado
EV007520,SOP091-003663,2025-08-17,abierto
EV007521,SOP091-003663,2025-08-18,cerrado
EV007522,SOP091-003664,2025-08-18,abierto
EV007523,SOP091-003664,2025-08-19,cerrado
EV007524,SOP091-003664,2025-08-20,abierto
EV007525,SOP091-003664,2025-08-22,cerrado
EV007526,SOP091-003665,2025-08-18,abierto
EV007527,SOP091-003665,2025-08-19,cerrado
EV007528,SOP091-003666,2025-08-18,abierto
EV007529,SOP091-003666,2025-08-19,cerrado
EV007530,SOP091-003667,2025-08-18,abierto
EV007531,SOP091-003667,2025-08-19,cerrado
EV007532,SOP091-003668,2025-08-18,abierto
EV007533,SOP091-003668,2025-08-19,cerrado
EV007534,SOP091-003669,2025-08-18,abierto
EV007535,SOP091-003669,2025-08-19,cerrado
EV007536,SOP091-003670,2025-08-19,abierto
EV007537,SOP091-003670,2025-08-20,cerrado
EV007538,SOP091-003670,2025-08-21,abierto
EV007539,SOP091-003670,2025-08-23,cerrado
EV007540,SOP091-003671,2025-08-19,abierto
EV007541,SOP091-003671,2025-08-20,cerrado
EV007542,SOP091-003672,2025-08-19,abierto
EV007543,SOP091-003672,2025-08-20,cerrado
EV007544,SOP091-003673,2025-08-19,abierto
EV007545,SOP091-003673,2025-08-20,cerrado
EV007546,SOP091-003674,2025-08-19,abierto
EV007547,SOP091-003674,2025-08-20,cerrado
EV007548,SOP091-003675,2025-08-19,abierto
EV007549,SOP091-003675,2025-08-21,cerrado
EV007550,SOP091-003676,2025-08-19,abierto
EV007551,SOP091-003676,2025-08-20,cerrado
EV007552,SOP091-003677,2025-08-20,abierto
EV007553,SOP091-003677,2025-08-21,cerrado
EV007554,SOP091-003678,2025-08-20,abierto
EV007555,SOP091-003678,2025-08-21,cerrado
EV007556,SOP091-003678,2025-08-22,abierto
EV007557,SOP091-003678,2025-08-24,cerrado
EV007558,SOP091-003679,2025-08-20,abierto
EV007559,SOP091-003679,2025-08-21,cerrado
EV007560,SOP091-003680,2025-08-20,abierto
EV007561,SOP091-003681,2025-08-20,abierto
EV007562,SOP091-003682,2025-08-20,abierto
EV007563,SOP091-003682,2025-08-22,cerrado
EV007564,SOP091-003683,2025-08-21,abierto
EV007565,SOP091-003683,2025-08-22,cerrado
EV007566,SOP091-003684,2025-08-21,abierto
EV007567,SOP091-003684,2025-08-22,cerrado
EV007568,SOP091-003685,2025-08-21,abierto
EV007569,SOP091-003685,2025-08-22,cerrado
EV007570,SOP091-003686,2025-08-21,abierto
EV007571,SOP091-003686,2025-08-22,cerrado
EV007572,SOP091-003687,2025-08-21,abierto
EV007573,SOP091-003687,2025-08-22,cerrado
EV007574,SOP091-003688,2025-08-21,abierto
EV007575,SOP091-003688,2025-08-22,cerrado
EV007576,SOP091-003689,2025-08-22,abierto
EV007577,SOP091-003690,2025-08-22,abierto
EV007578,SOP091-003690,2025-08-23,cerrado
EV007579,SOP091-003691,2025-08-22,abierto
EV007580,SOP091-003692,2025-08-22,abierto
EV007581,SOP091-003692,2025-08-24,cerrado
EV007582,SOP091-003693,2025-08-22,abierto
EV007583,SOP091-003693,2025-08-23,cerrado
EV007584,SOP091-003694,2025-08-22,abierto
EV007585,SOP091-003694,2025-08-23,cerrado
EV007586,SOP091-003695,2025-08-23,abierto
EV007587,SOP091-003695,2025-08-24,cerrado
EV007588,SOP091-003696,2025-08-23,abierto
EV007589,SOP091-003696,2025-08-24,cerrado
EV007590,SOP091-003697,2025-08-23,abierto
EV007591,SOP091-003698,2025-08-23,abierto
EV007592,SOP091-003699,2025-08-23,abierto
EV007593,SOP091-003699,2025-08-24,cerrado
EV007594,SOP091-003700,2025-08-23,abierto
EV007595,SOP091-003700,2025-08-24,cerrado
EV007596,SOP091-003701,2025-08-24,abierto
EV007597,SOP091-003702,2025-08-24,abierto
EV007598,SOP091-003702,2025-08-26,cerrado
EV007599,SOP091-003703,2025-08-24,abierto
EV007600,SOP091-003703,2025-08-25,cerrado
EV007601,SOP091-003704,2025-08-24,abierto
EV007602,SOP091-003704,2025-08-25,cerrado
EV007603,SOP091-003705,2025-08-24,abierto
EV007604,SOP091-003706,2025-08-24,abierto
EV007605,SOP091-003706,2025-08-25,cerrado
EV007606,SOP091-003707,2025-08-25,abierto
EV007607,SOP091-003708,2025-08-25,abierto
EV007608,SOP091-003708,2025-08-26,cerrado
EV007609,SOP091-003709,2025-08-25,abierto
EV007610,SOP091-003709,2025-08-26,cerrado
EV007611,SOP091-003710,2025-08-25,abierto
EV007612,SOP091-003710,2025-08-26,cerrado
EV007613,SOP091-003711,2025-08-25,abierto
EV007614,SOP091-003711,2025-08-26,cerrado
EV007615,SOP091-003712,2025-08-25,abierto
EV007616,SOP091-003712,2025-08-26,cerrado
EV007617,SOP091-003713,2025-08-25,abierto
EV007618,SOP091-003713,2025-08-26,cerrado
EV007619,SOP091-003713,2025-08-27,abierto
EV007620,SOP091-003713,2025-08-29,cerrado
EV007621,SOP091-003714,2025-08-26,abierto
EV007622,SOP091-003714,2025-08-27,cerrado
EV007623,SOP091-003715,2025-08-26,abierto
EV007624,SOP091-003715,2025-08-27,cerrado
EV007625,SOP091-003716,2025-08-26,abierto
EV007626,SOP091-003716,2025-08-28,cerrado
EV007627,SOP091-003717,2025-08-26,abierto
EV007628,SOP091-003718,2025-08-26,abierto
EV007629,SOP091-003718,2025-08-27,cerrado
EV007630,SOP091-003719,2025-08-26,abierto
EV007631,SOP091-003719,2025-08-27,cerrado
EV007632,SOP091-003720,2025-08-27,abierto
EV007633,SOP091-003721,2025-08-27,abierto
EV007634,SOP091-003721,2025-08-28,cerrado
EV007635,SOP091-003722,2025-08-27,abierto
EV007636,SOP091-003722,2025-08-28,cerrado
EV007637,SOP091-003723,2025-08-27,abierto
EV007638,SOP091-003723,2025-08-28,cerrado
EV007639,SOP091-003724,2025-08-27,abierto
EV007640,SOP091-003724,2025-08-28,cerrado
EV007641,SOP091-003725,2025-08-27,abierto
EV007642,SOP091-003726,2025-08-28,abierto
EV007643,SOP091-003726,2025-08-29,cerrado
EV007644,SOP091-003727,2025-08-28,abierto
EV007645,SOP091-003727,2025-08-29,cerrado
EV007646,SOP091-003728,2025-08-28,abierto
EV007647,SOP091-003729,2025-08-28,abierto
EV007648,SOP091-003729,2025-08-29,cerrado
EV007649,SOP091-003729,2025-08-30,abierto
EV007650,SOP091-003729,2025-09-02,cerrado
EV007651,SOP091-003730,2025-08-28,abierto
EV007652,SOP091-003730,2025-08-29,cerrado
EV007653,SOP091-003731,2025-08-28,abierto
EV007654,SOP091-003731,2025-08-30,cerrado
EV007655,SOP091-003732,2025-08-29,abierto
EV007656,SOP091-003732,2025-08-30,cerrado
EV007657,SOP091-003733,2025-08-29,abierto
EV007658,SOP091-003733,2025-08-30,cerrado
EV007659,SOP091-003733,2025-08-31,abierto
EV007660,SOP091-003733,2025-09-02,cerrado
EV007661,SOP091-003734,2025-08-29,abierto
EV007662,SOP091-003735,2025-08-29,abierto
EV007663,SOP091-003735,2025-08-30,cerrado
EV007664,SOP091-003736,2025-08-29,abierto
EV007665,SOP091-003736,2025-08-30,cerrado
EV007666,SOP091-003737,2025-08-29,abierto
EV007667,SOP091-003737,2025-08-30,cerrado
EV007668,SOP091-003738,2025-08-30,abierto
EV007669,SOP091-003738,2025-08-31,cerrado
EV007670,SOP091-003739,2025-08-30,abierto
EV007671,SOP091-003739,2025-08-31,cerrado
EV007672,SOP091-003739,2025-09-01,abierto
EV007673,SOP091-003739,2025-09-03,cerrado
EV007674,SOP091-003740,2025-08-30,abierto
EV007675,SOP091-003740,2025-08-31,cerrado
EV007676,SOP091-003741,2025-08-30,abierto
EV007677,SOP091-003741,2025-08-31,cerrado
EV007678,SOP091-003742,2025-08-30,abierto
EV007679,SOP091-003742,2025-08-31,cerrado
EV007680,SOP091-003743,2025-08-30,abierto
EV007681,SOP091-003743,2025-08-31,cerrado
EV007682,SOP091-003743,2025-09-01,abierto
EV007683,SOP091-003743,2025-09-03,cerrado
EV007684,SOP091-003744,2025-08-31,abierto
EV007685,SOP091-003744,2025-09-01,cerrado
EV007686,SOP091-003745,2025-08-31,abierto
EV007687,SOP091-003745,2025-09-01,cerrado
EV007688,SOP091-003745,2025-09-02,abierto
EV007689,SOP091-003745,2025-09-04,cerrado
EV007690,SOP091-003746,2025-08-31,abierto
EV007691,SOP091-003746,2025-09-01,cerrado
EV007692,SOP091-003747,2025-08-31,abierto
EV007693,SOP091-003748,2025-08-31,abierto
EV007694,SOP091-003748,2025-09-01,cerrado
EV007695,SOP091-003749,2025-08-31,abierto
EV007696,SOP091-003749,2025-09-01,cerrado
EV007697,SOP091-003750,2025-09-01,abierto
EV007698,SOP091-003750,2025-09-02,cerrado
EV007699,SOP091-003751,2025-09-01,abierto
EV007700,SOP091-003752,2025-09-01,abierto
EV007701,SOP091-003752,2025-09-02,cerrado
EV007702,SOP091-003753,2025-09-01,abierto
EV007703,SOP091-003753,2025-09-02,cerrado
EV007704,SOP091-003754,2025-09-01,abierto
EV007705,SOP091-003755,2025-09-01,abierto
EV007706,SOP091-003755,2025-09-02,cerrado
EV007707,SOP091-003756,2025-09-01,abierto
EV007708,SOP091-003756,2025-09-02,cerrado
EV007709,SOP091-003757,2025-09-02,abierto
EV007710,SOP091-003757,2025-09-03,cerrado
EV007711,SOP091-003758,2025-09-02,abierto
EV007712,SOP091-003758,2025-09-04,cerrado
EV007713,SOP091-003759,2025-09-02,abierto
EV007714,SOP091-003759,2025-09-03,cerrado
EV007715,SOP091-003760,2025-09-02,abierto
EV007716,SOP091-003760,2025-09-03,cerrado
EV007717,SOP091-003761,2025-09-02,abierto
EV007718,SOP091-003761,2025-09-03,cerrado
EV007719,SOP091-003762,2025-09-02,abierto
EV007720,SOP091-003762,2025-09-03,cerrado
EV007721,SOP091-003762,2025-09-04,abierto
EV007722,SOP091-003762,2025-09-06,cerrado
EV007723,SOP091-003763,2025-09-03,abierto
EV007724,SOP091-003764,2025-09-03,abierto
EV007725,SOP091-003764,2025-09-04,cerrado
EV007726,SOP091-003764,2025-09-05,abierto
EV007727,SOP091-003764,2025-09-07,cerrado
EV007728,SOP091-003765,2025-09-03,abierto
EV007729,SOP091-003765,2025-09-04,cerrado
EV007730,SOP091-003766,2025-09-03,abierto
EV007731,SOP091-003766,2025-09-04,cerrado
EV007732,SOP091-003767,2025-09-03,abierto
EV007733,SOP091-003767,2025-09-04,cerrado
EV007734,SOP091-003768,2025-09-03,abierto
EV007735,SOP091-003768,2025-09-04,cerrado
EV007736,SOP091-003769,2025-09-04,abierto
EV007737,SOP091-003769,2025-09-05,cerrado
EV007738,SOP091-003770,2025-09-04,abierto
EV007739,SOP091-003770,2025-09-07,cerrado
EV007740,SOP091-003771,2025-09-04,abierto
EV007741,SOP091-003771,2025-09-05,cerrado
EV007742,SOP091-003772,2025-09-04,abierto
EV007743,SOP091-003772,2025-09-05,cerrado
EV007744,SOP091-003772,2025-09-06,abierto
EV007745,SOP091-003772,2025-09-09,cerrado
EV007746,SOP091-003773,2025-09-04,abierto
EV007747,SOP091-003774,2025-09-04,abierto
EV007748,SOP091-003774,2025-09-05,cerrado
EV007749,SOP091-003775,2025-09-05,abierto
EV007750,SOP091-003775,2025-09-06,cerrado
EV007751,SOP091-003776,2025-09-05,abierto
EV007752,SOP091-003776,2025-09-06,cerrado
EV007753,SOP091-003777,2025-09-05,abierto
EV007754,SOP091-003777,2025-09-06,cerrado
EV007755,SOP091-003778,2025-09-05,abierto
EV007756,SOP091-003779,2025-09-05,abierto
EV007757,SOP091-003779,2025-09-07,cerrado
EV007758,SOP091-003780,2025-09-05,abierto
EV007759,SOP091-003780,2025-09-06,cerrado
EV007760,SOP091-003780,2025-09-07,abierto
EV007761,SOP091-003780,2025-09-09,cerrado
EV007762,SOP091-003781,2025-09-06,abierto
EV007763,SOP091-003781,2025-09-07,cerrado
EV007764,SOP091-003782,2025-09-06,abierto
EV007765,SOP091-003783,2025-09-06,abierto
EV007766,SOP091-003783,2025-09-07,cerrado
EV007767,SOP091-003784,2025-09-06,abierto
EV007768,SOP091-003784,2025-09-07,cerrado
EV007769,SOP091-003785,2025-09-06,abierto
EV007770,SOP091-003785,2025-09-07,cerrado
EV007771,SOP091-003786,2025-09-06,abierto
EV007772,SOP091-003786,2025-09-07,cerrado
EV007773,SOP091-003787,2025-09-07,abierto
EV007774,SOP091-003787,2025-09-08,cerrado
EV007775,SOP091-003788,2025-09-07,abierto
EV007776,SOP091-003788,2025-09-09,cerrado
EV007777,SOP091-003789,2025-09-07,abierto
EV007778,SOP091-003790,2025-09-07,abierto
EV007779,SOP091-003790,2025-09-08,cerrado
EV007780,SOP091-003791,2025-09-07,abierto
EV007781,SOP091-003791,2025-09-08,cerrado
EV007782,SOP091-003792,2025-09-07,abierto
EV007783,SOP091-003792,2025-09-08,cerrado
EV007784,SOP091-003793,2025-09-07,abierto
EV007785,SOP091-003793,2025-09-08,cerrado
EV007786,SOP091-003794,2025-09-08,abierto
EV007787,SOP091-003795,2025-09-08,abierto
EV007788,SOP091-003796,2025-09-08,abierto
EV007789,SOP091-003797,2025-09-08,abierto
EV007790,SOP091-003797,2025-09-09,cerrado
EV007791,SOP091-003798,2025-09-08,abierto
EV007792,SOP091-003798,2025-09-10,cerrado
EV007793,SOP091-003799,2025-09-08,abierto
EV007794,SOP091-003799,2025-09-09,cerrado
EV007795,SOP091-003800,2025-09-09,abierto
EV007796,SOP091-003800,2025-09-10,cerrado
EV007797,SOP091-003801,2025-09-09,abierto
EV007798,SOP091-003801,2025-09-10,cerrado
EV007799,SOP091-003802,2025-09-09,abierto
EV007800,SOP091-003802,2025-09-10,cerrado
EV007801,SOP091-003803,2025-09-09,abierto
EV007802,SOP091-003803,2025-09-10,cerrado
EV007803,SOP091-003804,2025-09-09,abierto
EV007804,SOP091-003804,2025-09-10,cerrado
EV007805,SOP091-003805,2025-09-09,abierto
EV007806,SOP091-003806,2025-09-10,abierto
EV007807,SOP091-003806,2025-09-11,cerrado
EV007808,SOP091-003807,2025-09-10,abierto
EV007809,SOP091-003807,2025-09-11,cerrado
EV007810,SOP091-003808,2025-09-10,abierto
EV007811,SOP091-003808,2025-09-11,cerrado
EV007812,SOP091-003809,2025-09-10,abierto
EV007813,SOP091-003809,2025-09-11,cerrado
EV007814,SOP091-003810,2025-09-10,abierto
EV007815,SOP091-003810,2025-09-11,cerrado
EV007816,SOP091-003811,2025-09-10,abierto
EV007817,SOP091-003811,2025-09-11,cerrado
EV007818,SOP091-003811,2025-09-12,abierto
EV007819,SOP091-003811,2025-09-14,cerrado
EV007820,SOP091-003812,2025-09-11,abierto
EV007821,SOP091-003812,2025-09-12,cerrado
EV007822,SOP091-003813,2025-09-11,abierto
EV007823,SOP091-003813,2025-09-13,cerrado
EV007824,SOP091-003814,2025-09-11,abierto
EV007825,SOP091-003814,2025-09-12,cerrado
EV007826,SOP091-003815,2025-09-11,abierto
EV007827,SOP091-003816,2025-09-11,abierto
EV007828,SOP091-003816,2025-09-12,cerrado
EV007829,SOP091-003817,2025-09-11,abierto
EV007830,SOP091-003818,2025-09-12,abierto
EV007831,SOP091-003818,2025-09-13,cerrado
EV007832,SOP091-003819,2025-09-12,abierto
EV007833,SOP091-003819,2025-09-13,cerrado
EV007834,SOP091-003820,2025-09-12,abierto
EV007835,SOP091-003820,2025-09-13,cerrado
EV007836,SOP091-003821,2025-09-12,abierto
EV007837,SOP091-003821,2025-09-13,cerrado
EV007838,SOP091-003821,2025-09-14,abierto
EV007839,SOP091-003821,2025-09-16,cerrado
EV007840,SOP091-003822,2025-09-12,abierto
EV007841,SOP091-003822,2025-09-13,cerrado
EV007842,SOP091-003823,2025-09-12,abierto
EV007843,SOP091-003824,2025-09-13,abierto
EV007844,SOP091-003824,2025-09-14,cerrado
EV007845,SOP091-003825,2025-09-13,abierto
EV007846,SOP091-003826,2025-09-13,abierto
EV007847,SOP091-003827,2025-09-13,abierto
EV007848,SOP091-003827,2025-09-14,cerrado
EV007849,SOP091-003828,2025-09-13,abierto
EV007850,SOP091-003828,2025-09-14,cerrado
EV007851,SOP091-003828,2025-09-15,abierto
EV007852,SOP091-003828,2025-09-17,cerrado
EV007853,SOP091-003829,2025-09-13,abierto
EV007854,SOP091-003830,2025-09-13,abierto
EV007855,SOP091-003830,2025-09-14,cerrado
EV007856,SOP091-003831,2025-09-14,abierto
EV007857,SOP091-003831,2025-09-15,cerrado
EV007858,SOP091-003832,2025-09-14,abierto
EV007859,SOP091-003832,2025-09-15,cerrado
EV007860,SOP091-003833,2025-09-14,abierto
EV007861,SOP091-003834,2025-09-14,abierto
EV007862,SOP091-003834,2025-09-15,cerrado
EV007863,SOP091-003835,2025-09-14,abierto
EV007864,SOP091-003836,2025-09-14,abierto
EV007865,SOP091-003836,2025-09-15,cerrado
EV007866,SOP091-003837,2025-09-15,abierto
EV007867,SOP091-003837,2025-09-16,cerrado
EV007868,SOP091-003838,2025-09-15,abierto
EV007869,SOP091-003838,2025-09-16,cerrado
EV007870,SOP091-003839,2025-09-15,abierto
EV007871,SOP091-003839,2025-09-16,cerrado
EV007872,SOP091-003840,2025-09-15,abierto
EV007873,SOP091-003840,2025-09-16,cerrado
EV007874,SOP091-003841,2025-09-15,abierto
EV007875,SOP091-003841,2025-09-16,cerrado
EV007876,SOP091-003842,2025-09-15,abierto
EV007877,SOP091-003842,2025-09-16,cerrado
EV007878,SOP091-003843,2025-09-16,abierto
EV007879,SOP091-003843,2025-09-17,cerrado
EV007880,SOP091-003844,2025-09-16,abierto
EV007881,SOP091-003844,2025-09-17,cerrado
EV007882,SOP091-003845,2025-09-16,abierto
EV007883,SOP091-003845,2025-09-17,cerrado
EV007884,SOP091-003846,2025-09-16,abierto
EV007885,SOP091-003846,2025-09-18,cerrado
EV007886,SOP091-003847,2025-09-16,abierto
EV007887,SOP091-003848,2025-09-16,abierto
EV007888,SOP091-003848,2025-09-17,cerrado
EV007889,SOP091-003849,2025-09-17,abierto
EV007890,SOP091-003849,2025-09-18,cerrado
EV007891,SOP091-003850,2025-09-17,abierto
EV007892,SOP091-003850,2025-09-18,cerrado
EV007893,SOP091-003850,2025-09-19,abierto
EV007894,SOP091-003850,2025-09-21,cerrado
EV007895,SOP091-003851,2025-09-17,abierto
EV007896,SOP091-003851,2025-09-18,cerrado
EV007897,SOP091-003852,2025-09-17,abierto
EV007898,SOP091-003852,2025-09-18,cerrado
EV007899,SOP091-003853,2025-09-17,abierto
EV007900,SOP091-003853,2025-09-18,cerrado
EV007901,SOP091-003854,2025-09-17,abierto
EV007902,SOP091-003854,2025-09-18,cerrado
EV007903,SOP091-003855,2025-09-18,abierto
EV007904,SOP091-003855,2025-09-19,cerrado
EV007905,SOP091-003856,2025-09-18,abierto
EV007906,SOP091-003856,2025-09-19,cerrado
EV007907,SOP091-003856,2025-09-20,abierto
EV007908,SOP091-003856,2025-09-22,cerrado
EV007909,SOP091-003857,2025-09-18,abierto
EV007910,SOP091-003857,2025-09-19,cerrado
EV007911,SOP091-003857,2025-09-20,abierto
EV007912,SOP091-003857,2025-09-22,cerrado
EV007913,SOP091-003858,2025-09-18,abierto
EV007914,SOP091-003858,2025-09-20,cerrado
EV007915,SOP091-003859,2025-09-18,abierto
EV007916,SOP091-003860,2025-09-18,abierto
EV007917,SOP091-003860,2025-09-19,cerrado
EV007918,SOP091-003861,2025-09-19,abierto
EV007919,SOP091-003861,2025-09-20,cerrado
EV007920,SOP091-003861,2025-09-21,abierto
EV007921,SOP091-003861,2025-09-23,cerrado
EV007922,SOP091-003862,2025-09-19,abierto
EV007923,SOP091-003863,2025-09-19,abierto
EV007924,SOP091-003864,2025-09-19,abierto
EV007925,SOP091-003864,2025-09-20,cerrado
EV007926,SOP091-003865,2025-09-19,abierto
EV007927,SOP091-003865,2025-09-20,cerrado
EV007928,SOP091-003866,2025-09-19,abierto
EV007929,SOP091-003866,2025-09-20,cerrado
EV007930,SOP091-003867,2025-09-20,abierto
EV007931,SOP091-003867,2025-09-21,cerrado
EV007932,SOP091-003867,2025-09-22,abierto
EV007933,SOP091-003867,2025-09-24,cerrado
EV007934,SOP091-003868,2025-09-20,abierto
EV007935,SOP091-003869,2025-09-20,abierto
EV007936,SOP091-003869,2025-09-21,cerrado
EV007937,SOP091-003870,2025-09-20,abierto
EV007938,SOP091-003870,2025-09-21,cerrado
EV007939,SOP091-003871,2025-09-20,abierto
EV007940,SOP091-003871,2025-09-21,cerrado
EV007941,SOP091-003872,2025-09-20,abierto
EV007942,SOP091-003872,2025-09-21,cerrado
EV007943,SOP091-003873,2025-09-20,abierto
EV007944,SOP091-003873,2025-09-22,cerrado
EV007945,SOP091-003874,2025-09-21,abierto
EV007946,SOP091-003874,2025-09-22,cerrado
EV007947,SOP091-003875,2025-09-21,abierto
EV007948,SOP091-003875,2025-09-22,cerrado
EV007949,SOP091-003876,2025-09-21,abierto
EV007950,SOP091-003876,2025-09-22,cerrado
EV007951,SOP091-003877,2025-09-21,abierto
EV007952,SOP091-003877,2025-09-22,cerrado
EV007953,SOP091-003878,2025-09-21,abierto
EV007954,SOP091-003878,2025-09-22,cerrado
EV007955,SOP091-003878,2025-09-23,abierto
EV007956,SOP091-003878,2025-09-25,cerrado
EV007957,SOP091-003879,2025-09-21,abierto
EV007958,SOP091-003879,2025-09-22,cerrado
EV007959,SOP091-003880,2025-09-22,abierto
EV007960,SOP091-003880,2025-09-23,cerrado
EV007961,SOP091-003881,2025-09-22,abierto
EV007962,SOP091-003881,2025-09-23,cerrado
EV007963,SOP091-003882,2025-09-22,abierto
EV007964,SOP091-003882,2025-09-23,cerrado
EV007965,SOP091-003883,2025-09-22,abierto
EV007966,SOP091-003883,2025-09-23,cerrado
EV007967,SOP091-003884,2025-09-22,abierto
EV007968,SOP091-003884,2025-09-23,cerrado
EV007969,SOP091-003885,2025-09-22,abierto
EV007970,SOP091-003885,2025-09-23,cerrado
EV007971,SOP091-003886,2025-09-23,abierto
EV007972,SOP091-003886,2025-09-24,cerrado
EV007973,SOP091-003886,2025-09-25,abierto
EV007974,SOP091-003886,2025-09-27,cerrado
EV007975,SOP091-003887,2025-09-23,abierto
EV007976,SOP091-003888,2025-09-23,abierto
EV007977,SOP091-003888,2025-09-24,cerrado
EV007978,SOP091-003889,2025-09-23,abierto
EV007979,SOP091-003889,2025-09-24,cerrado
EV007980,SOP091-003890,2025-09-23,abierto
EV007981,SOP091-003890,2025-09-24,cerrado
EV007982,SOP091-003891,2025-09-23,abierto
EV007983,SOP091-003891,2025-09-24,cerrado
EV007984,SOP091-003891,2025-09-25,abierto
EV007985,SOP091-003891,2025-09-27,cerrado
EV007986,SOP091-003892,2025-09-24,abierto
EV007987,SOP091-003892,2025-09-25,cerrado
EV007988,SOP091-003893,2025-09-24,abierto
EV007989,SOP091-003894,2025-09-24,abierto
EV007990,SOP091-003894,2025-09-25,cerrado
EV007991,SOP091-003895,2025-09-24,abierto
EV007992,SOP091-003896,2025-09-24,abierto
EV007993,SOP091-003896,2025-09-27,cerrado
EV007994,SOP091-003897,2025-09-24,abierto
EV007995,SOP091-003897,2025-09-25,cerrado
EV007996,SOP091-003898,2025-09-25,abierto
EV007997,SOP091-003898,2025-09-26,cerrado
EV007998,SOP091-003898,2025-09-27,abierto
EV007999,SOP091-003898,2025-09-29,cerrado
EV008000,SOP091-003899,2025-09-25,abierto
EV008001,SOP091-003899,2025-09-26,cerrado
EV008002,SOP091-003900,2025-09-25,abierto
EV008003,SOP091-003900,2025-09-26,cerrado
EV008004,SOP091-003900,2025-09-27,abierto
EV008005,SOP091-003900,2025-09-29,cerrado
EV008006,SOP091-003901,2025-09-25,abierto
EV008007,SOP091-003902,2025-09-25,abierto
EV008008,SOP091-003902,2025-09-26,cerrado
EV008009,SOP091-003903,2025-09-25,abierto
EV008010,SOP091-003903,2025-09-26,cerrado
EV008011,SOP091-003904,2025-09-26,abierto
EV008012,SOP091-003905,2025-09-26,abierto
EV008013,SOP091-003906,2025-09-26,abierto
EV008014,SOP091-003906,2025-09-27,cerrado
EV008015,SOP091-003907,2025-09-26,abierto
EV008016,SOP091-003908,2025-09-26,abierto
EV008017,SOP091-003908,2025-09-27,cerrado
EV008018,SOP091-003909,2025-09-26,abierto
EV008019,SOP091-003910,2025-09-26,abierto
EV008020,SOP091-003910,2025-09-27,cerrado
EV008021,SOP091-003911,2025-09-27,abierto
EV008022,SOP091-003911,2025-09-28,cerrado
EV008023,SOP091-003912,2025-09-27,abierto
EV008024,SOP091-003913,2025-09-27,abierto
EV008025,SOP091-003913,2025-09-28,cerrado
EV008026,SOP091-003913,2025-09-29,abierto
EV008027,SOP091-003913,2025-10-01,cerrado
EV008028,SOP091-003914,2025-09-27,abierto
EV008029,SOP091-003914,2025-09-28,cerrado
EV008030,SOP091-003915,2025-09-27,abierto
EV008031,SOP091-003916,2025-09-27,abierto
EV008032,SOP091-003916,2025-09-28,cerrado
EV008033,SOP091-003917,2025-09-28,abierto
EV008034,SOP091-003917,2025-09-29,cerrado
EV008035,SOP091-003918,2025-09-28,abierto
EV008036,SOP091-003918,2025-09-30,cerrado
EV008037,SOP091-003919,2025-09-28,abierto
EV008038,SOP091-003919,2025-09-29,cerrado
EV008039,SOP091-003920,2025-09-28,abierto
EV008040,SOP091-003920,2025-09-29,cerrado
EV008041,SOP091-003921,2025-09-28,abierto
EV008042,SOP091-003921,2025-09-29,cerrado
EV008043,SOP091-003921,2025-09-30,abierto
EV008044,SOP091-003921,2025-10-02,cerrado
EV008045,SOP091-003922,2025-09-28,abierto
EV008046,SOP091-003922,2025-09-29,cerrado
EV008047,SOP091-003923,2025-09-29,abierto
EV008048,SOP091-003923,2025-09-30,cerrado
EV008049,SOP091-003924,2025-09-29,abierto
EV008050,SOP091-003924,2025-09-30,cerrado
EV008051,SOP091-003925,2025-09-29,abierto
EV008052,SOP091-003925,2025-09-30,cerrado
EV008053,SOP091-003926,2025-09-29,abierto
EV008054,SOP091-003927,2025-09-29,abierto
EV008055,SOP091-003927,2025-09-30,cerrado
EV008056,SOP091-003928,2025-09-29,abierto
EV008057,SOP091-003928,2025-09-30,cerrado
EV008058,SOP091-003929,2025-09-30,abierto
EV008059,SOP091-003930,2025-09-30,abierto
EV008060,SOP091-003930,2025-10-01,cerrado
EV008061,SOP091-003931,2025-09-30,abierto
EV008062,SOP091-003931,2025-10-01,cerrado
EV008063,SOP091-003932,2025-09-30,abierto
EV008064,SOP091-003932,2025-10-02,cerrado
EV008065,SOP091-003933,2025-09-30,abierto
EV008066,SOP091-003933,2025-10-01,cerrado
EV008067,SOP091-003934,2025-09-30,abierto
EV008068,SOP091-003934,2025-10-01,cerrado
EV008069,SOP091-003935,2025-10-01,abierto
EV008070,SOP091-003935,2025-10-02,cerrado
EV008071,SOP091-003936,2025-10-01,abierto
EV008072,SOP091-003936,2025-10-02,cerrado
EV008073,SOP091-003936,2025-10-03,abierto
EV008074,SOP091-003936,2025-10-05,cerrado
EV008075,SOP091-003937,2025-10-01,abierto
EV008076,SOP091-003937,2025-10-02,cerrado
EV008077,SOP091-003938,2025-10-01,abierto
EV008078,SOP091-003938,2025-10-02,cerrado
EV008079,SOP091-003939,2025-10-01,abierto
EV008080,SOP091-003939,2025-10-02,cerrado
EV008081,SOP091-003940,2025-10-01,abierto
EV008082,SOP091-003940,2025-10-02,cerrado
EV008083,SOP091-003941,2025-10-02,abierto
EV008084,SOP091-003941,2025-10-03,cerrado
EV008085,SOP091-003942,2025-10-02,abierto
EV008086,SOP091-003942,2025-10-03,cerrado
EV008087,SOP091-003943,2025-10-02,abierto
EV008088,SOP091-003943,2025-10-03,cerrado
EV008089,SOP091-003944,2025-10-02,abierto
EV008090,SOP091-003944,2025-10-03,cerrado
EV008091,SOP091-003945,2025-10-02,abierto
EV008092,SOP091-003945,2025-10-03,cerrado
EV008093,SOP091-003946,2025-10-02,abierto
EV008094,SOP091-003946,2025-10-03,cerrado
EV008095,SOP091-003947,2025-10-03,abierto
EV008096,SOP091-003947,2025-10-04,cerrado
EV008097,SOP091-003948,2025-10-03,abierto
EV008098,SOP091-003948,2025-10-04,cerrado
EV008099,SOP091-003949,2025-10-03,abierto
EV008100,SOP091-003949,2025-10-04,cerrado
EV008101,SOP091-003950,2025-10-03,abierto
EV008102,SOP091-003950,2025-10-04,cerrado
EV008103,SOP091-003951,2025-10-03,abierto
EV008104,SOP091-003951,2025-10-04,cerrado
EV008105,SOP091-003952,2025-10-03,abierto
EV008106,SOP091-003952,2025-10-04,cerrado
EV008107,SOP091-003953,2025-10-03,abierto
EV008108,SOP091-003953,2025-10-04,cerrado
EV008109,SOP091-003954,2025-10-04,abierto
EV008110,SOP091-003955,2025-10-04,abierto
EV008111,SOP091-003956,2025-10-04,abierto
EV008112,SOP091-003956,2025-10-05,cerrado
EV008113,SOP091-003957,2025-10-04,abierto
EV008114,SOP091-003957,2025-10-07,cerrado
EV008115,SOP091-003958,2025-10-04,abierto
EV008116,SOP091-003958,2025-10-05,cerrado
EV008117,SOP091-003959,2025-10-04,abierto
EV008118,SOP091-003959,2025-10-05,cerrado
EV008119,SOP091-003960,2025-10-05,abierto
EV008120,SOP091-003960,2025-10-06,cerrado
EV008121,SOP091-003961,2025-10-05,abierto
EV008122,SOP091-003961,2025-10-06,cerrado
EV008123,SOP091-003961,2025-10-07,abierto
EV008124,SOP091-003961,2025-10-09,cerrado
EV008125,SOP091-003962,2025-10-05,abierto
EV008126,SOP091-003963,2025-10-05,abierto
EV008127,SOP091-003963,2025-10-06,cerrado
EV008128,SOP091-003964,2025-10-05,abierto
EV008129,SOP091-003964,2025-10-06,cerrado
EV008130,SOP091-003964,2025-10-07,abierto
EV008131,SOP091-003964,2025-10-09,cerrado
EV008132,SOP091-003965,2025-10-05,abierto
EV008133,SOP091-003965,2025-10-06,cerrado
EV008134,SOP091-003966,2025-10-06,abierto
EV008135,SOP091-003967,2025-10-06,abierto
EV008136,SOP091-003968,2025-10-06,abierto
EV008137,SOP091-003969,2025-10-06,abierto
EV008138,SOP091-003970,2025-10-06,abierto
EV008139,SOP091-003970,2025-10-07,cerrado
EV008140,SOP091-003971,2025-10-06,abierto
EV008141,SOP091-003971,2025-10-07,cerrado
EV008142,SOP091-003972,2025-10-07,abierto
EV008143,SOP091-003973,2025-10-07,abierto
EV008144,SOP091-003973,2025-10-08,cerrado
EV008145,SOP091-003974,2025-10-07,abierto
EV008146,SOP091-003974,2025-10-08,cerrado
EV008147,SOP091-003974,2025-10-09,abierto
EV008148,SOP091-003974,2025-10-11,cerrado
EV008149,SOP091-003975,2025-10-07,abierto
EV008150,SOP091-003975,2025-10-08,cerrado
EV008151,SOP091-003976,2025-10-07,abierto
EV008152,SOP091-003976,2025-10-08,cerrado
EV008153,SOP091-003977,2025-10-07,abierto
EV008154,SOP091-003977,2025-10-08,cerrado
EV008155,SOP091-003978,2025-10-08,abierto
EV008156,SOP091-003978,2025-10-09,cerrado
EV008157,SOP091-003979,2025-10-08,abierto
EV008158,SOP091-003979,2025-10-09,cerrado
EV008159,SOP091-003980,2025-10-08,abierto
EV008160,SOP091-003980,2025-10-09,cerrado
EV008161,SOP091-003981,2025-10-08,abierto
EV008162,SOP091-003981,2025-10-09,cerrado
EV008163,SOP091-003982,2025-10-08,abierto
EV008164,SOP091-003982,2025-10-09,cerrado
EV008165,SOP091-003983,2025-10-08,abierto
EV008166,SOP091-003983,2025-10-09,cerrado
EV008167,SOP091-003984,2025-10-09,abierto
EV008168,SOP091-003984,2025-10-11,cerrado
EV008169,SOP091-003985,2025-10-09,abierto
EV008170,SOP091-003986,2025-10-09,abierto
EV008171,SOP091-003986,2025-10-10,cerrado
EV008172,SOP091-003987,2025-10-09,abierto
EV008173,SOP091-003988,2025-10-09,abierto
EV008174,SOP091-003989,2025-10-09,abierto
EV008175,SOP091-003990,2025-10-09,abierto
EV008176,SOP091-003990,2025-10-12,cerrado
EV008177,SOP091-003991,2025-10-10,abierto
EV008178,SOP091-003991,2025-10-11,cerrado
EV008179,SOP091-003992,2025-10-10,abierto
EV008180,SOP091-003992,2025-10-12,cerrado
EV008181,SOP091-003993,2025-10-10,abierto
EV008182,SOP091-003993,2025-10-12,cerrado
EV008183,SOP091-003994,2025-10-10,abierto
EV008184,SOP091-003994,2025-10-11,cerrado
EV008185,SOP091-003995,2025-10-10,abierto
EV008186,SOP091-003995,2025-10-11,cerrado
EV008187,SOP091-003996,2025-10-10,abierto
EV008188,SOP091-003996,2025-10-11,cerrado
EV008189,SOP091-003997,2025-10-11,abierto
EV008190,SOP091-003997,2025-10-12,cerrado
EV008191,SOP091-003998,2025-10-11,abierto
EV008192,SOP091-003999,2025-10-11,abierto
EV008193,SOP091-003999,2025-10-12,cerrado
EV008194,SOP091-004000,2025-10-11,abierto
EV008195,SOP091-004001,2025-10-11,abierto
EV008196,SOP091-004001,2025-10-12,cerrado
EV008197,SOP091-004002,2025-10-11,abierto
EV008198,SOP091-004003,2025-10-12,abierto
EV008199,SOP091-004003,2025-10-13,cerrado
EV008200,SOP091-004004,2025-10-12,abierto
EV008201,SOP091-004004,2025-10-13,cerrado
EV008202,SOP091-004005,2025-10-12,abierto
EV008203,SOP091-004005,2025-10-16,cerrado
EV008204,SOP091-004006,2025-10-12,abierto
EV008205,SOP091-004006,2025-10-13,cerrado
EV008206,SOP091-004007,2025-10-12,abierto
EV008207,SOP091-004007,2025-10-14,cerrado
EV008208,SOP091-004008,2025-10-12,abierto
EV008209,SOP091-004008,2025-10-13,cerrado
EV008210,SOP091-004009,2025-10-13,abierto
EV008211,SOP091-004009,2025-10-15,cerrado
EV008212,SOP091-004010,2025-10-13,abierto
EV008213,SOP091-004011,2025-10-13,abierto
EV008214,SOP091-004011,2025-10-14,cerrado
EV008215,SOP091-004012,2025-10-13,abierto
EV008216,SOP091-004012,2025-10-14,cerrado
EV008217,SOP091-004013,2025-10-13,abierto
EV008218,SOP091-004014,2025-10-13,abierto
EV008219,SOP091-004015,2025-10-14,abierto
EV008220,SOP091-004015,2025-10-15,cerrado
EV008221,SOP091-004015,2025-10-16,abierto
EV008222,SOP091-004015,2025-10-18,cerrado
EV008223,SOP091-004016,2025-10-14,abierto
EV008224,SOP091-004016,2025-10-17,cerrado
EV008225,SOP091-004017,2025-10-14,abierto
EV008226,SOP091-004017,2025-10-16,cerrado
EV008227,SOP091-004018,2025-10-14,abierto
EV008228,SOP091-004019,2025-10-14,abierto
EV008229,SOP091-004019,2025-10-15,cerrado
EV008230,SOP091-004020,2025-10-14,abierto
EV008231,SOP091-004020,2025-10-15,cerrado
EV008232,SOP091-004021,2025-10-15,abierto
EV008233,SOP091-004021,2025-10-16,cerrado
EV008234,SOP091-004022,2025-10-15,abierto
EV008235,SOP091-004022,2025-10-16,cerrado
EV008236,SOP091-004023,2025-10-15,abierto
EV008237,SOP091-004023,2025-10-16,cerrado
EV008238,SOP091-004024,2025-10-15,abierto
EV008239,SOP091-004024,2025-10-16,cerrado
EV008240,SOP091-004025,2025-10-15,abierto
EV008241,SOP091-004025,2025-10-16,cerrado
EV008242,SOP091-004026,2025-10-15,abierto
EV008243,SOP091-004027,2025-10-16,abierto
EV008244,SOP091-004028,2025-10-16,abierto
EV008245,SOP091-004029,2025-10-16,abierto
EV008246,SOP091-004029,2025-10-18,cerrado
EV008247,SOP091-004030,2025-10-16,abierto
EV008248,SOP091-004030,2025-10-17,cerrado
EV008249,SOP091-004031,2025-10-16,abierto
EV008250,SOP091-004031,2025-10-18,cerrado
EV008251,SOP091-004032,2025-10-16,abierto
EV008252,SOP091-004033,2025-10-16,abierto
EV008253,SOP091-004033,2025-10-17,cerrado
EV008254,SOP091-004034,2025-10-17,abierto
EV008255,SOP091-004035,2025-10-17,abierto
EV008256,SOP091-004036,2025-10-17,abierto
EV008257,SOP091-004037,2025-10-17,abierto
EV008258,SOP091-004037,2025-10-18,cerrado
EV008259,SOP091-004038,2025-10-17,abierto
EV008260,SOP091-004038,2025-10-18,cerrado
EV008261,SOP091-004038,2025-10-19,abierto
EV008262,SOP091-004038,2025-10-21,cerrado
EV008263,SOP091-004039,2025-10-17,abierto
EV008264,SOP091-004040,2025-10-18,abierto
EV008265,SOP091-004040,2025-10-19,cerrado
EV008266,SOP091-004041,2025-10-18,abierto
EV008267,SOP091-004041,2025-10-21,cerrado
EV008268,SOP091-004042,2025-10-18,abierto
EV008269,SOP091-004043,2025-10-18,abierto
EV008270,SOP091-004043,2025-10-19,cerrado
EV008271,SOP091-004044,2025-10-18,abierto
EV008272,SOP091-004045,2025-10-18,abierto
EV008273,SOP091-004045,2025-10-19,cerrado
EV008274,SOP091-004046,2025-10-19,abierto
EV008275,SOP091-004046,2025-10-20,cerrado
EV008276,SOP091-004047,2025-10-19,abierto
EV008277,SOP091-004047,2025-10-20,cerrado
EV008278,SOP091-004048,2025-10-19,abierto
EV008279,SOP091-004048,2025-10-21,cerrado
EV008280,SOP091-004049,2025-10-19,abierto
EV008281,SOP091-004049,2025-10-20,cerrado
EV008282,SOP091-004050,2025-10-19,abierto
EV008283,SOP091-004050,2025-10-20,cerrado
EV008284,SOP091-004051,2025-10-19,abierto
EV008285,SOP091-004051,2025-10-20,cerrado
EV008286,SOP091-004052,2025-10-20,abierto
EV008287,SOP091-004052,2025-10-21,cerrado
EV008288,SOP091-004053,2025-10-20,abierto
EV008289,SOP091-004053,2025-10-21,cerrado
EV008290,SOP091-004054,2025-10-20,abierto
EV008291,SOP091-004054,2025-10-21,cerrado
EV008292,SOP091-004055,2025-10-20,abierto
EV008293,SOP091-004056,2025-10-20,abierto
EV008294,SOP091-004056,2025-10-21,cerrado
EV008295,SOP091-004057,2025-10-20,abierto
EV008296,SOP091-004057,2025-10-21,cerrado
EV008297,SOP091-004058,2025-10-21,abierto
EV008298,SOP091-004059,2025-10-21,abierto
EV008299,SOP091-004059,2025-10-22,cerrado
EV008300,SOP091-004060,2025-10-21,abierto
EV008301,SOP091-004060,2025-10-22,cerrado
EV008302,SOP091-004061,2025-10-21,abierto
EV008303,SOP091-004061,2025-10-23,cerrado
EV008304,SOP091-004062,2025-10-21,abierto
EV008305,SOP091-004062,2025-10-22,cerrado
EV008306,SOP091-004063,2025-10-21,abierto
EV008307,SOP091-004063,2025-10-22,cerrado
EV008308,SOP091-004063,2025-10-23,abierto
EV008309,SOP091-004063,2025-10-25,cerrado
EV008310,SOP091-004064,2025-10-22,abierto
EV008311,SOP091-004064,2025-10-23,cerrado
EV008312,SOP091-004065,2025-10-22,abierto
EV008313,SOP091-004065,2025-10-23,cerrado
EV008314,SOP091-004066,2025-10-22,abierto
EV008315,SOP091-004066,2025-10-23,cerrado
EV008316,SOP091-004066,2025-10-24,abierto
EV008317,SOP091-004066,2025-10-26,cerrado
EV008318,SOP091-004067,2025-10-22,abierto
EV008319,SOP091-004068,2025-10-22,abierto
EV008320,SOP091-004069,2025-10-22,abierto
EV008321,SOP091-004069,2025-10-23,cerrado
EV008322,SOP091-004070,2025-10-22,abierto
EV008323,SOP091-004070,2025-10-23,cerrado
EV008324,SOP091-004071,2025-10-23,abierto
EV008325,SOP091-004071,2025-10-24,cerrado
EV008326,SOP091-004072,2025-10-23,abierto
EV008327,SOP091-004072,2025-10-24,cerrado
EV008328,SOP091-004073,2025-10-23,abierto
EV008329,SOP091-004073,2025-10-24,cerrado
EV008330,SOP091-004074,2025-10-23,abierto
EV008331,SOP091-004074,2025-10-24,cerrado
EV008332,SOP091-004074,2025-10-25,abierto
EV008333,SOP091-004074,2025-10-27,cerrado
EV008334,SOP091-004075,2025-10-23,abierto
EV008335,SOP091-004075,2025-10-24,cerrado
EV008336,SOP091-004076,2025-10-23,abierto
EV008337,SOP091-004076,2025-10-24,cerrado
EV008338,SOP091-004077,2025-10-24,abierto
EV008339,SOP091-004077,2025-10-27,cerrado
EV008340,SOP091-004078,2025-10-24,abierto
EV008341,SOP091-004078,2025-10-25,cerrado
EV008342,SOP091-004079,2025-10-24,abierto
EV008343,SOP091-004080,2025-10-24,abierto
EV008344,SOP091-004080,2025-10-25,cerrado
EV008345,SOP091-004080,2025-10-26,abierto
EV008346,SOP091-004080,2025-10-28,cerrado
EV008347,SOP091-004081,2025-10-24,abierto
EV008348,SOP091-004082,2025-10-24,abierto
EV008349,SOP091-004082,2025-10-25,cerrado
EV008350,SOP091-004083,2025-10-25,abierto
EV008351,SOP091-004083,2025-10-26,cerrado
EV008352,SOP091-004084,2025-10-25,abierto
EV008353,SOP091-004085,2025-10-25,abierto
EV008354,SOP091-004085,2025-10-26,cerrado
EV008355,SOP091-004085,2025-10-27,abierto
EV008356,SOP091-004085,2025-10-29,cerrado
EV008357,SOP091-004086,2025-10-25,abierto
EV008358,SOP091-004086,2025-10-27,cerrado
EV008359,SOP091-004087,2025-10-25,abierto
EV008360,SOP091-004087,2025-10-26,cerrado
EV008361,SOP091-004088,2025-10-25,abierto
EV008362,SOP091-004088,2025-10-26,cerrado
EV008363,SOP091-004089,2025-10-26,abierto
EV008364,SOP091-004089,2025-10-28,cerrado
EV008365,SOP091-004090,2025-10-26,abierto
EV008366,SOP091-004090,2025-10-27,cerrado
EV008367,SOP091-004091,2025-10-26,abierto
EV008368,SOP091-004091,2025-10-27,cerrado
EV008369,SOP091-004091,2025-10-28,abierto
EV008370,SOP091-004091,2025-10-30,cerrado
EV008371,SOP091-004092,2025-10-26,abierto
EV008372,SOP091-004092,2025-10-27,cerrado
EV008373,SOP091-004092,2025-10-28,abierto
EV008374,SOP091-004092,2025-10-30,cerrado
EV008375,SOP091-004093,2025-10-26,abierto
EV008376,SOP091-004093,2025-10-27,cerrado
EV008377,SOP091-004094,2025-10-26,abierto
EV008378,SOP091-004094,2025-10-27,cerrado
EV008379,SOP091-004094,2025-10-28,abierto
EV008380,SOP091-004094,2025-10-30,cerrado
EV008381,SOP091-004095,2025-10-27,abierto
EV008382,SOP091-004095,2025-10-28,cerrado
EV008383,SOP091-004096,2025-10-27,abierto
EV008384,SOP091-004096,2025-10-28,cerrado
EV008385,SOP091-004097,2025-10-27,abierto
EV008386,SOP091-004097,2025-10-28,cerrado
EV008387,SOP091-004098,2025-10-27,abierto
EV008388,SOP091-004098,2025-10-28,cerrado
EV008389,SOP091-004099,2025-10-27,abierto
EV008390,SOP091-004100,2025-10-27,abierto
EV008391,SOP091-004100,2025-10-28,cerrado
EV008392,SOP091-004101,2025-10-28,abierto
EV008393,SOP091-004101,2025-10-29,cerrado
EV008394,SOP091-004102,2025-10-28,abierto
EV008395,SOP091-004102,2025-10-29,cerrado
EV008396,SOP091-004102,2025-10-30,abierto
EV008397,SOP091-004102,2025-11-01,cerrado
EV008398,SOP091-004103,2025-10-28,abierto
EV008399,SOP091-004104,2025-10-28,abierto
EV008400,SOP091-004104,2025-10-29,cerrado
EV008401,SOP091-004105,2025-10-28,abierto
EV008402,SOP091-004105,2025-10-29,cerrado
EV008403,SOP091-004106,2025-10-28,abierto
EV008404,SOP091-004106,2025-10-29,cerrado
EV008405,SOP091-004107,2025-10-28,abierto
EV008406,SOP091-004107,2025-10-29,cerrado
EV008407,SOP091-004108,2025-10-29,abierto
EV008408,SOP091-004108,2025-10-30,cerrado
EV008409,SOP091-004109,2025-10-29,abierto
EV008410,SOP091-004109,2025-10-31,cerrado
EV008411,SOP091-004110,2025-10-29,abierto
EV008412,SOP091-004110,2025-10-30,cerrado
EV008413,SOP091-004111,2025-10-29,abierto
EV008414,SOP091-004111,2025-10-30,cerrado
EV008415,SOP091-004112,2025-10-29,abierto
EV008416,SOP091-004112,2025-10-30,cerrado
EV008417,SOP091-004113,2025-10-29,abierto
EV008418,SOP091-004114,2025-10-30,abierto
EV008419,SOP091-004114,2025-10-31,cerrado
EV008420,SOP091-004115,2025-10-30,abierto
EV008421,SOP091-004115,2025-10-31,cerrado
EV008422,SOP091-004116,2025-10-30,abierto
EV008423,SOP091-004116,2025-10-31,cerrado
EV008424,SOP091-004117,2025-10-30,abierto
EV008425,SOP091-004117,2025-10-31,cerrado
EV008426,SOP091-004118,2025-10-30,abierto
EV008427,SOP091-004118,2025-10-31,cerrado
EV008428,SOP091-004119,2025-10-30,abierto
EV008429,SOP091-004119,2025-10-31,cerrado
EV008430,SOP091-004120,2025-10-31,abierto
EV008431,SOP091-004121,2025-10-31,abierto
EV008432,SOP091-004121,2025-11-01,cerrado
EV008433,SOP091-004122,2025-10-31,abierto
EV008434,SOP091-004122,2025-11-01,cerrado
EV008435,SOP091-004123,2025-10-31,abierto
EV008436,SOP091-004124,2025-10-31,abierto
EV008437,SOP091-004125,2025-10-31,abierto
EV008438,SOP091-004125,2025-11-01,cerrado
EV008439,SOP091-004126,2025-11-01,abierto
EV008440,SOP091-004126,2025-11-02,cerrado
EV008441,SOP091-004127,2025-11-01,abierto
EV008442,SOP091-004127,2025-11-02,cerrado
EV008443,SOP091-004128,2025-11-01,abierto
EV008444,SOP091-004128,2025-11-02,cerrado
EV008445,SOP091-004129,2025-11-01,abierto
EV008446,SOP091-004130,2025-11-01,abierto
EV008447,SOP091-004130,2025-11-02,cerrado
EV008448,SOP091-004131,2025-11-01,abierto
EV008449,SOP091-004131,2025-11-02,cerrado
EV008450,SOP091-004131,2025-11-03,abierto
EV008451,SOP091-004131,2025-11-06,cerrado
EV008452,SOP091-004132,2025-11-02,abierto
EV008453,SOP091-004132,2025-11-03,cerrado
EV008454,SOP091-004133,2025-11-02,abierto
EV008455,SOP091-004133,2025-11-03,cerrado
EV008456,SOP091-004134,2025-11-02,abierto
EV008457,SOP091-004135,2025-11-02,abierto
EV008458,SOP091-004135,2025-11-03,cerrado
EV008459,SOP091-004135,2025-11-04,abierto
EV008460,SOP091-004135,2025-11-06,cerrado
EV008461,SOP091-004136,2025-11-02,abierto
EV008462,SOP091-004136,2025-11-03,cerrado
EV008463,SOP091-004137,2025-11-02,abierto
EV008464,SOP091-004137,2025-11-03,cerrado
EV008465,SOP091-004138,2025-11-03,abierto
EV008466,SOP091-004139,2025-11-03,abierto
EV008467,SOP091-004139,2025-11-05,cerrado
EV008468,SOP091-004140,2025-11-03,abierto
EV008469,SOP091-004140,2025-11-04,cerrado
EV008470,SOP091-004140,2025-11-05,abierto
EV008471,SOP091-004140,2025-11-07,cerrado
EV008472,SOP091-004141,2025-11-03,abierto
EV008473,SOP091-004142,2025-11-03,abierto
EV008474,SOP091-004143,2025-11-03,abierto
EV008475,SOP091-004143,2025-11-04,cerrado
EV008476,SOP091-004143,2025-11-05,abierto
EV008477,SOP091-004143,2025-11-07,cerrado
EV008478,SOP091-004144,2025-11-04,abierto
EV008479,SOP091-004144,2025-11-05,cerrado
EV008480,SOP091-004145,2025-11-04,abierto
EV008481,SOP091-004145,2025-11-05,cerrado
EV008482,SOP091-004146,2025-11-04,abierto
EV008483,SOP091-004146,2025-11-05,cerrado
EV008484,SOP091-004147,2025-11-04,abierto
EV008485,SOP091-004147,2025-11-05,cerrado
EV008486,SOP091-004148,2025-11-04,abierto
EV008487,SOP091-004148,2025-11-05,cerrado
EV008488,SOP091-004149,2025-11-04,abierto
EV008489,SOP091-004149,2025-11-05,cerrado
EV008490,SOP091-004149,2025-11-06,abierto
EV008491,SOP091-004149,2025-11-08,cerrado
EV008492,SOP091-004150,2025-11-04,abierto
EV008493,SOP091-004150,2025-11-05,cerrado
EV008494,SOP091-004151,2025-11-05,abierto
EV008495,SOP091-004151,2025-11-06,cerrado
EV008496,SOP091-004152,2025-11-05,abierto
EV008497,SOP091-004152,2025-11-06,cerrado
EV008498,SOP091-004153,2025-11-05,abierto
EV008499,SOP091-004153,2025-11-06,cerrado
EV008500,SOP091-004154,2025-11-05,abierto
EV008501,SOP091-004155,2025-11-05,abierto
EV008502,SOP091-004155,2025-11-06,cerrado
EV008503,SOP091-004156,2025-11-05,abierto
EV008504,SOP091-004156,2025-11-06,cerrado
EV008505,SOP091-004157,2025-11-06,abierto
EV008506,SOP091-004157,2025-11-07,cerrado
EV008507,SOP091-004158,2025-11-06,abierto
EV008508,SOP091-004158,2025-11-07,cerrado
EV008509,SOP091-004159,2025-11-06,abierto
EV008510,SOP091-004159,2025-11-07,cerrado
EV008511,SOP091-004160,2025-11-06,abierto
EV008512,SOP091-004160,2025-11-07,cerrado
EV008513,SOP091-004161,2025-11-06,abierto
EV008514,SOP091-004161,2025-11-07,cerrado
EV008515,SOP091-004161,2025-11-08,abierto
EV008516,SOP091-004161,2025-11-10,cerrado
EV008517,SOP091-004162,2025-11-06,abierto
EV008518,SOP091-004162,2025-11-07,cerrado
EV008519,SOP091-004163,2025-11-07,abierto
EV008520,SOP091-004163,2025-11-08,cerrado
EV008521,SOP091-004164,2025-11-07,abierto
EV008522,SOP091-004164,2025-11-08,cerrado
EV008523,SOP091-004165,2025-11-07,abierto
EV008524,SOP091-004165,2025-11-08,cerrado
EV008525,SOP091-004165,2025-11-09,abierto
EV008526,SOP091-004165,2025-11-11,cerrado
EV008527,SOP091-004166,2025-11-07,abierto
EV008528,SOP091-004166,2025-11-08,cerrado
EV008529,SOP091-004167,2025-11-07,abierto
EV008530,SOP091-004167,2025-11-08,cerrado
EV008531,SOP091-004167,2025-11-09,abierto
EV008532,SOP091-004167,2025-11-12,cerrado
EV008533,SOP091-004168,2025-11-07,abierto
EV008534,SOP091-004168,2025-11-08,cerrado
EV008535,SOP091-004169,2025-11-08,abierto
EV008536,SOP091-004169,2025-11-09,cerrado
EV008537,SOP091-004170,2025-11-08,abierto
EV008538,SOP091-004170,2025-11-09,cerrado
EV008539,SOP091-004171,2025-11-08,abierto
EV008540,SOP091-004171,2025-11-09,cerrado
EV008541,SOP091-004172,2025-11-08,abierto
EV008542,SOP091-004173,2025-11-08,abierto
EV008543,SOP091-004173,2025-11-09,cerrado
EV008544,SOP091-004174,2025-11-08,abierto
EV008545,SOP091-004174,2025-11-09,cerrado
EV008546,SOP091-004175,2025-11-09,abierto
EV008547,SOP091-004175,2025-11-10,cerrado
EV008548,SOP091-004176,2025-11-09,abierto
EV008549,SOP091-004176,2025-11-10,cerrado
EV008550,SOP091-004177,2025-11-09,abierto
EV008551,SOP091-004177,2025-11-11,cerrado
EV008552,SOP091-004178,2025-11-09,abierto
EV008553,SOP091-004178,2025-11-10,cerrado
EV008554,SOP091-004178,2025-11-11,abierto
EV008555,SOP091-004178,2025-11-13,cerrado
EV008556,SOP091-004179,2025-11-09,abierto
EV008557,SOP091-004180,2025-11-09,abierto
EV008558,SOP091-004181,2025-11-10,abierto
EV008559,SOP091-004181,2025-11-11,cerrado
EV008560,SOP091-004182,2025-11-10,abierto
EV008561,SOP091-004182,2025-11-11,cerrado
EV008562,SOP091-004183,2025-11-10,abierto
EV008563,SOP091-004183,2025-11-11,cerrado
EV008564,SOP091-004184,2025-11-10,abierto
EV008565,SOP091-004184,2025-11-11,cerrado
EV008566,SOP091-004185,2025-11-10,abierto
EV008567,SOP091-004185,2025-11-11,cerrado
EV008568,SOP091-004186,2025-11-10,abierto
EV008569,SOP091-004186,2025-11-11,cerrado
EV008570,SOP091-004187,2025-11-10,abierto
EV008571,SOP091-004187,2025-11-11,cerrado
EV008572,SOP091-004188,2025-11-11,abierto
EV008573,SOP091-004188,2025-11-12,cerrado
EV008574,SOP091-004189,2025-11-11,abierto
EV008575,SOP091-004190,2025-11-11,abierto
EV008576,SOP091-004190,2025-11-12,cerrado
EV008577,SOP091-004191,2025-11-11,abierto
EV008578,SOP091-004191,2025-11-12,cerrado
EV008579,SOP091-004191,2025-11-13,abierto
EV008580,SOP091-004191,2025-11-15,cerrado
EV008581,SOP091-004192,2025-11-11,abierto
EV008582,SOP091-004192,2025-11-13,cerrado
EV008583,SOP091-004193,2025-11-11,abierto
EV008584,SOP091-004193,2025-11-12,cerrado
EV008585,SOP091-004194,2025-11-12,abierto
EV008586,SOP091-004194,2025-11-13,cerrado
EV008587,SOP091-004195,2025-11-12,abierto
EV008588,SOP091-004195,2025-11-13,cerrado
EV008589,SOP091-004196,2025-11-12,abierto
EV008590,SOP091-004196,2025-11-13,cerrado
EV008591,SOP091-004196,2025-11-14,abierto
EV008592,SOP091-004196,2025-11-16,cerrado
EV008593,SOP091-004197,2025-11-12,abierto
EV008594,SOP091-004197,2025-11-13,cerrado
EV008595,SOP091-004197,2025-11-14,abierto
EV008596,SOP091-004197,2025-11-16,cerrado
EV008597,SOP091-004198,2025-11-12,abierto
EV008598,SOP091-004198,2025-11-13,cerrado
EV008599,SOP091-004199,2025-11-12,abierto
EV008600,SOP091-004199,2025-11-13,cerrado
EV008601,SOP091-004200,2025-11-13,abierto
EV008602,SOP091-004200,2025-11-14,cerrado
EV008603,SOP091-004201,2025-11-13,abierto
EV008604,SOP091-004201,2025-11-14,cerrado
EV008605,SOP091-004201,2025-11-15,abierto
EV008606,SOP091-004201,2025-11-17,cerrado
EV008607,SOP091-004202,2025-11-13,abierto
EV008608,SOP091-004202,2025-11-14,cerrado
EV008609,SOP091-004203,2025-11-13,abierto
EV008610,SOP091-004204,2025-11-13,abierto
EV008611,SOP091-004204,2025-11-14,cerrado
EV008612,SOP091-004205,2025-11-13,abierto
EV008613,SOP091-004205,2025-11-14,cerrado
EV008614,SOP091-004205,2025-11-15,abierto
EV008615,SOP091-004205,2025-11-17,cerrado
EV008616,SOP091-004206,2025-11-14,abierto
EV008617,SOP091-004207,2025-11-14,abierto
EV008618,SOP091-004207,2025-11-15,cerrado
EV008619,SOP091-004208,2025-11-14,abierto
EV008620,SOP091-004208,2025-11-15,cerrado
EV008621,SOP091-004209,2025-11-14,abierto
EV008622,SOP091-004209,2025-11-15,cerrado
EV008623,SOP091-004210,2025-11-14,abierto
EV008624,SOP091-004210,2025-11-15,cerrado
EV008625,SOP091-004211,2025-11-14,abierto
EV008626,SOP091-004212,2025-11-15,abierto
EV008627,SOP091-004212,2025-11-16,cerrado
EV008628,SOP091-004213,2025-11-15,abierto
EV008629,SOP091-004214,2025-11-15,abierto
EV008630,SOP091-004214,2025-11-16,cerrado
EV008631,SOP091-004215,2025-11-15,abierto
EV008632,SOP091-004215,2025-11-17,cerrado
EV008633,SOP091-004216,2025-11-15,abierto
EV008634,SOP091-004216,2025-11-16,cerrado
EV008635,SOP091-004217,2025-11-15,abierto
EV008636,SOP091-004217,2025-11-16,cerrado
EV008637,SOP091-004218,2025-11-16,abierto
EV008638,SOP091-004218,2025-11-17,cerrado
EV008639,SOP091-004219,2025-11-16,abierto
EV008640,SOP091-004219,2025-11-17,cerrado
EV008641,SOP091-004220,2025-11-16,abierto
EV008642,SOP091-004220,2025-11-17,cerrado
EV008643,SOP091-004220,2025-11-18,abierto
EV008644,SOP091-004220,2025-11-20,cerrado
EV008645,SOP091-004221,2025-11-16,abierto
EV008646,SOP091-004221,2025-11-17,cerrado
EV008647,SOP091-004222,2025-11-16,abierto
EV008648,SOP091-004223,2025-11-16,abierto
EV008649,SOP091-004223,2025-11-17,cerrado
EV008650,SOP091-004223,2025-11-18,abierto
EV008651,SOP091-004223,2025-11-21,cerrado
EV008652,SOP091-004224,2025-11-17,abierto
EV008653,SOP091-004224,2025-11-18,cerrado
EV008654,SOP091-004225,2025-11-17,abierto
EV008655,SOP091-004225,2025-11-18,cerrado
EV008656,SOP091-004226,2025-11-17,abierto
EV008657,SOP091-004226,2025-11-18,cerrado
EV008658,SOP091-004227,2025-11-17,abierto
EV008659,SOP091-004227,2025-11-18,cerrado
EV008660,SOP091-004228,2025-11-17,abierto
EV008661,SOP091-004228,2025-11-18,cerrado
EV008662,SOP091-004228,2025-11-19,abierto
EV008663,SOP091-004228,2025-11-22,cerrado
EV008664,SOP091-004229,2025-11-17,abierto
EV008665,SOP091-004230,2025-11-17,abierto
EV008666,SOP091-004230,2025-11-18,cerrado
EV008667,SOP091-004231,2025-11-18,abierto
EV008668,SOP091-004232,2025-11-18,abierto
EV008669,SOP091-004232,2025-11-19,cerrado
EV008670,SOP091-004233,2025-11-18,abierto
EV008671,SOP091-004233,2025-11-19,cerrado
EV008672,SOP091-004234,2025-11-18,abierto
EV008673,SOP091-004234,2025-11-19,cerrado
EV008674,SOP091-004235,2025-11-18,abierto
EV008675,SOP091-004236,2025-11-18,abierto
EV008676,SOP091-004236,2025-11-19,cerrado
EV008677,SOP091-004237,2025-11-19,abierto
EV008678,SOP091-004238,2025-11-19,abierto
EV008679,SOP091-004238,2025-11-20,cerrado
EV008680,SOP091-004239,2025-11-19,abierto
EV008681,SOP091-004239,2025-11-20,cerrado
EV008682,SOP091-004239,2025-11-21,abierto
EV008683,SOP091-004239,2025-11-23,cerrado
EV008684,SOP091-004240,2025-11-19,abierto
EV008685,SOP091-004240,2025-11-20,cerrado
EV008686,SOP091-004241,2025-11-19,abierto
EV008687,SOP091-004241,2025-11-20,cerrado
EV008688,SOP091-004242,2025-11-19,abierto
EV008689,SOP091-004242,2025-11-20,cerrado
EV008690,SOP091-004243,2025-11-20,abierto
EV008691,SOP091-004243,2025-11-21,cerrado
EV008692,SOP091-004244,2025-11-20,abierto
EV008693,SOP091-004244,2025-11-21,cerrado
EV008694,SOP091-004245,2025-11-20,abierto
EV008695,SOP091-004245,2025-11-22,cerrado
EV008696,SOP091-004246,2025-11-20,abierto
EV008697,SOP091-004246,2025-11-21,cerrado
EV008698,SOP091-004247,2025-11-20,abierto
EV008699,SOP091-004247,2025-11-21,cerrado
EV008700,SOP091-004248,2025-11-20,abierto
EV008701,SOP091-004248,2025-11-21,cerrado
EV008702,SOP091-004249,2025-11-21,abierto
EV008703,SOP091-004249,2025-11-22,cerrado
EV008704,SOP091-004250,2025-11-21,abierto
EV008705,SOP091-004251,2025-11-21,abierto
EV008706,SOP091-004251,2025-11-23,cerrado
EV008707,SOP091-004252,2025-11-21,abierto
EV008708,SOP091-004252,2025-11-22,cerrado
EV008709,SOP091-004252,2025-11-23,abierto
EV008710,SOP091-004252,2025-11-25,cerrado
EV008711,SOP091-004253,2025-11-21,abierto
EV008712,SOP091-004253,2025-11-22,cerrado
EV008713,SOP091-004254,2025-11-21,abierto
EV008714,SOP091-004254,2025-11-22,cerrado
EV008715,SOP091-004255,2025-11-22,abierto
EV008716,SOP091-004255,2025-11-23,cerrado
EV008717,SOP091-004256,2025-11-22,abierto
EV008718,SOP091-004256,2025-11-23,cerrado
EV008719,SOP091-004257,2025-11-22,abierto
EV008720,SOP091-004257,2025-11-23,cerrado
EV008721,SOP091-004258,2025-11-22,abierto
EV008722,SOP091-004258,2025-11-23,cerrado
EV008723,SOP091-004259,2025-11-22,abierto
EV008724,SOP091-004259,2025-11-23,cerrado
EV008725,SOP091-004259,2025-11-24,abierto
EV008726,SOP091-004259,2025-11-26,cerrado
EV008727,SOP091-004260,2025-11-22,abierto
EV008728,SOP091-004260,2025-11-23,cerrado
EV008729,SOP091-004261,2025-11-23,abierto
EV008730,SOP091-004261,2025-11-24,cerrado
EV008731,SOP091-004261,2025-11-25,abierto
EV008732,SOP091-004261,2025-11-27,cerrado
EV008733,SOP091-004262,2025-11-23,abierto
EV008734,SOP091-004262,2025-11-24,cerrado
EV008735,SOP091-004263,2025-11-23,abierto
EV008736,SOP091-004263,2025-11-24,cerrado
EV008737,SOP091-004264,2025-11-23,abierto
EV008738,SOP091-004264,2025-11-25,cerrado
EV008739,SOP091-004265,2025-11-23,abierto
EV008740,SOP091-004265,2025-11-25,cerrado
EV008741,SOP091-004266,2025-11-23,abierto
EV008742,SOP091-004266,2025-11-24,cerrado
EV008743,SOP091-004267,2025-11-23,abierto
EV008744,SOP091-004267,2025-11-24,cerrado
EV008745,SOP091-004268,2025-11-24,abierto
EV008746,SOP091-004268,2025-11-25,cerrado
EV008747,SOP091-004268,2025-11-26,abierto
EV008748,SOP091-004268,2025-11-28,cerrado
EV008749,SOP091-004269,2025-11-24,abierto
EV008750,SOP091-004270,2025-11-24,abierto
EV008751,SOP091-004270,2025-11-25,cerrado
EV008752,SOP091-004271,2025-11-24,abierto
EV008753,SOP091-004272,2025-11-24,abierto
EV008754,SOP091-004272,2025-11-25,cerrado
EV008755,SOP091-004273,2025-11-24,abierto
EV008756,SOP091-004273,2025-11-25,cerrado
EV008757,SOP091-004274,2025-11-25,abierto
EV008758,SOP091-004274,2025-11-26,cerrado
EV008759,SOP091-004274,2025-11-27,abierto
EV008760,SOP091-004274,2025-11-29,cerrado
EV008761,SOP091-004275,2025-11-25,abierto
EV008762,SOP091-004275,2025-11-26,cerrado
EV008763,SOP091-004276,2025-11-25,abierto
EV008764,SOP091-004276,2025-11-26,cerrado
EV008765,SOP091-004277,2025-11-25,abierto
EV008766,SOP091-004277,2025-11-26,cerrado
EV008767,SOP091-004278,2025-11-25,abierto
EV008768,SOP091-004278,2025-11-26,cerrado
EV008769,SOP091-004279,2025-11-25,abierto
EV008770,SOP091-004279,2025-11-26,cerrado
EV008771,SOP091-004280,2025-11-26,abierto
EV008772,SOP091-004280,2025-11-28,cerrado
EV008773,SOP091-004281,2025-11-26,abierto
EV008774,SOP091-004281,2025-11-27,cerrado
EV008775,SOP091-004281,2025-11-28,abierto
EV008776,SOP091-004281,2025-11-30,cerrado
EV008777,SOP091-004282,2025-11-26,abierto
EV008778,SOP091-004282,2025-11-27,cerrado
EV008779,SOP091-004283,2025-11-26,abierto
EV008780,SOP091-004283,2025-11-27,cerrado
EV008781,SOP091-004283,2025-11-28,abierto
EV008782,SOP091-004283,2025-11-30,cerrado
EV008783,SOP091-004284,2025-11-26,abierto
EV008784,SOP091-004285,2025-11-26,abierto
EV008785,SOP091-004285,2025-11-27,cerrado
EV008786,SOP091-004286,2025-11-27,abierto
EV008787,SOP091-004286,2025-11-29,cerrado
EV008788,SOP091-004287,2025-11-27,abierto
EV008789,SOP091-004287,2025-11-28,cerrado
EV008790,SOP091-004288,2025-11-27,abierto
EV008791,SOP091-004288,2025-11-28,cerrado
EV008792,SOP091-004289,2025-11-27,abierto
EV008793,SOP091-004290,2025-11-27,abierto
EV008794,SOP091-004291,2025-11-27,abierto
EV008795,SOP091-004292,2025-11-28,abierto
EV008796,SOP091-004292,2025-11-29,cerrado
EV008797,SOP091-004293,2025-11-28,abierto
EV008798,SOP091-004294,2025-11-28,abierto
EV008799,SOP091-004295,2025-11-28,abierto
EV008800,SOP091-004295,2025-11-29,cerrado
EV008801,SOP091-004296,2025-11-28,abierto
EV008802,SOP091-004296,2025-11-29,cerrado
EV008803,SOP091-004297,2025-11-28,abierto
EV008804,SOP091-004298,2025-11-29,abierto
EV008805,SOP091-004298,2025-11-30,cerrado
EV008806,SOP091-004299,2025-11-29,abierto
EV008807,SOP091-004299,2025-11-30,cerrado
EV008808,SOP091-004300,2025-11-29,abierto
EV008809,SOP091-004300,2025-11-30,cerrado
EV008810,SOP091-004301,2025-11-29,abierto
EV008811,SOP091-004301,2025-11-30,cerrado
EV008812,SOP091-004302,2025-11-29,abierto
EV008813,SOP091-004302,2025-11-30,cerrado
EV008814,SOP091-004303,2025-11-29,abierto
EV008815,SOP091-004303,2025-11-30,cerrado
EV008816,SOP091-004304,2025-11-29,abierto
EV008817,SOP091-004304,2025-11-30,cerrado
EV008818,SOP091-004305,2025-11-30,abierto
EV008819,SOP091-004305,2025-12-01,cerrado
EV008820,SOP091-004306,2025-11-30,abierto
EV008821,SOP091-004306,2025-12-01,cerrado
EV008822,SOP091-004307,2025-11-30,abierto
EV008823,SOP091-004307,2025-12-01,cerrado
EV008824,SOP091-004308,2025-11-30,abierto
EV008825,SOP091-004308,2025-12-03,cerrado
EV008826,SOP091-004309,2025-11-30,abierto
EV008827,SOP091-004309,2025-12-01,cerrado
EV008828,SOP091-004310,2025-11-30,abierto
EV008829,SOP091-004311,2025-12-01,abierto
EV008830,SOP091-004311,2025-12-02,cerrado
EV008831,SOP091-004312,2025-12-01,abierto
EV008832,SOP091-004312,2025-12-02,cerrado
EV008833,SOP091-004313,2025-12-01,abierto
EV008834,SOP091-004314,2025-12-01,abierto
EV008835,SOP091-004314,2025-12-02,cerrado
EV008836,SOP091-004315,2025-12-01,abierto
EV008837,SOP091-004315,2025-12-02,cerrado
EV008838,SOP091-004316,2025-12-01,abierto
EV008839,SOP091-004316,2025-12-02,cerrado
EV008840,SOP091-004317,2025-12-02,abierto
EV008841,SOP091-004317,2025-12-03,cerrado
EV008842,SOP091-004318,2025-12-02,abierto
EV008843,SOP091-004318,2025-12-03,cerrado
EV008844,SOP091-004319,2025-12-02,abierto
EV008845,SOP091-004319,2025-12-03,cerrado
EV008846,SOP091-004320,2025-12-02,abierto
EV008847,SOP091-004320,2025-12-03,cerrado
EV008848,SOP091-004321,2025-12-02,abierto
EV008849,SOP091-004321,2025-12-04,cerrado
EV008850,SOP091-004322,2025-12-02,abierto
EV008851,SOP091-004322,2025-12-03,cerrado
EV008852,SOP091-004323,2025-12-03,abierto
EV008853,SOP091-004323,2025-12-04,cerrado
EV008854,SOP091-004323,2025-12-05,abierto
EV008855,SOP091-004323,2025-12-07,cerrado
EV008856,SOP091-004324,2025-12-03,abierto
EV008857,SOP091-004324,2025-12-04,cerrado
EV008858,SOP091-004325,2025-12-03,abierto
EV008859,SOP091-004326,2025-12-03,abierto
EV008860,SOP091-004326,2025-12-05,cerrado
EV008861,SOP091-004327,2025-12-03,abierto
EV008862,SOP091-004328,2025-12-03,abierto
EV008863,SOP091-004328,2025-12-04,cerrado
EV008864,SOP091-004328,2025-12-05,abierto
EV008865,SOP091-004328,2025-12-07,cerrado
EV008866,SOP091-004329,2025-12-04,abierto
EV008867,SOP091-004329,2025-12-05,cerrado
EV008868,SOP091-004330,2025-12-04,abierto
EV008869,SOP091-004330,2025-12-05,cerrado
EV008870,SOP091-004331,2025-12-04,abierto
EV008871,SOP091-004331,2025-12-05,cerrado
EV008872,SOP091-004332,2025-12-04,abierto
EV008873,SOP091-004332,2025-12-05,cerrado
EV008874,SOP091-004333,2025-12-04,abierto
EV008875,SOP091-004333,2025-12-05,cerrado
EV008876,SOP091-004334,2025-12-04,abierto
EV008877,SOP091-004334,2025-12-05,cerrado
EV008878,SOP091-004335,2025-12-05,abierto
EV008879,SOP091-004335,2025-12-06,cerrado
EV008880,SOP091-004336,2025-12-05,abierto
EV008881,SOP091-004337,2025-12-05,abierto
EV008882,SOP091-004337,2025-12-06,cerrado
EV008883,SOP091-004338,2025-12-05,abierto
EV008884,SOP091-004338,2025-12-06,cerrado
EV008885,SOP091-004339,2025-12-05,abierto
EV008886,SOP091-004339,2025-12-06,cerrado
EV008887,SOP091-004340,2025-12-05,abierto
EV008888,SOP091-004340,2025-12-06,cerrado
EV008889,SOP091-004340,2025-12-07,abierto
EV008890,SOP091-004340,2025-12-09,cerrado
EV008891,SOP091-004341,2025-12-06,abierto
EV008892,SOP091-004342,2025-12-06,abierto
EV008893,SOP091-004343,2025-12-06,abierto
EV008894,SOP091-004343,2025-12-07,cerrado
EV008895,SOP091-004344,2025-12-06,abierto
EV008896,SOP091-004345,2025-12-06,abierto
EV008897,SOP091-004345,2025-12-08,cerrado
EV008898,SOP091-004346,2025-12-06,abierto
EV008899,SOP091-004346,2025-12-07,cerrado
EV008900,SOP091-004347,2025-12-06,abierto
EV008901,SOP091-004347,2025-12-09,cerrado
EV008902,SOP091-004348,2025-12-07,abierto
EV008903,SOP091-004348,2025-12-08,cerrado
EV008904,SOP091-004349,2025-12-07,abierto
EV008905,SOP091-004350,2025-12-07,abierto
EV008906,SOP091-004350,2025-12-08,cerrado
EV008907,SOP091-004350,2025-12-09,abierto
EV008908,SOP091-004350,2025-12-12,cerrado
EV008909,SOP091-004351,2025-12-07,abierto
EV008910,SOP091-004352,2025-12-07,abierto
EV008911,SOP091-004352,2025-12-08,cerrado
EV008912,SOP091-004353,2025-12-07,abierto
EV008913,SOP091-004353,2025-12-08,cerrado
EV008914,SOP091-004354,2025-12-08,abierto
EV008915,SOP091-004354,2025-12-09,cerrado
EV008916,SOP091-004355,2025-12-08,abierto
EV008917,SOP091-004355,2025-12-09,cerrado
EV008918,SOP091-004356,2025-12-08,abierto
EV008919,SOP091-004357,2025-12-08,abierto
EV008920,SOP091-004358,2025-12-08,abierto
EV008921,SOP091-004359,2025-12-08,abierto
EV008922,SOP091-004359,2025-12-09,cerrado
EV008923,SOP091-004360,2025-12-09,abierto
EV008924,SOP091-004360,2025-12-11,cerrado
EV008925,SOP091-004361,2025-12-09,abierto
EV008926,SOP091-004362,2025-12-09,abierto
EV008927,SOP091-004362,2025-12-10,cerrado
EV008928,SOP091-004363,2025-12-09,abierto
EV008929,SOP091-004363,2025-12-10,cerrado
EV008930,SOP091-004364,2025-12-09,abierto
EV008931,SOP091-004364,2025-12-10,cerrado
EV008932,SOP091-004364,2025-12-11,abierto
EV008933,SOP091-004364,2025-12-13,cerrado
EV008934,SOP091-004365,2025-12-09,abierto
EV008935,SOP091-004365,2025-12-10,cerrado
EV008936,SOP091-004366,2025-12-10,abierto
EV008937,SOP091-004366,2025-12-11,cerrado
EV008938,SOP091-004367,2025-12-10,abierto
EV008939,SOP091-004367,2025-12-11,cerrado
EV008940,SOP091-004367,2025-12-12,abierto
EV008941,SOP091-004367,2025-12-14,cerrado
EV008942,SOP091-004368,2025-12-10,abierto
EV008943,SOP091-004368,2025-12-11,cerrado
EV008944,SOP091-004368,2025-12-12,abierto
EV008945,SOP091-004368,2025-12-14,cerrado
EV008946,SOP091-004369,2025-12-10,abierto
EV008947,SOP091-004370,2025-12-10,abierto
EV008948,SOP091-004370,2025-12-11,cerrado
EV008949,SOP091-004371,2025-12-10,abierto
EV008950,SOP091-004371,2025-12-11,cerrado
EV008951,SOP091-004372,2025-12-11,abierto
EV008952,SOP091-004372,2025-12-12,cerrado
EV008953,SOP091-004373,2025-12-11,abierto
EV008954,SOP091-004373,2025-12-12,cerrado
EV008955,SOP091-004374,2025-12-11,abierto
EV008956,SOP091-004374,2025-12-12,cerrado
EV008957,SOP091-004374,2025-12-13,abierto
EV008958,SOP091-004374,2025-12-15,cerrado
EV008959,SOP091-004375,2025-12-11,abierto
EV008960,SOP091-004375,2025-12-12,cerrado
EV008961,SOP091-004376,2025-12-11,abierto
EV008962,SOP091-004376,2025-12-12,cerrado
EV008963,SOP091-004377,2025-12-11,abierto
EV008964,SOP091-004378,2025-12-12,abierto
EV008965,SOP091-004378,2025-12-13,cerrado
EV008966,SOP091-004379,2025-12-12,abierto
EV008967,SOP091-004380,2025-12-12,abierto
EV008968,SOP091-004380,2025-12-13,cerrado
EV008969,SOP091-004381,2025-12-12,abierto
EV008970,SOP091-004381,2025-12-13,cerrado
EV008971,SOP091-004382,2025-12-12,abierto
EV008972,SOP091-004382,2025-12-13,cerrado
EV008973,SOP091-004383,2025-12-12,abierto
EV008974,SOP091-004384,2025-12-12,abierto
EV008975,SOP091-004384,2025-12-13,cerrado
EV008976,SOP091-004385,2025-12-13,abierto
EV008977,SOP091-004385,2025-12-14,cerrado
EV008978,SOP091-004385,2025-12-15,abierto
EV008979,SOP091-004385,2025-12-17,cerrado
EV008980,SOP091-004386,2025-12-13,abierto
EV008981,SOP091-004386,2025-12-14,cerrado
EV008982,SOP091-004387,2025-12-13,abierto
EV008983,SOP091-004388,2025-12-13,abierto
EV008984,SOP091-004388,2025-12-14,cerrado
EV008985,SOP091-004388,2025-12-15,abierto
EV008986,SOP091-004388,2025-12-17,cerrado
EV008987,SOP091-004389,2025-12-13,abierto
EV008988,SOP091-004389,2025-12-14,cerrado
EV008989,SOP091-004390,2025-12-13,abierto
EV008990,SOP091-004390,2025-12-14,cerrado
EV008991,SOP091-004391,2025-12-14,abierto
EV008992,SOP091-004391,2025-12-15,cerrado
EV008993,SOP091-004392,2025-12-14,abierto
EV008994,SOP091-004392,2025-12-15,cerrado
EV008995,SOP091-004392,2025-12-16,abierto
EV008996,SOP091-004392,2025-12-18,cerrado
EV008997,SOP091-004393,2025-12-14,abierto
EV008998,SOP091-004393,2025-12-15,cerrado
EV008999,SOP091-004393,2025-12-16,abierto
EV009000,SOP091-004393,2025-12-18,cerrado
EV009001,SOP091-004394,2025-12-14,abierto
EV009002,SOP091-004394,2025-12-15,cerrado
EV009003,SOP091-004395,2025-12-14,abierto
EV009004,SOP091-004395,2025-12-15,cerrado
EV009005,SOP091-004396,2025-12-14,abierto
EV009006,SOP091-004396,2025-12-15,cerrado
EV009007,SOP091-004397,2025-12-15,abierto
EV009008,SOP091-004398,2025-12-15,abierto
EV009009,SOP091-004399,2025-12-15,abierto
EV009010,SOP091-004399,2025-12-16,cerrado
EV009011,SOP091-004400,2025-12-15,abierto
EV009012,SOP091-004400,2025-12-16,cerrado
EV009013,SOP091-004401,2025-12-15,abierto
EV009014,SOP091-004401,2025-12-16,cerrado
EV009015,SOP091-004401,2025-12-17,abierto
EV009016,SOP091-004401,2025-12-19,cerrado
EV009017,SOP091-004402,2025-12-15,abierto
EV009018,SOP091-004402,2025-12-16,cerrado
EV009019,SOP091-004403,2025-12-16,abierto
EV009020,SOP091-004403,2025-12-17,cerrado
EV009021,SOP091-004403,2025-12-18,abierto
EV009022,SOP091-004403,2025-12-20,cerrado
EV009023,SOP091-004404,2025-12-16,abierto
EV009024,SOP091-004404,2025-12-17,cerrado
EV009025,SOP091-004405,2025-12-16,abierto
EV009026,SOP091-004405,2025-12-17,cerrado
EV009027,SOP091-004406,2025-12-16,abierto
EV009028,SOP091-004406,2025-12-18,cerrado
EV009029,SOP091-004407,2025-12-16,abierto
EV009030,SOP091-004407,2025-12-17,cerrado
EV009031,SOP091-004408,2025-12-16,abierto
EV009032,SOP091-004408,2025-12-17,cerrado
EV009033,SOP091-004409,2025-12-17,abierto
EV009034,SOP091-004409,2025-12-18,cerrado
EV009035,SOP091-004410,2025-12-17,abierto
EV009036,SOP091-004410,2025-12-18,cerrado
EV009037,SOP091-004411,2025-12-17,abierto
EV009038,SOP091-004411,2025-12-19,cerrado
EV009039,SOP091-004412,2025-12-17,abierto
EV009040,SOP091-004413,2025-12-17,abierto
EV009041,SOP091-004413,2025-12-18,cerrado
EV009042,SOP091-004413,2025-12-19,abierto
EV009043,SOP091-004413,2025-12-21,cerrado
EV009044,SOP091-004414,2025-12-17,abierto
EV009045,SOP091-004414,2025-12-18,cerrado
EV009046,SOP091-004415,2025-12-18,abierto
EV009047,SOP091-004415,2025-12-19,cerrado
EV009048,SOP091-004415,2025-12-20,abierto
EV009049,SOP091-004415,2025-12-22,cerrado
EV009050,SOP091-004416,2025-12-18,abierto
EV009051,SOP091-004416,2025-12-19,cerrado
EV009052,SOP091-004417,2025-12-18,abierto
EV009053,SOP091-004418,2025-12-18,abierto
EV009054,SOP091-004418,2025-12-19,cerrado
EV009055,SOP091-004419,2025-12-18,abierto
EV009056,SOP091-004420,2025-12-18,abierto
EV009057,SOP091-004420,2025-12-19,cerrado
EV009058,SOP091-004421,2025-12-19,abierto
EV009059,SOP091-004421,2025-12-20,cerrado
EV009060,SOP091-004421,2025-12-21,abierto
EV009061,SOP091-004421,2025-12-23,cerrado
EV009062,SOP091-004422,2025-12-19,abierto
EV009063,SOP091-004422,2025-12-21,cerrado
EV009064,SOP091-004423,2025-12-19,abierto
EV009065,SOP091-004423,2025-12-20,cerrado
EV009066,SOP091-004424,2025-12-19,abierto
EV009067,SOP091-004424,2025-12-20,cerrado
EV009068,SOP091-004424,2025-12-21,abierto
EV009069,SOP091-004424,2025-12-23,cerrado
EV009070,SOP091-004425,2025-12-19,abierto
EV009071,SOP091-004426,2025-12-19,abierto
EV009072,SOP091-004426,2025-12-20,cerrado
EV009073,SOP091-004426,2025-12-21,abierto
EV009074,SOP091-004426,2025-12-23,cerrado
EV009075,SOP091-004427,2025-12-19,abierto
EV009076,SOP091-004427,2025-12-20,cerrado
EV009077,SOP091-004428,2025-12-20,abierto
EV009078,SOP091-004428,2025-12-21,cerrado
EV009079,SOP091-004429,2025-12-20,abierto
EV009080,SOP091-004430,2025-12-20,abierto
EV009081,SOP091-004430,2025-12-21,cerrado
EV009082,SOP091-004431,2025-12-20,abierto
EV009083,SOP091-004431,2025-12-21,cerrado
EV009084,SOP091-004432,2025-12-20,abierto
EV009085,SOP091-004432,2025-12-21,cerrado
EV009086,SOP091-004433,2025-12-20,abierto
EV009087,SOP091-004434,2025-12-21,abierto
EV009088,SOP091-004434,2025-12-22,cerrado
EV009089,SOP091-004435,2025-12-21,abierto
EV009090,SOP091-004436,2025-12-21,abierto
EV009091,SOP091-004436,2025-12-22,cerrado
EV009092,SOP091-004437,2025-12-21,abierto
EV009093,SOP091-004437,2025-12-22,cerrado
EV009094,SOP091-004438,2025-12-21,abierto
EV009095,SOP091-004438,2025-12-22,cerrado
EV009096,SOP091-004439,2025-12-21,abierto
EV009097,SOP091-004439,2025-12-22,cerrado
EV009098,SOP091-004440,2025-12-22,abierto
EV009099,SOP091-004440,2025-12-23,cerrado
EV009100,SOP091-004441,2025-12-22,abierto
EV009101,SOP091-004442,2025-12-22,abierto
EV009102,SOP091-004442,2025-12-23,cerrado
EV009103,SOP091-004443,2025-12-22,abierto
EV009104,SOP091-004443,2025-12-24,cerrado
EV009105,SOP091-004444,2025-12-22,abierto
EV009106,SOP091-004444,2025-12-24,cerrado
EV009107,SOP091-004445,2025-12-22,abierto
EV009108,SOP091-004445,2025-12-23,cerrado
EV009109,SOP091-004446,2025-12-23,abierto
EV009110,SOP091-004447,2025-12-23,abierto
EV009111,SOP091-004447,2025-12-24,cerrado
EV009112,SOP091-004448,2025-12-23,abierto
EV009113,SOP091-004448,2025-12-24,cerrado
EV009114,SOP091-004448,2025-12-25,abierto
EV009115,SOP091-004448,2025-12-27,cerrado
EV009116,SOP091-004449,2025-12-23,abierto
EV009117,SOP091-004449,2025-12-24,cerrado
EV009118,SOP091-004449,2025-12-25,abierto
EV009119,SOP091-004449,2025-12-27,cerrado
EV009120,SOP091-004450,2025-12-23,abierto
EV009121,SOP091-004450,2025-12-24,cerrado
EV009122,SOP091-004451,2025-12-23,abierto
EV009123,SOP091-004451,2025-12-24,cerrado
EV009124,SOP091-004452,2025-12-24,abierto
EV009125,SOP091-004452,2025-12-26,cerrado
EV009126,SOP091-004453,2025-12-24,abierto
EV009127,SOP091-004453,2025-12-25,cerrado
EV009128,SOP091-004454,2025-12-24,abierto
EV009129,SOP091-004454,2025-12-26,cerrado
EV009130,SOP091-004455,2025-12-24,abierto
EV009131,SOP091-004455,2025-12-26,cerrado
EV009132,SOP091-004456,2025-12-24,abierto
EV009133,SOP091-004456,2025-12-25,cerrado
EV009134,SOP091-004457,2025-12-24,abierto
EV009135,SOP091-004458,2025-12-25,abierto
EV009136,SOP091-004458,2025-12-26,cerrado
EV009137,SOP091-004459,2025-12-25,abierto
EV009138,SOP091-004459,2025-12-26,cerrado
EV009139,SOP091-004460,2025-12-25,abierto
EV009140,SOP091-004460,2025-12-27,cerrado
EV009141,SOP091-004461,2025-12-25,abierto
EV009142,SOP091-004461,2025-12-26,cerrado
EV009143,SOP091-004462,2025-12-25,abierto
EV009144,SOP091-004462,2025-12-26,cerrado
EV009145,SOP091-004462,2025-12-27,abierto
EV009146,SOP091-004462,2025-12-29,cerrado
EV009147,SOP091-004463,2025-12-25,abierto
EV009148,SOP091-004464,2025-12-25,abierto
EV009149,SOP091-004464,2025-12-27,cerrado
EV009150,SOP091-004465,2025-12-26,abierto
EV009151,SOP091-004465,2025-12-27,cerrado
EV009152,SOP091-004466,2025-12-26,abierto
EV009153,SOP091-004466,2025-12-27,cerrado
EV009154,SOP091-004467,2025-12-26,abierto
EV009155,SOP091-004467,2025-12-27,cerrado
EV009156,SOP091-004468,2025-12-26,abierto
EV009157,SOP091-004468,2025-12-27,cerrado
EV009158,SOP091-004469,2025-12-26,abierto
EV009159,SOP091-004469,2025-12-27,cerrado
EV009160,SOP091-004470,2025-12-26,abierto
EV009161,SOP091-004470,2025-12-27,cerrado
EV009162,SOP091-004471,2025-12-27,abierto
EV009163,SOP091-004471,2025-12-29,cerrado
EV009164,SOP091-004472,2025-12-27,abierto
EV009165,SOP091-004472,2025-12-29,cerrado
EV009166,SOP091-004473,2025-12-27,abierto
EV009167,SOP091-004473,2025-12-29,cerrado
EV009168,SOP091-004474,2025-12-27,abierto
EV009169,SOP091-004474,2025-12-28,cerrado
EV009170,SOP091-004475,2025-12-27,abierto
EV009171,SOP091-004475,2025-12-28,cerrado
EV009172,SOP091-004476,2025-12-27,abierto
EV009173,SOP091-004476,2025-12-28,cerrado
EV009174,SOP091-004477,2025-12-28,abierto
EV009175,SOP091-004477,2025-12-29,cerrado
EV009176,SOP091-004477,2025-12-30,abierto
EV009177,SOP091-004477,2026-01-01,cerrado
EV009178,SOP091-004478,2025-12-28,abierto
EV009179,SOP091-004478,2025-12-29,cerrado
EV009180,SOP091-004479,2025-12-28,abierto
EV009181,SOP091-004479,2025-12-29,cerrado
EV009182,SOP091-004480,2025-12-28,abierto
EV009183,SOP091-004480,2025-12-29,cerrado
EV009184,SOP091-004481,2025-12-28,abierto
EV009185,SOP091-004481,2025-12-29,cerrado
EV009186,SOP091-004482,2025-12-28,abierto
EV009187,SOP091-004482,2025-12-29,cerrado
EV009188,SOP091-004483,2025-12-29,abierto
EV009189,SOP091-004483,2025-12-30,cerrado
EV009190,SOP091-004484,2025-12-29,abierto
EV009191,SOP091-004484,2025-12-31,cerrado
EV009192,SOP091-004485,2025-12-29,abierto
EV009193,SOP091-004485,2025-12-31,cerrado
EV009194,SOP091-004486,2025-12-29,abierto
EV009195,SOP091-004486,2025-12-30,cerrado
EV009196,SOP091-004487,2025-12-29,abierto
EV009197,SOP091-004488,2025-12-29,abierto
EV009198,SOP091-004489,2025-12-30,abierto
EV009199,SOP091-004489,2025-12-31,cerrado
EV009200,SOP091-004490,2025-12-30,abierto
EV009201,SOP091-004490,2025-12-31,cerrado
EV009202,SOP091-004490,2026-01-01,abierto
EV009203,SOP091-004490,2026-01-03,cerrado
EV009204,SOP091-004491,2025-12-30,abierto
EV009205,SOP091-004491,2025-12-31,cerrado
EV009206,SOP091-004492,2025-12-30,abierto
EV009207,SOP091-004492,2025-12-31,cerrado
EV009208,SOP091-004493,2025-12-30,abierto
EV009209,SOP091-004493,2025-12-31,cerrado
EV009210,SOP091-004494,2025-12-30,abierto
EV009211,SOP091-004494,2025-12-31,cerrado
EV009212,SOP091-004494,2026-01-01,abierto
EV009213,SOP091-004494,2026-01-04,cerrado
EV009214,SOP091-004495,2025-12-31,abierto
EV009215,SOP091-004495,2026-01-01,cerrado
EV009216,SOP091-004496,2025-12-31,abierto
EV009217,SOP091-004496,2026-01-01,cerrado
EV009218,SOP091-004496,2026-01-02,abierto
EV009219,SOP091-004496,2026-01-04,cerrado
EV009220,SOP091-004497,2025-12-31,abierto
EV009221,SOP091-004497,2026-01-01,cerrado
EV009222,SOP091-004498,2025-12-31,abierto
EV009223,SOP091-004498,2026-01-01,cerrado
EV009224,SOP091-004499,2025-12-31,abierto
EV009225,SOP091-004499,2026-01-01,cerrado
EV009226,SOP091-004499,2026-01-02,abierto
EV009227,SOP091-004499,2026-01-04,cerrado
EV009228,SOP091-004500,2025-12-31,abierto
EV009229,SOP091-004500,2026-01-02,cerrado
