registro_id,fecha,equipo,canal,prioridad,minutos_resolucion,estado,reabierto
SOP091-000001,2024-01-01,E1,correo,baja,984.4,cerrado,0
SOP091-000002,2024-01-01,E2,web,alta,1150.4,cerrado,0
SOP091-000003,2024-01-01,E3,telefono,alta,,abierto,0
SOP091-000004,2024-01-01,E1,web,alta,171.7,cerrado,0
SOP091-000005,2024-01-01,E2,telefono,alta,,abierto,0
SOP091-000006,2024-01-01,E3,telefono,normal,1204.9,cerrado,0
SOP091-000007,2024-01-01,E1,correo,normal,1675.8,cerrado,0
SOP091-000008,2024-01-02,E2,correo,baja,128.5,cerrado,0
SOP091-000009,2024-01-02,E3,telefono,alta,1116.2,cerrado,0
SOP091-000010,2024-01-02,E1,telefono,alta,1317.3,cerrado,0
SOP091-000011,2024-01-02,E2,telefono,baja,,abierto,0
SOP091-000012,2024-01-02,E3,correo,alta,201.5,cerrado,0
SOP091-000013,2024-01-02,E1,correo,normal,109.1,cerrado,0
SOP091-000014,2024-01-03,E2,correo,alta,4604.3,cerrado,1
SOP091-000015,2024-01-03,E3,telefono,normal,3907.1,cerrado,0
SOP091-000016,2024-01-03,E1,web,alta,655.0,cerrado,0
SOP091-000017,2024-01-03,E2,telefono,baja,487.1,cerrado,0
SOP091-000018,2024-01-03,E3,correo,baja,3242.9,cerrado,0
SOP091-000019,2024-01-03,E1,web,normal,725.7,cerrado,0
SOP091-000020,2024-01-04,E2,telefono,normal,1276.9,cerrado,0
SOP091-000021,2024-01-04,E3,web,normal,989.6,cerrado,0
SOP091-000022,2024-01-04,E1,correo,normal,173.0,cerrado,0
SOP091-000023,2024-01-04,E2,web,normal,306.1,cerrado,0
SOP091-000024,2024-01-04,E3,correo,normal,833.7,cerrado,0
SOP091-000025,2024-01-04,E1,telefono,normal,22.8,cerrado,0
SOP091-000026,2024-01-05,E2,telefono,normal,2203.5,cerrado,0
SOP091-000027,2024-01-05,E3,telefono,alta,581.4,cerrado,0
SOP091-000028,2024-01-05,E1,web,normal,548.8,cerrado,0
SOP091-000029,2024-01-05,E2,telefono,baja,274.1,cerrado,0
SOP091-000030,2024-01-05,E3,correo,normal,986.5,cerrado,0
SOP091-000031,2024-01-05,E1,web,alta,4632.5,cerrado,1
SOP091-000032,2024-01-06,E2,telefono,baja,150.9,cerrado,0
SOP091-000033,2024-01-06,E3,telefono,alta,273.5,cerrado,0
SOP091-000034,2024-01-06,E1,web,normal,1050.1,cerrado,0
SOP091-000035,2024-01-06,E2,correo,baja,200.8,cerrado,0
SOP091-000036,2024-01-06,E3,correo,normal,1148.6,cerrado,0
SOP091-000037,2024-01-06,E1,telefono,normal,4720.0,cerrado,1
SOP091-000038,2024-01-07,E2,telefono,baja,4373.1,cerrado,1
SOP091-000039,2024-01-07,E3,web,normal,430.8,cerrado,0
SOP091-000040,2024-01-07,E1,correo,normal,1401.7,cerrado,0
SOP091-000041,2024-01-07,E2,telefono,alta,2232.8,cerrado,0
SOP091-000042,2024-01-07,E3,correo,baja,954.4,cerrado,0
SOP091-000043,2024-01-07,E1,web,baja,619.1,cerrado,0
SOP091-000044,2024-01-07,E2,web,baja,2350.3,cerrado,0
SOP091-000045,2024-01-08,E3,correo,normal,720.3,cerrado,0
SOP091-000046,2024-01-08,E1,telefono,alta,525.4,cerrado,0
SOP091-000047,2024-01-08,E2,web,alta,4568.3,cerrado,0
SOP091-000048,2024-01-08,E3,correo,baja,,abierto,0
SOP091-000049,2024-01-08,E1,correo,baja,,abierto,0
SOP091-000050,2024-01-08,E2,web,alta,,abierto,0
SOP091-000051,2024-01-09,E3,correo,normal,305.9,cerrado,0
SOP091-000052,2024-01-09,E1,correo,baja,1238.2,cerrado,0
SOP091-000053,2024-01-09,E2,correo,baja,958.8,cerrado,0
SOP091-000054,2024-01-09,E3,telefono,normal,1540.4,cerrado,0
SOP091-000055,2024-01-09,E1,web,baja,639.2,cerrado,0
SOP091-000056,2024-01-09,E2,correo,normal,,abierto,0
SOP091-000057,2024-01-10,E3,web,baja,149.1,cerrado,0
SOP091-000058,2024-01-10,E1,correo,alta,429.2,cerrado,0
SOP091-000059,2024-01-10,E2,telefono,normal,,abierto,0
SOP091-000060,2024-01-10,E3,telefono,normal,1295.5,cerrado,0
SOP091-000061,2024-01-10,E1,web,normal,61.1,cerrado,0
SOP091-000062,2024-01-10,E2,correo,alta,495.9,cerrado,0
SOP091-000063,2024-01-11,E3,telefono,baja,598.1,cerrado,0
SOP091-000064,2024-01-11,E1,web,alta,372.4,cerrado,0
SOP091-000065,2024-01-11,E2,web,normal,864.8,cerrado,0
SOP091-000066,2024-01-11,E3,telefono,normal,259.3,cerrado,0
SOP091-000067,2024-01-11,E1,telefono,alta,591.5,cerrado,0
SOP091-000068,2024-01-11,E2,telefono,alta,308.2,cerrado,0
SOP091-000069,2024-01-12,E3,web,alta,3532.4,cerrado,0
SOP091-000070,2024-01-12,E1,telefono,alta,263.2,cerrado,0
SOP091-000071,2024-01-12,E2,telefono,normal,,abierto,0
SOP091-000072,2024-01-12,E3,telefono,alta,482.5,cerrado,0
SOP091-000073,2024-01-12,E1,telefono,normal,1059.5,cerrado,0
SOP091-000074,2024-01-12,E2,web,normal,4551.3,cerrado,1
SOP091-000075,2024-01-13,E3,correo,baja,382.2,cerrado,0
SOP091-000076,2024-01-13,E1,telefono,alta,3920.3,cerrado,0
SOP091-000077,2024-01-13,E2,web,baja,,abierto,0
SOP091-000078,2024-01-13,E3,web,normal,426.0,cerrado,0
SOP091-000079,2024-01-13,E1,telefono,baja,1020.7,cerrado,0
SOP091-000080,2024-01-13,E2,correo,normal,4719.5,cerrado,1
SOP091-000081,2024-01-13,E3,correo,normal,439.2,cerrado,0
SOP091-000082,2024-01-14,E1,web,normal,436.1,cerrado,0
SOP091-000083,2024-01-14,E2,correo,alta,1293.2,cerrado,0
SOP091-000084,2024-01-14,E3,telefono,normal,,cerrado,0
SOP091-000085,2024-01-14,E1,telefono,normal,790.3,cerrado,0
SOP091-000086,2024-01-14,E2,web,normal,451.3,cerrado,0
SOP091-000087,2024-01-14,E3,correo,normal,254.1,cerrado,0
SOP091-000088,2024-01-15,E1,telefono,normal,385.9,cerrado,0
SOP091-000089,2024-01-15,E2,web,normal,102.4,cerrado,0
SOP091-000090,2024-01-15,E3,correo,baja,646.5,cerrado,0
SOP091-000091,2024-01-15,E1,web,alta,,abierto,0
SOP091-000092,2024-01-15,E2,correo,alta,140.5,cerrado,0
SOP091-000093,2024-01-15,E3,telefono,normal,,abierto,0
SOP091-000094,2024-01-16,E1,web,normal,523.4,cerrado,0
SOP091-000095,2024-01-16,E2,web,baja,,abierto,0
SOP091-000096,2024-01-16,E3,correo,alta,1233.6,cerrado,0
SOP091-000097,2024-01-16,E1,web,alta,174.6,cerrado,0
SOP091-000098,2024-01-16,E2, WEB ,normal,319.8,cerrado,0
SOP091-000099,2024-01-16,E3,telefono,baja,4783.9,cerrado,1
SOP091-000100,2024-01-17,E1,correo,normal,311.2,cerrado,0
SOP091-000101,2024-01-17,E2,web,baja,2423.2,cerrado,0
SOP091-000102,2024-01-17,E3,web,baja,221.6,cerrado,0
SOP091-000103,2024-01-17,E1,correo,baja,262.8,cerrado,0
SOP091-000104,2024-01-17,E2,correo,baja,370.8,cerrado,0
SOP091-000105,2024-01-17,E3,web,alta,5396.4,cerrado,1
SOP091-000106,2024-01-18,E1,correo,alta,,abierto,0
SOP091-000107,2024-01-18,E2,web,normal,545.0,cerrado,0
SOP091-000108,2024-01-18,E3,telefono,normal,4659.2,cerrado,1
SOP091-000109,2024-01-18,E1,telefono,normal,5765.0,cerrado,1
SOP091-000110,2024-01-18,E2,web,alta,515.0,cerrado,0
SOP091-000111,2024-01-18,E3,web,baja,77.8,cerrado,0
SOP091-000112,2024-01-19,E1,telefono,baja,281.6,cerrado,0
SOP091-000113,2024-01-19,E2,telefono,normal,1127.0,cerrado,0
SOP091-000114,2024-01-19,E3,correo,baja,,abierto,0
SOP091-000115,2024-01-19,E1,telefono,normal,216.8,cerrado,0
SOP091-000116,2024-01-19,E2,correo,normal,1217.9,cerrado,0
SOP091-000117,2024-01-19,E3,web,normal,,abierto,0
SOP091-000118,2024-01-20,E1,telefono,normal,192.5,cerrado,0
SOP091-000119,2024-01-20,E2,web,normal,829.9,cerrado,0
SOP091-000120,2024-01-20,E3,correo,normal,439.6,cerrado,0
SOP091-000121,2024-01-20,E1,web,normal,377.8,cerrado,0
SOP091-000122,2024-01-20,E2,telefono,normal,1584.1,cerrado,0
SOP091-000123,2024-01-20,E3,telefono,baja,,abierto,0
SOP091-000124,2024-01-20,E1,web,normal,,abierto,0
SOP091-000125,2024-01-21,E2,correo,normal,895.3,cerrado,0
SOP091-000126,2024-01-21,E3,web,alta,4858.5,cerrado,1
SOP091-000127,2024-01-21,E1,web,normal,274.5,cerrado,0
SOP091-000128,2024-01-21,E2,web,normal,4623.8,cerrado,1
SOP091-000129,2024-01-21,E3,correo,normal,5800.0,cerrado,1
SOP091-000130,2024-01-21,E1,telefono,baja,471.9,cerrado,0
SOP091-000131,2024-01-22,E2,telefono,normal,658.6,cerrado,0
SOP091-000132,2024-01-22,E3,web,alta,2185.7,cerrado,0
SOP091-000133,2024-01-22,E1,telefono,normal,1292.2,cerrado,0
SOP091-000134,2024-01-22,E2,web,alta,398.5,cerrado,0
SOP091-000135,2024-01-22,E3,correo,normal,,abierto,0
SOP091-000136,2024-01-22,E1,telefono,normal,,abierto,0
SOP091-000137,2024-01-23,E2,correo,normal,1114.7,cerrado,0
SOP091-000138,2024-01-23,E3,telefono,normal,993.7,cerrado,0
SOP091-000139,2024-01-23,E1,telefono,baja,264.8,cerrado,0
SOP091-000140,2024-01-23,E2,correo,normal,338.7,cerrado,0
SOP091-000141,2024-01-23,E3,telefono,alta,,abierto,0
SOP091-000142,2024-01-23,E1,correo,baja,623.6,cerrado,0
SOP091-000143,2024-01-24,E2,web,normal,349.2,cerrado,0
SOP091-000144,2024-01-24,E3,telefono,baja,1673.9,cerrado,0
SOP091-000145,2024-01-24,E1,web,alta,295.8,cerrado,0
SOP091-000146,2024-01-24,E2,web,normal,944.9,cerrado,0
SOP091-000147,2024-01-24,E3,telefono,normal,814.8,cerrado,0
SOP091-000148,2024-01-24,E1,web,normal,462.2,cerrado,0
SOP091-000149,2024-01-25,E2,web,normal,4904.7,cerrado,1
SOP091-000150,2024-01-25,E3,correo,baja,729.9,cerrado,0
SOP091-000151,2024-01-25,E1,telefono,baja,60.7,cerrado,0
SOP091-000152,2024-01-25,E2,telefono,baja,455.1,cerrado,0
SOP091-000153,2024-01-25,E3,web,baja,4900.3,cerrado,0
SOP091-000154,2024-01-25,E1,correo,normal,451.4,cerrado,0
SOP091-000155,2024-01-26,E2,web,baja,,abierto,0
SOP091-000156,2024-01-26,E3,telefono,alta,299.1,cerrado,0
SOP091-000157,2024-01-26,E1,web,normal,178.2,cerrado,0
SOP091-000158,2024-01-26,E2,correo,normal,1119.6,cerrado,0
SOP091-000159,2024-01-26,E3,web,normal,182.9,cerrado,0
SOP091-000160,2024-01-26,E1,correo,baja,4633.8,cerrado,1
SOP091-000161,2024-01-26,E2,web,alta,,abierto,0
SOP091-000162,2024-01-27,E3,web,alta,5015.8,cerrado,1
SOP091-000163,2024-01-27,E1,telefono,normal,,abierto,0
SOP091-000164,2024-01-27,E2,correo,normal,,abierto,0
SOP091-000165,2024-01-27,E3,web,normal,821.4,cerrado,0
SOP091-000166,2024-01-27,E1,telefono,alta,4621.7,cerrado,1
SOP091-000167,2024-01-27,E2,correo,normal,,cerrado,1
SOP091-000168,2024-01-28,E3,telefono,baja,333.7,cerrado,0
SOP091-000169,2024-01-28,E1,telefono,normal,654.9,cerrado,0
SOP091-000170,2024-01-28,E2,correo,normal,3288.0,cerrado,0
SOP091-000171,2024-01-28,E3,web,normal,340.4,cerrado,0
SOP091-000172,2024-01-28,E1,web,baja,4517.5,cerrado,1
SOP091-000173,2024-01-28,E2,correo,baja,688.6,cerrado,0
SOP091-000174,2024-01-29,E3,web,alta,2026.4,cerrado,0
SOP091-000175,2024-01-29,E1,telefono,baja,5773.6,cerrado,0
SOP091-000176,2024-01-29,E2,correo,alta,802.8,cerrado,0
SOP091-000177,2024-01-29,E3,web,normal,1143.3,cerrado,0
SOP091-000178,2024-01-29,E1,correo,normal,4755.4,cerrado,1
SOP091-000179,2024-01-29,E2,telefono,baja,622.7,cerrado,0
SOP091-000180,2024-01-30,E3,web,alta,385.0,cerrado,0
SOP091-000181,2024-01-30,E1,correo,alta,4584.3,cerrado,1
SOP091-000182,2024-01-30,E2,correo,baja,,abierto,0
SOP091-000183,2024-01-30,E3,web,baja,491.1,cerrado,0
SOP091-000184,2024-01-30,E1,correo,normal,401.9,cerrado,0
SOP091-000185,2024-01-30,E2,web,alta,1574.3,cerrado,0
SOP091-000186,2024-01-31,E3,correo,normal,4296.1,cerrado,0
SOP091-000187,2024-01-31,E1,telefono,normal,628.6,cerrado,0
SOP091-000188,2024-01-31,E2,telefono,baja,311.3,cerrado,0
SOP091-000189,2024-01-31,E3,telefono,normal,509.8,cerrado,0
SOP091-000190,2024-01-31,E1,telefono,normal,,abierto,0
SOP091-000191,2024-01-31,E2,telefono,baja,559.7,cerrado,0
SOP091-000192,2024-02-01,E3,telefono,normal,368.6,cerrado,0
SOP091-000193,2024-02-01,E1,telefono,normal,459.9,cerrado,0
SOP091-000194,2024-02-01,E2,correo,alta,645.6,cerrado,0
SOP091-000195,2024-02-01,E3, WEB ,baja,4676.0,cerrado,1
SOP091-000196,2024-02-01,E1,telefono,normal,745.8,cerrado,0
SOP091-000197,2024-02-01,E2,correo,normal,4820.9,cerrado,1
SOP091-000198,2024-02-02,E3,telefono,baja,1032.1,cerrado,0
SOP091-000199,2024-02-02,E1,telefono,alta,3550.3,cerrado,0
SOP091-000200,2024-02-02,E2,web,normal,504.6,cerrado,0
SOP091-000201,2024-02-02,E3,correo,normal,,abierto,0
SOP091-000202,2024-02-02,E1,telefono,baja,172.3,cerrado,0
SOP091-000203,2024-02-02,E2,correo,baja,416.4,cerrado,0
SOP091-000204,2024-02-02,E3,web,normal,191.9,cerrado,0
SOP091-000205,2024-02-03,E1,web,baja,,abierto,0
SOP091-000206,2024-02-03,E2,correo,normal,4115.8,cerrado,0
SOP091-000207,2024-02-03,E3,web,normal,206.2,cerrado,0
SOP091-000208,2024-02-03,E1,telefono,normal,287.7,cerrado,0
SOP091-000209,2024-02-03,E2,correo,alta,,abierto,0
SOP091-000210,2024-02-03,E3,web,alta,912.8,cerrado,0
SOP091-000211,2024-02-04,E1,correo,alta,1190.3,cerrado,0
SOP091-000212,2024-02-04,E2,correo,alta,"1890,5",cerrado,0
SOP091-000213,2024-02-04,E3,telefono,normal,2579.6,cerrado,0
SOP091-000214,2024-02-04,E1,correo,normal,,abierto,0
SOP091-000215,2024-02-04,E2,correo,baja,4983.3,cerrado,1
SOP091-000216,2024-02-04,E3,web,alta,313.7,cerrado,0
SOP091-000217,2024-02-05,E1,correo,normal,,abierto,0
SOP091-000218,2024-02-05,E2,web,baja,327.8,cerrado,0
SOP091-000219,2024-02-05,E3,correo,normal,526.8,cerrado,0
SOP091-000220,2024-02-05,E1,correo,alta,4598.4,cerrado,1
SOP091-000221,2024-02-05,E2,correo,normal,1059.2,cerrado,0
SOP091-000222,2024-02-05,E3,correo,normal,6021.2,cerrado,1
SOP091-000223,2024-02-06,E1,web,alta,4460.1,cerrado,1
SOP091-000224,2024-02-06,E2,correo,normal,712.4,cerrado,0
SOP091-000225,2024-02-06,E3,telefono,normal,913.0,cerrado,0
SOP091-000226,2024-02-06,E1,correo,baja,39.1,cerrado,0
SOP091-000227,2024-02-06,E2,telefono,baja,510.1,cerrado,0
SOP091-000228,2024-02-06,E3,correo,alta,313.5,cerrado,0
SOP091-000229,2024-02-07,E1,telefono,normal,,abierto,0
SOP091-000230,2024-02-07,E2,telefono,normal,393.4,cerrado,0
SOP091-000231,2024-02-07,E3,telefono,normal,5864.0,cerrado,1
SOP091-000232,2024-02-07,E1,telefono,baja,1324.9,cerrado,0
SOP091-000233,2024-02-07,E2,correo,baja,,abierto,0
SOP091-000234,2024-02-07,E3,telefono,baja,113.0,cerrado,0
SOP091-000235,2024-02-08,E1,telefono,normal,793.8,cerrado,0
SOP091-000236,2024-02-08,E2,web,baja,99.3,cerrado,0
SOP091-000237,2024-02-08,E3,web,normal,1179.3,cerrado,0
SOP091-000238,2024-02-08,E1,web,baja,599.0,cerrado,0
SOP091-000239,2024-02-08,E2,correo,normal,106.8,cerrado,0
SOP091-000240,2024-02-08,E3,correo,normal,451.4,cerrado,0
SOP091-000241,2024-02-08,E1,web,baja,4603.8,cerrado,1
SOP091-000242,2024-02-09,E2,telefono,alta,212.4,cerrado,0
SOP091-000243,2024-02-09,E3,web,normal,186.3,cerrado,0
SOP091-000244,2024-02-09,E1,correo,normal,4707.9,cerrado,1
SOP091-000245,2024-02-09,E2,web,baja,,abierto,0
SOP091-000246,2024-02-09,E3,web,alta,940.3,cerrado,0
SOP091-000247,2024-02-09,E1,correo,alta,886.1,cerrado,0
SOP091-000248,2024-02-10,E2,web,normal,1995.1,cerrado,0
SOP091-000249,2024-02-10,E3,web,alta,331.7,cerrado,0
SOP091-000250,2024-02-10,E1,web,normal,,cerrado,0
SOP091-000251,2024-02-10,E2,correo,alta,273.0,cerrado,0
SOP091-000252,2024-02-10,E3,web,baja,873.9,cerrado,0
SOP091-000253,2024-02-10,E1,telefono,alta,,abierto,0
SOP091-000254,2024-02-11,E2,web,baja,298.0,cerrado,0
SOP091-000255,2024-02-11,E3,web,alta,4782.8,cerrado,1
SOP091-000256,2024-02-11,E1,correo,normal,1890.4,cerrado,0
SOP091-000257,2024-02-11,E2,web,baja,582.1,cerrado,0
SOP091-000258,2024-02-11,E3,correo,baja,2950.5,cerrado,0
SOP091-000259,2024-02-11,E1,telefono,baja,114.9,cerrado,0
SOP091-000260,2024-02-12,E2,telefono,alta,,abierto,0
SOP091-000261,2024-02-12,E3,correo,alta,1497.5,cerrado,0
SOP091-000262,2024-02-12,E1,telefono,normal,1039.6,cerrado,0
SOP091-000263,2024-02-12,E2,telefono,normal,919.3,cerrado,0
SOP091-000264,2024-02-12,E3,correo,normal,1243.9,cerrado,0
SOP091-000265,2024-02-12,E1,web,baja,314.0,cerrado,0
SOP091-000266,2024-02-13,E2,web,baja,146.4,cerrado,0
SOP091-000267,2024-02-13,E3,telefono,normal,2454.0,cerrado,0
SOP091-000268,2024-02-13,E1,telefono,normal,267.2,cerrado,0
SOP091-000269,2024-02-13,E2,correo,baja,,abierto,0
SOP091-000270,2024-02-13,E3,correo,normal,772.0,cerrado,0
SOP091-000271,2024-02-13,E1,telefono,alta,598.4,cerrado,0
SOP091-000272,2024-02-14,E2,correo,normal,443.4,cerrado,0
SOP091-000273,2024-02-14,E3,telefono,alta,1353.0,cerrado,0
SOP091-000274,2024-02-14,E1,web,baja,4869.3,cerrado,1
SOP091-000275,2024-02-14,E2,web,baja,772.6,cerrado,0
SOP091-000276,2024-02-14,E3,telefono,alta,4768.6,cerrado,1
SOP091-000277,2024-02-14,E1,web,alta,444.7,cerrado,0
SOP091-000278,2024-02-14,E2,web,normal,211.1,cerrado,0
SOP091-000279,2024-02-15,E3,telefono,normal,,abierto,0
SOP091-000280,2024-02-15,E1,web,normal,466.5,cerrado,0
SOP091-000281,2024-02-15,E2,telefono,normal,606.2,cerrado,0
SOP091-000282,2024-02-15,E3,correo,baja,322.7,cerrado,0
SOP091-000283,2024-02-15,E1,telefono,normal,301.7,cerrado,0
SOP091-000284,2024-02-15,E2,web,normal,431.4,cerrado,0
SOP091-000285,2024-02-16,E3,web,alta,513.2,cerrado,0
SOP091-000286,2024-02-16,E1,telefono,normal,290.8,cerrado,0
SOP091-000287,2024-02-16,E2,telefono,alta,,abierto,0
SOP091-000288,2024-02-16,E3,telefono,normal,1633.3,cerrado,0
SOP091-000289,2024-02-16,E1,web,normal,347.8,cerrado,0
SOP091-000290,2024-02-16,E2,correo,normal,280.4,cerrado,0
SOP091-000291,2024-02-17,E3,web,alta,,abierto,0
SOP091-000292,2024-02-17,E1, CORREO ,normal,653.8,cerrado,0
SOP091-000293,2024-02-17,E2,web,normal,384.4,cerrado,0
SOP091-000294,2024-02-17,E3,web,normal,,abierto,0
SOP091-000295,2024-02-17,E1,telefono,normal,238.5,cerrado,0
SOP091-000296,2024-02-17,E2,telefono,normal,242.8,cerrado,0
SOP091-000297,2024-02-18,E3,web,normal,4871.0,cerrado,1
SOP091-000298,2024-02-18,E1,telefono,alta,501.6,cerrado,0
SOP091-000299,2024-02-18,E2,telefono,normal,1163.7,cerrado,0
SOP091-000300,2024-02-18,E3,telefono,baja,534.9,cerrado,0
SOP091-000301,2024-02-18,E1,telefono,baja,320.1,cerrado,0
SOP091-000302,2024-02-18,E2,telefono,normal,240.4,cerrado,0
SOP091-000303,2024-02-19,E3,web,normal,6384.0,cerrado,1
SOP091-000304,2024-02-19,E1,web,alta,4404.2,cerrado,1
SOP091-000305,2024-02-19,E2,web,normal,311.5,cerrado,0
SOP091-000306,2024-02-19,E3,web,alta,167.6,cerrado,0
SOP091-000307,2024-02-19,E1,web,alta,4895.8,cerrado,1
SOP091-000308,2024-02-19,E2,web,normal,1293.1,cerrado,0
SOP091-000309,2024-02-20,E3,web,baja,499.4,cerrado,0
SOP091-000310,2024-02-20,E1,web,baja,4560.8,cerrado,1
SOP091-000311,2024-02-20,E2,correo,baja,,abierto,0
SOP091-000312,2024-02-20,E3,correo,normal,725.6,cerrado,0
SOP091-000313,2024-02-20,E1,web,alta,295.4,cerrado,0
SOP091-000314,2024-02-20,E2,telefono,normal,,abierto,0
SOP091-000315,2024-02-21,E3,web,alta,6448.0,cerrado,1
SOP091-000316,2024-02-21,E1,web,normal,825.5,cerrado,0
SOP091-000317,2024-02-21,E2,correo,normal,280.5,cerrado,0
SOP091-000318,2024-02-21,E3,web,normal,638.0,cerrado,0
SOP091-000319,2024-02-21,E1,web,normal,,abierto,0
SOP091-000320,2024-02-21,E2,telefono,alta,4646.4,cerrado,1
SOP091-000321,2024-02-21,E3,web,normal,652.3,cerrado,0
SOP091-000322,2024-02-22,E1,telefono,alta,432.1,cerrado,0
SOP091-000323,2024-02-22,E2,correo,normal,,abierto,0
SOP091-000324,2024-02-22,E3,web,alta,118.1,cerrado,0
SOP091-000325,2024-02-22,E1,telefono,baja,179.4,cerrado,0
SOP091-000326,2024-02-22,E2,web,alta,429.8,cerrado,0
SOP091-000327,2024-02-22,E3,web,normal,1711.9,cerrado,0
SOP091-000328,2024-02-23,E1,web,alta,,abierto,0
SOP091-000329,2024-02-23,E2,web,normal,6197.2,cerrado,1
SOP091-000330,2024-02-23,E3,telefono,alta,4528.9,cerrado,1
SOP091-000331,2024-02-23,E1,web,normal,4493.4,cerrado,1
SOP091-000332,2024-02-23,E2,telefono,normal,,abierto,0
SOP091-000333,2024-02-23,E3,telefono,alta,,cerrado,0
SOP091-000334,2024-02-24,E1,correo,baja,282.5,cerrado,0
SOP091-000335,2024-02-24,E2,telefono,alta,667.0,cerrado,0
SOP091-000336,2024-02-24,E3,correo,baja,188.7,cerrado,0
SOP091-000337,2024-02-24,E1,correo,baja,152.7,cerrado,0
SOP091-000338,2024-02-24,E2,web,alta,3561.4,cerrado,0
SOP091-000339,2024-02-24,E3,correo,alta,,abierto,0
SOP091-000340,2024-02-25,E1,web,normal,680.4,cerrado,0
SOP091-000341,2024-02-25,E2,telefono,normal,212.3,cerrado,0
SOP091-000342,2024-02-25,E3,web,normal,,abierto,0
SOP091-000343,2024-02-25,E1,web,baja,,abierto,0
SOP091-000344,2024-02-25,E2,correo,normal,3039.6,cerrado,0
SOP091-000345,2024-02-25,E3,correo,baja,146.0,cerrado,0
SOP091-000346,2024-02-26,E1,web,normal,6323.7,cerrado,0
SOP091-000347,2024-02-26,E2,correo,baja,128.5,cerrado,0
SOP091-000348,2024-02-26,E3,web,alta,549.4,cerrado,0
SOP091-000349,2024-02-26,E1,web,normal,1013.9,cerrado,0
SOP091-000350,2024-02-26,E2,web,normal,627.3,cerrado,0
SOP091-000351,2024-02-26,E3,telefono,normal,,abierto,0
SOP091-000352,2024-02-27,E1,telefono,normal,248.8,cerrado,0
SOP091-000353,2024-02-27,E2,telefono,normal,163.5,cerrado,0
SOP091-000354,2024-02-27,E3,telefono,alta,,abierto,0
SOP091-000355,2024-02-27,E1,web,alta,,abierto,0
SOP091-000356,2024-02-27,E2,web,normal,821.6,cerrado,0
SOP091-000357,2024-02-27,E3,telefono,baja,2290.9,cerrado,0
SOP091-000358,2024-02-27,E1,telefono,normal,253.8,cerrado,0
SOP091-000359,2024-02-28,E2,web,alta,2536.3,cerrado,0
SOP091-000360,2024-02-28,E3,correo,baja,912.0,cerrado,0
SOP091-000361,2024-02-28,E1,web,normal,126.9,cerrado,0
SOP091-000362,2024-02-28,E2,telefono,normal,,abierto,0
SOP091-000363,2024-02-28,E3,correo,normal,521.5,cerrado,0
SOP091-000364,2024-02-28,E1,correo,baja,228.4,cerrado,0
SOP091-000365,2024-02-29,E2,web,normal,5309.7,cerrado,1
SOP091-000366,2024-02-29,E3,correo,normal,1640.9,cerrado,0
SOP091-000367,2024-02-29,E1,correo,baja,177.8,cerrado,0
SOP091-000368,2024-02-29,E2,web,alta,191.0,cerrado,0
SOP091-000369,2024-02-29,E3,correo,alta,537.9,cerrado,0
SOP091-000370,2024-02-29,E1,correo,normal,960.5,cerrado,0
SOP091-000371,2024-03-01,E2,web,baja,,abierto,0
SOP091-000372,2024-03-01,E3,telefono,normal,327.0,cerrado,0
SOP091-000373,2024-03-01,E1,telefono,alta,1483.7,cerrado,0
SOP091-000374,2024-03-01,E2,correo,normal,730.5,cerrado,0
SOP091-000375,2024-03-01,E3,telefono,normal,2201.1,cerrado,0
SOP091-000376,2024-03-01,E1,correo,normal,365.0,cerrado,0
SOP091-000377,2024-03-02,E2,correo,baja,954.3,cerrado,0
SOP091-000378,2024-03-02,E3,correo,normal,3292.1,cerrado,0
SOP091-000379,2024-03-02,E1,telefono,normal,308.3,cerrado,0
SOP091-000380,2024-03-02,E2,web,normal,612.5,cerrado,0
SOP091-000381,2024-03-02,E3,correo,baja,,abierto,0
SOP091-000382,2024-03-02,E1,correo,baja,833.6,cerrado,0
SOP091-000383,2024-03-03,E2,web,normal,548.1,cerrado,0
SOP091-000384,2024-03-03,E3,correo,normal,7119.2,cerrado,0
SOP091-000385,2024-03-03,E1,correo,baja,1773.2,cerrado,0
SOP091-000386,2024-03-03,E2,telefono,normal,448.7,cerrado,0
SOP091-000387,2024-03-03,E3,correo,alta,5472.7,cerrado,1
SOP091-000388,2024-03-03,E1,web,alta,,abierto,0
SOP091-000389,2024-03-04,E2, TELEFONO ,alta,454.2,cerrado,0
SOP091-000390,2024-03-04,E3,web,baja,5579.7,cerrado,1
SOP091-000391,2024-03-04,E1,correo,normal,206.4,cerrado,0
SOP091-000392,2024-03-04,E2,web,baja,1820.8,cerrado,0
SOP091-000393,2024-03-04,E3,telefono,normal,1884.9,cerrado,0
SOP091-000394,2024-03-04,E1,telefono,baja,,abierto,0
SOP091-000395,2024-03-05,E2,telefono,alta,182.4,cerrado,0
SOP091-000396,2024-03-05,E3,telefono,normal,880.3,cerrado,0
SOP091-000397,2024-03-05,E1,telefono,baja,2274.9,cerrado,0
SOP091-000398,2024-03-05,E2,telefono,alta,78.8,cerrado,0
SOP091-000399,2024-03-05,E3,web,normal,875.2,cerrado,0
SOP091-000400,2024-03-05,E1,web,alta,226.1,cerrado,0
SOP091-000401,2024-03-05,E2,telefono,normal,843.6,cerrado,0
SOP091-000402,2024-03-06,E3,correo,alta,3405.0,cerrado,0
SOP091-000403,2024-03-06,E1,correo,normal,4713.8,cerrado,1
SOP091-000404,2024-03-06,E2,correo,alta,334.2,cerrado,0
SOP091-000405,2024-03-06,E3,correo,baja,3865.8,cerrado,0
SOP091-000406,2024-03-06,E1,telefono,normal,4828.6,cerrado,1
SOP091-000407,2024-03-06,E2,correo,baja,1937.7,cerrado,0
SOP091-000408,2024-03-07,E3,correo,normal,,abierto,0
SOP091-000409,2024-03-07,E1,web,normal,,abierto,0
SOP091-000410,2024-03-07,E2,web,alta,445.7,cerrado,0
SOP091-000411,2024-03-07,E3,correo,baja,4585.0,cerrado,1
SOP091-000412,2024-03-07,E1,web,alta,561.8,cerrado,0
SOP091-000413,2024-03-07,E2,web,baja,4661.0,cerrado,1
SOP091-000414,2024-03-08,E3,telefono,normal,1225.3,cerrado,0
SOP091-000415,2024-03-08,E1,web,alta,,abierto,0
SOP091-000416,2024-03-08,E2,correo,normal,,cerrado,1
SOP091-000417,2024-03-08,E3,correo,normal,910.1,cerrado,0
SOP091-000418,2024-03-08,E1,telefono,normal,520.3,cerrado,0
SOP091-000419,2024-03-08,E2,correo,normal,529.2,cerrado,0
SOP091-000420,2024-03-09,E3,correo,normal,168.6,cerrado,0
SOP091-000421,2024-03-09,E1,telefono,normal,666.2,cerrado,0
SOP091-000422,2024-03-09,E2,web,alta,439.1,cerrado,0
SOP091-000423,2024-03-09,E3,web,baja,"312,4",cerrado,0
SOP091-000424,2024-03-09,E1,web,alta,,abierto,0
SOP091-000425,2024-03-09,E2,telefono,alta,,abierto,0
SOP091-000426,2024-03-10,E3,web,normal,723.9,cerrado,0
SOP091-000427,2024-03-10,E1,web,normal,639.4,cerrado,0
SOP091-000428,2024-03-10,E2,web,normal,306.3,cerrado,0
SOP091-000429,2024-03-10,E3,correo,alta,1301.0,cerrado,0
SOP091-000430,2024-03-10,E1,web,normal,291.5,cerrado,0
SOP091-000431,2024-03-10,E2,web,baja,,abierto,0
SOP091-000432,2024-03-11,E3,web,baja,6405.9,cerrado,1
SOP091-000433,2024-03-11,E1,telefono,normal,121.8,cerrado,0
SOP091-000434,2024-03-11,E2,web,alta,362.8,cerrado,0
SOP091-000435,2024-03-11,E3,telefono,normal,1280.1,cerrado,0
SOP091-000436,2024-03-11,E1,correo,alta,,abierto,0
SOP091-000437,2024-03-11,E2,correo,normal,3112.5,cerrado,0
SOP091-000438,2024-03-11,E3,telefono,alta,166.5,cerrado,0
SOP091-000439,2024-03-12,E1,correo,normal,4655.1,cerrado,1
SOP091-000440,2024-03-12,E2,web,alta,304.9,cerrado,0
SOP091-000441,2024-03-12,E3,web,baja,997.3,cerrado,0
SOP091-000442,2024-03-12,E1,web,normal,299.7,cerrado,0
SOP091-000443,2024-03-12,E2,web,alta,795.4,cerrado,0
SOP091-000444,2024-03-12,E3,telefono,baja,1187.3,cerrado,0
SOP091-000445,2024-03-13,E1,web,alta,122.8,cerrado,0
SOP091-000446,2024-03-13,E2,correo,baja,127.3,cerrado,0
SOP091-000447,2024-03-13,E3,web,baja,591.5,cerrado,0
SOP091-000448,2024-03-13,E1,correo,normal,239.6,cerrado,0
SOP091-000449,2024-03-13,E2,web,normal,4419.6,cerrado,0
SOP091-000450,2024-03-13,E3,web,normal,1185.3,cerrado,0
SOP091-000451,2024-03-14,E1,web,alta,110.3,cerrado,0
SOP091-000452,2024-03-14,E2,web,normal,4538.2,cerrado,1
SOP091-000453,2024-03-14,E3,web,normal,519.4,cerrado,0
SOP091-000454,2024-03-14,E1,web,normal,438.3,cerrado,0
SOP091-000455,2024-03-14,E2,telefono,alta,189.0,cerrado,0
SOP091-000456,2024-03-14,E3,correo,alta,701.4,cerrado,0
SOP091-000457,2024-03-15,E1,web,baja,264.3,cerrado,0
SOP091-000458,2024-03-15,E2,telefono,normal,344.9,cerrado,0
SOP091-000459,2024-03-15,E3,correo,baja,407.7,cerrado,0
SOP091-000460,2024-03-15,E1,web,baja,,abierto,0
SOP091-000461,2024-03-15,E2,web,alta,572.1,cerrado,0
SOP091-000462,2024-03-15,E3,telefono,baja,171.7,cerrado,0
SOP091-000463,2024-03-16,E1,telefono,normal,809.4,cerrado,0
SOP091-000464,2024-03-16,E2,telefono,normal,3205.1,cerrado,0
SOP091-000465,2024-03-16,E3,correo,baja,,abierto,0
SOP091-000466,2024-03-16,E1,correo,normal,1710.6,cerrado,0
SOP091-000467,2024-03-16,E2,web,alta,361.4,cerrado,0
SOP091-000468,2024-03-16,E3,web,normal,2849.8,cerrado,0
SOP091-000469,2024-03-17,E1,correo,normal,1166.0,cerrado,0
SOP091-000470,2024-03-17,E2,telefono,normal,972.1,cerrado,0
SOP091-000471,2024-03-17,E3,web,baja,386.1,cerrado,0
SOP091-000472,2024-03-17,E1,web,alta,435.3,cerrado,0
SOP091-000473,2024-03-17,E2,telefono,normal,87.2,cerrado,0
SOP091-000474,2024-03-17,E3,web,normal,4483.6,cerrado,1
SOP091-000475,2024-03-17,E1,web,alta,1773.9,cerrado,0
SOP091-000476,2024-03-18,E2,telefono,normal,311.7,cerrado,0
SOP091-000477,2024-03-18,E3,correo,alta,191.4,cerrado,0
SOP091-000478,2024-03-18,E1,correo,baja,,abierto,0
SOP091-000479,2024-03-18,E2,web,alta,2332.7,cerrado,0
SOP091-000480,2024-03-18,E3,telefono,baja,5180.4,cerrado,0
SOP091-000481,2024-03-18,E1,telefono,alta,718.0,cerrado,0
SOP091-000482,2024-03-19,E2,correo,normal,457.0,cerrado,0
SOP091-000483,2024-03-19,E3,telefono,normal,698.4,cerrado,0
SOP091-000484,2024-03-19,E1,web,normal,,abierto,0
SOP091-000485,2024-03-19,E2,telefono,normal,903.5,cerrado,0
SOP091-000486,2024-03-19,E3, TELEFONO ,normal,687.4,cerrado,0
SOP091-000487,2024-03-19,E1,telefono,normal,,abierto,0
SOP091-000488,2024-03-20,E2,correo,alta,,abierto,0
SOP091-000489,2024-03-20,E3,correo,normal,,abierto,0
SOP091-000490,2024-03-20,E1,telefono,normal,795.1,cerrado,0
SOP091-000491,2024-03-20,E2,web,alta,170.2,cerrado,0
SOP091-000492,2024-03-20,E3,web,normal,688.3,cerrado,0
SOP091-000493,2024-03-20,E1,web,normal,618.2,cerrado,0
SOP091-000494,2024-03-21,E2,telefono,normal,5647.6,cerrado,1
SOP091-000495,2024-03-21,E3,correo,baja,,abierto,0
SOP091-000496,2024-03-21,E1,telefono,alta,210.3,cerrado,0
SOP091-000497,2024-03-21,E2,correo,normal,923.2,cerrado,0
SOP091-000498,2024-03-21,E3,correo,baja,485.7,cerrado,0
SOP091-000499,2024-03-21,E1,web,normal,,cerrado,0
SOP091-000500,2024-03-22,E2,correo,alta,1344.4,cerrado,0
SOP091-000501,2024-03-22,E3,correo,normal,2222.6,cerrado,0
SOP091-000502,2024-03-22,E1,web,normal,633.9,cerrado,0
SOP091-000503,2024-03-22,E2,web,normal,536.9,cerrado,0
SOP091-000504,2024-03-22,E3,telefono,normal,1007.8,cerrado,0
SOP091-000505,2024-03-22,E1,web,normal,274.8,cerrado,0
SOP091-000506,2024-03-23,E2,web,normal,,abierto,0
SOP091-000507,2024-03-23,E3,web,baja,453.0,cerrado,0
SOP091-000508,2024-03-23,E1,correo,normal,505.3,cerrado,0
SOP091-000509,2024-03-23,E2,correo,alta,4466.3,cerrado,1
SOP091-000510,2024-03-23,E3,telefono,alta,336.8,cerrado,0
SOP091-000511,2024-03-23,E1,telefono,normal,,abierto,0
SOP091-000512,2024-03-24,E2,telefono,baja,4710.2,cerrado,0
SOP091-000513,2024-03-24,E3,correo,baja,463.7,cerrado,0
SOP091-000514,2024-03-24,E1,correo,normal,774.0,cerrado,0
SOP091-000515,2024-03-24,E2,telefono,normal,156.5,cerrado,0
SOP091-000516,2024-03-24,E3,telefono,baja,851.9,cerrado,0
SOP091-000517,2024-03-24,E1,web,normal,875.7,cerrado,0
SOP091-000518,2024-03-24,E2,telefono,normal,,abierto,0
SOP091-000519,2024-03-25,E3,correo,normal,539.8,cerrado,0
SOP091-000520,2024-03-25,E1,telefono,normal,419.5,cerrado,0
SOP091-000521,2024-03-25,E2,web,normal,670.9,cerrado,0
SOP091-000522,2024-03-25,E3,correo,baja,329.3,cerrado,0
SOP091-000523,2024-03-25,E1,telefono,alta,177.1,cerrado,0
SOP091-000524,2024-03-25,E2,web,baja,1333.8,cerrado,0
SOP091-000525,2024-03-26,E3,web,alta,,abierto,0
SOP091-000526,2024-03-26,E1,web,baja,231.4,cerrado,0
SOP091-000527,2024-03-26,E2,web,normal,713.9,cerrado,0
SOP091-000528,2024-03-26,E3,telefono,alta,415.3,cerrado,0
SOP091-000529,2024-03-26,E1,correo,baja,243.8,cerrado,0
SOP091-000530,2024-03-26,E2,web,alta,838.8,cerrado,0
SOP091-000531,2024-03-27,E3,correo,normal,1325.3,cerrado,0
SOP091-000532,2024-03-27,E1,web,normal,175.4,cerrado,0
SOP091-000533,2024-03-27,E2,correo,alta,4802.1,cerrado,1
SOP091-000534,2024-03-27,E3,correo,normal,320.4,cerrado,0
SOP091-000535,2024-03-27,E1,web,normal,,abierto,0
SOP091-000536,2024-03-27,E2,telefono,alta,142.2,cerrado,0
SOP091-000537,2024-03-28,E3,web,alta,,abierto,0
SOP091-000538,2024-03-28,E1,correo,baja,475.6,cerrado,0
SOP091-000539,2024-03-28,E2,web,baja,913.2,cerrado,0
SOP091-000540,2024-03-28,E3,telefono,baja,,abierto,0
SOP091-000541,2024-03-28,E1,correo,normal,1090.9,cerrado,0
SOP091-000542,2024-03-28,E2,correo,normal,936.0,cerrado,0
SOP091-000543,2024-03-29,E3,telefono,baja,97.2,cerrado,0
SOP091-000544,2024-03-29,E1,web,normal,4513.3,cerrado,1
SOP091-000545,2024-03-29,E2,web,normal,1163.3,cerrado,0
SOP091-000546,2024-03-29,E3,telefono,baja,792.6,cerrado,0
SOP091-000547,2024-03-29,E1,correo,alta,466.9,cerrado,0
SOP091-000548,2024-03-29,E2,correo,baja,158.6,cerrado,0
SOP091-000549,2024-03-30,E3,telefono,normal,197.3,cerrado,0
SOP091-000550,2024-03-30,E1,correo,normal,966.0,cerrado,0
SOP091-000551,2024-03-30,E2,web,baja,112.4,cerrado,0
SOP091-000552,2024-03-30,E3,telefono,normal,483.4,cerrado,0
SOP091-000553,2024-03-30,E1,correo,alta,,abierto,0
SOP091-000554,2024-03-30,E2,web,baja,269.2,cerrado,0
SOP091-000555,2024-03-30,E3,telefono,normal,646.7,cerrado,0
SOP091-000556,2024-03-31,E1,correo,alta,,abierto,0
SOP091-000557,2024-03-31,E2,web,baja,1799.7,cerrado,0
SOP091-000558,2024-03-31,E3,correo,baja,1100.5,cerrado,0
SOP091-000559,2024-03-31,E1,web,normal,499.1,cerrado,0
SOP091-000560,2024-03-31,E2,web,normal,1908.9,cerrado,0
SOP091-000561,2024-03-31,E3,web,normal,3033.0,cerrado,0
SOP091-000562,2024-04-01,E1,telefono,alta,1483.8,cerrado,0
SOP091-000563,2024-04-01,E2,correo,alta,415.1,cerrado,0
SOP091-000564,2024-04-01,E3,correo,normal,589.7,cerrado,0
SOP091-000565,2024-04-01,E1,web,normal,77.7,cerrado,0
SOP091-000566,2024-04-01,E2,telefono,normal,427.0,cerrado,0
SOP091-000567,2024-04-01,E3,telefono,normal,1587.4,cerrado,0
SOP091-000568,2024-04-02,E1,web,normal,229.5,cerrado,0
SOP091-000569,2024-04-02,E2,web,normal,796.3,cerrado,0
SOP091-000570,2024-04-02,E3,correo,normal,1027.5,cerrado,0
SOP091-000571,2024-04-02,E1,telefono,normal,,abierto,0
SOP091-000572,2024-04-02,E2,correo,normal,5216.4,cerrado,1
SOP091-000573,2024-04-02,E3,correo,normal,1406.2,cerrado,0
SOP091-000574,2024-04-03,E1,web,baja,46.7,cerrado,0
SOP091-000575,2024-04-03,E2,correo,alta,955.4,cerrado,0
SOP091-000576,2024-04-03,E3,web,baja,551.0,cerrado,0
SOP091-000577,2024-04-03,E1,web,baja,270.9,cerrado,0
SOP091-000578,2024-04-03,E2,correo,normal,1668.5,cerrado,0
SOP091-000579,2024-04-03,E3,telefono,baja,365.7,cerrado,0
SOP091-000580,2024-04-04,E1,web,normal,664.7,cerrado,0
SOP091-000581,2024-04-04,E2,correo,normal,596.2,cerrado,0
SOP091-000582,2024-04-04,E3,correo,alta,,cerrado,0
SOP091-000583,2024-04-04,E1, CORREO ,normal,4677.9,cerrado,1
SOP091-000584,2024-04-04,E2,web,normal,430.6,cerrado,0
SOP091-000585,2024-04-04,E3,correo,alta,385.5,cerrado,0
SOP091-000586,2024-04-05,E1,telefono,normal,80.8,cerrado,0
SOP091-000587,2024-04-05,E2,web,alta,1040.4,cerrado,0
SOP091-000588,2024-04-05,E3,web,baja,714.0,cerrado,0
SOP091-000589,2024-04-05,E1,telefono,normal,39.9,cerrado,0
SOP091-000590,2024-04-05,E2,correo,alta,,abierto,0
SOP091-000591,2024-04-05,E3,telefono,normal,422.9,cerrado,0
SOP091-000592,2024-04-06,E1,correo,alta,446.7,cerrado,0
SOP091-000593,2024-04-06,E2,telefono,normal,,abierto,0
SOP091-000594,2024-04-06,E3,telefono,normal,,abierto,0
SOP091-000595,2024-04-06,E1,correo,baja,,abierto,0
SOP091-000596,2024-04-06,E2,correo,baja,,abierto,0
SOP091-000597,2024-04-06,E3,web,alta,271.4,cerrado,0
SOP091-000598,2024-04-06,E1,web,normal,203.6,cerrado,0
SOP091-000599,2024-04-07,E2,telefono,normal,125.7,cerrado,0
SOP091-000600,2024-04-07,E3,telefono,normal,79.0,cerrado,0
SOP091-000601,2024-04-07,E1,telefono,normal,792.3,cerrado,0
SOP091-000602,2024-04-07,E2,web,alta,227.6,cerrado,0
SOP091-000603,2024-04-07,E3,web,baja,432.9,cerrado,0
SOP091-000604,2024-04-07,E1,telefono,normal,284.7,cerrado,0
SOP091-000605,2024-04-08,E2,web,alta,4948.7,cerrado,1
SOP091-000606,2024-04-08,E3,telefono,normal,1862.2,cerrado,0
SOP091-000607,2024-04-08,E1,web,baja,4856.6,cerrado,1
SOP091-000608,2024-04-08,E2,telefono,alta,494.4,cerrado,0
SOP091-000609,2024-04-08,E3,web,normal,,abierto,0
SOP091-000610,2024-04-08,E1,web,alta,1444.8,cerrado,0
SOP091-000611,2024-04-09,E2,web,baja,470.1,cerrado,0
SOP091-000612,2024-04-09,E3,web,alta,1001.2,cerrado,0
SOP091-000613,2024-04-09,E1,correo,normal,497.9,cerrado,0
SOP091-000614,2024-04-09,E2,telefono,normal,269.5,cerrado,0
SOP091-000615,2024-04-09,E3,telefono,normal,1397.6,cerrado,0
SOP091-000616,2024-04-09,E1,correo,normal,1272.3,cerrado,0
SOP091-000617,2024-04-10,E2,web,baja,711.8,cerrado,0
SOP091-000618,2024-04-10,E3,web,normal,799.8,cerrado,0
SOP091-000619,2024-04-10,E1,correo,normal,430.2,cerrado,0
SOP091-000620,2024-04-10,E2,web,baja,458.5,cerrado,0
SOP091-000621,2024-04-10,E3,telefono,normal,386.4,cerrado,0
SOP091-000622,2024-04-10,E1,web,normal,136.2,cerrado,0
SOP091-000623,2024-04-11,E2,web,normal,,abierto,0
SOP091-000624,2024-04-11,E3,web,normal,1165.3,cerrado,0
SOP091-000625,2024-04-11,E1,correo,normal,,abierto,0
SOP091-000626,2024-04-11,E2,correo,normal,,abierto,0
SOP091-000627,2024-04-11,E3,correo,baja,4949.3,cerrado,1
SOP091-000628,2024-04-11,E1,web,normal,1027.9,cerrado,0
SOP091-000629,2024-04-12,E2,web,alta,,abierto,0
SOP091-000630,2024-04-12,E3,web,normal,303.5,cerrado,0
SOP091-000631,2024-04-12,E1,correo,normal,649.6,cerrado,0
SOP091-000632,2024-04-12,E2,correo,baja,420.3,cerrado,0
SOP091-000633,2024-04-12,E3,telefono,baja,376.8,cerrado,0
SOP091-000634,2024-04-12,E1,web,baja,"4651,0",cerrado,1
SOP091-000635,2024-04-12,E2,web,normal,1492.3,cerrado,0
SOP091-000636,2024-04-13,E3,web,baja,988.4,cerrado,0
SOP091-000637,2024-04-13,E1,telefono,normal,255.4,cerrado,0
SOP091-000638,2024-04-13,E2,web,baja,5195.5,cerrado,1
SOP091-000639,2024-04-13,E3,web,normal,1829.9,cerrado,0
SOP091-000640,2024-04-13,E1,telefono,normal,284.9,cerrado,0
SOP091-000641,2024-04-13,E2,correo,baja,697.7,cerrado,0
SOP091-000642,2024-04-14,E3,correo,alta,3248.6,cerrado,0
SOP091-000643,2024-04-14,E1,telefono,alta,473.3,cerrado,0
SOP091-000644,2024-04-14,E2,telefono,baja,1629.8,cerrado,0
SOP091-000645,2024-04-14,E3,telefono,normal,325.3,cerrado,0
SOP091-000646,2024-04-14,E1,correo,normal,968.7,cerrado,0
SOP091-000647,2024-04-14,E2,web,baja,2250.2,cerrado,0
SOP091-000648,2024-04-15,E3,correo,baja,623.3,cerrado,0
SOP091-000649,2024-04-15,E1,correo,normal,650.2,cerrado,0
SOP091-000650,2024-04-15,E2,telefono,normal,414.3,cerrado,0
SOP091-000651,2024-04-15,E3,correo,normal,,abierto,0
SOP091-000652,2024-04-15,E1,correo,alta,318.2,cerrado,0
SOP091-000653,2024-04-15,E2,correo,normal,1572.0,cerrado,0
SOP091-000654,2024-04-16,E3,correo,normal,293.6,cerrado,0
SOP091-000655,2024-04-16,E1,telefono,normal,,abierto,0
SOP091-000656,2024-04-16,E2,correo,normal,743.8,cerrado,0
SOP091-000657,2024-04-16,E3,correo,normal,391.0,cerrado,0
SOP091-000658,2024-04-16,E1,web,normal,,abierto,0
SOP091-000659,2024-04-16,E2,web,alta,4444.5,cerrado,1
SOP091-000660,2024-04-17,E3,web,normal,,abierto,0
SOP091-000661,2024-04-17,E1,correo,alta,219.4,cerrado,0
SOP091-000662,2024-04-17,E2,telefono,normal,,abierto,0
SOP091-000663,2024-04-17,E3,telefono,baja,1109.9,cerrado,0
SOP091-000664,2024-04-17,E1,web,normal,457.4,cerrado,0
SOP091-000665,2024-04-17,E2,web,normal,,cerrado,0
SOP091-000666,2024-04-18,E3,web,normal,518.6,cerrado,0
SOP091-000667,2024-04-18,E1,telefono,normal,651.9,cerrado,0
SOP091-000668,2024-04-18,E2,correo,alta,145.4,cerrado,0
SOP091-000669,2024-04-18,E3,telefono,normal,1383.2,cerrado,0
SOP091-000670,2024-04-18,E1,web,alta,4522.7,cerrado,1
SOP091-000671,2024-04-18,E2,web,normal,870.7,cerrado,0
SOP091-000672,2024-04-19,E3,web,normal,5268.4,cerrado,1
SOP091-000673,2024-04-19,E1,telefono,normal,233.4,cerrado,0
SOP091-000674,2024-04-19,E2,telefono,baja,299.6,cerrado,0
SOP091-000675,2024-04-19,E3,correo,normal,,abierto,0
SOP091-000676,2024-04-19,E1,telefono,alta,626.3,cerrado,0
SOP091-000677,2024-04-19,E2,telefono,alta,739.6,cerrado,0
SOP091-000678,2024-04-19,E3,correo,alta,4736.0,cerrado,1
SOP091-000679,2024-04-20,E1,correo,alta,148.0,cerrado,0
SOP091-000680,2024-04-20,E2, WEB ,normal,1108.5,cerrado,0
SOP091-000681,2024-04-20,E3,telefono,baja,1185.0,cerrado,0
SOP091-000682,2024-04-20,E1,correo,normal,108.6,cerrado,0
SOP091-000683,2024-04-20,E2,telefono,normal,,abierto,0
SOP091-000684,2024-04-20,E3,web,normal,492.9,cerrado,0
SOP091-000685,2024-04-21,E1,correo,normal,203.1,cerrado,0
SOP091-000686,2024-04-21,E2,correo,normal,1405.8,cerrado,0
SOP091-000687,2024-04-21,E3,telefono,normal,,abierto,0
SOP091-000688,2024-04-21,E1,web,normal,142.0,cerrado,0
SOP091-000689,2024-04-21,E2,telefono,alta,5685.4,cerrado,1
SOP091-000690,2024-04-21,E3,telefono,alta,,abierto,0
SOP091-000691,2024-04-22,E1,correo,normal,37.2,cerrado,0
SOP091-000692,2024-04-22,E2,web,alta,294.4,cerrado,0
SOP091-000693,2024-04-22,E3,web,normal,173.8,cerrado,0
SOP091-000694,2024-04-22,E1,correo,normal,328.9,cerrado,0
SOP091-000695,2024-04-22,E2,correo,normal,720.8,cerrado,0
SOP091-000696,2024-04-22,E3,telefono,normal,1725.5,cerrado,0
SOP091-000697,2024-04-23,E1,correo,baja,243.7,cerrado,0
SOP091-000698,2024-04-23,E2,correo,normal,,abierto,0
SOP091-000699,2024-04-23,E3,correo,normal,295.7,cerrado,0
SOP091-000700,2024-04-23,E1,correo,alta,,abierto,0
SOP091-000701,2024-04-23,E2,telefono,normal,,abierto,0
SOP091-000702,2024-04-23,E3,web,baja,,abierto,0
SOP091-000703,2024-04-24,E1,telefono,baja,95.9,cerrado,0
SOP091-000704,2024-04-24,E2,web,baja,1486.1,cerrado,0
SOP091-000705,2024-04-24,E3,telefono,alta,565.6,cerrado,0
SOP091-000706,2024-04-24,E1,telefono,alta,914.5,cerrado,0
SOP091-000707,2024-04-24,E2,telefono,normal,1749.6,cerrado,0
SOP091-000708,2024-04-24,E3,telefono,alta,368.9,cerrado,0
SOP091-000709,2024-04-25,E1,web,alta,203.6,cerrado,0
SOP091-000710,2024-04-25,E2,correo,normal,352.0,cerrado,0
SOP091-000711,2024-04-25,E3,correo,normal,899.0,cerrado,0
SOP091-000712,2024-04-25,E1,web,normal,1101.3,cerrado,0
SOP091-000713,2024-04-25,E2,web,alta,240.6,cerrado,0
SOP091-000714,2024-04-25,E3,correo,alta,1579.7,cerrado,0
SOP091-000715,2024-04-25,E1,web,normal,1364.9,cerrado,0
SOP091-000716,2024-04-26,E2,web,baja,,abierto,0
SOP091-000717,2024-04-26,E3,web,normal,4295.1,cerrado,0
SOP091-000718,2024-04-26,E1,correo,baja,1465.9,cerrado,0
SOP091-000719,2024-04-26,E2,web,alta,164.3,cerrado,0
SOP091-000720,2024-04-26,E3,correo,normal,,abierto,0
SOP091-000721,2024-04-26,E1,correo,alta,255.2,cerrado,0
SOP091-000722,2024-04-27,E2,web,alta,121.2,cerrado,0
SOP091-000723,2024-04-27,E3,correo,normal,1290.1,cerrado,0
SOP091-000724,2024-04-27,E1,correo,baja,105.1,cerrado,0
SOP091-000725,2024-04-27,E2,telefono,alta,,abierto,0
SOP091-000726,2024-04-27,E3,web,baja,444.5,cerrado,0
SOP091-000727,2024-04-27,E1,telefono,normal,372.2,cerrado,0
SOP091-000728,2024-04-28,E2,correo,baja,1447.2,cerrado,0
SOP091-000729,2024-04-28,E3,correo,normal,5613.0,cerrado,1
SOP091-000730,2024-04-28,E1,telefono,normal,4479.0,cerrado,1
SOP091-000731,2024-04-28,E2,telefono,alta,4975.4,cerrado,1
SOP091-000732,2024-04-28,E3,web,normal,953.1,cerrado,0
SOP091-000733,2024-04-28,E1,correo,normal,97.7,cerrado,0
SOP091-000734,2024-04-29,E2,telefono,normal,767.5,cerrado,0
SOP091-000735,2024-04-29,E3,telefono,normal,1008.4,cerrado,0
SOP091-000736,2024-04-29,E1,web,normal,1321.3,cerrado,0
SOP091-000737,2024-04-29,E2,web,alta,1748.9,cerrado,0
SOP091-000738,2024-04-29,E3,correo,normal,700.9,cerrado,0
SOP091-000739,2024-04-29,E1,web,alta,39.2,cerrado,0
SOP091-000740,2024-04-30,E2,telefono,alta,529.8,cerrado,0
SOP091-000741,2024-04-30,E3,correo,normal,5839.1,cerrado,1
SOP091-000742,2024-04-30,E1,telefono,alta,73.1,cerrado,0
SOP091-000743,2024-04-30,E2,correo,alta,300.3,cerrado,0
SOP091-000744,2024-04-30,E3,web,normal,373.6,cerrado,0
SOP091-000745,2024-04-30,E1,correo,normal,595.9,cerrado,0
SOP091-000746,2024-05-01,E2,correo,normal,284.5,cerrado,0
SOP091-000747,2024-05-01,E3,correo,normal,1065.4,cerrado,0
SOP091-000748,2024-05-01,E1,correo,normal,,cerrado,0
SOP091-000749,2024-05-01,E2,correo,alta,2867.3,cerrado,0
SOP091-000750,2024-05-01,E3,correo,baja,149.0,cerrado,0
SOP091-000751,2024-05-01,E1,web,normal,212.7,cerrado,0
SOP091-000752,2024-05-01,E2,web,baja,865.1,cerrado,0
SOP091-000753,2024-05-02,E3,correo,alta,102.8,cerrado,0
SOP091-000754,2024-05-02,E1,telefono,alta,271.5,cerrado,0
SOP091-000755,2024-05-02,E2,web,alta,1218.9,cerrado,0
SOP091-000756,2024-05-02,E3,correo,alta,791.4,cerrado,0
SOP091-000757,2024-05-02,E1,telefono,alta,591.7,cerrado,0
SOP091-000758,2024-05-02,E2,correo,normal,569.3,cerrado,0
SOP091-000759,2024-05-03,E3,correo,alta,374.7,cerrado,0
SOP091-000760,2024-05-03,E1,telefono,alta,1185.2,cerrado,0
SOP091-000761,2024-05-03,E2,web,alta,98.7,cerrado,0
SOP091-000762,2024-05-03,E3,telefono,baja,567.7,cerrado,0
SOP091-000763,2024-05-03,E1,web,normal,198.2,cerrado,0
SOP091-000764,2024-05-03,E2,telefono,normal,131.0,cerrado,0
SOP091-000765,2024-05-04,E3,correo,baja,416.5,cerrado,0
SOP091-000766,2024-05-04,E1,telefono,alta,223.3,cerrado,0
SOP091-000767,2024-05-04,E2,telefono,baja,407.2,cerrado,0
SOP091-000768,2024-05-04,E3,web,normal,209.3,cerrado,0
SOP091-000769,2024-05-04,E1,correo,alta,724.5,cerrado,0
SOP091-000770,2024-05-04,E2,correo,alta,112.2,cerrado,0
SOP091-000771,2024-05-05,E3,web,baja,569.4,cerrado,0
SOP091-000772,2024-05-05,E1,telefono,normal,976.1,cerrado,0
SOP091-000773,2024-05-05,E2,correo,normal,696.9,cerrado,0
SOP091-000774,2024-05-05,E3,correo,alta,579.7,cerrado,0
SOP091-000775,2024-05-05,E1,telefono,normal,1010.2,cerrado,0
SOP091-000776,2024-05-05,E2,web,baja,,abierto,0
SOP091-000777,2024-05-06,E3, WEB ,normal,565.3,cerrado,0
SOP091-000778,2024-05-06,E1,telefono,normal,284.9,cerrado,0
SOP091-000779,2024-05-06,E2,correo,normal,943.2,cerrado,0
SOP091-000780,2024-05-06,E3,web,alta,657.8,cerrado,0
SOP091-000781,2024-05-06,E1,telefono,alta,770.8,cerrado,0
SOP091-000782,2024-05-06,E2,correo,normal,274.9,cerrado,0
SOP091-000783,2024-05-07,E3,telefono,alta,1380.6,cerrado,0
SOP091-000784,2024-05-07,E1,correo,baja,284.2,cerrado,0
SOP091-000785,2024-05-07,E2,telefono,normal,146.1,cerrado,0
SOP091-000786,2024-05-07,E3,web,alta,1018.6,cerrado,0
SOP091-000787,2024-05-07,E1,correo,normal,980.6,cerrado,0
SOP091-000788,2024-05-07,E2,correo,baja,255.7,cerrado,0
SOP091-000789,2024-05-08,E3,telefono,alta,,abierto,0
SOP091-000790,2024-05-08,E1,telefono,baja,4488.6,cerrado,1
SOP091-000791,2024-05-08,E2,web,alta,,abierto,0
SOP091-000792,2024-05-08,E3,web,baja,,abierto,0
SOP091-000793,2024-05-08,E1,telefono,normal,5716.4,cerrado,1
SOP091-000794,2024-05-08,E2,web,baja,246.9,cerrado,0
SOP091-000795,2024-05-08,E3,correo,normal,,abierto,0
SOP091-000796,2024-05-09,E1,correo,baja,136.7,cerrado,0
SOP091-000797,2024-05-09,E2,telefono,alta,4744.6,cerrado,1
SOP091-000798,2024-05-09,E3,web,alta,2811.7,cerrado,0
SOP091-000799,2024-05-09,E1,web,normal,,abierto,0
SOP091-000800,2024-05-09,E2,correo,baja,419.6,cerrado,0
SOP091-000801,2024-05-09,E3,telefono,alta,981.4,cerrado,0
SOP091-000802,2024-05-10,E1,correo,normal,480.4,cerrado,0
SOP091-000803,2024-05-10,E2,correo,normal,482.5,cerrado,0
SOP091-000804,2024-05-10,E3,correo,normal,1528.2,cerrado,0
SOP091-000805,2024-05-10,E1,telefono,normal,,abierto,0
SOP091-000806,2024-05-10,E2,telefono,normal,92.1,cerrado,0
SOP091-000807,2024-05-10,E3,web,baja,1661.3,cerrado,0
SOP091-000808,2024-05-11,E1,web,normal,,abierto,0
SOP091-000809,2024-05-11,E2,web,normal,424.7,cerrado,0
SOP091-000810,2024-05-11,E3,web,baja,1181.1,cerrado,0
SOP091-000811,2024-05-11,E1,correo,baja,331.0,cerrado,0
SOP091-000812,2024-05-11,E2,correo,baja,5109.8,cerrado,1
SOP091-000813,2024-05-11,E3,telefono,normal,583.2,cerrado,0
SOP091-000814,2024-05-12,E1,web,alta,358.7,cerrado,0
SOP091-000815,2024-05-12,E2,web,normal,,abierto,0
SOP091-000816,2024-05-12,E3,web,baja,2174.9,cerrado,0
SOP091-000817,2024-05-12,E1,web,normal,4771.0,cerrado,1
SOP091-000818,2024-05-12,E2,correo,baja,2617.7,cerrado,0
SOP091-000819,2024-05-12,E3,correo,normal,263.9,cerrado,0
SOP091-000820,2024-05-13,E1,telefono,baja,1252.9,cerrado,0
SOP091-000821,2024-05-13,E2,telefono,baja,325.1,cerrado,0
SOP091-000822,2024-05-13,E3,correo,alta,4544.4,cerrado,1
SOP091-000823,2024-05-13,E1,web,baja,1739.2,cerrado,0
SOP091-000824,2024-05-13,E2,correo,baja,129.6,cerrado,0
SOP091-000825,2024-05-13,E3,telefono,normal,570.6,cerrado,0
SOP091-000826,2024-05-14,E1,correo,baja,,abierto,0
SOP091-000827,2024-05-14,E2,telefono,normal,1534.8,cerrado,0
SOP091-000828,2024-05-14,E3,web,alta,974.3,cerrado,0
SOP091-000829,2024-05-14,E1,telefono,normal,217.6,cerrado,0
SOP091-000830,2024-05-14,E2,telefono,alta,4997.3,cerrado,1
SOP091-000831,2024-05-14,E3,correo,normal,,cerrado,0
SOP091-000832,2024-05-14,E1,telefono,baja,,abierto,0
SOP091-000833,2024-05-15,E2,telefono,normal,454.0,cerrado,0
SOP091-000834,2024-05-15,E3,telefono,normal,1110.3,cerrado,0
SOP091-000835,2024-05-15,E1,telefono,normal,870.9,cerrado,0
SOP091-000836,2024-05-15,E2,web,normal,229.3,cerrado,0
SOP091-000837,2024-05-15,E3,telefono,normal,878.7,cerrado,0
SOP091-000838,2024-05-15,E1,web,normal,1447.1,cerrado,0
SOP091-000839,2024-05-16,E2,telefono,normal,703.9,cerrado,0
SOP091-000840,2024-05-16,E3,telefono,alta,6308.7,cerrado,1
SOP091-000841,2024-05-16,E1,web,normal,4905.3,cerrado,1
SOP091-000842,2024-05-16,E2,web,normal,132.9,cerrado,0
SOP091-000843,2024-05-16,E3,telefono,normal,266.1,cerrado,0
SOP091-000844,2024-05-16,E1,web,normal,224.5,cerrado,0
SOP091-000845,2024-05-17,E2,telefono,normal,,abierto,0
SOP091-000846,2024-05-17,E3,telefono,normal,2326.6,cerrado,0
SOP091-000847,2024-05-17,E1,telefono,normal,786.1,cerrado,0
SOP091-000848,2024-05-17,E2,web,normal,514.6,cerrado,0
SOP091-000849,2024-05-17,E3,telefono,baja,,abierto,0
SOP091-000850,2024-05-17,E1,correo,normal,380.4,cerrado,0
SOP091-000851,2024-05-18,E2,web,alta,268.0,cerrado,0
SOP091-000852,2024-05-18,E3,web,baja,1059.9,cerrado,0
SOP091-000853,2024-05-18,E1,correo,normal,1175.1,cerrado,0
SOP091-000854,2024-05-18,E2,correo,alta,374.2,cerrado,0
SOP091-000855,2024-05-18,E3,telefono,normal,418.4,cerrado,0
SOP091-000856,2024-05-18,E1,telefono,alta,,abierto,0
SOP091-000857,2024-05-19,E2,web,baja,4516.0,cerrado,1
SOP091-000858,2024-05-19,E3,web,normal,,abierto,0
SOP091-000859,2024-05-19,E1,telefono,normal,4456.0,cerrado,1
SOP091-000860,2024-05-19,E2,web,normal,1102.5,cerrado,0
SOP091-000861,2024-05-19,E3,web,baja,301.6,cerrado,0
SOP091-000862,2024-05-19,E1,telefono,normal,434.7,cerrado,0
SOP091-000863,2024-05-20,E2,web,baja,780.9,cerrado,0
SOP091-000864,2024-05-20,E3,correo,alta,,abierto,0
SOP091-000865,2024-05-20,E1,web,alta,627.6,cerrado,0
SOP091-000866,2024-05-20,E2,correo,baja,4734.0,cerrado,1
SOP091-000867,2024-05-20,E3,correo,normal,590.1,cerrado,0
SOP091-000868,2024-05-20,E1,telefono,normal,372.6,cerrado,0
SOP091-000869,2024-05-21,E2,correo,normal,4750.5,cerrado,1
SOP091-000870,2024-05-21,E3,web,normal,,abierto,0
SOP091-000871,2024-05-21,E1,telefono,baja,625.5,cerrado,0
SOP091-000872,2024-05-21,E2,telefono,baja,244.1,cerrado,0
SOP091-000873,2024-05-21,E3,correo,normal,466.0,cerrado,0
SOP091-000874,2024-05-21,E1, CORREO ,alta,4515.4,cerrado,1
SOP091-000875,2024-05-21,E2,web,alta,139.1,cerrado,0
SOP091-000876,2024-05-22,E3,telefono,baja,327.5,cerrado,0
SOP091-000877,2024-05-22,E1,telefono,baja,848.1,cerrado,0
SOP091-000878,2024-05-22,E2,telefono,baja,466.2,cerrado,0
SOP091-000879,2024-05-22,E3,web,alta,375.4,cerrado,0
SOP091-000880,2024-05-22,E1,correo,normal,,abierto,0
SOP091-000881,2024-05-22,E2,telefono,baja,214.9,cerrado,0
SOP091-000882,2024-05-23,E3,web,alta,1501.2,cerrado,0
SOP091-000883,2024-05-23,E1,telefono,normal,4446.1,cerrado,1
SOP091-000884,2024-05-23,E2,telefono,normal,388.3,cerrado,0
SOP091-000885,2024-05-23,E3,web,normal,755.5,cerrado,0
SOP091-000886,2024-05-23,E1,web,normal,589.5,cerrado,0
SOP091-000887,2024-05-23,E2,correo,baja,842.4,cerrado,0
SOP091-000888,2024-05-24,E3,telefono,normal,,abierto,0
SOP091-000889,2024-05-24,E1,correo,normal,1167.2,cerrado,0
SOP091-000890,2024-05-24,E2,correo,baja,4560.6,cerrado,1
SOP091-000891,2024-05-24,E3,web,alta,384.9,cerrado,0
SOP091-000892,2024-05-24,E1,web,normal,485.9,cerrado,0
SOP091-000893,2024-05-24,E2,correo,alta,,abierto,0
SOP091-000894,2024-05-25,E3,web,alta,518.5,cerrado,0
SOP091-000895,2024-05-25,E1,web,baja,,abierto,0
SOP091-000896,2024-05-25,E2,correo,normal,598.9,cerrado,0
SOP091-000897,2024-05-25,E3,correo,normal,350.5,cerrado,0
SOP091-000898,2024-05-25,E1,web,normal,311.9,cerrado,0
SOP091-000899,2024-05-25,E2,correo,normal,4820.8,cerrado,1
SOP091-000900,2024-05-26,E3,web,alta,,abierto,0
SOP091-000901,2024-05-26,E1,correo,alta,450.6,cerrado,0
SOP091-000902,2024-05-26,E2,web,normal,313.2,cerrado,0
SOP091-000903,2024-05-26,E3,web,alta,726.6,cerrado,0
SOP091-000904,2024-05-26,E1,telefono,normal,726.0,cerrado,0
SOP091-000905,2024-05-26,E2,web,baja,815.7,cerrado,0
SOP091-000906,2024-05-27,E3,web,alta,768.2,cerrado,0
SOP091-000907,2024-05-27,E1,web,alta,465.8,cerrado,0
SOP091-000908,2024-05-27,E2,correo,normal,277.4,cerrado,0
SOP091-000909,2024-05-27,E3,telefono,alta,679.0,cerrado,0
SOP091-000910,2024-05-27,E1,correo,normal,170.9,cerrado,0
SOP091-000911,2024-05-27,E2,telefono,normal,361.6,cerrado,0
SOP091-000912,2024-05-27,E3,telefono,normal,412.6,cerrado,0
SOP091-000913,2024-05-28,E1,telefono,normal,514.2,cerrado,0
SOP091-000914,2024-05-28,E2,correo,normal,,cerrado,0
SOP091-000915,2024-05-28,E3,correo,alta,,abierto,0
SOP091-000916,2024-05-28,E1,telefono,alta,169.7,cerrado,0
SOP091-000917,2024-05-28,E2,correo,baja,201.0,cerrado,0
SOP091-000918,2024-05-28,E3,web,normal,1105.7,cerrado,0
SOP091-000919,2024-05-29,E1,telefono,normal,541.9,cerrado,0
SOP091-000920,2024-05-29,E2,web,normal,533.9,cerrado,0
SOP091-000921,2024-05-29,E3,web,alta,8293.0,cerrado,1
SOP091-000922,2024-05-29,E1,telefono,normal,1912.0,cerrado,0
SOP091-000923,2024-05-29,E2,correo,normal,830.5,cerrado,0
SOP091-000924,2024-05-29,E3,correo,alta,,abierto,0
SOP091-000925,2024-05-30,E1,web,alta,285.7,cerrado,0
SOP091-000926,2024-05-30,E2,telefono,baja,1394.1,cerrado,0
SOP091-000927,2024-05-30,E3,telefono,normal,,abierto,0
SOP091-000928,2024-05-30,E1,correo,baja,345.6,cerrado,0
SOP091-000929,2024-05-30,E2,telefono,normal,1199.4,cerrado,0
SOP091-000930,2024-05-30,E3,telefono,baja,1355.1,cerrado,0
SOP091-000931,2024-05-31,E1,web,alta,387.3,cerrado,0
SOP091-000932,2024-05-31,E2,correo,alta,1066.0,cerrado,0
SOP091-000933,2024-05-31,E3,correo,baja,636.1,cerrado,0
SOP091-000934,2024-05-31,E1,correo,baja,292.2,cerrado,0
SOP091-000935,2024-05-31,E2,web,alta,737.5,cerrado,0
SOP091-000936,2024-05-31,E3,correo,normal,469.7,cerrado,0
SOP091-000937,2024-06-01,E1,correo,normal,441.2,cerrado,0
SOP091-000938,2024-06-01,E2,correo,baja,1115.4,cerrado,0
SOP091-000939,2024-06-01,E3,web,baja,821.7,cerrado,0
SOP091-000940,2024-06-01,E1,correo,baja,4453.9,cerrado,1
SOP091-000941,2024-06-01,E2,correo,normal,,abierto,0
SOP091-000942,2024-06-01,E3,web,normal,1268.0,cerrado,0
SOP091-000943,2024-06-02,E1,correo,normal,119.2,cerrado,0
SOP091-000944,2024-06-02,E2,telefono,normal,645.4,cerrado,0
SOP091-000945,2024-06-02,E3,telefono,alta,4384.9,cerrado,1
SOP091-000946,2024-06-02,E1,web,normal,1245.2,cerrado,0
SOP091-000947,2024-06-02,E2,web,baja,170.5,cerrado,0
SOP091-000948,2024-06-02,E3,web,baja,2612.0,cerrado,0
SOP091-000949,2024-06-02,E1,web,normal,2712.1,cerrado,0
SOP091-000950,2024-06-03,E2,correo,baja,283.6,cerrado,0
SOP091-000951,2024-06-03,E3,telefono,normal,850.3,cerrado,0
SOP091-000952,2024-06-03,E1,telefono,baja,4472.5,cerrado,1
SOP091-000953,2024-06-03,E2,correo,normal,1542.6,cerrado,0
SOP091-000954,2024-06-03,E3,telefono,alta,475.7,cerrado,0
SOP091-000955,2024-06-03,E1,web,normal,945.4,cerrado,0
SOP091-000956,2024-06-04,E2,web,alta,899.8,cerrado,0
SOP091-000957,2024-06-04,E3,correo,normal,,abierto,0
SOP091-000958,2024-06-04,E1,telefono,baja,241.2,cerrado,0
SOP091-000959,2024-06-04,E2,telefono,baja,,abierto,0
SOP091-000960,2024-06-04,E3,correo,baja,4908.3,cerrado,1
SOP091-000961,2024-06-04,E1,web,normal,410.2,cerrado,0
SOP091-000962,2024-06-05,E2,telefono,normal,5972.3,cerrado,1
SOP091-000963,2024-06-05,E3,web,baja,,abierto,0
SOP091-000964,2024-06-05,E1,web,normal,135.6,cerrado,0
SOP091-000965,2024-06-05,E2,correo,alta,577.0,cerrado,0
SOP091-000966,2024-06-05,E3,telefono,normal,,abierto,0
SOP091-000967,2024-06-05,E1,correo,alta,219.1,cerrado,0
SOP091-000968,2024-06-06,E2,correo,alta,,abierto,0
SOP091-000969,2024-06-06,E3,correo,normal,281.8,cerrado,0
SOP091-000970,2024-06-06,E1,telefono,alta,345.1,cerrado,0
SOP091-000971,2024-06-06,E2, TELEFONO ,normal,782.9,cerrado,0
SOP091-000972,2024-06-06,E3,telefono,normal,1519.9,cerrado,0
SOP091-000973,2024-06-06,E1,web,normal,669.4,cerrado,0
SOP091-000974,2024-06-07,E2,web,normal,548.5,cerrado,0
SOP091-000975,2024-06-07,E3,correo,alta,837.1,cerrado,0
SOP091-000976,2024-06-07,E1,telefono,alta,384.5,cerrado,0
SOP091-000977,2024-06-07,E2,correo,alta,166.3,cerrado,0
SOP091-000978,2024-06-07,E3,web,normal,757.5,cerrado,0
SOP091-000979,2024-06-07,E1,telefono,alta,328.4,cerrado,0
SOP091-000980,2024-06-08,E2,telefono,normal,412.0,cerrado,0
SOP091-000981,2024-06-08,E3,web,baja,273.0,cerrado,0
SOP091-000982,2024-06-08,E1,correo,baja,4514.6,cerrado,1
SOP091-000983,2024-06-08,E2,telefono,normal,1276.4,cerrado,0
SOP091-000984,2024-06-08,E3,telefono,normal,6115.7,cerrado,1
SOP091-000985,2024-06-08,E1,correo,baja,278.4,cerrado,0
SOP091-000986,2024-06-09,E2,telefono,baja,904.5,cerrado,0
SOP091-000987,2024-06-09,E3,correo,baja,4138.0,cerrado,0
SOP091-000988,2024-06-09,E1,telefono,alta,241.4,cerrado,0
SOP091-000989,2024-06-09,E2,web,baja,678.6,cerrado,0
SOP091-000990,2024-06-09,E3,web,baja,6341.1,cerrado,1
SOP091-000991,2024-06-09,E1,web,normal,151.1,cerrado,0
SOP091-000992,2024-06-09,E2,correo,baja,6258.1,cerrado,1
SOP091-000993,2024-06-10,E3,correo,baja,2756.3,cerrado,0
SOP091-000994,2024-06-10,E1,telefono,baja,405.8,cerrado,0
SOP091-000995,2024-06-10,E2,web,alta,416.7,cerrado,0
SOP091-000996,2024-06-10,E3,telefono,alta,534.8,cerrado,0
SOP091-000997,2024-06-10,E1,correo,alta,,cerrado,0
SOP091-000998,2024-06-10,E2,web,normal,218.5,cerrado,0
SOP091-000999,2024-06-11,E3,web,normal,2084.9,cerrado,0
SOP091-001000,2024-06-11,E1,correo,normal,454.7,cerrado,0
SOP091-001001,2024-06-11,E2,web,normal,749.4,cerrado,0
SOP091-001002,2024-06-11,E3,telefono,baja,1275.3,cerrado,0
SOP091-001003,2024-06-11,E1,telefono,alta,293.9,cerrado,0
SOP091-001004,2024-06-11,E2,correo,alta,1346.5,cerrado,0
SOP091-001005,2024-06-12,E3,web,normal,2070.4,cerrado,0
SOP091-001006,2024-06-12,E1,correo,alta,259.3,cerrado,0
SOP091-001007,2024-06-12,E2,telefono,normal,1646.8,cerrado,0
SOP091-001008,2024-06-12,E3,correo,alta,310.0,cerrado,0
SOP091-001009,2024-06-12,E1,telefono,baja,333.4,cerrado,0
SOP091-001010,2024-06-12,E2,telefono,alta,636.1,cerrado,0
SOP091-001011,2024-06-13,E3,web,normal,,abierto,0
SOP091-001012,2024-06-13,E1,correo,baja,285.4,cerrado,0
SOP091-001013,2024-06-13,E2,telefono,normal,170.1,cerrado,0
SOP091-001014,2024-06-13,E3,correo,normal,5069.7,cerrado,1
SOP091-001015,2024-06-13,E1,web,baja,167.0,cerrado,0
SOP091-001016,2024-06-13,E2,telefono,alta,497.8,cerrado,0
SOP091-001017,2024-06-14,E3,correo,normal,429.8,cerrado,0
SOP091-001018,2024-06-14,E1,telefono,normal,,abierto,0
SOP091-001019,2024-06-14,E2,telefono,baja,,abierto,0
SOP091-001020,2024-06-14,E3,web,baja,2383.0,cerrado,0
SOP091-001021,2024-06-14,E1,web,alta,983.3,cerrado,0
SOP091-001022,2024-06-14,E2,correo,baja,602.2,cerrado,0
SOP091-001023,2024-06-15,E3,web,alta,420.6,cerrado,0
SOP091-001024,2024-06-15,E1,telefono,baja,3261.3,cerrado,0
SOP091-001025,2024-06-15,E2,telefono,alta,699.2,cerrado,0
SOP091-001026,2024-06-15,E3,web,normal,,abierto,0
SOP091-001027,2024-06-15,E1,correo,baja,113.2,cerrado,0
SOP091-001028,2024-06-15,E2,correo,normal,607.6,cerrado,0
SOP091-001029,2024-06-15,E3,correo,normal,,abierto,0
SOP091-001030,2024-06-16,E1,telefono,normal,768.0,cerrado,0
SOP091-001031,2024-06-16,E2,web,alta,259.7,cerrado,0
SOP091-001032,2024-06-16,E3,web,baja,,abierto,0
SOP091-001033,2024-06-16,E1,correo,alta,329.7,cerrado,0
SOP091-001034,2024-06-16,E2,web,alta,183.5,cerrado,0
SOP091-001035,2024-06-16,E3,telefono,baja,219.3,cerrado,0
SOP091-001036,2024-06-17,E1,web,alta,148.8,cerrado,0
SOP091-001037,2024-06-17,E2,correo,normal,187.1,cerrado,0
SOP091-001038,2024-06-17,E3,correo,alta,941.6,cerrado,0
SOP091-001039,2024-06-17,E1,correo,normal,344.7,cerrado,0
SOP091-001040,2024-06-17,E2,web,baja,171.2,cerrado,0
SOP091-001041,2024-06-17,E3,web,alta,107.1,cerrado,0
SOP091-001042,2024-06-18,E1,telefono,alta,537.3,cerrado,0
SOP091-001043,2024-06-18,E2,correo,alta,,abierto,0
SOP091-001044,2024-06-18,E3,correo,baja,,abierto,0
SOP091-001045,2024-06-18,E1,correo,baja,1271.7,cerrado,0
SOP091-001046,2024-06-18,E2,correo,normal,1252.8,cerrado,0
SOP091-001047,2024-06-18,E3,telefono,alta,2065.9,cerrado,0
SOP091-001048,2024-06-19,E1,telefono,alta,835.8,cerrado,0
SOP091-001049,2024-06-19,E2,web,baja,425.6,cerrado,0
SOP091-001050,2024-06-19,E3,correo,baja,,abierto,0
SOP091-001051,2024-06-19,E1,telefono,normal,253.2,cerrado,0
SOP091-001052,2024-06-19,E2,telefono,normal,116.3,cerrado,0
SOP091-001053,2024-06-19,E3,telefono,normal,,abierto,0
SOP091-001054,2024-06-20,E1,telefono,alta,176.9,cerrado,0
SOP091-001055,2024-06-20,E2,telefono,alta,,abierto,0
SOP091-001056,2024-06-20,E3,correo,normal,"891,5",cerrado,0
SOP091-001057,2024-06-20,E1,web,normal,1923.8,cerrado,0
SOP091-001058,2024-06-20,E2,correo,normal,,abierto,0
SOP091-001059,2024-06-20,E3,correo,normal,,abierto,0
SOP091-001060,2024-06-21,E1,web,normal,49.4,cerrado,0
SOP091-001061,2024-06-21,E2,telefono,normal,450.2,cerrado,0
SOP091-001062,2024-06-21,E3,correo,normal,,abierto,0
SOP091-001063,2024-06-21,E1,correo,normal,971.2,cerrado,0
SOP091-001064,2024-06-21,E2,telefono,baja,373.1,cerrado,0
SOP091-001065,2024-06-21,E3,telefono,normal,1574.9,cerrado,0
SOP091-001066,2024-06-22,E1,telefono,normal,684.8,cerrado,0
SOP091-001067,2024-06-22,E2,telefono,normal,4688.4,cerrado,1
SOP091-001068,2024-06-22,E3, CORREO ,alta,1429.8,cerrado,0
SOP091-001069,2024-06-22,E1,correo,baja,761.6,cerrado,0
SOP091-001070,2024-06-22,E2,correo,baja,682.6,cerrado,0
SOP091-001071,2024-06-22,E3,telefono,normal,5478.4,cerrado,1
SOP091-001072,2024-06-22,E1,web,baja,121.1,cerrado,0
SOP091-001073,2024-06-23,E2,telefono,baja,295.2,cerrado,0
SOP091-001074,2024-06-23,E3,correo,alta,273.8,cerrado,0
SOP091-001075,2024-06-23,E1,web,baja,,abierto,0
SOP091-001076,2024-06-23,E2,telefono,normal,449.3,cerrado,0
SOP091-001077,2024-06-23,E3,web,alta,4741.7,cerrado,1
SOP091-001078,2024-06-23,E1,correo,baja,,abierto,0
SOP091-001079,2024-06-24,E2,web,alta,,abierto,0
SOP091-001080,2024-06-24,E3,telefono,alta,,cerrado,0
SOP091-001081,2024-06-24,E1,web,baja,,abierto,0
SOP091-001082,2024-06-24,E2,correo,alta,155.7,cerrado,0
SOP091-001083,2024-06-24,E3,web,alta,1312.6,cerrado,0
SOP091-001084,2024-06-24,E1,telefono,normal,4401.8,cerrado,1
SOP091-001085,2024-06-25,E2,correo,alta,371.8,cerrado,0
SOP091-001086,2024-06-25,E3,web,normal,929.7,cerrado,0
SOP091-001087,2024-06-25,E1,web,baja,311.1,cerrado,0
SOP091-001088,2024-06-25,E2,correo,alta,663.0,cerrado,0
SOP091-001089,2024-06-25,E3,telefono,normal,1239.2,cerrado,0
SOP091-001090,2024-06-25,E1,telefono,alta,,abierto,0
SOP091-001091,2024-06-26,E2,web,alta,694.2,cerrado,0
SOP091-001092,2024-06-26,E3,correo,normal,597.3,cerrado,0
SOP091-001093,2024-06-26,E1,telefono,baja,618.9,cerrado,0
SOP091-001094,2024-06-26,E2,telefono,alta,181.7,cerrado,0
SOP091-001095,2024-06-26,E3,correo,normal,668.7,cerrado,0
SOP091-001096,2024-06-26,E1,telefono,alta,175.1,cerrado,0
SOP091-001097,2024-06-27,E2,correo,alta,,abierto,0
SOP091-001098,2024-06-27,E3,correo,normal,,abierto,0
SOP091-001099,2024-06-27,E1,web,normal,89.2,cerrado,0
SOP091-001100,2024-06-27,E2,correo,alta,182.9,cerrado,0
SOP091-001101,2024-06-27,E3,correo,normal,4937.0,cerrado,1
SOP091-001102,2024-06-27,E1,telefono,normal,,abierto,0
SOP091-001103,2024-06-28,E2,correo,normal,1018.1,cerrado,0
SOP091-001104,2024-06-28,E3,correo,baja,5730.4,cerrado,1
SOP091-001105,2024-06-28,E1,correo,normal,235.0,cerrado,0
SOP091-001106,2024-06-28,E2,telefono,normal,4476.8,cerrado,1
SOP091-001107,2024-06-28,E3,correo,normal,4849.3,cerrado,1
SOP091-001108,2024-06-28,E1,web,normal,132.0,cerrado,0
SOP091-001109,2024-06-28,E2,telefono,alta,,abierto,0
SOP091-001110,2024-06-29,E3,telefono,baja,451.6,cerrado,0
SOP091-001111,2024-06-29,E1,telefono,normal,4749.2,cerrado,1
SOP091-001112,2024-06-29,E2,correo,baja,916.4,cerrado,0
SOP091-001113,2024-06-29,E3,correo,baja,736.3,cerrado,0
SOP091-001114,2024-06-29,E1,web,normal,180.8,cerrado,0
SOP091-001115,2024-06-29,E2,web,baja,,abierto,0
SOP091-001116,2024-06-30,E3,correo,baja,256.9,cerrado,0
SOP091-001117,2024-06-30,E1,correo,normal,328.5,cerrado,0
SOP091-001118,2024-06-30,E2,correo,normal,1717.7,cerrado,0
SOP091-001119,2024-06-30,E3,telefono,normal,829.4,cerrado,0
SOP091-001120,2024-06-30,E1,telefono,baja,5127.8,cerrado,1
SOP091-001121,2024-06-30,E2,web,normal,517.6,cerrado,0
SOP091-001122,2024-07-01,E3,telefono,baja,200.3,cerrado,0
SOP091-001123,2024-07-01,E1,web,alta,4528.3,cerrado,1
SOP091-001124,2024-07-01,E2,web,normal,4384.4,cerrado,0
SOP091-001125,2024-07-01,E3,web,alta,201.2,cerrado,0
SOP091-001126,2024-07-01,E1,telefono,alta,364.6,cerrado,0
SOP091-001127,2024-07-01,E2,telefono,baja,204.8,cerrado,0
SOP091-001128,2024-07-02,E3,correo,alta,311.5,cerrado,0
SOP091-001129,2024-07-02,E1,correo,alta,5509.9,cerrado,0
SOP091-001130,2024-07-02,E2,correo,baja,1028.9,cerrado,0
SOP091-001131,2024-07-02,E3,telefono,baja,522.6,cerrado,0
SOP091-001132,2024-07-02,E1,correo,normal,120.4,cerrado,0
SOP091-001133,2024-07-02,E2,web,alta,276.3,cerrado,0
SOP091-001134,2024-07-03,E3,correo,baja,407.3,cerrado,0
SOP091-001135,2024-07-03,E1,web,normal,556.4,cerrado,0
SOP091-001136,2024-07-03,E2,web,normal,399.3,cerrado,0
SOP091-001137,2024-07-03,E3,web,baja,1215.0,cerrado,0
SOP091-001138,2024-07-03,E1,web,normal,1264.8,cerrado,0
SOP091-001139,2024-07-03,E2,correo,baja,228.5,cerrado,0
SOP091-001140,2024-07-04,E3,telefono,baja,2898.3,cerrado,0
SOP091-001141,2024-07-04,E1,web,baja,,abierto,0
SOP091-001142,2024-07-04,E2,telefono,normal,,abierto,0
SOP091-001143,2024-07-04,E3,correo,normal,726.3,cerrado,0
SOP091-001144,2024-07-04,E1,telefono,baja,5821.3,cerrado,1
SOP091-001145,2024-07-04,E2,web,normal,313.5,cerrado,0
SOP091-001146,2024-07-04,E3,correo,alta,417.6,cerrado,0
SOP091-001147,2024-07-05,E1,correo,normal,1102.1,cerrado,0
SOP091-001148,2024-07-05,E2,telefono,normal,342.9,cerrado,0
SOP091-001149,2024-07-05,E3,telefono,alta,919.8,cerrado,0
SOP091-001150,2024-07-05,E1,correo,normal,129.0,cerrado,0
SOP091-001151,2024-07-05,E2,telefono,baja,300.0,cerrado,0
SOP091-001152,2024-07-05,E3,telefono,normal,4870.6,cerrado,0
SOP091-001153,2024-07-06,E1,web,baja,103.7,cerrado,0
SOP091-001154,2024-07-06,E2,web,normal,119.0,cerrado,0
SOP091-001155,2024-07-06,E3,telefono,alta,679.7,cerrado,0
SOP091-001156,2024-07-06,E1,telefono,normal,1023.6,cerrado,0
SOP091-001157,2024-07-06,E2,web,baja,,abierto,0
SOP091-001158,2024-07-06,E3,telefono,normal,,abierto,0
SOP091-001159,2024-07-07,E1,correo,normal,988.2,cerrado,0
SOP091-001160,2024-07-07,E2,web,baja,,abierto,0
SOP091-001161,2024-07-07,E3,correo,normal,246.2,cerrado,0
SOP091-001162,2024-07-07,E1,correo,normal,4853.7,cerrado,1
SOP091-001163,2024-07-07,E2,correo,baja,,cerrado,0
SOP091-001164,2024-07-07,E3,web,normal,198.4,cerrado,0
SOP091-001165,2024-07-08,E1, CORREO ,baja,397.5,cerrado,0
SOP091-001166,2024-07-08,E2,web,alta,427.6,cerrado,0
SOP091-001167,2024-07-08,E3,telefono,alta,1175.8,cerrado,0
SOP091-001168,2024-07-08,E1,correo,alta,5016.6,cerrado,1
SOP091-001169,2024-07-08,E2,correo,baja,472.4,cerrado,0
SOP091-001170,2024-07-08,E3,web,normal,700.0,cerrado,0
SOP091-001171,2024-07-09,E1,correo,normal,,abierto,0
SOP091-001172,2024-07-09,E2,web,normal,262.8,cerrado,0
SOP091-001173,2024-07-09,E3,web,baja,845.1,cerrado,0
SOP091-001174,2024-07-09,E1,correo,normal,112.5,cerrado,0
SOP091-001175,2024-07-09,E2,web,normal,1158.0,cerrado,0
SOP091-001176,2024-07-09,E3,web,alta,164.3,cerrado,0
SOP091-001177,2024-07-10,E1,web,normal,,abierto,0
SOP091-001178,2024-07-10,E2,web,baja,5254.9,cerrado,1
SOP091-001179,2024-07-10,E3,telefono,alta,1250.6,cerrado,0
SOP091-001180,2024-07-10,E1,correo,normal,442.0,cerrado,0
SOP091-001181,2024-07-10,E2,correo,baja,2155.2,cerrado,0
SOP091-001182,2024-07-10,E3,correo,normal,2931.9,cerrado,0
SOP091-001183,2024-07-11,E1,web,baja,7334.5,cerrado,0
SOP091-001184,2024-07-11,E2,web,normal,,abierto,0
SOP091-001185,2024-07-11,E3,telefono,normal,228.0,cerrado,0
SOP091-001186,2024-07-11,E1,correo,alta,135.0,cerrado,0
SOP091-001187,2024-07-11,E2,web,alta,,abierto,0
SOP091-001188,2024-07-11,E3,telefono,baja,4747.2,cerrado,1
SOP091-001189,2024-07-11,E1,correo,baja,377.8,cerrado,0
SOP091-001190,2024-07-12,E2,telefono,alta,,abierto,0
SOP091-001191,2024-07-12,E3,web,alta,1386.8,cerrado,0
SOP091-001192,2024-07-12,E1,telefono,normal,267.8,cerrado,0
SOP091-001193,2024-07-12,E2,telefono,normal,512.0,cerrado,0
SOP091-001194,2024-07-12,E3,telefono,alta,878.1,cerrado,0
SOP091-001195,2024-07-12,E1,web,baja,1389.3,cerrado,0
SOP091-001196,2024-07-13,E2,telefono,baja,479.5,cerrado,0
SOP091-001197,2024-07-13,E3,telefono,alta,280.4,cerrado,0
SOP091-001198,2024-07-13,E1,web,normal,404.3,cerrado,0
SOP091-001199,2024-07-13,E2,telefono,alta,5323.3,cerrado,1
SOP091-001200,2024-07-13,E3,telefono,normal,1473.5,cerrado,0
SOP091-001201,2024-07-13,E1,web,normal,398.2,cerrado,0
SOP091-001202,2024-07-14,E2,web,normal,,abierto,0
SOP091-001203,2024-07-14,E3,correo,normal,314.2,cerrado,0
SOP091-001204,2024-07-14,E1,web,normal,516.2,cerrado,0
SOP091-001205,2024-07-14,E2,correo,baja,,abierto,0
SOP091-001206,2024-07-14,E3,correo,normal,750.0,cerrado,0
SOP091-001207,2024-07-14,E1,telefono,normal,385.9,cerrado,0
SOP091-001208,2024-07-15,E2,web,normal,627.7,cerrado,0
SOP091-001209,2024-07-15,E3,web,normal,472.6,cerrado,0
SOP091-001210,2024-07-15,E1,correo,alta,241.0,cerrado,0
SOP091-001211,2024-07-15,E2,correo,alta,4612.8,cerrado,1
SOP091-001212,2024-07-15,E3,web,baja,623.7,cerrado,0
SOP091-001213,2024-07-15,E1,telefono,alta,,abierto,0
SOP091-001214,2024-07-16,E2,telefono,normal,377.3,cerrado,0
SOP091-001215,2024-07-16,E3,telefono,alta,,abierto,0
SOP091-001216,2024-07-16,E1,telefono,normal,203.4,cerrado,0
SOP091-001217,2024-07-16,E2,telefono,normal,378.7,cerrado,0
SOP091-001218,2024-07-16,E3,telefono,baja,832.8,cerrado,0
SOP091-001219,2024-07-16,E1,correo,baja,4600.8,cerrado,1
SOP091-001220,2024-07-17,E2,correo,alta,1243.7,cerrado,0
SOP091-001221,2024-07-17,E3,correo,normal,946.2,cerrado,0
SOP091-001222,2024-07-17,E1,web,normal,231.2,cerrado,0
SOP091-001223,2024-07-17,E2,telefono,alta,591.4,cerrado,0
SOP091-001224,2024-07-17,E3,web,normal,623.9,cerrado,0
SOP091-001225,2024-07-17,E1,telefono,baja,610.5,cerrado,0
SOP091-001226,2024-07-17,E2,web,normal,5001.8,cerrado,1
SOP091-001227,2024-07-18,E3,telefono,normal,559.2,cerrado,0
SOP091-001228,2024-07-18,E1,telefono,normal,,abierto,0
SOP091-001229,2024-07-18,E2,telefono,normal,5229.8,cerrado,1
SOP091-001230,2024-07-18,E3,correo,baja,,abierto,0
SOP091-001231,2024-07-18,E1,web,baja,4950.8,cerrado,1
SOP091-001232,2024-07-18,E2,telefono,baja,339.0,cerrado,0
SOP091-001233,2024-07-19,E3,web,baja,629.2,cerrado,0
SOP091-001234,2024-07-19,E1,correo,alta,561.4,cerrado,0
SOP091-001235,2024-07-19,E2,correo,baja,413.0,cerrado,0
SOP091-001236,2024-07-19,E3,telefono,normal,7905.9,cerrado,1
SOP091-001237,2024-07-19,E1,web,baja,,abierto,0
SOP091-001238,2024-07-19,E2,web,normal,,abierto,0
SOP091-001239,2024-07-20,E3,web,normal,1096.6,cerrado,0
SOP091-001240,2024-07-20,E1,web,normal,756.0,cerrado,0
SOP091-001241,2024-07-20,E2,correo,baja,411.9,cerrado,0
SOP091-001242,2024-07-20,E3,correo,normal,167.4,cerrado,0
SOP091-001243,2024-07-20,E1,telefono,normal,749.6,cerrado,0
SOP091-001244,2024-07-20,E2,telefono,baja,455.1,cerrado,0
SOP091-001245,2024-07-21,E3,web,normal,369.8,cerrado,0
SOP091-001246,2024-07-21,E1,correo,normal,,cerrado,0
SOP091-001247,2024-07-21,E2,correo,alta,1855.8,cerrado,0
SOP091-001248,2024-07-21,E3,web,alta,160.7,cerrado,0
SOP091-001249,2024-07-21,E1,web,baja,470.1,cerrado,0
SOP091-001250,2024-07-21,E2,telefono,normal,752.8,cerrado,0
SOP091-001251,2024-07-22,E3,web,normal,1634.4,cerrado,0
SOP091-001252,2024-07-22,E1,web,normal,703.3,cerrado,0
SOP091-001253,2024-07-22,E2,correo,normal,277.0,cerrado,0
SOP091-001254,2024-07-22,E3,telefono,baja,740.6,cerrado,0
SOP091-001255,2024-07-22,E1,web,normal,,abierto,0
SOP091-001256,2024-07-22,E2,web,baja,,abierto,0
SOP091-001257,2024-07-23,E3,telefono,baja,964.1,cerrado,0
SOP091-001258,2024-07-23,E1,web,normal,,abierto,0
SOP091-001259,2024-07-23,E2,correo,alta,1497.3,cerrado,0
SOP091-001260,2024-07-23,E3,correo,alta,4706.9,cerrado,1
SOP091-001261,2024-07-23,E1,correo,baja,,abierto,0
SOP091-001262,2024-07-23,E2, TELEFONO ,alta,5075.8,cerrado,1
SOP091-001263,2024-07-24,E3,correo,normal,939.7,cerrado,0
SOP091-001264,2024-07-24,E1,telefono,normal,287.4,cerrado,0
SOP091-001265,2024-07-24,E2,telefono,normal,384.4,cerrado,0
SOP091-001266,2024-07-24,E3,telefono,alta,,abierto,0
SOP091-001267,2024-07-24,E1,web,alta,"616,7",cerrado,0
SOP091-001268,2024-07-24,E2,correo,baja,1172.3,cerrado,0
SOP091-001269,2024-07-24,E3,web,normal,420.0,cerrado,0
SOP091-001270,2024-07-25,E1,telefono,alta,162.1,cerrado,0
SOP091-001271,2024-07-25,E2,correo,normal,688.7,cerrado,0
SOP091-001272,2024-07-25,E3,telefono,normal,1071.0,cerrado,0
SOP091-001273,2024-07-25,E1,telefono,baja,5098.8,cerrado,1
SOP091-001274,2024-07-25,E2,correo,normal,192.5,cerrado,0
SOP091-001275,2024-07-25,E3,telefono,baja,1336.5,cerrado,0
SOP091-001276,2024-07-26,E1,telefono,alta,119.1,cerrado,0
SOP091-001277,2024-07-26,E2,correo,normal,489.0,cerrado,0
SOP091-001278,2024-07-26,E3,correo,normal,307.4,cerrado,0
SOP091-001279,2024-07-26,E1,web,alta,423.3,cerrado,0
SOP091-001280,2024-07-26,E2,correo,baja,1274.0,cerrado,0
SOP091-001281,2024-07-26,E3,web,normal,822.2,cerrado,0
SOP091-001282,2024-07-27,E1,web,normal,544.6,cerrado,0
SOP091-001283,2024-07-27,E2,telefono,baja,1219.7,cerrado,0
SOP091-001284,2024-07-27,E3,telefono,alta,1798.9,cerrado,0
SOP091-001285,2024-07-27,E1,telefono,normal,368.4,cerrado,0
SOP091-001286,2024-07-27,E2,web,normal,1409.6,cerrado,0
SOP091-001287,2024-07-27,E3,correo,normal,404.0,cerrado,0
SOP091-001288,2024-07-28,E1,web,alta,208.2,cerrado,0
SOP091-001289,2024-07-28,E2,web,normal,66.2,cerrado,0
SOP091-001290,2024-07-28,E3,correo,baja,651.7,cerrado,0
SOP091-001291,2024-07-28,E1,correo,normal,564.2,cerrado,0
SOP091-001292,2024-07-28,E2,correo,baja,169.9,cerrado,0
SOP091-001293,2024-07-28,E3,telefono,normal,871.6,cerrado,0
SOP091-001294,2024-07-29,E1,correo,alta,383.7,cerrado,0
SOP091-001295,2024-07-29,E2,telefono,alta,4442.9,cerrado,1
SOP091-001296,2024-07-29,E3,telefono,baja,,abierto,0
SOP091-001297,2024-07-29,E1,correo,normal,533.5,cerrado,0
SOP091-001298,2024-07-29,E2,correo,normal,436.3,cerrado,0
SOP091-001299,2024-07-29,E3,web,normal,198.0,cerrado,0
SOP091-001300,2024-07-30,E1,web,alta,1193.8,cerrado,0
SOP091-001301,2024-07-30,E2,telefono,baja,304.2,cerrado,0
SOP091-001302,2024-07-30,E3,correo,baja,804.5,cerrado,0
SOP091-001303,2024-07-30,E1,correo,normal,217.5,cerrado,0
SOP091-001304,2024-07-30,E2,web,normal,636.8,cerrado,0
SOP091-001305,2024-07-30,E3,web,normal,824.7,cerrado,0
SOP091-001306,2024-07-30,E1,web,normal,350.0,cerrado,0
SOP091-001307,2024-07-31,E2,web,normal,485.2,cerrado,0
SOP091-001308,2024-07-31,E3,telefono,baja,378.0,cerrado,0
SOP091-001309,2024-07-31,E1,web,baja,4823.1,cerrado,1
SOP091-001310,2024-07-31,E2,web,normal,970.6,cerrado,0
SOP091-001311,2024-07-31,E3,telefono,alta,,abierto,0
SOP091-001312,2024-07-31,E1,telefono,baja,92.0,cerrado,0
SOP091-001313,2024-08-01,E2,correo,normal,565.3,cerrado,0
SOP091-001314,2024-08-01,E3,web,normal,1272.1,cerrado,0
SOP091-001315,2024-08-01,E1,web,alta,,abierto,0
SOP091-001316,2024-08-01,E2,web,normal,748.9,cerrado,0
SOP091-001317,2024-08-01,E3,telefono,normal,3830.5,cerrado,0
SOP091-001318,2024-08-01,E1,correo,alta,318.5,cerrado,0
SOP091-001319,2024-08-02,E2,telefono,normal,1445.2,cerrado,0
SOP091-001320,2024-08-02,E3,web,normal,826.7,cerrado,0
SOP091-001321,2024-08-02,E1,web,baja,281.1,cerrado,0
SOP091-001322,2024-08-02,E2,web,alta,174.9,cerrado,0
SOP091-001323,2024-08-02,E3,telefono,normal,4778.7,cerrado,1
SOP091-001324,2024-08-02,E1,web,normal,272.2,cerrado,0
SOP091-001325,2024-08-03,E2,web,baja,,abierto,0
SOP091-001326,2024-08-03,E3,telefono,normal,422.3,cerrado,0
SOP091-001327,2024-08-03,E1,web,baja,,abierto,0
SOP091-001328,2024-08-03,E2,telefono,normal,,abierto,0
SOP091-001329,2024-08-03,E3,web,baja,,cerrado,0
SOP091-001330,2024-08-03,E1,web,baja,314.3,cerrado,0
SOP091-001331,2024-08-04,E2,telefono,normal,5081.8,cerrado,1
SOP091-001332,2024-08-04,E3,telefono,baja,469.3,cerrado,0
SOP091-001333,2024-08-04,E1,correo,normal,76.4,cerrado,0
SOP091-001334,2024-08-04,E2,correo,baja,938.4,cerrado,0
SOP091-001335,2024-08-04,E3,correo,normal,,abierto,0
SOP091-001336,2024-08-04,E1,web,alta,4851.9,cerrado,1
SOP091-001337,2024-08-05,E2,telefono,normal,1088.2,cerrado,0
SOP091-001338,2024-08-05,E3,web,baja,1370.2,cerrado,0
SOP091-001339,2024-08-05,E1,web,baja,,abierto,0
SOP091-001340,2024-08-05,E2,correo,normal,351.2,cerrado,0
SOP091-001341,2024-08-05,E3,telefono,alta,353.5,cerrado,0
SOP091-001342,2024-08-05,E1,web,normal,681.8,cerrado,0
SOP091-001343,2024-08-06,E2,telefono,normal,2082.1,cerrado,0
SOP091-001344,2024-08-06,E3,web,alta,5535.5,cerrado,1
SOP091-001345,2024-08-06,E1,web,normal,1165.0,cerrado,0
SOP091-001346,2024-08-06,E2,correo,normal,242.7,cerrado,0
SOP091-001347,2024-08-06,E3,web,normal,521.6,cerrado,0
SOP091-001348,2024-08-06,E1,web,baja,134.0,cerrado,0
SOP091-001349,2024-08-06,E2,web,alta,1425.3,cerrado,0
SOP091-001350,2024-08-07,E3,correo,baja,345.3,cerrado,0
SOP091-001351,2024-08-07,E1,correo,alta,4605.0,cerrado,1
SOP091-001352,2024-08-07,E2,web,normal,272.6,cerrado,0
SOP091-001353,2024-08-07,E3,web,baja,5056.4,cerrado,1
SOP091-001354,2024-08-07,E1,web,normal,,abierto,0
SOP091-001355,2024-08-07,E2,correo,normal,254.2,cerrado,0
SOP091-001356,2024-08-08,E3,telefono,normal,457.1,cerrado,0
SOP091-001357,2024-08-08,E1,web,alta,1784.4,cerrado,0
SOP091-001358,2024-08-08,E2,web,baja,910.4,cerrado,0
SOP091-001359,2024-08-08,E3, TELEFONO ,alta,582.0,cerrado,0
SOP091-001360,2024-08-08,E1,correo,normal,,abierto,0
SOP091-001361,2024-08-08,E2,correo,baja,4779.7,cerrado,1
SOP091-001362,2024-08-09,E3,correo,alta,954.7,cerrado,0
SOP091-001363,2024-08-09,E1,web,normal,4431.9,cerrado,1
SOP091-001364,2024-08-09,E2,correo,alta,175.7,cerrado,0
SOP091-001365,2024-08-09,E3,web,normal,831.4,cerrado,0
SOP091-001366,2024-08-09,E1,correo,normal,5251.7,cerrado,1
SOP091-001367,2024-08-09,E2,web,normal,,abierto,0
SOP091-001368,2024-08-10,E3,correo,baja,1490.8,cerrado,0
SOP091-001369,2024-08-10,E1,correo,normal,226.8,cerrado,0
SOP091-001370,2024-08-10,E2,web,alta,955.0,cerrado,0
SOP091-001371,2024-08-10,E3,web,alta,328.3,cerrado,0
SOP091-001372,2024-08-10,E1,correo,normal,,abierto,0
SOP091-001373,2024-08-10,E2,telefono,baja,296.6,cerrado,0
SOP091-001374,2024-08-11,E3,correo,alta,1600.4,cerrado,0
SOP091-001375,2024-08-11,E1,correo,baja,487.6,cerrado,0
SOP091-001376,2024-08-11,E2,telefono,baja,,abierto,0
SOP091-001377,2024-08-11,E3,telefono,normal,,abierto,0
SOP091-001378,2024-08-11,E1,telefono,normal,1881.0,cerrado,0
SOP091-001379,2024-08-11,E2,web,normal,,abierto,0
SOP091-001380,2024-08-12,E3,web,alta,69.3,cerrado,0
SOP091-001381,2024-08-12,E1,correo,normal,,abierto,0
SOP091-001382,2024-08-12,E2,telefono,baja,4695.4,cerrado,1
SOP091-001383,2024-08-12,E3,web,normal,5465.6,cerrado,1
SOP091-001384,2024-08-12,E1,telefono,baja,381.2,cerrado,0
SOP091-001385,2024-08-12,E2,telefono,normal,382.5,cerrado,0
SOP091-001386,2024-08-12,E3,telefono,normal,938.2,cerrado,0
SOP091-001387,2024-08-13,E1,correo,normal,336.5,cerrado,0
SOP091-001388,2024-08-13,E2,web,baja,55.9,cerrado,0
SOP091-001389,2024-08-13,E3,telefono,normal,590.2,cerrado,0
SOP091-001390,2024-08-13,E1,telefono,alta,217.1,cerrado,0
SOP091-001391,2024-08-13,E2,correo,alta,405.5,cerrado,0
SOP091-001392,2024-08-13,E3,web,normal,,abierto,0
SOP091-001393,2024-08-14,E1,telefono,normal,1304.7,cerrado,0
SOP091-001394,2024-08-14,E2,correo,alta,392.6,cerrado,0
SOP091-001395,2024-08-14,E3,telefono,normal,295.3,cerrado,0
SOP091-001396,2024-08-14,E1,correo,baja,4548.3,cerrado,1
SOP091-001397,2024-08-14,E2,web,normal,,abierto,0
SOP091-001398,2024-08-14,E3,telefono,normal,4932.2,cerrado,1
SOP091-001399,2024-08-15,E1,telefono,normal,257.9,cerrado,0
SOP091-001400,2024-08-15,E2,correo,alta,286.7,cerrado,0
SOP091-001401,2024-08-15,E3,correo,normal,,abierto,0
SOP091-001402,2024-08-15,E1,telefono,alta,522.1,cerrado,0
SOP091-001403,2024-08-15,E2,telefono,alta,5114.8,cerrado,1
SOP091-001404,2024-08-15,E3,correo,normal,613.0,cerrado,0
SOP091-001405,2024-08-16,E1,web,alta,1598.8,cerrado,0
SOP091-001406,2024-08-16,E2,correo,normal,,abierto,0
SOP091-001407,2024-08-16,E3,web,alta,495.5,cerrado,0
SOP091-001408,2024-08-16,E1,correo,alta,4702.7,cerrado,1
SOP091-001409,2024-08-16,E2,telefono,normal,538.4,cerrado,0
SOP091-001410,2024-08-16,E3,correo,normal,1434.3,cerrado,0
SOP091-001411,2024-08-17,E1,web,alta,2360.7,cerrado,0
SOP091-001412,2024-08-17,E2,correo,baja,,cerrado,0
SOP091-001413,2024-08-17,E3,correo,normal,,abierto,0
SOP091-001414,2024-08-17,E1,telefono,baja,4385.7,cerrado,1
SOP091-001415,2024-08-17,E2,web,baja,299.1,cerrado,0
SOP091-001416,2024-08-17,E3,web,baja,132.5,cerrado,0
SOP091-001417,2024-08-18,E1,correo,normal,,abierto,0
SOP091-001418,2024-08-18,E2,web,alta,253.8,cerrado,0
SOP091-001419,2024-08-18,E3,correo,baja,502.7,cerrado,0
SOP091-001420,2024-08-18,E1,correo,normal,82.0,cerrado,0
SOP091-001421,2024-08-18,E2,web,alta,374.3,cerrado,0
SOP091-001422,2024-08-18,E3,telefono,alta,1215.5,cerrado,0
SOP091-001423,2024-08-18,E1,web,normal,454.2,cerrado,0
SOP091-001424,2024-08-19,E2,telefono,alta,5216.8,cerrado,1
SOP091-001425,2024-08-19,E3,telefono,normal,207.9,cerrado,0
SOP091-001426,2024-08-19,E1,telefono,normal,,abierto,0
SOP091-001427,2024-08-19,E2,correo,normal,201.5,cerrado,0
SOP091-001428,2024-08-19,E3,telefono,alta,855.8,cerrado,0
SOP091-001429,2024-08-19,E1,correo,normal,176.1,cerrado,0
SOP091-001430,2024-08-20,E2,telefono,baja,1670.7,cerrado,0
SOP091-001431,2024-08-20,E3,correo,normal,811.1,cerrado,0
SOP091-001432,2024-08-20,E1,correo,normal,435.1,cerrado,0
SOP091-001433,2024-08-20,E2,web,alta,,abierto,0
SOP091-001434,2024-08-20,E3,correo,normal,4851.7,cerrado,1
SOP091-001435,2024-08-20,E1,correo,normal,776.2,cerrado,0
SOP091-001436,2024-08-21,E2,web,normal,189.0,cerrado,0
SOP091-001437,2024-08-21,E3,telefono,normal,4929.1,cerrado,1
SOP091-001438,2024-08-21,E1,telefono,alta,824.9,cerrado,0
SOP091-001439,2024-08-21,E2,telefono,normal,1666.4,cerrado,0
SOP091-001440,2024-08-21,E3,correo,alta,493.7,cerrado,0
SOP091-001441,2024-08-21,E1,web,normal,880.2,cerrado,0
SOP091-001442,2024-08-22,E2,web,normal,659.8,cerrado,0
SOP091-001443,2024-08-22,E3,telefono,normal,629.7,cerrado,0
SOP091-001444,2024-08-22,E1,web,alta,1313.7,cerrado,0
SOP091-001445,2024-08-22,E2,telefono,normal,1220.9,cerrado,0
SOP091-001446,2024-08-22,E3,web,normal,1016.1,cerrado,0
SOP091-001447,2024-08-22,E1,telefono,normal,961.4,cerrado,0
SOP091-001448,2024-08-23,E2,web,normal,4699.6,cerrado,1
SOP091-001449,2024-08-23,E3,correo,alta,4914.9,cerrado,1
SOP091-001450,2024-08-23,E1,telefono,alta,271.3,cerrado,0
SOP091-001451,2024-08-23,E2,correo,baja,496.9,cerrado,0
SOP091-001452,2024-08-23,E3,telefono,normal,,abierto,0
SOP091-001453,2024-08-23,E1,correo,normal,546.2,cerrado,0
SOP091-001454,2024-08-24,E2,web,baja,484.5,cerrado,0
SOP091-001455,2024-08-24,E3,telefono,alta,5447.4,cerrado,1
SOP091-001456,2024-08-24,E1, TELEFONO ,normal,546.7,cerrado,0
SOP091-001457,2024-08-24,E2,correo,normal,198.4,cerrado,0
SOP091-001458,2024-08-24,E3,correo,normal,331.0,cerrado,0
SOP091-001459,2024-08-24,E1,correo,alta,1208.4,cerrado,0
SOP091-001460,2024-08-25,E2,web,baja,,abierto,0
SOP091-001461,2024-08-25,E3,web,normal,593.2,cerrado,0
SOP091-001462,2024-08-25,E1,web,normal,,abierto,0
SOP091-001463,2024-08-25,E2,web,alta,1108.0,cerrado,0
SOP091-001464,2024-08-25,E3,web,baja,1514.1,cerrado,0
SOP091-001465,2024-08-25,E1,correo,baja,386.6,cerrado,0
SOP091-001466,2024-08-25,E2,correo,normal,335.3,cerrado,0
SOP091-001467,2024-08-26,E3,correo,baja,2000.9,cerrado,0
SOP091-001468,2024-08-26,E1,correo,normal,805.5,cerrado,0
SOP091-001469,2024-08-26,E2,correo,baja,1130.3,cerrado,0
SOP091-001470,2024-08-26,E3,correo,baja,595.8,cerrado,0
SOP091-001471,2024-08-26,E1,correo,normal,184.1,cerrado,0
SOP091-001472,2024-08-26,E2,web,alta,458.8,cerrado,0
SOP091-001473,2024-08-27,E3,correo,baja,996.5,cerrado,0
SOP091-001474,2024-08-27,E1,web,normal,526.8,cerrado,0
SOP091-001475,2024-08-27,E2,telefono,normal,245.5,cerrado,0
SOP091-001476,2024-08-27,E3,correo,alta,328.5,cerrado,0
SOP091-001477,2024-08-27,E1,correo,baja,340.1,cerrado,0
SOP091-001478,2024-08-27,E2,web,baja,"871,0",cerrado,0
SOP091-001479,2024-08-28,E3,web,normal,195.4,cerrado,0
SOP091-001480,2024-08-28,E1,web,alta,4677.6,cerrado,1
SOP091-001481,2024-08-28,E2,correo,normal,327.6,cerrado,0
SOP091-001482,2024-08-28,E3,web,baja,4890.7,cerrado,0
SOP091-001483,2024-08-28,E1,telefono,normal,201.1,cerrado,0
SOP091-001484,2024-08-28,E2,telefono,normal,93.5,cerrado,0
SOP091-001485,2024-08-29,E3,correo,alta,4696.4,cerrado,1
SOP091-001486,2024-08-29,E1,web,normal,182.9,cerrado,0
SOP091-001487,2024-08-29,E2,web,normal,,abierto,0
SOP091-001488,2024-08-29,E3,telefono,baja,298.3,cerrado,0
SOP091-001489,2024-08-29,E1,telefono,alta,735.4,cerrado,0
SOP091-001490,2024-08-29,E2,correo,baja,167.0,cerrado,0
SOP091-001491,2024-08-30,E3,telefono,baja,1278.2,cerrado,0
SOP091-001492,2024-08-30,E1,web,normal,618.6,cerrado,0
SOP091-001493,2024-08-30,E2,web,alta,439.4,cerrado,0
SOP091-001494,2024-08-30,E3,correo,normal,546.2,cerrado,0
SOP091-001495,2024-08-30,E1,telefono,normal,,cerrado,0
SOP091-001496,2024-08-30,E2,telefono,normal,5449.7,cerrado,1
SOP091-001497,2024-08-31,E3,telefono,alta,4918.9,cerrado,1
SOP091-001498,2024-08-31,E1,web,normal,,abierto,0
SOP091-001499,2024-08-31,E2,correo,normal,703.3,cerrado,0
SOP091-001500,2024-08-31,E3,correo,alta,390.7,cerrado,0
SOP091-001501,2024-08-31,E1,correo,alta,379.2,cerrado,0
SOP091-001502,2024-08-31,E2,correo,baja,491.4,cerrado,0
SOP091-001503,2024-08-31,E3,correo,normal,,abierto,0
SOP091-001504,2024-09-01,E1,telefono,normal,513.6,cerrado,0
SOP091-001505,2024-09-01,E2,web,normal,1077.6,cerrado,0
SOP091-001506,2024-09-01,E3,web,normal,5226.6,cerrado,1
SOP091-001507,2024-09-01,E1,correo,normal,361.7,cerrado,0
SOP091-001508,2024-09-01,E2,correo,baja,177.6,cerrado,0
SOP091-001509,2024-09-01,E3,telefono,normal,2010.7,cerrado,0
SOP091-001510,2024-09-02,E1,correo,baja,101.4,cerrado,0
SOP091-001511,2024-09-02,E2,telefono,alta,1128.0,cerrado,0
SOP091-001512,2024-09-02,E3,correo,alta,627.1,cerrado,0
SOP091-001513,2024-09-02,E1,web,normal,4475.4,cerrado,1
SOP091-001514,2024-09-02,E2,web,normal,2411.1,cerrado,0
SOP091-001515,2024-09-02,E3,telefono,baja,454.1,cerrado,0
SOP091-001516,2024-09-03,E1,telefono,alta,290.1,cerrado,0
SOP091-001517,2024-09-03,E2,correo,baja,305.3,cerrado,0
SOP091-001518,2024-09-03,E3,correo,normal,,abierto,0
SOP091-001519,2024-09-03,E1,correo,normal,173.0,cerrado,0
SOP091-001520,2024-09-03,E2,correo,alta,724.5,cerrado,0
SOP091-001521,2024-09-03,E3,correo,normal,878.8,cerrado,0
SOP091-001522,2024-09-04,E1,web,alta,,abierto,0
SOP091-001523,2024-09-04,E2,correo,baja,1147.5,cerrado,0
SOP091-001524,2024-09-04,E3,telefono,baja,508.4,cerrado,0
SOP091-001525,2024-09-04,E1,correo,normal,,abierto,0
SOP091-001526,2024-09-04,E2,web,baja,160.8,cerrado,0
SOP091-001527,2024-09-04,E3,web,baja,1934.9,cerrado,0
SOP091-001528,2024-09-05,E1,telefono,normal,560.0,cerrado,0
SOP091-001529,2024-09-05,E2,correo,alta,518.3,cerrado,0
SOP091-001530,2024-09-05,E3,correo,normal,5097.8,cerrado,1
SOP091-001531,2024-09-05,E1,web,normal,827.9,cerrado,0
SOP091-001532,2024-09-05,E2,telefono,baja,496.1,cerrado,0
SOP091-001533,2024-09-05,E3,telefono,alta,,abierto,0
SOP091-001534,2024-09-06,E1,correo,alta,310.0,cerrado,0
SOP091-001535,2024-09-06,E2,telefono,alta,654.3,cerrado,0
SOP091-001536,2024-09-06,E3,correo,baja,633.3,cerrado,0
SOP091-001537,2024-09-06,E1,telefono,normal,436.7,cerrado,0
SOP091-001538,2024-09-06,E2,telefono,normal,,abierto,0
SOP091-001539,2024-09-06,E3,telefono,normal,4970.9,cerrado,1
SOP091-001540,2024-09-07,E1,web,alta,183.4,cerrado,0
SOP091-001541,2024-09-07,E2,web,alta,1816.6,cerrado,0
SOP091-001542,2024-09-07,E3,telefono,alta,,abierto,0
SOP091-001543,2024-09-07,E1,web,alta,262.1,cerrado,0
SOP091-001544,2024-09-07,E2,telefono,baja,829.7,cerrado,0
SOP091-001545,2024-09-07,E3,web,baja,212.7,cerrado,0
SOP091-001546,2024-09-07,E1,web,baja,151.2,cerrado,0
SOP091-001547,2024-09-08,E2,web,alta,4436.0,cerrado,1
SOP091-001548,2024-09-08,E3,correo,alta,1642.6,cerrado,0
SOP091-001549,2024-09-08,E1,correo,normal,240.1,cerrado,0
SOP091-001550,2024-09-08,E2,web,alta,,abierto,0
SOP091-001551,2024-09-08,E3,web,alta,1658.2,cerrado,0
SOP091-001552,2024-09-08,E1,telefono,normal,1801.5,cerrado,0
SOP091-001553,2024-09-09,E2, TELEFONO ,baja,,abierto,0
SOP091-001554,2024-09-09,E3,telefono,alta,600.8,cerrado,0
SOP091-001555,2024-09-09,E1,web,normal,725.0,cerrado,0
SOP091-001556,2024-09-09,E2,telefono,baja,794.8,cerrado,0
SOP091-001557,2024-09-09,E3,telefono,normal,639.2,cerrado,0
SOP091-001558,2024-09-09,E1,telefono,alta,,abierto,0
SOP091-001559,2024-09-10,E2,web,baja,1377.9,cerrado,0
SOP091-001560,2024-09-10,E3,web,normal,515.6,cerrado,0
SOP091-001561,2024-09-10,E1,correo,normal,339.6,cerrado,0
SOP091-001562,2024-09-10,E2,correo,alta,1093.7,cerrado,0
SOP091-001563,2024-09-10,E3,web,alta,403.2,cerrado,0
SOP091-001564,2024-09-10,E1,web,alta,1064.8,cerrado,0
SOP091-001565,2024-09-11,E2,web,normal,,abierto,0
SOP091-001566,2024-09-11,E3,web,alta,6956.8,cerrado,1
SOP091-001567,2024-09-11,E1,web,baja,1561.5,cerrado,0
SOP091-001568,2024-09-11,E2,web,baja,213.1,cerrado,0
SOP091-001569,2024-09-11,E3,web,normal,1134.7,cerrado,0
SOP091-001570,2024-09-11,E1,telefono,normal,582.6,cerrado,0
SOP091-001571,2024-09-12,E2,correo,normal,889.8,cerrado,0
SOP091-001572,2024-09-12,E3,web,normal,191.4,cerrado,0
SOP091-001573,2024-09-12,E1,correo,alta,462.3,cerrado,0
SOP091-001574,2024-09-12,E2,web,alta,755.4,cerrado,0
SOP091-001575,2024-09-12,E3,correo,normal,998.2,cerrado,0
SOP091-001576,2024-09-12,E1,correo,alta,,abierto,0
SOP091-001577,2024-09-13,E2,correo,baja,241.8,cerrado,0
SOP091-001578,2024-09-13,E3,telefono,alta,,cerrado,0
SOP091-001579,2024-09-13,E1,correo,baja,,abierto,0
SOP091-001580,2024-09-13,E2,web,baja,589.1,cerrado,0
SOP091-001581,2024-09-13,E3,web,normal,121.8,cerrado,0
SOP091-001582,2024-09-13,E1,telefono,normal,411.3,cerrado,0
SOP091-001583,2024-09-13,E2,correo,alta,1678.2,cerrado,0
SOP091-001584,2024-09-14,E3,web,normal,809.6,cerrado,0
SOP091-001585,2024-09-14,E1,web,normal,4460.6,cerrado,1
SOP091-001586,2024-09-14,E2,correo,baja,323.3,cerrado,0
SOP091-001587,2024-09-14,E3,web,normal,,abierto,0
SOP091-001588,2024-09-14,E1,correo,alta,339.9,cerrado,0
SOP091-001589,2024-09-14,E2,correo,alta,723.9,cerrado,0
SOP091-001590,2024-09-15,E3,web,normal,367.8,cerrado,0
SOP091-001591,2024-09-15,E1,correo,alta,427.8,cerrado,0
SOP091-001592,2024-09-15,E2,web,normal,302.6,cerrado,0
SOP091-001593,2024-09-15,E3,web,normal,698.3,cerrado,0
SOP091-001594,2024-09-15,E1,web,normal,796.5,cerrado,0
SOP091-001595,2024-09-15,E2,web,baja,5016.2,cerrado,1
SOP091-001596,2024-09-16,E3,web,alta,,abierto,0
SOP091-001597,2024-09-16,E1,telefono,normal,,abierto,0
SOP091-001598,2024-09-16,E2,telefono,alta,2417.0,cerrado,0
SOP091-001599,2024-09-16,E3,telefono,normal,790.7,cerrado,0
SOP091-001600,2024-09-16,E1,web,alta,615.1,cerrado,0
SOP091-001601,2024-09-16,E2,telefono,normal,155.3,cerrado,0
SOP091-001602,2024-09-17,E3,web,baja,,abierto,0
SOP091-001603,2024-09-17,E1,web,normal,539.2,cerrado,0
SOP091-001604,2024-09-17,E2,telefono,normal,4399.4,cerrado,1
SOP091-001605,2024-09-17,E3,telefono,normal,429.2,cerrado,0
SOP091-001606,2024-09-17,E1,telefono,alta,226.2,cerrado,0
SOP091-001607,2024-09-17,E2,web,normal,384.7,cerrado,0
SOP091-001608,2024-09-18,E3,correo,normal,80.5,cerrado,0
SOP091-001609,2024-09-18,E1,telefono,normal,6044.6,cerrado,1
SOP091-001610,2024-09-18,E2,correo,alta,158.7,cerrado,0
SOP091-001611,2024-09-18,E3,correo,alta,224.3,cerrado,0
SOP091-001612,2024-09-18,E1,telefono,alta,686.2,cerrado,0
SOP091-001613,2024-09-18,E2,telefono,normal,783.4,cerrado,0
SOP091-001614,2024-09-19,E3,web,normal,61.0,cerrado,0
SOP091-001615,2024-09-19,E1,web,baja,554.9,cerrado,0
SOP091-001616,2024-09-19,E2,telefono,normal,739.3,cerrado,0
SOP091-001617,2024-09-19,E3,web,normal,1123.0,cerrado,0
SOP091-001618,2024-09-19,E1,telefono,baja,631.4,cerrado,0
SOP091-001619,2024-09-19,E2,correo,baja,423.6,cerrado,0
SOP091-001620,2024-09-19,E3,telefono,alta,613.9,cerrado,0
SOP091-001621,2024-09-20,E1,telefono,alta,626.1,cerrado,0
SOP091-001622,2024-09-20,E2,telefono,baja,412.8,cerrado,0
SOP091-001623,2024-09-20,E3,web,normal,444.7,cerrado,0
SOP091-001624,2024-09-20,E1,correo,normal,451.7,cerrado,0
SOP091-001625,2024-09-20,E2,web,alta,767.1,cerrado,0
SOP091-001626,2024-09-20,E3,telefono,baja,163.9,cerrado,0
SOP091-001627,2024-09-21,E1,telefono,normal,,abierto,0
SOP091-001628,2024-09-21,E2,telefono,normal,195.2,cerrado,0
SOP091-001629,2024-09-21,E3,web,normal,659.8,cerrado,0
SOP091-001630,2024-09-21,E1,correo,baja,222.4,cerrado,0
SOP091-001631,2024-09-21,E2,web,baja,485.4,cerrado,0
SOP091-001632,2024-09-21,E3,web,baja,367.9,cerrado,0
SOP091-001633,2024-09-22,E1,correo,normal,,abierto,0
SOP091-001634,2024-09-22,E2,telefono,baja,,abierto,0
SOP091-001635,2024-09-22,E3,web,alta,5165.7,cerrado,1
SOP091-001636,2024-09-22,E1,telefono,normal,17.2,cerrado,0
SOP091-001637,2024-09-22,E2,correo,alta,811.0,cerrado,0
SOP091-001638,2024-09-22,E3,correo,alta,4565.0,cerrado,1
SOP091-001639,2024-09-23,E1,correo,alta,219.5,cerrado,0
SOP091-001640,2024-09-23,E2,correo,normal,257.4,cerrado,0
SOP091-001641,2024-09-23,E3,web,alta,4982.1,cerrado,1
SOP091-001642,2024-09-23,E1,web,alta,,abierto,0
SOP091-001643,2024-09-23,E2,web,baja,928.6,cerrado,0
SOP091-001644,2024-09-23,E3,web,normal,,abierto,0
SOP091-001645,2024-09-24,E1,telefono,alta,173.0,cerrado,0
SOP091-001646,2024-09-24,E2,correo,alta,203.2,cerrado,0
SOP091-001647,2024-09-24,E3,telefono,baja,618.4,cerrado,0
SOP091-001648,2024-09-24,E1,telefono,baja,270.5,cerrado,0
SOP091-001649,2024-09-24,E2,web,normal,531.0,cerrado,0
SOP091-001650,2024-09-24,E3, WEB ,alta,2104.9,cerrado,0
SOP091-001651,2024-09-25,E1,correo,normal,4482.5,cerrado,1
SOP091-001652,2024-09-25,E2,telefono,alta,417.7,cerrado,0
SOP091-001653,2024-09-25,E3,correo,baja,557.5,cerrado,0
SOP091-001654,2024-09-25,E1,telefono,normal,332.2,cerrado,0
SOP091-001655,2024-09-25,E2,telefono,alta,288.7,cerrado,0
SOP091-001656,2024-09-25,E3,telefono,alta,184.3,cerrado,0
SOP091-001657,2024-09-26,E1,telefono,alta,5073.4,cerrado,1
SOP091-001658,2024-09-26,E2,web,normal,1289.8,cerrado,0
SOP091-001659,2024-09-26,E3,correo,normal,630.8,cerrado,0
SOP091-001660,2024-09-26,E1,web,baja,454.1,cerrado,0
SOP091-001661,2024-09-26,E2,web,baja,,cerrado,0
SOP091-001662,2024-09-26,E3,correo,baja,325.9,cerrado,0
SOP091-001663,2024-09-26,E1,correo,baja,562.9,cerrado,0
SOP091-001664,2024-09-27,E2,telefono,normal,2344.4,cerrado,0
SOP091-001665,2024-09-27,E3,correo,normal,,abierto,0
SOP091-001666,2024-09-27,E1,telefono,baja,,abierto,0
SOP091-001667,2024-09-27,E2,telefono,normal,230.5,cerrado,0
SOP091-001668,2024-09-27,E3,telefono,alta,,abierto,0
SOP091-001669,2024-09-27,E1,web,normal,330.5,cerrado,0
SOP091-001670,2024-09-28,E2,telefono,alta,595.6,cerrado,0
SOP091-001671,2024-09-28,E3,web,normal,531.7,cerrado,0
SOP091-001672,2024-09-28,E1,telefono,alta,232.2,cerrado,0
SOP091-001673,2024-09-28,E2,telefono,normal,,abierto,0
SOP091-001674,2024-09-28,E3,web,baja,4610.0,cerrado,1
SOP091-001675,2024-09-28,E1,correo,normal,319.9,cerrado,0
SOP091-001676,2024-09-29,E2,web,baja,583.0,cerrado,0
SOP091-001677,2024-09-29,E3,web,normal,,abierto,0
SOP091-001678,2024-09-29,E1,web,alta,154.6,cerrado,0
SOP091-001679,2024-09-29,E2,correo,baja,5698.6,cerrado,1
SOP091-001680,2024-09-29,E3,web,normal,1767.8,cerrado,0
SOP091-001681,2024-09-29,E1,telefono,normal,190.1,cerrado,0
SOP091-001682,2024-09-30,E2,telefono,baja,689.3,cerrado,0
SOP091-001683,2024-09-30,E3,web,alta,105.7,cerrado,0
SOP091-001684,2024-09-30,E1,correo,alta,1497.7,cerrado,0
SOP091-001685,2024-09-30,E2,telefono,normal,1034.5,cerrado,0
SOP091-001686,2024-09-30,E3,web,normal,1472.7,cerrado,0
SOP091-001687,2024-09-30,E1,correo,normal,,abierto,0
SOP091-001688,2024-10-01,E2,web,normal,5247.9,cerrado,1
SOP091-001689,2024-10-01,E3,web,normal,"604,9",cerrado,0
SOP091-001690,2024-10-01,E1,telefono,normal,480.5,cerrado,0
SOP091-001691,2024-10-01,E2,telefono,alta,4846.5,cerrado,1
SOP091-001692,2024-10-01,E3,web,alta,352.0,cerrado,0
SOP091-001693,2024-10-01,E1,telefono,baja,439.9,cerrado,0
SOP091-001694,2024-10-02,E2,telefono,normal,486.6,cerrado,0
SOP091-001695,2024-10-02,E3,telefono,baja,134.8,cerrado,0
SOP091-001696,2024-10-02,E1,correo,normal,759.7,cerrado,0
SOP091-001697,2024-10-02,E2,web,normal,,abierto,0
SOP091-001698,2024-10-02,E3,telefono,baja,,abierto,0
SOP091-001699,2024-10-02,E1,telefono,normal,143.5,cerrado,0
SOP091-001700,2024-10-02,E2,correo,normal,171.1,cerrado,0
SOP091-001701,2024-10-03,E3,correo,normal,680.9,cerrado,0
SOP091-001702,2024-10-03,E1,web,alta,,abierto,0
SOP091-001703,2024-10-03,E2,correo,baja,4721.2,cerrado,1
SOP091-001704,2024-10-03,E3,correo,normal,5272.2,cerrado,1
SOP091-001705,2024-10-03,E1,web,normal,415.2,cerrado,0
SOP091-001706,2024-10-03,E2,correo,alta,5324.7,cerrado,0
SOP091-001707,2024-10-04,E3,telefono,normal,,abierto,0
SOP091-001708,2024-10-04,E1,correo,normal,546.7,cerrado,0
SOP091-001709,2024-10-04,E2,web,normal,196.9,cerrado,0
SOP091-001710,2024-10-04,E3,web,baja,391.3,cerrado,0
SOP091-001711,2024-10-04,E1,telefono,baja,122.5,cerrado,0
SOP091-001712,2024-10-04,E2,web,baja,399.1,cerrado,0
SOP091-001713,2024-10-05,E3,web,alta,1112.8,cerrado,0
SOP091-001714,2024-10-05,E1,web,normal,743.1,cerrado,0
SOP091-001715,2024-10-05,E2,web,alta,,abierto,0
SOP091-001716,2024-10-05,E3,web,alta,,abierto,0
SOP091-001717,2024-10-05,E1,correo,baja,5722.3,cerrado,1
SOP091-001718,2024-10-05,E2,telefono,normal,261.1,cerrado,0
SOP091-001719,2024-10-06,E3,web,baja,1116.5,cerrado,0
SOP091-001720,2024-10-06,E1,telefono,alta,238.6,cerrado,0
SOP091-001721,2024-10-06,E2,telefono,alta,330.6,cerrado,0
SOP091-001722,2024-10-06,E3,correo,baja,77.2,cerrado,0
SOP091-001723,2024-10-06,E1,telefono,normal,307.1,cerrado,0
SOP091-001724,2024-10-06,E2,web,normal,875.4,cerrado,0
SOP091-001725,2024-10-07,E3,web,alta,439.3,cerrado,0
SOP091-001726,2024-10-07,E1,web,alta,264.5,cerrado,0
SOP091-001727,2024-10-07,E2,web,normal,276.8,cerrado,0
SOP091-001728,2024-10-07,E3,telefono,alta,793.3,cerrado,0
SOP091-001729,2024-10-07,E1,correo,normal,426.2,cerrado,0
SOP091-001730,2024-10-07,E2,telefono,normal,425.9,cerrado,0
SOP091-001731,2024-10-08,E3,web,normal,,abierto,0
SOP091-001732,2024-10-08,E1,telefono,alta,375.5,cerrado,0
SOP091-001733,2024-10-08,E2,telefono,baja,4541.0,cerrado,1
SOP091-001734,2024-10-08,E3,correo,baja,827.2,cerrado,0
SOP091-001735,2024-10-08,E1,correo,normal,414.6,cerrado,0
SOP091-001736,2024-10-08,E2,correo,normal,737.5,cerrado,0
SOP091-001737,2024-10-09,E3,telefono,baja,278.1,cerrado,0
SOP091-001738,2024-10-09,E1,correo,normal,302.7,cerrado,0
SOP091-001739,2024-10-09,E2,telefono,baja,,abierto,0
SOP091-001740,2024-10-09,E3,correo,alta,1735.0,cerrado,0
SOP091-001741,2024-10-09,E1,correo,alta,645.3,cerrado,0
SOP091-001742,2024-10-09,E2,correo,alta,4550.9,cerrado,1
SOP091-001743,2024-10-09,E3,web,baja,2731.9,cerrado,0
SOP091-001744,2024-10-10,E1,telefono,normal,,cerrado,0
SOP091-001745,2024-10-10,E2,correo,baja,540.5,cerrado,0
SOP091-001746,2024-10-10,E3,telefono,normal,858.8,cerrado,0
SOP091-001747,2024-10-10,E1, TELEFONO ,baja,1585.0,cerrado,0
SOP091-001748,2024-10-10,E2,telefono,normal,110.5,cerrado,0
SOP091-001749,2024-10-10,E3,telefono,baja,227.9,cerrado,0
SOP091-001750,2024-10-11,E1,web,normal,186.7,cerrado,0
SOP091-001751,2024-10-11,E2,correo,alta,146.5,cerrado,0
SOP091-001752,2024-10-11,E3,web,alta,,abierto,0
SOP091-001753,2024-10-11,E1,web,normal,4392.1,cerrado,1
SOP091-001754,2024-10-11,E2,correo,normal,5008.3,cerrado,1
SOP091-001755,2024-10-11,E3,telefono,normal,,abierto,0
SOP091-001756,2024-10-12,E1,telefono,normal,,abierto,0
SOP091-001757,2024-10-12,E2,correo,normal,2330.2,cerrado,0
SOP091-001758,2024-10-12,E3,telefono,normal,2285.9,cerrado,0
SOP091-001759,2024-10-12,E1,correo,alta,,abierto,0
SOP091-001760,2024-10-12,E2,telefono,alta,510.8,cerrado,0
SOP091-001761,2024-10-12,E3,telefono,baja,492.6,cerrado,0
SOP091-001762,2024-10-13,E1,correo,alta,391.2,cerrado,0
SOP091-001763,2024-10-13,E2,telefono,normal,257.2,cerrado,0
SOP091-001764,2024-10-13,E3,web,alta,2840.0,cerrado,0
SOP091-001765,2024-10-13,E1,correo,normal,509.0,cerrado,0
SOP091-001766,2024-10-13,E2,correo,alta,5188.8,cerrado,1
SOP091-001767,2024-10-13,E3,correo,normal,429.6,cerrado,0
SOP091-001768,2024-10-14,E1,telefono,baja,373.2,cerrado,0
SOP091-001769,2024-10-14,E2,telefono,normal,,abierto,0
SOP091-001770,2024-10-14,E3,telefono,baja,,abierto,0
SOP091-001771,2024-10-14,E1,correo,baja,362.4,cerrado,0
SOP091-001772,2024-10-14,E2,web,baja,,abierto,0
SOP091-001773,2024-10-14,E3,correo,normal,416.6,cerrado,0
SOP091-001774,2024-10-15,E1,telefono,normal,469.2,cerrado,0
SOP091-001775,2024-10-15,E2,telefono,normal,660.4,cerrado,0
SOP091-001776,2024-10-15,E3,web,baja,3903.0,cerrado,0
SOP091-001777,2024-10-15,E1,web,normal,91.9,cerrado,0
SOP091-001778,2024-10-15,E2,correo,normal,1234.3,cerrado,0
SOP091-001779,2024-10-15,E3,telefono,alta,720.2,cerrado,0
SOP091-001780,2024-10-15,E1,telefono,normal,248.7,cerrado,0
SOP091-001781,2024-10-16,E2,correo,normal,487.9,cerrado,0
SOP091-001782,2024-10-16,E3,correo,baja,229.2,cerrado,0
SOP091-001783,2024-10-16,E1,correo,alta,442.0,cerrado,0
SOP091-001784,2024-10-16,E2,telefono,alta,198.1,cerrado,0
SOP091-001785,2024-10-16,E3,web,normal,1782.4,cerrado,0
SOP091-001786,2024-10-16,E1,correo,normal,616.3,cerrado,0
SOP091-001787,2024-10-17,E2,telefono,alta,286.0,cerrado,0
SOP091-001788,2024-10-17,E3,correo,normal,4759.5,cerrado,1
SOP091-001789,2024-10-17,E1,correo,baja,306.2,cerrado,0
SOP091-001790,2024-10-17,E2,telefono,alta,196.2,cerrado,0
SOP091-001791,2024-10-17,E3,correo,baja,,abierto,0
SOP091-001792,2024-10-17,E1,telefono,baja,377.1,cerrado,0
SOP091-001793,2024-10-18,E2,correo,baja,1180.8,cerrado,0
SOP091-001794,2024-10-18,E3,correo,baja,,abierto,0
SOP091-001795,2024-10-18,E1,web,alta,,abierto,0
SOP091-001796,2024-10-18,E2,telefono,normal,,abierto,0
SOP091-001797,2024-10-18,E3,telefono,alta,4569.2,cerrado,1
SOP091-001798,2024-10-18,E1,telefono,normal,1988.7,cerrado,0
SOP091-001799,2024-10-19,E2,web,normal,,abierto,0
SOP091-001800,2024-10-19,E3,web,alta,385.5,cerrado,0
SOP091-001801,2024-10-19,E1,telefono,normal,,abierto,0
SOP091-001802,2024-10-19,E2,web,normal,1192.2,cerrado,0
SOP091-001803,2024-10-19,E3,web,baja,1210.7,cerrado,0
SOP091-001804,2024-10-19,E1,telefono,normal,462.2,cerrado,0
SOP091-001805,2024-10-20,E2,telefono,normal,249.2,cerrado,0
SOP091-001806,2024-10-20,E3,telefono,baja,1847.2,cerrado,0
SOP091-001807,2024-10-20,E1,correo,alta,,abierto,0
SOP091-001808,2024-10-20,E2,web,baja,545.8,cerrado,0
SOP091-001809,2024-10-20,E3,correo,baja,1236.5,cerrado,0
SOP091-001810,2024-10-20,E1,correo,normal,354.2,cerrado,0
SOP091-001811,2024-10-21,E2,correo,alta,503.4,cerrado,0
SOP091-001812,2024-10-21,E3,telefono,alta,3110.7,cerrado,0
SOP091-001813,2024-10-21,E1,web,normal,322.8,cerrado,0
SOP091-001814,2024-10-21,E2,web,alta,,abierto,0
SOP091-001815,2024-10-21,E3,web,alta,5998.9,cerrado,1
SOP091-001816,2024-10-21,E1,web,normal,,abierto,0
SOP091-001817,2024-10-21,E2,web,alta,425.4,cerrado,0
SOP091-001818,2024-10-22,E3,telefono,baja,467.4,cerrado,0
SOP091-001819,2024-10-22,E1,telefono,normal,1274.5,cerrado,0
SOP091-001820,2024-10-22,E2,correo,alta,355.5,cerrado,0
SOP091-001821,2024-10-22,E3,telefono,alta,488.2,cerrado,0
SOP091-001822,2024-10-22,E1,web,normal,1082.9,cerrado,0
SOP091-001823,2024-10-22,E2,telefono,normal,4724.7,cerrado,1
SOP091-001824,2024-10-23,E3,correo,normal,783.3,cerrado,0
SOP091-001825,2024-10-23,E1,telefono,alta,724.8,cerrado,0
SOP091-001826,2024-10-23,E2,telefono,alta,1385.1,cerrado,0
SOP091-001827,2024-10-23,E3,correo,baja,,cerrado,0
SOP091-001828,2024-10-23,E1,correo,normal,4846.8,cerrado,1
SOP091-001829,2024-10-23,E2,web,normal,8571.1,cerrado,1
SOP091-001830,2024-10-24,E3,correo,normal,460.0,cerrado,0
SOP091-001831,2024-10-24,E1,correo,normal,4597.8,cerrado,1
SOP091-001832,2024-10-24,E2,telefono,normal,,abierto,0
SOP091-001833,2024-10-24,E3,correo,normal,5840.8,cerrado,0
SOP091-001834,2024-10-24,E1,telefono,alta,214.0,cerrado,0
SOP091-001835,2024-10-24,E2,correo,normal,233.8,cerrado,0
SOP091-001836,2024-10-25,E3,correo,normal,1264.0,cerrado,0
SOP091-001837,2024-10-25,E1,correo,baja,1225.3,cerrado,0
SOP091-001838,2024-10-25,E2,web,baja,607.8,cerrado,0
SOP091-001839,2024-10-25,E3,correo,normal,452.4,cerrado,0
SOP091-001840,2024-10-25,E1,correo,alta,598.3,cerrado,0
SOP091-001841,2024-10-25,E2,web,alta,166.9,cerrado,0
SOP091-001842,2024-10-26,E3,telefono,alta,565.9,cerrado,0
SOP091-001843,2024-10-26,E1,correo,normal,132.1,cerrado,0
SOP091-001844,2024-10-26,E2, CORREO ,normal,4655.6,cerrado,1
SOP091-001845,2024-10-26,E3,telefono,baja,549.9,cerrado,0
SOP091-001846,2024-10-26,E1,web,normal,2591.7,cerrado,0
SOP091-001847,2024-10-26,E2,correo,baja,4785.2,cerrado,1
SOP091-001848,2024-10-27,E3,correo,alta,1434.7,cerrado,0
SOP091-001849,2024-10-27,E1,correo,baja,307.3,cerrado,0
SOP091-001850,2024-10-27,E2,web,alta,,abierto,0
SOP091-001851,2024-10-27,E3,web,baja,235.8,cerrado,0
SOP091-001852,2024-10-27,E1,correo,baja,4672.4,cerrado,1
SOP091-001853,2024-10-27,E2,correo,normal,909.8,cerrado,0
SOP091-001854,2024-10-28,E3,web,alta,281.6,cerrado,0
SOP091-001855,2024-10-28,E1,correo,alta,5790.6,cerrado,1
SOP091-001856,2024-10-28,E2,telefono,alta,233.1,cerrado,0
SOP091-001857,2024-10-28,E3,correo,normal,1570.8,cerrado,0
SOP091-001858,2024-10-28,E1,correo,normal,,abierto,0
SOP091-001859,2024-10-28,E2,correo,normal,142.0,cerrado,0
SOP091-001860,2024-10-28,E3,web,normal,1116.2,cerrado,0
SOP091-001861,2024-10-29,E1,web,normal,112.5,cerrado,0
SOP091-001862,2024-10-29,E2,correo,baja,258.1,cerrado,0
SOP091-001863,2024-10-29,E3,telefono,baja,,abierto,0
SOP091-001864,2024-10-29,E1,telefono,normal,755.2,cerrado,0
SOP091-001865,2024-10-29,E2,telefono,baja,304.5,cerrado,0
SOP091-001866,2024-10-29,E3,telefono,normal,1855.7,cerrado,0
SOP091-001867,2024-10-30,E1,telefono,alta,666.8,cerrado,0
SOP091-001868,2024-10-30,E2,correo,baja,478.5,cerrado,0
SOP091-001869,2024-10-30,E3,telefono,baja,,abierto,0
SOP091-001870,2024-10-30,E1,correo,normal,528.0,cerrado,0
SOP091-001871,2024-10-30,E2,telefono,baja,493.6,cerrado,0
SOP091-001872,2024-10-30,E3,telefono,normal,583.5,cerrado,0
SOP091-001873,2024-10-31,E1,web,alta,204.7,cerrado,0
SOP091-001874,2024-10-31,E2,telefono,normal,6293.5,cerrado,1
SOP091-001875,2024-10-31,E3,web,alta,1434.9,cerrado,0
SOP091-001876,2024-10-31,E1,correo,alta,5080.4,cerrado,1
SOP091-001877,2024-10-31,E2,web,normal,206.9,cerrado,0
SOP091-001878,2024-10-31,E3,telefono,normal,763.5,cerrado,0
SOP091-001879,2024-11-01,E1,web,alta,1478.7,cerrado,0
SOP091-001880,2024-11-01,E2,telefono,baja,489.1,cerrado,0
SOP091-001881,2024-11-01,E3,telefono,normal,1769.6,cerrado,0
SOP091-001882,2024-11-01,E1,telefono,baja,999.1,cerrado,0
SOP091-001883,2024-11-01,E2,telefono,normal,,abierto,0
SOP091-001884,2024-11-01,E3,web,baja,1931.0,cerrado,0
SOP091-001885,2024-11-02,E1,correo,alta,979.9,cerrado,0
SOP091-001886,2024-11-02,E2,telefono,alta,4525.8,cerrado,1
SOP091-001887,2024-11-02,E3,telefono,normal,1951.2,cerrado,0
SOP091-001888,2024-11-02,E1,correo,baja,491.5,cerrado,0
SOP091-001889,2024-11-02,E2,telefono,normal,631.2,cerrado,0
SOP091-001890,2024-11-02,E3,web,baja,1109.1,cerrado,0
SOP091-001891,2024-11-03,E1,web,baja,917.1,cerrado,0
SOP091-001892,2024-11-03,E2,telefono,normal,1226.5,cerrado,0
SOP091-001893,2024-11-03,E3,web,normal,386.9,cerrado,0
SOP091-001894,2024-11-03,E1,telefono,normal,546.9,cerrado,0
SOP091-001895,2024-11-03,E2,web,normal,,abierto,0
SOP091-001896,2024-11-03,E3,web,normal,948.0,cerrado,0
SOP091-001897,2024-11-03,E1,telefono,normal,130.7,cerrado,0
SOP091-001898,2024-11-04,E2,telefono,normal,127.9,cerrado,0
SOP091-001899,2024-11-04,E3,correo,baja,1492.4,cerrado,0
SOP091-001900,2024-11-04,E1,correo,normal,"770,4",cerrado,0
SOP091-001901,2024-11-04,E2,correo,normal,1595.9,cerrado,0
SOP091-001902,2024-11-04,E3,correo,normal,643.9,cerrado,0
SOP091-001903,2024-11-04,E1,correo,normal,618.4,cerrado,0
SOP091-001904,2024-11-05,E2,web,alta,1418.6,cerrado,0
SOP091-001905,2024-11-05,E3,telefono,normal,4984.8,cerrado,1
SOP091-001906,2024-11-05,E1,web,alta,488.5,cerrado,0
SOP091-001907,2024-11-05,E2,web,alta,374.8,cerrado,0
SOP091-001908,2024-11-05,E3,telefono,baja,419.9,cerrado,0
SOP091-001909,2024-11-05,E1,correo,normal,263.1,cerrado,0
SOP091-001910,2024-11-06,E2,web,baja,,cerrado,0
SOP091-001911,2024-11-06,E3,correo,baja,,abierto,0
SOP091-001912,2024-11-06,E1,correo,normal,1043.6,cerrado,0
SOP091-001913,2024-11-06,E2,telefono,normal,485.6,cerrado,0
SOP091-001914,2024-11-06,E3,telefono,baja,837.7,cerrado,0
SOP091-001915,2024-11-06,E1,web,alta,452.2,cerrado,0
SOP091-001916,2024-11-07,E2,web,normal,364.0,cerrado,0
SOP091-001917,2024-11-07,E3,web,normal,4910.4,cerrado,1
SOP091-001918,2024-11-07,E1,web,alta,1742.7,cerrado,0
SOP091-001919,2024-11-07,E2,correo,normal,766.6,cerrado,0
SOP091-001920,2024-11-07,E3,web,alta,546.2,cerrado,0
SOP091-001921,2024-11-07,E1,correo,normal,1022.0,cerrado,0
SOP091-001922,2024-11-08,E2,correo,normal,189.7,cerrado,0
SOP091-001923,2024-11-08,E3,correo,normal,4477.0,cerrado,1
SOP091-001924,2024-11-08,E1,web,alta,796.4,cerrado,0
SOP091-001925,2024-11-08,E2,web,alta,1964.6,cerrado,0
SOP091-001926,2024-11-08,E3,correo,alta,567.2,cerrado,0
SOP091-001927,2024-11-08,E1,telefono,baja,506.8,cerrado,0
SOP091-001928,2024-11-09,E2,web,normal,498.5,cerrado,0
SOP091-001929,2024-11-09,E3,telefono,normal,5272.4,cerrado,1
SOP091-001930,2024-11-09,E1,correo,alta,633.4,cerrado,0
SOP091-001931,2024-11-09,E2,web,baja,287.5,cerrado,0
SOP091-001932,2024-11-09,E3,web,normal,1206.0,cerrado,0
SOP091-001933,2024-11-09,E1,telefono,baja,,abierto,0
SOP091-001934,2024-11-10,E2,correo,normal,,abierto,0
SOP091-001935,2024-11-10,E3,web,baja,673.1,cerrado,0
SOP091-001936,2024-11-10,E1,telefono,normal,445.2,cerrado,0
SOP091-001937,2024-11-10,E2,telefono,baja,2755.8,cerrado,0
SOP091-001938,2024-11-10,E3,telefono,normal,567.0,cerrado,0
SOP091-001939,2024-11-10,E1,web,normal,5305.1,cerrado,1
SOP091-001940,2024-11-10,E2,correo,normal,385.1,cerrado,0
SOP091-001941,2024-11-11,E3, WEB ,baja,1385.6,cerrado,0
SOP091-001942,2024-11-11,E1,correo,normal,683.2,cerrado,0
SOP091-001943,2024-11-11,E2,correo,alta,247.3,cerrado,0
SOP091-001944,2024-11-11,E3,telefono,normal,11950.9,cerrado,1
SOP091-001945,2024-11-11,E1,telefono,normal,35.4,cerrado,0
SOP091-001946,2024-11-11,E2,telefono,normal,267.1,cerrado,0
SOP091-001947,2024-11-12,E3,correo,normal,135.2,cerrado,0
SOP091-001948,2024-11-12,E1,telefono,normal,,abierto,0
SOP091-001949,2024-11-12,E2,correo,alta,708.3,cerrado,0
SOP091-001950,2024-11-12,E3,web,baja,4819.8,cerrado,1
SOP091-001951,2024-11-12,E1,web,normal,,abierto,0
SOP091-001952,2024-11-12,E2,web,normal,338.8,cerrado,0
SOP091-001953,2024-11-13,E3,telefono,normal,,abierto,0
SOP091-001954,2024-11-13,E1,telefono,normal,,abierto,0
SOP091-001955,2024-11-13,E2,correo,normal,576.5,cerrado,0
SOP091-001956,2024-11-13,E3,telefono,alta,383.7,cerrado,0
SOP091-001957,2024-11-13,E1,web,baja,,abierto,0
SOP091-001958,2024-11-13,E2,correo,baja,918.6,cerrado,0
SOP091-001959,2024-11-14,E3,telefono,alta,3837.6,cerrado,0
SOP091-001960,2024-11-14,E1,web,normal,322.3,cerrado,0
SOP091-001961,2024-11-14,E2,correo,baja,210.2,cerrado,0
SOP091-001962,2024-11-14,E3,correo,baja,4992.7,cerrado,1
SOP091-001963,2024-11-14,E1,web,baja,573.4,cerrado,0
SOP091-001964,2024-11-14,E2,telefono,baja,330.2,cerrado,0
SOP091-001965,2024-11-15,E3,web,baja,,abierto,0
SOP091-001966,2024-11-15,E1,web,normal,4633.3,cerrado,1
SOP091-001967,2024-11-15,E2,web,normal,965.8,cerrado,0
SOP091-001968,2024-11-15,E3,correo,normal,,abierto,0
SOP091-001969,2024-11-15,E1,telefono,normal,205.2,cerrado,0
SOP091-001970,2024-11-15,E2,web,baja,620.8,cerrado,0
SOP091-001971,2024-11-16,E3,correo,normal,140.4,cerrado,0
SOP091-001972,2024-11-16,E1,telefono,normal,661.4,cerrado,0
SOP091-001973,2024-11-16,E2,web,baja,628.2,cerrado,0
SOP091-001974,2024-11-16,E3,web,normal,,abierto,0
SOP091-001975,2024-11-16,E1,web,normal,2185.6,cerrado,0
SOP091-001976,2024-11-16,E2,correo,normal,,abierto,0
SOP091-001977,2024-11-16,E3,web,baja,725.6,cerrado,0
SOP091-001978,2024-11-17,E1,telefono,normal,,abierto,0
SOP091-001979,2024-11-17,E2,correo,alta,200.6,cerrado,0
SOP091-001980,2024-11-17,E3,correo,normal,11087.3,cerrado,0
SOP091-001981,2024-11-17,E1,telefono,normal,175.3,cerrado,0
SOP091-001982,2024-11-17,E2,web,baja,830.7,cerrado,0
SOP091-001983,2024-11-17,E3,correo,normal,1076.9,cerrado,0
SOP091-001984,2024-11-18,E1,correo,alta,138.1,cerrado,0
SOP091-001985,2024-11-18,E2,web,normal,263.4,cerrado,0
SOP091-001986,2024-11-18,E3,web,normal,197.7,cerrado,0
SOP091-001987,2024-11-18,E1,web,alta,172.6,cerrado,0
SOP091-001988,2024-11-18,E2,correo,normal,997.4,cerrado,0
SOP091-001989,2024-11-18,E3,correo,alta,879.0,cerrado,0
SOP091-001990,2024-11-19,E1,telefono,normal,387.0,cerrado,0
SOP091-001991,2024-11-19,E2,telefono,baja,219.4,cerrado,0
SOP091-001992,2024-11-19,E3,correo,normal,253.6,cerrado,0
SOP091-001993,2024-11-19,E1,telefono,normal,,cerrado,1
SOP091-001994,2024-11-19,E2,correo,alta,1417.9,cerrado,0
SOP091-001995,2024-11-19,E3,telefono,alta,,abierto,0
SOP091-001996,2024-11-20,E1,correo,normal,131.1,cerrado,0
SOP091-001997,2024-11-20,E2,web,normal,401.8,cerrado,0
SOP091-001998,2024-11-20,E3,web,normal,4434.9,cerrado,1
SOP091-001999,2024-11-20,E1,correo,baja,192.9,cerrado,0
SOP091-002000,2024-11-20,E2,correo,normal,161.7,cerrado,0
SOP091-002001,2024-11-20,E3,telefono,alta,1238.7,cerrado,0
SOP091-002002,2024-11-21,E1,telefono,alta,994.5,cerrado,0
SOP091-002003,2024-11-21,E2,correo,baja,116.7,cerrado,0
SOP091-002004,2024-11-21,E3,correo,alta,569.1,cerrado,0
SOP091-002005,2024-11-21,E1,telefono,alta,654.8,cerrado,0
SOP091-002006,2024-11-21,E2,telefono,normal,,abierto,0
SOP091-002007,2024-11-21,E3,correo,alta,319.8,cerrado,0
SOP091-002008,2024-11-22,E1,web,normal,62.6,cerrado,0
SOP091-002009,2024-11-22,E2,correo,normal,303.4,cerrado,0
SOP091-002010,2024-11-22,E3,correo,normal,476.8,cerrado,0
SOP091-002011,2024-11-22,E1,web,baja,,abierto,0
SOP091-002012,2024-11-22,E2,web,baja,434.9,cerrado,0
SOP091-002013,2024-11-22,E3,web,normal,315.4,cerrado,0
SOP091-002014,2024-11-23,E1,correo,alta,637.5,cerrado,0
SOP091-002015,2024-11-23,E2,correo,normal,1070.6,cerrado,0
SOP091-002016,2024-11-23,E3,telefono,normal,363.8,cerrado,0
SOP091-002017,2024-11-23,E1,telefono,baja,1059.2,cerrado,0
SOP091-002018,2024-11-23,E2,web,normal,4970.7,cerrado,1
SOP091-002019,2024-11-23,E3,web,normal,960.1,cerrado,0
SOP091-002020,2024-11-23,E1,telefono,normal,402.3,cerrado,0
SOP091-002021,2024-11-24,E2,correo,normal,122.7,cerrado,0
SOP091-002022,2024-11-24,E3,web,baja,4514.4,cerrado,1
SOP091-002023,2024-11-24,E1,correo,normal,1656.8,cerrado,0
SOP091-002024,2024-11-24,E2,telefono,normal,891.9,cerrado,0
SOP091-002025,2024-11-24,E3,correo,normal,1169.5,cerrado,0
SOP091-002026,2024-11-24,E1,web,baja,213.7,cerrado,0
SOP091-002027,2024-11-25,E2,telefono,normal,618.0,cerrado,0
SOP091-002028,2024-11-25,E3,correo,normal,,abierto,0
SOP091-002029,2024-11-25,E1,correo,baja,4625.0,cerrado,1
SOP091-002030,2024-11-25,E2,correo,normal,415.0,cerrado,0
SOP091-002031,2024-11-25,E3,web,normal,4665.0,cerrado,1
SOP091-002032,2024-11-25,E1,web,baja,589.3,cerrado,0
SOP091-002033,2024-11-26,E2,correo,normal,470.6,cerrado,0
SOP091-002034,2024-11-26,E3,telefono,normal,724.9,cerrado,0
SOP091-002035,2024-11-26,E1,telefono,alta,,abierto,0
SOP091-002036,2024-11-26,E2,correo,normal,782.8,cerrado,0
SOP091-002037,2024-11-26,E3,telefono,normal,988.7,cerrado,0
SOP091-002038,2024-11-26,E1, CORREO ,normal,611.9,cerrado,0
SOP091-002039,2024-11-27,E2,telefono,normal,,abierto,0
SOP091-002040,2024-11-27,E3,correo,alta,,abierto,0
SOP091-002041,2024-11-27,E1,correo,normal,347.7,cerrado,0
SOP091-002042,2024-11-27,E2,telefono,alta,3167.2,cerrado,0
SOP091-002043,2024-11-27,E3,telefono,alta,5475.3,cerrado,1
SOP091-002044,2024-11-27,E1,correo,normal,,abierto,0
SOP091-002045,2024-11-28,E2,correo,baja,359.7,cerrado,0
SOP091-002046,2024-11-28,E3,correo,baja,,abierto,0
SOP091-002047,2024-11-28,E1,correo,normal,527.5,cerrado,0
SOP091-002048,2024-11-28,E2,correo,baja,4626.1,cerrado,1
SOP091-002049,2024-11-28,E3,web,baja,533.7,cerrado,0
SOP091-002050,2024-11-28,E1,telefono,baja,4568.2,cerrado,1
SOP091-002051,2024-11-29,E2,correo,normal,280.5,cerrado,0
SOP091-002052,2024-11-29,E3,correo,baja,410.0,cerrado,0
SOP091-002053,2024-11-29,E1,web,baja,219.8,cerrado,0
SOP091-002054,2024-11-29,E2,telefono,normal,5791.3,cerrado,1
SOP091-002055,2024-11-29,E3,correo,baja,,abierto,0
SOP091-002056,2024-11-29,E1,correo,normal,801.8,cerrado,0
SOP091-002057,2024-11-29,E2,telefono,normal,,abierto,0
SOP091-002058,2024-11-30,E3,correo,baja,859.2,cerrado,0
SOP091-002059,2024-11-30,E1,correo,normal,954.1,cerrado,0
SOP091-002060,2024-11-30,E2,telefono,normal,1064.6,cerrado,0
SOP091-002061,2024-11-30,E3,correo,baja,1551.3,cerrado,0
SOP091-002062,2024-11-30,E1,telefono,normal,,abierto,0
SOP091-002063,2024-11-30,E2,correo,alta,218.2,cerrado,0
SOP091-002064,2024-12-01,E3,web,alta,4832.0,cerrado,1
SOP091-002065,2024-12-01,E1,web,normal,646.7,cerrado,0
SOP091-002066,2024-12-01,E2,telefono,baja,586.2,cerrado,0
SOP091-002067,2024-12-01,E3,correo,normal,4957.6,cerrado,1
SOP091-002068,2024-12-01,E1,web,baja,4507.4,cerrado,1
SOP091-002069,2024-12-01,E2,telefono,normal,4733.1,cerrado,1
SOP091-002070,2024-12-02,E3,correo,baja,830.1,cerrado,0
SOP091-002071,2024-12-02,E1,web,normal,271.7,cerrado,0
SOP091-002072,2024-12-02,E2,web,alta,234.5,cerrado,0
SOP091-002073,2024-12-02,E3,correo,normal,855.6,cerrado,0
SOP091-002074,2024-12-02,E1,web,normal,722.9,cerrado,0
SOP091-002075,2024-12-02,E2,telefono,normal,478.1,cerrado,0
SOP091-002076,2024-12-03,E3,web,alta,,abierto,0
SOP091-002077,2024-12-03,E1,web,alta,1060.2,cerrado,0
SOP091-002078,2024-12-03,E2,web,normal,139.4,cerrado,0
SOP091-002079,2024-12-03,E3,telefono,normal,209.1,cerrado,0
SOP091-002080,2024-12-03,E1,web,alta,,abierto,0
SOP091-002081,2024-12-03,E2,telefono,alta,2086.5,cerrado,0
SOP091-002082,2024-12-04,E3,telefono,baja,2606.9,cerrado,0
SOP091-002083,2024-12-04,E1,web,normal,279.1,cerrado,0
SOP091-002084,2024-12-04,E2,web,normal,357.7,cerrado,0
SOP091-002085,2024-12-04,E3,telefono,alta,,abierto,0
SOP091-002086,2024-12-04,E1,web,alta,,abierto,0
SOP091-002087,2024-12-04,E2,telefono,normal,4439.6,cerrado,1
SOP091-002088,2024-12-05,E3,correo,normal,,abierto,0
SOP091-002089,2024-12-05,E1,correo,baja,5255.2,cerrado,1
SOP091-002090,2024-12-05,E2,web,normal,881.5,cerrado,0
SOP091-002091,2024-12-05,E3,correo,baja,614.5,cerrado,0
SOP091-002092,2024-12-05,E1,telefono,baja,261.1,cerrado,0
SOP091-002093,2024-12-05,E2,correo,alta,720.2,cerrado,0
SOP091-002094,2024-12-05,E3,web,normal,,abierto,0
SOP091-002095,2024-12-06,E1,web,alta,111.7,cerrado,0
SOP091-002096,2024-12-06,E2,web,normal,1397.7,cerrado,0
SOP091-002097,2024-12-06,E3,correo,normal,717.8,cerrado,0
SOP091-002098,2024-12-06,E1,correo,normal,486.7,cerrado,0
SOP091-002099,2024-12-06,E2,correo,normal,211.5,cerrado,0
SOP091-002100,2024-12-06,E3,web,alta,4937.2,cerrado,1
SOP091-002101,2024-12-07,E1,telefono,normal,,abierto,0
SOP091-002102,2024-12-07,E2,web,alta,1144.6,cerrado,0
SOP091-002103,2024-12-07,E3,telefono,alta,710.2,cerrado,0
SOP091-002104,2024-12-07,E1,telefono,normal,482.5,cerrado,0
SOP091-002105,2024-12-07,E2,telefono,normal,450.9,cerrado,0
SOP091-002106,2024-12-07,E3,telefono,normal,510.8,cerrado,0
SOP091-002107,2024-12-08,E1,telefono,baja,284.8,cerrado,0
SOP091-002108,2024-12-08,E2,telefono,baja,1226.1,cerrado,0
SOP091-002109,2024-12-08,E3,correo,normal,428.0,cerrado,0
SOP091-002110,2024-12-08,E1,correo,normal,407.8,cerrado,0
SOP091-002111,2024-12-08,E2,correo,normal,"2477,0",cerrado,0
SOP091-002112,2024-12-08,E3,correo,baja,1315.3,cerrado,0
SOP091-002113,2024-12-09,E1,web,alta,1295.9,cerrado,0
SOP091-002114,2024-12-09,E2,correo,baja,,abierto,0
SOP091-002115,2024-12-09,E3,correo,normal,546.4,cerrado,0
SOP091-002116,2024-12-09,E1,correo,alta,458.2,cerrado,0
SOP091-002117,2024-12-09,E2,correo,alta,380.8,cerrado,0
SOP091-002118,2024-12-09,E3,telefono,baja,3230.0,cerrado,0
SOP091-002119,2024-12-10,E1,telefono,baja,335.0,cerrado,0
SOP091-002120,2024-12-10,E2,telefono,normal,327.4,cerrado,0
SOP091-002121,2024-12-10,E3,correo,normal,1366.9,cerrado,0
SOP091-002122,2024-12-10,E1,correo,alta,234.7,cerrado,0
SOP091-002123,2024-12-10,E2,web,normal,,abierto,0
SOP091-002124,2024-12-10,E3,telefono,normal,819.9,cerrado,0
SOP091-002125,2024-12-11,E1,correo,baja,2165.3,cerrado,0
SOP091-002126,2024-12-11,E2,correo,alta,4696.5,cerrado,1
SOP091-002127,2024-12-11,E3,correo,alta,459.1,cerrado,0
SOP091-002128,2024-12-11,E1,telefono,alta,207.0,cerrado,0
SOP091-002129,2024-12-11,E2,web,alta,1701.3,cerrado,0
SOP091-002130,2024-12-11,E3,correo,alta,1394.8,cerrado,0
SOP091-002131,2024-12-12,E1,telefono,baja,574.4,cerrado,0
SOP091-002132,2024-12-12,E2,correo,alta,1138.4,cerrado,0
SOP091-002133,2024-12-12,E3,web,normal,1045.8,cerrado,0
SOP091-002134,2024-12-12,E1,web,normal,173.4,cerrado,0
SOP091-002135,2024-12-12,E2, CORREO ,normal,,abierto,0
SOP091-002136,2024-12-12,E3,correo,normal,662.8,cerrado,0
SOP091-002137,2024-12-12,E1,telefono,alta,1144.7,cerrado,0
SOP091-002138,2024-12-13,E2,telefono,normal,289.0,cerrado,0
SOP091-002139,2024-12-13,E3,telefono,baja,280.1,cerrado,0
SOP091-002140,2024-12-13,E1,correo,baja,5852.0,cerrado,1
SOP091-002141,2024-12-13,E2,telefono,alta,418.8,cerrado,0
SOP091-002142,2024-12-13,E3,correo,normal,362.1,cerrado,0
SOP091-002143,2024-12-13,E1,correo,baja,73.8,cerrado,0
SOP091-002144,2024-12-14,E2,telefono,baja,446.7,cerrado,0
SOP091-002145,2024-12-14,E3,web,normal,1029.4,cerrado,0
SOP091-002146,2024-12-14,E1,web,baja,658.3,cerrado,0
SOP091-002147,2024-12-14,E2,correo,baja,175.9,cerrado,0
SOP091-002148,2024-12-14,E3,telefono,normal,4710.0,cerrado,1
SOP091-002149,2024-12-14,E1,web,normal,243.2,cerrado,0
SOP091-002150,2024-12-15,E2,correo,normal,317.1,cerrado,0
SOP091-002151,2024-12-15,E3,correo,alta,804.4,cerrado,0
SOP091-002152,2024-12-15,E1,telefono,normal,750.0,cerrado,0
SOP091-002153,2024-12-15,E2,web,normal,700.2,cerrado,0
SOP091-002154,2024-12-15,E3,web,normal,4156.1,cerrado,0
SOP091-002155,2024-12-15,E1,web,normal,199.3,cerrado,0
SOP091-002156,2024-12-16,E2,web,normal,355.1,cerrado,0
SOP091-002157,2024-12-16,E3,correo,normal,506.6,cerrado,0
SOP091-002158,2024-12-16,E1,telefono,baja,447.1,cerrado,0
SOP091-002159,2024-12-16,E2,correo,alta,,cerrado,0
SOP091-002160,2024-12-16,E3,web,baja,4785.3,cerrado,1
SOP091-002161,2024-12-16,E1,telefono,normal,,abierto,0
SOP091-002162,2024-12-17,E2,web,alta,418.6,cerrado,0
SOP091-002163,2024-12-17,E3,web,normal,2148.9,cerrado,0
SOP091-002164,2024-12-17,E1,telefono,normal,4419.2,cerrado,1
SOP091-002165,2024-12-17,E2,telefono,normal,175.4,cerrado,0
SOP091-002166,2024-12-17,E3,web,baja,,abierto,0
SOP091-002167,2024-12-17,E1,web,alta,537.2,cerrado,0
SOP091-002168,2024-12-18,E2,web,normal,4506.6,cerrado,1
SOP091-002169,2024-12-18,E3,telefono,normal,2039.9,cerrado,0
SOP091-002170,2024-12-18,E1,telefono,normal,1558.9,cerrado,0
SOP091-002171,2024-12-18,E2,correo,alta,1572.5,cerrado,0
SOP091-002172,2024-12-18,E3,correo,normal,276.4,cerrado,0
SOP091-002173,2024-12-18,E1,correo,normal,136.3,cerrado,0
SOP091-002174,2024-12-18,E2,telefono,baja,2986.4,cerrado,0
SOP091-002175,2024-12-19,E3,telefono,baja,4677.9,cerrado,1
SOP091-002176,2024-12-19,E1,correo,baja,204.0,cerrado,0
SOP091-002177,2024-12-19,E2,web,normal,170.1,cerrado,0
SOP091-002178,2024-12-19,E3,correo,baja,,abierto,0
SOP091-002179,2024-12-19,E1,web,baja,4805.6,cerrado,1
SOP091-002180,2024-12-19,E2,web,normal,,abierto,0
SOP091-002181,2024-12-20,E3,correo,alta,1278.2,cerrado,0
SOP091-002182,2024-12-20,E1,correo,baja,374.6,cerrado,0
SOP091-002183,2024-12-20,E2,telefono,baja,1578.2,cerrado,0
SOP091-002184,2024-12-20,E3,web,baja,1028.8,cerrado,0
SOP091-002185,2024-12-20,E1,web,normal,,abierto,0
SOP091-002186,2024-12-20,E2,correo,normal,744.9,cerrado,0
SOP091-002187,2024-12-21,E3,web,alta,189.9,cerrado,0
SOP091-002188,2024-12-21,E1,telefono,normal,102.0,cerrado,0
SOP091-002189,2024-12-21,E2,telefono,baja,,abierto,0
SOP091-002190,2024-12-21,E3,correo,normal,610.0,cerrado,0
SOP091-002191,2024-12-21,E1,correo,normal,551.3,cerrado,0
SOP091-002192,2024-12-21,E2,web,baja,692.9,cerrado,0
SOP091-002193,2024-12-22,E3,web,alta,209.5,cerrado,0
SOP091-002194,2024-12-22,E1,web,normal,,abierto,0
SOP091-002195,2024-12-22,E2,correo,baja,420.8,cerrado,0
SOP091-002196,2024-12-22,E3,web,baja,2994.4,cerrado,0
SOP091-002197,2024-12-22,E1,web,baja,153.5,cerrado,0
SOP091-002198,2024-12-22,E2,telefono,normal,388.2,cerrado,0
SOP091-002199,2024-12-23,E3,correo,baja,493.6,cerrado,0
SOP091-002200,2024-12-23,E1,telefono,normal,422.1,cerrado,0
SOP091-002201,2024-12-23,E2,correo,baja,502.5,cerrado,0
SOP091-002202,2024-12-23,E3,web,alta,171.9,cerrado,0
SOP091-002203,2024-12-23,E1,correo,normal,289.6,cerrado,0
SOP091-002204,2024-12-23,E2,correo,alta,4609.1,cerrado,1
SOP091-002205,2024-12-24,E3,telefono,normal,6016.3,cerrado,1
SOP091-002206,2024-12-24,E1,telefono,alta,287.5,cerrado,0
SOP091-002207,2024-12-24,E2,correo,normal,469.7,cerrado,0
SOP091-002208,2024-12-24,E3,web,alta,173.0,cerrado,0
SOP091-002209,2024-12-24,E1,web,normal,190.0,cerrado,0
SOP091-002210,2024-12-24,E2,web,baja,78.5,cerrado,0
SOP091-002211,2024-12-25,E3,telefono,normal,1328.8,cerrado,0
SOP091-002212,2024-12-25,E1,web,normal,1834.9,cerrado,0
SOP091-002213,2024-12-25,E2,correo,normal,5031.3,cerrado,1
SOP091-002214,2024-12-25,E3,telefono,normal,3864.7,cerrado,0
SOP091-002215,2024-12-25,E1,telefono,alta,162.1,cerrado,0
SOP091-002216,2024-12-25,E2,telefono,baja,239.5,cerrado,0
SOP091-002217,2024-12-25,E3,telefono,normal,,abierto,0
SOP091-002218,2024-12-26,E1,correo,baja,71.2,cerrado,0
SOP091-002219,2024-12-26,E2,web,baja,343.7,cerrado,0
SOP091-002220,2024-12-26,E3,telefono,normal,543.6,cerrado,0
SOP091-002221,2024-12-26,E1,correo,alta,645.2,cerrado,0
SOP091-002222,2024-12-26,E2,correo,normal,1132.5,cerrado,0
SOP091-002223,2024-12-26,E3,telefono,normal,7252.1,cerrado,1
SOP091-002224,2024-12-27,E1,telefono,alta,4535.2,cerrado,1
SOP091-002225,2024-12-27,E2,web,baja,228.2,cerrado,0
SOP091-002226,2024-12-27,E3,telefono,alta,4658.0,cerrado,1
SOP091-002227,2024-12-27,E1,correo,normal,615.5,cerrado,0
SOP091-002228,2024-12-27,E2,correo,baja,415.5,cerrado,0
SOP091-002229,2024-12-27,E3,correo,alta,1094.3,cerrado,0
SOP091-002230,2024-12-28,E1,correo,alta,,abierto,0
SOP091-002231,2024-12-28,E2,web,baja,765.3,cerrado,0
SOP091-002232,2024-12-28,E3, WEB ,normal,4416.8,cerrado,1
SOP091-002233,2024-12-28,E1,telefono,normal,148.0,cerrado,0
SOP091-002234,2024-12-28,E2,telefono,baja,533.9,cerrado,0
SOP091-002235,2024-12-28,E3,telefono,normal,383.7,cerrado,0
SOP091-002236,2024-12-29,E1,telefono,normal,384.4,cerrado,0
SOP091-002237,2024-12-29,E2,correo,alta,,abierto,0
SOP091-002238,2024-12-29,E3,correo,alta,1353.4,cerrado,0
SOP091-002239,2024-12-29,E1,web,alta,715.0,cerrado,0
SOP091-002240,2024-12-29,E2,telefono,alta,1768.9,cerrado,0
SOP091-002241,2024-12-29,E3,telefono,normal,833.8,cerrado,0
SOP091-002242,2024-12-30,E1,web,alta,,cerrado,0
SOP091-002243,2024-12-30,E2,web,alta,1455.4,cerrado,0
SOP091-002244,2024-12-30,E3,telefono,normal,5631.3,cerrado,1
SOP091-002245,2024-12-30,E1,correo,normal,1508.1,cerrado,0
SOP091-002246,2024-12-30,E2,web,normal,1310.9,cerrado,0
SOP091-002247,2024-12-30,E3,telefono,normal,,abierto,0
SOP091-002248,2024-12-31,E1,correo,normal,752.1,cerrado,0
SOP091-002249,2024-12-31,E2,correo,baja,398.1,cerrado,0
SOP091-002250,2024-12-31,E3,correo,alta,503.7,cerrado,0
SOP091-002251,2024-12-31,E1,web,normal,109.7,cerrado,0
SOP091-002252,2024-12-31,E2,telefono,normal,6398.3,cerrado,1
SOP091-002253,2024-12-31,E3,web,baja,5590.4,cerrado,1
SOP091-002254,2024-12-31,E1,correo,normal,138.7,cerrado,0
SOP091-002255,2025-01-01,E2,correo,normal,2097.0,cerrado,0
SOP091-002256,2025-01-01,E3,web,normal,605.4,cerrado,0
SOP091-002257,2025-01-01,E1,web,baja,1028.9,cerrado,0
SOP091-002258,2025-01-01,E2,correo,normal,4850.4,cerrado,1
SOP091-002259,2025-01-01,E3,telefono,baja,1098.2,cerrado,0
SOP091-002260,2025-01-01,E1,telefono,normal,755.9,cerrado,0
SOP091-002261,2025-01-02,E2,correo,alta,,abierto,0
SOP091-002262,2025-01-02,E3,telefono,alta,5407.5,cerrado,1
SOP091-002263,2025-01-02,E1,telefono,normal,,abierto,0
SOP091-002264,2025-01-02,E2,correo,alta,269.1,cerrado,0
SOP091-002265,2025-01-02,E3,correo,baja,3203.3,cerrado,0
SOP091-002266,2025-01-02,E1,telefono,baja,338.2,cerrado,0
SOP091-002267,2025-01-03,E2,web,normal,2044.4,cerrado,0
SOP091-002268,2025-01-03,E3,correo,alta,480.6,cerrado,0
SOP091-002269,2025-01-03,E1,web,normal,194.1,cerrado,0
SOP091-002270,2025-01-03,E2,web,alta,,abierto,0
SOP091-002271,2025-01-03,E3,web,alta,,abierto,0
SOP091-002272,2025-01-03,E1,telefono,baja,436.4,cerrado,0
SOP091-002273,2025-01-04,E2,web,normal,1137.6,cerrado,0
SOP091-002274,2025-01-04,E3,telefono,normal,369.5,cerrado,0
SOP091-002275,2025-01-04,E1,correo,alta,224.6,cerrado,0
SOP091-002276,2025-01-04,E2,correo,alta,788.0,cerrado,0
SOP091-002277,2025-01-04,E3,web,alta,,abierto,0
SOP091-002278,2025-01-04,E1,web,normal,303.5,cerrado,0
SOP091-002279,2025-01-05,E2,correo,normal,7320.1,cerrado,1
SOP091-002280,2025-01-05,E3,telefono,baja,218.7,cerrado,0
SOP091-002281,2025-01-05,E1,correo,alta,4661.1,cerrado,1
SOP091-002282,2025-01-05,E2,correo,normal,1192.8,cerrado,0
SOP091-002283,2025-01-05,E3,web,normal,4887.8,cerrado,1
SOP091-002284,2025-01-05,E1,correo,baja,,abierto,0
SOP091-002285,2025-01-06,E2,correo,baja,,abierto,0
SOP091-002286,2025-01-06,E3,correo,normal,4670.8,cerrado,1
SOP091-002287,2025-01-06,E1,correo,alta,576.1,cerrado,0
SOP091-002288,2025-01-06,E2,correo,alta,1082.4,cerrado,0
SOP091-002289,2025-01-06,E3,correo,alta,5042.8,cerrado,1
SOP091-002290,2025-01-06,E1,correo,normal,270.5,cerrado,0
SOP091-002291,2025-01-06,E2,web,baja,,abierto,0
SOP091-002292,2025-01-07,E3,web,baja,329.0,cerrado,0
SOP091-002293,2025-01-07,E1,telefono,normal,1577.9,cerrado,0
SOP091-002294,2025-01-07,E2,correo,baja,142.5,cerrado,0
SOP091-002295,2025-01-07,E3,telefono,alta,434.5,cerrado,0
SOP091-002296,2025-01-07,E1,correo,normal,161.8,cerrado,0
SOP091-002297,2025-01-07,E2,telefono,baja,439.1,cerrado,0
SOP091-002298,2025-01-08,E3,telefono,alta,568.7,cerrado,0
SOP091-002299,2025-01-08,E1,telefono,alta,971.5,cerrado,0
SOP091-002300,2025-01-08,E2,web,alta,927.1,cerrado,0
SOP091-002301,2025-01-08,E3,correo,normal,4607.3,cerrado,1
SOP091-002302,2025-01-08,E1,telefono,baja,380.9,cerrado,0
SOP091-002303,2025-01-08,E2,correo,alta,1898.5,cerrado,0
SOP091-002304,2025-01-09,E3,telefono,baja,258.8,cerrado,0
SOP091-002305,2025-01-09,E1,correo,normal,119.3,cerrado,0
SOP091-002306,2025-01-09,E2,correo,normal,748.4,cerrado,0
SOP091-002307,2025-01-09,E3,web,normal,,abierto,0
SOP091-002308,2025-01-09,E1,web,baja,427.9,cerrado,0
SOP091-002309,2025-01-09,E2,telefono,normal,311.0,cerrado,0
SOP091-002310,2025-01-10,E3,web,alta,,abierto,0
SOP091-002311,2025-01-10,E1,correo,normal,,abierto,0
SOP091-002312,2025-01-10,E2,telefono,alta,416.5,cerrado,0
SOP091-002313,2025-01-10,E3,web,normal,4544.3,cerrado,1
SOP091-002314,2025-01-10,E1,correo,normal,567.0,cerrado,0
SOP091-002315,2025-01-10,E2,correo,normal,329.4,cerrado,0
SOP091-002316,2025-01-11,E3,web,normal,1231.5,cerrado,0
SOP091-002317,2025-01-11,E1,web,alta,,abierto,0
SOP091-002318,2025-01-11,E2,correo,normal,563.4,cerrado,0
SOP091-002319,2025-01-11,E3,telefono,alta,321.0,cerrado,0
SOP091-002320,2025-01-11,E1,web,baja,2260.0,cerrado,0
SOP091-002321,2025-01-11,E2,web,normal,1216.7,cerrado,0
SOP091-002322,2025-01-12,E3,telefono,alta,"594,8",cerrado,0
SOP091-002323,2025-01-12,E1,web,normal,,abierto,0
SOP091-002324,2025-01-12,E2,web,normal,2534.7,cerrado,0
SOP091-002325,2025-01-12,E3,web,normal,,cerrado,0
SOP091-002326,2025-01-12,E1,web,normal,4491.7,cerrado,1
SOP091-002327,2025-01-12,E2,web,normal,251.7,cerrado,0
SOP091-002328,2025-01-13,E3,telefono,alta,234.5,cerrado,0
SOP091-002329,2025-01-13,E1, CORREO ,baja,2961.1,cerrado,0
SOP091-002330,2025-01-13,E2,telefono,normal,213.0,cerrado,0
SOP091-002331,2025-01-13,E3,telefono,normal,216.1,cerrado,0
SOP091-002332,2025-01-13,E1,telefono,normal,197.0,cerrado,0
SOP091-002333,2025-01-13,E2,correo,normal,719.6,cerrado,0
SOP091-002334,2025-01-13,E3,correo,baja,990.8,cerrado,0
SOP091-002335,2025-01-14,E1,correo,baja,429.5,cerrado,0
SOP091-002336,2025-01-14,E2,telefono,normal,421.0,cerrado,0
SOP091-002337,2025-01-14,E3,correo,baja,4999.2,cerrado,1
SOP091-002338,2025-01-14,E1,web,normal,61.5,cerrado,0
SOP091-002339,2025-01-14,E2,web,normal,328.8,cerrado,0
SOP091-002340,2025-01-14,E3,web,normal,260.1,cerrado,0
SOP091-002341,2025-01-15,E1,correo,normal,767.9,cerrado,0
SOP091-002342,2025-01-15,E2,web,normal,4457.9,cerrado,1
SOP091-002343,2025-01-15,E3,telefono,alta,991.3,cerrado,0
SOP091-002344,2025-01-15,E1,web,baja,292.2,cerrado,0
SOP091-002345,2025-01-15,E2,correo,baja,158.5,cerrado,0
SOP091-002346,2025-01-15,E3,correo,baja,1173.4,cerrado,0
SOP091-002347,2025-01-16,E1,web,normal,622.3,cerrado,0
SOP091-002348,2025-01-16,E2,telefono,alta,1668.4,cerrado,0
SOP091-002349,2025-01-16,E3,correo,baja,502.4,cerrado,0
SOP091-002350,2025-01-16,E1,telefono,normal,,abierto,0
SOP091-002351,2025-01-16,E2,correo,alta,310.4,cerrado,0
SOP091-002352,2025-01-16,E3,web,alta,1131.3,cerrado,0
SOP091-002353,2025-01-17,E1,correo,normal,211.4,cerrado,0
SOP091-002354,2025-01-17,E2,web,baja,1069.2,cerrado,0
SOP091-002355,2025-01-17,E3,telefono,baja,,abierto,0
SOP091-002356,2025-01-17,E1,correo,normal,2054.9,cerrado,0
SOP091-002357,2025-01-17,E2,telefono,normal,240.4,cerrado,0
SOP091-002358,2025-01-17,E3,correo,normal,7148.3,cerrado,1
SOP091-002359,2025-01-18,E1,telefono,normal,6154.7,cerrado,0
SOP091-002360,2025-01-18,E2,telefono,normal,743.9,cerrado,0
SOP091-002361,2025-01-18,E3,web,alta,5570.5,cerrado,1
SOP091-002362,2025-01-18,E1,web,alta,,abierto,0
SOP091-002363,2025-01-18,E2,telefono,alta,4483.4,cerrado,1
SOP091-002364,2025-01-18,E3,telefono,normal,,abierto,0
SOP091-002365,2025-01-19,E1,web,normal,119.5,cerrado,0
SOP091-002366,2025-01-19,E2,correo,alta,2811.5,cerrado,0
SOP091-002367,2025-01-19,E3,correo,alta,265.5,cerrado,0
SOP091-002368,2025-01-19,E1,web,baja,221.3,cerrado,0
SOP091-002369,2025-01-19,E2,correo,baja,,abierto,0
SOP091-002370,2025-01-19,E3,web,normal,,abierto,0
SOP091-002371,2025-01-19,E1,correo,baja,1420.9,cerrado,0
SOP091-002372,2025-01-20,E2,correo,normal,4468.5,cerrado,1
SOP091-002373,2025-01-20,E3,web,baja,4847.2,cerrado,1
SOP091-002374,2025-01-20,E1,telefono,normal,389.8,cerrado,0
SOP091-002375,2025-01-20,E2,web,normal,,abierto,0
SOP091-002376,2025-01-20,E3,correo,normal,688.4,cerrado,0
SOP091-002377,2025-01-20,E1,telefono,normal,594.5,cerrado,0
SOP091-002378,2025-01-21,E2,telefono,baja,726.4,cerrado,0
SOP091-002379,2025-01-21,E3,web,normal,709.6,cerrado,0
SOP091-002380,2025-01-21,E1,telefono,normal,,abierto,0
SOP091-002381,2025-01-21,E2,web,alta,166.2,cerrado,0
SOP091-002382,2025-01-21,E3,telefono,baja,192.7,cerrado,0
SOP091-002383,2025-01-21,E1,web,normal,,abierto,0
SOP091-002384,2025-01-22,E2,web,alta,586.0,cerrado,0
SOP091-002385,2025-01-22,E3,correo,normal,,abierto,0
SOP091-002386,2025-01-22,E1,web,normal,110.7,cerrado,0
SOP091-002387,2025-01-22,E2,correo,normal,4725.4,cerrado,1
SOP091-002388,2025-01-22,E3,telefono,normal,856.7,cerrado,0
SOP091-002389,2025-01-22,E1,telefono,baja,270.8,cerrado,0
SOP091-002390,2025-01-23,E2,correo,normal,967.0,cerrado,0
SOP091-002391,2025-01-23,E3,correo,baja,279.4,cerrado,0
SOP091-002392,2025-01-23,E1,web,alta,,abierto,0
SOP091-002393,2025-01-23,E2,correo,baja,432.0,cerrado,0
SOP091-002394,2025-01-23,E3,telefono,alta,366.7,cerrado,0
SOP091-002395,2025-01-23,E1,telefono,normal,1469.8,cerrado,0
SOP091-002396,2025-01-24,E2,correo,alta,,abierto,0
SOP091-002397,2025-01-24,E3,web,alta,473.0,cerrado,0
SOP091-002398,2025-01-24,E1,correo,baja,4621.4,cerrado,1
SOP091-002399,2025-01-24,E2,web,normal,,abierto,0
SOP091-002400,2025-01-24,E3,telefono,normal,,abierto,0
SOP091-002401,2025-01-24,E1,telefono,baja,410.8,cerrado,0
SOP091-002402,2025-01-25,E2,telefono,alta,187.6,cerrado,0
SOP091-002403,2025-01-25,E3,telefono,normal,188.9,cerrado,0
SOP091-002404,2025-01-25,E1,telefono,baja,254.5,cerrado,0
SOP091-002405,2025-01-25,E2,telefono,alta,469.3,cerrado,0
SOP091-002406,2025-01-25,E3,web,normal,564.3,cerrado,0
SOP091-002407,2025-01-25,E1,web,baja,2304.8,cerrado,0
SOP091-002408,2025-01-26,E2,web,alta,,cerrado,0
SOP091-002409,2025-01-26,E3,telefono,normal,1316.5,cerrado,0
SOP091-002410,2025-01-26,E1,correo,normal,7282.0,cerrado,1
SOP091-002411,2025-01-26,E2,correo,normal,,abierto,0
SOP091-002412,2025-01-26,E3,telefono,normal,770.2,cerrado,0
SOP091-002413,2025-01-26,E1,correo,normal,521.9,cerrado,0
SOP091-002414,2025-01-26,E2,telefono,baja,,abierto,0
SOP091-002415,2025-01-27,E3,telefono,baja,,abierto,0
SOP091-002416,2025-01-27,E1,web,normal,388.2,cerrado,0
SOP091-002417,2025-01-27,E2,correo,alta,480.8,cerrado,0
SOP091-002418,2025-01-27,E3,web,baja,961.7,cerrado,0
SOP091-002419,2025-01-27,E1,telefono,normal,316.4,cerrado,0
SOP091-002420,2025-01-27,E2,web,baja,448.2,cerrado,0
SOP091-002421,2025-01-28,E3,correo,alta,1047.6,cerrado,0
SOP091-002422,2025-01-28,E1,correo,alta,397.9,cerrado,0
SOP091-002423,2025-01-28,E2,correo,normal,254.6,cerrado,0
SOP091-002424,2025-01-28,E3,telefono,alta,409.8,cerrado,0
SOP091-002425,2025-01-28,E1,correo,normal,420.4,cerrado,0
SOP091-002426,2025-01-28,E2, CORREO ,baja,142.4,cerrado,0
SOP091-002427,2025-01-29,E3,telefono,normal,,abierto,0
SOP091-002428,2025-01-29,E1,telefono,alta,265.3,cerrado,0
SOP091-002429,2025-01-29,E2,correo,alta,,abierto,0
SOP091-002430,2025-01-29,E3,web,alta,597.7,cerrado,0
SOP091-002431,2025-01-29,E1,correo,baja,1206.1,cerrado,0
SOP091-002432,2025-01-29,E2,web,baja,4425.7,cerrado,1
SOP091-002433,2025-01-30,E3,web,normal,657.5,cerrado,0
SOP091-002434,2025-01-30,E1,web,normal,295.2,cerrado,0
SOP091-002435,2025-01-30,E2,telefono,normal,213.5,cerrado,0
SOP091-002436,2025-01-30,E3,telefono,alta,300.5,cerrado,0
SOP091-002437,2025-01-30,E1,telefono,normal,,abierto,0
SOP091-002438,2025-01-30,E2,web,normal,,abierto,0
SOP091-002439,2025-01-31,E3,web,normal,294.0,cerrado,0
SOP091-002440,2025-01-31,E1,web,alta,187.0,cerrado,0
SOP091-002441,2025-01-31,E2,web,baja,,abierto,0
SOP091-002442,2025-01-31,E3,web,normal,624.5,cerrado,0
SOP091-002443,2025-01-31,E1,telefono,normal,136.7,cerrado,0
SOP091-002444,2025-01-31,E2,correo,alta,,abierto,0
SOP091-002445,2025-02-01,E3,web,normal,4816.1,cerrado,1
SOP091-002446,2025-02-01,E1,correo,baja,186.5,cerrado,0
SOP091-002447,2025-02-01,E2,correo,normal,,abierto,0
SOP091-002448,2025-02-01,E3,correo,baja,382.7,cerrado,0
SOP091-002449,2025-02-01,E1,telefono,normal,,abierto,0
SOP091-002450,2025-02-01,E2,web,alta,676.4,cerrado,0
SOP091-002451,2025-02-01,E3,correo,baja,662.8,cerrado,0
SOP091-002452,2025-02-02,E1,web,baja,,abierto,0
SOP091-002453,2025-02-02,E2,telefono,normal,431.9,cerrado,0
SOP091-002454,2025-02-02,E3,correo,normal,1141.8,cerrado,0
SOP091-002455,2025-02-02,E1,web,normal,772.5,cerrado,0
SOP091-002456,2025-02-02,E2,web,normal,180.7,cerrado,0
SOP091-002457,2025-02-02,E3,telefono,baja,1560.3,cerrado,0
SOP091-002458,2025-02-03,E1,correo,baja,198.6,cerrado,0
SOP091-002459,2025-02-03,E2,web,normal,582.2,cerrado,0
SOP091-002460,2025-02-03,E3,telefono,normal,2008.0,cerrado,0
SOP091-002461,2025-02-03,E1,web,normal,857.4,cerrado,0
SOP091-002462,2025-02-03,E2,web,baja,4955.5,cerrado,1
SOP091-002463,2025-02-03,E3,telefono,normal,4929.7,cerrado,1
SOP091-002464,2025-02-04,E1,correo,normal,320.8,cerrado,0
SOP091-002465,2025-02-04,E2,telefono,normal,1200.4,cerrado,0
SOP091-002466,2025-02-04,E3,web,normal,1087.7,cerrado,0
SOP091-002467,2025-02-04,E1,telefono,normal,567.1,cerrado,0
SOP091-002468,2025-02-04,E2,correo,alta,873.3,cerrado,0
SOP091-002469,2025-02-04,E3,telefono,alta,1308.1,cerrado,0
SOP091-002470,2025-02-05,E1,web,baja,,abierto,0
SOP091-002471,2025-02-05,E2,correo,normal,496.1,cerrado,0
SOP091-002472,2025-02-05,E3,telefono,alta,414.1,cerrado,0
SOP091-002473,2025-02-05,E1,correo,alta,388.8,cerrado,0
SOP091-002474,2025-02-05,E2,web,baja,134.1,cerrado,0
SOP091-002475,2025-02-05,E3,telefono,baja,1344.3,cerrado,0
SOP091-002476,2025-02-06,E1,correo,alta,679.2,cerrado,0
SOP091-002477,2025-02-06,E2,correo,normal,5214.4,cerrado,1
SOP091-002478,2025-02-06,E3,telefono,baja,277.0,cerrado,0
SOP091-002479,2025-02-06,E1,correo,normal,486.1,cerrado,0
SOP091-002480,2025-02-06,E2,telefono,baja,867.0,cerrado,0
SOP091-002481,2025-02-06,E3,telefono,normal,,abierto,0
SOP091-002482,2025-02-07,E1,web,alta,4857.1,cerrado,1
SOP091-002483,2025-02-07,E2,correo,baja,5527.2,cerrado,1
SOP091-002484,2025-02-07,E3,web,normal,588.6,cerrado,0
SOP091-002485,2025-02-07,E1,web,baja,457.3,cerrado,0
SOP091-002486,2025-02-07,E2,telefono,normal,173.6,cerrado,0
SOP091-002487,2025-02-07,E3,web,normal,569.9,cerrado,0
SOP091-002488,2025-02-07,E1,telefono,normal,1456.7,cerrado,0
SOP091-002489,2025-02-08,E2,correo,normal,,abierto,0
SOP091-002490,2025-02-08,E3,web,baja,,abierto,0
SOP091-002491,2025-02-08,E1,web,baja,,cerrado,0
SOP091-002492,2025-02-08,E2,telefono,alta,570.8,cerrado,0
SOP091-002493,2025-02-08,E3,web,baja,5342.4,cerrado,1
SOP091-002494,2025-02-08,E1,web,normal,257.7,cerrado,0
SOP091-002495,2025-02-09,E2,correo,normal,,abierto,0
SOP091-002496,2025-02-09,E3,correo,normal,500.8,cerrado,0
SOP091-002497,2025-02-09,E1,telefono,normal,261.6,cerrado,0
SOP091-002498,2025-02-09,E2,web,normal,452.5,cerrado,0
SOP091-002499,2025-02-09,E3,web,normal,1212.2,cerrado,0
SOP091-002500,2025-02-09,E1,telefono,normal,209.9,cerrado,0
SOP091-002501,2025-02-10,E2,web,normal,4753.4,cerrado,1
SOP091-002502,2025-02-10,E3,telefono,normal,190.1,cerrado,0
SOP091-002503,2025-02-10,E1,correo,alta,272.6,cerrado,0
SOP091-002504,2025-02-10,E2,web,baja,66.3,cerrado,0
SOP091-002505,2025-02-10,E3,web,normal,213.5,cerrado,0
SOP091-002506,2025-02-10,E1,telefono,normal,406.1,cerrado,0
SOP091-002507,2025-02-11,E2,web,baja,436.8,cerrado,0
SOP091-002508,2025-02-11,E3,telefono,normal,916.6,cerrado,0
SOP091-002509,2025-02-11,E1,web,baja,222.2,cerrado,0
SOP091-002510,2025-02-11,E2,telefono,baja,426.4,cerrado,0
SOP091-002511,2025-02-11,E3,telefono,baja,523.0,cerrado,0
SOP091-002512,2025-02-11,E1,web,alta,428.9,cerrado,0
SOP091-002513,2025-02-12,E2,telefono,normal,2947.3,cerrado,0
SOP091-002514,2025-02-12,E3,web,normal,5419.8,cerrado,1
SOP091-002515,2025-02-12,E1,web,normal,506.3,cerrado,0
SOP091-002516,2025-02-12,E2,telefono,alta,,abierto,0
SOP091-002517,2025-02-12,E3,correo,alta,1070.4,cerrado,0
SOP091-002518,2025-02-12,E1,web,normal,125.3,cerrado,0
SOP091-002519,2025-02-13,E2,web,normal,1209.4,cerrado,0
SOP091-002520,2025-02-13,E3,telefono,baja,8487.8,cerrado,1
SOP091-002521,2025-02-13,E1,web,baja,,abierto,0
SOP091-002522,2025-02-13,E2,web,baja,4681.5,cerrado,1
SOP091-002523,2025-02-13,E3, WEB ,normal,,abierto,0
SOP091-002524,2025-02-13,E1,web,normal,537.9,cerrado,0
SOP091-002525,2025-02-14,E2,web,alta,1172.6,cerrado,0
SOP091-002526,2025-02-14,E3,web,normal,616.4,cerrado,0
SOP091-002527,2025-02-14,E1,telefono,normal,485.9,cerrado,0
SOP091-002528,2025-02-14,E2,correo,alta,177.2,cerrado,0
SOP091-002529,2025-02-14,E3,correo,alta,121.9,cerrado,0
SOP091-002530,2025-02-14,E1,telefono,baja,4888.4,cerrado,1
SOP091-002531,2025-02-14,E2,web,normal,542.5,cerrado,0
SOP091-002532,2025-02-15,E3,web,normal,267.4,cerrado,0
SOP091-002533,2025-02-15,E1,web,normal,"1250,1",cerrado,0
SOP091-002534,2025-02-15,E2,web,alta,2135.7,cerrado,0
SOP091-002535,2025-02-15,E3,web,normal,3235.8,cerrado,0
SOP091-002536,2025-02-15,E1,telefono,alta,,abierto,0
SOP091-002537,2025-02-15,E2,web,baja,2598.1,cerrado,0
SOP091-002538,2025-02-16,E3,web,normal,3023.7,cerrado,0
SOP091-002539,2025-02-16,E1,web,alta,333.5,cerrado,0
SOP091-002540,2025-02-16,E2,telefono,alta,,abierto,0
SOP091-002541,2025-02-16,E3,correo,alta,4485.5,cerrado,1
SOP091-002542,2025-02-16,E1,web,alta,1372.7,cerrado,0
SOP091-002543,2025-02-16,E2,web,baja,,abierto,0
SOP091-002544,2025-02-17,E3,web,normal,532.1,cerrado,0
SOP091-002545,2025-02-17,E1,telefono,normal,202.4,cerrado,0
SOP091-002546,2025-02-17,E2,telefono,normal,,abierto,0
SOP091-002547,2025-02-17,E3,web,baja,3460.9,cerrado,0
SOP091-002548,2025-02-17,E1,telefono,normal,162.1,cerrado,0
SOP091-002549,2025-02-17,E2,web,normal,359.6,cerrado,0
SOP091-002550,2025-02-18,E3,telefono,normal,,abierto,0
SOP091-002551,2025-02-18,E1,web,normal,2822.7,cerrado,0
SOP091-002552,2025-02-18,E2,telefono,alta,780.7,cerrado,0
SOP091-002553,2025-02-18,E3,telefono,alta,1562.5,cerrado,0
SOP091-002554,2025-02-18,E1,telefono,normal,328.8,cerrado,0
SOP091-002555,2025-02-18,E2,web,normal,,abierto,0
SOP091-002556,2025-02-19,E3,correo,normal,251.9,cerrado,0
SOP091-002557,2025-02-19,E1,telefono,alta,,abierto,0
SOP091-002558,2025-02-19,E2,correo,baja,4975.8,cerrado,1
SOP091-002559,2025-02-19,E3,web,normal,1621.0,cerrado,0
SOP091-002560,2025-02-19,E1,web,alta,760.7,cerrado,0
SOP091-002561,2025-02-19,E2,correo,normal,216.1,cerrado,0
SOP091-002562,2025-02-20,E3,correo,baja,337.6,cerrado,0
SOP091-002563,2025-02-20,E1,correo,baja,4763.5,cerrado,1
SOP091-002564,2025-02-20,E2,web,normal,1086.5,cerrado,0
SOP091-002565,2025-02-20,E3,telefono,baja,385.7,cerrado,0
SOP091-002566,2025-02-20,E1,correo,normal,302.8,cerrado,0
SOP091-002567,2025-02-20,E2,web,alta,1392.5,cerrado,0
SOP091-002568,2025-02-20,E3,telefono,baja,971.6,cerrado,0
SOP091-002569,2025-02-21,E1,web,normal,142.5,cerrado,0
SOP091-002570,2025-02-21,E2,correo,baja,2902.3,cerrado,0
SOP091-002571,2025-02-21,E3,correo,normal,533.0,cerrado,0
SOP091-002572,2025-02-21,E1,web,normal,645.0,cerrado,0
SOP091-002573,2025-02-21,E2,web,alta,,abierto,0
SOP091-002574,2025-02-21,E3,web,normal,,abierto,0
SOP091-002575,2025-02-22,E1,correo,normal,2185.6,cerrado,0
SOP091-002576,2025-02-22,E2,correo,normal,,abierto,0
SOP091-002577,2025-02-22,E3,correo,baja,8592.1,cerrado,1
SOP091-002578,2025-02-22,E1,web,normal,364.1,cerrado,0
SOP091-002579,2025-02-22,E2,correo,baja,902.3,cerrado,0
SOP091-002580,2025-02-22,E3,telefono,alta,,abierto,0
SOP091-002581,2025-02-23,E1,web,normal,510.4,cerrado,0
SOP091-002582,2025-02-23,E2,correo,normal,189.7,cerrado,0
SOP091-002583,2025-02-23,E3,telefono,normal,338.9,cerrado,0
SOP091-002584,2025-02-23,E1,web,baja,1190.3,cerrado,0
SOP091-002585,2025-02-23,E2,correo,normal,279.5,cerrado,0
SOP091-002586,2025-02-23,E3,correo,alta,657.2,cerrado,0
SOP091-002587,2025-02-24,E1,web,alta,815.2,cerrado,0
SOP091-002588,2025-02-24,E2,web,baja,551.8,cerrado,0
SOP091-002589,2025-02-24,E3,web,alta,389.6,cerrado,0
SOP091-002590,2025-02-24,E1,telefono,normal,337.4,cerrado,0
SOP091-002591,2025-02-24,E2,correo,normal,910.5,cerrado,0
SOP091-002592,2025-02-24,E3,correo,normal,,abierto,0
SOP091-002593,2025-02-25,E1,telefono,normal,4834.1,cerrado,1
SOP091-002594,2025-02-25,E2,correo,normal,611.8,cerrado,0
SOP091-002595,2025-02-25,E3,correo,baja,244.1,cerrado,0
SOP091-002596,2025-02-25,E1,correo,baja,378.7,cerrado,0
SOP091-002597,2025-02-25,E2,web,baja,476.0,cerrado,0
SOP091-002598,2025-02-25,E3,telefono,alta,820.9,cerrado,0
SOP091-002599,2025-02-26,E1,correo,alta,4495.7,cerrado,1
SOP091-002600,2025-02-26,E2,correo,alta,799.6,cerrado,0
SOP091-002601,2025-02-26,E3,telefono,normal,479.9,cerrado,0
SOP091-002602,2025-02-26,E1,web,alta,238.0,cerrado,0
SOP091-002603,2025-02-26,E2,correo,normal,,abierto,0
SOP091-002604,2025-02-26,E3,web,normal,216.5,cerrado,0
SOP091-002605,2025-02-27,E1,correo,alta,4845.9,cerrado,1
SOP091-002606,2025-02-27,E2,web,baja,,abierto,0
SOP091-002607,2025-02-27,E3,web,alta,4591.9,cerrado,1
SOP091-002608,2025-02-27,E1,telefono,normal,195.3,cerrado,0
SOP091-002609,2025-02-27,E2,correo,normal,4806.3,cerrado,1
SOP091-002610,2025-02-27,E3,telefono,normal,,abierto,0
SOP091-002611,2025-02-27,E1,correo,normal,,abierto,0
SOP091-002612,2025-02-28,E2,correo,normal,565.1,cerrado,0
SOP091-002613,2025-02-28,E3,web,normal,,abierto,0
SOP091-002614,2025-02-28,E1,telefono,baja,3163.6,cerrado,0
SOP091-002615,2025-02-28,E2,telefono,normal,902.5,cerrado,0
SOP091-002616,2025-02-28,E3,telefono,normal,4636.8,cerrado,1
SOP091-002617,2025-02-28,E1,telefono,normal,1536.8,cerrado,0
SOP091-002618,2025-03-01,E2,correo,normal,,abierto,0
SOP091-002619,2025-03-01,E3,telefono,baja,424.0,cerrado,0
SOP091-002620,2025-03-01,E1, TELEFONO ,alta,2966.0,cerrado,0
SOP091-002621,2025-03-01,E2,correo,baja,2756.7,cerrado,0
SOP091-002622,2025-03-01,E3,telefono,baja,337.3,cerrado,0
SOP091-002623,2025-03-01,E1,correo,normal,4557.9,cerrado,1
SOP091-002624,2025-03-02,E2,correo,alta,4860.3,cerrado,1
SOP091-002625,2025-03-02,E3,correo,normal,1052.8,cerrado,0
SOP091-002626,2025-03-02,E1,web,alta,306.6,cerrado,0
SOP091-002627,2025-03-02,E2,telefono,baja,2142.8,cerrado,0
SOP091-002628,2025-03-02,E3,correo,normal,,abierto,0
SOP091-002629,2025-03-02,E1,web,alta,,abierto,0
SOP091-002630,2025-03-03,E2,correo,baja,596.9,cerrado,0
SOP091-002631,2025-03-03,E3,telefono,normal,192.4,cerrado,0
SOP091-002632,2025-03-03,E1,web,alta,,abierto,0
SOP091-002633,2025-03-03,E2,web,normal,,abierto,0
SOP091-002634,2025-03-03,E3,web,normal,248.0,cerrado,0
SOP091-002635,2025-03-03,E1,web,normal,551.3,cerrado,0
SOP091-002636,2025-03-04,E2,web,normal,,abierto,0
SOP091-002637,2025-03-04,E3,telefono,baja,1306.3,cerrado,0
SOP091-002638,2025-03-04,E1,correo,baja,115.9,cerrado,0
SOP091-002639,2025-03-04,E2,web,alta,1063.8,cerrado,0
SOP091-002640,2025-03-04,E3,telefono,alta,402.1,cerrado,0
SOP091-002641,2025-03-04,E1,correo,alta,745.0,cerrado,0
SOP091-002642,2025-03-05,E2,telefono,normal,171.4,cerrado,0
SOP091-002643,2025-03-05,E3,telefono,alta,4813.3,cerrado,1
SOP091-002644,2025-03-05,E1,web,normal,153.1,cerrado,0
SOP091-002645,2025-03-05,E2,correo,normal,1445.1,cerrado,0
SOP091-002646,2025-03-05,E3,telefono,alta,661.6,cerrado,0
SOP091-002647,2025-03-05,E1,web,normal,282.5,cerrado,0
SOP091-002648,2025-03-05,E2,telefono,alta,386.6,cerrado,0
SOP091-002649,2025-03-06,E3,correo,normal,1417.9,cerrado,0
SOP091-002650,2025-03-06,E1,correo,normal,,abierto,0
SOP091-002651,2025-03-06,E2,telefono,alta,4975.8,cerrado,1
SOP091-002652,2025-03-06,E3,telefono,alta,968.2,cerrado,0
SOP091-002653,2025-03-06,E1,telefono,baja,797.8,cerrado,0
SOP091-002654,2025-03-06,E2,telefono,baja,194.2,cerrado,0
SOP091-002655,2025-03-07,E3,correo,baja,,abierto,0
SOP091-002656,2025-03-07,E1,telefono,normal,447.8,cerrado,0
SOP091-002657,2025-03-07,E2,telefono,normal,,cerrado,0
SOP091-002658,2025-03-07,E3,telefono,normal,620.8,cerrado,0
SOP091-002659,2025-03-07,E1,telefono,baja,,abierto,0
SOP091-002660,2025-03-07,E2,correo,alta,,abierto,0
SOP091-002661,2025-03-08,E3,web,normal,,abierto,0
SOP091-002662,2025-03-08,E1,telefono,alta,732.5,cerrado,0
SOP091-002663,2025-03-08,E2,telefono,alta,436.3,cerrado,0
SOP091-002664,2025-03-08,E3,web,normal,408.1,cerrado,0
SOP091-002665,2025-03-08,E1,correo,alta,948.0,cerrado,0
SOP091-002666,2025-03-08,E2,telefono,normal,3059.5,cerrado,0
SOP091-002667,2025-03-09,E3,correo,normal,636.7,cerrado,0
SOP091-002668,2025-03-09,E1,web,alta,256.0,cerrado,0
SOP091-002669,2025-03-09,E2,telefono,normal,283.4,cerrado,0
SOP091-002670,2025-03-09,E3,telefono,baja,334.6,cerrado,0
SOP091-002671,2025-03-09,E1,web,baja,7458.8,cerrado,1
SOP091-002672,2025-03-09,E2,web,baja,351.4,cerrado,0
SOP091-002673,2025-03-10,E3,telefono,baja,1090.9,cerrado,0
SOP091-002674,2025-03-10,E1,telefono,normal,265.2,cerrado,0
SOP091-002675,2025-03-10,E2,correo,alta,92.5,cerrado,0
SOP091-002676,2025-03-10,E3,web,baja,,abierto,0
SOP091-002677,2025-03-10,E1,telefono,normal,1235.9,cerrado,0
SOP091-002678,2025-03-10,E2,telefono,normal,6821.3,cerrado,1
SOP091-002679,2025-03-11,E3,web,baja,1999.0,cerrado,0
SOP091-002680,2025-03-11,E1,web,baja,850.1,cerrado,0
SOP091-002681,2025-03-11,E2,correo,normal,4015.0,cerrado,0
SOP091-002682,2025-03-11,E3,telefono,normal,371.5,cerrado,0
SOP091-002683,2025-03-11,E1,telefono,alta,236.0,cerrado,0
SOP091-002684,2025-03-11,E2,telefono,normal,955.3,cerrado,0
SOP091-002685,2025-03-12,E3,telefono,normal,4639.1,cerrado,1
SOP091-002686,2025-03-12,E1,web,baja,302.3,cerrado,0
SOP091-002687,2025-03-12,E2,telefono,normal,211.0,cerrado,0
SOP091-002688,2025-03-12,E3,correo,baja,500.6,cerrado,0
SOP091-002689,2025-03-12,E1,web,baja,223.6,cerrado,0
SOP091-002690,2025-03-12,E2,correo,normal,5657.2,cerrado,1
SOP091-002691,2025-03-12,E3,correo,normal,762.9,cerrado,0
SOP091-002692,2025-03-13,E1,web,normal,526.6,cerrado,0
SOP091-002693,2025-03-13,E2,web,baja,4630.9,cerrado,1
SOP091-002694,2025-03-13,E3,web,normal,,abierto,0
SOP091-002695,2025-03-13,E1,telefono,alta,936.2,cerrado,0
SOP091-002696,2025-03-13,E2,correo,baja,,abierto,0
SOP091-002697,2025-03-13,E3,web,normal,296.7,cerrado,0
SOP091-002698,2025-03-14,E1,telefono,baja,,abierto,0
SOP091-002699,2025-03-14,E2,correo,normal,289.3,cerrado,0
SOP091-002700,2025-03-14,E3,telefono,normal,2046.1,cerrado,0
SOP091-002701,2025-03-14,E1,web,normal,667.7,cerrado,0
SOP091-002702,2025-03-14,E2,web,baja,4447.6,cerrado,1
SOP091-002703,2025-03-14,E3,web,normal,574.4,cerrado,0
SOP091-002704,2025-03-15,E1,web,normal,361.8,cerrado,0
SOP091-002705,2025-03-15,E2,web,alta,416.5,cerrado,0
SOP091-002706,2025-03-15,E3,web,normal,4946.3,cerrado,1
SOP091-002707,2025-03-15,E1,telefono,normal,573.7,cerrado,0
SOP091-002708,2025-03-15,E2,telefono,baja,1009.2,cerrado,0
SOP091-002709,2025-03-15,E3,telefono,baja,,abierto,0
SOP091-002710,2025-03-16,E1,telefono,baja,135.4,cerrado,0
SOP091-002711,2025-03-16,E2,web,alta,161.1,cerrado,0
SOP091-002712,2025-03-16,E3,telefono,normal,,abierto,0
SOP091-002713,2025-03-16,E1,web,normal,1008.3,cerrado,0
SOP091-002714,2025-03-16,E2,web,normal,,abierto,0
SOP091-002715,2025-03-16,E3,web,normal,,abierto,0
SOP091-002716,2025-03-17,E1,telefono,normal,1351.8,cerrado,0
SOP091-002717,2025-03-17,E2, CORREO ,normal,1077.7,cerrado,0
SOP091-002718,2025-03-17,E3,correo,alta,273.7,cerrado,0
SOP091-002719,2025-03-17,E1,telefono,normal,668.7,cerrado,0
SOP091-002720,2025-03-17,E2,telefono,normal,954.2,cerrado,0
SOP091-002721,2025-03-17,E3,telefono,alta,181.6,cerrado,0
SOP091-002722,2025-03-18,E1,telefono,baja,409.7,cerrado,0
SOP091-002723,2025-03-18,E2,correo,normal,,abierto,0
SOP091-002724,2025-03-18,E3,correo,baja,1768.8,cerrado,0
SOP091-002725,2025-03-18,E1,correo,alta,174.2,cerrado,0
SOP091-002726,2025-03-18,E2,telefono,alta,175.0,cerrado,0
SOP091-002727,2025-03-18,E3,web,baja,,abierto,0
SOP091-002728,2025-03-18,E1,web,baja,,abierto,0
SOP091-002729,2025-03-19,E2,telefono,normal,,abierto,0
SOP091-002730,2025-03-19,E3,web,normal,,abierto,0
SOP091-002731,2025-03-19,E1,correo,alta,4649.9,cerrado,1
SOP091-002732,2025-03-19,E2,web,normal,662.2,cerrado,0
SOP091-002733,2025-03-19,E3,telefono,normal,336.7,cerrado,0
SOP091-002734,2025-03-19,E1,web,alta,6095.7,cerrado,1
SOP091-002735,2025-03-20,E2,telefono,normal,4630.1,cerrado,1
SOP091-002736,2025-03-20,E3,correo,normal,296.3,cerrado,0
SOP091-002737,2025-03-20,E1,correo,alta,281.7,cerrado,0
SOP091-002738,2025-03-20,E2,web,alta,3222.2,cerrado,0
SOP091-002739,2025-03-20,E3,web,normal,208.4,cerrado,0
SOP091-002740,2025-03-20,E1,correo,baja,,cerrado,0
SOP091-002741,2025-03-21,E2,telefono,baja,349.5,cerrado,0
SOP091-002742,2025-03-21,E3,web,normal,691.2,cerrado,0
SOP091-002743,2025-03-21,E1,telefono,normal,4760.9,cerrado,1
SOP091-002744,2025-03-21,E2,correo,baja,"245,1",cerrado,0
SOP091-002745,2025-03-21,E3,web,baja,1680.4,cerrado,0
SOP091-002746,2025-03-21,E1,telefono,normal,,abierto,0
SOP091-002747,2025-03-22,E2,web,normal,605.8,cerrado,0
SOP091-002748,2025-03-22,E3,telefono,normal,1917.3,cerrado,0
SOP091-002749,2025-03-22,E1,correo,baja,365.5,cerrado,0
SOP091-002750,2025-03-22,E2,telefono,baja,562.5,cerrado,0
SOP091-002751,2025-03-22,E3,telefono,baja,348.9,cerrado,0
SOP091-002752,2025-03-22,E1,correo,baja,,abierto,0
SOP091-002753,2025-03-23,E2,correo,normal,225.8,cerrado,0
SOP091-002754,2025-03-23,E3,telefono,alta,384.9,cerrado,0
SOP091-002755,2025-03-23,E1,web,normal,161.3,cerrado,0
SOP091-002756,2025-03-23,E2,web,alta,202.6,cerrado,0
SOP091-002757,2025-03-23,E3,web,normal,2083.5,cerrado,0
SOP091-002758,2025-03-23,E1,telefono,alta,1039.2,cerrado,0
SOP091-002759,2025-03-24,E2,telefono,normal,255.9,cerrado,0
SOP091-002760,2025-03-24,E3,correo,baja,175.9,cerrado,0
SOP091-002761,2025-03-24,E1,telefono,alta,4605.9,cerrado,1
SOP091-002762,2025-03-24,E2,web,baja,5259.8,cerrado,1
SOP091-002763,2025-03-24,E3,telefono,normal,529.2,cerrado,0
SOP091-002764,2025-03-24,E1,web,baja,335.6,cerrado,0
SOP091-002765,2025-03-24,E2,web,baja,4406.3,cerrado,1
SOP091-002766,2025-03-25,E3,telefono,normal,1024.3,cerrado,0
SOP091-002767,2025-03-25,E1,correo,normal,734.0,cerrado,0
SOP091-002768,2025-03-25,E2,web,baja,667.7,cerrado,0
SOP091-002769,2025-03-25,E3,telefono,normal,6050.5,cerrado,1
SOP091-002770,2025-03-25,E1,web,normal,225.9,cerrado,0
SOP091-002771,2025-03-25,E2,telefono,normal,18.9,cerrado,0
SOP091-002772,2025-03-26,E3,correo,alta,561.4,cerrado,0
SOP091-002773,2025-03-26,E1,correo,alta,,abierto,0
SOP091-002774,2025-03-26,E2,correo,alta,837.5,cerrado,0
SOP091-002775,2025-03-26,E3,telefono,normal,,abierto,0
SOP091-002776,2025-03-26,E1,web,baja,288.2,cerrado,0
SOP091-002777,2025-03-26,E2,web,baja,,abierto,0
SOP091-002778,2025-03-27,E3,telefono,normal,779.6,cerrado,0
SOP091-002779,2025-03-27,E1,telefono,alta,168.7,cerrado,0
SOP091-002780,2025-03-27,E2,web,baja,548.2,cerrado,0
SOP091-002781,2025-03-27,E3,telefono,baja,1050.5,cerrado,0
SOP091-002782,2025-03-27,E1,web,normal,210.6,cerrado,0
SOP091-002783,2025-03-27,E2,telefono,baja,1102.8,cerrado,0
SOP091-002784,2025-03-28,E3,telefono,normal,638.0,cerrado,0
SOP091-002785,2025-03-28,E1,web,normal,190.0,cerrado,0
SOP091-002786,2025-03-28,E2,web,normal,,abierto,0
SOP091-002787,2025-03-28,E3,correo,baja,227.2,cerrado,0
SOP091-002788,2025-03-28,E1,web,alta,150.2,cerrado,0
SOP091-002789,2025-03-28,E2,telefono,normal,,abierto,0
SOP091-002790,2025-03-29,E3,correo,normal,421.3,cerrado,0
SOP091-002791,2025-03-29,E1,web,baja,,abierto,0
SOP091-002792,2025-03-29,E2,telefono,normal,4789.8,cerrado,1
SOP091-002793,2025-03-29,E3,correo,alta,,abierto,0
SOP091-002794,2025-03-29,E1,web,alta,243.3,cerrado,0
SOP091-002795,2025-03-29,E2,telefono,baja,,abierto,0
SOP091-002796,2025-03-30,E3,telefono,baja,453.3,cerrado,0
SOP091-002797,2025-03-30,E1,correo,normal,256.9,cerrado,0
SOP091-002798,2025-03-30,E2,correo,normal,624.9,cerrado,0
SOP091-002799,2025-03-30,E3,telefono,baja,5720.0,cerrado,1
SOP091-002800,2025-03-30,E1,telefono,alta,447.4,cerrado,0
SOP091-002801,2025-03-30,E2,web,alta,220.2,cerrado,0
SOP091-002802,2025-03-31,E3,telefono,baja,1739.3,cerrado,0
SOP091-002803,2025-03-31,E1,telefono,normal,338.4,cerrado,0
SOP091-002804,2025-03-31,E2,web,baja,177.3,cerrado,0
SOP091-002805,2025-03-31,E3,telefono,baja,1176.6,cerrado,0
SOP091-002806,2025-03-31,E1,web,normal,412.5,cerrado,0
SOP091-002807,2025-03-31,E2,web,normal,158.5,cerrado,0
SOP091-002808,2025-03-31,E3,correo,alta,320.8,cerrado,0
SOP091-002809,2025-04-01,E1,correo,normal,105.7,cerrado,0
SOP091-002810,2025-04-01,E2,web,normal,,abierto,0
SOP091-002811,2025-04-01,E3,telefono,normal,2158.3,cerrado,0
SOP091-002812,2025-04-01,E1,telefono,baja,325.3,cerrado,0
SOP091-002813,2025-04-01,E2,web,baja,,abierto,0
SOP091-002814,2025-04-01,E3, WEB ,normal,433.5,cerrado,0
SOP091-002815,2025-04-02,E1,telefono,alta,,abierto,0
SOP091-002816,2025-04-02,E2,telefono,baja,171.2,cerrado,0
SOP091-002817,2025-04-02,E3,web,alta,1504.1,cerrado,0
SOP091-002818,2025-04-02,E1,web,baja,1660.0,cerrado,0
SOP091-002819,2025-04-02,E2,correo,baja,638.3,cerrado,0
SOP091-002820,2025-04-02,E3,telefono,normal,,abierto,0
SOP091-002821,2025-04-03,E1,telefono,alta,373.6,cerrado,0
SOP091-002822,2025-04-03,E2,telefono,normal,689.9,cerrado,0
SOP091-002823,2025-04-03,E3,web,alta,,cerrado,0
SOP091-002824,2025-04-03,E1,web,normal,221.6,cerrado,0
SOP091-002825,2025-04-03,E2,telefono,alta,,abierto,0
SOP091-002826,2025-04-03,E3,web,alta,665.9,cerrado,0
SOP091-002827,2025-04-04,E1,correo,baja,4528.9,cerrado,1
SOP091-002828,2025-04-04,E2,web,normal,168.8,cerrado,0
SOP091-002829,2025-04-04,E3,correo,normal,4819.9,cerrado,1
SOP091-002830,2025-04-04,E1,web,normal,,abierto,0
SOP091-002831,2025-04-04,E2,telefono,normal,279.4,cerrado,0
SOP091-002832,2025-04-04,E3,correo,normal,5037.8,cerrado,0
SOP091-002833,2025-04-05,E1,telefono,normal,,abierto,0
SOP091-002834,2025-04-05,E2,correo,baja,,abierto,0
SOP091-002835,2025-04-05,E3,telefono,normal,420.5,cerrado,0
SOP091-002836,2025-04-05,E1,web,alta,5026.7,cerrado,1
SOP091-002837,2025-04-05,E2,correo,alta,2417.5,cerrado,0
SOP091-002838,2025-04-05,E3,correo,normal,2062.6,cerrado,0
SOP091-002839,2025-04-06,E1,web,normal,268.0,cerrado,0
SOP091-002840,2025-04-06,E2,telefono,normal,4733.1,cerrado,1
SOP091-002841,2025-04-06,E3,web,normal,5141.9,cerrado,1
SOP091-002842,2025-04-06,E1,web,normal,307.0,cerrado,0
SOP091-002843,2025-04-06,E2,correo,alta,5072.6,cerrado,1
SOP091-002844,2025-04-06,E3,correo,normal,509.6,cerrado,0
SOP091-002845,2025-04-06,E1,web,normal,147.5,cerrado,0
SOP091-002846,2025-04-07,E2,telefono,normal,364.8,cerrado,0
SOP091-002847,2025-04-07,E3,telefono,normal,1101.8,cerrado,0
SOP091-002848,2025-04-07,E1,web,alta,512.1,cerrado,0
SOP091-002849,2025-04-07,E2,correo,normal,,abierto,0
SOP091-002850,2025-04-07,E3,web,normal,3420.2,cerrado,0
SOP091-002851,2025-04-07,E1,web,normal,504.5,cerrado,0
SOP091-002852,2025-04-08,E2,web,baja,885.2,cerrado,0
SOP091-002853,2025-04-08,E3,telefono,normal,6596.2,cerrado,1
SOP091-002854,2025-04-08,E1,web,baja,268.3,cerrado,0
SOP091-002855,2025-04-08,E2,telefono,normal,578.7,cerrado,0
SOP091-002856,2025-04-08,E3,correo,baja,122.7,cerrado,0
SOP091-002857,2025-04-08,E1,correo,normal,,abierto,0
SOP091-002858,2025-04-09,E2,web,baja,,abierto,0
SOP091-002859,2025-04-09,E3,correo,alta,1149.2,cerrado,0
SOP091-002860,2025-04-09,E1,web,normal,,abierto,0
SOP091-002861,2025-04-09,E2,telefono,normal,,abierto,0
SOP091-002862,2025-04-09,E3,telefono,alta,1652.2,cerrado,0
SOP091-002863,2025-04-09,E1,correo,normal,673.8,cerrado,0
SOP091-002864,2025-04-10,E2,correo,normal,705.9,cerrado,0
SOP091-002865,2025-04-10,E3,web,normal,4192.0,cerrado,0
SOP091-002866,2025-04-10,E1,correo,normal,390.6,cerrado,0
SOP091-002867,2025-04-10,E2,correo,normal,397.2,cerrado,0
SOP091-002868,2025-04-10,E3,correo,baja,,abierto,0
SOP091-002869,2025-04-10,E1,web,alta,,abierto,0
SOP091-002870,2025-04-11,E2,web,baja,2693.8,cerrado,0
SOP091-002871,2025-04-11,E3,web,baja,578.5,cerrado,0
SOP091-002872,2025-04-11,E1,telefono,alta,238.4,cerrado,0
SOP091-002873,2025-04-11,E2,telefono,normal,4556.6,cerrado,1
SOP091-002874,2025-04-11,E3,web,normal,1765.4,cerrado,0
SOP091-002875,2025-04-11,E1,correo,normal,286.2,cerrado,0
SOP091-002876,2025-04-12,E2,telefono,normal,,abierto,0
SOP091-002877,2025-04-12,E3,web,baja,1182.0,cerrado,0
SOP091-002878,2025-04-12,E1,web,baja,520.3,cerrado,0
SOP091-002879,2025-04-12,E2,correo,alta,1648.9,cerrado,0
SOP091-002880,2025-04-12,E3,telefono,normal,4513.5,cerrado,1
SOP091-002881,2025-04-12,E1,correo,normal,672.6,cerrado,0
SOP091-002882,2025-04-13,E2,correo,normal,664.8,cerrado,0
SOP091-002883,2025-04-13,E3,correo,normal,558.6,cerrado,0
SOP091-002884,2025-04-13,E1,correo,baja,538.4,cerrado,0
SOP091-002885,2025-04-13,E2,web,normal,293.2,cerrado,0
SOP091-002886,2025-04-13,E3,web,baja,111.4,cerrado,0
SOP091-002887,2025-04-13,E1,web,baja,703.2,cerrado,0
SOP091-002888,2025-04-13,E2,web,normal,924.3,cerrado,0
SOP091-002889,2025-04-14,E3,web,baja,,abierto,0
SOP091-002890,2025-04-14,E1,correo,baja,764.5,cerrado,0
SOP091-002891,2025-04-14,E2,web,alta,1259.1,cerrado,0
SOP091-002892,2025-04-14,E3,telefono,normal,,abierto,0
SOP091-002893,2025-04-14,E1,telefono,normal,6925.6,cerrado,1
SOP091-002894,2025-04-14,E2,correo,normal,,abierto,0
SOP091-002895,2025-04-15,E3,telefono,alta,4937.4,cerrado,1
SOP091-002896,2025-04-15,E1,correo,baja,344.1,cerrado,0
SOP091-002897,2025-04-15,E2,web,alta,99.8,cerrado,0
SOP091-002898,2025-04-15,E3,web,alta,,abierto,0
SOP091-002899,2025-04-15,E1,web,normal,714.2,cerrado,0
SOP091-002900,2025-04-15,E2,correo,normal,95.9,cerrado,0
SOP091-002901,2025-04-16,E3,telefono,baja,196.2,cerrado,0
SOP091-002902,2025-04-16,E1,telefono,baja,1198.0,cerrado,0
SOP091-002903,2025-04-16,E2,web,baja,,abierto,0
SOP091-002904,2025-04-16,E3,correo,baja,491.9,cerrado,0
SOP091-002905,2025-04-16,E1,telefono,baja,493.7,cerrado,0
SOP091-002906,2025-04-16,E2,telefono,alta,,cerrado,0
SOP091-002907,2025-04-17,E3,web,alta,639.4,cerrado,0
SOP091-002908,2025-04-17,E1,correo,normal,229.9,cerrado,0
SOP091-002909,2025-04-17,E2,web,normal,720.6,cerrado,0
SOP091-002910,2025-04-17,E3,correo,normal,490.4,cerrado,0
SOP091-002911,2025-04-17,E1, CORREO ,normal,545.6,cerrado,0
SOP091-002912,2025-04-17,E2,correo,normal,551.0,cerrado,0
SOP091-002913,2025-04-18,E3,telefono,normal,,abierto,0
SOP091-002914,2025-04-18,E1,web,normal,227.0,cerrado,0
SOP091-002915,2025-04-18,E2,correo,normal,,abierto,0
SOP091-002916,2025-04-18,E3,correo,normal,183.9,cerrado,0
SOP091-002917,2025-04-18,E1,telefono,normal,83.8,cerrado,0
SOP091-002918,2025-04-18,E2,telefono,normal,5397.0,cerrado,1
SOP091-002919,2025-04-19,E3,correo,alta,176.4,cerrado,0
SOP091-002920,2025-04-19,E1,web,normal,959.8,cerrado,0
SOP091-002921,2025-04-19,E2,correo,normal,257.0,cerrado,0
SOP091-002922,2025-04-19,E3,correo,alta,,abierto,0
SOP091-002923,2025-04-19,E1,telefono,normal,790.7,cerrado,0
SOP091-002924,2025-04-19,E2,telefono,alta,,abierto,0
SOP091-002925,2025-04-19,E3,web,baja,7857.9,cerrado,1
SOP091-002926,2025-04-20,E1,telefono,baja,252.7,cerrado,0
SOP091-002927,2025-04-20,E2,web,baja,719.2,cerrado,0
SOP091-002928,2025-04-20,E3,telefono,normal,456.5,cerrado,0
SOP091-002929,2025-04-20,E1,telefono,normal,484.6,cerrado,0
SOP091-002930,2025-04-20,E2,correo,normal,939.5,cerrado,0
SOP091-002931,2025-04-20,E3,correo,normal,369.6,cerrado,0
SOP091-002932,2025-04-21,E1,correo,alta,,abierto,0
SOP091-002933,2025-04-21,E2,web,normal,502.4,cerrado,0
SOP091-002934,2025-04-21,E3,correo,normal,1071.6,cerrado,0
SOP091-002935,2025-04-21,E1,web,alta,1406.7,cerrado,0
SOP091-002936,2025-04-21,E2,correo,normal,206.3,cerrado,0
SOP091-002937,2025-04-21,E3,telefono,alta,,abierto,0
SOP091-002938,2025-04-22,E1,correo,normal,155.4,cerrado,0
SOP091-002939,2025-04-22,E2,telefono,normal,306.7,cerrado,0
SOP091-002940,2025-04-22,E3,correo,normal,490.5,cerrado,0
SOP091-002941,2025-04-22,E1,telefono,normal,672.0,cerrado,0
SOP091-002942,2025-04-22,E2,web,baja,4903.7,cerrado,1
SOP091-002943,2025-04-22,E3,correo,alta,1648.3,cerrado,0
SOP091-002944,2025-04-23,E1,telefono,baja,963.2,cerrado,0
SOP091-002945,2025-04-23,E2,web,normal,,abierto,0
SOP091-002946,2025-04-23,E3,telefono,baja,684.9,cerrado,0
SOP091-002947,2025-04-23,E1,correo,normal,4425.1,cerrado,1
SOP091-002948,2025-04-23,E2,correo,normal,264.3,cerrado,0
SOP091-002949,2025-04-23,E3,telefono,alta,244.2,cerrado,0
SOP091-002950,2025-04-24,E1,telefono,normal,1288.4,cerrado,0
SOP091-002951,2025-04-24,E2,web,normal,,abierto,0
SOP091-002952,2025-04-24,E3,web,normal,626.5,cerrado,0
SOP091-002953,2025-04-24,E1,correo,normal,1015.9,cerrado,0
SOP091-002954,2025-04-24,E2,correo,normal,,abierto,0
SOP091-002955,2025-04-24,E3,telefono,normal,"1183,1",cerrado,0
SOP091-002956,2025-04-25,E1,telefono,normal,336.1,cerrado,0
SOP091-002957,2025-04-25,E2,telefono,normal,,abierto,0
SOP091-002958,2025-04-25,E3,web,alta,,abierto,0
SOP091-002959,2025-04-25,E1,correo,normal,,abierto,0
SOP091-002960,2025-04-25,E2,correo,normal,167.2,cerrado,0
SOP091-002961,2025-04-25,E3,telefono,baja,343.9,cerrado,0
SOP091-002962,2025-04-25,E1,web,alta,4959.8,cerrado,1
SOP091-002963,2025-04-26,E2,correo,alta,,abierto,0
SOP091-002964,2025-04-26,E3,web,normal,1350.8,cerrado,0
SOP091-002965,2025-04-26,E1,telefono,alta,,abierto,0
SOP091-002966,2025-04-26,E2,web,alta,5257.4,cerrado,0
SOP091-002967,2025-04-26,E3,web,normal,519.3,cerrado,0
SOP091-002968,2025-04-26,E1,correo,normal,157.8,cerrado,0
SOP091-002969,2025-04-27,E2,telefono,alta,4895.9,cerrado,1
SOP091-002970,2025-04-27,E3,telefono,baja,549.4,cerrado,0
SOP091-002971,2025-04-27,E1,telefono,baja,204.7,cerrado,0
SOP091-002972,2025-04-27,E2,web,baja,7137.4,cerrado,1
SOP091-002973,2025-04-27,E3,correo,normal,1685.9,cerrado,0
SOP091-002974,2025-04-27,E1,correo,normal,776.2,cerrado,0
SOP091-002975,2025-04-28,E2,web,baja,1029.2,cerrado,0
SOP091-002976,2025-04-28,E3,correo,baja,1680.3,cerrado,0
SOP091-002977,2025-04-28,E1,web,baja,1190.2,cerrado,0
SOP091-002978,2025-04-28,E2,web,alta,509.8,cerrado,0
SOP091-002979,2025-04-28,E3,correo,baja,,abierto,0
SOP091-002980,2025-04-28,E1,correo,normal,330.6,cerrado,0
SOP091-002981,2025-04-29,E2,correo,normal,,abierto,0
SOP091-002982,2025-04-29,E3,correo,baja,4509.2,cerrado,1
SOP091-002983,2025-04-29,E1,telefono,normal,,abierto,0
SOP091-002984,2025-04-29,E2,telefono,normal,4675.0,cerrado,1
SOP091-002985,2025-04-29,E3,web,normal,1528.6,cerrado,0
SOP091-002986,2025-04-29,E1,web,normal,405.2,cerrado,0
SOP091-002987,2025-04-30,E2,correo,alta,,abierto,0
SOP091-002988,2025-04-30,E3,telefono,alta,1846.9,cerrado,0
SOP091-002989,2025-04-30,E1,web,alta,,cerrado,0
SOP091-002990,2025-04-30,E2,telefono,baja,821.0,cerrado,0
SOP091-002991,2025-04-30,E3,correo,alta,,abierto,0
SOP091-002992,2025-04-30,E1,correo,normal,4570.1,cerrado,1
SOP091-002993,2025-05-01,E2,telefono,normal,413.5,cerrado,0
SOP091-002994,2025-05-01,E3,web,baja,429.3,cerrado,0
SOP091-002995,2025-05-01,E1,telefono,alta,,abierto,0
SOP091-002996,2025-05-01,E2,correo,baja,546.1,cerrado,0
SOP091-002997,2025-05-01,E3,telefono,alta,188.1,cerrado,0
SOP091-002998,2025-05-01,E1,correo,baja,523.7,cerrado,0
SOP091-002999,2025-05-02,E2,telefono,baja,,abierto,0
SOP091-003000,2025-05-02,E3,telefono,normal,396.3,cerrado,0
SOP091-003001,2025-05-02,E1,correo,baja,175.4,cerrado,0
SOP091-003002,2025-05-02,E2,correo,alta,477.7,cerrado,0
SOP091-003003,2025-05-02,E3,web,alta,4727.7,cerrado,1
SOP091-003004,2025-05-02,E1,telefono,alta,,abierto,0
SOP091-003005,2025-05-02,E2,telefono,alta,4754.6,cerrado,1
SOP091-003006,2025-05-03,E3,web,normal,366.4,cerrado,0
SOP091-003007,2025-05-03,E1,telefono,normal,210.4,cerrado,0
SOP091-003008,2025-05-03,E2, WEB ,alta,2485.0,cerrado,0
SOP091-003009,2025-05-03,E3,telefono,normal,278.8,cerrado,0
SOP091-003010,2025-05-03,E1,correo,baja,785.8,cerrado,0
SOP091-003011,2025-05-03,E2,telefono,normal,410.5,cerrado,0
SOP091-003012,2025-05-04,E3,telefono,normal,355.0,cerrado,0
SOP091-003013,2025-05-04,E1,correo,normal,187.3,cerrado,0
SOP091-003014,2025-05-04,E2,correo,alta,1032.2,cerrado,0
SOP091-003015,2025-05-04,E3,correo,baja,216.0,cerrado,0
SOP091-003016,2025-05-04,E1,web,normal,,abierto,0
SOP091-003017,2025-05-04,E2,web,normal,1730.1,cerrado,0
SOP091-003018,2025-05-05,E3,correo,normal,690.1,cerrado,0
SOP091-003019,2025-05-05,E1,correo,normal,273.0,cerrado,0
SOP091-003020,2025-05-05,E2,correo,baja,5307.5,cerrado,1
SOP091-003021,2025-05-05,E3,telefono,baja,5034.0,cerrado,1
SOP091-003022,2025-05-05,E1,web,normal,143.3,cerrado,0
SOP091-003023,2025-05-05,E2,correo,alta,496.2,cerrado,0
SOP091-003024,2025-05-06,E3,correo,normal,554.0,cerrado,0
SOP091-003025,2025-05-06,E1,web,normal,296.7,cerrado,0
SOP091-003026,2025-05-06,E2,telefono,baja,882.1,cerrado,0
SOP091-003027,2025-05-06,E3,correo,normal,425.5,cerrado,0
SOP091-003028,2025-05-06,E1,telefono,alta,431.2,cerrado,0
SOP091-003029,2025-05-06,E2,telefono,normal,357.0,cerrado,0
SOP091-003030,2025-05-07,E3,correo,baja,82.0,cerrado,0
SOP091-003031,2025-05-07,E1,telefono,alta,306.9,cerrado,0
SOP091-003032,2025-05-07,E2,telefono,baja,1872.9,cerrado,0
SOP091-003033,2025-05-07,E3,web,alta,272.5,cerrado,0
SOP091-003034,2025-05-07,E1,telefono,normal,551.1,cerrado,0
SOP091-003035,2025-05-07,E2,web,normal,1615.4,cerrado,0
SOP091-003036,2025-05-08,E3,telefono,normal,776.4,cerrado,0
SOP091-003037,2025-05-08,E1,correo,normal,195.3,cerrado,0
SOP091-003038,2025-05-08,E2,web,baja,2081.5,cerrado,0
SOP091-003039,2025-05-08,E3,correo,baja,1842.6,cerrado,0
SOP091-003040,2025-05-08,E1,telefono,normal,209.2,cerrado,0
SOP091-003041,2025-05-08,E2,correo,normal,335.7,cerrado,0
SOP091-003042,2025-05-08,E3,web,baja,2512.7,cerrado,0
SOP091-003043,2025-05-09,E1,telefono,normal,301.1,cerrado,0
SOP091-003044,2025-05-09,E2,web,normal,807.1,cerrado,0
SOP091-003045,2025-05-09,E3,telefono,normal,719.7,cerrado,0
SOP091-003046,2025-05-09,E1,correo,normal,356.7,cerrado,0
SOP091-003047,2025-05-09,E2,web,normal,758.4,cerrado,0
SOP091-003048,2025-05-09,E3,telefono,alta,736.3,cerrado,0
SOP091-003049,2025-05-10,E1,web,alta,,abierto,0
SOP091-003050,2025-05-10,E2,telefono,alta,451.5,cerrado,0
SOP091-003051,2025-05-10,E3,correo,baja,386.6,cerrado,0
SOP091-003052,2025-05-10,E1,telefono,normal,580.2,cerrado,0
SOP091-003053,2025-05-10,E2,telefono,normal,836.6,cerrado,0
SOP091-003054,2025-05-10,E3,web,baja,528.1,cerrado,0
SOP091-003055,2025-05-11,E1,correo,alta,436.7,cerrado,0
SOP091-003056,2025-05-11,E2,correo,normal,630.8,cerrado,0
SOP091-003057,2025-05-11,E3,telefono,alta,,abierto,0
SOP091-003058,2025-05-11,E1,telefono,normal,875.9,cerrado,0
SOP091-003059,2025-05-11,E2,telefono,baja,,abierto,0
SOP091-003060,2025-05-11,E3,web,baja,,abierto,0
SOP091-003061,2025-05-12,E1,correo,alta,101.9,cerrado,0
SOP091-003062,2025-05-12,E2,correo,normal,426.2,cerrado,0
SOP091-003063,2025-05-12,E3,web,normal,415.2,cerrado,0
SOP091-003064,2025-05-12,E1,correo,normal,,abierto,0
SOP091-003065,2025-05-12,E2,web,normal,334.9,cerrado,0
SOP091-003066,2025-05-12,E3,correo,normal,219.9,cerrado,0
SOP091-003067,2025-05-13,E1,web,normal,258.5,cerrado,0
SOP091-003068,2025-05-13,E2,telefono,normal,872.5,cerrado,0
SOP091-003069,2025-05-13,E3,web,alta,1351.5,cerrado,0
SOP091-003070,2025-05-13,E1,web,normal,1495.3,cerrado,0
SOP091-003071,2025-05-13,E2,web,alta,641.5,cerrado,0
SOP091-003072,2025-05-13,E3,telefono,alta,,abierto,0
SOP091-003073,2025-05-14,E1,correo,alta,250.9,cerrado,0
SOP091-003074,2025-05-14,E2,correo,normal,,abierto,0
SOP091-003075,2025-05-14,E3,correo,normal,,abierto,0
SOP091-003076,2025-05-14,E1,telefono,baja,1524.8,cerrado,0
SOP091-003077,2025-05-14,E2,telefono,normal,2090.5,cerrado,0
SOP091-003078,2025-05-14,E3,web,alta,1488.3,cerrado,0
SOP091-003079,2025-05-15,E1,telefono,normal,520.2,cerrado,0
SOP091-003080,2025-05-15,E2,telefono,normal,5131.5,cerrado,1
SOP091-003081,2025-05-15,E3,telefono,baja,1505.1,cerrado,0
SOP091-003082,2025-05-15,E1,telefono,normal,351.4,cerrado,0
SOP091-003083,2025-05-15,E2,web,alta,621.9,cerrado,0
SOP091-003084,2025-05-15,E3,telefono,alta,808.7,cerrado,0
SOP091-003085,2025-05-15,E1,telefono,alta,707.6,cerrado,0
SOP091-003086,2025-05-16,E2,telefono,normal,,abierto,0
SOP091-003087,2025-05-16,E3,correo,alta,388.1,cerrado,0
SOP091-003088,2025-05-16,E1,telefono,normal,337.4,cerrado,0
SOP091-003089,2025-05-16,E2,telefono,normal,420.9,cerrado,0
SOP091-003090,2025-05-16,E3,telefono,normal,512.9,cerrado,0
SOP091-003091,2025-05-16,E1,web,normal,477.8,cerrado,0
SOP091-003092,2025-05-17,E2,correo,baja,234.1,cerrado,0
SOP091-003093,2025-05-17,E3,correo,alta,522.9,cerrado,0
SOP091-003094,2025-05-17,E1,telefono,baja,1430.1,cerrado,0
SOP091-003095,2025-05-17,E2,web,alta,5273.6,cerrado,1
SOP091-003096,2025-05-17,E3,telefono,normal,752.1,cerrado,0
SOP091-003097,2025-05-17,E1,telefono,baja,1274.0,cerrado,0
SOP091-003098,2025-05-18,E2,web,normal,516.9,cerrado,0
SOP091-003099,2025-05-18,E3,correo,normal,639.3,cerrado,0
SOP091-003100,2025-05-18,E1,correo,alta,434.3,cerrado,0
SOP091-003101,2025-05-18,E2,telefono,normal,554.7,cerrado,0
SOP091-003102,2025-05-18,E3,correo,normal,786.3,cerrado,0
SOP091-003103,2025-05-18,E1,web,normal,,abierto,0
SOP091-003104,2025-05-19,E2,correo,normal,777.9,cerrado,0
SOP091-003105,2025-05-19,E3, TELEFONO ,normal,1230.2,cerrado,0
SOP091-003106,2025-05-19,E1,correo,alta,296.7,cerrado,0
SOP091-003107,2025-05-19,E2,telefono,normal,226.1,cerrado,0
SOP091-003108,2025-05-19,E3,web,normal,526.4,cerrado,0
SOP091-003109,2025-05-19,E1,telefono,baja,659.1,cerrado,0
SOP091-003110,2025-05-20,E2,correo,alta,867.1,cerrado,0
SOP091-003111,2025-05-20,E3,correo,alta,290.8,cerrado,0
SOP091-003112,2025-05-20,E1,correo,baja,470.8,cerrado,0
SOP091-003113,2025-05-20,E2,correo,normal,4587.8,cerrado,1
SOP091-003114,2025-05-20,E3,correo,normal,469.4,cerrado,0
SOP091-003115,2025-05-20,E1,correo,baja,,abierto,0
SOP091-003116,2025-05-21,E2,correo,alta,186.7,cerrado,0
SOP091-003117,2025-05-21,E3,correo,baja,1532.5,cerrado,0
SOP091-003118,2025-05-21,E1,web,normal,533.8,cerrado,0
SOP091-003119,2025-05-21,E2,correo,normal,222.3,cerrado,0
SOP091-003120,2025-05-21,E3,web,normal,2069.9,cerrado,0
SOP091-003121,2025-05-21,E1,telefono,alta,543.9,cerrado,0
SOP091-003122,2025-05-21,E2,web,alta,227.0,cerrado,0
SOP091-003123,2025-05-22,E3,telefono,normal,467.8,cerrado,0
SOP091-003124,2025-05-22,E1,correo,normal,394.1,cerrado,0
SOP091-003125,2025-05-22,E2,correo,normal,1204.7,cerrado,0
SOP091-003126,2025-05-22,E3,web,normal,,abierto,0
SOP091-003127,2025-05-22,E1,telefono,normal,333.6,cerrado,0
SOP091-003128,2025-05-22,E2,telefono,baja,276.4,cerrado,0
SOP091-003129,2025-05-23,E3,telefono,normal,934.3,cerrado,0
SOP091-003130,2025-05-23,E1,telefono,baja,137.0,cerrado,0
SOP091-003131,2025-05-23,E2,telefono,normal,5173.3,cerrado,1
SOP091-003132,2025-05-23,E3,web,normal,,abierto,0
SOP091-003133,2025-05-23,E1,telefono,alta,432.3,cerrado,0
SOP091-003134,2025-05-23,E2,web,normal,845.0,cerrado,0
SOP091-003135,2025-05-24,E3,telefono,normal,495.2,cerrado,0
SOP091-003136,2025-05-24,E1,correo,baja,301.6,cerrado,0
SOP091-003137,2025-05-24,E2,web,baja,315.6,cerrado,0
SOP091-003138,2025-05-24,E3,web,normal,224.4,cerrado,0
SOP091-003139,2025-05-24,E1,web,normal,387.6,cerrado,0
SOP091-003140,2025-05-24,E2,correo,alta,3022.5,cerrado,0
SOP091-003141,2025-05-25,E3,correo,baja,518.0,cerrado,0
SOP091-003142,2025-05-25,E1,telefono,normal,,abierto,0
SOP091-003143,2025-05-25,E2,telefono,normal,,abierto,0
SOP091-003144,2025-05-25,E3,telefono,baja,486.1,cerrado,0
SOP091-003145,2025-05-25,E1,web,normal,285.9,cerrado,0
SOP091-003146,2025-05-25,E2,web,normal,961.8,cerrado,0
SOP091-003147,2025-05-26,E3,web,normal,332.0,cerrado,0
SOP091-003148,2025-05-26,E1,telefono,normal,304.5,cerrado,0
SOP091-003149,2025-05-26,E2,web,normal,149.3,cerrado,0
SOP091-003150,2025-05-26,E3,web,normal,1256.7,cerrado,0
SOP091-003151,2025-05-26,E1,correo,alta,,abierto,0
SOP091-003152,2025-05-26,E2,correo,baja,911.5,cerrado,0
SOP091-003153,2025-05-27,E3,telefono,normal,745.9,cerrado,0
SOP091-003154,2025-05-27,E1,correo,normal,,abierto,0
SOP091-003155,2025-05-27,E2,web,alta,,abierto,0
SOP091-003156,2025-05-27,E3,correo,normal,965.1,cerrado,0
SOP091-003157,2025-05-27,E1,telefono,baja,1782.4,cerrado,0
SOP091-003158,2025-05-27,E2,web,baja,682.8,cerrado,0
SOP091-003159,2025-05-27,E3,correo,alta,,abierto,0
SOP091-003160,2025-05-28,E1,correo,normal,951.3,cerrado,0
SOP091-003161,2025-05-28,E2,web,normal,118.2,cerrado,0
SOP091-003162,2025-05-28,E3,correo,normal,646.0,cerrado,0
SOP091-003163,2025-05-28,E1,correo,normal,1266.3,cerrado,0
SOP091-003164,2025-05-28,E2,correo,normal,307.5,cerrado,0
SOP091-003165,2025-05-28,E3,telefono,baja,594.0,cerrado,0
SOP091-003166,2025-05-29,E1,telefono,normal,"284,0",cerrado,0
SOP091-003167,2025-05-29,E2,telefono,alta,230.1,cerrado,0
SOP091-003168,2025-05-29,E3,web,alta,,abierto,0
SOP091-003169,2025-05-29,E1,correo,baja,219.0,cerrado,0
SOP091-003170,2025-05-29,E2,web,alta,4626.4,cerrado,1
SOP091-003171,2025-05-29,E3,telefono,alta,506.9,cerrado,0
SOP091-003172,2025-05-30,E1,web,baja,,abierto,0
SOP091-003173,2025-05-30,E2,web,normal,2255.5,cerrado,0
SOP091-003174,2025-05-30,E3,correo,normal,684.8,cerrado,0
SOP091-003175,2025-05-30,E1,web,alta,,abierto,0
SOP091-003176,2025-05-30,E2,web,normal,4264.7,cerrado,0
SOP091-003177,2025-05-30,E3,web,alta,1264.7,cerrado,0
SOP091-003178,2025-05-31,E1,web,alta,,abierto,0
SOP091-003179,2025-05-31,E2,telefono,normal,288.7,cerrado,0
SOP091-003180,2025-05-31,E3,correo,alta,623.4,cerrado,0
SOP091-003181,2025-05-31,E1,web,alta,491.8,cerrado,0
SOP091-003182,2025-05-31,E2,correo,baja,245.9,cerrado,0
SOP091-003183,2025-05-31,E3,web,alta,1341.6,cerrado,0
SOP091-003184,2025-06-01,E1,correo,normal,5187.7,cerrado,1
SOP091-003185,2025-06-01,E2,correo,alta,432.1,cerrado,0
SOP091-003186,2025-06-01,E3,correo,normal,252.8,cerrado,0
SOP091-003187,2025-06-01,E1,telefono,normal,940.0,cerrado,0
SOP091-003188,2025-06-01,E2,telefono,normal,1816.3,cerrado,0
SOP091-003189,2025-06-01,E3,telefono,normal,,abierto,0
SOP091-003190,2025-06-02,E1,web,normal,822.0,cerrado,0
SOP091-003191,2025-06-02,E2,telefono,alta,,abierto,0
SOP091-003192,2025-06-02,E3,correo,normal,1096.8,cerrado,0
SOP091-003193,2025-06-02,E1,correo,alta,94.1,cerrado,0
SOP091-003194,2025-06-02,E2,correo,normal,,abierto,0
SOP091-003195,2025-06-02,E3,correo,alta,,abierto,0
SOP091-003196,2025-06-03,E1,web,normal,766.4,cerrado,0
SOP091-003197,2025-06-03,E2,web,normal,187.1,cerrado,0
SOP091-003198,2025-06-03,E3,web,baja,4555.8,cerrado,1
SOP091-003199,2025-06-03,E1,correo,normal,,abierto,0
SOP091-003200,2025-06-03,E2,telefono,normal,166.4,cerrado,0
SOP091-003201,2025-06-03,E3,web,alta,596.7,cerrado,0
SOP091-003202,2025-06-03,E1, WEB ,baja,2318.7,cerrado,0
SOP091-003203,2025-06-04,E2,correo,normal,6194.8,cerrado,1
SOP091-003204,2025-06-04,E3,correo,normal,,abierto,0
SOP091-003205,2025-06-04,E1,web,normal,,abierto,0
SOP091-003206,2025-06-04,E2,web,normal,412.4,cerrado,0
SOP091-003207,2025-06-04,E3,correo,baja,3165.7,cerrado,0
SOP091-003208,2025-06-04,E1,telefono,normal,1040.4,cerrado,0
SOP091-003209,2025-06-05,E2,web,normal,294.3,cerrado,0
SOP091-003210,2025-06-05,E3,correo,normal,894.9,cerrado,0
SOP091-003211,2025-06-05,E1,telefono,alta,4640.3,cerrado,1
SOP091-003212,2025-06-05,E2,web,alta,223.4,cerrado,0
SOP091-003213,2025-06-05,E3,correo,baja,1032.3,cerrado,0
SOP091-003214,2025-06-05,E1,telefono,baja,878.8,cerrado,0
SOP091-003215,2025-06-06,E2,correo,normal,1152.3,cerrado,0
SOP091-003216,2025-06-06,E3,web,baja,762.6,cerrado,0
SOP091-003217,2025-06-06,E1,correo,alta,,abierto,0
SOP091-003218,2025-06-06,E2,telefono,normal,,abierto,0
SOP091-003219,2025-06-06,E3,telefono,normal,,abierto,0
SOP091-003220,2025-06-06,E1,telefono,baja,1611.0,cerrado,0
SOP091-003221,2025-06-07,E2,web,normal,539.3,cerrado,0
SOP091-003222,2025-06-07,E3,web,normal,4724.8,cerrado,1
SOP091-003223,2025-06-07,E1,correo,alta,322.4,cerrado,0
SOP091-003224,2025-06-07,E2,web,normal,188.5,cerrado,0
SOP091-003225,2025-06-07,E3,web,normal,,abierto,0
SOP091-003226,2025-06-07,E1,web,normal,465.4,cerrado,0
SOP091-003227,2025-06-08,E2,telefono,baja,204.1,cerrado,0
SOP091-003228,2025-06-08,E3,telefono,alta,5127.7,cerrado,1
SOP091-003229,2025-06-08,E1,telefono,normal,91.0,cerrado,0
SOP091-003230,2025-06-08,E2,web,normal,267.3,cerrado,0
SOP091-003231,2025-06-08,E3,web,alta,,abierto,0
SOP091-003232,2025-06-08,E1,web,alta,1071.6,cerrado,0
SOP091-003233,2025-06-09,E2,web,alta,278.0,cerrado,0
SOP091-003234,2025-06-09,E3,correo,normal,548.8,cerrado,0
SOP091-003235,2025-06-09,E1,web,normal,,abierto,0
SOP091-003236,2025-06-09,E2,correo,baja,5245.1,cerrado,1
SOP091-003237,2025-06-09,E3,telefono,normal,1003.8,cerrado,0
SOP091-003238,2025-06-09,E1,web,normal,,abierto,0
SOP091-003239,2025-06-09,E2,web,baja,381.3,cerrado,0
SOP091-003240,2025-06-10,E3,correo,normal,906.1,cerrado,0
SOP091-003241,2025-06-10,E1,web,baja,1023.5,cerrado,0
SOP091-003242,2025-06-10,E2,web,baja,913.3,cerrado,0
SOP091-003243,2025-06-10,E3,telefono,alta,1141.0,cerrado,0
SOP091-003244,2025-06-10,E1,correo,normal,260.0,cerrado,0
SOP091-003245,2025-06-10,E2,correo,baja,626.7,cerrado,0
SOP091-003246,2025-06-11,E3,telefono,normal,,abierto,0
SOP091-003247,2025-06-11,E1,web,alta,117.0,cerrado,0
SOP091-003248,2025-06-11,E2,correo,normal,1366.0,cerrado,0
SOP091-003249,2025-06-11,E3,web,baja,4794.9,cerrado,1
SOP091-003250,2025-06-11,E1,telefono,normal,355.6,cerrado,0
SOP091-003251,2025-06-11,E2,telefono,baja,259.1,cerrado,0
SOP091-003252,2025-06-12,E3,telefono,alta,2075.2,cerrado,0
SOP091-003253,2025-06-12,E1,telefono,normal,158.4,cerrado,0
SOP091-003254,2025-06-12,E2,web,normal,264.9,cerrado,0
SOP091-003255,2025-06-12,E3,correo,normal,627.3,cerrado,0
SOP091-003256,2025-06-12,E1,telefono,normal,479.1,cerrado,0
SOP091-003257,2025-06-12,E2,correo,normal,509.9,cerrado,0
SOP091-003258,2025-06-13,E3,correo,baja,689.4,cerrado,0
SOP091-003259,2025-06-13,E1,correo,alta,1455.2,cerrado,0
SOP091-003260,2025-06-13,E2,web,normal,5123.5,cerrado,1
SOP091-003261,2025-06-13,E3,telefono,alta,7504.4,cerrado,1
SOP091-003262,2025-06-13,E1,telefono,alta,303.5,cerrado,0
SOP091-003263,2025-06-13,E2,telefono,baja,123.4,cerrado,0
SOP091-003264,2025-06-14,E3,telefono,baja,941.3,cerrado,0
SOP091-003265,2025-06-14,E1,telefono,baja,,abierto,0
SOP091-003266,2025-06-14,E2,telefono,normal,226.5,cerrado,0
SOP091-003267,2025-06-14,E3,correo,alta,325.0,cerrado,0
SOP091-003268,2025-06-14,E1,web,normal,389.9,cerrado,0
SOP091-003269,2025-06-14,E2,telefono,alta,4947.5,cerrado,1
SOP091-003270,2025-06-15,E3,correo,alta,1908.4,cerrado,0
SOP091-003271,2025-06-15,E1,telefono,alta,331.5,cerrado,0
SOP091-003272,2025-06-15,E2,correo,alta,451.2,cerrado,0
SOP091-003273,2025-06-15,E3,telefono,baja,804.8,cerrado,0
SOP091-003274,2025-06-15,E1,correo,normal,2000.6,cerrado,0
SOP091-003275,2025-06-15,E2,correo,normal,159.3,cerrado,0
SOP091-003276,2025-06-16,E3,correo,normal,339.8,cerrado,0
SOP091-003277,2025-06-16,E1,telefono,baja,4415.8,cerrado,1
SOP091-003278,2025-06-16,E2,correo,normal,4493.9,cerrado,1
SOP091-003279,2025-06-16,E3,web,baja,380.1,cerrado,0
SOP091-003280,2025-06-16,E1,correo,baja,636.8,cerrado,0
SOP091-003281,2025-06-16,E2,telefono,normal,694.5,cerrado,0
SOP091-003282,2025-06-16,E3,web,alta,645.6,cerrado,0
SOP091-003283,2025-06-17,E1,correo,alta,326.5,cerrado,0
SOP091-003284,2025-06-17,E2,telefono,normal,6537.3,cerrado,1
SOP091-003285,2025-06-17,E3,telefono,baja,443.7,cerrado,0
SOP091-003286,2025-06-17,E1,web,normal,880.9,cerrado,0
SOP091-003287,2025-06-17,E2,web,normal,165.5,cerrado,0
SOP091-003288,2025-06-17,E3,web,normal,,abierto,0
SOP091-003289,2025-06-18,E1,telefono,alta,84.2,cerrado,0
SOP091-003290,2025-06-18,E2,correo,baja,716.3,cerrado,0
SOP091-003291,2025-06-18,E3,web,normal,442.1,cerrado,0
SOP091-003292,2025-06-18,E1,web,baja,176.2,cerrado,0
SOP091-003293,2025-06-18,E2,correo,alta,796.1,cerrado,0
SOP091-003294,2025-06-18,E3,telefono,alta,4547.0,cerrado,1
SOP091-003295,2025-06-19,E1,telefono,normal,385.3,cerrado,0
SOP091-003296,2025-06-19,E2,telefono,normal,513.4,cerrado,0
SOP091-003297,2025-06-19,E3,web,normal,,abierto,0
SOP091-003298,2025-06-19,E1,correo,normal,499.0,cerrado,0
SOP091-003299,2025-06-19,E2, TELEFONO ,baja,521.5,cerrado,0
SOP091-003300,2025-06-19,E3,telefono,baja,,abierto,0
SOP091-003301,2025-06-20,E1,telefono,alta,1211.7,cerrado,0
SOP091-003302,2025-06-20,E2,correo,baja,1416.0,cerrado,0
SOP091-003303,2025-06-20,E3,web,alta,5622.1,cerrado,1
SOP091-003304,2025-06-20,E1,correo,normal,308.8,cerrado,0
SOP091-003305,2025-06-20,E2,telefono,baja,,abierto,0
SOP091-003306,2025-06-20,E3,correo,normal,1105.1,cerrado,0
SOP091-003307,2025-06-21,E1,correo,baja,,abierto,0
SOP091-003308,2025-06-21,E2,correo,baja,,abierto,0
SOP091-003309,2025-06-21,E3,telefono,normal,632.6,cerrado,0
SOP091-003310,2025-06-21,E1,web,normal,1158.6,cerrado,0
SOP091-003311,2025-06-21,E2,telefono,normal,421.6,cerrado,0
SOP091-003312,2025-06-21,E3,correo,baja,850.6,cerrado,0
SOP091-003313,2025-06-22,E1,web,normal,4887.2,cerrado,1
SOP091-003314,2025-06-22,E2,telefono,normal,167.1,cerrado,0
SOP091-003315,2025-06-22,E3,web,normal,599.3,cerrado,0
SOP091-003316,2025-06-22,E1,telefono,normal,786.4,cerrado,0
SOP091-003317,2025-06-22,E2,correo,normal,510.5,cerrado,0
SOP091-003318,2025-06-22,E3,correo,alta,,abierto,0
SOP091-003319,2025-06-22,E1,telefono,normal,1799.9,cerrado,0
SOP091-003320,2025-06-23,E2,correo,baja,,abierto,0
SOP091-003321,2025-06-23,E3,web,alta,,cerrado,1
SOP091-003322,2025-06-23,E1,telefono,baja,186.7,cerrado,0
SOP091-003323,2025-06-23,E2,correo,baja,274.9,cerrado,0
SOP091-003324,2025-06-23,E3,correo,normal,744.1,cerrado,0
SOP091-003325,2025-06-23,E1,web,normal,1012.0,cerrado,0
SOP091-003326,2025-06-24,E2,web,normal,734.2,cerrado,0
SOP091-003327,2025-06-24,E3,telefono,normal,171.9,cerrado,0
SOP091-003328,2025-06-24,E1,correo,alta,9032.6,cerrado,1
SOP091-003329,2025-06-24,E2,correo,baja,5734.4,cerrado,1
SOP091-003330,2025-06-24,E3,correo,normal,,abierto,0
SOP091-003331,2025-06-24,E1,correo,normal,4544.0,cerrado,1
SOP091-003332,2025-06-25,E2,correo,baja,565.4,cerrado,0
SOP091-003333,2025-06-25,E3,correo,alta,223.8,cerrado,0
SOP091-003334,2025-06-25,E1,telefono,normal,296.6,cerrado,0
SOP091-003335,2025-06-25,E2,telefono,baja,5791.6,cerrado,1
SOP091-003336,2025-06-25,E3,web,baja,758.8,cerrado,0
SOP091-003337,2025-06-25,E1,telefono,baja,558.5,cerrado,0
SOP091-003338,2025-06-26,E2,web,baja,568.1,cerrado,0
SOP091-003339,2025-06-26,E3,web,baja,778.6,cerrado,0
SOP091-003340,2025-06-26,E1,telefono,normal,163.0,cerrado,0
SOP091-003341,2025-06-26,E2,correo,baja,437.0,cerrado,0
SOP091-003342,2025-06-26,E3,telefono,baja,435.9,cerrado,0
SOP091-003343,2025-06-26,E1,web,normal,444.5,cerrado,0
SOP091-003344,2025-06-27,E2,web,alta,386.1,cerrado,0
SOP091-003345,2025-06-27,E3,telefono,normal,531.4,cerrado,0
SOP091-003346,2025-06-27,E1,telefono,baja,476.9,cerrado,0
SOP091-003347,2025-06-27,E2,web,normal,1240.7,cerrado,0
SOP091-003348,2025-06-27,E3,correo,baja,821.2,cerrado,0
SOP091-003349,2025-06-27,E1,telefono,baja,440.2,cerrado,0
SOP091-003350,2025-06-28,E2,telefono,normal,,abierto,0
SOP091-003351,2025-06-28,E3,telefono,normal,994.7,cerrado,0
SOP091-003352,2025-06-28,E1,web,normal,993.6,cerrado,0
SOP091-003353,2025-06-28,E2,web,baja,465.2,cerrado,0
SOP091-003354,2025-06-28,E3,correo,alta,827.4,cerrado,0
SOP091-003355,2025-06-28,E1,correo,baja,332.9,cerrado,0
SOP091-003356,2025-06-29,E2,correo,normal,4984.4,cerrado,1
SOP091-003357,2025-06-29,E3,telefono,normal,229.8,cerrado,0
SOP091-003358,2025-06-29,E1,correo,baja,399.6,cerrado,0
SOP091-003359,2025-06-29,E2,web,normal,2010.5,cerrado,0
SOP091-003360,2025-06-29,E3,web,normal,413.3,cerrado,0
SOP091-003361,2025-06-29,E1,correo,baja,204.2,cerrado,0
SOP091-003362,2025-06-29,E2,correo,normal,1012.7,cerrado,0
SOP091-003363,2025-06-30,E3,web,baja,1318.1,cerrado,0
SOP091-003364,2025-06-30,E1,correo,alta,5052.4,cerrado,1
SOP091-003365,2025-06-30,E2,telefono,normal,765.7,cerrado,0
SOP091-003366,2025-06-30,E3,correo,normal,1187.1,cerrado,0
SOP091-003367,2025-06-30,E1,correo,alta,322.3,cerrado,0
SOP091-003368,2025-06-30,E2,telefono,baja,615.2,cerrado,0
SOP091-003369,2025-07-01,E3,web,normal,509.5,cerrado,0
SOP091-003370,2025-07-01,E1,telefono,baja,,abierto,0
SOP091-003371,2025-07-01,E2,correo,normal,135.4,cerrado,0
SOP091-003372,2025-07-01,E3,telefono,normal,916.4,cerrado,0
SOP091-003373,2025-07-01,E1,web,alta,510.5,cerrado,0
SOP091-003374,2025-07-01,E2,correo,baja,361.2,cerrado,0
SOP091-003375,2025-07-02,E3,correo,baja,5194.5,cerrado,1
SOP091-003376,2025-07-02,E1,correo,normal,874.0,cerrado,0
SOP091-003377,2025-07-02,E2,correo,alta,"6869,3",cerrado,0
SOP091-003378,2025-07-02,E3,web,normal,,abierto,0
SOP091-003379,2025-07-02,E1,correo,alta,692.5,cerrado,0
SOP091-003380,2025-07-02,E2,web,normal,214.1,cerrado,0
SOP091-003381,2025-07-03,E3,web,alta,2043.6,cerrado,0
SOP091-003382,2025-07-03,E1,telefono,normal,5505.3,cerrado,1
SOP091-003383,2025-07-03,E2,web,normal,302.4,cerrado,0
SOP091-003384,2025-07-03,E3,telefono,alta,1294.9,cerrado,0
SOP091-003385,2025-07-03,E1,telefono,normal,140.2,cerrado,0
SOP091-003386,2025-07-03,E2,telefono,normal,4403.1,cerrado,1
SOP091-003387,2025-07-04,E3,web,normal,540.0,cerrado,0
SOP091-003388,2025-07-04,E1,telefono,normal,,abierto,0
SOP091-003389,2025-07-04,E2,correo,normal,141.3,cerrado,0
SOP091-003390,2025-07-04,E3,telefono,normal,570.5,cerrado,0
SOP091-003391,2025-07-04,E1,telefono,normal,157.8,cerrado,0
SOP091-003392,2025-07-04,E2,telefono,alta,1796.0,cerrado,0
SOP091-003393,2025-07-05,E3,correo,normal,5267.8,cerrado,1
SOP091-003394,2025-07-05,E1,web,alta,290.8,cerrado,0
SOP091-003395,2025-07-05,E2,web,normal,456.6,cerrado,0
SOP091-003396,2025-07-05,E3, CORREO ,baja,1487.2,cerrado,0
SOP091-003397,2025-07-05,E1,correo,alta,932.4,cerrado,0
SOP091-003398,2025-07-05,E2,telefono,normal,718.5,cerrado,0
SOP091-003399,2025-07-05,E3,web,baja,,abierto,0
SOP091-003400,2025-07-06,E1,correo,normal,136.1,cerrado,0
SOP091-003401,2025-07-06,E2,telefono,normal,,abierto,0
SOP091-003402,2025-07-06,E3,telefono,baja,354.4,cerrado,0
SOP091-003403,2025-07-06,E1,telefono,baja,1670.9,cerrado,0
SOP091-003404,2025-07-06,E2,telefono,normal,,cerrado,0
SOP091-003405,2025-07-06,E3,correo,alta,,abierto,0
SOP091-003406,2025-07-07,E1,telefono,normal,198.0,cerrado,0
SOP091-003407,2025-07-07,E2,web,normal,1498.2,cerrado,0
SOP091-003408,2025-07-07,E3,correo,alta,555.0,cerrado,0
SOP091-003409,2025-07-07,E1,correo,baja,1169.4,cerrado,0
SOP091-003410,2025-07-07,E2,web,normal,600.7,cerrado,0
SOP091-003411,2025-07-07,E3,web,alta,671.8,cerrado,0
SOP091-003412,2025-07-08,E1,correo,normal,250.3,cerrado,0
SOP091-003413,2025-07-08,E2,web,normal,381.3,cerrado,0
SOP091-003414,2025-07-08,E3,correo,normal,342.7,cerrado,0
SOP091-003415,2025-07-08,E1,telefono,baja,250.2,cerrado,0
SOP091-003416,2025-07-08,E2,correo,normal,3561.4,cerrado,0
SOP091-003417,2025-07-08,E3,web,normal,212.6,cerrado,0
SOP091-003418,2025-07-09,E1,web,normal,,abierto,0
SOP091-003419,2025-07-09,E2,web,normal,145.6,cerrado,0
SOP091-003420,2025-07-09,E3,telefono,alta,862.4,cerrado,0
SOP091-003421,2025-07-09,E1,web,alta,371.0,cerrado,0
SOP091-003422,2025-07-09,E2,telefono,baja,517.2,cerrado,0
SOP091-003423,2025-07-09,E3,correo,normal,364.0,cerrado,0
SOP091-003424,2025-07-10,E1,web,normal,6264.1,cerrado,1
SOP091-003425,2025-07-10,E2,telefono,alta,,abierto,0
SOP091-003426,2025-07-10,E3,correo,normal,376.7,cerrado,0
SOP091-003427,2025-07-10,E1,correo,baja,387.8,cerrado,0
SOP091-003428,2025-07-10,E2,telefono,normal,761.1,cerrado,0
SOP091-003429,2025-07-10,E3,web,normal,379.7,cerrado,0
SOP091-003430,2025-07-11,E1,web,normal,421.0,cerrado,0
SOP091-003431,2025-07-11,E2,web,alta,,abierto,0
SOP091-003432,2025-07-11,E3,web,normal,1130.3,cerrado,0
SOP091-003433,2025-07-11,E1,correo,alta,,abierto,0
SOP091-003434,2025-07-11,E2,telefono,baja,5167.4,cerrado,1
SOP091-003435,2025-07-11,E3,correo,alta,640.0,cerrado,0
SOP091-003436,2025-07-11,E1,telefono,alta,128.5,cerrado,0
SOP091-003437,2025-07-12,E2,telefono,normal,385.5,cerrado,0
SOP091-003438,2025-07-12,E3,web,normal,234.7,cerrado,0
SOP091-003439,2025-07-12,E1,correo,baja,4415.1,cerrado,1
SOP091-003440,2025-07-12,E2,telefono,normal,,abierto,0
SOP091-003441,2025-07-12,E3,web,baja,1070.0,cerrado,0
SOP091-003442,2025-07-12,E1,telefono,alta,,abierto,0
SOP091-003443,2025-07-13,E2,web,alta,1151.3,cerrado,0
SOP091-003444,2025-07-13,E3,telefono,alta,5898.4,cerrado,1
SOP091-003445,2025-07-13,E1,web,normal,761.5,cerrado,0
SOP091-003446,2025-07-13,E2,correo,normal,282.5,cerrado,0
SOP091-003447,2025-07-13,E3,web,baja,385.0,cerrado,0
SOP091-003448,2025-07-13,E1,correo,baja,425.3,cerrado,0
SOP091-003449,2025-07-14,E2,telefono,baja,,abierto,0
SOP091-003450,2025-07-14,E3,telefono,normal,221.2,cerrado,0
SOP091-003451,2025-07-14,E1,correo,baja,593.8,cerrado,0
SOP091-003452,2025-07-14,E2,web,alta,710.9,cerrado,0
SOP091-003453,2025-07-14,E3,web,alta,2616.8,cerrado,0
SOP091-003454,2025-07-14,E1,telefono,baja,45.1,cerrado,0
SOP091-003455,2025-07-15,E2,correo,normal,1127.8,cerrado,0
SOP091-003456,2025-07-15,E3,web,normal,1380.8,cerrado,0
SOP091-003457,2025-07-15,E1,web,normal,1438.3,cerrado,0
SOP091-003458,2025-07-15,E2,correo,alta,150.2,cerrado,0
SOP091-003459,2025-07-15,E3,correo,baja,6501.8,cerrado,1
SOP091-003460,2025-07-15,E1,telefono,normal,550.9,cerrado,0
SOP091-003461,2025-07-16,E2,web,normal,491.8,cerrado,0
SOP091-003462,2025-07-16,E3,telefono,alta,780.4,cerrado,0
SOP091-003463,2025-07-16,E1,web,normal,73.9,cerrado,0
SOP091-003464,2025-07-16,E2,telefono,alta,897.0,cerrado,0
SOP091-003465,2025-07-16,E3,telefono,normal,326.1,cerrado,0
SOP091-003466,2025-07-16,E1,web,baja,5229.7,cerrado,1
SOP091-003467,2025-07-17,E2,telefono,normal,1885.8,cerrado,0
SOP091-003468,2025-07-17,E3,telefono,baja,217.4,cerrado,0
SOP091-003469,2025-07-17,E1,web,alta,427.9,cerrado,0
SOP091-003470,2025-07-17,E2,web,normal,1229.3,cerrado,0
SOP091-003471,2025-07-17,E3,correo,normal,746.0,cerrado,0
SOP091-003472,2025-07-17,E1,web,normal,179.5,cerrado,0
SOP091-003473,2025-07-18,E2,web,alta,4920.5,cerrado,1
SOP091-003474,2025-07-18,E3,telefono,normal,961.6,cerrado,0
SOP091-003475,2025-07-18,E1,web,alta,178.1,cerrado,0
SOP091-003476,2025-07-18,E2,web,normal,332.1,cerrado,0
SOP091-003477,2025-07-18,E3,web,normal,608.3,cerrado,0
SOP091-003478,2025-07-18,E1,telefono,normal,735.3,cerrado,0
SOP091-003479,2025-07-18,E2,correo,normal,4966.4,cerrado,1
SOP091-003480,2025-07-19,E3,telefono,normal,638.0,cerrado,0
SOP091-003481,2025-07-19,E1,web,baja,,abierto,0
SOP091-003482,2025-07-19,E2,correo,normal,537.1,cerrado,0
SOP091-003483,2025-07-19,E3,correo,normal,610.4,cerrado,0
SOP091-003484,2025-07-19,E1,web,baja,575.2,cerrado,0
SOP091-003485,2025-07-19,E2,telefono,baja,,abierto,0
SOP091-003486,2025-07-20,E3,telefono,normal,1309.1,cerrado,0
SOP091-003487,2025-07-20,E1,correo,alta,,cerrado,0
SOP091-003488,2025-07-20,E2,correo,alta,1004.2,cerrado,0
SOP091-003489,2025-07-20,E3,correo,baja,138.0,cerrado,0
SOP091-003490,2025-07-20,E1,telefono,normal,345.1,cerrado,0
SOP091-003491,2025-07-20,E2,telefono,alta,321.6,cerrado,0
SOP091-003492,2025-07-21,E3,telefono,alta,234.5,cerrado,0
SOP091-003493,2025-07-21,E1, TELEFONO ,baja,2134.1,cerrado,0
SOP091-003494,2025-07-21,E2,web,normal,203.3,cerrado,0
SOP091-003495,2025-07-21,E3,correo,alta,,abierto,0
SOP091-003496,2025-07-21,E1,web,alta,586.9,cerrado,0
SOP091-003497,2025-07-21,E2,correo,baja,4630.3,cerrado,1
SOP091-003498,2025-07-22,E3,web,normal,,abierto,0
SOP091-003499,2025-07-22,E1,correo,normal,313.1,cerrado,0
SOP091-003500,2025-07-22,E2,correo,alta,321.1,cerrado,0
SOP091-003501,2025-07-22,E3,web,normal,,abierto,0
SOP091-003502,2025-07-22,E1,web,baja,4656.4,cerrado,1
SOP091-003503,2025-07-22,E2,telefono,alta,,abierto,0
SOP091-003504,2025-07-23,E3,web,baja,,abierto,0
SOP091-003505,2025-07-23,E1,web,alta,,abierto,0
SOP091-003506,2025-07-23,E2,web,normal,306.8,cerrado,0
SOP091-003507,2025-07-23,E3,correo,baja,,abierto,0
SOP091-003508,2025-07-23,E1,correo,alta,,abierto,0
SOP091-003509,2025-07-23,E2,web,baja,902.7,cerrado,0
SOP091-003510,2025-07-24,E3,web,normal,207.6,cerrado,0
SOP091-003511,2025-07-24,E1,correo,alta,271.4,cerrado,0
SOP091-003512,2025-07-24,E2,correo,normal,,abierto,0
SOP091-003513,2025-07-24,E3,correo,normal,1705.6,cerrado,0
SOP091-003514,2025-07-24,E1,telefono,normal,485.1,cerrado,0
SOP091-003515,2025-07-24,E2,telefono,alta,72.7,cerrado,0
SOP091-003516,2025-07-24,E3,web,alta,304.5,cerrado,0
SOP091-003517,2025-07-25,E1,web,alta,363.3,cerrado,0
SOP091-003518,2025-07-25,E2,telefono,normal,527.5,cerrado,0
SOP091-003519,2025-07-25,E3,telefono,alta,432.4,cerrado,0
SOP091-003520,2025-07-25,E1,web,alta,524.0,cerrado,0
SOP091-003521,2025-07-25,E2,correo,baja,1532.9,cerrado,0
SOP091-003522,2025-07-25,E3,correo,baja,806.9,cerrado,0
SOP091-003523,2025-07-26,E1,telefono,alta,500.8,cerrado,0
SOP091-003524,2025-07-26,E2,correo,normal,1320.3,cerrado,0
SOP091-003525,2025-07-26,E3,telefono,normal,1093.6,cerrado,0
SOP091-003526,2025-07-26,E1,correo,baja,467.5,cerrado,0
SOP091-003527,2025-07-26,E2,web,normal,288.9,cerrado,0
SOP091-003528,2025-07-26,E3,correo,normal,1109.2,cerrado,0
SOP091-003529,2025-07-27,E1,telefono,normal,155.1,cerrado,0
SOP091-003530,2025-07-27,E2,web,alta,1107.7,cerrado,0
SOP091-003531,2025-07-27,E3,web,normal,5717.3,cerrado,0
SOP091-003532,2025-07-27,E1,telefono,normal,153.1,cerrado,0
SOP091-003533,2025-07-27,E2,telefono,alta,44.0,cerrado,0
SOP091-003534,2025-07-27,E3,telefono,normal,840.8,cerrado,0
SOP091-003535,2025-07-28,E1,telefono,normal,395.1,cerrado,0
SOP091-003536,2025-07-28,E2,web,normal,4429.1,cerrado,1
SOP091-003537,2025-07-28,E3,correo,baja,1105.4,cerrado,0
SOP091-003538,2025-07-28,E1,correo,normal,1151.4,cerrado,0
SOP091-003539,2025-07-28,E2,correo,normal,829.4,cerrado,0
SOP091-003540,2025-07-28,E3,telefono,alta,178.4,cerrado,0
SOP091-003541,2025-07-29,E1,web,baja,643.0,cerrado,0
SOP091-003542,2025-07-29,E2,telefono,normal,1159.4,cerrado,0
SOP091-003543,2025-07-29,E3,web,normal,514.1,cerrado,0
SOP091-003544,2025-07-29,E1,web,normal,592.7,cerrado,0
SOP091-003545,2025-07-29,E2,web,normal,229.2,cerrado,0
SOP091-003546,2025-07-29,E3,correo,normal,5222.3,cerrado,0
SOP091-003547,2025-07-30,E1,web,normal,382.5,cerrado,0
SOP091-003548,2025-07-30,E2,web,alta,334.5,cerrado,0
SOP091-003549,2025-07-30,E3,web,alta,541.6,cerrado,0
SOP091-003550,2025-07-30,E1,correo,normal,341.6,cerrado,0
SOP091-003551,2025-07-30,E2,web,normal,466.6,cerrado,0
SOP091-003552,2025-07-30,E3,correo,alta,2813.2,cerrado,0
SOP091-003553,2025-07-31,E1,telefono,normal,,abierto,0
SOP091-003554,2025-07-31,E2,correo,normal,705.4,cerrado,0
SOP091-003555,2025-07-31,E3,correo,alta,1200.8,cerrado,0
SOP091-003556,2025-07-31,E1,web,normal,1475.6,cerrado,0
SOP091-003557,2025-07-31,E2,web,normal,563.4,cerrado,0
SOP091-003558,2025-07-31,E3,telefono,normal,570.1,cerrado,0
SOP091-003559,2025-07-31,E1,web,alta,188.3,cerrado,0
SOP091-003560,2025-08-01,E2,correo,normal,1544.9,cerrado,0
SOP091-003561,2025-08-01,E3,correo,normal,140.1,cerrado,0
SOP091-003562,2025-08-01,E1,correo,baja,247.6,cerrado,0
SOP091-003563,2025-08-01,E2,telefono,alta,927.4,cerrado,0
SOP091-003564,2025-08-01,E3,web,alta,,abierto,0
SOP091-003565,2025-08-01,E1,telefono,normal,645.5,cerrado,0
SOP091-003566,2025-08-02,E2,correo,baja,464.0,cerrado,0
SOP091-003567,2025-08-02,E3,telefono,normal,251.4,cerrado,0
SOP091-003568,2025-08-02,E1,telefono,normal,,abierto,0
SOP091-003569,2025-08-02,E2,telefono,normal,4714.1,cerrado,1
SOP091-003570,2025-08-02,E3,telefono,normal,,cerrado,0
SOP091-003571,2025-08-02,E1,web,alta,342.7,cerrado,0
SOP091-003572,2025-08-03,E2,telefono,normal,802.7,cerrado,0
SOP091-003573,2025-08-03,E3,correo,normal,1537.7,cerrado,0
SOP091-003574,2025-08-03,E1,telefono,baja,602.3,cerrado,0
SOP091-003575,2025-08-03,E2,web,alta,,abierto,0
SOP091-003576,2025-08-03,E3,telefono,normal,,abierto,0
SOP091-003577,2025-08-03,E1,correo,alta,1308.1,cerrado,0
SOP091-003578,2025-08-04,E2,correo,alta,414.2,cerrado,0
SOP091-003579,2025-08-04,E3,web,normal,643.0,cerrado,0
SOP091-003580,2025-08-04,E1,telefono,normal,264.0,cerrado,0
SOP091-003581,2025-08-04,E2,correo,normal,7000.2,cerrado,0
SOP091-003582,2025-08-04,E3,correo,normal,1076.2,cerrado,0
SOP091-003583,2025-08-04,E1,telefono,baja,115.6,cerrado,0
SOP091-003584,2025-08-05,E2,correo,alta,242.4,cerrado,0
SOP091-003585,2025-08-05,E3,correo,normal,1206.7,cerrado,0
SOP091-003586,2025-08-05,E1,telefono,alta,1205.7,cerrado,0
SOP091-003587,2025-08-05,E2,telefono,normal,455.2,cerrado,0
SOP091-003588,2025-08-05,E3,telefono,alta,"360,0",cerrado,0
SOP091-003589,2025-08-05,E1,correo,baja,750.7,cerrado,0
SOP091-003590,2025-08-06,E2, TELEFONO ,baja,4778.6,cerrado,1
SOP091-003591,2025-08-06,E3,web,baja,1205.3,cerrado,0
SOP091-003592,2025-08-06,E1,web,normal,,abierto,0
SOP091-003593,2025-08-06,E2,telefono,normal,2026.3,cerrado,0
SOP091-003594,2025-08-06,E3,correo,alta,4968.2,cerrado,1
SOP091-003595,2025-08-06,E1,correo,normal,390.4,cerrado,0
SOP091-003596,2025-08-06,E2,web,baja,4482.5,cerrado,1
SOP091-003597,2025-08-07,E3,correo,alta,3009.9,cerrado,0
SOP091-003598,2025-08-07,E1,correo,baja,124.0,cerrado,0
SOP091-003599,2025-08-07,E2,web,alta,594.9,cerrado,0
SOP091-003600,2025-08-07,E3,web,normal,738.9,cerrado,0
SOP091-003601,2025-08-07,E1,telefono,baja,,abierto,0
SOP091-003602,2025-08-07,E2,telefono,alta,5687.9,cerrado,1
SOP091-003603,2025-08-08,E3,correo,alta,1084.8,cerrado,0
SOP091-003604,2025-08-08,E1,correo,normal,1536.2,cerrado,0
SOP091-003605,2025-08-08,E2,telefono,normal,157.7,cerrado,0
SOP091-003606,2025-08-08,E3,telefono,baja,85.9,cerrado,0
SOP091-003607,2025-08-08,E1,web,alta,4042.2,cerrado,0
SOP091-003608,2025-08-08,E2,web,normal,905.7,cerrado,0
SOP091-003609,2025-08-09,E3,telefono,alta,163.3,cerrado,0
SOP091-003610,2025-08-09,E1,web,normal,1798.7,cerrado,0
SOP091-003611,2025-08-09,E2,correo,normal,132.7,cerrado,0
SOP091-003612,2025-08-09,E3,telefono,normal,233.2,cerrado,0
SOP091-003613,2025-08-09,E1,web,alta,388.0,cerrado,0
SOP091-003614,2025-08-09,E2,telefono,alta,241.3,cerrado,0
SOP091-003615,2025-08-10,E3,web,normal,4796.9,cerrado,0
SOP091-003616,2025-08-10,E1,web,normal,336.1,cerrado,0
SOP091-003617,2025-08-10,E2,correo,normal,449.0,cerrado,0
SOP091-003618,2025-08-10,E3,correo,normal,376.9,cerrado,0
SOP091-003619,2025-08-10,E1,correo,normal,1451.5,cerrado,0
SOP091-003620,2025-08-10,E2,web,alta,,abierto,0
SOP091-003621,2025-08-11,E3,telefono,alta,5818.8,cerrado,1
SOP091-003622,2025-08-11,E1,telefono,normal,826.8,cerrado,0
SOP091-003623,2025-08-11,E2,correo,alta,,abierto,0
SOP091-003624,2025-08-11,E3,correo,baja,,abierto,0
SOP091-003625,2025-08-11,E1,correo,normal,356.6,cerrado,0
SOP091-003626,2025-08-11,E2,web,baja,286.5,cerrado,0
SOP091-003627,2025-08-12,E3,web,alta,,abierto,0
SOP091-003628,2025-08-12,E1,telefono,normal,707.3,cerrado,0
SOP091-003629,2025-08-12,E2,correo,normal,331.7,cerrado,0
SOP091-003630,2025-08-12,E3,correo,normal,3113.2,cerrado,0
SOP091-003631,2025-08-12,E1,correo,baja,2128.3,cerrado,0
SOP091-003632,2025-08-12,E2,telefono,normal,,abierto,0
SOP091-003633,2025-08-12,E3,correo,normal,,abierto,0
SOP091-003634,2025-08-13,E1,web,alta,,abierto,0
SOP091-003635,2025-08-13,E2,web,normal,548.8,cerrado,0
SOP091-003636,2025-08-13,E3,telefono,baja,1810.7,cerrado,0
SOP091-003637,2025-08-13,E1,correo,normal,211.2,cerrado,0
SOP091-003638,2025-08-13,E2,web,alta,930.4,cerrado,0
SOP091-003639,2025-08-13,E3,telefono,alta,,abierto,0
SOP091-003640,2025-08-14,E1,correo,normal,,abierto,0
SOP091-003641,2025-08-14,E2,web,baja,,abierto,0
SOP091-003642,2025-08-14,E3,correo,baja,577.7,cerrado,0
SOP091-003643,2025-08-14,E1,web,baja,2280.0,cerrado,0
SOP091-003644,2025-08-14,E2,telefono,baja,,abierto,0
SOP091-003645,2025-08-14,E3,web,normal,486.0,cerrado,0
SOP091-003646,2025-08-15,E1,correo,normal,248.0,cerrado,0
SOP091-003647,2025-08-15,E2,correo,normal,,abierto,0
SOP091-003648,2025-08-15,E3,web,normal,,abierto,0
SOP091-003649,2025-08-15,E1,web,normal,543.1,cerrado,0
SOP091-003650,2025-08-15,E2,correo,normal,232.4,cerrado,0
SOP091-003651,2025-08-15,E3,web,normal,,abierto,0
SOP091-003652,2025-08-16,E1,correo,normal,5076.4,cerrado,1
SOP091-003653,2025-08-16,E2,telefono,normal,,cerrado,0
SOP091-003654,2025-08-16,E3,web,baja,532.6,cerrado,0
SOP091-003655,2025-08-16,E1,telefono,normal,5683.3,cerrado,1
SOP091-003656,2025-08-16,E2,correo,baja,250.3,cerrado,0
SOP091-003657,2025-08-16,E3,web,baja,430.6,cerrado,0
SOP091-003658,2025-08-17,E1,telefono,baja,,abierto,0
SOP091-003659,2025-08-17,E2,telefono,alta,,abierto,0
SOP091-003660,2025-08-17,E3,correo,normal,,abierto,0
SOP091-003661,2025-08-17,E1,telefono,normal,519.2,cerrado,0
SOP091-003662,2025-08-17,E2,web,baja,382.8,cerrado,0
SOP091-003663,2025-08-17,E3,correo,baja,1039.8,cerrado,0
SOP091-003664,2025-08-18,E1,web,alta,4623.4,cerrado,1
SOP091-003665,2025-08-18,E2,correo,normal,464.1,cerrado,0
SOP091-003666,2025-08-18,E3,web,baja,1400.4,cerrado,0
SOP091-003667,2025-08-18,E1,telefono,normal,171.7,cerrado,0
SOP091-003668,2025-08-18,E2,web,baja,437.1,cerrado,0
SOP091-003669,2025-08-18,E3,web,alta,145.8,cerrado,0
SOP091-003670,2025-08-19,E1,web,alta,5624.5,cerrado,1
SOP091-003671,2025-08-19,E2,telefono,alta,1274.1,cerrado,0
SOP091-003672,2025-08-19,E3,web,alta,1353.2,cerrado,0
SOP091-003673,2025-08-19,E1,telefono,alta,1144.6,cerrado,0
SOP091-003674,2025-08-19,E2,telefono,normal,505.3,cerrado,0
SOP091-003675,2025-08-19,E3,correo,normal,2376.9,cerrado,0
SOP091-003676,2025-08-19,E1,web,normal,619.7,cerrado,0
SOP091-003677,2025-08-20,E2,correo,normal,247.7,cerrado,0
SOP091-003678,2025-08-20,E3,web,normal,4585.4,cerrado,1
SOP091-003679,2025-08-20,E1,telefono,baja,359.4,cerrado,0
SOP091-003680,2025-08-20,E2,telefono,baja,,abierto,0
SOP091-003681,2025-08-20,E3,web,normal,,abierto,0
SOP091-003682,2025-08-20,E1,web,normal,1626.1,cerrado,0
SOP091-003683,2025-08-21,E2,telefono,normal,501.4,cerrado,0
SOP091-003684,2025-08-21,E3,correo,normal,349.3,cerrado,0
SOP091-003685,2025-08-21,E1,correo,alta,197.1,cerrado,0
SOP091-003686,2025-08-21,E2,web,normal,1369.3,cerrado,0
SOP091-003687,2025-08-21,E3, CORREO ,baja,53.3,cerrado,0
SOP091-003688,2025-08-21,E1,correo,normal,103.8,cerrado,0
SOP091-003689,2025-08-22,E2,telefono,normal,,abierto,0
SOP091-003690,2025-08-22,E3,web,normal,962.0,cerrado,0
SOP091-003691,2025-08-22,E1,web,alta,,abierto,0
SOP091-003692,2025-08-22,E2,web,alta,2033.3,cerrado,0
SOP091-003693,2025-08-22,E3,telefono,baja,555.4,cerrado,0
SOP091-003694,2025-08-22,E1,telefono,alta,216.5,cerrado,0
SOP091-003695,2025-08-23,E2,web,normal,415.7,cerrado,0
SOP091-003696,2025-08-23,E3,correo,normal,1090.7,cerrado,0
SOP091-003697,2025-08-23,E1,correo,baja,,abierto,0
SOP091-003698,2025-08-23,E2,telefono,normal,,abierto,0
SOP091-003699,2025-08-23,E3,correo,alta,767.7,cerrado,0
SOP091-003700,2025-08-23,E1,telefono,baja,469.6,cerrado,0
SOP091-003701,2025-08-24,E2,telefono,alta,,abierto,0
SOP091-003702,2025-08-24,E3,web,normal,1746.2,cerrado,0
SOP091-003703,2025-08-24,E1,telefono,baja,267.6,cerrado,0
SOP091-003704,2025-08-24,E2,web,normal,183.7,cerrado,0
SOP091-003705,2025-08-24,E3,correo,alta,,abierto,0
SOP091-003706,2025-08-24,E1,web,normal,800.6,cerrado,0
SOP091-003707,2025-08-25,E2,telefono,alta,,abierto,0
SOP091-003708,2025-08-25,E3,telefono,normal,284.3,cerrado,0
SOP091-003709,2025-08-25,E1,telefono,normal,113.9,cerrado,0
SOP091-003710,2025-08-25,E2,web,normal,667.8,cerrado,0
SOP091-003711,2025-08-25,E3,telefono,normal,727.8,cerrado,0
SOP091-003712,2025-08-25,E1,web,baja,1410.1,cerrado,0
SOP091-003713,2025-08-25,E2,telefono,normal,4933.8,cerrado,1
SOP091-003714,2025-08-26,E3,correo,normal,1245.8,cerrado,0
SOP091-003715,2025-08-26,E1,telefono,normal,207.1,cerrado,0
SOP091-003716,2025-08-26,E2,telefono,normal,1492.9,cerrado,0
SOP091-003717,2025-08-26,E3,correo,normal,,abierto,0
SOP091-003718,2025-08-26,E1,web,normal,195.2,cerrado,0
SOP091-003719,2025-08-26,E2,web,normal,165.7,cerrado,0
SOP091-003720,2025-08-27,E3,correo,normal,,abierto,0
SOP091-003721,2025-08-27,E1,telefono,normal,700.0,cerrado,0
SOP091-003722,2025-08-27,E2,web,baja,366.9,cerrado,0
SOP091-003723,2025-08-27,E3,web,baja,1410.4,cerrado,0
SOP091-003724,2025-08-27,E1,telefono,alta,491.4,cerrado,0
SOP091-003725,2025-08-27,E2,correo,normal,,abierto,0
SOP091-003726,2025-08-28,E3,web,normal,254.0,cerrado,0
SOP091-003727,2025-08-28,E1,telefono,baja,162.0,cerrado,0
SOP091-003728,2025-08-28,E2,telefono,normal,,abierto,0
SOP091-003729,2025-08-28,E3,web,baja,6129.7,cerrado,1
SOP091-003730,2025-08-28,E1,telefono,normal,283.3,cerrado,0
SOP091-003731,2025-08-28,E2,correo,baja,1946.3,cerrado,0
SOP091-003732,2025-08-29,E3,web,normal,637.8,cerrado,0
SOP091-003733,2025-08-29,E1,telefono,normal,4828.3,cerrado,1
SOP091-003734,2025-08-29,E2,correo,alta,,abierto,0
SOP091-003735,2025-08-29,E3,web,alta,285.9,cerrado,0
SOP091-003736,2025-08-29,E1,correo,baja,,cerrado,0
SOP091-003737,2025-08-29,E2,correo,normal,1386.7,cerrado,0
SOP091-003738,2025-08-30,E3,web,normal,561.3,cerrado,0
SOP091-003739,2025-08-30,E1,correo,normal,4509.3,cerrado,1
SOP091-003740,2025-08-30,E2,telefono,normal,550.2,cerrado,0
SOP091-003741,2025-08-30,E3,telefono,alta,758.8,cerrado,0
SOP091-003742,2025-08-30,E1,correo,normal,260.5,cerrado,0
SOP091-003743,2025-08-30,E2,correo,normal,5039.6,cerrado,1
SOP091-003744,2025-08-31,E3,telefono,baja,365.3,cerrado,0
SOP091-003745,2025-08-31,E1,correo,alta,5381.3,cerrado,1
SOP091-003746,2025-08-31,E2,correo,alta,820.8,cerrado,0
SOP091-003747,2025-08-31,E3,telefono,normal,,abierto,0
SOP091-003748,2025-08-31,E1,web,normal,55.8,cerrado,0
SOP091-003749,2025-08-31,E2,web,baja,639.1,cerrado,0
SOP091-003750,2025-09-01,E3,correo,baja,1304.6,cerrado,0
SOP091-003751,2025-09-01,E1,web,alta,,abierto,0
SOP091-003752,2025-09-01,E2,correo,normal,565.4,cerrado,0
SOP091-003753,2025-09-01,E3,correo,normal,1119.5,cerrado,0
SOP091-003754,2025-09-01,E1,web,baja,,abierto,0
SOP091-003755,2025-09-01,E2,correo,normal,334.7,cerrado,0
SOP091-003756,2025-09-01,E3,web,normal,292.1,cerrado,0
SOP091-003757,2025-09-02,E1,telefono,normal,1284.8,cerrado,0
SOP091-003758,2025-09-02,E2,web,baja,2266.7,cerrado,0
SOP091-003759,2025-09-02,E3,web,baja,70.4,cerrado,0
SOP091-003760,2025-09-02,E1,telefono,normal,432.7,cerrado,0
SOP091-003761,2025-09-02,E2,correo,baja,942.2,cerrado,0
SOP091-003762,2025-09-02,E3,correo,normal,5098.8,cerrado,1
SOP091-003763,2025-09-03,E1,telefono,normal,,abierto,0
SOP091-003764,2025-09-03,E2,telefono,baja,4753.0,cerrado,1
SOP091-003765,2025-09-03,E3,web,normal,591.9,cerrado,0
SOP091-003766,2025-09-03,E1,telefono,alta,340.4,cerrado,0
SOP091-003767,2025-09-03,E2,correo,normal,184.9,cerrado,0
SOP091-003768,2025-09-03,E3,telefono,alta,181.1,cerrado,0
SOP091-003769,2025-09-04,E1,telefono,baja,202.2,cerrado,0
SOP091-003770,2025-09-04,E2,telefono,normal,4251.9,cerrado,0
SOP091-003771,2025-09-04,E3,telefono,baja,130.4,cerrado,0
SOP091-003772,2025-09-04,E1,telefono,normal,6176.5,cerrado,1
SOP091-003773,2025-09-04,E2,telefono,normal,,abierto,0
SOP091-003774,2025-09-04,E3,telefono,baja,962.5,cerrado,0
SOP091-003775,2025-09-05,E1,telefono,alta,379.8,cerrado,0
SOP091-003776,2025-09-05,E2,web,normal,774.6,cerrado,0
SOP091-003777,2025-09-05,E3,web,normal,160.9,cerrado,0
SOP091-003778,2025-09-05,E1,web,alta,,abierto,0
SOP091-003779,2025-09-05,E2,correo,normal,2453.4,cerrado,0
SOP091-003780,2025-09-05,E3,correo,normal,4519.0,cerrado,1
SOP091-003781,2025-09-06,E1,telefono,alta,1174.3,cerrado,0
SOP091-003782,2025-09-06,E2,correo,alta,,abierto,0
SOP091-003783,2025-09-06,E3,telefono,normal,836.5,cerrado,0
SOP091-003784,2025-09-06,E1, WEB ,normal,254.7,cerrado,0
SOP091-003785,2025-09-06,E2,telefono,alta,271.4,cerrado,0
SOP091-003786,2025-09-06,E3,correo,normal,545.7,cerrado,0
SOP091-003787,2025-09-07,E1,telefono,normal,130.2,cerrado,0
SOP091-003788,2025-09-07,E2,correo,alta,1614.3,cerrado,0
SOP091-003789,2025-09-07,E3,correo,normal,,abierto,0
SOP091-003790,2025-09-07,E1,correo,normal,98.1,cerrado,0
SOP091-003791,2025-09-07,E2,web,normal,746.9,cerrado,0
SOP091-003792,2025-09-07,E3,web,alta,625.6,cerrado,0
SOP091-003793,2025-09-07,E1,web,baja,365.9,cerrado,0
SOP091-003794,2025-09-08,E2,correo,alta,,abierto,0
SOP091-003795,2025-09-08,E3,telefono,alta,,abierto,0
SOP091-003796,2025-09-08,E1,telefono,baja,,abierto,0
SOP091-003797,2025-09-08,E2,web,alta,843.9,cerrado,0
SOP091-003798,2025-09-08,E3,web,normal,2316.2,cerrado,0
SOP091-003799,2025-09-08,E1,correo,alta,"390,2",cerrado,0
SOP091-003800,2025-09-09,E2,telefono,baja,1036.8,cerrado,0
SOP091-003801,2025-09-09,E3,correo,alta,677.2,cerrado,0
SOP091-003802,2025-09-09,E1,web,baja,80.9,cerrado,0
SOP091-003803,2025-09-09,E2,correo,baja,410.4,cerrado,0
SOP091-003804,2025-09-09,E3,correo,normal,337.7,cerrado,0
SOP091-003805,2025-09-09,E1,web,baja,,abierto,0
SOP091-003806,2025-09-10,E2,correo,alta,296.6,cerrado,0
SOP091-003807,2025-09-10,E3,web,alta,458.2,cerrado,0
SOP091-003808,2025-09-10,E1,telefono,alta,58.0,cerrado,0
SOP091-003809,2025-09-10,E2,web,baja,743.5,cerrado,0
SOP091-003810,2025-09-10,E3,web,normal,259.3,cerrado,0
SOP091-003811,2025-09-10,E1,web,normal,4948.8,cerrado,1
SOP091-003812,2025-09-11,E2,web,alta,1036.9,cerrado,0
SOP091-003813,2025-09-11,E3,web,normal,1527.5,cerrado,0
SOP091-003814,2025-09-11,E1,telefono,normal,577.9,cerrado,0
SOP091-003815,2025-09-11,E2,correo,alta,,abierto,0
SOP091-003816,2025-09-11,E3,web,normal,384.0,cerrado,0
SOP091-003817,2025-09-11,E1,telefono,normal,,abierto,0
SOP091-003818,2025-09-12,E2,correo,normal,905.5,cerrado,0
SOP091-003819,2025-09-12,E3,web,normal,,cerrado,0
SOP091-003820,2025-09-12,E1,correo,alta,447.2,cerrado,0
SOP091-003821,2025-09-12,E2,correo,normal,4701.8,cerrado,1
SOP091-003822,2025-09-12,E3,web,alta,1107.6,cerrado,0
SOP091-003823,2025-09-12,E1,correo,normal,,abierto,0
SOP091-003824,2025-09-13,E2,web,alta,428.8,cerrado,0
SOP091-003825,2025-09-13,E3,correo,normal,,abierto,0
SOP091-003826,2025-09-13,E1,web,alta,,abierto,0
SOP091-003827,2025-09-13,E2,web,normal,164.0,cerrado,0
SOP091-003828,2025-09-13,E3,telefono,normal,5042.6,cerrado,1
SOP091-003829,2025-09-13,E1,telefono,alta,,abierto,0
SOP091-003830,2025-09-13,E2,telefono,normal,451.5,cerrado,0
SOP091-003831,2025-09-14,E3,web,baja,836.1,cerrado,0
SOP091-003832,2025-09-14,E1,web,baja,650.5,cerrado,0
SOP091-003833,2025-09-14,E2,web,normal,,abierto,0
SOP091-003834,2025-09-14,E3,web,alta,245.8,cerrado,0
SOP091-003835,2025-09-14,E1,telefono,normal,,abierto,0
SOP091-003836,2025-09-14,E2,correo,alta,559.7,cerrado,0
SOP091-003837,2025-09-15,E3,web,normal,1332.9,cerrado,0
SOP091-003838,2025-09-15,E1,telefono,normal,332.5,cerrado,0
SOP091-003839,2025-09-15,E2,web,normal,851.1,cerrado,0
SOP091-003840,2025-09-15,E3,telefono,normal,781.2,cerrado,0
SOP091-003841,2025-09-15,E1,web,alta,734.9,cerrado,0
SOP091-003842,2025-09-15,E2,correo,alta,566.9,cerrado,0
SOP091-003843,2025-09-16,E3,telefono,normal,1105.7,cerrado,0
SOP091-003844,2025-09-16,E1,web,alta,547.3,cerrado,0
SOP091-003845,2025-09-16,E2,correo,normal,98.9,cerrado,0
SOP091-003846,2025-09-16,E3,correo,baja,2688.6,cerrado,0
SOP091-003847,2025-09-16,E1,telefono,normal,,abierto,0
SOP091-003848,2025-09-16,E2,telefono,normal,1257.4,cerrado,0
SOP091-003849,2025-09-17,E3,correo,alta,899.0,cerrado,0
SOP091-003850,2025-09-17,E1,correo,alta,5150.1,cerrado,1
SOP091-003851,2025-09-17,E2,correo,alta,179.8,cerrado,0
SOP091-003852,2025-09-17,E3,web,normal,1213.4,cerrado,0
SOP091-003853,2025-09-17,E1,correo,normal,142.5,cerrado,0
SOP091-003854,2025-09-17,E2,web,normal,343.9,cerrado,0
SOP091-003855,2025-09-18,E3,telefono,normal,256.1,cerrado,0
SOP091-003856,2025-09-18,E1,correo,normal,4670.0,cerrado,1
SOP091-003857,2025-09-18,E2,correo,normal,4547.8,cerrado,1
SOP091-003858,2025-09-18,E3,correo,alta,1591.3,cerrado,0
SOP091-003859,2025-09-18,E1,web,normal,,abierto,0
SOP091-003860,2025-09-18,E2,web,alta,792.7,cerrado,0
SOP091-003861,2025-09-19,E3,correo,baja,4676.1,cerrado,1
SOP091-003862,2025-09-19,E1,web,normal,,abierto,0
SOP091-003863,2025-09-19,E2,web,normal,,abierto,0
SOP091-003864,2025-09-19,E3,telefono,baja,90.4,cerrado,0
SOP091-003865,2025-09-19,E1,correo,normal,608.6,cerrado,0
SOP091-003866,2025-09-19,E2,correo,normal,334.9,cerrado,0
SOP091-003867,2025-09-20,E3,web,normal,4505.8,cerrado,1
SOP091-003868,2025-09-20,E1,correo,normal,,abierto,0
SOP091-003869,2025-09-20,E2,web,normal,489.0,cerrado,0
SOP091-003870,2025-09-20,E3,telefono,alta,799.3,cerrado,0
SOP091-003871,2025-09-20,E1,web,normal,267.8,cerrado,0
SOP091-003872,2025-09-20,E2,telefono,alta,361.7,cerrado,0
SOP091-003873,2025-09-20,E3,correo,normal,2156.8,cerrado,0
SOP091-003874,2025-09-21,E1,correo,alta,767.7,cerrado,0
SOP091-003875,2025-09-21,E2,telefono,normal,346.2,cerrado,0
SOP091-003876,2025-09-21,E3,telefono,alta,883.1,cerrado,0
SOP091-003877,2025-09-21,E1,correo,normal,226.5,cerrado,0
SOP091-003878,2025-09-21,E2,web,normal,4736.8,cerrado,1
SOP091-003879,2025-09-21,E3,telefono,normal,524.9,cerrado,0
SOP091-003880,2025-09-22,E1,correo,normal,300.7,cerrado,0
SOP091-003881,2025-09-22,E2, TELEFONO ,normal,364.4,cerrado,0
SOP091-003882,2025-09-22,E3,web,alta,1272.4,cerrado,0
SOP091-003883,2025-09-22,E1,telefono,baja,153.8,cerrado,0
SOP091-003884,2025-09-22,E2,telefono,normal,867.8,cerrado,0
SOP091-003885,2025-09-22,E3,web,baja,627.9,cerrado,0
SOP091-003886,2025-09-23,E1,web,normal,4545.2,cerrado,1
SOP091-003887,2025-09-23,E2,telefono,alta,,abierto,0
SOP091-003888,2025-09-23,E3,correo,normal,134.2,cerrado,0
SOP091-003889,2025-09-23,E1,telefono,normal,1317.1,cerrado,0
SOP091-003890,2025-09-23,E2,telefono,normal,462.0,cerrado,0
SOP091-003891,2025-09-23,E3,telefono,alta,4762.9,cerrado,1
SOP091-003892,2025-09-24,E1,web,normal,858.8,cerrado,0
SOP091-003893,2025-09-24,E2,telefono,normal,,abierto,0
SOP091-003894,2025-09-24,E3,web,normal,621.3,cerrado,0
SOP091-003895,2025-09-24,E1,correo,normal,,abierto,0
SOP091-003896,2025-09-24,E2,telefono,normal,4247.1,cerrado,0
SOP091-003897,2025-09-24,E3,correo,baja,1018.0,cerrado,0
SOP091-003898,2025-09-25,E1,telefono,normal,4708.1,cerrado,1
SOP091-003899,2025-09-25,E2,telefono,baja,711.1,cerrado,0
SOP091-003900,2025-09-25,E3,web,baja,5096.5,cerrado,1
SOP091-003901,2025-09-25,E1,telefono,normal,,abierto,0
SOP091-003902,2025-09-25,E2,correo,alta,,cerrado,1
SOP091-003903,2025-09-25,E3,web,normal,297.0,cerrado,0
SOP091-003904,2025-09-26,E1,web,baja,,abierto,0
SOP091-003905,2025-09-26,E2,telefono,alta,,abierto,0
SOP091-003906,2025-09-26,E3,web,normal,929.8,cerrado,0
SOP091-003907,2025-09-26,E1,telefono,normal,,abierto,0
SOP091-003908,2025-09-26,E2,telefono,baja,227.8,cerrado,0
SOP091-003909,2025-09-26,E3,telefono,alta,,abierto,0
SOP091-003910,2025-09-26,E1,web,normal,731.5,cerrado,0
SOP091-003911,2025-09-27,E2,telefono,normal,913.9,cerrado,0
SOP091-003912,2025-09-27,E3,correo,normal,,abierto,0
SOP091-003913,2025-09-27,E1,web,normal,5523.3,cerrado,1
SOP091-003914,2025-09-27,E2,telefono,normal,1050.8,cerrado,0
SOP091-003915,2025-09-27,E3,web,normal,,abierto,0
SOP091-003916,2025-09-27,E1,correo,alta,267.5,cerrado,0
SOP091-003917,2025-09-28,E2,web,baja,377.3,cerrado,0
SOP091-003918,2025-09-28,E3,telefono,normal,2695.8,cerrado,0
SOP091-003919,2025-09-28,E1,telefono,normal,613.2,cerrado,0
SOP091-003920,2025-09-28,E2,correo,baja,227.0,cerrado,0
SOP091-003921,2025-09-28,E3,telefono,baja,4871.5,cerrado,1
SOP091-003922,2025-09-28,E1,web,alta,255.9,cerrado,0
SOP091-003923,2025-09-29,E2,correo,normal,181.3,cerrado,0
SOP091-003924,2025-09-29,E3,correo,normal,458.5,cerrado,0
SOP091-003925,2025-09-29,E1,web,alta,218.5,cerrado,0
SOP091-003926,2025-09-29,E2,correo,alta,,abierto,0
SOP091-003927,2025-09-29,E3,telefono,alta,955.7,cerrado,0
SOP091-003928,2025-09-29,E1,web,normal,416.8,cerrado,0
SOP091-003929,2025-09-30,E2,telefono,normal,,abierto,0
SOP091-003930,2025-09-30,E3,correo,normal,1105.8,cerrado,0
SOP091-003931,2025-09-30,E1,telefono,normal,317.9,cerrado,0
SOP091-003932,2025-09-30,E2,web,normal,1496.2,cerrado,0
SOP091-003933,2025-09-30,E3,web,normal,885.4,cerrado,0
SOP091-003934,2025-09-30,E1,correo,normal,109.9,cerrado,0
SOP091-003935,2025-10-01,E2,web,normal,902.2,cerrado,0
SOP091-003936,2025-10-01,E3,web,alta,5100.6,cerrado,1
SOP091-003937,2025-10-01,E1,web,alta,1136.3,cerrado,0
SOP091-003938,2025-10-01,E2,correo,normal,691.8,cerrado,0
SOP091-003939,2025-10-01,E3,correo,baja,528.9,cerrado,0
SOP091-003940,2025-10-01,E1,correo,normal,781.6,cerrado,0
SOP091-003941,2025-10-02,E2,telefono,alta,776.4,cerrado,0
SOP091-003942,2025-10-02,E3,web,normal,468.5,cerrado,0
SOP091-003943,2025-10-02,E1,correo,normal,31.9,cerrado,0
SOP091-003944,2025-10-02,E2,web,baja,549.0,cerrado,0
SOP091-003945,2025-10-02,E3,telefono,alta,335.2,cerrado,0
SOP091-003946,2025-10-02,E1,correo,baja,317.9,cerrado,0
SOP091-003947,2025-10-03,E2,correo,baja,883.7,cerrado,0
SOP091-003948,2025-10-03,E3,correo,alta,312.9,cerrado,0
SOP091-003949,2025-10-03,E1,web,normal,434.1,cerrado,0
SOP091-003950,2025-10-03,E2,web,baja,102.4,cerrado,0
SOP091-003951,2025-10-03,E3,telefono,alta,307.4,cerrado,0
SOP091-003952,2025-10-03,E1,correo,alta,423.6,cerrado,0
SOP091-003953,2025-10-03,E2,correo,baja,1281.8,cerrado,0
SOP091-003954,2025-10-04,E3,correo,normal,,abierto,0
SOP091-003955,2025-10-04,E1,correo,normal,,abierto,0
SOP091-003956,2025-10-04,E2,correo,normal,157.8,cerrado,0
SOP091-003957,2025-10-04,E3,web,alta,3758.6,cerrado,0
SOP091-003958,2025-10-04,E1,telefono,baja,315.2,cerrado,0
SOP091-003959,2025-10-04,E2,telefono,baja,1090.4,cerrado,0
SOP091-003960,2025-10-05,E3,correo,normal,666.0,cerrado,0
SOP091-003961,2025-10-05,E1,correo,alta,4468.0,cerrado,1
SOP091-003962,2025-10-05,E2,correo,normal,,abierto,0
SOP091-003963,2025-10-05,E3,correo,alta,327.4,cerrado,0
SOP091-003964,2025-10-05,E1,correo,baja,5069.6,cerrado,1
SOP091-003965,2025-10-05,E2,correo,normal,109.1,cerrado,0
SOP091-003966,2025-10-06,E3,correo,normal,,abierto,0
SOP091-003967,2025-10-06,E1,web,normal,,abierto,0
SOP091-003968,2025-10-06,E2,telefono,normal,,abierto,0
SOP091-003969,2025-10-06,E3,web,normal,,abierto,0
SOP091-003970,2025-10-06,E1,web,alta,371.3,cerrado,0
SOP091-003971,2025-10-06,E2,correo,normal,428.1,cerrado,0
SOP091-003972,2025-10-07,E3,correo,alta,,abierto,0
SOP091-003973,2025-10-07,E1,correo,alta,488.5,cerrado,0
SOP091-003974,2025-10-07,E2,web,normal,4721.6,cerrado,1
SOP091-003975,2025-10-07,E3,web,normal,659.0,cerrado,0
SOP091-003976,2025-10-07,E1,telefono,normal,909.1,cerrado,0
SOP091-003977,2025-10-07,E2,web,alta,168.5,cerrado,0
SOP091-003978,2025-10-08,E3, CORREO ,normal,654.3,cerrado,0
SOP091-003979,2025-10-08,E1,telefono,baja,687.4,cerrado,0
SOP091-003980,2025-10-08,E2,correo,baja,247.1,cerrado,0
SOP091-003981,2025-10-08,E3,telefono,normal,529.3,cerrado,0
SOP091-003982,2025-10-08,E1,correo,alta,791.0,cerrado,0
SOP091-003983,2025-10-08,E2,telefono,alta,312.0,cerrado,0
SOP091-003984,2025-10-09,E3,web,alta,2518.7,cerrado,0
SOP091-003985,2025-10-09,E1,web,normal,,abierto,0
SOP091-003986,2025-10-09,E2,telefono,baja,575.8,cerrado,0
SOP091-003987,2025-10-09,E3,web,alta,,abierto,0
SOP091-003988,2025-10-09,E1,correo,normal,,abierto,0
SOP091-003989,2025-10-09,E2,correo,alta,,abierto,0
SOP091-003990,2025-10-09,E3,correo,baja,3099.6,cerrado,0
SOP091-003991,2025-10-10,E1,correo,alta,1267.5,cerrado,0
SOP091-003992,2025-10-10,E2,telefono,baja,2016.2,cerrado,0
SOP091-003993,2025-10-10,E3,web,normal,2039.4,cerrado,0
SOP091-003994,2025-10-10,E1,correo,alta,1209.7,cerrado,0
SOP091-003995,2025-10-10,E2,correo,baja,296.4,cerrado,0
SOP091-003996,2025-10-10,E3,web,baja,1333.0,cerrado,0
SOP091-003997,2025-10-11,E1,telefono,alta,274.8,cerrado,0
SOP091-003998,2025-10-11,E2,correo,alta,,abierto,0
SOP091-003999,2025-10-11,E3,telefono,normal,636.8,cerrado,0
SOP091-004000,2025-10-11,E1,web,normal,,abierto,0
SOP091-004001,2025-10-11,E2,correo,alta,202.2,cerrado,0
SOP091-004002,2025-10-11,E3,web,normal,,abierto,0
SOP091-004003,2025-10-12,E1,telefono,alta,534.7,cerrado,0
SOP091-004004,2025-10-12,E2,web,alta,404.5,cerrado,0
SOP091-004005,2025-10-12,E3,correo,normal,4364.2,cerrado,0
SOP091-004006,2025-10-12,E1,correo,normal,289.0,cerrado,0
SOP091-004007,2025-10-12,E2,correo,baja,1904.5,cerrado,0
SOP091-004008,2025-10-12,E3,telefono,normal,342.1,cerrado,0
SOP091-004009,2025-10-13,E1,correo,baja,1660.2,cerrado,0
SOP091-004010,2025-10-13,E2,telefono,normal,,abierto,0
SOP091-004011,2025-10-13,E3,correo,normal,584.1,cerrado,0
SOP091-004012,2025-10-13,E1,correo,normal,114.9,cerrado,0
SOP091-004013,2025-10-13,E2,correo,baja,,abierto,0
SOP091-004014,2025-10-13,E3,web,normal,,abierto,0
SOP091-004015,2025-10-14,E1,telefono,alta,4584.2,cerrado,1
SOP091-004016,2025-10-14,E2,telefono,normal,2923.0,cerrado,0
SOP091-004017,2025-10-14,E3,telefono,normal,2604.2,cerrado,0
SOP091-004018,2025-10-14,E1,telefono,normal,,abierto,0
SOP091-004019,2025-10-14,E2,telefono,normal,202.6,cerrado,0
SOP091-004020,2025-10-14,E3,correo,normal,665.1,cerrado,0
SOP091-004021,2025-10-15,E1,web,baja,58.3,cerrado,0
SOP091-004022,2025-10-15,E2,web,baja,288.8,cerrado,0
SOP091-004023,2025-10-15,E3,web,normal,115.4,cerrado,0
SOP091-004024,2025-10-15,E1,web,normal,520.2,cerrado,0
SOP091-004025,2025-10-15,E2,correo,alta,155.2,cerrado,0
SOP091-004026,2025-10-15,E3,correo,alta,,abierto,0
SOP091-004027,2025-10-16,E1,web,normal,,abierto,0
SOP091-004028,2025-10-16,E2,telefono,normal,,abierto,0
SOP091-004029,2025-10-16,E3,web,normal,1863.5,cerrado,0
SOP091-004030,2025-10-16,E1,correo,normal,105.7,cerrado,0
SOP091-004031,2025-10-16,E2,telefono,baja,2571.7,cerrado,0
SOP091-004032,2025-10-16,E3,correo,normal,,abierto,0
SOP091-004033,2025-10-16,E1,telefono,normal,218.6,cerrado,0
SOP091-004034,2025-10-17,E2,telefono,normal,,abierto,0
SOP091-004035,2025-10-17,E3,correo,normal,,abierto,0
SOP091-004036,2025-10-17,E1,correo,alta,,abierto,0
SOP091-004037,2025-10-17,E2,web,normal,455.7,cerrado,0
SOP091-004038,2025-10-17,E3,correo,normal,4820.9,cerrado,1
SOP091-004039,2025-10-17,E1,correo,normal,,abierto,0
SOP091-004040,2025-10-18,E2,correo,alta,828.8,cerrado,0
SOP091-004041,2025-10-18,E3,telefono,baja,3847.7,cerrado,0
SOP091-004042,2025-10-18,E1,web,normal,,abierto,0
SOP091-004043,2025-10-18,E2,correo,normal,1158.8,cerrado,0
SOP091-004044,2025-10-18,E3,telefono,alta,,abierto,0
SOP091-004045,2025-10-18,E1,correo,alta,403.9,cerrado,0
SOP091-004046,2025-10-19,E2,telefono,normal,613.3,cerrado,0
SOP091-004047,2025-10-19,E3,web,baja,285.9,cerrado,0
SOP091-004048,2025-10-19,E1,correo,normal,2073.0,cerrado,0
SOP091-004049,2025-10-19,E2,correo,baja,528.5,cerrado,0
SOP091-004050,2025-10-19,E3,telefono,normal,583.2,cerrado,0
SOP091-004051,2025-10-19,E1,telefono,normal,264.4,cerrado,0
SOP091-004052,2025-10-20,E2,web,alta,911.5,cerrado,0
SOP091-004053,2025-10-20,E3,correo,baja,475.9,cerrado,0
SOP091-004054,2025-10-20,E1,correo,normal,823.6,cerrado,0
SOP091-004055,2025-10-20,E2,correo,normal,,abierto,0
SOP091-004056,2025-10-20,E3,correo,alta,389.6,cerrado,0
SOP091-004057,2025-10-20,E1,correo,normal,436.5,cerrado,0
SOP091-004058,2025-10-21,E2,telefono,baja,,abierto,0
SOP091-004059,2025-10-21,E3,web,baja,628.5,cerrado,0
SOP091-004060,2025-10-21,E1,correo,baja,150.4,cerrado,0
SOP091-004061,2025-10-21,E2,correo,baja,2022.9,cerrado,0
SOP091-004062,2025-10-21,E3,telefono,normal,332.1,cerrado,0
SOP091-004063,2025-10-21,E1,correo,normal,4402.0,cerrado,1
SOP091-004064,2025-10-22,E2,correo,baja,652.5,cerrado,0
SOP091-004065,2025-10-22,E3,web,normal,1116.2,cerrado,0
SOP091-004066,2025-10-22,E1,web,alta,4758.0,cerrado,1
SOP091-004067,2025-10-22,E2,correo,baja,,abierto,0
SOP091-004068,2025-10-22,E3,web,normal,,abierto,0
SOP091-004069,2025-10-22,E1,correo,alta,996.3,cerrado,0
SOP091-004070,2025-10-22,E2,correo,normal,448.5,cerrado,0
SOP091-004071,2025-10-23,E3,web,normal,1384.5,cerrado,0
SOP091-004072,2025-10-23,E1,web,normal,422.3,cerrado,0
SOP091-004073,2025-10-23,E2,web,baja,706.8,cerrado,0
SOP091-004074,2025-10-23,E3,telefono,baja,5185.6,cerrado,1
SOP091-004075,2025-10-23,E1, WEB ,alta,168.5,cerrado,0
SOP091-004076,2025-10-23,E2,correo,alta,551.3,cerrado,0
SOP091-004077,2025-10-24,E3,correo,normal,3561.9,cerrado,0
SOP091-004078,2025-10-24,E1,correo,normal,125.6,cerrado,0
SOP091-004079,2025-10-24,E2,web,normal,,abierto,0
SOP091-004080,2025-10-24,E3,web,normal,4830.5,cerrado,1
SOP091-004081,2025-10-24,E1,telefono,normal,,abierto,0
SOP091-004082,2025-10-24,E2,web,baja,276.9,cerrado,0
SOP091-004083,2025-10-25,E3,telefono,alta,495.0,cerrado,0
SOP091-004084,2025-10-25,E1,telefono,normal,,abierto,0
SOP091-004085,2025-10-25,E2,telefono,alta,5042.6,cerrado,1
SOP091-004086,2025-10-25,E3,correo,normal,1718.3,cerrado,0
SOP091-004087,2025-10-25,E1,telefono,normal,117.2,cerrado,0
SOP091-004088,2025-10-25,E2,correo,normal,499.6,cerrado,0
SOP091-004089,2025-10-26,E3,telefono,normal,2025.0,cerrado,0
SOP091-004090,2025-10-26,E1,correo,normal,368.7,cerrado,0
SOP091-004091,2025-10-26,E2,correo,normal,4695.2,cerrado,1
SOP091-004092,2025-10-26,E3,web,baja,5473.6,cerrado,1
SOP091-004093,2025-10-26,E1,web,normal,313.9,cerrado,0
SOP091-004094,2025-10-26,E2,correo,baja,5284.1,cerrado,1
SOP091-004095,2025-10-27,E3,web,alta,547.6,cerrado,0
SOP091-004096,2025-10-27,E1,web,normal,525.5,cerrado,0
SOP091-004097,2025-10-27,E2,telefono,normal,170.5,cerrado,0
SOP091-004098,2025-10-27,E3,web,alta,417.6,cerrado,0
SOP091-004099,2025-10-27,E1,correo,normal,,abierto,0
SOP091-004100,2025-10-27,E2,telefono,alta,1232.0,cerrado,0
SOP091-004101,2025-10-28,E3,telefono,normal,720.5,cerrado,0
SOP091-004102,2025-10-28,E1,correo,alta,4938.9,cerrado,1
SOP091-004103,2025-10-28,E2,web,normal,,abierto,0
SOP091-004104,2025-10-28,E3,correo,normal,1120.5,cerrado,0
SOP091-004105,2025-10-28,E1,web,alta,620.5,cerrado,0
SOP091-004106,2025-10-28,E2,telefono,normal,71.9,cerrado,0
SOP091-004107,2025-10-28,E3,telefono,normal,1142.4,cerrado,0
SOP091-004108,2025-10-29,E1,correo,normal,462.4,cerrado,0
SOP091-004109,2025-10-29,E2,correo,normal,1669.0,cerrado,0
SOP091-004110,2025-10-29,E3,web,alta,319.7,cerrado,0
SOP091-004111,2025-10-29,E1,correo,alta,511.0,cerrado,0
SOP091-004112,2025-10-29,E2,correo,alta,636.5,cerrado,0
SOP091-004113,2025-10-29,E3,correo,normal,,abierto,0
SOP091-004114,2025-10-30,E1,correo,baja,244.1,cerrado,0
SOP091-004115,2025-10-30,E2,web,normal,836.9,cerrado,0
SOP091-004116,2025-10-30,E3,correo,alta,730.0,cerrado,0
SOP091-004117,2025-10-30,E1,correo,baja,378.9,cerrado,0
SOP091-004118,2025-10-30,E2,web,normal,910.8,cerrado,0
SOP091-004119,2025-10-30,E3,web,baja,508.6,cerrado,0
SOP091-004120,2025-10-31,E1,telefono,normal,,abierto,0
SOP091-004121,2025-10-31,E2,web,baja,259.6,cerrado,0
SOP091-004122,2025-10-31,E3,correo,normal,247.8,cerrado,0
SOP091-004123,2025-10-31,E1,correo,baja,,abierto,0
SOP091-004124,2025-10-31,E2,web,normal,,abierto,0
SOP091-004125,2025-10-31,E3,web,alta,119.0,cerrado,0
SOP091-004126,2025-11-01,E1,telefono,normal,431.4,cerrado,0
SOP091-004127,2025-11-01,E2,correo,normal,187.1,cerrado,0
SOP091-004128,2025-11-01,E3,web,normal,1283.0,cerrado,0
SOP091-004129,2025-11-01,E1,correo,normal,,abierto,0
SOP091-004130,2025-11-01,E2,telefono,normal,579.7,cerrado,0
SOP091-004131,2025-11-01,E3,correo,normal,5992.7,cerrado,1
SOP091-004132,2025-11-02,E1,web,alta,205.6,cerrado,0
SOP091-004133,2025-11-02,E2,telefono,normal,646.3,cerrado,0
SOP091-004134,2025-11-02,E3,telefono,alta,,abierto,0
SOP091-004135,2025-11-02,E1,web,baja,4594.6,cerrado,1
SOP091-004136,2025-11-02,E2,correo,normal,836.2,cerrado,0
SOP091-004137,2025-11-02,E3,web,normal,1248.1,cerrado,0
SOP091-004138,2025-11-03,E1,web,baja,,abierto,0
SOP091-004139,2025-11-03,E2,correo,normal,1489.4,cerrado,0
SOP091-004140,2025-11-03,E3,correo,alta,4438.6,cerrado,1
SOP091-004141,2025-11-03,E1,correo,normal,,abierto,0
SOP091-004142,2025-11-03,E2,web,baja,,abierto,0
SOP091-004143,2025-11-03,E3,telefono,normal,4800.5,cerrado,1
SOP091-004144,2025-11-04,E1,web,normal,312.3,cerrado,0
SOP091-004145,2025-11-04,E2,correo,baja,87.5,cerrado,0
SOP091-004146,2025-11-04,E3,correo,normal,1146.5,cerrado,0
SOP091-004147,2025-11-04,E1,web,alta,606.3,cerrado,0
SOP091-004148,2025-11-04,E2,web,baja,728.1,cerrado,0
SOP091-004149,2025-11-04,E3,correo,normal,4611.4,cerrado,1
SOP091-004150,2025-11-04,E1,telefono,baja,738.7,cerrado,0
SOP091-004151,2025-11-05,E2,telefono,baja,,cerrado,0
SOP091-004152,2025-11-05,E3,correo,baja,320.1,cerrado,0
SOP091-004153,2025-11-05,E1,telefono,alta,137.1,cerrado,0
SOP091-004154,2025-11-05,E2,correo,normal,,abierto,0
SOP091-004155,2025-11-05,E3,correo,normal,252.7,cerrado,0
SOP091-004156,2025-11-05,E1,correo,normal,942.1,cerrado,0
SOP091-004157,2025-11-06,E2,web,baja,376.2,cerrado,0
SOP091-004158,2025-11-06,E3,correo,normal,454.2,cerrado,0
SOP091-004159,2025-11-06,E1,correo,normal,447.9,cerrado,0
SOP091-004160,2025-11-06,E2,correo,normal,128.4,cerrado,0
SOP091-004161,2025-11-06,E3,telefono,baja,4665.6,cerrado,1
SOP091-004162,2025-11-06,E1,web,alta,80.7,cerrado,0
SOP091-004163,2025-11-07,E2,web,baja,261.8,cerrado,0
SOP091-004164,2025-11-07,E3,telefono,baja,391.4,cerrado,0
SOP091-004165,2025-11-07,E1,telefono,normal,4547.2,cerrado,1
SOP091-004166,2025-11-07,E2,web,alta,99.7,cerrado,0
SOP091-004167,2025-11-07,E3,web,normal,6317.7,cerrado,1
SOP091-004168,2025-11-07,E1,telefono,alta,93.6,cerrado,0
SOP091-004169,2025-11-08,E2,web,alta,531.3,cerrado,0
SOP091-004170,2025-11-08,E3,web,alta,215.4,cerrado,0
SOP091-004171,2025-11-08,E1,web,normal,370.2,cerrado,0
SOP091-004172,2025-11-08,E2, TELEFONO ,normal,,abierto,0
SOP091-004173,2025-11-08,E3,correo,baja,416.3,cerrado,0
SOP091-004174,2025-11-08,E1,correo,normal,344.3,cerrado,0
SOP091-004175,2025-11-09,E2,web,baja,1200.6,cerrado,0
SOP091-004176,2025-11-09,E3,correo,normal,491.7,cerrado,0
SOP091-004177,2025-11-09,E1,correo,alta,1776.7,cerrado,0
SOP091-004178,2025-11-09,E2,correo,normal,4555.9,cerrado,1
SOP091-004179,2025-11-09,E3,web,alta,,abierto,0
SOP091-004180,2025-11-09,E1,correo,alta,,abierto,0
SOP091-004181,2025-11-10,E2,web,normal,956.6,cerrado,0
SOP091-004182,2025-11-10,E3,correo,baja,240.7,cerrado,0
SOP091-004183,2025-11-10,E1,telefono,normal,775.3,cerrado,0
SOP091-004184,2025-11-10,E2,correo,normal,473.1,cerrado,0
SOP091-004185,2025-11-10,E3,telefono,normal,147.0,cerrado,0
SOP091-004186,2025-11-10,E1,web,baja,782.7,cerrado,0
SOP091-004187,2025-11-10,E2,telefono,alta,863.9,cerrado,0
SOP091-004188,2025-11-11,E3,web,normal,960.6,cerrado,0
SOP091-004189,2025-11-11,E1,telefono,normal,,abierto,0
SOP091-004190,2025-11-11,E2,correo,baja,1163.4,cerrado,0
SOP091-004191,2025-11-11,E3,correo,baja,5085.5,cerrado,1
SOP091-004192,2025-11-11,E1,telefono,alta,1709.9,cerrado,0
SOP091-004193,2025-11-11,E2,web,normal,505.6,cerrado,0
SOP091-004194,2025-11-12,E3,telefono,normal,823.9,cerrado,0
SOP091-004195,2025-11-12,E1,correo,alta,167.1,cerrado,0
SOP091-004196,2025-11-12,E2,correo,alta,4742.7,cerrado,1
SOP091-004197,2025-11-12,E3,telefono,alta,5021.2,cerrado,1
SOP091-004198,2025-11-12,E1,telefono,alta,536.5,cerrado,0
SOP091-004199,2025-11-12,E2,telefono,alta,203.7,cerrado,0
SOP091-004200,2025-11-13,E3,telefono,baja,774.2,cerrado,0
SOP091-004201,2025-11-13,E1,telefono,normal,4419.5,cerrado,1
SOP091-004202,2025-11-13,E2,web,normal,295.3,cerrado,0
SOP091-004203,2025-11-13,E3,web,normal,,abierto,0
SOP091-004204,2025-11-13,E1,web,normal,212.2,cerrado,0
SOP091-004205,2025-11-13,E2,web,normal,4595.4,cerrado,1
SOP091-004206,2025-11-14,E3,web,baja,,abierto,0
SOP091-004207,2025-11-14,E1,telefono,normal,111.0,cerrado,0
SOP091-004208,2025-11-14,E2,web,baja,593.0,cerrado,0
SOP091-004209,2025-11-14,E3,web,alta,462.7,cerrado,0
SOP091-004210,2025-11-14,E1,telefono,normal,199.8,cerrado,0
SOP091-004211,2025-11-14,E2,correo,alta,,abierto,0
SOP091-004212,2025-11-15,E3,web,normal,355.8,cerrado,0
SOP091-004213,2025-11-15,E1,correo,normal,,abierto,0
SOP091-004214,2025-11-15,E2,correo,alta,865.1,cerrado,0
SOP091-004215,2025-11-15,E3,web,normal,2520.9,cerrado,0
SOP091-004216,2025-11-15,E1,correo,normal,165.6,cerrado,0
SOP091-004217,2025-11-15,E2,correo,alta,324.4,cerrado,0
SOP091-004218,2025-11-16,E3,web,alta,198.5,cerrado,0
SOP091-004219,2025-11-16,E1,correo,normal,312.1,cerrado,0
SOP091-004220,2025-11-16,E2,web,alta,4470.2,cerrado,1
SOP091-004221,2025-11-16,E3,correo,baja,"420,0",cerrado,0
SOP091-004222,2025-11-16,E1,correo,normal,,abierto,0
SOP091-004223,2025-11-16,E2,telefono,normal,5930.4,cerrado,1
SOP091-004224,2025-11-17,E3,correo,baja,68.5,cerrado,0
SOP091-004225,2025-11-17,E1,telefono,normal,280.7,cerrado,0
SOP091-004226,2025-11-17,E2,telefono,baja,1378.3,cerrado,0
SOP091-004227,2025-11-17,E3,correo,normal,206.8,cerrado,0
SOP091-004228,2025-11-17,E1,telefono,normal,5895.7,cerrado,1
SOP091-004229,2025-11-17,E2,telefono,normal,,abierto,0
SOP091-004230,2025-11-17,E3,telefono,normal,592.6,cerrado,0
SOP091-004231,2025-11-18,E1,telefono,alta,,abierto,0
SOP091-004232,2025-11-18,E2,web,baja,318.0,cerrado,0
SOP091-004233,2025-11-18,E3,telefono,normal,865.1,cerrado,0
SOP091-004234,2025-11-18,E1,correo,normal,,cerrado,0
SOP091-004235,2025-11-18,E2,correo,alta,,abierto,0
SOP091-004236,2025-11-18,E3,web,alta,290.9,cerrado,0
SOP091-004237,2025-11-19,E1,web,normal,,abierto,0
SOP091-004238,2025-11-19,E2,web,alta,764.3,cerrado,0
SOP091-004239,2025-11-19,E3,correo,normal,4455.9,cerrado,1
SOP091-004240,2025-11-19,E1,telefono,alta,1318.6,cerrado,0
SOP091-004241,2025-11-19,E2,web,normal,750.0,cerrado,0
SOP091-004242,2025-11-19,E3,correo,normal,570.6,cerrado,0
SOP091-004243,2025-11-20,E1,correo,alta,395.9,cerrado,0
SOP091-004244,2025-11-20,E2,correo,normal,283.6,cerrado,0
SOP091-004245,2025-11-20,E3,telefono,baja,2444.5,cerrado,0
SOP091-004246,2025-11-20,E1,correo,baja,504.0,cerrado,0
SOP091-004247,2025-11-20,E2,web,normal,449.6,cerrado,0
SOP091-004248,2025-11-20,E3,telefono,normal,543.2,cerrado,0
SOP091-004249,2025-11-21,E1,correo,normal,766.4,cerrado,0
SOP091-004250,2025-11-21,E2,web,alta,,abierto,0
SOP091-004251,2025-11-21,E3,telefono,normal,2336.2,cerrado,0
SOP091-004252,2025-11-21,E1,telefono,normal,5056.7,cerrado,1
SOP091-004253,2025-11-21,E2,web,alta,316.0,cerrado,0
SOP091-004254,2025-11-21,E3,correo,baja,177.1,cerrado,0
SOP091-004255,2025-11-22,E1,correo,alta,448.2,cerrado,0
SOP091-004256,2025-11-22,E2,telefono,normal,84.4,cerrado,0
SOP091-004257,2025-11-22,E3,telefono,normal,608.1,cerrado,0
SOP091-004258,2025-11-22,E1,telefono,baja,462.8,cerrado,0
SOP091-004259,2025-11-22,E2,correo,baja,5749.7,cerrado,1
SOP091-004260,2025-11-22,E3,telefono,normal,354.3,cerrado,0
SOP091-004261,2025-11-23,E1,telefono,alta,4700.3,cerrado,1
SOP091-004262,2025-11-23,E2,web,normal,439.4,cerrado,0
SOP091-004263,2025-11-23,E3,correo,normal,591.2,cerrado,0
SOP091-004264,2025-11-23,E1,web,normal,2003.9,cerrado,0
SOP091-004265,2025-11-23,E2,telefono,alta,1805.3,cerrado,0
SOP091-004266,2025-11-23,E3,correo,alta,491.8,cerrado,0
SOP091-004267,2025-11-23,E1,web,normal,342.2,cerrado,0
SOP091-004268,2025-11-24,E2,telefono,normal,4514.7,cerrado,1
SOP091-004269,2025-11-24,E3, WEB ,baja,,abierto,0
SOP091-004270,2025-11-24,E1,telefono,normal,112.6,cerrado,0
SOP091-004271,2025-11-24,E2,web,alta,,abierto,0
SOP091-004272,2025-11-24,E3,web,normal,1429.5,cerrado,0
SOP091-004273,2025-11-24,E1,correo,baja,216.6,cerrado,0
SOP091-004274,2025-11-25,E2,telefono,normal,5146.6,cerrado,1
SOP091-004275,2025-11-25,E3,web,normal,1361.6,cerrado,0
SOP091-004276,2025-11-25,E1,correo,normal,200.7,cerrado,0
SOP091-004277,2025-11-25,E2,correo,baja,376.0,cerrado,0
SOP091-004278,2025-11-25,E3,correo,normal,621.3,cerrado,0
SOP091-004279,2025-11-25,E1,correo,baja,248.0,cerrado,0
SOP091-004280,2025-11-26,E2,correo,alta,1733.1,cerrado,0
SOP091-004281,2025-11-26,E3,telefono,normal,4622.0,cerrado,1
SOP091-004282,2025-11-26,E1,correo,alta,165.8,cerrado,0
SOP091-004283,2025-11-26,E2,web,baja,4853.2,cerrado,1
SOP091-004284,2025-11-26,E3,correo,baja,,abierto,0
SOP091-004285,2025-11-26,E1,telefono,normal,373.8,cerrado,0
SOP091-004286,2025-11-27,E2,telefono,baja,1544.2,cerrado,0
SOP091-004287,2025-11-27,E3,telefono,normal,590.7,cerrado,0
SOP091-004288,2025-11-27,E1,telefono,baja,1193.3,cerrado,0
SOP091-004289,2025-11-27,E2,correo,normal,,abierto,0
SOP091-004290,2025-11-27,E3,correo,normal,,abierto,0
SOP091-004291,2025-11-27,E1,web,baja,,abierto,0
SOP091-004292,2025-11-28,E2,telefono,normal,1196.2,cerrado,0
SOP091-004293,2025-11-28,E3,web,normal,,abierto,0
SOP091-004294,2025-11-28,E1,correo,baja,,abierto,0
SOP091-004295,2025-11-28,E2,telefono,baja,830.7,cerrado,0
SOP091-004296,2025-11-28,E3,telefono,baja,441.4,cerrado,0
SOP091-004297,2025-11-28,E1,telefono,normal,,abierto,0
SOP091-004298,2025-11-29,E2,correo,baja,806.0,cerrado,0
SOP091-004299,2025-11-29,E3,web,alta,151.2,cerrado,0
SOP091-004300,2025-11-29,E1,correo,baja,439.1,cerrado,0
SOP091-004301,2025-11-29,E2,web,alta,216.7,cerrado,0
SOP091-004302,2025-11-29,E3,correo,normal,654.4,cerrado,0
SOP091-004303,2025-11-29,E1,telefono,baja,257.7,cerrado,0
SOP091-004304,2025-11-29,E2,web,normal,746.1,cerrado,0
SOP091-004305,2025-11-30,E3,correo,baja,376.3,cerrado,0
SOP091-004306,2025-11-30,E1,telefono,baja,131.1,cerrado,0
SOP091-004307,2025-11-30,E2,web,baja,713.7,cerrado,0
SOP091-004308,2025-11-30,E3,web,baja,3402.5,cerrado,0
SOP091-004309,2025-11-30,E1,telefono,normal,400.6,cerrado,0
SOP091-004310,2025-11-30,E2,telefono,normal,,abierto,0
SOP091-004311,2025-12-01,E3,web,normal,299.3,cerrado,0
SOP091-004312,2025-12-01,E1,telefono,baja,161.1,cerrado,0
SOP091-004313,2025-12-01,E2,web,normal,,abierto,0
SOP091-004314,2025-12-01,E3,correo,normal,927.8,cerrado,0
SOP091-004315,2025-12-01,E1,telefono,baja,157.8,cerrado,0
SOP091-004316,2025-12-01,E2,correo,normal,596.1,cerrado,0
SOP091-004317,2025-12-02,E3,telefono,normal,,cerrado,0
SOP091-004318,2025-12-02,E1,correo,baja,149.0,cerrado,0
SOP091-004319,2025-12-02,E2,telefono,normal,725.8,cerrado,0
SOP091-004320,2025-12-02,E3,web,normal,526.9,cerrado,0
SOP091-004321,2025-12-02,E1,web,normal,2055.4,cerrado,0
SOP091-004322,2025-12-02,E2,correo,alta,588.0,cerrado,0
SOP091-004323,2025-12-03,E3,web,normal,4941.5,cerrado,1
SOP091-004324,2025-12-03,E1,telefono,normal,461.5,cerrado,0
SOP091-004325,2025-12-03,E2,web,normal,,abierto,0
SOP091-004326,2025-12-03,E3,correo,baja,1575.0,cerrado,0
SOP091-004327,2025-12-03,E1,web,normal,,abierto,0
SOP091-004328,2025-12-03,E2,telefono,normal,5258.3,cerrado,1
SOP091-004329,2025-12-04,E3,telefono,alta,1167.7,cerrado,0
SOP091-004330,2025-12-04,E1,web,alta,910.5,cerrado,0
SOP091-004331,2025-12-04,E2,correo,baja,255.3,cerrado,0
SOP091-004332,2025-12-04,E3,telefono,normal,208.9,cerrado,0
SOP091-004333,2025-12-04,E1,correo,normal,433.2,cerrado,0
SOP091-004334,2025-12-04,E2,correo,normal,1140.7,cerrado,0
SOP091-004335,2025-12-05,E3,web,baja,1158.3,cerrado,0
SOP091-004336,2025-12-05,E1,telefono,normal,,abierto,0
SOP091-004337,2025-12-05,E2,correo,normal,247.5,cerrado,0
SOP091-004338,2025-12-05,E3,telefono,normal,741.0,cerrado,0
SOP091-004339,2025-12-05,E1,telefono,normal,37.3,cerrado,0
SOP091-004340,2025-12-05,E2,telefono,normal,4592.6,cerrado,1
SOP091-004341,2025-12-06,E3,web,normal,,abierto,0
SOP091-004342,2025-12-06,E1,correo,normal,,abierto,0
SOP091-004343,2025-12-06,E2,web,baja,636.7,cerrado,0
SOP091-004344,2025-12-06,E3,web,normal,,abierto,0
SOP091-004345,2025-12-06,E1,telefono,baja,1967.3,cerrado,0
SOP091-004346,2025-12-06,E2,telefono,normal,507.2,cerrado,0
SOP091-004347,2025-12-06,E3,correo,normal,3548.0,cerrado,0
SOP091-004348,2025-12-07,E1,web,baja,675.3,cerrado,0
SOP091-004349,2025-12-07,E2,correo,baja,,abierto,0
SOP091-004350,2025-12-07,E3,web,normal,6592.3,cerrado,1
SOP091-004351,2025-12-07,E1,telefono,baja,,abierto,0
SOP091-004352,2025-12-07,E2,correo,alta,330.3,cerrado,0
SOP091-004353,2025-12-07,E3,telefono,normal,211.7,cerrado,0
SOP091-004354,2025-12-08,E1,telefono,baja,453.7,cerrado,0
SOP091-004355,2025-12-08,E2,correo,normal,1061.9,cerrado,0
SOP091-004356,2025-12-08,E3,correo,normal,,abierto,0
SOP091-004357,2025-12-08,E1,correo,alta,,abierto,0
SOP091-004358,2025-12-08,E2,web,normal,,abierto,0
SOP091-004359,2025-12-08,E3,web,alta,1347.9,cerrado,0
SOP091-004360,2025-12-09,E1,web,normal,2664.0,cerrado,0
SOP091-004361,2025-12-09,E2,web,baja,,abierto,0
SOP091-004362,2025-12-09,E3,web,baja,640.1,cerrado,0
SOP091-004363,2025-12-09,E1,correo,normal,845.2,cerrado,0
SOP091-004364,2025-12-09,E2,correo,baja,4853.5,cerrado,1
SOP091-004365,2025-12-09,E3,telefono,baja,414.9,cerrado,0
SOP091-004366,2025-12-10,E1, WEB ,normal,369.3,cerrado,0
SOP091-004367,2025-12-10,E2,correo,normal,4526.3,cerrado,1
SOP091-004368,2025-12-10,E3,web,normal,5156.4,cerrado,1
SOP091-004369,2025-12-10,E1,correo,alta,,abierto,0
SOP091-004370,2025-12-10,E2,telefono,baja,501.0,cerrado,0
SOP091-004371,2025-12-10,E3,correo,normal,884.9,cerrado,0
SOP091-004372,2025-12-11,E1,correo,alta,93.1,cerrado,0
SOP091-004373,2025-12-11,E2,web,normal,99.9,cerrado,0
SOP091-004374,2025-12-11,E3,web,normal,4550.9,cerrado,1
SOP091-004375,2025-12-11,E1,telefono,normal,144.8,cerrado,0
SOP091-004376,2025-12-11,E2,telefono,normal,857.1,cerrado,0
SOP091-004377,2025-12-11,E3,correo,normal,,abierto,0
SOP091-004378,2025-12-12,E1,correo,baja,234.0,cerrado,0
SOP091-004379,2025-12-12,E2,correo,normal,,abierto,0
SOP091-004380,2025-12-12,E3,telefono,alta,753.6,cerrado,0
SOP091-004381,2025-12-12,E1,web,normal,1199.2,cerrado,0
SOP091-004382,2025-12-12,E2,telefono,normal,582.0,cerrado,0
SOP091-004383,2025-12-12,E3,correo,alta,,abierto,0
SOP091-004384,2025-12-12,E1,correo,normal,364.6,cerrado,0
SOP091-004385,2025-12-13,E2,web,normal,5082.1,cerrado,1
SOP091-004386,2025-12-13,E3,web,normal,801.5,cerrado,0
SOP091-004387,2025-12-13,E1,correo,alta,,abierto,0
SOP091-004388,2025-12-13,E2,correo,baja,4610.7,cerrado,1
SOP091-004389,2025-12-13,E3,correo,alta,177.7,cerrado,0
SOP091-004390,2025-12-13,E1,correo,normal,1287.0,cerrado,0
SOP091-004391,2025-12-14,E2,telefono,baja,412.1,cerrado,0
SOP091-004392,2025-12-14,E3,telefono,normal,5039.5,cerrado,1
SOP091-004393,2025-12-14,E1,correo,normal,4729.0,cerrado,1
SOP091-004394,2025-12-14,E2,telefono,normal,803.8,cerrado,0
SOP091-004395,2025-12-14,E3,telefono,baja,480.4,cerrado,0
SOP091-004396,2025-12-14,E1,telefono,baja,454.7,cerrado,0
SOP091-004397,2025-12-15,E2,correo,normal,,abierto,0
SOP091-004398,2025-12-15,E3,correo,alta,,abierto,0
SOP091-004399,2025-12-15,E1,web,normal,380.1,cerrado,0
SOP091-004400,2025-12-15,E2,telefono,normal,,cerrado,0
SOP091-004401,2025-12-15,E3,correo,normal,5624.8,cerrado,1
SOP091-004402,2025-12-15,E1,correo,normal,410.6,cerrado,0
SOP091-004403,2025-12-16,E2,web,normal,4476.9,cerrado,1
SOP091-004404,2025-12-16,E3,web,baja,518.3,cerrado,0
SOP091-004405,2025-12-16,E1,web,normal,208.0,cerrado,0
SOP091-004406,2025-12-16,E2,telefono,normal,1887.8,cerrado,0
SOP091-004407,2025-12-16,E3,web,normal,599.6,cerrado,0
SOP091-004408,2025-12-16,E1,correo,alta,875.0,cerrado,0
SOP091-004409,2025-12-17,E2,correo,normal,207.4,cerrado,0
SOP091-004410,2025-12-17,E3,correo,normal,647.2,cerrado,0
SOP091-004411,2025-12-17,E1,web,normal,2615.2,cerrado,0
SOP091-004412,2025-12-17,E2,correo,normal,,abierto,0
SOP091-004413,2025-12-17,E3,correo,normal,5054.0,cerrado,1
SOP091-004414,2025-12-17,E1,correo,baja,84.7,cerrado,0
SOP091-004415,2025-12-18,E2,correo,alta,5485.5,cerrado,1
SOP091-004416,2025-12-18,E3,telefono,normal,409.1,cerrado,0
SOP091-004417,2025-12-18,E1,web,alta,,abierto,0
SOP091-004418,2025-12-18,E2,web,normal,168.9,cerrado,0
SOP091-004419,2025-12-18,E3,web,baja,,abierto,0
SOP091-004420,2025-12-18,E1,telefono,normal,52.6,cerrado,0
SOP091-004421,2025-12-19,E2,web,baja,4641.2,cerrado,1
SOP091-004422,2025-12-19,E3,web,normal,2098.4,cerrado,0
SOP091-004423,2025-12-19,E1,telefono,normal,373.2,cerrado,0
SOP091-004424,2025-12-19,E2,web,alta,4991.7,cerrado,1
SOP091-004425,2025-12-19,E3,telefono,normal,,abierto,0
SOP091-004426,2025-12-19,E1,web,alta,5164.3,cerrado,1
SOP091-004427,2025-12-19,E2,web,alta,588.0,cerrado,0
SOP091-004428,2025-12-20,E3,telefono,normal,1394.7,cerrado,0
SOP091-004429,2025-12-20,E1,web,normal,,abierto,0
SOP091-004430,2025-12-20,E2,telefono,alta,1191.3,cerrado,0
SOP091-004431,2025-12-20,E3,telefono,normal,590.4,cerrado,0
SOP091-004432,2025-12-20,E1,correo,alta,"370,7",cerrado,0
SOP091-004433,2025-12-20,E2,correo,normal,,abierto,0
SOP091-004434,2025-12-21,E3,correo,normal,993.4,cerrado,0
SOP091-004435,2025-12-21,E1,correo,normal,,abierto,0
SOP091-004436,2025-12-21,E2,web,baja,772.6,cerrado,0
SOP091-004437,2025-12-21,E3,web,baja,392.8,cerrado,0
SOP091-004438,2025-12-21,E1,web,baja,652.0,cerrado,0
SOP091-004439,2025-12-21,E2,web,normal,748.6,cerrado,0
SOP091-004440,2025-12-22,E3,web,normal,1184.6,cerrado,0
SOP091-004441,2025-12-22,E1,telefono,normal,,abierto,0
SOP091-004442,2025-12-22,E2,web,baja,649.4,cerrado,0
SOP091-004443,2025-12-22,E3,correo,normal,2822.0,cerrado,0
SOP091-004444,2025-12-22,E1,correo,baja,2452.4,cerrado,0
SOP091-004445,2025-12-22,E2,correo,normal,478.6,cerrado,0
SOP091-004446,2025-12-23,E3,correo,alta,,abierto,0
SOP091-004447,2025-12-23,E1,correo,normal,905.4,cerrado,0
SOP091-004448,2025-12-23,E2,web,normal,4979.2,cerrado,1
SOP091-004449,2025-12-23,E3,web,baja,4545.9,cerrado,1
SOP091-004450,2025-12-23,E1,telefono,alta,530.5,cerrado,0
SOP091-004451,2025-12-23,E2,correo,alta,629.6,cerrado,0
SOP091-004452,2025-12-24,E3,telefono,normal,2268.5,cerrado,0
SOP091-004453,2025-12-24,E1,telefono,alta,583.9,cerrado,0
SOP091-004454,2025-12-24,E2,web,normal,1458.0,cerrado,0
SOP091-004455,2025-12-24,E3,correo,baja,2026.5,cerrado,0
SOP091-004456,2025-12-24,E1,correo,baja,626.6,cerrado,0
SOP091-004457,2025-12-24,E2,telefono,normal,,abierto,0
SOP091-004458,2025-12-25,E3,telefono,normal,470.7,cerrado,0
SOP091-004459,2025-12-25,E1,web,normal,1157.5,cerrado,0
SOP091-004460,2025-12-25,E2,telefono,baja,1807.7,cerrado,0
SOP091-004461,2025-12-25,E3,telefono,normal,1209.3,cerrado,0
SOP091-004462,2025-12-25,E1,web,alta,5239.2,cerrado,1
SOP091-004463,2025-12-25,E2, TELEFONO ,baja,,abierto,0
SOP091-004464,2025-12-25,E3,web,normal,2009.6,cerrado,0
SOP091-004465,2025-12-26,E1,correo,alta,391.6,cerrado,0
SOP091-004466,2025-12-26,E2,web,normal,214.8,cerrado,0
SOP091-004467,2025-12-26,E3,telefono,baja,482.4,cerrado,0
SOP091-004468,2025-12-26,E1,telefono,normal,280.5,cerrado,0
SOP091-004469,2025-12-26,E2,telefono,normal,360.7,cerrado,0
SOP091-004470,2025-12-26,E3,web,baja,201.9,cerrado,0
SOP091-004471,2025-12-27,E1,web,normal,2323.7,cerrado,0
SOP091-004472,2025-12-27,E2,correo,normal,1536.0,cerrado,0
SOP091-004473,2025-12-27,E3,correo,baja,1620.4,cerrado,0
SOP091-004474,2025-12-27,E1,telefono,normal,114.0,cerrado,0
SOP091-004475,2025-12-27,E2,telefono,alta,1288.2,cerrado,0
SOP091-004476,2025-12-27,E3,telefono,normal,1290.1,cerrado,0
SOP091-004477,2025-12-28,E1,correo,baja,4460.5,cerrado,1
SOP091-004478,2025-12-28,E2,telefono,normal,990.3,cerrado,0
SOP091-004479,2025-12-28,E3,correo,baja,112.6,cerrado,0
SOP091-004480,2025-12-28,E1,web,normal,189.9,cerrado,0
SOP091-004481,2025-12-28,E2,telefono,baja,888.1,cerrado,0
SOP091-004482,2025-12-28,E3,correo,baja,687.0,cerrado,0
SOP091-004483,2025-12-29,E1,web,alta,,cerrado,0
SOP091-004484,2025-12-29,E2,web,baja,2021.8,cerrado,0
SOP091-004485,2025-12-29,E3,web,baja,1509.3,cerrado,0
SOP091-004486,2025-12-29,E1,web,alta,347.4,cerrado,0
SOP091-004487,2025-12-29,E2,correo,normal,,abierto,0
SOP091-004488,2025-12-29,E3,correo,alta,,abierto,0
SOP091-004489,2025-12-30,E1,web,normal,404.7,cerrado,0
SOP091-004490,2025-12-30,E2,telefono,normal,5507.1,cerrado,1
SOP091-004491,2025-12-30,E3,telefono,baja,1126.2,cerrado,0
SOP091-004492,2025-12-30,E1,telefono,baja,251.0,cerrado,0
SOP091-004493,2025-12-30,E2,correo,normal,164.5,cerrado,0
SOP091-004494,2025-12-30,E3,telefono,alta,5988.0,cerrado,1
SOP091-004495,2025-12-31,E1,correo,normal,214.6,cerrado,0
SOP091-004496,2025-12-31,E2,correo,baja,5132.3,cerrado,1
SOP091-004497,2025-12-31,E3,correo,normal,646.5,cerrado,0
SOP091-004498,2025-12-31,E1,correo,normal,611.1,cerrado,0
SOP091-004499,2025-12-31,E2,telefono,alta,4432.1,cerrado,1
SOP091-004500,2025-12-31,E3,web,normal,1491.3,cerrado,0
SOP091-000989,2024-06-09,E2,web,baja,678.6,cerrado,0
SOP091-002574,2025-02-21,E3,web,normal,,abierto,0
SOP091-003210,2025-06-05,E3,correo,normal,894.9,cerrado,0
SOP091-002028,2024-11-25,E3,correo,normal,,abierto,0
SOP091-001439,2024-08-21,E2,telefono,normal,1666.4,cerrado,0
SOP091-001549,2024-09-08,E1,correo,normal,240.1,cerrado,0
SOP091-001815,2024-10-21,E3,web,alta,5998.9,cerrado,1
SOP091-003135,2025-05-24,E3,telefono,normal,495.2,cerrado,0
SOP091-001457,2024-08-24,E2,correo,normal,198.4,cerrado,0
SOP091-003886,2025-09-23,E1,web,normal,4545.2,cerrado,1
SOP091-001010,2024-06-12,E2,telefono,alta,636.1,cerrado,0
SOP091-003201,2025-06-03,E3,web,alta,596.7,cerrado,0
SOP091-001179,2024-07-10,E3,telefono,alta,1250.6,cerrado,0
SOP091-003703,2025-08-24,E1,telefono,baja,267.6,cerrado,0
SOP091-000092,2024-01-15,E2,correo,alta,140.5,cerrado,0
