registro_id,fecha_reserva,fecha_llegada,hotel,canal,noches,tarifa,cancelada,pais
TUR087-000001,2024-01-01,2024-02-22,H1,agencia,2,99.82,0,ES
TUR087-000002,2024-01-01,2024-03-01,H2,directo,11,164.29,0,CO
TUR087-000003,2024-01-01,2024-03-08,H3,agencia,9,194.68,0,ES
TUR087-000004,2024-01-01,2024-01-10,H1,plataforma,4,106.27,0,CL
TUR087-000005,2024-01-01,2024-05-27,H2,plataforma,11,158.71,0,ES
TUR087-000006,2024-01-02,2024-04-04,H3,agencia,7,206.08,0,CL
TUR087-000007,2024-01-02,2024-05-04,H1,plataforma,6,106.32,0,ES
TUR087-000008,2024-01-02,2024-01-27,H2,agencia,7,155.91,0,ES
TUR087-000009,2024-01-02,2024-04-21,H3,plataforma,4,186.26,0,CO
TUR087-000010,2024-01-03,2024-05-20,H1,plataforma,5,114.04,0,CL
TUR087-000011,2024-01-03,2024-03-25,H2,plataforma,1,150.46,0,CO
TUR087-000012,2024-01-03,2024-05-18,H3,plataforma,5,209.75,1,PE
TUR087-000013,2024-01-03,2024-02-03,H1,plataforma,10,105.99,1,CO
TUR087-000014,2024-01-04,2024-01-14,H2,directo,12,149.09,0,CL
TUR087-000015,2024-01-04,2024-04-05,H3,directo,7,203.29,0,CL
TUR087-000016,2024-01-04,2024-05-08,H1,agencia,3,97.7,0,CO
TUR087-000017,2024-01-04,2024-05-31,H2,agencia,12,149.66,1,PE
TUR087-000018,2024-01-05,2024-02-13,H3,plataforma,10,206.64,0,CO
TUR087-000019,2024-01-05,2024-04-28,H1,plataforma,8,101.78,0,CO
TUR087-000020,2024-01-05,2024-05-18,H2,directo,9,157.01,1,CO
TUR087-000021,2024-01-05,2024-02-07,H3,plataforma,7,211.3,0,ES
TUR087-000022,2024-01-06,2024-01-13,H1,agencia,8,115.19,1,ES
TUR087-000023,2024-01-06,2024-03-07,H2,plataforma,8,159.28,1,ES
TUR087-000024,2024-01-06,2024-05-29,H3,directo,11,194.8,0,CO
TUR087-000025,2024-01-06,2024-05-17,H1,plataforma,3,103.3,1,ES
TUR087-000026,2024-01-07,2024-05-19,H2,agencia,6,159.94,0,CL
TUR087-000027,2024-01-07,2024-01-30,H3,directo,6,197.21,0,CO
TUR087-000028,2024-01-07,2024-04-17,H1,directo,8,101.67,1,ES
TUR087-000029,2024-01-07,2024-05-30,H2,agencia,4,143.77,0,PE
TUR087-000030,2024-01-08,2024-03-06,H3,directo,8,205.51,0,PE
TUR087-000031,2024-01-08,2024-03-12,H1,plataforma,4,101.51,0,CL
TUR087-000032,2024-01-08,2024-03-20,H2,agencia,9,153.3,0,CO
TUR087-000033,2024-01-08,2024-02-09,H3,plataforma,9,192.24,0,CO
TUR087-000034,2024-01-09,2024-06-03,H1,agencia,12,110.77,1,CL
TUR087-000035,2024-01-09,2024-03-08,H2,directo,2,156.88,0,CL
TUR087-000036,2024-01-09,2024-04-07,H3,plataforma,8,202.95,0,ES
TUR087-000037,2024-01-09,2024-02-05,H1,agencia,7,102.96,0,ES
TUR087-000038,2024-01-10,2024-03-28,H2,directo,10,147.8,0,CO
TUR087-000039,2024-01-10,2024-05-07,H3,directo,10,212.26,0,ES
TUR087-000040,2024-01-10,2024-03-05,H1,plataforma,1,107.17,0,PE
TUR087-000041,2024-01-10,2024-03-31,H2,plataforma,10,147.77,0,PE
TUR087-000042,2024-01-10,2024-03-22,H3,agencia,4,199.75,0,CO
TUR087-000043,2024-01-11,2024-02-09,H1,agencia,1,115.59,0,CL
TUR087-000044,2024-01-11,2024-04-15,H2,plataforma,12,165.55,1,CO
TUR087-000045,2024-01-11,2024-01-13,H3,plataforma,7,197.51,1,PE
TUR087-000046,2024-01-11,2024-05-10,H1,plataforma,10,113.62,0,CL
TUR087-000047,2024-01-12,2024-03-22,H2,plataforma,1,156.54,0,ES
TUR087-000048,2024-01-12,2024-05-01,H3,agencia,3,201.56,1,CL
TUR087-000049,2024-01-12,2024-03-26,H1,directo,6,113.64,0,PE
TUR087-000050,2024-01-12,2024-06-02,H2,directo,12,158.75,0,PE
TUR087-000051,2024-01-13,2024-04-17,H3,agencia,12,198.25,0,PE
TUR087-000052,2024-01-13,2024-04-09,H1,plataforma,2,111.93,0,ES
TUR087-000053,2024-01-13,2024-05-02,H2,directo,4,156.86,0,PE
TUR087-000054,2024-01-13,2024-03-08,H3,plataforma,1,194.38,1,PE
TUR087-000055,2024-01-14,2024-04-19,H1,agencia,10,113.49,0,ES
TUR087-000056,2024-01-14,2024-05-07,H2,agencia,9,152.28,0,CO
TUR087-000057,2024-01-14,2024-02-11,H3,plataforma,2,210.83,0,ES
TUR087-000058,2024-01-14,2024-03-08,H1,directo,11,104.86,0,CO
TUR087-000059,2024-01-15,2024-06-08,H2,plataforma,2,153.89,0,PE
TUR087-000060,2024-01-15,2024-02-17,H3,directo,3,212.24,0,ES
TUR087-000061,2024-01-15,2024-03-01,H1,directo,6,116.85,0,PE
TUR087-000062,2024-01-15,2024-04-18,H2,plataforma,2,164.62,1,CL
TUR087-000063,2024-01-16,2024-02-17,H3,plataforma,9,217.33,0,ES
TUR087-000064,2024-01-16,2024-05-07,H1,agencia,11,117.8,0,PE
TUR087-000065,2024-01-16,2024-04-04,H2,directo,7,151.53,0,CO
TUR087-000066,2024-01-16,2024-02-09,H3,plataforma,12,207.8,0,ES
TUR087-000067,2024-01-17,2024-03-22,H1,plataforma,5,125.35,0,CL
TUR087-000068,2024-01-17,2024-04-28,H2,agencia,11,163.27,1,CO
TUR087-000069,2024-01-17,2024-06-13,H3,agencia,9,206.56,0,CO
TUR087-000070,2024-01-17,2024-03-07,H1,directo,11,120.06,0,CL
TUR087-000071,2024-01-18,2024-05-28,H2,agencia,7,151.52,0,CL
TUR087-000072,2024-01-18,2024-04-27,H3,plataforma,3,214.71,0,CO
TUR087-000073,2024-01-18,2024-06-14,H1,directo,8,122.54,1,CL
TUR087-000074,2024-01-18,2024-02-26,H2,agencia,8,161.68,0,ES
TUR087-000075,2024-01-19,2024-05-07,H3,agencia,1,210.64,0,ES
TUR087-000076,2024-01-19,2024-04-27,H1,plataforma,3,108.44,0,CO
TUR087-000077,2024-01-19,2024-02-25,H2,plataforma,6,166.2,1,ES
TUR087-000078,2024-01-19,2024-05-08,H3,directo,2,215.13,0,CO
TUR087-000079,2024-01-20,2024-02-08,H1,agencia,10,123.32,0,PE
TUR087-000080,2024-01-20,2024-05-31,H2,plataforma,12,174.58,1,ES
TUR087-000081,2024-01-20,2024-05-25,H3,directo,12,210.65,0,PE
TUR087-000082,2024-01-20,2024-02-21,H1,directo,9,126.39,0,PE
TUR087-000083,2024-01-20,2024-02-02,H2,agencia,4,153.56,1,CO
TUR087-000084,2024-01-21,2024-04-20,H3,agencia,1,,0,CO
TUR087-000085,2024-01-21,2024-04-01,H1,directo,1,129.02,1,CL
TUR087-000086,2024-01-21,2024-01-22,H2,agencia,6,163.72,0,CO
TUR087-000087,2024-01-21,2024-04-21,H3,agencia,4,212.48,0,PE
TUR087-000088,2024-01-22,2024-01-26,H1,directo,12,110.67,1,PE
TUR087-000089,2024-01-22,2024-03-06,H2,plataforma,2,173.11,0,ES
TUR087-000090,2024-01-22,2024-05-19,H3,plataforma,9,219.93,0,ES
TUR087-000091,2024-01-22,2024-05-16,H1,plataforma,8,113.28,0,CO
TUR087-000092,2024-01-23,2024-02-20,H2,directo,1,161.17,0,CL
TUR087-000093,2024-01-23,2024-04-02,H3,plataforma,6,212.78,0,PE
TUR087-000094,2024-01-23,2024-02-22,H1,directo,9,129.54,0,PE
TUR087-000095,2024-01-23,2024-05-09,H2,plataforma,10,161.96,0,PE
TUR087-000096,2024-01-24,2024-03-27,H3,directo,2,201.88,0,PE
TUR087-000097,2024-01-24,2024-03-05,H1,directo,3,124.2,0,PE
TUR087-000098,2024-01-24,2024-03-29,H2, DIRECTO ,12,171.93,0,PE
TUR087-000099,2024-01-24,2024-05-27,H3,directo,9,205.16,0,PE
TUR087-000100,2024-01-25,2024-02-21,H1,agencia,12,127.34,0,CO
TUR087-000101,2024-01-25,2024-05-26,H2,directo,3,169.43,1,CL
TUR087-000102,2024-01-25,2024-04-12,H3,plataforma,10,216.4,0,PE
TUR087-000103,2024-01-25,2024-02-04,H1,plataforma,12,111.01,0,PE
TUR087-000104,2024-01-26,2024-04-23,H2,plataforma,10,168.5,1,CO
TUR087-000105,2024-01-26,2024-03-23,H3,directo,9,204.53,0,CL
TUR087-000106,2024-01-26,2024-06-22,H1,plataforma,9,131.23,0,ES
TUR087-000107,2024-01-26,2024-05-26,H2,directo,9,159.83,0,CO
TUR087-000108,2024-01-27,2024-06-01,H3,agencia,2,217.39,0,ES
TUR087-000109,2024-01-27,2024-04-11,H1,directo,12,132.11,0,CO
TUR087-000110,2024-01-27,2024-03-04,H2,agencia,10,170.7,0,CL
TUR087-000111,2024-01-27,2024-03-20,H3,directo,1,215.14,0,PE
TUR087-000112,2024-01-28,2024-04-11,H1,directo,12,119.98,0,PE
TUR087-000113,2024-01-28,2024-04-26,H2,plataforma,5,162.52,0,CL
TUR087-000114,2024-01-28,2024-04-11,H3,directo,8,201.71,0,CL
TUR087-000115,2024-01-28,2024-06-08,H1,agencia,8,116.58,0,CO
TUR087-000116,2024-01-29,2024-06-06,H2,agencia,2,156.44,0,ES
TUR087-000117,2024-01-29,2024-05-22,H3,directo,7,205.54,0,PE
TUR087-000118,2024-01-29,2024-05-08,H1,plataforma,4,127.97,0,CO
TUR087-000119,2024-01-29,2024-03-03,H2,agencia,11,154.79,0,PE
TUR087-000120,2024-01-29,2024-02-12,H3,agencia,6,205.85,0,CO
TUR087-000121,2024-01-30,2024-04-13,H1,agencia,6,115.3,0,ES
TUR087-000122,2024-01-30,2024-05-04,H2,plataforma,9,174.65,0,PE
TUR087-000123,2024-01-30,2024-06-01,H3,plataforma,5,214.84,1,PE
TUR087-000124,2024-01-30,2024-06-12,H1,directo,7,130.73,0,ES
TUR087-000125,2024-01-31,2024-06-07,H2,directo,8,170.68,0,PE
TUR087-000126,2024-01-31,2024-02-26,H3,plataforma,7,203.28,0,PE
TUR087-000127,2024-01-31,2024-03-01,H1,directo,11,115.73,0,CL
TUR087-000128,2024-01-31,2024-02-01,H2,agencia,3,160.18,0,ES
TUR087-000129,2024-02-01,2024-04-17,H3,directo,5,224.87,0,CO
TUR087-000130,2024-02-01,2024-06-23,H1,directo,2,121.6,0,ES
TUR087-000131,2024-02-01,2024-06-06,H2,plataforma,8,170.84,0,PE
TUR087-000132,2024-02-01,2024-03-03,H3,directo,2,220.23,0,PE
TUR087-000133,2024-02-02,2024-03-04,H1,agencia,1,129.35,0,CL
TUR087-000134,2024-02-02,2024-02-15,H2,agencia,1,165.35,0,CO
TUR087-000135,2024-02-02,2024-06-21,H3,plataforma,11,216.34,0,PE
TUR087-000136,2024-02-02,2024-03-29,H1,directo,4,128.97,0,CL
TUR087-000137,2024-02-03,2024-04-17,H2,agencia,11,165.3,0,CL
TUR087-000138,2024-02-03,2024-06-02,H3,plataforma,10,213.62,0,ES
TUR087-000139,2024-02-03,2024-02-25,H1,agencia,11,123.02,0,CO
TUR087-000140,2024-02-03,2024-03-30,H2,plataforma,10,172.32,0,ES
TUR087-000141,2024-02-04,2024-06-12,H3,agencia,8,201.6,0,PE
TUR087-000142,2024-02-04,2024-06-20,H1,agencia,6,128.73,0,ES
TUR087-000143,2024-02-04,2024-02-24,H2,directo,4,169.19,0,ES
TUR087-000144,2024-02-04,2024-02-29,H3,plataforma,2,205.37,0,CL
TUR087-000145,2024-02-05,2024-04-08,H1,agencia,1,135.09,1,PE
TUR087-000146,2024-02-05,2024-05-16,H2,plataforma,5,175.01,0,CL
TUR087-000147,2024-02-05,2024-05-03,H3,plataforma,1,221.13,0,CO
TUR087-000148,2024-02-05,2024-04-16,H1,directo,8,135.99,0,CL
TUR087-000149,2024-02-06,2024-03-31,H2,plataforma,2,174.79,0,CO
TUR087-000150,2024-02-06,2024-04-02,H3,plataforma,9,204.64,0,ES
TUR087-000151,2024-02-06,2024-04-13,H1,directo,11,136.62,0,CL
TUR087-000152,2024-02-06,2024-03-21,H2,directo,6,165.58,0,ES
TUR087-000153,2024-02-07,2024-05-10,H3,agencia,6,222.02,0,CO
TUR087-000154,2024-02-07,2024-04-23,H1,directo,9,115.66,0,CO
TUR087-000155,2024-02-07,2024-07-05,H2,agencia,1,163.74,0,CL
TUR087-000156,2024-02-07,2024-05-08,H3,agencia,12,220.09,1,CL
TUR087-000157,2024-02-08,2024-06-04,H1,directo,8,122.13,0,CL
TUR087-000158,2024-02-08,2024-05-19,H2,agencia,6,161.3,0,CO
TUR087-000159,2024-02-08,2024-05-03,H3,plataforma,11,209.43,1,CO
TUR087-000160,2024-02-08,2024-05-08,H1,agencia,4,115.28,1,ES
TUR087-000161,2024-02-08,2024-02-10,H2,plataforma,6,169.24,0,CO
TUR087-000162,2024-02-09,2024-03-16,H3,plataforma,3,217.43,0,PE
TUR087-000163,2024-02-09,2024-03-07,H1,agencia,9,125.01,0,PE
TUR087-000164,2024-02-09,2024-05-06,H2,directo,11,163.72,0,CL
TUR087-000165,2024-02-09,2024-06-29,H3,agencia,4,204.59,0,PE
TUR087-000166,2024-02-10,2024-03-07,H1,directo,7,137.05,0,CO
TUR087-000167,2024-02-10,2024-04-25,H2,plataforma,5,,0,CO
TUR087-000168,2024-02-10,2024-07-08,H3,directo,6,223.86,1,PE
TUR087-000169,2024-02-10,2024-05-29,H1,plataforma,1,135.97,0,CL
TUR087-000170,2024-02-11,2024-02-19,H2,plataforma,4,182.95,0,ES
TUR087-000171,2024-02-11,2024-06-01,H3,agencia,11,210.79,0,PE
TUR087-000172,2024-02-11,2024-07-03,H1,directo,8,134.63,0,CL
TUR087-000173,2024-02-11,2024-04-02,H2,directo,10,164.68,0,PE
TUR087-000174,2024-02-12,2024-06-30,H3,plataforma,1,223.96,0,CL
TUR087-000175,2024-02-12,2024-05-27,H1,directo,9,117.71,1,CL
TUR087-000176,2024-02-12,2024-06-27,H2,directo,1,170.46,0,CO
TUR087-000177,2024-02-12,2024-02-16,H3,directo,8,229.74,0,CL
TUR087-000178,2024-02-13,2024-02-19,H1,agencia,5,138.41,0,ES
TUR087-000179,2024-02-13,2024-03-31,H2,agencia,6,172.7,0,PE
TUR087-000180,2024-02-13,2024-05-05,H3,directo,6,213.68,0,PE
TUR087-000181,2024-02-13,2024-03-18,H1,plataforma,7,134.92,1,CL
TUR087-000182,2024-02-14,2024-06-01,H2,plataforma,7,166.27,0,ES
TUR087-000183,2024-02-14,2024-06-04,H3,agencia,6,228.31,0,PE
TUR087-000184,2024-02-14,2024-02-21,H1,directo,3,122.05,0,PE
TUR087-000185,2024-02-14,2024-06-06,H2,plataforma,1,161.25,0,CL
TUR087-000186,2024-02-15,2024-06-04,H3,agencia,11,228.96,0,PE
TUR087-000187,2024-02-15,2024-07-14,H1,agencia,11,124.19,0,ES
TUR087-000188,2024-02-15,2024-05-19,H2,agencia,1,176.57,0,ES
TUR087-000189,2024-02-15,2024-03-21,H3,directo,7,210.69,0,CO
TUR087-000190,2024-02-16,2024-03-24,H1,agencia,1,137.46,0,CO
TUR087-000191,2024-02-16,2024-07-13,H2,directo,2,168.92,0,CO
TUR087-000192,2024-02-16,2024-04-09,H3,directo,11,227.21,0,PE
TUR087-000193,2024-02-16,2024-06-15,H1,agencia,5,118.84,0,CL
TUR087-000194,2024-02-17,2024-04-24,H2,directo,6,182.21,1,ES
TUR087-000195,2024-02-17,2024-05-10,H3, AGENCIA ,7,213.34,0,ES
TUR087-000196,2024-02-17,2024-04-29,H1,agencia,6,127.9,1,PE
TUR087-000197,2024-02-17,2024-03-04,H2,agencia,3,163.66,0,CO
TUR087-000198,2024-02-18,2024-04-17,H3,directo,10,208.08,0,ES
TUR087-000199,2024-02-18,2024-06-01,H1,plataforma,7,128.1,0,PE
TUR087-000200,2024-02-18,2024-06-11,H2,agencia,6,176.64,0,CL
TUR087-000201,2024-02-18,2024-06-07,H3,agencia,1,221.23,1,PE
TUR087-000202,2024-02-18,2024-07-06,H1,plataforma,8,122.6,0,PE
TUR087-000203,2024-02-19,2024-04-14,H2,plataforma,11,181.96,0,CL
TUR087-000204,2024-02-19,2024-06-11,H3,agencia,4,221.11,0,ES
TUR087-000205,2024-02-19,2024-07-01,H1,plataforma,7,122.1,0,CL
TUR087-000206,2024-02-19,2024-05-15,H2,agencia,4,184.72,1,PE
TUR087-000207,2024-02-20,2024-03-15,H3,directo,1,212.36,0,ES
TUR087-000208,2024-02-20,2024-06-19,H1,agencia,11,122.24,0,ES
TUR087-000209,2024-02-20,2024-07-14,H2,directo,12,182.66,0,PE
TUR087-000210,2024-02-20,2024-06-24,H3,plataforma,4,212.8,0,PE
TUR087-000211,2024-02-21,2024-04-16,H1,plataforma,2,132.43,0,PE
TUR087-000212,2024-02-21,2024-03-04,H2,directo,11,"171,04",0,PE
TUR087-000213,2024-02-21,2024-03-21,H3,agencia,12,222.17,0,PE
TUR087-000214,2024-02-21,2024-03-20,H1,directo,10,126.11,0,PE
TUR087-000215,2024-02-22,2024-03-03,H2,plataforma,12,173.82,0,PE
TUR087-000216,2024-02-22,2024-07-21,H3,plataforma,11,215.25,1,CO
TUR087-000217,2024-02-22,2024-03-06,H1,plataforma,7,142.09,0,CL
TUR087-000218,2024-02-22,2024-02-25,H2,plataforma,6,163.74,0,CL
TUR087-000219,2024-02-23,2024-02-29,H3,directo,2,232.38,0,CL
TUR087-000220,2024-02-23,2024-04-15,H1,plataforma,7,130.05,1,CL
TUR087-000221,2024-02-23,2024-04-04,H2,agencia,2,181.45,0,PE
TUR087-000222,2024-02-23,2024-03-13,H3,agencia,5,223.09,0,ES
TUR087-000223,2024-02-24,2024-06-07,H1,agencia,6,143.98,0,CO
TUR087-000224,2024-02-24,2024-06-10,H2,plataforma,2,181.37,0,PE
TUR087-000225,2024-02-24,2024-02-25,H3,directo,1,218.12,0,CL
TUR087-000226,2024-02-24,2024-07-07,H1,plataforma,11,121.83,1,CL
TUR087-000227,2024-02-25,2024-03-21,H2,directo,1,172.31,1,PE
TUR087-000228,2024-02-25,2024-07-03,H3,agencia,10,225.46,0,CL
TUR087-000229,2024-02-25,2024-03-30,H1,directo,1,122.29,1,ES
TUR087-000230,2024-02-25,2024-03-05,H2,directo,5,180.17,0,ES
TUR087-000231,2024-02-26,2024-06-15,H3,plataforma,3,212.88,0,PE
TUR087-000232,2024-02-26,2024-05-07,H1,agencia,2,135.88,0,PE
TUR087-000233,2024-02-26,2024-03-18,H2,directo,9,187.07,0,CO
TUR087-000234,2024-02-26,2024-05-13,H3,plataforma,11,222.58,0,PE
TUR087-000235,2024-02-27,2024-06-10,H1,directo,6,141.57,0,CL
TUR087-000236,2024-02-27,2024-07-04,H2,directo,11,172.15,0,CL
TUR087-000237,2024-02-27,2024-07-10,H3,agencia,7,228.1,0,CO
TUR087-000238,2024-02-27,2024-07-11,H1,directo,8,138.49,0,CL
TUR087-000239,2024-02-27,2024-06-22,H2,directo,10,189.91,0,CO
TUR087-000240,2024-02-28,2024-06-09,H3,agencia,2,221.27,0,CO
TUR087-000241,2024-02-28,2024-05-18,H1,directo,6,136.53,0,PE
TUR087-000242,2024-02-28,2024-04-13,H2,directo,1,174.45,0,CO
TUR087-000243,2024-02-28,2024-06-14,H3,directo,5,226.97,1,CO
TUR087-000244,2024-02-29,2024-04-01,H1,plataforma,11,133.17,0,PE
TUR087-000245,2024-02-29,2024-03-19,H2,plataforma,7,170.39,0,CL
TUR087-000246,2024-02-29,2024-05-27,H3,agencia,12,219.71,0,ES
TUR087-000247,2024-02-29,2024-05-10,H1,agencia,7,143.17,0,PE
TUR087-000248,2024-03-01,2024-05-16,H2,agencia,9,178.31,0,ES
TUR087-000249,2024-03-01,2024-07-29,H3,plataforma,9,227.41,1,ES
TUR087-000250,2024-03-01,2024-03-30,H1,plataforma,8,,0,CO
TUR087-000251,2024-03-01,2024-05-19,H2,plataforma,10,187.05,0,CO
TUR087-000252,2024-03-02,2024-04-10,H3,directo,6,219.2,0,CL
TUR087-000253,2024-03-02,2024-05-15,H1,agencia,11,130.17,0,CO
TUR087-000254,2024-03-02,2024-07-26,H2,plataforma,11,180.8,0,ES
TUR087-000255,2024-03-02,2024-03-07,H3,plataforma,4,228.56,1,CO
TUR087-000256,2024-03-03,2024-07-10,H1,plataforma,1,141.39,1,CL
TUR087-000257,2024-03-03,2024-03-05,H2,agencia,5,171.22,0,CO
TUR087-000258,2024-03-03,2024-03-24,H3,agencia,4,221.85,0,CO
TUR087-000259,2024-03-03,2024-04-05,H1,plataforma,10,138.14,1,PE
TUR087-000260,2024-03-04,2024-05-17,H2,plataforma,6,185.64,0,CO
TUR087-000261,2024-03-04,2024-06-24,H3,agencia,1,226.79,1,CL
TUR087-000262,2024-03-04,2024-04-13,H1,plataforma,3,141.74,0,CO
TUR087-000263,2024-03-04,2024-05-22,H2,plataforma,11,189.15,0,PE
TUR087-000264,2024-03-05,2024-06-16,H3,directo,3,217.7,0,ES
TUR087-000265,2024-03-05,2024-05-02,H1,plataforma,4,124.92,0,CL
TUR087-000266,2024-03-05,2024-05-28,H2,plataforma,9,188.49,1,CO
TUR087-000267,2024-03-05,2024-03-11,H3,agencia,6,229.46,0,CO
TUR087-000268,2024-03-06,2024-07-11,H1,directo,12,123.71,0,ES
TUR087-000269,2024-03-06,2024-06-27,H2,plataforma,7,171.86,0,ES
TUR087-000270,2024-03-06,2024-06-23,H3,agencia,6,219.04,0,CO
TUR087-000271,2024-03-06,2024-06-20,H1,plataforma,9,131.95,1,CO
TUR087-000272,2024-03-07,2024-04-15,H2,agencia,2,186.73,0,CL
TUR087-000273,2024-03-07,2024-08-02,H3,plataforma,10,223.67,0,ES
TUR087-000274,2024-03-07,2024-06-27,H1,plataforma,7,140.87,0,CO
TUR087-000275,2024-03-07,2024-07-24,H2,plataforma,11,183.46,1,ES
TUR087-000276,2024-03-08,2024-04-02,H3,directo,10,224.93,0,PE
TUR087-000277,2024-03-08,2024-04-06,H1,agencia,7,137.64,0,CL
TUR087-000278,2024-03-08,2024-06-20,H2,agencia,8,186.49,0,ES
TUR087-000279,2024-03-08,2024-03-12,H3,agencia,6,224.3,0,CO
TUR087-000280,2024-03-08,2024-05-18,H1,agencia,10,141.09,0,PE
TUR087-000281,2024-03-09,2024-07-26,H2,plataforma,10,174.03,1,CL
TUR087-000282,2024-03-09,2024-06-03,H3,plataforma,5,228.88,0,CL
TUR087-000283,2024-03-09,2024-05-14,H1,plataforma,5,142.73,0,ES
TUR087-000284,2024-03-09,2024-03-30,H2,agencia,6,179.78,0,ES
TUR087-000285,2024-03-10,2024-03-14,H3,plataforma,10,226.81,0,CO
TUR087-000286,2024-03-10,2024-03-24,H1,agencia,6,127.49,0,CL
TUR087-000287,2024-03-10,2024-04-09,H2,directo,9,175.2,0,CO
TUR087-000288,2024-03-10,2024-07-11,H3,agencia,10,217.34,0,PE
TUR087-000289,2024-03-11,2024-05-29,H1,agencia,4,138.94,0,ES
TUR087-000290,2024-03-11,2024-04-30,H2,plataforma,8,169.88,0,CL
TUR087-000291,2024-03-11,2024-04-13,H3,plataforma,3,228.11,0,CO
TUR087-000292,2024-03-11,2024-04-27,H1, DIRECTO ,4,124.58,0,PE
TUR087-000293,2024-03-12,2024-03-29,H2,agencia,2,175.8,0,PE
TUR087-000294,2024-03-12,2024-06-02,H3,agencia,6,225.91,0,CO
TUR087-000295,2024-03-12,2024-06-22,H1,agencia,8,143.79,0,CL
TUR087-000296,2024-03-12,2024-05-28,H2,directo,9,180.33,0,PE
TUR087-000297,2024-03-13,2024-05-13,H3,agencia,12,230.07,0,CL
TUR087-000298,2024-03-13,2024-04-24,H1,directo,12,141.88,0,ES
TUR087-000299,2024-03-13,2024-04-14,H2,plataforma,2,187.36,0,ES
TUR087-000300,2024-03-13,2024-05-06,H3,agencia,10,223.79,0,ES
TUR087-000301,2024-03-14,2024-05-14,H1,agencia,2,134.7,0,CL
TUR087-000302,2024-03-14,2024-07-11,H2,plataforma,9,173.82,1,ES
TUR087-000303,2024-03-14,2024-05-18,H3,directo,3,231.51,0,ES
TUR087-000304,2024-03-14,2024-08-09,H1,plataforma,9,132.29,0,PE
TUR087-000305,2024-03-15,2024-05-21,H2,plataforma,1,185.86,0,CL
TUR087-000306,2024-03-15,2024-06-15,H3,agencia,9,232.47,0,PE
TUR087-000307,2024-03-15,2024-07-13,H1,agencia,3,130.98,1,CL
TUR087-000308,2024-03-15,2024-03-27,H2,plataforma,2,169.25,0,CO
TUR087-000309,2024-03-16,2024-04-10,H3,directo,12,238.32,0,CO
TUR087-000310,2024-03-16,2024-08-07,H1,agencia,2,126.02,0,CL
TUR087-000311,2024-03-16,2024-06-08,H2,agencia,12,185.01,0,PE
TUR087-000312,2024-03-16,2024-08-08,H3,plataforma,2,228.56,0,CO
TUR087-000313,2024-03-17,2024-06-29,H1,directo,8,142.75,0,CL
TUR087-000314,2024-03-17,2024-06-29,H2,plataforma,2,169.26,1,CL
TUR087-000315,2024-03-17,2024-04-14,H3,agencia,8,228.42,0,PE
TUR087-000316,2024-03-17,2024-07-03,H1,plataforma,10,139.97,0,ES
TUR087-000317,2024-03-17,2024-07-10,H2,directo,10,191.73,0,CO
TUR087-000318,2024-03-18,2024-03-22,H3,agencia,11,234.28,0,CO
TUR087-000319,2024-03-18,2024-06-10,H1,directo,5,138.59,0,PE
TUR087-000320,2024-03-18,2024-06-13,H2,directo,3,187.51,0,CL
TUR087-000321,2024-03-18,2024-05-18,H3,directo,11,223.06,0,PE
TUR087-000322,2024-03-19,2024-07-12,H1,plataforma,1,146.98,0,CO
TUR087-000323,2024-03-19,2024-06-22,H2,plataforma,3,170.02,0,CO
TUR087-000324,2024-03-19,2024-06-13,H3,agencia,6,230.51,0,CL
TUR087-000325,2024-03-19,2024-03-29,H1,directo,3,124.85,0,PE
TUR087-000326,2024-03-20,2024-07-20,H2,directo,6,171.25,0,CO
TUR087-000327,2024-03-20,2024-05-11,H3,directo,11,230.95,0,CL
TUR087-000328,2024-03-20,2024-05-16,H1,directo,5,141.76,0,ES
TUR087-000329,2024-03-20,2024-06-28,H2,plataforma,2,182.74,0,CL
TUR087-000330,2024-03-21,2024-06-19,H3,agencia,11,219.95,0,ES
TUR087-000331,2024-03-21,2024-04-02,H1,directo,9,142.6,0,ES
TUR087-000332,2024-03-21,2024-04-04,H2,directo,8,184.72,0,PE
TUR087-000333,2024-03-21,2024-05-25,H3,agencia,6,,0,CO
TUR087-000334,2024-03-22,2024-06-02,H1,directo,1,133.59,0,CO
TUR087-000335,2024-03-22,2024-04-26,H2,directo,10,186.69,0,CL
TUR087-000336,2024-03-22,2024-07-06,H3,directo,5,215.67,0,ES
TUR087-000337,2024-03-22,2024-07-02,H1,plataforma,2,124.76,0,CL
TUR087-000338,2024-03-23,2024-06-25,H2,directo,11,184.76,0,ES
TUR087-000339,2024-03-23,2024-05-29,H3,plataforma,1,230.07,0,CL
TUR087-000340,2024-03-23,2024-08-06,H1,plataforma,7,125.81,1,CL
TUR087-000341,2024-03-23,2024-07-30,H2,directo,7,172.85,0,ES
TUR087-000342,2024-03-24,2024-05-07,H3,plataforma,8,214.93,1,ES
TUR087-000343,2024-03-24,2024-07-13,H1,directo,9,148.95,0,CL
TUR087-000344,2024-03-24,2024-08-08,H2,directo,8,177.74,0,CL
TUR087-000345,2024-03-24,2024-04-30,H3,agencia,9,233.23,0,CL
TUR087-000346,2024-03-25,2024-08-21,H1,agencia,12,144.55,0,CL
TUR087-000347,2024-03-25,2024-06-18,H2,plataforma,4,172.03,0,ES
TUR087-000348,2024-03-25,2024-07-16,H3,directo,7,221.61,1,CO
TUR087-000349,2024-03-25,2024-04-08,H1,directo,11,126.72,0,CO
TUR087-000350,2024-03-26,2024-07-01,H2,plataforma,3,176.02,1,PE
TUR087-000351,2024-03-26,2024-06-25,H3,agencia,10,229.7,0,PE
TUR087-000352,2024-03-26,2024-06-08,H1,plataforma,9,148.42,0,CO
TUR087-000353,2024-03-26,2024-03-31,H2,directo,2,182.23,0,PE
TUR087-000354,2024-03-27,2024-03-31,H3,plataforma,5,222.45,1,CL
TUR087-000355,2024-03-27,2024-04-22,H1,plataforma,6,147.45,1,PE
TUR087-000356,2024-03-27,2024-08-03,H2,agencia,2,188.33,0,PE
TUR087-000357,2024-03-27,2024-04-03,H3,plataforma,1,217.82,0,PE
TUR087-000358,2024-03-27,2024-05-13,H1,directo,3,146.08,0,PE
TUR087-000359,2024-03-28,2024-07-02,H2,directo,11,187.22,0,PE
TUR087-000360,2024-03-28,2024-06-01,H3,directo,7,239.35,0,PE
TUR087-000361,2024-03-28,2024-04-21,H1,plataforma,7,134.19,0,CL
TUR087-000362,2024-03-28,2024-06-03,H2,agencia,8,185.59,0,ES
TUR087-000363,2024-03-29,2024-05-22,H3,plataforma,2,216.67,1,CL
TUR087-000364,2024-03-29,2024-07-31,H1,directo,9,137.57,0,PE
TUR087-000365,2024-03-29,2024-08-18,H2,directo,8,192.89,0,PE
TUR087-000366,2024-03-29,2024-06-29,H3,directo,9,235.24,0,CO
TUR087-000367,2024-03-30,2024-04-15,H1,directo,2,146.44,0,CO
TUR087-000368,2024-03-30,2024-04-21,H2,plataforma,2,170.05,0,CO
TUR087-000369,2024-03-30,2024-07-05,H3,directo,1,219.52,0,CO
TUR087-000370,2024-03-30,2024-04-23,H1,plataforma,2,134.9,0,PE
TUR087-000371,2024-03-31,2024-08-17,H2,plataforma,2,171.9,0,PE
TUR087-000372,2024-03-31,2024-05-19,H3,directo,6,233.44,0,CO
TUR087-000373,2024-03-31,2024-08-01,H1,plataforma,2,130.62,0,PE
TUR087-000374,2024-03-31,2024-06-16,H2,directo,4,182.82,0,CO
TUR087-000375,2024-04-01,2024-06-29,H3,directo,1,239.1,0,PE
TUR087-000376,2024-04-01,2024-04-09,H1,agencia,11,141.54,0,CL
TUR087-000377,2024-04-01,2024-05-30,H2,agencia,10,175.12,1,CL
TUR087-000378,2024-04-01,2024-05-15,H3,agencia,11,222.49,0,CL
TUR087-000379,2024-04-02,2024-08-19,H1,plataforma,8,132.38,0,PE
TUR087-000380,2024-04-02,2024-04-21,H2,directo,6,179.05,0,ES
TUR087-000381,2024-04-02,2024-04-22,H3,plataforma,3,236.68,1,CO
TUR087-000382,2024-04-02,2024-08-04,H1,plataforma,8,138.76,0,CL
TUR087-000383,2024-04-03,2024-07-03,H2,plataforma,5,186.14,0,PE
TUR087-000384,2024-04-03,2024-05-09,H3,plataforma,8,216.98,0,CL
TUR087-000385,2024-04-03,2024-07-18,H1,agencia,10,143.22,0,PE
TUR087-000386,2024-04-03,2024-07-08,H2,agencia,9,179.39,0,CL
TUR087-000387,2024-04-04,2024-05-25,H3,agencia,6,227.89,0,CL
TUR087-000388,2024-04-04,2024-08-11,H1,plataforma,6,149.07,0,CL
TUR087-000389,2024-04-04,2024-07-29,H2, PLATAFORMA ,5,175.89,1,PE
TUR087-000390,2024-02-30,2024-04-21,H3,agencia,1,225.05,0,CL
TUR087-000391,2024-04-05,2024-07-18,H1,agencia,6,133.11,1,ES
TUR087-000392,2024-04-05,2024-04-19,H2,plataforma,2,171.85,0,PE
TUR087-000393,2024-04-05,2024-04-26,H3,plataforma,9,233.75,0,ES
TUR087-000394,2024-04-05,2024-06-12,H1,directo,8,130.5,0,CO
TUR087-000395,2024-04-06,2024-04-07,H2,agencia,9,173.74,0,CL
TUR087-000396,2024-04-06,2024-07-30,H3,directo,12,224.96,1,CL
TUR087-000397,2024-04-06,2024-07-08,H1,directo,6,131.39,0,CL
TUR087-000398,2024-04-06,2024-04-11,H2,directo,12,173.58,0,ES
TUR087-000399,2024-04-06,2024-07-14,H3,plataforma,2,226.34,0,CL
TUR087-000400,2024-04-07,2024-05-03,H1,plataforma,1,141.34,1,PE
TUR087-000401,2024-04-07,2024-05-04,H2,plataforma,3,193.88,0,CL
TUR087-000402,2024-04-07,2024-04-10,H3,directo,5,232.51,0,CO
TUR087-000403,2024-04-07,2024-04-27,H1,agencia,1,147.91,0,CL
TUR087-000404,2024-04-08,2024-08-15,H2,plataforma,7,177.46,0,CO
TUR087-000405,2024-04-08,2024-07-31,H3,agencia,9,225.67,0,CO
TUR087-000406,2024-04-08,2024-05-08,H1,directo,6,127.71,0,CL
TUR087-000407,2024-04-08,2024-05-26,H2,agencia,9,172.86,0,CO
TUR087-000408,2024-04-09,2024-05-03,H3,agencia,10,222.49,0,CL
TUR087-000409,2024-04-09,2024-07-14,H1,directo,5,148.38,1,PE
TUR087-000410,2024-04-09,2024-05-06,H2,directo,4,172.96,0,PE
TUR087-000411,2024-04-09,2024-07-10,H3,agencia,9,231.4,1,ES
TUR087-000412,2024-04-10,2024-08-24,H1,plataforma,5,149.45,0,ES
TUR087-000413,2024-04-10,2024-05-23,H2,agencia,2,187.58,0,CL
TUR087-000414,2024-04-10,2024-07-03,H3,plataforma,3,228.36,0,PE
TUR087-000415,2024-04-10,2024-08-12,H1,directo,7,128.58,0,CO
TUR087-000416,2024-04-11,2024-06-10,H2,agencia,12,,1,ES
TUR087-000417,2024-04-11,2024-08-20,H3,agencia,2,225.07,1,ES
TUR087-000418,2024-04-11,2024-07-27,H1,directo,2,131.49,0,ES
TUR087-000419,2024-04-11,2024-05-01,H2,directo,5,179.57,0,PE
TUR087-000420,2024-04-12,2024-07-15,H3,directo,9,219.18,1,PE
TUR087-000421,2024-04-12,2024-08-09,H1,agencia,5,140.99,0,PE
TUR087-000422,2024-04-12,2024-07-01,H2,agencia,6,182.26,1,ES
TUR087-000423,2024-04-12,2024-06-20,H3,directo,8,"227,1",0,CL
TUR087-000424,2024-04-13,2024-07-03,H1,plataforma,1,133.55,0,CO
TUR087-000425,2024-04-13,2024-04-27,H2,directo,3,183.93,0,ES
TUR087-000426,2024-04-13,2024-06-02,H3,agencia,8,230.89,0,ES
TUR087-000427,2024-04-13,2024-04-19,H1,agencia,4,141.96,1,ES
TUR087-000428,2024-04-14,2024-05-02,H2,plataforma,2,187.66,0,CL
TUR087-000429,2024-04-14,2024-07-20,H3,agencia,12,220.33,0,PE
TUR087-000430,2024-04-14,2024-05-05,H1,plataforma,11,137.31,1,PE
TUR087-000431,2024-04-14,2024-06-04,H2,directo,6,185.4,1,CO
TUR087-000432,2024-04-15,2024-06-10,H3,plataforma,2,221.33,0,ES
TUR087-000433,2024-04-15,2024-07-12,H1,directo,7,129.26,0,CO
TUR087-000434,2024-04-15,2024-06-17,H2,agencia,7,180.86,0,CL
TUR087-000435,2024-04-15,2024-09-05,H3,agencia,10,232.39,0,PE
TUR087-000436,2024-04-15,2024-07-31,H1,directo,2,144.28,1,CL
TUR087-000437,2024-04-16,2024-08-07,H2,directo,6,181.07,0,PE
TUR087-000438,2024-04-16,2024-07-07,H3,agencia,11,225.47,0,PE
TUR087-000439,2024-04-16,2024-05-08,H1,plataforma,4,132.04,1,CL
TUR087-000440,2024-04-16,2024-05-17,H2,agencia,9,179.04,0,ES
TUR087-000441,2024-04-17,2024-04-22,H3,plataforma,4,234.27,0,ES
TUR087-000442,2024-04-17,2024-05-04,H1,agencia,4,126.19,0,CL
TUR087-000443,2024-04-17,2024-06-06,H2,plataforma,2,183.76,0,PE
TUR087-000444,2024-04-17,2024-05-16,H3,plataforma,5,220.76,0,CL
TUR087-000445,2024-04-18,2024-07-01,H1,plataforma,7,130.31,0,ES
TUR087-000446,2024-04-18,2024-06-15,H2,plataforma,5,186.4,0,ES
TUR087-000447,2024-04-18,2024-07-15,H3,plataforma,2,237.03,0,ES
TUR087-000448,2024-04-18,2024-08-27,H1,agencia,6,140.26,0,PE
TUR087-000449,2024-04-19,2024-09-10,H2,directo,1,170.62,0,CL
TUR087-000450,2024-04-19,2024-05-07,H3,plataforma,2,218.88,0,PE
TUR087-000451,2024-04-19,2024-06-24,H1,agencia,3,133.16,0,ES
TUR087-000452,2024-04-19,2024-08-20,H2,agencia,6,168.85,0,PE
TUR087-000453,2024-04-20,2024-09-02,H3,agencia,12,215.68,1,PE
TUR087-000454,2024-04-20,2024-04-22,H1,agencia,9,145.31,0,CO
TUR087-000455,2024-04-20,2024-08-02,H2,directo,2,175.31,0,CL
TUR087-000456,2024-04-20,2024-05-17,H3,plataforma,6,215.99,0,CO
TUR087-000457,2024-04-21,2024-08-12,H1,directo,9,131.81,1,ES
TUR087-000458,2024-04-21,2024-07-11,H2,plataforma,7,186.25,0,CO
TUR087-000459,2024-04-21,2024-05-20,H3,directo,10,218.61,0,ES
TUR087-000460,2024-04-21,2024-07-04,H1,plataforma,11,134.16,0,CO
TUR087-000461,2024-04-22,2024-04-28,H2,agencia,3,169.26,0,CO
TUR087-000462,2024-04-22,2024-07-04,H3,agencia,5,226.38,0,CO
TUR087-000463,2024-04-22,2024-06-19,H1,agencia,12,127.97,0,CO
TUR087-000464,2024-04-22,2024-04-28,H2,plataforma,12,185.78,0,CO
TUR087-000465,2024-04-23,2024-05-07,H3,directo,2,231.37,0,CL
TUR087-000466,2024-04-23,2024-07-31,H1,plataforma,9,141.49,0,ES
TUR087-000467,2024-04-23,2024-08-28,H2,agencia,9,187.83,0,ES
TUR087-000468,2024-04-23,2024-08-26,H3,plataforma,12,223.88,0,ES
TUR087-000469,2024-04-24,2024-06-03,H1,agencia,9,125.45,0,CL
TUR087-000470,2024-04-24,2024-09-06,H2,agencia,8,181.38,1,CO
TUR087-000471,2024-04-24,2024-06-03,H3,agencia,9,213.84,0,CL
TUR087-000472,2024-04-24,2024-05-19,H1,agencia,5,137.47,0,ES
TUR087-000473,2024-04-25,2024-08-09,H2,directo,1,170.85,0,CL
TUR087-000474,2024-04-25,2024-07-15,H3,plataforma,12,219.79,0,PE
TUR087-000475,2024-04-25,2024-05-16,H1,directo,2,128.76,0,CO
TUR087-000476,2024-04-25,2024-08-09,H2,directo,10,174.03,0,ES
TUR087-000477,2024-04-25,2024-06-20,H3,agencia,6,213.39,0,CL
TUR087-000478,2024-04-26,2024-05-25,H1,agencia,1,126.64,0,CO
TUR087-000479,2024-04-26,2024-08-09,H2,directo,9,172.81,1,CL
TUR087-000480,2024-04-26,2024-06-12,H3,agencia,7,226.84,0,CL
TUR087-000481,2024-04-26,2024-05-22,H1,directo,9,129.57,0,CL
TUR087-000482,2024-04-27,2024-05-24,H2,plataforma,5,169.37,0,ES
TUR087-000483,2024-04-27,2024-09-22,H3,directo,4,227.42,0,CO
TUR087-000484,2024-04-27,2024-05-05,H1,directo,12,123.81,0,CL
TUR087-000485,2024-04-27,2024-07-24,H2,plataforma,9,171.59,0,PE
TUR087-000486,2024-04-28,2024-06-17,H3, AGENCIA ,4,232.94,1,ES
TUR087-000487,2024-04-28,2024-07-21,H1,plataforma,10,130.31,0,CL
TUR087-000488,2024-04-28,2024-05-21,H2,plataforma,4,183.61,0,CL
TUR087-000489,2024-04-28,2024-09-04,H3,directo,4,221.84,0,CL
TUR087-000490,2024-04-29,2024-05-01,H1,directo,7,131.08,0,CL
TUR087-000491,2024-04-29,2024-05-21,H2,directo,9,180.36,0,CL
TUR087-000492,2024-04-29,2024-09-26,H3,plataforma,8,214.63,0,PE
TUR087-000493,2024-04-29,2024-08-18,H1,directo,11,131.31,0,CL
TUR087-000494,2024-04-30,2024-09-26,H2,directo,4,176.51,0,ES
TUR087-000495,2024-04-30,2024-08-21,H3,plataforma,11,216.1,1,ES
TUR087-000496,2024-04-30,2024-06-01,H1,plataforma,3,128.63,1,PE
TUR087-000497,2024-04-30,2024-08-10,H2,directo,4,191.2,0,CL
TUR087-000498,2024-05-01,2024-05-17,H3,agencia,11,230.56,0,PE
TUR087-000499,2024-05-01,2024-05-27,H1,directo,4,,0,ES
TUR087-000500,2024-05-01,2024-07-06,H2,agencia,11,179.07,1,CO
TUR087-000501,2024-05-01,2024-07-13,H3,agencia,6,235.46,0,CO
TUR087-000502,2024-05-02,2024-05-07,H1,agencia,7,142.26,0,ES
TUR087-000503,2024-05-02,2024-09-09,H2,plataforma,8,186.66,0,PE
TUR087-000504,2024-05-02,2024-08-26,H3,agencia,1,229.5,1,CL
TUR087-000505,2024-05-02,2024-07-21,H1,directo,2,136.98,1,ES
TUR087-000506,2024-05-03,2024-07-29,H2,plataforma,7,180.89,0,CO
TUR087-000507,2024-05-03,2024-09-17,H3,directo,7,222.4,0,CL
TUR087-000508,2024-05-03,2024-06-25,H1,directo,11,122.25,0,CO
TUR087-000509,2024-05-03,2024-05-19,H2,plataforma,11,175.27,0,CL
TUR087-000510,2024-05-04,2024-06-23,H3,directo,3,224.21,0,CL
TUR087-000511,2024-05-04,2024-07-24,H1,plataforma,9,120.91,0,CO
TUR087-000512,2024-05-04,2024-07-30,H2,plataforma,4,178.92,1,ES
TUR087-000513,2024-05-04,2024-08-19,H3,directo,6,231.25,0,ES
TUR087-000514,2024-05-05,2024-05-11,H1,directo,1,131.55,0,PE
TUR087-000515,2024-05-05,2024-07-24,H2,plataforma,1,183.55,0,CL
TUR087-000516,2024-05-05,2024-07-26,H3,plataforma,11,222.78,0,ES
TUR087-000517,2024-05-05,2024-05-15,H1,agencia,3,135.61,0,ES
TUR087-000518,2024-05-05,2024-06-30,H2,plataforma,5,188.98,0,CO
TUR087-000519,2024-05-06,2024-08-26,H3,agencia,10,232.97,0,ES
TUR087-000520,2024-05-06,2024-07-14,H1,agencia,6,140.11,0,PE
TUR087-000521,2024-05-06,2024-06-24,H2,plataforma,11,183.86,1,ES
TUR087-000522,2024-05-06,2024-06-08,H3,agencia,5,211.22,1,PE
TUR087-000523,2024-05-07,2024-09-10,H1,plataforma,7,132.9,1,PE
TUR087-000524,2024-05-07,2024-05-29,H2,agencia,4,169.14,0,CO
TUR087-000525,2024-05-07,2024-09-13,H3,agencia,11,227.88,0,ES
TUR087-000526,2024-05-07,2024-09-29,H1,plataforma,3,126.07,1,ES
TUR087-000527,2024-05-08,2024-08-20,H2,plataforma,11,182.67,1,CO
TUR087-000528,2024-05-08,2024-06-26,H3,plataforma,5,215.61,0,CL
TUR087-000529,2024-05-08,2024-09-20,H1,plataforma,4,135.46,0,ES
TUR087-000530,2024-05-08,2024-08-28,H2,plataforma,3,185.87,0,ES
TUR087-000531,2024-05-09,2024-06-19,H3,directo,2,219.45,0,CL
TUR087-000532,2024-05-09,2024-08-05,H1,directo,8,137.01,0,ES
TUR087-000533,2024-05-09,2024-07-30,H2,agencia,11,175.55,0,CO
TUR087-000534,2024-05-09,2024-07-18,H3,agencia,8,217.81,0,CL
TUR087-000535,2024-05-10,2024-05-27,H1,directo,8,123.93,0,ES
TUR087-000536,2024-05-10,2024-05-23,H2,agencia,7,172.26,0,ES
TUR087-000537,2024-05-10,2024-09-01,H3,plataforma,2,224.71,1,PE
TUR087-000538,2024-05-10,2024-09-07,H1,agencia,7,134.03,0,PE
TUR087-000539,2024-05-11,2024-07-06,H2,plataforma,3,167.38,0,ES
TUR087-000540,2024-05-11,2024-07-04,H3,agencia,12,232.42,0,ES
TUR087-000541,2024-05-11,2024-07-30,H1,directo,7,137.7,0,ES
TUR087-000542,2024-05-11,2024-06-22,H2,plataforma,4,185.09,0,CL
TUR087-000543,2024-05-12,2024-05-19,H3,directo,2,216.98,0,CL
TUR087-000544,2024-05-12,2024-09-20,H1,agencia,1,130.22,0,ES
TUR087-000545,2024-05-12,2024-06-25,H2,directo,8,183.01,0,CL
TUR087-000546,2024-05-12,2024-05-27,H3,plataforma,8,211.49,0,CO
TUR087-000547,2024-05-13,2024-10-04,H1,directo,3,120.17,0,ES
TUR087-000548,2024-05-13,2024-07-18,H2,directo,3,186.42,0,CO
TUR087-000549,2024-05-13,2024-06-08,H3,agencia,6,216.29,0,CO
TUR087-000550,2024-05-13,2024-10-07,H1,plataforma,1,141.19,0,CL
TUR087-000551,2024-05-14,2024-06-07,H2,plataforma,5,168.22,1,CL
TUR087-000552,2024-05-14,2024-06-03,H3,agencia,4,210.44,0,PE
TUR087-000553,2024-05-14,2024-09-05,H1,agencia,12,124.18,0,CO
TUR087-000554,2024-05-14,2024-09-12,H2,directo,7,181.47,1,CO
TUR087-000555,2024-05-14,2024-09-25,H3,directo,9,213.47,0,CO
TUR087-000556,2024-05-15,2024-08-03,H1,agencia,3,121.0,0,CL
TUR087-000557,2024-05-15,2024-10-05,H2,plataforma,10,179.89,1,CL
TUR087-000558,2024-05-15,2024-07-18,H3,agencia,9,227.44,0,ES
TUR087-000559,2024-05-15,2024-10-12,H1,plataforma,6,125.86,0,PE
TUR087-000560,2024-05-16,2024-08-25,H2,agencia,7,170.3,0,PE
TUR087-000561,2024-05-16,2024-07-18,H3,plataforma,4,222.39,0,CL
TUR087-000562,2024-05-16,2024-08-22,H1,agencia,5,117.68,0,CL
TUR087-000563,2024-05-16,2024-06-24,H2,plataforma,10,165.31,0,CO
TUR087-000564,2024-05-17,2024-06-21,H3,directo,6,216.96,0,ES
TUR087-000565,2024-05-17,2024-07-29,H1,directo,7,130.74,0,ES
TUR087-000566,2024-05-17,2024-08-02,H2,directo,8,165.2,0,PE
TUR087-000567,2024-05-17,2024-10-08,H3,agencia,7,214.01,0,PE
TUR087-000568,2024-05-18,2024-09-22,H1,agencia,6,134.65,1,ES
TUR087-000569,2024-05-18,2024-08-31,H2,agencia,9,173.55,1,CL
TUR087-000570,2024-05-18,2024-07-06,H3,directo,8,227.02,1,CL
TUR087-000571,2024-05-18,2024-08-21,H1,directo,7,134.18,0,CO
TUR087-000572,2024-05-19,2024-06-22,H2,directo,5,165.98,0,CO
TUR087-000573,2024-05-19,2024-06-02,H3,agencia,3,219.58,0,CO
TUR087-000574,2024-05-19,2024-08-06,H1,agencia,5,138.84,1,CO
TUR087-000575,2024-05-19,2024-09-29,H2,plataforma,11,170.95,1,CO
TUR087-000576,2024-05-20,2024-07-18,H3,directo,8,219.24,0,CO
TUR087-000577,2024-05-20,2024-07-11,H1,agencia,11,139.92,0,PE
TUR087-000578,2024-05-20,2024-07-09,H2,agencia,6,165.67,0,ES
TUR087-000579,2024-05-20,2024-07-13,H3,directo,8,214.38,0,CL
TUR087-000580,2024-05-21,2024-08-28,H1,directo,8,123.67,0,PE
TUR087-000581,2024-05-21,2024-08-30,H2,plataforma,8,181.12,1,CO
TUR087-000582,2024-05-21,2024-09-21,H3,directo,12,,0,ES
TUR087-000583,2024-05-21,2024-08-01,H1, DIRECTO ,8,136.75,0,ES
TUR087-000584,2024-05-22,2024-10-04,H2,directo,9,162.52,0,PE
TUR087-000585,2024-05-22,2024-10-16,H3,plataforma,3,221.72,0,CO
TUR087-000586,2024-05-22,2024-08-29,H1,plataforma,5,116.99,0,ES
TUR087-000587,2024-05-22,2024-08-05,H2,directo,1,171.5,0,ES
TUR087-000588,2024-05-23,2024-07-27,H3,agencia,6,211.37,1,CL
TUR087-000589,2024-05-23,2024-08-14,H1,directo,2,136.69,0,ES
TUR087-000590,2024-05-23,2024-10-18,H2,directo,11,181.74,1,PE
TUR087-000591,2024-05-23,2024-09-29,H3,directo,8,216.26,0,PE
TUR087-000592,2024-05-24,2024-06-24,H1,plataforma,1,114.85,0,PE
TUR087-000593,2024-05-24,2024-07-05,H2,plataforma,3,166.19,0,PE
TUR087-000594,2024-05-24,2024-07-19,H3,plataforma,7,204.09,0,CL
TUR087-000595,2024-05-24,2024-06-17,H1,plataforma,1,131.08,0,PE
TUR087-000596,2024-05-24,2024-09-16,H2,directo,3,162.3,0,CO
TUR087-000597,2024-05-25,2024-10-09,H3,agencia,4,216.4,1,ES
TUR087-000598,2024-05-25,2024-08-02,H1,agencia,2,129.28,0,CO
TUR087-000599,2024-05-25,2024-06-11,H2,directo,7,162.62,0,ES
TUR087-000600,2024-05-25,2024-10-20,H3,agencia,8,218.93,0,ES
TUR087-000601,2024-05-26,2024-09-12,H1,plataforma,8,124.97,0,PE
TUR087-000602,2024-05-26,2024-07-19,H2,agencia,2,171.56,0,ES
TUR087-000603,2024-05-26,2024-07-10,H3,agencia,1,220.22,0,ES
TUR087-000604,2024-05-26,2024-07-30,H1,plataforma,5,130.85,1,CL
TUR087-000605,2024-05-27,2024-07-10,H2,plataforma,3,180.55,0,ES
TUR087-000606,2024-05-27,2024-09-08,H3,plataforma,11,212.27,1,ES
TUR087-000607,2024-05-27,2024-10-03,H1,directo,4,132.39,0,ES
TUR087-000608,2024-05-27,2024-07-05,H2,directo,2,175.63,0,PE
TUR087-000609,2024-05-28,2024-06-03,H3,agencia,6,204.29,1,CL
TUR087-000610,2024-05-28,2024-10-25,H1,agencia,4,128.18,0,ES
TUR087-000611,2024-05-28,2024-09-24,H2,directo,1,166.01,0,CO
TUR087-000612,2024-05-28,2024-08-19,H3,plataforma,12,211.77,1,CL
TUR087-000613,2024-05-29,2024-09-27,H1,plataforma,6,121.08,1,CO
TUR087-000614,2024-05-29,2024-07-15,H2,directo,11,167.93,0,ES
TUR087-000615,2024-05-29,2024-10-06,H3,agencia,8,225.02,0,CL
TUR087-000616,2024-05-29,2024-06-11,H1,agencia,4,129.08,0,ES
TUR087-000617,2024-05-30,2024-07-21,H2,agencia,5,158.61,0,CL
TUR087-000618,2024-05-30,2024-08-15,H3,directo,4,224.54,0,CO
TUR087-000619,2024-05-30,2024-10-27,H1,plataforma,2,130.39,1,ES
TUR087-000620,2024-05-30,2024-08-07,H2,directo,2,169.96,1,ES
TUR087-000621,2024-05-31,2024-06-23,H3,agencia,8,200.62,0,ES
TUR087-000622,2024-05-31,2024-07-05,H1,directo,11,127.28,0,CL
TUR087-000623,2024-05-31,2024-09-09,H2,plataforma,6,180.12,1,CL
TUR087-000624,2024-05-31,2024-07-03,H3,plataforma,12,215.61,0,ES
TUR087-000625,2024-06-01,2024-08-03,H1,directo,8,124.82,0,CO
TUR087-000626,2024-06-01,2024-07-15,H2,agencia,7,172.48,0,CL
TUR087-000627,2024-06-01,2024-09-24,H3,directo,10,223.59,1,PE
TUR087-000628,2024-06-01,2024-06-08,H1,plataforma,6,133.27,1,CL
TUR087-000629,2024-06-02,2024-07-07,H2,plataforma,5,178.75,0,ES
TUR087-000630,2024-06-02,2024-10-01,H3,directo,11,217.5,0,PE
TUR087-000631,2024-06-02,2024-07-02,H1,agencia,9,125.2,0,CO
TUR087-000632,2024-06-02,2024-06-23,H2,directo,7,162.81,0,ES
TUR087-000633,2024-06-02,2024-06-05,H3,agencia,10,210.73,0,CO
TUR087-000634,2024-06-03,2024-07-19,H1,directo,6,"128,47",0,ES
TUR087-000635,2024-06-03,2024-06-15,H2,directo,11,163.87,0,PE
TUR087-000636,2024-06-03,2024-10-15,H3,agencia,8,217.09,0,PE
TUR087-000637,2024-06-03,2024-06-15,H1,directo,8,132.53,0,CO
TUR087-000638,2024-06-04,2024-09-04,H2,directo,11,159.76,0,ES
TUR087-000639,2024-06-04,2024-10-27,H3,agencia,6,199.93,0,CL
TUR087-000640,2024-06-04,2024-10-13,H1,agencia,5,113.88,0,CL
TUR087-000641,2024-06-04,2024-08-29,H2,directo,6,178.47,0,CO
TUR087-000642,2024-06-05,2024-07-24,H3,agencia,2,212.92,1,CO
TUR087-000643,2024-06-05,2024-10-29,H1,plataforma,2,131.89,0,ES
TUR087-000644,2024-06-05,2024-08-27,H2,plataforma,4,166.95,0,CO
TUR087-000645,2024-06-05,2024-06-13,H3,plataforma,9,222.09,0,PE
TUR087-000646,2024-06-06,2024-07-27,H1,plataforma,6,108.45,0,PE
TUR087-000647,2024-06-06,2024-08-25,H2,agencia,8,157.34,0,PE
TUR087-000648,2024-06-06,2024-07-24,H3,plataforma,6,202.67,0,ES
TUR087-000649,2024-06-06,2024-06-19,H1,directo,6,121.7,0,PE
TUR087-000650,2024-06-07,2024-10-24,H2,agencia,8,175.08,0,ES
TUR087-000651,2024-06-07,2024-08-23,H3,plataforma,5,204.74,0,ES
TUR087-000652,2024-06-07,2024-06-16,H1,agencia,7,125.36,0,PE
TUR087-000653,2024-06-07,2024-07-30,H2,agencia,3,163.19,1,ES
TUR087-000654,2024-06-08,2024-07-31,H3,plataforma,7,204.82,0,CL
TUR087-000655,2024-06-08,2024-10-04,H1,agencia,11,131.0,0,CO
TUR087-000656,2024-06-08,2024-08-03,H2,agencia,11,151.83,0,CL
TUR087-000657,2024-06-08,2024-09-22,H3,directo,8,215.24,0,CL
TUR087-000658,2024-06-09,2024-10-29,H1,agencia,10,120.03,1,ES
TUR087-000659,2024-06-09,2024-09-22,H2,agencia,1,166.87,0,CL
TUR087-000660,2024-06-09,2024-10-08,H3,directo,12,197.83,0,PE
TUR087-000661,2024-06-09,2024-08-08,H1,agencia,10,109.71,1,PE
TUR087-000662,2024-06-10,2024-09-18,H2,agencia,1,166.22,1,CL
TUR087-000663,2024-06-10,2024-07-29,H3,plataforma,6,199.5,0,CL
TUR087-000664,2024-06-10,2024-10-27,H1,plataforma,7,124.48,0,CL
TUR087-000665,2024-06-10,2024-10-11,H2,agencia,4,,0,CO
TUR087-000666,2024-06-11,2024-08-09,H3,plataforma,10,196.61,0,CL
TUR087-000667,2024-06-11,2024-09-05,H1,agencia,3,126.39,0,CL
TUR087-000668,2024-06-11,2024-10-03,H2,agencia,3,163.1,0,ES
TUR087-000669,2024-06-11,2024-07-04,H3,directo,9,210.9,0,PE
TUR087-000670,2024-06-12,2024-08-03,H1,directo,4,118.86,0,PE
TUR087-000671,2024-06-12,2024-08-08,H2,agencia,9,161.69,0,ES
TUR087-000672,2024-06-12,2024-08-25,H3,directo,9,202.73,1,PE
TUR087-000673,2024-06-12,2024-11-07,H1,directo,10,116.22,1,PE
TUR087-000674,2024-06-12,2024-07-31,H2,directo,2,160.41,0,ES
TUR087-000675,2024-06-13,2024-10-01,H3,plataforma,3,207.35,1,PE
TUR087-000676,2024-06-13,2024-09-24,H1,directo,11,110.41,0,ES
TUR087-000677,2024-06-13,2024-10-09,H2,directo,6,159.54,0,ES
TUR087-000678,2024-06-13,2024-09-22,H3,plataforma,12,213.35,0,CO
TUR087-000679,2024-06-14,2024-10-11,H1,plataforma,3,119.01,0,ES
TUR087-000680,2024-06-14,2024-06-22,H2, DIRECTO ,5,169.89,0,CL
TUR087-000681,2024-06-14,2024-09-29,H3,agencia,3,210.44,1,ES
TUR087-000682,2024-06-14,2024-11-11,H1,directo,2,106.42,0,CL
TUR087-000683,2024-06-15,2024-08-22,H2,plataforma,4,156.7,1,ES
TUR087-000684,2024-06-15,2024-10-01,H3,plataforma,10,207.55,0,PE
TUR087-000685,2024-06-15,2024-07-14,H1,directo,3,114.8,0,PE
TUR087-000686,2024-06-15,2024-07-21,H2,agencia,9,149.8,0,CO
TUR087-000687,2024-06-16,2024-11-09,H3,agencia,6,197.89,1,ES
TUR087-000688,2024-06-16,2024-07-23,H1,agencia,2,116.09,0,PE
TUR087-000689,2024-06-16,2024-09-03,H2,plataforma,11,169.48,0,CO
TUR087-000690,2024-06-16,2024-06-24,H3,agencia,3,195.95,0,CL
TUR087-000691,2024-06-17,2024-09-01,H1,agencia,10,106.77,0,PE
TUR087-000692,2024-06-17,2024-10-17,H2,plataforma,10,147.83,0,CO
TUR087-000693,2024-06-17,2024-11-04,H3,directo,7,193.66,1,PE
TUR087-000694,2024-06-17,2024-07-28,H1,agencia,12,114.76,0,PE
TUR087-000695,2024-06-18,2024-08-25,H2,plataforma,9,163.76,0,CO
TUR087-000696,2024-06-18,2024-06-25,H3,agencia,2,196.87,0,CO
TUR087-000697,2024-06-18,2024-09-15,H1,plataforma,12,114.8,0,ES
TUR087-000698,2024-06-18,2024-07-10,H2,plataforma,6,162.28,0,CO
TUR087-000699,2024-06-19,2024-08-25,H3,agencia,6,193.57,0,CO
TUR087-000700,2024-06-19,2024-08-13,H1,plataforma,9,122.27,0,PE
TUR087-000701,2024-06-19,2024-06-25,H2,plataforma,4,158.14,0,CO
TUR087-000702,2024-06-19,2024-06-24,H3,plataforma,10,213.41,0,ES
TUR087-000703,2024-06-20,2024-10-30,H1,directo,5,115.53,0,PE
TUR087-000704,2024-06-20,2024-08-09,H2,directo,7,162.41,1,ES
TUR087-000705,2024-06-20,2024-11-02,H3,agencia,2,200.98,1,PE
TUR087-000706,2024-06-20,2024-06-30,H1,directo,6,112.76,0,CO
TUR087-000707,2024-06-21,2024-10-07,H2,plataforma,3,160.69,0,ES
TUR087-000708,2024-06-21,2024-11-17,H3,directo,3,211.3,1,CO
TUR087-000709,2024-06-21,2024-09-30,H1,plataforma,7,100.92,1,ES
TUR087-000710,2024-06-21,2024-10-06,H2,plataforma,1,161.03,1,PE
TUR087-000711,2024-06-22,2024-11-03,H3,agencia,5,201.4,0,CL
TUR087-000712,2024-06-22,2024-08-11,H1,agencia,6,120.04,0,CL
TUR087-000713,2024-06-22,2024-10-21,H2,plataforma,2,150.52,1,PE
TUR087-000714,2024-06-22,2024-07-11,H3,agencia,12,195.32,0,CO
TUR087-000715,2024-06-22,2024-09-27,H1,agencia,3,104.68,0,ES
TUR087-000716,2024-06-23,2024-07-10,H2,directo,11,158.59,0,PE
TUR087-000717,2024-06-23,2024-10-03,H3,plataforma,1,208.51,0,CO
TUR087-000718,2024-06-23,2024-08-10,H1,agencia,12,106.37,0,ES
TUR087-000719,2024-06-23,2024-09-16,H2,directo,11,151.31,1,PE
TUR087-000720,2024-06-24,2024-07-22,H3,agencia,6,200.77,0,PE
TUR087-000721,2024-06-24,2024-10-29,H1,agencia,11,121.34,0,CL
TUR087-000722,2024-06-24,2024-07-18,H2,plataforma,7,145.46,0,ES
TUR087-000723,2024-06-24,2024-09-04,H3,agencia,4,208.99,0,ES
TUR087-000724,2024-06-25,2024-11-19,H1,directo,4,108.47,0,CO
TUR087-000725,2024-06-25,2024-10-29,H2,plataforma,2,158.08,0,ES
TUR087-000726,2024-06-25,2024-11-21,H3,plataforma,10,210.37,0,PE
TUR087-000727,2024-06-25,2024-11-11,H1,plataforma,9,99.57,1,CO
TUR087-000728,2024-06-26,2024-07-21,H2,agencia,4,144.06,1,CL
TUR087-000729,2024-06-26,2024-07-27,H3,agencia,8,189.22,0,PE
TUR087-000730,2024-06-26,2024-10-20,H1,directo,11,104.78,0,PE
TUR087-000731,2024-06-26,2024-07-25,H2,agencia,11,158.59,0,PE
TUR087-000732,2024-06-27,2024-07-02,H3,directo,1,197.41,0,CL
TUR087-000733,2024-06-27,2024-08-11,H1,directo,7,115.93,0,CL
TUR087-000734,2024-06-27,2024-08-30,H2,agencia,3,155.7,0,CO
TUR087-000735,2024-06-27,2024-11-17,H3,directo,1,199.46,0,CL
TUR087-000736,2024-06-28,2024-11-16,H1,plataforma,10,108.6,0,PE
TUR087-000737,2024-06-28,2024-09-21,H2,plataforma,10,152.89,0,CL
TUR087-000738,2024-06-28,2024-10-19,H3,plataforma,8,190.33,1,ES
TUR087-000739,2024-06-28,2024-08-29,H1,plataforma,7,100.89,1,PE
TUR087-000740,2024-06-29,2024-10-10,H2,directo,7,162.93,0,CO
TUR087-000741,2024-06-29,2024-09-16,H3,agencia,3,189.76,0,PE
TUR087-000742,2024-06-29,2024-08-05,H1,plataforma,10,96.72,1,CO
TUR087-000743,2024-06-29,2024-07-16,H2,agencia,8,142.73,0,PE
TUR087-000744,2024-06-30,2024-08-04,H3,directo,11,190.55,1,CO
TUR087-000745,2024-06-30,2024-07-29,H1,plataforma,6,106.61,0,CL
TUR087-000746,2024-06-30,2024-10-04,H2,directo,7,158.87,0,PE
TUR087-000747,2024-06-30,2024-08-23,H3,plataforma,8,191.04,1,ES
TUR087-000748,2024-07-01,2024-11-19,H1,directo,7,,0,CL
TUR087-000749,2024-07-01,2024-09-07,H2,plataforma,6,154.46,0,ES
TUR087-000750,2024-07-01,2024-09-13,H3,agencia,4,197.94,0,CL
TUR087-000751,2024-07-01,2024-08-16,H1,agencia,3,98.01,0,CL
TUR087-000752,2024-07-01,2024-08-02,H2,plataforma,8,155.51,0,CL
TUR087-000753,2024-07-02,2024-07-07,H3,plataforma,3,198.92,0,CL
TUR087-000754,2024-07-02,2024-09-14,H1,agencia,8,103.18,0,ES
TUR087-000755,2024-07-02,2024-10-11,H2,directo,12,144.48,1,CO
TUR087-000756,2024-07-02,2024-10-17,H3,directo,3,198.67,1,CL
TUR087-000757,2024-07-03,2024-11-29,H1,directo,3,95.07,0,PE
TUR087-000758,2024-07-03,2024-07-16,H2,plataforma,12,147.67,0,CL
TUR087-000759,2024-07-03,2024-09-11,H3,agencia,10,196.67,1,CO
TUR087-000760,2024-07-03,2024-11-23,H1,agencia,10,97.8,0,CO
TUR087-000761,2024-07-04,2024-08-19,H2,directo,1,161.26,0,ES
TUR087-000762,2024-07-04,2024-08-22,H3,agencia,9,193.57,0,ES
TUR087-000763,2024-07-04,2024-09-02,H1,directo,9,94.61,0,CO
TUR087-000764,2024-07-04,2024-07-15,H2,agencia,3,156.46,1,CL
TUR087-000765,2024-07-05,2024-08-29,H3,agencia,12,183.35,0,ES
TUR087-000766,2024-07-05,2024-07-06,H1,agencia,1,102.36,0,PE
TUR087-000767,2024-07-05,2024-08-01,H2,agencia,12,140.27,1,CL
TUR087-000768,2024-07-05,2024-07-29,H3,plataforma,6,185.38,0,ES
TUR087-000769,2024-07-06,2024-09-05,H1,plataforma,7,109.57,1,CO
TUR087-000770,2024-07-06,2024-09-02,H2,plataforma,7,141.94,1,PE
TUR087-000771,2024-07-06,2024-10-05,H3,plataforma,2,191.56,0,CO
TUR087-000772,2024-07-06,2024-07-07,H1,agencia,11,106.63,0,ES
TUR087-000773,2024-07-07,2024-07-25,H2,plataforma,1,156.69,0,CL
TUR087-000774,2024-07-07,2024-08-17,H3,directo,7,194.98,0,PE
TUR087-000775,2024-07-07,2024-10-29,H1,plataforma,11,106.31,0,ES
TUR087-000776,2024-07-07,2024-07-24,H2,directo,10,148.96,0,ES
TUR087-000777,2024-07-08,2024-11-20,H3, AGENCIA ,4,188.56,0,CL
TUR087-000778,2024-07-08,2024-09-30,H1,agencia,8,97.98,0,CL
TUR087-000779,2024-02-30,2024-08-16,H2,plataforma,1,147.93,0,CO
TUR087-000780,2024-07-08,2024-11-26,H3,plataforma,11,186.41,1,PE
TUR087-000781,2024-07-09,2024-08-19,H1,agencia,1,114.95,0,CO
TUR087-000782,2024-07-09,2024-11-13,H2,directo,8,157.93,0,CO
TUR087-000783,2024-07-09,2024-10-12,H3,directo,3,191.5,0,PE
TUR087-000784,2024-07-09,2024-08-02,H1,plataforma,5,115.14,1,CO
TUR087-000785,2024-07-10,2024-10-10,H2,agencia,5,142.39,0,CO
TUR087-000786,2024-07-10,2024-10-04,H3,agencia,12,185.71,0,CL
TUR087-000787,2024-07-10,2024-08-10,H1,agencia,1,97.19,0,CO
TUR087-000788,2024-07-10,2024-08-04,H2,directo,10,136.96,0,CO
TUR087-000789,2024-07-11,2024-09-22,H3,plataforma,1,201.59,0,CL
TUR087-000790,2024-07-11,2024-08-10,H1,directo,11,113.67,0,PE
TUR087-000791,2024-07-11,2024-07-31,H2,directo,7,142.12,0,PE
TUR087-000792,2024-07-11,2024-07-28,H3,agencia,6,200.21,0,CO
TUR087-000793,2024-07-11,2024-09-07,H1,directo,9,111.24,0,PE
TUR087-000794,2024-07-12,2024-11-11,H2,directo,6,143.9,0,CO
TUR087-000795,2024-07-12,2024-09-15,H3,agencia,2,184.91,0,CL
TUR087-000796,2024-07-12,2024-07-17,H1,agencia,5,104.02,0,CL
TUR087-000797,2024-07-12,2024-09-30,H2,plataforma,3,146.01,0,ES
TUR087-000798,2024-07-13,2024-09-05,H3,agencia,7,190.71,0,CL
TUR087-000799,2024-07-13,2024-11-23,H1,plataforma,2,93.74,1,CO
TUR087-000800,2024-07-13,2024-07-18,H2,agencia,3,155.92,0,CO
TUR087-000801,2024-07-13,2024-08-28,H3,directo,1,196.79,0,CL
TUR087-000802,2024-07-14,2024-11-03,H1,plataforma,1,98.74,0,CO
TUR087-000803,2024-07-14,2024-07-24,H2,directo,7,137.79,1,ES
TUR087-000804,2024-07-14,2024-07-28,H3,agencia,1,193.52,0,ES
TUR087-000805,2024-07-14,2024-08-28,H1,directo,4,109.47,0,ES
TUR087-000806,2024-07-15,2024-10-27,H2,directo,7,139.25,0,CO
TUR087-000807,2024-07-15,2024-10-27,H3,directo,7,200.36,0,ES
TUR087-000808,2024-07-15,2024-07-24,H1,agencia,5,97.88,0,CL
TUR087-000809,2024-07-15,2024-07-29,H2,plataforma,9,144.16,0,ES
TUR087-000810,2024-07-16,2024-11-10,H3,plataforma,8,184.05,1,CO
TUR087-000811,2024-07-16,2024-12-13,H1,directo,6,109.31,0,PE
TUR087-000812,2024-07-16,2024-10-13,H2,directo,7,142.9,0,PE
TUR087-000813,2024-07-16,2024-11-06,H3,plataforma,10,184.02,1,CL
TUR087-000814,2024-07-17,2024-11-28,H1,plataforma,2,102.8,1,PE
TUR087-000815,2024-07-17,2024-11-30,H2,directo,1,143.27,0,PE
TUR087-000816,2024-07-17,2024-10-08,H3,agencia,6,201.68,0,PE
TUR087-000817,2024-07-17,2024-12-04,H1,plataforma,3,92.68,1,CO
TUR087-000818,2024-07-18,2024-07-27,H2,plataforma,4,144.83,0,ES
TUR087-000819,2024-07-18,2024-11-11,H3,directo,4,182.51,1,PE
TUR087-000820,2024-07-18,2024-09-26,H1,directo,6,93.47,0,PE
TUR087-000821,2024-07-18,2024-08-25,H2,agencia,4,150.09,0,ES
TUR087-000822,2024-07-19,2024-10-20,H3,directo,12,182.18,0,ES
TUR087-000823,2024-07-19,2024-09-07,H1,directo,10,94.53,0,CO
TUR087-000824,2024-07-19,2024-09-29,H2,directo,3,136.61,0,ES
TUR087-000825,2024-07-19,2024-12-03,H3,directo,7,195.36,1,CL
TUR087-000826,2024-07-20,2024-09-30,H1,agencia,9,100.75,1,CL
TUR087-000827,2024-07-20,2024-11-16,H2,agencia,8,149.52,1,CL
TUR087-000828,2024-07-20,2024-10-13,H3,agencia,5,181.75,0,PE
TUR087-000829,2024-07-20,2024-11-19,H1,directo,1,87.1,0,CL
TUR087-000830,2024-07-20,2024-08-01,H2,agencia,6,140.89,0,CO
TUR087-000831,2024-07-21,2024-08-02,H3,agencia,3,,0,CL
TUR087-000832,2024-07-21,2024-11-25,H1,plataforma,8,92.61,0,PE
TUR087-000833,2024-07-21,2024-10-12,H2,agencia,6,154.55,0,PE
TUR087-000834,2024-07-21,2024-07-31,H3,directo,9,192.71,0,CL
TUR087-000835,2024-07-22,2024-08-09,H1,plataforma,10,85.59,0,CO
TUR087-000836,2024-07-22,2024-08-29,H2,plataforma,9,150.44,0,ES
TUR087-000837,2024-07-22,2024-11-22,H3,plataforma,1,187.03,0,CO
TUR087-000838,2024-07-22,2024-11-08,H1,plataforma,11,96.59,1,CL
TUR087-000839,2024-07-23,2024-12-14,H2,directo,4,133.84,0,PE
TUR087-000840,2024-07-23,2024-08-04,H3,agencia,10,195.64,0,CO
TUR087-000841,2024-07-23,2024-11-12,H1,directo,9,103.25,1,CL
TUR087-000842,2024-07-23,2024-10-11,H2,plataforma,7,131.27,0,CL
TUR087-000843,2024-07-24,2024-10-03,H3,directo,10,190.71,0,CL
TUR087-000844,2024-07-24,2024-11-23,H1,directo,5,94.33,1,ES
TUR087-000845,2024-07-24,2024-09-15,H2,agencia,7,"145,85",0,ES
TUR087-000846,2024-07-24,2024-08-27,H3,agencia,11,187.09,0,CO
TUR087-000847,2024-07-25,2024-09-26,H1,directo,10,90.16,0,ES
TUR087-000848,2024-07-25,2024-09-29,H2,directo,9,139.34,0,ES
TUR087-000849,2024-07-25,2024-08-16,H3,plataforma,5,194.71,0,PE
TUR087-000850,2024-07-25,2024-08-28,H1,directo,12,107.79,0,PE
TUR087-000851,2024-07-26,2024-10-12,H2,directo,4,149.13,0,PE
TUR087-000852,2024-07-26,2024-08-06,H3,plataforma,10,192.57,0,PE
TUR087-000853,2024-07-26,2024-12-21,H1,agencia,6,102.91,0,CO
TUR087-000854,2024-07-26,2024-09-17,H2,plataforma,2,134.18,0,PE
TUR087-000855,2024-07-27,2024-08-05,H3,directo,7,183.04,0,CO
TUR087-000856,2024-07-27,2024-08-12,H1,agencia,4,100.03,0,PE
TUR087-000857,2024-07-27,2024-08-27,H2,agencia,11,145.11,0,PE
TUR087-000858,2024-07-27,2024-11-18,H3,directo,9,176.22,0,CL
TUR087-000859,2024-07-28,2024-09-22,H1,agencia,1,85.56,0,PE
TUR087-000860,2024-07-28,2024-12-11,H2,agencia,3,145.72,0,ES
TUR087-000861,2024-07-28,2024-10-20,H3,directo,7,175.49,0,ES
TUR087-000862,2024-07-28,2024-10-30,H1,plataforma,8,85.66,0,CO
TUR087-000863,2024-07-29,2024-12-25,H2,agencia,8,144.07,0,PE
TUR087-000864,2024-07-29,2024-09-11,H3,plataforma,8,187.59,0,ES
TUR087-000865,2024-07-29,2024-12-06,H1,plataforma,7,98.37,1,CL
TUR087-000866,2024-07-29,2024-10-18,H2,directo,6,148.77,0,CL
TUR087-000867,2024-07-30,2024-11-22,H3,plataforma,8,182.49,0,CO
TUR087-000868,2024-07-30,2024-10-26,H1,directo,5,101.46,1,PE
TUR087-000869,2024-07-30,2024-09-09,H2,directo,8,136.37,0,CL
TUR087-000870,2024-07-30,2024-12-16,H3,agencia,12,181.14,0,ES
TUR087-000871,2024-07-30,2024-08-09,H1,plataforma,10,82.55,0,CL
TUR087-000872,2024-07-31,2024-09-02,H2,directo,9,135.39,0,PE
TUR087-000873,2024-07-31,2024-12-21,H3,directo,11,186.02,1,ES
TUR087-000874,2024-07-31,2024-10-07,H1, PLATAFORMA ,9,87.59,1,ES
TUR087-000875,2024-07-31,2024-09-15,H2,agencia,4,129.38,0,PE
TUR087-000876,2024-08-01,2024-08-09,H3,directo,4,190.64,1,CO
TUR087-000877,2024-08-01,2024-10-28,H1,agencia,4,86.28,0,PE
TUR087-000878,2024-08-01,2024-10-24,H2,directo,6,149.51,1,CO
TUR087-000879,2024-08-01,2024-09-27,H3,plataforma,4,188.36,0,CL
TUR087-000880,2024-08-02,2024-10-02,H1,plataforma,9,97.6,0,CO
TUR087-000881,2024-08-02,2024-11-25,H2,plataforma,6,131.16,1,ES
TUR087-000882,2024-08-02,2024-12-06,H3,directo,8,187.4,1,CL
TUR087-000883,2024-08-02,2024-08-06,H1,plataforma,10,81.63,0,PE
TUR087-000884,2024-08-03,2024-11-16,H2,plataforma,9,143.36,1,PE
TUR087-000885,2024-08-03,2024-11-24,H3,directo,5,185.76,0,PE
TUR087-000886,2024-08-03,2024-08-27,H1,agencia,4,102.69,0,PE
TUR087-000887,2024-08-03,2024-09-19,H2,agencia,10,130.23,0,CL
TUR087-000888,2024-08-04,2024-12-18,H3,plataforma,8,180.42,0,PE
TUR087-000889,2024-08-04,2024-09-07,H1,agencia,8,101.78,1,CO
TUR087-000890,2024-08-04,2024-12-06,H2,directo,11,126.17,0,CL
TUR087-000891,2024-08-04,2024-08-14,H3,agencia,8,190.72,0,PE
TUR087-000892,2024-08-05,2024-09-10,H1,directo,5,84.41,0,CO
TUR087-000893,2024-08-05,2024-08-20,H2,agencia,5,138.33,0,CO
TUR087-000894,2024-08-05,2024-08-18,H3,plataforma,12,187.72,0,PE
TUR087-000895,2024-08-05,2024-11-06,H1,directo,2,85.01,0,ES
TUR087-000896,2024-08-06,2024-09-21,H2,agencia,5,126.79,0,ES
TUR087-000897,2024-08-06,2024-10-25,H3,directo,6,185.48,0,PE
TUR087-000898,2024-08-06,2024-10-09,H1,agencia,2,95.92,0,CL
TUR087-000899,2024-08-06,2024-12-02,H2,directo,12,141.08,0,CL
TUR087-000900,2024-08-07,2024-09-14,H3,agencia,3,181.51,0,PE
TUR087-000901,2024-08-07,2024-09-24,H1,plataforma,9,87.54,1,CL
TUR087-000902,2024-08-07,2024-11-07,H2,plataforma,1,133.21,0,ES
TUR087-000903,2024-08-07,2024-08-31,H3,plataforma,1,174.62,0,ES
TUR087-000904,2024-08-08,2024-10-23,H1,plataforma,8,95.68,0,CL
TUR087-000905,2024-08-08,2024-12-01,H2,directo,12,142.47,0,CL
TUR087-000906,2024-08-08,2024-11-04,H3,directo,12,172.07,0,PE
TUR087-000907,2024-08-08,2024-11-27,H1,plataforma,3,86.41,1,CO
TUR087-000908,2024-08-09,2024-09-25,H2,directo,11,141.89,0,ES
TUR087-000909,2024-08-09,2024-10-07,H3,plataforma,1,175.8,0,CO
TUR087-000910,2024-08-09,2024-10-30,H1,directo,5,78.37,0,PE
TUR087-000911,2024-08-09,2024-08-31,H2,plataforma,6,133.58,0,PE
TUR087-000912,2024-08-09,2024-08-17,H3,directo,11,173.33,0,PE
TUR087-000913,2024-08-10,2024-10-23,H1,agencia,6,81.2,0,CL
TUR087-000914,2024-08-10,2025-01-05,H2,directo,6,,0,PE
TUR087-000915,2024-08-10,2024-09-15,H3,plataforma,6,188.13,0,PE
TUR087-000916,2024-08-10,2024-09-26,H1,agencia,6,80.23,0,CL
TUR087-000917,2024-08-11,2025-01-06,H2,plataforma,11,132.39,1,PE
TUR087-000918,2024-08-11,2024-12-12,H3,agencia,7,183.99,0,CL
TUR087-000919,2024-08-11,2024-11-06,H1,plataforma,5,89.61,0,CL
TUR087-000920,2024-08-11,2024-10-23,H2,agencia,7,142.49,0,PE
TUR087-000921,2024-08-12,2024-09-27,H3,plataforma,11,169.71,1,CL
TUR087-000922,2024-08-12,2024-10-17,H1,directo,2,99.86,0,ES
TUR087-000923,2024-08-12,2024-08-15,H2,directo,3,124.4,0,PE
TUR087-000924,2024-08-12,2024-08-15,H3,agencia,7,173.98,0,CL
TUR087-000925,2024-08-13,2024-09-16,H1,directo,3,91.35,0,ES
TUR087-000926,2024-08-13,2024-12-29,H2,plataforma,3,133.53,0,CO
TUR087-000927,2024-08-13,2024-12-14,H3,plataforma,4,185.85,0,ES
TUR087-000928,2024-08-13,2024-08-31,H1,agencia,8,88.22,0,ES
TUR087-000929,2024-08-14,2024-08-31,H2,plataforma,12,122.53,0,PE
TUR087-000930,2024-08-14,2024-12-19,H3,plataforma,1,167.37,1,CL
TUR087-000931,2024-08-14,2024-11-16,H1,agencia,11,91.09,0,PE
TUR087-000932,2024-08-14,2024-12-27,H2,directo,5,123.07,0,CL
TUR087-000933,2024-08-15,2024-10-28,H3,agencia,6,171.96,0,CL
TUR087-000934,2024-08-15,2024-12-14,H1,directo,3,93.01,0,CL
TUR087-000935,2024-08-15,2025-01-01,H2,directo,9,121.54,0,CL
TUR087-000936,2024-08-15,2024-11-18,H3,agencia,9,186.29,0,CL
TUR087-000937,2024-08-16,2024-09-01,H1,plataforma,3,83.56,0,CL
TUR087-000938,2024-08-16,2024-08-28,H2,agencia,1,126.36,0,PE
TUR087-000939,2024-08-16,2024-10-02,H3,agencia,10,184.84,0,CL
TUR087-000940,2024-08-16,2024-08-30,H1,plataforma,7,89.72,0,CO
TUR087-000941,2024-08-17,2024-09-20,H2,directo,9,126.16,0,PE
TUR087-000942,2024-08-17,2024-11-22,H3,plataforma,11,166.99,1,ES
TUR087-000943,2024-08-17,2024-12-28,H1,directo,1,89.05,1,CL
TUR087-000944,2024-08-17,2024-11-30,H2,agencia,3,136.98,0,ES
TUR087-000945,2024-08-18,2024-09-07,H3,directo,9,182.28,0,CO
TUR087-000946,2024-08-18,2024-11-09,H1,directo,11,78.9,0,PE
TUR087-000947,2024-08-18,2024-12-19,H2,plataforma,7,134.83,1,CL
TUR087-000948,2024-08-18,2024-09-01,H3,plataforma,2,180.73,0,CO
TUR087-000949,2024-08-18,2024-11-15,H1,agencia,5,76.68,0,ES
TUR087-000950,2024-08-19,2024-08-24,H2,plataforma,7,128.36,0,CO
TUR087-000951,2024-08-19,2024-12-23,H3,plataforma,10,163.83,0,PE
TUR087-000952,2024-08-19,2024-11-15,H1,plataforma,11,86.26,0,PE
TUR087-000953,2024-08-19,2024-12-17,H2,directo,5,133.54,0,CO
TUR087-000954,2024-08-20,2025-01-05,H3,directo,9,179.82,1,ES
TUR087-000955,2024-08-20,2024-09-14,H1,agencia,3,82.08,0,CL
TUR087-000956,2024-08-20,2024-10-13,H2,agencia,10,140.84,1,CL
TUR087-000957,2024-08-20,2024-08-24,H3,agencia,2,173.24,0,PE
TUR087-000958,2024-08-21,2024-11-15,H1,plataforma,10,88.76,0,CL
TUR087-000959,2024-08-21,2024-11-13,H2,agencia,2,132.98,0,ES
TUR087-000960,2024-08-21,2024-10-20,H3,directo,4,171.17,1,ES
TUR087-000961,2024-08-21,2024-10-19,H1,directo,1,73.03,0,ES
TUR087-000962,2024-08-22,2024-11-10,H2,directo,8,138.65,1,ES
TUR087-000963,2024-08-22,2024-09-07,H3,plataforma,3,182.43,0,PE
TUR087-000964,2024-08-22,2024-10-16,H1,plataforma,3,75.07,0,ES
TUR087-000965,2024-08-22,2024-08-30,H2,plataforma,8,135.1,0,CL
TUR087-000966,2024-08-23,2024-12-16,H3,agencia,3,161.87,0,ES
TUR087-000967,2024-08-23,2024-12-31,H1,plataforma,6,84.85,0,PE
TUR087-000968,2024-08-23,2024-11-27,H2,plataforma,6,120.85,0,ES
TUR087-000969,2024-08-23,2024-12-08,H3,directo,12,182.55,0,PE
TUR087-000970,2024-08-24,2024-09-03,H1,directo,10,92.98,0,PE
TUR087-000971,2024-08-24,2024-12-05,H2, AGENCIA ,11,128.4,0,CO
TUR087-000972,2024-08-24,2025-01-07,H3,directo,2,182.8,1,PE
TUR087-000973,2024-08-24,2024-10-11,H1,agencia,12,71.35,0,PE
TUR087-000974,2024-08-25,2024-09-19,H2,plataforma,7,122.34,0,PE
TUR087-000975,2024-08-25,2024-09-26,H3,plataforma,11,172.13,1,CO
TUR087-000976,2024-08-25,2024-11-10,H1,directo,11,71.37,1,CL
TUR087-000977,2024-08-25,2024-12-11,H2,agencia,1,122.92,0,ES
TUR087-000978,2024-08-26,2024-12-08,H3,plataforma,8,178.67,0,CL
TUR087-000979,2024-08-26,2024-10-10,H1,directo,6,79.22,0,PE
TUR087-000980,2024-08-26,2024-12-16,H2,directo,1,124.55,0,ES
TUR087-000981,2024-08-26,2024-10-18,H3,agencia,6,162.38,0,PE
TUR087-000982,2024-08-27,2025-01-05,H1,plataforma,5,95.11,0,ES
TUR087-000983,2024-08-27,2024-10-10,H2,plataforma,12,130.77,1,CL
TUR087-000984,2024-08-27,2024-10-29,H3,plataforma,9,161.23,1,CO
TUR087-000985,2024-08-27,2024-12-29,H1,agencia,9,80.72,0,PE
TUR087-000986,2024-08-28,2024-10-28,H2,agencia,3,121.14,0,CL
TUR087-000987,2024-08-28,2024-10-20,H3,plataforma,12,170.66,0,ES
TUR087-000988,2024-08-28,2024-12-16,H1,directo,12,86.34,0,ES
TUR087-000989,2024-08-28,2024-11-13,H2,directo,5,115.09,1,PE
TUR087-000990,2024-08-28,2024-10-04,H3,plataforma,2,174.4,0,PE
TUR087-000991,2024-08-29,2024-10-22,H1,agencia,2,90.7,0,PE
TUR087-000992,2024-08-29,2024-09-02,H2,plataforma,2,123.25,0,CL
TUR087-000993,2024-08-29,2024-10-03,H3,plataforma,7,165.5,0,PE
TUR087-000994,2024-08-29,2024-09-26,H1,agencia,1,78.38,0,CO
TUR087-000995,2024-08-30,2025-01-01,H2,plataforma,12,118.36,1,CL
TUR087-000996,2024-08-30,2024-12-17,H3,agencia,5,165.93,0,CL
TUR087-000997,2024-08-30,2024-10-25,H1,directo,3,,0,CL
TUR087-000998,2024-08-30,2024-12-11,H2,directo,8,128.63,1,PE
TUR087-000999,2024-08-31,2024-12-29,H3,plataforma,8,167.07,0,CL
TUR087-001000,2024-08-31,2024-11-30,H1,plataforma,2,90.41,0,CL
TUR087-001001,2024-08-31,2024-11-14,H2,agencia,1,120.82,0,PE
TUR087-001002,2024-08-31,2024-10-28,H3,plataforma,9,171.57,0,CL
TUR087-001003,2024-09-01,2025-01-10,H1,directo,2,88.94,1,CO
TUR087-001004,2024-09-01,2025-01-07,H2,directo,9,120.69,0,CL
TUR087-001005,2024-09-01,2024-12-14,H3,agencia,6,161.21,0,CL
TUR087-001006,2024-09-01,2024-11-30,H1,plataforma,8,83.98,0,ES
TUR087-001007,2024-09-02,2024-10-11,H2,directo,11,117.58,0,ES
TUR087-001008,2024-09-02,2024-11-30,H3,plataforma,6,158.91,0,ES
TUR087-001009,2024-09-02,2025-01-21,H1,plataforma,11,84.46,0,ES
TUR087-001010,2024-09-02,2024-10-17,H2,plataforma,2,127.38,0,CO
TUR087-001011,2024-09-03,2024-10-20,H3,plataforma,9,182.04,0,CL
TUR087-001012,2024-09-03,2025-01-25,H1,agencia,3,82.82,1,CL
TUR087-001013,2024-09-03,2025-01-28,H2,agencia,8,114.82,0,PE
TUR087-001014,2024-09-03,2024-11-10,H3,agencia,10,165.14,0,CL
TUR087-001015,2024-09-04,2025-01-15,H1,plataforma,6,80.09,0,PE
TUR087-001016,2024-09-04,2025-01-03,H2,directo,2,120.39,0,CL
TUR087-001017,2024-09-04,2025-01-03,H3,directo,7,178.52,0,CO
TUR087-001018,2024-09-04,2025-01-01,H1,plataforma,4,83.56,1,PE
TUR087-001019,2024-09-05,2024-12-02,H2,plataforma,9,125.13,0,CL
TUR087-001020,2024-09-05,2024-09-29,H3,agencia,9,180.99,0,ES
TUR087-001021,2024-09-05,2024-12-14,H1,plataforma,5,75.48,0,PE
TUR087-001022,2024-09-05,2024-12-08,H2,directo,7,120.91,0,PE
TUR087-001023,2024-09-06,2024-09-19,H3,plataforma,5,171.76,0,PE
TUR087-001024,2024-09-06,2024-11-11,H1,directo,7,88.23,0,CL
TUR087-001025,2024-09-06,2024-11-26,H2,agencia,11,136.64,0,ES
TUR087-001026,2024-09-06,2024-09-07,H3,plataforma,8,164.98,0,CO
TUR087-001027,2024-09-07,2025-01-27,H1,plataforma,10,83.98,0,ES
TUR087-001028,2024-09-07,2025-01-23,H2,plataforma,6,129.07,1,PE
TUR087-001029,2024-09-07,2024-12-16,H3,agencia,12,177.0,0,ES
TUR087-001030,2024-09-07,2024-09-21,H1,directo,1,71.33,0,CL
TUR087-001031,2024-09-07,2024-10-20,H2,plataforma,8,129.92,0,CL
TUR087-001032,2024-09-08,2025-01-27,H3,plataforma,5,158.6,0,PE
TUR087-001033,2024-09-08,2024-12-05,H1,agencia,2,71.07,0,CL
TUR087-001034,2024-09-08,2024-12-17,H2,directo,4,122.97,0,PE
TUR087-001035,2024-09-08,2024-10-09,H3,plataforma,5,168.09,0,PE
TUR087-001036,2024-09-09,2025-02-01,H1,plataforma,10,72.25,0,PE
TUR087-001037,2024-09-09,2024-10-27,H2,agencia,4,115.99,0,CO
TUR087-001038,2024-09-09,2024-09-29,H3,directo,12,161.18,0,ES
TUR087-001039,2024-09-09,2025-01-17,H1,agencia,1,87.27,0,ES
TUR087-001040,2024-09-10,2025-01-06,H2,plataforma,12,129.87,0,ES
TUR087-001041,2024-09-10,2024-10-01,H3,plataforma,5,181.19,0,CL
TUR087-001042,2024-09-10,2024-10-24,H1,directo,2,71.44,0,CO
TUR087-001043,2024-09-10,2024-09-17,H2,directo,7,113.1,0,ES
TUR087-001044,2024-09-11,2024-12-01,H3,plataforma,3,161.21,1,CL
TUR087-001045,2024-09-11,2024-10-11,H1,agencia,10,70.95,0,PE
TUR087-001046,2024-09-11,2024-11-17,H2,plataforma,12,118.98,0,CL
TUR087-001047,2024-09-11,2025-02-02,H3,plataforma,3,179.64,0,PE
TUR087-001048,2024-09-12,2024-12-20,H1,directo,3,80.38,0,CL
TUR087-001049,2024-09-12,2025-01-03,H2,plataforma,8,129.14,0,CL
TUR087-001050,2024-09-12,2024-10-21,H3,agencia,12,179.2,0,CL
TUR087-001051,2024-09-12,2024-11-12,H1,plataforma,9,88.91,0,ES
TUR087-001052,2024-09-13,2024-11-22,H2,agencia,1,126.66,0,CO
TUR087-001053,2024-09-13,2024-10-11,H3,plataforma,5,176.2,1,CO
TUR087-001054,2024-09-13,2024-10-18,H1,directo,9,88.38,0,CO
TUR087-001055,2024-09-13,2025-01-19,H2,plataforma,3,116.51,0,ES
TUR087-001056,2024-09-14,2024-10-02,H3,agencia,9,"180,2",0,CO
TUR087-001057,2024-09-14,2024-10-07,H1,directo,3,89.7,0,PE
TUR087-001058,2024-09-14,2024-10-24,H2,directo,8,124.97,0,CO
TUR087-001059,2024-09-14,2024-11-18,H3,plataforma,7,168.38,0,CL
TUR087-001060,2024-09-15,2024-10-27,H1,directo,8,70.08,0,PE
TUR087-001061,2024-09-15,2024-09-20,H2,directo,12,125.1,0,PE
TUR087-001062,2024-09-15,2025-02-09,H3,plataforma,9,160.51,0,ES
TUR087-001063,2024-09-15,2024-12-21,H1,directo,9,87.23,0,ES
TUR087-001064,2024-09-16,2024-12-12,H2,directo,2,119.21,0,CO
TUR087-001065,2024-09-16,2024-10-04,H3,plataforma,11,175.05,1,ES
TUR087-001066,2024-09-16,2024-10-21,H1,directo,9,78.35,1,ES
TUR087-001067,2024-09-16,2024-11-28,H2,agencia,7,135.56,0,ES
TUR087-001068,2024-09-16,2025-02-12,H3, DIRECTO ,5,166.96,1,CL
TUR087-001069,2024-09-17,2024-10-17,H1,directo,5,65.95,0,CL
TUR087-001070,2024-09-17,2025-02-12,H2,plataforma,4,126.61,0,PE
TUR087-001071,2024-09-17,2024-10-07,H3,directo,2,172.27,0,CO
TUR087-001072,2024-09-17,2024-11-19,H1,agencia,11,68.29,1,PE
TUR087-001073,2024-09-18,2024-11-30,H2,plataforma,9,133.35,1,ES
TUR087-001074,2024-09-18,2025-01-07,H3,plataforma,1,169.02,0,CL
TUR087-001075,2024-09-18,2024-09-24,H1,agencia,3,71.22,0,PE
TUR087-001076,2024-09-18,2025-02-14,H2,agencia,1,127.75,1,CO
TUR087-001077,2024-09-19,2024-11-09,H3,directo,10,179.5,0,CO
TUR087-001078,2024-09-19,2024-10-08,H1,directo,8,66.19,0,CL
TUR087-001079,2024-09-19,2024-10-22,H2,plataforma,1,132.82,1,PE
TUR087-001080,2024-09-19,2024-11-17,H3,agencia,12,,0,CL
TUR087-001081,2024-09-20,2024-10-05,H1,directo,7,83.61,1,ES
TUR087-001082,2024-09-20,2024-11-17,H2,agencia,6,122.89,0,CL
TUR087-001083,2024-09-20,2024-10-23,H3,plataforma,7,168.51,0,CO
TUR087-001084,2024-09-20,2024-11-25,H1,agencia,10,67.52,0,CL
TUR087-001085,2024-09-21,2025-01-06,H2,agencia,9,124.97,0,CO
TUR087-001086,2024-09-21,2024-09-25,H3,plataforma,10,180.22,0,PE
TUR087-001087,2024-09-21,2024-12-08,H1,plataforma,4,81.4,1,PE
TUR087-001088,2024-09-21,2024-10-15,H2,directo,1,132.58,0,ES
TUR087-001089,2024-09-22,2025-01-26,H3,directo,11,165.87,1,PE
TUR087-001090,2024-09-22,2024-10-27,H1,plataforma,5,89.18,1,CL
TUR087-001091,2024-09-22,2024-12-15,H2,agencia,5,130.73,0,PE
TUR087-001092,2024-09-22,2025-02-06,H3,agencia,2,156.12,0,CO
TUR087-001093,2024-09-23,2024-11-27,H1,plataforma,10,85.25,0,ES
TUR087-001094,2024-09-23,2025-02-05,H2,directo,12,116.87,0,PE
TUR087-001095,2024-09-23,2024-10-21,H3,agencia,2,177.3,0,PE
TUR087-001096,2024-09-23,2024-12-06,H1,directo,8,72.84,1,CO
TUR087-001097,2024-09-24,2024-11-07,H2,agencia,5,111.61,0,PE
TUR087-001098,2024-09-24,2024-12-14,H3,plataforma,12,155.99,0,PE
TUR087-001099,2024-09-24,2024-12-19,H1,directo,6,85.66,0,PE
TUR087-001100,2024-09-24,2025-02-04,H2,agencia,12,123.7,0,CO
TUR087-001101,2024-09-25,2024-12-28,H3,agencia,4,178.84,0,CO
TUR087-001102,2024-09-25,2024-12-04,H1,agencia,10,68.04,0,PE
TUR087-001103,2024-09-25,2025-02-06,H2,agencia,2,132.63,1,ES
TUR087-001104,2024-09-25,2024-10-11,H3,agencia,3,156.46,0,PE
TUR087-001105,2024-09-26,2024-12-30,H1,plataforma,1,89.7,1,CL
TUR087-001106,2024-09-26,2025-01-08,H2,directo,4,120.96,0,PE
TUR087-001107,2024-09-26,2024-11-18,H3,plataforma,11,169.3,0,CL
TUR087-001108,2024-09-26,2025-01-03,H1,plataforma,12,74.1,0,PE
TUR087-001109,2024-09-26,2024-11-25,H2,directo,2,132.02,0,PE
TUR087-001110,2024-09-27,2025-01-18,H3,directo,12,178.25,0,CL
TUR087-001111,2024-09-27,2025-02-12,H1,directo,1,68.77,0,CL
TUR087-001112,2024-09-27,2024-12-07,H2,directo,8,117.89,0,CL
TUR087-001113,2024-09-27,2024-11-05,H3,agencia,5,167.59,0,CL
TUR087-001114,2024-09-28,2025-02-15,H1,plataforma,9,74.43,0,CL
TUR087-001115,2024-09-28,2024-11-02,H2,directo,1,112.65,0,PE
TUR087-001116,2024-09-28,2024-12-18,H3,plataforma,9,167.0,0,CL
TUR087-001117,2024-09-28,2024-11-18,H1,agencia,7,66.87,0,CO
TUR087-001118,2024-09-29,2024-10-04,H2,plataforma,9,129.12,0,ES
TUR087-001119,2024-09-29,2024-11-27,H3,agencia,10,156.63,0,ES
TUR087-001120,2024-09-29,2024-10-04,H1,directo,3,72.21,0,CL
TUR087-001121,2024-09-29,2024-11-08,H2,directo,3,121.16,0,CO
TUR087-001122,2024-09-30,2024-10-01,H3,agencia,1,168.51,0,CO
TUR087-001123,2024-09-30,2025-01-30,H1,agencia,3,78.14,0,ES
TUR087-001124,2024-09-30,2024-10-13,H2,agencia,12,110.45,1,ES
TUR087-001125,2024-09-30,2025-01-26,H3,agencia,6,167.54,1,PE
TUR087-001126,2024-10-01,2025-01-30,H1,plataforma,3,85.2,1,CL
TUR087-001127,2024-10-01,2025-01-03,H2,directo,1,120.19,0,CL
TUR087-001128,2024-10-01,2025-01-31,H3,plataforma,4,176.97,1,CO
TUR087-001129,2024-10-01,2024-10-29,H1,agencia,3,75.97,1,CO
TUR087-001130,2024-10-02,2024-11-22,H2,agencia,5,112.06,0,CO
TUR087-001131,2024-10-02,2025-01-28,H3,plataforma,4,157.49,1,CO
TUR087-001132,2024-10-02,2024-11-02,H1,agencia,6,88.09,0,PE
TUR087-001133,2024-10-02,2025-02-17,H2,agencia,5,125.89,0,CO
TUR087-001134,2024-10-03,2024-11-24,H3,plataforma,9,159.28,0,CL
TUR087-001135,2024-10-03,2024-10-29,H1,agencia,9,83.38,0,CO
TUR087-001136,2024-10-03,2024-10-16,H2,directo,2,118.91,0,CO
TUR087-001137,2024-10-03,2024-11-14,H3,directo,1,169.57,0,CO
TUR087-001138,2024-10-04,2024-11-23,H1,agencia,3,82.16,0,CO
TUR087-001139,2024-10-04,2024-12-05,H2,agencia,1,120.62,0,CL
TUR087-001140,2024-10-04,2024-11-12,H3,agencia,6,170.08,0,PE
TUR087-001141,2024-10-04,2025-02-19,H1,directo,4,84.74,0,PE
TUR087-001142,2024-10-05,2025-02-07,H2,plataforma,3,130.27,1,ES
TUR087-001143,2024-10-05,2024-10-22,H3,plataforma,7,180.05,0,CO
TUR087-001144,2024-10-05,2025-01-11,H1,agencia,4,74.96,0,PE
TUR087-001145,2024-10-05,2024-10-09,H2,plataforma,7,124.74,0,CO
TUR087-001146,2024-10-05,2024-12-04,H3,agencia,9,170.68,0,CO
TUR087-001147,2024-10-06,2024-12-25,H1,plataforma,9,67.43,1,PE
TUR087-001148,2024-10-06,2024-10-28,H2,directo,11,121.82,0,PE
TUR087-001149,2024-10-06,2025-01-19,H3,agencia,11,172.5,0,CO
TUR087-001150,2024-10-06,2025-02-26,H1,agencia,12,76.24,0,ES
TUR087-001151,2024-10-07,2025-01-11,H2,plataforma,8,129.02,0,CO
TUR087-001152,2024-10-07,2025-02-23,H3,agencia,3,165.91,0,CL
TUR087-001153,2024-10-07,2024-10-09,H1,agencia,1,84.62,0,CO
TUR087-001154,2024-10-07,2025-01-19,H2,directo,4,130.0,0,CL
TUR087-001155,2024-10-08,2025-01-11,H3,agencia,6,158.56,0,PE
TUR087-001156,2024-10-08,2025-02-20,H1,agencia,8,87.9,0,PE
TUR087-001157,2024-10-08,2024-12-15,H2,directo,7,128.02,0,PE
TUR087-001158,2024-10-08,2025-01-02,H3,agencia,1,160.84,1,ES
TUR087-001159,2024-10-09,2024-11-17,H1,plataforma,4,74.85,0,ES
TUR087-001160,2024-10-09,2025-02-26,H2,agencia,2,124.17,0,ES
TUR087-001161,2024-10-09,2024-12-10,H3,plataforma,2,178.0,0,ES
TUR087-001162,2024-10-09,2024-12-09,H1,directo,3,67.3,1,CO
TUR087-001163,2024-10-10,2025-01-24,H2,directo,9,,0,PE
TUR087-001164,2024-10-10,2025-02-05,H3,plataforma,8,172.81,1,PE
TUR087-001165,2024-10-10,2024-11-10,H1, AGENCIA ,11,79.96,0,ES
TUR087-001166,2024-10-10,2025-01-19,H2,agencia,1,114.18,0,ES
TUR087-001167,2024-10-11,2024-11-23,H3,plataforma,2,174.14,0,ES
TUR087-001168,2024-02-30,2025-01-02,H1,agencia,8,77.57,0,PE
TUR087-001169,2024-10-11,2025-02-28,H2,agencia,11,134.39,0,CL
TUR087-001170,2024-10-11,2025-02-28,H3,agencia,12,175.37,0,CO
TUR087-001171,2024-10-12,2025-02-18,H1,directo,7,73.12,0,ES
TUR087-001172,2024-10-12,2024-11-01,H2,agencia,6,132.42,0,CO
TUR087-001173,2024-10-12,2025-01-13,H3,plataforma,2,173.8,0,PE
TUR087-001174,2024-10-12,2024-11-29,H1,agencia,3,75.52,0,ES
TUR087-001175,2024-10-13,2024-10-28,H2,directo,7,130.78,0,ES
TUR087-001176,2024-10-13,2024-11-02,H3,agencia,1,162.64,0,CL
TUR087-001177,2024-10-13,2025-01-01,H1,agencia,11,78.79,0,CO
TUR087-001178,2024-10-13,2025-02-03,H2,directo,6,120.08,0,CL
TUR087-001179,2024-10-14,2025-02-01,H3,plataforma,5,158.67,0,CL
TUR087-001180,2024-10-14,2024-10-23,H1,agencia,6,85.51,0,CL
TUR087-001181,2024-10-14,2024-12-30,H2,directo,11,112.66,0,PE
TUR087-001182,2024-10-14,2024-11-12,H3,directo,11,170.28,1,CO
TUR087-001183,2024-10-15,2024-10-20,H1,agencia,5,84.33,0,CO
TUR087-001184,2024-10-15,2024-11-16,H2,directo,12,128.98,0,CL
TUR087-001185,2024-10-15,2024-11-17,H3,plataforma,4,169.78,0,ES
TUR087-001186,2024-10-15,2024-11-06,H1,plataforma,12,80.03,0,CL
TUR087-001187,2024-10-15,2024-10-16,H2,agencia,8,116.73,0,CL
TUR087-001188,2024-10-16,2024-11-07,H3,plataforma,11,177.9,0,ES
TUR087-001189,2024-10-16,2024-10-26,H1,agencia,10,72.31,0,CO
TUR087-001190,2024-10-16,2025-02-06,H2,agencia,4,125.0,0,CL
TUR087-001191,2024-10-16,2024-12-29,H3,directo,2,164.24,0,ES
TUR087-001192,2024-10-17,2025-01-02,H1,directo,10,68.53,0,PE
TUR087-001193,2024-10-17,2025-02-26,H2,agencia,5,125.06,0,CO
TUR087-001194,2024-10-17,2025-02-07,H3,agencia,1,172.57,0,CO
TUR087-001195,2024-10-17,2025-01-02,H1,plataforma,1,67.84,0,CL
TUR087-001196,2024-10-18,2024-12-18,H2,plataforma,4,111.51,0,PE
TUR087-001197,2024-10-18,2025-01-20,H3,plataforma,1,159.12,0,ES
TUR087-001198,2024-10-18,2025-01-12,H1,agencia,1,87.85,1,PE
TUR087-001199,2024-10-18,2025-02-10,H2,directo,5,133.8,0,CL
TUR087-001200,2024-10-19,2024-11-16,H3,agencia,2,158.14,1,ES
TUR087-001201,2024-10-19,2025-02-28,H1,agencia,12,72.55,0,ES
TUR087-001202,2024-10-19,2024-12-20,H2,plataforma,2,135.42,0,PE
TUR087-001203,2024-10-19,2024-12-21,H3,directo,9,156.86,0,CO
TUR087-001204,2024-10-20,2025-01-27,H1,plataforma,6,73.16,0,CL
TUR087-001205,2024-10-20,2025-01-13,H2,plataforma,6,117.84,1,ES
TUR087-001206,2024-10-20,2025-03-05,H3,plataforma,2,164.93,0,PE
TUR087-001207,2024-10-20,2024-11-02,H1,plataforma,9,81.84,0,CL
TUR087-001208,2024-10-21,2024-10-25,H2,agencia,8,115.83,0,ES
TUR087-001209,2024-10-21,2025-02-20,H3,directo,9,177.3,0,CL
TUR087-001210,2024-10-21,2025-01-14,H1,plataforma,3,74.06,0,CO
TUR087-001211,2024-10-21,2024-12-21,H2,plataforma,10,118.88,0,ES
TUR087-001212,2024-10-22,2025-03-13,H3,plataforma,1,175.47,0,PE
TUR087-001213,2024-10-22,2025-03-09,H1,directo,9,86.76,0,CO
TUR087-001214,2024-10-22,2024-11-23,H2,agencia,1,127.82,0,CO
TUR087-001215,2024-10-22,2024-11-19,H3,directo,1,173.2,0,PE
TUR087-001216,2024-10-23,2025-03-10,H1,plataforma,6,75.36,1,CO
TUR087-001217,2024-10-23,2024-11-05,H2,agencia,1,126.93,0,CL
TUR087-001218,2024-10-23,2024-11-18,H3,agencia,8,169.32,0,CL
TUR087-001219,2024-10-23,2025-01-08,H1,agencia,12,71.31,0,PE
TUR087-001220,2024-10-24,2025-03-18,H2,directo,8,121.67,1,ES
TUR087-001221,2024-10-24,2025-03-19,H3,directo,11,162.98,0,CL
TUR087-001222,2024-10-24,2025-01-10,H1,plataforma,1,69.14,0,CO
TUR087-001223,2024-10-24,2024-12-16,H2,agencia,8,128.95,0,ES
TUR087-001224,2024-10-25,2025-02-12,H3,agencia,12,163.28,0,ES
TUR087-001225,2024-10-25,2024-11-28,H1,plataforma,6,81.28,0,CO
TUR087-001226,2024-10-25,2024-11-22,H2,plataforma,7,131.29,0,CO
TUR087-001227,2024-10-25,2024-11-10,H3,agencia,7,161.24,0,ES
TUR087-001228,2024-10-25,2025-01-25,H1,plataforma,1,87.71,0,ES
TUR087-001229,2024-10-26,2025-01-01,H2,agencia,7,126.14,0,PE
TUR087-001230,2024-10-26,2024-11-15,H3,plataforma,2,162.64,0,ES
TUR087-001231,2024-10-26,2024-11-01,H1,plataforma,4,77.78,0,ES
TUR087-001232,2024-10-26,2025-01-31,H2,plataforma,5,119.23,1,ES
TUR087-001233,2024-10-27,2024-11-16,H3,directo,3,166.79,0,PE
TUR087-001234,2024-10-27,2024-11-04,H1,directo,1,81.68,0,CO
TUR087-001235,2024-10-27,2024-12-05,H2,directo,8,120.97,0,CO
TUR087-001236,2024-10-27,2024-11-26,H3,directo,3,170.26,0,CO
TUR087-001237,2024-10-28,2025-02-04,H1,agencia,12,76.57,0,ES
TUR087-001238,2024-10-28,2024-11-29,H2,agencia,5,118.85,0,CL
TUR087-001239,2024-10-28,2024-11-20,H3,agencia,10,163.96,0,CL
TUR087-001240,2024-10-28,2024-12-06,H1,directo,7,72.3,0,PE
TUR087-001241,2024-10-29,2024-12-07,H2,plataforma,1,127.41,0,ES
TUR087-001242,2024-10-29,2025-01-15,H3,directo,11,176.47,0,ES
TUR087-001243,2024-10-29,2025-03-27,H1,plataforma,9,71.23,1,CL
TUR087-001244,2024-10-29,2024-12-25,H2,agencia,9,121.49,0,CO
TUR087-001245,2024-10-30,2025-03-02,H3,plataforma,12,166.31,0,ES
TUR087-001246,2024-10-30,2024-11-18,H1,directo,3,,0,CL
TUR087-001247,2024-10-30,2024-12-23,H2,plataforma,7,114.13,0,PE
TUR087-001248,2024-10-30,2025-02-20,H3,agencia,6,178.01,0,ES
TUR087-001249,2024-10-31,2025-01-04,H1,plataforma,4,83.36,0,ES
TUR087-001250,2024-10-31,2025-03-15,H2,directo,4,128.98,1,CO
TUR087-001251,2024-10-31,2025-01-08,H3,agencia,1,167.82,0,CL
TUR087-001252,2024-10-31,2025-01-29,H1,plataforma,10,77.8,0,ES
TUR087-001253,2024-11-01,2025-03-06,H2,plataforma,10,125.75,0,PE
TUR087-001254,2024-11-01,2025-02-02,H3,directo,9,184.23,0,ES
TUR087-001255,2024-11-01,2025-03-23,H1,plataforma,7,80.56,0,CO
TUR087-001256,2024-11-01,2025-01-04,H2,agencia,1,115.25,0,CO
TUR087-001257,2024-11-02,2024-11-18,H3,plataforma,3,182.18,0,PE
TUR087-001258,2024-11-02,2025-03-21,H1,agencia,10,93.36,0,CO
TUR087-001259,2024-11-02,2025-02-23,H2,directo,5,114.91,1,ES
TUR087-001260,2024-11-02,2024-12-14,H3,plataforma,4,174.58,0,CL
TUR087-001261,2024-11-03,2025-01-09,H1,directo,8,70.02,0,CL
TUR087-001262,2024-11-03,2024-11-25,H2, AGENCIA ,8,139.01,0,CO
TUR087-001263,2024-11-03,2025-03-04,H3,directo,6,159.79,0,CL
TUR087-001264,2024-11-03,2024-12-17,H1,plataforma,5,83.6,0,ES
TUR087-001265,2024-11-03,2024-11-11,H2,agencia,10,116.83,0,ES
TUR087-001266,2024-11-04,2024-11-24,H3,directo,4,174.48,0,PE
TUR087-001267,2024-11-04,2025-03-20,H1,agencia,9,"82,45",0,CL
TUR087-001268,2024-11-04,2024-12-07,H2,directo,1,137.38,0,CL
TUR087-001269,2024-11-04,2025-01-06,H3,directo,3,161.29,0,CO
TUR087-001270,2024-11-05,2025-01-19,H1,agencia,4,86.0,0,CL
TUR087-001271,2024-11-05,2024-12-11,H2,directo,2,121.66,0,CL
TUR087-001272,2024-11-05,2025-02-01,H3,plataforma,9,168.6,0,ES
TUR087-001273,2024-11-05,2025-03-19,H1,plataforma,1,91.88,0,PE
TUR087-001274,2024-11-06,2025-02-16,H2,directo,1,137.75,0,PE
TUR087-001275,2024-11-06,2025-02-27,H3,agencia,11,180.15,1,PE
TUR087-001276,2024-11-06,2024-11-10,H1,plataforma,6,75.0,0,PE
TUR087-001277,2024-11-06,2024-12-17,H2,plataforma,3,128.82,1,ES
TUR087-001278,2024-11-07,2024-12-05,H3,directo,1,176.25,0,PE
TUR087-001279,2024-11-07,2024-12-16,H1,plataforma,4,80.1,0,CL
TUR087-001280,2024-11-07,2025-01-21,H2,directo,9,138.91,0,ES
TUR087-001281,2024-11-07,2024-11-19,H3,plataforma,8,163.62,0,CO
TUR087-001282,2024-11-08,2025-03-25,H1,agencia,7,90.13,0,PE
TUR087-001283,2024-11-08,2025-01-21,H2,directo,6,131.17,0,CO
TUR087-001284,2024-11-08,2024-12-10,H3,directo,3,177.09,0,CO
TUR087-001285,2024-11-08,2024-11-30,H1,directo,2,95.3,0,CO
TUR087-001286,2024-11-09,2025-03-10,H2,agencia,5,140.27,0,PE
TUR087-001287,2024-11-09,2025-04-03,H3,plataforma,4,165.48,0,CO
TUR087-001288,2024-11-09,2025-01-23,H1,agencia,8,88.76,1,CL
TUR087-001289,2024-11-09,2025-02-01,H2,directo,8,125.29,0,ES
TUR087-001290,2024-11-10,2025-02-10,H3,plataforma,6,168.38,0,CO
TUR087-001291,2024-11-10,2025-01-02,H1,directo,2,92.45,0,CO
TUR087-001292,2024-11-10,2025-04-03,H2,agencia,1,130.15,0,ES
TUR087-001293,2024-11-10,2025-02-09,H3,agencia,8,165.69,0,CL
TUR087-001294,2024-11-11,2025-01-13,H1,directo,7,87.68,0,CL
TUR087-001295,2024-11-11,2024-12-04,H2,agencia,10,127.43,0,CO
TUR087-001296,2024-11-11,2025-02-03,H3,plataforma,9,181.65,0,PE
TUR087-001297,2024-11-11,2025-03-31,H1,plataforma,11,86.1,0,ES
TUR087-001298,2024-11-12,2025-02-07,H2,agencia,1,126.51,1,ES
TUR087-001299,2024-11-12,2024-12-27,H3,directo,10,185.08,0,PE
TUR087-001300,2024-11-12,2024-11-15,H1,agencia,8,91.38,0,PE
TUR087-001301,2024-11-12,2024-11-14,H2,plataforma,9,125.97,0,CO
TUR087-001302,2024-11-13,2024-12-07,H3,agencia,1,163.54,0,ES
TUR087-001303,2024-11-13,2024-11-24,H1,plataforma,1,87.82,0,PE
TUR087-001304,2024-11-13,2025-03-11,H2,plataforma,5,125.29,1,CO
TUR087-001305,2024-11-13,2025-02-09,H3,agencia,6,186.64,0,ES
TUR087-001306,2024-11-13,2025-01-29,H1,plataforma,10,80.27,0,CO
TUR087-001307,2024-11-14,2025-04-12,H2,agencia,4,121.05,0,CO
TUR087-001308,2024-11-14,2025-01-29,H3,plataforma,2,174.37,0,ES
TUR087-001309,2024-11-14,2025-04-04,H1,directo,7,82.36,0,PE
TUR087-001310,2024-11-14,2024-12-21,H2,plataforma,12,140.95,0,CL
TUR087-001311,2024-11-15,2025-03-25,H3,plataforma,4,175.75,1,PE
TUR087-001312,2024-11-15,2024-12-20,H1,directo,1,93.24,0,PE
TUR087-001313,2024-11-15,2025-03-09,H2,directo,11,124.67,0,CL
TUR087-001314,2024-11-15,2025-02-18,H3,agencia,5,168.74,0,PE
TUR087-001315,2024-11-16,2025-01-09,H1,plataforma,1,94.11,1,CL
TUR087-001316,2024-11-16,2025-04-14,H2,directo,4,138.85,0,ES
TUR087-001317,2024-11-16,2025-03-16,H3,directo,3,181.76,1,CL
TUR087-001318,2024-11-16,2025-02-24,H1,agencia,1,93.29,0,CO
TUR087-001319,2024-11-17,2025-02-08,H2,directo,11,122.5,0,CL
TUR087-001320,2024-11-17,2024-12-27,H3,agencia,3,184.13,0,PE
TUR087-001321,2024-11-17,2025-01-18,H1,plataforma,11,92.32,1,ES
TUR087-001322,2024-11-17,2025-01-24,H2,directo,4,131.57,0,ES
TUR087-001323,2024-11-18,2025-02-26,H3,agencia,9,173.81,0,PE
TUR087-001324,2024-11-18,2024-11-25,H1,agencia,2,97.79,0,ES
TUR087-001325,2024-11-18,2025-04-07,H2,agencia,8,122.23,0,ES
TUR087-001326,2024-11-18,2025-03-30,H3,directo,5,180.89,0,PE
TUR087-001327,2024-11-19,2025-04-02,H1,directo,10,77.99,0,CL
TUR087-001328,2024-11-19,2025-04-06,H2,directo,8,120.25,0,PE
TUR087-001329,2024-11-19,2025-04-07,H3,agencia,10,,0,PE
TUR087-001330,2024-11-19,2025-01-31,H1,directo,2,94.51,0,CO
TUR087-001331,2024-11-20,2025-01-08,H2,plataforma,11,129.81,0,CL
TUR087-001332,2024-11-20,2025-01-10,H3,agencia,1,169.17,0,ES
TUR087-001333,2024-11-20,2025-02-18,H1,agencia,10,78.85,0,CL
TUR087-001334,2024-11-20,2025-02-26,H2,agencia,2,143.59,0,PE
TUR087-001335,2024-11-21,2024-12-31,H3,plataforma,9,183.51,0,CL
TUR087-001336,2024-11-21,2025-01-11,H1,plataforma,9,88.59,1,PE
TUR087-001337,2024-11-21,2025-03-17,H2,plataforma,8,140.93,0,CL
TUR087-001338,2024-11-21,2025-02-06,H3,agencia,10,188.94,0,PE
TUR087-001339,2024-11-22,2025-03-30,H1,directo,10,83.68,0,CO
TUR087-001340,2024-11-22,2025-02-21,H2,directo,4,138.59,0,PE
TUR087-001341,2024-11-22,2025-01-24,H3,plataforma,11,167.1,0,PE
TUR087-001342,2024-11-22,2025-01-08,H1,directo,6,97.73,0,CL
TUR087-001343,2024-11-23,2024-12-25,H2,plataforma,10,123.57,1,CL
TUR087-001344,2024-11-23,2024-12-05,H3,plataforma,8,170.13,1,PE
TUR087-001345,2024-11-23,2024-12-03,H1,directo,3,95.12,0,PE
TUR087-001346,2024-11-23,2025-01-30,H2,agencia,7,134.53,1,PE
TUR087-001347,2024-11-23,2025-01-24,H3,directo,12,179.78,0,CL
TUR087-001348,2024-11-24,2025-01-09,H1,directo,6,78.39,0,CL
TUR087-001349,2024-11-24,2025-01-17,H2,agencia,7,144.04,0,ES
TUR087-001350,2024-11-24,2025-02-27,H3,directo,11,184.64,0,CL
TUR087-001351,2024-11-24,2025-04-16,H1,agencia,8,90.88,0,PE
TUR087-001352,2024-11-25,2024-12-28,H2,agencia,1,145.84,1,ES
TUR087-001353,2024-11-25,2024-11-26,H3,agencia,6,175.81,0,CL
TUR087-001354,2024-11-25,2024-12-13,H1,agencia,4,92.83,0,CL
TUR087-001355,2024-11-25,2025-04-24,H2,directo,12,145.5,0,CL
TUR087-001356,2024-11-26,2025-01-04,H3,agencia,10,191.8,0,CO
TUR087-001357,2024-11-26,2025-02-13,H1,plataforma,9,88.04,0,PE
TUR087-001358,2024-11-26,2025-04-02,H2,agencia,11,144.14,0,CO
TUR087-001359,2024-11-26,2025-01-22,H3, AGENCIA ,5,186.45,0,PE
TUR087-001360,2024-11-27,2024-11-29,H1,plataforma,4,87.51,0,PE
TUR087-001361,2024-11-27,2025-03-09,H2,plataforma,9,135.26,1,PE
TUR087-001362,2024-11-27,2024-12-09,H3,plataforma,6,170.62,0,CO
TUR087-001363,2024-11-27,2024-12-21,H1,agencia,6,83.55,0,CL
TUR087-001364,2024-11-28,2024-12-06,H2,directo,9,146.95,0,ES
TUR087-001365,2024-11-28,2025-01-05,H3,directo,1,180.57,0,CO
TUR087-001366,2024-11-28,2025-02-11,H1,agencia,5,87.43,0,CL
TUR087-001367,2024-11-28,2025-01-16,H2,plataforma,11,133.86,0,CL
TUR087-001368,2024-11-29,2025-02-24,H3,directo,1,174.53,0,CO
TUR087-001369,2024-11-29,2025-02-12,H1,plataforma,3,85.04,0,ES
TUR087-001370,2024-11-29,2025-03-25,H2,agencia,7,135.82,0,ES
TUR087-001371,2024-11-29,2025-02-03,H3,plataforma,12,169.69,1,CO
TUR087-001372,2024-11-30,2025-02-06,H1,directo,8,101.7,0,CO
TUR087-001373,2024-11-30,2025-04-16,H2,plataforma,8,148.64,1,ES
TUR087-001374,2024-11-30,2025-03-05,H3,plataforma,12,178.02,0,PE
TUR087-001375,2024-11-30,2024-12-18,H1,directo,8,82.86,0,CO
TUR087-001376,2024-12-01,2025-04-22,H2,agencia,12,126.78,0,CO
TUR087-001377,2024-12-01,2025-02-25,H3,plataforma,11,178.62,0,ES
TUR087-001378,2024-12-01,2025-02-07,H1,directo,4,81.6,0,CO
TUR087-001379,2024-12-01,2025-03-09,H2,plataforma,1,145.23,0,CO
TUR087-001380,2024-12-02,2024-12-25,H3,directo,1,176.29,0,CL
TUR087-001381,2024-12-02,2025-02-18,H1,directo,5,96.15,0,PE
TUR087-001382,2024-12-02,2025-03-19,H2,agencia,5,143.64,0,CL
TUR087-001383,2024-12-02,2025-02-11,H3,directo,3,174.13,0,PE
TUR087-001384,2024-12-02,2025-02-21,H1,directo,4,89.57,0,CO
TUR087-001385,2024-12-03,2024-12-13,H2,directo,1,128.05,0,CO
TUR087-001386,2024-12-03,2025-04-29,H3,agencia,7,177.31,1,ES
TUR087-001387,2024-12-03,2025-01-13,H1,plataforma,2,92.51,0,ES
TUR087-001388,2024-12-03,2025-02-08,H2,agencia,2,151.09,1,ES
TUR087-001389,2024-12-04,2025-01-09,H3,directo,7,173.02,1,PE
TUR087-001390,2024-12-04,2024-12-15,H1,plataforma,2,102.97,1,PE
TUR087-001391,2024-12-04,2025-03-23,H2,agencia,9,136.41,0,ES
TUR087-001392,2024-12-04,2024-12-25,H3,plataforma,9,188.72,0,CL
TUR087-001393,2024-12-05,2025-02-02,H1,plataforma,1,87.78,0,CL
TUR087-001394,2024-12-05,2025-03-02,H2,directo,12,151.4,0,CL
TUR087-001395,2024-12-05,2025-01-18,H3,agencia,1,192.55,0,CL
TUR087-001396,2024-12-05,2025-02-28,H1,directo,2,97.44,0,ES
TUR087-001397,2024-12-06,2025-01-31,H2,directo,5,135.4,0,ES
TUR087-001398,2024-12-06,2025-02-23,H3,agencia,11,177.43,0,ES
TUR087-001399,2024-12-06,2025-04-16,H1,agencia,11,104.33,0,PE
TUR087-001400,2024-12-06,2025-03-12,H2,agencia,9,147.4,1,ES
TUR087-001401,2024-12-07,2025-02-12,H3,plataforma,12,179.21,0,ES
TUR087-001402,2024-12-07,2025-03-18,H1,agencia,7,105.32,0,ES
TUR087-001403,2024-12-07,2025-01-15,H2,directo,11,151.96,0,CL
TUR087-001404,2024-12-07,2025-02-16,H3,plataforma,1,190.19,0,CO
TUR087-001405,2024-12-08,2025-01-10,H1,plataforma,1,89.25,0,CL
TUR087-001406,2024-12-08,2025-03-13,H2,plataforma,1,137.37,0,CL
TUR087-001407,2024-12-08,2025-01-27,H3,agencia,4,180.47,0,CO
TUR087-001408,2024-12-08,2025-03-05,H1,agencia,7,92.93,1,CL
TUR087-001409,2024-12-09,2025-03-04,H2,directo,8,129.65,0,CO
TUR087-001410,2024-12-09,2025-03-02,H3,plataforma,9,181.33,0,CO
TUR087-001411,2024-12-09,2025-04-06,H1,agencia,3,94.54,0,CL
TUR087-001412,2024-12-09,2025-03-22,H2,agencia,8,,0,PE
TUR087-001413,2024-12-10,2025-01-07,H3,agencia,11,176.07,0,ES
TUR087-001414,2024-12-10,2025-04-27,H1,agencia,11,108.27,1,CL
TUR087-001415,2024-12-10,2025-03-30,H2,directo,7,145.03,0,CO
TUR087-001416,2024-12-10,2025-02-03,H3,agencia,12,196.82,0,ES
TUR087-001417,2024-12-11,2025-01-16,H1,agencia,5,85.7,0,CO
TUR087-001418,2024-12-11,2025-01-14,H2,plataforma,10,148.92,0,CL
TUR087-001419,2024-12-11,2025-04-13,H3,plataforma,7,195.89,0,CO
TUR087-001420,2024-12-11,2025-03-21,H1,directo,3,94.41,0,PE
TUR087-001421,2024-12-12,2025-03-08,H2,plataforma,2,142.97,0,ES
TUR087-001422,2024-12-12,2025-01-01,H3,directo,11,192.86,0,CL
TUR087-001423,2024-12-12,2024-12-28,H1,directo,11,94.04,0,PE
TUR087-001424,2024-12-12,2025-01-16,H2,agencia,8,136.53,0,CO
TUR087-001425,2024-12-12,2025-02-28,H3,agencia,6,186.07,0,PE
TUR087-001426,2024-12-13,2025-05-06,H1,directo,4,107.23,0,PE
TUR087-001427,2024-12-13,2025-04-28,H2,directo,10,154.95,1,CO
TUR087-001428,2024-12-13,2025-01-13,H3,agencia,3,195.06,0,CL
TUR087-001429,2024-12-13,2025-01-20,H1,agencia,8,87.39,0,CO
TUR087-001430,2024-12-14,2025-04-21,H2,agencia,1,134.2,1,CO
TUR087-001431,2024-12-14,2025-04-30,H3,directo,5,197.4,0,CL
TUR087-001432,2024-12-14,2025-04-25,H1,plataforma,1,90.64,1,PE
TUR087-001433,2024-12-14,2025-01-31,H2,directo,9,150.23,0,CL
TUR087-001434,2024-12-15,2025-04-20,H3,plataforma,12,177.26,0,CL
TUR087-001435,2024-12-15,2025-02-14,H1,agencia,6,103.56,0,ES
TUR087-001436,2024-12-15,2025-01-24,H2,directo,5,146.28,0,CL
TUR087-001437,2024-12-15,2025-02-22,H3,plataforma,8,200.11,0,CL
TUR087-001438,2024-12-16,2025-04-14,H1,directo,6,93.44,0,ES
TUR087-001439,2024-12-16,2024-12-26,H2,agencia,5,134.15,0,ES
TUR087-001440,2024-12-16,2025-04-30,H3,plataforma,8,200.08,0,PE
TUR087-001441,2024-12-16,2025-03-30,H1,agencia,7,91.94,0,ES
TUR087-001442,2024-12-17,2025-02-13,H2,agencia,3,149.08,0,ES
TUR087-001443,2024-12-17,2025-03-04,H3,directo,8,187.27,0,CO
TUR087-001444,2024-12-17,2025-05-11,H1,directo,4,99.0,0,ES
TUR087-001445,2024-12-17,2025-01-05,H2,plataforma,12,143.43,0,PE
TUR087-001446,2024-12-18,2025-02-05,H3,plataforma,9,190.72,1,CO
TUR087-001447,2024-12-18,2025-04-16,H1,directo,2,102.1,0,CO
TUR087-001448,2024-12-18,2025-03-17,H2,agencia,10,147.33,0,CO
TUR087-001449,2024-12-18,2025-01-08,H3,agencia,11,184.8,0,CL
TUR087-001450,2024-12-19,2025-02-25,H1,directo,5,107.27,0,PE
TUR087-001451,2024-12-19,2025-04-17,H2,plataforma,1,155.44,0,CL
TUR087-001452,2024-12-19,2025-03-02,H3,agencia,12,198.76,0,PE
TUR087-001453,2024-12-19,2025-04-27,H1,plataforma,12,91.38,0,ES
TUR087-001454,2024-12-20,2025-01-11,H2,plataforma,4,157.15,1,ES
TUR087-001455,2024-12-20,2025-05-05,H3,directo,1,201.52,0,ES
TUR087-001456,2024-12-20,2025-03-25,H1, PLATAFORMA ,10,104.22,0,CL
TUR087-001457,2024-12-20,2025-02-06,H2,plataforma,1,145.97,0,CL
TUR087-001458,2024-12-21,2024-12-30,H3,agencia,11,195.43,0,ES
TUR087-001459,2024-12-21,2025-03-08,H1,agencia,8,97.17,1,CL
TUR087-001460,2024-12-21,2025-02-25,H2,directo,3,146.95,0,ES
TUR087-001461,2024-12-21,2025-01-27,H3,agencia,4,186.39,1,CL
TUR087-001462,2024-12-21,2025-03-20,H1,directo,5,107.36,1,CO
TUR087-001463,2024-12-22,2025-01-15,H2,directo,11,142.58,0,ES
TUR087-001464,2024-12-22,2025-04-27,H3,plataforma,10,182.33,0,ES
TUR087-001465,2024-12-22,2025-01-14,H1,plataforma,1,91.97,0,CO
TUR087-001466,2024-12-22,2025-05-14,H2,agencia,2,149.02,0,CL
TUR087-001467,2024-12-23,2024-12-26,H3,directo,1,201.36,0,ES
TUR087-001468,2024-12-23,2025-03-14,H1,plataforma,9,102.22,1,ES
TUR087-001469,2024-12-23,2025-02-27,H2,agencia,3,148.01,0,CL
TUR087-001470,2024-12-23,2025-02-20,H3,agencia,12,202.05,1,ES
TUR087-001471,2024-12-24,2024-12-29,H1,directo,8,107.98,0,ES
TUR087-001472,2024-12-24,2024-12-25,H2,plataforma,11,141.4,0,ES
TUR087-001473,2024-12-24,2025-04-02,H3,agencia,7,183.88,0,ES
TUR087-001474,2024-12-24,2025-01-31,H1,agencia,6,101.52,1,CL
TUR087-001475,2024-12-25,2025-02-17,H2,directo,9,153.99,1,PE
TUR087-001476,2024-12-25,2025-05-08,H3,directo,2,205.53,0,CO
TUR087-001477,2024-12-25,2024-12-30,H1,agencia,6,110.0,0,ES
TUR087-001478,2024-12-25,2025-04-05,H2,plataforma,5,"150,14",0,CL
TUR087-001479,2024-12-26,2025-03-06,H3,agencia,8,198.15,0,ES
TUR087-001480,2024-12-26,2025-02-28,H1,agencia,9,96.94,0,CO
TUR087-001481,2024-12-26,2025-05-24,H2,plataforma,5,148.43,1,PE
TUR087-001482,2024-12-26,2024-12-27,H3,agencia,7,201.8,0,ES
TUR087-001483,2024-12-27,2025-05-22,H1,plataforma,11,114.65,0,CL
TUR087-001484,2024-12-27,2025-05-06,H2,plataforma,6,142.8,1,CL
TUR087-001485,2024-12-27,2025-02-04,H3,agencia,3,207.58,0,PE
TUR087-001486,2024-12-27,2025-04-30,H1,directo,1,103.13,0,CL
TUR087-001487,2024-12-28,2025-02-24,H2,plataforma,12,160.91,0,CO
TUR087-001488,2024-12-28,2025-04-02,H3,agencia,12,185.89,1,CO
TUR087-001489,2024-12-28,2025-03-24,H1,plataforma,4,94.42,0,PE
TUR087-001490,2024-12-28,2025-04-04,H2,directo,6,153.25,0,PE
TUR087-001491,2024-12-29,2025-05-04,H3,directo,10,201.38,0,CO
TUR087-001492,2024-12-29,2025-01-04,H1,agencia,12,97.95,0,PE
TUR087-001493,2024-12-29,2025-04-05,H2,plataforma,10,160.15,0,CO
TUR087-001494,2024-12-29,2025-01-22,H3,directo,1,186.61,0,CO
TUR087-001495,2024-12-30,2025-05-02,H1,agencia,2,,0,CO
TUR087-001496,2024-12-30,2025-04-08,H2,directo,3,145.99,0,ES
TUR087-001497,2024-12-30,2025-03-08,H3,directo,10,201.19,0,CL
TUR087-001498,2024-12-30,2025-04-17,H1,plataforma,5,114.17,0,CO
TUR087-001499,2024-12-31,2025-01-29,H2,directo,4,154.07,0,PE
TUR087-001500,2024-12-31,2025-02-08,H3,directo,6,191.32,0,ES
TUR087-001501,2024-12-31,2025-04-08,H1,directo,12,102.26,0,CL
TUR087-001502,2024-12-31,2025-01-08,H2,agencia,11,154.37,0,CL
TUR087-001503,2024-12-31,2025-04-23,H3,plataforma,7,185.45,0,PE
TUR087-001504,2025-01-01,2025-03-24,H1,agencia,7,110.57,0,ES
TUR087-001505,2025-01-01,2025-02-28,H2,agencia,7,162.33,0,CL
TUR087-001506,2025-01-01,2025-04-13,H3,agencia,10,206.33,1,CO
TUR087-001507,2025-01-01,2025-05-10,H1,agencia,8,103.77,0,PE
TUR087-001508,2025-01-02,2025-05-19,H2,agencia,5,149.93,0,CO
TUR087-001509,2025-01-02,2025-01-09,H3,directo,7,189.31,0,ES
TUR087-001510,2025-01-02,2025-01-27,H1,agencia,6,118.93,0,PE
TUR087-001511,2025-01-02,2025-01-05,H2,directo,3,160.64,0,ES
TUR087-001512,2025-01-03,2025-06-01,H3,directo,4,187.17,0,ES
TUR087-001513,2025-01-03,2025-01-31,H1,agencia,11,99.46,0,CO
TUR087-001514,2025-01-03,2025-03-14,H2,directo,11,150.44,0,PE
TUR087-001515,2025-01-03,2025-02-04,H3,agencia,12,192.66,0,ES
TUR087-001516,2025-01-04,2025-03-29,H1,directo,6,104.73,0,PE
TUR087-001517,2025-01-04,2025-04-14,H2,directo,3,159.53,0,CO
TUR087-001518,2025-01-04,2025-01-08,H3,directo,12,203.5,0,ES
TUR087-001519,2025-01-04,2025-01-26,H1,directo,9,103.67,0,ES
TUR087-001520,2025-01-05,2025-04-25,H2,agencia,3,155.13,0,PE
TUR087-001521,2025-01-05,2025-05-26,H3,directo,5,198.66,0,PE
TUR087-001522,2025-01-05,2025-03-02,H1,plataforma,2,121.02,1,CL
TUR087-001523,2025-01-05,2025-01-12,H2,directo,10,144.47,0,CO
TUR087-001524,2025-01-06,2025-04-30,H3,directo,10,209.02,0,PE
TUR087-001525,2025-01-06,2025-05-08,H1,agencia,5,105.32,1,CO
TUR087-001526,2025-01-06,2025-02-24,H2,agencia,8,147.55,0,CL
TUR087-001527,2025-01-06,2025-03-03,H3,directo,6,195.27,0,CL
TUR087-001528,2025-01-07,2025-06-05,H1,directo,9,118.6,0,CL
TUR087-001529,2025-01-07,2025-02-27,H2,plataforma,1,147.08,0,CO
TUR087-001530,2025-01-07,2025-03-19,H3,directo,10,204.36,0,CL
TUR087-001531,2025-01-07,2025-02-01,H1,directo,9,107.27,0,CL
TUR087-001532,2025-01-08,2025-01-21,H2,agencia,7,148.97,0,PE
TUR087-001533,2025-01-08,2025-05-18,H3,agencia,10,200.95,1,CO
TUR087-001534,2025-01-08,2025-03-21,H1,agencia,7,118.45,0,CO
TUR087-001535,2025-01-08,2025-02-18,H2,directo,11,168.64,0,CO
TUR087-001536,2025-01-09,2025-04-07,H3,agencia,4,208.13,1,PE
TUR087-001537,2025-01-09,2025-01-28,H1,agencia,9,105.2,0,ES
TUR087-001538,2025-01-09,2025-05-04,H2,agencia,4,154.18,0,ES
TUR087-001539,2025-01-09,2025-05-13,H3,agencia,4,195.71,1,PE
TUR087-001540,2025-01-10,2025-01-28,H1,plataforma,9,114.91,0,CO
TUR087-001541,2025-01-10,2025-03-31,H2,plataforma,11,145.54,0,CO
TUR087-001542,2025-01-10,2025-04-11,H3,agencia,7,214.28,1,PE
TUR087-001543,2025-01-10,2025-04-30,H1,directo,6,115.93,0,CO
TUR087-001544,2025-01-10,2025-01-19,H2,plataforma,9,168.69,0,ES
TUR087-001545,2025-01-11,2025-01-15,H3,directo,8,205.35,0,CO
TUR087-001546,2025-01-11,2025-03-21,H1,agencia,8,122.83,0,CO
TUR087-001547,2025-01-11,2025-02-28,H2,agencia,7,163.55,0,CO
TUR087-001548,2025-01-11,2025-05-03,H3,agencia,12,196.37,1,PE
TUR087-001549,2025-01-12,2025-03-02,H1,agencia,4,102.19,0,PE
TUR087-001550,2025-01-12,2025-05-09,H2,agencia,3,152.8,0,CL
TUR087-001551,2025-01-12,2025-02-16,H3,agencia,1,210.17,0,PE
TUR087-001552,2025-01-12,2025-04-08,H1,plataforma,6,121.78,0,CL
TUR087-001553,2025-01-13,2025-05-26,H2, AGENCIA ,11,162.63,0,ES
TUR087-001554,2025-01-13,2025-04-27,H3,plataforma,7,201.68,0,PE
TUR087-001555,2025-01-13,2025-05-03,H1,agencia,6,123.8,0,CO
TUR087-001556,2025-01-13,2025-03-17,H2,plataforma,2,161.38,0,PE
TUR087-001557,2024-02-30,2025-05-14,H3,directo,10,214.19,0,PE
TUR087-001558,2025-01-14,2025-06-04,H1,plataforma,3,109.55,0,PE
TUR087-001559,2025-01-14,2025-03-16,H2,plataforma,9,155.06,0,PE
TUR087-001560,2025-01-14,2025-05-22,H3,plataforma,6,215.33,0,ES
TUR087-001561,2025-01-15,2025-05-13,H1,agencia,2,116.19,1,PE
TUR087-001562,2025-01-15,2025-02-27,H2,agencia,12,151.65,0,CO
TUR087-001563,2025-01-15,2025-04-06,H3,plataforma,8,202.56,1,ES
TUR087-001564,2025-01-15,2025-03-06,H1,plataforma,12,111.94,0,CO
TUR087-001565,2025-01-16,2025-02-24,H2,agencia,9,159.32,0,CO
TUR087-001566,2025-01-16,2025-06-03,H3,directo,1,194.56,0,CO
TUR087-001567,2025-01-16,2025-03-26,H1,plataforma,8,118.3,0,ES
TUR087-001568,2025-01-16,2025-06-04,H2,plataforma,7,172.84,1,ES
TUR087-001569,2025-01-17,2025-06-06,H3,directo,11,204.5,1,ES
TUR087-001570,2025-01-17,2025-06-07,H1,directo,5,113.27,1,CO
TUR087-001571,2025-01-17,2025-03-20,H2,agencia,7,160.83,0,PE
TUR087-001572,2025-01-17,2025-04-26,H3,agencia,3,208.58,0,ES
TUR087-001573,2025-01-18,2025-03-02,H1,plataforma,11,128.96,0,ES
TUR087-001574,2025-01-18,2025-05-22,H2,directo,10,160.56,0,CL
TUR087-001575,2025-01-18,2025-03-06,H3,directo,12,202.18,1,CO
TUR087-001576,2025-01-18,2025-06-03,H1,agencia,10,128.11,0,ES
TUR087-001577,2025-01-19,2025-01-31,H2,plataforma,3,169.33,0,ES
TUR087-001578,2025-01-19,2025-04-13,H3,agencia,7,,0,CL
TUR087-001579,2025-01-19,2025-05-26,H1,directo,8,111.28,1,CO
TUR087-001580,2025-01-19,2025-03-21,H2,agencia,8,170.09,0,CO
TUR087-001581,2025-01-19,2025-05-03,H3,agencia,11,209.0,0,ES
TUR087-001582,2025-01-20,2025-05-09,H1,agencia,2,110.69,0,ES
TUR087-001583,2025-01-20,2025-01-23,H2,plataforma,11,167.69,0,ES
TUR087-001584,2025-01-20,2025-04-03,H3,plataforma,8,206.84,1,PE
TUR087-001585,2025-01-20,2025-05-01,H1,directo,4,130.08,0,CO
TUR087-001586,2025-01-21,2025-04-06,H2,plataforma,12,158.46,0,PE
TUR087-001587,2025-01-21,2025-02-06,H3,agencia,2,210.46,0,CO
TUR087-001588,2025-01-21,2025-04-25,H1,directo,7,108.82,0,PE
TUR087-001589,2025-01-21,2025-02-24,H2,agencia,1,165.53,0,ES
TUR087-001590,2025-01-22,2025-05-08,H3,plataforma,4,202.08,1,PE
TUR087-001591,2025-01-22,2025-04-11,H1,directo,3,118.02,0,PE
TUR087-001592,2025-01-22,2025-05-20,H2,plataforma,5,175.75,0,PE
TUR087-001593,2025-01-22,2025-05-11,H3,directo,8,200.5,0,PE
TUR087-001594,2025-01-23,2025-03-25,H1,directo,8,114.28,1,CO
TUR087-001595,2025-01-23,2025-03-22,H2,plataforma,1,174.05,0,ES
TUR087-001596,2025-01-23,2025-02-20,H3,plataforma,5,207.09,0,ES
TUR087-001597,2025-01-23,2025-03-25,H1,agencia,1,115.37,0,PE
TUR087-001598,2025-01-24,2025-03-05,H2,agencia,10,159.77,0,CO
TUR087-001599,2025-01-24,2025-05-29,H3,plataforma,1,216.74,1,CL
TUR087-001600,2025-01-24,2025-06-13,H1,plataforma,4,123.05,0,PE
TUR087-001601,2025-01-24,2025-05-15,H2,agencia,11,165.9,0,PE
TUR087-001602,2025-01-25,2025-03-11,H3,directo,6,215.45,0,ES
TUR087-001603,2025-01-25,2025-06-09,H1,plataforma,7,126.81,0,CO
TUR087-001604,2025-01-25,2025-02-28,H2,plataforma,6,157.48,1,PE
TUR087-001605,2025-01-25,2025-02-09,H3,agencia,4,221.21,0,ES
TUR087-001606,2025-01-26,2025-04-06,H1,agencia,9,109.35,0,PE
TUR087-001607,2025-01-26,2025-04-04,H2,directo,12,169.08,1,CO
TUR087-001608,2025-01-26,2025-01-29,H3,agencia,2,209.08,0,ES
TUR087-001609,2025-01-26,2025-03-02,H1,agencia,7,109.04,0,CL
TUR087-001610,2025-01-27,2025-03-28,H2,directo,5,171.46,0,CL
TUR087-001611,2025-01-27,2025-04-12,H3,agencia,1,223.1,0,CL
TUR087-001612,2025-01-27,2025-03-04,H1,agencia,8,111.84,0,PE
TUR087-001613,2025-01-27,2025-06-04,H2,agencia,12,161.62,0,PE
TUR087-001614,2025-01-28,2025-04-12,H3,directo,5,220.55,0,ES
TUR087-001615,2025-01-28,2025-05-23,H1,directo,11,117.3,0,CL
TUR087-001616,2025-01-28,2025-05-02,H2,directo,6,171.8,0,ES
TUR087-001617,2025-01-28,2025-05-28,H3,plataforma,5,207.03,0,ES
TUR087-001618,2025-01-29,2025-03-22,H1,directo,3,119.5,0,ES
TUR087-001619,2025-01-29,2025-01-31,H2,agencia,6,163.77,0,CL
TUR087-001620,2025-01-29,2025-06-11,H3,agencia,6,216.93,1,ES
TUR087-001621,2025-01-29,2025-03-22,H1,directo,12,119.65,1,PE
TUR087-001622,2025-01-29,2025-03-04,H2,directo,6,177.48,0,ES
TUR087-001623,2025-01-30,2025-04-18,H3,plataforma,11,206.38,0,ES
TUR087-001624,2025-01-30,2025-03-25,H1,directo,10,129.13,1,CL
TUR087-001625,2025-01-30,2025-04-23,H2,agencia,2,161.56,0,ES
TUR087-001626,2025-01-30,2025-06-18,H3,plataforma,12,222.59,0,ES
TUR087-001627,2025-01-31,2025-02-04,H1,agencia,7,111.33,0,PE
TUR087-001628,2025-01-31,2025-06-27,H2,plataforma,11,163.26,1,CO
TUR087-001629,2025-01-31,2025-04-13,H3,directo,11,208.17,1,PE
TUR087-001630,2025-01-31,2025-04-26,H1,directo,12,126.25,0,CO
TUR087-001631,2025-02-01,2025-03-11,H2,plataforma,11,160.35,0,CL
TUR087-001632,2025-02-01,2025-05-30,H3,directo,2,210.34,0,CO
TUR087-001633,2025-02-01,2025-06-25,H1,agencia,11,122.87,1,CL
TUR087-001634,2025-02-01,2025-02-08,H2,plataforma,2,171.85,0,ES
TUR087-001635,2025-02-02,2025-05-14,H3,agencia,11,223.11,0,CO
TUR087-001636,2025-02-02,2025-03-25,H1,agencia,10,133.13,0,ES
TUR087-001637,2025-02-02,2025-05-20,H2,agencia,4,180.18,0,CL
TUR087-001638,2025-02-02,2025-05-13,H3,plataforma,11,210.08,0,ES
TUR087-001639,2025-02-03,2025-06-02,H1,directo,10,135.18,0,PE
TUR087-001640,2025-02-03,2025-06-25,H2,directo,12,177.02,0,CL
TUR087-001641,2025-02-03,2025-04-16,H3,directo,9,217.08,0,PE
TUR087-001642,2025-02-03,2025-03-02,H1,plataforma,9,118.08,1,CL
TUR087-001643,2025-02-04,2025-03-02,H2,agencia,8,177.66,1,CO
TUR087-001644,2025-02-04,2025-03-15,H3,plataforma,10,222.77,1,CL
TUR087-001645,2025-02-04,2025-02-09,H1,plataforma,8,113.88,0,ES
TUR087-001646,2025-02-04,2025-04-04,H2,agencia,1,166.96,0,CL
TUR087-001647,2025-02-05,2025-06-20,H3,plataforma,7,209.49,0,CO
TUR087-001648,2025-02-05,2025-02-10,H1,agencia,4,130.75,1,ES
TUR087-001649,2025-02-05,2025-05-01,H2,plataforma,7,174.57,0,CL
TUR087-001650,2025-02-05,2025-05-09,H3, AGENCIA ,7,207.94,0,CL
TUR087-001651,2025-02-06,2025-04-20,H1,plataforma,10,116.79,0,CL
TUR087-001652,2025-02-06,2025-05-30,H2,agencia,2,175.81,0,CL
TUR087-001653,2025-02-06,2025-05-14,H3,directo,9,221.68,0,CO
TUR087-001654,2025-02-06,2025-03-03,H1,directo,6,132.38,0,CO
TUR087-001655,2025-02-07,2025-05-30,H2,directo,5,168.73,0,CL
TUR087-001656,2025-02-07,2025-04-28,H3,directo,9,211.81,0,CL
TUR087-001657,2025-02-07,2025-04-10,H1,directo,10,122.86,0,CO
TUR087-001658,2025-02-07,2025-04-23,H2,directo,8,182.5,0,CO
TUR087-001659,2025-02-07,2025-05-18,H3,agencia,4,216.59,0,PE
TUR087-001660,2025-02-08,2025-05-01,H1,directo,7,122.04,0,CL
TUR087-001661,2025-02-08,2025-05-01,H2,agencia,8,,0,PE
TUR087-001662,2025-02-08,2025-04-21,H3,plataforma,6,223.77,0,CO
TUR087-001663,2025-02-08,2025-02-10,H1,directo,11,131.31,0,ES
TUR087-001664,2025-02-09,2025-06-04,H2,plataforma,5,167.56,1,CO
TUR087-001665,2025-02-09,2025-03-01,H3,agencia,6,208.61,0,ES
TUR087-001666,2025-02-09,2025-06-06,H1,plataforma,8,123.1,0,CL
TUR087-001667,2025-02-09,2025-06-07,H2,agencia,4,165.12,1,CL
TUR087-001668,2025-02-10,2025-04-25,H3,directo,12,218.22,0,CL
TUR087-001669,2025-02-10,2025-04-03,H1,agencia,2,134.69,0,ES
TUR087-001670,2025-02-10,2025-04-04,H2,directo,9,184.29,0,ES
TUR087-001671,2025-02-10,2025-06-13,H3,directo,8,205.63,0,CL
TUR087-001672,2025-02-11,2025-07-10,H1,directo,5,122.53,0,ES
TUR087-001673,2025-02-11,2025-06-14,H2,plataforma,7,174.82,1,CL
TUR087-001674,2025-02-11,2025-06-11,H3,agencia,4,225.15,0,CL
TUR087-001675,2025-02-11,2025-02-28,H1,agencia,1,124.28,0,CO
TUR087-001676,2025-02-12,2025-03-06,H2,directo,6,164.9,0,CO
TUR087-001677,2025-02-12,2025-02-23,H3,agencia,11,225.11,0,PE
TUR087-001678,2025-02-12,2025-04-07,H1,agencia,11,135.62,0,ES
TUR087-001679,2025-02-12,2025-05-26,H2,agencia,10,182.33,0,CO
TUR087-001680,2025-02-13,2025-04-12,H3,plataforma,7,224.41,0,CL
TUR087-001681,2025-02-13,2025-05-16,H1,plataforma,8,128.66,0,PE
TUR087-001682,2025-02-13,2025-02-28,H2,directo,1,183.42,0,PE
TUR087-001683,2025-02-13,2025-06-19,H3,agencia,3,209.28,0,CL
TUR087-001684,2025-02-14,2025-06-15,H1,directo,7,126.48,0,CL
TUR087-001685,2025-02-14,2025-04-19,H2,agencia,10,170.06,0,CO
TUR087-001686,2025-02-14,2025-04-09,H3,directo,8,224.07,0,CO
TUR087-001687,2025-02-14,2025-05-30,H1,directo,6,120.13,0,PE
TUR087-001688,2025-02-15,2025-06-28,H2,plataforma,10,163.0,0,PE
TUR087-001689,2025-02-15,2025-06-24,H3,agencia,3,"207,61",0,ES
TUR087-001690,2025-02-15,2025-05-01,H1,plataforma,6,118.91,1,ES
TUR087-001691,2025-02-15,2025-03-13,H2,agencia,1,166.13,0,ES
TUR087-001692,2025-02-16,2025-06-06,H3,plataforma,9,213.41,1,PE
TUR087-001693,2025-02-16,2025-02-21,H1,plataforma,6,126.08,0,CL
TUR087-001694,2025-02-16,2025-03-16,H2,agencia,7,186.12,0,CO
TUR087-001695,2025-02-16,2025-06-18,H3,plataforma,7,211.73,0,CL
TUR087-001696,2025-02-17,2025-03-08,H1,agencia,2,140.13,0,ES
TUR087-001697,2025-02-17,2025-03-28,H2,directo,12,165.98,0,PE
TUR087-001698,2025-02-17,2025-03-16,H3,agencia,8,226.85,0,ES
TUR087-001699,2025-02-17,2025-04-09,H1,plataforma,3,129.28,0,ES
TUR087-001700,2025-02-17,2025-04-23,H2,agencia,1,167.32,0,CL
TUR087-001701,2025-02-18,2025-05-28,H3,agencia,3,218.85,0,ES
TUR087-001702,2025-02-18,2025-05-20,H1,directo,2,128.01,0,ES
TUR087-001703,2025-02-18,2025-06-26,H2,plataforma,5,167.86,1,PE
TUR087-001704,2025-02-18,2025-02-26,H3,plataforma,5,229.02,0,CL
TUR087-001705,2025-02-19,2025-06-26,H1,directo,12,120.1,1,PE
TUR087-001706,2025-02-19,2025-03-05,H2,plataforma,8,162.77,1,CL
TUR087-001707,2025-02-19,2025-06-07,H3,directo,8,209.2,0,CO
TUR087-001708,2025-02-19,2025-04-15,H1,directo,1,137.82,0,CO
TUR087-001709,2025-02-20,2025-05-08,H2,directo,3,179.06,0,CO
TUR087-001710,2025-02-20,2025-07-17,H3,directo,3,212.47,1,CL
TUR087-001711,2025-02-20,2025-04-17,H1,plataforma,11,139.94,1,CO
TUR087-001712,2025-02-20,2025-04-09,H2,plataforma,6,183.95,0,CO
TUR087-001713,2025-02-21,2025-03-12,H3,plataforma,2,231.61,0,ES
TUR087-001714,2025-02-21,2025-07-13,H1,agencia,10,131.26,0,CL
TUR087-001715,2025-02-21,2025-03-21,H2,agencia,6,182.19,0,PE
TUR087-001716,2025-02-21,2025-03-23,H3,directo,4,209.81,0,CO
TUR087-001717,2025-02-22,2025-05-10,H1,directo,10,142.67,0,CO
TUR087-001718,2025-02-22,2025-03-14,H2,agencia,10,169.83,0,CO
TUR087-001719,2025-02-22,2025-07-12,H3,agencia,3,221.09,0,CO
TUR087-001720,2025-02-22,2025-06-24,H1,agencia,2,142.85,0,CL
TUR087-001721,2025-02-23,2025-05-17,H2,agencia,2,188.19,0,ES
TUR087-001722,2025-02-23,2025-04-09,H3,agencia,8,212.96,0,PE
TUR087-001723,2025-02-23,2025-03-13,H1,agencia,11,121.41,0,ES
TUR087-001724,2025-02-23,2025-05-10,H2,plataforma,4,175.53,0,PE
TUR087-001725,2025-02-24,2025-03-02,H3,plataforma,4,225.03,0,CL
TUR087-001726,2025-02-24,2025-06-11,H1,directo,3,142.66,0,CL
TUR087-001727,2025-02-24,2025-06-06,H2,plataforma,1,168.3,0,ES
TUR087-001728,2025-02-24,2025-04-14,H3,plataforma,4,215.02,0,CL
TUR087-001729,2025-02-25,2025-05-13,H1,plataforma,3,125.69,0,PE
TUR087-001730,2025-02-25,2025-04-16,H2,directo,8,171.38,0,PE
TUR087-001731,2025-02-25,2025-04-09,H3,directo,10,216.98,0,CO
TUR087-001732,2025-02-25,2025-04-03,H1,agencia,12,135.61,0,ES
TUR087-001733,2025-02-26,2025-07-14,H2,plataforma,7,182.06,1,CL
TUR087-001734,2025-02-26,2025-06-13,H3,directo,9,211.5,0,CO
TUR087-001735,2025-02-26,2025-05-29,H1,agencia,7,128.88,0,CO
TUR087-001736,2025-02-26,2025-06-16,H2,plataforma,3,170.31,0,CL
TUR087-001737,2025-02-27,2025-06-08,H3,plataforma,6,210.66,0,PE
TUR087-001738,2025-02-27,2025-07-16,H1,directo,2,141.03,0,CO
TUR087-001739,2025-02-27,2025-03-06,H2,agencia,9,185.15,0,PE
TUR087-001740,2025-02-27,2025-06-01,H3,plataforma,12,230.55,0,CL
TUR087-001741,2025-02-27,2025-03-02,H1,plataforma,9,141.03,0,CO
TUR087-001742,2025-02-28,2025-04-04,H2,plataforma,9,165.82,0,ES
TUR087-001743,2025-02-28,2025-05-23,H3,plataforma,6,227.87,0,CL
TUR087-001744,2025-02-28,2025-06-21,H1,plataforma,1,,0,CO
TUR087-001745,2025-02-28,2025-03-14,H2,plataforma,7,176.87,1,CL
TUR087-001746,2025-03-01,2025-05-08,H3,directo,2,224.25,0,PE
TUR087-001747,2025-03-01,2025-06-24,H1, AGENCIA ,2,140.79,0,CL
TUR087-001748,2025-03-01,2025-03-23,H2,plataforma,1,173.81,1,ES
TUR087-001749,2025-03-01,2025-06-13,H3,plataforma,3,231.8,0,CL
TUR087-001750,2025-03-02,2025-07-05,H1,plataforma,12,141.97,1,CL
TUR087-001751,2025-03-02,2025-07-29,H2,plataforma,8,179.24,1,CL
TUR087-001752,2025-03-02,2025-05-08,H3,agencia,12,226.43,0,CL
TUR087-001753,2025-03-02,2025-04-20,H1,plataforma,1,126.55,0,CO
TUR087-001754,2025-03-03,2025-03-14,H2,directo,9,189.01,0,CL
TUR087-001755,2025-03-03,2025-05-04,H3,agencia,9,215.35,0,PE
TUR087-001756,2025-03-03,2025-03-07,H1,agencia,2,133.17,0,PE
TUR087-001757,2025-03-03,2025-05-10,H2,agencia,11,181.26,0,ES
TUR087-001758,2025-03-04,2025-07-31,H3,agencia,7,220.94,0,PE
TUR087-001759,2025-03-04,2025-04-22,H1,directo,9,140.62,0,CO
TUR087-001760,2025-03-04,2025-03-27,H2,agencia,11,169.93,0,CO
TUR087-001761,2025-03-04,2025-05-07,H3,agencia,12,225.87,0,ES
TUR087-001762,2025-03-05,2025-05-22,H1,directo,5,145.72,0,CL
TUR087-001763,2025-03-05,2025-03-11,H2,directo,3,187.09,0,CL
TUR087-001764,2025-03-05,2025-05-30,H3,plataforma,3,225.71,0,ES
TUR087-001765,2025-03-05,2025-06-15,H1,directo,6,124.19,0,ES
TUR087-001766,2025-03-06,2025-06-10,H2,plataforma,6,179.82,0,CL
TUR087-001767,2025-03-06,2025-08-01,H3,directo,11,216.63,1,CO
TUR087-001768,2025-03-06,2025-05-02,H1,plataforma,12,141.89,0,CL
TUR087-001769,2025-03-06,2025-05-10,H2,agencia,5,172.72,0,CO
TUR087-001770,2025-03-07,2025-03-17,H3,directo,6,231.39,0,ES
TUR087-001771,2025-03-07,2025-04-24,H1,plataforma,4,137.21,0,PE
TUR087-001772,2025-03-07,2025-03-31,H2,plataforma,7,190.34,1,ES
TUR087-001773,2025-03-07,2025-04-06,H3,agencia,5,213.23,0,PE
TUR087-001774,2025-03-08,2025-04-01,H1,directo,3,139.31,0,CO
TUR087-001775,2025-03-08,2025-03-26,H2,directo,10,176.54,1,CL
TUR087-001776,2025-03-08,2025-05-07,H3,agencia,11,234.43,0,PE
TUR087-001777,2025-03-08,2025-05-06,H1,plataforma,3,133.41,0,ES
TUR087-001778,2025-03-08,2025-04-30,H2,plataforma,3,190.03,1,CL
TUR087-001779,2025-03-09,2025-07-23,H3,directo,11,224.49,0,CO
TUR087-001780,2025-03-09,2025-07-14,H1,plataforma,8,126.35,0,CL
TUR087-001781,2025-03-09,2025-03-29,H2,directo,6,174.21,1,PE
TUR087-001782,2025-03-09,2025-07-27,H3,directo,1,215.04,1,CO
TUR087-001783,2025-03-10,2025-05-30,H1,agencia,7,139.7,0,PE
TUR087-001784,2025-03-10,2025-04-11,H2,plataforma,7,171.56,0,ES
TUR087-001785,2025-03-10,2025-03-17,H3,plataforma,2,220.38,0,CL
TUR087-001786,2025-03-10,2025-06-26,H1,directo,6,136.74,0,CO
TUR087-001787,2025-03-11,2025-07-03,H2,directo,7,174.04,0,CL
TUR087-001788,2025-03-11,2025-03-23,H3,agencia,1,222.39,0,CO
TUR087-001789,2025-03-11,2025-04-02,H1,plataforma,8,141.32,1,ES
TUR087-001790,2025-03-11,2025-04-22,H2,directo,8,187.54,0,ES
TUR087-001791,2025-03-12,2025-05-06,H3,agencia,3,216.18,0,CL
TUR087-001792,2025-03-12,2025-06-15,H1,directo,2,126.52,0,CO
TUR087-001793,2025-03-12,2025-05-02,H2,directo,1,188.19,0,CO
TUR087-001794,2025-03-12,2025-06-08,H3,plataforma,1,230.7,0,ES
TUR087-001795,2025-03-13,2025-03-22,H1,plataforma,11,128.3,1,CL
TUR087-001796,2025-03-13,2025-05-01,H2,agencia,5,190.6,0,PE
TUR087-001797,2025-03-13,2025-03-25,H3,directo,3,229.29,1,PE
TUR087-001798,2025-03-13,2025-06-09,H1,directo,7,145.9,1,PE
TUR087-001799,2025-03-14,2025-05-18,H2,agencia,9,178.9,1,CL
TUR087-001800,2025-03-14,2025-05-05,H3,directo,9,218.65,0,ES
TUR087-001801,2025-03-14,2025-05-26,H1,plataforma,8,144.37,0,CO
TUR087-001802,2025-03-14,2025-07-09,H2,agencia,3,183.66,0,ES
TUR087-001803,2025-03-15,2025-04-14,H3,agencia,9,215.1,0,PE
TUR087-001804,2025-03-15,2025-05-22,H1,agencia,6,148.37,0,CO
TUR087-001805,2025-03-15,2025-05-17,H2,agencia,3,179.44,0,CO
TUR087-001806,2025-03-15,2025-07-17,H3,plataforma,7,214.42,0,CL
TUR087-001807,2025-03-16,2025-07-02,H1,directo,11,133.05,0,PE
TUR087-001808,2025-03-16,2025-05-26,H2,agencia,2,191.06,0,CO
TUR087-001809,2025-03-16,2025-07-03,H3,directo,1,219.81,0,PE
TUR087-001810,2025-03-16,2025-07-18,H1,directo,5,139.14,0,CL
TUR087-001811,2025-03-17,2025-07-25,H2,agencia,9,189.95,0,PE
TUR087-001812,2025-03-17,2025-04-23,H3,agencia,7,223.19,0,PE
TUR087-001813,2025-03-17,2025-05-02,H1,directo,11,133.79,1,PE
TUR087-001814,2025-03-17,2025-04-15,H2,directo,7,185.51,0,CO
TUR087-001815,2025-03-18,2025-06-20,H3,plataforma,10,217.24,0,CL
TUR087-001816,2025-03-18,2025-04-25,H1,agencia,2,135.88,0,CO
TUR087-001817,2025-03-18,2025-07-28,H2,directo,11,176.2,0,ES
TUR087-001818,2025-03-18,2025-05-13,H3,plataforma,3,216.69,1,CO
TUR087-001819,2025-03-18,2025-06-05,H1,directo,12,137.73,0,CL
TUR087-001820,2025-03-19,2025-03-23,H2,directo,9,188.22,0,CL
TUR087-001821,2025-03-19,2025-07-01,H3,agencia,6,223.42,0,ES
TUR087-001822,2025-03-19,2025-07-13,H1,directo,8,138.21,1,ES
TUR087-001823,2025-03-19,2025-04-19,H2,plataforma,12,174.63,0,ES
TUR087-001824,2025-03-20,2025-04-11,H3,directo,6,224.08,0,CO
TUR087-001825,2025-03-20,2025-04-06,H1,directo,5,138.58,0,PE
TUR087-001826,2025-03-20,2025-05-17,H2,directo,10,192.59,0,ES
TUR087-001827,2025-03-20,2025-07-15,H3,directo,2,,0,ES
TUR087-001828,2025-03-21,2025-05-31,H1,plataforma,2,137.75,0,CL
TUR087-001829,2025-03-21,2025-05-25,H2,plataforma,8,193.22,0,CL
TUR087-001830,2025-03-21,2025-05-25,H3,plataforma,3,230.08,0,CL
TUR087-001831,2025-03-21,2025-04-12,H1,directo,4,140.72,0,ES
TUR087-001832,2025-03-22,2025-06-27,H2,agencia,8,174.33,0,ES
TUR087-001833,2025-03-22,2025-05-17,H3,agencia,2,229.92,0,PE
TUR087-001834,2025-03-22,2025-08-12,H1,agencia,12,124.72,0,ES
TUR087-001835,2025-03-22,2025-05-16,H2,agencia,10,180.06,1,ES
TUR087-001836,2025-03-23,2025-03-30,H3,plataforma,10,218.99,0,PE
TUR087-001837,2025-03-23,2025-04-20,H1,plataforma,9,126.74,0,CO
TUR087-001838,2025-03-23,2025-04-04,H2,plataforma,9,186.06,0,ES
TUR087-001839,2025-03-23,2025-03-29,H3,agencia,11,227.19,0,ES
TUR087-001840,2025-03-24,2025-05-11,H1,agencia,5,148.15,0,CL
TUR087-001841,2025-03-24,2025-08-08,H2,plataforma,9,193.4,0,PE
TUR087-001842,2025-03-24,2025-08-04,H3,plataforma,6,220.26,0,CO
TUR087-001843,2025-03-24,2025-05-02,H1,plataforma,11,147.2,0,PE
TUR087-001844,2025-03-25,2025-04-11,H2, DIRECTO ,6,177.01,0,ES
TUR087-001845,2025-03-25,2025-08-13,H3,agencia,3,219.08,1,ES
TUR087-001846,2025-03-25,2025-06-29,H1,agencia,12,148.1,1,CL
TUR087-001847,2025-03-25,2025-07-15,H2,directo,3,188.63,0,PE
TUR087-001848,2025-03-26,2025-06-13,H3,plataforma,10,238.49,0,PE
TUR087-001849,2025-03-26,2025-08-07,H1,agencia,3,142.65,0,CL
TUR087-001850,2025-03-26,2025-08-06,H2,agencia,1,173.15,0,CL
TUR087-001851,2025-03-26,2025-07-30,H3,agencia,12,226.63,0,CO
TUR087-001852,2025-03-27,2025-05-09,H1,agencia,5,129.05,0,ES
TUR087-001853,2025-03-27,2025-08-20,H2,plataforma,2,181.58,0,PE
TUR087-001854,2025-03-27,2025-06-26,H3,agencia,1,233.4,0,PE
TUR087-001855,2025-03-27,2025-05-04,H1,plataforma,9,148.36,0,CL
TUR087-001856,2025-03-28,2025-07-28,H2,plataforma,10,179.57,1,PE
TUR087-001857,2025-03-28,2025-04-15,H3,directo,11,223.0,0,ES
TUR087-001858,2025-03-28,2025-03-30,H1,plataforma,8,138.85,0,ES
TUR087-001859,2025-03-28,2025-04-20,H2,directo,6,194.21,0,CO
TUR087-001860,2025-03-28,2025-03-31,H3,plataforma,6,239.27,0,ES
TUR087-001861,2025-03-29,2025-08-20,H1,agencia,10,149.15,0,PE
TUR087-001862,2025-03-29,2025-07-04,H2,plataforma,8,177.39,0,CL
TUR087-001863,2025-03-29,2025-07-11,H3,agencia,6,228.42,0,CO
TUR087-001864,2025-03-29,2025-04-16,H1,plataforma,8,136.22,0,ES
TUR087-001865,2025-03-30,2025-05-03,H2,agencia,12,193.07,0,CO
TUR087-001866,2025-03-30,2025-04-01,H3,agencia,5,234.33,0,CO
TUR087-001867,2025-03-30,2025-07-03,H1,agencia,2,130.94,0,ES
TUR087-001868,2025-03-30,2025-06-29,H2,directo,5,194.13,0,CL
TUR087-001869,2025-03-31,2025-04-26,H3,agencia,1,227.52,0,CL
TUR087-001870,2025-03-31,2025-05-10,H1,agencia,1,141.02,0,CO
TUR087-001871,2025-03-31,2025-05-18,H2,directo,10,190.83,1,ES
TUR087-001872,2025-03-31,2025-08-27,H3,plataforma,2,225.31,1,ES
TUR087-001873,2025-04-01,2025-05-14,H1,plataforma,2,140.49,0,CL
TUR087-001874,2025-04-01,2025-05-28,H2,plataforma,6,188.12,0,ES
TUR087-001875,2025-04-01,2025-06-28,H3,agencia,1,220.63,0,CO
TUR087-001876,2025-04-01,2025-07-15,H1,directo,3,147.67,0,PE
TUR087-001877,2025-04-02,2025-05-05,H2,agencia,12,182.76,0,CL
TUR087-001878,2025-04-02,2025-07-30,H3,directo,11,225.36,0,CO
TUR087-001879,2025-04-02,2025-06-17,H1,directo,2,128.22,0,ES
TUR087-001880,2025-04-02,2025-05-06,H2,agencia,5,178.22,0,PE
TUR087-001881,2025-04-03,2025-05-24,H3,directo,1,227.77,0,ES
TUR087-001882,2025-04-03,2025-06-13,H1,directo,12,143.7,0,CL
TUR087-001883,2025-04-03,2025-05-16,H2,plataforma,10,194.03,0,PE
TUR087-001884,2025-04-03,2025-05-01,H3,directo,12,236.83,1,CO
TUR087-001885,2025-04-04,2025-06-17,H1,agencia,11,132.28,0,ES
TUR087-001886,2025-04-04,2025-04-14,H2,directo,8,180.2,0,CO
TUR087-001887,2025-04-04,2025-05-27,H3,directo,1,219.8,1,CO
TUR087-001888,2025-04-04,2025-06-25,H1,plataforma,2,143.9,0,CL
TUR087-001889,2025-04-05,2025-07-11,H2,directo,8,190.7,0,PE
TUR087-001890,2025-04-05,2025-07-18,H3,directo,2,236.1,1,CL
TUR087-001891,2025-04-05,2025-07-26,H1,agencia,9,133.12,1,CL
TUR087-001892,2025-04-05,2025-06-26,H2,directo,2,183.09,0,ES
TUR087-001893,2025-04-06,2025-05-04,H3,directo,6,231.22,0,ES
TUR087-001894,2025-04-06,2025-06-09,H1,agencia,11,128.08,0,CO
TUR087-001895,2025-04-06,2025-05-17,H2,plataforma,11,178.08,0,PE
TUR087-001896,2025-04-06,2025-07-24,H3,directo,6,236.64,0,ES
TUR087-001897,2025-04-06,2025-06-25,H1,plataforma,9,149.03,0,CL
TUR087-001898,2025-04-07,2025-05-29,H2,agencia,12,180.84,0,ES
TUR087-001899,2025-04-07,2025-05-12,H3,agencia,12,223.46,0,ES
TUR087-001900,2025-04-07,2025-05-14,H1,plataforma,1,"140,59",1,PE
TUR087-001901,2025-04-07,2025-07-13,H2,agencia,10,182.34,0,CO
TUR087-001902,2025-04-08,2025-08-07,H3,agencia,4,230.09,0,CO
TUR087-001903,2025-04-08,2025-06-18,H1,plataforma,9,130.93,0,ES
TUR087-001904,2025-04-08,2025-04-13,H2,plataforma,2,188.69,0,ES
TUR087-001905,2025-04-08,2025-07-23,H3,agencia,12,230.93,0,ES
TUR087-001906,2025-04-09,2025-07-11,H1,directo,5,141.39,1,ES
TUR087-001907,2025-04-09,2025-05-31,H2,agencia,11,193.52,0,CO
TUR087-001908,2025-04-09,2025-05-02,H3,plataforma,2,231.76,0,PE
TUR087-001909,2025-04-09,2025-06-30,H1,agencia,8,145.5,0,PE
TUR087-001910,2025-04-10,2025-06-14,H2,plataforma,1,,0,CO
TUR087-001911,2025-04-10,2025-07-24,H3,directo,9,216.26,0,CO
TUR087-001912,2025-04-10,2025-06-20,H1,plataforma,6,124.75,0,CL
TUR087-001913,2025-04-10,2025-04-26,H2,agencia,6,180.12,0,ES
TUR087-001914,2025-04-11,2025-04-30,H3,plataforma,7,218.79,0,CL
TUR087-001915,2025-04-11,2025-09-06,H1,directo,11,144.38,0,ES
TUR087-001916,2025-04-11,2025-06-11,H2,directo,3,189.69,0,CL
TUR087-001917,2025-04-11,2025-04-21,H3,directo,4,223.41,0,ES
TUR087-001918,2025-04-12,2025-06-21,H1,directo,2,133.89,0,CL
TUR087-001919,2025-04-12,2025-07-07,H2,agencia,3,171.26,0,PE
TUR087-001920,2025-04-12,2025-05-26,H3,agencia,2,222.9,0,PE
TUR087-001921,2025-04-12,2025-07-26,H1,directo,4,126.64,0,CO
TUR087-001922,2025-04-13,2025-08-03,H2,agencia,12,179.84,0,CL
TUR087-001923,2025-04-13,2025-04-14,H3,agencia,9,224.92,0,PE
TUR087-001924,2025-04-13,2025-05-24,H1,agencia,9,127.04,0,CO
TUR087-001925,2025-04-13,2025-06-01,H2,plataforma,8,188.44,0,CO
TUR087-001926,2025-04-14,2025-08-25,H3,agencia,6,236.37,0,PE
TUR087-001927,2025-04-14,2025-07-14,H1,plataforma,12,133.21,1,ES
TUR087-001928,2025-04-14,2025-08-17,H2,agencia,10,177.17,0,CO
TUR087-001929,2025-04-14,2025-04-18,H3,directo,7,221.83,1,ES
TUR087-001930,2025-04-15,2025-06-18,H1,agencia,11,145.02,0,ES
TUR087-001931,2025-04-15,2025-07-06,H2,plataforma,10,189.0,0,ES
TUR087-001932,2025-04-15,2025-06-02,H3,plataforma,6,215.98,1,PE
TUR087-001933,2025-04-15,2025-08-02,H1,plataforma,12,145.42,1,CO
TUR087-001934,2025-04-16,2025-08-26,H2,plataforma,9,187.87,0,CL
TUR087-001935,2025-04-16,2025-04-21,H3,plataforma,8,235.55,0,ES
TUR087-001936,2025-04-16,2025-07-16,H1,plataforma,1,128.09,0,ES
TUR087-001937,2025-04-16,2025-07-05,H2,plataforma,1,186.12,1,CO
TUR087-001938,2025-04-16,2025-07-20,H3,agencia,1,224.33,1,PE
TUR087-001939,2025-04-17,2025-06-03,H1,directo,2,125.84,0,CL
TUR087-001940,2025-04-17,2025-08-29,H2,agencia,5,190.34,0,ES
TUR087-001941,2025-04-17,2025-08-15,H3, DIRECTO ,11,221.66,1,ES
TUR087-001942,2025-04-17,2025-05-16,H1,agencia,9,135.23,0,CO
TUR087-001943,2025-04-18,2025-06-14,H2,agencia,7,192.79,0,PE
TUR087-001944,2025-04-18,2025-07-21,H3,directo,11,236.39,0,CL
TUR087-001945,2025-04-18,2025-07-02,H1,directo,3,131.22,0,PE
TUR087-001946,2024-02-30,2025-05-11,H2,agencia,11,180.96,0,CO
TUR087-001947,2025-04-19,2025-07-28,H3,agencia,10,230.46,0,PE
TUR087-001948,2025-04-19,2025-08-01,H1,agencia,5,141.43,0,PE
TUR087-001949,2025-04-19,2025-05-03,H2,agencia,6,172.87,0,CL
TUR087-001950,2025-04-19,2025-06-23,H3,directo,11,234.37,0,CL
TUR087-001951,2025-04-20,2025-06-22,H1,directo,6,146.77,1,CO
TUR087-001952,2025-04-20,2025-06-21,H2,directo,7,169.73,0,PE
TUR087-001953,2025-04-20,2025-04-29,H3,directo,10,224.74,0,ES
TUR087-001954,2025-04-20,2025-07-03,H1,directo,9,130.15,0,CO
TUR087-001955,2025-04-21,2025-04-22,H2,agencia,12,192.45,0,ES
TUR087-001956,2025-04-21,2025-06-10,H3,plataforma,10,227.51,0,CL
TUR087-001957,2025-04-21,2025-07-28,H1,agencia,1,133.9,0,ES
TUR087-001958,2025-04-21,2025-05-01,H2,plataforma,3,168.87,1,CL
TUR087-001959,2025-04-22,2025-08-06,H3,plataforma,2,236.45,0,PE
TUR087-001960,2025-04-22,2025-05-14,H1,directo,3,146.58,1,CO
TUR087-001961,2025-04-22,2025-06-24,H2,plataforma,2,185.07,1,CL
TUR087-001962,2025-04-22,2025-08-14,H3,plataforma,4,237.53,0,CL
TUR087-001963,2025-04-23,2025-07-20,H1,directo,1,125.22,0,PE
TUR087-001964,2025-04-23,2025-06-04,H2,plataforma,7,180.57,1,PE
TUR087-001965,2025-04-23,2025-08-02,H3,agencia,9,217.63,0,CL
TUR087-001966,2025-04-23,2025-06-09,H1,agencia,7,130.82,0,ES
TUR087-001967,2025-04-24,2025-06-12,H2,directo,6,186.48,0,CO
TUR087-001968,2025-04-24,2025-05-12,H3,directo,10,222.28,0,CL
TUR087-001969,2025-04-24,2025-07-06,H1,plataforma,12,132.91,0,PE
TUR087-001970,2025-04-24,2025-09-07,H2,plataforma,7,168.67,1,CO
TUR087-001971,2025-04-25,2025-07-02,H3,plataforma,8,231.2,0,ES
TUR087-001972,2025-04-25,2025-06-25,H1,directo,11,146.61,0,PE
TUR087-001973,2025-04-25,2025-07-03,H2,plataforma,6,178.29,0,PE
TUR087-001974,2025-04-25,2025-05-23,H3,directo,4,234.09,0,CL
TUR087-001975,2025-04-25,2025-06-14,H1,directo,11,137.14,1,CL
TUR087-001976,2025-04-26,2025-05-09,H2,plataforma,2,179.93,0,CL
TUR087-001977,2025-04-26,2025-09-15,H3,plataforma,12,219.98,1,CL
TUR087-001978,2025-04-26,2025-06-30,H1,plataforma,1,137.54,0,CO
TUR087-001979,2025-04-26,2025-05-26,H2,plataforma,10,186.25,0,CL
TUR087-001980,2025-04-27,2025-07-05,H3,agencia,8,236.64,0,CO
TUR087-001981,2025-04-27,2025-06-13,H1,plataforma,5,134.98,0,PE
TUR087-001982,2025-04-27,2025-06-19,H2,agencia,11,175.69,0,CO
TUR087-001983,2025-04-27,2025-08-16,H3,plataforma,5,236.95,0,CL
TUR087-001984,2025-04-28,2025-05-16,H1,plataforma,5,146.35,0,CO
TUR087-001985,2025-04-28,2025-09-16,H2,plataforma,7,171.61,1,PE
TUR087-001986,2025-04-28,2025-09-24,H3,plataforma,5,213.04,0,CL
TUR087-001987,2025-04-28,2025-05-16,H1,plataforma,11,134.38,1,CO
TUR087-001988,2025-04-29,2025-05-01,H2,directo,1,174.22,0,CL
TUR087-001989,2025-04-29,2025-05-13,H3,plataforma,2,215.02,0,CL
TUR087-001990,2025-04-29,2025-07-07,H1,agencia,4,126.27,0,CO
TUR087-001991,2025-04-29,2025-08-24,H2,plataforma,9,175.06,0,CO
TUR087-001992,2025-04-30,2025-07-17,H3,agencia,10,228.87,0,CO
TUR087-001993,2025-04-30,2025-06-05,H1,agencia,2,,0,CL
TUR087-001994,2025-04-30,2025-08-31,H2,directo,11,168.42,1,ES
TUR087-001995,2025-04-30,2025-09-14,H3,plataforma,3,235.25,1,CO
TUR087-001996,2025-05-01,2025-08-14,H1,agencia,6,143.17,0,ES
TUR087-001997,2025-05-01,2025-07-26,H2,directo,1,171.05,0,CO
TUR087-001998,2025-05-01,2025-09-17,H3,directo,12,217.01,0,CO
TUR087-001999,2025-05-01,2025-05-20,H1,plataforma,3,143.75,0,ES
TUR087-002000,2025-05-02,2025-07-19,H2,agencia,5,169.21,0,ES
TUR087-002001,2025-05-02,2025-08-29,H3,agencia,11,226.11,0,ES
TUR087-002002,2025-05-02,2025-06-21,H1,plataforma,6,135.64,0,CL
TUR087-002003,2025-05-02,2025-09-05,H2,agencia,7,176.75,0,ES
TUR087-002004,2025-05-03,2025-07-03,H3,plataforma,6,231.7,0,ES
TUR087-002005,2025-05-03,2025-05-29,H1,directo,11,135.45,0,CO
TUR087-002006,2025-05-03,2025-09-19,H2,agencia,7,182.15,0,PE
TUR087-002007,2025-05-03,2025-06-29,H3,directo,4,214.59,1,PE
TUR087-002008,2025-05-04,2025-06-04,H1,directo,12,131.61,1,CL
TUR087-002009,2025-05-04,2025-08-19,H2,agencia,11,175.26,1,CL
TUR087-002010,2025-05-04,2025-06-19,H3,agencia,1,229.48,1,CO
TUR087-002011,2025-05-04,2025-07-04,H1,agencia,4,133.2,0,CL
TUR087-002012,2025-05-05,2025-07-06,H2,agencia,9,183.55,0,CO
TUR087-002013,2025-05-05,2025-06-12,H3,plataforma,9,229.38,0,CL
TUR087-002014,2025-05-05,2025-07-25,H1,agencia,6,120.72,0,CL
TUR087-002015,2025-05-05,2025-07-24,H2,plataforma,1,179.45,0,PE
TUR087-002016,2025-05-05,2025-08-13,H3,agencia,3,230.98,0,ES
TUR087-002017,2025-05-06,2025-09-05,H1,directo,9,129.13,0,CL
TUR087-002018,2025-05-06,2025-09-01,H2,directo,10,170.08,0,ES
TUR087-002019,2025-05-06,2025-09-18,H3,agencia,10,213.72,0,CL
TUR087-002020,2025-05-06,2025-05-28,H1,agencia,3,126.84,0,CL
TUR087-002021,2025-05-07,2025-06-13,H2,directo,12,165.41,0,CL
TUR087-002022,2025-05-07,2025-06-07,H3,plataforma,1,224.06,1,ES
TUR087-002023,2025-05-07,2025-05-20,H1,directo,8,120.7,0,ES
TUR087-002024,2025-05-07,2025-06-08,H2,directo,4,170.48,0,CL
TUR087-002025,2025-05-08,2025-09-12,H3,plataforma,9,232.08,0,CL
TUR087-002026,2025-05-08,2025-09-02,H1,plataforma,8,141.23,0,CL
TUR087-002027,2025-05-08,2025-06-24,H2,directo,2,177.77,0,ES
TUR087-002028,2025-05-08,2025-07-14,H3,plataforma,7,230.48,0,PE
TUR087-002029,2025-05-09,2025-09-26,H1,directo,3,134.73,0,CL
TUR087-002030,2025-05-09,2025-08-01,H2,directo,4,175.45,1,CL
TUR087-002031,2025-05-09,2025-08-17,H3,directo,1,224.72,0,CL
TUR087-002032,2025-05-09,2025-07-17,H1,agencia,5,127.02,1,ES
TUR087-002033,2025-05-10,2025-10-04,H2,directo,6,168.5,0,PE
TUR087-002034,2025-05-10,2025-05-18,H3,plataforma,2,226.27,0,ES
TUR087-002035,2025-05-10,2025-05-23,H1,plataforma,10,125.62,1,PE
TUR087-002036,2025-05-10,2025-08-11,H2,directo,4,167.11,1,PE
TUR087-002037,2025-05-11,2025-09-01,H3,agencia,5,216.63,0,ES
TUR087-002038,2025-05-11,2025-09-07,H1, DIRECTO ,11,118.91,0,PE
TUR087-002039,2025-05-11,2025-07-12,H2,agencia,10,182.31,0,ES
TUR087-002040,2025-05-11,2025-07-28,H3,plataforma,12,222.59,0,PE
TUR087-002041,2025-05-12,2025-07-25,H1,plataforma,10,134.96,0,CL
TUR087-002042,2025-05-12,2025-10-04,H2,plataforma,5,176.72,0,PE
TUR087-002043,2025-05-12,2025-06-20,H3,directo,1,212.2,0,CO
TUR087-002044,2025-05-12,2025-07-19,H1,directo,6,126.01,0,CL
TUR087-002045,2025-05-13,2025-08-17,H2,directo,10,185.4,0,PE
TUR087-002046,2025-05-13,2025-08-26,H3,agencia,5,216.05,0,CO
TUR087-002047,2025-05-13,2025-08-16,H1,plataforma,3,142.02,0,ES
TUR087-002048,2025-05-13,2025-07-24,H2,plataforma,1,171.65,0,PE
TUR087-002049,2025-05-14,2025-07-09,H3,agencia,9,209.45,1,CO
TUR087-002050,2025-05-14,2025-05-25,H1,plataforma,8,131.87,0,PE
TUR087-002051,2025-05-14,2025-10-06,H2,directo,4,175.98,0,CL
TUR087-002052,2025-05-14,2025-06-01,H3,plataforma,7,224.09,1,CL
TUR087-002053,2025-05-15,2025-08-31,H1,agencia,8,126.71,0,CL
TUR087-002054,2025-05-15,2025-05-23,H2,agencia,12,169.49,0,ES
TUR087-002055,2025-05-15,2025-10-11,H3,agencia,5,214.03,0,CL
TUR087-002056,2025-05-15,2025-08-27,H1,agencia,4,136.76,0,CO
TUR087-002057,2025-05-15,2025-09-29,H2,plataforma,12,165.21,0,PE
TUR087-002058,2025-05-16,2025-06-18,H3,plataforma,12,209.45,1,CO
TUR087-002059,2025-05-16,2025-09-11,H1,directo,3,133.22,0,ES
TUR087-002060,2025-05-16,2025-09-08,H2,directo,6,167.31,0,CL
TUR087-002061,2025-05-16,2025-07-18,H3,directo,2,217.86,0,CL
TUR087-002062,2025-05-17,2025-08-25,H1,directo,8,119.93,0,CL
TUR087-002063,2025-05-17,2025-07-31,H2,agencia,12,167.97,1,ES
TUR087-002064,2025-05-17,2025-10-07,H3,directo,6,208.61,0,CL
TUR087-002065,2025-05-17,2025-08-18,H1,plataforma,1,138.45,1,CL
TUR087-002066,2025-05-18,2025-07-15,H2,agencia,5,168.6,0,ES
TUR087-002067,2025-05-18,2025-09-07,H3,plataforma,7,208.55,1,CL
TUR087-002068,2025-05-18,2025-09-16,H1,directo,7,131.6,0,CL
TUR087-002069,2025-05-18,2025-08-30,H2,agencia,3,166.13,0,CL
TUR087-002070,2025-05-19,2025-06-30,H3,plataforma,3,218.95,0,CL
TUR087-002071,2025-05-19,2025-08-08,H1,agencia,5,140.18,0,CO
TUR087-002072,2025-05-19,2025-08-22,H2,plataforma,8,170.47,0,PE
TUR087-002073,2025-05-19,2025-10-10,H3,plataforma,1,214.25,1,PE
TUR087-002074,2025-05-20,2025-07-29,H1,agencia,8,130.79,0,ES
TUR087-002075,2025-05-20,2025-05-21,H2,agencia,10,161.63,0,CO
TUR087-002076,2025-05-20,2025-10-03,H3,agencia,9,,0,PE
TUR087-002077,2025-05-20,2025-06-26,H1,plataforma,7,131.09,0,ES
TUR087-002078,2025-05-21,2025-09-30,H2,directo,12,160.66,0,CL
TUR087-002079,2025-05-21,2025-06-09,H3,agencia,12,222.87,0,PE
TUR087-002080,2025-05-21,2025-10-07,H1,plataforma,6,121.75,0,CO
TUR087-002081,2025-05-21,2025-06-20,H2,directo,8,161.12,0,CO
TUR087-002082,2025-05-22,2025-09-29,H3,agencia,12,205.79,0,PE
TUR087-002083,2025-05-22,2025-07-17,H1,plataforma,4,125.97,1,CO
TUR087-002084,2025-05-22,2025-07-04,H2,agencia,6,175.86,0,CL
TUR087-002085,2025-05-22,2025-08-02,H3,agencia,5,212.42,0,ES
TUR087-002086,2025-05-23,2025-07-14,H1,directo,10,134.1,0,CO
TUR087-002087,2025-05-23,2025-06-11,H2,plataforma,7,160.76,0,ES
TUR087-002088,2025-05-23,2025-06-21,H3,agencia,1,215.91,0,ES
TUR087-002089,2025-05-23,2025-08-12,H1,agencia,9,118.26,0,CO
TUR087-002090,2025-05-24,2025-08-07,H2,directo,7,167.7,0,CO
TUR087-002091,2025-05-24,2025-08-10,H3,directo,11,205.63,0,PE
TUR087-002092,2025-05-24,2025-09-30,H1,directo,3,121.05,1,PE
TUR087-002093,2025-05-24,2025-07-02,H2,plataforma,3,168.62,0,CO
TUR087-002094,2025-05-24,2025-09-23,H3,directo,11,227.39,0,PE
TUR087-002095,2025-05-25,2025-06-10,H1,plataforma,1,133.54,0,CO
TUR087-002096,2025-05-25,2025-09-11,H2,directo,8,175.24,0,ES
TUR087-002097,2025-05-25,2025-07-26,H3,plataforma,9,218.68,0,CO
TUR087-002098,2025-05-25,2025-07-03,H1,agencia,11,135.66,0,ES
TUR087-002099,2025-05-26,2025-09-28,H2,directo,7,166.32,0,CO
TUR087-002100,2025-05-26,2025-06-25,H3,agencia,2,209.53,0,ES
TUR087-002101,2025-05-26,2025-10-01,H1,plataforma,5,137.15,0,ES
TUR087-002102,2025-05-26,2025-09-13,H2,directo,3,173.78,0,PE
TUR087-002103,2025-05-27,2025-08-24,H3,directo,5,204.16,1,ES
TUR087-002104,2025-05-27,2025-07-05,H1,directo,7,127.63,0,PE
TUR087-002105,2025-05-27,2025-09-08,H2,plataforma,9,173.7,1,CL
TUR087-002106,2025-05-27,2025-07-08,H3,directo,3,203.25,0,ES
TUR087-002107,2025-05-28,2025-06-03,H1,agencia,2,124.39,0,CL
TUR087-002108,2025-05-28,2025-06-08,H2,agencia,1,158.19,0,PE
TUR087-002109,2025-05-28,2025-07-04,H3,plataforma,5,210.09,0,CL
TUR087-002110,2025-05-28,2025-10-12,H1,agencia,4,114.44,1,PE
TUR087-002111,2025-05-29,2025-06-21,H2,plataforma,1,"161,95",0,CL
TUR087-002112,2025-05-29,2025-09-20,H3,directo,8,215.91,0,CO
TUR087-002113,2025-05-29,2025-06-03,H1,plataforma,5,112.9,0,PE
TUR087-002114,2025-05-29,2025-10-26,H2,agencia,1,178.52,0,CL
TUR087-002115,2025-05-30,2025-09-27,H3,agencia,10,216.12,0,CL
TUR087-002116,2025-05-30,2025-08-16,H1,agencia,1,115.76,0,CL
TUR087-002117,2025-05-30,2025-10-25,H2,agencia,10,175.98,0,CL
TUR087-002118,2025-05-30,2025-08-15,H3,agencia,10,210.09,0,PE
TUR087-002119,2025-05-31,2025-07-06,H1,directo,12,115.6,0,PE
TUR087-002120,2025-05-31,2025-08-25,H2,directo,5,164.87,0,CL
TUR087-002121,2025-05-31,2025-07-05,H3,agencia,12,203.25,1,CL
TUR087-002122,2025-05-31,2025-10-01,H1,plataforma,3,116.13,0,CO
TUR087-002123,2025-06-01,2025-08-11,H2,plataforma,8,166.63,0,PE
TUR087-002124,2025-06-01,2025-08-14,H3,agencia,4,220.36,1,ES
TUR087-002125,2025-06-01,2025-06-21,H1,agencia,5,129.65,0,ES
TUR087-002126,2025-06-01,2025-06-14,H2,agencia,6,170.31,1,CL
TUR087-002127,2025-06-02,2025-10-09,H3,plataforma,12,212.79,0,CL
TUR087-002128,2025-06-02,2025-09-30,H1,agencia,6,111.98,0,CO
TUR087-002129,2025-06-02,2025-10-16,H2,agencia,3,164.35,1,PE
TUR087-002130,2025-06-02,2025-07-30,H3,agencia,9,219.36,0,PE
TUR087-002131,2025-06-03,2025-07-08,H1,plataforma,1,123.05,0,CL
TUR087-002132,2025-06-03,2025-10-01,H2,plataforma,11,167.14,1,CO
TUR087-002133,2025-06-03,2025-08-24,H3,directo,9,210.92,1,ES
TUR087-002134,2025-06-03,2025-09-06,H1,agencia,7,111.13,1,PE
TUR087-002135,2025-06-03,2025-10-16,H2, AGENCIA ,10,176.75,0,CL
TUR087-002136,2025-06-04,2025-07-05,H3,agencia,11,214.39,0,ES
TUR087-002137,2025-06-04,2025-07-19,H1,directo,9,114.75,0,CL
TUR087-002138,2025-06-04,2025-06-30,H2,plataforma,8,171.01,1,ES
TUR087-002139,2025-06-04,2025-10-07,H3,agencia,9,221.52,0,ES
TUR087-002140,2025-06-05,2025-08-10,H1,agencia,8,125.3,0,CO
TUR087-002141,2025-06-05,2025-07-07,H2,directo,11,176.05,0,CL
TUR087-002142,2025-06-05,2025-08-30,H3,agencia,9,210.25,1,ES
TUR087-002143,2025-06-05,2025-09-02,H1,plataforma,11,123.75,0,PE
TUR087-002144,2025-06-06,2025-10-13,H2,agencia,5,155.86,0,PE
TUR087-002145,2025-06-06,2025-10-30,H3,agencia,2,209.75,0,CO
TUR087-002146,2025-06-06,2025-10-28,H1,plataforma,9,117.13,0,PE
TUR087-002147,2025-06-06,2025-06-19,H2,agencia,8,168.3,1,CO
TUR087-002148,2025-06-07,2025-09-15,H3,plataforma,6,211.61,0,CL
TUR087-002149,2025-06-07,2025-08-14,H1,agencia,7,124.92,0,CO
TUR087-002150,2025-06-07,2025-07-21,H2,directo,9,162.44,0,CL
TUR087-002151,2025-06-07,2025-08-26,H3,directo,2,205.75,0,CO
TUR087-002152,2025-06-08,2025-07-21,H1,directo,4,109.18,0,ES
TUR087-002153,2025-06-08,2025-07-30,H2,directo,12,171.53,0,PE
TUR087-002154,2025-06-08,2025-08-24,H3,plataforma,2,212.49,0,CL
TUR087-002155,2025-06-08,2025-09-18,H1,agencia,9,127.21,0,ES
TUR087-002156,2025-06-09,2025-10-10,H2,directo,4,158.24,0,CL
TUR087-002157,2025-06-09,2025-07-24,H3,directo,6,206.89,0,CO
TUR087-002158,2025-06-09,2025-10-19,H1,agencia,3,115.49,1,CL
TUR087-002159,2025-06-09,2025-10-19,H2,agencia,11,,1,CL
TUR087-002160,2025-06-10,2025-09-20,H3,agencia,10,197.93,0,PE
TUR087-002161,2025-06-10,2025-10-07,H1,directo,12,108.36,0,ES
TUR087-002162,2025-06-10,2025-09-11,H2,directo,8,153.77,0,CO
TUR087-002163,2025-06-10,2025-08-09,H3,agencia,1,206.81,1,ES
TUR087-002164,2025-06-11,2025-08-05,H1,plataforma,11,121.93,0,ES
TUR087-002165,2025-06-11,2025-11-04,H2,agencia,6,158.59,0,ES
TUR087-002166,2025-06-11,2025-06-12,H3,plataforma,7,220.22,0,PE
TUR087-002167,2025-06-11,2025-10-28,H1,directo,10,121.28,0,ES
TUR087-002168,2025-06-12,2025-07-20,H2,agencia,8,159.24,0,CL
TUR087-002169,2025-06-12,2025-10-16,H3,plataforma,5,211.81,0,CO
TUR087-002170,2025-06-12,2025-06-26,H1,agencia,2,114.03,0,ES
TUR087-002171,2025-06-12,2025-06-15,H2,directo,1,174.13,0,CO
TUR087-002172,2025-06-13,2025-07-29,H3,agencia,7,217.06,0,PE
TUR087-002173,2025-06-13,2025-07-15,H1,plataforma,7,125.61,0,CO
TUR087-002174,2025-06-13,2025-08-16,H2,plataforma,7,167.48,0,ES
TUR087-002175,2025-06-13,2025-07-05,H3,plataforma,4,212.24,0,ES
TUR087-002176,2025-06-13,2025-08-28,H1,agencia,3,108.29,0,PE
TUR087-002177,2025-06-14,2025-07-21,H2,plataforma,1,161.35,0,ES
TUR087-002178,2025-06-14,2025-06-19,H3,agencia,8,200.72,0,CO
TUR087-002179,2025-06-14,2025-10-08,H1,agencia,5,117.1,1,CL
TUR087-002180,2025-06-14,2025-07-19,H2,plataforma,7,151.46,1,CO
TUR087-002181,2025-06-15,2025-09-04,H3,directo,10,214.97,0,ES
TUR087-002182,2025-06-15,2025-08-08,H1,directo,12,104.44,0,CO
TUR087-002183,2025-06-15,2025-08-19,H2,directo,10,167.03,0,CO
TUR087-002184,2025-06-15,2025-11-05,H3,directo,5,213.2,0,CO
TUR087-002185,2025-06-16,2025-07-08,H1,agencia,12,120.78,0,PE
TUR087-002186,2025-06-16,2025-10-02,H2,plataforma,2,157.46,1,PE
TUR087-002187,2025-06-16,2025-08-08,H3,plataforma,5,205.41,0,CL
TUR087-002188,2025-06-16,2025-07-29,H1,directo,1,113.65,0,CO
TUR087-002189,2025-06-17,2025-08-30,H2,plataforma,6,155.9,1,CL
TUR087-002190,2025-06-17,2025-06-29,H3,directo,8,201.54,0,PE
TUR087-002191,2025-06-17,2025-10-25,H1,directo,11,113.04,0,ES
TUR087-002192,2025-06-17,2025-09-12,H2,plataforma,4,171.14,0,CL
TUR087-002193,2025-06-18,2025-07-18,H3,plataforma,7,193.86,0,ES
TUR087-002194,2025-06-18,2025-10-24,H1,plataforma,6,121.21,0,ES
TUR087-002195,2025-06-18,2025-09-21,H2,directo,4,162.3,0,ES
TUR087-002196,2025-06-18,2025-09-28,H3,agencia,9,203.47,0,CL
TUR087-002197,2025-06-19,2025-10-17,H1,plataforma,5,118.4,0,CO
TUR087-002198,2025-06-19,2025-08-09,H2,agencia,7,154.78,0,CL
TUR087-002199,2025-06-19,2025-11-11,H3,directo,5,204.54,1,CO
TUR087-002200,2025-06-19,2025-09-05,H1,plataforma,7,105.93,0,PE
TUR087-002201,2025-06-20,2025-10-13,H2,agencia,11,159.21,1,PE
TUR087-002202,2025-06-20,2025-09-08,H3,agencia,11,213.3,0,ES
TUR087-002203,2025-06-20,2025-08-22,H1,directo,5,112.71,0,ES
TUR087-002204,2025-06-20,2025-10-26,H2,plataforma,2,148.0,0,PE
TUR087-002205,2025-06-21,2025-11-08,H3,plataforma,12,214.41,1,CO
TUR087-002206,2025-06-21,2025-10-04,H1,agencia,5,109.45,1,PE
TUR087-002207,2025-06-21,2025-08-28,H2,agencia,1,167.67,0,PE
TUR087-002208,2025-06-21,2025-11-14,H3,agencia,9,202.48,1,CO
TUR087-002209,2025-06-22,2025-08-05,H1,plataforma,7,114.44,0,CL
TUR087-002210,2025-06-22,2025-10-06,H2,agencia,2,155.89,0,ES
TUR087-002211,2025-06-22,2025-11-07,H3,directo,2,194.17,1,CO
TUR087-002212,2025-06-22,2025-07-20,H1,directo,12,116.16,0,PE
TUR087-002213,2025-06-22,2025-09-14,H2,agencia,5,155.16,1,CO
TUR087-002214,2025-06-23,2025-09-08,H3,agencia,3,189.57,1,ES
TUR087-002215,2025-06-23,2025-09-25,H1,directo,3,124.2,1,CL
TUR087-002216,2025-06-23,2025-07-07,H2,directo,4,151.51,0,ES
TUR087-002217,2025-06-23,2025-07-22,H3,plataforma,3,192.84,0,CO
TUR087-002218,2025-06-24,2025-09-18,H1,agencia,8,123.51,0,PE
TUR087-002219,2025-06-24,2025-11-03,H2,directo,8,151.31,0,PE
TUR087-002220,2025-06-24,2025-08-02,H3,directo,4,194.14,1,CL
TUR087-002221,2025-06-24,2025-07-07,H1,directo,5,102.98,0,CO
TUR087-002222,2025-06-25,2025-09-17,H2,agencia,1,161.17,1,ES
TUR087-002223,2025-06-25,2025-10-24,H3,plataforma,11,198.11,0,ES
TUR087-002224,2025-06-25,2025-07-15,H1,directo,9,104.89,0,CL
TUR087-002225,2025-06-25,2025-07-31,H2,directo,8,153.54,1,CO
TUR087-002226,2025-06-26,2025-08-13,H3,agencia,2,202.69,0,ES
TUR087-002227,2025-06-26,2025-07-22,H1,plataforma,8,99.65,0,CO
TUR087-002228,2025-06-26,2025-10-01,H2,plataforma,8,148.16,0,PE
TUR087-002229,2025-06-26,2025-09-08,H3,plataforma,8,195.55,0,CL
TUR087-002230,2025-06-27,2025-08-14,H1,agencia,5,121.88,0,ES
TUR087-002231,2025-06-27,2025-07-28,H2,directo,6,155.12,1,CL
TUR087-002232,2025-06-27,2025-07-03,H3, AGENCIA ,7,201.36,0,CO
TUR087-002233,2025-06-27,2025-07-02,H1,plataforma,9,107.27,1,PE
TUR087-002234,2025-06-28,2025-10-03,H2,plataforma,4,164.43,0,CO
TUR087-002235,2025-06-28,2025-08-22,H3,plataforma,4,202.66,0,PE
TUR087-002236,2025-06-28,2025-09-01,H1,directo,12,97.08,0,ES
TUR087-002237,2025-06-28,2025-10-04,H2,plataforma,1,153.49,0,PE
TUR087-002238,2025-06-29,2025-07-31,H3,agencia,10,202.14,0,ES
TUR087-002239,2025-06-29,2025-09-09,H1,agencia,11,106.09,0,ES
TUR087-002240,2025-06-29,2025-11-12,H2,agencia,5,152.68,0,ES
TUR087-002241,2025-06-29,2025-09-18,H3,agencia,3,206.16,0,CO
TUR087-002242,2025-06-30,2025-07-05,H1,plataforma,3,,1,CO
TUR087-002243,2025-06-30,2025-10-24,H2,directo,10,141.11,0,CL
TUR087-002244,2025-06-30,2025-11-07,H3,directo,2,210.55,0,CO
TUR087-002245,2025-06-30,2025-08-04,H1,plataforma,6,119.59,0,CL
TUR087-002246,2025-07-01,2025-11-26,H2,agencia,6,154.9,0,ES
TUR087-002247,2025-07-01,2025-10-20,H3,agencia,3,191.46,0,CO
TUR087-002248,2025-07-01,2025-07-08,H1,plataforma,9,95.53,1,CO
TUR087-002249,2025-07-01,2025-10-26,H2,directo,6,143.01,1,CL
TUR087-002250,2025-07-02,2025-07-15,H3,agencia,8,192.97,0,ES
TUR087-002251,2025-07-02,2025-08-08,H1,plataforma,11,118.37,0,PE
TUR087-002252,2025-07-02,2025-11-11,H2,directo,5,141.06,0,CL
TUR087-002253,2025-07-02,2025-09-26,H3,directo,3,194.1,0,CO
TUR087-002254,2025-07-02,2025-09-28,H1,plataforma,6,104.63,0,PE
TUR087-002255,2025-07-03,2025-11-16,H2,directo,12,153.03,0,ES
TUR087-002256,2025-07-03,2025-09-21,H3,plataforma,6,204.41,0,CL
TUR087-002257,2025-07-03,2025-07-09,H1,directo,2,95.11,0,CO
TUR087-002258,2025-07-03,2025-10-18,H2,agencia,5,146.02,0,ES
TUR087-002259,2025-07-04,2025-11-13,H3,agencia,3,195.52,0,CO
TUR087-002260,2025-07-04,2025-11-10,H1,plataforma,4,109.66,1,CO
TUR087-002261,2025-07-04,2025-11-10,H2,plataforma,3,144.48,0,CO
TUR087-002262,2025-07-04,2025-11-12,H3,plataforma,6,206.33,0,CO
TUR087-002263,2025-07-05,2025-08-26,H1,agencia,6,115.23,1,ES
TUR087-002264,2025-07-05,2025-08-03,H2,plataforma,7,160.63,0,CO
TUR087-002265,2025-07-05,2025-10-28,H3,directo,6,198.02,0,CL
TUR087-002266,2025-07-05,2025-09-07,H1,directo,3,103.13,1,CO
TUR087-002267,2025-07-06,2025-07-26,H2,plataforma,6,140.73,0,CO
TUR087-002268,2025-07-06,2025-09-27,H3,plataforma,6,191.96,0,PE
TUR087-002269,2025-07-06,2025-11-03,H1,directo,12,95.75,0,CL
TUR087-002270,2025-07-06,2025-07-17,H2,agencia,6,155.58,0,ES
TUR087-002271,2025-07-07,2025-11-10,H3,plataforma,3,204.7,0,ES
TUR087-002272,2025-07-07,2025-10-10,H1,directo,2,102.79,0,ES
TUR087-002273,2025-07-07,2025-09-01,H2,plataforma,8,139.42,0,CL
TUR087-002274,2025-07-07,2025-09-13,H3,plataforma,6,202.26,0,CO
TUR087-002275,2025-07-08,2025-10-20,H1,plataforma,4,108.05,0,CO
TUR087-002276,2025-07-08,2025-11-15,H2,plataforma,1,143.35,0,CL
TUR087-002277,2025-07-08,2025-10-08,H3,agencia,2,204.25,0,PE
TUR087-002278,2025-07-08,2025-09-12,H1,plataforma,1,104.7,0,PE
TUR087-002279,2025-07-09,2025-10-18,H2,plataforma,5,154.8,1,CO
TUR087-002280,2025-07-09,2025-10-07,H3,directo,7,186.32,0,CO
TUR087-002281,2025-07-09,2025-07-22,H1,directo,7,95.9,0,ES
TUR087-002282,2025-07-09,2025-07-28,H2,agencia,7,160.1,0,CL
TUR087-002283,2025-07-10,2025-11-30,H3,plataforma,11,201.29,0,ES
TUR087-002284,2025-07-10,2025-07-17,H1,agencia,11,93.31,0,CL
TUR087-002285,2025-07-10,2025-09-19,H2,agencia,9,138.97,0,CL
TUR087-002286,2025-07-10,2025-11-01,H3,directo,4,196.09,0,ES
TUR087-002287,2025-07-11,2025-09-14,H1,plataforma,9,90.92,0,ES
TUR087-002288,2025-07-11,2025-08-19,H2,directo,7,137.77,0,ES
TUR087-002289,2025-07-11,2025-09-07,H3,agencia,1,201.56,0,PE
TUR087-002290,2025-07-11,2025-09-15,H1,agencia,7,114.62,0,CO
TUR087-002291,2025-07-11,2025-10-12,H2,agencia,11,143.08,0,PE
TUR087-002292,2025-07-12,2025-09-06,H3,agencia,7,180.94,0,ES
TUR087-002293,2025-07-12,2025-08-21,H1,plataforma,2,103.84,0,CO
TUR087-002294,2025-07-12,2025-11-08,H2,agencia,5,134.98,0,CL
TUR087-002295,2025-07-12,2025-08-08,H3,agencia,11,196.05,0,ES
TUR087-002296,2025-07-13,2025-08-08,H1,agencia,6,111.9,0,CO
TUR087-002297,2025-07-13,2025-08-19,H2,agencia,1,151.22,0,PE
TUR087-002298,2025-07-13,2025-09-13,H3,directo,1,186.91,0,ES
TUR087-002299,2025-07-13,2025-11-19,H1,plataforma,6,94.29,0,CO
TUR087-002300,2025-07-14,2025-11-20,H2,plataforma,9,158.12,1,CL
TUR087-002301,2025-07-14,2025-10-20,H3,agencia,4,192.32,0,ES
TUR087-002302,2025-07-14,2025-08-31,H1,agencia,6,109.69,0,ES
TUR087-002303,2025-07-14,2025-11-28,H2,directo,7,155.9,0,ES
TUR087-002304,2025-07-15,2025-12-04,H3,agencia,12,188.25,0,PE
TUR087-002305,2025-07-15,2025-10-15,H1,directo,4,107.92,0,CO
TUR087-002306,2025-07-15,2025-08-12,H2,agencia,8,147.1,0,ES
TUR087-002307,2025-07-15,2025-10-18,H3,directo,7,187.71,0,CO
TUR087-002308,2025-07-16,2025-09-21,H1,agencia,3,104.46,0,PE
TUR087-002309,2025-07-16,2025-10-03,H2,plataforma,11,140.68,0,CO
TUR087-002310,2025-07-16,2025-10-20,H3,agencia,2,181.34,0,CO
TUR087-002311,2025-07-16,2025-08-23,H1,plataforma,8,91.07,0,PE
TUR087-002312,2025-07-17,2025-12-06,H2,directo,3,134.94,0,CO
TUR087-002313,2025-07-17,2025-10-23,H3,directo,3,193.87,0,CO
TUR087-002314,2025-07-17,2025-11-23,H1,directo,11,106.85,1,CO
TUR087-002315,2025-07-17,2025-08-17,H2,agencia,11,135.3,0,PE
TUR087-002316,2025-07-18,2025-09-13,H3,agencia,11,195.07,0,ES
TUR087-002317,2025-07-18,2025-08-31,H1,plataforma,12,91.74,0,CO
TUR087-002318,2025-07-18,2025-08-23,H2,directo,4,144.66,0,CO
TUR087-002319,2025-07-18,2025-09-16,H3,plataforma,2,191.58,1,CO
TUR087-002320,2025-07-19,2025-11-18,H1,plataforma,11,95.44,1,ES
TUR087-002321,2025-07-19,2025-08-12,H2,agencia,11,137.97,0,ES
TUR087-002322,2025-07-19,2025-07-20,H3,plataforma,10,"182,39",0,CL
TUR087-002323,2025-07-19,2025-09-11,H1,plataforma,8,86.94,0,CO
TUR087-002324,2025-07-20,2025-11-20,H2,plataforma,3,136.02,0,CL
TUR087-002325,2025-07-20,2025-10-01,H3,agencia,6,,0,ES
TUR087-002326,2025-07-20,2025-10-31,H1,agencia,5,110.07,0,CO
TUR087-002327,2025-07-20,2025-09-21,H2,agencia,9,143.36,0,PE
TUR087-002328,2025-07-21,2025-12-11,H3,directo,1,185.67,0,CO
TUR087-002329,2025-07-21,2025-12-14,H1, AGENCIA ,2,100.7,0,ES
TUR087-002330,2025-07-21,2025-07-24,H2,directo,12,144.03,0,CO
TUR087-002331,2025-07-21,2025-10-30,H3,agencia,5,180.04,0,PE
TUR087-002332,2025-07-21,2025-12-12,H1,plataforma,2,87.96,0,CL
TUR087-002333,2025-07-22,2025-08-01,H2,directo,4,131.73,0,ES
TUR087-002334,2025-07-22,2025-11-14,H3,agencia,9,176.18,0,CO
TUR087-002335,2024-02-30,2025-11-13,H1,plataforma,11,94.37,1,PE
TUR087-002336,2025-07-22,2025-11-10,H2,agencia,9,139.99,1,CO
TUR087-002337,2025-07-23,2025-09-26,H3,directo,3,181.29,0,CL
TUR087-002338,2025-07-23,2025-09-11,H1,agencia,5,96.43,0,PE
TUR087-002339,2025-07-23,2025-10-25,H2,directo,4,145.08,0,CL
TUR087-002340,2025-07-23,2025-09-23,H3,directo,8,188.62,0,ES
TUR087-002341,2025-07-24,2025-12-09,H1,directo,3,93.1,1,ES
TUR087-002342,2025-07-24,2025-08-06,H2,directo,9,137.03,0,ES
TUR087-002343,2025-07-24,2025-08-25,H3,directo,3,187.51,0,CO
TUR087-002344,2025-07-24,2025-09-28,H1,agencia,4,98.58,0,CO
TUR087-002345,2025-07-25,2025-11-30,H2,directo,3,135.87,0,CO
TUR087-002346,2025-07-25,2025-10-02,H3,directo,2,184.01,0,CO
TUR087-002347,2025-07-25,2025-10-18,H1,plataforma,9,88.95,0,ES
TUR087-002348,2025-07-25,2025-09-27,H2,directo,2,151.06,0,ES
TUR087-002349,2025-07-26,2025-11-11,H3,agencia,8,196.01,0,ES
TUR087-002350,2025-07-26,2025-09-05,H1,plataforma,10,95.59,1,PE
TUR087-002351,2025-07-26,2025-12-10,H2,plataforma,4,135.26,1,ES
TUR087-002352,2025-07-26,2025-10-04,H3,plataforma,7,193.38,0,PE
TUR087-002353,2025-07-27,2025-10-08,H1,agencia,11,90.45,0,CO
TUR087-002354,2025-07-27,2025-12-04,H2,agencia,4,129.86,0,CL
TUR087-002355,2025-07-27,2025-12-09,H3,plataforma,3,173.53,0,CO
TUR087-002356,2025-07-27,2025-12-15,H1,agencia,5,99.83,0,ES
TUR087-002357,2025-07-28,2025-11-14,H2,plataforma,12,145.76,0,CO
TUR087-002358,2025-07-28,2025-09-30,H3,agencia,2,175.98,0,ES
TUR087-002359,2025-07-28,2025-09-25,H1,directo,10,105.66,0,PE
TUR087-002360,2025-07-28,2025-11-16,H2,directo,12,127.33,0,CO
TUR087-002361,2025-07-29,2025-11-17,H3,directo,2,184.19,0,CL
TUR087-002362,2025-07-29,2025-09-25,H1,plataforma,12,95.53,0,CL
TUR087-002363,2025-07-29,2025-11-26,H2,plataforma,9,131.9,0,PE
TUR087-002364,2025-07-29,2025-10-02,H3,agencia,12,180.23,0,CO
TUR087-002365,2025-07-30,2025-09-14,H1,plataforma,12,100.87,0,CL
TUR087-002366,2025-07-30,2025-07-31,H2,directo,5,149.18,0,CL
TUR087-002367,2025-07-30,2025-08-21,H3,agencia,8,194.47,0,CL
TUR087-002368,2025-07-30,2025-08-20,H1,plataforma,11,97.81,0,ES
TUR087-002369,2025-07-31,2025-08-31,H2,agencia,9,134.94,0,ES
TUR087-002370,2025-07-31,2025-10-22,H3,plataforma,11,187.68,0,CO
TUR087-002371,2025-07-31,2025-10-26,H1,directo,11,93.29,1,ES
TUR087-002372,2025-07-31,2025-12-08,H2,directo,2,144.69,0,ES
TUR087-002373,2025-07-31,2025-10-05,H3,agencia,6,187.91,0,CL
TUR087-002374,2025-08-01,2025-10-28,H1,agencia,10,85.04,1,CL
TUR087-002375,2025-08-01,2025-11-15,H2,agencia,5,138.62,1,PE
TUR087-002376,2025-08-01,2025-09-22,H3,plataforma,12,189.26,1,PE
TUR087-002377,2025-08-01,2025-08-20,H1,directo,10,86.81,0,ES
TUR087-002378,2025-08-02,2025-10-29,H2,agencia,1,129.74,1,CL
TUR087-002379,2025-08-02,2025-10-04,H3,directo,11,183.93,1,CL
TUR087-002380,2025-08-02,2025-11-19,H1,plataforma,4,92.37,0,PE
TUR087-002381,2025-08-02,2025-11-08,H2,agencia,12,149.04,0,CO
TUR087-002382,2025-08-03,2025-11-09,H3,directo,3,192.14,0,PE
TUR087-002383,2025-08-03,2025-11-16,H1,agencia,7,90.44,0,PE
TUR087-002384,2025-08-03,2025-08-31,H2,agencia,12,125.99,0,PE
TUR087-002385,2025-08-03,2025-10-10,H3,directo,12,190.04,1,CL
TUR087-002386,2025-08-04,2025-10-21,H1,directo,1,98.2,0,CO
TUR087-002387,2025-08-04,2025-10-30,H2,agencia,12,128.01,1,CO
TUR087-002388,2025-08-04,2025-11-27,H3,directo,3,185.9,0,CO
TUR087-002389,2025-08-04,2025-10-23,H1,agencia,12,91.77,1,CL
TUR087-002390,2025-08-05,2025-09-29,H2,plataforma,5,126.49,1,PE
TUR087-002391,2025-08-05,2025-09-18,H3,plataforma,7,191.82,0,CL
TUR087-002392,2025-08-05,2025-08-18,H1,plataforma,11,81.77,0,CL
TUR087-002393,2025-08-05,2025-10-12,H2,directo,10,126.74,0,CL
TUR087-002394,2025-08-06,2025-10-28,H3,agencia,2,175.51,1,PE
TUR087-002395,2025-08-06,2025-08-29,H1,plataforma,8,91.4,0,ES
TUR087-002396,2025-08-06,2025-09-21,H2,agencia,4,122.8,0,CO
TUR087-002397,2025-08-06,2025-10-28,H3,directo,2,187.93,0,PE
TUR087-002398,2025-08-07,2025-08-11,H1,plataforma,5,77.67,0,CL
TUR087-002399,2025-08-07,2025-08-21,H2,plataforma,1,142.59,0,CL
TUR087-002400,2025-08-07,2025-09-24,H3,plataforma,5,174.34,0,PE
TUR087-002401,2025-08-07,2025-11-07,H1,directo,9,101.07,0,PE
TUR087-002402,2025-08-08,2025-09-28,H2,plataforma,4,138.55,0,CO
TUR087-002403,2025-08-08,2025-08-31,H3,plataforma,10,180.26,0,ES
TUR087-002404,2025-08-08,2025-11-04,H1,agencia,2,101.31,0,ES
TUR087-002405,2025-08-08,2025-09-17,H2,directo,10,146.36,0,CO
TUR087-002406,2025-08-09,2025-08-28,H3,directo,5,190.4,0,CO
TUR087-002407,2025-08-09,2025-12-23,H1,agencia,8,95.07,0,PE
TUR087-002408,2025-08-09,2025-09-02,H2,plataforma,11,,0,CL
TUR087-002409,2025-08-09,2025-08-16,H3,agencia,2,189.44,0,PE
TUR087-002410,2025-08-09,2025-12-06,H1,plataforma,1,91.27,0,CL
TUR087-002411,2025-08-10,2025-12-17,H2,plataforma,1,142.39,0,CL
TUR087-002412,2025-08-10,2025-08-29,H3,plataforma,1,181.69,0,ES
TUR087-002413,2025-08-10,2025-10-01,H1,plataforma,8,91.69,0,CO
TUR087-002414,2025-08-10,2025-08-30,H2,agencia,9,131.71,0,PE
TUR087-002415,2025-08-11,2025-12-17,H3,directo,10,171.83,1,ES
TUR087-002416,2025-08-11,2025-09-16,H1,plataforma,8,96.41,0,CO
TUR087-002417,2025-08-11,2025-10-06,H2,agencia,7,128.54,0,PE
TUR087-002418,2025-08-11,2025-12-20,H3,plataforma,11,186.44,1,ES
TUR087-002419,2025-08-12,2025-10-02,H1,plataforma,3,83.5,1,ES
TUR087-002420,2025-08-12,2025-09-02,H2,agencia,3,131.45,1,CL
TUR087-002421,2025-08-12,2025-08-31,H3,agencia,11,189.64,0,CL
TUR087-002422,2025-08-12,2025-11-10,H1,plataforma,4,95.83,0,CL
TUR087-002423,2025-08-13,2025-10-15,H2,directo,6,121.53,0,CL
TUR087-002424,2025-08-13,2025-08-23,H3,agencia,10,180.41,0,ES
TUR087-002425,2025-08-13,2025-09-24,H1,agencia,4,94.33,1,ES
TUR087-002426,2025-08-13,2025-08-27,H2, PLATAFORMA ,9,140.64,0,ES
TUR087-002427,2025-08-14,2026-01-08,H3,directo,5,179.46,0,PE
TUR087-002428,2025-08-14,2025-08-19,H1,agencia,1,85.24,0,CO
TUR087-002429,2025-08-14,2025-08-21,H2,directo,12,122.29,1,CL
TUR087-002430,2025-08-14,2025-09-18,H3,directo,2,176.06,0,PE
TUR087-002431,2025-08-15,2025-11-29,H1,plataforma,3,77.34,0,PE
TUR087-002432,2025-08-15,2025-12-23,H2,agencia,10,119.29,0,ES
TUR087-002433,2025-08-15,2025-09-04,H3,directo,9,179.55,0,CO
TUR087-002434,2025-08-15,2026-01-04,H1,agencia,12,96.41,1,CO
TUR087-002435,2025-08-16,2025-11-07,H2,directo,4,141.92,1,PE
TUR087-002436,2025-08-16,2025-08-18,H3,directo,10,170.95,0,CL
TUR087-002437,2025-08-16,2025-11-17,H1,plataforma,5,79.62,1,CO
TUR087-002438,2025-08-16,2025-08-31,H2,agencia,12,119.14,0,CO
TUR087-002439,2025-08-17,2025-10-06,H3,agencia,7,164.88,0,ES
TUR087-002440,2025-08-17,2025-12-11,H1,directo,3,97.94,0,ES
TUR087-002441,2025-08-17,2025-12-07,H2,plataforma,11,122.53,0,CO
TUR087-002442,2025-08-17,2025-12-07,H3,agencia,11,170.85,0,PE
TUR087-002443,2025-08-18,2025-12-10,H1,agencia,4,76.98,0,ES
TUR087-002444,2025-08-18,2025-09-14,H2,agencia,4,124.23,0,CL
TUR087-002445,2025-08-18,2025-11-04,H3,plataforma,11,181.05,1,PE
TUR087-002446,2025-08-18,2025-11-06,H1,agencia,11,84.55,0,CL
TUR087-002447,2025-08-19,2025-11-04,H2,plataforma,10,132.72,1,CL
TUR087-002448,2025-08-19,2025-09-17,H3,plataforma,5,184.77,0,CO
TUR087-002449,2025-08-19,2025-10-07,H1,plataforma,2,87.59,1,CL
TUR087-002450,2025-08-19,2026-01-05,H2,plataforma,9,138.73,0,ES
TUR087-002451,2025-08-19,2025-09-28,H3,agencia,1,183.84,0,CL
TUR087-002452,2025-08-20,2025-12-19,H1,directo,1,90.58,0,ES
TUR087-002453,2025-08-20,2025-12-18,H2,directo,8,139.58,0,CL
TUR087-002454,2025-08-20,2025-12-13,H3,agencia,1,182.37,1,CO
TUR087-002455,2025-08-20,2025-08-21,H1,agencia,1,91.87,0,ES
TUR087-002456,2025-08-21,2025-12-28,H2,plataforma,9,128.45,0,PE
TUR087-002457,2025-08-21,2025-12-07,H3,directo,12,171.13,0,CO
TUR087-002458,2025-08-21,2025-10-03,H1,directo,11,82.36,0,ES
TUR087-002459,2025-08-21,2025-11-17,H2,directo,12,124.76,0,ES
TUR087-002460,2025-08-22,2025-12-24,H3,agencia,11,174.42,0,PE
TUR087-002461,2025-08-22,2025-10-16,H1,directo,8,85.36,1,PE
TUR087-002462,2025-08-22,2025-12-05,H2,agencia,3,120.01,0,CL
TUR087-002463,2025-08-22,2025-10-02,H3,directo,5,184.53,1,CL
TUR087-002464,2025-08-23,2025-10-11,H1,agencia,8,73.34,0,CL
TUR087-002465,2025-08-23,2025-12-10,H2,plataforma,10,128.88,0,ES
TUR087-002466,2025-08-23,2025-12-29,H3,plataforma,1,165.62,1,CO
TUR087-002467,2025-08-23,2025-09-07,H1,plataforma,4,80.34,0,CL
TUR087-002468,2025-08-24,2025-10-27,H2,directo,9,118.58,0,CL
TUR087-002469,2025-08-24,2026-01-12,H3,directo,10,169.34,0,ES
TUR087-002470,2025-08-24,2025-08-26,H1,directo,1,86.86,0,CO
TUR087-002471,2025-08-24,2026-01-13,H2,agencia,12,133.84,0,CL
TUR087-002472,2025-08-25,2025-12-09,H3,directo,2,179.31,0,PE
TUR087-002473,2025-08-25,2025-08-26,H1,agencia,10,74.85,0,ES
TUR087-002474,2025-08-25,2025-11-11,H2,plataforma,6,121.59,0,CO
TUR087-002475,2025-08-25,2025-10-15,H3,plataforma,10,166.83,1,ES
TUR087-002476,2025-08-26,2026-01-06,H1,plataforma,10,79.2,0,ES
TUR087-002477,2025-08-26,2025-12-20,H2,plataforma,4,129.93,0,ES
TUR087-002478,2025-08-26,2025-12-17,H3,agencia,9,164.52,0,PE
TUR087-002479,2025-08-26,2025-10-13,H1,plataforma,6,78.17,1,CO
TUR087-002480,2025-08-27,2025-11-18,H2,plataforma,7,118.99,0,CO
TUR087-002481,2025-08-27,2025-09-22,H3,plataforma,2,172.93,0,ES
TUR087-002482,2025-08-27,2025-09-15,H1,plataforma,10,71.98,0,CL
TUR087-002483,2025-08-27,2025-11-05,H2,agencia,1,132.96,0,CO
TUR087-002484,2025-08-28,2025-09-22,H3,plataforma,11,182.67,1,CL
TUR087-002485,2025-08-28,2025-10-24,H1,plataforma,6,89.59,0,CL
TUR087-002486,2025-08-28,2025-09-06,H2,plataforma,1,124.72,0,PE
TUR087-002487,2025-08-28,2025-10-17,H3,agencia,4,171.91,1,CL
TUR087-002488,2025-08-28,2025-09-17,H1,directo,5,80.11,1,ES
TUR087-002489,2025-08-29,2025-10-01,H2,directo,1,115.61,0,PE
TUR087-002490,2025-08-29,2025-11-23,H3,plataforma,10,164.86,0,CL
TUR087-002491,2025-08-29,2025-10-13,H1,agencia,9,,0,ES
TUR087-002492,2025-08-29,2025-09-30,H2,plataforma,12,128.61,0,ES
TUR087-002493,2025-08-30,2025-11-06,H3,plataforma,6,179.93,0,CO
TUR087-002494,2025-08-30,2026-01-07,H1,agencia,1,89.89,0,PE
TUR087-002495,2025-08-30,2025-11-26,H2,agencia,4,118.37,0,CO
TUR087-002496,2025-08-30,2026-01-27,H3,agencia,6,160.81,0,CO
TUR087-002497,2025-08-31,2025-12-17,H1,agencia,8,78.29,0,CL
TUR087-002498,2025-08-31,2025-11-17,H2,plataforma,12,130.6,1,CL
TUR087-002499,2025-08-31,2025-11-19,H3,directo,6,167.33,0,CL
TUR087-002500,2025-08-31,2025-09-20,H1,plataforma,6,81.65,0,CL
TUR087-002501,2025-09-01,2025-09-17,H2,agencia,3,136.74,0,CL
TUR087-002502,2025-09-01,2025-12-21,H3,agencia,11,181.24,1,CL
TUR087-002503,2025-09-01,2026-01-08,H1,plataforma,5,76.28,1,PE
TUR087-002504,2025-09-01,2025-09-09,H2,directo,12,117.08,0,PE
TUR087-002505,2025-09-02,2025-10-27,H3,directo,1,165.56,0,PE
TUR087-002506,2025-09-02,2025-10-08,H1,directo,8,89.39,0,ES
TUR087-002507,2025-09-02,2025-11-21,H2,directo,11,125.4,0,CO
TUR087-002508,2025-09-02,2025-11-21,H3,agencia,6,171.92,0,CL
TUR087-002509,2025-09-03,2025-11-21,H1,plataforma,5,69.15,0,CL
TUR087-002510,2025-09-03,2025-11-17,H2,plataforma,11,133.11,0,ES
TUR087-002511,2025-09-03,2025-12-19,H3,directo,3,163.89,0,CL
TUR087-002512,2025-09-03,2025-12-27,H1,agencia,12,69.08,0,CO
TUR087-002513,2025-09-04,2025-10-27,H2,agencia,7,135.25,0,CL
TUR087-002514,2025-09-04,2025-09-23,H3,agencia,10,176.39,0,PE
TUR087-002515,2025-09-04,2025-12-28,H1,agencia,1,91.84,0,CO
TUR087-002516,2025-09-04,2026-01-25,H2,directo,4,116.9,0,PE
TUR087-002517,2025-09-05,2026-01-02,H3,agencia,11,167.56,0,PE
TUR087-002518,2025-09-05,2026-01-13,H1,agencia,3,70.95,1,PE
TUR087-002519,2025-09-05,2025-09-24,H2,plataforma,5,135.58,1,PE
TUR087-002520,2025-09-05,2025-10-20,H3,directo,4,163.44,0,CO
TUR087-002521,2025-09-06,2026-01-11,H1,plataforma,9,68.28,0,PE
TUR087-002522,2025-09-06,2026-01-12,H2,plataforma,10,127.69,0,CL
TUR087-002523,2025-09-06,2025-11-21,H3, AGENCIA ,9,165.29,0,CO
TUR087-002524,2025-09-06,2025-11-24,H1,directo,11,89.66,0,ES
TUR087-002525,2025-09-07,2025-12-24,H2,directo,12,112.56,0,PE
TUR087-002526,2025-09-07,2026-01-06,H3,agencia,11,170.2,0,CO
TUR087-002527,2025-09-07,2025-12-02,H1,agencia,8,77.04,1,ES
TUR087-002528,2025-09-07,2025-11-30,H2,plataforma,8,115.49,1,CO
TUR087-002529,2025-09-07,2025-10-31,H3,directo,4,161.7,0,PE
TUR087-002530,2025-09-08,2026-02-02,H1,agencia,10,74.14,0,ES
TUR087-002531,2025-09-08,2025-12-18,H2,directo,4,112.93,0,CO
TUR087-002532,2025-09-08,2025-11-28,H3,directo,2,176.63,0,CO
TUR087-002533,2025-09-08,2025-11-17,H1,directo,5,"86,3",0,PE
TUR087-002534,2025-09-09,2025-09-15,H2,directo,9,125.25,0,CL
TUR087-002535,2025-09-09,2025-11-14,H3,directo,11,175.53,0,CO
TUR087-002536,2025-09-09,2026-02-03,H1,agencia,2,91.25,0,ES
TUR087-002537,2025-09-09,2026-01-01,H2,agencia,3,127.28,1,CL
TUR087-002538,2025-09-10,2025-10-06,H3,agencia,6,171.9,0,PE
TUR087-002539,2025-09-10,2025-12-29,H1,directo,8,90.59,0,PE
TUR087-002540,2025-09-10,2025-10-23,H2,directo,5,134.05,0,CO
TUR087-002541,2025-09-10,2025-11-08,H3,plataforma,2,162.02,0,CO
TUR087-002542,2025-09-11,2025-10-05,H1,plataforma,11,74.77,1,CO
TUR087-002543,2025-09-11,2025-11-06,H2,directo,5,134.86,0,PE
TUR087-002544,2025-09-11,2025-11-24,H3,directo,6,176.78,0,ES
TUR087-002545,2025-09-11,2025-10-10,H1,plataforma,10,85.45,0,CO
TUR087-002546,2025-09-12,2025-12-29,H2,plataforma,3,114.55,0,CL
TUR087-002547,2025-09-12,2025-12-29,H3,plataforma,2,173.32,0,CL
TUR087-002548,2025-09-12,2025-09-26,H1,agencia,1,88.86,0,PE
TUR087-002549,2025-09-12,2025-09-23,H2,plataforma,3,125.19,0,CL
TUR087-002550,2025-09-13,2025-10-16,H3,directo,7,178.94,0,CO
TUR087-002551,2025-09-13,2026-01-28,H1,directo,8,73.06,0,PE
TUR087-002552,2025-09-13,2026-01-17,H2,directo,5,118.62,0,CL
TUR087-002553,2025-09-13,2026-01-31,H3,directo,10,177.77,0,ES
TUR087-002554,2025-09-14,2025-12-11,H1,agencia,6,69.55,0,PE
TUR087-002555,2025-09-14,2026-01-27,H2,plataforma,10,120.83,1,ES
TUR087-002556,2025-09-14,2026-01-29,H3,agencia,8,180.66,0,CL
TUR087-002557,2025-09-14,2025-09-17,H1,directo,3,72.6,0,PE
TUR087-002558,2025-09-15,2026-01-30,H2,agencia,8,125.37,1,PE
TUR087-002559,2025-09-15,2025-11-19,H3,directo,7,156.2,0,CO
TUR087-002560,2025-09-15,2025-12-04,H1,plataforma,6,66.35,1,ES
TUR087-002561,2025-09-15,2025-12-11,H2,agencia,7,116.2,0,CO
TUR087-002562,2025-09-16,2025-12-27,H3,plataforma,1,177.42,0,PE
TUR087-002563,2025-09-16,2025-11-09,H1,directo,3,80.87,0,ES
TUR087-002564,2025-09-16,2025-12-21,H2,directo,2,120.89,0,PE
TUR087-002565,2025-09-16,2025-11-07,H3,agencia,9,156.23,0,CL
TUR087-002566,2025-09-17,2025-11-23,H1,directo,8,85.42,0,CO
TUR087-002567,2025-09-17,2026-01-18,H2,plataforma,6,133.32,0,CL
TUR087-002568,2025-09-17,2026-02-11,H3,plataforma,4,167.98,0,CL
TUR087-002569,2025-09-17,2025-11-07,H1,directo,8,76.38,0,PE
TUR087-002570,2025-09-17,2025-12-28,H2,plataforma,6,122.77,1,ES
TUR087-002571,2025-09-18,2025-10-26,H3,plataforma,1,166.47,0,CL
TUR087-002572,2025-09-18,2025-10-17,H1,directo,7,76.85,1,CO
TUR087-002573,2025-09-18,2025-11-03,H2,agencia,8,131.84,0,CL
TUR087-002574,2025-09-18,2026-02-14,H3,directo,11,,0,PE
TUR087-002575,2025-09-19,2026-02-15,H1,directo,1,87.5,1,PE
TUR087-002576,2025-09-19,2025-12-03,H2,plataforma,3,129.9,0,CL
TUR087-002577,2025-09-19,2025-10-07,H3,directo,2,160.07,0,PE
TUR087-002578,2025-09-19,2025-09-27,H1,agencia,6,69.91,0,CL
TUR087-002579,2025-09-20,2025-11-02,H2,plataforma,3,131.32,1,PE
TUR087-002580,2025-09-20,2025-10-20,H3,directo,5,166.43,0,ES
TUR087-002581,2025-09-20,2025-12-09,H1,plataforma,8,79.94,0,PE
TUR087-002582,2025-09-20,2025-10-30,H2,plataforma,1,112.0,0,CL
TUR087-002583,2025-09-21,2026-01-18,H3,plataforma,8,174.99,0,CO
TUR087-002584,2025-09-21,2025-11-24,H1,directo,10,66.49,0,ES
TUR087-002585,2025-09-21,2026-01-07,H2,agencia,5,134.96,0,CL
TUR087-002586,2025-09-21,2026-01-19,H3,plataforma,3,177.09,0,CO
TUR087-002587,2025-09-22,2026-01-20,H1,agencia,12,77.58,0,CO
TUR087-002588,2025-09-22,2025-11-08,H2,plataforma,5,122.53,0,PE
TUR087-002589,2025-09-22,2025-10-28,H3,agencia,7,169.9,0,CL
TUR087-002590,2025-09-22,2025-12-14,H1,directo,2,75.39,0,PE
TUR087-002591,2025-09-23,2025-12-06,H2,directo,6,131.86,0,CO
TUR087-002592,2025-09-23,2026-01-02,H3,plataforma,8,164.54,0,ES
TUR087-002593,2025-09-23,2026-02-11,H1,directo,6,80.88,1,PE
TUR087-002594,2025-09-23,2026-02-14,H2,directo,1,128.48,0,CO
TUR087-002595,2025-09-24,2026-01-18,H3,agencia,11,160.04,0,CL
TUR087-002596,2025-09-24,2026-02-18,H1,directo,11,86.4,0,PE
TUR087-002597,2025-09-24,2026-01-28,H2,directo,11,118.25,0,ES
TUR087-002598,2025-09-24,2025-11-18,H3,plataforma,4,168.07,0,PE
TUR087-002599,2025-09-25,2025-10-14,H1,plataforma,4,77.89,1,CO
TUR087-002600,2025-09-25,2025-12-02,H2,agencia,8,114.51,0,ES
TUR087-002601,2025-09-25,2025-11-25,H3,agencia,10,168.41,0,CL
TUR087-002602,2025-09-25,2025-10-06,H1,directo,12,65.36,0,PE
TUR087-002603,2025-09-26,2025-11-13,H2,directo,6,113.17,0,CL
TUR087-002604,2025-09-26,2025-11-04,H3,plataforma,2,155.61,1,CL
TUR087-002605,2025-09-26,2025-11-25,H1,directo,5,78.53,0,PE
TUR087-002606,2025-09-26,2025-10-03,H2,directo,9,125.98,0,ES
TUR087-002607,2025-09-26,2025-09-29,H3,agencia,9,160.66,0,ES
TUR087-002608,2025-09-27,2026-02-18,H1,agencia,2,82.17,0,CL
TUR087-002609,2025-09-27,2025-11-29,H2,plataforma,9,110.49,0,ES
TUR087-002610,2025-09-27,2026-02-07,H3,plataforma,12,158.35,1,CL
TUR087-002611,2025-09-27,2025-10-18,H1,plataforma,6,80.47,0,PE
TUR087-002612,2025-09-28,2025-11-30,H2,plataforma,9,123.43,0,PE
TUR087-002613,2025-09-28,2026-01-08,H3,directo,5,168.37,0,CL
TUR087-002614,2025-09-28,2025-12-27,H1,plataforma,10,65.54,0,CL
TUR087-002615,2025-09-28,2025-11-01,H2,directo,4,133.06,1,PE
TUR087-002616,2025-09-29,2025-10-06,H3,directo,9,169.53,0,PE
TUR087-002617,2025-09-29,2025-11-16,H1,agencia,8,75.62,0,CL
TUR087-002618,2025-09-29,2026-01-08,H2,directo,3,129.0,0,PE
TUR087-002619,2025-09-29,2026-01-20,H3,directo,2,177.19,1,PE
TUR087-002620,2025-09-30,2025-12-10,H1, PLATAFORMA ,10,75.61,0,ES
TUR087-002621,2025-09-30,2026-02-14,H2,plataforma,12,122.88,0,PE
TUR087-002622,2025-09-30,2026-01-09,H3,plataforma,8,172.47,0,CO
TUR087-002623,2025-09-30,2026-01-09,H1,directo,4,66.85,1,PE
TUR087-002624,2025-10-01,2025-10-16,H2,agencia,12,115.64,0,ES
TUR087-002625,2025-10-01,2025-11-14,H3,agencia,12,176.78,1,PE
TUR087-002626,2025-10-01,2025-12-25,H1,plataforma,10,86.39,0,CO
TUR087-002627,2025-10-01,2025-12-25,H2,directo,11,126.16,0,PE
TUR087-002628,2025-10-02,2025-10-21,H3,directo,9,171.46,0,CL
TUR087-002629,2025-10-02,2025-12-01,H1,directo,5,72.67,0,CO
TUR087-002630,2025-10-02,2025-10-17,H2,agencia,4,126.87,0,CO
TUR087-002631,2025-10-02,2025-10-07,H3,directo,6,155.25,0,CL
TUR087-002632,2025-10-03,2026-01-15,H1,plataforma,2,77.05,0,PE
TUR087-002633,2025-10-03,2025-11-02,H2,agencia,9,113.8,0,ES
TUR087-002634,2025-10-03,2025-12-22,H3,agencia,2,160.5,0,ES
TUR087-002635,2025-10-03,2026-01-24,H1,plataforma,6,78.66,1,CO
TUR087-002636,2025-10-04,2026-02-17,H2,plataforma,7,121.73,1,ES
TUR087-002637,2025-10-04,2025-11-27,H3,plataforma,2,159.45,0,PE
TUR087-002638,2025-10-04,2025-12-14,H1,directo,6,73.49,0,CL
TUR087-002639,2025-10-04,2026-02-18,H2,plataforma,7,124.22,0,CO
TUR087-002640,2025-10-05,2026-02-09,H3,directo,6,175.7,0,ES
TUR087-002641,2025-10-05,2026-02-24,H1,directo,12,72.07,0,ES
TUR087-002642,2025-10-05,2026-03-04,H2,agencia,5,110.4,0,CL
TUR087-002643,2025-10-05,2025-11-28,H3,plataforma,3,177.78,0,ES
TUR087-002644,2025-10-06,2026-01-08,H1,plataforma,7,71.66,1,PE
TUR087-002645,2025-10-06,2026-01-16,H2,directo,6,112.51,1,ES
TUR087-002646,2025-10-06,2025-12-26,H3,agencia,3,176.64,0,PE
TUR087-002647,2025-10-06,2026-01-08,H1,plataforma,7,70.47,0,CL
TUR087-002648,2025-10-06,2025-12-01,H2,agencia,12,119.71,1,CL
TUR087-002649,2025-10-07,2026-01-03,H3,plataforma,3,173.86,0,CO
TUR087-002650,2025-10-07,2025-10-13,H1,plataforma,9,66.67,0,PE
TUR087-002651,2025-10-07,2025-11-23,H2,plataforma,4,134.71,1,CO
TUR087-002652,2025-10-07,2026-01-22,H3,directo,12,168.82,0,CL
TUR087-002653,2025-10-08,2025-12-22,H1,agencia,4,65.85,0,CO
TUR087-002654,2025-10-08,2025-11-07,H2,plataforma,7,114.17,0,CO
TUR087-002655,2025-10-08,2025-12-15,H3,plataforma,8,179.93,0,CO
TUR087-002656,2025-10-08,2025-10-17,H1,agencia,6,69.11,0,PE
TUR087-002657,2025-10-09,2026-01-22,H2,plataforma,7,,0,ES
TUR087-002658,2025-10-09,2026-02-06,H3,plataforma,2,173.01,1,CO
TUR087-002659,2025-10-09,2026-02-13,H1,directo,3,83.13,1,CL
TUR087-002660,2025-10-09,2025-12-24,H2,agencia,2,117.47,0,CO
TUR087-002661,2025-10-10,2025-11-22,H3,plataforma,11,173.49,0,CL
TUR087-002662,2025-10-10,2025-12-31,H1,agencia,8,86.91,1,CL
TUR087-002663,2025-10-10,2025-11-15,H2,plataforma,10,130.03,0,ES
TUR087-002664,2025-10-10,2025-10-11,H3,plataforma,6,158.54,0,CO
TUR087-002665,2025-10-11,2025-11-29,H1,agencia,6,74.88,0,PE
TUR087-002666,2025-10-11,2026-01-28,H2,plataforma,7,124.59,1,CL
TUR087-002667,2025-10-11,2026-03-07,H3,agencia,12,174.6,0,CO
TUR087-002668,2025-10-11,2026-01-09,H1,plataforma,4,78.59,0,CO
TUR087-002669,2025-10-12,2025-12-31,H2,agencia,6,120.89,0,CO
TUR087-002670,2025-10-12,2026-02-03,H3,directo,6,173.52,1,CL
TUR087-002671,2025-10-12,2025-11-23,H1,agencia,12,88.72,0,PE
TUR087-002672,2025-10-12,2025-10-15,H2,plataforma,4,120.46,0,CL
TUR087-002673,2025-10-13,2026-02-18,H3,agencia,1,170.3,1,ES
TUR087-002674,2025-10-13,2025-11-08,H1,plataforma,11,79.4,1,CO
TUR087-002675,2025-10-13,2026-03-08,H2,directo,3,111.75,0,CO
TUR087-002676,2025-10-13,2025-11-19,H3,directo,9,180.3,0,PE
TUR087-002677,2025-10-14,2025-11-25,H1,plataforma,8,89.3,0,ES
TUR087-002678,2025-10-14,2026-01-03,H2,agencia,1,116.22,1,CL
TUR087-002679,2025-10-14,2025-11-22,H3,agencia,1,161.42,0,CO
TUR087-002680,2025-10-14,2025-11-30,H1,directo,12,90.35,0,CL
TUR087-002681,2025-10-15,2025-12-13,H2,agencia,9,123.96,0,CO
TUR087-002682,2025-10-15,2026-01-30,H3,directo,5,160.16,1,ES
TUR087-002683,2025-10-15,2026-01-25,H1,directo,10,82.71,0,ES
TUR087-002684,2025-10-15,2026-03-04,H2,agencia,3,131.71,0,CL
TUR087-002685,2025-10-16,2026-02-05,H3,agencia,12,168.67,0,PE
TUR087-002686,2025-10-16,2026-02-04,H1,agencia,1,69.58,0,CO
TUR087-002687,2025-10-16,2025-11-09,H2,agencia,2,132.03,0,CO
TUR087-002688,2025-10-16,2025-11-29,H3,plataforma,11,179.14,0,PE
TUR087-002689,2025-10-16,2026-01-11,H1,plataforma,2,69.7,0,ES
TUR087-002690,2025-10-17,2026-01-30,H2,directo,10,115.59,0,CL
TUR087-002691,2025-10-17,2026-02-28,H3,directo,2,161.22,1,CO
TUR087-002692,2025-10-17,2025-12-27,H1,plataforma,9,69.7,0,ES
TUR087-002693,2025-10-17,2025-11-21,H2,plataforma,2,130.18,1,PE
TUR087-002694,2025-10-18,2025-10-22,H3,plataforma,6,178.78,0,ES
TUR087-002695,2025-10-18,2025-10-31,H1,agencia,7,66.98,0,PE
TUR087-002696,2025-10-18,2025-12-01,H2,agencia,5,134.92,0,ES
TUR087-002697,2025-10-18,2026-02-08,H3,directo,11,157.04,0,CL
TUR087-002698,2025-10-19,2025-11-28,H1,agencia,4,73.59,0,CO
TUR087-002699,2025-10-19,2025-12-14,H2,directo,12,114.38,1,PE
TUR087-002700,2025-10-19,2025-12-01,H3,plataforma,8,177.54,0,CO
TUR087-002701,2025-10-19,2026-01-10,H1,agencia,5,83.14,0,CO
TUR087-002702,2025-10-20,2025-11-03,H2,agencia,7,124.74,0,CO
TUR087-002703,2025-10-20,2026-01-11,H3,agencia,9,165.31,0,CO
TUR087-002704,2025-10-20,2025-11-22,H1,plataforma,6,78.81,1,CL
TUR087-002705,2025-10-20,2025-11-30,H2,directo,12,123.28,0,ES
TUR087-002706,2025-10-21,2025-12-27,H3,agencia,8,167.74,0,CO
TUR087-002707,2025-10-21,2026-01-04,H1,agencia,9,78.17,0,ES
TUR087-002708,2025-10-21,2026-01-03,H2,agencia,4,112.84,0,ES
TUR087-002709,2025-10-21,2026-01-29,H3,directo,12,169.7,1,PE
TUR087-002710,2025-10-22,2025-12-01,H1,directo,12,67.71,0,ES
TUR087-002711,2025-10-22,2025-12-28,H2,agencia,6,128.41,0,CO
TUR087-002712,2025-10-22,2025-11-06,H3,directo,4,180.45,0,ES
TUR087-002713,2025-10-22,2026-01-06,H1,agencia,10,79.85,0,CO
TUR087-002714,2025-10-23,2025-11-27,H2,agencia,2,136.52,0,PE
TUR087-002715,2025-10-23,2025-11-15,H3,directo,12,158.39,0,PE
TUR087-002716,2025-10-23,2026-02-19,H1,directo,1,87.74,0,CL
TUR087-002717,2025-10-23,2026-02-15,H2, PLATAFORMA ,3,125.85,0,PE
TUR087-002718,2025-10-24,2026-02-06,H3,directo,8,178.99,0,ES
TUR087-002719,2025-10-24,2026-01-23,H1,directo,4,81.45,1,PE
TUR087-002720,2025-10-24,2026-03-18,H2,agencia,9,131.47,0,CL
TUR087-002721,2025-10-24,2025-12-28,H3,directo,11,161.88,0,PE
TUR087-002722,2025-10-25,2026-03-15,H1,agencia,8,84.57,0,PE
TUR087-002723,2025-10-25,2026-03-05,H2,plataforma,9,129.8,0,CO
TUR087-002724,2024-02-30,2026-03-09,H3,plataforma,3,169.54,0,ES
TUR087-002725,2025-10-25,2025-11-24,H1,plataforma,7,78.67,0,ES
TUR087-002726,2025-10-25,2026-01-25,H2,agencia,4,123.96,0,ES
TUR087-002727,2025-10-26,2026-01-25,H3,agencia,12,168.02,0,CO
TUR087-002728,2025-10-26,2025-11-15,H1,directo,6,76.58,0,ES
TUR087-002729,2025-10-26,2026-02-20,H2,directo,11,136.54,1,ES
TUR087-002730,2025-10-26,2026-02-11,H3,plataforma,9,168.84,0,CL
TUR087-002731,2025-10-27,2025-11-20,H1,agencia,9,78.0,0,CL
TUR087-002732,2025-10-27,2025-11-02,H2,plataforma,3,123.31,0,CO
TUR087-002733,2025-10-27,2026-03-20,H3,directo,10,174.6,0,PE
TUR087-002734,2025-10-27,2025-11-08,H1,plataforma,1,77.54,0,CO
TUR087-002735,2025-10-28,2025-11-16,H2,agencia,1,121.34,0,PE
TUR087-002736,2025-10-28,2026-03-19,H3,directo,7,172.49,0,CL
TUR087-002737,2025-10-28,2026-01-18,H1,agencia,2,72.03,0,PE
TUR087-002738,2025-10-28,2026-01-23,H2,plataforma,6,125.4,0,CL
TUR087-002739,2025-10-29,2025-12-04,H3,agencia,2,172.9,0,CL
TUR087-002740,2025-10-29,2025-12-13,H1,agencia,2,,0,PE
TUR087-002741,2025-10-29,2026-01-14,H2,agencia,9,122.21,0,ES
TUR087-002742,2025-10-29,2026-02-02,H3,agencia,4,164.99,0,PE
TUR087-002743,2025-10-30,2026-01-27,H1,plataforma,11,90.46,1,CO
TUR087-002744,2025-10-30,2026-02-12,H2,plataforma,12,"134,07",0,CO
TUR087-002745,2025-10-30,2026-01-21,H3,agencia,12,161.18,0,CL
TUR087-002746,2025-10-30,2025-12-12,H1,agencia,12,80.6,0,CO
TUR087-002747,2025-10-31,2025-12-31,H2,plataforma,9,120.67,1,CO
TUR087-002748,2025-10-31,2026-01-10,H3,agencia,2,181.54,0,ES
TUR087-002749,2025-10-31,2026-01-16,H1,agencia,4,81.79,0,CO
TUR087-002750,2025-10-31,2025-12-28,H2,agencia,6,131.02,0,PE
TUR087-002751,2025-11-01,2026-01-24,H3,agencia,10,178.0,0,CL
TUR087-002752,2025-11-01,2025-11-27,H1,plataforma,3,73.6,0,CL
TUR087-002753,2025-11-01,2025-12-08,H2,directo,4,130.78,0,ES
TUR087-002754,2025-11-01,2026-03-13,H3,agencia,4,182.12,0,ES
TUR087-002755,2025-11-02,2026-02-24,H1,agencia,1,87.01,0,PE
TUR087-002756,2025-11-02,2025-11-29,H2,directo,9,122.1,0,CO
TUR087-002757,2025-11-02,2026-02-22,H3,agencia,7,174.65,1,PE
TUR087-002758,2025-11-02,2025-12-17,H1,plataforma,10,73.34,0,CL
TUR087-002759,2025-11-03,2025-11-14,H2,agencia,11,122.3,0,PE
TUR087-002760,2025-11-03,2026-03-17,H3,agencia,12,164.54,0,PE
TUR087-002761,2025-11-03,2025-12-16,H1,directo,12,76.84,0,CL
TUR087-002762,2025-11-03,2025-12-09,H2,agencia,2,124.08,0,CL
TUR087-002763,2025-11-04,2026-01-14,H3,plataforma,3,161.31,0,CO
TUR087-002764,2025-11-04,2025-11-26,H1,agencia,3,73.78,0,CL
TUR087-002765,2025-11-04,2026-03-07,H2,plataforma,5,115.94,0,ES
TUR087-002766,2025-11-04,2026-03-15,H3,directo,10,174.08,0,CO
TUR087-002767,2025-11-04,2025-12-13,H1,plataforma,11,81.84,0,ES
TUR087-002768,2025-11-05,2025-12-05,H2,agencia,9,133.26,0,PE
TUR087-002769,2025-11-05,2026-03-31,H3,directo,11,178.41,0,CO
TUR087-002770,2025-11-05,2026-02-02,H1,plataforma,12,81.15,1,PE
TUR087-002771,2025-11-05,2025-12-11,H2,plataforma,8,121.33,1,CO
TUR087-002772,2025-11-06,2026-03-23,H3,agencia,10,179.87,1,PE
TUR087-002773,2025-11-06,2026-02-20,H1,directo,5,81.09,1,ES
TUR087-002774,2025-11-06,2026-01-14,H2,plataforma,4,135.79,0,CO
TUR087-002775,2025-11-06,2025-11-10,H3,plataforma,3,178.26,0,PE
TUR087-002776,2025-11-07,2025-12-25,H1,plataforma,7,92.75,1,ES
TUR087-002777,2025-11-07,2026-04-04,H2,agencia,4,133.29,0,PE
TUR087-002778,2025-11-07,2026-02-28,H3,agencia,8,165.83,0,PE
TUR087-002779,2025-11-07,2026-02-12,H1,directo,2,76.05,0,ES
TUR087-002780,2025-11-08,2026-02-11,H2,plataforma,11,122.96,0,ES
TUR087-002781,2025-11-08,2026-01-20,H3,plataforma,7,179.78,0,PE
TUR087-002782,2025-11-08,2025-12-02,H1,agencia,6,92.46,0,ES
TUR087-002783,2025-11-08,2026-01-21,H2,plataforma,1,132.47,0,CO
TUR087-002784,2025-11-09,2026-02-18,H3,directo,7,181.53,0,ES
TUR087-002785,2025-11-09,2026-01-28,H1,plataforma,2,91.43,0,CO
TUR087-002786,2025-11-09,2026-03-16,H2,agencia,10,121.0,0,CO
TUR087-002787,2025-11-09,2025-12-25,H3,plataforma,8,167.13,0,PE
TUR087-002788,2025-11-10,2026-03-08,H1,agencia,7,78.93,0,PE
TUR087-002789,2025-11-10,2026-01-11,H2,agencia,8,119.44,0,CL
TUR087-002790,2025-11-10,2026-02-02,H3,directo,8,167.69,0,CO
TUR087-002791,2025-11-10,2026-01-24,H1,plataforma,6,94.34,0,PE
TUR087-002792,2025-11-11,2026-02-21,H2,directo,8,125.9,0,CL
TUR087-002793,2025-11-11,2026-03-19,H3,plataforma,12,170.93,0,CL
TUR087-002794,2025-11-11,2026-02-26,H1,plataforma,7,86.34,0,PE
TUR087-002795,2025-11-11,2025-12-17,H2,plataforma,1,122.95,0,ES
TUR087-002796,2025-11-12,2026-01-02,H3,agencia,1,180.32,0,CL
TUR087-002797,2025-11-12,2025-12-27,H1,plataforma,6,84.35,0,ES
TUR087-002798,2025-11-12,2026-03-09,H2,agencia,8,137.22,1,CL
TUR087-002799,2025-11-12,2025-11-17,H3,plataforma,9,178.33,0,ES
TUR087-002800,2025-11-13,2025-11-27,H1,directo,6,86.09,0,CL
TUR087-002801,2025-11-13,2026-03-14,H2,plataforma,4,129.52,0,ES
TUR087-002802,2025-11-13,2026-01-22,H3,plataforma,9,169.06,0,PE
TUR087-002803,2025-11-13,2026-03-03,H1,plataforma,8,92.77,0,ES
TUR087-002804,2025-11-13,2026-02-05,H2,directo,12,130.4,0,CL
TUR087-002805,2025-11-14,2026-01-14,H3,directo,4,168.67,0,ES
TUR087-002806,2025-11-14,2026-01-10,H1,plataforma,6,74.07,1,ES
TUR087-002807,2025-11-14,2026-02-10,H2,directo,2,125.07,0,CO
TUR087-002808,2025-11-14,2026-02-16,H3,agencia,1,163.92,0,ES
TUR087-002809,2025-11-15,2025-12-14,H1,plataforma,5,76.87,0,ES
TUR087-002810,2025-11-15,2026-04-10,H2,directo,9,129.15,0,CL
TUR087-002811,2025-11-15,2026-03-04,H3,plataforma,9,182.74,0,PE
TUR087-002812,2025-11-15,2026-03-05,H1,agencia,4,85.69,0,CO
TUR087-002813,2025-11-16,2026-03-30,H2,agencia,1,143.88,0,ES
TUR087-002814,2025-11-16,2026-03-28,H3, PLATAFORMA ,3,181.15,0,CO
TUR087-002815,2025-11-16,2025-12-30,H1,agencia,4,81.28,0,PE
TUR087-002816,2025-11-16,2025-12-14,H2,directo,2,136.07,0,PE
TUR087-002817,2025-11-17,2026-04-16,H3,agencia,3,173.42,1,CO
TUR087-002818,2025-11-17,2026-01-13,H1,directo,10,78.34,1,ES
TUR087-002819,2025-11-17,2025-12-27,H2,plataforma,4,134.56,0,ES
TUR087-002820,2025-11-17,2026-04-02,H3,plataforma,10,168.94,1,CO
TUR087-002821,2025-11-18,2026-02-09,H1,directo,8,83.49,0,CL
TUR087-002822,2025-11-18,2026-02-04,H2,directo,6,124.26,0,CL
TUR087-002823,2025-11-18,2026-02-12,H3,agencia,10,,1,CO
TUR087-002824,2025-11-18,2026-03-28,H1,plataforma,12,86.39,0,PE
TUR087-002825,2025-11-19,2026-02-02,H2,agencia,7,144.42,0,ES
TUR087-002826,2025-11-19,2026-03-27,H3,plataforma,1,172.26,0,ES
TUR087-002827,2025-11-19,2026-01-21,H1,directo,10,85.51,0,CO
TUR087-002828,2025-11-19,2026-03-03,H2,plataforma,8,132.85,1,PE
TUR087-002829,2025-11-20,2025-12-07,H3,plataforma,8,181.6,0,ES
TUR087-002830,2025-11-20,2026-03-24,H1,directo,2,87.17,0,CO
TUR087-002831,2025-11-20,2026-03-29,H2,agencia,5,125.48,0,CO
TUR087-002832,2025-11-20,2026-03-15,H3,plataforma,7,175.83,0,CL
TUR087-002833,2025-11-21,2026-01-02,H1,agencia,6,81.21,0,ES
TUR087-002834,2025-11-21,2026-02-20,H2,directo,4,133.32,1,ES
TUR087-002835,2025-11-21,2026-01-29,H3,plataforma,1,173.1,0,PE
TUR087-002836,2025-11-21,2026-03-15,H1,plataforma,12,79.96,1,ES
TUR087-002837,2025-11-22,2026-01-27,H2,directo,7,126.41,0,ES
TUR087-002838,2025-11-22,2026-04-07,H3,agencia,10,188.16,0,CL
TUR087-002839,2025-11-22,2025-12-29,H1,directo,4,76.43,0,CO
TUR087-002840,2025-11-22,2026-01-17,H2,agencia,7,135.83,0,PE
TUR087-002841,2025-11-23,2026-02-06,H3,agencia,9,177.62,1,CL
TUR087-002842,2025-11-23,2026-03-24,H1,plataforma,2,78.35,0,CO
TUR087-002843,2025-11-23,2025-12-14,H2,directo,5,138.69,0,CL
TUR087-002844,2025-11-23,2026-01-29,H3,agencia,3,173.23,0,ES
TUR087-002845,2025-11-23,2025-12-09,H1,agencia,11,85.29,0,CL
TUR087-002846,2025-11-24,2026-04-14,H2,agencia,9,147.0,1,CO
TUR087-002847,2025-11-24,2026-02-01,H3,agencia,6,186.83,0,CL
TUR087-002848,2025-11-24,2026-01-11,H1,agencia,12,86.08,0,CL
TUR087-002849,2025-11-24,2025-12-05,H2,agencia,4,122.63,0,ES
TUR087-002850,2025-11-25,2025-12-15,H3,plataforma,10,187.66,0,ES
TUR087-002851,2025-11-25,2025-12-20,H1,directo,8,93.9,0,ES
TUR087-002852,2025-11-25,2025-12-13,H2,plataforma,2,124.45,1,PE
TUR087-002853,2025-11-25,2026-01-24,H3,plataforma,2,170.39,0,CO
TUR087-002854,2025-11-26,2026-01-05,H1,directo,5,96.24,0,CO
TUR087-002855,2025-11-26,2026-02-23,H2,plataforma,4,135.89,0,ES
TUR087-002856,2025-11-26,2025-12-25,H3,directo,8,184.86,0,CL
TUR087-002857,2025-11-26,2025-11-27,H1,directo,6,87.43,0,ES
TUR087-002858,2025-11-27,2026-01-25,H2,directo,12,140.67,1,PE
TUR087-002859,2025-11-27,2026-01-18,H3,agencia,2,178.38,0,CO
TUR087-002860,2025-11-27,2026-04-16,H1,plataforma,2,97.61,1,CL
TUR087-002861,2025-11-27,2025-12-30,H2,agencia,9,125.2,0,CO
TUR087-002862,2025-11-28,2026-01-04,H3,directo,1,189.0,0,CO
TUR087-002863,2025-11-28,2026-02-10,H1,directo,6,94.97,0,CO
TUR087-002864,2025-11-28,2026-04-02,H2,directo,4,137.3,0,PE
TUR087-002865,2025-11-28,2026-02-04,H3,plataforma,3,191.12,0,PE
TUR087-002866,2025-11-29,2025-12-31,H1,plataforma,10,97.0,0,PE
TUR087-002867,2025-11-29,2026-02-26,H2,plataforma,10,129.34,0,CL
TUR087-002868,2025-11-29,2026-04-26,H3,plataforma,1,178.84,1,CO
TUR087-002869,2025-11-29,2025-12-10,H1,plataforma,8,95.0,1,ES
TUR087-002870,2025-11-30,2026-02-25,H2,plataforma,3,133.17,0,ES
TUR087-002871,2025-11-30,2026-03-25,H3,directo,11,189.05,0,CO
TUR087-002872,2025-11-30,2026-02-07,H1,plataforma,11,94.7,0,CO
TUR087-002873,2025-11-30,2026-03-23,H2,plataforma,6,140.19,0,ES
TUR087-002874,2025-12-01,2026-03-22,H3,directo,10,179.68,0,CO
TUR087-002875,2025-12-01,2026-02-07,H1,plataforma,10,90.86,1,CO
TUR087-002876,2025-12-01,2025-12-15,H2,agencia,9,133.64,0,ES
TUR087-002877,2025-12-01,2025-12-23,H3,directo,12,189.11,0,CO
TUR087-002878,2025-12-02,2025-12-24,H1,plataforma,11,99.26,0,CO
TUR087-002879,2025-12-02,2026-01-19,H2,agencia,5,134.42,0,CL
TUR087-002880,2025-12-02,2026-02-09,H3,agencia,8,179.98,0,CO
TUR087-002881,2025-12-02,2026-02-20,H1,directo,9,81.27,0,ES
TUR087-002882,2025-12-03,2026-01-16,H2,agencia,1,149.61,0,CO
TUR087-002883,2025-12-03,2025-12-25,H3,agencia,8,180.79,0,PE
TUR087-002884,2025-12-03,2025-12-31,H1,agencia,6,103.71,0,CO
TUR087-002885,2025-12-03,2026-02-14,H2,plataforma,6,138.63,0,CO
TUR087-002886,2025-12-03,2026-01-09,H3,plataforma,6,184.68,0,ES
TUR087-002887,2025-12-04,2026-01-23,H1,agencia,2,93.59,0,CO
TUR087-002888,2025-12-04,2026-01-31,H2,plataforma,7,141.0,0,ES
TUR087-002889,2025-12-04,2026-04-11,H3,directo,9,193.42,0,CO
TUR087-002890,2025-12-04,2026-04-20,H1,directo,9,102.04,0,CO
TUR087-002891,2025-12-05,2026-01-19,H2,agencia,4,133.16,1,CO
TUR087-002892,2025-12-05,2026-02-19,H3,directo,9,180.83,0,CO
TUR087-002893,2025-12-05,2026-02-22,H1,directo,6,83.19,0,CO
TUR087-002894,2025-12-05,2026-02-13,H2,agencia,7,148.39,0,CO
TUR087-002895,2025-12-06,2026-04-23,H3,plataforma,7,173.28,0,ES
TUR087-002896,2025-12-06,2026-01-20,H1,plataforma,2,100.6,0,CL
TUR087-002897,2025-12-06,2026-04-02,H2,agencia,6,132.8,0,PE
TUR087-002898,2025-12-06,2026-03-24,H3,plataforma,3,173.35,0,ES
TUR087-002899,2025-12-07,2026-01-15,H1,directo,5,104.62,0,CL
TUR087-002900,2025-12-07,2026-01-18,H2,plataforma,9,152.13,0,CO
TUR087-002901,2025-12-07,2026-01-29,H3,directo,9,173.36,0,CO
TUR087-002902,2025-12-07,2026-01-08,H1,agencia,8,85.02,0,PE
TUR087-002903,2025-12-08,2026-03-01,H2,plataforma,4,149.58,1,ES
TUR087-002904,2025-12-08,2026-02-13,H3,directo,7,188.97,0,ES
TUR087-002905,2025-12-08,2025-12-27,H1,plataforma,6,84.41,0,CO
TUR087-002906,2025-12-08,2026-04-18,H2,plataforma,6,,1,PE
TUR087-002907,2025-12-09,2026-03-05,H3,directo,8,188.7,0,PE
TUR087-002908,2025-12-09,2025-12-21,H1,directo,3,102.28,0,CO
TUR087-002909,2025-12-09,2025-12-19,H2,directo,2,142.29,0,CL
TUR087-002910,2025-12-09,2026-02-24,H3,plataforma,9,179.79,0,CO
TUR087-002911,2025-12-10,2026-01-09,H1, PLATAFORMA ,5,91.46,1,CL
TUR087-002912,2025-12-10,2025-12-16,H2,plataforma,12,146.48,0,PE
TUR087-002913,2025-12-10,2026-01-15,H3,plataforma,3,192.56,0,CO
TUR087-002914,2025-12-10,2026-04-25,H1,directo,6,104.15,0,CO
TUR087-002915,2025-12-11,2026-03-08,H2,agencia,6,134.06,0,CO
TUR087-002916,2025-12-11,2026-04-28,H3,agencia,3,184.11,0,CO
TUR087-002917,2025-12-11,2026-03-07,H1,directo,12,104.7,1,CO
TUR087-002918,2025-12-11,2025-12-18,H2,agencia,6,142.06,1,CO
TUR087-002919,2025-12-12,2026-01-06,H3,directo,11,193.32,0,CL
TUR087-002920,2025-12-12,2026-01-02,H1,plataforma,6,109.59,0,CO
TUR087-002921,2025-12-12,2026-05-08,H2,directo,2,148.83,0,ES
TUR087-002922,2025-12-12,2026-05-11,H3,directo,1,186.99,0,ES
TUR087-002923,2025-12-12,2026-03-04,H1,directo,7,91.94,0,ES
TUR087-002924,2025-12-13,2026-03-03,H2,directo,4,153.65,0,PE
TUR087-002925,2025-12-13,2026-01-25,H3,directo,12,198.02,0,CO
TUR087-002926,2025-12-13,2026-01-01,H1,directo,10,92.36,0,CL
TUR087-002927,2025-12-13,2026-03-20,H2,plataforma,6,141.89,0,ES
TUR087-002928,2025-12-14,2026-01-18,H3,directo,3,188.76,0,ES
TUR087-002929,2025-12-14,2026-04-30,H1,plataforma,8,105.37,1,CO
TUR087-002930,2025-12-14,2026-05-02,H2,plataforma,7,134.08,0,CL
TUR087-002931,2025-12-14,2026-01-13,H3,directo,8,192.65,1,CL
TUR087-002932,2025-12-15,2026-03-04,H1,directo,5,89.08,0,PE
TUR087-002933,2025-12-15,2026-05-09,H2,directo,5,149.15,0,CO
TUR087-002934,2025-12-15,2026-01-18,H3,plataforma,10,189.24,0,CO
TUR087-002935,2025-12-15,2026-01-24,H1,directo,9,100.55,0,ES
TUR087-002936,2025-12-16,2026-05-13,H2,agencia,4,150.56,0,CL
TUR087-002937,2025-12-16,2026-03-22,H3,plataforma,7,201.51,0,CL
TUR087-002938,2025-12-16,2026-04-09,H1,plataforma,2,88.37,1,PE
TUR087-002939,2025-12-16,2026-03-27,H2,directo,1,150.32,0,ES
TUR087-002940,2025-12-17,2025-12-21,H3,agencia,6,184.57,0,CL
TUR087-002941,2025-12-17,2026-03-02,H1,plataforma,1,99.31,0,CO
TUR087-002942,2025-12-17,2026-02-20,H2,plataforma,11,149.22,0,CL
TUR087-002943,2025-12-17,2025-12-31,H3,agencia,10,200.09,0,CL
TUR087-002944,2025-12-18,2026-04-23,H1,agencia,8,90.83,0,CL
TUR087-002945,2025-12-18,2026-01-18,H2,directo,8,153.88,0,ES
TUR087-002946,2025-12-18,2026-02-28,H3,directo,2,182.66,0,ES
TUR087-002947,2025-12-18,2025-12-30,H1,plataforma,2,110.02,0,PE
TUR087-002948,2025-12-19,2026-02-24,H2,directo,11,144.76,0,CO
TUR087-002949,2025-12-19,2026-05-04,H3,directo,5,188.52,0,CO
TUR087-002950,2025-12-19,2026-04-21,H1,directo,9,112.01,0,CO
TUR087-002951,2025-12-19,2026-03-25,H2,directo,3,141.09,0,ES
TUR087-002952,2025-12-20,2026-01-02,H3,directo,5,184.02,0,ES
TUR087-002953,2025-12-20,2026-04-20,H1,agencia,11,90.69,0,ES
TUR087-002954,2025-12-20,2026-02-26,H2,plataforma,7,135.43,1,ES
TUR087-002955,2025-12-20,2026-03-24,H3,directo,7,"194,04",0,ES
TUR087-002956,2025-12-21,2026-01-04,H1,agencia,6,94.87,0,ES
TUR087-002957,2025-12-21,2026-04-24,H2,agencia,1,150.58,0,ES
TUR087-002958,2025-12-21,2026-02-03,H3,directo,10,188.19,0,ES
TUR087-002959,2025-12-21,2026-01-23,H1,plataforma,10,109.24,0,PE
TUR087-002960,2025-12-22,2026-03-05,H2,agencia,8,137.52,1,CO
TUR087-002961,2025-12-22,2026-04-16,H3,agencia,1,192.32,0,CO
TUR087-002962,2025-12-22,2026-05-10,H1,plataforma,4,114.59,1,CO
TUR087-002963,2025-12-22,2026-01-08,H2,agencia,9,139.06,0,CO
TUR087-002964,2025-12-22,2026-02-15,H3,plataforma,4,196.08,0,ES
TUR087-002965,2025-12-23,2026-05-18,H1,plataforma,5,100.1,0,PE
TUR087-002966,2025-12-23,2026-02-09,H2,agencia,11,155.46,0,CO
TUR087-002967,2025-12-23,2026-05-03,H3,agencia,4,181.98,0,PE
TUR087-002968,2025-12-23,2026-04-11,H1,plataforma,10,96.81,1,PE
TUR087-002969,2025-12-24,2026-01-10,H2,directo,3,160.09,0,ES
TUR087-002970,2025-12-24,2026-01-05,H3,directo,6,206.2,0,ES
TUR087-002971,2025-12-24,2026-03-10,H1,agencia,11,105.17,0,PE
TUR087-002972,2025-12-24,2026-02-09,H2,directo,6,139.72,0,PE
TUR087-002973,2025-12-25,2026-04-11,H3,agencia,5,187.36,1,PE
TUR087-002974,2025-12-25,2026-02-17,H1,plataforma,5,92.33,0,ES
TUR087-002975,2025-12-25,2026-04-01,H2,plataforma,10,144.25,0,PE
TUR087-002976,2025-12-25,2026-03-08,H3,directo,4,197.93,0,CL
TUR087-002977,2025-12-26,2026-03-05,H1,directo,7,116.68,0,CO
TUR087-002978,2025-12-26,2026-01-23,H2,agencia,10,147.24,0,ES
TUR087-002979,2025-12-26,2026-03-12,H3,directo,12,190.17,0,CL
TUR087-002980,2025-12-26,2026-04-29,H1,agencia,12,93.72,0,PE
TUR087-002981,2025-12-27,2026-04-09,H2,plataforma,8,144.23,1,CO
TUR087-002982,2025-12-27,2026-03-18,H3,agencia,5,183.24,0,CL
TUR087-002983,2025-12-27,2026-01-09,H1,directo,3,108.66,1,PE
TUR087-002984,2025-12-27,2026-01-22,H2,plataforma,11,144.21,0,CO
TUR087-002985,2025-12-28,2026-01-15,H3,plataforma,10,187.73,0,CL
TUR087-002986,2025-12-28,2026-01-26,H1,agencia,6,105.62,0,PE
TUR087-002987,2025-12-28,2026-05-03,H2,directo,5,157.1,0,ES
TUR087-002988,2025-12-28,2026-03-10,H3,agencia,4,198.8,1,CO
TUR087-002989,2025-12-29,2026-03-04,H1,plataforma,2,,0,PE
TUR087-002990,2025-12-29,2026-01-02,H2,plataforma,7,145.19,0,CO
TUR087-002991,2025-12-29,2026-05-07,H3,plataforma,3,193.47,1,PE
TUR087-002992,2025-12-29,2026-04-28,H1,agencia,4,109.8,0,ES
TUR087-002993,2025-12-30,2026-02-12,H2,directo,8,147.27,0,CL
TUR087-002994,2025-12-30,2026-04-08,H3,plataforma,5,204.43,1,CO
TUR087-002995,2025-12-30,2026-03-02,H1,directo,2,98.69,0,CL
TUR087-002996,2025-12-30,2026-01-20,H2,plataforma,3,141.0,0,PE
TUR087-002997,2025-12-31,2026-01-22,H3,plataforma,4,188.44,0,PE
TUR087-002998,2025-12-31,2026-04-07,H1,directo,8,108.98,0,ES
TUR087-002999,2025-12-31,2026-02-06,H2,plataforma,1,146.56,1,CL
TUR087-003000,2025-12-31,2026-01-19,H3,directo,7,186.6,0,CO
TUR087-000247,2024-02-29,2024-05-10,H1,agencia,7,143.17,0,PE
TUR087-002887,2025-12-04,2026-01-23,H1,agencia,2,93.59,0,CO
TUR087-002021,2025-05-07,2025-06-13,H2,directo,12,165.41,0,CL
TUR087-002862,2025-11-28,2026-01-04,H3,directo,1,189.0,0,CO
TUR087-001629,2025-01-31,2025-04-13,H3,directo,11,208.17,1,PE
TUR087-001727,2025-02-24,2025-06-06,H2,plataforma,1,168.3,0,ES
TUR087-000045,2024-01-11,2024-01-13,H3,plataforma,7,197.51,1,PE
TUR087-002369,2025-07-31,2025-08-31,H2,agencia,9,134.94,0,ES
TUR087-000056,2024-01-14,2024-05-07,H2,agencia,9,152.28,0,CO
TUR087-002738,2025-10-28,2026-01-23,H2,plataforma,6,125.4,0,CL
