registro_id,fecha,ruta,transportista,distancia_km,carga_kg,tiempo_min,prometido_min,entregado
TRA076-000001,2024-01-01,R4,T1,110.8,108.5,149.6,157.4,1
TRA076-000002,2024-01-01,R2,T2,2.8,89.7,40.6,33.2,1
TRA076-000003,2024-01-01,R3,T3,44.4,72.7,,81.1,0
TRA076-000004,2024-01-01,R2,T1,89.0,37.1,122.1,132.3,1
TRA076-000005,2024-01-01,R5,T2,141.7,14.6,202.9,193.0,1
TRA076-000006,2024-01-02,R6,T3,140.6,21.6,175.1,191.7,1
TRA076-000007,2024-01-02,R5,T1,56.4,32.4,81.9,94.9,1
TRA076-000008,2024-01-02,R3,T2,51.2,120.4,,88.9,0
TRA076-000009,2024-01-02,R2,T3,5.9,81.2,26.4,36.8,1
TRA076-000010,2024-01-03,R2,T1,59.5,109.1,112.3,98.4,1
TRA076-000011,2024-01-03,R6,T2,67.6,75.8,111.7,107.7,1
TRA076-000012,2024-01-03,R5,T3,148.4,9.0,201.0,200.7,1
TRA076-000013,2024-01-03,R2,T1,7.0,82.6,34.6,38.0,1
TRA076-000014,2024-01-04,R6,T2,65.9,137.2,107.9,105.8,1
TRA076-000015,2024-01-04,R1,T3,69.9,52.8,127.6,110.4,1
TRA076-000016,2024-01-04,R5,T1,41.4,133.2,91.6,77.6,1
TRA076-000017,2024-01-04,R1,T2,141.0,99.3,191.8,192.1,1
TRA076-000018,2024-01-05,R6,T3,12.6,132.4,37.6,44.5,1
TRA076-000019,2024-01-05,R3,T1,77.0,74.9,96.3,118.5,1
TRA076-000020,2024-01-05,R5,T2,146.9,9.6,189.3,198.9,1
TRA076-000021,2024-01-05,R2,T3,65.8,9.9,96.9,105.7,1
TRA076-000022,2024-01-06,R6,T1,116.8,12.9,137.2,164.3,1
TRA076-000023,2024-01-06,R1,T2,139.2,20.7,167.8,190.1,1
TRA076-000024,2024-01-06,R2,T3,9.1,21.6,23.7,40.5,1
TRA076-000025,2024-01-06,R5,T1,64.7,30.6,95.7,104.4,1
TRA076-000026,2024-01-07,R1,T2,26.1,38.9,70.2,60.0,1
TRA076-000027,2024-01-07,R2,T3,32.1,8.4,68.8,66.9,1
TRA076-000028,2024-01-07,R2,T1,5.2,146.2,7.0,36.0,1
TRA076-000029,2024-01-07,R6,T2,110.6,1.2,144.2,157.2,1
TRA076-000030,2024-01-08,R3,T3,44.4,46.4,73.3,81.1,1
TRA076-000031,2024-01-08,R1,T1,83.7,48.4,133.8,126.3,1
TRA076-000032,2024-01-08,R6,T2,52.1,129.3,63.4,89.9,1
TRA076-000033,2024-01-08,R3,T3,81.2,112.6,168.1,123.4,1
TRA076-000034,2024-01-09,R6,T1,95.7,140.5,139.7,140.1,1
TRA076-000035,2024-01-09,R3,T2,112.5,114.6,174.6,159.4,1
TRA076-000036,2024-01-09,R5,T3,96.4,64.1,147.5,140.9,1
TRA076-000037,2024-01-09,R2,T1,116.2,101.1,153.2,163.6,1
TRA076-000038,2024-01-10,R4,T2,96.9,126.2,146.7,141.4,1
TRA076-000039,2024-01-10,R4,T3,94.6,100.0,133.2,138.8,1
TRA076-000040,2024-01-10,R6,T1,71.6,104.7,109.5,112.3,1
TRA076-000041,2024-01-10,R6,T2,111.1,112.1,143.1,157.8,1
TRA076-000042,2024-01-10,R3,T3,139.0,38.5,219.3,189.8,1
TRA076-000043,2024-01-11,R3,T1,83.8,36.6,75.7,126.4,1
TRA076-000044,2024-01-11,R4,T2,96.7,141.7,142.6,141.2,1
TRA076-000045,2024-01-11,R2,T3,117.9,137.0,205.8,165.6,1
TRA076-000046,2024-01-11,R5,T1,17.4,115.5,34.9,50.0,1
TRA076-000047,2024-01-12,R6,T2,75.1,47.1,93.1,116.4,1
TRA076-000048,2024-01-12,R4,T3,146.1,126.4,242.5,198.0,1
TRA076-000049,2024-01-12,R5,T1,83.1,132.1,109.4,125.6,1
TRA076-000050,2024-01-12,R4,T2,96.8,63.1,173.5,141.3,1
TRA076-000051,2024-01-13,R6,T3,74.8,60.7,85.4,116.0,1
TRA076-000052,2024-01-13,R3,T1,107.1,112.1,,153.2,0
TRA076-000053,2024-01-13,R5,T2,131.3,39.1,168.2,181.0,1
TRA076-000054,2024-01-13,R5,T3,81.8,72.1,120.2,124.1,1
TRA076-000055,2024-01-14,R6,T1,49.4,129.0,86.4,86.8,1
TRA076-000056,2024-01-14,R1,T2,112.6,55.2,146.8,159.5,1
TRA076-000057,2024-01-14,R3,T3,140.3,14.5,189.5,191.3,1
TRA076-000058,2024-01-14,R4,T1,27.7,9.8,58.1,61.9,1
TRA076-000059,2024-01-15,R1,T2,11.2,50.1,19.6,42.9,1
TRA076-000060,2024-01-15,R4,T3,12.7,35.7,43.2,44.6,1
TRA076-000061,2024-01-15,R3,T1,59.8,148.2,126.6,98.8,1
TRA076-000062,2024-01-15,R2,T2,25.0,142.4,73.6,58.8,1
TRA076-000063,2024-01-16,R6,T3,32.4,6.7,,67.3,0
TRA076-000064,2024-01-16,R1,T1,10.7,100.8,27.0,42.3,1
TRA076-000065,2024-01-16,R4,T2,63.7,82.9,122.5,103.3,1
TRA076-000066,2024-01-16,R3,T3,33.8,82.9,71.3,68.9,1
TRA076-000067,2024-01-17,R3,T1,86.3,126.9,99.2,129.2,1
TRA076-000068,2024-01-17,R3,T2,93.7,8.9,,137.8,0
TRA076-000069,2024-01-17,R5,T3,37.8,78.0,71.7,73.5,1
TRA076-000070,2024-01-17,R6,T1,36.9,141.4,71.2,72.4,1
TRA076-000071,2024-01-18,R2,T2,73.5,43.3,91.7,114.5,1
TRA076-000072,2024-01-18,R6,T3,61.1,141.5,109.4,100.3,1
TRA076-000073,2024-01-18,R1,T1,55.0,49.2,103.0,93.2,1
TRA076-000074,2024-01-18,R1,T2,31.6,45.7,37.9,66.3,1
TRA076-000075,2024-01-19,R4,T3,5.7,131.1,62.0,36.6,1
TRA076-000076,2024-01-19,R2,T1,44.9,79.8,63.1,81.6,1
TRA076-000077,2024-01-19,R2,T2,65.6,38.9,86.4,105.4,1
TRA076-000078,2024-01-19,R6,T3,33.2,74.3,71.4,68.2,1
TRA076-000079,2024-01-20,R5,T1,137.2,121.0,162.1,187.8,1
TRA076-000080,2024-01-20,R6,T2,91.4,143.3,133.7,135.1,1
TRA076-000081,2024-01-20,R4,T3,82.0,100.1,133.6,124.3,1
TRA076-000082,2024-01-20,R5,T1,64.9,34.6,,104.6,0
TRA076-000083,2024-01-20,R1,T2,11.2,141.7,47.4,42.9,1
TRA076-000084,2024-01-21,R6,T3,82.5,146.3,,124.9,1
TRA076-000085,2024-01-21,R6,T1,99.6,85.1,127.9,144.5,1
TRA076-000086,2024-01-21,R6,T2,89.2,45.6,123.4,132.6,1
TRA076-000087,2024-01-21,R5,T3,103.4,142.6,150.7,148.9,1
TRA076-000088,2024-01-22,R4,T1,93.7,54.8,129.8,137.8,1
TRA076-000089,2024-01-22,R4,T2,33.8,83.1,69.0,68.9,1
TRA076-000090,2024-01-22,R6,T3,38.4,122.1,66.9,74.2,1
TRA076-000091,2024-01-22,R3,T1,35.9,137.7,81.6,71.3,1
TRA076-000092,2024-01-23,R2,T2,24.5,58.7,46.4,58.2,1
TRA076-000093,2024-01-23,R4,T3,16.7,136.9,67.6,49.2,1
TRA076-000094,2024-01-23,R5,T1,140.6,106.9,191.9,191.7,1
TRA076-000095,2024-01-23,R3,T2,68.1,9.8,110.4,108.3,1
TRA076-000096,2024-01-24,R1,T3,102.3,58.1,148.0,147.6,1
TRA076-000097,2024-01-24,R4,T1,137.3,132.7,180.2,187.9,1
TRA076-000098,2024-01-24,R2,T2,110.8,20.2,165.9,157.4,1
TRA076-000099,2024-01-24,R4,T3,58.2,36.3,88.2,96.9,1
TRA076-000100,2024-01-25,R5,T1,116.2,89.5,173.0,163.6,1
TRA076-000101,2024-01-25,R3,T2,51.6,120.0,80.4,89.3,1
TRA076-000102,2024-01-25,R3,T3,90.8,61.7,,134.4,0
TRA076-000103,2024-01-25,R2,T1,90.9,32.8,129.9,134.5,1
TRA076-000104,2024-01-26,R6,T2,10.5,30.2,30.7,42.1,1
TRA076-000105,2024-01-26,R5,T3,34.2,79.2,86.8,69.3,1
TRA076-000106,2024-01-26,R4,T1,36.6,43.1,90.1,72.1,1
TRA076-000107,2024-01-26,R4,T2,117.9,43.2,132.3,165.6,1
TRA076-000108,2024-01-27,R1,T3,107.6,142.6,178.9,153.7,1
TRA076-000109,2024-01-27,R6,T1,99.1,93.3,140.4,144.0,1
TRA076-000110,2024-01-27,R6,T2,115.8,144.2,154.9,163.2,1
TRA076-000111,2024-01-27,R2,T3,71.0,20.4,105.7,111.6,1
TRA076-000112,2024-01-28,R2,T1,21.1,108.8,75.4,54.3,1
TRA076-000113,2024-01-28,R2,T2,35.9,118.3,,71.3,0
TRA076-000114,2024-01-28,R2,T3,76.3,147.7,137.8,117.7,1
TRA076-000115,2024-01-28,R6,T1,115.1,147.3,156.0,162.4,1
TRA076-000116,2024-01-29,R6,T2,55.7,109.0,87.4,94.1,1
TRA076-000117,2024-01-29,R3,T3,39.7,67.5,73.3,75.7,1
TRA076-000118,2024-01-29,R1,T1,77.2,134.4,100.8,118.8,1
TRA076-000119,2024-01-29,R6,T2,82.1,9.5,90.4,124.4,1
TRA076-000120,2024-01-29,R4,T3,9.6,5.0,32.3,41.0,1
TRA076-000121,2024-01-30,R1,T1,72.2,79.2,104.1,113.0,1
TRA076-000122,2024-01-30,R3,T2,99.7,127.8,147.6,144.7,1
TRA076-000123,2024-01-30,R3,T3,53.1,113.6,105.7,91.1,1
TRA076-000124,2024-01-30,R6,T1,61.7,66.6,75.6,101.0,1
TRA076-000125,2024-01-31,R6,T2,70.5,88.3,109.0,111.1,1
TRA076-000126,2024-01-31,R1,T3,15.4,6.8,20.8,47.7,1
TRA076-000127,2024-01-31,R6,T1,125.0,85.6,169.2,173.8,1
TRA076-000128,2024-01-31,R5,T2,77.9,84.6,133.9,119.6,1
TRA076-000129,2024-02-01,R3,T3,79.5,23.5,138.3,121.4,1
TRA076-000130,2024-02-01,R1,T1,25.6,123.9,61.0,59.4,1
TRA076-000131,2024-02-01,R1,T2,34.6,63.4,79.9,69.8,1
TRA076-000132,2024-02-01,R3,T3,30.0,74.4,64.7,64.5,1
TRA076-000133,2024-02-02,R3,T1,13.9,91.5,44.6,46.0,1
TRA076-000134,2024-02-02,R2,T2,23.8,131.6,46.1,57.4,1
TRA076-000135,2024-02-02,R4,T3,87.9,127.0,146.3,131.1,1
TRA076-000136,2024-02-02,R6,T1,129.3,49.1,163.1,178.7,1
TRA076-000137,2024-02-03,R6,T2,124.9,92.1,166.6,173.6,1
TRA076-000138,2024-02-03,R2,T3,130.9,137.1,212.0,180.5,1
TRA076-000139,2024-02-03,R2,T1,108.2,81.9,133.6,154.4,1
TRA076-000140,2024-02-03,R5,T2,21.8,17.2,67.1,55.1,1
TRA076-000141,2024-02-04,R1,T3,15.3,39.3,33.4,47.6,1
TRA076-000142,2024-02-04,R2,T1,148.5,128.7,199.8,200.8,1
TRA076-000143,2024-02-04,R6,T2,132.5,56.6,188.0,182.4,1
TRA076-000144,2024-02-04,R2,T3,77.0,103.4,141.1,118.5,1
TRA076-000145,2024-02-05,R2,T1,66.8,16.9,81.4,106.8,1
TRA076-000146,2024-02-05,R3,T2,39.4,58.7,92.2,75.3,1
TRA076-000147,2024-02-05,R6,T3,139.0,61.9,217.0,189.8,1
TRA076-000148,2024-02-05,R1,T1,142.2,64.7,193.4,193.5,1
TRA076-000149,2024-02-06,R2,T2,57.4,6.7,83.7,96.0,1
TRA076-000150,2024-02-06,R1,T3,144.3,75.7,226.9,195.9,1
TRA076-000151,2024-02-06,R5,T1,147.1,133.9,208.1,199.2,1
TRA076-000152,2024-02-06,R2,T2,101.7,50.9,146.8,147.0,1
TRA076-000153,2024-02-07,R4,T3,6.4,88.2,45.2,37.4,1
TRA076-000154,2024-02-07,R3,T1,140.6,45.5,180.7,191.7,1
TRA076-000155,2024-02-07,R5,T2,30.7,41.3,69.9,65.3,1
TRA076-000156,2024-02-07,R2,T3,78.7,26.9,111.5,120.5,1
TRA076-000157,2024-02-08,R4,T1,10.2,116.2,5,41.7,1
TRA076-000158,2024-02-08,R1,T2,114.0,118.3,166.9,161.1,1
TRA076-000159,2024-02-08,R6,T3,58.1,37.7,104.3,96.8,1
TRA076-000160,2024-02-08,R5,T1,109.4,54.2,144.7,155.8,1
TRA076-000161,2024-02-08,R4,T2,37.4,26.4,49.1,73.0,1
TRA076-000162,2024-02-09,R6,T3,40.8,100.9,79.3,76.9,1
TRA076-000163,2024-02-09,R3,T1,106.8,91.7,159.9,152.8,1
TRA076-000164,2024-02-09,R3,T2,146.9,99.8,196.0,198.9,1
TRA076-000165,2024-02-09,R2,T3,51.9,70.1,77.6,89.7,1
TRA076-000166,2024-02-10,R2,T1,40.6,72.5,84.1,76.7,1
TRA076-000167,2024-02-10,R2,T2,23.8,33.5,,57.4,1
TRA076-000168,2024-02-10,R6,T3,13.9,135.5,42.4,46.0,1
TRA076-000169,2024-02-10,R1,T1,54.8,103.2,63.4,93.0,1
TRA076-000170,2024-02-11,R6,T2,104.6,41.2,165.3,150.3,1
TRA076-000171,2024-02-11,R2,T3,14.0,95.7,51.7,46.1,1
TRA076-000172,2024-02-11,R4,T1,146.2,17.3,162.4,198.1,1
TRA076-000173,2024-02-11,R5,T2,118.4,118.8,154.3,166.2,1
TRA076-000174,2024-02-12,R3,T3,112.2,47.3,142.7,159.0,1
TRA076-000175,2024-02-12,R2,T1,69.3,128.3,85.2,109.7,1
TRA076-000176,2024-02-12,R3,T2,79.3,70.6,145.7,121.2,1
TRA076-000177,2024-02-12,R6,T3,12.1,89.9,27.3,43.9,1
TRA076-000178,2024-02-13,R5,T1,80.5,1.3,78.3,122.6,1
TRA076-000179,2024-02-13,R1,T2,76.4,49.2,106.4,117.9,1
TRA076-000180,2024-02-13,R6,T3,8.0,84.0,28.1,39.2,1
TRA076-000181,2024-02-13,R6,T1,91.2,31.9,112.1,134.9,1
TRA076-000182,2024-02-14,R3,T2,15.4,81.5,57.9,47.7,1
TRA076-000183,2024-02-14,R6,T3,111.0,19.4,164.0,157.6,1
TRA076-000184,2024-02-14,R1,T1,96.6,129.3,117.4,141.1,1
TRA076-000185,2024-02-14,R6,T2,121.3,4.0,129.8,169.5,1
TRA076-000186,2024-02-15,R5,T3,59.4,73.4,,98.3,0
TRA076-000187,2024-02-15,R4,T1,128.9,52.5,165.9,178.2,1
TRA076-000188,2024-02-15,R6,T2,104.8,39.2,122.6,150.5,1
TRA076-000189,2024-02-15,R3,T3,126.6,9.8,158.3,175.6,1
TRA076-000190,2024-02-16,R3,T1,97.1,130.5,155.5,141.7,1
TRA076-000191,2024-02-16,R6,T2,20.2,134.5,63.0,53.2,1
TRA076-000192,2024-02-16,R1,T3,7.5,28.5,5,38.6,1
TRA076-000193,2024-02-16,R3,T1,41.2,137.4,78.6,77.4,1
TRA076-000194,2024-02-17,R3,T2,134.9,21.9,173.4,185.1,1
TRA076-000195,2024-02-17,R6,T3,100.8,124.7,154.7,145.9,1
TRA076-000196,2024-02-17,R4,T1,91.8,79.4,124.7,135.6,1
TRA076-000197,2024-02-17,R4,T2,8.3,44.1,30.4,39.5,1
TRA076-000198,2024-02-18,R5,T3,129.5,106.7,180.3,178.9,1
TRA076-000199,2024-02-18,R1,T1,24.2,84.7,38.9,57.8,1
TRA076-000200,2024-02-18,R3,T2,2.3,110.5,59.7,32.6,1
TRA076-000201,2024-02-18,R1,T3,106.0,62.6,148.5,151.9,1
TRA076-000202,2024-02-18,R4,T1,25.4,11.0,48.4,59.2,1
TRA076-000203,2024-02-19,R1,T2,68.4,99.6,88.5,108.7,1
TRA076-000204,2024-02-19,R4,T3,91.0,98.2,136.4,134.6,1
TRA076-000205,2024-02-19,R5,T1,119.5,104.7,136.4,167.4,1
TRA076-000206,2024-02-19,R2,T2,12.5,6.7,45.0,44.4,1
TRA076-000207,2024-02-20,R6,T3,43.1,135.0,71.3,79.6,1
TRA076-000208,2024-02-20,R3,T1,127.4,30.9,163.1,176.5,1
TRA076-000209,2024-02-20,R3,T2,48.3,87.5,106.5,85.5,1
TRA076-000210,2024-02-20,R4,T3,138.9,9.9,185.0,189.7,1
TRA076-000211,2024-02-21,R5,T1,121.7,2.4,158.0,170.0,1
TRA076-000212,2024-02-21,R6,T2,47.1,50.6,"61,6",84.2,1
TRA076-000213,2024-02-21,R4,T3,98.8,116.3,155.1,143.6,1
TRA076-000214,2024-02-21,R1,T1,95.7,63.7,123.5,140.1,1
TRA076-000215,2024-02-22,R2,T2,17.7,30.1,34.6,50.4,1
TRA076-000216,2024-02-22,R5,T3,111.1,54.7,178.6,157.8,1
TRA076-000217,2024-02-22,R3,T1,122.7,7.8,156.9,171.1,1
TRA076-000218,2024-02-22,R6,T2,66.1,146.6,,106.0,0
TRA076-000219,2024-02-23,R2,T3,19.5,103.8,35.6,52.4,1
TRA076-000220,2024-02-23,R1,T1,132.2,44.9,170.9,182.0,1
TRA076-000221,2024-02-23,R1,T2,24.5,37.5,25.3,58.2,1
TRA076-000222,2024-02-23,R2,T3,97.8,145.7,148.0,142.5,1
TRA076-000223,2024-02-24,R5,T1,121.2,42.7,159.6,169.4,1
TRA076-000224,2024-02-24,R2,T2,140.4,31.7,172.4,191.5,1
TRA076-000225,2024-02-24,R2,T3,111.9,78.8,167.1,158.7,1
TRA076-000226,2024-02-24,R4,T1,74.8,113.8,85.7,116.0,1
TRA076-000227,2024-02-25,R2,T2,129.8,98.9,199.6,179.3,1
TRA076-000228,2024-02-25,R4,T3,118.3,58.4,174.6,166.0,1
TRA076-000229,2024-02-25,R4,T1,135.8,131.9,151.9,186.2,1
TRA076-000230,2024-02-25,R2,T2,105.1,126.6,138.1,150.9,1
TRA076-000231,2024-02-26,R3,T3,51.5,57.1,99.6,89.2,1
TRA076-000232,2024-02-26,R2,T1,141.7,38.8,175.7,193.0,1
TRA076-000233,2024-02-26,R5,T2,102.1,24.7,160.9,147.4,1
TRA076-000234,2024-02-26,R3,T3,114.1,102.5,194.2,161.2,1
TRA076-000235,2024-02-27,R1,T1,98.0,97.7,123.8,142.7,1
TRA076-000236,2024-02-27,R1,T2,51.8,2.3,62.5,89.6,1
TRA076-000237,2024-02-27,R1,T3,98.2,138.8,163.8,142.9,1
TRA076-000238,2024-02-27,R6,T1,3.0,64.3,39.9,33.5,1
TRA076-000239,2024-02-27,R3,T2,77.7,34.1,96.8,119.4,1
TRA076-000240,2024-02-28,R4,T3,49.0,71.0,78.8,86.3,1
TRA076-000241,2024-02-28,R4,T1,145.3,32.2,191.6,197.1,1
TRA076-000242,2024-02-28,R5,T2,54.1,10.1,58.9,92.2,1
TRA076-000243,2024-02-28,R4,T3,46.7,47.5,54.1,83.7,1
TRA076-000244,2024-02-29,R5,T1,95.6,18.7,109.2,139.9,1
TRA076-000245,2024-02-29,R4,T2,29.9,1.7,16.0,64.4,1
TRA076-000246,2024-02-29,R1,T3,114.6,120.9,190.5,161.8,1
TRA076-000247,2024-02-29,R1,T1,73.7,2.4,75.7,114.8,1
TRA076-000248,2024-03-01,R1,T2,139.4,22.0,154.7,190.3,1
TRA076-000249,2024-03-01,R5,T3,126.9,84.7,183.1,175.9,1
TRA076-000250,2024-03-01,R1,T1,131.0,110.2,,180.6,1
TRA076-000251,2024-03-01,R1,T2,95.7,105.0,143.6,140.1,1
TRA076-000252,2024-03-02,R4,T3,97.8,69.6,143.9,142.5,1
TRA076-000253,2024-03-02,R6,T1,68.5,39.8,94.4,108.8,1
TRA076-000254,2024-03-02,R6,T2,141.0,61.9,181.7,192.1,1
TRA076-000255,2024-03-02,R2,T3,30.8,43.9,68.3,65.4,1
TRA076-000256,2024-03-03,R1,T1,106.2,128.0,156.2,152.1,1
TRA076-000257,2024-03-03,R4,T2,125.1,33.6,182.3,173.9,1
TRA076-000258,2024-03-03,R4,T3,104.4,44.2,130.7,150.1,1
TRA076-000259,2024-03-03,R3,T1,14.3,11.0,10.6,46.4,1
TRA076-000260,2024-03-04,R2,T2,64.3,20.4,105.3,103.9,1
TRA076-000261,2024-03-04,R6,T3,82.7,3.5,101.9,125.1,1
TRA076-000262,2024-03-04,R4,T1,115.8,109.8,150.0,163.2,1
TRA076-000263,2024-03-04,R1,T2,120.0,14.0,155.2,168.0,1
TRA076-000264,2024-03-05,R2,T3,122.8,47.9,181.4,171.2,1
TRA076-000265,2024-03-05,R5,T1,116.5,92.6,140.9,164.0,1
TRA076-000266,2024-03-05,R1,T2,128.8,29.6,181.5,178.1,1
TRA076-000267,2024-03-05,R1,T3,38.9,35.8,56.9,74.7,1
TRA076-000268,2024-03-06,R5,T1,5.7,75.6,46.8,36.6,1
TRA076-000269,2024-03-06,R1,T2,43.9,148.3,91.1,80.5,1
TRA076-000270,2024-03-06,R4,T3,136.6,11.9,169.8,187.1,1
TRA076-000271,2024-03-06,R4,T1,86.7,50.1,133.2,129.7,1
TRA076-000272,2024-03-07,R5,T2,129.9,114.5,164.9,179.4,1
TRA076-000273,2024-03-07,R4,T3,79.8,25.6,89.0,121.8,1
TRA076-000274,2024-03-07,R4,T1,83.6,130.1,159.0,126.1,1
TRA076-000275,2024-03-07,R4,T2,76.2,31.3,125.5,117.6,1
TRA076-000276,2024-03-08,R4,T3,65.0,23.9,103.2,104.8,1
TRA076-000277,2024-03-08,R1,T1,114.0,22.6,147.0,161.1,1
TRA076-000278,2024-03-08,R1,T2,11.2,4.6,33.0,42.9,1
TRA076-000279,2024-03-08,R6,T3,3.2,136.6,19.6,33.7,1
TRA076-000280,2024-03-08,R1,T1,97.2,67.9,126.7,141.8,1
TRA076-000281,2024-03-09,R6,T2,114.3,110.0,177.1,161.4,1
TRA076-000282,2024-03-09,R2,T3,132.5,137.6,193.5,182.4,1
TRA076-000283,2024-03-09,R4,T1,73.9,85.3,111.0,115.0,1
TRA076-000284,2024-03-09,R4,T2,83.3,143.8,134.3,125.8,1
TRA076-000285,2024-03-10,R4,T3,109.4,39.4,172.4,155.8,1
TRA076-000286,2024-03-10,R5,T1,17.1,133.9,60.0,49.7,1
TRA076-000287,2024-03-10,R4,T2,101.8,81.4,153.1,147.1,1
TRA076-000288,2024-03-10,R5,T3,126.0,70.2,178.9,174.9,1
TRA076-000289,2024-03-11,R4,T1,109.5,112.4,148.3,155.9,1
TRA076-000290,2024-03-11,R6,T2,105.7,2.5,136.2,151.6,1
TRA076-000291,2024-03-11,R3,T3,66.7,111.9,108.8,106.7,1
TRA076-000292,2024-03-11,R2,T1,34.7,26.5,55.0,69.9,1
TRA076-000293,2024-03-12,R5,T2,28.1,31.8,46.1,62.3,1
TRA076-000294,2024-03-12,R1,T3,124.1,114.4,183.4,172.7,1
TRA076-000295,2024-03-12,R1,T1,106.3,118.5,158.7,152.2,1
TRA076-000296,2024-03-12,R6,T2,56.5,129.6,104.2,95.0,1
TRA076-000297,2024-03-13,R2,T3,133.8,106.7,192.2,183.9,1
TRA076-000298,2024-03-13,R4,T1,80.7,4.1,97.6,122.8,1
TRA076-000299,2024-03-13,R4,T2,100.8,102.7,155.2,145.9,1
TRA076-000300,2024-03-13,R6,T3,11.4,127.0,54.6,43.1,1
TRA076-000301,2024-03-14,R5,T1,135.0,130.9,177.7,185.2,1
TRA076-000302,2024-03-14,R3,T2,60.7,21.7,71.5,99.8,1
TRA076-000303,2024-03-14,R4,T3,105.1,30.8,146.7,150.9,1
TRA076-000304,2024-03-14,R1,T1,133.1,75.4,179.3,183.1,1
TRA076-000305,2024-03-15,R3,T2,23.2,147.6,45.6,56.7,1
TRA076-000306,2024-03-15,R5,T3,41.5,56.6,92.6,77.7,1
TRA076-000307,2024-03-15,R1,T1,18.7,39.1,55.3,51.5,1
TRA076-000308,2024-03-15,R6,T2,9.3,138.9,,40.7,0
TRA076-000309,2024-03-16,R1,T3,6.5,64.4,44.3,37.5,1
TRA076-000310,2024-03-16,R3,T1,146.1,96.6,203.8,198.0,1
TRA076-000311,2024-03-16,R4,T2,127.7,147.8,198.0,176.9,1
TRA076-000312,2024-03-16,R2,T3,48.8,58.4,93.2,86.1,1
TRA076-000313,2024-03-17,R4,T1,127.6,27.6,177.2,176.7,1
TRA076-000314,2024-03-17,R5,T2,78.4,54.0,111.4,120.2,1
TRA076-000315,2024-03-17,R4,T3,130.4,90.3,200.2,180.0,1
TRA076-000316,2024-03-17,R1,T1,40.2,18.9,65.0,76.2,1
TRA076-000317,2024-03-17,R4,T2,113.3,93.8,159.7,160.3,1
TRA076-000318,2024-03-18,R6,T3,130.9,55.4,195.1,180.5,1
TRA076-000319,2024-03-18,R1,T1,97.8,149.0,135.8,142.5,1
TRA076-000320,2024-03-18,R5,T2,82.0,147.1,114.2,124.3,1
TRA076-000321,2024-03-18,R6,T3,14.9,74.4,58.2,47.1,1
TRA076-000322,2024-03-19,R2,T1,6.7,111.6,46.2,37.7,1
TRA076-000323,2024-03-19,R3,T2,43.3,127.7,,79.8,0
TRA076-000324,2024-03-19,R6,T3,37.9,115.4,54.7,73.6,1
TRA076-000325,2024-03-19,R4,T1,96.1,83.0,106.7,140.5,1
TRA076-000326,2024-03-20,R2,T2,11.1,96.1,44.9,42.8,1
TRA076-000327,2024-03-20,R5,T3,31.7,85.6,67.0,66.5,1
TRA076-000328,2024-03-20,R1,T1,86.1,8.1,96.5,129.0,1
TRA076-000329,2024-03-20,R3,T2,122.6,69.0,180.2,171.0,1
TRA076-000330,2024-03-21,R1,T3,108.6,68.0,155.7,154.9,1
TRA076-000331,2024-03-21,R2,T1,44.6,32.3,69.5,81.3,1
TRA076-000332,2024-03-21,R4,T2,111.0,145.5,168.0,157.6,1
TRA076-000333,2024-03-21,R3,T3,128.9,120.5,,178.2,1
TRA076-000334,2024-03-22,R3,T1,139.1,14.0,170.3,190.0,1
TRA076-000335,2024-03-22,R2,T2,146.3,101.1,,198.2,0
TRA076-000336,2024-03-22,R3,T3,37.3,95.6,,72.9,0
TRA076-000337,2024-03-22,R6,T1,123.8,47.5,183.4,172.4,1
TRA076-000338,2024-03-23,R4,T2,88.5,125.0,182.8,131.8,1
TRA076-000339,2024-03-23,R6,T3,114.1,115.8,179.1,161.2,1
TRA076-000340,2024-03-23,R2,T1,146.3,43.9,206.1,198.2,1
TRA076-000341,2024-03-23,R1,T2,99.0,132.7,152.5,143.8,1
TRA076-000342,2024-03-24,R3,T3,19.5,116.9,52.4,52.4,1
TRA076-000343,2024-03-24,R1,T1,139.9,28.5,170.3,190.9,1
TRA076-000344,2024-03-24,R6,T2,69.6,77.0,79.6,110.0,1
TRA076-000345,2024-03-24,R4,T3,56.6,22.7,87.6,95.1,1
TRA076-000346,2024-03-25,R3,T1,87.6,51.6,97.2,130.7,1
TRA076-000347,2024-03-25,R4,T2,54.0,8.4,,92.1,0
TRA076-000348,2024-03-25,R3,T3,27.5,127.4,80.2,61.6,1
TRA076-000349,2024-03-25,R2,T1,129.4,88.8,142.4,178.8,1
TRA076-000350,2024-03-26,R2,T2,62.8,101.0,105.5,102.2,1
TRA076-000351,2024-03-26,R3,T3,84.8,33.4,137.8,127.5,1
TRA076-000352,2024-03-26,R5,T1,14.3,109.7,50.5,46.4,1
TRA076-000353,2024-03-26,R5,T2,148.5,146.7,227.2,200.8,1
TRA076-000354,2024-03-27,R3,T3,60.0,67.3,121.1,99.0,1
TRA076-000355,2024-03-27,R5,T1,103.4,74.9,144.5,148.9,1
TRA076-000356,2024-03-27,R6,T2,132.5,22.3,160.7,182.4,1
TRA076-000357,2024-03-27,R6,T3,104.4,16.1,146.1,150.1,1
TRA076-000358,2024-03-27,R1,T1,120.5,42.2,116.5,168.6,1
TRA076-000359,2024-03-28,R2,T2,28.9,21.3,32.6,63.2,1
TRA076-000360,2024-03-28,R4,T3,133.3,56.1,205.6,183.3,1
TRA076-000361,2024-03-28,R4,T1,60.4,28.0,67.2,99.5,1
TRA076-000362,2024-03-28,R5,T2,99.4,112.3,149.9,144.3,1
TRA076-000363,2024-03-29,R4,T3,138.9,136.3,210.8,189.7,1
TRA076-000364,2024-03-29,R5,T1,68.2,58.4,,108.4,0
TRA076-000365,2024-03-29,R4,T2,36.0,132.9,74.7,71.4,1
TRA076-000366,2024-03-29,R6,T3,85.9,80.5,136.0,128.8,1
TRA076-000367,2024-03-30,R2,T1,87.8,28.3,89.0,131.0,1
TRA076-000368,2024-03-30,R2,T2,139.3,3.9,181.9,190.2,1
TRA076-000369,2024-03-30,R6,T3,136.6,3.9,143.4,187.1,1
TRA076-000370,2024-03-30,R1,T1,105.8,8.2,110.1,151.7,1
TRA076-000371,2024-03-31,R6,T2,119.8,116.8,152.2,167.8,1
TRA076-000372,2024-03-31,R3,T3,12.3,17.4,32.2,44.1,1
TRA076-000373,2024-03-31,R5,T1,130.1,31.1,140.4,179.6,1
TRA076-000374,2024-03-31,R6,T2,88.5,63.3,118.4,131.8,1
TRA076-000375,2024-04-01,R1,T3,66.9,75.2,111.5,106.9,1
TRA076-000376,2024-04-01,R3,T1,62.6,93.0,84.1,102.0,1
TRA076-000377,2024-04-01,R2,T2,5.9,89.9,13.7,36.8,1
TRA076-000378,2024-04-01,R1,T3,74.2,86.5,104.0,115.3,1
TRA076-000379,2024-04-02,R6,T1,131.4,62.5,144.4,181.1,1
TRA076-000380,2024-04-02,R1,T2,53.0,36.4,92.1,90.9,1
TRA076-000381,2024-04-02,R2,T3,109.5,68.8,170.6,155.9,1
TRA076-000382,2024-04-02,R4,T1,48.6,22.1,58.4,85.9,1
TRA076-000383,2024-04-03,R6,T2,30.6,74.1,30.1,65.2,1
TRA076-000384,2024-04-03,R5,T3,120.0,32.2,178.3,168.0,1
TRA076-000385,2024-04-03,R1,T1,135.3,94.2,168.1,185.6,1
TRA076-000386,2024-04-03,R5,T2,64.3,140.6,,103.9,0
TRA076-000387,2024-04-04,R5,T3,70.3,96.7,133.2,110.8,1
TRA076-000388,2024-04-04,R6,T1,145.5,65.2,191.1,197.3,1
TRA076-000389,2024-04-04,R6,T2,9.7,102.4,55.4,41.2,1
TRA076-000390,2024-04-04,R6,T3,15.6,69.3,46.6,47.9,1
TRA076-000391,2024-04-05,R1,T1,42.6,76.1,50.9,79.0,1
TRA076-000392,2024-04-05,R5,T2,23.7,140.2,63.4,57.3,1
TRA076-000393,2024-04-05,R6,T3,127.2,63.2,188.2,176.3,1
TRA076-000394,2024-04-05,R5,T1,123.7,76.3,160.8,172.3,1
TRA076-000395,2024-04-06,R5,T2,102.5,133.0,168.2,147.9,1
TRA076-000396,2024-04-06,R5,T3,133.4,9.6,184.4,183.4,1
TRA076-000397,2024-04-06,R5,T1,148.2,146.5,187.9,200.4,1
TRA076-000398,2024-04-06,R5,T2,104.5,122.3,159.1,150.2,1
TRA076-000399,2024-04-06,R5,T3,46.0,42.8,70.9,82.9,1
TRA076-000400,2024-04-07,R3,T1,100.3,72.9,142.2,145.3,1
TRA076-000401,2024-04-07,R5,T2,24.5,102.4,66.1,58.2,1
TRA076-000402,2024-04-07,R3,T3,125.2,90.8,162.1,174.0,1
TRA076-000403,2024-04-07,R1,T1,136.8,105.5,145.6,187.3,1
TRA076-000404,2024-04-08,R5,T2,20.2,17.7,27.7,53.2,1
TRA076-000405,2024-04-08,R2,T3,76.9,90.3,123.8,118.4,1
TRA076-000406,2024-04-08,R1,T1,24.1,110.8,22.3,57.7,1
TRA076-000407,2024-04-08,R4,T2,84.5,41.6,105.5,127.2,1
TRA076-000408,2024-04-09,R3,T3,87.5,109.4,149.5,130.6,1
TRA076-000409,2024-04-09,R4,T1,46.4,22.8,79.3,83.4,1
TRA076-000410,2024-04-09,R2,T2,131.2,103.5,189.4,180.9,1
TRA076-000411,2024-04-09,R6,T3,77.6,74.4,148.6,119.2,1
TRA076-000412,2024-04-10,R3,T1,65.9,12.4,109.2,105.8,1
TRA076-000413,2024-04-10,R2,T2,128.5,24.0,159.8,177.8,1
TRA076-000414,2024-04-10,R5,T3,104.4,79.7,145.1,150.1,1
TRA076-000415,2024-04-10,R3,T1,79.8,4.5,95.4,121.8,1
TRA076-000416,2024-04-11,R2,T2,123.6,148.8,,172.1,1
TRA076-000417,2024-04-11,R4,T3,47.0,103.2,107.4,84.0,1
TRA076-000418,2024-04-11,R2,T1,133.6,93.1,165.2,183.6,1
TRA076-000419,2024-04-11,R4,T2,84.0,24.8,120.5,126.6,1
TRA076-000420,2024-04-12,R4,T3,144.7,81.4,210.7,196.4,1
TRA076-000421,2024-04-12,R5,T1,23.8,18.4,,57.4,0
TRA076-000422,2024-04-12,R2,T2,97.9,39.3,124.1,142.6,1
TRA076-000423,2024-04-12,R2,T3,38.7,127.4,"91,3",74.5,1
TRA076-000424,2024-04-13,R1,T1,104.5,5.8,125.0,150.2,1
TRA076-000425,2024-04-13,R5,T2,106.4,38.4,131.7,152.4,1
TRA076-000426,2024-04-13,R5,T3,79.9,101.5,114.3,121.9,1
TRA076-000427,2024-04-13,R6,T1,78.2,108.8,85.7,119.9,1
TRA076-000428,2024-04-14,R2,T2,122.6,115.1,174.7,171.0,1
TRA076-000429,2024-04-14,R5,T3,84.4,21.0,139.4,127.1,1
TRA076-000430,2024-04-14,R6,T1,22.8,23.9,6.5,56.2,1
TRA076-000431,2024-04-14,R6,T2,110.2,94.5,144.2,156.7,1
TRA076-000432,2024-04-15,R1,T3,36.9,41.2,-999,72.4,1
TRA076-000433,2024-04-15,R3,T1,100.0,11.3,105.2,145.0,1
TRA076-000434,2024-04-15,R5,T2,64.7,129.4,86.0,104.4,1
TRA076-000435,2024-04-15,R2,T3,81.5,6.0,106.4,123.7,1
TRA076-000436,2024-04-15,R4,T1,112.3,13.6,130.7,159.1,1
TRA076-000437,2024-04-16,R1,T2,137.1,128.9,210.5,187.7,1
TRA076-000438,2024-04-16,R2,T3,85.7,47.4,129.1,128.6,1
TRA076-000439,2024-04-16,R5,T1,14.8,3.5,15.0,47.0,1
TRA076-000440,2024-04-16,R4,T2,138.3,62.1,177.8,189.0,1
TRA076-000441,2024-04-17,R4,T3,15.8,108.8,31.1,48.2,1
TRA076-000442,2024-04-17,R6,T1,86.5,99.0,124.4,129.5,1
TRA076-000443,2024-04-17,R1,T2,6.5,124.1,34.1,37.5,1
TRA076-000444,2024-04-17,R6,T3,91.0,72.0,132.9,134.6,1
TRA076-000445,2024-04-18,R2,T1,22.3,4.3,38.9,55.6,1
TRA076-000446,2024-04-18,R4,T2,81.0,24.6,111.5,123.1,1
TRA076-000447,2024-04-18,R5,T3,36.9,24.0,51.9,72.4,1
TRA076-000448,2024-04-18,R2,T1,64.2,69.3,74.7,103.8,1
TRA076-000449,2024-04-19,R6,T2,20.0,59.8,43.5,53.0,1
TRA076-000450,2024-04-19,R1,T3,16.6,109.3,52.1,49.1,1
TRA076-000451,2024-04-19,R4,T1,98.8,21.2,126.3,143.6,1
TRA076-000452,2024-04-19,R5,T2,85.9,145.8,140.0,128.8,1
TRA076-000453,2024-04-20,R3,T3,90.7,106.2,146.2,134.3,1
TRA076-000454,2024-04-20,R1,T1,39.5,40.0,68.5,75.4,1
TRA076-000455,2024-04-20,R6,T2,128.7,48.0,146.1,178.0,1
TRA076-000456,2024-04-20,R6,T3,51.9,144.6,109.1,89.7,1
TRA076-000457,2024-04-21,R3,T1,117.4,24.8,139.0,165.0,1
TRA076-000458,2024-04-21,R2,T2,70.7,71.9,92.5,111.3,1
TRA076-000459,2024-04-21,R5,T3,27.8,143.7,84.9,62.0,1
TRA076-000460,2024-04-21,R4,T1,33.5,113.3,40.7,68.5,1
TRA076-000461,2024-04-22,R3,T2,73.6,7.4,100.2,114.6,1
TRA076-000462,2024-04-22,R6,T3,128.6,17.6,,177.9,0
TRA076-000463,2024-04-22,R3,T1,53.3,2.0,67.9,91.3,1
TRA076-000464,2024-04-22,R2,T2,137.9,138.2,181.4,188.6,1
TRA076-000465,2024-04-23,R1,T3,106.0,18.8,140.6,151.9,1
TRA076-000466,2024-04-23,R1,T1,49.9,48.3,64.5,87.4,1
TRA076-000467,2024-04-23,R4,T2,121.3,73.7,164.1,169.5,1
TRA076-000468,2024-04-23,R6,T3,136.4,59.0,208.4,186.9,1
TRA076-000469,2024-04-24,R3,T1,56.8,145.5,95.9,95.3,1
TRA076-000470,2024-04-24,R1,T2,73.1,34.1,95.1,114.1,1
TRA076-000471,2024-04-24,R2,T3,63.2,106.5,100.7,102.7,1
TRA076-000472,2024-04-24,R1,T1,18.2,59.1,62.4,50.9,1
TRA076-000473,2024-04-25,R1,T2,81.6,90.0,,123.8,0
TRA076-000474,2024-04-25,R2,T3,52.0,149.3,82.6,89.8,1
TRA076-000475,2024-04-25,R5,T1,95.0,68.3,149.6,139.2,1
TRA076-000476,2024-04-25,R1,T2,103.2,9.0,137.9,148.7,1
TRA076-000477,2024-04-25,R1,T3,94.4,23.3,137.3,138.6,1
TRA076-000478,2024-04-26,R3,T1,103.6,115.1,152.2,149.1,1
TRA076-000479,2024-04-26,R6,T2,29.3,3.0,51.7,63.7,1
TRA076-000480,2024-04-26,R4,T3,27.2,138.6,52.2,61.3,1
TRA076-000481,2024-04-26,R6,T1,94.2,116.8,124.0,138.3,1
TRA076-000482,2024-04-27,R3,T2,130.0,44.9,182.5,179.5,1
TRA076-000483,2024-04-27,R4,T3,33.5,111.0,90.0,68.5,1
TRA076-000484,2024-04-27,R5,T1,45.1,136.1,87.9,81.9,1
TRA076-000485,2024-04-27,R5,T2,63.4,145.0,120.3,102.9,1
TRA076-000486,2024-04-28,R6,T3,10.6,143.7,36.9,42.2,1
TRA076-000487,2024-04-28,R5,T1,117.0,1.8,134.5,164.5,1
TRA076-000488,2024-04-28,R3,T2,48.7,95.4,,86.0,0
TRA076-000489,2024-04-28,R2,T3,29.9,97.2,69.9,64.4,1
TRA076-000490,2024-04-29,R1,T1,121.3,29.0,172.6,169.5,1
TRA076-000491,2024-04-29,R3,T2,138.3,13.2,167.0,189.0,1
TRA076-000492,2024-04-29,R2,T3,34.2,136.0,89.1,69.3,1
TRA076-000493,2024-04-29,R6,T1,71.8,11.4,122.4,112.6,1
TRA076-000494,2024-04-30,R4,T2,19.4,90.5,22.0,52.3,1
TRA076-000495,2024-04-30,R3,T3,20.0,104.2,69.1,53.0,1
TRA076-000496,2024-04-30,R4,T1,116.3,28.2,159.1,163.7,1
TRA076-000497,2024-04-30,R1,T2,122.4,20.6,152.9,170.8,1
TRA076-000498,2024-05-01,R2,T3,115.5,74.5,170.7,162.8,1
TRA076-000499,2024-05-01,R2,T1,88.1,27.1,,131.3,1
TRA076-000500,2024-05-01,R3,T2,10.8,139.6,56.4,42.4,1
TRA076-000501,2024-05-01,R3,T3,64.7,75.9,111.8,104.4,1
TRA076-000502,2024-05-02,R1,T1,25.1,17.8,33.3,58.9,1
TRA076-000503,2024-05-02,R6,T2,126.2,129.0,189.6,175.1,1
TRA076-000504,2024-05-02,R3,T3,11.5,141.0,50.8,43.2,1
TRA076-000505,2024-05-02,R5,T1,61.2,18.0,88.8,100.4,1
TRA076-000506,2024-05-03,R1,T2,41.3,125.4,92.4,77.5,1
TRA076-000507,2024-05-03,R5,T3,4.5,137.8,37.8,35.2,1
TRA076-000508,2024-05-03,R5,T1,98.7,94.0,149.8,143.5,1
TRA076-000509,2024-05-03,R6,T2,35.0,134.8,53.2,70.2,1
TRA076-000510,2024-05-04,R4,T3,132.6,149.6,210.0,182.5,1
TRA076-000511,2024-05-04,R2,T1,128.5,108.6,167.4,177.8,1
TRA076-000512,2024-05-04,R3,T2,93.9,90.6,126.4,138.0,1
TRA076-000513,2024-05-04,R4,T3,108.6,14.7,127.6,154.9,1
TRA076-000514,2024-05-05,R3,T1,20.5,74.1,49.7,53.6,1
TRA076-000515,2024-05-05,R1,T2,56.5,145.3,95.1,95.0,1
TRA076-000516,2024-05-05,R1,T3,87.8,128.7,133.1,131.0,1
TRA076-000517,2024-05-05,R4,T1,10.5,23.1,45.9,42.1,1
TRA076-000518,2024-05-05,R4,T2,105.1,105.5,,150.9,0
TRA076-000519,2024-05-06,R2,T3,47.1,21.0,102.1,84.2,1
TRA076-000520,2024-05-06,R4,T1,85.0,25.9,103.7,127.7,1
TRA076-000521,2024-05-06,R1,T2,141.4,5.6,187.1,192.6,1
TRA076-000522,2024-05-06,R4,T3,57.6,53.4,85.1,96.2,1
TRA076-000523,2024-05-07,R6,T1,131.9,148.5,190.2,181.7,1
TRA076-000524,2024-05-07,R4,T2,31.8,48.4,58.7,66.6,1
TRA076-000525,2024-05-07,R2,T3,6.8,46.9,,37.8,0
TRA076-000526,2024-05-07,R5,T1,106.8,21.8,130.9,152.8,1
TRA076-000527,2024-05-08,R4,T2,146.9,131.1,194.5,198.9,1
TRA076-000528,2024-05-08,R2,T3,124.8,120.3,188.7,173.5,1
TRA076-000529,2024-05-08,R5,T1,32.3,147.3,78.5,67.1,1
TRA076-000530,2024-05-08,R1,T2,125.0,130.8,156.0,173.8,1
TRA076-000531,2024-05-09,R1,T3,136.5,78.2,215.1,187.0,1
TRA076-000532,2024-05-09,R3,T1,118.8,13.4,144.9,166.6,1
TRA076-000533,2024-05-09,R3,T2,10.2,147.5,37.6,41.7,1
TRA076-000534,2024-05-09,R3,T3,67.0,38.3,106.7,107.0,1
TRA076-000535,2024-05-10,R1,T1,43.0,148.3,97.8,79.4,1
TRA076-000536,2024-05-10,R3,T2,90.3,145.3,165.1,133.8,1
TRA076-000537,2024-05-10,R1,T3,112.7,136.7,187.7,159.6,1
TRA076-000538,2024-05-10,R6,T1,47.3,105.2,71.0,84.4,1
TRA076-000539,2024-05-11,R5,T2,118.4,98.8,153.4,166.2,1
TRA076-000540,2024-05-11,R6,T3,143.7,80.1,215.2,195.3,1
TRA076-000541,2024-05-11,R4,T1,8.0,101.1,22.7,39.2,1
TRA076-000542,2024-05-11,R2,T2,109.2,118.8,174.4,155.6,1
TRA076-000543,2024-05-12,R3,T3,6.9,142.3,35.0,37.9,1
TRA076-000544,2024-05-12,R1,T1,57.5,16.0,86.6,96.1,1
TRA076-000545,2024-05-12,R5,T2,25.0,119.9,52.4,58.8,1
TRA076-000546,2024-05-12,R5,T3,17.3,39.7,51.0,49.9,1
TRA076-000547,2024-05-13,R1,T1,16.8,22.2,13.5,49.3,1
TRA076-000548,2024-05-13,R5,T2,120.3,71.4,181.5,168.3,1
TRA076-000549,2024-05-13,R6,T3,54.8,47.8,133.5,93.0,1
TRA076-000550,2024-05-13,R6,T1,52.5,70.0,87.5,90.4,1
TRA076-000551,2024-05-14,R2,T2,122.4,60.6,150.0,170.8,1
TRA076-000552,2024-05-14,R1,T3,51.1,22.7,93.3,88.8,1
TRA076-000553,2024-05-14,R1,T1,114.3,29.7,155.1,161.4,1
TRA076-000554,2024-05-14,R6,T2,74.2,126.9,117.5,115.3,1
TRA076-000555,2024-05-14,R2,T3,112.6,90.5,167.2,159.5,1
TRA076-000556,2024-05-15,R5,T1,102.7,133.1,131.6,148.1,1
TRA076-000557,2024-05-15,R6,T2,49.6,17.1,93.7,87.0,1
TRA076-000558,2024-05-15,R5,T3,49.7,96.7,90.4,87.2,1
TRA076-000559,2024-05-15,R4,T1,3.7,36.5,14.1,34.3,1
TRA076-000560,2024-05-16,R5,T2,94.9,67.3,154.1,139.1,1
TRA076-000561,2024-05-16,R4,T3,19.9,39.1,13.5,52.9,1
TRA076-000562,2024-05-16,R4,T1,25.8,90.3,25.7,59.7,1
TRA076-000563,2024-05-16,R1,T2,149.9,8.3,169.7,202.4,1
TRA076-000564,2024-05-17,R5,T3,15.3,56.1,53.2,47.6,1
TRA076-000565,2024-05-17,R2,T1,65.2,41.5,101.9,105.0,1
TRA076-000566,2024-05-17,R5,T2,70.2,132.1,,110.7,0
TRA076-000567,2024-05-17,R2,T3,36.9,31.2,56.4,72.4,1
TRA076-000568,2024-05-18,R3,T1,69.0,123.6,111.7,109.3,1
TRA076-000569,2024-05-18,R4,T2,103.4,32.5,146.5,148.9,1
TRA076-000570,2024-05-18,R3,T3,65.2,98.3,115.2,105.0,1
TRA076-000571,2024-05-18,R4,T1,25.5,77.0,58.8,59.3,1
TRA076-000572,2024-05-19,R4,T2,99.9,18.0,118.0,144.9,1
TRA076-000573,2024-05-19,R2,T3,51.4,57.7,107.6,89.1,1
TRA076-000574,2024-05-19,R2,T1,70.3,129.6,98.7,110.8,1
TRA076-000575,2024-05-19,R4,T2,26.0,145.8,36.3,59.9,1
TRA076-000576,2024-05-20,R1,T3,98.5,144.4,156.6,143.3,1
TRA076-000577,2024-05-20,R4,T1,63.4,6.7,60.1,102.9,1
TRA076-000578,2024-05-20,R3,T2,74.6,25.6,113.6,115.8,1
TRA076-000579,2024-05-20,R5,T3,85.9,15.2,88.6,128.8,1
TRA076-000580,2024-05-21,R6,T1,120.5,5.2,172.9,168.6,1
TRA076-000581,2024-05-21,R4,T2,59.5,55.1,110.0,98.4,1
TRA076-000582,2024-05-21,R1,T3,86.8,38.9,,129.8,1
TRA076-000583,2024-05-21,R6,T1,75.4,108.6,128.7,116.7,1
TRA076-000584,2024-05-22,R5,T2,51.3,54.9,51.2,89.0,1
TRA076-000585,2024-05-22,R4,T3,116.8,89.6,211.3,164.3,1
TRA076-000586,2024-05-22,R4,T1,14.9,138.1,31.6,47.1,1
TRA076-000587,2024-05-22,R5,T2,99.5,63.7,163.6,144.4,1
TRA076-000588,2024-05-23,R5,T3,7.1,38.9,16.6,38.2,1
TRA076-000589,2024-05-23,R3,T1,51.4,78.2,103.7,89.1,1
TRA076-000590,2024-05-23,R6,T2,105.8,22.0,137.0,151.7,1
TRA076-000591,2024-05-23,R3,T3,66.7,135.1,119.0,106.7,1
TRA076-000592,2024-05-24,R2,T1,39.5,128.3,60.2,75.4,1
TRA076-000593,2024-05-24,R4,T2,128.2,110.8,179.2,177.4,1
TRA076-000594,2024-05-24,R1,T3,46.2,90.0,83.1,83.1,1
TRA076-000595,2024-05-24,R5,T1,55.9,78.8,84.4,94.3,1
TRA076-000596,2024-05-24,R2,T2,97.9,78.7,150.8,142.6,1
TRA076-000597,2024-05-25,R4,T3,124.5,108.4,187.6,173.2,1
TRA076-000598,2024-05-25,R4,T1,130.8,96.0,187.0,180.4,1
TRA076-000599,2024-05-25,R4,T2,114.1,88.9,130.5,161.2,1
TRA076-000600,2024-05-25,R2,T3,91.5,5.1,115.9,135.2,1
TRA076-000601,2024-05-26,R2,T1,142.9,48.0,166.6,194.3,1
TRA076-000602,2024-05-26,R2,T2,125.8,42.9,186.7,174.7,1
TRA076-000603,2024-05-26,R1,T3,4.3,74.2,48.2,34.9,1
TRA076-000604,2024-05-26,R2,T1,18.2,115.6,53.3,50.9,1
TRA076-000605,2024-05-27,R3,T2,132.1,81.6,174.7,181.9,1
TRA076-000606,2024-05-27,R1,T3,63.2,72.1,98.5,102.7,1
TRA076-000607,2024-05-27,R6,T1,34.6,34.2,47.1,69.8,1
TRA076-000608,2024-05-27,R5,T2,114.4,132.7,160.6,161.6,1
TRA076-000609,2024-05-28,R5,T3,95.6,124.8,152.5,139.9,1
TRA076-000610,2024-05-28,R4,T1,137.7,46.6,178.3,188.4,1
TRA076-000611,2024-05-28,R4,T2,130.5,64.3,174.3,180.1,1
TRA076-000612,2024-05-28,R6,T3,38.2,37.3,68.7,73.9,1
TRA076-000613,2024-05-29,R3,T1,138.1,54.9,164.1,188.8,1
TRA076-000614,2024-05-29,R3,T2,146.5,71.6,206.1,198.5,1
TRA076-000615,2024-05-29,R2,T3,22.0,57.4,61.8,55.3,1
TRA076-000616,2024-05-29,R2,T1,149.3,132.0,177.6,201.7,1
TRA076-000617,2024-05-30,R2,T2,147.9,137.5,220.7,200.1,1
TRA076-000618,2024-05-30,R6,T3,2.9,56.2,18.5,33.3,1
TRA076-000619,2024-05-30,R3,T1,49.4,12.0,101.6,86.8,1
TRA076-000620,2024-05-30,R6,T2,50.4,5.2,65.7,88.0,1
TRA076-000621,2024-05-31,R5,T3,61.7,44.4,95.8,101.0,1
TRA076-000622,2024-05-31,R4,T1,123.1,14.2,164.2,171.6,1
TRA076-000623,2024-05-31,R1,T2,51.2,10.2,70.0,88.9,1
TRA076-000624,2024-05-31,R2,T3,31.8,5.0,52.0,66.6,1
TRA076-000625,2024-06-01,R3,T1,40.0,126.6,66.5,76.0,1
TRA076-000626,2024-06-01,R1,T2,143.7,18.8,198.7,195.3,1
TRA076-000627,2024-06-01,R2,T3,63.2,137.4,112.0,102.7,1
TRA076-000628,2024-06-01,R6,T1,26.9,55.1,79.0,60.9,1
TRA076-000629,2024-06-02,R1,T2,148.5,34.9,190.1,200.8,1
TRA076-000630,2024-06-02,R5,T3,147.5,138.0,231.7,199.6,1
TRA076-000631,2024-06-02,R1,T1,63.4,2.2,101.8,102.9,1
TRA076-000632,2024-06-02,R6,T2,145.5,33.7,206.0,197.3,1
TRA076-000633,2024-06-02,R3,T3,61.0,58.8,,100.1,0
TRA076-000634,2024-06-03,R4,T1,117.1,74.9,"160,2",164.7,1
TRA076-000635,2024-06-03,R5,T2,112.5,5.9,148.3,159.4,1
TRA076-000636,2024-06-03,R2,T3,82.9,80.6,,125.3,0
TRA076-000637,2024-06-03,R2,T1,122.4,110.7,178.0,170.8,1
TRA076-000638,2024-06-04,R1,T2,7.4,106.7,37.2,38.5,1
TRA076-000639,2024-06-04,R4,T3,9.5,52.8,63.1,40.9,1
TRA076-000640,2024-06-04,R3,T1,53.6,109.2,82.2,91.6,1
TRA076-000641,2024-06-04,R3,T2,128.7,1.9,163.3,178.0,1
TRA076-000642,2024-06-05,R2,T3,3.6,34.7,24.8,34.1,1
TRA076-000643,2024-06-05,R3,T1,81.5,58.1,109.9,123.7,1
TRA076-000644,2024-06-05,R6,T2,118.0,10.0,,165.7,0
TRA076-000645,2024-06-05,R4,T3,125.3,131.8,183.4,174.1,1
TRA076-000646,2024-06-06,R1,T1,92.7,136.3,110.3,136.6,1
TRA076-000647,2024-06-06,R5,T2,55.6,54.2,82.2,93.9,1
TRA076-000648,2024-06-06,R3,T3,134.2,91.7,166.1,184.3,1
TRA076-000649,2024-06-06,R6,T1,135.8,110.4,164.4,186.2,1
TRA076-000650,2024-06-07,R3,T2,143.8,133.3,219.5,195.4,1
TRA076-000651,2024-06-07,R2,T3,149.6,144.0,220.8,202.0,1
TRA076-000652,2024-06-07,R5,T1,90.9,11.8,115.3,134.5,1
TRA076-000653,2024-06-07,R6,T2,18.2,28.0,26.9,50.9,1
TRA076-000654,2024-06-08,R5,T3,31.8,24.0,51.4,66.6,1
TRA076-000655,2024-06-08,R4,T1,33.6,131.5,70.6,68.6,1
TRA076-000656,2024-06-08,R4,T2,20.1,9.1,21.9,53.1,1
TRA076-000657,2024-06-08,R5,T3,135.3,138.4,217.2,185.6,1
TRA076-000658,2024-06-09,R6,T1,49.1,75.2,79.8,86.5,1
TRA076-000659,2024-06-09,R4,T2,142.1,133.8,209.5,193.4,1
TRA076-000660,2024-06-09,R6,T3,30.4,60.1,50.5,65.0,1
TRA076-000661,2024-06-09,R6,T1,73.5,121.1,96.2,114.5,1
TRA076-000662,2024-06-10,R1,T2,43.7,30.3,59.2,80.3,1
TRA076-000663,2024-06-10,R3,T3,141.2,31.7,191.6,192.4,1
TRA076-000664,2024-06-10,R6,T1,118.3,45.4,158.9,166.0,1
TRA076-000665,2024-06-10,R5,T2,99.8,119.6,,144.8,1
TRA076-000666,2024-06-11,R4,T3,136.5,42.7,176.1,187.0,1
TRA076-000667,2024-06-11,R4,T1,124.6,78.5,159.0,173.3,1
TRA076-000668,2024-06-11,R1,T2,139.9,140.4,207.1,190.9,1
TRA076-000669,2024-06-11,R1,T3,147.4,46.5,213.7,199.5,1
TRA076-000670,2024-06-12,R3,T1,19.8,101.9,34.8,52.8,1
TRA076-000671,2024-06-12,R6,T2,52.6,137.0,109.9,90.5,1
TRA076-000672,2024-06-12,R5,T3,106.4,143.7,163.7,152.4,1
TRA076-000673,2024-06-12,R1,T1,146.7,38.1,174.4,198.7,1
TRA076-000674,2024-06-12,R6,T2,75.5,41.8,112.6,116.8,1
TRA076-000675,2024-06-13,R3,T3,72.9,94.3,109.2,113.8,1
TRA076-000676,2024-06-13,R6,T1,95.6,5.7,81.1,139.9,1
TRA076-000677,2024-06-13,R1,T2,142.3,86.3,190.9,193.6,1
TRA076-000678,2024-06-13,R3,T3,9.3,35.4,44.7,40.7,1
TRA076-000679,2024-06-14,R6,T1,24.3,126.6,39.0,57.9,1
TRA076-000680,2024-06-14,R6,T2,31.4,81.5,50.9,66.1,1
TRA076-000681,2024-06-14,R6,T3,130.9,93.9,200.3,180.5,1
TRA076-000682,2024-06-14,R2,T1,9.2,38.0,32.9,40.6,1
TRA076-000683,2024-06-15,R1,T2,146.7,25.6,199.7,198.7,1
TRA076-000684,2024-06-15,R6,T3,120.6,122.5,209.6,168.7,1
TRA076-000685,2024-06-15,R1,T1,124.0,34.6,149.2,172.6,1
TRA076-000686,2024-06-15,R3,T2,65.8,149.1,118.9,105.7,1
TRA076-000687,2024-06-16,R2,T3,10.2,78.9,,41.7,0
TRA076-000688,2024-06-16,R5,T1,141.1,28.7,187.7,192.3,1
TRA076-000689,2024-06-16,R4,T2,29.9,20.9,53.5,64.4,1
TRA076-000690,2024-06-16,R2,T3,138.1,78.8,203.5,188.8,1
TRA076-000691,2024-06-17,R6,T1,65.5,26.8,62.3,105.3,1
TRA076-000692,2024-06-17,R1,T2,126.9,126.2,195.3,175.9,1
TRA076-000693,2024-06-17,R1,T3,44.7,106.7,89.4,81.4,1
TRA076-000694,2024-06-17,R1,T1,54.3,8.7,60.2,92.4,1
TRA076-000695,2024-06-18,R3,T2,146.3,89.1,,198.2,0
TRA076-000696,2024-06-18,R3,T3,55.3,14.9,83.9,93.6,1
TRA076-000697,2024-06-18,R1,T1,111.8,106.4,139.0,158.6,1
TRA076-000698,2024-06-18,R2,T2,10.0,89.8,29.0,41.5,1
TRA076-000699,2024-06-19,R1,T3,9.3,74.9,48.9,40.7,1
TRA076-000700,2024-06-19,R1,T1,7.9,85.6,28.7,39.1,1
TRA076-000701,2024-06-19,R1,T2,43.1,19.6,56.3,79.6,1
TRA076-000702,2024-06-19,R4,T3,44.2,120.2,85.0,80.8,1
TRA076-000703,2024-06-20,R3,T1,42.8,57.6,84.7,79.2,1
TRA076-000704,2024-06-20,R4,T2,133.0,116.3,183.6,182.9,1
TRA076-000705,2024-06-20,R5,T3,107.6,100.9,167.4,153.7,1
TRA076-000706,2024-06-20,R6,T1,101.5,128.4,139.9,146.7,1
TRA076-000707,2024-06-21,R3,T2,108.2,24.3,144.0,154.4,1
TRA076-000708,2024-06-21,R6,T3,63.9,45.0,68.9,103.5,1
TRA076-000709,2024-06-21,R2,T1,40.9,25.8,60.3,77.0,1
TRA076-000710,2024-06-21,R5,T2,33.0,31.2,66.2,67.9,1
TRA076-000711,2024-06-22,R5,T3,138.6,69.8,200.5,189.4,1
TRA076-000712,2024-06-22,R4,T1,100.9,51.2,182.8,146.0,1
TRA076-000713,2024-06-22,R5,T2,91.9,138.3,127.2,135.7,1
TRA076-000714,2024-06-22,R6,T3,58.3,39.7,81.6,97.0,1
TRA076-000715,2024-06-22,R5,T1,13.3,33.6,39.6,45.3,1
TRA076-000716,2024-06-23,R2,T2,21.6,144.7,37.9,54.8,1
TRA076-000717,2024-06-23,R5,T3,147.1,143.4,193.7,199.2,1
TRA076-000718,2024-06-23,R4,T1,127.5,79.7,157.5,176.6,1
TRA076-000719,2024-06-23,R5,T2,74.5,75.6,129.4,115.7,1
TRA076-000720,2024-06-24,R2,T3,48.8,79.1,111.4,86.1,1
TRA076-000721,2024-06-24,R2,T1,148.2,98.1,195.0,200.4,1
TRA076-000722,2024-06-24,R2,T2,96.8,31.3,143.9,141.3,1
TRA076-000723,2024-06-24,R6,T3,42.7,40.2,63.2,79.1,1
TRA076-000724,2024-06-25,R1,T1,38.7,18.5,44.5,74.5,1
TRA076-000725,2024-06-25,R3,T2,3.8,54.4,31.0,34.4,1
TRA076-000726,2024-06-25,R4,T3,38.3,80.4,98.6,74.0,1
TRA076-000727,2024-06-25,R4,T1,27.1,121.9,72.0,61.2,1
TRA076-000728,2024-06-26,R4,T2,133.9,140.9,210.5,184.0,1
TRA076-000729,2024-06-26,R6,T3,61.1,56.0,110.5,100.3,1
TRA076-000730,2024-06-26,R3,T1,40.9,22.2,,77.0,0
TRA076-000731,2024-06-26,R6,T2,93.3,36.0,129.3,137.3,1
TRA076-000732,2024-06-27,R2,T3,93.7,24.5,130.1,137.8,1
TRA076-000733,2024-06-27,R3,T1,133.2,104.1,153.1,183.2,1
TRA076-000734,2024-06-27,R5,T2,36.9,21.0,49.2,72.4,1
TRA076-000735,2024-06-27,R5,T3,105.1,97.8,165.6,150.9,1
TRA076-000736,2024-06-28,R4,T1,128.3,72.4,175.0,177.5,1
TRA076-000737,2024-06-28,R1,T2,53.8,115.8,111.0,91.9,1
TRA076-000738,2024-06-28,R6,T3,103.5,104.7,153.4,149.0,1
TRA076-000739,2024-06-28,R3,T1,71.8,59.9,89.9,112.6,1
TRA076-000740,2024-06-29,R2,T2,88.9,49.4,135.8,132.2,1
TRA076-000741,2024-06-29,R2,T3,43.4,101.2,96.9,79.9,1
TRA076-000742,2024-06-29,R5,T1,106.1,7.7,85.8,152.0,1
TRA076-000743,2024-06-29,R6,T2,137.5,16.1,181.7,188.1,1
TRA076-000744,2024-06-30,R3,T3,38.4,119.1,92.8,74.2,1
TRA076-000745,2024-06-30,R2,T1,37.8,85.9,50.2,73.5,1
TRA076-000746,2024-06-30,R6,T2,16.3,55.1,38.3,48.7,1
TRA076-000747,2024-06-30,R3,T3,67.1,74.2,115.9,107.2,1
TRA076-000748,2024-07-01,R4,T1,68.9,76.8,,109.2,1
TRA076-000749,2024-07-01,R4,T2,86.8,4.2,117.3,129.8,1
TRA076-000750,2024-07-01,R2,T3,90.7,45.3,160.6,134.3,1
TRA076-000751,2024-07-01,R5,T1,21.9,97.0,98.9,55.2,1
TRA076-000752,2024-07-01,R1,T2,113.6,18.6,144.0,160.6,1
TRA076-000753,2024-07-02,R3,T3,131.8,111.1,205.7,181.6,1
TRA076-000754,2024-07-02,R2,T1,115.3,63.8,154.6,162.6,1
TRA076-000755,2024-07-02,R1,T2,134.6,21.5,195.2,184.8,1
TRA076-000756,2024-07-02,R3,T3,76.2,88.2,132.9,117.6,1
TRA076-000757,2024-07-03,R2,T1,127.7,134.3,151.9,176.9,1
TRA076-000758,2024-07-03,R1,T2,96.6,16.4,156.1,141.1,1
TRA076-000759,2024-07-03,R3,T3,116.7,55.1,148.2,164.2,1
TRA076-000760,2024-07-03,R3,T1,83.3,48.9,105.7,125.8,1
TRA076-000761,2024-07-04,R3,T2,100.0,94.3,117.0,145.0,1
TRA076-000762,2024-07-04,R3,T3,19.4,131.3,47.0,52.3,1
TRA076-000763,2024-07-04,R3,T1,50.0,30.2,69.5,87.5,1
TRA076-000764,2024-07-04,R3,T2,129.5,121.3,199.4,178.9,1
TRA076-000765,2024-07-05,R5,T3,105.4,63.6,,151.2,0
TRA076-000766,2024-07-05,R6,T1,103.1,53.9,118.8,148.6,1
TRA076-000767,2024-07-05,R1,T2,106.5,59.0,,152.5,0
TRA076-000768,2024-07-05,R6,T3,145.4,17.7,209.4,197.2,1
TRA076-000769,2024-07-06,R4,T1,106.6,146.7,174.3,152.6,1
TRA076-000770,2024-07-06,R3,T2,143.1,98.0,202.5,194.6,1
TRA076-000771,2024-07-06,R1,T3,137.6,113.4,183.3,188.2,1
TRA076-000772,2024-07-06,R4,T1,56.5,130.1,98.0,95.0,1
TRA076-000773,2024-07-07,R4,T2,73.5,126.9,119.5,114.5,1
TRA076-000774,2024-07-07,R4,T3,65.7,67.1,108.7,105.6,1
TRA076-000775,2024-07-07,R1,T1,149.4,142.7,216.5,201.8,1
TRA076-000776,2024-07-07,R1,T2,44.3,68.9,80.0,80.9,1
TRA076-000777,2024-07-08,R6,T3,67.8,74.4,89.6,108.0,1
TRA076-000778,2024-07-08,R2,T1,26.2,124.1,61.0,60.1,1
TRA076-000779,2024-07-08,R1,T2,54.6,11.2,63.0,92.8,1
TRA076-000780,2024-07-08,R1,T3,82.7,6.6,115.5,125.1,1
TRA076-000781,2024-07-09,R6,T1,117.3,147.0,145.8,164.9,1
TRA076-000782,2024-07-09,R5,T2,103.3,102.2,122.3,148.8,1
TRA076-000783,2024-07-09,R5,T3,11.0,38.1,,42.6,0
TRA076-000784,2024-07-09,R4,T1,91.2,149.2,129.5,134.9,1
TRA076-000785,2024-07-10,R1,T2,64.9,49.0,84.9,104.6,1
TRA076-000786,2024-07-10,R4,T3,72.6,28.0,98.7,113.5,1
TRA076-000787,2024-07-10,R3,T1,45.8,69.8,62.2,82.7,1
TRA076-000788,2024-07-10,R4,T2,57.3,130.1,85.9,95.9,1
TRA076-000789,2024-07-11,R5,T3,149.0,54.5,210.6,201.3,1
TRA076-000790,2024-07-11,R5,T1,83.2,75.2,105.4,125.7,1
TRA076-000791,2024-07-11,R1,T2,60.9,120.3,94.7,100.0,1
TRA076-000792,2024-07-11,R4,T3,58.1,136.9,112.7,96.8,1
TRA076-000793,2024-07-11,R5,T1,44.8,59.6,78.9,81.5,1
TRA076-000794,2024-07-12,R5,T2,110.7,35.5,132.9,157.3,1
TRA076-000795,2024-07-12,R6,T3,63.5,40.5,100.2,103.0,1
TRA076-000796,2024-07-12,R6,T1,44.5,76.0,83.7,81.2,1
TRA076-000797,2024-07-12,R6,T2,4.0,103.6,23.3,34.6,1
TRA076-000798,2024-07-13,R3,T3,49.6,12.2,63.3,87.0,1
TRA076-000799,2024-07-13,R4,T1,53.9,130.3,111.0,92.0,1
TRA076-000800,2024-07-13,R3,T2,19.8,121.9,76.9,52.8,1
TRA076-000801,2024-07-13,R6,T3,2.7,74.5,10.3,33.1,1
TRA076-000802,2024-07-14,R2,T1,127.9,59.7,159.4,177.1,1
TRA076-000803,2024-07-14,R4,T2,42.7,115.4,,79.1,0
TRA076-000804,2024-07-14,R1,T3,12.9,56.3,38.2,44.8,1
TRA076-000805,2024-07-14,R4,T1,115.8,90.4,157.5,163.2,1
TRA076-000806,2024-07-15,R4,T2,63.4,13.8,69.7,102.9,1
TRA076-000807,2024-07-15,R2,T3,139.8,97.3,172.3,190.8,1
TRA076-000808,2024-07-15,R4,T1,137.2,73.4,175.4,187.8,1
TRA076-000809,2024-07-15,R3,T2,133.3,37.6,189.3,183.3,1
TRA076-000810,2024-07-16,R1,T3,59.7,4.2,98.2,98.7,1
TRA076-000811,2024-07-16,R4,T1,7.3,75.0,6.7,38.4,1
TRA076-000812,2024-07-16,R2,T2,23.2,97.4,60.0,56.7,1
TRA076-000813,2024-07-16,R1,T3,17.9,36.0,42.4,50.6,1
TRA076-000814,2024-07-17,R5,T1,84.8,39.0,105.5,127.5,1
TRA076-000815,2024-07-17,R6,T2,27.7,4.7,41.6,61.9,1
TRA076-000816,2024-07-17,R1,T3,54.8,5.5,67.2,93.0,1
TRA076-000817,2024-07-17,R3,T1,89.9,20.7,127.5,133.4,1
TRA076-000818,2024-07-18,R4,T2,5.0,27.3,5,35.8,1
TRA076-000819,2024-07-18,R4,T3,53.0,68.9,78.4,90.9,1
TRA076-000820,2024-07-18,R1,T1,33.2,96.2,61.6,68.2,1
TRA076-000821,2024-07-18,R6,T2,90.6,54.2,140.3,134.2,1
TRA076-000822,2024-07-19,R2,T3,104.9,119.1,179.8,150.6,1
TRA076-000823,2024-07-19,R1,T1,61.4,100.1,89.4,100.6,1
TRA076-000824,2024-07-19,R4,T2,92.4,117.7,152.0,136.3,1
TRA076-000825,2024-07-19,R3,T3,133.1,1.7,179.6,183.1,1
TRA076-000826,2024-07-20,R3,T1,114.0,91.1,145.0,161.1,1
TRA076-000827,2024-07-20,R3,T2,139.2,21.4,164.4,190.1,1
TRA076-000828,2024-07-20,R3,T3,47.2,79.3,64.3,84.3,1
TRA076-000829,2024-07-20,R2,T1,141.6,16.1,,192.8,0
TRA076-000830,2024-07-20,R3,T2,65.3,12.3,94.7,105.1,1
TRA076-000831,2024-07-21,R6,T3,4.0,40.0,,34.6,1
TRA076-000832,2024-07-21,R1,T1,42.9,5.6,82.1,79.3,1
TRA076-000833,2024-07-21,R4,T2,65.2,17.7,96.7,105.0,1
TRA076-000834,2024-07-21,R1,T3,9.9,99.0,26.8,41.4,1
TRA076-000835,2024-07-22,R6,T1,126.9,10.6,150.8,175.9,1
TRA076-000836,2024-07-22,R3,T2,24.6,34.8,34.9,58.3,1
TRA076-000837,2024-07-22,R1,T3,15.1,144.2,44.7,47.4,1
TRA076-000838,2024-07-22,R6,T1,34.3,96.3,76.1,69.4,1
TRA076-000839,2024-07-23,R5,T2,86.8,77.8,117.2,129.8,1
TRA076-000840,2024-07-23,R4,T3,83.8,92.5,164.9,126.4,1
TRA076-000841,2024-07-23,R5,T1,95.4,63.8,139.5,139.7,1
TRA076-000842,2024-07-23,R2,T2,111.7,2.9,121.0,158.5,1
TRA076-000843,2024-07-24,R6,T3,6.7,99.7,,37.7,0
TRA076-000844,2024-07-24,R2,T1,54.9,46.4,91.8,93.1,1
TRA076-000845,2024-07-24,R4,T2,14.3,7.2,,46.4,0
TRA076-000846,2024-07-24,R4,T3,40.5,141.5,88.3,76.6,1
TRA076-000847,2024-07-25,R4,T1,127.2,98.0,147.3,176.3,1
TRA076-000848,2024-07-25,R3,T2,95.9,101.8,138.4,140.3,1
TRA076-000849,2024-07-25,R4,T3,45.9,134.1,99.0,82.8,1
TRA076-000850,2024-07-25,R4,T1,28.5,31.1,40.0,62.8,1
TRA076-000851,2024-07-26,R6,T2,48.0,123.7,104.7,85.2,1
TRA076-000852,2024-07-26,R5,T3,32.3,39.4,59.9,67.1,1
TRA076-000853,2024-07-26,R6,T1,67.5,91.9,115.2,107.6,1
TRA076-000854,2024-07-26,R1,T2,69.7,67.7,104.0,110.2,1
TRA076-000855,2024-07-27,R4,T3,71.3,76.7,133.5,112.0,1
TRA076-000856,2024-07-27,R6,T1,85.0,119.8,98.4,127.7,1
TRA076-000857,2024-07-27,R5,T2,76.5,143.6,118.3,118.0,1
TRA076-000858,2024-07-27,R2,T3,121.9,133.3,183.5,170.2,1
TRA076-000859,2024-07-28,R2,T1,95.4,37.6,,139.7,0
TRA076-000860,2024-07-28,R6,T2,67.1,92.4,99.1,107.2,1
TRA076-000861,2024-07-28,R1,T3,33.5,141.6,80.8,68.5,1
TRA076-000862,2024-07-28,R4,T1,128.5,33.6,145.5,177.8,1
TRA076-000863,2024-07-29,R3,T2,87.3,30.6,-999,130.4,1
TRA076-000864,2024-07-29,R1,T3,129.0,72.8,208.9,178.3,1
TRA076-000865,2024-07-29,R5,T1,119.2,103.1,162.9,167.1,1
TRA076-000866,2024-07-29,R2,T2,74.6,127.6,127.5,115.8,1
TRA076-000867,2024-07-30,R3,T3,140.4,9.8,203.3,191.5,1
TRA076-000868,2024-07-30,R3,T1,121.0,70.0,167.3,169.1,1
TRA076-000869,2024-07-30,R4,T2,55.0,149.3,102.9,93.2,1
TRA076-000870,2024-07-30,R1,T3,144.1,23.3,211.5,195.7,1
TRA076-000871,2024-07-30,R1,T1,62.8,62.1,92.1,102.2,1
TRA076-000872,2024-07-31,R2,T2,42.2,59.8,48.9,78.5,1
TRA076-000873,2024-07-31,R4,T3,2.8,127.3,30.7,33.2,1
TRA076-000874,2024-07-31,R4,T1,111.3,78.2,130.5,158.0,1
TRA076-000875,2024-07-31,R5,T2,122.3,92.4,176.7,170.6,1
TRA076-000876,2024-08-01,R5,T3,117.2,28.5,171.6,164.8,1
TRA076-000877,2024-08-01,R3,T1,62.8,119.2,115.6,102.2,1
TRA076-000878,2024-08-01,R4,T2,57.1,45.6,91.2,95.7,1
TRA076-000879,2024-08-01,R5,T3,44.7,22.6,67.9,81.4,1
TRA076-000880,2024-08-02,R3,T1,117.5,51.2,128.6,165.1,1
TRA076-000881,2024-08-02,R6,T2,92.7,56.8,112.4,136.6,1
TRA076-000882,2024-08-02,R1,T3,111.7,44.8,,158.5,0
TRA076-000883,2024-08-02,R4,T1,53.7,23.0,95.2,91.8,1
TRA076-000884,2024-08-03,R3,T2,129.1,86.2,180.8,178.5,1
TRA076-000885,2024-08-03,R1,T3,123.0,125.2,187.8,171.4,1
TRA076-000886,2024-08-03,R3,T1,77.3,112.3,110.9,118.9,1
TRA076-000887,2024-08-03,R2,T2,16.3,103.5,62.1,48.7,1
TRA076-000888,2024-08-04,R6,T3,139.2,27.8,161.3,190.1,1
TRA076-000889,2024-08-04,R1,T1,9.3,74.8,39.1,40.7,1
TRA076-000890,2024-08-04,R2,T2,138.1,21.9,,188.8,0
TRA076-000891,2024-08-04,R3,T3,129.2,139.7,185.8,178.6,1
TRA076-000892,2024-08-05,R4,T1,56.0,18.0,95.2,94.4,1
TRA076-000893,2024-08-05,R2,T2,70.9,86.3,83.7,111.5,1
TRA076-000894,2024-08-05,R4,T3,94.0,134.7,149.4,138.1,1
TRA076-000895,2024-08-05,R3,T1,100.4,40.9,130.8,145.5,1
TRA076-000896,2024-08-06,R6,T2,101.1,79.1,136.3,146.3,1
TRA076-000897,2024-08-06,R2,T3,21.7,140.7,59.1,55.0,1
TRA076-000898,2024-08-06,R6,T1,131.4,19.3,172.4,181.1,1
TRA076-000899,2024-08-06,R4,T2,32.9,48.0,62.7,67.8,1
TRA076-000900,2024-08-07,R4,T3,51.6,8.6,91.3,89.3,1
TRA076-000901,2024-08-07,R3,T1,7.3,36.2,35.8,38.4,1
TRA076-000902,2024-08-07,R6,T2,75.6,58.3,,116.9,0
TRA076-000903,2024-08-07,R3,T3,82.4,100.7,141.2,124.8,1
TRA076-000904,2024-08-08,R3,T1,136.4,6.7,187.2,186.9,1
TRA076-000905,2024-08-08,R6,T2,90.7,16.5,119.3,134.3,1
TRA076-000906,2024-08-08,R6,T3,70.0,93.9,107.9,110.5,1
TRA076-000907,2024-08-08,R2,T1,127.2,143.6,163.0,176.3,1
TRA076-000908,2024-08-09,R5,T2,60.1,31.8,105.8,99.1,1
TRA076-000909,2024-08-09,R4,T3,111.1,139.4,195.2,157.8,1
TRA076-000910,2024-08-09,R1,T1,79.9,103.3,121.6,121.9,1
TRA076-000911,2024-08-09,R1,T2,105.3,139.1,,151.1,0
TRA076-000912,2024-08-09,R5,T3,80.6,43.7,111.2,122.7,1
TRA076-000913,2024-08-10,R5,T1,51.2,120.1,70.6,88.9,1
TRA076-000914,2024-08-10,R1,T2,84.0,39.1,,126.6,1
TRA076-000915,2024-08-10,R5,T3,128.7,105.0,169.4,178.0,1
TRA076-000916,2024-08-10,R2,T1,125.6,94.9,147.1,174.4,1
TRA076-000917,2024-08-11,R4,T2,117.7,120.4,163.0,165.4,1
TRA076-000918,2024-08-11,R4,T3,52.8,138.1,127.5,90.7,1
TRA076-000919,2024-08-11,R1,T1,16.4,39.2,24.9,48.9,1
TRA076-000920,2024-08-11,R6,T2,74.5,45.1,111.1,115.7,1
TRA076-000921,2024-08-12,R4,T3,147.0,56.1,204.1,199.0,1
TRA076-000922,2024-08-12,R5,T1,77.6,144.1,,119.2,0
TRA076-000923,2024-08-12,R2,T2,13.8,97.3,37.5,45.9,1
TRA076-000924,2024-08-12,R2,T3,21.8,70.3,43.3,55.1,1
TRA076-000925,2024-08-13,R4,T1,101.3,98.5,143.5,146.5,1
TRA076-000926,2024-08-13,R2,T2,118.3,9.9,140.6,166.0,1
TRA076-000927,2024-08-13,R6,T3,97.0,63.1,169.2,141.6,1
TRA076-000928,2024-08-13,R2,T1,88.6,70.3,154.6,131.9,1
TRA076-000929,2024-08-14,R6,T2,140.1,145.0,204.0,191.1,1
TRA076-000930,2024-08-14,R2,T3,54.6,47.5,108.6,92.8,1
TRA076-000931,2024-08-14,R4,T1,60.7,90.1,84.0,99.8,1
TRA076-000932,2024-08-14,R6,T2,62.9,96.8,97.4,102.3,1
TRA076-000933,2024-08-15,R6,T3,81.1,55.2,127.2,123.3,1
TRA076-000934,2024-08-15,R6,T1,105.7,28.9,105.3,151.6,1
TRA076-000935,2024-08-15,R3,T2,66.7,101.7,110.6,106.7,1
TRA076-000936,2024-08-15,R6,T3,32.7,79.6,45.2,67.6,1
TRA076-000937,2024-08-16,R6,T1,4.2,58.9,8.5,34.8,1
TRA076-000938,2024-08-16,R1,T2,19.8,99.9,47.1,52.8,1
TRA076-000939,2024-08-16,R6,T3,34.4,67.7,52.8,69.6,1
TRA076-000940,2024-08-16,R2,T1,11.9,13.6,5,43.7,1
TRA076-000941,2024-08-17,R5,T2,137.8,142.6,187.7,188.5,1
TRA076-000942,2024-08-17,R2,T3,24.3,19.3,47.0,57.9,1
TRA076-000943,2024-08-17,R3,T1,60.1,135.1,96.6,99.1,1
TRA076-000944,2024-08-17,R1,T2,20.7,120.3,57.7,53.8,1
TRA076-000945,2024-08-18,R4,T3,21.3,127.3,82.1,54.5,1
TRA076-000946,2024-08-18,R3,T1,38.7,147.7,68.2,74.5,1
TRA076-000947,2024-08-18,R1,T2,35.5,109.7,70.3,70.8,1
TRA076-000948,2024-08-18,R6,T3,94.4,8.7,112.3,138.6,1
TRA076-000949,2024-08-18,R2,T1,76.1,126.0,80.9,117.5,1
TRA076-000950,2024-08-19,R4,T2,95.8,21.2,141.5,140.2,1
TRA076-000951,2024-08-19,R1,T3,89.9,115.0,154.0,133.4,1
TRA076-000952,2024-08-19,R3,T1,34.7,45.0,62.6,69.9,1
TRA076-000953,2024-08-19,R3,T2,41.8,74.2,75.5,78.1,1
TRA076-000954,2024-08-20,R3,T3,118.1,92.7,178.3,165.8,1
TRA076-000955,2024-08-20,R6,T1,101.8,80.2,150.5,147.1,1
TRA076-000956,2024-08-20,R3,T2,26.6,119.2,65.4,60.6,1
TRA076-000957,2024-08-20,R1,T3,96.2,32.0,156.4,140.6,1
TRA076-000958,2024-08-21,R2,T1,98.0,92.5,147.6,142.7,1
TRA076-000959,2024-08-21,R4,T2,128.5,139.6,178.9,177.8,1
TRA076-000960,2024-08-21,R2,T3,113.6,6.1,139.1,160.6,1
TRA076-000961,2024-08-21,R1,T1,47.7,17.4,52.9,84.9,1
TRA076-000962,2024-08-22,R2,T2,25.2,45.3,74.4,59.0,1
TRA076-000963,2024-08-22,R1,T3,30.3,11.0,67.4,64.8,1
TRA076-000964,2024-08-22,R4,T1,20.8,85.2,18.4,53.9,1
TRA076-000965,2024-08-22,R2,T2,99.1,73.6,113.4,144.0,1
TRA076-000966,2024-08-23,R1,T3,121.1,130.5,196.9,169.3,1
TRA076-000967,2024-08-23,R4,T1,115.6,133.0,141.3,162.9,1
TRA076-000968,2024-08-23,R2,T2,115.4,99.5,167.1,162.7,1
TRA076-000969,2024-08-23,R3,T3,118.5,40.9,172.1,166.3,1
TRA076-000970,2024-08-24,R3,T1,145.7,147.5,188.7,197.6,1
TRA076-000971,2024-08-24,R4,T2,33.7,31.4,65.2,68.8,1
TRA076-000972,2024-08-24,R1,T3,65.1,76.2,101.5,104.9,1
TRA076-000973,2024-08-24,R4,T1,123.6,4.8,139.3,172.1,1
TRA076-000974,2024-08-25,R3,T2,103.8,110.1,158.6,149.4,1
TRA076-000975,2024-08-25,R4,T3,5.0,61.5,5,35.8,1
TRA076-000976,2024-08-25,R3,T1,84.5,3.9,95.3,127.2,1
TRA076-000977,2024-08-25,R5,T2,86.9,99.8,111.7,129.9,1
TRA076-000978,2024-08-26,R6,T3,106.3,109.6,156.9,152.2,1
TRA076-000979,2024-08-26,R1,T1,29.3,69.5,79.3,63.7,1
TRA076-000980,2024-08-26,R1,T2,111.4,135.4,145.4,158.1,1
TRA076-000981,2024-08-26,R3,T3,63.0,100.3,89.2,102.4,1
TRA076-000982,2024-08-27,R2,T1,16.1,38.9,18.4,48.5,1
TRA076-000983,2024-08-27,R5,T2,36.4,82.2,63.9,71.9,1
TRA076-000984,2024-08-27,R4,T3,140.0,133.4,207.3,191.0,1
TRA076-000985,2024-08-27,R5,T1,139.0,105.5,188.8,189.8,1
TRA076-000986,2024-08-28,R1,T2,44.9,94.0,73.3,81.6,1
TRA076-000987,2024-08-28,R5,T3,42.6,14.3,73.9,79.0,1
TRA076-000988,2024-08-28,R4,T1,57.4,33.7,94.5,96.0,1
TRA076-000989,2024-08-28,R2,T2,112.0,83.6,152.5,158.8,1
TRA076-000990,2024-08-28,R4,T3,33.5,12.5,66.5,68.5,1
TRA076-000991,2024-08-29,R6,T1,132.1,105.7,194.9,181.9,1
TRA076-000992,2024-08-29,R5,T2,83.1,67.4,135.8,125.6,1
TRA076-000993,2024-08-29,R6,T3,138.6,38.7,215.6,189.4,1
TRA076-000994,2024-08-29,R5,T1,18.8,22.2,,51.6,0
TRA076-000995,2024-08-30,R1,T2,84.2,95.5,130.0,126.8,1
TRA076-000996,2024-08-30,R3,T3,26.1,45.1,46.9,60.0,1
TRA076-000997,2024-08-30,R2,T1,119.0,14.0,,166.8,1
TRA076-000998,2024-08-30,R1,T2,61.6,132.7,118.9,100.8,1
TRA076-000999,2024-08-31,R4,T3,47.9,138.4,70.9,85.1,1
TRA076-001000,2024-08-31,R3,T1,55.7,120.5,80.4,94.1,1
TRA076-001001,2024-08-31,R2,T2,115.6,10.4,154.5,162.9,1
TRA076-001002,2024-08-31,R4,T3,4.2,106.4,16.2,34.8,1
TRA076-001003,2024-09-01,R1,T1,37.6,47.5,80.7,73.2,1
TRA076-001004,2024-09-01,R4,T2,105.5,47.5,133.8,151.3,1
TRA076-001005,2024-09-01,R3,T3,148.6,113.9,225.7,200.9,1
TRA076-001006,2024-09-01,R3,T1,22.8,91.6,5,56.2,1
TRA076-001007,2024-09-02,R1,T2,106.3,105.6,138.3,152.2,1
TRA076-001008,2024-09-02,R5,T3,80.7,29.7,140.5,122.8,1
TRA076-001009,2024-09-02,R5,T1,64.3,140.3,103.9,103.9,1
TRA076-001010,2024-09-02,R6,T2,37.6,54.1,67.0,73.2,1
TRA076-001011,2024-09-03,R1,T3,45.1,95.4,85.7,81.9,1
TRA076-001012,2024-09-03,R1,T1,16.9,31.0,25.6,49.4,1
TRA076-001013,2024-09-03,R6,T2,31.8,39.4,51.8,66.6,1
TRA076-001014,2024-09-03,R2,T3,97.3,20.5,175.2,141.9,1
TRA076-001015,2024-09-04,R5,T1,127.3,87.5,143.9,176.4,1
TRA076-001016,2024-09-04,R5,T2,138.2,51.1,175.2,188.9,1
TRA076-001017,2024-09-04,R6,T3,137.7,73.8,222.6,188.4,1
TRA076-001018,2024-09-04,R1,T1,79.5,96.8,122.8,121.4,1
TRA076-001019,2024-09-05,R2,T2,47.4,69.8,98.1,84.5,1
TRA076-001020,2024-09-05,R2,T3,45.2,113.9,107.5,82.0,1
TRA076-001021,2024-09-05,R4,T1,26.7,33.2,,60.7,0
TRA076-001022,2024-09-05,R6,T2,107.2,25.3,137.5,153.3,1
TRA076-001023,2024-09-06,R1,T3,95.7,14.0,142.6,140.1,1
TRA076-001024,2024-09-06,R5,T1,139.9,113.7,189.3,190.9,1
TRA076-001025,2024-09-06,R6,T2,115.4,71.0,140.8,162.7,1
TRA076-001026,2024-09-06,R4,T3,76.1,93.9,114.7,117.5,1
TRA076-001027,2024-09-07,R6,T1,45.5,1.6,45.1,82.3,1
TRA076-001028,2024-09-07,R5,T2,51.9,99.7,55.3,89.7,1
TRA076-001029,2024-09-07,R3,T3,127.3,79.8,169.7,176.4,1
TRA076-001030,2024-09-07,R4,T1,137.2,130.9,168.2,187.8,1
TRA076-001031,2024-09-07,R6,T2,97.9,7.4,144.7,142.6,1
TRA076-001032,2024-09-08,R1,T3,123.8,80.6,175.9,172.4,1
TRA076-001033,2024-09-08,R2,T1,149.1,130.6,204.9,201.5,1
TRA076-001034,2024-09-08,R2,T2,118.9,9.8,167.0,166.7,1
TRA076-001035,2024-09-08,R2,T3,101.4,46.5,163.0,146.6,1
TRA076-001036,2024-09-09,R3,T1,27.5,26.8,58.1,61.6,1
TRA076-001037,2024-09-09,R4,T2,64.8,60.7,94.2,104.5,1
TRA076-001038,2024-09-09,R3,T3,109.5,33.7,165.2,155.9,1
TRA076-001039,2024-09-09,R3,T1,71.7,125.1,87.6,112.5,1
TRA076-001040,2024-09-10,R1,T2,122.5,35.9,152.9,170.9,1
TRA076-001041,2024-09-10,R4,T3,9.8,70.5,43.1,41.3,1
TRA076-001042,2024-09-10,R3,T1,112.2,123.7,163.3,159.0,1
TRA076-001043,2024-09-10,R5,T2,83.2,18.1,83.4,125.7,1
TRA076-001044,2024-09-11,R6,T3,116.4,59.3,142.8,163.9,1
TRA076-001045,2024-09-11,R3,T1,104.7,140.6,117.3,150.4,1
TRA076-001046,2024-09-11,R6,T2,18.7,136.3,63.5,51.5,1
TRA076-001047,2024-09-11,R2,T3,122.0,9.4,162.4,170.3,1
TRA076-001048,2024-09-12,R2,T1,12.6,38.9,27.0,44.5,1
TRA076-001049,2024-09-12,R6,T2,15.6,42.9,17.4,47.9,1
TRA076-001050,2024-09-12,R4,T3,111.6,110.6,190.3,158.3,1
TRA076-001051,2024-09-12,R2,T1,127.3,16.1,155.7,176.4,1
TRA076-001052,2024-09-13,R6,T2,55.0,128.3,102.7,93.2,1
TRA076-001053,2024-09-13,R5,T3,88.7,27.1,136.7,132.0,1
TRA076-001054,2024-09-13,R4,T1,26.4,119.7,42.2,60.4,1
TRA076-001055,2024-09-13,R4,T2,25.2,40.5,50.4,59.0,1
TRA076-001056,2024-09-14,R5,T3,75.7,94.4,"117,3",117.1,1
TRA076-001057,2024-09-14,R4,T1,93.6,41.8,116.7,137.6,1
TRA076-001058,2024-09-14,R4,T2,11.0,26.0,47.5,42.6,1
TRA076-001059,2024-09-14,R5,T3,133.6,122.9,207.3,183.6,1
TRA076-001060,2024-09-15,R6,T1,31.4,98.6,,66.1,0
TRA076-001061,2024-09-15,R3,T2,133.1,24.0,,183.1,0
TRA076-001062,2024-09-15,R4,T3,50.2,90.4,82.2,87.7,1
TRA076-001063,2024-09-15,R3,T1,148.5,75.9,185.4,200.8,1
TRA076-001064,2024-09-16,R1,T2,80.0,45.9,129.0,122.0,1
TRA076-001065,2024-09-16,R5,T3,10.8,22.6,48.2,42.4,1
TRA076-001066,2024-09-16,R5,T1,122.2,40.4,143.9,170.5,1
TRA076-001067,2024-09-16,R5,T2,42.0,132.8,73.5,78.3,1
TRA076-001068,2024-09-16,R6,T3,125.1,123.1,179.3,173.9,1
TRA076-001069,2024-09-17,R5,T1,110.7,104.6,150.2,157.3,1
TRA076-001070,2024-09-17,R5,T2,12.7,11.0,9.0,44.6,1
TRA076-001071,2024-09-17,R5,T3,74.1,40.2,96.6,115.2,1
TRA076-001072,2024-09-17,R2,T1,111.5,131.9,154.5,158.2,1
TRA076-001073,2024-09-18,R6,T2,8.7,110.2,39.8,40.0,1
TRA076-001074,2024-09-18,R4,T3,18.4,119.4,74.1,51.2,1
TRA076-001075,2024-09-18,R4,T1,21.0,135.9,56.1,54.1,1
TRA076-001076,2024-09-18,R1,T2,111.1,127.9,162.7,157.8,1
TRA076-001077,2024-09-19,R2,T3,20.1,91.6,52.8,53.1,1
TRA076-001078,2024-09-19,R4,T1,60.8,31.4,93.0,99.9,1
TRA076-001079,2024-09-19,R1,T2,17.0,80.9,28.8,49.5,1
TRA076-001080,2024-09-19,R1,T3,73.1,35.7,,114.1,1
TRA076-001081,2024-09-20,R3,T1,12.8,122.5,50.1,44.7,1
TRA076-001082,2024-09-20,R6,T2,98.2,104.3,130.1,142.9,1
TRA076-001083,2024-09-20,R5,T3,27.2,45.6,,61.3,0
TRA076-001084,2024-09-20,R2,T1,71.8,7.2,103.7,112.6,1
TRA076-001085,2024-09-21,R4,T2,42.5,96.0,94.9,78.9,1
TRA076-001086,2024-09-21,R4,T3,129.6,63.2,200.2,179.0,1
TRA076-001087,2024-09-21,R2,T1,95.9,135.7,133.8,140.3,1
TRA076-001088,2024-09-21,R4,T2,117.9,77.9,169.2,165.6,1
TRA076-001089,2024-09-22,R2,T3,130.7,111.7,197.6,180.3,1
TRA076-001090,2024-09-22,R6,T1,97.8,26.7,144.0,142.5,1
TRA076-001091,2024-09-22,R3,T2,118.5,18.8,136.8,166.3,1
TRA076-001092,2024-09-22,R6,T3,106.6,51.9,,152.6,0
TRA076-001093,2024-09-23,R3,T1,16.8,2.1,32.8,49.3,1
TRA076-001094,2024-09-23,R6,T2,102.7,148.8,149.3,148.1,1
TRA076-001095,2024-09-23,R1,T3,15.1,40.3,50.8,47.4,1
TRA076-001096,2024-09-23,R3,T1,74.0,142.8,116.1,115.1,1
TRA076-001097,2024-09-24,R6,T2,139.3,131.1,218.3,190.2,1
TRA076-001098,2024-09-24,R4,T3,59.0,132.2,69.1,97.8,1
TRA076-001099,2024-09-24,R1,T1,97.9,92.4,139.0,142.6,1
TRA076-001100,2024-09-24,R2,T2,60.1,94.9,104.1,99.1,1
TRA076-001101,2024-09-25,R6,T3,38.4,55.0,77.0,74.2,1
TRA076-001102,2024-09-25,R4,T1,50.2,75.9,98.2,87.7,1
TRA076-001103,2024-09-25,R1,T2,15.4,40.9,13.1,47.7,1
TRA076-001104,2024-09-25,R2,T3,82.5,34.6,109.1,124.9,1
TRA076-001105,2024-09-26,R2,T1,37.0,75.4,65.4,72.5,1
TRA076-001106,2024-09-26,R6,T2,127.7,92.2,172.9,176.9,1
TRA076-001107,2024-09-26,R6,T3,116.7,128.6,178.4,164.2,1
TRA076-001108,2024-09-26,R4,T1,13.9,42.2,27.2,46.0,1
TRA076-001109,2024-09-26,R5,T2,133.3,93.4,175.7,183.3,1
TRA076-001110,2024-09-27,R1,T3,26.1,30.6,59.7,60.0,1
TRA076-001111,2024-09-27,R5,T1,131.8,54.2,178.8,181.6,1
TRA076-001112,2024-09-27,R1,T2,146.6,124.9,184.4,198.6,1
TRA076-001113,2024-09-27,R3,T3,142.5,12.6,173.6,193.9,1
TRA076-001114,2024-09-28,R6,T1,137.9,118.5,167.9,188.6,1
TRA076-001115,2024-09-28,R6,T2,79.8,113.8,123.1,121.8,1
TRA076-001116,2024-09-28,R2,T3,109.2,148.5,196.3,155.6,1
TRA076-001117,2024-09-28,R4,T1,119.9,68.7,141.7,167.9,1
TRA076-001118,2024-09-29,R5,T2,140.8,56.9,195.7,191.9,1
TRA076-001119,2024-09-29,R5,T3,82.4,79.5,,124.8,0
TRA076-001120,2024-09-29,R4,T1,125.5,84.8,181.7,174.3,1
TRA076-001121,2024-09-29,R3,T2,51.3,147.0,122.2,89.0,1
TRA076-001122,2024-09-30,R4,T3,106.7,57.2,162.8,152.7,1
TRA076-001123,2024-09-30,R2,T1,64.8,16.7,95.1,104.5,1
TRA076-001124,2024-09-30,R5,T2,4.3,132.1,71.5,34.9,1
TRA076-001125,2024-09-30,R1,T3,17.1,90.7,49.9,49.7,1
TRA076-001126,2024-10-01,R5,T1,52.7,138.4,92.2,90.6,1
TRA076-001127,2024-10-01,R1,T2,128.6,63.3,,177.9,0
TRA076-001128,2024-10-01,R5,T3,141.8,16.7,208.3,193.1,1
TRA076-001129,2024-10-01,R4,T1,131.6,44.6,137.4,181.3,1
TRA076-001130,2024-10-02,R2,T2,91.4,82.4,,135.1,0
TRA076-001131,2024-10-02,R6,T3,89.4,59.2,117.2,132.8,1
TRA076-001132,2024-10-02,R4,T1,65.6,10.1,67.7,105.4,1
TRA076-001133,2024-10-02,R3,T2,63.4,139.7,83.9,102.9,1
TRA076-001134,2024-10-03,R5,T3,46.0,123.5,110.3,82.9,1
TRA076-001135,2024-10-03,R5,T1,101.0,11.1,98.6,146.1,1
TRA076-001136,2024-10-03,R5,T2,80.4,145.6,151.4,122.5,1
TRA076-001137,2024-10-03,R5,T3,112.4,97.9,169.8,159.3,1
TRA076-001138,2024-10-04,R5,T1,13.3,38.3,38.0,45.3,1
TRA076-001139,2024-10-04,R1,T2,55.3,108.5,69.6,93.6,1
TRA076-001140,2024-10-04,R4,T3,82.2,51.0,107.0,124.5,1
TRA076-001141,2024-10-04,R3,T1,27.1,48.3,41.0,61.2,1
TRA076-001142,2024-10-05,R4,T2,18.3,80.3,57.7,51.0,1
TRA076-001143,2024-10-05,R2,T3,43.3,129.3,58.5,79.8,1
TRA076-001144,2024-10-05,R4,T1,136.7,137.9,143.9,187.2,1
TRA076-001145,2024-10-05,R1,T2,7.7,21.6,6.9,38.9,1
TRA076-001146,2024-10-05,R2,T3,113.4,44.7,147.5,160.4,1
TRA076-001147,2024-10-06,R1,T1,135.9,86.1,190.6,186.3,1
TRA076-001148,2024-10-06,R6,T2,29.2,46.2,44.9,63.6,1
TRA076-001149,2024-10-06,R4,T3,132.5,134.9,205.9,182.4,1
TRA076-001150,2024-10-06,R5,T1,22.3,53.4,43.9,55.6,1
TRA076-001151,2024-10-07,R2,T2,80.6,85.9,126.6,122.7,1
TRA076-001152,2024-10-07,R1,T3,14.3,76.0,65.1,46.4,1
TRA076-001153,2024-10-07,R2,T1,60.5,53.6,101.1,99.6,1
TRA076-001154,2024-10-07,R5,T2,84.4,72.3,136.6,127.1,1
TRA076-001155,2024-10-08,R5,T3,65.1,80.5,106.2,104.9,1
TRA076-001156,2024-10-08,R6,T1,112.2,100.2,135.8,159.0,1
TRA076-001157,2024-10-08,R5,T2,141.3,42.4,203.2,192.5,1
TRA076-001158,2024-10-08,R6,T3,75.1,29.2,107.9,116.4,1
TRA076-001159,2024-10-09,R3,T1,101.6,43.8,130.6,146.8,1
TRA076-001160,2024-10-09,R5,T2,56.4,80.2,100.5,94.9,1
TRA076-001161,2024-10-09,R6,T3,75.2,136.5,122.2,116.5,1
TRA076-001162,2024-10-09,R5,T1,80.6,102.2,94.5,122.7,1
TRA076-001163,2024-10-10,R4,T2,38.8,88.4,,74.6,1
TRA076-001164,2024-10-10,R3,T3,119.1,94.8,208.5,167.0,1
TRA076-001165,2024-10-10,R3,T1,115.9,47.9,119.5,163.3,1
TRA076-001166,2024-10-10,R5,T2,91.9,149.2,139.8,135.7,1
TRA076-001167,2024-10-11,R3,T3,101.3,119.0,133.0,146.5,1
TRA076-001168,2024-10-11,R6,T1,81.2,62.7,,123.4,0
TRA076-001169,2024-10-11,R2,T2,146.4,83.9,206.2,198.4,1
TRA076-001170,2024-10-11,R3,T3,142.0,57.6,230.9,193.3,1
TRA076-001171,2024-10-12,R5,T1,87.8,139.0,124.7,131.0,1
TRA076-001172,2024-10-12,R2,T2,101.5,47.5,150.7,146.7,1
TRA076-001173,2024-10-12,R6,T3,9.5,119.7,17.6,40.9,1
TRA076-001174,2024-10-12,R2,T1,93.9,76.0,118.6,138.0,1
TRA076-001175,2024-10-13,R3,T2,147.6,73.6,205.3,199.7,1
TRA076-001176,2024-10-13,R1,T3,46.9,24.0,71.6,83.9,1
TRA076-001177,2024-10-13,R5,T1,124.7,83.9,,173.4,0
TRA076-001178,2024-10-13,R1,T2,93.0,19.9,120.1,136.9,1
TRA076-001179,2024-10-14,R3,T3,85.0,130.5,151.7,127.7,1
TRA076-001180,2024-10-14,R4,T1,140.3,132.8,188.4,191.3,1
TRA076-001181,2024-10-14,R1,T2,108.1,79.6,127.9,154.3,1
TRA076-001182,2024-10-14,R5,T3,73.8,38.5,95.7,114.9,1
TRA076-001183,2024-10-15,R6,T1,136.8,143.4,184.7,187.3,1
TRA076-001184,2024-10-15,R5,T2,122.1,1.4,149.2,170.4,1
TRA076-001185,2024-10-15,R5,T3,37.5,116.9,72.0,73.1,1
TRA076-001186,2024-10-15,R1,T1,136.3,117.5,165.3,186.7,1
TRA076-001187,2024-10-15,R1,T2,106.7,23.8,152.8,152.7,1
TRA076-001188,2024-10-16,R2,T3,63.4,86.0,111.9,102.9,1
TRA076-001189,2024-10-16,R4,T1,121.2,69.5,144.4,169.4,1
TRA076-001190,2024-10-16,R5,T2,7.4,85.4,33.9,38.5,1
TRA076-001191,2024-10-16,R1,T3,20.0,96.3,67.4,53.0,1
TRA076-001192,2024-10-17,R2,T1,58.2,123.2,65.4,96.9,1
TRA076-001193,2024-10-17,R5,T2,32.1,72.1,49.2,66.9,1
TRA076-001194,2024-10-17,R6,T3,5.9,24.1,46.4,36.8,1
TRA076-001195,2024-10-17,R5,T1,39.6,4.6,55.4,75.5,1
TRA076-001196,2024-10-18,R6,T2,59.2,63.4,110.1,98.1,1
TRA076-001197,2024-10-18,R3,T3,37.7,86.9,94.9,73.4,1
TRA076-001198,2024-10-18,R1,T1,61.3,105.1,86.3,100.5,1
TRA076-001199,2024-10-18,R6,T2,39.1,28.6,92.8,75.0,1
TRA076-001200,2024-10-19,R6,T3,128.2,45.8,206.7,177.4,1
TRA076-001201,2024-10-19,R1,T1,105.0,51.5,126.1,150.8,1
TRA076-001202,2024-10-19,R4,T2,131.8,42.0,157.8,181.6,1
TRA076-001203,2024-10-19,R2,T3,30.1,88.0,36.0,64.6,1
TRA076-001204,2024-10-20,R5,T1,111.7,142.8,152.1,158.5,1
TRA076-001205,2024-10-20,R3,T2,90.7,14.2,127.0,134.3,1
TRA076-001206,2024-10-20,R3,T3,118.4,122.9,,166.2,0
TRA076-001207,2024-10-20,R1,T1,77.9,68.6,109.8,119.6,1
TRA076-001208,2024-10-21,R3,T2,6.0,62.1,34.6,36.9,1
TRA076-001209,2024-10-21,R3,T3,61.6,85.0,93.9,100.8,1
TRA076-001210,2024-10-21,R5,T1,123.1,15.7,121.8,171.6,1
TRA076-001211,2024-10-21,R4,T2,80.1,62.8,102.2,122.1,1
TRA076-001212,2024-10-22,R4,T3,103.9,144.4,175.1,149.5,1
TRA076-001213,2024-10-22,R6,T1,145.8,49.0,183.1,197.7,1
TRA076-001214,2024-10-22,R3,T2,5.9,132.1,35.2,36.8,1
TRA076-001215,2024-10-22,R5,T3,101.4,140.4,166.5,146.6,1
TRA076-001216,2024-10-23,R1,T1,72.3,41.1,80.5,113.1,1
TRA076-001217,2024-10-23,R1,T2,18.5,124.3,43.9,51.3,1
TRA076-001218,2024-10-23,R6,T3,103.9,19.9,174.6,149.5,1
TRA076-001219,2024-10-23,R6,T1,54.9,148.9,103.1,93.1,1
TRA076-001220,2024-10-24,R3,T2,51.7,13.1,84.8,89.5,1
TRA076-001221,2024-10-24,R4,T3,42.8,71.3,86.8,79.2,1
TRA076-001222,2024-10-24,R6,T1,130.4,117.3,192.8,180.0,1
TRA076-001223,2024-10-24,R1,T2,30.6,124.7,76.5,65.2,1
TRA076-001224,2024-10-25,R2,T3,25.0,7.9,64.4,58.8,1
TRA076-001225,2024-10-25,R5,T1,60.7,123.1,81.2,99.8,1
TRA076-001226,2024-10-25,R4,T2,58.8,125.5,96.3,97.6,1
TRA076-001227,2024-10-25,R2,T3,52.9,109.4,130.4,90.8,1
TRA076-001228,2024-10-25,R5,T1,100.1,51.1,119.6,145.1,1
TRA076-001229,2024-10-26,R3,T2,124.2,46.6,152.7,172.8,1
TRA076-001230,2024-10-26,R6,T3,112.9,133.2,159.5,159.8,1
TRA076-001231,2024-10-26,R6,T1,35.2,95.7,72.4,70.5,1
TRA076-001232,2024-10-26,R6,T2,11.1,78.3,25.8,42.8,1
TRA076-001233,2024-10-27,R5,T3,107.5,73.5,155.7,153.6,1
TRA076-001234,2024-10-27,R4,T1,99.4,112.7,145.6,144.3,1
TRA076-001235,2024-10-27,R5,T2,11.5,17.5,14.7,43.2,1
TRA076-001236,2024-10-27,R5,T3,90.4,141.0,160.1,134.0,1
TRA076-001237,2024-10-28,R2,T1,5.8,118.8,32.5,36.7,1
TRA076-001238,2024-10-28,R4,T2,96.2,67.8,142.5,140.6,1
TRA076-001239,2024-10-28,R3,T3,81.5,20.3,138.6,123.7,1
TRA076-001240,2024-10-28,R3,T1,56.0,142.1,91.4,94.4,1
TRA076-001241,2024-10-29,R6,T2,136.3,48.2,185.5,186.7,1
TRA076-001242,2024-10-29,R2,T3,70.3,121.8,143.6,110.8,1
TRA076-001243,2024-10-29,R1,T1,136.0,135.8,179.8,186.4,1
TRA076-001244,2024-10-29,R2,T2,17.6,24.0,26.7,50.2,1
TRA076-001245,2024-10-30,R4,T3,26.3,114.8,19.1,60.2,1
TRA076-001246,2024-10-30,R6,T1,82.3,1.3,,124.6,1
TRA076-001247,2024-10-30,R2,T2,59.1,34.2,56.3,98.0,1
TRA076-001248,2024-10-30,R4,T3,106.9,129.9,163.6,152.9,1
TRA076-001249,2024-10-31,R6,T1,125.4,14.7,160.0,174.2,1
TRA076-001250,2024-10-31,R6,T2,59.1,3.9,90.3,98.0,1
TRA076-001251,2024-10-31,R4,T3,140.7,127.7,225.3,191.8,1
TRA076-001252,2024-10-31,R2,T1,65.1,30.0,81.6,104.9,1
TRA076-001253,2024-11-01,R1,T2,7.3,74.7,28.5,38.4,1
TRA076-001254,2024-11-01,R2,T3,142.7,26.5,192.5,194.1,1
TRA076-001255,2024-11-01,R6,T1,29.7,58.9,56.2,64.2,1
TRA076-001256,2024-11-01,R2,T2,39.0,31.4,52.4,74.8,1
TRA076-001257,2024-11-02,R1,T3,62.6,136.6,99.5,102.0,1
TRA076-001258,2024-11-02,R4,T1,112.2,22.5,130.8,159.0,1
TRA076-001259,2024-11-02,R1,T2,103.5,56.0,159.2,149.0,1
TRA076-001260,2024-11-02,R4,T3,113.9,16.1,145.9,161.0,1
TRA076-001261,2024-11-03,R3,T1,84.8,9.5,105.6,127.5,1
TRA076-001262,2024-11-03,R5,T2,66.6,131.0,105.3,106.6,1
TRA076-001263,2024-11-03,R3,T3,99.9,54.8,147.9,144.9,1
TRA076-001264,2024-11-03,R1,T1,137.9,115.2,189.3,188.6,1
TRA076-001265,2024-11-03,R3,T2,38.0,10.6,69.9,73.7,1
TRA076-001266,2024-11-04,R3,T3,110.6,15.0,128.3,157.2,1
TRA076-001267,2024-11-04,R5,T1,134.9,148.5,"202,1",185.1,1
TRA076-001268,2024-11-04,R4,T2,86.5,116.9,117.7,129.5,1
TRA076-001269,2024-11-04,R1,T3,54.1,55.4,97.4,92.2,1
TRA076-001270,2024-11-05,R2,T1,59.0,106.2,110.2,97.8,1
TRA076-001271,2024-11-05,R2,T2,7.9,94.3,17.8,39.1,1
TRA076-001272,2024-11-05,R1,T3,22.0,30.2,38.8,55.3,1
TRA076-001273,2024-11-05,R4,T1,95.0,86.3,,139.2,0
TRA076-001274,2024-11-06,R6,T2,89.2,110.6,156.3,132.6,1
TRA076-001275,2024-11-06,R1,T3,72.4,91.0,117.5,113.3,1
TRA076-001276,2024-11-06,R6,T1,99.7,140.3,146.0,144.7,1
TRA076-001277,2024-11-06,R3,T2,89.7,106.7,129.8,133.2,1
TRA076-001278,2024-11-07,R2,T3,63.9,107.6,135.7,103.5,1
TRA076-001279,2024-11-07,R1,T1,95.4,86.4,127.8,139.7,1
TRA076-001280,2024-11-07,R3,T2,143.8,107.9,197.2,195.4,1
TRA076-001281,2024-11-07,R3,T3,39.2,27.3,72.0,75.1,1
TRA076-001282,2024-11-08,R3,T1,126.6,11.6,,175.6,0
TRA076-001283,2024-11-08,R4,T2,83.4,89.5,131.8,125.9,1
TRA076-001284,2024-11-08,R2,T3,113.8,7.2,148.4,160.9,1
TRA076-001285,2024-11-08,R5,T1,56.3,79.5,84.6,94.7,1
TRA076-001286,2024-11-09,R2,T2,139.5,113.5,216.5,190.4,1
TRA076-001287,2024-11-09,R3,T3,30.4,117.2,65.8,65.0,1
TRA076-001288,2024-11-09,R5,T1,19.7,29.4,9.7,52.7,1
TRA076-001289,2024-11-09,R1,T2,139.9,25.1,182.1,190.9,1
TRA076-001290,2024-11-10,R4,T3,11.0,42.1,39.4,42.6,1
TRA076-001291,2024-11-10,R3,T1,136.7,9.3,167.6,187.2,1
TRA076-001292,2024-11-10,R3,T2,132.6,127.5,174.0,182.5,1
TRA076-001293,2024-11-10,R2,T3,100.9,97.0,153.6,146.0,1
TRA076-001294,2024-11-11,R1,T1,22.3,109.2,-999,55.6,1
TRA076-001295,2024-11-11,R5,T2,103.0,6.2,149.7,148.4,1
TRA076-001296,2024-11-11,R5,T3,54.2,120.3,122.0,92.3,1
TRA076-001297,2024-11-11,R6,T1,4.4,23.7,17.9,35.1,1
TRA076-001298,2024-11-12,R3,T2,53.6,88.3,76.5,91.6,1
TRA076-001299,2024-11-12,R6,T3,147.4,113.9,213.8,199.5,1
TRA076-001300,2024-11-12,R4,T1,34.6,118.2,72.5,69.8,1
TRA076-001301,2024-11-12,R1,T2,137.7,56.6,177.3,188.4,1
TRA076-001302,2024-11-13,R5,T3,110.4,106.1,200.6,157.0,1
TRA076-001303,2024-11-13,R6,T1,91.8,104.5,141.6,135.6,1
TRA076-001304,2024-11-13,R5,T2,38.0,139.0,80.2,73.7,1
TRA076-001305,2024-11-13,R3,T3,52.5,114.5,89.6,90.4,1
TRA076-001306,2024-11-13,R1,T1,60.5,146.7,100.5,99.6,1
TRA076-001307,2024-11-14,R3,T2,113.3,66.0,180.6,160.3,1
TRA076-001308,2024-11-14,R3,T3,14.7,90.5,31.8,46.9,1
TRA076-001309,2024-11-14,R4,T1,58.5,98.2,134.0,97.3,1
TRA076-001310,2024-11-14,R2,T2,59.9,26.6,96.0,98.9,1
TRA076-001311,2024-11-15,R5,T3,46.4,102.7,89.1,83.4,1
TRA076-001312,2024-11-15,R1,T1,114.6,102.9,173.4,161.8,1
TRA076-001313,2024-11-15,R4,T2,120.9,38.0,,169.0,0
TRA076-001314,2024-11-15,R1,T3,73.8,87.6,108.5,114.9,1
TRA076-001315,2024-11-16,R5,T1,131.0,41.1,153.0,180.6,1
TRA076-001316,2024-11-16,R1,T2,146.4,148.3,239.1,198.4,1
TRA076-001317,2024-11-16,R2,T3,30.5,68.3,33.5,65.1,1
TRA076-001318,2024-11-16,R2,T1,110.0,1.0,112.3,156.5,1
TRA076-001319,2024-11-17,R2,T2,11.1,85.2,53.6,42.8,1
TRA076-001320,2024-11-17,R6,T3,6.8,133.7,65.4,37.8,1
TRA076-001321,2024-11-17,R3,T1,46.9,18.2,86.4,83.9,1
TRA076-001322,2024-11-17,R6,T2,10.1,117.1,,41.6,0
TRA076-001323,2024-11-18,R5,T3,95.6,7.3,155.1,139.9,1
TRA076-001324,2024-11-18,R5,T1,57.6,17.5,53.5,96.2,1
TRA076-001325,2024-11-18,R3,T2,10.1,61.5,47.1,41.6,1
TRA076-001326,2024-11-18,R6,T3,49.9,4.8,51.2,87.4,1
TRA076-001327,2024-11-19,R6,T1,123.4,55.2,148.3,171.9,1
TRA076-001328,2024-11-19,R5,T2,105.6,134.9,181.8,151.4,1
TRA076-001329,2024-11-19,R5,T3,92.0,81.8,,135.8,1
TRA076-001330,2024-11-19,R2,T1,4.7,72.8,18.1,35.4,1
TRA076-001331,2024-11-20,R3,T2,96.4,28.6,108.0,140.9,1
TRA076-001332,2024-11-20,R2,T3,31.7,1.1,57.2,66.5,1
TRA076-001333,2024-11-20,R1,T1,134.4,49.6,174.3,184.6,1
TRA076-001334,2024-11-20,R3,T2,116.9,18.7,126.6,164.4,1
TRA076-001335,2024-11-21,R6,T3,135.8,93.2,207.4,186.2,1
TRA076-001336,2024-11-21,R6,T1,105.3,62.6,,151.1,0
TRA076-001337,2024-11-21,R6,T2,54.1,27.9,75.3,92.2,1
TRA076-001338,2024-11-21,R5,T3,24.6,79.1,68.7,58.3,1
TRA076-001339,2024-11-22,R2,T1,129.0,58.4,166.1,178.3,1
TRA076-001340,2024-11-22,R3,T2,52.7,133.8,91.5,90.6,1
TRA076-001341,2024-11-22,R6,T3,71.1,31.5,81.7,111.8,1
TRA076-001342,2024-11-22,R1,T1,28.9,36.4,59.8,63.2,1
TRA076-001343,2024-11-23,R6,T2,17.5,71.5,39.8,50.1,1
TRA076-001344,2024-11-23,R5,T3,121.0,131.1,193.2,169.1,1
TRA076-001345,2024-11-23,R1,T1,136.6,59.4,175.5,187.1,1
TRA076-001346,2024-11-23,R5,T2,87.7,92.1,161.6,130.9,1
TRA076-001347,2024-11-23,R3,T3,55.6,29.3,70.7,93.9,1
TRA076-001348,2024-11-24,R4,T1,60.7,104.4,100.4,99.8,1
TRA076-001349,2024-11-24,R2,T2,113.0,135.1,183.2,159.9,1
TRA076-001350,2024-11-24,R1,T3,82.0,148.1,120.6,124.3,1
TRA076-001351,2024-11-24,R4,T1,130.8,65.3,163.4,180.4,1
TRA076-001352,2024-11-25,R6,T2,47.0,98.1,68.9,84.0,1
TRA076-001353,2024-11-25,R6,T3,41.4,129.6,,77.6,0
TRA076-001354,2024-11-25,R1,T1,148.1,64.5,176.2,200.3,1
TRA076-001355,2024-11-25,R4,T2,132.9,54.7,174.8,182.8,1
TRA076-001356,2024-11-26,R3,T3,122.4,145.1,168.3,170.8,1
TRA076-001357,2024-11-26,R6,T1,113.2,111.3,,160.2,0
TRA076-001358,2024-11-26,R6,T2,78.9,51.6,109.3,120.7,1
TRA076-001359,2024-11-26,R6,T3,99.0,98.2,155.6,143.8,1
TRA076-001360,2024-11-27,R4,T1,133.2,17.2,,183.2,0
TRA076-001361,2024-11-27,R6,T2,110.1,95.0,183.2,156.6,1
TRA076-001362,2024-11-27,R1,T3,16.7,84.4,32.1,49.2,1
TRA076-001363,2024-11-27,R1,T1,86.2,105.4,110.3,129.1,1
TRA076-001364,2024-11-28,R2,T2,59.3,138.4,112.8,98.2,1
TRA076-001365,2024-11-28,R3,T3,119.8,13.3,150.2,167.8,1
TRA076-001366,2024-11-28,R3,T1,67.4,114.2,101.2,107.5,1
TRA076-001367,2024-11-28,R3,T2,93.0,104.7,129.7,136.9,1
TRA076-001368,2024-11-29,R3,T3,129.7,107.1,198.3,179.2,1
TRA076-001369,2024-11-29,R1,T1,79.5,139.3,118.8,121.4,1
TRA076-001370,2024-11-29,R2,T2,86.1,101.9,131.3,129.0,1
TRA076-001371,2024-11-29,R3,T3,49.8,96.1,93.9,87.3,1
TRA076-001372,2024-11-30,R2,T1,77.0,135.7,111.5,118.5,1
TRA076-001373,2024-11-30,R6,T2,120.4,14.3,163.8,168.5,1
TRA076-001374,2024-11-30,R2,T3,94.1,99.7,166.0,138.2,1
TRA076-001375,2024-11-30,R2,T1,140.6,1.8,183.7,191.7,1
TRA076-001376,2024-12-01,R1,T2,57.3,106.4,77.6,95.9,1
TRA076-001377,2024-12-01,R4,T3,142.1,140.0,201.3,193.4,1
TRA076-001378,2024-12-01,R5,T1,58.1,98.5,100.7,96.8,1
TRA076-001379,2024-12-01,R6,T2,101.3,40.2,118.4,146.5,1
TRA076-001380,2024-12-02,R6,T3,91.6,118.4,131.0,135.3,1
TRA076-001381,2024-12-02,R1,T1,9.1,17.4,10.7,40.5,1
TRA076-001382,2024-12-02,R4,T2,95.0,129.4,141.6,139.2,1
TRA076-001383,2024-12-02,R6,T3,22.9,129.0,54.1,56.3,1
TRA076-001384,2024-12-02,R3,T1,34.7,77.6,55.8,69.9,1
TRA076-001385,2024-12-03,R1,T2,128.0,2.8,173.6,177.2,1
TRA076-001386,2024-12-03,R1,T3,14.2,33.7,37.7,46.3,1
TRA076-001387,2024-12-03,R6,T1,133.6,27.4,170.6,183.6,1
TRA076-001388,2024-12-03,R2,T2,113.1,39.4,142.7,160.1,1
TRA076-001389,2024-12-04,R2,T3,143.5,144.6,211.9,195.0,1
TRA076-001390,2024-12-04,R6,T1,48.5,30.5,72.3,85.8,1
TRA076-001391,2024-12-04,R3,T2,30.9,10.8,47.8,65.5,1
TRA076-001392,2024-12-04,R2,T3,56.4,139.2,119.7,94.9,1
TRA076-001393,2024-12-05,R6,T1,105.7,142.2,128.1,151.6,1
TRA076-001394,2024-12-05,R2,T2,23.9,149.7,52.5,57.5,1
TRA076-001395,2024-12-05,R2,T3,112.8,104.4,138.3,159.7,1
TRA076-001396,2024-12-05,R6,T1,6.6,78.3,33.5,37.6,1
TRA076-001397,2024-12-06,R3,T2,58.7,82.6,87.9,97.5,1
TRA076-001398,2024-12-06,R5,T3,13.1,76.9,18.7,45.1,1
TRA076-001399,2024-12-06,R2,T1,118.4,17.2,147.3,166.2,1
TRA076-001400,2024-12-06,R5,T2,76.2,67.8,116.9,117.6,1
TRA076-001401,2024-12-07,R6,T3,42.3,67.5,,78.6,0
TRA076-001402,2024-12-07,R1,T1,34.4,128.7,69.4,69.6,1
TRA076-001403,2024-12-07,R1,T2,59.4,149.9,,98.3,0
TRA076-001404,2024-12-07,R4,T3,127.9,108.8,212.8,177.1,1
TRA076-001405,2024-12-08,R4,T1,108.7,121.6,144.9,155.0,1
TRA076-001406,2024-12-08,R4,T2,146.0,119.4,213.8,197.9,1
TRA076-001407,2024-12-08,R5,T3,141.2,71.0,218.8,192.4,1
TRA076-001408,2024-12-08,R5,T1,132.6,11.9,165.3,182.5,1
TRA076-001409,2024-12-09,R4,T2,54.9,59.2,84.6,93.1,1
TRA076-001410,2024-12-09,R2,T3,41.4,39.8,70.2,77.6,1
TRA076-001411,2024-12-09,R2,T1,6.9,5.8,10.4,37.9,1
TRA076-001412,2024-12-09,R4,T2,137.3,89.4,,187.9,0
TRA076-001413,2024-12-10,R3,T3,52.6,20.5,81.4,90.5,1
TRA076-001414,2024-12-10,R6,T1,58.8,148.8,131.7,97.6,1
TRA076-001415,2024-12-10,R4,T2,73.0,18.2,97.7,113.9,1
TRA076-001416,2024-12-10,R4,T3,43.4,87.3,70.5,79.9,1
TRA076-001417,2024-12-11,R4,T1,124.0,27.3,125.3,172.6,1
TRA076-001418,2024-12-11,R4,T2,86.3,127.7,156.0,129.2,1
TRA076-001419,2024-12-11,R3,T3,129.1,111.6,183.6,178.5,1
TRA076-001420,2024-12-11,R3,T1,79.5,57.5,92.8,121.4,1
TRA076-001421,2024-12-12,R6,T2,42.5,72.4,77.4,78.9,1
TRA076-001422,2024-12-12,R4,T3,41.5,65.9,75.8,77.7,1
TRA076-001423,2024-12-12,R6,T1,110.7,75.2,151.9,157.3,1
TRA076-001424,2024-12-12,R2,T2,8.9,77.2,44.9,40.2,1
TRA076-001425,2024-12-12,R6,T3,87.1,83.3,137.2,130.2,1
TRA076-001426,2024-12-13,R2,T1,7.6,80.6,16.6,38.7,1
TRA076-001427,2024-12-13,R2,T2,41.9,81.0,62.0,78.2,1
TRA076-001428,2024-12-13,R5,T3,65.1,31.7,122.4,104.9,1
TRA076-001429,2024-12-13,R3,T1,133.8,144.5,175.9,183.9,1
TRA076-001430,2024-12-14,R6,T2,54.7,69.2,82.4,92.9,1
TRA076-001431,2024-12-14,R5,T3,50.7,149.8,109.6,88.3,1
TRA076-001432,2024-12-14,R4,T1,71.5,29.1,97.3,112.2,1
TRA076-001433,2024-12-14,R4,T2,119.0,128.8,139.3,166.8,1
TRA076-001434,2024-12-15,R2,T3,101.1,141.8,151.1,146.3,1
TRA076-001435,2024-12-15,R1,T1,57.7,138.6,100.0,96.4,1
TRA076-001436,2024-12-15,R1,T2,82.3,70.7,132.6,124.6,1
TRA076-001437,2024-12-15,R6,T3,80.8,147.5,125.8,122.9,1
TRA076-001438,2024-12-16,R3,T1,43.3,134.8,60.5,79.8,1
TRA076-001439,2024-12-16,R6,T2,66.4,1.9,94.1,106.4,1
TRA076-001440,2024-12-16,R5,T3,54.5,130.1,103.5,92.7,1
TRA076-001441,2024-12-16,R1,T1,112.7,47.1,143.4,159.6,1
TRA076-001442,2024-12-17,R3,T2,83.9,30.9,105.9,126.5,1
TRA076-001443,2024-12-17,R2,T3,40.4,47.3,68.4,76.5,1
TRA076-001444,2024-12-17,R6,T1,69.5,54.4,73.4,109.9,1
TRA076-001445,2024-12-17,R1,T2,94.5,45.9,126.1,138.7,1
TRA076-001446,2024-12-18,R5,T3,77.7,14.7,119.0,119.4,1
TRA076-001447,2024-12-18,R4,T1,38.6,147.8,67.7,74.4,1
TRA076-001448,2024-12-18,R6,T2,65.9,69.4,105.9,105.8,1
TRA076-001449,2024-12-18,R1,T3,109.3,3.6,146.1,155.7,1
TRA076-001450,2024-12-19,R3,T1,112.3,35.6,138.7,159.1,1
TRA076-001451,2024-12-19,R5,T2,107.8,9.4,129.7,154.0,1
TRA076-001452,2024-12-19,R3,T3,146.1,114.1,228.5,198.0,1
TRA076-001453,2024-12-19,R6,T1,42.7,77.9,44.8,79.1,1
TRA076-001454,2024-12-20,R3,T2,49.4,81.1,77.9,86.8,1
TRA076-001455,2024-12-20,R5,T3,82.9,123.7,133.2,125.3,1
TRA076-001456,2024-12-20,R3,T1,75.7,60.3,101.9,117.1,1
TRA076-001457,2024-12-20,R4,T2,148.2,101.6,197.4,200.4,1
TRA076-001458,2024-12-21,R2,T3,33.7,111.6,74.5,68.8,1
TRA076-001459,2024-12-21,R4,T1,58.7,13.9,87.1,97.5,1
TRA076-001460,2024-12-21,R1,T2,42.4,122.8,73.1,78.8,1
TRA076-001461,2024-12-21,R4,T3,37.3,62.7,50.8,72.9,1
TRA076-001462,2024-12-21,R2,T1,47.1,34.5,78.6,84.2,1
TRA076-001463,2024-12-22,R6,T2,62.5,88.5,99.8,101.9,1
TRA076-001464,2024-12-22,R4,T3,135.5,53.3,194.7,185.8,1
TRA076-001465,2024-12-22,R2,T1,90.9,51.8,142.1,134.5,1
TRA076-001466,2024-12-22,R5,T2,15.8,93.3,37.9,48.2,1
TRA076-001467,2024-12-23,R4,T3,102.1,51.2,,147.4,0
TRA076-001468,2024-12-23,R4,T1,35.6,45.0,72.5,70.9,1
TRA076-001469,2024-12-23,R3,T2,69.4,95.4,91.9,109.8,1
TRA076-001470,2024-12-23,R5,T3,70.2,23.1,103.4,110.7,1
TRA076-001471,2024-12-24,R1,T1,140.0,135.6,187.8,191.0,1
TRA076-001472,2024-12-24,R1,T2,38.4,145.3,80.2,74.2,1
TRA076-001473,2024-12-24,R5,T3,26.4,140.8,61.3,60.4,1
TRA076-001474,2024-12-24,R2,T1,131.9,32.9,143.0,181.7,1
TRA076-001475,2024-12-25,R3,T2,92.4,66.5,134.1,136.3,1
TRA076-001476,2024-12-25,R6,T3,65.9,131.6,104.4,105.8,1
TRA076-001477,2024-12-25,R6,T1,132.0,61.5,174.6,181.8,1
TRA076-001478,2024-12-25,R2,T2,34.3,6.8,"54,3",69.4,1
TRA076-001479,2024-12-26,R2,T3,37.8,107.9,69.6,73.5,1
TRA076-001480,2024-12-26,R4,T1,7.0,33.0,8.1,38.0,1
TRA076-001481,2024-12-26,R2,T2,72.7,18.0,105.6,113.6,1
TRA076-001482,2024-12-26,R2,T3,133.6,44.8,183.9,183.6,1
TRA076-001483,2024-12-27,R2,T1,84.3,140.0,114.6,126.9,1
TRA076-001484,2024-12-27,R6,T2,52.7,78.8,100.0,90.6,1
TRA076-001485,2024-12-27,R5,T3,59.7,42.6,88.2,98.7,1
TRA076-001486,2024-12-27,R5,T1,76.0,40.4,127.0,117.4,1
TRA076-001487,2024-12-28,R5,T2,17.0,61.4,64.7,49.5,1
TRA076-001488,2024-12-28,R5,T3,69.8,33.2,97.6,110.3,1
TRA076-001489,2024-12-28,R3,T1,115.9,128.4,185.0,163.3,1
TRA076-001490,2024-12-28,R6,T2,30.9,146.3,91.3,65.5,1
TRA076-001491,2024-12-29,R5,T3,139.4,47.2,196.2,190.3,1
TRA076-001492,2024-12-29,R6,T1,39.4,119.0,74.5,75.3,1
TRA076-001493,2024-12-29,R4,T2,17.1,119.4,,49.7,0
TRA076-001494,2024-12-29,R5,T3,120.4,93.1,203.0,168.5,1
TRA076-001495,2024-12-30,R2,T1,80.4,81.2,,122.5,1
TRA076-001496,2024-12-30,R5,T2,9.3,101.0,50.2,40.7,1
TRA076-001497,2024-12-30,R1,T3,149.7,66.8,190.6,202.2,1
TRA076-001498,2024-12-30,R5,T1,79.8,16.5,96.3,121.8,1
TRA076-001499,2024-12-31,R3,T2,144.7,45.2,220.5,211.4,1
TRA076-001500,2024-12-31,R5,T3,71.1,74.6,112.9,126.8,1
TRA076-001501,2024-12-31,R1,T1,139.0,50.9,164.1,204.8,1
TRA076-001502,2024-12-31,R4,T2,28.2,81.6,51.5,77.4,1
TRA076-001503,2024-12-31,R6,T3,100.8,60.9,134.0,160.9,1
TRA076-001504,2025-01-01,R3,T1,6.6,108.3,30.6,52.6,1
TRA076-001505,2025-01-01,R2,T2,101.2,15.7,144.1,161.4,1
TRA076-001506,2025-01-01,R3,T3,78.9,115.8,,135.7,0
TRA076-001507,2025-01-01,R4,T1,116.7,49.3,144.5,179.2,1
TRA076-001508,2025-01-02,R5,T2,108.2,72.1,148.4,169.4,1
TRA076-001509,2025-01-02,R3,T3,141.5,14.0,194.5,207.7,1
TRA076-001510,2025-01-02,R6,T1,116.6,144.1,147.2,179.1,1
TRA076-001511,2025-01-02,R3,T2,68.7,26.0,91.9,124.0,1
TRA076-001512,2025-01-03,R5,T3,64.7,102.3,118.2,119.4,1
TRA076-001513,2025-01-03,R4,T1,25.1,65.6,52.5,73.9,1
TRA076-001514,2025-01-03,R3,T2,21.5,122.2,80.5,69.7,1
TRA076-001515,2025-01-03,R4,T3,132.7,5.8,162.9,197.6,1
TRA076-001516,2025-01-04,R3,T1,17.1,40.8,30.9,64.7,1
TRA076-001517,2025-01-04,R4,T2,30.7,149.6,64.2,80.3,1
TRA076-001518,2025-01-04,R6,T3,119.6,128.2,191.5,182.5,1
TRA076-001519,2025-01-04,R4,T1,149.6,96.4,194.8,217.0,1
TRA076-001520,2025-01-05,R6,T2,20.4,33.8,18.1,68.5,1
TRA076-001521,2025-01-05,R5,T3,35.0,147.3,77.3,85.2,1
TRA076-001522,2025-01-05,R2,T1,25.4,18.6,19.3,74.2,1
TRA076-001523,2025-01-05,R2,T2,107.1,127.8,171.1,168.2,1
TRA076-001524,2025-01-06,R3,T3,44.9,29.5,86.2,96.6,1
TRA076-001525,2025-01-06,R4,T1,96.7,12.2,145.6,156.2,1
TRA076-001526,2025-01-06,R6,T2,53.0,59.6,88.0,105.9,1
TRA076-001527,2025-01-06,R5,T3,46.7,97.6,110.7,98.7,1
TRA076-001528,2025-01-07,R5,T1,87.4,9.1,84.0,145.5,1
TRA076-001529,2025-01-07,R2,T2,30.6,137.7,64.8,80.2,1
TRA076-001530,2025-01-07,R1,T3,59.7,1.1,76.9,113.7,1
TRA076-001531,2025-01-07,R2,T1,107.0,8.0,124.1,168.1,1
TRA076-001532,2025-01-08,R5,T2,128.5,13.1,173.4,192.8,1
TRA076-001533,2025-01-08,R4,T3,89.4,38.9,125.7,147.8,1
TRA076-001534,2025-01-08,R1,T1,21.7,148.1,92.3,70.0,1
TRA076-001535,2025-01-08,R5,T2,82.1,4.9,91.0,139.4,1
TRA076-001536,2025-01-09,R6,T3,56.1,24.1,65.4,109.5,1
TRA076-001537,2025-01-09,R1,T1,126.1,79.4,119.0,190.0,1
TRA076-001538,2025-01-09,R5,T2,16.4,138.3,65.3,63.9,1
TRA076-001539,2025-01-09,R2,T3,99.7,90.5,149.4,159.7,1
TRA076-001540,2025-01-10,R5,T1,98.1,138.1,128.7,157.8,1
TRA076-001541,2025-01-10,R5,T2,6.0,52.8,13.6,51.9,1
TRA076-001542,2025-01-10,R4,T3,12.8,72.0,48.3,59.7,1
TRA076-001543,2025-01-10,R5,T1,149.2,38.5,165.3,216.6,1
TRA076-001544,2025-01-10,R4,T2,147.9,92.4,175.3,215.1,1
TRA076-001545,2025-01-11,R2,T3,17.2,107.5,48.4,64.8,1
TRA076-001546,2025-01-11,R1,T1,129.2,113.4,149.6,193.6,1
TRA076-001547,2025-01-11,R6,T2,113.9,89.2,151.0,176.0,1
TRA076-001548,2025-01-11,R2,T3,125.1,104.3,188.1,188.9,1
TRA076-001549,2025-01-12,R5,T1,127.0,88.6,158.7,191.0,1
TRA076-001550,2025-01-12,R3,T2,70.9,129.6,144.4,126.5,1
TRA076-001551,2025-01-12,R2,T3,4.5,17.9,9.4,50.2,1
TRA076-001552,2025-01-12,R2,T1,81.3,31.9,113.4,138.5,1
TRA076-001553,2025-01-13,R5,T2,22.8,132.8,33.0,71.2,1
TRA076-001554,2025-01-13,R4,T3,52.4,109.7,101.3,105.3,1
TRA076-001555,2025-01-13,R4,T1,5.2,148.0,39.4,51.0,1
TRA076-001556,2025-01-13,R5,T2,100.1,147.3,150.8,160.1,1
TRA076-001557,2025-01-14,R2,T3,20.3,70.4,52.8,68.3,1
TRA076-001558,2025-01-14,R3,T1,6.8,43.8,28.8,52.8,1
TRA076-001559,2025-01-14,R1,T2,81.2,27.9,114.8,138.4,1
TRA076-001560,2025-01-14,R4,T3,62.7,2.8,54.0,117.1,1
TRA076-001561,2025-01-15,R6,T1,7.3,4.4,27.3,53.4,1
TRA076-001562,2025-01-15,R5,T2,95.1,97.3,145.3,154.4,1
TRA076-001563,2025-01-15,R1,T3,142.7,85.7,203.0,209.1,1
TRA076-001564,2025-01-15,R4,T1,74.2,3.8,99.5,130.3,1
TRA076-001565,2025-01-16,R5,T2,58.6,42.7,110.2,112.4,1
TRA076-001566,2025-01-16,R3,T3,64.1,79.8,102.2,118.7,1
TRA076-001567,2025-01-16,R5,T1,104.2,60.6,135.0,164.8,1
TRA076-001568,2025-01-16,R1,T2,19.9,118.3,62.6,67.9,1
TRA076-001569,2025-01-17,R3,T3,13.5,28.2,29.1,60.5,1
TRA076-001570,2025-01-17,R1,T1,21.6,38.9,31.1,69.8,1
TRA076-001571,2025-01-17,R3,T2,120.5,6.4,157.9,183.6,1
TRA076-001572,2025-01-17,R1,T3,79.2,45.3,149.0,136.1,1
TRA076-001573,2025-01-18,R6,T1,114.8,53.0,161.0,177.0,1
TRA076-001574,2025-01-18,R4,T2,51.9,64.5,87.0,104.7,1
TRA076-001575,2025-01-18,R1,T3,3.2,46.4,46.4,48.7,1
TRA076-001576,2025-01-18,R4,T1,56.8,96.2,108.1,110.3,1
TRA076-001577,2025-01-19,R3,T2,5.1,20.1,25.9,50.9,1
TRA076-001578,2025-01-19,R5,T3,94.7,12.2,,153.9,1
TRA076-001579,2025-01-19,R6,T1,84.7,20.5,102.8,142.4,1
TRA076-001580,2025-01-19,R1,T2,18.5,45.9,,66.3,0
TRA076-001581,2025-01-19,R5,T3,97.6,124.8,200.6,157.2,1
TRA076-001582,2025-01-20,R2,T1,89.9,63.5,122.6,148.4,1
TRA076-001583,2025-01-20,R4,T2,147.6,95.9,212.6,214.7,1
TRA076-001584,2025-01-20,R5,T3,71.9,72.9,113.0,127.7,1
TRA076-001585,2025-01-20,R4,T1,132.1,2.9,168.1,196.9,1
TRA076-001586,2025-01-21,R4,T2,132.2,2.2,178.2,197.0,1
TRA076-001587,2025-01-21,R4,T3,36.3,6.8,44.4,86.7,1
TRA076-001588,2025-01-21,R1,T1,2.8,88.1,23.5,48.2,1
TRA076-001589,2025-01-21,R6,T2,102.9,72.9,137.3,163.3,1
TRA076-001590,2025-01-22,R6,T3,7.3,12.7,25.5,53.4,1
TRA076-001591,2025-01-22,R6,T1,107.0,5.1,,168.1,0
TRA076-001592,2025-01-22,R2,T2,115.6,83.8,149.1,177.9,1
TRA076-001593,2025-01-22,R4,T3,120.9,33.0,180.2,184.0,1
TRA076-001594,2025-01-23,R5,T1,26.2,139.9,51.1,75.1,1
TRA076-001595,2025-01-23,R5,T2,19.4,43.4,47.8,67.3,1
TRA076-001596,2025-01-23,R4,T3,19.2,142.5,43.1,67.1,1
TRA076-001597,2025-01-23,R1,T1,31.4,68.9,69.5,81.1,1
TRA076-001598,2025-01-24,R6,T2,94.9,64.9,118.6,154.1,1
TRA076-001599,2025-01-24,R1,T3,58.2,131.7,115.5,111.9,1
TRA076-001600,2025-01-24,R5,T1,119.8,114.1,169.5,182.8,1
TRA076-001601,2025-01-24,R6,T2,107.6,109.6,146.7,168.7,1
TRA076-001602,2025-01-25,R4,T3,134.4,44.0,181.3,199.6,1
TRA076-001603,2025-01-25,R3,T1,53.3,42.4,88.3,106.3,1
TRA076-001604,2025-01-25,R5,T2,10.6,53.0,27.7,57.2,1
TRA076-001605,2025-01-25,R6,T3,20.5,76.5,,68.6,0
TRA076-001606,2025-01-26,R2,T1,32.3,76.2,,82.1,0
TRA076-001607,2025-01-26,R1,T2,99.3,74.9,118.4,159.2,1
TRA076-001608,2025-01-26,R4,T3,31.5,140.8,73.0,81.2,1
TRA076-001609,2025-01-26,R2,T1,20.4,56.7,52.9,68.5,1
TRA076-001610,2025-01-27,R1,T2,139.9,69.2,165.4,205.9,1
TRA076-001611,2025-01-27,R2,T3,21.2,26.6,33.7,69.4,1
TRA076-001612,2025-01-27,R6,T1,86.5,44.1,116.7,144.5,1
TRA076-001613,2025-01-27,R6,T2,9.3,108.9,53.4,55.7,1
TRA076-001614,2025-01-28,R3,T3,88.5,105.2,105.1,146.8,1
TRA076-001615,2025-01-28,R6,T1,40.2,146.6,56.1,91.2,1
TRA076-001616,2025-01-28,R4,T2,96.4,112.9,117.4,155.9,1
TRA076-001617,2025-01-28,R4,T3,22.2,27.4,27.8,70.5,1
TRA076-001618,2025-01-29,R4,T1,39.0,25.0,,89.8,0
TRA076-001619,2025-01-29,R3,T2,35.9,43.9,62.4,86.3,1
TRA076-001620,2025-01-29,R3,T3,79.5,28.5,93.7,136.4,1
TRA076-001621,2025-01-29,R2,T1,127.7,134.9,194.8,191.9,1
TRA076-001622,2025-01-29,R6,T2,39.9,147.5,,90.9,0
TRA076-001623,2025-01-30,R4,T3,11.2,36.7,21.4,57.9,1
TRA076-001624,2025-01-30,R6,T1,110.5,12.4,120.6,172.1,1
TRA076-001625,2025-01-30,R4,T2,111.8,33.0,148.8,173.6,1
TRA076-001626,2025-01-30,R5,T3,57.5,1.1,92.5,111.1,1
TRA076-001627,2025-01-31,R6,T1,89.0,95.0,124.4,147.3,1
TRA076-001628,2025-01-31,R3,T2,21.6,85.0,30.3,69.8,1
TRA076-001629,2025-01-31,R3,T3,102.3,123.5,160.1,162.6,1
TRA076-001630,2025-01-31,R4,T1,2.6,123.5,39.8,48.0,1
TRA076-001631,2025-02-01,R4,T2,55.4,15.7,57.4,108.7,1
TRA076-001632,2025-02-01,R5,T3,66.2,74.3,133.6,121.1,1
TRA076-001633,2025-02-01,R1,T1,86.5,78.8,118.0,144.5,1
TRA076-001634,2025-02-01,R1,T2,83.9,108.4,127.9,141.5,1
TRA076-001635,2025-02-02,R6,T3,135.1,130.5,,200.4,0
TRA076-001636,2025-02-02,R1,T1,11.3,138.1,30.8,58.0,1
TRA076-001637,2025-02-02,R5,T2,107.5,45.7,162.2,168.6,1
TRA076-001638,2025-02-02,R5,T3,40.5,138.7,86.8,91.6,1
TRA076-001639,2025-02-03,R4,T1,146.7,95.3,198.7,213.7,1
TRA076-001640,2025-02-03,R2,T2,61.0,142.0,102.5,115.1,1
TRA076-001641,2025-02-03,R5,T3,78.2,61.1,126.6,134.9,1
TRA076-001642,2025-02-03,R2,T1,131.0,148.6,189.9,195.6,1
TRA076-001643,2025-02-04,R5,T2,107.0,129.7,167.8,168.1,1
TRA076-001644,2025-02-04,R3,T3,33.6,20.2,72.7,83.6,1
TRA076-001645,2025-02-04,R3,T1,148.5,9.7,159.9,215.8,1
TRA076-001646,2025-02-04,R4,T2,133.5,96.8,165.1,198.5,1
TRA076-001647,2025-02-05,R4,T3,45.8,23.3,69.3,97.7,1
TRA076-001648,2025-02-05,R2,T1,70.0,23.0,101.3,125.5,1
TRA076-001649,2025-02-05,R1,T2,20.0,17.6,47.2,68.0,1
TRA076-001650,2025-02-05,R2,T3,52.3,107.3,108.6,105.1,1
TRA076-001651,2025-02-06,R4,T1,63.0,148.8,115.9,117.4,1
TRA076-001652,2025-02-06,R5,T2,96.8,3.6,133.9,156.3,1
TRA076-001653,2025-02-06,R3,T3,143.9,79.0,225.9,210.5,1
TRA076-001654,2025-02-06,R2,T1,34.0,88.1,48.7,84.1,1
TRA076-001655,2025-02-07,R3,T2,147.6,20.0,180.1,214.7,1
TRA076-001656,2025-02-07,R5,T3,98.7,94.2,165.1,158.5,1
TRA076-001657,2025-02-07,R6,T1,43.9,60.4,56.4,95.5,1
TRA076-001658,2025-02-07,R1,T2,125.0,142.9,182.3,188.8,1
TRA076-001659,2025-02-07,R1,T3,95.6,93.8,163.8,154.9,1
TRA076-001660,2025-02-08,R4,T1,2.6,18.3,5,48.0,1
TRA076-001661,2025-02-08,R2,T2,115.5,135.9,,177.8,1
TRA076-001662,2025-02-08,R4,T3,80.6,27.4,136.5,137.7,1
TRA076-001663,2025-02-08,R1,T1,23.4,134.5,69.1,71.9,1
TRA076-001664,2025-02-09,R5,T2,111.7,16.5,160.9,173.5,1
TRA076-001665,2025-02-09,R6,T3,72.3,9.0,112.7,128.1,1
TRA076-001666,2025-02-09,R1,T1,97.4,60.9,120.0,157.0,1
TRA076-001667,2025-02-09,R3,T2,99.1,19.5,127.8,159.0,1
TRA076-001668,2025-02-10,R3,T3,148.7,85.0,,216.0,0
TRA076-001669,2025-02-10,R5,T1,100.4,143.6,136.2,160.5,1
TRA076-001670,2025-02-10,R2,T2,106.6,141.1,181.9,167.6,1
TRA076-001671,2025-02-10,R2,T3,38.2,104.1,75.6,88.9,1
TRA076-001672,2025-02-11,R5,T1,36.1,7.2,82.1,86.5,1
TRA076-001673,2025-02-11,R1,T2,56.0,48.2,83.2,109.4,1
TRA076-001674,2025-02-11,R5,T3,87.9,43.0,146.5,146.1,1
TRA076-001675,2025-02-11,R5,T1,12.3,92.7,58.8,59.1,1
TRA076-001676,2025-02-12,R6,T2,34.2,36.3,59.0,84.3,1
TRA076-001677,2025-02-12,R3,T3,65.8,57.9,93.0,120.7,1
TRA076-001678,2025-02-12,R2,T1,62.3,56.0,86.9,116.6,1
TRA076-001679,2025-02-12,R4,T2,110.5,141.0,172.4,172.1,1
TRA076-001680,2025-02-13,R2,T3,17.6,20.3,50.3,65.2,1
TRA076-001681,2025-02-13,R1,T1,16.1,55.8,33.4,63.5,1
TRA076-001682,2025-02-13,R6,T2,34.9,135.8,73.8,85.1,1
TRA076-001683,2025-02-13,R6,T3,42.1,101.1,113.0,93.4,1
TRA076-001684,2025-02-14,R5,T1,131.1,17.8,174.2,195.8,1
TRA076-001685,2025-02-14,R2,T2,73.3,118.2,118.5,129.3,1
TRA076-001686,2025-02-14,R3,T3,79.1,11.8,118.3,136.0,1
TRA076-001687,2025-02-14,R5,T1,119.0,59.2,141.3,181.8,1
TRA076-001688,2025-02-15,R6,T2,32.6,27.4,25.6,82.5,1
TRA076-001689,2025-02-15,R6,T3,105.0,110.5,"148,2",165.8,1
TRA076-001690,2025-02-15,R3,T1,143.7,61.2,181.6,210.3,1
TRA076-001691,2025-02-15,R5,T2,95.5,67.8,137.0,154.8,1
TRA076-001692,2025-02-16,R5,T3,2.6,81.9,22.8,48.0,1
TRA076-001693,2025-02-16,R5,T1,37.7,107.2,62.8,88.4,1
TRA076-001694,2025-02-16,R1,T2,90.6,41.9,139.7,149.2,1
TRA076-001695,2025-02-16,R3,T3,124.6,67.1,163.6,188.3,1
TRA076-001696,2025-02-17,R3,T1,127.0,15.1,137.1,191.0,1
TRA076-001697,2025-02-17,R4,T2,136.9,101.7,204.1,202.4,1
TRA076-001698,2025-02-17,R3,T3,8.5,77.3,11.4,54.8,1
TRA076-001699,2025-02-17,R1,T1,127.7,73.7,164.4,191.9,1
TRA076-001700,2025-02-17,R4,T2,84.8,134.2,129.3,142.5,1
TRA076-001701,2025-02-18,R2,T3,145.9,99.5,211.4,212.8,1
TRA076-001702,2025-02-18,R1,T1,124.5,142.6,171.5,188.2,1
TRA076-001703,2025-02-18,R2,T2,99.9,56.0,137.8,159.9,1
TRA076-001704,2025-02-18,R4,T3,77.4,114.1,141.7,134.0,1
TRA076-001705,2025-02-19,R6,T1,62.8,120.6,111.1,117.2,1
TRA076-001706,2025-02-19,R3,T2,12.5,128.9,45.9,59.4,1
TRA076-001707,2025-02-19,R1,T3,94.5,149.3,,153.7,0
TRA076-001708,2025-02-19,R3,T1,58.8,101.7,98.7,112.6,1
TRA076-001709,2025-02-20,R6,T2,20.9,136.4,,69.0,0
TRA076-001710,2025-02-20,R2,T3,89.1,139.6,146.3,147.5,1
TRA076-001711,2025-02-20,R6,T1,6.9,3.4,19.4,52.9,1
TRA076-001712,2025-02-20,R3,T2,64.3,116.2,102.2,118.9,1
TRA076-001713,2025-02-21,R5,T3,75.3,38.1,132.5,131.6,1
TRA076-001714,2025-02-21,R5,T1,16.1,29.8,20.7,63.5,1
TRA076-001715,2025-02-21,R1,T2,100.4,128.7,146.4,160.5,1
TRA076-001716,2025-02-21,R4,T3,52.9,25.2,88.4,105.8,1
TRA076-001717,2025-02-22,R2,T1,43.2,54.1,69.3,94.7,1
TRA076-001718,2025-02-22,R1,T2,121.4,148.6,192.0,184.6,1
TRA076-001719,2025-02-22,R2,T3,130.1,39.9,172.5,194.6,1
TRA076-001720,2025-02-22,R4,T1,143.9,144.5,176.3,210.5,1
TRA076-001721,2025-02-23,R5,T2,90.1,6.7,127.4,148.6,1
TRA076-001722,2025-02-23,R1,T3,20.1,128.9,59.7,68.1,1
TRA076-001723,2025-02-23,R3,T1,106.1,109.9,142.0,167.0,1
TRA076-001724,2025-02-23,R5,T2,93.1,23.5,106.5,152.1,1
TRA076-001725,2025-02-24,R1,T3,77.1,28.5,-999,133.7,1
TRA076-001726,2025-02-24,R4,T1,121.8,69.0,,185.1,0
TRA076-001727,2025-02-24,R4,T2,129.1,52.4,173.3,193.5,1
TRA076-001728,2025-02-24,R2,T3,113.5,85.3,180.3,175.5,1
TRA076-001729,2025-02-25,R3,T1,133.4,113.1,185.2,198.4,1
TRA076-001730,2025-02-25,R3,T2,98.2,85.4,133.1,157.9,1
TRA076-001731,2025-02-25,R1,T3,39.7,9.4,66.9,90.7,1
TRA076-001732,2025-02-25,R5,T1,114.4,31.6,123.3,176.6,1
TRA076-001733,2025-02-26,R5,T2,46.9,35.8,66.4,98.9,1
TRA076-001734,2025-02-26,R3,T3,79.1,52.6,125.5,136.0,1
TRA076-001735,2025-02-26,R2,T1,32.4,62.3,60.2,82.3,1
TRA076-001736,2025-02-26,R2,T2,20.4,10.9,53.1,68.5,1
TRA076-001737,2025-02-27,R5,T3,74.2,87.9,149.4,130.3,1
TRA076-001738,2025-02-27,R5,T1,117.2,14.7,113.2,179.8,1
TRA076-001739,2025-02-27,R5,T2,28.1,33.6,45.1,77.3,1
TRA076-001740,2025-02-27,R5,T3,104.4,20.9,148.8,165.1,1
TRA076-001741,2025-02-27,R4,T1,132.9,124.7,198.6,197.8,1
TRA076-001742,2025-02-28,R3,T2,118.1,34.9,155.6,180.8,1
TRA076-001743,2025-02-28,R1,T3,114.5,17.6,157.9,176.7,1
TRA076-001744,2025-02-28,R4,T1,145.9,142.3,,212.8,1
TRA076-001745,2025-02-28,R1,T2,103.5,6.0,155.3,164.0,1
TRA076-001746,2025-03-01,R1,T3,130.6,109.6,199.4,195.2,1
TRA076-001747,2025-03-01,R2,T1,134.1,51.7,158.3,199.2,1
TRA076-001748,2025-03-01,R6,T2,76.8,78.1,119.7,133.3,1
TRA076-001749,2025-03-01,R6,T3,38.7,84.3,83.0,89.5,1
TRA076-001750,2025-03-02,R6,T1,138.2,22.7,147.8,203.9,1
TRA076-001751,2025-03-02,R6,T2,12.1,56.3,44.4,58.9,1
TRA076-001752,2025-03-02,R6,T3,30.9,92.3,64.8,80.5,1
TRA076-001753,2025-03-02,R6,T1,127.7,100.4,151.0,191.9,1
TRA076-001754,2025-03-03,R2,T2,111.4,44.7,155.3,173.1,1
TRA076-001755,2025-03-03,R4,T3,106.8,60.0,164.6,167.8,1
TRA076-001756,2025-03-03,R3,T1,98.2,87.8,135.9,157.9,1
TRA076-001757,2025-03-03,R6,T2,84.7,137.2,161.4,142.4,1
TRA076-001758,2025-03-04,R3,T3,128.7,81.3,189.4,193.0,1
TRA076-001759,2025-03-04,R4,T1,146.8,111.3,183.3,213.8,1
TRA076-001760,2025-03-04,R1,T2,75.9,133.0,116.8,132.3,1
TRA076-001761,2025-03-04,R3,T3,113.7,56.0,151.7,175.8,1
TRA076-001762,2025-03-05,R1,T1,42.2,17.7,,93.5,0
TRA076-001763,2025-03-05,R1,T2,115.4,9.6,128.8,177.7,1
TRA076-001764,2025-03-05,R2,T3,24.5,15.9,43.7,73.2,1
TRA076-001765,2025-03-05,R6,T1,45.3,144.1,85.5,97.1,1
TRA076-001766,2025-03-06,R6,T2,104.2,86.9,139.4,164.8,1
TRA076-001767,2025-03-06,R1,T3,79.2,52.0,116.3,136.1,1
TRA076-001768,2025-03-06,R1,T1,53.2,51.9,89.1,106.2,1
TRA076-001769,2025-03-06,R5,T2,68.6,113.0,126.4,123.9,1
TRA076-001770,2025-03-07,R2,T3,31.9,31.6,58.3,81.7,1
TRA076-001771,2025-03-07,R4,T1,24.5,40.6,46.8,73.2,1
TRA076-001772,2025-03-07,R3,T2,58.6,63.4,88.0,112.4,1
TRA076-001773,2025-03-07,R3,T3,56.2,141.7,125.1,109.6,1
TRA076-001774,2025-03-08,R5,T1,118.7,116.7,,181.5,0
TRA076-001775,2025-03-08,R3,T2,87.0,115.4,138.9,145.1,1
TRA076-001776,2025-03-08,R2,T3,71.9,115.2,113.0,127.7,1
TRA076-001777,2025-03-08,R5,T1,4.6,36.5,18.6,50.3,1
TRA076-001778,2025-03-08,R5,T2,44.5,136.7,101.9,96.2,1
TRA076-001779,2025-03-09,R5,T3,67.9,64.9,87.3,123.1,1
TRA076-001780,2025-03-09,R2,T1,111.7,105.5,132.0,173.5,1
TRA076-001781,2025-03-09,R3,T2,59.6,124.0,71.1,113.5,1
TRA076-001782,2025-03-09,R4,T3,146.4,95.5,231.0,213.4,1
TRA076-001783,2025-03-10,R3,T1,119.5,87.0,134.5,182.4,1
TRA076-001784,2025-03-10,R1,T2,125.2,46.5,169.8,189.0,1
TRA076-001785,2025-03-10,R3,T3,30.1,81.8,68.1,79.6,1
TRA076-001786,2025-03-10,R2,T1,60.1,33.9,69.9,114.1,1
TRA076-001787,2025-03-11,R3,T2,132.0,23.0,168.9,196.8,1
TRA076-001788,2025-03-11,R3,T3,126.0,81.3,194.1,189.9,1
TRA076-001789,2025-03-11,R4,T1,63.9,126.9,,118.5,0
TRA076-001790,2025-03-11,R2,T2,64.3,124.2,89.6,118.9,1
TRA076-001791,2025-03-12,R4,T3,13.1,61.6,7.3,60.1,1
TRA076-001792,2025-03-12,R5,T1,54.8,4.2,46.2,108.0,1
TRA076-001793,2025-03-12,R4,T2,111.7,47.7,166.6,173.5,1
TRA076-001794,2025-03-12,R5,T3,63.7,94.2,113.5,118.3,1
TRA076-001795,2025-03-13,R4,T1,20.4,89.6,41.5,68.5,1
TRA076-001796,2025-03-13,R2,T2,72.8,124.1,122.9,128.7,1
TRA076-001797,2025-03-13,R5,T3,118.1,83.2,177.1,180.8,1
TRA076-001798,2025-03-13,R1,T1,53.5,142.0,85.7,106.5,1
TRA076-001799,2025-03-14,R5,T2,61.9,142.8,109.4,116.2,1
TRA076-001800,2025-03-14,R4,T3,35.6,76.5,86.1,85.9,1
TRA076-001801,2025-03-14,R2,T1,8.7,126.3,37.7,55.0,1
TRA076-001802,2025-03-14,R1,T2,4.5,71.6,19.7,50.2,1
TRA076-001803,2025-03-15,R5,T3,12.0,32.5,32.0,58.8,1
TRA076-001804,2025-03-15,R2,T1,112.2,116.8,131.5,174.0,1
TRA076-001805,2025-03-15,R2,T2,106.5,57.7,127.8,167.5,1
TRA076-001806,2025-03-15,R1,T3,80.8,128.6,126.5,137.9,1
TRA076-001807,2025-03-16,R5,T1,134.6,115.4,174.7,199.8,1
TRA076-001808,2025-03-16,R6,T2,102.5,48.4,149.2,162.9,1
TRA076-001809,2025-03-16,R1,T3,28.2,109.4,,77.4,0
TRA076-001810,2025-03-16,R1,T1,69.3,122.1,118.6,124.7,1
TRA076-001811,2025-03-17,R5,T2,146.1,149.9,229.7,213.0,1
TRA076-001812,2025-03-17,R6,T3,136.0,58.5,170.4,201.4,1
TRA076-001813,2025-03-17,R2,T1,116.5,67.2,145.3,179.0,1
TRA076-001814,2025-03-17,R5,T2,134.6,43.4,153.7,199.8,1
TRA076-001815,2025-03-18,R3,T3,131.0,126.5,215.3,195.6,1
TRA076-001816,2025-03-18,R3,T1,68.3,41.3,100.9,123.5,1
TRA076-001817,2025-03-18,R3,T2,129.2,138.5,204.0,193.6,1
TRA076-001818,2025-03-18,R6,T3,92.5,40.1,150.9,151.4,1
TRA076-001819,2025-03-18,R4,T1,148.3,114.1,175.8,215.5,1
TRA076-001820,2025-03-19,R6,T2,97.4,90.5,121.9,157.0,1
TRA076-001821,2025-03-19,R2,T3,18.2,78.3,57.5,65.9,1
TRA076-001822,2025-03-19,R4,T1,50.1,26.9,85.8,102.6,1
TRA076-001823,2025-03-19,R1,T2,96.8,27.5,123.4,156.3,1
TRA076-001824,2025-03-20,R3,T3,58.5,13.0,106.4,112.3,1
TRA076-001825,2025-03-20,R6,T1,60.8,23.2,90.0,114.9,1
TRA076-001826,2025-03-20,R1,T2,123.5,47.4,152.4,187.0,1
TRA076-001827,2025-03-20,R4,T3,30.0,77.0,,79.5,1
TRA076-001828,2025-03-21,R1,T1,83.6,53.0,124.9,141.1,1
TRA076-001829,2025-03-21,R6,T2,108.7,57.7,124.3,170.0,1
TRA076-001830,2025-03-21,R4,T3,51.5,74.9,89.1,104.2,1
TRA076-001831,2025-03-21,R2,T1,114.2,127.3,144.3,176.3,1
TRA076-001832,2025-03-22,R6,T2,43.7,145.5,95.3,95.3,1
TRA076-001833,2025-03-22,R3,T3,95.1,46.1,134.3,154.4,1
TRA076-001834,2025-03-22,R1,T1,100.9,109.3,113.5,161.0,1
TRA076-001835,2025-03-22,R5,T2,112.4,83.0,136.7,174.3,1
TRA076-001836,2025-03-23,R4,T3,42.5,44.5,76.8,93.9,1
TRA076-001837,2025-03-23,R3,T1,111.7,9.8,133.0,173.5,1
TRA076-001838,2025-03-23,R3,T2,19.4,89.1,55.6,67.3,1
TRA076-001839,2025-03-23,R4,T3,111.8,89.3,160.2,173.6,1
TRA076-001840,2025-03-24,R1,T1,93.2,106.8,130.9,152.2,1
TRA076-001841,2025-03-24,R5,T2,60.5,62.7,106.4,114.6,1
TRA076-001842,2025-03-24,R6,T3,16.5,19.0,12.0,64.0,1
TRA076-001843,2025-03-24,R5,T1,91.1,114.1,134.5,149.8,1
TRA076-001844,2025-03-25,R6,T2,87.2,133.7,,145.3,0
TRA076-001845,2025-03-25,R1,T3,106.6,83.2,135.7,167.6,1
TRA076-001846,2025-03-25,R1,T1,34.9,107.3,,85.1,0
TRA076-001847,2025-03-25,R4,T2,108.2,50.6,155.7,169.4,1
TRA076-001848,2025-03-26,R5,T3,17.2,79.7,47.7,64.8,1
TRA076-001849,2025-03-26,R1,T1,26.8,57.0,37.0,75.8,1
TRA076-001850,2025-03-26,R6,T2,139.2,91.1,196.4,205.1,1
TRA076-001851,2025-03-26,R3,T3,37.3,23.6,75.8,87.9,1
TRA076-001852,2025-03-27,R6,T1,144.7,91.3,202.3,211.4,1
TRA076-001853,2025-03-27,R4,T2,93.1,93.8,126.7,152.1,1
TRA076-001854,2025-03-27,R2,T3,70.1,21.9,104.5,125.6,1
TRA076-001855,2025-03-27,R4,T1,134.6,86.7,183.1,199.8,1
TRA076-001856,2025-03-28,R6,T2,132.6,122.2,194.5,197.5,1
TRA076-001857,2025-03-28,R5,T3,110.1,135.4,177.7,171.6,1
TRA076-001858,2025-03-28,R3,T1,105.0,142.3,180.0,165.8,1
TRA076-001859,2025-03-28,R6,T2,60.3,101.2,75.3,114.3,1
TRA076-001860,2025-03-28,R2,T3,70.6,16.5,96.3,126.2,1
TRA076-001861,2025-03-29,R2,T1,144.8,4.4,183.3,211.5,1
TRA076-001862,2025-03-29,R5,T2,94.3,74.2,115.6,153.4,1
TRA076-001863,2025-03-29,R2,T3,22.6,90.9,45.3,71.0,1
TRA076-001864,2025-03-29,R3,T1,93.8,95.9,131.8,152.9,1
TRA076-001865,2025-03-30,R2,T2,73.1,94.8,95.6,129.1,1
TRA076-001866,2025-03-30,R2,T3,64.7,108.0,128.2,119.4,1
TRA076-001867,2025-03-30,R1,T1,135.5,15.9,157.1,200.8,1
TRA076-001868,2025-03-30,R3,T2,28.4,128.5,79.0,77.7,1
TRA076-001869,2025-03-31,R5,T3,33.5,136.2,71.6,83.5,1
TRA076-001870,2025-03-31,R4,T1,57.0,39.0,109.9,110.5,1
TRA076-001871,2025-03-31,R6,T2,136.1,7.7,171.1,201.5,1
TRA076-001872,2025-03-31,R4,T3,35.8,136.0,99.7,86.2,1
TRA076-001873,2025-04-01,R4,T1,109.5,87.2,152.6,170.9,1
TRA076-001874,2025-04-01,R6,T2,84.7,110.4,129.4,142.4,1
TRA076-001875,2025-04-01,R2,T3,22.2,8.9,46.6,70.5,1
TRA076-001876,2025-04-01,R3,T1,117.2,109.9,144.0,179.8,1
TRA076-001877,2025-04-02,R3,T2,95.4,52.2,140.8,154.7,1
TRA076-001878,2025-04-02,R1,T3,24.6,27.0,,73.3,0
TRA076-001879,2025-04-02,R2,T1,77.7,26.0,111.6,134.4,1
TRA076-001880,2025-04-02,R1,T2,38.6,53.9,54.1,89.4,1
TRA076-001881,2025-04-03,R5,T3,75.5,149.8,147.2,131.8,1
TRA076-001882,2025-04-03,R3,T1,17.3,82.3,56.4,64.9,1
TRA076-001883,2025-04-03,R6,T2,127.3,117.3,181.8,191.4,1
TRA076-001884,2025-04-03,R3,T3,137.1,31.4,213.7,202.7,1
TRA076-001885,2025-04-04,R4,T1,105.2,70.5,128.6,166.0,1
TRA076-001886,2025-04-04,R2,T2,77.3,143.4,120.6,133.9,1
TRA076-001887,2025-04-04,R1,T3,100.7,15.9,141.9,160.8,1
TRA076-001888,2025-04-04,R4,T1,73.9,19.0,74.3,130.0,1
TRA076-001889,2025-04-05,R1,T2,54.5,14.0,69.0,107.7,1
TRA076-001890,2025-04-05,R4,T3,58.0,55.2,91.4,111.7,1
TRA076-001891,2025-04-05,R6,T1,127.2,62.1,134.0,191.3,1
TRA076-001892,2025-04-05,R4,T2,5.4,106.7,35.2,51.2,1
TRA076-001893,2025-04-06,R2,T3,148.8,11.3,,216.1,0
TRA076-001894,2025-04-06,R1,T1,97.0,135.3,106.8,156.6,1
TRA076-001895,2025-04-06,R3,T2,125.8,12.1,163.6,189.7,1
TRA076-001896,2025-04-06,R5,T3,31.0,53.0,73.4,80.7,1
TRA076-001897,2025-04-06,R1,T1,41.7,135.2,85.3,93.0,1
TRA076-001898,2025-04-07,R4,T2,72.6,116.2,113.0,128.5,1
TRA076-001899,2025-04-07,R1,T3,10.5,49.8,38.0,57.1,1
TRA076-001900,2025-04-07,R2,T1,101.1,33.1,"137,9",161.3,1
TRA076-001901,2025-04-07,R4,T2,27.4,85.5,46.0,76.5,1
TRA076-001902,2025-04-08,R6,T3,33.1,75.8,96.7,83.1,1
TRA076-001903,2025-04-08,R6,T1,135.1,121.0,186.0,200.4,1
TRA076-001904,2025-04-08,R6,T2,76.1,106.5,115.3,132.5,1
TRA076-001905,2025-04-08,R2,T3,67.8,94.7,104.9,123.0,1
TRA076-001906,2025-04-09,R3,T1,109.5,53.1,144.3,170.9,1
TRA076-001907,2025-04-09,R4,T2,49.3,118.6,98.0,101.7,1
TRA076-001908,2025-04-09,R6,T3,27.5,24.6,40.7,76.6,1
TRA076-001909,2025-04-09,R2,T1,54.0,78.7,56.9,107.1,1
TRA076-001910,2025-04-10,R5,T2,5.6,42.8,,51.4,1
TRA076-001911,2025-04-10,R4,T3,91.5,75.1,133.2,150.2,1
TRA076-001912,2025-04-10,R1,T1,93.5,121.0,128.8,152.5,1
TRA076-001913,2025-04-10,R6,T2,149.6,95.6,212.6,217.0,1
TRA076-001914,2025-04-11,R2,T3,34.8,22.8,53.1,85.0,1
TRA076-001915,2025-04-11,R6,T1,63.3,82.4,101.9,117.8,1
TRA076-001916,2025-04-11,R5,T2,92.8,121.0,128.8,151.7,1
TRA076-001917,2025-04-11,R1,T3,24.8,102.2,61.7,73.5,1
TRA076-001918,2025-04-12,R6,T1,32.5,54.7,60.3,82.4,1
TRA076-001919,2025-04-12,R5,T2,129.3,119.0,177.4,193.7,1
TRA076-001920,2025-04-12,R6,T3,116.5,90.0,153.3,179.0,1
TRA076-001921,2025-04-12,R1,T1,65.3,148.2,130.4,120.1,1
TRA076-001922,2025-04-13,R5,T2,50.0,24.9,68.5,102.5,1
TRA076-001923,2025-04-13,R5,T3,98.1,146.2,145.8,157.8,1
TRA076-001924,2025-04-13,R5,T1,26.6,114.7,,75.6,0
TRA076-001925,2025-04-13,R5,T2,3.2,44.6,17.7,48.7,1
TRA076-001926,2025-04-14,R2,T3,50.0,146.3,99.6,102.5,1
TRA076-001927,2025-04-14,R5,T1,12.1,77.2,24.2,58.9,1
TRA076-001928,2025-04-14,R1,T2,55.0,91.4,92.7,108.2,1
TRA076-001929,2025-04-14,R3,T3,108.9,139.8,165.0,170.2,1
TRA076-001930,2025-04-15,R1,T1,79.5,71.6,110.8,136.4,1
TRA076-001931,2025-04-15,R4,T2,49.8,146.4,,102.3,0
TRA076-001932,2025-04-15,R4,T3,102.0,94.3,,162.3,0
TRA076-001933,2025-04-15,R3,T1,2.4,36.5,5,47.8,1
TRA076-001934,2025-04-16,R5,T2,64.9,107.7,124.8,119.6,1
TRA076-001935,2025-04-16,R2,T3,141.5,30.6,206.6,207.7,1
TRA076-001936,2025-04-16,R1,T1,76.8,27.9,135.5,133.3,1
TRA076-001937,2025-04-16,R4,T2,65.1,91.3,110.7,119.9,1
TRA076-001938,2025-04-16,R3,T3,31.0,98.8,61.9,80.7,1
TRA076-001939,2025-04-17,R5,T1,146.6,69.1,197.1,213.6,1
TRA076-001940,2025-04-17,R5,T2,44.8,130.5,72.3,96.5,1
TRA076-001941,2025-04-17,R6,T3,115.1,21.7,157.0,177.4,1
TRA076-001942,2025-04-17,R4,T1,54.1,34.0,83.1,107.2,1
TRA076-001943,2025-04-18,R4,T2,129.4,40.6,213.9,193.8,1
TRA076-001944,2025-04-18,R2,T3,58.3,56.8,90.1,112.0,1
TRA076-001945,2025-04-18,R5,T1,107.0,16.1,122.8,168.1,1
TRA076-001946,2025-04-18,R5,T2,61.9,45.4,111.7,116.2,1
TRA076-001947,2025-04-19,R4,T3,40.6,122.1,78.7,91.7,1
TRA076-001948,2025-04-19,R2,T1,54.2,146.4,118.9,107.3,1
TRA076-001949,2025-04-19,R4,T2,101.6,102.2,125.4,161.8,1
TRA076-001950,2025-04-19,R6,T3,45.6,55.7,94.9,97.4,1
TRA076-001951,2025-04-20,R4,T1,77.1,55.7,93.2,133.7,1
TRA076-001952,2025-04-20,R3,T2,111.6,36.8,146.8,173.3,1
TRA076-001953,2025-04-20,R6,T3,8.9,115.7,44.7,55.2,1
TRA076-001954,2025-04-20,R4,T1,56.3,3.9,46.7,109.7,1
TRA076-001955,2025-04-21,R3,T2,92.2,123.3,134.8,151.0,1
TRA076-001956,2025-04-21,R2,T3,48.1,43.1,62.3,100.3,1
TRA076-001957,2025-04-21,R6,T1,106.2,90.9,146.0,167.1,1
TRA076-001958,2025-04-21,R2,T2,43.8,30.8,106.3,95.4,1
TRA076-001959,2025-04-22,R5,T3,85.4,86.8,143.5,143.2,1
TRA076-001960,2025-04-22,R1,T1,35.6,81.8,68.5,85.9,1
TRA076-001961,2025-04-22,R2,T2,142.7,116.6,217.1,209.1,1
TRA076-001962,2025-04-22,R5,T3,43.6,31.6,56.9,95.1,1
TRA076-001963,2025-04-23,R2,T1,55.6,76.4,99.1,108.9,1
TRA076-001964,2025-04-23,R6,T2,27.4,144.7,57.5,76.5,1
TRA076-001965,2025-04-23,R2,T3,87.6,13.9,127.9,145.7,1
TRA076-001966,2025-04-23,R1,T1,148.7,136.2,220.7,216.0,1
TRA076-001967,2025-04-24,R6,T2,147.7,59.7,212.3,214.9,1
TRA076-001968,2025-04-24,R5,T3,85.7,47.6,153.2,143.6,1
TRA076-001969,2025-04-24,R4,T1,7.3,111.2,30.4,53.4,1
TRA076-001970,2025-04-24,R6,T2,122.4,85.6,191.6,185.8,1
TRA076-001971,2025-04-25,R6,T3,87.5,101.3,132.5,145.6,1
TRA076-001972,2025-04-25,R5,T1,141.0,68.0,186.9,207.1,1
TRA076-001973,2025-04-25,R5,T2,33.7,93.2,67.1,83.8,1
TRA076-001974,2025-04-25,R1,T3,87.1,127.2,143.7,145.2,1
TRA076-001975,2025-04-25,R5,T1,47.3,70.9,91.5,99.4,1
TRA076-001976,2025-04-26,R3,T2,118.7,15.2,156.1,181.5,1
TRA076-001977,2025-04-26,R6,T3,62.4,39.1,90.6,116.8,1
TRA076-001978,2025-04-26,R6,T1,117.8,16.1,179.1,180.5,1
TRA076-001979,2025-04-26,R5,T2,26.3,55.3,48.4,75.2,1
TRA076-001980,2025-04-27,R3,T3,80.9,107.0,,138.0,0
TRA076-001981,2025-04-27,R5,T1,30.4,23.7,35.1,80.0,1
TRA076-001982,2025-04-27,R3,T2,91.7,22.0,95.1,150.5,1
TRA076-001983,2025-04-27,R2,T3,41.4,44.0,50.8,92.6,1
TRA076-001984,2025-04-28,R3,T1,93.6,136.6,89.7,152.6,1
TRA076-001985,2025-04-28,R5,T2,60.4,87.5,112.6,114.5,1
TRA076-001986,2025-04-28,R6,T3,2.1,125.6,14.2,47.4,1
TRA076-001987,2025-04-28,R2,T1,45.7,132.1,89.7,97.6,1
TRA076-001988,2025-04-29,R4,T2,148.5,144.6,,215.8,0
TRA076-001989,2025-04-29,R3,T3,74.0,36.1,97.4,130.1,1
TRA076-001990,2025-04-29,R1,T1,145.0,105.7,200.5,211.8,1
TRA076-001991,2025-04-29,R1,T2,23.5,149.8,47.8,72.0,1
TRA076-001992,2025-04-30,R3,T3,131.7,84.4,187.2,196.5,1
TRA076-001993,2025-04-30,R2,T1,117.0,127.2,,179.5,1
TRA076-001994,2025-04-30,R6,T2,92.5,40.8,156.0,151.4,1
TRA076-001995,2025-04-30,R4,T3,13.7,45.7,69.1,60.8,1
TRA076-001996,2025-05-01,R6,T1,107.0,104.0,131.9,168.1,1
TRA076-001997,2025-05-01,R3,T2,43.5,8.4,72.1,95.0,1
TRA076-001998,2025-05-01,R3,T3,90.5,116.0,170.7,149.1,1
TRA076-001999,2025-05-01,R5,T1,14.9,89.0,29.4,62.1,1
TRA076-002000,2025-05-02,R3,T2,149.4,44.6,184.8,216.8,1
TRA076-002001,2025-05-02,R6,T3,104.4,116.6,158.4,165.1,1
TRA076-002002,2025-05-02,R5,T1,144.9,37.1,196.5,211.6,1
TRA076-002003,2025-05-02,R1,T2,119.2,38.7,156.2,182.1,1
TRA076-002004,2025-05-03,R2,T3,141.7,96.9,214.1,208.0,1
TRA076-002005,2025-05-03,R1,T1,117.2,3.9,113.3,179.8,1
TRA076-002006,2025-05-03,R5,T2,79.5,70.4,133.3,136.4,1
TRA076-002007,2025-05-03,R2,T3,133.0,66.3,192.9,197.9,1
TRA076-002008,2025-05-04,R6,T1,63.9,136.2,84.8,118.5,1
TRA076-002009,2025-05-04,R1,T2,19.5,23.9,,67.4,0
TRA076-002010,2025-05-04,R4,T3,63.7,56.7,,118.3,0
TRA076-002011,2025-05-04,R2,T1,136.6,79.9,168.6,202.1,1
TRA076-002012,2025-05-05,R4,T2,126.8,106.0,167.1,190.8,1
TRA076-002013,2025-05-05,R3,T3,35.5,143.3,55.1,85.8,1
TRA076-002014,2025-05-05,R5,T1,94.1,143.7,131.7,153.2,1
TRA076-002015,2025-05-05,R3,T2,118.8,135.9,156.6,181.6,1
TRA076-002016,2025-05-05,R2,T3,116.1,40.8,173.4,178.5,1
TRA076-002017,2025-05-06,R3,T1,133.1,139.5,166.8,198.1,1
TRA076-002018,2025-05-06,R3,T2,28.9,78.2,48.9,78.2,1
TRA076-002019,2025-05-06,R1,T3,145.5,121.2,194.2,212.3,1
TRA076-002020,2025-05-06,R6,T1,99.9,16.3,122.7,159.9,1
TRA076-002021,2025-05-07,R1,T2,109.2,53.4,,170.6,0
TRA076-002022,2025-05-07,R2,T3,124.5,137.2,189.8,188.2,1
TRA076-002023,2025-05-07,R2,T1,20.9,26.5,39.7,69.0,1
TRA076-002024,2025-05-07,R1,T2,37.7,127.1,106.4,88.4,1
TRA076-002025,2025-05-08,R3,T3,20.2,51.3,,68.2,0
TRA076-002026,2025-05-08,R6,T1,30.4,12.6,60.6,80.0,1
TRA076-002027,2025-05-08,R4,T2,146.7,39.6,190.1,213.7,1
TRA076-002028,2025-05-08,R4,T3,76.2,35.6,119.5,132.6,1
TRA076-002029,2025-05-09,R1,T1,2.3,89.6,41.4,47.6,1
TRA076-002030,2025-05-09,R1,T2,111.4,111.8,168.1,173.1,1
TRA076-002031,2025-05-09,R2,T3,51.7,128.1,101.6,104.5,1
TRA076-002032,2025-05-09,R2,T1,30.4,25.9,66.3,80.0,1
TRA076-002033,2025-05-10,R4,T2,10.1,141.1,29.7,56.6,1
TRA076-002034,2025-05-10,R1,T3,2.3,105.9,20.4,47.6,1
TRA076-002035,2025-05-10,R1,T1,59.0,58.7,86.3,112.8,1
TRA076-002036,2025-05-10,R6,T2,14.0,60.5,47.4,61.1,1
TRA076-002037,2025-05-11,R4,T3,8.0,54.2,38.0,54.2,1
TRA076-002038,2025-05-11,R3,T1,125.3,15.9,157.1,189.1,1
TRA076-002039,2025-05-11,R3,T2,64.5,89.7,94.6,119.2,1
TRA076-002040,2025-05-11,R6,T3,72.4,50.8,98.2,128.3,1
TRA076-002041,2025-05-12,R3,T1,44.5,52.1,69.4,96.2,1
TRA076-002042,2025-05-12,R2,T2,118.6,46.1,178.1,181.4,1
TRA076-002043,2025-05-12,R2,T3,70.7,120.8,149.3,126.3,1
TRA076-002044,2025-05-12,R6,T1,81.7,146.7,91.5,139.0,1
TRA076-002045,2025-05-13,R4,T2,63.2,75.5,86.4,117.7,1
TRA076-002046,2025-05-13,R4,T3,4.1,104.0,,49.7,0
TRA076-002047,2025-05-13,R3,T1,46.2,5.1,64.1,98.1,1
TRA076-002048,2025-05-13,R3,T2,87.8,99.5,108.2,146.0,1
TRA076-002049,2025-05-14,R5,T3,88.3,103.9,145.3,146.5,1
TRA076-002050,2025-05-14,R6,T1,145.7,139.6,191.1,212.6,1
TRA076-002051,2025-05-14,R4,T2,104.4,101.5,171.2,165.1,1
TRA076-002052,2025-05-14,R1,T3,27.8,129.5,38.2,77.0,1
TRA076-002053,2025-05-15,R6,T1,54.5,98.9,57.0,107.7,1
TRA076-002054,2025-05-15,R4,T2,72.0,145.3,111.5,127.8,1
TRA076-002055,2025-05-15,R6,T3,37.5,148.2,,88.1,0
TRA076-002056,2025-05-15,R2,T1,98.9,111.0,111.3,158.7,1
TRA076-002057,2025-05-15,R2,T2,115.9,21.7,140.3,178.3,1
TRA076-002058,2025-05-16,R4,T3,44.2,115.3,93.0,95.8,1
TRA076-002059,2025-05-16,R4,T1,48.9,136.4,84.8,101.2,1
TRA076-002060,2025-05-16,R2,T2,15.1,103.9,30.6,62.4,1
TRA076-002061,2025-05-16,R1,T3,17.1,91.3,35.3,64.7,1
TRA076-002062,2025-05-17,R3,T1,12.3,15.2,48.8,59.1,1
TRA076-002063,2025-05-17,R3,T2,122.5,13.1,,185.9,0
TRA076-002064,2025-05-17,R5,T3,3.2,83.8,17.8,48.7,1
TRA076-002065,2025-05-17,R4,T1,57.3,113.1,113.8,110.9,1
TRA076-002066,2025-05-18,R6,T2,45.5,99.5,87.0,97.3,1
TRA076-002067,2025-05-18,R3,T3,31.9,4.5,60.4,81.7,1
TRA076-002068,2025-05-18,R3,T1,107.6,25.7,138.8,168.7,1
TRA076-002069,2025-05-18,R6,T2,89.3,22.6,136.7,147.7,1
TRA076-002070,2025-05-19,R6,T3,28.9,77.2,34.5,78.2,1
TRA076-002071,2025-05-19,R1,T1,2.9,143.6,29.6,48.3,1
TRA076-002072,2025-05-19,R4,T2,109.8,14.7,153.4,171.3,1
TRA076-002073,2025-05-19,R6,T3,83.5,114.1,114.0,141.0,1
TRA076-002074,2025-05-20,R1,T1,59.3,37.0,92.8,113.2,1
TRA076-002075,2025-05-20,R2,T2,98.6,57.1,133.6,158.4,1
TRA076-002076,2025-05-20,R6,T3,86.0,124.8,,143.9,0
TRA076-002077,2025-05-20,R5,T1,132.9,95.3,163.7,197.8,1
TRA076-002078,2025-05-21,R5,T2,46.7,94.7,89.4,98.7,1
TRA076-002079,2025-05-21,R1,T3,13.0,15.1,14.6,60.0,1
TRA076-002080,2025-05-21,R4,T1,141.1,67.7,179.6,207.3,1
TRA076-002081,2025-05-21,R3,T2,134.3,101.0,187.1,199.4,1
TRA076-002082,2025-05-22,R5,T3,22.2,46.6,35.7,70.5,1
TRA076-002083,2025-05-22,R6,T1,135.1,22.1,148.0,200.4,1
TRA076-002084,2025-05-22,R5,T2,142.8,23.4,198.1,209.2,1
TRA076-002085,2025-05-22,R4,T3,28.1,29.5,65.1,77.3,1
TRA076-002086,2025-05-23,R3,T1,140.7,80.9,193.6,206.8,1
TRA076-002087,2025-05-23,R3,T2,148.2,50.7,201.5,215.4,1
TRA076-002088,2025-05-23,R4,T3,70.1,27.7,92.7,125.6,1
TRA076-002089,2025-05-23,R2,T1,78.1,27.7,93.1,134.8,1
TRA076-002090,2025-05-24,R1,T2,9.4,35.8,31.9,55.8,1
TRA076-002091,2025-05-24,R3,T3,8.6,100.7,46.4,54.9,1
TRA076-002092,2025-05-24,R4,T1,90.9,104.6,126.8,149.5,1
TRA076-002093,2025-05-24,R5,T2,10.0,21.7,45.2,56.5,1
TRA076-002094,2025-05-24,R6,T3,66.4,44.7,89.5,121.4,1
TRA076-002095,2025-05-25,R4,T1,55.1,114.1,64.4,108.4,1
TRA076-002096,2025-05-25,R3,T2,137.9,73.4,209.1,203.6,1
TRA076-002097,2025-05-25,R3,T3,59.9,84.4,110.5,113.9,1
TRA076-002098,2025-05-25,R3,T1,74.0,75.8,95.3,130.1,1
TRA076-002099,2025-05-26,R6,T2,58.5,81.5,70.5,112.3,1
TRA076-002100,2025-05-26,R5,T3,87.4,119.8,151.4,145.5,1
TRA076-002101,2025-05-26,R3,T1,22.3,11.9,38.1,70.6,1
TRA076-002102,2025-05-26,R5,T2,93.2,145.1,145.9,152.2,1
TRA076-002103,2025-05-27,R5,T3,139.1,128.1,235.0,205.0,1
TRA076-002104,2025-05-27,R2,T1,126.9,132.5,201.7,190.9,1
TRA076-002105,2025-05-27,R4,T2,80.4,34.8,119.5,137.5,1
TRA076-002106,2025-05-27,R5,T3,88.9,122.0,117.7,147.2,1
TRA076-002107,2025-05-28,R4,T1,4.6,34.8,11.0,50.3,1
TRA076-002108,2025-05-28,R1,T2,112.8,118.3,178.9,174.7,1
TRA076-002109,2025-05-28,R6,T3,80.6,82.6,133.0,137.7,1
TRA076-002110,2025-05-28,R4,T1,106.7,97.9,150.5,167.7,1
TRA076-002111,2025-05-29,R5,T2,118.6,69.3,"136,0",181.4,1
TRA076-002112,2025-05-29,R2,T3,120.2,92.5,175.9,183.2,1
TRA076-002113,2025-05-29,R3,T1,55.7,133.9,85.4,109.1,1
TRA076-002114,2025-05-29,R2,T2,121.7,62.5,181.6,185.0,1
TRA076-002115,2025-05-30,R4,T3,82.4,118.3,138.3,139.8,1
TRA076-002116,2025-05-30,R3,T1,117.3,94.4,149.6,179.9,1
TRA076-002117,2025-05-30,R5,T2,138.4,124.6,191.6,204.2,1
TRA076-002118,2025-05-30,R4,T3,141.9,115.5,196.3,208.2,1
TRA076-002119,2025-05-31,R5,T1,133.9,136.7,205.8,199.0,1
TRA076-002120,2025-05-31,R3,T2,41.9,63.4,51.4,93.2,1
TRA076-002121,2025-05-31,R2,T3,23.0,57.3,37.2,71.5,1
TRA076-002122,2025-05-31,R1,T1,35.7,77.4,79.2,86.1,1
TRA076-002123,2025-06-01,R1,T2,102.3,89.5,173.4,162.6,1
TRA076-002124,2025-06-01,R4,T3,28.5,21.4,48.8,77.8,1
TRA076-002125,2025-06-01,R4,T1,32.1,61.2,61.6,81.9,1
TRA076-002126,2025-06-01,R3,T2,22.1,75.0,44.1,70.4,1
TRA076-002127,2025-06-02,R2,T3,70.6,34.0,89.1,126.2,1
TRA076-002128,2025-06-02,R1,T1,81.0,40.6,93.5,138.1,1
TRA076-002129,2025-06-02,R5,T2,107.7,146.4,128.3,168.9,1
TRA076-002130,2025-06-02,R4,T3,82.7,47.3,118.5,140.1,1
TRA076-002131,2025-06-03,R4,T1,106.6,95.6,138.9,167.6,1
TRA076-002132,2025-06-03,R6,T2,29.3,89.7,62.5,78.7,1
TRA076-002133,2025-06-03,R6,T3,69.4,136.9,112.8,124.8,1
TRA076-002134,2025-06-03,R4,T1,28.1,25.5,14.9,77.3,1
TRA076-002135,2025-06-03,R1,T2,127.1,111.0,193.5,191.2,1
TRA076-002136,2025-06-04,R5,T3,33.8,56.5,87.9,83.9,1
TRA076-002137,2025-06-04,R6,T1,19.2,140.5,,67.1,0
TRA076-002138,2025-06-04,R1,T2,129.8,94.1,184.0,194.3,1
TRA076-002139,2025-06-04,R5,T3,71.1,98.1,116.7,126.8,1
TRA076-002140,2025-06-05,R2,T1,46.4,71.2,55.1,98.4,1
TRA076-002141,2025-06-05,R1,T2,101.5,4.9,127.1,161.7,1
TRA076-002142,2025-06-05,R2,T3,25.5,106.7,52.6,74.3,1
TRA076-002143,2025-06-05,R6,T1,40.5,22.9,75.2,91.6,1
TRA076-002144,2025-06-06,R3,T2,2.5,19.2,19.5,47.9,1
TRA076-002145,2025-06-06,R5,T3,64.6,29.2,106.1,119.3,1
TRA076-002146,2025-06-06,R4,T1,118.4,39.0,132.2,181.2,1
TRA076-002147,2025-06-06,R1,T2,27.2,65.6,54.9,76.3,1
TRA076-002148,2025-06-07,R2,T3,129.4,140.4,216.8,193.8,1
TRA076-002149,2025-06-07,R1,T1,43.2,52.0,51.5,94.7,1
TRA076-002150,2025-06-07,R1,T2,75.5,25.6,115.6,131.8,1
TRA076-002151,2025-06-07,R1,T3,69.7,73.8,96.7,125.2,1
TRA076-002152,2025-06-08,R4,T1,65.5,116.9,85.5,120.3,1
TRA076-002153,2025-06-08,R6,T2,119.6,20.4,168.5,182.5,1
TRA076-002154,2025-06-08,R3,T3,79.2,86.0,132.8,136.1,1
TRA076-002155,2025-06-08,R4,T1,41.4,102.2,86.6,92.6,1
TRA076-002156,2025-06-09,R5,T2,72.6,145.7,-999,128.5,1
TRA076-002157,2025-06-09,R5,T3,54.8,67.5,91.5,108.0,1
TRA076-002158,2025-06-09,R4,T1,40.7,43.8,57.5,91.8,1
TRA076-002159,2025-06-09,R1,T2,107.4,49.1,,168.5,1
TRA076-002160,2025-06-10,R3,T3,126.0,48.8,180.4,189.9,1
TRA076-002161,2025-06-10,R1,T1,41.8,112.0,74.6,93.1,1
TRA076-002162,2025-06-10,R5,T2,94.8,26.2,128.5,154.0,1
TRA076-002163,2025-06-10,R6,T3,12.0,116.2,41.9,58.8,1
TRA076-002164,2025-06-11,R2,T1,133.0,100.5,171.2,197.9,1
TRA076-002165,2025-06-11,R1,T2,57.1,143.9,72.6,110.7,1
TRA076-002166,2025-06-11,R4,T3,42.8,141.8,81.9,94.2,1
TRA076-002167,2025-06-11,R4,T1,81.8,68.2,102.9,139.1,1
TRA076-002168,2025-06-12,R4,T2,54.8,138.8,94.8,108.0,1
TRA076-002169,2025-06-12,R1,T3,138.2,41.2,191.2,203.9,1
TRA076-002170,2025-06-12,R4,T1,110.3,54.2,,171.8,0
TRA076-002171,2025-06-12,R5,T2,82.2,122.8,140.9,139.5,1
TRA076-002172,2025-06-13,R5,T3,55.2,9.0,99.9,108.5,1
TRA076-002173,2025-06-13,R2,T1,26.0,134.0,61.7,74.9,1
TRA076-002174,2025-06-13,R6,T2,19.0,117.0,50.8,66.8,1
TRA076-002175,2025-06-13,R1,T3,134.1,8.0,192.9,199.2,1
TRA076-002176,2025-06-13,R4,T1,134.4,6.7,161.2,199.6,1
TRA076-002177,2025-06-14,R2,T2,3.8,80.2,11.8,49.4,1
TRA076-002178,2025-06-14,R5,T3,110.7,1.8,161.8,172.3,1
TRA076-002179,2025-06-14,R4,T1,2.8,65.3,28.9,48.2,1
TRA076-002180,2025-06-14,R3,T2,40.7,111.8,73.8,91.8,1
TRA076-002181,2025-06-15,R3,T3,104.7,49.9,149.8,165.4,1
TRA076-002182,2025-06-15,R5,T1,21.7,47.6,45.3,70.0,1
TRA076-002183,2025-06-15,R1,T2,113.9,61.1,140.9,176.0,1
TRA076-002184,2025-06-15,R3,T3,17.4,69.6,31.3,65.0,1
TRA076-002185,2025-06-16,R1,T1,60.1,92.7,94.7,114.1,1
TRA076-002186,2025-06-16,R3,T2,112.8,49.0,136.0,174.7,1
TRA076-002187,2025-06-16,R1,T3,38.8,125.6,91.1,89.6,1
TRA076-002188,2025-06-16,R3,T1,131.5,97.7,171.9,196.2,1
TRA076-002189,2025-06-17,R5,T2,119.6,108.7,164.3,182.5,1
TRA076-002190,2025-06-17,R4,T3,113.6,22.9,152.8,175.6,1
TRA076-002191,2025-06-17,R5,T1,2.8,6.7,5,48.2,1
TRA076-002192,2025-06-17,R1,T2,142.0,63.9,207.8,208.3,1
TRA076-002193,2025-06-18,R4,T3,66.6,41.0,111.6,121.6,1
TRA076-002194,2025-06-18,R3,T1,62.1,103.0,87.0,116.4,1
TRA076-002195,2025-06-18,R4,T2,111.3,103.5,175.2,173.0,1
TRA076-002196,2025-06-18,R6,T3,39.6,55.3,70.9,90.5,1
TRA076-002197,2025-06-19,R1,T1,127.5,53.5,159.9,191.6,1
TRA076-002198,2025-06-19,R2,T2,85.7,103.5,116.7,143.6,1
TRA076-002199,2025-06-19,R5,T3,42.1,134.3,64.8,93.4,1
TRA076-002200,2025-06-19,R3,T1,97.0,26.3,134.5,156.6,1
TRA076-002201,2025-06-20,R4,T2,113.2,39.9,153.6,175.2,1
TRA076-002202,2025-06-20,R2,T3,44.6,130.3,104.6,96.3,1
TRA076-002203,2025-06-20,R6,T1,26.7,137.9,51.5,75.7,1
TRA076-002204,2025-06-20,R2,T2,17.6,35.5,30.5,65.2,1
TRA076-002205,2025-06-21,R5,T3,135.6,16.8,177.5,200.9,1
TRA076-002206,2025-06-21,R5,T1,80.0,87.2,102.5,137.0,1
TRA076-002207,2025-06-21,R2,T2,116.8,32.2,164.0,179.3,1
TRA076-002208,2025-06-21,R2,T3,27.6,135.5,56.0,76.7,1
TRA076-002209,2025-06-22,R4,T1,109.8,44.1,148.4,171.3,1
TRA076-002210,2025-06-22,R2,T2,5.8,135.5,29.7,51.7,1
TRA076-002211,2025-06-22,R3,T3,95.1,137.7,137.5,154.4,1
TRA076-002212,2025-06-22,R3,T1,73.2,144.3,128.4,129.2,1
TRA076-002213,2025-06-22,R5,T2,25.6,146.4,33.8,74.4,1
TRA076-002214,2025-06-23,R6,T3,41.1,3.5,74.8,92.3,1
TRA076-002215,2025-06-23,R1,T1,34.1,93.8,82.3,84.2,1
TRA076-002216,2025-06-23,R4,T2,12.5,28.7,11.7,59.4,1
TRA076-002217,2025-06-23,R6,T3,147.5,109.1,202.4,214.6,1
TRA076-002218,2025-06-24,R6,T1,92.2,43.2,110.9,151.0,1
TRA076-002219,2025-06-24,R6,T2,127.9,4.1,178.9,192.1,1
TRA076-002220,2025-06-24,R4,T3,3.5,33.0,15.4,49.0,1
TRA076-002221,2025-06-24,R6,T1,136.7,107.0,175.5,202.2,1
TRA076-002222,2025-06-25,R2,T2,46.5,15.5,49.3,98.5,1
TRA076-002223,2025-06-25,R1,T3,2.8,23.9,11.3,48.2,1
TRA076-002224,2025-06-25,R1,T1,12.6,70.8,31.6,59.5,1
TRA076-002225,2025-06-25,R5,T2,11.4,14.8,27.5,58.1,1
TRA076-002226,2025-06-26,R2,T3,92.1,89.4,133.0,150.9,1
TRA076-002227,2025-06-26,R6,T1,37.6,97.0,78.3,88.2,1
TRA076-002228,2025-06-26,R3,T2,74.2,8.6,91.2,130.3,1
TRA076-002229,2025-06-26,R4,T3,105.2,51.4,146.1,166.0,1
TRA076-002230,2025-06-27,R4,T1,78.0,12.6,92.4,134.7,1
TRA076-002231,2025-06-27,R6,T2,106.0,57.1,141.7,166.9,1
TRA076-002232,2025-06-27,R2,T3,49.5,131.2,95.3,101.9,1
TRA076-002233,2025-06-27,R4,T1,57.8,119.6,54.9,111.5,1
TRA076-002234,2025-06-28,R1,T2,85.0,108.0,156.4,142.8,1
TRA076-002235,2025-06-28,R6,T3,65.5,116.9,126.6,120.3,1
TRA076-002236,2025-06-28,R1,T1,16.6,73.6,30.0,64.1,1
TRA076-002237,2025-06-28,R2,T2,42.0,3.4,56.6,93.3,1
TRA076-002238,2025-06-29,R2,T3,133.9,4.9,168.6,199.0,1
TRA076-002239,2025-06-29,R3,T1,66.4,104.5,,121.4,0
TRA076-002240,2025-06-29,R1,T2,95.5,48.0,142.4,154.8,1
TRA076-002241,2025-06-29,R3,T3,127.8,42.5,175.8,192.0,1
TRA076-002242,2025-06-30,R6,T1,81.1,105.4,,138.3,1
TRA076-002243,2025-06-30,R3,T2,134.6,88.1,188.8,199.8,1
TRA076-002244,2025-06-30,R3,T3,120.3,45.1,191.4,183.3,1
TRA076-002245,2025-06-30,R5,T1,123.9,120.6,178.1,187.5,1
TRA076-002246,2025-07-01,R3,T2,103.6,31.2,154.2,164.1,1
TRA076-002247,2025-07-01,R4,T3,72.2,131.7,127.7,128.0,1
TRA076-002248,2025-07-01,R3,T1,34.6,89.9,65.8,84.8,1
TRA076-002249,2025-07-01,R6,T2,136.0,46.3,171.5,201.4,1
TRA076-002250,2025-07-02,R2,T3,84.1,93.2,135.4,141.7,1
TRA076-002251,2025-07-02,R2,T1,83.1,149.7,135.3,140.6,1
TRA076-002252,2025-07-02,R6,T2,86.7,47.4,131.3,144.7,1
TRA076-002253,2025-07-02,R2,T3,65.1,67.5,100.4,119.9,1
TRA076-002254,2025-07-02,R2,T1,23.4,71.4,46.4,71.9,1
TRA076-002255,2025-07-03,R3,T2,66.7,20.3,84.4,121.7,1
TRA076-002256,2025-07-03,R2,T3,29.4,61.0,39.1,78.8,1
TRA076-002257,2025-07-03,R2,T1,65.9,119.1,116.2,120.8,1
TRA076-002258,2025-07-03,R5,T2,75.4,16.7,97.9,131.7,1
TRA076-002259,2025-07-04,R2,T3,10.9,117.7,33.3,57.5,1
TRA076-002260,2025-07-04,R6,T1,36.9,132.9,72.3,87.4,1
TRA076-002261,2025-07-04,R4,T2,29.4,65.8,75.0,78.8,1
TRA076-002262,2025-07-04,R1,T3,11.4,63.9,35.3,58.1,1
TRA076-002263,2025-07-05,R3,T1,26.8,56.8,31.2,75.8,1
TRA076-002264,2025-07-05,R4,T2,107.9,50.1,139.1,169.1,1
TRA076-002265,2025-07-05,R6,T3,65.1,61.1,103.6,119.9,1
TRA076-002266,2025-07-05,R4,T1,10.1,119.4,45.6,56.6,1
TRA076-002267,2025-07-06,R1,T2,14.6,27.9,35.5,61.8,1
TRA076-002268,2025-07-06,R6,T3,27.7,136.8,56.5,76.9,1
TRA076-002269,2025-07-06,R4,T1,30.0,27.4,41.1,79.5,1
TRA076-002270,2025-07-06,R3,T2,32.5,100.7,58.1,82.4,1
TRA076-002271,2025-07-07,R2,T3,86.9,8.4,141.5,144.9,1
TRA076-002272,2025-07-07,R3,T1,99.2,131.5,141.9,159.1,1
TRA076-002273,2025-07-07,R6,T2,22.9,115.3,83.5,71.3,1
TRA076-002274,2025-07-07,R5,T3,67.9,67.3,119.4,123.1,1
TRA076-002275,2025-07-08,R4,T1,53.1,70.3,71.4,106.1,1
TRA076-002276,2025-07-08,R3,T2,130.9,86.4,186.7,195.5,1
TRA076-002277,2025-07-08,R5,T3,52.9,14.3,94.5,105.8,1
TRA076-002278,2025-07-08,R2,T1,79.6,59.5,90.8,136.5,1
TRA076-002279,2025-07-09,R6,T2,108.1,75.7,147.4,169.3,1
TRA076-002280,2025-07-09,R2,T3,39.4,79.0,94.3,90.3,1
TRA076-002281,2025-07-09,R2,T1,124.3,96.0,149.7,187.9,1
TRA076-002282,2025-07-09,R3,T2,43.5,90.2,76.2,95.0,1
TRA076-002283,2025-07-10,R3,T3,134.9,138.1,202.0,200.1,1
TRA076-002284,2025-07-10,R4,T1,17.9,7.7,35.3,65.6,1
TRA076-002285,2025-07-10,R3,T2,76.1,92.5,147.5,132.5,1
TRA076-002286,2025-07-10,R2,T3,95.6,54.2,142.5,154.9,1
TRA076-002287,2025-07-11,R4,T1,119.0,149.4,141.4,181.8,1
TRA076-002288,2025-07-11,R4,T2,16.9,35.9,30.8,64.4,1
TRA076-002289,2025-07-11,R4,T3,66.7,138.6,119.0,121.7,1
TRA076-002290,2025-07-11,R2,T1,9.3,145.8,25.8,55.7,1
TRA076-002291,2025-07-11,R5,T2,129.6,48.8,160.3,194.0,1
TRA076-002292,2025-07-12,R6,T3,125.1,33.0,196.0,188.9,1
TRA076-002293,2025-07-12,R5,T1,118.5,58.4,151.0,181.3,1
TRA076-002294,2025-07-12,R4,T2,110.4,128.1,189.7,172.0,1
TRA076-002295,2025-07-12,R4,T3,37.7,6.6,80.6,88.4,1
TRA076-002296,2025-07-13,R3,T1,85.8,140.1,128.7,143.7,1
TRA076-002297,2025-07-13,R2,T2,128.3,14.7,165.5,192.5,1
TRA076-002298,2025-07-13,R2,T3,147.2,111.5,207.0,214.3,1
TRA076-002299,2025-07-13,R6,T1,21.3,95.9,61.0,69.5,1
TRA076-002300,2025-07-14,R5,T2,107.6,70.0,128.4,168.7,1
TRA076-002301,2025-07-14,R4,T3,64.9,121.2,,119.6,0
TRA076-002302,2025-07-14,R2,T1,97.5,1.4,119.6,157.1,1
TRA076-002303,2025-07-14,R3,T2,120.6,47.5,185.1,183.7,1
TRA076-002304,2025-07-15,R3,T3,47.4,52.9,86.8,99.5,1
TRA076-002305,2025-07-15,R2,T1,147.6,48.1,164.9,214.7,1
TRA076-002306,2025-07-15,R1,T2,6.3,136.6,,52.2,0
TRA076-002307,2025-07-15,R3,T3,141.6,128.9,229.2,207.8,1
TRA076-002308,2025-07-16,R4,T1,41.9,140.5,73.6,93.2,1
TRA076-002309,2025-07-16,R5,T2,78.1,36.8,80.3,134.8,1
TRA076-002310,2025-07-16,R5,T3,130.0,140.2,205.3,194.5,1
TRA076-002311,2025-07-16,R6,T1,136.0,93.1,,201.4,0
TRA076-002312,2025-07-17,R6,T2,38.4,134.9,81.8,89.2,1
TRA076-002313,2025-07-17,R4,T3,39.0,25.3,45.0,89.8,1
TRA076-002314,2025-07-17,R6,T1,115.9,56.1,134.2,178.3,1
TRA076-002315,2025-07-17,R2,T2,142.8,102.2,,209.2,0
TRA076-002316,2025-07-18,R1,T3,68.1,18.7,103.5,123.3,1
TRA076-002317,2025-07-18,R1,T1,148.0,123.9,218.2,215.2,1
TRA076-002318,2025-07-18,R4,T2,4.3,5.6,21.1,49.9,1
TRA076-002319,2025-07-18,R2,T3,111.7,145.6,166.8,173.5,1
TRA076-002320,2025-07-19,R3,T1,79.5,97.6,105.5,136.4,1
TRA076-002321,2025-07-19,R5,T2,148.1,117.9,219.3,215.3,1
TRA076-002322,2025-07-19,R2,T3,91.5,10.5,"133,0",150.2,1
TRA076-002323,2025-07-19,R6,T1,13.6,110.5,40.8,60.6,1
TRA076-002324,2025-07-20,R4,T2,131.2,99.6,160.7,195.9,1
TRA076-002325,2025-07-20,R1,T3,123.8,129.3,,187.4,1
TRA076-002326,2025-07-20,R4,T1,46.2,92.2,86.7,98.1,1
TRA076-002327,2025-07-20,R6,T2,117.2,99.9,158.6,179.8,1
TRA076-002328,2025-07-21,R4,T3,105.5,49.8,140.0,166.3,1
TRA076-002329,2025-07-21,R1,T1,31.3,23.1,20.1,81.0,1
TRA076-002330,2025-07-21,R1,T2,145.0,45.1,196.9,211.8,1
TRA076-002331,2025-07-21,R4,T3,17.9,91.0,59.1,65.6,1
TRA076-002332,2025-07-21,R2,T1,111.2,29.6,118.7,172.9,1
TRA076-002333,2025-07-22,R4,T2,91.4,41.9,148.9,150.1,1
TRA076-002334,2025-07-22,R4,T3,105.6,148.5,168.3,166.4,1
TRA076-002335,2025-07-22,R4,T1,108.2,90.5,144.6,169.4,1
TRA076-002336,2025-07-22,R1,T2,95.9,63.5,133.8,155.3,1
TRA076-002337,2025-07-23,R5,T3,44.2,88.3,78.1,95.8,1
TRA076-002338,2025-07-23,R1,T1,86.1,28.3,116.9,144.0,1
TRA076-002339,2025-07-23,R4,T2,5.7,81.4,12.5,51.6,1
TRA076-002340,2025-07-23,R5,T3,100.9,60.3,155.4,161.0,1
TRA076-002341,2025-07-24,R1,T1,8.3,114.5,12.2,54.5,1
TRA076-002342,2025-07-24,R3,T2,11.0,21.1,39.3,57.6,1
TRA076-002343,2025-07-24,R3,T3,17.8,92.7,,65.5,0
TRA076-002344,2025-07-24,R5,T1,80.7,78.3,96.7,137.8,1
TRA076-002345,2025-07-25,R1,T2,40.3,66.8,57.9,91.3,1
TRA076-002346,2025-07-25,R5,T3,129.3,106.7,177.0,193.7,1
TRA076-002347,2025-07-25,R5,T1,138.3,22.7,130.7,204.0,1
TRA076-002348,2025-07-25,R1,T2,87.6,63.8,118.8,145.7,1
TRA076-002349,2025-07-26,R4,T3,30.2,107.5,70.5,79.7,1
TRA076-002350,2025-07-26,R5,T1,86.7,7.2,94.7,144.7,1
TRA076-002351,2025-07-26,R2,T2,39.0,81.7,85.7,89.8,1
TRA076-002352,2025-07-26,R4,T3,22.1,48.3,40.5,70.4,1
TRA076-002353,2025-07-27,R4,T1,31.4,8.4,49.8,81.1,1
TRA076-002354,2025-07-27,R6,T2,68.7,114.7,119.8,124.0,1
TRA076-002355,2025-07-27,R4,T3,81.7,126.8,160.5,139.0,1
TRA076-002356,2025-07-27,R3,T1,88.8,103.1,124.1,147.1,1
TRA076-002357,2025-07-28,R2,T2,76.4,106.4,116.5,132.9,1
TRA076-002358,2025-07-28,R2,T3,42.1,3.2,59.2,93.4,1
TRA076-002359,2025-07-28,R5,T1,89.3,76.5,100.5,147.7,1
TRA076-002360,2025-07-28,R1,T2,19.5,149.4,69.6,67.4,1
TRA076-002361,2025-07-29,R2,T3,58.9,52.1,81.6,112.7,1
TRA076-002362,2025-07-29,R3,T1,144.2,113.3,176.4,210.8,1
TRA076-002363,2025-07-29,R6,T2,132.9,47.7,166.3,197.8,1
TRA076-002364,2025-07-29,R3,T3,47.0,88.8,85.0,99.0,1
TRA076-002365,2025-07-30,R5,T1,86.6,29.5,112.5,144.6,1
TRA076-002366,2025-07-30,R1,T2,21.7,88.4,33.3,70.0,1
TRA076-002367,2025-07-30,R5,T3,87.0,80.3,131.6,145.1,1
TRA076-002368,2025-07-30,R6,T1,18.9,22.8,48.3,66.7,1
TRA076-002369,2025-07-31,R6,T2,26.1,107.3,67.5,75.0,1
TRA076-002370,2025-07-31,R6,T3,47.2,54.2,104.2,99.3,1
TRA076-002371,2025-07-31,R1,T1,13.4,108.7,48.4,60.4,1
TRA076-002372,2025-07-31,R6,T2,50.6,79.6,87.8,103.2,1
TRA076-002373,2025-07-31,R5,T3,15.6,24.7,46.5,62.9,1
TRA076-002374,2025-08-01,R1,T1,68.5,10.7,85.0,123.8,1
TRA076-002375,2025-08-01,R5,T2,77.4,133.6,128.4,134.0,1
TRA076-002376,2025-08-01,R4,T3,127.4,62.5,195.3,191.5,1
TRA076-002377,2025-08-01,R2,T1,35.0,121.9,65.6,85.2,1
TRA076-002378,2025-08-02,R3,T2,118.9,110.0,158.8,181.7,1
TRA076-002379,2025-08-02,R6,T3,52.1,96.8,93.9,104.9,1
TRA076-002380,2025-08-02,R5,T1,145.8,30.1,155.2,212.7,1
TRA076-002381,2025-08-02,R2,T2,72.4,116.3,99.0,128.3,1
TRA076-002382,2025-08-03,R1,T3,71.5,14.8,74.8,127.2,1
TRA076-002383,2025-08-03,R4,T1,66.4,143.9,77.1,121.4,1
TRA076-002384,2025-08-03,R4,T2,67.7,99.6,96.0,122.9,1
TRA076-002385,2025-08-03,R5,T3,2.3,4.9,23.6,47.6,1
TRA076-002386,2025-08-04,R1,T1,64.6,148.1,99.7,119.3,1
TRA076-002387,2025-08-04,R4,T2,106.0,93.7,140.0,166.9,1
TRA076-002388,2025-08-04,R5,T3,64.2,10.6,112.8,118.8,1
TRA076-002389,2025-08-04,R2,T1,122.6,11.1,122.5,186.0,1
TRA076-002390,2025-08-05,R1,T2,98.9,72.8,132.6,158.7,1
TRA076-002391,2025-08-05,R2,T3,147.2,116.8,252.2,214.3,1
TRA076-002392,2025-08-05,R5,T1,129.5,19.4,152.8,193.9,1
TRA076-002393,2025-08-05,R4,T2,95.9,58.8,125.6,155.3,1
TRA076-002394,2025-08-06,R6,T3,107.2,109.1,152.6,168.3,1
TRA076-002395,2025-08-06,R6,T1,7.3,15.7,37.7,53.4,1
TRA076-002396,2025-08-06,R2,T2,60.1,103.1,103.2,114.1,1
TRA076-002397,2025-08-06,R3,T3,35.8,114.6,85.2,86.2,1
TRA076-002398,2025-08-07,R6,T1,14.4,62.3,17.7,61.6,1
TRA076-002399,2025-08-07,R6,T2,98.1,49.7,128.2,157.8,1
TRA076-002400,2025-08-07,R3,T3,147.2,90.4,196.4,214.3,1
TRA076-002401,2025-08-07,R6,T1,116.2,120.1,139.0,178.6,1
TRA076-002402,2025-08-08,R4,T2,39.5,41.2,52.7,90.4,1
TRA076-002403,2025-08-08,R6,T3,141.1,77.0,194.6,207.3,1
TRA076-002404,2025-08-08,R5,T1,25.7,43.2,46.0,74.6,1
TRA076-002405,2025-08-08,R1,T2,126.1,98.0,159.5,190.0,1
TRA076-002406,2025-08-09,R5,T3,119.7,97.2,186.9,182.7,1
TRA076-002407,2025-08-09,R1,T1,88.6,98.0,133.6,146.9,1
TRA076-002408,2025-08-09,R1,T2,18.4,49.1,,66.2,1
TRA076-002409,2025-08-09,R2,T3,102.1,71.8,142.3,162.4,1
TRA076-002410,2025-08-09,R5,T1,143.5,43.7,177.3,210.0,1
TRA076-002411,2025-08-10,R1,T2,60.3,40.0,99.0,114.3,1
TRA076-002412,2025-08-10,R3,T3,63.5,4.5,98.7,118.0,1
TRA076-002413,2025-08-10,R1,T1,38.4,48.7,63.2,89.2,1
TRA076-002414,2025-08-10,R2,T2,56.5,7.5,101.7,110.0,1
TRA076-002415,2025-08-11,R2,T3,137.7,12.2,201.4,203.4,1
TRA076-002416,2025-08-11,R5,T1,27.5,94.3,69.8,76.6,1
TRA076-002417,2025-08-11,R6,T2,149.5,140.9,215.0,216.9,1
TRA076-002418,2025-08-11,R4,T3,52.8,69.6,81.8,105.7,1
TRA076-002419,2025-08-12,R5,T1,23.3,73.7,64.6,71.8,1
TRA076-002420,2025-08-12,R6,T2,141.8,132.4,212.0,208.1,1
TRA076-002421,2025-08-12,R3,T3,34.4,132.3,99.9,84.6,1
TRA076-002422,2025-08-12,R5,T1,127.4,120.6,147.2,191.5,1
TRA076-002423,2025-08-13,R4,T2,135.2,41.3,191.9,200.5,1
TRA076-002424,2025-08-13,R1,T3,123.3,69.6,165.6,186.8,1
TRA076-002425,2025-08-13,R6,T1,91.5,106.6,133.2,150.2,1
TRA076-002426,2025-08-13,R4,T2,45.2,94.4,52.4,97.0,1
TRA076-002427,2025-08-14,R5,T3,79.7,111.7,105.1,136.7,1
TRA076-002428,2025-08-14,R4,T1,67.5,57.1,89.2,122.6,1
TRA076-002429,2025-08-14,R3,T2,54.5,53.0,93.7,107.7,1
TRA076-002430,2025-08-14,R3,T3,59.5,85.0,83.2,113.4,1
TRA076-002431,2025-08-15,R1,T1,113.6,44.8,153.2,175.6,1
TRA076-002432,2025-08-15,R1,T2,51.6,126.8,86.9,104.3,1
TRA076-002433,2025-08-15,R6,T3,114.0,94.3,170.4,176.1,1
TRA076-002434,2025-08-15,R5,T1,31.8,51.7,50.1,81.6,1
TRA076-002435,2025-08-16,R3,T2,90.0,52.6,148.4,148.5,1
TRA076-002436,2025-08-16,R5,T3,69.8,59.4,117.9,125.3,1
TRA076-002437,2025-08-16,R6,T1,107.3,103.1,160.2,168.4,1
TRA076-002438,2025-08-16,R3,T2,146.0,63.3,198.0,212.9,1
TRA076-002439,2025-08-17,R1,T3,15.7,52.7,32.2,63.1,1
TRA076-002440,2025-08-17,R4,T1,30.3,43.8,,79.8,0
TRA076-002441,2025-08-17,R5,T2,53.7,94.2,118.4,106.8,1
TRA076-002442,2025-08-17,R4,T3,74.8,76.9,131.5,131.0,1
TRA076-002443,2025-08-18,R5,T1,54.6,91.3,96.7,107.8,1
TRA076-002444,2025-08-18,R5,T2,90.3,36.5,138.1,148.8,1
TRA076-002445,2025-08-18,R1,T3,64.5,44.8,79.7,119.2,1
TRA076-002446,2025-08-18,R4,T1,143.0,92.3,182.4,209.4,1
TRA076-002447,2025-08-19,R6,T2,53.3,117.9,108.9,106.3,1
TRA076-002448,2025-08-19,R2,T3,122.8,21.6,166.1,186.2,1
TRA076-002449,2025-08-19,R5,T1,83.8,87.3,119.9,141.4,1
TRA076-002450,2025-08-19,R1,T2,70.6,24.4,130.7,126.2,1
TRA076-002451,2025-08-19,R3,T3,63.7,117.7,99.3,118.3,1
TRA076-002452,2025-08-20,R3,T1,43.4,5.4,67.6,94.9,1
TRA076-002453,2025-08-20,R1,T2,146.3,142.8,202.9,213.2,1
TRA076-002454,2025-08-20,R4,T3,142.8,36.6,200.9,209.2,1
TRA076-002455,2025-08-20,R5,T1,28.6,24.8,63.9,77.9,1
TRA076-002456,2025-08-21,R2,T2,99.0,144.9,129.8,158.8,1
TRA076-002457,2025-08-21,R1,T3,29.9,65.1,13.6,79.4,1
TRA076-002458,2025-08-21,R1,T1,71.0,39.9,90.6,126.6,1
TRA076-002459,2025-08-21,R5,T2,33.2,44.7,73.0,83.2,1
TRA076-002460,2025-08-22,R5,T3,49.4,49.7,89.1,101.8,1
TRA076-002461,2025-08-22,R6,T1,73.0,84.8,124.3,128.9,1
TRA076-002462,2025-08-22,R5,T2,125.8,33.6,167.0,189.7,1
TRA076-002463,2025-08-22,R2,T3,81.8,82.0,127.9,139.1,1
TRA076-002464,2025-08-23,R3,T1,121.7,148.5,194.0,185.0,1
TRA076-002465,2025-08-23,R5,T2,114.3,26.7,133.5,176.4,1
TRA076-002466,2025-08-23,R3,T3,143.1,133.1,245.1,209.6,1
TRA076-002467,2025-08-23,R3,T1,129.5,13.1,147.5,193.9,1
TRA076-002468,2025-08-24,R4,T2,146.7,109.5,199.4,213.7,1
TRA076-002469,2025-08-24,R5,T3,130.9,75.8,194.1,195.5,1
TRA076-002470,2025-08-24,R4,T1,93.6,44.9,93.9,152.6,1
TRA076-002471,2025-08-24,R2,T2,4.5,127.3,42.8,50.2,1
TRA076-002472,2025-08-25,R4,T3,70.8,114.0,110.2,126.4,1
TRA076-002473,2025-08-25,R4,T1,15.2,130.8,32.7,62.5,1
TRA076-002474,2025-08-25,R3,T2,32.5,113.3,66.9,82.4,1
TRA076-002475,2025-08-25,R4,T3,63.1,122.7,143.4,117.6,1
TRA076-002476,2025-08-26,R2,T1,49.9,87.2,76.4,102.4,1
TRA076-002477,2025-08-26,R4,T2,139.0,56.3,214.8,204.8,1
TRA076-002478,2025-08-26,R6,T3,45.1,96.2,86.1,96.9,1
TRA076-002479,2025-08-26,R3,T1,61.6,68.3,69.5,115.8,1
TRA076-002480,2025-08-27,R3,T2,81.2,92.6,136.8,138.4,1
TRA076-002481,2025-08-27,R5,T3,69.4,7.3,99.3,124.8,1
TRA076-002482,2025-08-27,R5,T1,27.3,43.6,39.2,76.4,1
TRA076-002483,2025-08-27,R5,T2,57.6,119.1,72.6,111.2,1
TRA076-002484,2025-08-28,R5,T3,121.4,107.7,188.4,184.6,1
TRA076-002485,2025-08-28,R3,T1,41.9,29.0,64.8,93.2,1
TRA076-002486,2025-08-28,R5,T2,135.3,28.7,200.6,200.6,1
TRA076-002487,2025-08-28,R1,T3,50.6,137.3,119.9,103.2,1
TRA076-002488,2025-08-28,R1,T1,93.4,121.3,129.7,152.4,1
TRA076-002489,2025-08-29,R6,T2,4.3,33.6,30.5,49.9,1
TRA076-002490,2025-08-29,R2,T3,108.2,68.8,179.9,169.4,1
TRA076-002491,2025-08-29,R5,T1,88.6,19.5,,146.9,1
TRA076-002492,2025-08-29,R3,T2,62.3,122.1,97.9,116.6,1
TRA076-002493,2025-08-30,R4,T3,121.8,70.0,187.5,185.1,1
TRA076-002494,2025-08-30,R1,T1,127.5,88.9,189.8,191.6,1
TRA076-002495,2025-08-30,R4,T2,134.9,58.2,178.6,200.1,1
TRA076-002496,2025-08-30,R2,T3,22.4,92.4,52.4,70.8,1
TRA076-002497,2025-08-31,R4,T1,5.7,26.6,26.0,51.6,1
TRA076-002498,2025-08-31,R3,T2,119.3,108.8,181.0,182.2,1
TRA076-002499,2025-08-31,R3,T3,125.1,61.1,170.4,188.9,1
TRA076-002500,2025-08-31,R3,T1,45.0,115.7,36.5,96.8,1
TRA076-002501,2025-09-01,R3,T2,103.9,13.3,130.1,164.5,1
TRA076-002502,2025-09-01,R2,T3,44.9,145.0,81.5,96.6,1
TRA076-002503,2025-09-01,R1,T1,123.9,82.3,,187.5,0
TRA076-002504,2025-09-01,R2,T2,66.8,3.6,65.8,121.8,1
TRA076-002505,2025-09-02,R1,T3,77.9,52.5,148.9,134.6,1
TRA076-002506,2025-09-02,R1,T1,138.7,83.9,172.7,204.5,1
TRA076-002507,2025-09-02,R4,T2,101.9,31.9,108.6,162.2,1
TRA076-002508,2025-09-02,R6,T3,133.8,141.4,216.8,198.9,1
TRA076-002509,2025-09-03,R2,T1,57.9,50.6,85.3,111.6,1
TRA076-002510,2025-09-03,R6,T2,55.0,55.0,89.5,108.2,1
TRA076-002511,2025-09-03,R4,T3,125.6,149.1,,189.4,0
TRA076-002512,2025-09-03,R1,T1,86.4,148.1,110.6,144.4,1
TRA076-002513,2025-09-04,R6,T2,22.3,60.8,64.8,70.6,1
TRA076-002514,2025-09-04,R1,T3,85.9,131.0,141.9,143.8,1
TRA076-002515,2025-09-04,R3,T1,74.9,37.4,101.7,131.1,1
TRA076-002516,2025-09-04,R1,T2,21.5,137.6,63.6,69.7,1
TRA076-002517,2025-09-05,R2,T3,26.2,12.6,42.2,75.1,1
TRA076-002518,2025-09-05,R4,T1,43.6,27.0,60.8,95.1,1
TRA076-002519,2025-09-05,R5,T2,135.6,36.3,190.1,200.9,1
TRA076-002520,2025-09-05,R1,T3,110.1,55.8,176.7,171.6,1
TRA076-002521,2025-09-06,R5,T1,45.8,24.9,45.4,97.7,1
TRA076-002522,2025-09-06,R1,T2,33.5,68.4,45.9,83.5,1
TRA076-002523,2025-09-06,R5,T3,116.9,110.2,174.5,179.4,1
TRA076-002524,2025-09-06,R3,T1,71.1,108.9,87.1,126.8,1
TRA076-002525,2025-09-07,R2,T2,84.7,143.1,123.4,142.4,1
TRA076-002526,2025-09-07,R1,T3,131.5,115.9,205.8,196.2,1
TRA076-002527,2025-09-07,R1,T1,58.6,47.8,83.1,112.4,1
TRA076-002528,2025-09-07,R3,T2,145.8,41.6,200.6,212.7,1
TRA076-002529,2025-09-07,R4,T3,64.3,4.9,86.5,118.9,1
TRA076-002530,2025-09-08,R5,T1,5.8,105.6,32.5,51.7,1
TRA076-002531,2025-09-08,R5,T2,41.6,136.8,,92.8,0
TRA076-002532,2025-09-08,R4,T3,102.6,121.1,167.0,163.0,1
TRA076-002533,2025-09-08,R3,T1,121.1,135.9,"155,6",184.3,1
TRA076-002534,2025-09-09,R3,T2,60.2,71.1,93.6,114.2,1
TRA076-002535,2025-09-09,R1,T3,69.9,61.7,107.8,125.4,1
TRA076-002536,2025-09-09,R1,T1,21.6,106.3,48.5,69.8,1
TRA076-002537,2025-09-09,R4,T2,18.7,61.1,32.2,66.5,1
TRA076-002538,2025-09-10,R4,T3,99.4,91.0,142.7,159.3,1
TRA076-002539,2025-09-10,R4,T1,79.7,31.4,,136.7,0
TRA076-002540,2025-09-10,R4,T2,70.3,90.9,106.4,125.8,1
TRA076-002541,2025-09-10,R5,T3,146.5,132.9,207.8,213.5,1
TRA076-002542,2025-09-11,R4,T1,125.4,132.0,138.7,189.2,1
TRA076-002543,2025-09-11,R6,T2,64.3,14.0,76.5,118.9,1
TRA076-002544,2025-09-11,R3,T3,43.3,63.5,73.3,94.8,1
TRA076-002545,2025-09-11,R5,T1,90.1,33.0,,148.6,0
TRA076-002546,2025-09-12,R6,T2,34.2,9.5,56.1,84.3,1
TRA076-002547,2025-09-12,R4,T3,22.8,83.8,44.9,71.2,1
TRA076-002548,2025-09-12,R2,T1,116.7,7.5,154.5,179.2,1
TRA076-002549,2025-09-12,R6,T2,26.9,137.7,63.2,75.9,1
TRA076-002550,2025-09-13,R4,T3,109.2,46.8,174.4,170.6,1
TRA076-002551,2025-09-13,R2,T1,44.6,120.7,78.6,96.3,1
TRA076-002552,2025-09-13,R4,T2,146.8,11.0,207.0,213.8,1
TRA076-002553,2025-09-13,R6,T3,115.5,101.2,159.4,177.8,1
TRA076-002554,2025-09-14,R4,T1,148.1,69.5,207.7,215.3,1
TRA076-002555,2025-09-14,R2,T2,2.0,104.1,30.0,47.3,1
TRA076-002556,2025-09-14,R3,T3,142.3,129.4,235.1,208.6,1
TRA076-002557,2025-09-14,R4,T1,143.2,34.0,161.2,209.7,1
TRA076-002558,2025-09-15,R3,T2,25.8,147.6,56.8,74.7,1
TRA076-002559,2025-09-15,R6,T3,134.6,149.5,212.0,199.8,1
TRA076-002560,2025-09-15,R6,T1,129.5,28.7,141.0,193.9,1
TRA076-002561,2025-09-15,R2,T2,70.7,3.3,105.9,126.3,1
TRA076-002562,2025-09-16,R2,T3,5.4,76.8,15.2,51.2,1
TRA076-002563,2025-09-16,R3,T1,120.6,131.0,161.4,183.7,1
TRA076-002564,2025-09-16,R4,T2,60.1,44.5,85.2,114.1,1
TRA076-002565,2025-09-16,R6,T3,109.5,73.7,165.7,170.9,1
TRA076-002566,2025-09-17,R3,T1,28.7,5.1,24.0,78.0,1
TRA076-002567,2025-09-17,R1,T2,19.3,26.2,36.0,67.2,1
TRA076-002568,2025-09-17,R2,T3,125.3,98.3,177.0,189.1,1
TRA076-002569,2025-09-17,R2,T1,69.8,36.6,89.1,125.3,1
TRA076-002570,2025-09-17,R4,T2,95.1,148.1,172.3,154.4,1
TRA076-002571,2025-09-18,R5,T3,137.8,25.4,197.4,203.5,1
TRA076-002572,2025-09-18,R1,T1,98.2,130.4,141.9,157.9,1
TRA076-002573,2025-09-18,R2,T2,63.2,118.7,95.5,117.7,1
TRA076-002574,2025-09-18,R3,T3,139.7,19.2,,205.7,1
TRA076-002575,2025-09-19,R6,T1,96.0,65.4,127.7,155.4,1
TRA076-002576,2025-09-19,R2,T2,73.9,19.2,106.7,130.0,1
TRA076-002577,2025-09-19,R5,T3,98.7,17.8,147.2,158.5,1
TRA076-002578,2025-09-19,R3,T1,56.6,140.2,86.8,110.1,1
TRA076-002579,2025-09-20,R5,T2,73.1,121.7,123.6,129.1,1
TRA076-002580,2025-09-20,R5,T3,29.1,42.3,48.2,78.5,1
TRA076-002581,2025-09-20,R6,T1,91.0,88.4,101.1,149.6,1
TRA076-002582,2025-09-20,R3,T2,114.0,44.1,180.8,176.1,1
TRA076-002583,2025-09-21,R1,T3,94.9,15.5,123.8,154.1,1
TRA076-002584,2025-09-21,R5,T1,62.5,34.0,85.9,116.9,1
TRA076-002585,2025-09-21,R3,T2,21.3,83.8,35.0,69.5,1
TRA076-002586,2025-09-21,R1,T3,20.0,4.3,37.7,68.0,1
TRA076-002587,2025-09-22,R1,T1,88.1,127.7,-999,146.3,1
TRA076-002588,2025-09-22,R2,T2,74.3,75.8,107.2,130.4,1
TRA076-002589,2025-09-22,R6,T3,5.4,39.1,32.5,51.2,1
TRA076-002590,2025-09-22,R5,T1,65.1,107.0,110.7,119.9,1
TRA076-002591,2025-09-23,R3,T2,62.8,100.7,91.8,117.2,1
TRA076-002592,2025-09-23,R1,T3,149.1,26.9,200.6,216.5,1
TRA076-002593,2025-09-23,R6,T1,39.7,51.1,72.0,90.7,1
TRA076-002594,2025-09-23,R6,T2,10.7,130.7,32.0,57.3,1
TRA076-002595,2025-09-24,R1,T3,47.0,93.3,97.0,99.0,1
TRA076-002596,2025-09-24,R4,T1,138.4,104.8,178.2,204.2,1
TRA076-002597,2025-09-24,R6,T2,146.8,94.8,180.8,213.8,1
TRA076-002598,2025-09-24,R3,T3,14.2,75.4,40.1,61.3,1
TRA076-002599,2025-09-25,R3,T1,3.8,134.8,42.8,49.4,1
TRA076-002600,2025-09-25,R1,T2,60.7,141.6,109.2,114.8,1
TRA076-002601,2025-09-25,R5,T3,57.4,52.0,98.7,111.0,1
TRA076-002602,2025-09-25,R2,T1,89.5,52.0,125.8,147.9,1
TRA076-002603,2025-09-26,R5,T2,79.0,4.3,114.4,135.8,1
TRA076-002604,2025-09-26,R3,T3,105.4,146.5,169.3,166.2,1
TRA076-002605,2025-09-26,R3,T1,87.8,82.1,106.8,146.0,1
TRA076-002606,2025-09-26,R2,T2,121.2,119.1,152.9,184.4,1
TRA076-002607,2025-09-26,R2,T3,60.2,91.8,97.7,114.2,1
TRA076-002608,2025-09-27,R2,T1,134.0,136.5,177.2,199.1,1
TRA076-002609,2025-09-27,R4,T2,149.1,48.2,180.7,216.5,1
TRA076-002610,2025-09-27,R4,T3,39.9,95.7,71.7,90.9,1
TRA076-002611,2025-09-27,R2,T1,111.3,111.5,149.1,173.0,1
TRA076-002612,2025-09-28,R6,T2,51.9,61.7,75.6,104.7,1
TRA076-002613,2025-09-28,R5,T3,57.9,111.6,132.5,111.6,1
TRA076-002614,2025-09-28,R1,T1,54.7,122.0,101.7,107.9,1
TRA076-002615,2025-09-28,R4,T2,39.9,35.9,40.4,90.9,1
TRA076-002616,2025-09-29,R4,T3,143.0,51.2,187.0,209.4,1
TRA076-002617,2025-09-29,R4,T1,18.5,68.4,36.0,66.3,1
TRA076-002618,2025-09-29,R4,T2,141.7,64.8,187.1,208.0,1
TRA076-002619,2025-09-29,R4,T3,91.1,70.5,134.3,149.8,1
TRA076-002620,2025-09-30,R4,T1,9.1,135.5,47.7,55.5,1
TRA076-002621,2025-09-30,R4,T2,37.2,20.2,54.8,87.8,1
TRA076-002622,2025-09-30,R3,T3,102.7,61.2,139.5,163.1,1
TRA076-002623,2025-09-30,R1,T1,145.8,31.8,195.7,212.7,1
TRA076-002624,2025-10-01,R1,T2,86.2,102.9,130.7,144.1,1
TRA076-002625,2025-10-01,R4,T3,107.9,93.4,162.1,169.1,1
TRA076-002626,2025-10-01,R5,T1,111.5,133.8,157.5,173.2,1
TRA076-002627,2025-10-01,R4,T2,82.8,7.9,,140.2,0
TRA076-002628,2025-10-02,R4,T3,84.1,22.8,98.9,141.7,1
TRA076-002629,2025-10-02,R3,T1,138.0,49.3,213.0,203.7,1
TRA076-002630,2025-10-02,R1,T2,45.7,117.4,64.8,97.6,1
TRA076-002631,2025-10-02,R6,T3,21.5,147.4,93.5,69.7,1
TRA076-002632,2025-10-03,R1,T1,71.8,131.0,113.4,127.6,1
TRA076-002633,2025-10-03,R1,T2,55.0,113.0,104.5,108.2,1
TRA076-002634,2025-10-03,R3,T3,95.1,147.7,140.6,154.4,1
TRA076-002635,2025-10-03,R5,T1,60.2,95.1,90.8,114.2,1
TRA076-002636,2025-10-04,R1,T2,105.3,58.8,159.3,166.1,1
TRA076-002637,2025-10-04,R3,T3,32.0,149.4,111.4,81.8,1
TRA076-002638,2025-10-04,R2,T1,33.1,75.6,69.5,83.1,1
TRA076-002639,2025-10-04,R2,T2,51.8,101.0,95.5,104.6,1
TRA076-002640,2025-10-05,R1,T3,5.2,135.4,36.1,51.0,1
TRA076-002641,2025-10-05,R6,T1,39.6,47.6,67.5,90.5,1
TRA076-002642,2025-10-05,R5,T2,130.2,136.4,195.4,194.7,1
TRA076-002643,2025-10-05,R6,T3,119.4,14.6,192.9,182.3,1
TRA076-002644,2025-10-06,R5,T1,29.4,127.6,57.2,78.8,1
TRA076-002645,2025-10-06,R4,T2,51.0,146.3,105.6,103.7,1
TRA076-002646,2025-10-06,R6,T3,55.8,38.2,108.7,109.2,1
TRA076-002647,2025-10-06,R6,T1,81.5,16.7,78.4,138.7,1
TRA076-002648,2025-10-06,R2,T2,26.7,33.2,34.2,75.7,1
TRA076-002649,2025-10-07,R2,T3,141.0,62.3,206.7,207.1,1
TRA076-002650,2025-10-07,R4,T1,149.5,88.1,168.3,216.9,1
TRA076-002651,2025-10-07,R1,T2,15.0,132.5,59.9,62.2,1
TRA076-002652,2025-10-07,R5,T3,81.5,56.5,108.1,138.7,1
TRA076-002653,2025-10-08,R3,T1,107.9,112.1,,169.1,0
TRA076-002654,2025-10-08,R3,T2,117.3,98.7,179.7,179.9,1
TRA076-002655,2025-10-08,R5,T3,98.0,145.2,188.5,157.7,1
TRA076-002656,2025-10-08,R6,T1,14.6,9.3,31.6,61.8,1
TRA076-002657,2025-10-09,R4,T2,84.1,142.2,,141.7,1
TRA076-002658,2025-10-09,R2,T3,27.1,126.3,75.0,76.2,1
TRA076-002659,2025-10-09,R6,T1,86.9,127.4,121.8,144.9,1
TRA076-002660,2025-10-09,R4,T2,110.2,18.0,145.2,171.7,1
TRA076-002661,2025-10-10,R5,T3,43.0,112.5,83.9,94.4,1
TRA076-002662,2025-10-10,R4,T1,74.2,75.2,97.8,130.3,1
TRA076-002663,2025-10-10,R2,T2,139.6,99.2,178.2,205.5,1
TRA076-002664,2025-10-10,R1,T3,127.3,103.0,164.6,191.4,1
TRA076-002665,2025-10-11,R6,T1,125.9,41.6,158.3,189.8,1
TRA076-002666,2025-10-11,R5,T2,16.5,100.8,35.0,64.0,1
TRA076-002667,2025-10-11,R5,T3,53.8,18.6,85.6,106.9,1
TRA076-002668,2025-10-11,R1,T1,80.4,132.8,,137.5,0
TRA076-002669,2025-10-12,R6,T2,64.3,107.3,133.7,118.9,1
TRA076-002670,2025-10-12,R5,T3,20.9,129.8,108.7,69.0,1
TRA076-002671,2025-10-12,R5,T1,90.4,115.6,135.6,149.0,1
TRA076-002672,2025-10-12,R3,T2,63.1,97.7,100.5,117.6,1
TRA076-002673,2025-10-13,R2,T3,51.1,103.4,91.7,103.8,1
TRA076-002674,2025-10-13,R6,T1,2.5,16.6,5,47.9,1
TRA076-002675,2025-10-13,R1,T2,34.3,126.8,55.7,84.4,1
TRA076-002676,2025-10-13,R4,T3,42.9,26.1,98.8,94.3,1
TRA076-002677,2025-10-14,R2,T1,66.1,18.0,88.6,121.0,1
TRA076-002678,2025-10-14,R5,T2,134.6,45.9,196.0,199.8,1
TRA076-002679,2025-10-14,R5,T3,56.5,126.0,104.2,110.0,1
TRA076-002680,2025-10-14,R1,T1,44.6,65.3,55.5,96.3,1
TRA076-002681,2025-10-15,R3,T2,112.3,85.6,182.1,174.1,1
TRA076-002682,2025-10-15,R5,T3,85.7,106.5,139.4,143.6,1
TRA076-002683,2025-10-15,R4,T1,39.2,3.6,63.9,90.1,1
TRA076-002684,2025-10-15,R5,T2,132.2,68.6,181.1,197.0,1
TRA076-002685,2025-10-16,R4,T3,76.6,49.7,118.3,133.1,1
TRA076-002686,2025-10-16,R5,T1,12.6,22.7,41.0,59.5,1
TRA076-002687,2025-10-16,R3,T2,48.9,129.9,106.4,101.2,1
TRA076-002688,2025-10-16,R2,T3,57.5,112.8,122.2,111.1,1
TRA076-002689,2025-10-16,R1,T1,59.5,9.4,78.3,113.4,1
TRA076-002690,2025-10-17,R3,T2,95.7,94.2,128.0,155.1,1
TRA076-002691,2025-10-17,R3,T3,80.6,138.0,117.4,137.7,1
TRA076-002692,2025-10-17,R4,T1,138.4,78.1,165.1,204.2,1
TRA076-002693,2025-10-17,R1,T2,131.6,136.7,190.0,196.3,1
TRA076-002694,2025-10-18,R6,T3,120.9,3.8,167.6,184.0,1
TRA076-002695,2025-10-18,R5,T1,80.0,125.3,121.9,137.0,1
TRA076-002696,2025-10-18,R1,T2,62.9,97.3,72.2,117.3,1
TRA076-002697,2025-10-18,R6,T3,129.3,100.5,191.3,193.7,1
TRA076-002698,2025-10-19,R5,T1,135.0,102.4,197.8,200.2,1
TRA076-002699,2025-10-19,R4,T2,59.8,126.0,103.8,113.8,1
TRA076-002700,2025-10-19,R3,T3,57.7,148.3,79.9,111.4,1
TRA076-002701,2025-10-19,R3,T1,124.6,120.4,,188.3,0
TRA076-002702,2025-10-20,R5,T2,42.3,139.2,65.0,93.6,1
TRA076-002703,2025-10-20,R1,T3,13.4,129.9,37.6,60.4,1
TRA076-002704,2025-10-20,R5,T1,109.0,25.6,136.1,170.3,1
TRA076-002705,2025-10-20,R5,T2,126.5,80.2,188.6,190.5,1
TRA076-002706,2025-10-21,R6,T3,47.1,67.4,78.3,99.2,1
TRA076-002707,2025-10-21,R4,T1,120.6,115.5,156.9,183.7,1
TRA076-002708,2025-10-21,R2,T2,108.0,123.1,,169.2,0
TRA076-002709,2025-10-21,R4,T3,133.9,69.5,199.4,199.0,1
TRA076-002710,2025-10-22,R4,T1,51.5,8.1,80.1,104.2,1
TRA076-002711,2025-10-22,R6,T2,38.3,78.1,,89.0,0
TRA076-002712,2025-10-22,R3,T3,79.4,4.6,104.2,136.3,1
TRA076-002713,2025-10-22,R3,T1,83.1,91.1,114.4,140.6,1
TRA076-002714,2025-10-23,R6,T2,144.6,5.9,214.0,211.3,1
TRA076-002715,2025-10-23,R5,T3,66.2,58.8,134.9,121.1,1
TRA076-002716,2025-10-23,R1,T1,2.4,140.5,61.4,47.8,1
TRA076-002717,2025-10-23,R2,T2,17.8,41.9,33.8,65.5,1
TRA076-002718,2025-10-24,R5,T3,38.6,130.9,96.7,89.4,1
TRA076-002719,2025-10-24,R5,T1,86.2,38.3,89.6,144.1,1
TRA076-002720,2025-10-24,R5,T2,4.4,2.7,9.8,50.1,1
TRA076-002721,2025-10-24,R1,T3,63.6,135.3,128.9,118.1,1
TRA076-002722,2025-10-25,R5,T1,139.7,17.8,183.4,205.7,1
TRA076-002723,2025-10-25,R2,T2,43.2,76.8,77.6,94.7,1
TRA076-002724,2025-10-25,R5,T3,40.1,68.0,,91.1,0
TRA076-002725,2025-10-25,R6,T1,118.0,149.0,164.2,180.7,1
TRA076-002726,2025-10-25,R5,T2,107.3,112.9,,168.4,0
TRA076-002727,2025-10-26,R4,T3,65.2,58.7,,120.0,0
TRA076-002728,2025-10-26,R5,T1,118.3,36.8,153.9,181.0,1
TRA076-002729,2025-10-26,R6,T2,34.7,53.8,82.6,84.9,1
TRA076-002730,2025-10-26,R6,T3,136.2,56.2,200.8,201.6,1
TRA076-002731,2025-10-27,R3,T1,63.9,83.2,95.3,118.5,1
TRA076-002732,2025-10-27,R4,T2,82.2,91.9,124.3,139.5,1
TRA076-002733,2025-10-27,R1,T3,123.8,13.2,147.8,187.4,1
TRA076-002734,2025-10-27,R2,T1,42.9,111.8,79.9,94.3,1
TRA076-002735,2025-10-28,R3,T2,79.5,12.4,106.8,136.4,1
TRA076-002736,2025-10-28,R1,T3,139.5,110.9,201.3,205.4,1
TRA076-002737,2025-10-28,R5,T1,29.7,139.1,44.9,79.2,1
TRA076-002738,2025-10-28,R4,T2,12.1,143.2,59.3,58.9,1
TRA076-002739,2025-10-29,R6,T3,23.2,12.8,35.8,71.7,1
TRA076-002740,2025-10-29,R6,T1,24.9,117.4,,73.6,1
TRA076-002741,2025-10-29,R6,T2,21.5,49.2,51.7,69.7,1
TRA076-002742,2025-10-29,R1,T3,82.7,43.6,153.4,140.1,1
TRA076-002743,2025-10-30,R3,T1,46.7,113.9,78.1,98.7,1
TRA076-002744,2025-10-30,R4,T2,77.0,103.9,"161,6",133.6,1
TRA076-002745,2025-10-30,R1,T3,40.2,95.2,66.1,91.2,1
TRA076-002746,2025-10-30,R1,T1,83.9,30.3,98.2,141.5,1
TRA076-002747,2025-10-31,R3,T2,12.8,143.9,56.2,59.7,1
TRA076-002748,2025-10-31,R5,T3,111.4,73.2,192.2,173.1,1
TRA076-002749,2025-10-31,R6,T1,43.0,148.7,55.8,94.4,1
TRA076-002750,2025-10-31,R1,T2,15.2,63.9,33.4,62.5,1
TRA076-002751,2025-11-01,R5,T3,70.6,68.0,133.5,126.2,1
TRA076-002752,2025-11-01,R2,T1,140.7,97.8,162.3,206.8,1
TRA076-002753,2025-11-01,R4,T2,66.6,142.8,124.7,121.6,1
TRA076-002754,2025-11-01,R5,T3,33.5,21.5,,83.5,0
TRA076-002755,2025-11-02,R2,T1,14.2,5.8,21.2,61.3,1
TRA076-002756,2025-11-02,R1,T2,47.4,110.1,104.2,99.5,1
TRA076-002757,2025-11-02,R2,T3,35.6,46.6,86.9,85.9,1
TRA076-002758,2025-11-02,R4,T1,96.2,71.2,106.8,155.6,1
TRA076-002759,2025-11-03,R3,T2,86.5,13.4,98.5,144.5,1
TRA076-002760,2025-11-03,R4,T3,11.1,116.6,55.1,57.8,1
TRA076-002761,2025-11-03,R1,T1,7.9,80.7,14.2,54.1,1
TRA076-002762,2025-11-03,R6,T2,45.2,138.2,86.7,97.0,1
TRA076-002763,2025-11-04,R1,T3,22.1,148.5,71.4,70.4,1
TRA076-002764,2025-11-04,R3,T1,14.5,63.1,14.8,61.7,1
TRA076-002765,2025-11-04,R4,T2,88.5,84.3,110.2,146.8,1
TRA076-002766,2025-11-04,R5,T3,86.5,99.8,145.0,144.5,1
TRA076-002767,2025-11-04,R4,T1,148.4,46.1,190.5,215.7,1
TRA076-002768,2025-11-05,R4,T2,127.1,95.7,155.2,191.2,1
TRA076-002769,2025-11-05,R4,T3,33.3,101.9,,83.3,0
TRA076-002770,2025-11-05,R1,T1,50.8,18.7,59.7,103.4,1
TRA076-002771,2025-11-05,R3,T2,121.4,31.8,,184.6,0
TRA076-002772,2025-11-06,R6,T3,51.7,103.9,58.6,104.5,1
TRA076-002773,2025-11-06,R3,T1,139.6,91.2,175.1,205.5,1
TRA076-002774,2025-11-06,R6,T2,148.4,20.4,200.2,215.7,1
TRA076-002775,2025-11-06,R6,T3,55.1,85.8,80.1,108.4,1
TRA076-002776,2025-11-07,R4,T1,81.1,65.8,105.8,138.3,1
TRA076-002777,2025-11-07,R5,T2,140.5,62.5,205.1,206.6,1
TRA076-002778,2025-11-07,R5,T3,113.8,101.3,,175.9,0
TRA076-002779,2025-11-07,R2,T1,90.1,97.1,104.8,148.6,1
TRA076-002780,2025-11-08,R6,T2,5.0,62.8,16.7,50.8,1
TRA076-002781,2025-11-08,R2,T3,98.5,53.3,153.2,158.3,1
TRA076-002782,2025-11-08,R5,T1,105.3,137.9,170.6,166.1,1
TRA076-002783,2025-11-08,R6,T2,115.4,86.1,138.0,177.7,1
TRA076-002784,2025-11-09,R1,T3,117.2,33.3,171.7,179.8,1
TRA076-002785,2025-11-09,R4,T1,82.6,30.2,101.7,140.0,1
TRA076-002786,2025-11-09,R2,T2,79.9,139.5,119.0,136.9,1
TRA076-002787,2025-11-09,R4,T3,48.0,27.6,79.3,100.2,1
TRA076-002788,2025-11-10,R5,T1,61.5,15.8,93.6,115.7,1
TRA076-002789,2025-11-10,R5,T2,111.2,89.6,143.4,172.9,1
TRA076-002790,2025-11-10,R4,T3,47.0,14.3,76.4,99.0,1
TRA076-002791,2025-11-10,R3,T1,39.6,24.3,53.5,90.5,1
TRA076-002792,2025-11-11,R6,T2,4.1,81.8,27.0,49.7,1
TRA076-002793,2025-11-11,R5,T3,10.7,133.4,35.7,57.3,1
TRA076-002794,2025-11-11,R2,T1,49.4,25.8,87.4,101.8,1
TRA076-002795,2025-11-11,R2,T2,16.8,95.3,74.2,64.3,1
TRA076-002796,2025-11-12,R5,T3,43.3,23.2,59.9,94.8,1
TRA076-002797,2025-11-12,R3,T1,135.6,114.0,171.2,200.9,1
TRA076-002798,2025-11-12,R2,T2,69.7,54.6,109.0,125.2,1
TRA076-002799,2025-11-12,R5,T3,143.5,99.3,214.2,210.0,1
TRA076-002800,2025-11-13,R3,T1,101.9,126.7,162.0,162.2,1
TRA076-002801,2025-11-13,R6,T2,143.4,14.5,170.1,209.9,1
TRA076-002802,2025-11-13,R2,T3,140.5,129.4,210.1,206.6,1
TRA076-002803,2025-11-13,R6,T1,107.1,76.5,153.1,168.2,1
TRA076-002804,2025-11-13,R2,T2,61.7,124.7,120.9,116.0,1
TRA076-002805,2025-11-14,R3,T3,37.6,91.6,,88.2,0
TRA076-002806,2025-11-14,R1,T1,14.2,25.5,40.3,61.3,1
TRA076-002807,2025-11-14,R2,T2,121.4,111.0,183.2,184.6,1
TRA076-002808,2025-11-14,R1,T3,27.0,139.8,69.2,76.0,1
TRA076-002809,2025-11-15,R1,T1,64.1,148.3,120.7,118.7,1
TRA076-002810,2025-11-15,R2,T2,66.9,64.9,93.4,121.9,1
TRA076-002811,2025-11-15,R1,T3,28.8,23.9,28.5,78.1,1
TRA076-002812,2025-11-15,R2,T1,44.4,86.2,65.9,96.1,1
TRA076-002813,2025-11-16,R2,T2,113.3,58.6,145.7,175.3,1
TRA076-002814,2025-11-16,R5,T3,110.8,73.6,155.6,172.4,1
TRA076-002815,2025-11-16,R5,T1,11.4,58.2,48.7,58.1,1
TRA076-002816,2025-11-16,R5,T2,95.9,24.0,144.5,155.3,1
TRA076-002817,2025-11-17,R4,T3,63.3,114.3,106.6,117.8,1
TRA076-002818,2025-11-17,R4,T1,148.5,6.1,171.5,215.8,1
TRA076-002819,2025-11-17,R5,T2,103.2,102.1,153.4,163.7,1
TRA076-002820,2025-11-17,R4,T3,138.3,87.8,195.8,204.0,1
TRA076-002821,2025-11-18,R6,T1,52.8,29.0,49.5,105.7,1
TRA076-002822,2025-11-18,R4,T2,58.7,73.1,77.6,112.5,1
TRA076-002823,2025-11-18,R3,T3,8.3,64.4,,54.5,1
TRA076-002824,2025-11-18,R3,T1,123.5,32.0,167.3,187.0,1
TRA076-002825,2025-11-19,R2,T2,43.8,67.8,90.1,95.4,1
TRA076-002826,2025-11-19,R2,T3,12.8,13.6,30.6,59.7,1
TRA076-002827,2025-11-19,R6,T1,117.8,24.3,143.2,180.5,1
TRA076-002828,2025-11-19,R2,T2,107.8,24.8,152.1,169.0,1
TRA076-002829,2025-11-20,R1,T3,82.6,12.4,127.4,140.0,1
TRA076-002830,2025-11-20,R5,T1,124.9,23.3,141.3,188.6,1
TRA076-002831,2025-11-20,R2,T2,123.9,113.1,,187.5,0
TRA076-002832,2025-11-20,R6,T3,37.8,148.4,91.3,88.5,1
TRA076-002833,2025-11-21,R6,T1,78.5,90.2,89.1,135.3,1
TRA076-002834,2025-11-21,R2,T2,26.7,33.4,27.0,75.7,1
TRA076-002835,2025-11-21,R1,T3,50.2,119.3,68.7,102.7,1
TRA076-002836,2025-11-21,R5,T1,17.7,67.9,47.8,65.4,1
TRA076-002837,2025-11-22,R4,T2,6.9,85.2,43.0,52.9,1
TRA076-002838,2025-11-22,R4,T3,83.7,27.1,125.7,141.3,1
TRA076-002839,2025-11-22,R1,T1,86.7,78.4,131.4,144.7,1
TRA076-002840,2025-11-22,R3,T2,88.7,7.2,127.7,147.0,1
TRA076-002841,2025-11-23,R5,T3,149.4,30.0,209.5,216.8,1
TRA076-002842,2025-11-23,R2,T1,91.3,93.4,126.6,150.0,1
TRA076-002843,2025-11-23,R3,T2,148.3,82.1,179.5,215.5,1
TRA076-002844,2025-11-23,R1,T3,21.8,54.0,53.5,70.1,1
TRA076-002845,2025-11-23,R2,T1,97.3,79.2,132.5,156.9,1
TRA076-002846,2025-11-24,R1,T2,15.1,90.6,9.4,62.4,1
TRA076-002847,2025-11-24,R3,T3,63.1,99.3,98.5,117.6,1
TRA076-002848,2025-11-24,R4,T1,83.4,10.0,66.6,140.9,1
TRA076-002849,2025-11-24,R1,T2,3.8,24.4,5,49.4,1
TRA076-002850,2025-11-25,R2,T3,2.2,117.6,32.6,47.5,1
TRA076-002851,2025-11-25,R4,T1,98.0,135.6,133.3,157.7,1
TRA076-002852,2025-11-25,R5,T2,21.5,32.3,,69.7,0
TRA076-002853,2025-11-25,R6,T3,33.5,100.9,54.1,83.5,1
TRA076-002854,2025-11-26,R1,T1,80.8,52.1,99.6,137.9,1
TRA076-002855,2025-11-26,R5,T2,57.1,57.2,96.1,110.7,1
TRA076-002856,2025-11-26,R3,T3,137.8,44.4,220.7,203.5,1
TRA076-002857,2025-11-26,R1,T1,138.8,136.2,,204.6,0
TRA076-002858,2025-11-27,R1,T2,72.2,83.0,,128.0,0
TRA076-002859,2025-11-27,R1,T3,138.7,58.7,188.8,204.5,1
TRA076-002860,2025-11-27,R1,T1,40.1,42.9,64.0,91.1,1
TRA076-002861,2025-11-27,R2,T2,34.0,125.5,81.9,84.1,1
TRA076-002862,2025-11-28,R2,T3,98.4,80.9,131.7,158.2,1
TRA076-002863,2025-11-28,R5,T1,16.8,31.0,30.8,64.3,1
TRA076-002864,2025-11-28,R3,T2,15.6,38.0,34.8,62.9,1
TRA076-002865,2025-11-28,R1,T3,149.8,84.7,219.6,217.3,1
TRA076-002866,2025-11-29,R6,T1,107.5,70.9,161.5,168.6,1
TRA076-002867,2025-11-29,R4,T2,7.1,31.8,36.1,53.2,1
TRA076-002868,2025-11-29,R1,T3,82.8,101.6,128.6,140.2,1
TRA076-002869,2025-11-29,R1,T1,130.1,48.7,,194.6,0
TRA076-002870,2025-11-30,R1,T2,52.9,87.5,75.3,105.8,1
TRA076-002871,2025-11-30,R5,T3,130.7,119.7,196.2,195.3,1
TRA076-002872,2025-11-30,R2,T1,123.3,116.9,160.2,186.8,1
TRA076-002873,2025-11-30,R6,T2,47.1,32.8,76.7,99.2,1
TRA076-002874,2025-12-01,R4,T3,73.5,68.7,113.1,129.5,1
TRA076-002875,2025-12-01,R3,T1,101.4,16.8,,161.6,0
TRA076-002876,2025-12-01,R6,T2,32.3,58.3,37.7,82.1,1
TRA076-002877,2025-12-01,R3,T3,79.7,123.2,152.2,136.7,1
TRA076-002878,2025-12-02,R4,T1,83.2,25.3,108.9,140.7,1
TRA076-002879,2025-12-02,R6,T2,116.4,76.6,149.4,178.9,1
TRA076-002880,2025-12-02,R1,T3,16.7,15.5,35.7,64.2,1
TRA076-002881,2025-12-02,R5,T1,56.5,25.7,80.8,110.0,1
TRA076-002882,2025-12-03,R2,T2,78.9,61.3,115.8,135.7,1
TRA076-002883,2025-12-03,R3,T3,122.5,126.0,187.5,185.9,1
TRA076-002884,2025-12-03,R4,T1,20.6,103.6,63.2,68.7,1
TRA076-002885,2025-12-03,R2,T2,32.6,137.9,71.8,82.5,1
TRA076-002886,2025-12-03,R1,T3,34.7,102.4,90.9,84.9,1
TRA076-002887,2025-12-04,R2,T1,119.8,73.9,172.7,182.8,1
TRA076-002888,2025-12-04,R3,T2,110.5,146.2,129.4,172.1,1
TRA076-002889,2025-12-04,R3,T3,144.6,79.0,192.9,211.3,1
TRA076-002890,2025-12-04,R2,T1,89.4,67.6,146.0,147.8,1
TRA076-002891,2025-12-05,R4,T2,81.3,126.9,114.3,138.5,1
TRA076-002892,2025-12-05,R6,T3,133.2,52.5,188.8,198.2,1
TRA076-002893,2025-12-05,R1,T1,102.4,100.4,141.5,162.8,1
TRA076-002894,2025-12-05,R3,T2,97.8,43.5,111.9,157.5,1
TRA076-002895,2025-12-06,R6,T3,57.7,145.0,99.0,111.4,1
TRA076-002896,2025-12-06,R3,T1,20.6,58.6,,68.7,0
TRA076-002897,2025-12-06,R2,T2,113.8,89.3,156.5,175.9,1
TRA076-002898,2025-12-06,R1,T3,26.0,94.6,57.2,74.9,1
TRA076-002899,2025-12-07,R2,T1,147.0,114.0,202.9,214.0,1
TRA076-002900,2025-12-07,R3,T2,60.2,15.0,88.2,114.2,1
TRA076-002901,2025-12-07,R2,T3,39.9,28.7,,90.9,0
TRA076-002902,2025-12-07,R2,T1,86.9,74.8,106.7,144.9,1
TRA076-002903,2025-12-08,R1,T2,143.8,117.0,217.4,210.4,1
TRA076-002904,2025-12-08,R1,T3,63.1,97.7,130.6,117.6,1
TRA076-002905,2025-12-08,R1,T1,48.3,134.8,27.1,100.5,1
TRA076-002906,2025-12-08,R4,T2,33.7,103.6,,83.8,0
TRA076-002907,2025-12-09,R3,T3,103.1,104.6,,163.6,0
TRA076-002908,2025-12-09,R2,T1,146.3,76.9,200.7,213.2,1
TRA076-002909,2025-12-09,R2,T2,103.3,87.9,146.5,163.8,1
TRA076-002910,2025-12-09,R5,T3,130.2,23.2,146.6,194.7,1
TRA076-002911,2025-12-10,R6,T1,88.8,54.8,110.0,147.1,1
TRA076-002912,2025-12-10,R6,T2,45.3,23.1,82.3,97.1,1
TRA076-002913,2025-12-10,R3,T3,89.1,42.9,126.4,147.5,1
TRA076-002914,2025-12-10,R1,T1,74.8,45.9,130.7,131.0,1
TRA076-002915,2025-12-11,R5,T2,60.7,52.4,87.4,114.8,1
TRA076-002916,2025-12-11,R2,T3,8.8,66.1,25.1,55.1,1
TRA076-002917,2025-12-11,R5,T1,125.1,106.7,135.7,188.9,1
TRA076-002918,2025-12-11,R3,T2,127.1,94.0,,191.2,0
TRA076-002919,2025-12-12,R1,T3,105.8,52.8,,166.7,0
TRA076-002920,2025-12-12,R3,T1,129.9,50.9,161.8,194.4,1
TRA076-002921,2025-12-12,R5,T2,37.2,13.7,56.9,87.8,1
TRA076-002922,2025-12-12,R6,T3,128.9,55.7,183.3,193.2,1
TRA076-002923,2025-12-12,R2,T1,79.4,116.1,130.8,136.3,1
TRA076-002924,2025-12-13,R2,T2,81.3,105.1,120.4,138.5,1
TRA076-002925,2025-12-13,R5,T3,119.7,25.8,165.1,182.7,1
TRA076-002926,2025-12-13,R3,T1,114.4,23.1,124.4,176.6,1
TRA076-002927,2025-12-13,R4,T2,44.9,66.2,87.2,96.6,1
TRA076-002928,2025-12-14,R2,T3,135.9,25.9,188.8,201.3,1
TRA076-002929,2025-12-14,R2,T1,79.9,34.5,132.3,136.9,1
TRA076-002930,2025-12-14,R3,T2,128.0,97.0,179.7,192.2,1
TRA076-002931,2025-12-14,R2,T3,92.1,9.1,125.5,150.9,1
TRA076-002932,2025-12-15,R6,T1,131.5,135.8,194.8,196.2,1
TRA076-002933,2025-12-15,R1,T2,84.5,127.4,160.3,142.2,1
TRA076-002934,2025-12-15,R1,T3,102.0,58.5,180.4,162.3,1
TRA076-002935,2025-12-15,R5,T1,126.2,2.6,167.0,190.1,1
TRA076-002936,2025-12-16,R2,T2,32.1,138.2,70.3,81.9,1
TRA076-002937,2025-12-16,R5,T3,127.3,61.3,169.7,191.4,1
TRA076-002938,2025-12-16,R1,T1,106.9,76.7,154.2,167.9,1
TRA076-002939,2025-12-16,R4,T2,93.7,32.4,115.9,152.8,1
TRA076-002940,2025-12-17,R5,T3,132.7,64.2,194.9,197.6,1
TRA076-002941,2025-12-17,R2,T1,22.2,60.8,12.2,70.5,1
TRA076-002942,2025-12-17,R4,T2,60.9,29.4,82.6,115.0,1
TRA076-002943,2025-12-17,R6,T3,72.0,49.5,130.3,127.8,1
TRA076-002944,2025-12-18,R2,T1,121.5,121.4,172.9,184.7,1
TRA076-002945,2025-12-18,R3,T2,10.9,63.8,29.6,57.5,1
TRA076-002946,2025-12-18,R4,T3,50.6,127.5,91.0,103.2,1
TRA076-002947,2025-12-18,R6,T1,105.8,7.3,91.8,166.7,1
TRA076-002948,2025-12-19,R1,T2,18.8,113.4,60.1,66.6,1
TRA076-002949,2025-12-19,R2,T3,57.1,7.7,75.7,110.7,1
TRA076-002950,2025-12-19,R3,T1,6.5,41.1,23.8,52.5,1
TRA076-002951,2025-12-19,R3,T2,139.2,117.8,194.0,205.1,1
TRA076-002952,2025-12-20,R6,T3,46.7,138.3,76.5,98.7,1
TRA076-002953,2025-12-20,R5,T1,141.9,17.8,177.5,208.2,1
TRA076-002954,2025-12-20,R2,T2,57.5,109.4,96.4,111.1,1
TRA076-002955,2025-12-20,R5,T3,130.6,53.5,"162,3",195.2,1
TRA076-002956,2025-12-21,R2,T1,43.7,118.0,59.7,95.3,1
TRA076-002957,2025-12-21,R2,T2,97.2,16.9,,156.8,0
TRA076-002958,2025-12-21,R5,T3,142.2,27.5,217.3,208.5,1
TRA076-002959,2025-12-21,R6,T1,10.8,43.1,30.9,57.4,1
TRA076-002960,2025-12-22,R4,T2,37.8,100.9,67.8,88.5,1
TRA076-002961,2025-12-22,R3,T3,40.4,35.4,76.4,91.5,1
TRA076-002962,2025-12-22,R5,T1,96.1,46.9,106.1,155.5,1
TRA076-002963,2025-12-22,R4,T2,116.5,21.4,161.7,179.0,1
TRA076-002964,2025-12-22,R6,T3,115.6,36.3,157.9,177.9,1
TRA076-002965,2025-12-23,R3,T1,7.2,15.8,38.4,53.3,1
TRA076-002966,2025-12-23,R6,T2,97.5,140.5,144.0,157.1,1
TRA076-002967,2025-12-23,R3,T3,79.8,9.3,100.8,136.8,1
TRA076-002968,2025-12-23,R2,T1,46.6,114.2,52.3,98.6,1
TRA076-002969,2025-12-24,R6,T2,142.1,111.4,179.1,208.4,1
TRA076-002970,2025-12-24,R1,T3,14.0,141.9,36.5,61.1,1
TRA076-002971,2025-12-24,R6,T1,13.1,34.3,5,60.1,1
TRA076-002972,2025-12-24,R6,T2,7.4,104.4,52.0,53.5,1
TRA076-002973,2025-12-25,R6,T3,42.5,62.0,72.5,93.9,1
TRA076-002974,2025-12-25,R5,T1,113.3,142.6,162.1,175.3,1
TRA076-002975,2025-12-25,R4,T2,53.0,143.2,93.3,105.9,1
TRA076-002976,2025-12-25,R2,T3,23.5,22.9,68.9,72.0,1
TRA076-002977,2025-12-26,R4,T1,125.4,23.9,146.1,189.2,1
TRA076-002978,2025-12-26,R2,T2,83.5,136.5,110.9,141.0,1
TRA076-002979,2025-12-26,R6,T3,16.9,54.9,44.3,64.4,1
TRA076-002980,2025-12-26,R3,T1,116.2,39.5,145.3,178.6,1
TRA076-002981,2025-12-27,R6,T2,55.5,143.2,99.7,108.8,1
TRA076-002982,2025-12-27,R2,T3,69.3,51.9,81.7,124.7,1
TRA076-002983,2025-12-27,R2,T1,142.5,118.3,178.6,208.9,1
TRA076-002984,2025-12-27,R5,T2,137.6,8.3,174.3,203.2,1
TRA076-002985,2025-12-28,R6,T3,28.4,97.9,53.6,77.7,1
TRA076-002986,2025-12-28,R5,T1,144.8,7.4,173.5,211.5,1
TRA076-002987,2025-12-28,R5,T2,8.4,83.2,28.3,54.7,1
TRA076-002988,2025-12-28,R6,T3,125.1,95.6,196.0,188.9,1
TRA076-002989,2025-12-29,R3,T1,16.0,33.7,,63.4,1
TRA076-002990,2025-12-29,R2,T2,86.0,109.3,125.4,143.9,1
TRA076-002991,2025-12-29,R1,T3,80.6,17.3,108.9,137.7,1
TRA076-002992,2025-12-29,R2,T1,87.5,33.0,110.0,145.6,1
TRA076-002993,2025-12-30,R2,T2,74.3,62.1,130.7,130.4,1
TRA076-002994,2025-12-30,R1,T3,13.5,147.0,30.7,60.5,1
TRA076-002995,2025-12-30,R6,T1,15.3,132.4,56.1,62.6,1
TRA076-002996,2025-12-30,R6,T2,13.4,40.4,47.8,60.4,1
TRA076-002997,2025-12-31,R5,T3,86.8,66.7,121.0,144.8,1
TRA076-002998,2025-12-31,R5,T1,69.8,120.6,75.0,125.3,1
TRA076-002999,2025-12-31,R1,T2,147.2,48.3,179.4,214.3,1
TRA076-003000,2025-12-31,R3,T3,125.8,114.3,194.7,189.7,1
TRA076-000543,2024-05-12,R3,T3,6.9,142.3,35.0,37.9,1
TRA076-002493,2025-08-30,R4,T3,121.8,70.0,187.5,185.1,1
TRA076-001881,2025-04-03,R5,T3,75.5,149.8,147.2,131.8,1
TRA076-000744,2024-06-30,R3,T3,38.4,119.1,92.8,74.2,1
TRA076-000515,2024-05-05,R1,T2,56.5,145.3,95.1,95.0,1
TRA076-000717,2024-06-23,R5,T3,147.1,143.4,193.7,199.2,1
TRA076-002870,2025-11-30,R1,T2,52.9,87.5,75.3,105.8,1
TRA076-000023,2024-01-06,R1,T2,139.2,20.7,167.8,190.1,1
TRA076-000615,2024-05-29,R2,T3,22.0,57.4,61.8,55.3,1
TRA076-001773,2025-03-07,R3,T3,56.2,141.7,125.1,109.6,1
