registro_id,fecha,maquina,turno,unidades,defectos,horas,parada_min,vibracion,mantenimiento,fallo_7d,reparacion_coste
IND085-000001,2024-01-01,M1,dia,313,5,5.5,9.2,2.88,0,0,0
IND085-000002,2024-01-01,M2,dia,308,3,5.2,19.3,1.89,0,0,0
IND085-000003,2024-01-01,M3,dia,392,9,5.2,2.1,3.77,0,1,453.73
IND085-000004,2024-01-01,M4,dia,280,6,3.9,28.5,2.91,0,0,0
IND085-000005,2024-01-01,M5,dia,621,16,4.9,5.8,4.04,0,0,0
IND085-000006,2024-01-02,M6,dia,310,13,4.2,0.1,3.26,0,0,0
IND085-000007,2024-01-02,M1,noche,598,9,3.9,14.8,3.29,0,0,0
IND085-000008,2024-01-02,M2,noche,228,7,6.6,38.3,2.42,0,0,0
IND085-000009,2024-01-02,M3,noche,276,7,6.3,60.8,3.38,0,1,1219.25
IND085-000010,2024-01-03,M4,noche,520,16,6.9,15.8,3.6,0,0,0
IND085-000011,2024-01-03,M5,noche,237,10,5.6,1.4,3.14,0,0,0
IND085-000012,2024-01-03,M6,noche,629,21,3.7,14.5,3.32,0,0,0
IND085-000013,2024-01-03,M1,dia,312,6,5.4,3.2,2.17,0,0,0
IND085-000014,2024-01-04,M2,dia,616,17,6.8,53.9,4.26,0,0,0
IND085-000015,2024-01-04,M3,dia,421,11,3.4,1.6,2.63,0,1,1821.09
IND085-000016,2024-01-04,M4,dia,359,11,4.9,36.8,1.48,0,0,0
IND085-000017,2024-01-04,M5,dia,394,6,5.6,4.9,4.28,0,0,0
IND085-000018,2024-01-05,M6,dia,92,4,4.6,27.9,3.58,0,0,0
IND085-000019,2024-01-05,M1,noche,198,2,7.6,14.0,2.86,0,0,0
IND085-000020,2024-01-05,M2,noche,776,18,5.4,6.3,1.88,0,0,0
IND085-000021,2024-01-05,M3,noche,636,14,3.4,8.3,5.23,0,1,665.36
IND085-000022,2024-01-06,M4,noche,409,14,5.7,19.1,2.49,0,0,0
IND085-000023,2024-01-06,M5,noche,420,9,5.4,6.4,2.82,1,0,0
IND085-000024,2024-01-06,M6,noche,177,7,7.2,16.7,5.21,0,0,0
IND085-000025,2024-01-06,M1,dia,107,1,6.0,21.5,1.72,0,0,0
IND085-000026,2024-01-07,M2,dia,780,19,3.7,73.0,2.55,0,0,0
IND085-000027,2024-01-07,M3,dia,529,15,5.0,0.9,0.75,0,0,0
IND085-000028,2024-01-07,M4,dia,165,4,7.1,0.1,4.48,0,1,881.49
IND085-000029,2024-01-07,M5,dia,714,23,4.4,8.2,3.49,0,0,0
IND085-000030,2024-01-08,M6,dia,674,25,3.9,16.6,2.67,1,0,0
IND085-000031,2024-01-08,M1,noche,373,3,8.0,18.3,1.81,0,0,0
IND085-000032,2024-01-08,M2,noche,193,4,5.1,3.1,1.15,0,0,0
IND085-000033,2024-01-08,M3,noche,632,17,5.6,0.6,3.09,0,0,0
IND085-000034,2024-01-09,M4,noche,738,24,6.5,23.6,4.9,1,1,1796.71
IND085-000035,2024-01-09,M5,noche,574,11,7.5,1.8,3.33,0,0,0
IND085-000036,2024-01-09,M6,noche,623,15,6.0,14.3,3.49,1,0,0
IND085-000037,2024-01-09,M1,dia,447,5,4.6,25.6,4.17,1,0,0
IND085-000038,2024-01-10,M2,dia,565,11,5.2,10.6,1.59,0,0,0
IND085-000039,2024-01-10,M3,dia,406,4,5.3,26.0,3.07,1,0,0
IND085-000040,2024-01-10,M4,dia,421,14,3.8,38.2,2.93,0,1,2982.72
IND085-000041,2024-01-10,M5,dia,477,13,6.4,9.4,2.43,1,0,0
IND085-000042,2024-01-10,M6,dia,777,22,5.6,7.0,3.27,1,0,0
IND085-000043,2024-01-11,M1,noche,412,5,3.9,3.4,1.48,0,0,0
IND085-000044,2024-01-11,M2,noche,468,12,5.8,15.2,3.57,0,1,295.47
IND085-000045,2024-01-11,M3,noche,192,2,5.2,1.7,2.81,0,0,0
IND085-000046,2024-01-11,M4,noche,144,6,3.4,1.6,4.1,0,1,250.68
IND085-000047,2024-01-12,M5,noche,713,23,7.9,3.2,3.7,0,0,0
IND085-000048,2024-01-12,M6,noche,392,11,6.3,3.8,3.72,1,0,0
IND085-000049,2024-01-12,M1,dia,679,12,3.4,72.9,4.09,1,0,0
IND085-000050,2024-01-12,M2,dia,262,5,7.8,5.7,5.62,0,1,1349.72
IND085-000051,2024-01-13,M3,dia,631,11,5.0,17.1,3.27,0,0,0
IND085-000052,2024-01-13,M4,dia,573,25,6.3,45.6,6.63,0,1,353.5
IND085-000053,2024-01-13,M5,dia,582,18,6.2,22.5,2.33,0,0,0
IND085-000054,2024-01-13,M6,dia,391,12,6.5,17.2,4.03,1,0,0
IND085-000055,2024-01-14,M1,noche,316,8,3.1,11.6,1.21,0,0,0
IND085-000056,2024-01-14,M2,noche,468,11,5.9,29.7,4.96,0,1,266.81
IND085-000057,2024-01-14,M3,noche,284,5,3.7,17.2,3.95,0,0,0
IND085-000058,2024-01-14,M4,noche,624,18,6.8,26.6,4.61,0,0,0
IND085-000059,2024-01-15,M5,noche,590,13,4.2,19.6,3.36,0,0,0
IND085-000060,2024-01-15,M6,noche,712,16,3.7,3.5,4.12,1,0,0
IND085-000061,2024-01-15,M1,dia,397,7,6.5,8.1,1.92,0,0,0
IND085-000062,2024-01-15,M2,dia,473,12,5.2,5.7,4.75,0,1,1717.54
IND085-000063,2024-01-16,M3,dia,711,23,7.8,40.1,3.62,0,0,0
IND085-000064,2024-01-16,M4,dia,331,15,3.3,2.7,4.45,0,0,0
IND085-000065,2024-01-16,M5,dia,655,11,6.5,23.2,3.15,1,0,0
IND085-000066,2024-01-16,M6,dia,181,8,6.5,1.4,3.04,0,0,0
IND085-000067,2024-01-17,M1,noche,199,4,6.7,8.2,0.77,1,0,0
IND085-000068,2024-01-17,M2,noche,431,7,7.2,1.6,2.8,0,1,2577.26
IND085-000069,2024-01-17,M3,noche,104,2,4.8,0.2,3.51,1,0,0
IND085-000070,2024-01-17,M4,noche,789,24,3.6,14.7,5.5,0,0,0
IND085-000071,2024-01-18,M5,noche,143,3,6.6,2.4,3.0,0,0,0
IND085-000072,2024-01-18,M6,noche,300,8,6.6,14.9,3.26,0,0,0
IND085-000073,2024-01-18,M1,dia,222,3,7.1,5.0,3.25,1,0,0
IND085-000074,2024-01-18,M2,dia,92,3,3.1,10.2,1.44,0,0,0
IND085-000075,2024-01-19,M3,dia,792,18,7.9,5.7,3.18,1,0,0
IND085-000076,2024-01-19,M4,dia,418,12,6.2,20.9,3.62,0,0,0
IND085-000077,2024-01-19,M5,dia,547,13,5.8,19.5,3.86,0,0,0
IND085-000078,2024-01-19,M6,dia,182,8,5.2,20.0,5.47,0,0,0
IND085-000079,2024-01-20,M1,noche,758,12,4.5,17.3,2.29,0,0,0
IND085-000080,2024-01-20,M2,noche,431,14,3.4,8.5,4.72,0,0,0
IND085-000081,2024-01-20,M3,noche,311,11,4.7,14.1,2.89,0,0,0
IND085-000082,2024-01-20,M4,noche,731,18,7.7,20.5,3.55,0,0,0
IND085-000083,2024-01-20,M5,noche,264,6,5.7,37.3,4.92,1,0,0
IND085-000084,2024-01-21,M6,noche,714,31,7.6,1.8,,0,0,0
IND085-000085,2024-01-21,M1,dia,751,13,7.1,17.2,1.81,0,0,0
IND085-000086,2024-01-21,M2,dia,595,17,3.5,4.2,2.1,0,0,0
IND085-000087,2024-01-21,M3,dia,687,14,6.6,14.4,3.51,0,0,0
IND085-000088,2024-01-22,M4,dia,520,21,5.4,2.4,3.35,0,0,0
IND085-000089,2024-01-22,M5,dia,168,3,8.0,0.8,2.35,0,0,0
IND085-000090,2024-01-22,M6,dia,469,12,4.2,30.5,2.14,1,0,0
IND085-000091,2024-01-22,M1,noche,743,16,5.8,17.8,3.1,1,0,0
IND085-000092,2024-01-23,M2,noche,294,10,8.0,13.7,2.04,0,1,566.27
IND085-000093,2024-01-23,M3,noche,273,8,4.9,10.7,3.27,0,0,0
IND085-000094,2024-01-23,M4,noche,338,4,5.8,20.9,3.54,1,0,0
IND085-000095,2024-01-23,M5,noche,157,3,5.8,10.5,3.68,1,0,0
IND085-000096,2024-01-24,M6,noche,108,1,7.6,38.8,4.23,0,0,0
IND085-000097,2024-01-24,M1,dia,709,15,5.2,14.9,3.03,0,0,0
IND085-000098,2024-01-24,M2, DIA ,135,5,5.7,9.5,3.85,1,1,1353.06
IND085-000099,2024-01-24,M3,dia,185,5,5.2,5.1,2.68,0,0,0
IND085-000100,2024-01-25,M4,dia,565,19,3.4,88.2,4.05,0,0,0
IND085-000101,2024-01-25,M5,dia,449,11,4.1,26.4,3.47,0,0,0
IND085-000102,2024-01-25,M6,dia,772,28,5.4,25.2,4.22,0,0,0
IND085-000103,2024-01-25,M1,noche,326,4,5.0,1.3,1.52,0,0,0
IND085-000104,2024-01-26,M2,noche,264,4,4.4,85.6,3.61,0,1,2970.13
IND085-000105,2024-01-26,M3,noche,425,7,3.7,3.6,2.55,1,0,0
IND085-000106,2024-01-26,M4,noche,689,22,4.6,35.9,3.83,1,0,0
IND085-000107,2024-01-26,M5,noche,495,19,6.3,16.0,2.35,0,0,0
IND085-000108,2024-01-27,M6,noche,678,23,5.9,5.0,4.33,0,0,0
IND085-000109,2024-01-27,M1,dia,770,12,6.5,22.3,3.37,0,0,0
IND085-000110,2024-01-27,M2,dia,242,4,3.3,1.4,3.68,0,1,373.55
IND085-000111,2024-01-27,M3,dia,616,18,5.0,11.9,3.36,0,0,0
IND085-000112,2024-01-28,M4,dia,752,19,5.6,22.2,2.07,0,0,0
IND085-000113,2024-01-28,M5,dia,306,10,6.2,20.8,3.99,0,0,0
IND085-000114,2024-01-28,M6,dia,246,10,6.1,8.0,4.27,0,0,0
IND085-000115,2024-01-28,M1,noche,146,5,7.2,19.3,2.69,0,0,0
IND085-000116,2024-01-29,M2,noche,572,23,6.5,11.2,2.99,1,0,0
IND085-000117,2024-01-29,M3,noche,637,15,7.4,32.0,1.76,0,0,0
IND085-000118,2024-01-29,M4,noche,396,8,5.9,11.2,4.46,0,0,0
IND085-000119,2024-01-29,M5,noche,390,10,7.8,15.1,4.56,0,1,2275.7
IND085-000120,2024-01-29,M6,noche,347,13,5.8,45.6,3.53,0,0,0
IND085-000121,2024-01-30,M1,dia,575,10,7.5,3.2,1.63,0,0,0
IND085-000122,2024-01-30,M2,dia,606,15,4.4,2.0,4.9,0,0,0
IND085-000123,2024-01-30,M3,dia,458,13,3.8,9.6,4.5,0,0,0
IND085-000124,2024-01-30,M4,dia,280,9,4.9,1.7,3.26,0,0,0
IND085-000125,2024-01-31,M5,dia,360,11,5.8,19.2,3.72,1,1,2679.87
IND085-000126,2024-01-31,M6,dia,729,25,5.0,14.0,4.04,0,0,0
IND085-000127,2024-01-31,M1,noche,576,7,6.1,30.3,2.84,0,0,0
IND085-000128,2024-01-31,M2,noche,349,6,6.2,15.0,3.07,0,0,0
IND085-000129,2024-02-01,M3,noche,270,3,7.7,9.4,2.46,0,0,0
IND085-000130,2024-02-01,M4,noche,307,12,5.5,19.6,3.64,0,0,0
IND085-000131,2024-02-01,M5,noche,511,14,7.9,0.9,5.33,0,1,1168.61
IND085-000132,2024-02-01,M6,noche,672,21,3.7,1.3,4.22,0,0,0
IND085-000133,2024-02-02,M1,dia,734,16,5.9,8.1,3.05,0,0,0
IND085-000134,2024-02-02,M2,dia,386,13,5.3,8.4,3.21,1,0,0
IND085-000135,2024-02-02,M3,dia,548,17,6.0,26.3,4.05,0,0,0
IND085-000136,2024-02-02,M4,dia,209,4,6.7,28.8,1.62,0,0,0
IND085-000137,2024-02-03,M5,dia,185,5,7.9,19.4,3.43,0,1,1133.85
IND085-000138,2024-02-03,M6,dia,264,9,3.8,4.8,0.83,0,0,0
IND085-000139,2024-02-03,M1,noche,198,3,7.2,4.6,3.23,0,0,0
IND085-000140,2024-02-03,M2,noche,796,15,7.8,0.5,3.44,0,0,0
IND085-000141,2024-02-04,M3,noche,363,7,3.7,26.2,3.6,0,0,0
IND085-000142,2024-02-04,M4,noche,308,6,4.5,41.1,5.46,0,0,0
IND085-000143,2024-02-04,M5,noche,621,16,7.9,11.5,5.0,0,1,2597.51
IND085-000144,2024-02-04,M6,noche,215,6,3.3,11.5,4.96,0,1,2095.12
IND085-000145,2024-02-05,M1,dia,555,10,6.0,41.9,2.81,1,0,0
IND085-000146,2024-02-05,M2,dia,424,14,6.4,4.1,3.14,0,0,0
IND085-000147,2024-02-05,M3,dia,786,19,3.0,9.1,3.51,0,0,0
IND085-000148,2024-02-05,M4,dia,275,10,4.6,0.5,4.08,0,0,0
IND085-000149,2024-02-06,M5,dia,725,19,6.8,21.1,1.83,0,0,0
IND085-000150,2024-02-06,M6,dia,276,9,4.6,33.5,4.6,0,1,2666.47
IND085-000151,2024-02-06,M1,noche,563,9,3.4,22.1,3.24,0,0,0
IND085-000152,2024-02-06,M2,noche,322,8,6.5,28.8,4.78,0,0,0
IND085-000153,2024-02-07,M3,noche,307,8,5.4,46.2,2.08,0,0,0
IND085-000154,2024-02-07,M4,noche,262,8,3.2,4.4,0.2,0,0,0
IND085-000155,2024-02-07,M5,noche,527,12,3.7,24.7,4.04,1,0,0
IND085-000156,2024-02-07,M6,noche,212,11,7.8,4.6,3.28,0,1,2535.08
IND085-000157,2024-02-08,M1,dia,164,3,5.8,2.8,3.97,0,0,0
IND085-000158,2024-02-08,M2,dia,169,3,6.6,34.7,2.92,0,0,0
IND085-000159,2024-02-08,M3,dia,468,8,4.6,6.5,2.62,0,0,0
IND085-000160,2024-02-08,M4,dia,243,6,6.3,15.1,1.73,0,0,0
IND085-000161,2024-02-08,M5,dia,470,7,8.0,38.5,2.14,0,0,0
IND085-000162,2024-02-09,M6,dia,757,35,5.8,7.3,5.6,0,1,815.25
IND085-000163,2024-02-09,M1,noche,789,14,4.3,9.4,0.23,0,0,0
IND085-000164,2024-02-09,M2,noche,160,8,3.5,1.6,3.32,0,0,0
IND085-000165,2024-02-09,M3,noche,740,16,7.1,17.1,2.41,0,0,0
IND085-000166,2024-02-10,M4,noche,288,9,4.0,21.5,3.81,0,0,0
IND085-000167,2024-02-10,M5,noche,288,11,6.7,100.7,,0,0,0
IND085-000168,2024-02-10,M6,noche,691,25,7.2,6.0,6.51,0,1,1277.37
IND085-000169,2024-02-10,M1,dia,604,8,5.3,2.5,0.1,0,0,0
IND085-000170,2024-02-11,M2,dia,311,6,5.0,0.1,2.6,0,0,0
IND085-000171,2024-02-11,M3,dia,514,6,6.0,5.0,1.52,1,0,0
IND085-000172,2024-02-11,M4,dia,535,15,5.6,37.1,3.39,0,0,0
IND085-000173,2024-02-11,M5,dia,638,22,5.2,0.1,4.19,1,0,0
IND085-000174,2024-02-12,M6,dia,341,8,5.4,19.1,3.46,0,0,0
IND085-000175,2024-02-12,M1,noche,113,3,5.0,14.1,3.16,0,1,556.75
IND085-000176,2024-02-12,M2,noche,646,17,3.5,29.7,2.89,0,0,0
IND085-000177,2024-02-12,M3,noche,700,15,5.2,39.1,2.23,0,0,0
IND085-000178,2024-02-13,M4,noche,665,16,8.0,2.6,2.97,0,0,0
IND085-000179,2024-02-13,M5,noche,547,12,3.5,18.6,3.16,0,0,0
IND085-000180,2024-02-13,M6,noche,791,30,4.7,18.9,5.39,1,0,0
IND085-000181,2024-02-13,M1,dia,105,4,5.4,73.6,3.05,0,1,2055.52
IND085-000182,2024-02-14,M2,dia,205,4,6.9,25.9,2.6,0,0,0
IND085-000183,2024-02-14,M3,dia,504,11,5.4,50.2,2.05,0,0,0
IND085-000184,2024-02-14,M4,dia,259,10,5.9,78.4,4.04,1,0,0
IND085-000185,2024-02-14,M5,dia,582,13,7.5,16.7,2.86,1,0,0
IND085-000186,2024-02-15,M6,dia,562,20,5.4,7.1,1.51,1,0,0
IND085-000187,2024-02-15,M1,noche,660,15,3.4,29.5,3.45,1,1,1528.11
IND085-000188,2024-02-15,M2,noche,354,10,7.8,42.4,2.52,0,0,0
IND085-000189,2024-02-15,M3,noche,652,24,5.9,4.2,3.87,0,0,0
IND085-000190,2024-02-16,M4,noche,225,8,4.0,3.0,2.92,0,0,0
IND085-000191,2024-02-16,M5,noche,385,8,3.9,8.3,2.35,0,0,0
IND085-000192,2024-02-16,M6,noche,121,3,4.2,9.9,4.95,1,0,0
IND085-000193,2024-02-16,M1,dia,212,3,6.1,17.8,4.08,0,1,1846.48
IND085-000194,2024-02-17,M2,dia,320,10,5.6,28.2,1.25,0,0,0
IND085-000195,2024-02-17,M3, DIA ,568,12,5.7,16.4,4.95,0,0,0
IND085-000196,2024-02-17,M4,dia,406,8,5.0,17.4,3.47,0,0,0
IND085-000197,2024-02-17,M5,dia,240,5,6.8,34.5,5.48,0,0,0
IND085-000198,2024-02-18,M6,dia,122,4,4.2,76.2,2.32,1,0,0
IND085-000199,2024-02-18,M1,noche,429,4,6.7,20.7,3.43,0,0,0
IND085-000200,2024-02-18,M2,noche,190,2,7.0,7.9,3.07,0,0,0
IND085-000201,2024-02-18,M3,noche,159,0,6.0,0.5,2.87,0,0,0
IND085-000202,2024-02-18,M4,noche,434,14,3.8,16.2,1.97,1,0,0
IND085-000203,2024-02-19,M5,noche,364,7,4.9,7.2,4.71,0,0,0
IND085-000204,2024-02-19,M6,noche,143,7,8.0,24.7,3.87,1,0,0
IND085-000205,2024-02-19,M1,dia,107,3,7.5,13.2,1.87,0,0,0
IND085-000206,2024-02-19,M2,dia,619,10,6.8,77.4,3.66,0,0,0
IND085-000207,2024-02-20,M3,dia,448,8,7.6,16.5,4.1,0,0,0
IND085-000208,2024-02-20,M4,dia,402,13,5.7,10.7,1.49,0,0,0
IND085-000209,2024-02-20,M5,dia,172,1,5.5,3.3,5.14,0,0,0
IND085-000210,2024-02-20,M6,dia,598,18,3.0,9.0,4.19,0,0,0
IND085-000211,2024-02-21,M1,noche,675,8,4.1,14.7,2.02,0,0,0
IND085-000212,2024-02-21,M2,noche,704,15,6.7,12.7,"4,46",0,0,0
IND085-000213,2024-02-21,M3,noche,242,6,3.6,8.8,2.29,0,0,0
IND085-000214,2024-02-21,M4,noche,528,7,6.4,91.4,2.73,0,0,0
IND085-000215,2024-02-22,M5,noche,534,14,5.7,14.4,3.72,0,0,0
IND085-000216,2024-02-22,M6,noche,294,8,7.2,5.7,3.16,1,0,0
IND085-000217,2024-02-22,M1,dia,206,3,6.1,5.5,4.18,0,0,0
IND085-000218,2024-02-22,M2,dia,458,17,5.1,26.3,1.61,1,0,0
IND085-000219,2024-02-23,M3,dia,705,11,6.6,37.0,1.97,0,0,0
IND085-000220,2024-02-23,M4,dia,584,20,4.2,2.3,4.99,0,1,2369.63
IND085-000221,2024-02-23,M5,dia,211,7,3.8,43.4,3.8,0,0,0
IND085-000222,2024-02-23,M6,dia,615,26,3.5,29.4,1.73,1,0,0
IND085-000223,2024-02-24,M1,noche,695,11,3.5,5.8,1.22,0,0,0
IND085-000224,2024-02-24,M2,noche,262,5,3.7,3.7,2.57,0,0,0
IND085-000225,2024-02-24,M3,noche,238,6,7.5,18.8,0.9,0,0,0
IND085-000226,2024-02-24,M4,noche,573,13,4.5,12.5,3.14,0,1,1427.54
IND085-000227,2024-02-25,M5,noche,518,20,6.2,11.6,4.54,0,0,0
IND085-000228,2024-02-25,M6,noche,90,3,4.5,5.6,0.62,1,0,0
IND085-000229,2024-02-25,M1,dia,420,4,4.9,14.7,2.67,0,0,0
IND085-000230,2024-02-25,M2,dia,267,10,3.1,5.0,4.21,0,0,0
IND085-000231,2024-02-26,M3,dia,197,4,4.6,34.3,2.29,0,0,0
IND085-000232,2024-02-26,M4,dia,268,11,7.4,34.4,4.71,0,1,2704.08
IND085-000233,2024-02-26,M5,dia,764,20,7.7,1.2,2.48,0,0,0
IND085-000234,2024-02-26,M6,dia,710,23,7.8,7.8,2.81,0,0,0
IND085-000235,2024-02-27,M1,noche,333,4,4.3,8.0,3.86,0,0,0
IND085-000236,2024-02-27,M2,noche,571,10,5.2,0.4,1.65,0,0,0
IND085-000237,2024-02-27,M3,noche,342,6,8.0,1.0,3.07,0,0,0
IND085-000238,2024-02-27,M4,noche,729,26,4.0,2.3,4.93,0,1,862.46
IND085-000239,2024-02-27,M5,noche,650,23,3.3,9.1,3.9,0,0,0
IND085-000240,2024-02-28,M6,noche,503,15,7.9,4.0,5.34,0,0,0
IND085-000241,2024-02-28,M1,dia,178,3,5.8,11.0,2.13,0,0,0
IND085-000242,2024-02-28,M2,dia,619,12,6.8,14.9,5.5,0,0,0
IND085-000243,2024-02-28,M3,dia,788,18,6.0,16.9,2.75,0,0,0
IND085-000244,2024-02-29,M4,dia,532,12,4.2,13.8,3.91,0,0,0
IND085-000245,2024-02-29,M5,dia,237,9,4.0,15.8,3.69,0,0,0
IND085-000246,2024-02-29,M6,dia,422,21,6.1,19.4,3.51,0,0,0
IND085-000247,2024-02-29,M1,noche,659,13,6.3,20.9,3.06,0,0,0
IND085-000248,2024-03-01,M2,noche,551,17,3.1,22.3,3.92,1,0,0
IND085-000249,2024-03-01,M3,noche,743,22,6.3,11.5,3.53,0,0,0
IND085-000250,2024-03-01,M4,noche,298,9,7.7,10.6,,0,0,0
IND085-000251,2024-03-01,M5,noche,189,6,5.1,7.6,3.02,0,0,0
IND085-000252,2024-03-02,M6,noche,241,15,6.7,24.1,3.73,0,0,0
IND085-000253,2024-03-02,M1,dia,547,7,5.9,0.8,2.78,0,0,0
IND085-000254,2024-03-02,M2,dia,645,23,3.0,19.4,3.4,0,0,0
IND085-000255,2024-03-02,M3,dia,520,10,3.8,23.3,1.51,0,0,0
IND085-000256,2024-03-03,M4,dia,797,26,6.8,14.7,2.91,0,0,0
IND085-000257,2024-03-03,M5,dia,607,20,5.3,100.8,5.01,0,0,0
IND085-000258,2024-03-03,M6,dia,570,20,5.4,16.4,4.44,0,0,0
IND085-000259,2024-03-03,M1,noche,218,3,4.8,2.7,3.33,1,0,0
IND085-000260,2024-03-04,M2,noche,558,15,5.8,8.8,1.88,0,0,0
IND085-000261,2024-03-04,M3,noche,314,8,3.4,32.9,3.73,0,0,0
IND085-000262,2024-03-04,M4,noche,159,3,3.0,1.8,2.61,0,0,0
IND085-000263,2024-03-04,M5,noche,227,4,4.9,2.8,2.58,1,0,0
IND085-000264,2024-03-05,M6,noche,199,8,6.6,44.5,1.69,1,0,0
IND085-000265,2024-03-05,M1,dia,774,12,5.1,40.1,3.48,0,0,0
IND085-000266,2024-03-05,M2,dia,639,12,7.9,16.3,2.71,0,0,0
IND085-000267,2024-03-05,M3,dia,295,4,5.5,30.0,3.2,0,0,0
IND085-000268,2024-03-06,M4,dia,430,15,7.0,5.1,2.03,0,0,0
IND085-000269,2024-03-06,M5,dia,239,6,7.2,4.1,1.94,1,0,0
IND085-000270,2024-03-06,M6,dia,417,17,6.0,12.8,3.27,0,0,0
IND085-000271,2024-03-06,M1,noche,437,6,5.4,23.0,0.1,1,0,0
IND085-000272,2024-03-07,M2,noche,212,7,6.8,20.0,4.26,0,0,0
IND085-000273,2024-03-07,M3,noche,415,9,6.6,5.3,4.02,0,0,0
IND085-000274,2024-03-07,M4,noche,684,11,7.0,10.5,4.22,1,0,0
IND085-000275,2024-03-07,M5,noche,330,9,7.4,15.9,2.0,1,0,0
IND085-000276,2024-03-08,M6,noche,120,5,6.5,7.1,4.56,0,0,0
IND085-000277,2024-03-08,M1,dia,529,5,5.2,14.2,2.72,0,0,0
IND085-000278,2024-03-08,M2,dia,560,15,4.9,7.9,1.89,0,0,0
IND085-000279,2024-03-08,M3,dia,797,22,7.0,8.6,3.21,0,0,0
IND085-000280,2024-03-08,M4,dia,569,14,5.6,21.8,2.86,0,0,0
IND085-000281,2024-03-09,M5,dia,348,14,4.5,16.5,2.55,0,0,0
IND085-000282,2024-03-09,M6,dia,631,22,3.8,19.1,2.71,0,0,0
IND085-000283,2024-03-09,M1,noche,397,4,5.8,3.1,0.69,0,0,0
IND085-000284,2024-03-09,M2,noche,92,2,5.9,20.0,2.35,1,0,0
IND085-000285,2024-03-10,M3,noche,766,23,4.6,14.7,2.83,0,0,0
IND085-000286,2024-03-10,M4,noche,119,3,7.7,6.1,3.38,1,0,0
IND085-000287,2024-03-10,M5,noche,197,5,3.8,0.9,3.82,0,0,0
IND085-000288,2024-03-10,M6,noche,763,30,3.8,20.2,3.25,0,0,0
IND085-000289,2024-03-11,M1,dia,397,6,7.2,4.9,2.02,0,0,0
IND085-000290,2024-03-11,M2,dia,672,19,4.0,3.7,4.04,0,0,0
IND085-000291,2024-03-11,M3,dia,625,7,4.0,4.9,2.12,0,0,0
IND085-000292,2024-03-11,M4, DIA ,329,11,7.8,0.3,3.44,0,0,0
IND085-000293,2024-03-12,M5,dia,187,5,3.1,24.8,3.14,0,0,0
IND085-000294,2024-03-12,M6,dia,200,12,6.7,3.9,3.16,0,0,0
IND085-000295,2024-03-12,M1,noche,368,7,6.0,8.2,2.58,0,0,0
IND085-000296,2024-03-12,M2,noche,706,16,4.5,13.0,3.06,0,0,0
IND085-000297,2024-03-13,M3,noche,205,2,3.2,9.4,4.8,0,0,0
IND085-000298,2024-03-13,M4,noche,363,13,4.8,3.8,3.43,0,0,0
IND085-000299,2024-03-13,M5,noche,730,20,6.8,20.1,3.54,0,0,0
IND085-000300,2024-03-13,M6,noche,650,20,6.7,24.4,5.43,0,0,0
IND085-000301,2024-03-14,M1,dia,454,4,5.3,27.5,2.08,0,0,0
IND085-000302,2024-03-14,M2,dia,432,9,3.8,0.4,3.03,0,0,0
IND085-000303,2024-03-14,M3,dia,720,12,6.8,39.7,2.92,0,0,0
IND085-000304,2024-03-14,M4,dia,707,21,7.8,1.5,2.96,0,0,0
IND085-000305,2024-03-15,M5,dia,766,18,7.9,60.9,4.96,1,0,0
IND085-000306,2024-03-15,M6,dia,404,14,5.9,3.3,3.47,0,0,0
IND085-000307,2024-03-15,M1,noche,406,6,5.1,40.5,1.59,0,0,0
IND085-000308,2024-03-15,M2,noche,699,13,3.7,10.2,3.0,1,0,0
IND085-000309,2024-03-16,M3,noche,606,23,4.8,10.5,2.89,0,0,0
IND085-000310,2024-03-16,M4,noche,513,17,6.9,26.0,1.56,0,0,0
IND085-000311,2024-03-16,M5,noche,448,7,7.1,51.0,4.96,0,0,0
IND085-000312,2024-03-16,M6,noche,357,17,4.9,9.7,3.8,0,0,0
IND085-000313,2024-03-17,M1,dia,502,9,6.2,17.9,0.1,0,0,0
IND085-000314,2024-03-17,M2,dia,751,18,6.9,32.6,3.63,1,0,0
IND085-000315,2024-03-17,M3,dia,513,9,3.6,13.8,3.58,0,0,0
IND085-000316,2024-03-17,M4,dia,568,16,5.1,22.3,3.46,0,0,0
IND085-000317,2024-03-17,M5,dia,501,18,5.9,1.8,2.96,0,0,0
IND085-000318,2024-03-18,M6,dia,796,32,6.8,13.9,3.59,0,0,0
IND085-000319,2024-03-18,M1,noche,135,3,7.7,12.2,1.64,0,0,0
IND085-000320,2024-03-18,M2,noche,798,16,7.1,9.5,2.12,0,0,0
IND085-000321,2024-03-18,M3,noche,582,15,5.3,2.9,2.87,0,0,0
IND085-000322,2024-03-19,M4,noche,212,9,5.1,30.0,3.32,0,0,0
IND085-000323,2024-03-19,M5,noche,208,8,7.0,12.0,5.29,0,1,1029.95
IND085-000324,2024-03-19,M6,noche,440,16,3.7,8.3,3.96,1,0,0
IND085-000325,2024-03-19,M1,dia,438,5,6.7,37.1,2.54,1,0,0
IND085-000326,2024-03-20,M2,dia,136,3,5.1,28.2,2.7,0,0,0
IND085-000327,2024-03-20,M3,dia,497,10,7.1,38.0,1.96,0,0,0
IND085-000328,2024-03-20,M4,dia,400,14,5.5,9.0,3.06,0,0,0
IND085-000329,2024-03-20,M5,dia,522,18,7.1,21.2,6.07,0,1,2531.11
IND085-000330,2024-03-21,M6,dia,135,8,4.4,37.5,1.84,0,0,0
IND085-000331,2024-03-21,M1,noche,266,3,4.5,17.2,3.41,0,0,0
IND085-000332,2024-03-21,M2,noche,667,25,6.8,15.6,1.56,0,0,0
IND085-000333,2024-03-21,M3,noche,237,5,5.9,0.5,,0,0,0
IND085-000334,2024-03-22,M4,noche,705,24,3.7,0.6,3.34,0,0,0
IND085-000335,2024-03-22,M5,noche,229,8,5.2,15.6,4.82,1,1,2227.16
IND085-000336,2024-03-22,M6,noche,780,30,3.8,14.9,4.36,1,0,0
IND085-000337,2024-03-22,M1,dia,590,13,4.4,18.4,2.29,0,0,0
IND085-000338,2024-03-23,M2,dia,678,14,5.0,0.5,3.65,1,0,0
IND085-000339,2024-03-23,M3,dia,715,12,6.4,37.6,2.86,0,0,0
IND085-000340,2024-03-23,M4,dia,769,19,3.0,13.7,1.85,0,0,0
IND085-000341,2024-03-23,M5,dia,766,21,6.9,13.5,6.39,0,1,525.39
IND085-000342,2024-03-24,M6,dia,726,25,6.5,5.2,4.51,0,0,0
IND085-000343,2024-03-24,M1,noche,410,5,6.7,16.6,2.72,0,0,0
IND085-000344,2024-03-24,M2,noche,679,19,5.3,33.5,3.27,0,0,0
IND085-000345,2024-03-24,M3,noche,214,3,4.7,45.9,3.73,0,0,0
IND085-000346,2024-03-25,M4,noche,353,7,4.0,43.4,2.85,0,0,0
IND085-000347,2024-03-25,M5,noche,798,30,7.1,2.7,4.21,0,1,684.04
IND085-000348,2024-03-25,M6,noche,511,24,7.3,39.5,2.99,0,0,0
IND085-000349,2024-03-25,M1,dia,314,3,7.9,6.1,2.02,0,0,0
IND085-000350,2024-03-26,M2,dia,222,6,6.6,49.1,3.28,0,0,0
IND085-000351,2024-03-26,M3,dia,271,7,6.6,1.9,3.21,0,0,0
IND085-000352,2024-03-26,M4,dia,430,14,5.6,80.0,4.14,0,0,0
IND085-000353,2024-03-26,M5,dia,668,18,8.0,0.8,3.88,0,1,1460.1
IND085-000354,2024-03-27,M6,dia,237,12,6.9,3.6,4.43,0,0,0
IND085-000355,2024-03-27,M1,noche,98,2,8.0,12.7,4.12,0,1,2983.5
IND085-000356,2024-03-27,M2,noche,85,2,3.1,78.7,1.37,1,0,0
IND085-000357,2024-03-27,M3,noche,457,9,6.4,33.5,0.26,0,0,0
IND085-000358,2024-03-27,M4,noche,790,28,6.7,9.4,1.14,0,0,0
IND085-000359,2024-03-28,M5,noche,477,16,6.9,33.5,3.39,0,1,2477.6
IND085-000360,2024-03-28,M6,noche,160,11,6.5,45.5,1.8,0,0,0
IND085-000361,2024-03-28,M1,dia,215,1,3.8,4.2,3.45,1,1,1357.91
IND085-000362,2024-03-28,M2,dia,747,21,4.8,13.2,1.52,0,0,0
IND085-000363,2024-03-29,M3,dia,260,3,5.9,21.9,1.99,1,0,0
IND085-000364,2024-03-29,M4,dia,192,8,5.7,13.0,4.43,1,0,0
IND085-000365,2024-03-29,M5,dia,761,23,3.7,60.1,3.11,0,1,2084.89
IND085-000366,2024-03-29,M6,dia,542,16,7.9,2.6,4.42,0,0,0
IND085-000367,2024-03-30,M1,noche,552,4,4.5,6.6,5.24,0,1,2685.27
IND085-000368,2024-03-30,M2,noche,99,3,6.4,13.9,3.07,0,0,0
IND085-000369,2024-03-30,M3,noche,376,10,4.7,14.4,2.64,0,0,0
IND085-000370,2024-03-30,M4,noche,373,16,5.6,24.2,1.63,0,0,0
IND085-000371,2024-03-31,M5,noche,392,13,6.4,24.7,3.5,1,1,2703.79
IND085-000372,2024-03-31,M6,noche,390,9,5.4,10.6,4.21,0,0,0
IND085-000373,2024-03-31,M1,dia,82,0,6.9,11.8,4.33,0,1,2146.04
IND085-000374,2024-03-31,M2,dia,245,7,5.1,31.6,2.28,0,0,0
IND085-000375,2024-04-01,M3,dia,210,5,6.3,1.3,1.94,0,0,0
IND085-000376,2024-04-01,M4,dia,677,26,5.4,28.4,5.15,0,0,0
IND085-000377,2024-04-01,M5,dia,638,18,4.7,44.6,4.39,0,1,2676.86
IND085-000378,2024-04-01,M6,dia,310,8,3.8,14.4,3.71,1,0,0
IND085-000379,2024-04-02,M1,noche,796,7,6.2,8.6,3.01,0,0,0
IND085-000380,2024-04-02,M2,noche,715,23,5.5,22.9,4.74,0,0,0
IND085-000381,2024-04-02,M3,noche,289,8,7.9,6.4,3.57,0,0,0
IND085-000382,2024-04-02,M4,noche,223,9,4.0,132.0,3.96,1,0,0
IND085-000383,2024-04-03,M5,noche,400,14,3.9,1.4,4.87,0,1,770.14
IND085-000384,2024-04-03,M6,noche,294,11,7.1,10.7,3.11,0,0,0
IND085-000385,2024-04-03,M1,dia,202,4,5.3,69.2,3.59,0,0,0
IND085-000386,2024-04-03,M2,dia,598,16,5.3,1.4,1.78,0,0,0
IND085-000387,2024-04-04,M3,dia,711,14,7.2,3.9,2.92,1,0,0
IND085-000388,2024-04-04,M4,dia,627,16,3.9,10.0,3.33,0,0,0
IND085-000389,2024-04-04,M5, DIA ,682,20,4.6,3.5,5.04,0,1,2254.45
IND085-000390,2024-04-04,M6,dia,476,15,5.1,3.9,3.2,0,0,0
IND085-000391,2024-04-05,M1,noche,460,8,4.9,9.4,1.44,0,0,0
IND085-000392,2024-04-05,M2,noche,223,5,4.8,10.5,2.26,0,0,0
IND085-000393,2024-04-05,M3,noche,485,9,3.3,24.6,3.04,0,0,0
IND085-000394,2024-04-05,M4,noche,680,18,4.6,11.2,3.27,0,0,0
IND085-000395,2024-04-06,M5,noche,341,6,5.1,12.9,1.56,0,0,0
IND085-000396,2024-04-06,M6,noche,476,22,5.8,2.7,4.28,0,0,0
IND085-000397,2024-04-06,M1,dia,474,9,6.6,19.4,4.1,0,0,0
IND085-000398,2024-04-06,M2,dia,635,12,3.7,0.9,2.04,0,0,0
IND085-000399,2024-04-06,M3,dia,386,4,3.7,6.8,2.07,0,0,0
IND085-000400,2024-04-07,M4,dia,490,16,5.9,0.4,2.74,0,0,0
IND085-000401,2024-04-07,M5,dia,477,12,6.6,1.8,2.84,1,0,0
IND085-000402,2024-04-07,M6,dia,483,27,4.5,10.8,3.03,0,0,0
IND085-000403,2024-04-07,M1,noche,465,5,6.2,59.5,0.1,0,0,0
IND085-000404,2024-04-08,M2,noche,123,1,6.3,21.8,2.4,0,0,0
IND085-000405,2024-04-08,M3,noche,372,5,5.3,51.6,4.57,0,0,0
IND085-000406,2024-04-08,M4,noche,483,18,3.9,0.4,2.41,0,0,0
IND085-000407,2024-04-08,M5,noche,552,16,3.8,5.6,4.42,0,0,0
IND085-000408,2024-04-09,M6,noche,186,8,3.6,18.5,4.26,0,0,0
IND085-000409,2024-04-09,M1,dia,757,14,4.3,2.6,1.33,0,0,0
IND085-000410,2024-04-09,M2,dia,664,12,3.7,59.8,3.71,0,0,0
IND085-000411,2024-04-09,M3,dia,557,7,6.5,25.3,4.93,0,0,0
IND085-000412,2024-04-10,M4,dia,717,23,7.4,4.3,3.27,0,0,0
IND085-000413,2024-04-10,M5,dia,165,8,6.3,46.1,2.84,0,0,0
IND085-000414,2024-04-10,M6,dia,534,24,5.6,35.7,4.72,0,0,0
IND085-000415,2024-04-10,M1,noche,176,4,7.2,2.5,3.23,0,0,0
IND085-000416,2024-04-11,M2,noche,124,4,5.7,3.5,,0,0,0
IND085-000417,2024-04-11,M3,noche,250,8,7.0,8.6,3.04,0,0,0
IND085-000418,2024-04-11,M4,noche,329,18,5.6,16.5,2.29,0,0,0
IND085-000419,2024-04-11,M5,noche,266,6,6.6,2.3,2.4,0,0,0
IND085-000420,2024-04-12,M6,noche,432,16,4.3,24.9,3.71,0,0,0
IND085-000421,2024-04-12,M1,dia,305,3,4.6,10.2,3.65,0,0,0
IND085-000422,2024-04-12,M2,dia,620,6,4.4,5.7,4.52,0,0,0
IND085-000423,2024-04-12,M3,dia,598,9,4.9,49.8,"1,13",0,0,0
IND085-000424,2024-04-13,M4,dia,329,13,7.8,22.9,3.29,0,0,0
IND085-000425,2024-04-13,M5,dia,267,9,6.0,15.2,3.75,0,0,0
IND085-000426,2024-04-13,M6,dia,714,26,4.2,9.8,5.38,0,0,0
IND085-000427,2024-04-13,M1,noche,420,4,5.3,8.7,2.47,1,0,0
IND085-000428,2024-04-14,M2,noche,606,15,5.8,10.3,4.43,0,0,0
IND085-000429,2024-04-14,M3,noche,419,12,5.4,4.1,4.01,0,0,0
IND085-000430,2024-04-14,M4,noche,529,15,3.4,3.2,2.76,0,0,0
IND085-000431,2024-04-14,M5,noche,153,2,3.9,26.5,3.79,1,0,0
IND085-000432,2024-04-15,M6,noche,91,2,4.3,24.2,3.66,1,0,0
IND085-000433,2024-04-15,M1,dia,648,10,5.8,1.3,2.09,0,0,0
IND085-000434,2024-04-15,M2,dia,477,15,7.3,27.5,1.7,0,0,0
IND085-000435,2024-04-15,M3,dia,627,10,5.9,17.6,1.4,0,0,0
IND085-000436,2024-04-15,M4,dia,462,9,5.0,25.3,3.11,0,0,0
IND085-000437,2024-04-16,M5,dia,489,7,3.4,3.2,2.78,1,0,0
IND085-000438,2024-04-16,M6,dia,494,22,6.3,42.9,2.82,0,0,0
IND085-000439,2024-04-16,M1,noche,659,5,6.1,4.1,1.66,0,0,0
IND085-000440,2024-04-16,M2,noche,508,11,5.7,16.9,4.25,0,0,0
IND085-000441,2024-04-17,M3,noche,287,5,5.3,1.0,3.57,0,0,0
IND085-000442,2024-04-17,M4,noche,662,18,7.7,9.0,2.15,0,0,0
IND085-000443,2024-04-17,M5,noche,662,23,5.1,6.5,5.62,0,0,0
IND085-000444,2024-04-17,M6,noche,799,33,7.3,9.4,5.65,0,0,0
IND085-000445,2024-04-18,M1,dia,297,3,7.1,4.7,2.7,0,0,0
IND085-000446,2024-04-18,M2,dia,94,6,7.2,6.7,3.49,0,0,0
IND085-000447,2024-04-18,M3,dia,115,1,7.0,4.6,3.64,0,0,0
IND085-000448,2024-04-18,M4,dia,749,27,6.9,11.1,3.98,0,0,0
IND085-000449,2024-04-19,M5,dia,506,15,7.4,21.7,2.68,0,0,0
IND085-000450,2024-04-19,M6,dia,624,22,6.0,18.6,3.78,1,0,0
IND085-000451,2024-04-19,M1,noche,602,6,7.2,10.4,1.66,0,0,0
IND085-000452,2024-04-19,M2,noche,235,7,6.2,2.6,2.46,0,0,0
IND085-000453,2024-04-20,M3,noche,746,16,6.1,147.3,3.36,0,0,0
IND085-000454,2024-04-20,M4,noche,420,15,7.6,9.3,4.23,1,0,0
IND085-000455,2024-04-20,M5,noche,256,6,4.9,11.3,2.47,0,0,0
IND085-000456,2024-04-20,M6,noche,453,24,4.6,15.7,4.77,0,0,0
IND085-000457,2024-04-21,M1,dia,500,7,4.8,4.6,2.12,0,0,0
IND085-000458,2024-04-21,M2,dia,382,11,3.1,27.0,3.14,0,0,0
IND085-000459,2024-04-21,M3,dia,448,9,5.6,15.5,2.99,0,0,0
IND085-000460,2024-04-21,M4,dia,453,16,7.8,3.3,3.97,0,0,0
IND085-000461,2024-04-22,M5,dia,235,6,7.9,8.5,5.06,0,0,0
IND085-000462,2024-04-22,M6,dia,402,20,4.8,26.1,3.24,1,0,0
IND085-000463,2024-04-22,M1,noche,128,0,3.9,6.0,1.24,0,0,0
IND085-000464,2024-04-22,M2,noche,234,5,6.3,8.9,0.58,1,0,0
IND085-000465,2024-04-23,M3,noche,415,10,6.8,4.0,3.92,0,0,0
IND085-000466,2024-04-23,M4,noche,738,27,7.6,2.0,2.3,0,0,0
IND085-000467,2024-04-23,M5,noche,193,7,4.4,37.1,2.74,0,0,0
IND085-000468,2024-04-23,M6,noche,447,14,6.7,14.3,3.45,1,0,0
IND085-000469,2024-04-24,M1,dia,689,8,7.0,0.4,3.4,0,0,0
IND085-000470,2024-04-24,M2,dia,353,6,7.6,0.0,1.18,0,0,0
IND085-000471,2024-04-24,M3,dia,576,8,3.8,9.7,5.18,0,0,0
IND085-000472,2024-04-24,M4,dia,183,9,6.8,5.9,4.38,0,0,0
IND085-000473,2024-04-25,M5,dia,284,6,5.0,120.5,4.43,0,0,0
IND085-000474,2024-04-25,M6,dia,145,8,4.4,17.5,4.3,1,0,0
IND085-000475,2024-04-25,M1,noche,645,8,7.2,12.1,1.98,0,0,0
IND085-000476,2024-04-25,M2,noche,423,10,7.6,11.0,1.7,0,0,0
IND085-000477,2024-04-25,M3,noche,326,8,8.0,4.5,3.71,0,0,0
IND085-000478,2024-04-26,M4,noche,141,6,6.1,28.7,2.09,0,0,0
IND085-000479,2024-04-26,M5,noche,473,15,5.7,10.6,0.91,0,0,0
IND085-000480,2024-04-26,M6,noche,346,10,4.2,25.9,4.22,0,0,0
IND085-000481,2024-04-26,M1,dia,671,11,3.6,0.9,1.45,0,0,0
IND085-000482,2024-04-27,M2,dia,341,8,5.4,14.7,4.73,0,0,0
IND085-000483,2024-04-27,M3,dia,597,18,5.3,19.4,4.03,0,0,0
IND085-000484,2024-04-27,M4,dia,176,4,5.8,3.8,3.15,0,0,0
IND085-000485,2024-04-27,M5,dia,133,4,7.5,4.1,3.88,0,0,0
IND085-000486,2024-04-28,M6, DIA ,572,18,5.4,17.4,1.86,0,0,0
IND085-000487,2024-04-28,M1,noche,406,1,6.5,1.9,3.03,0,0,0
IND085-000488,2024-04-28,M2,noche,518,13,6.6,36.9,4.98,1,0,0
IND085-000489,2024-04-28,M3,noche,269,6,4.8,5.3,4.0,1,0,0
IND085-000490,2024-04-29,M4,noche,531,20,6.4,9.2,6.26,0,1,1488.05
IND085-000491,2024-04-29,M5,noche,520,15,7.0,16.5,3.88,0,0,0
IND085-000492,2024-04-29,M6,noche,383,13,7.9,5.7,1.91,0,0,0
IND085-000493,2024-04-29,M1,dia,774,12,4.4,12.1,3.59,1,0,0
IND085-000494,2024-04-30,M2,dia,308,11,7.8,10.0,1.67,0,0,0
IND085-000495,2024-04-30,M3,dia,491,13,5.6,12.1,3.74,0,0,0
IND085-000496,2024-04-30,M4,dia,748,20,5.4,10.5,4.13,0,1,1567.59
IND085-000497,2024-04-30,M5,dia,744,25,3.5,21.2,2.58,1,0,0
IND085-000498,2024-05-01,M6,dia,91,3,5.9,78.0,4.79,0,0,0
IND085-000499,2024-05-01,M1,noche,494,9,7.9,7.3,,1,0,0
IND085-000500,2024-05-01,M2,noche,302,7,4.0,13.0,3.18,0,0,0
IND085-000501,2024-05-01,M3,noche,517,3,4.5,3.3,4.25,0,0,0
IND085-000502,2024-05-02,M4,noche,166,6,3.7,10.1,6.27,1,1,908.95
IND085-000503,2024-05-02,M5,noche,341,8,3.8,20.7,3.29,0,0,0
IND085-000504,2024-05-02,M6,noche,762,32,6.4,0.1,2.6,0,0,0
IND085-000505,2024-05-02,M1,dia,156,4,7.0,7.9,2.3,0,0,0
IND085-000506,2024-05-03,M2,dia,541,15,7.0,14.6,1.45,0,0,0
IND085-000507,2024-05-03,M3,dia,222,5,7.6,16.5,3.83,0,0,0
IND085-000508,2024-05-03,M4,dia,84,6,4.9,45.2,6.54,0,1,2509.08
IND085-000509,2024-05-03,M5,dia,479,12,7.4,7.2,3.72,0,0,0
IND085-000510,2024-05-04,M6,dia,91,1,6.9,16.9,2.62,0,0,0
IND085-000511,2024-05-04,M1,noche,684,10,3.0,0.8,3.9,0,0,0
IND085-000512,2024-05-04,M2,noche,250,8,7.5,11.2,2.27,1,0,0
IND085-000513,2024-05-04,M3,noche,262,7,7.8,48.9,2.43,0,0,0
IND085-000514,2024-05-05,M4,noche,103,4,6.7,5.6,1.95,1,0,0
IND085-000515,2024-05-05,M5,noche,713,17,6.2,92.9,2.37,0,0,0
IND085-000516,2024-05-05,M6,noche,732,26,7.6,20.2,3.37,1,0,0
IND085-000517,2024-05-05,M1,dia,328,10,5.6,10.6,1.88,1,0,0
IND085-000518,2024-05-05,M2,dia,743,23,7.6,1.8,2.48,0,0,0
IND085-000519,2024-05-06,M3,dia,657,13,4.7,71.1,3.26,0,0,0
IND085-000520,2024-05-06,M4,dia,526,19,5.3,3.1,3.7,0,0,0
IND085-000521,2024-05-06,M5,dia,109,3,7.5,10.9,4.65,0,0,0
IND085-000522,2024-05-06,M6,dia,772,31,7.2,7.3,3.93,1,0,0
IND085-000523,2024-05-07,M1,noche,371,4,4.8,3.0,2.16,0,0,0
IND085-000524,2024-05-07,M2,noche,302,12,3.9,0.5,1.48,1,0,0
IND085-000525,2024-05-07,M3,noche,287,4,7.1,41.3,3.12,0,0,0
IND085-000526,2024-05-07,M4,noche,377,9,7.5,18.0,2.23,0,0,0
IND085-000527,2024-05-08,M5,noche,134,1,3.5,28.5,5.89,0,0,0
IND085-000528,2024-05-08,M6,noche,793,32,6.6,26.3,3.1,0,0,0
IND085-000529,2024-05-08,M1,dia,789,11,5.5,0.4,2.37,0,0,0
IND085-000530,2024-05-08,M2,dia,498,18,6.7,8.4,2.68,0,0,0
IND085-000531,2024-05-09,M3,dia,294,8,3.8,25.6,1.89,0,0,0
IND085-000532,2024-05-09,M4,dia,347,6,4.8,2.3,3.08,0,0,0
IND085-000533,2024-05-09,M5,dia,784,22,3.1,8.8,2.71,1,0,0
IND085-000534,2024-05-09,M6,dia,215,6,3.7,20.2,4.23,0,0,0
IND085-000535,2024-05-10,M1,noche,550,7,4.4,28.9,1.3,0,0,0
IND085-000536,2024-05-10,M2,noche,632,13,4.5,37.8,1.93,0,0,0
IND085-000537,2024-05-10,M3,noche,714,15,5.7,21.4,2.62,0,0,0
IND085-000538,2024-05-10,M4,noche,508,19,7.8,3.4,4.93,0,0,0
IND085-000539,2024-05-11,M5,noche,784,26,5.2,6.5,2.44,0,0,0
IND085-000540,2024-05-11,M6,noche,695,28,4.1,15.1,2.69,0,0,0
IND085-000541,2024-05-11,M1,dia,399,9,7.8,10.7,1.95,1,0,0
IND085-000542,2024-05-11,M2,dia,513,8,6.3,38.7,3.57,0,0,0
IND085-000543,2024-05-12,M3,dia,553,12,7.5,18.9,3.82,0,0,0
IND085-000544,2024-05-12,M4,dia,273,6,5.0,63.0,3.05,1,0,0
IND085-000545,2024-05-12,M5,dia,125,3,3.6,3.1,3.92,0,0,0
IND085-000546,2024-05-12,M6,dia,370,18,6.3,7.5,4.55,0,0,0
IND085-000547,2024-05-13,M1,noche,763,13,5.1,33.6,1.07,0,0,0
IND085-000548,2024-05-13,M2,noche,682,17,6.6,3.4,2.15,0,0,0
IND085-000549,2024-05-13,M3,noche,745,12,6.6,11.5,4.22,0,0,0
IND085-000550,2024-05-13,M4,noche,251,10,7.4,2.2,4.71,0,0,0
IND085-000551,2024-05-14,M5,noche,206,6,3.8,8.9,4.65,0,0,0
IND085-000552,2024-05-14,M6,noche,208,9,5.0,12.4,4.27,0,0,0
IND085-000553,2024-05-14,M1,dia,309,4,4.2,8.0,3.04,0,0,0
IND085-000554,2024-05-14,M2,dia,638,9,6.6,50.6,1.57,0,0,0
IND085-000555,2024-05-14,M3,dia,650,11,5.8,11.6,4.21,0,0,0
IND085-000556,2024-05-15,M4,dia,472,13,6.7,20.7,4.41,0,0,0
IND085-000557,2024-05-15,M5,dia,214,6,6.7,0.1,3.61,1,0,0
IND085-000558,2024-05-15,M6,dia,102,4,3.7,41.0,3.66,0,0,0
IND085-000559,2024-05-15,M1,noche,679,10,7.9,23.4,2.75,0,0,0
IND085-000560,2024-05-16,M2,noche,530,15,5.5,21.0,4.05,0,0,0
IND085-000561,2024-05-16,M3,noche,142,1,4.3,25.5,2.96,0,0,0
IND085-000562,2024-05-16,M4,noche,670,21,6.8,15.6,3.9,0,0,0
IND085-000563,2024-05-16,M5,noche,584,15,5.1,21.5,2.49,0,0,0
IND085-000564,2024-05-17,M6,noche,523,22,3.6,22.6,3.49,0,0,0
IND085-000565,2024-05-17,M1,dia,473,9,6.2,12.7,1.14,0,0,0
IND085-000566,2024-05-17,M2,dia,141,1,3.0,12.1,3.31,0,0,0
IND085-000567,2024-05-17,M3,dia,649,15,6.4,22.2,2.4,0,0,0
IND085-000568,2024-05-18,M4,dia,346,10,4.1,16.8,2.37,0,0,0
IND085-000569,2024-05-18,M5,dia,551,20,3.3,0.4,2.38,0,0,0
IND085-000570,2024-05-18,M6,dia,227,5,3.6,9.9,4.52,0,0,0
IND085-000571,2024-05-18,M1,noche,666,11,4.9,5.1,5.04,0,0,0
IND085-000572,2024-05-19,M2,noche,299,2,5.1,18.2,2.39,0,0,0
IND085-000573,2024-05-19,M3,noche,351,6,6.5,19.5,3.86,0,0,0
IND085-000574,2024-05-19,M4,noche,110,6,4.3,45.4,2.15,0,0,0
IND085-000575,2024-05-19,M5,noche,397,8,7.8,10.6,2.53,0,0,0
IND085-000576,2024-05-20,M6,noche,642,28,3.8,2.8,3.6,1,0,0
IND085-000577,2024-05-20,M1,dia,601,12,7.7,2.1,3.34,0,0,0
IND085-000578,2024-05-20,M2,dia,192,7,6.0,10.6,3.36,0,0,0
IND085-000579,2024-05-20,M3,dia,542,9,3.1,5.3,4.22,0,0,0
IND085-000580,2024-05-21,M4,dia,243,6,6.6,6.7,4.77,0,0,0
IND085-000581,2024-05-21,M5,dia,705,19,4.3,18.4,4.26,0,0,0
IND085-000582,2024-05-21,M6,dia,585,22,4.2,13.3,,0,0,0
IND085-000583,2024-05-21,M1, NOCHE ,593,12,4.7,1.5,1.41,1,0,0
IND085-000584,2024-05-22,M2,noche,305,7,5.4,15.2,1.89,0,0,0
IND085-000585,2024-05-22,M3,noche,298,4,4.4,3.1,2.29,0,0,0
IND085-000586,2024-05-22,M4,noche,97,2,5.5,29.7,2.01,0,0,0
IND085-000587,2024-05-22,M5,noche,666,15,4.0,1.2,3.33,0,0,0
IND085-000588,2024-05-23,M6,noche,356,10,5.2,9.3,5.47,0,0,0
IND085-000589,2024-05-23,M1,dia,796,17,4.2,1.9,3.81,1,0,0
IND085-000590,2024-05-23,M2,dia,369,12,5.6,5.8,2.7,0,0,0
IND085-000591,2024-05-23,M3,dia,661,15,4.0,11.6,3.85,0,0,0
IND085-000592,2024-05-24,M4,dia,264,8,4.8,6.2,2.33,0,0,0
IND085-000593,2024-05-24,M5,dia,627,20,4.0,11.8,2.55,0,0,0
IND085-000594,2024-05-24,M6,dia,745,29,5.1,13.8,3.34,0,0,0
IND085-000595,2024-05-24,M1,noche,383,3,3.3,45.0,3.82,1,0,0
IND085-000596,2024-05-24,M2,noche,130,5,3.2,30.9,3.02,0,0,0
IND085-000597,2024-05-25,M3,noche,182,1,6.3,18.9,3.14,0,0,0
IND085-000598,2024-05-25,M4,noche,562,21,7.1,45.9,4.1,0,0,0
IND085-000599,2024-05-25,M5,noche,666,21,3.4,7.2,2.69,0,0,0
IND085-000600,2024-05-25,M6,noche,206,3,3.4,8.4,3.49,1,0,0
IND085-000601,2024-05-26,M1,dia,409,11,7.2,7.4,2.76,0,0,0
IND085-000602,2024-05-26,M2,dia,246,4,7.2,21.0,2.46,1,0,0
IND085-000603,2024-05-26,M3,dia,498,11,7.4,5.2,3.45,1,0,0
IND085-000604,2024-05-26,M4,dia,307,9,4.3,17.5,2.49,0,0,0
IND085-000605,2024-05-27,M5,dia,628,19,4.2,1.2,3.74,0,0,0
IND085-000606,2024-05-27,M6,dia,194,5,7.9,6.5,2.31,0,0,0
IND085-000607,2024-05-27,M1,noche,300,5,6.8,14.4,1.5,0,0,0
IND085-000608,2024-05-27,M2,noche,263,7,7.1,9.1,2.29,0,0,0
IND085-000609,2024-05-28,M3,noche,675,17,4.3,31.6,4.0,0,0,0
IND085-000610,2024-05-28,M4,noche,252,9,3.2,10.9,2.21,1,0,0
IND085-000611,2024-05-28,M5,noche,475,17,7.2,13.3,2.94,0,0,0
IND085-000612,2024-05-28,M6,noche,81,6,3.2,9.3,3.3,0,0,0
IND085-000613,2024-05-29,M1,dia,195,1,6.8,5.0,4.2,0,1,2491.94
IND085-000614,2024-05-29,M2,dia,387,6,6.3,37.5,1.48,0,0,0
IND085-000615,2024-05-29,M3,dia,115,1,5.6,11.2,2.75,0,0,0
IND085-000616,2024-05-29,M4,dia,252,6,7.3,3.2,2.59,0,0,0
IND085-000617,2024-05-30,M5,dia,531,18,3.1,16.2,3.85,0,0,0
IND085-000618,2024-05-30,M6,dia,735,23,7.6,15.2,1.4,0,0,0
IND085-000619,2024-05-30,M1,noche,338,5,4.4,5.4,5.77,0,1,406.28
IND085-000620,2024-05-30,M2,noche,698,26,5.4,21.6,4.6,0,1,1783.89
IND085-000621,2024-05-31,M3,noche,773,13,5.3,15.6,3.88,1,0,0
IND085-000622,2024-05-31,M4,noche,333,15,4.6,46.0,4.16,0,0,0
IND085-000623,2024-05-31,M5,noche,173,5,5.0,7.3,2.21,1,0,0
IND085-000624,2024-05-31,M6,noche,134,5,4.7,17.4,2.82,0,0,0
IND085-000625,2024-06-01,M1,dia,464,8,3.6,2.0,3.67,0,1,1424.61
IND085-000626,2024-06-01,M2,dia,456,10,7.7,6.6,3.76,0,1,802.05
IND085-000627,2024-06-01,M3,dia,697,14,5.2,17.6,3.42,0,0,0
IND085-000628,2024-06-01,M4,dia,560,16,7.3,5.4,4.22,0,0,0
IND085-000629,2024-06-02,M5,dia,725,22,7.4,13.3,2.57,0,0,0
IND085-000630,2024-06-02,M6,dia,102,2,6.1,8.6,4.4,1,0,0
IND085-000631,2024-06-02,M1,noche,280,5,4.4,52.5,4.11,0,1,1884.59
IND085-000632,2024-06-02,M2,noche,653,25,3.9,4.4,4.36,0,1,587.72
IND085-000633,2024-06-02,M3,noche,124,3,4.1,41.9,3.27,0,0,0
IND085-000634,2024-06-03,M4,noche,175,6,3.0,7.1,"1,58",0,0,0
IND085-000635,2024-06-03,M5,noche,763,24,6.8,18.7,2.77,0,0,0
IND085-000636,2024-06-03,M6,noche,273,7,3.6,1.9,1.49,0,0,0
IND085-000637,2024-06-03,M1,dia,130,0,6.2,6.4,3.54,1,1,598.32
IND085-000638,2024-06-04,M2,dia,255,8,4.6,14.7,2.74,0,1,480.18
IND085-000639,2024-06-04,M3,dia,425,11,3.3,14.5,3.69,0,0,0
IND085-000640,2024-06-04,M4,dia,461,19,4.9,48.4,2.34,0,0,0
IND085-000641,2024-06-04,M5,dia,382,7,6.1,23.6,2.34,0,0,0
IND085-000642,2024-06-05,M6,dia,189,5,3.7,50.0,2.67,0,0,0
IND085-000643,2024-06-05,M1,noche,161,1,6.7,10.1,4.07,0,0,0
IND085-000644,2024-06-05,M2,noche,341,10,6.9,0.9,4.48,0,1,2064.54
IND085-000645,2024-06-05,M3,noche,371,5,6.5,4.9,1.92,0,0,0
IND085-000646,2024-06-06,M4,noche,168,8,7.7,4.0,2.23,0,0,0
IND085-000647,2024-06-06,M5,noche,771,22,5.5,15.0,4.77,1,0,0
IND085-000648,2024-06-06,M6,noche,105,7,5.1,21.3,2.92,0,0,0
IND085-000649,2024-06-06,M1,dia,542,5,4.7,15.6,3.13,0,0,0
IND085-000650,2024-06-07,M2,dia,627,22,5.3,25.0,3.33,0,0,0
IND085-000651,2024-06-07,M3,dia,187,8,7.7,24.5,3.92,0,0,0
IND085-000652,2024-06-07,M4,dia,399,13,7.6,6.1,3.64,0,0,0
IND085-000653,2024-06-07,M5,dia,300,10,7.4,9.9,4.21,0,0,0
IND085-000654,2024-06-08,M6,dia,415,12,5.5,33.0,3.5,1,0,0
IND085-000655,2024-06-08,M1,noche,643,7,5.6,5.2,3.89,0,1,487.54
IND085-000656,2024-06-08,M2,noche,610,15,5.9,13.4,2.2,0,0,0
IND085-000657,2024-06-08,M3,noche,712,16,5.4,9.1,1.52,1,0,0
IND085-000658,2024-06-09,M4,noche,633,17,6.4,5.1,1.74,0,0,0
IND085-000659,2024-06-09,M5,noche,775,25,6.0,24.3,5.1,0,0,0
IND085-000660,2024-06-09,M6,noche,237,12,4.7,5.6,4.63,1,0,0
IND085-000661,2024-06-09,M1,dia,203,3,6.4,6.1,3.84,0,1,2068.76
IND085-000662,2024-06-10,M2,dia,475,14,4.1,35.7,3.46,0,1,1675.61
IND085-000663,2024-06-10,M3,dia,241,5,5.4,14.6,4.06,0,0,0
IND085-000664,2024-06-10,M4,dia,456,17,3.2,32.1,3.83,0,0,0
IND085-000665,2024-06-10,M5,dia,797,21,3.7,5.6,,0,1,1215.5
IND085-000666,2024-06-11,M6,dia,448,11,3.8,3.3,3.75,0,0,0
IND085-000667,2024-06-11,M1,noche,516,11,3.9,9.1,5.25,1,1,1442.09
IND085-000668,2024-06-11,M2,noche,366,14,5.2,18.3,3.89,0,1,2861.11
IND085-000669,2024-06-11,M3,noche,438,13,6.2,6.7,3.59,0,0,0
IND085-000670,2024-06-12,M4,noche,286,12,5.4,34.6,3.37,0,0,0
IND085-000671,2024-06-12,M5,noche,659,13,7.8,4.3,5.51,1,1,2760.72
IND085-000672,2024-06-12,M6,noche,538,18,5.4,20.7,2.54,0,0,0
IND085-000673,2024-06-12,M1,dia,292,6,6.4,6.6,3.79,0,1,271.36
IND085-000674,2024-06-12,M2,dia,248,8,3.8,38.7,3.61,0,1,1833.62
IND085-000675,2024-06-13,M3,dia,353,5,3.1,47.0,3.39,1,0,0
IND085-000676,2024-06-13,M4,dia,250,8,7.2,2.1,2.49,0,0,0
IND085-000677,2024-06-13,M5,dia,568,18,3.4,17.8,6.21,0,1,2272.47
IND085-000678,2024-06-13,M6,dia,128,8,4.5,23.2,2.23,1,0,0
IND085-000679,2024-06-14,M1,noche,268,4,5.9,11.0,2.29,0,1,2558.52
IND085-000680,2024-06-14,M2, NOCHE ,708,26,7.8,2.6,5.02,1,1,1511.03
IND085-000681,2024-06-14,M3,noche,186,3,4.3,32.2,2.35,0,0,0
IND085-000682,2024-06-14,M4,noche,381,13,5.0,2.0,3.46,0,0,0
IND085-000683,2024-06-15,M5,noche,86,4,6.2,14.4,4.38,0,1,1916.16
IND085-000684,2024-06-15,M6,noche,186,6,4.3,29.0,3.4,0,0,0
IND085-000685,2024-06-15,M1,dia,777,13,4.5,17.9,1.56,0,0,0
IND085-000686,2024-06-15,M2,dia,216,7,7.5,22.0,4.74,0,1,627.96
IND085-000687,2024-06-16,M3,dia,178,3,7.5,25.9,3.17,0,0,0
IND085-000688,2024-06-16,M4,dia,295,11,5.0,5.0,2.49,1,0,0
IND085-000689,2024-06-16,M5,dia,783,21,7.5,23.8,2.99,0,1,757.23
IND085-000690,2024-06-16,M6,dia,210,8,5.2,52.1,2.44,0,0,0
IND085-000691,2024-06-17,M1,noche,509,4,7.9,5.1,1.98,0,0,0
IND085-000692,2024-06-17,M2,noche,774,22,5.9,15.2,3.01,0,0,0
IND085-000693,2024-06-17,M3,noche,469,11,7.9,70.9,3.28,1,0,0
IND085-000694,2024-06-17,M4,noche,86,3,6.4,43.1,3.31,0,0,0
IND085-000695,2024-06-18,M5,noche,574,18,6.8,8.0,4.78,0,1,422.8
IND085-000696,2024-06-18,M6,noche,551,21,5.4,62.6,3.47,0,0,0
IND085-000697,2024-06-18,M1,dia,744,14,5.1,6.6,2.88,0,0,0
IND085-000698,2024-06-18,M2,dia,215,3,4.4,13.4,3.18,1,0,0
IND085-000699,2024-06-19,M3,dia,218,5,7.2,2.2,2.59,0,0,0
IND085-000700,2024-06-19,M4,dia,414,16,5.6,26.1,3.49,0,0,0
IND085-000701,2024-06-19,M5,dia,336,7,5.5,9.4,3.13,0,1,726.99
IND085-000702,2024-06-19,M6,dia,662,19,4.8,13.1,2.3,0,0,0
IND085-000703,2024-06-20,M1,noche,612,9,7.7,18.4,1.53,0,0,0
IND085-000704,2024-06-20,M2,noche,545,11,6.0,14.8,3.52,0,0,0
IND085-000705,2024-06-20,M3,noche,348,15,7.8,1.9,2.65,0,0,0
IND085-000706,2024-06-20,M4,noche,713,28,7.6,12.6,2.5,1,0,0
IND085-000707,2024-06-21,M5,noche,320,12,4.1,1.6,3.35,0,1,1340.53
IND085-000708,2024-06-21,M6,noche,542,16,5.8,11.6,4.32,0,0,0
IND085-000709,2024-06-21,M1,dia,354,4,4.4,15.9,4.21,1,0,0
IND085-000710,2024-06-21,M2,dia,703,22,7.5,42.2,3.84,0,0,0
IND085-000711,2024-06-22,M3,dia,563,13,7.4,3.9,1.97,0,0,0
IND085-000712,2024-06-22,M4,dia,365,10,8.0,28.2,2.76,1,0,0
IND085-000713,2024-06-22,M5,dia,594,14,6.5,6.7,4.49,0,1,707.56
IND085-000714,2024-06-22,M6,dia,256,10,3.7,22.1,3.56,0,0,0
IND085-000715,2024-06-22,M1,noche,510,13,3.4,52.3,3.82,0,0,0
IND085-000716,2024-06-23,M2,noche,353,13,5.2,1.0,2.76,0,0,0
IND085-000717,2024-06-23,M3,noche,468,10,7.8,4.6,2.8,1,0,0
IND085-000718,2024-06-23,M4,noche,462,15,6.2,1.2,2.43,0,0,0
IND085-000719,2024-06-23,M5,noche,308,7,4.4,6.8,3.15,0,0,0
IND085-000720,2024-06-24,M6,noche,776,21,4.5,2.6,3.33,0,0,0
IND085-000721,2024-06-24,M1,dia,441,8,6.6,14.5,3.77,0,0,0
IND085-000722,2024-06-24,M2,dia,400,11,7.9,18.4,2.01,1,0,0
IND085-000723,2024-06-24,M3,dia,203,5,6.0,21.8,4.73,0,0,0
IND085-000724,2024-06-25,M4,dia,647,26,3.3,2.2,3.92,0,0,0
IND085-000725,2024-06-25,M5,dia,606,14,6.9,2.8,5.07,0,0,0
IND085-000726,2024-06-25,M6,dia,387,15,4.9,14.3,6.62,0,0,0
IND085-000727,2024-06-25,M1,noche,710,14,5.7,3.4,2.43,0,0,0
IND085-000728,2024-06-26,M2,noche,372,10,7.7,50.2,3.95,1,0,0
IND085-000729,2024-06-26,M3,noche,635,15,5.2,21.1,2.19,0,0,0
IND085-000730,2024-06-26,M4,noche,293,13,4.4,18.6,3.06,0,0,0
IND085-000731,2024-06-26,M5,noche,483,14,5.9,1.0,5.09,1,0,0
IND085-000732,2024-06-27,M6,noche,206,3,6.9,13.3,3.95,0,0,0
IND085-000733,2024-06-27,M1,dia,278,6,7.3,36.2,1.99,0,0,0
IND085-000734,2024-06-27,M2,dia,206,4,6.3,10.5,1.74,0,0,0
IND085-000735,2024-06-27,M3,dia,732,12,6.0,20.0,3.67,0,0,0
IND085-000736,2024-06-28,M4,dia,96,5,5.2,4.1,2.44,1,0,0
IND085-000737,2024-06-28,M5,dia,681,15,3.7,20.3,2.75,0,0,0
IND085-000738,2024-06-28,M6,dia,509,22,4.1,12.1,4.42,0,0,0
IND085-000739,2024-06-28,M1,noche,94,0,5.5,11.9,2.53,0,0,0
IND085-000740,2024-06-29,M2,noche,336,5,4.8,4.0,2.32,0,0,0
IND085-000741,2024-06-29,M3,noche,535,14,5.9,22.3,5.37,0,0,0
IND085-000742,2024-06-29,M4,noche,615,10,3.8,4.9,3.64,0,0,0
IND085-000743,2024-06-29,M5,noche,342,5,6.7,37.9,0.38,0,0,0
IND085-000744,2024-06-30,M6,noche,270,10,4.6,2.4,3.35,0,0,0
IND085-000745,2024-06-30,M1,dia,384,8,7.8,9.0,2.93,0,0,0
IND085-000746,2024-06-30,M2,dia,129,4,3.8,0.3,5.67,0,0,0
IND085-000747,2024-06-30,M3,dia,319,7,7.2,0.4,1.96,0,0,0
IND085-000748,2024-07-01,M4,dia,565,15,7.0,15.9,,0,1,2852.52
IND085-000749,2024-07-01,M5,dia,187,7,3.5,12.7,2.3,0,0,0
IND085-000750,2024-07-01,M6,dia,776,31,3.2,4.6,2.87,0,0,0
IND085-000751,2024-07-01,M1,noche,362,9,7.2,8.9,2.0,0,0,0
IND085-000752,2024-07-01,M2,noche,731,18,3.4,4.1,4.28,0,0,0
IND085-000753,2024-07-02,M3,noche,399,8,3.0,14.3,3.06,0,0,0
IND085-000754,2024-07-02,M4,noche,311,15,4.6,7.7,4.06,1,1,280.85
IND085-000755,2024-07-02,M5,noche,459,15,3.9,6.1,3.24,0,0,0
IND085-000756,2024-07-02,M6,noche,427,21,3.6,6.2,3.88,0,0,0
IND085-000757,2024-07-03,M1,dia,424,4,5.5,3.4,2.9,1,0,0
IND085-000758,2024-07-03,M2,dia,326,12,5.5,51.5,1.91,0,0,0
IND085-000759,2024-07-03,M3,dia,645,13,6.6,19.5,2.84,0,0,0
IND085-000760,2024-07-03,M4,dia,341,10,7.6,54.7,3.72,1,1,953.39
IND085-000761,2024-07-04,M5,dia,588,13,4.3,14.4,3.97,1,0,0
IND085-000762,2024-07-04,M6,dia,163,5,6.4,16.0,4.21,1,0,0
IND085-000763,2024-07-04,M1,noche,203,4,3.5,4.4,3.25,0,0,0
IND085-000764,2024-07-04,M2,noche,763,21,7.8,16.7,4.27,0,0,0
IND085-000765,2024-07-05,M3,noche,85,2,4.2,5.5,2.38,0,0,0
IND085-000766,2024-07-05,M4,noche,84,2,5.3,18.8,3.23,0,1,2671.13
IND085-000767,2024-07-05,M5,noche,643,19,3.9,22.0,3.97,0,0,0
IND085-000768,2024-07-05,M6,noche,710,25,5.0,1.0,4.52,0,0,0
IND085-000769,2024-07-06,M1,dia,493,6,6.6,6.5,3.63,0,0,0
IND085-000770,2024-07-06,M2,dia,194,6,7.3,25.0,3.1,0,0,0
IND085-000771,2024-07-06,M3,dia,711,19,3.6,5.9,1.81,1,0,0
IND085-000772,2024-07-06,M4,dia,561,17,4.6,10.4,7.11,0,1,1881.27
IND085-000773,2024-07-07,M5,dia,579,15,5.0,45.2,4.38,0,0,0
IND085-000774,2024-07-07,M6,dia,575,24,3.8,50.5,2.77,0,0,0
IND085-000775,2024-07-07,M1,noche,81,1,7.7,7.8,2.21,0,0,0
IND085-000776,2024-07-07,M2,noche,459,8,5.4,2.3,2.53,0,0,0
IND085-000777,2024-07-08,M3, NOCHE ,700,24,4.0,3.9,4.61,0,0,0
IND085-000778,2024-07-08,M4,noche,334,17,5.3,33.7,3.9,0,0,0
IND085-000779,2024-07-08,M5,noche,483,12,7.1,22.1,3.14,0,0,0
IND085-000780,2024-07-08,M6,noche,787,35,3.5,43.9,2.22,0,0,0
IND085-000781,2024-07-09,M1,dia,775,8,3.5,23.8,3.32,1,0,0
IND085-000782,2024-07-09,M2,dia,744,17,7.7,2.1,3.7,0,0,0
IND085-000783,2024-07-09,M3,dia,91,1,5.3,6.4,3.79,1,0,0
IND085-000784,2024-07-09,M4,dia,781,26,4.7,9.9,3.34,0,0,0
IND085-000785,2024-07-10,M5,dia,307,6,3.1,17.6,3.79,1,0,0
IND085-000786,2024-07-10,M6,dia,442,13,7.0,123.2,3.48,0,0,0
IND085-000787,2024-07-10,M1,noche,295,1,5.3,18.5,3.0,0,0,0
IND085-000788,2024-07-10,M2,noche,260,7,7.8,23.0,3.24,0,0,0
IND085-000789,2024-07-11,M3,noche,550,15,6.7,6.4,3.22,0,0,0
IND085-000790,2024-07-11,M4,noche,189,5,5.1,19.4,1.61,0,0,0
IND085-000791,2024-07-11,M5,noche,108,1,5.2,4.0,7.6,0,0,0
IND085-000792,2024-07-11,M6,noche,476,25,7.1,0.4,6.61,0,0,0
IND085-000793,2024-07-11,M1,dia,744,14,5.3,0.1,4.34,0,0,0
IND085-000794,2024-07-12,M2,dia,526,18,4.4,5.7,1.93,0,0,0
IND085-000795,2024-07-12,M3,dia,206,3,3.6,11.6,4.15,0,0,0
IND085-000796,2024-07-12,M4,dia,550,18,5.8,5.9,4.53,0,0,0
IND085-000797,2024-07-12,M5,dia,778,25,6.9,54.3,3.15,0,0,0
IND085-000798,2024-07-13,M6,dia,535,18,5.1,26.0,3.23,1,0,0
IND085-000799,2024-07-13,M1,noche,618,11,5.4,15.0,1.8,1,0,0
IND085-000800,2024-07-13,M2,noche,627,20,5.7,3.8,1.83,0,0,0
IND085-000801,2024-07-13,M3,noche,434,11,4.1,20.5,2.84,0,0,0
IND085-000802,2024-07-14,M4,noche,317,7,5.3,18.1,2.64,0,0,0
IND085-000803,2024-07-14,M5,noche,234,10,6.4,0.4,3.7,0,0,0
IND085-000804,2024-07-14,M6,noche,585,23,3.8,3.5,4.13,0,0,0
IND085-000805,2024-07-14,M1,dia,239,7,7.6,22.0,2.62,0,0,0
IND085-000806,2024-07-15,M2,dia,111,2,5.1,7.8,1.97,0,0,0
IND085-000807,2024-07-15,M3,dia,541,10,6.5,16.3,3.43,0,0,0
IND085-000808,2024-07-15,M4,dia,429,19,7.0,13.2,1.84,0,0,0
IND085-000809,2024-07-15,M5,dia,293,7,7.5,11.0,4.55,0,0,0
IND085-000810,2024-07-16,M6,dia,466,10,7.2,27.9,5.53,0,1,424.86
IND085-000811,2024-07-16,M1,noche,758,9,6.2,32.0,3.99,0,0,0
IND085-000812,2024-07-16,M2,noche,192,2,3.7,5.2,3.01,0,0,0
IND085-000813,2024-07-16,M3,noche,505,12,3.7,45.9,1.7,0,0,0
IND085-000814,2024-07-17,M4,noche,318,9,6.6,2.5,4.22,1,0,0
IND085-000815,2024-07-17,M5,noche,98,1,7.4,5.6,3.05,0,0,0
IND085-000816,2024-07-17,M6,noche,734,26,6.1,10.8,3.06,0,1,977.3
IND085-000817,2024-07-17,M1,dia,206,2,5.2,18.3,2.68,0,0,0
IND085-000818,2024-07-18,M2,dia,626,18,3.4,25.1,2.84,0,0,0
IND085-000819,2024-07-18,M3,dia,745,15,7.9,5.4,2.19,0,0,0
IND085-000820,2024-07-18,M4,dia,725,25,3.8,23.8,3.72,0,0,0
IND085-000821,2024-07-18,M5,dia,173,3,4.0,17.0,2.18,0,0,0
IND085-000822,2024-07-19,M6,dia,216,8,8.0,4.6,4.56,0,1,2445.63
IND085-000823,2024-07-19,M1,noche,97,1,3.9,7.0,2.83,1,0,0
IND085-000824,2024-07-19,M2,noche,152,3,6.9,17.4,3.53,0,0,0
IND085-000825,2024-07-19,M3,noche,194,5,7.8,78.6,1.97,0,0,0
IND085-000826,2024-07-20,M4,noche,415,9,6.0,27.9,3.22,0,0,0
IND085-000827,2024-07-20,M5,noche,477,9,6.3,45.6,3.42,0,0,0
IND085-000828,2024-07-20,M6,noche,447,23,7.8,11.6,4.06,0,1,2637.9
IND085-000829,2024-07-20,M1,dia,661,5,7.0,14.1,1.59,0,0,0
IND085-000830,2024-07-20,M2,dia,337,8,6.2,22.6,3.06,0,0,0
IND085-000831,2024-07-21,M3,dia,645,5,7.5,51.1,,0,0,0
IND085-000832,2024-07-21,M4,dia,163,7,6.6,16.4,2.54,0,0,0
IND085-000833,2024-07-21,M5,dia,132,0,3.3,5.9,2.59,0,0,0
IND085-000834,2024-07-21,M6,dia,545,18,5.7,9.0,5.7,1,1,1189.27
IND085-000835,2024-07-22,M1,noche,362,4,5.7,8.3,2.8,0,0,0
IND085-000836,2024-07-22,M2,noche,649,19,4.0,18.1,3.62,0,0,0
IND085-000837,2024-07-22,M3,noche,151,2,3.6,3.0,3.22,0,0,0
IND085-000838,2024-07-22,M4,noche,205,4,6.5,16.1,3.27,1,0,0
IND085-000839,2024-07-23,M5,noche,403,8,5.2,2.5,3.34,1,0,0
IND085-000840,2024-07-23,M6,noche,104,4,6.5,3.1,3.36,0,0,0
IND085-000841,2024-07-23,M1,dia,613,3,6.1,36.2,1.05,0,0,0
IND085-000842,2024-07-23,M2,dia,570,18,8.0,0.1,2.63,0,0,0
IND085-000843,2024-07-24,M3,dia,506,12,5.1,29.2,2.81,0,0,0
IND085-000844,2024-07-24,M4,dia,153,6,6.6,68.3,2.52,0,0,0
IND085-000845,2024-07-24,M5,dia,254,11,7.9,8.6,"3,38",0,0,0
IND085-000846,2024-07-24,M6,dia,143,5,4.8,18.2,3.83,0,0,0
IND085-000847,2024-07-25,M1,noche,518,4,7.9,7.4,1.96,1,0,0
IND085-000848,2024-07-25,M2,noche,409,10,6.2,0.1,3.18,0,0,0
IND085-000849,2024-07-25,M3,noche,237,5,6.0,25.3,1.56,0,0,0
IND085-000850,2024-07-25,M4,noche,729,19,6.1,14.3,2.23,0,0,0
IND085-000851,2024-07-26,M5,noche,223,5,6.3,67.9,3.38,0,0,0
IND085-000852,2024-07-26,M6,noche,524,14,6.7,5.8,3.06,0,0,0
IND085-000853,2024-07-26,M1,dia,186,6,7.4,29.8,2.02,0,0,0
IND085-000854,2024-07-26,M2,dia,674,11,3.6,77.1,3.9,0,0,0
IND085-000855,2024-07-27,M3,dia,505,10,4.4,34.1,3.58,0,0,0
IND085-000856,2024-07-27,M4,dia,608,18,5.4,8.1,2.95,0,0,0
IND085-000857,2024-07-27,M5,dia,196,9,6.2,53.3,2.82,0,0,0
IND085-000858,2024-07-27,M6,dia,711,27,7.8,3.4,3.81,0,0,0
IND085-000859,2024-07-28,M1,noche,421,4,6.1,53.9,2.19,0,0,0
IND085-000860,2024-07-28,M2,noche,83,1,3.7,29.4,2.19,1,0,0
IND085-000861,2024-07-28,M3,noche,650,12,7.5,4.7,2.83,1,0,0
IND085-000862,2024-07-28,M4,noche,530,21,5.5,13.2,4.17,0,0,0
IND085-000863,2024-07-29,M5,noche,448,9,7.5,10.7,3.33,0,0,0
IND085-000864,2024-07-29,M6,noche,712,30,5.3,14.2,3.29,1,0,0
IND085-000865,2024-07-29,M1,dia,113,1,3.4,9.6,4.74,0,0,0
IND085-000866,2024-07-29,M2,dia,703,21,6.4,17.3,3.31,0,0,0
IND085-000867,2024-07-30,M3,dia,547,11,5.0,6.5,3.58,0,0,0
IND085-000868,2024-07-30,M4,dia,395,15,5.1,5.7,2.54,0,0,0
IND085-000869,2024-07-30,M5,dia,457,12,3.1,24.5,3.53,0,0,0
IND085-000870,2024-07-30,M6,dia,172,4,6.2,31.1,4.42,0,0,0
IND085-000871,2024-07-30,M1,noche,427,5,5.9,6.6,3.59,1,0,0
IND085-000872,2024-07-31,M2,noche,552,12,6.0,1.6,4.54,0,1,2186.32
IND085-000873,2024-07-31,M3,noche,243,3,5.5,2.0,3.68,1,0,0
IND085-000874,2024-07-31,M4, NOCHE ,692,20,6.1,25.3,5.63,0,0,0
IND085-000875,2024-07-31,M5,noche,611,16,3.4,18.4,3.11,0,0,0
IND085-000876,2024-08-01,M6,noche,359,15,6.6,12.7,4.14,0,1,1052.16
IND085-000877,2024-08-01,M1,dia,503,11,3.8,14.0,3.3,0,0,0
IND085-000878,2024-08-01,M2,dia,705,15,6.5,35.6,4.07,0,1,1754.67
IND085-000879,2024-08-01,M3,dia,367,4,3.2,28.1,4.12,1,0,0
IND085-000880,2024-08-02,M4,dia,792,30,5.4,45.0,1.84,0,0,0
IND085-000881,2024-08-02,M5,dia,564,14,6.4,16.7,3.84,0,0,0
IND085-000882,2024-08-02,M6,dia,592,20,4.0,13.9,3.93,0,1,1708.05
IND085-000883,2024-08-02,M1,noche,355,5,7.1,0.4,3.43,0,0,0
IND085-000884,2024-08-03,M2,noche,510,10,3.8,8.1,3.48,0,1,2298.44
IND085-000885,2024-08-03,M3,noche,558,13,5.9,8.8,3.3,0,0,0
IND085-000886,2024-08-03,M4,noche,772,19,7.5,40.7,1.59,0,0,0
IND085-000887,2024-08-03,M5,noche,179,6,6.1,85.2,4.76,0,0,0
IND085-000888,2024-08-04,M6,noche,723,37,5.0,9.9,4.74,0,1,855.79
IND085-000889,2024-08-04,M1,dia,753,18,4.8,7.8,2.51,0,0,0
IND085-000890,2024-08-04,M2,dia,356,14,5.8,0.7,4.86,0,1,1910.97
IND085-000891,2024-08-04,M3,dia,665,12,5.6,33.4,3.66,0,0,0
IND085-000892,2024-08-05,M4,dia,359,13,6.5,70.9,3.11,0,0,0
IND085-000893,2024-08-05,M5,dia,276,11,5.0,8.3,3.9,0,0,0
IND085-000894,2024-08-05,M6,dia,474,18,3.3,18.4,4.68,0,1,1874.0
IND085-000895,2024-08-05,M1,noche,760,7,5.1,0.3,1.92,0,0,0
IND085-000896,2024-08-06,M2,noche,672,22,8.0,0.2,1.92,0,0,0
IND085-000897,2024-08-06,M3,noche,119,4,8.0,0.5,1.97,0,0,0
IND085-000898,2024-08-06,M4,noche,643,17,6.3,8.8,4.84,0,0,0
IND085-000899,2024-08-06,M5,noche,532,13,6.8,8.8,2.33,1,0,0
IND085-000900,2024-08-07,M6,noche,528,19,5.5,9.3,5.75,1,1,479.31
IND085-000901,2024-08-07,M1,dia,581,12,5.0,0.6,3.09,0,0,0
IND085-000902,2024-08-07,M2,dia,197,10,7.8,48.6,2.96,0,0,0
IND085-000903,2024-08-07,M3,dia,113,2,4.6,0.2,3.07,0,0,0
IND085-000904,2024-08-08,M4,dia,306,9,3.4,25.4,3.67,0,0,0
IND085-000905,2024-08-08,M5,dia,145,4,6.0,15.4,3.85,0,0,0
IND085-000906,2024-08-08,M6,dia,367,15,4.2,11.9,4.58,0,0,0
IND085-000907,2024-08-08,M1,noche,129,4,5.4,13.2,3.14,0,0,0
IND085-000908,2024-08-09,M2,noche,510,13,3.0,27.2,3.71,0,0,0
IND085-000909,2024-08-09,M3,noche,274,5,7.6,14.5,3.3,0,0,0
IND085-000910,2024-08-09,M4,noche,116,3,3.4,6.2,3.32,0,0,0
IND085-000911,2024-08-09,M5,noche,384,12,7.5,2.8,3.57,0,0,0
IND085-000912,2024-08-09,M6,noche,452,25,4.3,40.0,3.27,0,0,0
IND085-000913,2024-08-10,M1,dia,446,3,4.1,47.7,1.79,0,0,0
IND085-000914,2024-08-10,M2,dia,792,14,4.3,2.0,,0,0,0
IND085-000915,2024-08-10,M3,dia,509,11,5.8,44.4,2.12,0,0,0
IND085-000916,2024-08-10,M4,dia,551,20,3.4,32.5,3.55,0,0,0
IND085-000917,2024-08-11,M5,dia,94,3,5.7,0.8,1.62,0,0,0
IND085-000918,2024-08-11,M6,dia,741,27,4.0,6.8,5.72,1,0,0
IND085-000919,2024-08-11,M1,noche,190,2,5.5,1.5,3.53,0,0,0
IND085-000920,2024-08-11,M2,noche,444,11,3.2,0.3,2.32,0,0,0
IND085-000921,2024-08-12,M3,noche,457,8,6.0,11.0,1.63,0,0,0
IND085-000922,2024-08-12,M4,noche,623,14,4.1,31.2,3.83,0,0,0
IND085-000923,2024-08-12,M5,noche,153,2,5.3,2.4,3.9,0,0,0
IND085-000924,2024-08-12,M6,noche,512,27,3.4,14.4,3.68,0,0,0
IND085-000925,2024-08-13,M1,dia,457,4,4.4,3.2,1.99,1,0,0
IND085-000926,2024-08-13,M2,dia,290,6,8.0,11.0,1.91,0,0,0
IND085-000927,2024-08-13,M3,dia,440,6,4.3,20.5,4.06,0,0,0
IND085-000928,2024-08-13,M4,dia,342,5,4.0,6.7,2.57,1,0,0
IND085-000929,2024-08-14,M5,dia,665,17,6.6,5.1,4.75,0,0,0
IND085-000930,2024-08-14,M6,dia,542,24,3.2,14.5,5.04,0,0,0
IND085-000931,2024-08-14,M1,noche,278,4,4.8,5.1,1.81,0,0,0
IND085-000932,2024-08-14,M2,noche,501,15,5.0,12.5,2.92,0,0,0
IND085-000933,2024-08-15,M3,noche,317,9,6.1,2.5,2.18,0,0,0
IND085-000934,2024-08-15,M4,noche,690,18,7.2,15.4,2.22,0,0,0
IND085-000935,2024-08-15,M5,noche,766,18,7.5,14.3,4.04,1,0,0
IND085-000936,2024-08-15,M6,noche,560,29,6.2,1.4,4.22,0,0,0
IND085-000937,2024-08-16,M1,dia,794,7,7.8,22.1,3.96,0,0,0
IND085-000938,2024-08-16,M2,dia,440,9,5.7,36.4,4.0,0,0,0
IND085-000939,2024-08-16,M3,dia,113,1,3.9,18.4,4.37,1,0,0
IND085-000940,2024-08-16,M4,dia,708,18,7.8,1.0,2.38,0,0,0
IND085-000941,2024-08-17,M5,dia,670,16,3.8,19.4,4.06,1,0,0
IND085-000942,2024-08-17,M6,dia,420,18,3.4,1.1,4.07,0,0,0
IND085-000943,2024-08-17,M1,noche,747,6,5.2,5.8,2.7,0,0,0
IND085-000944,2024-08-17,M2,noche,336,8,4.1,28.4,1.01,0,0,0
IND085-000945,2024-08-18,M3,noche,559,12,5.7,18.8,4.51,0,0,0
IND085-000946,2024-08-18,M4,noche,797,27,6.7,24.0,1.97,1,0,0
IND085-000947,2024-08-18,M5,noche,598,12,7.1,24.5,4.31,1,0,0
IND085-000948,2024-08-18,M6,noche,224,4,6.6,16.7,3.68,0,0,0
IND085-000949,2024-08-18,M1,dia,86,2,5.6,43.3,1.04,1,0,0
IND085-000950,2024-08-19,M2,dia,660,18,6.6,25.9,0.61,0,0,0
IND085-000951,2024-08-19,M3,dia,703,9,6.2,0.9,1.8,0,0,0
IND085-000952,2024-08-19,M4,dia,195,6,7.3,68.7,2.74,0,0,0
IND085-000953,2024-08-19,M5,dia,623,20,6.7,18.9,3.16,0,0,0
IND085-000954,2024-08-20,M6,dia,348,14,5.7,37.5,3.44,0,0,0
IND085-000955,2024-08-20,M1,noche,598,7,5.5,16.9,2.77,0,0,0
IND085-000956,2024-08-20,M2,noche,110,3,7.8,0.3,1.8,0,0,0
IND085-000957,2024-08-20,M3,noche,205,4,7.8,6.5,3.55,0,0,0
IND085-000958,2024-08-21,M4,noche,618,18,4.5,8.8,2.62,0,0,0
IND085-000959,2024-08-21,M5,noche,780,23,4.3,10.1,3.5,0,0,0
IND085-000960,2024-08-21,M6,noche,768,28,5.9,19.6,4.08,0,0,0
IND085-000961,2024-08-21,M1,dia,754,12,7.1,48.9,2.46,1,0,0
IND085-000962,2024-08-22,M2,dia,454,10,7.6,33.3,3.2,1,0,0
IND085-000963,2024-08-22,M3,dia,470,13,7.8,22.9,1.52,0,0,0
IND085-000964,2024-08-22,M4,dia,198,4,7.5,31.8,3.0,0,0,0
IND085-000965,2024-08-22,M5,dia,186,3,5.0,0.7,3.58,0,0,0
IND085-000966,2024-08-23,M6,dia,207,6,7.0,48.0,2.83,0,0,0
IND085-000967,2024-08-23,M1,noche,428,4,3.7,7.9,3.28,0,0,0
IND085-000968,2024-08-23,M2,noche,200,4,5.7,79.7,1.19,1,0,0
IND085-000969,2024-08-23,M3,noche,633,13,3.2,3.7,1.34,0,0,0
IND085-000970,2024-08-24,M4,noche,773,28,6.2,13.3,2.85,0,0,0
IND085-000971,2024-08-24,M5, NOCHE ,722,23,3.3,13.0,2.96,1,0,0
IND085-000972,2024-08-24,M6,noche,184,4,6.7,1.4,3.86,1,0,0
IND085-000973,2024-08-24,M1,dia,353,5,5.6,39.7,2.41,0,0,0
IND085-000974,2024-08-25,M2,dia,436,17,6.4,2.6,1.76,0,0,0
IND085-000975,2024-08-25,M3,dia,777,15,6.1,30.8,1.32,0,0,0
IND085-000976,2024-08-25,M4,dia,151,9,5.0,1.7,3.87,1,0,0
IND085-000977,2024-08-25,M5,dia,504,14,3.9,0.6,3.1,0,0,0
IND085-000978,2024-08-26,M6,dia,118,7,5.9,11.5,3.3,0,0,0
IND085-000979,2024-08-26,M1,noche,177,3,3.6,2.3,3.6,0,0,0
IND085-000980,2024-08-26,M2,noche,330,11,5.5,34.8,2.31,0,0,0
IND085-000981,2024-08-26,M3,noche,687,21,4.6,29.9,3.02,0,0,0
IND085-000982,2024-08-27,M4,noche,448,11,3.1,7.6,4.12,0,0,0
IND085-000983,2024-08-27,M5,noche,535,15,5.3,0.1,1.84,1,0,0
IND085-000984,2024-08-27,M6,noche,495,19,3.2,6.6,3.42,0,0,0
IND085-000985,2024-08-27,M1,dia,80,2,4.8,0.1,2.7,1,0,0
IND085-000986,2024-08-28,M2,dia,575,21,4.9,0.3,3.39,1,0,0
IND085-000987,2024-08-28,M3,dia,85,0,7.4,15.1,1.7,0,0,0
IND085-000988,2024-08-28,M4,dia,666,16,5.6,48.0,2.17,0,0,0
IND085-000989,2024-08-28,M5,dia,285,12,6.5,33.8,5.13,0,0,0
IND085-000990,2024-08-28,M6,dia,437,15,7.4,31.8,4.72,1,0,0
IND085-000991,2024-08-29,M1,noche,172,0,6.9,20.1,1.99,0,0,0
IND085-000992,2024-08-29,M2,noche,780,24,3.9,12.6,2.86,0,0,0
IND085-000993,2024-08-29,M3,noche,767,20,3.4,5.1,4.67,0,1,1109.65
IND085-000994,2024-08-29,M4,noche,540,19,6.4,2.5,3.49,0,0,0
IND085-000995,2024-08-30,M5,noche,263,3,7.3,37.2,4.1,0,0,0
IND085-000996,2024-08-30,M6,noche,128,3,3.9,39.0,5.06,0,0,0
IND085-000997,2024-08-30,M1,dia,590,8,4.0,46.9,,0,0,0
IND085-000998,2024-08-30,M2,dia,681,13,7.8,19.5,1.52,0,0,0
IND085-000999,2024-08-31,M3,dia,484,9,7.5,8.8,5.61,0,1,1342.43
IND085-001000,2024-08-31,M4,dia,272,6,4.7,4.1,2.1,0,0,0
IND085-001001,2024-08-31,M5,dia,492,9,7.9,30.9,5.1,0,0,0
IND085-001002,2024-08-31,M6,dia,215,8,6.8,1.7,5.06,0,0,0
IND085-001003,2024-09-01,M1,noche,247,5,4.5,4.2,2.57,0,0,0
IND085-001004,2024-09-01,M2,noche,160,5,6.4,41.3,2.83,0,0,0
IND085-001005,2024-09-01,M3,noche,384,13,3.1,7.7,3.25,1,1,2582.58
IND085-001006,2024-09-01,M4,noche,562,14,4.0,13.2,4.37,0,0,0
IND085-001007,2024-09-02,M5,noche,292,12,6.7,5.6,3.84,0,0,0
IND085-001008,2024-09-02,M6,noche,786,27,7.2,7.1,1.94,1,0,0
IND085-001009,2024-09-02,M1,dia,166,5,4.8,7.8,0.6,0,0,0
IND085-001010,2024-09-02,M2,dia,433,12,6.2,64.4,2.12,0,0,0
IND085-001011,2024-09-03,M3,dia,719,8,3.5,9.8,5.38,0,1,857.38
IND085-001012,2024-09-03,M4,dia,295,9,4.5,0.7,4.95,0,0,0
IND085-001013,2024-09-03,M5,dia,270,8,3.7,22.0,1.7,0,0,0
IND085-001014,2024-09-03,M6,dia,700,37,7.9,0.1,3.45,1,0,0
IND085-001015,2024-09-04,M1,noche,521,7,3.3,5.2,3.58,0,0,0
IND085-001016,2024-09-04,M2,noche,369,7,7.1,8.8,2.29,0,0,0
IND085-001017,2024-09-04,M3,noche,639,8,5.5,5.6,2.53,0,1,1665.26
IND085-001018,2024-09-04,M4,noche,313,10,7.1,2.7,1.93,0,0,0
IND085-001019,2024-09-05,M5,noche,716,15,5.6,41.7,3.35,0,0,0
IND085-001020,2024-09-05,M6,noche,580,19,3.5,11.5,4.34,0,1,1251.69
IND085-001021,2024-09-05,M1,dia,542,5,3.8,15.4,3.09,0,0,0
IND085-001022,2024-09-05,M2,dia,717,13,7.0,1.1,3.08,0,0,0
IND085-001023,2024-09-06,M3,dia,746,21,3.9,39.7,3.48,0,0,0
IND085-001024,2024-09-06,M4,dia,395,6,5.2,4.5,2.95,0,0,0
IND085-001025,2024-09-06,M5,dia,200,9,5.9,17.7,4.86,0,0,0
IND085-001026,2024-09-06,M6,dia,256,12,7.3,17.7,4.92,0,1,2066.1
IND085-001027,2024-09-07,M1,noche,625,8,5.5,13.4,3.17,0,0,0
IND085-001028,2024-09-07,M2,noche,446,10,6.6,27.3,3.63,0,0,0
IND085-001029,2024-09-07,M3,noche,286,5,3.6,0.7,3.29,0,0,0
IND085-001030,2024-09-07,M4,noche,686,23,4.8,32.6,2.01,0,0,0
IND085-001031,2024-09-07,M5,noche,297,9,4.9,7.6,5.27,0,1,2697.91
IND085-001032,2024-09-08,M6,noche,524,22,5.2,31.9,4.85,0,1,2171.1
IND085-001033,2024-09-08,M1,dia,105,1,6.1,83.8,1.51,1,0,0
IND085-001034,2024-09-08,M2,dia,374,14,4.1,29.2,3.86,1,0,0
IND085-001035,2024-09-08,M3,dia,200,2,3.6,6.9,2.95,0,0,0
IND085-001036,2024-09-09,M4,dia,363,22,3.9,27.6,4.43,0,0,0
IND085-001037,2024-09-09,M5,dia,501,17,3.4,20.6,3.82,0,1,2784.21
IND085-001038,2024-09-09,M6,dia,211,7,6.4,28.5,5.49,0,1,1451.14
IND085-001039,2024-09-09,M1,noche,194,7,6.2,5.0,3.07,0,0,0
IND085-001040,2024-09-10,M2,noche,217,8,3.1,22.4,3.11,0,0,0
IND085-001041,2024-09-10,M3,noche,248,3,7.6,3.6,1.01,1,0,0
IND085-001042,2024-09-10,M4,noche,536,16,7.8,7.3,3.26,0,0,0
IND085-001043,2024-09-10,M5,noche,316,10,5.2,33.8,4.7,1,1,2462.78
IND085-001044,2024-09-11,M6,noche,543,19,4.1,21.2,5.22,1,0,0
IND085-001045,2024-09-11,M1,dia,161,1,7.9,21.8,1.69,0,0,0
IND085-001046,2024-09-11,M2,dia,321,7,3.4,1.4,2.51,0,0,0
IND085-001047,2024-09-11,M3,dia,306,7,7.6,5.4,4.92,0,1,2680.07
IND085-001048,2024-09-12,M4,dia,104,3,4.1,6.5,3.79,0,0,0
IND085-001049,2024-09-12,M5,dia,644,20,6.7,10.6,4.9,1,1,2562.07
IND085-001050,2024-09-12,M6,dia,717,20,4.9,10.5,3.46,1,0,0
IND085-001051,2024-09-12,M1,noche,131,2,6.9,7.9,2.4,1,0,0
IND085-001052,2024-09-13,M2,noche,637,7,5.3,43.5,4.18,1,0,0
IND085-001053,2024-09-13,M3,noche,505,11,6.1,10.0,5.32,0,1,1689.29
IND085-001054,2024-09-13,M4,noche,727,15,5.2,19.9,5.01,0,0,0
IND085-001055,2024-09-13,M5,noche,262,7,5.7,8.1,6.95,0,1,292.39
IND085-001056,2024-09-14,M6,noche,89,4,7.6,7.2,"2,87",0,0,0
IND085-001057,2024-09-14,M1,dia,355,3,5.0,45.0,0.99,1,0,0
IND085-001058,2024-09-14,M2,dia,82,1,5.3,38.0,3.51,0,0,0
IND085-001059,2024-09-14,M3,dia,450,5,6.7,6.7,5.02,0,1,1370.56
IND085-001060,2024-09-15,M4,dia,452,19,4.4,10.4,3.97,1,0,0
IND085-001061,2024-09-15,M5,dia,468,6,6.4,6.8,4.42,0,0,0
IND085-001062,2024-09-15,M6,dia,580,26,7.7,20.4,3.58,0,0,0
IND085-001063,2024-09-15,M1,noche,148,0,7.6,32.2,3.32,1,0,0
IND085-001064,2024-09-16,M2,noche,407,16,3.3,9.3,3.77,0,0,0
IND085-001065,2024-09-16,M3,noche,764,23,4.8,0.1,4.95,0,1,1023.79
IND085-001066,2024-09-16,M4,noche,295,12,7.0,75.4,3.39,0,0,0
IND085-001067,2024-09-16,M5,noche,149,3,5.9,18.9,3.98,0,0,0
IND085-001068,2024-09-16,M6, NOCHE ,519,17,6.3,11.9,3.07,0,0,0
IND085-001069,2024-09-17,M1,dia,147,1,3.2,9.1,2.09,0,0,0
IND085-001070,2024-09-17,M2,dia,500,17,3.3,3.0,1.68,0,0,0
IND085-001071,2024-09-17,M3,dia,545,18,4.8,18.3,4.42,0,1,304.38
IND085-001072,2024-09-17,M4,dia,281,9,6.0,6.0,3.66,0,0,0
IND085-001073,2024-09-18,M5,dia,471,11,4.9,1.8,3.16,0,0,0
IND085-001074,2024-09-18,M6,dia,559,12,6.6,0.5,4.88,0,0,0
IND085-001075,2024-09-18,M1,noche,313,1,7.0,10.9,2.26,0,0,0
IND085-001076,2024-09-18,M2,noche,599,14,4.5,23.2,3.01,0,0,0
IND085-001077,2024-09-19,M3,noche,600,10,5.0,5.0,2.66,0,0,0
IND085-001078,2024-09-19,M4,noche,112,0,5.5,7.6,3.01,0,0,0
IND085-001079,2024-09-19,M5,noche,793,22,3.3,26.1,3.3,1,0,0
IND085-001080,2024-09-19,M6,noche,596,28,4.1,0.8,,0,0,0
IND085-001081,2024-09-20,M1,dia,698,7,7.1,2.6,3.53,1,0,0
IND085-001082,2024-09-20,M2,dia,286,5,5.9,38.7,2.88,0,0,0
IND085-001083,2024-09-20,M3,dia,117,2,4.1,3.5,2.8,0,0,0
IND085-001084,2024-09-20,M4,dia,225,5,7.0,1.7,1.93,0,0,0
IND085-001085,2024-09-21,M5,dia,517,11,6.1,34.2,0.1,1,0,0
IND085-001086,2024-09-21,M6,dia,637,26,6.0,14.6,4.35,0,0,0
IND085-001087,2024-09-21,M1,noche,316,5,5.2,27.8,3.2,0,0,0
IND085-001088,2024-09-21,M2,noche,667,12,4.9,3.6,3.18,0,0,0
IND085-001089,2024-09-22,M3,noche,445,6,6.9,16.8,2.93,0,0,0
IND085-001090,2024-09-22,M4,noche,378,14,3.1,22.0,3.69,0,0,0
IND085-001091,2024-09-22,M5,noche,714,19,3.3,57.5,4.06,0,0,0
IND085-001092,2024-09-22,M6,noche,375,6,3.7,44.4,2.88,0,0,0
IND085-001093,2024-09-23,M1,dia,162,1,6.5,41.5,1.49,0,0,0
IND085-001094,2024-09-23,M2,dia,219,5,4.7,72.8,2.68,0,0,0
IND085-001095,2024-09-23,M3,dia,140,6,6.5,16.9,4.03,0,0,0
IND085-001096,2024-09-23,M4,dia,381,14,4.2,1.2,3.97,0,0,0
IND085-001097,2024-09-24,M5,dia,388,7,3.0,26.4,4.82,1,0,0
IND085-001098,2024-09-24,M6,dia,393,14,5.9,10.6,4.15,0,0,0
IND085-001099,2024-09-24,M1,noche,161,1,3.3,34.0,2.3,0,0,0
IND085-001100,2024-09-24,M2,noche,514,13,7.5,18.3,2.29,0,0,0
IND085-001101,2024-09-25,M3,noche,670,15,4.2,4.4,3.19,0,0,0
IND085-001102,2024-09-25,M4,noche,299,7,4.1,7.2,3.99,0,0,0
IND085-001103,2024-09-25,M5,noche,314,10,5.0,2.7,3.11,1,0,0
IND085-001104,2024-09-25,M6,noche,571,18,5.1,59.0,3.6,0,0,0
IND085-001105,2024-09-26,M1,dia,412,5,5.8,21.0,2.95,0,0,0
IND085-001106,2024-09-26,M2,dia,487,17,6.8,39.9,2.34,0,0,0
IND085-001107,2024-09-26,M3,dia,241,5,3.3,6.4,3.33,0,0,0
IND085-001108,2024-09-26,M4,dia,391,11,3.0,12.2,2.45,0,0,0
IND085-001109,2024-09-26,M5,dia,423,12,4.3,30.1,3.85,0,0,0
IND085-001110,2024-09-27,M6,dia,546,26,6.7,23.0,5.16,0,0,0
IND085-001111,2024-09-27,M1,noche,635,10,5.7,1.0,2.48,0,0,0
IND085-001112,2024-09-27,M2,noche,482,13,4.2,30.0,2.85,0,0,0
IND085-001113,2024-09-27,M3,noche,362,6,3.1,14.7,3.12,0,0,0
IND085-001114,2024-09-28,M4,noche,660,19,4.3,8.0,1.3,0,0,0
IND085-001115,2024-09-28,M5,noche,607,9,4.3,0.0,4.84,0,0,0
IND085-001116,2024-09-28,M6,noche,591,20,6.7,20.0,3.29,0,0,0
IND085-001117,2024-09-28,M1,dia,725,13,4.3,13.3,3.86,0,0,0
IND085-001118,2024-09-29,M2,dia,604,17,6.9,3.9,4.44,0,0,0
IND085-001119,2024-09-29,M3,dia,402,12,4.5,2.2,4.05,0,0,0
IND085-001120,2024-09-29,M4,dia,728,22,7.0,15.8,2.74,0,0,0
IND085-001121,2024-09-29,M5,dia,601,11,7.5,25.5,4.24,0,0,0
IND085-001122,2024-09-30,M6,dia,427,22,5.1,83.8,3.33,1,0,0
IND085-001123,2024-09-30,M1,noche,779,17,3.1,2.2,2.01,0,0,0
IND085-001124,2024-09-30,M2,noche,350,5,7.1,28.6,3.05,1,0,0
IND085-001125,2024-09-30,M3,noche,220,7,5.0,9.1,2.46,0,0,0
IND085-001126,2024-10-01,M4,noche,616,18,6.4,12.1,2.51,0,0,0
IND085-001127,2024-10-01,M5,noche,783,15,3.8,59.5,4.43,0,0,0
IND085-001128,2024-10-01,M6,noche,141,10,4.6,6.3,2.4,1,0,0
IND085-001129,2024-10-01,M1,dia,300,4,7.1,46.8,2.55,0,0,0
IND085-001130,2024-10-02,M2,dia,370,8,7.3,2.6,2.21,0,0,0
IND085-001131,2024-10-02,M3,dia,617,16,3.0,3.0,4.44,1,0,0
IND085-001132,2024-10-02,M4,dia,103,2,6.7,32.0,4.57,0,0,0
IND085-001133,2024-10-02,M5,dia,658,15,4.9,22.9,4.14,0,0,0
IND085-001134,2024-10-03,M6,dia,473,21,7.4,0.9,4.07,0,0,0
IND085-001135,2024-10-03,M1,noche,229,3,6.7,11.2,3.1,0,0,0
IND085-001136,2024-10-03,M2,noche,654,12,7.9,44.3,3.51,0,0,0
IND085-001137,2024-10-03,M3,noche,767,12,5.6,1.9,3.64,0,0,0
IND085-001138,2024-10-04,M4,noche,163,9,3.9,11.4,2.04,0,0,0
IND085-001139,2024-10-04,M5,noche,136,2,4.8,1.5,3.18,0,0,0
IND085-001140,2024-10-04,M6,noche,510,16,3.5,14.2,2.54,0,0,0
IND085-001141,2024-10-04,M1,dia,701,6,4.5,13.8,1.7,0,0,0
IND085-001142,2024-10-05,M2,dia,476,17,3.1,20.4,2.65,0,0,0
IND085-001143,2024-10-05,M3,dia,460,8,7.0,16.8,2.74,1,0,0
IND085-001144,2024-10-05,M4,dia,113,4,5.6,20.8,3.25,0,0,0
IND085-001145,2024-10-05,M5,dia,649,19,3.5,4.7,2.19,0,0,0
IND085-001146,2024-10-05,M6,dia,453,10,5.9,12.0,2.2,0,0,0
IND085-001147,2024-10-06,M1,noche,376,5,4.6,4.4,3.98,0,0,0
IND085-001148,2024-10-06,M2,noche,501,11,6.0,1.7,2.33,1,0,0
IND085-001149,2024-10-06,M3,noche,333,13,3.7,28.9,1.12,0,0,0
IND085-001150,2024-10-06,M4,noche,158,4,5.4,12.6,2.69,0,0,0
IND085-001151,2024-10-07,M5,noche,174,3,3.1,2.1,3.75,0,0,0
IND085-001152,2024-10-07,M6,noche,158,7,5.6,13.8,3.13,1,0,0
IND085-001153,2024-10-07,M1,dia,644,11,4.4,2.0,3.21,0,0,0
IND085-001154,2024-10-07,M2,dia,681,24,4.9,21.3,3.11,0,0,0
IND085-001155,2024-10-08,M3,dia,319,10,3.3,4.6,3.31,1,0,0
IND085-001156,2024-10-08,M4,dia,759,28,7.2,39.7,3.21,0,0,0
IND085-001157,2024-10-08,M5,dia,262,7,4.6,11.2,4.6,0,0,0
IND085-001158,2024-10-08,M6,dia,96,6,3.5,91.1,3.84,0,0,0
IND085-001159,2024-10-09,M1,noche,625,6,7.7,19.7,3.41,0,0,0
IND085-001160,2024-10-09,M2,noche,242,9,3.3,17.3,3.29,0,0,0
IND085-001161,2024-10-09,M3,noche,800,14,5.3,1.8,1.75,0,0,0
IND085-001162,2024-10-09,M4,noche,583,15,5.6,5.4,3.5,0,0,0
IND085-001163,2024-10-10,M5,noche,529,16,4.8,17.8,,0,0,0
IND085-001164,2024-10-10,M6,noche,412,12,3.4,17.2,4.08,0,0,0
IND085-001165,2024-10-10,M1, DIA ,716,13,5.0,6.0,3.28,0,0,0
IND085-001166,2024-10-10,M2,dia,773,12,6.1,41.7,2.7,0,0,0
IND085-001167,2024-10-11,M3,dia,82,0,6.1,1.8,3.44,0,0,0
IND085-001168,2024-10-11,M4,dia,534,17,5.6,19.6,3.7,0,0,0
IND085-001169,2024-10-11,M5,dia,311,7,6.0,9.2,2.75,0,0,0
IND085-001170,2024-10-11,M6,dia,300,16,4.8,49.0,2.24,0,0,0
IND085-001171,2024-10-12,M1,noche,384,6,6.8,45.0,2.62,0,0,0
IND085-001172,2024-10-12,M2,noche,468,12,6.6,10.8,2.73,0,0,0
IND085-001173,2024-10-12,M3,noche,372,8,6.7,16.9,2.98,1,0,0
IND085-001174,2024-10-12,M4,noche,209,6,5.7,0.1,3.24,1,0,0
IND085-001175,2024-10-13,M5,noche,158,5,7.0,1.3,3.4,1,0,0
IND085-001176,2024-10-13,M6,noche,783,28,6.3,10.1,5.05,0,0,0
IND085-001177,2024-10-13,M1,dia,403,7,4.0,22.8,4.07,1,0,0
IND085-001178,2024-10-13,M2,dia,124,3,5.4,26.7,3.86,0,0,0
IND085-001179,2024-10-14,M3,dia,716,15,7.3,6.2,2.7,1,0,0
IND085-001180,2024-10-14,M4,dia,545,15,7.2,19.7,4.04,0,0,0
IND085-001181,2024-10-14,M5,dia,707,16,4.9,35.3,3.6,1,0,0
IND085-001182,2024-10-14,M6,dia,641,22,6.4,34.0,5.05,1,0,0
IND085-001183,2024-10-15,M1,noche,224,3,4.0,41.8,2.66,0,0,0
IND085-001184,2024-10-15,M2,noche,517,15,7.8,29.9,1.41,0,0,0
IND085-001185,2024-10-15,M3,noche,618,13,5.2,19.4,4.45,0,1,1114.36
IND085-001186,2024-10-15,M4,noche,369,11,6.5,11.8,3.88,1,0,0
IND085-001187,2024-10-15,M5,noche,464,13,4.6,11.5,2.8,0,0,0
IND085-001188,2024-10-16,M6,noche,242,7,4.9,22.7,4.45,0,0,0
IND085-001189,2024-10-16,M1,dia,436,6,3.8,1.3,0.32,0,0,0
IND085-001190,2024-10-16,M2,dia,195,6,4.3,5.5,2.89,0,0,0
IND085-001191,2024-10-16,M3,dia,796,20,5.9,36.4,5.18,0,1,1050.62
IND085-001192,2024-10-17,M4,dia,86,4,5.4,4.0,3.91,1,0,0
IND085-001193,2024-10-17,M5,dia,319,8,6.2,2.1,3.68,1,0,0
IND085-001194,2024-10-17,M6,dia,724,23,4.3,0.3,1.27,1,0,0
IND085-001195,2024-10-17,M1,noche,343,6,6.9,24.8,3.21,0,0,0
IND085-001196,2024-10-18,M2,noche,783,20,6.6,19.8,2.08,0,0,0
IND085-001197,2024-10-18,M3,noche,458,12,3.6,5.2,4.03,0,1,1963.34
IND085-001198,2024-10-18,M4,noche,581,14,5.2,3.8,3.41,0,0,0
IND085-001199,2024-10-18,M5,noche,216,4,4.2,5.6,3.05,0,0,0
IND085-001200,2024-10-19,M6,noche,125,5,4.9,19.4,3.96,0,0,0
IND085-001201,2024-10-19,M1,dia,557,9,4.0,69.8,2.43,0,0,0
IND085-001202,2024-10-19,M2,dia,764,21,3.1,7.8,3.22,0,0,0
IND085-001203,2024-10-19,M3,dia,535,13,7.8,49.7,6.97,0,1,2637.99
IND085-001204,2024-10-20,M4,dia,620,21,6.3,24.9,2.79,0,0,0
IND085-001205,2024-10-20,M5,dia,793,18,4.1,6.7,1.52,0,0,0
IND085-001206,2024-10-20,M6,dia,171,6,4.5,9.1,5.83,0,0,0
IND085-001207,2024-10-20,M1,noche,456,6,7.3,0.6,2.45,0,0,0
IND085-001208,2024-10-21,M2,noche,443,10,7.7,25.6,0.1,0,0,0
IND085-001209,2024-10-21,M3,noche,401,7,5.2,17.6,3.38,0,1,1392.86
IND085-001210,2024-10-21,M4,noche,708,19,7.0,9.3,1.85,0,0,0
IND085-001211,2024-10-21,M5,noche,300,6,6.2,7.6,4.83,0,0,0
IND085-001212,2024-10-22,M6,noche,170,5,6.1,26.5,3.8,0,0,0
IND085-001213,2024-10-22,M1,dia,111,0,5.6,31.9,1.4,0,0,0
IND085-001214,2024-10-22,M2,dia,514,11,6.8,32.2,2.32,0,0,0
IND085-001215,2024-10-22,M3,dia,301,9,4.7,6.3,3.73,0,0,0
IND085-001216,2024-10-23,M4,dia,667,24,6.1,29.3,3.08,1,0,0
IND085-001217,2024-10-23,M5,dia,393,6,3.3,41.0,3.82,0,0,0
IND085-001218,2024-10-23,M6,dia,579,17,5.7,15.3,3.17,0,0,0
IND085-001219,2024-10-23,M1,noche,371,5,6.4,19.8,2.0,0,0,0
IND085-001220,2024-10-24,M2,noche,316,8,3.2,20.5,1.39,0,0,0
IND085-001221,2024-10-24,M3,noche,351,9,3.1,2.5,3.48,0,0,0
IND085-001222,2024-10-24,M4,noche,658,24,7.2,16.8,1.17,0,0,0
IND085-001223,2024-10-24,M5,noche,735,20,4.9,60.7,4.66,0,0,0
IND085-001224,2024-10-25,M6,noche,311,8,6.6,1.0,4.11,1,0,0
IND085-001225,2024-10-25,M1,dia,261,4,7.1,16.3,4.17,1,0,0
IND085-001226,2024-10-25,M2,dia,145,4,4.3,67.2,2.31,0,0,0
IND085-001227,2024-10-25,M3,dia,125,5,3.7,68.2,3.38,1,0,0
IND085-001228,2024-10-25,M4,dia,588,24,3.2,6.0,3.41,0,0,0
IND085-001229,2024-10-26,M5,dia,99,3,8.0,3.1,2.34,0,0,0
IND085-001230,2024-10-26,M6,dia,241,7,3.8,52.8,4.08,0,0,0
IND085-001231,2024-10-26,M1,noche,708,8,4.8,35.0,1.85,0,0,0
IND085-001232,2024-10-26,M2,noche,104,2,3.0,47.2,3.08,0,0,0
IND085-001233,2024-10-27,M3,noche,101,2,3.9,14.4,2.88,0,0,0
IND085-001234,2024-10-27,M4,noche,658,15,5.6,10.4,3.49,0,0,0
IND085-001235,2024-10-27,M5,noche,268,8,7.1,38.3,3.16,1,0,0
IND085-001236,2024-10-27,M6,noche,500,19,5.8,1.5,5.59,0,0,0
IND085-001237,2024-10-28,M1,dia,233,4,4.3,36.4,3.4,0,0,0
IND085-001238,2024-10-28,M2,dia,578,11,4.0,18.3,2.79,0,0,0
IND085-001239,2024-10-28,M3,dia,412,9,3.9,6.9,2.78,0,0,0
IND085-001240,2024-10-28,M4,dia,347,17,6.5,22.2,2.33,0,0,0
IND085-001241,2024-10-29,M5,dia,599,18,5.8,0.9,1.5,0,0,0
IND085-001242,2024-10-29,M6,dia,294,7,7.8,56.5,3.35,1,0,0
IND085-001243,2024-10-29,M1,noche,263,4,4.7,9.7,2.43,1,0,0
IND085-001244,2024-10-29,M2,noche,254,5,5.2,10.4,3.26,0,0,0
IND085-001245,2024-10-30,M3,noche,134,2,4.7,33.0,2.04,0,0,0
IND085-001246,2024-10-30,M4,noche,712,22,5.0,58.3,,0,0,0
IND085-001247,2024-10-30,M5,noche,257,6,3.0,4.2,4.12,0,0,0
IND085-001248,2024-10-30,M6,noche,136,9,6.7,10.1,2.53,0,0,0
IND085-001249,2024-10-31,M1,dia,197,3,7.3,3.5,2.62,0,0,0
IND085-001250,2024-10-31,M2,dia,312,11,4.9,19.5,2.15,0,0,0
IND085-001251,2024-10-31,M3,dia,712,10,6.7,42.2,2.51,0,0,0
IND085-001252,2024-10-31,M4,dia,741,21,4.0,13.7,2.15,0,0,0
IND085-001253,2024-11-01,M5,dia,514,17,3.8,26.3,3.5,0,0,0
IND085-001254,2024-11-01,M6,dia,409,15,4.8,9.7,4.51,0,0,0
IND085-001255,2024-11-01,M1,noche,657,9,7.7,8.1,2.0,1,0,0
IND085-001256,2024-11-01,M2,noche,140,3,6.3,28.5,3.06,0,0,0
IND085-001257,2024-11-02,M3,noche,604,9,4.1,0.6,4.92,0,0,0
IND085-001258,2024-11-02,M4,noche,172,6,5.3,1.6,3.41,0,0,0
IND085-001259,2024-11-02,M5,noche,634,11,3.8,19.7,2.0,0,0,0
IND085-001260,2024-11-02,M6,noche,168,1,7.7,7.2,5.26,0,0,0
IND085-001261,2024-11-03,M1,dia,438,9,6.4,19.9,3.4,0,0,0
IND085-001262,2024-11-03,M2, DIA ,197,3,7.6,18.8,2.72,0,0,0
IND085-001263,2024-11-03,M3,dia,178,4,5.7,16.8,0.8,0,0,0
IND085-001264,2024-11-03,M4,dia,130,3,3.4,15.5,2.36,0,0,0
IND085-001265,2024-11-03,M5,dia,250,6,4.7,38.2,2.09,0,0,0
IND085-001266,2024-11-04,M6,dia,461,24,4.9,6.2,3.41,0,0,0
IND085-001267,2024-11-04,M1,noche,113,3,6.3,16.7,"2,91",0,0,0
IND085-001268,2024-11-04,M2,noche,633,17,6.0,6.7,3.49,0,0,0
IND085-001269,2024-11-04,M3,noche,492,9,4.4,43.0,4.37,1,0,0
IND085-001270,2024-11-05,M4,noche,748,20,4.6,10.1,4.95,0,1,1323.46
IND085-001271,2024-11-05,M5,noche,713,25,4.5,5.2,3.36,0,0,0
IND085-001272,2024-11-05,M6,noche,431,14,6.1,9.0,5.11,0,0,0
IND085-001273,2024-11-05,M1,dia,416,4,5.1,11.3,2.55,0,0,0
IND085-001274,2024-11-06,M2,dia,741,21,7.2,18.8,3.47,0,0,0
IND085-001275,2024-11-06,M3,dia,289,7,3.6,7.8,2.38,0,1,1452.93
IND085-001276,2024-11-06,M4,dia,331,4,6.3,49.8,2.76,0,1,1215.33
IND085-001277,2024-11-06,M5,dia,502,12,6.1,11.0,4.59,0,0,0
IND085-001278,2024-11-07,M6,dia,337,12,7.0,13.4,6.22,0,0,0
IND085-001279,2024-11-07,M1,noche,323,5,5.5,10.0,2.5,0,0,0
IND085-001280,2024-11-07,M2,noche,286,7,4.8,10.1,1.82,0,0,0
IND085-001281,2024-11-07,M3,noche,539,22,6.7,1.5,5.22,0,1,1089.85
IND085-001282,2024-11-08,M4,noche,557,13,5.3,7.7,5.26,0,1,1355.33
IND085-001283,2024-11-08,M5,noche,535,10,7.0,18.5,2.5,1,0,0
IND085-001284,2024-11-08,M6,noche,595,19,4.6,30.9,4.58,0,0,0
IND085-001285,2024-11-08,M1,dia,695,6,4.7,1.8,2.16,1,0,0
IND085-001286,2024-11-09,M2,dia,323,8,3.3,22.8,1.11,0,0,0
IND085-001287,2024-11-09,M3,dia,408,9,7.4,10.5,6.49,1,1,2118.95
IND085-001288,2024-11-09,M4,dia,232,8,6.3,16.7,4.29,0,1,2149.6
IND085-001289,2024-11-09,M5,dia,576,11,4.4,2.5,3.84,0,0,0
IND085-001290,2024-11-10,M6,dia,299,19,5.0,17.7,3.32,0,0,0
IND085-001291,2024-11-10,M1,noche,193,1,4.0,10.1,1.44,0,0,0
IND085-001292,2024-11-10,M2,noche,433,9,3.8,6.0,2.15,0,0,0
IND085-001293,2024-11-10,M3,noche,211,5,4.4,16.5,4.78,1,1,2064.85
IND085-001294,2024-11-11,M4,noche,353,19,3.2,0.8,3.95,0,0,0
IND085-001295,2024-11-11,M5,noche,428,7,5.4,39.3,4.05,0,0,0
IND085-001296,2024-11-11,M6,noche,608,26,5.4,0.3,3.84,0,0,0
IND085-001297,2024-11-11,M1,dia,470,10,6.7,46.5,2.92,1,0,0
IND085-001298,2024-11-12,M2,dia,579,14,3.8,4.7,2.25,1,0,0
IND085-001299,2024-11-12,M3,dia,721,12,7.4,8.5,2.41,0,0,0
IND085-001300,2024-11-12,M4,dia,570,21,5.6,0.3,4.0,1,0,0
IND085-001301,2024-11-12,M5,dia,161,4,3.8,0.9,2.76,0,0,0
IND085-001302,2024-11-13,M6,dia,698,28,5.3,86.0,5.16,1,0,0
IND085-001303,2024-11-13,M1,noche,624,7,5.5,15.9,0.7,1,0,0
IND085-001304,2024-11-13,M2,noche,331,9,7.1,5.8,4.31,0,0,0
IND085-001305,2024-11-13,M3,noche,477,7,4.5,43.0,3.94,1,0,0
IND085-001306,2024-11-13,M4,noche,174,5,6.7,22.9,4.84,0,0,0
IND085-001307,2024-11-14,M5,noche,297,11,5.6,0.3,4.66,0,0,0
IND085-001308,2024-11-14,M6,noche,748,25,6.3,22.9,3.94,0,0,0
IND085-001309,2024-11-14,M1,dia,798,9,6.1,2.9,3.63,0,0,0
IND085-001310,2024-11-14,M2,dia,777,25,4.2,0.9,3.82,0,0,0
IND085-001311,2024-11-15,M3,dia,509,16,4.1,5.6,4.71,0,0,0
IND085-001312,2024-11-15,M4,dia,304,7,7.9,60.4,4.32,0,0,0
IND085-001313,2024-11-15,M5,dia,570,11,4.7,14.4,2.8,0,0,0
IND085-001314,2024-11-15,M6,dia,227,7,5.1,28.2,4.32,0,0,0
IND085-001315,2024-11-16,M1,noche,779,4,7.2,23.9,3.1,0,0,0
IND085-001316,2024-11-16,M2,noche,399,10,4.1,51.8,1.76,1,0,0
IND085-001317,2024-11-16,M3,noche,515,11,4.3,2.3,3.62,0,0,0
IND085-001318,2024-11-16,M4,noche,402,5,5.5,1.4,3.54,0,0,0
IND085-001319,2024-11-17,M5,noche,519,13,5.4,22.9,2.96,0,0,0
IND085-001320,2024-11-17,M6,noche,691,31,4.7,3.7,4.5,1,0,0
IND085-001321,2024-11-17,M1,dia,120,2,7.1,15.9,1.39,0,0,0
IND085-001322,2024-11-17,M2,dia,82,0,6.4,22.5,3.09,1,0,0
IND085-001323,2024-11-18,M3,dia,765,23,5.0,17.9,3.21,1,0,0
IND085-001324,2024-11-18,M4,dia,230,3,4.2,36.1,1.76,1,0,0
IND085-001325,2024-11-18,M5,dia,671,23,5.5,5.6,2.54,0,0,0
IND085-001326,2024-11-18,M6,dia,630,18,7.2,1.9,2.15,1,0,0
IND085-001327,2024-11-19,M1,noche,494,7,5.6,23.7,3.44,0,0,0
IND085-001328,2024-11-19,M2,noche,191,6,3.6,2.9,2.7,0,0,0
IND085-001329,2024-11-19,M3,noche,260,9,6.4,1.6,,1,0,0
IND085-001330,2024-11-19,M4,noche,255,7,7.3,13.1,2.71,0,0,0
IND085-001331,2024-11-20,M5,noche,788,20,7.0,11.2,2.2,0,0,0
IND085-001332,2024-11-20,M6,noche,619,14,7.6,15.8,2.89,0,0,0
IND085-001333,2024-11-20,M1,dia,84,4,4.8,11.9,2.67,0,0,0
IND085-001334,2024-11-20,M2,dia,372,7,6.2,18.8,2.48,0,0,0
IND085-001335,2024-11-21,M3,dia,170,6,6.6,10.1,3.19,0,0,0
IND085-001336,2024-11-21,M4,dia,514,16,5.7,33.9,3.96,0,0,0
IND085-001337,2024-11-21,M5,dia,422,10,7.4,60.5,3.53,1,0,0
IND085-001338,2024-11-21,M6,dia,145,4,5.2,51.3,3.7,0,0,0
IND085-001339,2024-11-22,M1,noche,247,4,6.0,21.6,2.74,0,0,0
IND085-001340,2024-11-22,M2,noche,692,12,4.1,2.5,4.01,0,0,0
IND085-001341,2024-11-22,M3,noche,360,7,3.2,11.1,2.23,0,0,0
IND085-001342,2024-11-22,M4,noche,314,10,3.1,76.2,4.25,0,0,0
IND085-001343,2024-11-23,M5,noche,624,20,3.8,45.7,4.26,1,1,2864.39
IND085-001344,2024-11-23,M6,noche,454,19,5.4,4.1,3.67,0,0,0
IND085-001345,2024-11-23,M1,dia,487,7,3.9,3.7,2.72,0,0,0
IND085-001346,2024-11-23,M2,dia,734,13,4.4,16.7,2.4,1,0,0
IND085-001347,2024-11-23,M3,dia,128,1,4.5,0.8,1.11,0,0,0
IND085-001348,2024-11-24,M4,dia,377,15,8.0,6.8,3.4,0,0,0
IND085-001349,2024-11-24,M5,dia,332,3,4.5,43.2,5.64,1,1,788.61
IND085-001350,2024-11-24,M6,dia,228,6,4.3,15.6,2.02,1,0,0
IND085-001351,2024-11-24,M1,noche,355,5,5.1,6.3,2.21,1,0,0
IND085-001352,2024-11-25,M2,noche,380,13,6.6,51.5,3.94,0,0,0
IND085-001353,2024-11-25,M3,noche,203,4,4.1,3.5,1.92,0,0,0
IND085-001354,2024-11-25,M4,noche,704,22,4.4,28.6,2.62,0,0,0
IND085-001355,2024-11-25,M5,noche,342,12,5.7,15.7,3.72,0,1,2877.7
IND085-001356,2024-11-26,M6,noche,322,16,4.3,39.2,3.56,0,0,0
IND085-001357,2024-11-26,M1,dia,358,9,4.4,3.9,2.52,1,0,0
IND085-001358,2024-11-26,M2,dia,678,16,3.7,19.6,2.95,0,0,0
IND085-001359,2024-11-26,M3, DIA ,691,7,4.9,9.8,1.47,1,0,0
IND085-001360,2024-11-27,M4,dia,446,19,7.0,7.1,2.71,0,0,0
IND085-001361,2024-11-27,M5,dia,754,13,6.2,2.3,3.35,0,1,2824.49
IND085-001362,2024-11-27,M6,dia,242,7,4.1,7.4,5.06,0,0,0
IND085-001363,2024-11-27,M1,noche,276,5,5.3,5.1,3.13,0,0,0
IND085-001364,2024-11-28,M2,noche,702,10,6.5,13.7,3.29,1,0,0
IND085-001365,2024-11-28,M3,noche,407,15,5.1,6.1,1.86,0,0,0
IND085-001366,2024-11-28,M4,noche,102,3,4.4,20.5,3.13,0,0,0
IND085-001367,2024-11-28,M5,noche,83,1,3.2,10.4,4.67,1,1,674.29
IND085-001368,2024-11-29,M6,noche,263,10,7.1,18.4,3.08,0,0,0
IND085-001369,2024-11-29,M1,dia,458,4,6.5,0.4,1.33,0,0,0
IND085-001370,2024-11-29,M2,dia,339,8,7.3,2.3,2.96,0,0,0
IND085-001371,2024-11-29,M3,dia,433,8,6.8,5.4,3.29,0,0,0
IND085-001372,2024-11-30,M4,dia,524,14,7.2,11.0,3.06,0,0,0
IND085-001373,2024-11-30,M5,dia,395,8,7.2,4.5,5.56,1,0,0
IND085-001374,2024-11-30,M6,dia,746,34,4.4,19.6,3.27,0,0,0
IND085-001375,2024-11-30,M1,noche,588,9,3.9,35.5,3.17,0,0,0
IND085-001376,2024-12-01,M2,noche,381,9,7.3,1.4,1.24,1,1,2709.61
IND085-001377,2024-12-01,M3,noche,459,13,5.5,0.8,4.62,0,0,0
IND085-001378,2024-12-01,M4,noche,197,8,7.4,0.4,2.38,0,0,0
IND085-001379,2024-12-01,M5,noche,186,7,3.5,58.8,4.37,0,0,0
IND085-001380,2024-12-02,M6,noche,91,1,6.4,1.7,3.28,0,0,0
IND085-001381,2024-12-02,M1,dia,391,10,4.7,32.9,2.19,0,0,0
IND085-001382,2024-12-02,M2,dia,314,9,7.0,0.4,4.4,0,1,1818.91
IND085-001383,2024-12-02,M3,dia,708,11,8.0,5.1,3.1,0,0,0
IND085-001384,2024-12-02,M4,dia,413,13,4.9,34.8,3.75,0,0,0
IND085-001385,2024-12-03,M5,dia,577,23,6.4,12.7,3.39,0,0,0
IND085-001386,2024-12-03,M6,dia,697,32,4.1,13.2,5.14,0,0,0
IND085-001387,2024-12-03,M1,noche,682,7,3.8,14.8,0.76,0,0,0
IND085-001388,2024-12-03,M2,noche,181,2,6.7,24.6,4.01,1,1,991.02
IND085-001389,2024-12-04,M3,noche,436,10,4.9,5.0,2.75,0,0,0
IND085-001390,2024-12-04,M4,noche,651,19,4.2,1.2,2.79,0,0,0
IND085-001391,2024-12-04,M5,noche,601,12,6.7,19.8,3.15,0,0,0
IND085-001392,2024-12-04,M6,noche,191,6,5.8,5.0,3.03,1,0,0
IND085-001393,2024-12-05,M1,dia,689,14,5.2,22.1,1.46,0,0,0
IND085-001394,2024-12-05,M2,dia,580,16,8.0,19.7,5.38,1,1,1006.75
IND085-001395,2024-12-05,M3,dia,782,14,7.8,5.2,4.35,0,0,0
IND085-001396,2024-12-05,M4,dia,256,8,4.1,21.1,3.68,0,0,0
IND085-001397,2024-12-06,M5,dia,213,8,4.0,1.0,2.95,1,0,0
IND085-001398,2024-12-06,M6,dia,332,14,6.1,16.2,5.13,1,0,0
IND085-001399,2024-12-06,M1,noche,657,10,5.3,15.1,2.1,0,0,0
IND085-001400,2024-12-06,M2,noche,181,4,5.7,4.3,5.87,1,1,920.49
IND085-001401,2024-12-07,M3,noche,770,18,5.7,4.5,2.61,1,0,0
IND085-001402,2024-12-07,M4,noche,393,9,6.5,7.8,4.27,0,0,0
IND085-001403,2024-12-07,M5,noche,362,11,4.7,7.8,3.8,0,0,0
IND085-001404,2024-12-07,M6,noche,407,20,5.1,2.4,4.93,0,0,0
IND085-001405,2024-12-08,M1,dia,515,4,8.0,10.6,1.96,0,0,0
IND085-001406,2024-12-08,M2,dia,519,20,8.0,4.1,3.54,0,0,0
IND085-001407,2024-12-08,M3,dia,409,9,5.6,25.3,3.18,0,0,0
IND085-001408,2024-12-08,M4,dia,770,30,4.6,0.4,2.5,1,0,0
IND085-001409,2024-12-09,M5,dia,418,13,3.7,21.7,3.22,0,0,0
IND085-001410,2024-12-09,M6,dia,732,19,6.6,1.8,3.43,1,0,0
IND085-001411,2024-12-09,M1,noche,135,3,4.0,3.7,1.57,0,0,0
IND085-001412,2024-12-09,M2,noche,97,1,6.2,1.3,,1,0,0
IND085-001413,2024-12-10,M3,noche,462,14,5.9,53.6,2.61,0,0,0
IND085-001414,2024-12-10,M4,noche,391,11,7.6,38.6,3.35,0,0,0
IND085-001415,2024-12-10,M5,noche,229,8,6.1,3.1,2.97,0,0,0
IND085-001416,2024-12-10,M6,noche,137,4,4.9,47.6,3.8,0,0,0
IND085-001417,2024-12-11,M1,dia,651,9,7.3,6.1,1.98,0,0,0
IND085-001418,2024-12-11,M2,dia,195,4,3.6,13.6,1.71,0,0,0
IND085-001419,2024-12-11,M3,dia,620,21,7.0,43.5,3.03,0,0,0
IND085-001420,2024-12-11,M4,dia,323,12,4.2,16.1,3.48,0,0,0
IND085-001421,2024-12-12,M5,dia,516,11,7.0,4.3,3.66,1,0,0
IND085-001422,2024-12-12,M6,dia,652,27,5.4,12.6,3.72,0,0,0
IND085-001423,2024-12-12,M1,noche,663,7,7.3,39.2,2.42,1,0,0
IND085-001424,2024-12-12,M2,noche,420,8,6.0,5.1,1.45,1,0,0
IND085-001425,2024-12-12,M3,noche,603,15,6.1,12.0,2.73,0,0,0
IND085-001426,2024-12-13,M4,noche,535,11,6.0,8.7,1.54,0,0,0
IND085-001427,2024-12-13,M5,noche,290,9,6.8,13.3,3.05,0,0,0
IND085-001428,2024-12-13,M6,noche,227,6,5.9,11.8,4.33,0,0,0
IND085-001429,2024-12-13,M1,dia,680,9,4.1,16.7,2.28,1,0,0
IND085-001430,2024-12-14,M2,dia,757,17,6.5,4.4,3.07,0,0,0
IND085-001431,2024-12-14,M3,dia,553,10,5.9,34.3,2.46,1,0,0
IND085-001432,2024-12-14,M4,dia,712,27,7.2,2.9,3.47,0,0,0
IND085-001433,2024-12-14,M5,dia,691,24,5.1,2.8,3.05,0,0,0
IND085-001434,2024-12-15,M6,dia,305,11,7.1,15.3,4.04,0,0,0
IND085-001435,2024-12-15,M1,noche,724,10,6.6,2.7,2.68,0,0,0
IND085-001436,2024-12-15,M2,noche,713,15,5.8,6.0,3.12,0,0,0
IND085-001437,2024-12-15,M3,noche,201,2,7.1,32.9,2.85,1,0,0
IND085-001438,2024-12-16,M4,noche,192,4,6.3,9.2,5.23,1,0,0
IND085-001439,2024-12-16,M5,noche,400,12,5.6,24.3,5.16,1,0,0
IND085-001440,2024-12-16,M6,noche,502,27,6.6,13.1,3.52,0,0,0
IND085-001441,2024-12-16,M1,dia,751,14,6.5,26.0,1.84,0,0,0
IND085-001442,2024-12-17,M2,dia,713,13,6.0,1.0,2.91,0,0,0
IND085-001443,2024-12-17,M3,dia,342,5,5.3,0.7,2.82,0,0,0
IND085-001444,2024-12-17,M4,dia,560,11,3.6,11.6,3.02,0,0,0
IND085-001445,2024-12-17,M5,dia,393,12,4.6,34.8,2.59,0,0,0
IND085-001446,2024-12-18,M6,dia,295,11,4.1,19.6,5.12,0,0,0
IND085-001447,2024-12-18,M1,noche,205,3,5.5,7.0,4.1,0,0,0
IND085-001448,2024-12-18,M2,noche,147,3,4.2,15.7,2.78,0,0,0
IND085-001449,2024-12-18,M3,noche,276,5,7.8,3.0,4.0,0,0,0
IND085-001450,2024-12-19,M4,noche,379,5,4.8,22.6,3.44,0,0,0
IND085-001451,2024-12-19,M5,noche,96,5,5.8,29.9,3.79,0,0,0
IND085-001452,2024-12-19,M6,noche,216,9,5.7,11.1,4.66,0,0,0
IND085-001453,2024-12-19,M1,dia,800,13,6.9,4.2,4.85,0,0,0
IND085-001454,2024-12-20,M2,dia,662,18,5.3,9.7,0.58,0,0,0
IND085-001455,2024-12-20,M3,dia,684,14,7.9,18.7,5.36,0,0,0
IND085-001456,2024-12-20,M4, DIA ,590,19,7.0,51.3,1.58,1,0,0
IND085-001457,2024-12-20,M5,dia,146,2,4.2,37.2,4.4,0,0,0
IND085-001458,2024-12-21,M6,dia,730,28,6.7,16.9,4.32,0,0,0
IND085-001459,2024-12-21,M1,noche,137,1,3.6,12.6,2.11,0,0,0
IND085-001460,2024-12-21,M2,noche,117,2,4.6,11.0,3.54,0,0,0
IND085-001461,2024-12-21,M3,noche,83,1,5.2,0.8,2.6,0,0,0
IND085-001462,2024-12-21,M4,noche,597,19,6.5,1.1,2.61,0,0,0
IND085-001463,2024-12-22,M5,noche,550,18,7.5,0.1,2.77,1,0,0
IND085-001464,2024-12-22,M6,noche,548,16,4.9,12.9,3.95,1,0,0
IND085-001465,2024-12-22,M1,dia,694,17,5.2,8.5,3.72,0,0,0
IND085-001466,2024-12-22,M2,dia,150,1,7.5,16.7,3.59,0,0,0
IND085-001467,2024-12-23,M3,dia,648,14,7.0,30.1,4.62,1,0,0
IND085-001468,2024-12-23,M4,dia,355,7,7.7,19.1,3.76,0,0,0
IND085-001469,2024-12-23,M5,dia,171,4,7.4,3.7,3.91,0,0,0
IND085-001470,2024-12-23,M6,dia,443,19,6.7,12.7,4.51,0,0,0
IND085-001471,2024-12-24,M1,noche,130,1,7.3,25.6,1.07,1,0,0
IND085-001472,2024-12-24,M2,noche,635,10,3.2,1.8,3.5,1,0,0
IND085-001473,2024-12-24,M3,noche,648,13,7.8,1.8,2.17,0,0,0
IND085-001474,2024-12-24,M4,noche,203,10,8.0,4.8,5.09,0,0,0
IND085-001475,2024-12-25,M5,noche,653,19,6.6,21.7,2.86,0,0,0
IND085-001476,2024-12-25,M6,noche,166,6,4.8,59.5,4.92,0,0,0
IND085-001477,2024-12-25,M1,dia,745,16,7.0,7.2,2.57,1,0,0
IND085-001478,2024-12-25,M2,dia,289,4,4.8,5.8,"2,65",0,0,0
IND085-001479,2024-12-26,M3,dia,116,4,4.1,18.7,3.03,0,0,0
IND085-001480,2024-12-26,M4,dia,669,24,3.1,3.6,2.85,0,0,0
IND085-001481,2024-12-26,M5,dia,579,21,6.9,28.8,1.46,0,0,0
IND085-001482,2024-12-26,M6,dia,780,42,4.3,25.8,2.74,0,0,0
IND085-001483,2024-12-27,M1,noche,614,10,6.4,5.3,5.64,0,0,0
IND085-001484,2024-12-27,M2,noche,639,20,7.4,1.9,2.37,0,0,0
IND085-001485,2024-12-27,M3,noche,322,7,7.8,1.5,2.43,0,0,0
IND085-001486,2024-12-27,M4,noche,562,17,8.0,35.2,2.99,0,0,0
IND085-001487,2024-12-28,M5,noche,652,14,4.5,11.7,3.31,0,0,0
IND085-001488,2024-12-28,M6,noche,552,17,6.3,18.9,4.49,0,0,0
IND085-001489,2024-12-28,M1,dia,87,1,3.2,6.8,0.8,1,0,0
IND085-001490,2024-12-28,M2,dia,558,11,5.1,9.5,5.29,0,0,0
IND085-001491,2024-12-29,M3,dia,328,7,5.6,11.7,2.9,0,0,0
IND085-001492,2024-12-29,M4,dia,478,22,4.8,24.8,2.52,1,0,0
IND085-001493,2024-12-29,M5,dia,772,11,7.9,17.3,3.6,0,0,0
IND085-001494,2024-12-29,M6,dia,629,16,6.6,12.0,3.63,0,0,0
IND085-001495,2024-12-30,M1,noche,114,1,5.8,22.5,,0,0,0
IND085-001496,2024-12-30,M2,noche,567,10,7.4,4.7,2.33,0,0,0
IND085-001497,2024-12-30,M3,noche,446,12,7.2,16.5,2.17,0,0,0
IND085-001498,2024-12-30,M4,noche,592,27,4.9,35.7,2.85,0,0,0
IND085-001499,2024-12-31,M5,noche,668,20,7.4,5.6,3.13,0,0,0
IND085-001500,2024-12-31,M6,noche,142,2,5.4,17.8,3.28,0,0,0
IND085-001501,2024-12-31,M1,dia,677,14,3.4,7.0,3.47,0,0,0
IND085-001502,2024-12-31,M2,dia,98,3,3.1,41.0,2.22,0,0,0
IND085-001503,2024-12-31,M3,dia,487,10,3.3,24.7,4.02,0,0,0
IND085-001504,2025-01-01,M4,dia,437,17,6.3,47.6,4.98,0,0,0
IND085-001505,2025-01-01,M5,dia,315,6,7.8,20.4,2.9,0,0,0
IND085-001506,2025-01-01,M6,dia,340,10,7.5,0.9,4.83,0,0,0
IND085-001507,2025-01-01,M1,noche,381,6,5.5,8.0,4.19,0,0,0
IND085-001508,2025-01-02,M2,noche,364,11,6.0,6.3,2.3,0,0,0
IND085-001509,2025-01-02,M3,noche,699,17,6.7,3.7,2.68,0,0,0
IND085-001510,2025-01-02,M4,noche,104,7,3.5,10.0,4.17,0,0,0
IND085-001511,2025-01-02,M5,noche,475,16,6.1,3.6,2.67,0,0,0
IND085-001512,2025-01-03,M6,noche,322,12,3.1,9.8,3.34,0,0,0
IND085-001513,2025-01-03,M1,dia,440,6,7.1,20.6,2.22,1,0,0
IND085-001514,2025-01-03,M2,dia,638,11,5.6,24.1,2.99,0,0,0
IND085-001515,2025-01-03,M3,dia,214,8,7.0,4.9,3.2,0,0,0
IND085-001516,2025-01-04,M4,dia,647,20,5.3,2.7,2.79,1,0,0
IND085-001517,2025-01-04,M5,dia,765,19,3.3,15.9,5.84,0,0,0
IND085-001518,2025-01-04,M6,dia,113,5,4.0,69.2,3.94,0,0,0
IND085-001519,2025-01-04,M1,noche,577,5,3.7,21.9,2.41,0,0,0
IND085-001520,2025-01-05,M2,noche,245,4,7.9,8.5,0.1,0,0,0
IND085-001521,2025-01-05,M3,noche,779,16,7.7,15.6,2.35,0,0,0
IND085-001522,2025-01-05,M4,noche,660,27,4.1,14.1,3.48,0,0,0
IND085-001523,2025-01-05,M5,noche,755,28,3.8,12.7,4.16,0,0,0
IND085-001524,2025-01-06,M6,noche,700,16,7.4,8.4,2.94,0,0,0
IND085-001525,2025-01-06,M1,dia,499,10,4.4,12.5,0.16,0,0,0
IND085-001526,2025-01-06,M2,dia,572,14,7.7,24.6,3.66,0,0,0
IND085-001527,2025-01-06,M3,dia,579,15,4.0,18.4,1.94,0,0,0
IND085-001528,2025-01-07,M4,dia,297,9,7.2,38.0,3.91,0,0,0
IND085-001529,2025-01-07,M5,dia,242,4,6.5,8.0,4.34,0,0,0
IND085-001530,2025-01-07,M6,dia,435,14,5.7,7.0,2.8,0,0,0
IND085-001531,2025-01-07,M1,noche,770,12,6.4,19.1,0.99,0,0,0
IND085-001532,2025-01-08,M2,noche,412,12,6.4,27.4,3.97,0,0,0
IND085-001533,2025-01-08,M3,noche,379,11,7.2,18.2,2.99,0,0,0
IND085-001534,2025-01-08,M4,noche,376,6,5.6,2.6,3.46,1,0,0
IND085-001535,2025-01-08,M5,noche,348,8,3.3,1.5,1.7,0,0,0
IND085-001536,2025-01-09,M6,noche,261,10,4.9,11.5,1.14,1,0,0
IND085-001537,2025-01-09,M1,dia,672,16,5.5,7.7,2.14,1,0,0
IND085-001538,2025-01-09,M2,dia,535,12,4.4,17.9,2.84,0,0,0
IND085-001539,2025-01-09,M3,dia,634,12,7.1,31.8,3.16,0,0,0
IND085-001540,2025-01-10,M4,dia,314,8,6.1,12.1,3.5,1,0,0
IND085-001541,2025-01-10,M5,dia,559,7,6.2,1.5,4.08,1,0,0
IND085-001542,2025-01-10,M6,dia,290,10,7.7,2.9,2.81,0,0,0
IND085-001543,2025-01-10,M1,noche,562,10,5.1,31.3,2.35,0,0,0
IND085-001544,2025-01-10,M2,noche,445,14,3.1,53.2,2.43,0,0,0
IND085-001545,2025-01-11,M3,noche,450,12,7.9,17.8,2.2,1,0,0
IND085-001546,2025-01-11,M4,noche,339,11,6.3,30.2,3.29,0,0,0
IND085-001547,2025-01-11,M5,noche,299,7,5.4,19.4,3.75,0,0,0
IND085-001548,2025-01-11,M6,noche,366,4,3.8,56.1,3.49,0,0,0
IND085-001549,2025-01-12,M1,dia,322,6,3.9,19.3,3.86,1,0,0
IND085-001550,2025-01-12,M2,dia,241,2,3.7,13.5,3.95,0,0,0
IND085-001551,2025-01-12,M3,dia,398,9,7.8,52.8,3.81,0,0,0
IND085-001552,2025-01-12,M4,dia,265,5,6.0,7.6,4.24,1,0,0
IND085-001553,2025-01-13,M5, DIA ,797,21,4.6,36.3,2.12,1,0,0
IND085-001554,2025-01-13,M6,dia,533,21,3.8,30.1,1.66,0,0,0
IND085-001555,2025-01-13,M1,noche,418,3,5.7,7.4,2.55,0,0,0
IND085-001556,2025-01-13,M2,noche,397,6,7.8,22.8,2.5,0,0,0
IND085-001557,2025-01-14,M3,noche,631,12,7.7,72.1,2.61,0,0,0
IND085-001558,2025-01-14,M4,noche,488,16,4.9,35.6,1.88,0,0,0
IND085-001559,2025-01-14,M5,noche,680,21,5.6,68.5,3.23,1,0,0
IND085-001560,2025-01-14,M6,noche,636,17,3.5,7.2,4.97,1,0,0
IND085-001561,2025-01-15,M1,dia,250,2,7.8,25.6,4.97,0,0,0
IND085-001562,2025-01-15,M2,dia,564,13,5.8,19.2,2.95,0,0,0
IND085-001563,2025-01-15,M3,dia,322,5,4.5,3.5,2.45,0,0,0
IND085-001564,2025-01-15,M4,dia,589,20,4.7,6.9,2.36,0,0,0
IND085-001565,2025-01-16,M5,dia,272,9,5.6,0.4,2.54,0,0,0
IND085-001566,2025-01-16,M6,dia,763,26,4.6,6.1,2.39,0,0,0
IND085-001567,2025-01-16,M1,noche,715,10,7.3,22.8,2.88,0,0,0
IND085-001568,2025-01-16,M2,noche,644,20,4.9,2.8,1.37,1,0,0
IND085-001569,2025-01-17,M3,noche,435,8,4.5,19.5,3.13,1,0,0
IND085-001570,2025-01-17,M4,noche,400,11,6.9,0.1,4.86,0,0,0
IND085-001571,2025-01-17,M5,noche,777,30,4.1,12.1,3.93,0,0,0
IND085-001572,2025-01-17,M6,noche,302,14,6.8,2.6,4.05,0,0,0
IND085-001573,2025-01-18,M1,dia,582,11,4.3,14.5,2.33,0,0,0
IND085-001574,2025-01-18,M2,dia,641,16,5.2,10.1,3.65,0,0,0
IND085-001575,2025-01-18,M3,dia,419,9,4.4,5.9,1.94,0,0,0
IND085-001576,2025-01-18,M4,dia,337,9,5.4,51.9,1.65,0,0,0
IND085-001577,2025-01-19,M5,dia,521,13,6.1,27.1,5.33,0,0,0
IND085-001578,2025-01-19,M6,dia,436,14,6.4,75.0,,0,0,0
IND085-001579,2025-01-19,M1,noche,405,6,4.5,40.3,3.25,0,0,0
IND085-001580,2025-01-19,M2,noche,796,18,5.1,20.7,0.78,0,0,0
IND085-001581,2025-01-19,M3,noche,382,10,7.2,17.0,1.36,1,0,0
IND085-001582,2025-01-20,M4,noche,292,6,3.8,5.2,4.39,1,0,0
IND085-001583,2025-01-20,M5,noche,552,10,5.5,6.8,5.79,1,0,0
IND085-001584,2025-01-20,M6,noche,538,19,5.1,28.3,4.51,0,0,0
IND085-001585,2025-01-20,M1,dia,360,6,5.0,4.3,0.79,0,0,0
IND085-001586,2025-01-21,M2,dia,726,11,4.7,18.4,1.46,0,0,0
IND085-001587,2025-01-21,M3,dia,695,9,3.2,9.5,2.53,0,0,0
IND085-001588,2025-01-21,M4,dia,88,1,6.1,1.7,2.15,1,0,0
IND085-001589,2025-01-21,M5,dia,563,19,7.0,24.8,2.42,0,0,0
IND085-001590,2025-01-22,M6,dia,494,27,4.9,16.5,2.41,0,0,0
IND085-001591,2025-01-22,M1,noche,252,4,3.3,43.6,1.01,0,0,0
IND085-001592,2025-01-22,M2,noche,242,4,4.4,19.9,2.09,1,0,0
IND085-001593,2025-01-22,M3,noche,183,2,4.9,2.0,3.65,0,0,0
IND085-001594,2025-01-23,M4,noche,797,22,7.0,10.8,3.81,0,0,0
IND085-001595,2025-01-23,M5,noche,260,9,7.3,9.0,3.38,0,0,0
IND085-001596,2025-01-23,M6,noche,514,13,3.3,8.4,1.36,0,0,0
IND085-001597,2025-01-23,M1,dia,337,8,7.2,31.1,2.71,1,0,0
IND085-001598,2025-01-24,M2,dia,211,4,3.9,5.9,1.36,0,0,0
IND085-001599,2025-01-24,M3,dia,759,19,7.2,10.3,2.74,0,0,0
IND085-001600,2025-01-24,M4,dia,476,12,5.6,27.3,3.4,0,0,0
IND085-001601,2025-01-24,M5,dia,273,6,7.6,45.2,2.31,1,0,0
IND085-001602,2025-01-25,M6,dia,743,32,5.3,6.8,3.85,0,0,0
IND085-001603,2025-01-25,M1,noche,135,4,4.4,12.0,0.29,0,0,0
IND085-001604,2025-01-25,M2,noche,300,9,7.2,20.2,2.85,0,0,0
IND085-001605,2025-01-25,M3,noche,553,10,7.1,51.4,3.44,1,0,0
IND085-001606,2025-01-26,M4,noche,385,14,6.4,0.0,2.54,1,0,0
IND085-001607,2025-01-26,M5,noche,320,3,3.9,60.0,3.2,0,0,0
IND085-001608,2025-01-26,M6,noche,397,16,7.3,5.4,3.8,0,0,0
IND085-001609,2025-01-26,M1,dia,667,10,4.8,30.3,1.4,0,0,0
IND085-001610,2025-01-27,M2,dia,86,1,5.7,18.0,2.2,0,0,0
IND085-001611,2025-01-27,M3,dia,149,2,6.5,11.7,2.89,0,0,0
IND085-001612,2025-01-27,M4,dia,540,18,6.7,4.1,2.53,0,0,0
IND085-001613,2025-01-27,M5,dia,369,4,7.5,31.3,4.65,0,0,0
IND085-001614,2025-01-28,M6,dia,423,12,7.8,11.4,3.2,1,0,0
IND085-001615,2025-01-28,M1,noche,83,2,3.2,23.7,1.98,0,0,0
IND085-001616,2025-01-28,M2,noche,515,11,7.0,45.4,2.68,0,0,0
IND085-001617,2025-01-28,M3,noche,635,15,3.5,2.9,2.17,0,0,0
IND085-001618,2025-01-29,M4,noche,446,16,7.3,24.7,3.92,0,0,0
IND085-001619,2025-01-29,M5,noche,563,18,3.2,28.0,3.06,1,0,0
IND085-001620,2025-01-29,M6,noche,397,10,6.4,19.8,3.62,1,0,0
IND085-001621,2025-01-29,M1,dia,413,6,7.5,40.7,3.45,0,0,0
IND085-001622,2025-01-29,M2,dia,412,14,5.8,14.9,2.7,0,0,0
IND085-001623,2025-01-30,M3,dia,223,4,4.8,11.2,1.69,1,0,0
IND085-001624,2025-01-30,M4,dia,184,4,6.1,56.6,1.47,1,0,0
IND085-001625,2025-01-30,M5,dia,686,24,6.9,19.6,2.45,0,0,0
IND085-001626,2025-01-30,M6,dia,524,23,4.0,4.0,5.28,0,0,0
IND085-001627,2025-01-31,M1,noche,254,5,4.1,25.7,3.28,0,0,0
IND085-001628,2025-01-31,M2,noche,799,12,4.6,22.8,1.43,0,0,0
IND085-001629,2025-01-31,M3,noche,697,15,4.7,9.3,2.57,1,0,0
IND085-001630,2025-01-31,M4,noche,167,9,7.0,6.0,2.29,0,0,0
IND085-001631,2025-02-01,M5,noche,337,10,5.1,4.5,3.48,0,0,0
IND085-001632,2025-02-01,M6,noche,629,27,5.7,17.7,3.36,0,0,0
IND085-001633,2025-02-01,M1,dia,553,6,4.6,20.1,2.47,0,0,0
IND085-001634,2025-02-01,M2,dia,521,12,6.5,20.9,1.53,0,0,0
IND085-001635,2025-02-02,M3,dia,446,16,4.4,11.6,1.12,1,0,0
IND085-001636,2025-02-02,M4,dia,140,4,4.4,13.8,3.62,0,0,0
IND085-001637,2025-02-02,M5,dia,196,8,6.0,40.2,2.24,1,0,0
IND085-001638,2025-02-02,M6,dia,300,7,5.4,33.6,2.25,0,0,0
IND085-001639,2025-02-03,M1,noche,665,11,4.6,13.2,2.02,0,0,0
IND085-001640,2025-02-03,M2,noche,163,6,6.2,30.7,0.92,0,0,0
IND085-001641,2025-02-03,M3,noche,582,10,5.7,0.2,3.46,0,0,0
IND085-001642,2025-02-03,M4,noche,519,15,4.3,2.0,3.17,0,0,0
IND085-001643,2025-02-04,M5,noche,703,18,6.0,10.5,3.64,0,0,0
IND085-001644,2025-02-04,M6,noche,301,6,6.8,7.5,4.23,0,0,0
IND085-001645,2025-02-04,M1,dia,199,3,6.3,2.0,2.68,0,0,0
IND085-001646,2025-02-04,M2,dia,116,1,5.5,36.4,3.76,0,0,0
IND085-001647,2025-02-05,M3,dia,444,16,4.4,15.4,2.24,0,0,0
IND085-001648,2025-02-05,M4,dia,159,10,7.8,1.8,2.87,1,0,0
IND085-001649,2025-02-05,M5,dia,482,19,4.8,13.2,4.45,0,0,0
IND085-001650,2025-02-05,M6, DIA ,350,11,4.6,19.9,3.63,0,0,0
IND085-001651,2025-02-06,M1,noche,622,13,3.2,6.8,2.91,0,0,0
IND085-001652,2025-02-06,M2,noche,623,27,3.9,9.0,2.66,0,0,0
IND085-001653,2025-02-06,M3,noche,697,24,3.2,32.9,4.33,0,0,0
IND085-001654,2025-02-06,M4,noche,101,6,5.1,40.6,3.91,0,0,0
IND085-001655,2025-02-07,M5,noche,374,19,5.0,0.5,2.51,0,0,0
IND085-001656,2025-02-07,M6,noche,662,19,6.4,38.6,2.89,0,0,0
IND085-001657,2025-02-07,M1,dia,271,6,7.6,32.1,3.74,0,0,0
IND085-001658,2025-02-07,M2,dia,318,16,5.2,21.2,2.48,0,0,0
IND085-001659,2025-02-07,M3,dia,191,5,6.8,5.8,1.25,0,0,0
IND085-001660,2025-02-08,M4,dia,320,12,5.7,5.7,2.54,0,0,0
IND085-001661,2025-02-08,M5,dia,578,21,5.6,60.8,,0,0,0
IND085-001662,2025-02-08,M6,dia,473,15,5.7,9.5,3.4,0,0,0
IND085-001663,2025-02-08,M1,noche,507,9,3.1,14.4,2.6,0,0,0
IND085-001664,2025-02-09,M2,noche,368,15,4.5,12.3,2.19,0,0,0
IND085-001665,2025-02-09,M3,noche,82,3,6.0,7.4,2.59,0,0,0
IND085-001666,2025-02-09,M4,noche,699,33,7.5,16.0,3.83,0,0,0
IND085-001667,2025-02-09,M5,noche,616,20,3.8,49.5,4.16,0,0,0
IND085-001668,2025-02-10,M6,noche,401,14,4.9,46.8,3.65,1,0,0
IND085-001669,2025-02-10,M1,dia,652,15,7.6,12.1,2.45,0,0,0
IND085-001670,2025-02-10,M2,dia,95,5,5.6,0.6,1.54,1,0,0
IND085-001671,2025-02-10,M3,dia,669,19,4.0,18.7,3.04,0,0,0
IND085-001672,2025-02-11,M4,dia,650,34,4.1,12.0,2.34,0,0,0
IND085-001673,2025-02-11,M5,dia,322,13,6.7,4.1,2.01,1,0,0
IND085-001674,2025-02-11,M6,dia,692,35,7.9,3.6,2.99,1,0,0
IND085-001675,2025-02-11,M1,noche,344,7,5.3,0.6,3.58,0,0,0
IND085-001676,2025-02-12,M2,noche,710,23,5.0,3.4,3.93,1,0,0
IND085-001677,2025-02-12,M3,noche,752,20,5.6,4.9,2.06,0,0,0
IND085-001678,2025-02-12,M4,noche,431,20,4.9,0.5,1.67,0,0,0
IND085-001679,2025-02-12,M5,noche,415,15,6.9,12.1,3.33,0,0,0
IND085-001680,2025-02-13,M6,noche,173,13,6.3,2.9,4.77,0,0,0
IND085-001681,2025-02-13,M1,dia,439,10,7.4,25.4,2.47,0,0,0
IND085-001682,2025-02-13,M2,dia,782,22,7.9,2.6,2.57,0,0,0
IND085-001683,2025-02-13,M3,dia,720,19,7.9,5.0,4.29,0,0,0
IND085-001684,2025-02-14,M4,dia,294,16,7.8,25.7,2.78,0,0,0
IND085-001685,2025-02-14,M5,dia,361,10,7.0,1.1,2.72,0,0,0
IND085-001686,2025-02-14,M6,dia,626,28,5.3,32.8,2.93,0,0,0
IND085-001687,2025-02-14,M1,noche,480,11,3.2,39.9,2.01,1,0,0
IND085-001688,2025-02-15,M2,noche,121,3,4.6,5.2,3.19,1,0,0
IND085-001689,2025-02-15,M3,noche,590,19,3.5,45.1,"3,81",0,0,0
IND085-001690,2025-02-15,M4,noche,306,15,5.5,11.6,2.22,1,0,0
IND085-001691,2025-02-15,M5,noche,348,11,4.8,0.8,3.59,1,0,0
IND085-001692,2025-02-16,M6,noche,370,16,7.5,16.4,4.19,0,0,0
IND085-001693,2025-02-16,M1,dia,329,6,7.8,3.4,1.21,0,0,0
IND085-001694,2025-02-16,M2,dia,518,18,4.0,12.1,1.28,1,0,0
IND085-001695,2025-02-16,M3,dia,421,11,4.7,1.0,4.14,0,0,0
IND085-001696,2025-02-17,M4,dia,733,28,7.6,0.5,3.06,0,0,0
IND085-001697,2025-02-17,M5,dia,673,23,3.3,44.3,2.65,0,0,0
IND085-001698,2025-02-17,M6,dia,294,12,6.5,12.9,3.59,0,0,0
IND085-001699,2025-02-17,M1,noche,154,6,7.5,16.6,1.66,0,0,0
IND085-001700,2025-02-17,M2,noche,453,15,3.4,4.6,1.59,0,0,0
IND085-001701,2025-02-18,M3,noche,712,15,4.8,5.1,5.64,0,0,0
IND085-001702,2025-02-18,M4,noche,318,14,4.8,18.1,3.85,0,0,0
IND085-001703,2025-02-18,M5,noche,91,1,3.8,20.4,3.39,0,0,0
IND085-001704,2025-02-18,M6,noche,664,28,6.3,14.2,2.52,0,0,0
IND085-001705,2025-02-19,M1,dia,568,18,4.4,4.8,1.07,1,0,0
IND085-001706,2025-02-19,M2,dia,353,11,5.5,2.3,2.58,0,0,0
IND085-001707,2025-02-19,M3,dia,676,14,4.2,41.5,3.86,0,0,0
IND085-001708,2025-02-19,M4,dia,756,26,7.7,17.1,3.4,0,0,0
IND085-001709,2025-02-20,M5,dia,542,18,7.4,13.3,3.74,1,0,0
IND085-001710,2025-02-20,M6,dia,218,8,4.7,9.8,1.48,1,0,0
IND085-001711,2025-02-20,M1,noche,407,8,4.1,3.2,4.17,1,0,0
IND085-001712,2025-02-20,M2,noche,514,24,7.1,5.1,2.53,0,0,0
IND085-001713,2025-02-21,M3,noche,541,10,7.7,8.9,4.49,0,0,0
IND085-001714,2025-02-21,M4,noche,271,10,3.1,56.0,3.23,1,0,0
IND085-001715,2025-02-21,M5,noche,743,38,7.7,19.5,3.42,0,0,0
IND085-001716,2025-02-21,M6,noche,633,27,4.6,17.1,3.09,0,0,0
IND085-001717,2025-02-22,M1,dia,545,14,5.6,15.1,2.43,0,0,0
IND085-001718,2025-02-22,M2,dia,725,32,4.3,19.2,2.08,0,0,0
IND085-001719,2025-02-22,M3,dia,450,15,6.2,15.6,5.11,0,0,0
IND085-001720,2025-02-22,M4,dia,350,12,5.1,29.9,4.49,0,0,0
IND085-001721,2025-02-23,M5,dia,721,31,7.0,4.2,3.61,0,0,0
IND085-001722,2025-02-23,M6,dia,515,18,4.2,24.3,3.24,0,0,0
IND085-001723,2025-02-23,M1,noche,146,4,4.6,57.0,2.48,0,0,0
IND085-001724,2025-02-23,M2,noche,285,7,4.5,10.0,3.16,0,0,0
IND085-001725,2025-02-24,M3,noche,100,4,7.0,11.7,2.53,0,0,0
IND085-001726,2025-02-24,M4,noche,737,28,6.1,1.4,2.78,0,0,0
IND085-001727,2025-02-24,M5,noche,788,20,5.2,4.9,3.1,0,0,0
IND085-001728,2025-02-24,M6,noche,465,19,3.7,5.2,1.1,1,0,0
IND085-001729,2025-02-25,M1,dia,408,7,7.2,0.7,2.29,0,0,0
IND085-001730,2025-02-25,M2,dia,288,11,7.5,12.0,3.91,1,0,0
IND085-001731,2025-02-25,M3,dia,435,15,7.2,47.2,4.27,0,0,0
IND085-001732,2025-02-25,M4,dia,331,14,5.6,10.9,3.39,1,0,0
IND085-001733,2025-02-26,M5,dia,162,9,7.9,0.8,3.94,0,0,0
IND085-001734,2025-02-26,M6,dia,325,18,4.4,3.7,1.98,0,0,0
IND085-001735,2025-02-26,M1,noche,600,16,5.1,28.4,2.57,0,0,0
IND085-001736,2025-02-26,M2,noche,291,7,3.8,48.2,4.14,0,0,0
IND085-001737,2025-02-27,M3,noche,518,11,3.5,15.2,3.27,0,0,0
IND085-001738,2025-02-27,M4,noche,257,4,3.9,16.0,1.14,0,0,0
IND085-001739,2025-02-27,M5,noche,493,19,5.2,3.7,3.06,0,0,0
IND085-001740,2025-02-27,M6,noche,696,39,5.3,1.7,4.34,0,0,0
IND085-001741,2025-02-27,M1,dia,406,16,3.8,24.4,0.85,0,0,0
IND085-001742,2025-02-28,M2,dia,171,4,3.4,36.5,4.13,0,0,0
IND085-001743,2025-02-28,M3,dia,420,18,7.4,16.6,3.23,0,0,0
IND085-001744,2025-02-28,M4,dia,471,18,6.9,57.4,,0,0,0
IND085-001745,2025-02-28,M5,dia,413,14,4.5,10.0,2.12,0,0,0
IND085-001746,2025-03-01,M6,dia,467,17,3.1,11.7,3.41,0,0,0
IND085-001747,2025-03-01,M1, NOCHE ,162,4,5.0,1.4,1.9,0,0,0
IND085-001748,2025-03-01,M2,noche,320,6,6.0,13.3,3.27,0,0,0
IND085-001749,2025-03-01,M3,noche,476,14,4.7,0.2,3.28,0,0,0
IND085-001750,2025-03-02,M4,noche,612,29,5.9,7.5,1.57,0,0,0
IND085-001751,2025-03-02,M5,noche,489,20,4.5,44.0,3.13,0,0,0
IND085-001752,2025-03-02,M6,noche,168,5,7.2,8.7,3.19,0,0,0
IND085-001753,2025-03-02,M1,dia,539,11,6.9,25.5,3.21,0,0,0
IND085-001754,2025-03-03,M2,dia,170,5,4.1,1.1,3.27,1,0,0
IND085-001755,2025-03-03,M3,dia,445,18,7.2,7.5,1.91,0,0,0
IND085-001756,2025-03-03,M4,dia,270,12,4.1,3.4,4.55,0,0,0
IND085-001757,2025-03-03,M5,dia,733,27,3.2,9.1,3.75,0,0,0
IND085-001758,2025-03-04,M6,dia,496,25,7.5,0.3,4.94,0,0,0
IND085-001759,2025-03-04,M1,noche,601,8,6.3,83.6,2.08,0,0,0
IND085-001760,2025-03-04,M2,noche,324,6,5.7,29.6,1.7,0,0,0
IND085-001761,2025-03-04,M3,noche,742,18,6.0,5.9,3.66,1,0,0
IND085-001762,2025-03-05,M4,noche,484,22,6.1,3.8,3.18,0,0,0
IND085-001763,2025-03-05,M5,noche,736,23,3.9,17.8,2.36,0,0,0
IND085-001764,2025-03-05,M6,noche,105,9,7.9,1.6,4.2,0,0,0
IND085-001765,2025-03-05,M1,dia,259,2,6.5,6.7,1.15,1,0,0
IND085-001766,2025-03-06,M2,dia,334,10,4.5,0.8,1.9,0,0,0
IND085-001767,2025-03-06,M3,dia,559,11,5.4,15.2,2.51,0,0,0
IND085-001768,2025-03-06,M4,dia,285,10,6.4,12.7,3.8,1,0,0
IND085-001769,2025-03-06,M5,dia,471,13,6.3,10.5,2.05,0,0,0
IND085-001770,2025-03-07,M6,dia,362,12,6.5,7.7,4.13,1,0,0
IND085-001771,2025-03-07,M1,noche,220,2,6.2,1.6,3.46,0,0,0
IND085-001772,2025-03-07,M2,noche,393,17,3.2,18.8,1.86,0,0,0
IND085-001773,2025-03-07,M3,noche,657,20,4.1,29.3,1.04,1,0,0
IND085-001774,2025-03-08,M4,noche,177,11,3.2,42.8,2.94,0,0,0
IND085-001775,2025-03-08,M5,noche,207,4,4.2,6.4,2.35,0,0,0
IND085-001776,2025-03-08,M6,noche,339,12,5.4,0.5,4.49,1,0,0
IND085-001777,2025-03-08,M1,dia,787,13,7.7,11.3,1.72,0,0,0
IND085-001778,2025-03-08,M2,dia,510,10,5.4,5.2,3.35,0,0,0
IND085-001779,2025-03-09,M3,dia,408,10,3.9,9.1,2.49,0,0,0
IND085-001780,2025-03-09,M4,dia,590,17,4.2,44.3,2.76,0,0,0
IND085-001781,2025-03-09,M5,dia,615,19,5.3,42.2,2.34,0,0,0
IND085-001782,2025-03-09,M6,dia,297,11,3.4,0.2,5.57,0,0,0
IND085-001783,2025-03-10,M1,noche,697,11,3.8,19.4,2.15,0,0,0
IND085-001784,2025-03-10,M2,noche,213,12,4.7,26.5,3.91,0,0,0
IND085-001785,2025-03-10,M3,noche,592,22,7.1,7.0,1.55,0,0,0
IND085-001786,2025-03-10,M4,noche,799,30,6.1,21.5,0.64,0,0,0
IND085-001787,2025-03-11,M5,noche,421,15,5.8,2.1,2.85,0,0,0
IND085-001788,2025-03-11,M6,noche,710,32,3.9,0.9,4.91,1,0,0
IND085-001789,2025-03-11,M1,dia,726,14,4.2,0.3,3.88,0,0,0
IND085-001790,2025-03-11,M2,dia,721,21,4.5,3.9,3.53,0,0,0
IND085-001791,2025-03-12,M3,dia,436,14,4.6,24.8,3.27,0,0,0
IND085-001792,2025-03-12,M4,dia,498,21,3.0,8.3,3.3,0,0,0
IND085-001793,2025-03-12,M5,dia,355,7,7.2,9.4,3.41,1,0,0
IND085-001794,2025-03-12,M6,dia,442,18,5.3,62.0,4.66,0,0,0
IND085-001795,2025-03-13,M1,noche,800,15,6.5,6.0,3.55,0,0,0
IND085-001796,2025-03-13,M2,noche,692,19,5.3,11.2,2.57,0,0,0
IND085-001797,2025-03-13,M3,noche,742,29,3.0,22.9,3.43,0,0,0
IND085-001798,2025-03-13,M4,noche,418,12,5.2,2.6,2.76,1,0,0
IND085-001799,2025-03-14,M5,noche,639,19,7.6,8.9,4.25,0,0,0
IND085-001800,2025-03-14,M6,noche,632,24,5.2,8.3,1.84,0,0,0
IND085-001801,2025-03-14,M1,dia,746,25,7.9,2.1,3.77,0,0,0
IND085-001802,2025-03-14,M2,dia,156,6,4.8,4.6,1.78,0,0,0
IND085-001803,2025-03-15,M3,dia,336,6,7.4,23.5,4.52,0,0,0
IND085-001804,2025-03-15,M4,dia,323,8,5.4,42.8,2.44,0,0,0
IND085-001805,2025-03-15,M5,dia,304,8,3.3,45.6,3.72,0,0,0
IND085-001806,2025-03-15,M6,dia,216,7,4.2,5.9,2.88,0,0,0
IND085-001807,2025-03-16,M1,noche,436,9,6.7,6.7,4.32,1,0,0
IND085-001808,2025-03-16,M2,noche,430,8,6.5,1.5,3.75,0,0,0
IND085-001809,2025-03-16,M3,noche,748,29,5.0,27.8,1.58,0,0,0
IND085-001810,2025-03-16,M4,noche,682,31,7.8,35.3,2.24,0,0,0
IND085-001811,2025-03-17,M5,noche,222,12,3.8,1.7,4.7,0,0,0
IND085-001812,2025-03-17,M6,noche,539,28,4.9,48.0,2.37,0,0,0
IND085-001813,2025-03-17,M1,dia,514,9,6.2,20.2,2.02,0,0,0
IND085-001814,2025-03-17,M2,dia,688,18,5.7,2.2,1.95,0,0,0
IND085-001815,2025-03-18,M3,dia,736,36,5.1,6.6,2.77,0,0,0
IND085-001816,2025-03-18,M4,dia,249,6,7.7,18.3,5.44,1,1,2447.63
IND085-001817,2025-03-18,M5,dia,703,24,5.0,33.5,3.3,0,0,0
IND085-001818,2025-03-18,M6,dia,712,27,7.6,50.6,3.73,0,0,0
IND085-001819,2025-03-18,M1,noche,460,14,5.7,7.5,4.14,0,0,0
IND085-001820,2025-03-19,M2,noche,602,23,3.7,4.9,2.65,1,0,0
IND085-001821,2025-03-19,M3,noche,737,23,3.7,36.6,3.12,1,0,0
IND085-001822,2025-03-19,M4,noche,137,2,5.7,47.8,2.99,0,1,1667.22
IND085-001823,2025-03-19,M5,noche,677,25,7.3,31.8,3.01,0,0,0
IND085-001824,2025-03-20,M6,noche,205,10,7.3,3.1,3.36,0,0,0
IND085-001825,2025-03-20,M1,dia,345,6,6.6,28.6,4.44,1,0,0
IND085-001826,2025-03-20,M2,dia,241,8,6.3,63.5,2.27,0,0,0
IND085-001827,2025-03-20,M3,dia,148,6,3.2,13.7,,0,0,0
IND085-001828,2025-03-21,M4,dia,336,7,3.0,58.5,5.19,0,1,2665.61
IND085-001829,2025-03-21,M5,dia,591,17,4.1,28.8,3.54,0,0,0
IND085-001830,2025-03-21,M6,dia,589,28,5.9,13.2,3.73,0,0,0
IND085-001831,2025-03-21,M1,noche,744,17,6.8,5.5,3.19,0,0,0
IND085-001832,2025-03-22,M2,noche,325,8,3.6,3.9,3.7,0,0,0
IND085-001833,2025-03-22,M3,noche,616,16,4.2,32.1,2.04,0,0,0
IND085-001834,2025-03-22,M4,noche,587,14,4.0,2.1,4.4,0,1,957.31
IND085-001835,2025-03-22,M5,noche,140,5,3.6,6.7,3.16,0,0,0
IND085-001836,2025-03-23,M6,noche,619,34,3.8,7.5,4.34,0,0,0
IND085-001837,2025-03-23,M1,dia,579,12,5.0,16.3,3.56,0,0,0
IND085-001838,2025-03-23,M2,dia,775,22,7.2,8.9,2.79,0,0,0
IND085-001839,2025-03-23,M3,dia,730,12,7.3,7.8,1.3,1,0,0
IND085-001840,2025-03-24,M4,dia,154,8,7.0,24.5,3.38,0,0,0
IND085-001841,2025-03-24,M5,dia,116,3,7.4,39.0,2.93,1,0,0
IND085-001842,2025-03-24,M6,dia,447,19,6.3,5.2,3.15,0,0,0
IND085-001843,2025-03-24,M1,noche,360,12,5.5,2.2,2.95,0,0,0
IND085-001844,2025-03-25,M2, NOCHE ,293,9,4.6,0.9,3.32,1,0,0
IND085-001845,2025-03-25,M3,noche,188,11,7.9,1.4,2.01,0,0,0
IND085-001846,2025-03-25,M4,noche,557,18,6.3,5.0,5.21,1,0,0
IND085-001847,2025-03-25,M5,noche,728,24,6.1,22.3,2.19,1,0,0
IND085-001848,2025-03-26,M6,noche,696,32,3.2,75.6,1.42,0,0,0
IND085-001849,2025-03-26,M1,dia,233,5,7.1,5.2,3.09,0,0,0
IND085-001850,2025-03-26,M2,dia,300,5,3.6,48.1,3.58,0,0,0
IND085-001851,2025-03-26,M3,dia,427,15,5.0,4.6,4.21,0,0,0
IND085-001852,2025-03-27,M4,dia,405,17,3.3,0.2,1.04,0,0,0
IND085-001853,2025-03-27,M5,dia,128,7,3.4,9.7,2.12,1,0,0
IND085-001854,2025-03-27,M6,dia,404,15,7.2,23.4,2.78,0,0,0
IND085-001855,2025-03-27,M1,noche,298,9,3.9,6.4,1.86,0,0,0
IND085-001856,2025-03-28,M2,noche,126,4,7.6,15.7,1.73,0,0,0
IND085-001857,2025-03-28,M3,noche,635,14,6.4,12.4,3.12,0,0,0
IND085-001858,2025-03-28,M4,noche,400,19,5.1,2.3,3.48,0,0,0
IND085-001859,2025-03-28,M5,noche,429,19,5.3,25.4,3.47,0,0,0
IND085-001860,2025-03-28,M6,noche,216,10,4.8,21.9,4.39,0,0,0
IND085-001861,2025-03-29,M1,dia,706,17,5.2,1.7,3.48,0,0,0
IND085-001862,2025-03-29,M2,dia,284,13,3.8,4.5,3.12,0,0,0
IND085-001863,2025-03-29,M3,dia,605,16,4.0,10.9,1.79,0,0,0
IND085-001864,2025-03-29,M4,dia,420,12,5.9,55.8,4.74,0,0,0
IND085-001865,2025-03-30,M5,dia,608,21,3.8,23.8,2.55,0,0,0
IND085-001866,2025-03-30,M6,dia,187,8,5.5,7.2,5.11,0,0,0
IND085-001867,2025-03-30,M1,noche,456,7,6.8,21.0,1.42,0,0,0
IND085-001868,2025-03-30,M2,noche,266,5,5.9,0.2,2.91,0,0,0
IND085-001869,2025-03-31,M3,noche,86,3,3.4,9.3,2.37,0,0,0
IND085-001870,2025-03-31,M4,noche,427,15,3.5,5.8,4.12,0,0,0
IND085-001871,2025-03-31,M5,noche,742,29,6.1,6.4,1.76,0,0,0
IND085-001872,2025-03-31,M6,noche,591,24,7.1,5.5,4.4,0,0,0
IND085-001873,2025-04-01,M1,dia,474,13,6.7,4.3,2.03,0,0,0
IND085-001874,2025-04-01,M2,dia,293,11,6.4,10.0,3.08,0,0,0
IND085-001875,2025-04-01,M3,dia,451,6,5.5,25.9,1.91,0,0,0
IND085-001876,2025-04-01,M4,dia,466,20,4.1,10.8,5.27,0,0,0
IND085-001877,2025-04-02,M5,dia,551,14,4.9,5.9,3.97,1,0,0
IND085-001878,2025-04-02,M6,dia,220,7,3.2,8.3,4.37,0,0,0
IND085-001879,2025-04-02,M1,noche,514,19,6.2,1.3,1.86,0,0,0
IND085-001880,2025-04-02,M2,noche,200,2,3.9,44.5,2.01,0,0,0
IND085-001881,2025-04-03,M3,noche,260,4,3.1,1.4,3.17,0,0,0
IND085-001882,2025-04-03,M4,noche,312,14,7.0,7.7,2.64,0,0,0
IND085-001883,2025-04-03,M5,noche,406,14,5.1,0.8,4.64,1,0,0
IND085-001884,2025-04-03,M6,noche,690,26,3.1,7.3,3.61,0,0,0
IND085-001885,2025-04-04,M1,dia,405,14,7.6,31.5,2.97,0,0,0
IND085-001886,2025-04-04,M2,dia,766,27,3.7,13.2,2.21,0,0,0
IND085-001887,2025-04-04,M3,dia,423,10,7.8,12.5,4.09,0,0,0
IND085-001888,2025-04-04,M4,dia,134,7,7.4,24.2,2.43,1,0,0
IND085-001889,2025-04-05,M5,dia,323,5,3.6,12.8,4.44,1,0,0
IND085-001890,2025-04-05,M6,dia,466,32,3.0,8.3,5.92,0,0,0
IND085-001891,2025-04-05,M1,noche,286,9,7.9,3.0,3.03,0,0,0
IND085-001892,2025-04-05,M2,noche,572,16,4.9,0.5,1.86,0,0,0
IND085-001893,2025-04-06,M3,noche,795,35,6.4,8.2,3.67,0,0,0
IND085-001894,2025-04-06,M4,noche,367,15,5.1,6.9,2.55,0,0,0
IND085-001895,2025-04-06,M5,noche,500,13,7.5,15.0,3.82,0,0,0
IND085-001896,2025-04-06,M6,noche,487,24,3.2,25.3,4.7,0,0,0
IND085-001897,2025-04-06,M1,dia,763,21,4.6,5.7,2.37,0,0,0
IND085-001898,2025-04-07,M2,dia,468,13,5.6,5.8,3.49,0,0,0
IND085-001899,2025-04-07,M3,dia,252,6,7.3,2.8,2.67,0,0,0
IND085-001900,2025-04-07,M4,dia,479,15,4.5,46.2,"3,26",0,0,0
IND085-001901,2025-04-07,M5,dia,270,9,7.7,1.7,4.3,0,0,0
IND085-001902,2025-04-08,M6,dia,450,20,6.5,14.7,1.86,1,0,0
IND085-001903,2025-04-08,M1,noche,593,12,3.2,18.7,1.75,0,0,0
IND085-001904,2025-04-08,M2,noche,117,3,3.2,3.8,0.1,0,0,0
IND085-001905,2025-04-08,M3,noche,346,11,3.2,5.8,2.74,0,0,0
IND085-001906,2025-04-09,M4,noche,403,21,6.5,13.0,4.34,0,0,0
IND085-001907,2025-04-09,M5,noche,318,17,5.2,3.8,2.34,1,0,0
IND085-001908,2025-04-09,M6,noche,567,27,6.9,0.0,5.31,0,0,0
IND085-001909,2025-04-09,M1,dia,719,14,7.2,11.1,1.15,1,0,0
IND085-001910,2025-04-10,M2,dia,778,28,5.1,4.1,,0,0,0
IND085-001911,2025-04-10,M3,dia,787,16,3.8,0.8,4.03,0,0,0
IND085-001912,2025-04-10,M4,dia,554,24,7.3,30.2,0.64,0,0,0
IND085-001913,2025-04-10,M5,dia,100,1,7.3,24.4,1.87,0,0,0
IND085-001914,2025-04-11,M6,dia,272,11,3.6,41.3,4.53,0,0,0
IND085-001915,2025-04-11,M1,noche,199,3,7.8,15.4,2.2,0,0,0
IND085-001916,2025-04-11,M2,noche,562,16,3.3,30.6,2.02,0,0,0
IND085-001917,2025-04-11,M3,noche,348,13,7.8,32.1,2.07,0,0,0
IND085-001918,2025-04-12,M4,noche,469,16,6.1,42.4,4.73,0,0,0
IND085-001919,2025-04-12,M5,noche,718,26,6.1,9.8,4.5,0,0,0
IND085-001920,2025-04-12,M6,noche,423,19,5.6,21.1,2.75,0,0,0
IND085-001921,2025-04-12,M1,dia,759,21,7.1,0.1,3.8,0,0,0
IND085-001922,2025-04-13,M2,dia,532,18,5.5,38.2,1.87,1,0,0
IND085-001923,2025-04-13,M3,dia,217,5,6.3,50.9,4.88,1,0,0
IND085-001924,2025-04-13,M4,dia,583,20,6.4,1.4,4.12,0,0,0
IND085-001925,2025-04-13,M5,dia,793,29,7.0,7.3,4.95,0,1,2532.52
IND085-001926,2025-04-14,M6,dia,220,10,3.4,4.0,4.5,1,0,0
IND085-001927,2025-04-14,M1,noche,697,20,6.4,1.8,1.77,0,0,0
IND085-001928,2025-04-14,M2,noche,551,14,6.1,5.8,3.12,0,0,0
IND085-001929,2025-04-14,M3,noche,651,27,4.4,11.2,4.27,0,0,0
IND085-001930,2025-04-15,M4,noche,169,7,6.5,12.2,5.05,0,0,0
IND085-001931,2025-04-15,M5,noche,498,15,3.7,30.7,4.27,0,1,1384.63
IND085-001932,2025-04-15,M6,noche,318,16,4.8,13.3,3.31,0,0,0
IND085-001933,2025-04-15,M1,dia,119,1,3.2,48.4,1.77,1,0,0
IND085-001934,2025-04-16,M2,dia,191,3,3.7,49.8,3.92,0,0,0
IND085-001935,2025-04-16,M3,dia,599,16,7.5,31.9,3.83,0,0,0
IND085-001936,2025-04-16,M4,dia,280,8,3.4,41.1,3.82,1,0,0
IND085-001937,2025-04-16,M5,dia,745,26,3.5,1.3,5.31,1,1,2358.47
IND085-001938,2025-04-16,M6,dia,171,7,4.3,61.3,4.77,1,0,0
IND085-001939,2025-04-17,M1,noche,418,11,5.7,3.7,3.42,0,0,0
IND085-001940,2025-04-17,M2,noche,243,7,4.1,13.2,3.75,0,0,0
IND085-001941,2025-04-17,M3, NOCHE ,660,20,6.0,15.1,2.83,0,0,0
IND085-001942,2025-04-17,M4,noche,794,37,7.9,6.2,3.12,0,0,0
IND085-001943,2025-04-18,M5,noche,268,14,4.3,4.5,4.65,0,1,2042.79
IND085-001944,2025-04-18,M6,noche,718,33,6.2,5.9,4.74,0,0,0
IND085-001945,2025-04-18,M1,dia,787,24,3.5,23.6,5.7,0,0,0
IND085-001946,2025-04-18,M2,dia,264,7,5.5,28.2,4.47,0,0,0
IND085-001947,2025-04-19,M3,dia,374,7,3.4,2.1,3.49,1,0,0
IND085-001948,2025-04-19,M4,dia,343,18,7.2,1.6,4.13,0,0,0
IND085-001949,2025-04-19,M5,dia,597,17,7.9,4.5,4.72,1,1,2405.98
IND085-001950,2025-04-19,M6,dia,429,20,3.0,3.5,2.44,1,0,0
IND085-001951,2025-04-20,M1,noche,278,4,6.2,34.2,4.4,1,0,0
IND085-001952,2025-04-20,M2,noche,387,13,7.0,7.5,2.61,0,0,0
IND085-001953,2025-04-20,M3,noche,92,0,4.2,30.2,2.08,0,0,0
IND085-001954,2025-04-20,M4,noche,103,9,3.7,12.3,2.66,0,0,0
IND085-001955,2025-04-21,M5,noche,430,19,3.7,2.4,4.38,0,1,879.69
IND085-001956,2025-04-21,M6,noche,269,8,7.6,12.6,5.17,0,0,0
IND085-001957,2025-04-21,M1,dia,778,18,4.8,5.3,1.53,0,0,0
IND085-001958,2025-04-21,M2,dia,749,27,7.7,14.5,2.54,0,0,0
IND085-001959,2025-04-22,M3,dia,559,13,4.4,62.3,2.26,0,0,0
IND085-001960,2025-04-22,M4,dia,415,13,6.1,15.8,3.5,0,0,0
IND085-001961,2025-04-22,M5,dia,568,29,4.8,56.2,5.52,0,1,1019.76
IND085-001962,2025-04-22,M6,dia,537,22,4.8,2.3,2.71,0,0,0
IND085-001963,2025-04-23,M1,noche,559,15,4.6,18.6,4.07,0,0,0
IND085-001964,2025-04-23,M2,noche,133,2,4.0,0.7,2.04,0,0,0
IND085-001965,2025-04-23,M3,noche,93,1,7.7,22.0,3.07,0,0,0
IND085-001966,2025-04-23,M4,noche,702,27,5.5,3.3,4.02,0,0,0
IND085-001967,2025-04-24,M5,noche,771,33,3.7,15.2,3.25,0,0,0
IND085-001968,2025-04-24,M6,noche,392,16,3.2,52.1,5.41,0,0,0
IND085-001969,2025-04-24,M1,dia,526,13,6.7,44.7,2.04,0,0,0
IND085-001970,2025-04-24,M2,dia,203,10,6.7,43.9,2.28,0,0,0
IND085-001971,2025-04-25,M3,dia,221,5,5.8,41.2,2.61,0,0,0
IND085-001972,2025-04-25,M4,dia,220,12,7.7,7.8,4.31,0,0,0
IND085-001973,2025-04-25,M5,dia,358,8,3.0,41.0,3.22,1,0,0
IND085-001974,2025-04-25,M6,dia,130,5,6.1,1.7,1.94,0,0,0
IND085-001975,2025-04-25,M1,noche,610,13,5.4,8.1,2.84,0,0,0
IND085-001976,2025-04-26,M2,noche,360,15,7.4,23.0,2.36,0,0,0
IND085-001977,2025-04-26,M3,noche,142,3,6.2,5.0,2.17,1,0,0
IND085-001978,2025-04-26,M4,noche,192,6,3.1,58.6,5.02,0,0,0
IND085-001979,2025-04-26,M5,noche,551,23,4.3,28.9,3.3,0,0,0
IND085-001980,2025-04-27,M6,noche,794,38,6.9,5.5,3.41,0,0,0
IND085-001981,2025-04-27,M1,dia,548,20,4.8,6.3,3.79,0,0,0
IND085-001982,2025-04-27,M2,dia,625,22,6.9,13.1,3.47,0,0,0
IND085-001983,2025-04-27,M3,dia,303,4,6.0,3.6,2.32,0,0,0
IND085-001984,2025-04-28,M4,dia,555,20,6.6,9.5,3.32,0,0,0
IND085-001985,2025-04-28,M5,dia,504,14,3.2,5.8,3.62,1,0,0
IND085-001986,2025-04-28,M6,dia,109,2,6.0,24.3,4.44,0,0,0
IND085-001987,2025-04-28,M1,noche,171,9,5.9,16.7,4.62,0,1,1389.5
IND085-001988,2025-04-29,M2,noche,607,23,6.9,19.7,1.54,1,0,0
IND085-001989,2025-04-29,M3,noche,90,3,5.0,10.4,2.59,0,0,0
IND085-001990,2025-04-29,M4,noche,532,22,6.7,1.2,3.7,1,0,0
IND085-001991,2025-04-29,M5,noche,506,13,4.0,7.7,4.14,0,0,0
IND085-001992,2025-04-30,M6,noche,331,15,5.5,15.7,1.91,0,0,0
IND085-001993,2025-04-30,M1,dia,280,3,4.6,5.7,,0,1,1458.47
IND085-001994,2025-04-30,M2,dia,424,7,5.5,12.3,3.59,0,0,0
IND085-001995,2025-04-30,M3,dia,153,5,4.3,5.4,2.02,0,0,0
IND085-001996,2025-05-01,M4,dia,547,21,5.3,33.2,1.67,1,0,0
IND085-001997,2025-05-01,M5,dia,673,18,4.4,8.4,2.45,0,0,0
IND085-001998,2025-05-01,M6,dia,703,32,7.4,23.8,3.16,0,0,0
IND085-001999,2025-05-01,M1,noche,715,16,5.4,27.4,4.68,0,1,1187.63
IND085-002000,2025-05-02,M2,noche,344,6,5.3,4.9,1.43,0,0,0
IND085-002001,2025-05-02,M3,noche,270,6,6.7,52.2,2.92,1,0,0
IND085-002002,2025-05-02,M4,noche,303,17,5.1,19.3,1.85,1,0,0
IND085-002003,2025-05-02,M5,noche,471,14,3.3,18.8,6.0,0,0,0
IND085-002004,2025-05-03,M6,noche,404,29,4.6,11.1,3.87,0,0,0
IND085-002005,2025-05-03,M1,dia,359,11,5.1,10.1,1.71,1,1,712.37
IND085-002006,2025-05-03,M2,dia,724,25,4.3,24.0,4.11,0,0,0
IND085-002007,2025-05-03,M3,dia,481,7,7.7,13.0,2.28,0,0,0
IND085-002008,2025-05-04,M4,dia,165,3,4.4,13.6,3.53,0,0,0
IND085-002009,2025-05-04,M5,dia,787,39,3.4,8.9,4.77,0,0,0
IND085-002010,2025-05-04,M6,dia,243,16,4.9,14.1,3.31,1,0,0
IND085-002011,2025-05-04,M1,noche,219,5,7.8,6.4,2.84,0,1,907.06
IND085-002012,2025-05-05,M2,noche,141,3,4.4,1.1,2.36,0,0,0
IND085-002013,2025-05-05,M3,noche,786,23,3.8,10.9,2.51,0,0,0
IND085-002014,2025-05-05,M4,noche,491,21,4.8,6.2,4.99,0,0,0
IND085-002015,2025-05-05,M5,noche,238,8,4.4,1.0,2.26,1,0,0
IND085-002016,2025-05-05,M6,noche,219,7,3.4,8.5,5.52,1,0,0
IND085-002017,2025-05-06,M1,dia,644,12,7.9,1.0,2.82,0,0,0
IND085-002018,2025-05-06,M2,dia,402,11,3.7,0.8,2.11,0,0,0
IND085-002019,2025-05-06,M3,dia,162,3,7.6,3.3,3.43,0,0,0
IND085-002020,2025-05-06,M4,dia,260,12,7.9,3.4,4.57,0,0,0
IND085-002021,2025-05-07,M5,dia,691,29,3.3,8.9,3.09,1,0,0
IND085-002022,2025-05-07,M6,dia,101,2,4.9,17.3,3.08,0,0,0
IND085-002023,2025-05-07,M1,noche,167,1,6.3,5.0,2.85,1,0,0
IND085-002024,2025-05-07,M2,noche,243,2,3.3,24.5,4.5,0,0,0
IND085-002025,2025-05-08,M3,noche,234,11,5.0,45.0,2.51,0,0,0
IND085-002026,2025-05-08,M4,noche,202,5,4.6,43.9,3.52,1,0,0
IND085-002027,2025-05-08,M5,noche,358,11,4.7,1.4,5.68,0,0,0
IND085-002028,2025-05-08,M6,noche,641,27,4.0,32.1,4.92,0,0,0
IND085-002029,2025-05-09,M1,dia,464,9,7.2,8.7,2.0,0,0,0
IND085-002030,2025-05-09,M2,dia,797,18,7.6,10.2,0.14,0,0,0
IND085-002031,2025-05-09,M3,dia,547,14,6.5,1.3,3.07,0,0,0
IND085-002032,2025-05-09,M4,dia,672,17,3.2,1.3,2.59,0,0,0
IND085-002033,2025-05-10,M5,dia,176,4,7.4,14.1,2.04,0,0,0
IND085-002034,2025-05-10,M6,dia,270,13,6.2,6.5,4.82,0,0,0
IND085-002035,2025-05-10,M1,noche,634,14,3.3,3.4,2.86,0,0,0
IND085-002036,2025-05-10,M2,noche,624,18,6.6,18.6,1.53,0,0,0
IND085-002037,2025-05-11,M3,noche,186,7,5.0,7.0,1.64,0,0,0
IND085-002038,2025-05-11,M4, NOCHE ,95,2,5.2,41.4,3.56,1,0,0
IND085-002039,2025-05-11,M5,noche,482,17,5.3,66.9,6.27,1,0,0
IND085-002040,2025-05-11,M6,noche,516,19,6.6,33.5,4.63,0,0,0
IND085-002041,2025-05-12,M1,dia,573,9,3.6,2.9,2.08,0,0,0
IND085-002042,2025-05-12,M2,dia,491,15,6.2,60.0,4.15,0,0,0
IND085-002043,2025-05-12,M3,dia,284,7,4.9,10.5,3.29,0,0,0
IND085-002044,2025-05-12,M4,dia,552,22,6.7,9.6,2.28,0,0,0
IND085-002045,2025-05-13,M5,dia,288,11,3.6,9.9,4.16,0,0,0
IND085-002046,2025-05-13,M6,dia,169,8,5.4,79.1,6.03,1,0,0
IND085-002047,2025-05-13,M1,noche,770,22,4.2,16.5,2.34,0,0,0
IND085-002048,2025-05-13,M2,noche,81,5,7.2,34.5,1.25,0,0,0
IND085-002049,2025-05-14,M3,noche,170,8,6.7,9.0,2.56,1,0,0
IND085-002050,2025-05-14,M4,noche,389,18,5.1,6.0,2.77,1,0,0
IND085-002051,2025-05-14,M5,noche,502,17,5.6,2.9,3.08,0,0,0
IND085-002052,2025-05-14,M6,noche,94,4,3.2,4.2,2.08,0,0,0
IND085-002053,2025-05-15,M1,dia,487,7,5.3,11.5,2.33,0,0,0
IND085-002054,2025-05-15,M2,dia,358,14,5.7,30.9,2.22,0,0,0
IND085-002055,2025-05-15,M3,dia,514,20,8.0,20.0,3.96,0,0,0
IND085-002056,2025-05-15,M4,dia,779,29,6.3,8.0,2.9,0,0,0
IND085-002057,2025-05-15,M5,dia,612,18,5.6,1.9,4.52,0,0,0
IND085-002058,2025-05-16,M6,dia,340,14,4.6,6.4,5.19,0,0,0
IND085-002059,2025-05-16,M1,noche,307,7,3.0,21.4,1.43,1,0,0
IND085-002060,2025-05-16,M2,noche,315,10,7.1,9.0,2.55,0,0,0
IND085-002061,2025-05-16,M3,noche,571,14,6.9,38.3,4.62,0,0,0
IND085-002062,2025-05-17,M4,noche,668,29,6.7,43.2,2.26,0,0,0
IND085-002063,2025-05-17,M5,noche,528,20,5.3,23.1,4.32,0,0,0
IND085-002064,2025-05-17,M6,noche,302,20,3.4,7.8,4.28,0,0,0
IND085-002065,2025-05-17,M1,dia,448,14,3.6,2.9,2.24,0,0,0
IND085-002066,2025-05-18,M2,dia,434,10,4.3,3.1,4.0,0,0,0
IND085-002067,2025-05-18,M3,dia,646,23,7.9,11.7,5.09,0,1,625.75
IND085-002068,2025-05-18,M4,dia,577,23,6.2,10.6,3.45,0,0,0
IND085-002069,2025-05-18,M5,dia,544,20,7.1,15.3,2.79,1,0,0
IND085-002070,2025-05-19,M6,dia,638,26,7.2,75.9,3.18,0,0,0
IND085-002071,2025-05-19,M1,noche,351,6,6.1,14.7,2.13,0,0,0
IND085-002072,2025-05-19,M2,noche,237,10,4.1,25.3,2.18,0,0,0
IND085-002073,2025-05-19,M3,noche,238,3,7.8,16.6,3.46,0,1,2792.45
IND085-002074,2025-05-20,M4,noche,409,14,4.6,18.6,1.72,0,0,0
IND085-002075,2025-05-20,M5,noche,425,14,3.6,18.4,3.26,1,0,0
IND085-002076,2025-05-20,M6,noche,96,3,3.4,1.5,,0,0,0
IND085-002077,2025-05-20,M1,dia,452,7,3.6,36.3,2.52,0,0,0
IND085-002078,2025-05-21,M2,dia,531,11,5.2,5.4,3.82,0,0,0
IND085-002079,2025-05-21,M3,dia,395,14,4.3,18.0,3.43,0,1,588.92
IND085-002080,2025-05-21,M4,dia,602,18,4.4,24.8,3.0,0,0,0
IND085-002081,2025-05-21,M5,dia,353,9,6.8,5.5,5.05,0,0,0
IND085-002082,2025-05-22,M6,dia,771,38,5.9,16.0,4.37,0,0,0
IND085-002083,2025-05-22,M1,noche,556,15,5.4,24.1,0.75,0,0,0
IND085-002084,2025-05-22,M2,noche,286,10,5.1,59.5,1.59,0,0,0
IND085-002085,2025-05-22,M3,noche,577,12,5.8,25.9,2.8,0,1,2867.86
IND085-002086,2025-05-23,M4,noche,308,12,3.2,10.2,4.33,1,0,0
IND085-002087,2025-05-23,M5,noche,102,1,4.7,47.1,4.31,0,0,0
IND085-002088,2025-05-23,M6,noche,360,20,7.5,15.9,3.77,0,0,0
IND085-002089,2025-05-23,M1,dia,709,18,5.9,31.2,2.89,0,0,0
IND085-002090,2025-05-24,M2,dia,108,6,6.8,4.7,3.69,0,0,0
IND085-002091,2025-05-24,M3,dia,712,24,3.5,12.3,2.21,0,0,0
IND085-002092,2025-05-24,M4,dia,529,22,6.8,5.3,2.43,0,0,0
IND085-002093,2025-05-24,M5,dia,192,5,4.2,20.0,3.12,0,0,0
IND085-002094,2025-05-24,M6,dia,757,46,3.4,5.8,2.62,0,0,0
IND085-002095,2025-05-25,M1,noche,716,13,3.1,1.2,2.9,0,0,0
IND085-002096,2025-05-25,M2,noche,330,7,7.0,21.3,1.46,0,0,0
IND085-002097,2025-05-25,M3,noche,90,4,6.0,33.9,2.93,0,0,0
IND085-002098,2025-05-25,M4,noche,200,8,7.8,4.2,2.35,0,0,0
IND085-002099,2025-05-26,M5,noche,158,7,7.9,5.9,1.73,0,0,0
IND085-002100,2025-05-26,M6,noche,175,5,6.0,14.9,3.15,0,0,0
IND085-002101,2025-05-26,M1,dia,439,4,7.9,4.7,0.1,0,0,0
IND085-002102,2025-05-26,M2,dia,375,12,3.1,31.5,1.76,0,0,0
IND085-002103,2025-05-27,M3,dia,186,5,7.3,14.2,2.35,0,0,0
IND085-002104,2025-05-27,M4,dia,691,40,3.5,6.6,1.89,0,0,0
IND085-002105,2025-05-27,M5,dia,660,21,7.3,7.3,4.24,1,0,0
IND085-002106,2025-05-27,M6,dia,694,22,5.9,16.7,3.87,0,0,0
IND085-002107,2025-05-28,M1,noche,356,3,7.9,0.1,3.33,0,0,0
IND085-002108,2025-05-28,M2,noche,218,11,5.4,3.9,2.1,0,0,0
IND085-002109,2025-05-28,M3,noche,81,0,7.0,14.8,3.27,0,0,0
IND085-002110,2025-05-28,M4,noche,123,5,6.3,60.6,3.09,0,0,0
IND085-002111,2025-05-29,M5,noche,92,5,3.4,17.6,"3,9",0,0,0
IND085-002112,2025-05-29,M6,noche,214,7,7.5,15.5,4.33,0,0,0
IND085-002113,2025-05-29,M1,dia,744,18,4.1,15.3,1.71,0,0,0
IND085-002114,2025-05-29,M2,dia,519,18,5.2,17.7,3.3,0,0,0
IND085-002115,2025-05-30,M3,dia,506,21,7.7,3.4,3.75,0,0,0
IND085-002116,2025-05-30,M4,dia,615,26,3.3,34.1,2.52,0,0,0
IND085-002117,2025-05-30,M5,dia,777,22,7.8,22.4,4.54,0,0,0
IND085-002118,2025-05-30,M6,dia,748,27,5.9,13.5,4.64,0,0,0
IND085-002119,2025-05-31,M1,noche,403,7,6.1,35.0,4.16,0,0,0
IND085-002120,2025-05-31,M2,noche,519,21,4.8,8.8,4.8,0,0,0
IND085-002121,2025-05-31,M3,noche,492,18,4.1,14.8,1.39,1,0,0
IND085-002122,2025-05-31,M4,noche,348,15,3.6,8.7,3.02,0,0,0
IND085-002123,2025-06-01,M5,noche,782,23,4.2,2.1,2.77,0,0,0
IND085-002124,2025-06-01,M6,noche,363,21,7.4,5.7,1.39,0,0,0
IND085-002125,2025-06-01,M1,dia,124,3,3.4,2.8,3.15,0,0,0
IND085-002126,2025-06-01,M2,dia,714,19,4.8,19.6,2.52,0,0,0
IND085-002127,2025-06-02,M3,dia,388,14,7.1,34.6,4.13,0,0,0
IND085-002128,2025-06-02,M4,dia,675,29,6.9,9.9,3.32,0,0,0
IND085-002129,2025-06-02,M5,dia,511,17,5.7,28.6,3.05,0,0,0
IND085-002130,2025-06-02,M6,dia,98,4,3.2,38.9,2.83,0,0,0
IND085-002131,2025-06-03,M1,noche,456,13,3.7,4.1,2.11,0,0,0
IND085-002132,2025-06-03,M2,noche,643,30,4.6,23.6,2.64,0,0,0
IND085-002133,2025-06-03,M3,noche,497,15,6.9,60.8,3.51,0,0,0
IND085-002134,2025-06-03,M4,noche,126,5,4.8,6.4,3.09,0,0,0
IND085-002135,2025-06-03,M5, NOCHE ,711,23,6.5,18.6,3.15,0,0,0
IND085-002136,2025-06-04,M6,noche,220,6,7.4,21.6,3.86,0,0,0
IND085-002137,2025-06-04,M1,dia,723,20,7.8,6.9,2.36,0,0,0
IND085-002138,2025-06-04,M2,dia,168,5,6.2,0.2,4.23,1,0,0
IND085-002139,2025-06-04,M3,dia,124,4,6.7,75.2,2.92,0,0,0
IND085-002140,2025-06-05,M4,dia,94,3,4.7,49.2,2.94,1,0,0
IND085-002141,2025-06-05,M5,dia,151,3,5.5,0.9,3.1,0,0,0
IND085-002142,2025-06-05,M6,dia,702,21,3.6,1.5,4.42,1,0,0
IND085-002143,2025-06-05,M1,noche,546,12,3.8,30.8,2.05,0,0,0
IND085-002144,2025-06-06,M2,noche,240,8,7.3,20.1,0.15,0,0,0
IND085-002145,2025-06-06,M3,noche,779,28,4.2,4.0,3.21,0,0,0
IND085-002146,2025-06-06,M4,noche,686,25,3.0,5.5,4.53,0,0,0
IND085-002147,2025-06-06,M5,noche,182,2,6.6,34.9,3.52,0,0,0
IND085-002148,2025-06-07,M6,noche,367,15,7.6,2.3,4.81,0,0,0
IND085-002149,2025-06-07,M1,dia,186,7,3.4,60.8,2.24,0,0,0
IND085-002150,2025-06-07,M2,dia,570,16,4.0,1.5,3.41,0,0,0
IND085-002151,2025-06-07,M3,dia,138,6,6.9,44.4,2.1,0,0,0
IND085-002152,2025-06-08,M4,dia,756,35,5.6,14.3,2.73,0,0,0
IND085-002153,2025-06-08,M5,dia,226,9,4.0,15.0,2.21,0,0,0
IND085-002154,2025-06-08,M6,dia,761,34,5.9,109.9,2.4,1,0,0
IND085-002155,2025-06-08,M1,noche,412,8,4.3,16.4,1.58,0,0,0
IND085-002156,2025-06-09,M2,noche,432,10,5.6,11.3,1.92,0,0,0
IND085-002157,2025-06-09,M3,noche,196,5,5.9,4.3,3.42,1,0,0
IND085-002158,2025-06-09,M4,noche,221,9,7.7,12.8,3.69,0,0,0
IND085-002159,2025-06-09,M5,noche,665,18,3.8,2.1,,0,0,0
IND085-002160,2025-06-10,M6,noche,353,11,7.8,42.0,2.77,1,0,0
IND085-002161,2025-06-10,M1,dia,410,10,5.1,51.7,2.73,0,0,0
IND085-002162,2025-06-10,M2,dia,713,25,6.7,44.4,2.74,1,0,0
IND085-002163,2025-06-10,M3,dia,580,16,6.5,37.1,3.12,0,0,0
IND085-002164,2025-06-11,M4,dia,723,35,4.9,6.1,4.18,0,0,0
IND085-002165,2025-06-11,M5,dia,687,14,4.8,7.7,3.94,1,0,0
IND085-002166,2025-06-11,M6,dia,691,23,3.8,10.6,3.88,0,0,0
IND085-002167,2025-06-11,M1,noche,140,4,6.8,12.6,1.71,0,0,0
IND085-002168,2025-06-12,M2,noche,405,10,6.5,27.2,1.72,0,0,0
IND085-002169,2025-06-12,M3,noche,396,7,7.7,11.5,4.67,0,0,0
IND085-002170,2025-06-12,M4,noche,364,11,6.1,9.6,3.28,0,0,0
IND085-002171,2025-06-12,M5,noche,625,23,4.7,31.4,2.91,0,0,0
IND085-002172,2025-06-13,M6,noche,156,8,4.2,17.7,5.05,0,0,0
IND085-002173,2025-06-13,M1,dia,125,1,4.9,38.8,2.06,0,0,0
IND085-002174,2025-06-13,M2,dia,587,26,3.3,2.8,1.84,0,0,0
IND085-002175,2025-06-13,M3,dia,653,22,4.8,15.3,3.37,0,0,0
IND085-002176,2025-06-13,M4,dia,453,31,3.1,1.8,2.55,0,0,0
IND085-002177,2025-06-14,M5,dia,398,22,6.4,2.8,4.91,0,0,0
IND085-002178,2025-06-14,M6,dia,388,21,5.5,32.5,3.84,0,0,0
IND085-002179,2025-06-14,M1,noche,309,7,5.0,14.7,2.82,0,0,0
IND085-002180,2025-06-14,M2,noche,618,25,3.1,9.1,3.43,1,0,0
IND085-002181,2025-06-15,M3,noche,309,8,7.6,0.9,1.41,0,0,0
IND085-002182,2025-06-15,M4,noche,350,13,7.7,3.2,4.02,1,0,0
IND085-002183,2025-06-15,M5,noche,586,20,4.1,29.4,4.52,0,0,0
IND085-002184,2025-06-15,M6,noche,629,38,5.6,2.1,3.32,0,0,0
IND085-002185,2025-06-16,M1,dia,395,10,5.1,11.0,2.44,0,0,0
IND085-002186,2025-06-16,M2,dia,751,24,4.1,3.9,3.16,0,0,0
IND085-002187,2025-06-16,M3,dia,512,14,6.9,0.3,3.48,0,0,0
IND085-002188,2025-06-16,M4,dia,528,21,7.0,5.5,2.99,0,0,0
IND085-002189,2025-06-17,M5,dia,138,4,7.9,9.7,3.43,0,0,0
IND085-002190,2025-06-17,M6,dia,180,9,7.6,5.3,5.65,0,0,0
IND085-002191,2025-06-17,M1,noche,496,12,6.2,12.3,2.34,0,0,0
IND085-002192,2025-06-17,M2,noche,720,25,5.1,8.5,4.09,0,0,0
IND085-002193,2025-06-18,M3,noche,720,20,3.8,54.3,3.44,0,0,0
IND085-002194,2025-06-18,M4,noche,238,6,3.5,2.1,3.69,0,0,0
IND085-002195,2025-06-18,M5,noche,666,22,5.2,4.7,3.57,0,0,0
IND085-002196,2025-06-18,M6,noche,623,31,6.3,20.8,4.04,0,0,0
IND085-002197,2025-06-19,M1,dia,624,15,3.4,10.5,2.83,0,0,0
IND085-002198,2025-06-19,M2,dia,648,21,4.4,24.1,1.82,0,0,0
IND085-002199,2025-06-19,M3,dia,641,20,5.9,57.7,0.95,0,0,0
IND085-002200,2025-06-19,M4,dia,444,18,6.4,4.6,2.53,0,1,1383.74
IND085-002201,2025-06-20,M5,dia,658,26,5.8,0.5,2.15,0,0,0
IND085-002202,2025-06-20,M6,dia,489,18,4.9,16.0,4.42,0,0,0
IND085-002203,2025-06-20,M1,noche,549,12,5.3,1.2,2.55,0,0,0
IND085-002204,2025-06-20,M2,noche,382,7,6.9,18.0,3.24,0,0,0
IND085-002205,2025-06-21,M3,noche,427,13,7.1,41.0,2.71,0,0,0
IND085-002206,2025-06-21,M4,noche,313,18,6.5,21.2,3.48,0,1,437.68
IND085-002207,2025-06-21,M5,noche,230,3,7.0,16.2,4.85,1,0,0
IND085-002208,2025-06-21,M6,noche,748,33,4.3,4.0,3.9,1,0,0
IND085-002209,2025-06-22,M1,dia,92,1,7.6,41.2,3.3,0,0,0
IND085-002210,2025-06-22,M2,dia,771,38,6.3,2.9,2.69,0,0,0
IND085-002211,2025-06-22,M3,dia,298,3,3.6,33.0,1.42,0,0,0
IND085-002212,2025-06-22,M4,dia,215,6,7.9,24.0,3.82,0,1,1690.02
IND085-002213,2025-06-22,M5,dia,710,26,4.6,14.7,0.47,0,0,0
IND085-002214,2025-06-23,M6,dia,754,28,7.0,0.5,3.91,0,0,0
IND085-002215,2025-06-23,M1,noche,391,8,6.8,2.8,3.26,1,0,0
IND085-002216,2025-06-23,M2,noche,738,25,7.8,3.6,0.57,0,0,0
IND085-002217,2025-06-23,M3,noche,688,18,4.3,2.7,3.04,0,0,0
IND085-002218,2025-06-24,M4,noche,385,17,7.6,48.2,4.44,0,1,2331.25
IND085-002219,2025-06-24,M5,noche,640,27,4.6,44.1,6.23,1,1,1538.21
IND085-002220,2025-06-24,M6,noche,725,36,5.0,17.3,3.45,0,0,0
IND085-002221,2025-06-24,M1,dia,402,10,5.9,5.2,2.57,0,0,0
IND085-002222,2025-06-25,M2,dia,503,13,4.4,20.8,1.71,1,0,0
IND085-002223,2025-06-25,M3,dia,733,18,7.1,29.7,4.17,0,0,0
IND085-002224,2025-06-25,M4,dia,481,17,6.2,2.1,3.89,0,1,2851.24
IND085-002225,2025-06-25,M5,dia,747,32,7.1,44.4,4.23,0,1,2433.57
IND085-002226,2025-06-26,M6,dia,208,9,5.1,6.0,3.82,0,0,0
IND085-002227,2025-06-26,M1,noche,311,7,4.2,51.0,2.53,0,0,0
IND085-002228,2025-06-26,M2,noche,509,14,7.1,9.2,3.05,0,0,0
IND085-002229,2025-06-26,M3,noche,671,19,4.1,7.5,0.89,0,0,0
IND085-002230,2025-06-27,M4,noche,795,28,3.2,1.7,4.73,0,0,0
IND085-002231,2025-06-27,M5,noche,694,28,5.6,0.5,5.8,1,1,2924.34
IND085-002232,2025-06-27,M6, NOCHE ,663,30,4.3,23.5,5.41,0,0,0
IND085-002233,2025-06-27,M1,dia,261,6,4.3,9.7,4.5,0,0,0
IND085-002234,2025-06-28,M2,dia,295,10,3.4,7.6,1.41,0,0,0
IND085-002235,2025-06-28,M3,dia,415,8,5.7,18.3,1.95,0,0,0
IND085-002236,2025-06-28,M4,dia,576,20,3.3,0.5,3.69,0,0,0
IND085-002237,2025-06-28,M5,dia,228,6,7.9,11.6,3.14,1,1,2531.12
IND085-002238,2025-06-29,M6,dia,81,5,4.4,10.4,3.93,0,0,0
IND085-002239,2025-06-29,M1,noche,265,7,6.4,39.7,2.7,1,0,0
IND085-002240,2025-06-29,M2,noche,668,24,3.6,17.7,4.81,0,0,0
IND085-002241,2025-06-29,M3,noche,696,19,6.3,10.9,2.05,0,0,0
IND085-002242,2025-06-30,M4,noche,730,25,5.4,35.2,,0,0,0
IND085-002243,2025-06-30,M5,noche,756,24,6.9,38.4,3.6,0,0,0
IND085-002244,2025-06-30,M6,noche,264,12,4.0,6.4,3.87,0,0,0
IND085-002245,2025-06-30,M1,dia,170,5,5.4,1.6,3.02,1,0,0
IND085-002246,2025-07-01,M2,dia,689,23,6.0,3.2,1.18,0,0,0
IND085-002247,2025-07-01,M3,dia,180,8,5.0,28.9,0.41,0,0,0
IND085-002248,2025-07-01,M4,dia,433,12,4.5,24.2,4.31,1,0,0
IND085-002249,2025-07-01,M5,dia,481,27,7.7,0.9,4.6,0,0,0
IND085-002250,2025-07-02,M6,dia,382,21,7.6,6.1,3.69,0,0,0
IND085-002251,2025-07-02,M1,noche,221,5,7.1,27.3,1.02,1,0,0
IND085-002252,2025-07-02,M2,noche,591,16,5.1,35.7,3.71,0,0,0
IND085-002253,2025-07-02,M3,noche,677,18,6.2,15.0,2.61,0,0,0
IND085-002254,2025-07-02,M4,noche,556,21,6.6,20.9,2.26,0,0,0
IND085-002255,2025-07-03,M5,noche,234,10,5.9,36.9,2.53,0,0,0
IND085-002256,2025-07-03,M6,noche,583,32,4.3,5.6,4.46,0,0,0
IND085-002257,2025-07-03,M1,dia,114,1,5.8,0.4,1.94,1,0,0
IND085-002258,2025-07-03,M2,dia,146,4,5.0,24.4,2.06,1,0,0
IND085-002259,2025-07-04,M3,dia,187,7,7.8,80.9,1.63,0,0,0
IND085-002260,2025-07-04,M4,dia,424,15,7.6,33.7,2.61,0,0,0
IND085-002261,2025-07-04,M5,dia,776,30,4.5,12.5,5.43,0,0,0
IND085-002262,2025-07-04,M6,dia,550,25,5.1,13.1,3.92,0,0,0
IND085-002263,2025-07-05,M1,noche,90,3,5.2,9.1,2.65,0,0,0
IND085-002264,2025-07-05,M2,noche,635,19,5.4,3.8,2.41,1,0,0
IND085-002265,2025-07-05,M3,noche,711,19,4.2,41.9,1.57,0,0,0
IND085-002266,2025-07-05,M4,noche,275,6,3.1,4.6,4.39,0,0,0
IND085-002267,2025-07-06,M5,noche,800,27,3.8,1.4,3.92,0,0,0
IND085-002268,2025-07-06,M6,noche,258,9,4.9,55.6,3.53,0,0,0
IND085-002269,2025-07-06,M1,dia,467,7,3.6,29.6,4.26,0,1,798.5
IND085-002270,2025-07-06,M2,dia,427,17,3.5,0.9,1.15,0,0,0
IND085-002271,2025-07-07,M3,dia,497,16,5.1,11.3,2.76,1,0,0
IND085-002272,2025-07-07,M4,dia,747,25,5.7,8.8,2.52,0,0,0
IND085-002273,2025-07-07,M5,dia,213,9,3.0,7.4,2.41,0,0,0
IND085-002274,2025-07-07,M6,dia,660,23,3.5,41.1,4.78,0,0,0
IND085-002275,2025-07-08,M1,noche,646,13,7.8,10.4,4.58,1,1,2223.81
IND085-002276,2025-07-08,M2,noche,206,7,7.7,7.4,1.16,0,0,0
IND085-002277,2025-07-08,M3,noche,474,11,4.0,14.4,2.78,1,0,0
IND085-002278,2025-07-08,M4,noche,468,12,6.2,6.1,3.97,0,0,0
IND085-002279,2025-07-09,M5,noche,102,5,6.3,5.8,4.69,0,0,0
IND085-002280,2025-07-09,M6,noche,107,10,6.8,21.8,1.72,0,0,0
IND085-002281,2025-07-09,M1,dia,768,18,3.2,10.9,3.98,0,1,1704.51
IND085-002282,2025-07-09,M2,dia,430,14,7.4,7.9,3.18,0,0,0
IND085-002283,2025-07-10,M3,dia,548,14,3.4,14.5,3.4,0,0,0
IND085-002284,2025-07-10,M4,dia,747,32,3.1,5.7,3.23,1,0,0
IND085-002285,2025-07-10,M5,dia,280,9,6.3,5.6,3.37,0,0,0
IND085-002286,2025-07-10,M6,dia,407,17,6.3,2.0,3.63,0,0,0
IND085-002287,2025-07-11,M1,noche,532,12,4.0,30.6,2.97,1,1,2408.11
IND085-002288,2025-07-11,M2,noche,637,26,5.3,0.9,3.53,0,0,0
IND085-002289,2025-07-11,M3,noche,404,13,3.2,9.1,4.5,0,0,0
IND085-002290,2025-07-11,M4,noche,701,25,7.0,8.3,3.69,0,0,0
IND085-002291,2025-07-11,M5,noche,601,20,3.5,11.5,4.14,0,0,0
IND085-002292,2025-07-12,M6,noche,439,22,7.3,38.8,3.96,0,0,0
IND085-002293,2025-07-12,M1,dia,415,10,6.1,8.9,5.16,0,1,1268.9
IND085-002294,2025-07-12,M2,dia,751,22,5.0,22.5,2.27,0,0,0
IND085-002295,2025-07-12,M3,dia,702,38,8.0,6.1,3.64,0,0,0
IND085-002296,2025-07-13,M4,dia,642,27,5.2,26.1,1.5,1,0,0
IND085-002297,2025-07-13,M5,dia,416,15,6.0,9.6,4.29,0,0,0
IND085-002298,2025-07-13,M6,dia,333,18,4.3,20.6,5.09,0,0,0
IND085-002299,2025-07-13,M1,noche,113,3,3.0,2.9,3.19,0,0,0
IND085-002300,2025-07-14,M2,noche,179,5,7.4,10.3,4.13,0,0,0
IND085-002301,2025-07-14,M3,noche,617,19,6.8,20.9,2.05,0,0,0
IND085-002302,2025-07-14,M4,noche,103,2,3.8,4.9,4.49,0,0,0
IND085-002303,2025-07-14,M5,noche,144,4,3.4,51.4,3.57,0,1,1681.03
IND085-002304,2025-07-15,M6,noche,249,13,6.2,34.8,3.74,0,0,0
IND085-002305,2025-07-15,M1,dia,259,7,6.5,5.0,3.84,1,0,0
IND085-002306,2025-07-15,M2,dia,556,14,4.1,13.0,3.69,0,0,0
IND085-002307,2025-07-15,M3,dia,260,9,6.5,23.7,3.1,1,0,0
IND085-002308,2025-07-16,M4,dia,420,14,3.6,34.5,3.13,1,0,0
IND085-002309,2025-07-16,M5,dia,258,6,5.3,2.3,5.69,0,1,640.89
IND085-002310,2025-07-16,M6,dia,613,30,6.6,34.5,2.53,1,0,0
IND085-002311,2025-07-16,M1,noche,321,11,4.7,42.0,4.19,0,0,0
IND085-002312,2025-07-17,M2,noche,230,4,3.0,0.6,2.68,1,0,0
IND085-002313,2025-07-17,M3,noche,409,11,7.6,9.5,2.45,0,0,0
IND085-002314,2025-07-17,M4,noche,163,6,5.3,4.4,4.34,0,0,0
IND085-002315,2025-07-17,M5,noche,295,9,6.6,0.2,3.84,0,1,2937.15
IND085-002316,2025-07-18,M6,noche,772,33,3.1,33.0,1.8,0,0,0
IND085-002317,2025-07-18,M1,dia,102,4,4.6,10.2,3.75,1,0,0
IND085-002318,2025-07-18,M2,dia,561,18,6.0,23.5,3.4,0,0,0
IND085-002319,2025-07-18,M3,dia,250,10,4.5,64.6,3.9,1,0,0
IND085-002320,2025-07-19,M4,dia,119,4,5.8,0.3,3.43,0,0,0
IND085-002321,2025-07-19,M5,dia,372,20,4.0,23.1,4.95,0,1,1252.92
IND085-002322,2025-07-19,M6,dia,170,9,7.9,3.9,"4,4",1,0,0
IND085-002323,2025-07-19,M1,noche,506,6,7.1,3.0,0.79,0,0,0
IND085-002324,2025-07-20,M2,noche,225,4,3.8,20.1,3.42,0,0,0
IND085-002325,2025-07-20,M3,noche,591,14,4.6,2.3,,0,0,0
IND085-002326,2025-07-20,M4,noche,452,26,7.3,1.9,2.61,0,0,0
IND085-002327,2025-07-20,M5,noche,242,9,3.2,1.6,4.6,0,1,255.12
IND085-002328,2025-07-21,M6,noche,505,21,4.0,11.8,2.97,0,0,0
IND085-002329,2025-07-21,M1, DIA ,293,7,5.9,23.3,1.0,0,0,0
IND085-002330,2025-07-21,M2,dia,522,17,6.0,5.8,2.16,1,0,0
IND085-002331,2025-07-21,M3,dia,170,5,6.8,5.8,3.88,1,0,0
IND085-002332,2025-07-21,M4,dia,639,20,7.1,6.2,4.03,0,0,0
IND085-002333,2025-07-22,M5,dia,149,5,6.9,6.7,3.71,1,0,0
IND085-002334,2025-07-22,M6,dia,673,34,6.3,24.8,2.75,0,0,0
IND085-002335,2025-07-22,M1,noche,314,6,7.4,2.4,3.4,0,0,0
IND085-002336,2025-07-22,M2,noche,693,20,3.3,69.0,1.96,0,0,0
IND085-002337,2025-07-23,M3,noche,387,8,5.4,14.5,4.13,0,0,0
IND085-002338,2025-07-23,M4,noche,741,29,4.8,0.1,3.19,0,0,0
IND085-002339,2025-07-23,M5,noche,783,24,4.4,36.2,2.28,0,0,0
IND085-002340,2025-07-23,M6,noche,466,26,4.4,5.9,3.84,0,0,0
IND085-002341,2025-07-24,M1,dia,278,5,5.7,38.7,3.33,0,0,0
IND085-002342,2025-07-24,M2,dia,534,17,5.9,16.2,3.34,0,0,0
IND085-002343,2025-07-24,M3,dia,391,15,6.1,38.0,2.26,0,0,0
IND085-002344,2025-07-24,M4,dia,109,5,7.0,1.0,3.24,0,0,0
IND085-002345,2025-07-25,M5,dia,111,1,7.2,55.2,2.99,0,0,0
IND085-002346,2025-07-25,M6,dia,443,22,3.7,7.9,3.62,0,0,0
IND085-002347,2025-07-25,M1,noche,576,19,3.6,8.5,4.63,1,0,0
IND085-002348,2025-07-25,M2,noche,252,10,7.1,5.4,3.34,0,0,0
IND085-002349,2025-07-26,M3,noche,180,5,7.7,1.0,2.79,0,0,0
IND085-002350,2025-07-26,M4,noche,362,16,6.1,3.9,4.21,0,0,0
IND085-002351,2025-07-26,M5,noche,240,5,7.9,31.7,3.5,1,0,0
IND085-002352,2025-07-26,M6,noche,681,40,3.4,5.5,2.14,0,0,0
IND085-002353,2025-07-27,M1,dia,202,6,6.5,9.0,2.67,0,0,0
IND085-002354,2025-07-27,M2,dia,392,17,7.2,11.7,0.91,0,0,0
IND085-002355,2025-07-27,M3,dia,560,18,5.4,1.0,3.11,0,0,0
IND085-002356,2025-07-27,M4,dia,302,10,6.9,5.5,2.7,0,0,0
IND085-002357,2025-07-28,M5,dia,574,17,5.3,11.4,3.07,0,0,0
IND085-002358,2025-07-28,M6,dia,361,12,7.3,10.0,5.72,0,0,0
IND085-002359,2025-07-28,M1,noche,615,9,6.4,24.2,2.35,0,0,0
IND085-002360,2025-07-28,M2,noche,708,28,7.5,16.1,3.04,0,0,0
IND085-002361,2025-07-29,M3,noche,179,3,7.5,6.0,0.79,0,0,0
IND085-002362,2025-07-29,M4,noche,332,13,6.1,0.4,4.2,0,0,0
IND085-002363,2025-07-29,M5,noche,374,14,5.7,17.2,3.46,0,0,0
IND085-002364,2025-07-29,M6,noche,216,13,4.5,14.8,4.72,1,0,0
IND085-002365,2025-07-30,M1,dia,685,13,5.0,9.0,2.76,1,0,0
IND085-002366,2025-07-30,M2,dia,229,7,4.0,12.5,2.44,1,0,0
IND085-002367,2025-07-30,M3,dia,416,8,4.7,38.3,1.85,0,0,0
IND085-002368,2025-07-30,M4,dia,121,3,7.2,14.7,3.49,0,0,0
IND085-002369,2025-07-31,M5,dia,721,22,5.8,10.0,4.34,0,0,0
IND085-002370,2025-07-31,M6,dia,307,15,4.2,31.4,3.71,1,0,0
IND085-002371,2025-07-31,M1,noche,440,10,3.1,0.5,3.29,1,0,0
IND085-002372,2025-07-31,M2,noche,412,8,6.0,0.1,2.31,0,0,0
IND085-002373,2025-07-31,M3,noche,478,18,7.6,33.1,3.53,0,0,0
IND085-002374,2025-08-01,M4,noche,157,6,5.4,56.3,1.95,0,0,0
IND085-002375,2025-08-01,M5,noche,459,23,3.9,18.1,3.23,0,0,0
IND085-002376,2025-08-01,M6,noche,632,36,6.1,62.0,4.82,0,0,0
IND085-002377,2025-08-01,M1,dia,356,9,5.0,40.0,2.34,0,0,0
IND085-002378,2025-08-02,M2,dia,138,6,4.8,15.6,2.6,0,0,0
IND085-002379,2025-08-02,M3,dia,342,11,4.6,4.7,1.66,0,0,0
IND085-002380,2025-08-02,M4,dia,308,10,7.9,35.9,2.79,0,0,0
IND085-002381,2025-08-02,M5,dia,188,7,4.4,1.0,3.0,0,0,0
IND085-002382,2025-08-03,M6,dia,593,25,4.9,21.4,2.98,0,0,0
IND085-002383,2025-08-03,M1,noche,707,25,3.6,30.5,4.91,0,0,0
IND085-002384,2025-08-03,M2,noche,329,13,6.0,28.9,3.05,0,0,0
IND085-002385,2025-08-03,M3,noche,300,10,4.9,4.7,3.42,0,0,0
IND085-002386,2025-08-04,M4,noche,331,17,7.5,1.3,1.51,1,0,0
IND085-002387,2025-08-04,M5,noche,360,14,5.8,7.3,4.62,0,0,0
IND085-002388,2025-08-04,M6,noche,263,11,4.3,45.6,4.51,1,0,0
IND085-002389,2025-08-04,M1,dia,453,9,6.1,23.1,4.11,0,0,0
IND085-002390,2025-08-05,M2,dia,562,19,3.5,16.0,3.25,0,0,0
IND085-002391,2025-08-05,M3,dia,402,9,8.0,8.9,1.27,0,0,0
IND085-002392,2025-08-05,M4,dia,509,20,5.7,14.1,1.63,1,0,0
IND085-002393,2025-08-05,M5,dia,329,7,4.8,26.3,4.56,0,0,0
IND085-002394,2025-08-06,M6,dia,157,6,6.1,40.4,4.6,0,0,0
IND085-002395,2025-08-06,M1,noche,554,9,6.5,3.6,2.13,0,0,0
IND085-002396,2025-08-06,M2,noche,741,27,5.3,4.4,2.73,0,0,0
IND085-002397,2025-08-06,M3,noche,780,17,5.3,17.1,3.22,0,0,0
IND085-002398,2025-08-07,M4,noche,738,30,7.2,10.6,4.24,0,0,0
IND085-002399,2025-08-07,M5,noche,390,13,7.9,5.5,4.51,0,0,0
IND085-002400,2025-08-07,M6,noche,247,8,7.2,7.7,3.58,1,0,0
IND085-002401,2025-08-07,M1,dia,563,10,3.6,6.8,3.02,1,0,0
IND085-002402,2025-08-08,M2,dia,350,12,4.8,0.8,2.61,0,0,0
IND085-002403,2025-08-08,M3,dia,220,5,3.1,27.4,2.05,0,0,0
IND085-002404,2025-08-08,M4,dia,123,4,4.9,7.0,2.8,1,0,0
IND085-002405,2025-08-08,M5,dia,779,18,7.0,79.4,4.26,0,0,0
IND085-002406,2025-08-09,M6,dia,586,29,3.9,10.1,3.44,0,0,0
IND085-002407,2025-08-09,M1,noche,469,17,3.9,20.7,3.02,0,0,0
IND085-002408,2025-08-09,M2,noche,419,19,5.3,56.8,,0,0,0
IND085-002409,2025-08-09,M3,noche,125,2,4.1,2.5,3.24,0,0,0
IND085-002410,2025-08-09,M4,noche,295,15,3.4,37.7,2.19,1,0,0
IND085-002411,2025-08-10,M5,noche,368,12,7.9,16.0,1.73,0,0,0
IND085-002412,2025-08-10,M6,noche,415,19,4.5,5.0,2.85,0,0,0
IND085-002413,2025-08-10,M1,dia,179,6,7.1,14.8,3.28,1,0,0
IND085-002414,2025-08-10,M2,dia,318,10,6.4,52.1,2.46,0,0,0
IND085-002415,2025-08-11,M3,dia,540,20,7.3,0.9,3.2,0,0,0
IND085-002416,2025-08-11,M4,dia,261,14,4.3,7.8,4.32,0,0,0
IND085-002417,2025-08-11,M5,dia,665,22,5.5,23.9,3.89,0,0,0
IND085-002418,2025-08-11,M6,dia,667,38,5.5,7.9,4.39,0,0,0
IND085-002419,2025-08-12,M1,noche,152,1,4.5,14.0,2.46,0,0,0
IND085-002420,2025-08-12,M2,noche,668,19,6.9,13.6,3.16,0,0,0
IND085-002421,2025-08-12,M3,noche,656,23,7.6,2.3,3.36,1,0,0
IND085-002422,2025-08-12,M4,noche,509,20,6.0,8.0,2.48,0,0,0
IND085-002423,2025-08-13,M5,noche,395,17,3.8,23.0,2.49,1,0,0
IND085-002424,2025-08-13,M6,noche,289,9,6.4,13.4,2.28,0,0,0
IND085-002425,2025-08-13,M1,dia,666,16,7.3,0.4,2.75,1,0,0
IND085-002426,2025-08-13,M2, DIA ,526,13,3.5,0.8,2.86,1,0,0
IND085-002427,2025-08-14,M3,dia,515,20,3.9,15.7,1.35,0,0,0
IND085-002428,2025-08-14,M4,dia,565,25,7.7,66.3,5.58,1,0,0
IND085-002429,2025-08-14,M5,dia,714,24,6.7,9.5,3.02,0,0,0
IND085-002430,2025-08-14,M6,dia,221,5,6.1,9.0,2.85,0,0,0
IND085-002431,2025-08-15,M1,noche,752,27,7.7,10.2,2.67,0,0,0
IND085-002432,2025-08-15,M2,noche,549,22,3.8,3.7,3.73,1,0,0
IND085-002433,2025-08-15,M3,noche,569,17,6.8,75.7,3.79,0,0,0
IND085-002434,2025-08-15,M4,noche,236,6,3.5,0.7,3.78,0,0,0
IND085-002435,2025-08-16,M5,noche,219,8,3.2,39.2,2.46,0,0,0
IND085-002436,2025-08-16,M6,noche,192,8,3.0,3.7,4.45,0,0,0
IND085-002437,2025-08-16,M1,dia,778,22,6.1,13.3,4.15,0,0,0
IND085-002438,2025-08-16,M2,dia,216,10,6.7,8.9,3.17,0,0,0
IND085-002439,2025-08-17,M3,dia,613,18,6.7,1.9,2.85,0,0,0
IND085-002440,2025-08-17,M4,dia,86,6,4.3,7.0,5.07,0,0,0
IND085-002441,2025-08-17,M5,dia,118,3,7.8,21.2,3.6,0,0,0
IND085-002442,2025-08-17,M6,dia,572,22,7.9,10.1,3.25,0,0,0
IND085-002443,2025-08-18,M1,noche,454,11,3.8,3.4,2.4,0,0,0
IND085-002444,2025-08-18,M2,noche,187,6,3.1,1.7,4.07,0,0,0
IND085-002445,2025-08-18,M3,noche,720,23,7.4,22.9,2.91,0,0,0
IND085-002446,2025-08-18,M4,noche,245,10,3.1,10.2,3.38,0,0,0
IND085-002447,2025-08-19,M5,noche,704,27,5.3,2.8,2.0,0,0,0
IND085-002448,2025-08-19,M6,noche,245,13,6.3,95.8,3.33,1,0,0
IND085-002449,2025-08-19,M1,dia,421,8,3.7,1.3,2.45,1,0,0
IND085-002450,2025-08-19,M2,dia,464,16,6.7,10.3,3.25,0,0,0
IND085-002451,2025-08-19,M3,dia,316,6,3.7,125.1,3.18,0,0,0
IND085-002452,2025-08-20,M4,dia,139,9,5.5,33.6,3.39,0,0,0
IND085-002453,2025-08-20,M5,dia,770,30,4.9,4.5,4.53,0,0,0
IND085-002454,2025-08-20,M6,dia,246,10,4.3,7.8,2.83,0,0,0
IND085-002455,2025-08-20,M1,noche,130,2,6.8,32.0,2.49,0,0,0
IND085-002456,2025-08-21,M2,noche,797,30,7.0,6.2,2.27,0,0,0
IND085-002457,2025-08-21,M3,noche,221,8,3.6,36.0,3.26,0,0,0
IND085-002458,2025-08-21,M4,noche,206,9,4.3,17.3,3.37,0,0,0
IND085-002459,2025-08-21,M5,noche,505,19,4.0,3.1,3.97,0,0,0
IND085-002460,2025-08-22,M6,noche,495,28,4.7,15.5,2.66,0,0,0
IND085-002461,2025-08-22,M1,dia,139,3,3.1,4.3,3.25,0,0,0
IND085-002462,2025-08-22,M2,dia,557,25,4.4,5.8,3.8,0,0,0
IND085-002463,2025-08-22,M3,dia,287,9,3.9,4.5,3.2,0,0,0
IND085-002464,2025-08-23,M4,dia,303,15,5.1,0.2,2.5,1,0,0
IND085-002465,2025-08-23,M5,dia,499,28,7.1,3.3,4.33,0,0,0
IND085-002466,2025-08-23,M6,dia,758,31,7.2,21.7,4.37,0,0,0
IND085-002467,2025-08-23,M1,noche,162,1,5.8,2.8,3.35,0,0,0
IND085-002468,2025-08-24,M2,noche,438,9,4.0,8.4,2.31,1,0,0
IND085-002469,2025-08-24,M3,noche,727,11,7.3,23.8,4.43,0,0,0
IND085-002470,2025-08-24,M4,noche,161,3,3.3,55.4,4.56,0,0,0
IND085-002471,2025-08-24,M5,noche,96,3,5.3,1.5,4.92,0,0,0
IND085-002472,2025-08-25,M6,noche,539,32,5.1,15.4,3.95,0,0,0
IND085-002473,2025-08-25,M1,dia,241,1,3.9,7.3,2.83,1,0,0
IND085-002474,2025-08-25,M2,dia,560,15,5.4,0.2,2.67,0,0,0
IND085-002475,2025-08-25,M3,dia,335,8,6.7,20.6,4.12,1,0,0
IND085-002476,2025-08-26,M4,dia,83,5,6.1,5.6,2.58,0,0,0
IND085-002477,2025-08-26,M5,dia,196,4,4.1,12.5,4.76,0,0,0
IND085-002478,2025-08-26,M6,dia,549,23,5.8,1.1,1.29,0,0,0
IND085-002479,2025-08-26,M1,noche,303,6,3.4,4.4,3.51,0,0,0
IND085-002480,2025-08-27,M2,noche,313,16,4.4,13.8,2.7,0,0,0
IND085-002481,2025-08-27,M3,noche,152,4,4.9,11.8,3.56,0,0,0
IND085-002482,2025-08-27,M4,noche,423,21,4.8,8.6,3.46,0,0,0
IND085-002483,2025-08-27,M5,noche,98,1,6.5,11.5,4.54,0,0,0
IND085-002484,2025-08-28,M6,noche,431,17,4.2,5.1,4.2,0,0,0
IND085-002485,2025-08-28,M1,dia,245,6,7.3,12.3,4.26,0,0,0
IND085-002486,2025-08-28,M2,dia,676,21,7.3,32.1,2.76,0,0,0
IND085-002487,2025-08-28,M3,dia,136,3,5.0,8.1,2.68,0,0,0
IND085-002488,2025-08-28,M4,dia,625,27,6.6,20.5,3.86,0,0,0
IND085-002489,2025-08-29,M5,dia,402,12,5.0,38.4,1.28,1,0,0
IND085-002490,2025-08-29,M6,dia,518,21,3.2,11.5,2.88,0,0,0
IND085-002491,2025-08-29,M1,noche,310,6,3.9,3.9,,0,0,0
IND085-002492,2025-08-29,M2,noche,570,16,4.8,19.4,3.61,0,0,0
IND085-002493,2025-08-30,M3,noche,453,10,5.4,13.9,2.03,1,0,0
IND085-002494,2025-08-30,M4,noche,615,22,5.8,13.5,2.38,0,0,0
IND085-002495,2025-08-30,M5,noche,745,33,3.9,10.1,1.98,0,0,0
IND085-002496,2025-08-30,M6,noche,618,30,4.0,8.0,4.15,0,0,0
IND085-002497,2025-08-31,M1,dia,517,14,7.9,24.5,3.53,0,0,0
IND085-002498,2025-08-31,M2,dia,682,27,5.7,19.6,3.48,0,0,0
IND085-002499,2025-08-31,M3,dia,470,14,3.1,7.2,3.48,0,0,0
IND085-002500,2025-08-31,M4,dia,783,33,7.8,2.4,4.53,0,0,0
IND085-002501,2025-09-01,M5,dia,359,13,3.2,8.9,3.64,0,0,0
IND085-002502,2025-09-01,M6,dia,143,6,3.6,24.2,3.04,1,0,0
IND085-002503,2025-09-01,M1,noche,165,5,5.6,41.7,0.1,0,0,0
IND085-002504,2025-09-01,M2,noche,564,17,5.8,6.2,2.17,0,0,0
IND085-002505,2025-09-02,M3,noche,292,8,4.1,3.0,3.3,0,0,0
IND085-002506,2025-09-02,M4,noche,778,40,6.5,1.5,2.68,0,0,0
IND085-002507,2025-09-02,M5,noche,130,4,5.8,8.3,4.17,0,0,0
IND085-002508,2025-09-02,M6,noche,477,21,6.5,1.5,2.77,0,0,0
IND085-002509,2025-09-03,M1,dia,353,6,7.8,18.5,3.88,0,0,0
IND085-002510,2025-09-03,M2,dia,240,5,3.6,15.3,3.72,1,0,0
IND085-002511,2025-09-03,M3,dia,97,5,5.4,26.9,2.84,1,0,0
IND085-002512,2025-09-03,M4,dia,404,23,6.2,51.4,3.36,0,0,0
IND085-002513,2025-09-04,M5,dia,179,11,7.2,13.7,3.75,0,0,0
IND085-002514,2025-09-04,M6,dia,710,34,5.6,1.6,3.29,0,0,0
IND085-002515,2025-09-04,M1,noche,163,3,5.8,0.8,1.69,0,0,0
IND085-002516,2025-09-04,M2,noche,597,22,3.3,3.0,2.92,0,0,0
IND085-002517,2025-09-05,M3,noche,514,12,7.2,15.4,3.79,0,0,0
IND085-002518,2025-09-05,M4,noche,671,24,3.5,17.8,4.05,0,0,0
IND085-002519,2025-09-05,M5,noche,259,10,6.4,6.9,4.21,0,0,0
IND085-002520,2025-09-05,M6,noche,161,4,7.1,11.9,2.65,0,0,0
IND085-002521,2025-09-06,M1,dia,487,18,6.3,16.9,1.95,0,0,0
IND085-002522,2025-09-06,M2,dia,366,9,6.0,4.1,2.16,0,0,0
IND085-002523,2025-09-06,M3, DIA ,678,15,3.4,0.3,3.05,1,0,0
IND085-002524,2025-09-06,M4,dia,664,26,3.9,1.4,4.84,0,0,0
IND085-002525,2025-09-07,M5,dia,347,15,5.5,58.0,3.63,0,0,0
IND085-002526,2025-09-07,M6,dia,95,4,5.3,15.5,3.25,0,0,0
IND085-002527,2025-09-07,M1,noche,263,8,4.6,17.2,1.87,0,0,0
IND085-002528,2025-09-07,M2,noche,166,8,3.2,33.1,3.49,1,0,0
IND085-002529,2025-09-07,M3,noche,357,11,7.8,6.5,3.33,0,0,0
IND085-002530,2025-09-08,M4,noche,428,13,4.4,0.5,4.59,0,0,0
IND085-002531,2025-09-08,M5,noche,136,4,7.9,40.8,4.29,1,0,0
IND085-002532,2025-09-08,M6,noche,148,9,4.1,21.0,3.38,0,0,0
IND085-002533,2025-09-08,M1,dia,710,15,3.3,11.8,"2,87",0,0,0
IND085-002534,2025-09-09,M2,dia,426,9,7.5,1.3,3.97,0,0,0
IND085-002535,2025-09-09,M3,dia,357,8,5.3,7.9,3.31,0,0,0
IND085-002536,2025-09-09,M4,dia,518,20,5.9,22.9,4.06,0,0,0
IND085-002537,2025-09-09,M5,dia,751,27,7.2,77.5,4.27,1,1,1947.47
IND085-002538,2025-09-10,M6,dia,641,25,7.9,0.6,3.27,0,0,0
IND085-002539,2025-09-10,M1,noche,202,4,3.7,9.2,2.36,0,0,0
IND085-002540,2025-09-10,M2,noche,290,6,3.9,8.4,3.83,0,0,0
IND085-002541,2025-09-10,M3,noche,451,9,3.2,33.5,3.12,0,0,0
IND085-002542,2025-09-11,M4,noche,424,10,4.1,33.5,3.97,1,0,0
IND085-002543,2025-09-11,M5,noche,706,26,5.5,18.6,5.11,0,1,2494.42
IND085-002544,2025-09-11,M6,noche,135,3,6.3,19.5,2.2,0,0,0
IND085-002545,2025-09-11,M1,dia,467,13,6.8,5.6,1.44,0,0,0
IND085-002546,2025-09-12,M2,dia,355,6,3.4,41.5,4.22,0,0,0
IND085-002547,2025-09-12,M3,dia,159,4,7.9,17.5,2.78,1,0,0
IND085-002548,2025-09-12,M4,dia,574,25,4.0,23.9,3.14,0,0,0
IND085-002549,2025-09-12,M5,dia,144,6,3.9,0.3,2.79,0,1,469.76
IND085-002550,2025-09-13,M6,dia,715,30,7.2,5.7,2.96,0,0,0
IND085-002551,2025-09-13,M1,noche,793,18,4.4,9.8,1.1,0,0,0
IND085-002552,2025-09-13,M2,noche,460,17,3.6,20.7,1.11,0,0,0
IND085-002553,2025-09-13,M3,noche,283,7,5.3,113.8,2.44,1,0,0
IND085-002554,2025-09-14,M4,noche,597,19,7.2,3.0,4.12,0,0,0
IND085-002555,2025-09-14,M5,noche,792,30,7.0,58.6,6.12,1,1,2444.03
IND085-002556,2025-09-14,M6,noche,748,26,7.4,4.8,3.11,0,0,0
IND085-002557,2025-09-14,M1,dia,248,8,4.7,53.8,3.03,0,0,0
IND085-002558,2025-09-15,M2,dia,97,2,4.2,29.8,2.68,1,0,0
IND085-002559,2025-09-15,M3,dia,490,15,5.9,53.4,4.5,0,0,0
IND085-002560,2025-09-15,M4,dia,597,20,8.0,9.2,1.79,0,0,0
IND085-002561,2025-09-15,M5,dia,207,11,5.3,31.3,3.92,0,1,2234.05
IND085-002562,2025-09-16,M6,dia,308,22,7.7,4.1,3.13,0,0,0
IND085-002563,2025-09-16,M1,noche,547,12,4.8,15.7,1.91,0,0,0
IND085-002564,2025-09-16,M2,noche,264,9,5.8,4.4,2.45,0,0,0
IND085-002565,2025-09-16,M3,noche,591,16,5.3,13.2,4.05,0,0,0
IND085-002566,2025-09-17,M4,noche,272,17,3.1,26.4,3.61,0,0,0
IND085-002567,2025-09-17,M5,noche,534,21,4.0,30.3,2.5,0,0,0
IND085-002568,2025-09-17,M6,noche,534,26,6.1,90.0,3.14,0,0,0
IND085-002569,2025-09-17,M1,dia,792,12,7.0,22.1,2.59,0,0,0
IND085-002570,2025-09-17,M2,dia,784,24,7.4,21.8,3.07,1,0,0
IND085-002571,2025-09-18,M3,dia,278,5,5.6,8.0,2.13,0,0,0
IND085-002572,2025-09-18,M4,dia,395,19,4.8,29.1,2.84,0,0,0
IND085-002573,2025-09-18,M5,dia,460,9,7.2,46.3,4.22,0,0,0
IND085-002574,2025-09-18,M6,dia,299,13,3.3,11.1,,0,0,0
IND085-002575,2025-09-19,M1,noche,565,14,3.5,44.6,1.68,0,0,0
IND085-002576,2025-09-19,M2,noche,771,28,4.1,50.8,4.37,0,1,2543.68
IND085-002577,2025-09-19,M3,noche,586,17,6.7,5.8,2.17,0,0,0
IND085-002578,2025-09-19,M4,noche,588,27,3.2,2.3,3.93,0,0,0
IND085-002579,2025-09-20,M5,noche,98,1,3.2,8.6,3.19,0,0,0
IND085-002580,2025-09-20,M6,noche,684,31,6.0,10.7,2.56,0,0,0
IND085-002581,2025-09-20,M1,dia,401,10,5.8,1.1,1.69,0,0,0
IND085-002582,2025-09-20,M2,dia,427,13,5.2,59.2,4.3,0,1,804.84
IND085-002583,2025-09-21,M3,dia,497,5,5.6,13.5,1.73,1,0,0
IND085-002584,2025-09-21,M4,dia,442,16,4.9,16.1,3.81,0,0,0
IND085-002585,2025-09-21,M5,dia,140,4,4.3,1.9,4.35,0,0,0
IND085-002586,2025-09-21,M6,dia,758,34,4.5,2.6,1.56,0,0,0
IND085-002587,2025-09-22,M1,noche,725,17,7.5,31.1,2.21,0,0,0
IND085-002588,2025-09-22,M2,noche,106,3,3.7,11.2,3.52,0,1,916.64
IND085-002589,2025-09-22,M3,noche,416,15,7.7,50.2,0.53,0,0,0
IND085-002590,2025-09-22,M4,noche,621,30,6.4,0.9,1.25,0,0,0
IND085-002591,2025-09-23,M5,noche,644,22,4.7,4.4,4.5,0,0,0
IND085-002592,2025-09-23,M6,noche,192,4,6.7,3.1,3.76,0,0,0
IND085-002593,2025-09-23,M1,dia,649,18,4.6,1.5,2.82,0,0,0
IND085-002594,2025-09-23,M2,dia,97,8,5.9,1.7,3.48,0,1,583.51
IND085-002595,2025-09-24,M3,dia,180,3,5.5,6.0,3.65,0,0,0
IND085-002596,2025-09-24,M4,dia,691,26,3.7,1.2,3.76,0,0,0
IND085-002597,2025-09-24,M5,dia,681,26,4.7,2.5,4.06,0,0,0
IND085-002598,2025-09-24,M6,dia,486,21,5.0,8.6,3.95,1,0,0
IND085-002599,2025-09-25,M1,noche,623,8,6.4,8.0,1.67,1,0,0
IND085-002600,2025-09-25,M2,noche,676,32,4.9,8.5,1.68,0,0,0
IND085-002601,2025-09-25,M3,noche,648,7,4.2,14.9,2.99,0,0,0
IND085-002602,2025-09-25,M4,noche,422,13,4.0,0.3,4.16,0,0,0
IND085-002603,2025-09-26,M5,noche,497,20,4.0,27.2,2.82,0,0,0
IND085-002604,2025-09-26,M6,noche,364,18,7.1,0.6,1.69,1,0,0
IND085-002605,2025-09-26,M1,dia,702,15,5.7,50.8,0.67,0,0,0
IND085-002606,2025-09-26,M2,dia,726,26,5.8,21.7,2.64,0,0,0
IND085-002607,2025-09-26,M3,dia,253,12,5.3,25.0,2.72,0,0,0
IND085-002608,2025-09-27,M4,dia,168,10,4.6,24.1,3.58,0,0,0
IND085-002609,2025-09-27,M5,dia,428,12,5.7,9.3,3.81,0,1,2338.22
IND085-002610,2025-09-27,M6,dia,240,9,6.3,0.3,3.07,0,0,0
IND085-002611,2025-09-27,M1,noche,441,14,6.6,8.5,2.81,0,0,0
IND085-002612,2025-09-28,M2,noche,681,16,5.3,47.9,1.09,0,0,0
IND085-002613,2025-09-28,M3,noche,580,26,6.7,18.7,1.16,0,0,0
IND085-002614,2025-09-28,M4,noche,233,14,7.3,26.5,4.34,0,1,1466.59
IND085-002615,2025-09-28,M5,noche,752,23,5.0,13.4,4.69,0,1,853.47
IND085-002616,2025-09-29,M6,noche,741,34,4.5,24.2,4.19,0,0,0
IND085-002617,2025-09-29,M1,dia,732,20,7.4,4.4,3.65,0,0,0
IND085-002618,2025-09-29,M2,dia,223,5,4.6,4.4,2.98,0,0,0
IND085-002619,2025-09-29,M3,dia,342,7,3.8,11.7,4.7,0,0,0
IND085-002620,2025-09-30,M4, DIA ,266,7,4.8,29.1,4.52,0,1,1687.31
IND085-002621,2025-09-30,M5,dia,653,16,4.5,50.8,3.78,1,1,1838.19
IND085-002622,2025-09-30,M6,dia,523,26,6.4,17.3,3.36,0,0,0
IND085-002623,2025-09-30,M1,noche,705,10,6.3,14.5,3.1,0,0,0
IND085-002624,2025-10-01,M2,noche,493,19,6.7,58.1,1.94,1,0,0
IND085-002625,2025-10-01,M3,noche,462,10,4.1,21.0,4.92,0,0,0
IND085-002626,2025-10-01,M4,noche,520,18,4.7,40.8,4.42,0,1,2700.33
IND085-002627,2025-10-01,M5,noche,718,26,3.9,2.9,5.64,0,1,524.3
IND085-002628,2025-10-02,M6,noche,722,29,4.0,0.7,3.85,0,0,0
IND085-002629,2025-10-02,M1,dia,520,6,6.4,6.8,1.6,0,0,0
IND085-002630,2025-10-02,M2,dia,483,19,7.2,26.4,0.92,0,0,0
IND085-002631,2025-10-02,M3,dia,260,11,6.2,38.0,2.8,0,0,0
IND085-002632,2025-10-03,M4,dia,557,26,3.7,9.3,5.25,0,1,1272.91
IND085-002633,2025-10-03,M5,dia,306,10,6.5,2.4,5.54,1,1,371.67
IND085-002634,2025-10-03,M6,dia,191,10,5.4,27.4,5.35,1,0,0
IND085-002635,2025-10-03,M1,noche,710,16,6.6,23.3,3.22,0,0,0
IND085-002636,2025-10-04,M2,noche,166,4,3.1,30.7,5.78,0,1,572.68
IND085-002637,2025-10-04,M3,noche,717,19,6.3,17.5,4.09,0,0,0
IND085-002638,2025-10-04,M4,noche,473,16,6.1,15.2,3.78,1,1,511.26
IND085-002639,2025-10-04,M5,noche,181,8,6.7,1.9,2.88,0,0,0
IND085-002640,2025-10-05,M6,noche,348,15,5.2,2.1,3.0,0,0,0
IND085-002641,2025-10-05,M1,dia,151,3,3.6,16.1,2.47,1,0,0
IND085-002642,2025-10-05,M2,dia,669,16,6.4,25.8,3.97,0,1,2060.1
IND085-002643,2025-10-05,M3,dia,739,35,6.9,6.8,2.72,0,0,0
IND085-002644,2025-10-06,M4,dia,339,12,7.2,9.8,4.8,0,0,0
IND085-002645,2025-10-06,M5,dia,554,13,6.9,8.9,3.18,0,0,0
IND085-002646,2025-10-06,M6,dia,457,16,6.5,15.9,3.94,0,0,0
IND085-002647,2025-10-06,M1,noche,661,16,7.0,3.6,2.52,0,0,0
IND085-002648,2025-10-06,M2,noche,208,7,7.1,16.4,3.94,0,1,943.44
IND085-002649,2025-10-07,M3,noche,401,10,8.0,60.3,3.63,0,0,0
IND085-002650,2025-10-07,M4,noche,575,19,6.3,27.3,4.04,0,0,0
IND085-002651,2025-10-07,M5,noche,507,20,7.7,12.1,4.92,0,0,0
IND085-002652,2025-10-07,M6,noche,162,7,7.0,1.6,4.62,0,0,0
IND085-002653,2025-10-08,M1,dia,292,10,6.9,13.3,3.31,0,0,0
IND085-002654,2025-10-08,M2,dia,722,15,6.2,44.5,4.36,0,1,2688.62
IND085-002655,2025-10-08,M3,dia,452,10,4.2,5.1,2.26,0,0,0
IND085-002656,2025-10-08,M4,dia,753,29,5.4,5.9,3.24,0,0,0
IND085-002657,2025-10-09,M5,dia,391,10,6.5,18.9,,0,0,0
IND085-002658,2025-10-09,M6,dia,244,13,6.5,1.6,3.9,0,0,0
IND085-002659,2025-10-09,M1,noche,732,21,7.1,58.3,2.87,1,0,0
IND085-002660,2025-10-09,M2,noche,253,12,6.3,35.6,5.12,0,1,1380.07
IND085-002661,2025-10-10,M3,noche,671,21,4.3,8.1,3.62,1,0,0
IND085-002662,2025-10-10,M4,noche,728,34,7.4,16.3,3.43,0,0,0
IND085-002663,2025-10-10,M5,noche,541,16,6.3,34.8,3.03,1,0,0
IND085-002664,2025-10-10,M6,noche,722,30,7.3,5.0,4.72,0,0,0
IND085-002665,2025-10-11,M1,dia,530,15,5.1,29.6,1.11,0,0,0
IND085-002666,2025-10-11,M2,dia,308,8,4.5,11.2,2.51,0,0,0
IND085-002667,2025-10-11,M3,dia,668,22,6.6,6.7,2.88,1,0,0
IND085-002668,2025-10-11,M4,dia,191,4,6.3,8.2,3.81,0,0,0
IND085-002669,2025-10-12,M5,dia,220,6,6.5,46.1,5.08,0,0,0
IND085-002670,2025-10-12,M6,dia,588,29,3.2,11.5,4.42,0,0,0
IND085-002671,2025-10-12,M1,noche,441,15,4.6,17.5,4.3,1,0,0
IND085-002672,2025-10-12,M2,noche,125,9,4.6,11.8,2.24,1,0,0
IND085-002673,2025-10-13,M3,noche,604,23,5.1,10.2,2.25,0,0,0
IND085-002674,2025-10-13,M4,noche,591,32,3.2,2.5,2.59,0,0,0
IND085-002675,2025-10-13,M5,noche,291,6,4.0,13.1,2.9,1,0,0
IND085-002676,2025-10-13,M6,noche,545,28,4.2,12.5,3.06,0,0,0
IND085-002677,2025-10-14,M1,dia,427,6,4.0,5.6,1.86,0,0,0
IND085-002678,2025-10-14,M2,dia,708,31,7.2,9.9,2.31,0,0,0
IND085-002679,2025-10-14,M3,dia,768,21,6.7,8.8,2.51,0,0,0
IND085-002680,2025-10-14,M4,dia,289,7,6.8,81.6,1.26,0,0,0
IND085-002681,2025-10-15,M5,dia,503,17,3.2,15.3,3.61,0,0,0
IND085-002682,2025-10-15,M6,dia,554,29,7.0,6.9,4.36,1,0,0
IND085-002683,2025-10-15,M1,noche,132,3,8.0,20.3,3.44,0,0,0
IND085-002684,2025-10-15,M2,noche,353,5,3.4,51.5,4.93,0,0,0
IND085-002685,2025-10-16,M3,noche,239,8,6.6,19.6,2.88,0,0,0
IND085-002686,2025-10-16,M4,noche,361,10,4.7,14.7,3.74,0,0,0
IND085-002687,2025-10-16,M5,noche,426,16,3.4,4.7,3.44,0,0,0
IND085-002688,2025-10-16,M6,noche,768,25,4.1,11.9,5.14,0,0,0
IND085-002689,2025-10-16,M1,dia,646,10,4.5,40.9,3.05,0,0,0
IND085-002690,2025-10-17,M2,dia,549,15,7.6,10.8,3.15,1,0,0
IND085-002691,2025-10-17,M3,dia,394,11,4.9,19.2,4.78,0,0,0
IND085-002692,2025-10-17,M4,dia,650,17,4.1,3.9,3.11,0,0,0
IND085-002693,2025-10-17,M5,dia,446,19,3.3,6.4,5.63,1,0,0
IND085-002694,2025-10-18,M6,dia,425,21,4.4,5.1,2.87,0,0,0
IND085-002695,2025-10-18,M1,noche,398,10,6.5,20.6,1.38,0,0,0
IND085-002696,2025-10-18,M2,noche,362,10,4.6,30.9,0.84,0,0,0
IND085-002697,2025-10-18,M3,noche,246,7,7.7,22.1,2.71,0,0,0
IND085-002698,2025-10-19,M4,noche,292,11,3.4,4.9,3.45,0,0,0
IND085-002699,2025-10-19,M5,noche,270,4,6.7,15.0,2.92,0,0,0
IND085-002700,2025-10-19,M6,noche,527,24,6.3,3.0,3.37,0,0,0
IND085-002701,2025-10-19,M1,dia,719,21,8.0,22.1,2.19,0,0,0
IND085-002702,2025-10-20,M2,dia,199,7,7.8,10.3,2.52,1,0,0
IND085-002703,2025-10-20,M3,dia,314,4,4.8,27.4,4.37,0,0,0
IND085-002704,2025-10-20,M4,dia,127,1,4.8,17.8,2.51,0,0,0
IND085-002705,2025-10-20,M5,dia,661,29,5.1,12.1,4.43,0,0,0
IND085-002706,2025-10-21,M6,dia,186,4,6.0,49.2,3.35,0,0,0
IND085-002707,2025-10-21,M1,noche,180,3,4.2,13.4,2.53,0,0,0
IND085-002708,2025-10-21,M2,noche,448,17,7.3,30.9,3.52,1,0,0
IND085-002709,2025-10-21,M3,noche,251,8,6.4,36.4,1.69,0,0,0
IND085-002710,2025-10-22,M4,noche,483,17,4.1,47.5,2.49,1,0,0
IND085-002711,2025-10-22,M5,noche,188,3,6.5,40.2,4.41,0,0,0
IND085-002712,2025-10-22,M6,noche,383,19,4.4,2.6,2.29,0,0,0
IND085-002713,2025-10-22,M1,dia,196,5,4.8,3.1,2.84,1,0,0
IND085-002714,2025-10-23,M2,dia,621,19,5.4,35.9,2.34,0,0,0
IND085-002715,2025-10-23,M3,dia,763,23,5.8,31.5,0.56,0,0,0
IND085-002716,2025-10-23,M4,dia,753,30,6.3,5.2,2.78,0,0,0
IND085-002717,2025-10-23,M5, DIA ,784,32,6.9,4.4,2.78,0,0,0
IND085-002718,2025-10-24,M6,dia,132,3,5.5,29.4,3.82,0,0,0
IND085-002719,2025-10-24,M1,noche,381,14,7.3,0.7,2.26,0,0,0
IND085-002720,2025-10-24,M2,noche,492,14,6.3,5.5,1.8,0,0,0
IND085-002721,2025-10-24,M3,noche,298,6,5.7,5.5,0.7,0,0,0
IND085-002722,2025-10-25,M4,noche,792,22,6.2,57.5,5.44,1,0,0
IND085-002723,2025-10-25,M5,noche,159,8,5.2,10.1,0.16,0,0,0
IND085-002724,2025-10-25,M6,noche,679,34,6.4,13.8,2.09,1,0,0
IND085-002725,2025-10-25,M1,dia,105,2,3.5,7.4,1.46,1,0,0
IND085-002726,2025-10-25,M2,dia,777,19,6.0,6.4,2.23,0,0,0
IND085-002727,2025-10-26,M3,dia,240,9,7.1,47.2,2.48,1,0,0
IND085-002728,2025-10-26,M4,dia,556,23,6.2,16.1,3.31,0,0,0
IND085-002729,2025-10-26,M5,dia,115,11,5.1,14.5,2.7,0,0,0
IND085-002730,2025-10-26,M6,dia,694,24,6.8,1.1,3.48,0,0,0
IND085-002731,2025-10-27,M1,noche,452,9,6.0,17.7,2.37,0,0,0
IND085-002732,2025-10-27,M2,noche,718,22,4.6,15.9,2.41,0,0,0
IND085-002733,2025-10-27,M3,noche,170,3,5.3,18.1,0.88,0,0,0
IND085-002734,2025-10-27,M4,noche,311,13,5.5,6.1,2.02,0,0,0
IND085-002735,2025-10-28,M5,noche,280,5,6.7,53.3,3.53,0,0,0
IND085-002736,2025-10-28,M6,noche,110,10,3.7,1.5,3.47,1,0,0
IND085-002737,2025-10-28,M1,dia,214,6,6.1,26.9,5.2,0,0,0
IND085-002738,2025-10-28,M2,dia,639,20,4.6,7.7,4.47,0,0,0
IND085-002739,2025-10-29,M3,dia,795,23,7.7,9.3,2.94,0,0,0
IND085-002740,2025-10-29,M4,dia,91,5,3.5,2.7,,1,0,0
IND085-002741,2025-10-29,M5,dia,425,18,5.9,20.9,3.07,0,0,0
IND085-002742,2025-10-29,M6,dia,493,22,6.7,12.7,2.03,0,0,0
IND085-002743,2025-10-30,M1,noche,614,7,3.3,28.4,2.49,0,0,0
IND085-002744,2025-10-30,M2,noche,794,30,4.0,33.4,"2,52",0,0,0
IND085-002745,2025-10-30,M3,noche,459,12,7.8,39.7,3.03,0,0,0
IND085-002746,2025-10-30,M4,noche,627,20,3.9,31.8,1.39,0,0,0
IND085-002747,2025-10-31,M5,noche,389,7,5.1,13.3,4.02,1,0,0
IND085-002748,2025-10-31,M6,noche,448,20,4.6,3.6,4.61,0,0,0
IND085-002749,2025-10-31,M1,dia,363,9,7.3,19.0,2.86,0,0,0
IND085-002750,2025-10-31,M2,dia,144,9,5.5,2.5,3.39,0,0,0
IND085-002751,2025-11-01,M3,dia,232,6,4.8,17.1,4.61,0,0,0
IND085-002752,2025-11-01,M4,dia,486,15,4.9,1.7,3.45,0,0,0
IND085-002753,2025-11-01,M5,dia,758,32,5.9,5.0,3.26,1,0,0
IND085-002754,2025-11-01,M6,dia,619,30,6.1,1.5,2.09,0,0,0
IND085-002755,2025-11-02,M1,noche,519,10,6.2,14.5,3.26,0,0,0
IND085-002756,2025-11-02,M2,noche,456,16,4.0,28.8,3.26,0,0,0
IND085-002757,2025-11-02,M3,noche,462,8,6.8,20.2,2.71,0,0,0
IND085-002758,2025-11-02,M4,noche,379,15,6.3,10.4,3.66,0,0,0
IND085-002759,2025-11-03,M5,noche,472,17,3.8,20.4,2.88,1,0,0
IND085-002760,2025-11-03,M6,noche,176,10,6.0,20.5,3.93,1,0,0
IND085-002761,2025-11-03,M1,dia,660,13,3.6,4.8,0.1,0,0,0
IND085-002762,2025-11-03,M2,dia,409,15,7.2,7.7,2.53,0,0,0
IND085-002763,2025-11-04,M3,dia,217,7,4.0,21.0,3.53,1,0,0
IND085-002764,2025-11-04,M4,dia,751,25,7.4,0.2,4.95,1,0,0
IND085-002765,2025-11-04,M5,dia,315,14,7.9,4.8,3.42,0,0,0
IND085-002766,2025-11-04,M6,dia,402,21,7.8,29.0,3.61,0,0,0
IND085-002767,2025-11-04,M1,noche,558,14,6.1,13.3,2.8,0,0,0
IND085-002768,2025-11-05,M2,noche,599,21,7.2,55.6,3.05,0,0,0
IND085-002769,2025-11-05,M3,noche,271,6,6.5,19.5,1.94,0,0,0
IND085-002770,2025-11-05,M4,noche,96,1,4.1,14.7,3.48,1,0,0
IND085-002771,2025-11-05,M5,noche,597,30,5.5,17.1,2.93,0,0,0
IND085-002772,2025-11-06,M6,noche,534,32,5.8,55.9,4.0,0,0,0
IND085-002773,2025-11-06,M1,dia,540,19,4.2,1.0,2.34,0,0,0
IND085-002774,2025-11-06,M2,dia,755,26,6.6,22.8,2.05,1,0,0
IND085-002775,2025-11-06,M3,dia,463,12,5.7,35.2,3.1,1,0,0
IND085-002776,2025-11-07,M4,dia,256,10,7.1,0.6,4.53,0,0,0
IND085-002777,2025-11-07,M5,dia,632,23,4.9,4.6,3.43,1,0,0
IND085-002778,2025-11-07,M6,dia,154,3,5.5,32.1,3.28,0,0,0
IND085-002779,2025-11-07,M1,noche,458,13,6.9,6.3,2.4,0,0,0
IND085-002780,2025-11-08,M2,noche,477,22,5.9,4.5,3.45,0,0,0
IND085-002781,2025-11-08,M3,noche,141,0,3.8,25.3,3.18,0,0,0
IND085-002782,2025-11-08,M4,noche,485,17,3.2,0.8,3.32,0,0,0
IND085-002783,2025-11-08,M5,noche,720,23,6.3,8.0,4.65,0,0,0
IND085-002784,2025-11-09,M6,noche,152,6,6.7,25.2,2.68,1,0,0
IND085-002785,2025-11-09,M1,dia,530,10,4.3,18.5,2.8,1,0,0
IND085-002786,2025-11-09,M2,dia,739,25,6.1,11.6,2.66,0,0,0
IND085-002787,2025-11-09,M3,dia,555,20,3.7,18.1,2.82,0,0,0
IND085-002788,2025-11-10,M4,dia,288,5,3.7,26.2,2.64,0,0,0
IND085-002789,2025-11-10,M5,dia,523,28,3.3,35.6,5.01,0,0,0
IND085-002790,2025-11-10,M6,dia,208,10,5.6,2.6,3.4,1,0,0
IND085-002791,2025-11-10,M1,noche,371,4,6.4,8.4,1.8,0,0,0
IND085-002792,2025-11-11,M2,noche,419,13,5.7,47.1,4.35,0,0,0
IND085-002793,2025-11-11,M3,noche,474,16,4.2,16.4,2.95,1,0,0
IND085-002794,2025-11-11,M4,noche,695,28,3.2,3.8,3.31,0,0,0
IND085-002795,2025-11-11,M5,noche,206,7,3.2,9.6,4.08,0,0,0
IND085-002796,2025-11-12,M6,noche,611,27,3.3,3.7,4.25,0,0,0
IND085-002797,2025-11-12,M1,dia,302,7,7.8,18.9,1.99,0,0,0
IND085-002798,2025-11-12,M2,dia,345,12,6.3,19.8,2.23,0,0,0
IND085-002799,2025-11-12,M3,dia,377,8,6.1,12.5,1.7,0,0,0
IND085-002800,2025-11-13,M4,dia,322,8,5.2,2.5,2.73,0,0,0
IND085-002801,2025-11-13,M5,dia,795,26,5.4,16.8,4.71,0,0,0
IND085-002802,2025-11-13,M6,dia,680,31,7.2,4.7,4.13,1,0,0
IND085-002803,2025-11-13,M1,noche,311,8,4.3,50.6,2.85,1,0,0
IND085-002804,2025-11-13,M2,noche,536,12,3.1,1.7,3.93,0,0,0
IND085-002805,2025-11-14,M3,noche,623,13,5.6,66.6,4.48,0,0,0
IND085-002806,2025-11-14,M4,noche,579,23,4.0,49.5,4.23,1,0,0
IND085-002807,2025-11-14,M5,noche,406,7,5.7,3.2,4.33,0,0,0
IND085-002808,2025-11-14,M6,noche,336,7,7.9,14.7,3.67,0,0,0
IND085-002809,2025-11-15,M1,dia,363,4,5.4,2.8,1.42,1,0,0
IND085-002810,2025-11-15,M2,dia,765,18,4.0,5.6,3.8,0,0,0
IND085-002811,2025-11-15,M3,dia,495,17,3.7,23.5,2.54,0,0,0
IND085-002812,2025-11-15,M4,dia,605,15,3.1,39.4,0.66,0,0,0
IND085-002813,2025-11-16,M5,dia,169,6,6.5,14.2,4.26,0,0,0
IND085-002814,2025-11-16,M6, DIA ,677,23,7.2,7.5,3.18,0,0,0
IND085-002815,2025-11-16,M1,noche,715,17,6.7,7.8,2.91,0,0,0
IND085-002816,2025-11-16,M2,noche,727,26,3.1,14.6,2.47,0,0,0
IND085-002817,2025-11-17,M3,noche,153,5,5.0,3.8,6.19,1,0,0
IND085-002818,2025-11-17,M4,noche,579,24,5.4,10.0,2.58,0,0,0
IND085-002819,2025-11-17,M5,noche,713,19,3.5,14.7,3.45,0,0,0
IND085-002820,2025-11-17,M6,noche,154,6,4.2,5.5,6.05,0,0,0
IND085-002821,2025-11-18,M1,dia,504,13,7.2,9.9,2.33,1,0,0
IND085-002822,2025-11-18,M2,dia,94,1,3.3,11.9,4.84,1,0,0
IND085-002823,2025-11-18,M3,dia,793,21,5.3,9.0,,0,0,0
IND085-002824,2025-11-18,M4,dia,625,22,6.1,12.0,3.89,1,0,0
IND085-002825,2025-11-19,M5,dia,440,7,5.1,9.4,3.09,0,0,0
IND085-002826,2025-11-19,M6,dia,328,17,4.4,15.9,4.82,0,0,0
IND085-002827,2025-11-19,M1,noche,673,16,5.1,19.7,1.88,1,0,0
IND085-002828,2025-11-19,M2,noche,329,15,4.5,2.0,3.73,1,0,0
IND085-002829,2025-11-20,M3,noche,665,14,6.8,37.9,3.77,0,0,0
IND085-002830,2025-11-20,M4,noche,770,28,4.7,6.3,2.8,0,0,0
IND085-002831,2025-11-20,M5,noche,342,11,5.5,33.9,3.71,0,0,0
IND085-002832,2025-11-20,M6,noche,615,20,7.7,22.7,5.14,0,0,0
IND085-002833,2025-11-21,M1,dia,198,4,3.4,10.7,2.87,0,0,0
IND085-002834,2025-11-21,M2,dia,178,6,4.6,20.6,3.0,0,0,0
IND085-002835,2025-11-21,M3,dia,164,5,7.7,19.9,1.42,0,0,0
IND085-002836,2025-11-21,M4,dia,721,23,7.8,55.8,3.71,0,0,0
IND085-002837,2025-11-22,M5,dia,227,8,5.7,30.8,3.15,0,0,0
IND085-002838,2025-11-22,M6,dia,169,12,4.7,0.5,4.25,0,0,0
IND085-002839,2025-11-22,M1,noche,643,18,7.1,11.9,4.29,1,0,0
IND085-002840,2025-11-22,M2,noche,739,26,7.2,20.5,2.96,0,0,0
IND085-002841,2025-11-23,M3,noche,323,7,6.2,16.5,3.64,1,0,0
IND085-002842,2025-11-23,M4,noche,481,17,3.1,33.2,3.54,0,0,0
IND085-002843,2025-11-23,M5,noche,219,4,5.9,26.4,3.0,1,0,0
IND085-002844,2025-11-23,M6,noche,186,5,5.0,3.3,4.3,0,0,0
IND085-002845,2025-11-23,M1,dia,668,17,3.4,59.8,3.39,0,0,0
IND085-002846,2025-11-24,M2,dia,696,23,7.2,44.2,4.47,0,0,0
IND085-002847,2025-11-24,M3,dia,324,7,6.7,4.1,4.98,1,0,0
IND085-002848,2025-11-24,M4,dia,286,13,4.7,3.9,3.67,0,0,0
IND085-002849,2025-11-24,M5,dia,638,20,6.0,0.1,3.15,0,0,0
IND085-002850,2025-11-25,M6,dia,198,10,4.0,7.9,2.79,0,0,0
IND085-002851,2025-11-25,M1,noche,549,12,6.3,1.7,1.51,0,0,0
IND085-002852,2025-11-25,M2,noche,550,16,4.3,8.7,4.17,0,0,0
IND085-002853,2025-11-25,M3,noche,461,11,3.6,3.4,2.4,1,0,0
IND085-002854,2025-11-26,M4,noche,673,36,5.8,15.2,1.47,0,0,0
IND085-002855,2025-11-26,M5,noche,791,24,5.5,36.0,3.45,0,0,0
IND085-002856,2025-11-26,M6,noche,412,17,4.0,3.4,3.33,0,0,0
IND085-002857,2025-11-26,M1,dia,259,7,6.7,8.6,2.92,0,0,0
IND085-002858,2025-11-27,M2,dia,649,17,5.2,13.3,2.58,1,0,0
IND085-002859,2025-11-27,M3,dia,177,4,4.3,22.4,2.44,0,0,0
IND085-002860,2025-11-27,M4,dia,228,9,5.9,10.3,3.72,0,0,0
IND085-002861,2025-11-27,M5,dia,339,19,3.6,1.3,0.95,0,0,0
IND085-002862,2025-11-28,M6,dia,269,11,6.3,10.1,2.99,1,0,0
IND085-002863,2025-11-28,M1,noche,291,10,4.3,4.1,3.02,0,0,0
IND085-002864,2025-11-28,M2,noche,476,16,3.9,17.1,3.06,0,0,0
IND085-002865,2025-11-28,M3,noche,423,3,7.7,15.6,1.89,0,0,0
IND085-002866,2025-11-29,M4,noche,308,12,3.4,10.5,3.21,0,0,0
IND085-002867,2025-11-29,M5,noche,213,6,6.1,25.2,2.18,0,0,0
IND085-002868,2025-11-29,M6,noche,483,27,7.2,6.4,2.49,0,0,0
IND085-002869,2025-11-29,M1,dia,255,7,3.3,0.9,1.81,0,0,0
IND085-002870,2025-11-30,M2,dia,146,6,5.8,5.7,3.61,0,0,0
IND085-002871,2025-11-30,M3,dia,531,17,6.7,56.3,1.8,0,0,0
IND085-002872,2025-11-30,M4,dia,344,10,4.6,22.6,2.12,0,0,0
IND085-002873,2025-11-30,M5,dia,293,9,4.1,14.5,1.69,0,0,0
IND085-002874,2025-12-01,M6,dia,535,22,5.1,9.9,3.86,0,0,0
IND085-002875,2025-12-01,M1,noche,411,13,5.6,106.0,1.35,1,0,0
IND085-002876,2025-12-01,M2,noche,443,14,4.9,11.0,3.22,0,0,0
IND085-002877,2025-12-01,M3,noche,90,4,4.5,17.9,2.6,0,0,0
IND085-002878,2025-12-02,M4,noche,529,23,4.4,30.1,3.83,0,0,0
IND085-002879,2025-12-02,M5,noche,767,35,7.2,0.6,3.77,0,0,0
IND085-002880,2025-12-02,M6,noche,289,14,6.0,15.2,2.9,0,0,0
IND085-002881,2025-12-02,M1,dia,602,13,6.2,22.1,3.22,1,0,0
IND085-002882,2025-12-03,M2,dia,648,17,6.3,26.7,3.41,0,0,0
IND085-002883,2025-12-03,M3,dia,544,15,6.9,18.9,3.73,0,0,0
IND085-002884,2025-12-03,M4,dia,660,29,3.4,4.3,3.52,1,0,0
IND085-002885,2025-12-03,M5,dia,452,16,7.5,4.4,5.18,0,0,0
IND085-002886,2025-12-03,M6,dia,162,6,6.3,6.7,3.3,0,0,0
IND085-002887,2025-12-04,M1,noche,89,1,4.2,14.6,2.69,0,0,0
IND085-002888,2025-12-04,M2,noche,563,22,4.7,0.1,2.4,1,0,0
IND085-002889,2025-12-04,M3,noche,747,22,7.3,25.7,3.91,0,0,0
IND085-002890,2025-12-04,M4,noche,273,12,5.6,6.9,2.65,0,0,0
IND085-002891,2025-12-05,M5,noche,90,1,4.3,10.6,3.94,0,0,0
IND085-002892,2025-12-05,M6,noche,449,15,3.7,2.4,5.05,1,0,0
IND085-002893,2025-12-05,M1,dia,687,20,7.0,5.2,0.84,1,0,0
IND085-002894,2025-12-05,M2,dia,642,22,4.0,23.9,2.63,0,0,0
IND085-002895,2025-12-06,M3,dia,180,3,6.7,1.3,3.17,0,0,0
IND085-002896,2025-12-06,M4,dia,605,23,6.8,55.2,3.16,0,0,0
IND085-002897,2025-12-06,M5,dia,344,16,6.4,5.2,1.34,0,0,0
IND085-002898,2025-12-06,M6,dia,265,11,3.1,15.1,2.5,1,0,0
IND085-002899,2025-12-07,M1,noche,358,13,5.4,21.7,2.13,1,0,0
IND085-002900,2025-12-07,M2,noche,262,5,7.2,6.9,2.09,1,0,0
IND085-002901,2025-12-07,M3,noche,641,16,3.1,16.9,2.4,0,0,0
IND085-002902,2025-12-07,M4,noche,647,22,4.1,20.4,3.62,0,0,0
IND085-002903,2025-12-08,M5,noche,331,11,3.1,2.5,2.14,0,0,0
IND085-002904,2025-12-08,M6,noche,346,14,6.6,31.1,4.43,0,0,0
IND085-002905,2025-12-08,M1,dia,795,17,5.7,45.0,3.1,0,0,0
IND085-002906,2025-12-08,M2,dia,540,26,3.4,4.9,,0,0,0
IND085-002907,2025-12-09,M3,dia,540,14,7.5,13.8,4.51,0,0,0
IND085-002908,2025-12-09,M4,dia,737,30,6.6,0.8,3.38,0,0,0
IND085-002909,2025-12-09,M5,dia,162,1,4.9,9.6,3.97,0,0,0
IND085-002910,2025-12-09,M6,dia,298,15,3.9,6.5,3.81,0,0,0
IND085-002911,2025-12-10,M1, NOCHE ,733,16,6.7,17.4,4.64,0,0,0
IND085-002912,2025-12-10,M2,noche,689,26,4.0,37.0,1.56,0,0,0
IND085-002913,2025-12-10,M3,noche,559,23,7.7,10.7,3.35,0,0,0
IND085-002914,2025-12-10,M4,noche,188,8,6.9,26.2,3.39,0,0,0
IND085-002915,2025-12-11,M5,noche,546,21,4.5,4.9,4.25,0,0,0
IND085-002916,2025-12-11,M6,noche,740,26,4.8,73.0,2.74,0,0,0
IND085-002917,2025-12-11,M1,dia,357,11,4.4,23.4,2.29,1,0,0
IND085-002918,2025-12-11,M2,dia,546,18,5.2,13.6,3.42,0,0,0
IND085-002919,2025-12-12,M3,dia,359,9,8.0,4.2,1.61,1,0,0
IND085-002920,2025-12-12,M4,dia,134,5,5.7,27.2,3.63,0,0,0
IND085-002921,2025-12-12,M5,dia,654,22,4.4,9.2,3.99,1,0,0
IND085-002922,2025-12-12,M6,dia,478,18,7.7,6.2,3.21,1,0,0
IND085-002923,2025-12-12,M1,noche,505,6,6.3,11.3,2.01,0,0,0
IND085-002924,2025-12-13,M2,noche,516,16,6.9,2.6,1.91,1,0,0
IND085-002925,2025-12-13,M3,noche,285,8,7.4,45.2,4.23,0,0,0
IND085-002926,2025-12-13,M4,noche,702,29,6.4,90.3,4.72,0,0,0
IND085-002927,2025-12-13,M5,noche,553,23,4.8,6.7,3.72,1,0,0
IND085-002928,2025-12-14,M6,noche,531,17,3.8,1.7,4.2,0,0,0
IND085-002929,2025-12-14,M1,dia,324,4,4.1,21.7,3.54,1,0,0
IND085-002930,2025-12-14,M2,dia,125,2,4.5,8.0,2.87,0,0,0
IND085-002931,2025-12-14,M3,dia,124,3,7.2,17.5,4.92,0,0,0
IND085-002932,2025-12-15,M4,dia,642,28,5.1,35.0,4.05,0,0,0
IND085-002933,2025-12-15,M5,dia,720,26,6.7,3.3,2.8,0,0,0
IND085-002934,2025-12-15,M6,dia,515,24,3.2,2.7,4.16,0,0,0
IND085-002935,2025-12-15,M1,noche,667,12,4.6,0.3,1.89,0,0,0
IND085-002936,2025-12-16,M2,noche,394,8,4.4,26.5,1.72,0,0,0
IND085-002937,2025-12-16,M3,noche,252,6,5.9,5.2,3.21,1,0,0
IND085-002938,2025-12-16,M4,noche,197,5,5.8,16.9,1.9,0,0,0
IND085-002939,2025-12-16,M5,noche,387,13,3.0,43.0,3.77,0,0,0
IND085-002940,2025-12-17,M6,noche,545,24,5.3,19.7,3.04,0,0,0
IND085-002941,2025-12-17,M1,dia,409,9,3.9,13.7,1.09,0,0,0
IND085-002942,2025-12-17,M2,dia,659,24,4.9,2.8,3.6,1,0,0
IND085-002943,2025-12-17,M3,dia,193,7,5.4,27.0,3.21,1,0,0
IND085-002944,2025-12-18,M4,dia,141,6,5.9,0.6,4.54,0,0,0
IND085-002945,2025-12-18,M5,dia,348,12,6.0,16.2,4.4,0,0,0
IND085-002946,2025-12-18,M6,dia,503,18,4.2,20.9,3.38,1,0,0
IND085-002947,2025-12-18,M1,noche,179,5,4.9,13.2,3.49,0,0,0
IND085-002948,2025-12-19,M2,noche,181,7,5.8,34.7,1.78,1,0,0
IND085-002949,2025-12-19,M3,noche,530,24,5.6,32.7,3.36,1,0,0
IND085-002950,2025-12-19,M4,noche,387,11,8.0,61.3,3.08,0,0,0
IND085-002951,2025-12-19,M5,noche,424,17,7.9,21.1,6.24,0,0,0
IND085-002952,2025-12-20,M6,noche,165,8,5.7,40.3,3.28,0,0,0
IND085-002953,2025-12-20,M1,dia,275,8,6.3,18.5,2.29,0,0,0
IND085-002954,2025-12-20,M2,dia,453,15,3.1,4.7,2.44,0,0,0
IND085-002955,2025-12-20,M3,dia,269,8,3.8,9.3,"2,58",0,0,0
IND085-002956,2025-12-21,M4,dia,254,12,5.5,9.0,2.84,0,0,0
IND085-002957,2025-12-21,M5,dia,768,26,6.7,1.3,3.46,0,0,0
IND085-002958,2025-12-21,M6,dia,664,27,4.7,0.9,3.55,1,0,0
IND085-002959,2025-12-21,M1,noche,467,6,5.3,60.2,2.2,0,0,0
IND085-002960,2025-12-22,M2,noche,129,2,6.9,4.5,1.53,0,0,0
IND085-002961,2025-12-22,M3,noche,560,13,5.9,9.2,3.32,0,0,0
IND085-002962,2025-12-22,M4,noche,685,26,5.7,7.0,3.13,0,0,0
IND085-002963,2025-12-22,M5,noche,566,15,6.4,2.0,2.42,0,0,0
IND085-002964,2025-12-22,M6,noche,191,6,7.5,16.1,4.67,0,0,0
IND085-002965,2025-12-23,M1,dia,177,3,6.4,1.5,3.87,0,0,0
IND085-002966,2025-12-23,M2,dia,700,19,7.2,14.6,3.59,1,0,0
IND085-002967,2025-12-23,M3,dia,86,1,6.2,52.5,2.97,1,0,0
IND085-002968,2025-12-23,M4,dia,482,18,5.0,16.2,3.05,0,0,0
IND085-002969,2025-12-24,M5,dia,255,7,3.9,0.9,3.56,0,0,0
IND085-002970,2025-12-24,M6,dia,128,4,3.7,76.3,2.65,0,0,0
IND085-002971,2025-12-24,M1,noche,668,16,5.9,0.9,3.9,0,0,0
IND085-002972,2025-12-24,M2,noche,449,5,7.5,2.8,4.51,0,0,0
IND085-002973,2025-12-25,M3,noche,702,21,6.9,3.5,2.06,0,0,0
IND085-002974,2025-12-25,M4,noche,258,2,7.4,8.9,2.25,1,0,0
IND085-002975,2025-12-25,M5,noche,643,23,7.0,3.0,3.97,0,0,0
IND085-002976,2025-12-25,M6,noche,322,21,3.2,15.3,4.6,1,0,0
IND085-002977,2025-12-26,M1,dia,298,5,5.7,1.3,2.15,0,0,0
IND085-002978,2025-12-26,M2,dia,592,26,4.1,20.0,2.69,0,0,0
IND085-002979,2025-12-26,M3,dia,738,18,5.0,40.0,3.69,0,0,0
IND085-002980,2025-12-26,M4,dia,778,36,5.7,24.2,2.86,0,0,0
IND085-002981,2025-12-27,M5,dia,375,10,3.4,5.9,4.04,0,0,0
IND085-002982,2025-12-27,M6,dia,228,8,4.9,3.5,4.67,0,0,0
IND085-002983,2025-12-27,M1,noche,181,7,3.6,9.6,1.75,0,0,0
IND085-002984,2025-12-27,M2,noche,272,7,5.2,38.2,2.73,0,0,0
IND085-002985,2025-12-28,M3,noche,519,20,3.6,9.8,2.6,0,0,0
IND085-002986,2025-12-28,M4,noche,793,27,3.9,24.5,4.71,0,0,0
IND085-002987,2025-12-28,M5,noche,245,11,5.7,4.7,3.17,0,0,0
IND085-002988,2025-12-28,M6,noche,798,35,7.3,3.8,2.42,0,0,0
IND085-002989,2025-12-29,M1,dia,475,18,7.2,1.5,,1,0,0
IND085-002990,2025-12-29,M2,dia,549,27,7.3,2.1,0.1,1,0,0
IND085-002991,2025-12-29,M3,dia,693,21,4.7,15.9,4.51,0,0,0
IND085-002992,2025-12-29,M4,dia,672,33,7.6,7.3,3.0,0,0,0
IND085-002993,2025-12-30,M5,dia,474,16,6.8,18.7,4.49,0,0,0
IND085-002994,2025-12-30,M6,dia,201,9,6.4,7.8,2.54,1,0,0
IND085-002995,2025-12-30,M1,noche,545,18,6.4,57.9,1.92,0,0,0
IND085-002996,2025-12-30,M2,noche,473,17,3.5,18.0,2.52,0,0,0
IND085-002997,2025-12-31,M3,noche,752,22,3.4,14.1,3.29,1,0,0
IND085-002998,2025-12-31,M4,noche,481,16,5.6,6.1,2.43,0,0,0
IND085-002999,2025-12-31,M5,noche,455,18,3.3,41.8,2.19,0,0,0
IND085-003000,2025-12-31,M6,noche,319,12,3.4,29.3,3.48,0,0,0
