registro_id,fecha,equipo,canal,prioridad,minutos_resolucion,estado,reabierto
SOP071-000001,2024-01-01,E1,correo,normal,828.9,cerrado,0
SOP071-000002,2024-01-01,E2,telefono,normal,5882.1,cerrado,1
SOP071-000003,2024-01-01,E3,correo,normal,183.3,cerrado,0
SOP071-000004,2024-01-02,E1,web,baja,235.7,cerrado,0
SOP071-000005,2024-01-02,E2,telefono,alta,847.5,cerrado,0
SOP071-000006,2024-01-02,E3,telefono,baja,4671.8,cerrado,1
SOP071-000007,2024-01-03,E1,telefono,alta,255.8,cerrado,0
SOP071-000008,2024-01-03,E2,web,normal,366.3,cerrado,0
SOP071-000009,2024-01-03,E3,correo,normal,,abierto,0
SOP071-000010,2024-01-04,E1,telefono,normal,179.9,cerrado,0
SOP071-000011,2024-01-04,E2,correo,alta,684.0,cerrado,0
SOP071-000012,2024-01-04,E3,telefono,normal,5503.8,cerrado,1
SOP071-000013,2024-01-05,E1,telefono,baja,1239.3,cerrado,0
SOP071-000014,2024-01-05,E2,web,normal,153.9,cerrado,0
SOP071-000015,2024-01-05,E3,web,baja,416.0,cerrado,0
SOP071-000016,2024-01-06,E1,web,baja,1131.6,cerrado,0
SOP071-000017,2024-01-06,E2,web,normal,122.2,cerrado,0
SOP071-000018,2024-01-06,E3,correo,alta,467.1,cerrado,0
SOP071-000019,2024-01-07,E1,telefono,normal,4855.6,cerrado,1
SOP071-000020,2024-01-07,E2,correo,normal,607.1,cerrado,0
SOP071-000021,2024-01-07,E3,web,normal,259.5,cerrado,0
SOP071-000022,2024-01-08,E1,telefono,normal,526.2,cerrado,0
SOP071-000023,2024-01-08,E2,web,normal,5949.8,cerrado,1
SOP071-000024,2024-01-09,E3,correo,baja,,abierto,0
SOP071-000025,2024-01-09,E1,web,normal,191.5,cerrado,0
SOP071-000026,2024-01-09,E2,telefono,normal,328.5,cerrado,0
SOP071-000027,2024-01-10,E3,telefono,normal,1362.9,cerrado,0
SOP071-000028,2024-01-10,E1,telefono,normal,,abierto,0
SOP071-000029,2024-01-10,E2,web,normal,1691.0,cerrado,0
SOP071-000030,2024-01-11,E3,telefono,normal,791.9,cerrado,0
SOP071-000031,2024-01-11,E1,web,baja,283.0,cerrado,0
SOP071-000032,2024-01-11,E2,telefono,normal,,abierto,0
SOP071-000033,2024-01-12,E3,telefono,normal,203.2,cerrado,0
SOP071-000034,2024-01-12,E1,web,alta,5018.4,cerrado,1
SOP071-000035,2024-01-12,E2,web,alta,1035.7,cerrado,0
SOP071-000036,2024-01-13,E3,web,baja,1794.2,cerrado,0
SOP071-000037,2024-01-13,E1,correo,alta,189.1,cerrado,0
SOP071-000038,2024-01-13,E2,web,baja,1326.5,cerrado,0
SOP071-000039,2024-01-14,E3,correo,normal,,abierto,0
SOP071-000040,2024-01-14,E1,web,alta,,abierto,0
SOP071-000041,2024-01-14,E2,web,alta,124.6,cerrado,0
SOP071-000042,2024-01-15,E3,correo,normal,224.2,cerrado,0
SOP071-000043,2024-01-15,E1,web,normal,142.1,cerrado,0
SOP071-000044,2024-01-15,E2,web,alta,456.9,cerrado,0
SOP071-000045,2024-01-16,E3,web,alta,388.2,cerrado,0
SOP071-000046,2024-01-16,E1,telefono,normal,692.1,cerrado,0
SOP071-000047,2024-01-17,E2,correo,baja,,abierto,0
SOP071-000048,2024-01-17,E3,correo,alta,174.3,cerrado,0
SOP071-000049,2024-01-17,E1,telefono,normal,1449.3,cerrado,0
SOP071-000050,2024-01-18,E2,correo,normal,4987.7,cerrado,1
SOP071-000051,2024-01-18,E3,correo,normal,349.0,cerrado,0
SOP071-000052,2024-01-18,E1,correo,baja,255.2,cerrado,0
SOP071-000053,2024-01-19,E2,correo,normal,4500.8,cerrado,1
SOP071-000054,2024-01-19,E3,telefono,baja,152.9,cerrado,0
SOP071-000055,2024-01-19,E1,web,normal,,abierto,0
SOP071-000056,2024-01-20,E2,correo,normal,1047.2,cerrado,0
SOP071-000057,2024-01-20,E3,web,normal,1373.7,cerrado,0
SOP071-000058,2024-01-20,E1,web,alta,,abierto,0
SOP071-000059,2024-01-21,E2,correo,baja,281.9,cerrado,0
SOP071-000060,2024-01-21,E3,correo,normal,253.9,cerrado,0
SOP071-000061,2024-01-21,E1,correo,normal,,abierto,0
SOP071-000062,2024-01-22,E2,telefono,baja,495.6,cerrado,0
SOP071-000063,2024-01-22,E3,web,normal,444.9,cerrado,0
SOP071-000064,2024-01-22,E1,telefono,baja,1224.9,cerrado,0
SOP071-000065,2024-01-23,E2,telefono,alta,,abierto,0
SOP071-000066,2024-01-23,E3,web,baja,4836.4,cerrado,1
SOP071-000067,2024-01-23,E1,correo,baja,2832.2,cerrado,0
SOP071-000068,2024-01-24,E2,correo,baja,390.6,cerrado,0
SOP071-000069,2024-01-24,E3,web,normal,213.9,cerrado,0
SOP071-000070,2024-01-25,E1,correo,normal,251.2,cerrado,0
SOP071-000071,2024-01-25,E2,telefono,normal,619.1,cerrado,0
SOP071-000072,2024-01-25,E3,correo,normal,401.2,cerrado,0
SOP071-000073,2024-01-26,E1,telefono,normal,4433.4,cerrado,1
SOP071-000074,2024-01-26,E2,web,alta,,abierto,0
SOP071-000075,2024-01-26,E3,telefono,baja,183.9,cerrado,0
SOP071-000076,2024-01-27,E1,web,normal,,abierto,0
SOP071-000077,2024-01-27,E2,correo,normal,830.1,cerrado,0
SOP071-000078,2024-01-27,E3,correo,normal,128.3,cerrado,0
SOP071-000079,2024-01-28,E1,correo,normal,,abierto,0
SOP071-000080,2024-01-28,E2,web,alta,611.2,cerrado,0
SOP071-000081,2024-01-28,E3,telefono,normal,1033.8,cerrado,0
SOP071-000082,2024-01-29,E1,correo,baja,572.5,cerrado,0
SOP071-000083,2024-01-29,E2,correo,normal,5822.7,cerrado,1
SOP071-000084,2024-01-29,E3,web,normal,,cerrado,0
SOP071-000085,2024-01-30,E1,telefono,normal,309.6,cerrado,0
SOP071-000086,2024-01-30,E2,correo,normal,1110.0,cerrado,0
SOP071-000087,2024-01-30,E3,telefono,baja,1291.0,cerrado,0
SOP071-000088,2024-01-31,E1,telefono,normal,,abierto,0
SOP071-000089,2024-01-31,E2,correo,alta,,abierto,0
SOP071-000090,2024-01-31,E3,telefono,normal,234.5,cerrado,0
SOP071-000091,2024-02-01,E1,telefono,normal,894.3,cerrado,0
SOP071-000092,2024-02-01,E2,correo,normal,140.9,cerrado,0
SOP071-000093,2024-02-02,E3,telefono,alta,2439.0,cerrado,0
SOP071-000094,2024-02-02,E1,web,baja,838.4,cerrado,0
SOP071-000095,2024-02-02,E2,telefono,normal,4623.6,cerrado,1
SOP071-000096,2024-02-03,E3,web,baja,426.6,cerrado,0
SOP071-000097,2024-02-03,E1,telefono,normal,1079.5,cerrado,0
SOP071-000098,2024-02-03,E2, WEB ,normal,,abierto,0
SOP071-000099,2024-02-04,E3,correo,alta,552.1,cerrado,0
SOP071-000100,2024-02-04,E1,telefono,normal,141.7,cerrado,0
SOP071-000101,2024-02-04,E2,correo,alta,842.6,cerrado,0
SOP071-000102,2024-02-05,E3,telefono,normal,205.1,cerrado,0
SOP071-000103,2024-02-05,E1,telefono,baja,,abierto,0
SOP071-000104,2024-02-05,E2,telefono,baja,614.6,cerrado,0
SOP071-000105,2024-02-06,E3,telefono,normal,,abierto,0
SOP071-000106,2024-02-06,E1,correo,normal,139.4,cerrado,0
SOP071-000107,2024-02-06,E2,web,normal,3888.6,cerrado,0
SOP071-000108,2024-02-07,E3,correo,normal,1229.8,cerrado,0
SOP071-000109,2024-02-07,E1,correo,normal,620.3,cerrado,0
SOP071-000110,2024-02-07,E2,correo,alta,,abierto,0
SOP071-000111,2024-02-08,E3,correo,normal,,abierto,0
SOP071-000112,2024-02-08,E1,web,normal,114.2,cerrado,0
SOP071-000113,2024-02-08,E2,correo,normal,392.3,cerrado,0
SOP071-000114,2024-02-09,E3,web,normal,481.0,cerrado,0
SOP071-000115,2024-02-09,E1,web,normal,170.4,cerrado,0
SOP071-000116,2024-02-10,E2,web,baja,189.7,cerrado,0
SOP071-000117,2024-02-10,E3,web,baja,,abierto,0
SOP071-000118,2024-02-10,E1,web,normal,,abierto,0
SOP071-000119,2024-02-11,E2,correo,baja,301.8,cerrado,0
SOP071-000120,2024-02-11,E3,telefono,alta,174.4,cerrado,0
SOP071-000121,2024-02-11,E1,telefono,normal,,abierto,0
SOP071-000122,2024-02-12,E2,web,normal,623.5,cerrado,0
SOP071-000123,2024-02-12,E3,telefono,alta,,abierto,0
SOP071-000124,2024-02-12,E1,telefono,baja,,abierto,0
SOP071-000125,2024-02-13,E2,web,normal,,abierto,0
SOP071-000126,2024-02-13,E3,correo,baja,,abierto,0
SOP071-000127,2024-02-13,E1,web,baja,469.3,cerrado,0
SOP071-000128,2024-02-14,E2,correo,alta,252.3,cerrado,0
SOP071-000129,2024-02-14,E3,web,normal,2365.4,cerrado,0
SOP071-000130,2024-02-14,E1,telefono,baja,756.3,cerrado,0
SOP071-000131,2024-02-15,E2,telefono,normal,1606.7,cerrado,0
SOP071-000132,2024-02-15,E3,telefono,alta,,abierto,0
SOP071-000133,2024-02-15,E1,telefono,alta,4665.9,cerrado,1
SOP071-000134,2024-02-16,E2,correo,normal,1607.4,cerrado,0
SOP071-000135,2024-02-16,E3,telefono,normal,1752.1,cerrado,0
SOP071-000136,2024-02-16,E1,telefono,normal,306.5,cerrado,0
SOP071-000137,2024-02-17,E2,telefono,alta,5542.3,cerrado,1
SOP071-000138,2024-02-17,E3,web,baja,722.3,cerrado,0
SOP071-000139,2024-02-18,E1,web,alta,4749.9,cerrado,1
SOP071-000140,2024-02-18,E2,telefono,normal,1407.2,cerrado,0
SOP071-000141,2024-02-18,E3,correo,baja,,abierto,0
SOP071-000142,2024-02-19,E1,telefono,baja,452.5,cerrado,0
SOP071-000143,2024-02-19,E2,telefono,normal,61.3,cerrado,0
SOP071-000144,2024-02-19,E3,web,alta,4843.3,cerrado,1
SOP071-000145,2024-02-20,E1,web,normal,349.1,cerrado,0
SOP071-000146,2024-02-20,E2,web,baja,,abierto,0
SOP071-000147,2024-02-20,E3,web,normal,634.3,cerrado,0
SOP071-000148,2024-02-21,E1,telefono,baja,407.3,cerrado,0
SOP071-000149,2024-02-21,E2,telefono,baja,3249.4,cerrado,0
SOP071-000150,2024-02-21,E3,correo,normal,2406.4,cerrado,0
SOP071-000151,2024-02-22,E1,correo,baja,214.0,cerrado,0
SOP071-000152,2024-02-22,E2,web,normal,,abierto,0
SOP071-000153,2024-02-22,E3,telefono,baja,4740.2,cerrado,0
SOP071-000154,2024-02-23,E1,correo,normal,,abierto,0
SOP071-000155,2024-02-23,E2,web,baja,175.8,cerrado,0
SOP071-000156,2024-02-23,E3,web,normal,4442.2,cerrado,1
SOP071-000157,2024-02-24,E1,web,normal,181.1,cerrado,0
SOP071-000158,2024-02-24,E2,web,baja,467.7,cerrado,0
SOP071-000159,2024-02-24,E3,web,normal,195.8,cerrado,0
SOP071-000160,2024-02-25,E1,web,normal,120.4,cerrado,0
SOP071-000161,2024-02-25,E2,telefono,normal,579.9,cerrado,0
SOP071-000162,2024-02-26,E3,web,baja,1375.7,cerrado,0
SOP071-000163,2024-02-26,E1,correo,normal,409.9,cerrado,0
SOP071-000164,2024-02-26,E2,telefono,baja,1056.3,cerrado,0
SOP071-000165,2024-02-27,E3,web,normal,3746.3,cerrado,0
SOP071-000166,2024-02-27,E1,telefono,alta,,abierto,0
SOP071-000167,2024-02-27,E2,telefono,baja,,cerrado,0
SOP071-000168,2024-02-28,E3,correo,baja,7874.3,cerrado,1
SOP071-000169,2024-02-28,E1,correo,normal,106.1,cerrado,0
SOP071-000170,2024-02-28,E2,web,normal,,abierto,0
SOP071-000171,2024-02-29,E3,web,normal,,abierto,0
SOP071-000172,2024-02-29,E1,web,normal,133.8,cerrado,0
SOP071-000173,2024-02-29,E2,telefono,alta,5495.8,cerrado,1
SOP071-000174,2024-03-01,E3,correo,alta,4746.7,cerrado,0
SOP071-000175,2024-03-01,E1,telefono,normal,,abierto,0
SOP071-000176,2024-03-01,E2,web,baja,,abierto,0
SOP071-000177,2024-03-02,E3,telefono,normal,463.2,cerrado,0
SOP071-000178,2024-03-02,E1,correo,baja,1069.7,cerrado,0
SOP071-000179,2024-03-02,E2,telefono,baja,681.3,cerrado,0
SOP071-000180,2024-03-03,E3,telefono,normal,690.3,cerrado,0
SOP071-000181,2024-03-03,E1,web,baja,543.0,cerrado,0
SOP071-000182,2024-03-04,E2,telefono,normal,611.5,cerrado,0
SOP071-000183,2024-03-04,E3,telefono,baja,2520.5,cerrado,0
SOP071-000184,2024-03-04,E1,telefono,normal,3723.5,cerrado,0
SOP071-000185,2024-03-05,E2,correo,normal,211.0,cerrado,0
SOP071-000186,2024-03-05,E3,web,normal,,abierto,0
SOP071-000187,2024-03-05,E1,telefono,normal,4679.3,cerrado,1
SOP071-000188,2024-03-06,E2,correo,baja,4792.8,cerrado,0
SOP071-000189,2024-03-06,E3,correo,normal,2063.4,cerrado,0
SOP071-000190,2024-03-06,E1,web,baja,165.1,cerrado,0
SOP071-000191,2024-03-07,E2,correo,normal,883.7,cerrado,0
SOP071-000192,2024-03-07,E3,telefono,normal,317.2,cerrado,0
SOP071-000193,2024-03-07,E1,web,baja,260.3,cerrado,0
SOP071-000194,2024-03-08,E2,telefono,alta,311.4,cerrado,0
SOP071-000195,2024-03-08,E3, WEB ,alta,4563.4,cerrado,1
SOP071-000196,2024-03-08,E1,web,baja,,abierto,0
SOP071-000197,2024-03-09,E2,telefono,normal,762.0,cerrado,0
SOP071-000198,2024-03-09,E3,telefono,alta,717.9,cerrado,0
SOP071-000199,2024-03-09,E1,web,normal,1672.2,cerrado,0
SOP071-000200,2024-03-10,E2,correo,alta,5011.4,cerrado,1
SOP071-000201,2024-03-10,E3,web,alta,,abierto,0
SOP071-000202,2024-03-10,E1,telefono,alta,1109.3,cerrado,0
SOP071-000203,2024-03-11,E2,telefono,normal,233.4,cerrado,0
SOP071-000204,2024-03-11,E3,correo,normal,1384.2,cerrado,0
SOP071-000205,2024-03-12,E1,correo,alta,502.8,cerrado,0
SOP071-000206,2024-03-12,E2,correo,normal,1453.3,cerrado,0
SOP071-000207,2024-03-12,E3,telefono,alta,4725.4,cerrado,1
SOP071-000208,2024-03-13,E1,telefono,alta,,abierto,0
SOP071-000209,2024-03-13,E2,telefono,normal,990.4,cerrado,0
SOP071-000210,2024-03-13,E3,correo,normal,605.8,cerrado,0
SOP071-000211,2024-03-14,E1,telefono,normal,192.1,cerrado,0
SOP071-000212,2024-03-14,E2,web,baja,"316,1",cerrado,0
SOP071-000213,2024-03-14,E3,correo,alta,651.2,cerrado,0
SOP071-000214,2024-03-15,E1,correo,baja,504.7,cerrado,0
SOP071-000215,2024-03-15,E2,web,alta,1017.7,cerrado,0
SOP071-000216,2024-03-15,E3,web,normal,329.7,cerrado,0
SOP071-000217,2024-03-16,E1,telefono,normal,878.2,cerrado,0
SOP071-000218,2024-03-16,E2,telefono,normal,167.2,cerrado,0
SOP071-000219,2024-03-16,E3,web,normal,,abierto,0
SOP071-000220,2024-03-17,E1,web,normal,1772.5,cerrado,0
SOP071-000221,2024-03-17,E2,correo,normal,143.8,cerrado,0
SOP071-000222,2024-03-17,E3,correo,normal,4658.5,cerrado,1
SOP071-000223,2024-03-18,E1,correo,alta,,abierto,0
SOP071-000224,2024-03-18,E2,web,normal,617.9,cerrado,0
SOP071-000225,2024-03-18,E3,telefono,normal,1504.5,cerrado,0
SOP071-000226,2024-03-19,E1,web,normal,100.2,cerrado,0
SOP071-000227,2024-03-19,E2,web,normal,551.6,cerrado,0
SOP071-000228,2024-03-20,E3,web,baja,5041.7,cerrado,1
SOP071-000229,2024-03-20,E1,correo,normal,5092.8,cerrado,1
SOP071-000230,2024-03-20,E2,web,normal,228.5,cerrado,0
SOP071-000231,2024-03-21,E3,correo,normal,,abierto,0
SOP071-000232,2024-03-21,E1,correo,normal,628.7,cerrado,0
SOP071-000233,2024-03-21,E2,web,baja,,abierto,0
SOP071-000234,2024-03-22,E3,correo,alta,359.8,cerrado,0
SOP071-000235,2024-03-22,E1,correo,normal,471.1,cerrado,0
SOP071-000236,2024-03-22,E2,telefono,baja,1277.6,cerrado,0
SOP071-000237,2024-03-23,E3,telefono,baja,,abierto,0
SOP071-000238,2024-03-23,E1,web,baja,,abierto,0
SOP071-000239,2024-03-23,E2,correo,alta,1372.4,cerrado,0
SOP071-000240,2024-03-24,E3,telefono,alta,,abierto,0
SOP071-000241,2024-03-24,E1,correo,normal,5414.5,cerrado,1
SOP071-000242,2024-03-24,E2,correo,normal,150.7,cerrado,0
SOP071-000243,2024-03-25,E3,web,alta,,abierto,0
SOP071-000244,2024-03-25,E1,correo,normal,4445.9,cerrado,1
SOP071-000245,2024-03-25,E2,web,alta,362.8,cerrado,0
SOP071-000246,2024-03-26,E3,correo,baja,3494.4,cerrado,0
SOP071-000247,2024-03-26,E1,web,normal,144.8,cerrado,0
SOP071-000248,2024-03-26,E2,telefono,alta,710.7,cerrado,0
SOP071-000249,2024-03-27,E3,web,alta,5499.7,cerrado,1
SOP071-000250,2024-03-27,E1,telefono,normal,,cerrado,0
SOP071-000251,2024-03-28,E2,correo,baja,484.2,cerrado,0
SOP071-000252,2024-03-28,E3,web,normal,,abierto,0
SOP071-000253,2024-03-28,E1,telefono,baja,,abierto,0
SOP071-000254,2024-03-29,E2,correo,normal,368.3,cerrado,0
SOP071-000255,2024-03-29,E3,web,normal,512.1,cerrado,0
SOP071-000256,2024-03-29,E1,web,alta,228.3,cerrado,0
SOP071-000257,2024-03-30,E2,correo,alta,1264.6,cerrado,0
SOP071-000258,2024-03-30,E3,web,alta,395.2,cerrado,0
SOP071-000259,2024-03-30,E1,correo,normal,,abierto,0
SOP071-000260,2024-03-31,E2,correo,baja,149.4,cerrado,0
SOP071-000261,2024-03-31,E3,web,normal,2347.8,cerrado,0
SOP071-000262,2024-03-31,E1,telefono,alta,212.8,cerrado,0
SOP071-000263,2024-04-01,E2,web,normal,4961.9,cerrado,1
SOP071-000264,2024-04-01,E3,telefono,baja,785.5,cerrado,0
SOP071-000265,2024-04-01,E1,telefono,normal,408.1,cerrado,0
SOP071-000266,2024-04-02,E2,web,baja,248.6,cerrado,0
SOP071-000267,2024-04-02,E3,correo,normal,,abierto,0
SOP071-000268,2024-04-02,E1,telefono,baja,198.9,cerrado,0
SOP071-000269,2024-04-03,E2,web,normal,,abierto,0
SOP071-000270,2024-04-03,E3,web,normal,4813.8,cerrado,1
SOP071-000271,2024-04-03,E1,correo,baja,92.6,cerrado,0
SOP071-000272,2024-04-04,E2,telefono,baja,4458.8,cerrado,1
SOP071-000273,2024-04-04,E3,correo,normal,5269.9,cerrado,1
SOP071-000274,2024-04-05,E1,telefono,normal,4599.0,cerrado,1
SOP071-000275,2024-04-05,E2,web,alta,212.2,cerrado,0
SOP071-000276,2024-04-05,E3,web,baja,,abierto,0
SOP071-000277,2024-04-06,E1,telefono,baja,517.2,cerrado,0
SOP071-000278,2024-04-06,E2,telefono,baja,481.1,cerrado,0
SOP071-000279,2024-04-06,E3,web,alta,84.3,cerrado,0
SOP071-000280,2024-04-07,E1,correo,baja,,abierto,0
SOP071-000281,2024-04-07,E2,web,alta,456.4,cerrado,0
SOP071-000282,2024-04-07,E3,telefono,normal,824.4,cerrado,0
SOP071-000283,2024-04-08,E1,correo,baja,4415.5,cerrado,1
SOP071-000284,2024-04-08,E2,telefono,normal,655.7,cerrado,0
SOP071-000285,2024-04-08,E3,correo,baja,,abierto,0
SOP071-000286,2024-04-09,E1,web,normal,135.6,cerrado,0
SOP071-000287,2024-04-09,E2,web,normal,1885.5,cerrado,0
SOP071-000288,2024-04-09,E3,web,normal,668.9,cerrado,0
SOP071-000289,2024-04-10,E1,telefono,baja,,abierto,0
SOP071-000290,2024-04-10,E2,web,baja,264.7,cerrado,0
SOP071-000291,2024-04-10,E3,telefono,baja,,abierto,0
SOP071-000292,2024-04-11,E1, CORREO ,normal,442.9,cerrado,0
SOP071-000293,2024-04-11,E2,correo,alta,182.7,cerrado,0
SOP071-000294,2024-04-11,E3,telefono,normal,547.8,cerrado,0
SOP071-000295,2024-04-12,E1,web,baja,36.4,cerrado,0
SOP071-000296,2024-04-12,E2,telefono,normal,,abierto,0
SOP071-000297,2024-04-13,E3,web,alta,592.3,cerrado,0
SOP071-000298,2024-04-13,E1,telefono,alta,4446.7,cerrado,1
SOP071-000299,2024-04-13,E2,telefono,normal,6352.5,cerrado,1
SOP071-000300,2024-04-14,E3,web,baja,,abierto,0
SOP071-000301,2024-04-14,E1,web,normal,4576.1,cerrado,1
SOP071-000302,2024-04-14,E2,web,normal,865.0,cerrado,0
SOP071-000303,2024-04-15,E3,web,alta,1580.1,cerrado,0
SOP071-000304,2024-04-15,E1,web,alta,,abierto,0
SOP071-000305,2024-04-15,E2,telefono,baja,5068.6,cerrado,1
SOP071-000306,2024-04-16,E3,telefono,normal,522.9,cerrado,0
SOP071-000307,2024-04-16,E1,web,normal,707.8,cerrado,0
SOP071-000308,2024-04-16,E2,telefono,baja,508.1,cerrado,0
SOP071-000309,2024-04-17,E3,web,normal,5088.7,cerrado,1
SOP071-000310,2024-04-17,E1,web,normal,1325.7,cerrado,0
SOP071-000311,2024-04-17,E2,web,normal,647.9,cerrado,0
SOP071-000312,2024-04-18,E3,telefono,normal,735.6,cerrado,0
SOP071-000313,2024-04-18,E1,web,normal,494.9,cerrado,0
SOP071-000314,2024-04-18,E2,web,normal,932.8,cerrado,0
SOP071-000315,2024-04-19,E3,web,normal,1092.7,cerrado,0
SOP071-000316,2024-04-19,E1,web,normal,5896.6,cerrado,1
SOP071-000317,2024-04-19,E2,correo,normal,2234.6,cerrado,0
SOP071-000318,2024-04-20,E3,correo,alta,2580.3,cerrado,0
SOP071-000319,2024-04-20,E1,correo,baja,4600.9,cerrado,1
SOP071-000320,2024-04-21,E2,web,normal,746.7,cerrado,0
SOP071-000321,2024-04-21,E3,web,normal,207.1,cerrado,0
SOP071-000322,2024-04-21,E1,correo,normal,646.9,cerrado,0
SOP071-000323,2024-04-22,E2,correo,alta,4510.1,cerrado,1
SOP071-000324,2024-04-22,E3,telefono,alta,5620.2,cerrado,1
SOP071-000325,2024-04-22,E1,telefono,baja,622.8,cerrado,0
SOP071-000326,2024-04-23,E2,web,normal,252.3,cerrado,0
SOP071-000327,2024-04-23,E3,telefono,baja,1698.4,cerrado,0
SOP071-000328,2024-04-23,E1,correo,alta,5160.9,cerrado,1
SOP071-000329,2024-04-24,E2,telefono,alta,1214.5,cerrado,0
SOP071-000330,2024-04-24,E3,telefono,baja,1107.2,cerrado,0
SOP071-000331,2024-04-24,E1,telefono,baja,199.3,cerrado,0
SOP071-000332,2024-04-25,E2,telefono,baja,330.6,cerrado,0
SOP071-000333,2024-04-25,E3,telefono,normal,,cerrado,0
SOP071-000334,2024-04-25,E1,web,baja,208.5,cerrado,0
SOP071-000335,2024-04-26,E2,telefono,alta,152.8,cerrado,0
SOP071-000336,2024-04-26,E3,web,alta,449.4,cerrado,0
SOP071-000337,2024-04-26,E1,correo,baja,783.6,cerrado,0
SOP071-000338,2024-04-27,E2,correo,normal,295.8,cerrado,0
SOP071-000339,2024-04-27,E3,web,normal,2229.9,cerrado,0
SOP071-000340,2024-04-28,E1,correo,normal,855.8,cerrado,0
SOP071-000341,2024-04-28,E2,telefono,alta,,abierto,0
SOP071-000342,2024-04-28,E3,web,normal,1114.0,cerrado,0
SOP071-000343,2024-04-29,E1,web,alta,811.4,cerrado,0
SOP071-000344,2024-04-29,E2,correo,baja,242.3,cerrado,0
SOP071-000345,2024-04-29,E3,correo,baja,533.0,cerrado,0
SOP071-000346,2024-04-30,E1,telefono,normal,413.5,cerrado,0
SOP071-000347,2024-04-30,E2,telefono,alta,92.2,cerrado,0
SOP071-000348,2024-04-30,E3,correo,normal,169.0,cerrado,0
SOP071-000349,2024-05-01,E1,telefono,baja,350.6,cerrado,0
SOP071-000350,2024-05-01,E2,telefono,alta,5347.5,cerrado,1
SOP071-000351,2024-05-01,E3,telefono,normal,449.8,cerrado,0
SOP071-000352,2024-05-02,E1,telefono,baja,208.1,cerrado,0
SOP071-000353,2024-05-02,E2,web,baja,330.5,cerrado,0
SOP071-000354,2024-05-02,E3,web,normal,4835.2,cerrado,1
SOP071-000355,2024-05-03,E1,web,normal,378.2,cerrado,0
SOP071-000356,2024-05-03,E2,web,baja,272.6,cerrado,0
SOP071-000357,2024-05-03,E3,web,normal,1075.0,cerrado,0
SOP071-000358,2024-05-04,E1,web,baja,,abierto,0
SOP071-000359,2024-05-04,E2,correo,normal,,abierto,0
SOP071-000360,2024-05-04,E3,web,alta,7431.1,cerrado,1
SOP071-000361,2024-05-05,E1,telefono,normal,144.5,cerrado,0
SOP071-000362,2024-05-05,E2,web,normal,795.1,cerrado,0
SOP071-000363,2024-05-06,E3,correo,alta,1135.4,cerrado,0
SOP071-000364,2024-05-06,E1,telefono,baja,110.3,cerrado,0
SOP071-000365,2024-05-06,E2,correo,normal,290.8,cerrado,0
SOP071-000366,2024-05-07,E3,telefono,normal,652.2,cerrado,0
SOP071-000367,2024-05-07,E1,web,alta,704.8,cerrado,0
SOP071-000368,2024-05-07,E2,web,alta,262.6,cerrado,0
SOP071-000369,2024-05-08,E3,correo,normal,,abierto,0
SOP071-000370,2024-05-08,E1,correo,alta,357.8,cerrado,0
SOP071-000371,2024-05-08,E2,web,baja,271.3,cerrado,0
SOP071-000372,2024-05-09,E3,correo,baja,204.5,cerrado,0
SOP071-000373,2024-05-09,E1,correo,alta,,abierto,0
SOP071-000374,2024-05-09,E2,telefono,normal,4553.7,cerrado,1
SOP071-000375,2024-05-10,E3,telefono,baja,,abierto,0
SOP071-000376,2024-05-10,E1,correo,normal,2154.0,cerrado,0
SOP071-000377,2024-05-10,E2,telefono,normal,4485.3,cerrado,1
SOP071-000378,2024-05-11,E3,correo,normal,668.4,cerrado,0
SOP071-000379,2024-05-11,E1,correo,normal,375.0,cerrado,0
SOP071-000380,2024-05-11,E2,telefono,normal,288.2,cerrado,0
SOP071-000381,2024-05-12,E3,telefono,normal,1259.6,cerrado,0
SOP071-000382,2024-05-12,E1,telefono,normal,2238.7,cerrado,0
SOP071-000383,2024-05-12,E2,correo,normal,407.3,cerrado,0
SOP071-000384,2024-05-13,E3,correo,baja,1005.2,cerrado,0
SOP071-000385,2024-05-13,E1,correo,alta,394.5,cerrado,0
SOP071-000386,2024-05-14,E2,telefono,normal,,abierto,0
SOP071-000387,2024-05-14,E3,correo,normal,,abierto,0
SOP071-000388,2024-05-14,E1,web,alta,647.5,cerrado,0
SOP071-000389,2024-05-15,E2, WEB ,baja,1525.9,cerrado,0
SOP071-000390,2024-05-15,E3,telefono,baja,6775.1,cerrado,1
SOP071-000391,2024-05-15,E1,correo,normal,325.4,cerrado,0
SOP071-000392,2024-05-16,E2,web,baja,652.1,cerrado,0
SOP071-000393,2024-05-16,E3,telefono,normal,583.7,cerrado,0
SOP071-000394,2024-05-16,E1,correo,alta,730.2,cerrado,0
SOP071-000395,2024-05-17,E2,web,alta,2232.7,cerrado,0
SOP071-000396,2024-05-17,E3,telefono,normal,,abierto,0
SOP071-000397,2024-05-17,E1,web,normal,620.1,cerrado,0
SOP071-000398,2024-05-18,E2,correo,baja,1247.8,cerrado,0
SOP071-000399,2024-05-18,E3,correo,normal,1393.1,cerrado,0
SOP071-000400,2024-05-18,E1,web,baja,4809.8,cerrado,1
SOP071-000401,2024-05-19,E2,correo,alta,453.6,cerrado,0
SOP071-000402,2024-05-19,E3,correo,baja,5224.7,cerrado,1
SOP071-000403,2024-05-19,E1,telefono,normal,,abierto,0
SOP071-000404,2024-05-20,E2,telefono,normal,502.3,cerrado,0
SOP071-000405,2024-05-20,E3,web,baja,2207.6,cerrado,0
SOP071-000406,2024-05-20,E1,telefono,alta,1369.4,cerrado,0
SOP071-000407,2024-05-21,E2,telefono,alta,4547.2,cerrado,0
SOP071-000408,2024-05-21,E3,web,alta,4583.1,cerrado,1
SOP071-000409,2024-05-22,E1,web,normal,357.4,cerrado,0
SOP071-000410,2024-05-22,E2,web,normal,662.5,cerrado,0
SOP071-000411,2024-05-22,E3,web,baja,5072.3,cerrado,1
SOP071-000412,2024-05-23,E1,telefono,normal,,abierto,0
SOP071-000413,2024-05-23,E2,telefono,baja,2636.8,cerrado,0
SOP071-000414,2024-05-23,E3,telefono,alta,901.3,cerrado,0
SOP071-000415,2024-05-24,E1,web,normal,626.1,cerrado,0
SOP071-000416,2024-05-24,E2,correo,baja,,cerrado,1
SOP071-000417,2024-05-24,E3,web,normal,221.5,cerrado,0
SOP071-000418,2024-05-25,E1,web,normal,4544.9,cerrado,1
SOP071-000419,2024-05-25,E2,web,normal,261.4,cerrado,0
SOP071-000420,2024-05-25,E3,telefono,baja,470.6,cerrado,0
SOP071-000421,2024-05-26,E1,telefono,normal,190.4,cerrado,0
SOP071-000422,2024-05-26,E2,telefono,baja,521.2,cerrado,0
SOP071-000423,2024-05-26,E3,web,normal,"551,3",cerrado,0
SOP071-000424,2024-05-27,E1,telefono,alta,596.2,cerrado,0
SOP071-000425,2024-05-27,E2,correo,baja,5113.5,cerrado,1
SOP071-000426,2024-05-27,E3,web,baja,4425.8,cerrado,1
SOP071-000427,2024-05-28,E1,correo,alta,1053.5,cerrado,0
SOP071-000428,2024-05-28,E2,web,baja,1639.6,cerrado,0
SOP071-000429,2024-05-28,E3,correo,alta,249.8,cerrado,0
SOP071-000430,2024-05-29,E1,web,baja,237.7,cerrado,0
SOP071-000431,2024-05-29,E2,web,normal,998.2,cerrado,0
SOP071-000432,2024-05-30,E3,correo,normal,557.2,cerrado,0
SOP071-000433,2024-05-30,E1,web,baja,4455.7,cerrado,1
SOP071-000434,2024-05-30,E2,web,normal,130.6,cerrado,0
SOP071-000435,2024-05-31,E3,telefono,alta,678.1,cerrado,0
SOP071-000436,2024-05-31,E1,web,normal,544.7,cerrado,0
SOP071-000437,2024-05-31,E2,correo,baja,,abierto,0
SOP071-000438,2024-06-01,E3,correo,alta,285.9,cerrado,0
SOP071-000439,2024-06-01,E1,telefono,normal,152.7,cerrado,0
SOP071-000440,2024-06-01,E2,telefono,baja,1035.1,cerrado,0
SOP071-000441,2024-06-02,E3,telefono,normal,5219.3,cerrado,1
SOP071-000442,2024-06-02,E1,correo,normal,142.3,cerrado,0
SOP071-000443,2024-06-02,E2,web,baja,106.2,cerrado,0
SOP071-000444,2024-06-03,E3,telefono,alta,827.0,cerrado,0
SOP071-000445,2024-06-03,E1,correo,alta,,abierto,0
SOP071-000446,2024-06-03,E2,web,alta,7828.7,cerrado,1
SOP071-000447,2024-06-04,E3,correo,normal,3906.7,cerrado,0
SOP071-000448,2024-06-04,E1,correo,normal,137.0,cerrado,0
SOP071-000449,2024-06-04,E2,telefono,normal,,abierto,0
SOP071-000450,2024-06-05,E3,correo,normal,219.3,cerrado,0
SOP071-000451,2024-06-05,E1,correo,baja,,abierto,0
SOP071-000452,2024-06-05,E2,telefono,normal,5186.6,cerrado,1
SOP071-000453,2024-06-06,E3,web,normal,267.1,cerrado,0
SOP071-000454,2024-06-06,E1,correo,normal,873.0,cerrado,0
SOP071-000455,2024-06-07,E2,web,baja,159.3,cerrado,0
SOP071-000456,2024-06-07,E3,web,normal,998.5,cerrado,0
SOP071-000457,2024-06-07,E1,correo,alta,411.7,cerrado,0
SOP071-000458,2024-06-08,E2,telefono,baja,4421.5,cerrado,1
SOP071-000459,2024-06-08,E3,correo,baja,6914.2,cerrado,1
SOP071-000460,2024-06-08,E1,correo,normal,,abierto,0
SOP071-000461,2024-06-09,E2,web,baja,722.4,cerrado,0
SOP071-000462,2024-06-09,E3,correo,alta,,abierto,0
SOP071-000463,2024-06-09,E1,web,alta,,abierto,0
SOP071-000464,2024-06-10,E2,correo,normal,758.0,cerrado,0
SOP071-000465,2024-06-10,E3,web,baja,2052.3,cerrado,0
SOP071-000466,2024-06-10,E1,correo,baja,4995.6,cerrado,1
SOP071-000467,2024-06-11,E2,correo,normal,4732.8,cerrado,1
SOP071-000468,2024-06-11,E3,telefono,normal,964.6,cerrado,0
SOP071-000469,2024-06-11,E1,telefono,baja,429.5,cerrado,0
SOP071-000470,2024-06-12,E2,web,baja,522.3,cerrado,0
SOP071-000471,2024-06-12,E3,web,baja,588.8,cerrado,0
SOP071-000472,2024-06-12,E1,web,normal,4687.4,cerrado,1
SOP071-000473,2024-06-13,E2,correo,normal,,abierto,0
SOP071-000474,2024-06-13,E3,web,normal,401.1,cerrado,0
SOP071-000475,2024-06-13,E1,telefono,normal,1598.0,cerrado,0
SOP071-000476,2024-06-14,E2,telefono,alta,,abierto,0
SOP071-000477,2024-06-14,E3,web,normal,2175.4,cerrado,0
SOP071-000478,2024-06-15,E1,correo,normal,1344.9,cerrado,0
SOP071-000479,2024-06-15,E2,web,normal,167.0,cerrado,0
SOP071-000480,2024-06-15,E3,correo,normal,5184.2,cerrado,1
SOP071-000481,2024-06-16,E1,web,normal,276.8,cerrado,0
SOP071-000482,2024-06-16,E2,web,normal,544.5,cerrado,0
SOP071-000483,2024-06-16,E3,web,normal,5316.1,cerrado,1
SOP071-000484,2024-06-17,E1,web,normal,102.3,cerrado,0
SOP071-000485,2024-06-17,E2,telefono,normal,,abierto,0
SOP071-000486,2024-06-17,E3, CORREO ,baja,,abierto,0
SOP071-000487,2024-06-18,E1,telefono,normal,252.4,cerrado,0
SOP071-000488,2024-06-18,E2,telefono,baja,,abierto,0
SOP071-000489,2024-06-18,E3,web,normal,660.1,cerrado,0
SOP071-000490,2024-06-19,E1,correo,baja,,abierto,0
SOP071-000491,2024-06-19,E2,correo,alta,548.2,cerrado,0
SOP071-000492,2024-06-19,E3,telefono,baja,,abierto,0
SOP071-000493,2024-06-20,E1,correo,alta,5506.2,cerrado,1
SOP071-000494,2024-06-20,E2,web,normal,321.3,cerrado,0
SOP071-000495,2024-06-20,E3,telefono,baja,6731.7,cerrado,1
SOP071-000496,2024-06-21,E1,web,alta,318.0,cerrado,0
SOP071-000497,2024-06-21,E2,telefono,normal,160.0,cerrado,0
SOP071-000498,2024-06-22,E3,telefono,normal,,abierto,0
SOP071-000499,2024-06-22,E1,telefono,normal,,cerrado,1
SOP071-000500,2024-06-22,E2,correo,alta,590.1,cerrado,0
SOP071-000501,2024-06-23,E3,correo,baja,220.5,cerrado,0
SOP071-000502,2024-06-23,E1,correo,normal,654.2,cerrado,0
SOP071-000503,2024-06-23,E2,correo,baja,,abierto,0
SOP071-000504,2024-06-24,E3,correo,normal,4907.3,cerrado,1
SOP071-000505,2024-06-24,E1,telefono,normal,,abierto,0
SOP071-000506,2024-06-24,E2,telefono,baja,212.8,cerrado,0
SOP071-000507,2024-06-25,E3,web,alta,264.9,cerrado,0
SOP071-000508,2024-06-25,E1,correo,baja,4795.6,cerrado,1
SOP071-000509,2024-06-25,E2,correo,alta,677.8,cerrado,0
SOP071-000510,2024-06-26,E3,web,baja,786.8,cerrado,0
SOP071-000511,2024-06-26,E1,web,normal,,abierto,0
SOP071-000512,2024-06-26,E2,web,alta,1707.2,cerrado,0
SOP071-000513,2024-06-27,E3,correo,alta,1846.5,cerrado,0
SOP071-000514,2024-06-27,E1,telefono,baja,2159.5,cerrado,0
SOP071-000515,2024-06-27,E2,telefono,alta,1443.6,cerrado,0
SOP071-000516,2024-06-28,E3,web,normal,522.8,cerrado,0
SOP071-000517,2024-06-28,E1,telefono,alta,959.2,cerrado,0
SOP071-000518,2024-06-28,E2,web,normal,71.5,cerrado,0
SOP071-000519,2024-06-29,E3,web,alta,217.5,cerrado,0
SOP071-000520,2024-06-29,E1,correo,baja,523.9,cerrado,0
SOP071-000521,2024-06-30,E2,web,alta,415.8,cerrado,0
SOP071-000522,2024-06-30,E3,web,alta,1863.0,cerrado,0
SOP071-000523,2024-06-30,E1,telefono,normal,,abierto,0
SOP071-000524,2024-07-01,E2,correo,alta,693.4,cerrado,0
SOP071-000525,2024-07-01,E3,telefono,alta,630.0,cerrado,0
SOP071-000526,2024-07-01,E1,correo,baja,1558.2,cerrado,0
SOP071-000527,2024-07-02,E2,correo,alta,1669.1,cerrado,0
SOP071-000528,2024-07-02,E3,telefono,alta,160.0,cerrado,0
SOP071-000529,2024-07-02,E1,telefono,baja,226.3,cerrado,0
SOP071-000530,2024-07-03,E2,telefono,baja,429.3,cerrado,0
SOP071-000531,2024-07-03,E3,web,normal,1493.8,cerrado,0
SOP071-000532,2024-07-03,E1,web,normal,98.0,cerrado,0
SOP071-000533,2024-07-04,E2,web,normal,319.9,cerrado,0
SOP071-000534,2024-07-04,E3,telefono,normal,174.0,cerrado,0
SOP071-000535,2024-07-04,E1,web,normal,,abierto,0
SOP071-000536,2024-07-05,E2,correo,normal,5278.4,cerrado,1
SOP071-000537,2024-07-05,E3,web,alta,344.0,cerrado,0
SOP071-000538,2024-07-05,E1,telefono,normal,575.6,cerrado,0
SOP071-000539,2024-07-06,E2,web,alta,211.9,cerrado,0
SOP071-000540,2024-07-06,E3,web,normal,,abierto,0
SOP071-000541,2024-07-06,E1,correo,alta,113.6,cerrado,0
SOP071-000542,2024-07-07,E2,web,normal,980.8,cerrado,0
SOP071-000543,2024-07-07,E3,telefono,baja,5149.3,cerrado,1
SOP071-000544,2024-07-08,E1,web,baja,266.4,cerrado,0
SOP071-000545,2024-07-08,E2,web,alta,,abierto,0
SOP071-000546,2024-07-08,E3,correo,alta,1670.4,cerrado,0
SOP071-000547,2024-07-09,E1,telefono,baja,616.0,cerrado,0
SOP071-000548,2024-07-09,E2,telefono,alta,294.5,cerrado,0
SOP071-000549,2024-07-09,E3,correo,normal,445.5,cerrado,0
SOP071-000550,2024-07-10,E1,web,baja,152.5,cerrado,0
SOP071-000551,2024-07-10,E2,telefono,normal,461.9,cerrado,0
SOP071-000552,2024-07-10,E3,correo,alta,481.5,cerrado,0
SOP071-000553,2024-07-11,E1,web,alta,4557.9,cerrado,1
SOP071-000554,2024-07-11,E2,correo,baja,766.4,cerrado,0
SOP071-000555,2024-07-11,E3,correo,normal,583.0,cerrado,0
SOP071-000556,2024-07-12,E1,web,normal,368.2,cerrado,0
SOP071-000557,2024-07-12,E2,web,baja,1078.2,cerrado,0
SOP071-000558,2024-07-12,E3,web,baja,,abierto,0
SOP071-000559,2024-07-13,E1,correo,baja,649.6,cerrado,0
SOP071-000560,2024-07-13,E2,telefono,normal,975.4,cerrado,0
SOP071-000561,2024-07-13,E3,telefono,baja,570.1,cerrado,0
SOP071-000562,2024-07-14,E1,web,normal,,abierto,0
SOP071-000563,2024-07-14,E2,correo,alta,,abierto,0
SOP071-000564,2024-07-14,E3,telefono,alta,390.8,cerrado,0
SOP071-000565,2024-07-15,E1,telefono,normal,114.7,cerrado,0
SOP071-000566,2024-07-15,E2,telefono,alta,1123.0,cerrado,0
SOP071-000567,2024-07-16,E3,correo,baja,753.8,cerrado,0
SOP071-000568,2024-07-16,E1,correo,normal,533.3,cerrado,0
SOP071-000569,2024-07-16,E2,telefono,normal,4419.8,cerrado,1
SOP071-000570,2024-07-17,E3,telefono,normal,318.3,cerrado,0
SOP071-000571,2024-07-17,E1,web,normal,191.6,cerrado,0
SOP071-000572,2024-07-17,E2,correo,normal,440.9,cerrado,0
SOP071-000573,2024-07-18,E3,telefono,normal,230.4,cerrado,0
SOP071-000574,2024-07-18,E1,telefono,baja,,abierto,0
SOP071-000575,2024-07-18,E2,correo,baja,5068.4,cerrado,1
SOP071-000576,2024-07-19,E3,telefono,baja,551.5,cerrado,0
SOP071-000577,2024-07-19,E1,web,normal,1055.4,cerrado,0
SOP071-000578,2024-07-19,E2,correo,normal,181.6,cerrado,0
SOP071-000579,2024-07-20,E3,telefono,normal,520.6,cerrado,0
SOP071-000580,2024-07-20,E1,correo,normal,4531.4,cerrado,1
SOP071-000581,2024-07-20,E2,telefono,normal,200.4,cerrado,0
SOP071-000582,2024-07-21,E3,telefono,normal,,abierto,0
SOP071-000583,2024-07-21,E1, CORREO ,normal,4393.5,cerrado,1
SOP071-000584,2024-07-21,E2,web,alta,59.4,cerrado,0
SOP071-000585,2024-07-22,E3,web,normal,1910.7,cerrado,0
SOP071-000586,2024-07-22,E1,correo,alta,4382.5,cerrado,1
SOP071-000587,2024-07-22,E2,telefono,alta,148.5,cerrado,0
SOP071-000588,2024-07-23,E3,correo,normal,1358.6,cerrado,0
SOP071-000589,2024-07-23,E1,telefono,baja,161.5,cerrado,0
SOP071-000590,2024-07-24,E2,telefono,normal,332.3,cerrado,0
SOP071-000591,2024-07-24,E3,telefono,baja,,abierto,0
SOP071-000592,2024-07-24,E1,correo,normal,4493.9,cerrado,1
SOP071-000593,2024-07-25,E2,correo,normal,1152.9,cerrado,0
SOP071-000594,2024-07-25,E3,correo,normal,1045.2,cerrado,0
SOP071-000595,2024-07-25,E1,correo,alta,1177.5,cerrado,0
SOP071-000596,2024-07-26,E2,telefono,baja,275.6,cerrado,0
SOP071-000597,2024-07-26,E3,telefono,baja,907.3,cerrado,0
SOP071-000598,2024-07-26,E1,telefono,alta,1634.2,cerrado,0
SOP071-000599,2024-07-27,E2,correo,normal,480.5,cerrado,0
SOP071-000600,2024-07-27,E3,telefono,baja,195.7,cerrado,0
SOP071-000601,2024-07-27,E1,telefono,normal,4663.9,cerrado,1
SOP071-000602,2024-07-28,E2,telefono,alta,552.6,cerrado,0
SOP071-000603,2024-07-28,E3,correo,normal,831.5,cerrado,0
SOP071-000604,2024-07-28,E1,telefono,normal,,abierto,0
SOP071-000605,2024-07-29,E2,correo,normal,901.9,cerrado,0
SOP071-000606,2024-07-29,E3,web,normal,380.3,cerrado,0
SOP071-000607,2024-07-29,E1,telefono,normal,309.1,cerrado,0
SOP071-000608,2024-07-30,E2,telefono,baja,255.0,cerrado,0
SOP071-000609,2024-07-30,E3,correo,normal,332.1,cerrado,0
SOP071-000610,2024-07-30,E1,web,normal,96.5,cerrado,0
SOP071-000611,2024-07-31,E2,correo,normal,835.0,cerrado,0
SOP071-000612,2024-07-31,E3,telefono,alta,886.4,cerrado,0
SOP071-000613,2024-08-01,E1,telefono,baja,1062.3,cerrado,0
SOP071-000614,2024-08-01,E2,correo,alta,1218.1,cerrado,0
SOP071-000615,2024-08-01,E3,telefono,baja,1212.5,cerrado,0
SOP071-000616,2024-08-02,E1,web,alta,199.5,cerrado,0
SOP071-000617,2024-08-02,E2,telefono,normal,783.3,cerrado,0
SOP071-000618,2024-08-02,E3,web,normal,,abierto,0
SOP071-000619,2024-08-03,E1,telefono,normal,416.4,cerrado,0
SOP071-000620,2024-08-03,E2,telefono,normal,234.6,cerrado,0
SOP071-000621,2024-08-03,E3,web,alta,,abierto,0
SOP071-000622,2024-08-04,E1,correo,baja,264.2,cerrado,0
SOP071-000623,2024-08-04,E2,correo,alta,,abierto,0
SOP071-000624,2024-08-04,E3,telefono,alta,2178.2,cerrado,0
SOP071-000625,2024-08-05,E1,correo,normal,115.5,cerrado,0
SOP071-000626,2024-08-05,E2,telefono,baja,4777.5,cerrado,1
SOP071-000627,2024-08-05,E3,web,normal,3574.4,cerrado,0
SOP071-000628,2024-08-06,E1,correo,baja,190.2,cerrado,0
SOP071-000629,2024-08-06,E2,web,baja,432.0,cerrado,0
SOP071-000630,2024-08-06,E3,web,baja,1108.1,cerrado,0
SOP071-000631,2024-08-07,E1,web,alta,,abierto,0
SOP071-000632,2024-08-07,E2,web,baja,4562.9,cerrado,1
SOP071-000633,2024-08-07,E3,telefono,baja,464.2,cerrado,0
SOP071-000634,2024-08-08,E1,telefono,baja,,abierto,0
SOP071-000635,2024-08-08,E2,telefono,normal,384.9,cerrado,0
SOP071-000636,2024-08-09,E3,web,baja,990.0,cerrado,0
SOP071-000637,2024-08-09,E1,correo,baja,4520.4,cerrado,1
SOP071-000638,2024-08-09,E2,telefono,normal,871.9,cerrado,0
SOP071-000639,2024-08-10,E3,web,normal,,abierto,0
SOP071-000640,2024-08-10,E1,correo,alta,402.2,cerrado,0
SOP071-000641,2024-08-10,E2,telefono,alta,360.5,cerrado,0
SOP071-000642,2024-08-11,E3,web,normal,142.9,cerrado,0
SOP071-000643,2024-08-11,E1,telefono,normal,,abierto,0
SOP071-000644,2024-08-11,E2,telefono,normal,240.6,cerrado,0
SOP071-000645,2024-08-12,E3,web,baja,584.3,cerrado,0
SOP071-000646,2024-08-12,E1,web,alta,443.1,cerrado,0
SOP071-000647,2024-08-12,E2,correo,normal,988.3,cerrado,0
SOP071-000648,2024-08-13,E3,correo,normal,471.5,cerrado,0
SOP071-000649,2024-08-13,E1,telefono,alta,614.8,cerrado,0
SOP071-000650,2024-08-13,E2,telefono,normal,4708.1,cerrado,1
SOP071-000651,2024-08-14,E3,web,baja,,abierto,0
SOP071-000652,2024-08-14,E1,telefono,alta,348.7,cerrado,0
SOP071-000653,2024-08-14,E2,telefono,normal,398.4,cerrado,0
SOP071-000654,2024-08-15,E3,correo,baja,593.5,cerrado,0
SOP071-000655,2024-08-15,E1,web,alta,4616.2,cerrado,1
SOP071-000656,2024-08-16,E2,web,alta,504.9,cerrado,0
SOP071-000657,2024-08-16,E3,correo,baja,,abierto,0
SOP071-000658,2024-08-16,E1,telefono,baja,652.7,cerrado,0
SOP071-000659,2024-08-17,E2,telefono,normal,758.1,cerrado,0
SOP071-000660,2024-08-17,E3,web,normal,1188.0,cerrado,0
SOP071-000661,2024-08-17,E1,web,normal,253.9,cerrado,0
SOP071-000662,2024-08-18,E2,correo,normal,4612.2,cerrado,1
SOP071-000663,2024-08-18,E3,telefono,normal,184.2,cerrado,0
SOP071-000664,2024-08-18,E1,telefono,baja,,abierto,0
SOP071-000665,2024-08-19,E2,correo,normal,,cerrado,0
SOP071-000666,2024-08-19,E3,correo,normal,5229.2,cerrado,1
SOP071-000667,2024-08-19,E1,correo,baja,487.1,cerrado,0
SOP071-000668,2024-08-20,E2,web,normal,430.8,cerrado,0
SOP071-000669,2024-08-20,E3,telefono,baja,925.9,cerrado,0
SOP071-000670,2024-08-20,E1,telefono,alta,4539.6,cerrado,1
SOP071-000671,2024-08-21,E2,correo,alta,601.4,cerrado,0
SOP071-000672,2024-08-21,E3,correo,alta,6548.8,cerrado,0
SOP071-000673,2024-08-21,E1,correo,baja,102.2,cerrado,0
SOP071-000674,2024-08-22,E2,telefono,normal,280.1,cerrado,0
SOP071-000675,2024-08-22,E3,telefono,normal,,abierto,0
SOP071-000676,2024-08-22,E1,telefono,alta,195.3,cerrado,0
SOP071-000677,2024-08-23,E2,correo,normal,1259.8,cerrado,0
SOP071-000678,2024-08-23,E3,correo,baja,295.1,cerrado,0
SOP071-000679,2024-08-24,E1,correo,normal,389.0,cerrado,0
SOP071-000680,2024-08-24,E2, TELEFONO ,normal,4221.6,cerrado,0
SOP071-000681,2024-08-24,E3,web,normal,290.1,cerrado,0
SOP071-000682,2024-08-25,E1,correo,alta,,abierto,0
SOP071-000683,2024-08-25,E2,telefono,normal,4945.4,cerrado,0
SOP071-000684,2024-08-25,E3,web,normal,474.7,cerrado,0
SOP071-000685,2024-08-26,E1,web,alta,154.0,cerrado,0
SOP071-000686,2024-08-26,E2,correo,baja,,abierto,0
SOP071-000687,2024-08-26,E3,correo,normal,164.4,cerrado,0
SOP071-000688,2024-08-27,E1,web,normal,,abierto,0
SOP071-000689,2024-08-27,E2,web,baja,149.4,cerrado,0
SOP071-000690,2024-08-27,E3,web,baja,1330.2,cerrado,0
SOP071-000691,2024-08-28,E1,correo,normal,467.1,cerrado,0
SOP071-000692,2024-08-28,E2,correo,normal,5899.2,cerrado,1
SOP071-000693,2024-08-28,E3,web,baja,2801.4,cerrado,0
SOP071-000694,2024-08-29,E1,web,baja,453.4,cerrado,0
SOP071-000695,2024-08-29,E2,telefono,normal,718.0,cerrado,0
SOP071-000696,2024-08-29,E3,web,normal,482.8,cerrado,0
SOP071-000697,2024-08-30,E1,correo,baja,190.2,cerrado,0
SOP071-000698,2024-08-30,E2,telefono,normal,,abierto,0
SOP071-000699,2024-08-30,E3,telefono,normal,499.4,cerrado,0
SOP071-000700,2024-08-31,E1,telefono,normal,1078.2,cerrado,0
SOP071-000701,2024-08-31,E2,web,alta,5208.4,cerrado,1
SOP071-000702,2024-09-01,E3,web,baja,670.3,cerrado,0
SOP071-000703,2024-09-01,E1,telefono,normal,798.7,cerrado,0
SOP071-000704,2024-09-01,E2,web,normal,387.0,cerrado,0
SOP071-000705,2024-09-02,E3,telefono,normal,5514.4,cerrado,1
SOP071-000706,2024-09-02,E1,web,alta,487.2,cerrado,0
SOP071-000707,2024-09-02,E2,web,normal,728.7,cerrado,0
SOP071-000708,2024-09-03,E3,telefono,alta,4819.6,cerrado,1
SOP071-000709,2024-09-03,E1,telefono,alta,37.9,cerrado,0
SOP071-000710,2024-09-03,E2,web,normal,,abierto,0
SOP071-000711,2024-09-04,E3,correo,normal,920.8,cerrado,0
SOP071-000712,2024-09-04,E1,telefono,normal,1393.1,cerrado,0
SOP071-000713,2024-09-04,E2,telefono,normal,1877.8,cerrado,0
SOP071-000714,2024-09-05,E3,correo,normal,487.3,cerrado,0
SOP071-000715,2024-09-05,E1,web,baja,4435.8,cerrado,1
SOP071-000716,2024-09-05,E2,web,normal,2032.5,cerrado,0
SOP071-000717,2024-09-06,E3,correo,alta,6071.8,cerrado,1
SOP071-000718,2024-09-06,E1,correo,baja,62.1,cerrado,0
SOP071-000719,2024-09-06,E2,correo,normal,1014.5,cerrado,0
SOP071-000720,2024-09-07,E3,correo,baja,337.1,cerrado,0
SOP071-000721,2024-09-07,E1,correo,alta,188.6,cerrado,0
SOP071-000722,2024-09-07,E2,correo,alta,201.5,cerrado,0
SOP071-000723,2024-09-08,E3,correo,baja,370.5,cerrado,0
SOP071-000724,2024-09-08,E1,correo,normal,5380.7,cerrado,1
SOP071-000725,2024-09-09,E2,telefono,alta,396.9,cerrado,0
SOP071-000726,2024-09-09,E3,web,normal,,abierto,0
SOP071-000727,2024-09-09,E1,correo,baja,193.3,cerrado,0
SOP071-000728,2024-09-10,E2,correo,normal,1355.3,cerrado,0
SOP071-000729,2024-09-10,E3,telefono,alta,1999.7,cerrado,0
SOP071-000730,2024-09-10,E1,telefono,normal,644.4,cerrado,0
SOP071-000731,2024-09-11,E2,web,normal,302.7,cerrado,0
SOP071-000732,2024-09-11,E3,telefono,alta,2060.6,cerrado,0
SOP071-000733,2024-09-11,E1,telefono,alta,600.9,cerrado,0
SOP071-000734,2024-09-12,E2,telefono,normal,,abierto,0
SOP071-000735,2024-09-12,E3,telefono,normal,127.3,cerrado,0
SOP071-000736,2024-09-12,E1,web,normal,686.3,cerrado,0
SOP071-000737,2024-09-13,E2,web,baja,2478.4,cerrado,0
SOP071-000738,2024-09-13,E3,telefono,normal,905.2,cerrado,0
SOP071-000739,2024-09-13,E1,web,alta,,abierto,0
SOP071-000740,2024-09-14,E2,correo,normal,395.4,cerrado,0
SOP071-000741,2024-09-14,E3,web,alta,604.3,cerrado,0
SOP071-000742,2024-09-14,E1,correo,normal,157.9,cerrado,0
SOP071-000743,2024-09-15,E2,web,baja,174.3,cerrado,0
SOP071-000744,2024-09-15,E3,telefono,normal,407.9,cerrado,0
SOP071-000745,2024-09-15,E1,web,alta,,abierto,0
SOP071-000746,2024-09-16,E2,correo,normal,269.3,cerrado,0
SOP071-000747,2024-09-16,E3,web,normal,427.4,cerrado,0
SOP071-000748,2024-09-17,E1,web,alta,,cerrado,0
SOP071-000749,2024-09-17,E2,correo,normal,335.1,cerrado,0
SOP071-000750,2024-09-17,E3,telefono,alta,642.3,cerrado,0
SOP071-000751,2024-09-18,E1,correo,alta,992.2,cerrado,0
SOP071-000752,2024-09-18,E2,web,baja,153.2,cerrado,0
SOP071-000753,2024-09-18,E3,correo,baja,,abierto,0
SOP071-000754,2024-09-19,E1,telefono,baja,267.1,cerrado,0
SOP071-000755,2024-09-19,E2,web,baja,49.2,cerrado,0
SOP071-000756,2024-09-19,E3,web,alta,,abierto,0
SOP071-000757,2024-09-20,E1,web,baja,347.7,cerrado,0
SOP071-000758,2024-09-20,E2,telefono,baja,482.9,cerrado,0
SOP071-000759,2024-09-20,E3,correo,baja,158.4,cerrado,0
SOP071-000760,2024-09-21,E1,web,baja,693.3,cerrado,0
SOP071-000761,2024-09-21,E2,correo,normal,288.9,cerrado,0
SOP071-000762,2024-09-21,E3,correo,alta,500.8,cerrado,0
SOP071-000763,2024-09-22,E1,web,normal,,abierto,0
SOP071-000764,2024-09-22,E2,web,baja,,abierto,0
SOP071-000765,2024-09-22,E3,correo,normal,428.2,cerrado,0
SOP071-000766,2024-09-23,E1,web,normal,108.3,cerrado,0
SOP071-000767,2024-09-23,E2,web,normal,436.9,cerrado,0
SOP071-000768,2024-09-23,E3,web,normal,2542.1,cerrado,0
SOP071-000769,2024-09-24,E1,web,baja,761.2,cerrado,0
SOP071-000770,2024-09-24,E2,correo,normal,,abierto,0
SOP071-000771,2024-09-25,E3,telefono,normal,5402.0,cerrado,1
SOP071-000772,2024-09-25,E1,correo,normal,522.1,cerrado,0
SOP071-000773,2024-09-25,E2,telefono,normal,212.3,cerrado,0
SOP071-000774,2024-09-26,E3,web,baja,747.8,cerrado,0
SOP071-000775,2024-09-26,E1,telefono,alta,2615.6,cerrado,0
SOP071-000776,2024-09-26,E2,web,alta,4500.0,cerrado,1
SOP071-000777,2024-09-27,E3, TELEFONO ,normal,4498.5,cerrado,1
SOP071-000778,2024-09-27,E1,web,alta,372.5,cerrado,0
SOP071-000779,2024-09-27,E2,correo,baja,467.1,cerrado,0
SOP071-000780,2024-09-28,E3,correo,normal,584.8,cerrado,0
SOP071-000781,2024-09-28,E1,correo,alta,496.8,cerrado,0
SOP071-000782,2024-09-28,E2,correo,alta,256.2,cerrado,0
SOP071-000783,2024-09-29,E3,correo,normal,632.3,cerrado,0
SOP071-000784,2024-09-29,E1,web,normal,,abierto,0
SOP071-000785,2024-09-29,E2,web,normal,532.3,cerrado,0
SOP071-000786,2024-09-30,E3,telefono,normal,1314.5,cerrado,0
SOP071-000787,2024-09-30,E1,web,alta,4739.6,cerrado,1
SOP071-000788,2024-09-30,E2,correo,baja,912.7,cerrado,0
SOP071-000789,2024-10-01,E3,telefono,alta,4621.5,cerrado,1
SOP071-000790,2024-10-01,E1,telefono,alta,126.9,cerrado,0
SOP071-000791,2024-10-01,E2,telefono,normal,615.6,cerrado,0
SOP071-000792,2024-10-02,E3,web,baja,205.5,cerrado,0
SOP071-000793,2024-10-02,E1,web,alta,233.4,cerrado,0
SOP071-000794,2024-10-03,E2,correo,alta,2447.1,cerrado,0
SOP071-000795,2024-10-03,E3,correo,alta,878.8,cerrado,0
SOP071-000796,2024-10-03,E1,correo,alta,283.4,cerrado,0
SOP071-000797,2024-10-04,E2,correo,normal,4673.2,cerrado,1
SOP071-000798,2024-10-04,E3,web,alta,1034.0,cerrado,0
SOP071-000799,2024-10-04,E1,telefono,baja,803.6,cerrado,0
SOP071-000800,2024-10-05,E2,web,normal,545.3,cerrado,0
SOP071-000801,2024-10-05,E3,correo,alta,3154.8,cerrado,0
SOP071-000802,2024-10-05,E1,web,baja,767.9,cerrado,0
SOP071-000803,2024-10-06,E2,telefono,normal,931.7,cerrado,0
SOP071-000804,2024-10-06,E3,correo,alta,876.2,cerrado,0
SOP071-000805,2024-10-06,E1,web,normal,873.4,cerrado,0
SOP071-000806,2024-10-07,E2,web,alta,364.9,cerrado,0
SOP071-000807,2024-10-07,E3,web,baja,2830.9,cerrado,0
SOP071-000808,2024-10-07,E1,web,alta,596.1,cerrado,0
SOP071-000809,2024-10-08,E2,correo,normal,156.0,cerrado,0
SOP071-000810,2024-10-08,E3,correo,baja,1883.5,cerrado,0
SOP071-000811,2024-10-08,E1,web,baja,4678.3,cerrado,1
SOP071-000812,2024-10-09,E2,correo,alta,840.7,cerrado,0
SOP071-000813,2024-10-09,E3,telefono,baja,288.4,cerrado,0
SOP071-000814,2024-10-10,E1,correo,normal,1614.8,cerrado,0
SOP071-000815,2024-10-10,E2,correo,alta,845.2,cerrado,0
SOP071-000816,2024-10-10,E3,telefono,baja,692.2,cerrado,0
SOP071-000817,2024-10-11,E1,web,normal,4597.2,cerrado,1
SOP071-000818,2024-10-11,E2,web,normal,311.0,cerrado,0
SOP071-000819,2024-10-11,E3,web,normal,622.2,cerrado,0
SOP071-000820,2024-10-12,E1,telefono,baja,667.7,cerrado,0
SOP071-000821,2024-10-12,E2,correo,normal,1003.0,cerrado,0
SOP071-000822,2024-10-12,E3,telefono,baja,4806.1,cerrado,1
SOP071-000823,2024-10-13,E1,correo,baja,,abierto,0
SOP071-000824,2024-10-13,E2,telefono,normal,2360.0,cerrado,0
SOP071-000825,2024-10-13,E3,telefono,normal,,abierto,0
SOP071-000826,2024-10-14,E1,correo,normal,540.4,cerrado,0
SOP071-000827,2024-10-14,E2,correo,alta,,abierto,0
SOP071-000828,2024-10-14,E3,correo,alta,,abierto,0
SOP071-000829,2024-10-15,E1,correo,alta,,abierto,0
SOP071-000830,2024-10-15,E2,web,baja,368.8,cerrado,0
SOP071-000831,2024-10-15,E3,correo,normal,,cerrado,0
SOP071-000832,2024-10-16,E1,correo,baja,278.5,cerrado,0
SOP071-000833,2024-10-16,E2,correo,normal,261.3,cerrado,0
SOP071-000834,2024-10-16,E3,telefono,normal,319.3,cerrado,0
SOP071-000835,2024-10-17,E1,correo,normal,4950.6,cerrado,1
SOP071-000836,2024-10-17,E2,telefono,baja,,abierto,0
SOP071-000837,2024-10-18,E3,telefono,normal,821.2,cerrado,0
SOP071-000838,2024-10-18,E1,telefono,normal,406.1,cerrado,0
SOP071-000839,2024-10-18,E2,correo,alta,1006.5,cerrado,0
SOP071-000840,2024-10-19,E3,correo,normal,1007.2,cerrado,0
SOP071-000841,2024-10-19,E1,telefono,alta,4568.7,cerrado,1
SOP071-000842,2024-10-19,E2,telefono,baja,1078.9,cerrado,0
SOP071-000843,2024-10-20,E3,telefono,baja,1624.7,cerrado,0
SOP071-000844,2024-10-20,E1,correo,normal,275.4,cerrado,0
SOP071-000845,2024-10-20,E2,correo,baja,"978,5",cerrado,0
SOP071-000846,2024-10-21,E3,telefono,alta,628.3,cerrado,0
SOP071-000847,2024-10-21,E1,telefono,normal,5455.4,cerrado,1
SOP071-000848,2024-10-21,E2,web,baja,1845.1,cerrado,0
SOP071-000849,2024-10-22,E3,web,alta,1178.9,cerrado,0
SOP071-000850,2024-10-22,E1,correo,baja,2227.5,cerrado,0
SOP071-000851,2024-10-22,E2,telefono,alta,501.5,cerrado,0
SOP071-000852,2024-10-23,E3,telefono,normal,210.7,cerrado,0
SOP071-000853,2024-10-23,E1,correo,normal,2027.1,cerrado,0
SOP071-000854,2024-10-23,E2,telefono,alta,,abierto,0
SOP071-000855,2024-10-24,E3,telefono,alta,280.8,cerrado,0
SOP071-000856,2024-10-24,E1,correo,alta,409.3,cerrado,0
SOP071-000857,2024-10-24,E2,web,normal,,abierto,0
SOP071-000858,2024-10-25,E3,correo,alta,135.5,cerrado,0
SOP071-000859,2024-10-25,E1,correo,normal,516.5,cerrado,0
SOP071-000860,2024-10-26,E2,web,normal,538.9,cerrado,0
SOP071-000861,2024-10-26,E3,web,normal,1972.6,cerrado,0
SOP071-000862,2024-10-26,E1,web,normal,874.5,cerrado,0
SOP071-000863,2024-10-27,E2,correo,baja,860.8,cerrado,0
SOP071-000864,2024-10-27,E3,telefono,normal,1337.1,cerrado,0
SOP071-000865,2024-10-27,E1,correo,normal,486.5,cerrado,0
SOP071-000866,2024-10-28,E2,correo,normal,201.5,cerrado,0
SOP071-000867,2024-10-28,E3,web,normal,688.1,cerrado,0
SOP071-000868,2024-10-28,E1,correo,baja,129.3,cerrado,0
SOP071-000869,2024-10-29,E2,correo,normal,580.5,cerrado,0
SOP071-000870,2024-10-29,E3,correo,baja,617.2,cerrado,0
SOP071-000871,2024-10-29,E1,correo,alta,218.5,cerrado,0
SOP071-000872,2024-10-30,E2,telefono,baja,800.5,cerrado,0
SOP071-000873,2024-10-30,E3,telefono,baja,2757.4,cerrado,0
SOP071-000874,2024-10-30,E1, TELEFONO ,normal,,abierto,0
SOP071-000875,2024-10-31,E2,web,normal,5181.8,cerrado,1
SOP071-000876,2024-10-31,E3,correo,baja,1059.6,cerrado,0
SOP071-000877,2024-10-31,E1,telefono,normal,793.9,cerrado,0
SOP071-000878,2024-11-01,E2,telefono,alta,,abierto,0
SOP071-000879,2024-11-01,E3,correo,normal,10723.5,cerrado,1
SOP071-000880,2024-11-01,E1,web,normal,,abierto,0
SOP071-000881,2024-11-02,E2,telefono,normal,453.1,cerrado,0
SOP071-000882,2024-11-02,E3,web,normal,1765.9,cerrado,0
SOP071-000883,2024-11-03,E1,web,alta,731.3,cerrado,0
SOP071-000884,2024-11-03,E2,telefono,alta,1498.9,cerrado,0
SOP071-000885,2024-11-03,E3,telefono,normal,5021.7,cerrado,1
SOP071-000886,2024-11-04,E1,web,baja,,abierto,0
SOP071-000887,2024-11-04,E2,web,normal,669.0,cerrado,0
SOP071-000888,2024-11-04,E3,correo,normal,1006.9,cerrado,0
SOP071-000889,2024-11-05,E1,web,normal,352.8,cerrado,0
SOP071-000890,2024-11-05,E2,correo,baja,,abierto,0
SOP071-000891,2024-11-05,E3,telefono,normal,,abierto,0
SOP071-000892,2024-11-06,E1,telefono,alta,677.6,cerrado,0
SOP071-000893,2024-11-06,E2,telefono,normal,658.5,cerrado,0
SOP071-000894,2024-11-06,E3,telefono,normal,2490.7,cerrado,0
SOP071-000895,2024-11-07,E1,correo,alta,5379.2,cerrado,1
SOP071-000896,2024-11-07,E2,telefono,alta,933.4,cerrado,0
SOP071-000897,2024-11-07,E3,web,normal,505.6,cerrado,0
SOP071-000898,2024-11-08,E1,web,normal,471.4,cerrado,0
SOP071-000899,2024-11-08,E2,web,alta,,abierto,0
SOP071-000900,2024-11-08,E3,correo,alta,4230.2,cerrado,0
SOP071-000901,2024-11-09,E1,telefono,normal,157.5,cerrado,0
SOP071-000902,2024-11-09,E2,telefono,normal,191.0,cerrado,0
SOP071-000903,2024-11-09,E3,telefono,baja,427.5,cerrado,0
SOP071-000904,2024-11-10,E1,web,alta,744.4,cerrado,0
SOP071-000905,2024-11-10,E2,telefono,normal,620.8,cerrado,0
SOP071-000906,2024-11-11,E3,correo,normal,1059.2,cerrado,0
SOP071-000907,2024-11-11,E1,telefono,normal,158.6,cerrado,0
SOP071-000908,2024-11-11,E2,web,alta,,abierto,0
SOP071-000909,2024-11-12,E3,correo,alta,,abierto,0
SOP071-000910,2024-11-12,E1,correo,normal,266.0,cerrado,0
SOP071-000911,2024-11-12,E2,web,baja,247.2,cerrado,0
SOP071-000912,2024-11-13,E3,telefono,baja,485.0,cerrado,0
SOP071-000913,2024-11-13,E1,correo,alta,481.9,cerrado,0
SOP071-000914,2024-11-13,E2,web,baja,,abierto,0
SOP071-000915,2024-11-14,E3,correo,baja,481.7,cerrado,0
SOP071-000916,2024-11-14,E1,correo,alta,880.0,cerrado,0
SOP071-000917,2024-11-14,E2,correo,baja,674.0,cerrado,0
SOP071-000918,2024-11-15,E3,correo,alta,69.1,cerrado,0
SOP071-000919,2024-11-15,E1,web,baja,4723.5,cerrado,1
SOP071-000920,2024-11-15,E2,correo,normal,162.7,cerrado,0
SOP071-000921,2024-11-16,E3,telefono,normal,399.6,cerrado,0
SOP071-000922,2024-11-16,E1,web,normal,,abierto,0
SOP071-000923,2024-11-16,E2,correo,baja,,abierto,0
SOP071-000924,2024-11-17,E3,telefono,alta,1167.1,cerrado,0
SOP071-000925,2024-11-17,E1,correo,normal,340.9,cerrado,0
SOP071-000926,2024-11-17,E2,web,baja,,abierto,0
SOP071-000927,2024-11-18,E3,telefono,normal,625.5,cerrado,0
SOP071-000928,2024-11-18,E1,web,normal,,abierto,0
SOP071-000929,2024-11-19,E2,telefono,baja,4725.5,cerrado,1
SOP071-000930,2024-11-19,E3,correo,alta,,abierto,0
SOP071-000931,2024-11-19,E1,telefono,alta,4721.7,cerrado,1
SOP071-000932,2024-11-20,E2,web,alta,563.4,cerrado,0
SOP071-000933,2024-11-20,E3,correo,normal,1192.0,cerrado,0
SOP071-000934,2024-11-20,E1,telefono,baja,595.8,cerrado,0
SOP071-000935,2024-11-21,E2,telefono,normal,6871.4,cerrado,1
SOP071-000936,2024-11-21,E3,telefono,normal,3445.2,cerrado,0
SOP071-000937,2024-11-21,E1,telefono,baja,565.7,cerrado,0
SOP071-000938,2024-11-22,E2,web,alta,465.4,cerrado,0
SOP071-000939,2024-11-22,E3,correo,normal,288.3,cerrado,0
SOP071-000940,2024-11-22,E1,telefono,alta,286.0,cerrado,0
SOP071-000941,2024-11-23,E2,web,normal,,abierto,0
SOP071-000942,2024-11-23,E3,correo,alta,705.1,cerrado,0
SOP071-000943,2024-11-23,E1,telefono,normal,6672.8,cerrado,1
SOP071-000944,2024-11-24,E2,web,alta,15583.6,cerrado,0
SOP071-000945,2024-11-24,E3,correo,normal,295.6,cerrado,0
SOP071-000946,2024-11-24,E1,web,normal,116.8,cerrado,0
SOP071-000947,2024-11-25,E2,telefono,alta,1071.4,cerrado,0
SOP071-000948,2024-11-25,E3,correo,baja,999.4,cerrado,0
SOP071-000949,2024-11-25,E1,correo,alta,138.7,cerrado,0
SOP071-000950,2024-11-26,E2,telefono,alta,141.3,cerrado,0
SOP071-000951,2024-11-26,E3,correo,baja,2231.0,cerrado,0
SOP071-000952,2024-11-27,E1,telefono,normal,120.3,cerrado,0
SOP071-000953,2024-11-27,E2,correo,normal,,abierto,0
SOP071-000954,2024-11-27,E3,correo,normal,,abierto,0
SOP071-000955,2024-11-28,E1,telefono,normal,,abierto,0
SOP071-000956,2024-11-28,E2,web,alta,609.0,cerrado,0
SOP071-000957,2024-11-28,E3,web,baja,,abierto,0
SOP071-000958,2024-11-29,E1,telefono,normal,4014.8,cerrado,0
SOP071-000959,2024-11-29,E2,telefono,normal,558.4,cerrado,0
SOP071-000960,2024-11-29,E3,telefono,baja,1144.7,cerrado,0
SOP071-000961,2024-11-30,E1,web,normal,860.6,cerrado,0
SOP071-000962,2024-11-30,E2,telefono,alta,343.5,cerrado,0
SOP071-000963,2024-11-30,E3,telefono,normal,1324.6,cerrado,0
SOP071-000964,2024-12-01,E1,web,normal,,abierto,0
SOP071-000965,2024-12-01,E2,web,baja,,abierto,0
SOP071-000966,2024-12-01,E3,correo,baja,4957.9,cerrado,1
SOP071-000967,2024-12-02,E1,web,normal,114.9,cerrado,0
SOP071-000968,2024-12-02,E2,web,baja,883.8,cerrado,0
SOP071-000969,2024-12-02,E3,telefono,normal,334.5,cerrado,0
SOP071-000970,2024-12-03,E1,telefono,normal,197.9,cerrado,0
SOP071-000971,2024-12-03,E2, TELEFONO ,alta,1190.8,cerrado,0
SOP071-000972,2024-12-04,E3,web,normal,1343.4,cerrado,0
SOP071-000973,2024-12-04,E1,web,baja,,abierto,0
SOP071-000974,2024-12-04,E2,web,alta,5319.1,cerrado,1
SOP071-000975,2024-12-05,E3,correo,baja,459.5,cerrado,0
SOP071-000976,2024-12-05,E1,telefono,normal,,abierto,0
SOP071-000977,2024-12-05,E2,telefono,normal,,abierto,0
SOP071-000978,2024-12-06,E3,web,alta,707.2,cerrado,0
SOP071-000979,2024-12-06,E1,web,baja,406.6,cerrado,0
SOP071-000980,2024-12-06,E2,web,normal,123.1,cerrado,0
SOP071-000981,2024-12-07,E3,correo,normal,435.8,cerrado,0
SOP071-000982,2024-12-07,E1,telefono,normal,5182.5,cerrado,1
SOP071-000983,2024-12-07,E2,telefono,baja,177.6,cerrado,0
SOP071-000984,2024-12-08,E3,correo,baja,510.1,cerrado,0
SOP071-000985,2024-12-08,E1,correo,normal,165.6,cerrado,0
SOP071-000986,2024-12-08,E2,web,normal,,abierto,0
SOP071-000987,2024-12-09,E3,correo,normal,1084.0,cerrado,0
SOP071-000988,2024-12-09,E1,correo,alta,405.7,cerrado,0
SOP071-000989,2024-12-09,E2,web,normal,331.3,cerrado,0
SOP071-000990,2024-12-10,E3,correo,normal,446.9,cerrado,0
SOP071-000991,2024-12-10,E1,web,baja,,abierto,0
SOP071-000992,2024-12-10,E2,correo,baja,323.8,cerrado,0
SOP071-000993,2024-12-11,E3,correo,normal,,abierto,0
SOP071-000994,2024-12-11,E1,telefono,alta,241.6,cerrado,0
SOP071-000995,2024-12-12,E2,web,alta,844.1,cerrado,0
SOP071-000996,2024-12-12,E3,telefono,normal,1158.1,cerrado,0
SOP071-000997,2024-12-12,E1,telefono,normal,,abierto,0
SOP071-000998,2024-12-13,E2,correo,normal,720.5,cerrado,0
SOP071-000999,2024-12-13,E3,telefono,normal,357.9,cerrado,0
SOP071-001000,2024-12-13,E1,telefono,alta,480.5,cerrado,0
SOP071-001001,2024-12-14,E2,correo,normal,791.2,cerrado,0
SOP071-001002,2024-12-14,E3,web,baja,,abierto,0
SOP071-001003,2024-12-14,E1,web,alta,111.9,cerrado,0
SOP071-001004,2024-12-15,E2,web,baja,,abierto,0
SOP071-001005,2024-12-15,E3,telefono,baja,915.5,cerrado,0
SOP071-001006,2024-12-15,E1,correo,baja,1908.3,cerrado,0
SOP071-001007,2024-12-16,E2,telefono,alta,80.1,cerrado,0
SOP071-001008,2024-12-16,E3,correo,normal,503.8,cerrado,0
SOP071-001009,2024-12-16,E1,web,normal,4497.2,cerrado,1
SOP071-001010,2024-12-17,E2,telefono,normal,4723.3,cerrado,1
SOP071-001011,2024-12-17,E3,telefono,baja,662.2,cerrado,0
SOP071-001012,2024-12-17,E1,telefono,normal,767.8,cerrado,0
SOP071-001013,2024-12-18,E2,web,alta,4883.3,cerrado,1
SOP071-001014,2024-12-18,E3,web,alta,531.9,cerrado,0
SOP071-001015,2024-12-18,E1,telefono,alta,457.1,cerrado,0
SOP071-001016,2024-12-19,E2,correo,normal,741.7,cerrado,0
SOP071-001017,2024-12-19,E3,correo,normal,1652.4,cerrado,0
SOP071-001018,2024-12-20,E1,telefono,alta,4490.9,cerrado,1
SOP071-001019,2024-12-20,E2,telefono,baja,,abierto,0
SOP071-001020,2024-12-20,E3,correo,normal,7377.9,cerrado,0
SOP071-001021,2024-12-21,E1,correo,baja,,abierto,0
SOP071-001022,2024-12-21,E2,web,normal,378.5,cerrado,0
SOP071-001023,2024-12-21,E3,web,alta,716.9,cerrado,0
SOP071-001024,2024-12-22,E1,web,baja,249.4,cerrado,0
SOP071-001025,2024-12-22,E2,telefono,normal,1727.6,cerrado,0
SOP071-001026,2024-12-22,E3,telefono,normal,310.3,cerrado,0
SOP071-001027,2024-12-23,E1,correo,normal,865.2,cerrado,0
SOP071-001028,2024-12-23,E2,correo,baja,,abierto,0
SOP071-001029,2024-12-23,E3,web,normal,,abierto,0
SOP071-001030,2024-12-24,E1,correo,alta,67.2,cerrado,0
SOP071-001031,2024-12-24,E2,telefono,normal,,abierto,0
SOP071-001032,2024-12-24,E3,telefono,normal,,abierto,0
SOP071-001033,2024-12-25,E1,web,alta,417.7,cerrado,0
SOP071-001034,2024-12-25,E2,correo,normal,1868.9,cerrado,0
SOP071-001035,2024-12-25,E3,web,alta,571.2,cerrado,0
SOP071-001036,2024-12-26,E1,web,normal,295.1,cerrado,0
SOP071-001037,2024-12-26,E2,telefono,baja,487.4,cerrado,0
SOP071-001038,2024-12-26,E3,web,normal,1309.7,cerrado,0
SOP071-001039,2024-12-27,E1,web,baja,570.0,cerrado,0
SOP071-001040,2024-12-27,E2,telefono,alta,154.4,cerrado,0
SOP071-001041,2024-12-28,E3,telefono,normal,4710.4,cerrado,0
SOP071-001042,2024-12-28,E1,correo,normal,,abierto,0
SOP071-001043,2024-12-28,E2,telefono,alta,467.9,cerrado,0
SOP071-001044,2024-12-29,E3,telefono,alta,735.1,cerrado,0
SOP071-001045,2024-12-29,E1,telefono,normal,228.5,cerrado,0
SOP071-001046,2024-12-29,E2,correo,normal,2042.5,cerrado,0
SOP071-001047,2024-12-30,E3,correo,alta,1093.0,cerrado,0
SOP071-001048,2024-12-30,E1,web,normal,,abierto,0
SOP071-001049,2024-12-30,E2,telefono,alta,,abierto,0
SOP071-001050,2024-12-31,E3,correo,normal,595.8,cerrado,0
SOP071-001051,2024-12-31,E1,web,alta,273.9,cerrado,0
SOP071-001052,2024-12-31,E2,web,normal,388.4,cerrado,0
SOP071-001053,2025-01-01,E3,correo,normal,340.9,cerrado,0
SOP071-001054,2025-01-01,E1,telefono,normal,582.5,cerrado,0
SOP071-001055,2025-01-01,E2,web,normal,4487.1,cerrado,1
SOP071-001056,2025-01-02,E3,telefono,normal,"232,5",cerrado,0
SOP071-001057,2025-01-02,E1,correo,alta,263.6,cerrado,0
SOP071-001058,2025-01-02,E2,correo,alta,,abierto,0
SOP071-001059,2025-01-03,E3,correo,alta,,abierto,0
SOP071-001060,2025-01-03,E1,web,normal,193.4,cerrado,0
SOP071-001061,2025-01-03,E2,telefono,normal,,abierto,0
SOP071-001062,2025-01-04,E3,telefono,baja,665.1,cerrado,0
SOP071-001063,2025-01-04,E1,correo,normal,204.1,cerrado,0
SOP071-001064,2025-01-05,E2,telefono,alta,4396.6,cerrado,1
SOP071-001065,2025-01-05,E3,telefono,normal,351.2,cerrado,0
SOP071-001066,2025-01-05,E1,telefono,normal,177.4,cerrado,0
SOP071-001067,2025-01-06,E2,web,normal,814.8,cerrado,0
SOP071-001068,2025-01-06,E3, CORREO ,normal,2212.2,cerrado,0
SOP071-001069,2025-01-06,E1,web,normal,1751.1,cerrado,0
SOP071-001070,2025-01-07,E2,correo,normal,4506.0,cerrado,1
SOP071-001071,2025-01-07,E3,correo,normal,,abierto,0
SOP071-001072,2025-01-07,E1,telefono,alta,,abierto,0
SOP071-001073,2025-01-08,E2,telefono,alta,250.3,cerrado,0
SOP071-001074,2025-01-08,E3,web,baja,986.4,cerrado,0
SOP071-001075,2025-01-08,E1,web,baja,392.2,cerrado,0
SOP071-001076,2025-01-09,E2,correo,normal,572.8,cerrado,0
SOP071-001077,2025-01-09,E3,correo,baja,,abierto,0
SOP071-001078,2025-01-09,E1,correo,baja,112.2,cerrado,0
SOP071-001079,2025-01-10,E2,telefono,baja,4876.2,cerrado,1
SOP071-001080,2025-01-10,E3,telefono,normal,,cerrado,0
SOP071-001081,2025-01-10,E1,web,normal,642.5,cerrado,0
SOP071-001082,2025-01-11,E2,telefono,alta,187.4,cerrado,0
SOP071-001083,2025-01-11,E3,web,alta,149.3,cerrado,0
SOP071-001084,2025-01-11,E1,correo,normal,342.3,cerrado,0
SOP071-001085,2025-01-12,E2,telefono,baja,4570.7,cerrado,1
SOP071-001086,2025-01-12,E3,telefono,baja,327.5,cerrado,0
SOP071-001087,2025-01-13,E1,telefono,alta,,abierto,0
SOP071-001088,2025-01-13,E2,telefono,baja,455.4,cerrado,0
SOP071-001089,2025-01-13,E3,correo,alta,6375.8,cerrado,1
SOP071-001090,2025-01-14,E1,web,normal,53.5,cerrado,0
SOP071-001091,2025-01-14,E2,web,normal,198.8,cerrado,0
SOP071-001092,2025-01-14,E3,correo,alta,394.2,cerrado,0
SOP071-001093,2025-01-15,E1,web,normal,5111.2,cerrado,1
SOP071-001094,2025-01-15,E2,telefono,baja,246.7,cerrado,0
SOP071-001095,2025-01-15,E3,web,baja,1340.7,cerrado,0
SOP071-001096,2025-01-16,E1,web,normal,2328.2,cerrado,0
SOP071-001097,2025-01-16,E2,telefono,normal,573.6,cerrado,0
SOP071-001098,2025-01-16,E3,telefono,normal,493.2,cerrado,0
SOP071-001099,2025-01-17,E1,correo,alta,202.1,cerrado,0
SOP071-001100,2025-01-17,E2,telefono,normal,574.7,cerrado,0
SOP071-001101,2025-01-17,E3,correo,normal,474.8,cerrado,0
SOP071-001102,2025-01-18,E1,correo,normal,288.4,cerrado,0
SOP071-001103,2025-01-18,E2,correo,baja,509.2,cerrado,0
SOP071-001104,2025-01-18,E3,correo,alta,1162.2,cerrado,0
SOP071-001105,2025-01-19,E1,telefono,normal,338.0,cerrado,0
SOP071-001106,2025-01-19,E2,web,baja,1125.1,cerrado,0
SOP071-001107,2025-01-19,E3,telefono,normal,,abierto,0
SOP071-001108,2025-01-20,E1,correo,baja,645.2,cerrado,0
SOP071-001109,2025-01-20,E2,telefono,baja,563.4,cerrado,0
SOP071-001110,2025-01-21,E3,telefono,normal,237.9,cerrado,0
SOP071-001111,2025-01-21,E1,telefono,baja,,abierto,0
SOP071-001112,2025-01-21,E2,telefono,baja,599.1,cerrado,0
SOP071-001113,2025-01-22,E3,web,normal,373.0,cerrado,0
SOP071-001114,2025-01-22,E1,web,normal,125.5,cerrado,0
SOP071-001115,2025-01-22,E2,correo,baja,990.2,cerrado,0
SOP071-001116,2025-01-23,E3,telefono,alta,,abierto,0
SOP071-001117,2025-01-23,E1,web,alta,466.6,cerrado,0
SOP071-001118,2025-01-23,E2,web,normal,5039.7,cerrado,1
SOP071-001119,2025-01-24,E3,correo,alta,,abierto,0
SOP071-001120,2025-01-24,E1,correo,normal,232.7,cerrado,0
SOP071-001121,2025-01-24,E2,correo,normal,784.5,cerrado,0
SOP071-001122,2025-01-25,E3,telefono,baja,4768.0,cerrado,1
SOP071-001123,2025-01-25,E1,web,normal,163.5,cerrado,0
SOP071-001124,2025-01-25,E2,correo,normal,479.9,cerrado,0
SOP071-001125,2025-01-26,E3,correo,normal,900.3,cerrado,0
SOP071-001126,2025-01-26,E1,correo,alta,230.0,cerrado,0
SOP071-001127,2025-01-26,E2,web,normal,1170.1,cerrado,0
SOP071-001128,2025-01-27,E3,web,baja,751.3,cerrado,0
SOP071-001129,2025-01-27,E1,correo,baja,1484.9,cerrado,0
SOP071-001130,2025-01-27,E2,correo,baja,5117.0,cerrado,1
SOP071-001131,2025-01-28,E3,telefono,baja,387.8,cerrado,0
SOP071-001132,2025-01-28,E1,correo,normal,512.3,cerrado,0
SOP071-001133,2025-01-29,E2,telefono,normal,329.4,cerrado,0
SOP071-001134,2025-01-29,E3,correo,normal,538.5,cerrado,0
SOP071-001135,2025-01-29,E1,telefono,alta,4608.9,cerrado,1
SOP071-001136,2025-01-30,E2,telefono,normal,1293.5,cerrado,0
SOP071-001137,2025-01-30,E3,web,alta,2147.5,cerrado,0
SOP071-001138,2025-01-30,E1,web,normal,,abierto,0
SOP071-001139,2025-01-31,E2,correo,baja,726.3,cerrado,0
SOP071-001140,2025-01-31,E3,telefono,normal,1396.5,cerrado,0
SOP071-001141,2025-01-31,E1,telefono,alta,390.7,cerrado,0
SOP071-001142,2025-02-01,E2,web,baja,,abierto,0
SOP071-001143,2025-02-01,E3,web,baja,554.2,cerrado,0
SOP071-001144,2025-02-01,E1,correo,alta,140.0,cerrado,0
SOP071-001145,2025-02-02,E2,web,alta,326.3,cerrado,0
SOP071-001146,2025-02-02,E3,correo,normal,375.0,cerrado,0
SOP071-001147,2025-02-02,E1,telefono,normal,492.3,cerrado,0
SOP071-001148,2025-02-03,E2,telefono,alta,262.1,cerrado,0
SOP071-001149,2025-02-03,E3,telefono,normal,1218.9,cerrado,0
SOP071-001150,2025-02-03,E1,web,alta,443.3,cerrado,0
SOP071-001151,2025-02-04,E2,telefono,normal,448.4,cerrado,0
SOP071-001152,2025-02-04,E3,correo,normal,,abierto,0
SOP071-001153,2025-02-05,E1,correo,alta,827.5,cerrado,0
SOP071-001154,2025-02-05,E2,web,alta,217.5,cerrado,0
SOP071-001155,2025-02-05,E3,web,normal,,abierto,0
SOP071-001156,2025-02-06,E1,telefono,baja,193.0,cerrado,0
SOP071-001157,2025-02-06,E2,correo,normal,2299.3,cerrado,0
SOP071-001158,2025-02-06,E3,web,normal,3310.5,cerrado,0
SOP071-001159,2025-02-07,E1,telefono,baja,556.4,cerrado,0
SOP071-001160,2025-02-07,E2,web,alta,591.6,cerrado,0
SOP071-001161,2025-02-07,E3,correo,normal,,abierto,0
SOP071-001162,2025-02-08,E1,web,alta,,abierto,0
SOP071-001163,2025-02-08,E2,web,baja,,cerrado,0
SOP071-001164,2025-02-08,E3,telefono,normal,5126.8,cerrado,1
SOP071-001165,2025-02-09,E1, WEB ,normal,139.6,cerrado,0
SOP071-001166,2025-02-09,E2,telefono,alta,2231.5,cerrado,0
SOP071-001167,2025-02-09,E3,correo,normal,809.9,cerrado,0
SOP071-001168,2025-02-10,E1,web,baja,416.4,cerrado,0
SOP071-001169,2025-02-10,E2,telefono,alta,113.1,cerrado,0
SOP071-001170,2025-02-10,E3,web,baja,536.2,cerrado,0
SOP071-001171,2025-02-11,E1,telefono,normal,404.7,cerrado,0
SOP071-001172,2025-02-11,E2,telefono,baja,,abierto,0
SOP071-001173,2025-02-11,E3,telefono,normal,481.6,cerrado,0
SOP071-001174,2025-02-12,E1,correo,normal,,abierto,0
SOP071-001175,2025-02-12,E2,correo,normal,654.4,cerrado,0
SOP071-001176,2025-02-13,E3,web,normal,166.0,cerrado,0
SOP071-001177,2025-02-13,E1,web,normal,,abierto,0
SOP071-001178,2025-02-13,E2,web,baja,,abierto,0
SOP071-001179,2025-02-14,E3,correo,normal,,abierto,0
SOP071-001180,2025-02-14,E1,web,alta,549.6,cerrado,0
SOP071-001181,2025-02-14,E2,correo,baja,759.3,cerrado,0
SOP071-001182,2025-02-15,E3,correo,alta,453.9,cerrado,0
SOP071-001183,2025-02-15,E1,correo,normal,924.8,cerrado,0
SOP071-001184,2025-02-15,E2,correo,normal,244.3,cerrado,0
SOP071-001185,2025-02-16,E3,web,alta,720.1,cerrado,0
SOP071-001186,2025-02-16,E1,web,baja,,abierto,0
SOP071-001187,2025-02-16,E2,web,normal,569.6,cerrado,0
SOP071-001188,2025-02-17,E3,web,normal,979.0,cerrado,0
SOP071-001189,2025-02-17,E1,correo,normal,307.4,cerrado,0
SOP071-001190,2025-02-17,E2,telefono,normal,369.4,cerrado,0
SOP071-001191,2025-02-18,E3,correo,alta,1137.9,cerrado,0
SOP071-001192,2025-02-18,E1,correo,baja,808.6,cerrado,0
SOP071-001193,2025-02-18,E2,web,alta,,abierto,0
SOP071-001194,2025-02-19,E3,telefono,alta,,abierto,0
SOP071-001195,2025-02-19,E1,telefono,normal,1010.2,cerrado,0
SOP071-001196,2025-02-19,E2,web,baja,596.1,cerrado,0
SOP071-001197,2025-02-20,E3,web,alta,921.2,cerrado,0
SOP071-001198,2025-02-20,E1,web,normal,301.0,cerrado,0
SOP071-001199,2025-02-21,E2,telefono,alta,199.0,cerrado,0
SOP071-001200,2025-02-21,E3,correo,normal,1054.3,cerrado,0
SOP071-001201,2025-02-21,E1,correo,normal,492.9,cerrado,0
SOP071-001202,2025-02-22,E2,correo,alta,482.0,cerrado,0
SOP071-001203,2025-02-22,E3,correo,normal,,abierto,0
SOP071-001204,2025-02-22,E1,telefono,normal,431.7,cerrado,0
SOP071-001205,2025-02-23,E2,telefono,baja,2890.0,cerrado,0
SOP071-001206,2025-02-23,E3,correo,baja,342.4,cerrado,0
SOP071-001207,2025-02-23,E1,correo,alta,343.2,cerrado,0
SOP071-001208,2025-02-24,E2,telefono,alta,672.4,cerrado,0
SOP071-001209,2025-02-24,E3,correo,alta,894.4,cerrado,0
SOP071-001210,2025-02-24,E1,web,normal,63.4,cerrado,0
SOP071-001211,2025-02-25,E2,web,baja,655.9,cerrado,0
SOP071-001212,2025-02-25,E3,telefono,normal,5030.6,cerrado,1
SOP071-001213,2025-02-25,E1,web,normal,4646.9,cerrado,1
SOP071-001214,2025-02-26,E2,correo,alta,952.7,cerrado,0
SOP071-001215,2025-02-26,E3,telefono,normal,,abierto,0
SOP071-001216,2025-02-26,E1,telefono,baja,764.5,cerrado,0
SOP071-001217,2025-02-27,E2,correo,baja,154.7,cerrado,0
SOP071-001218,2025-02-27,E3,correo,alta,544.9,cerrado,0
SOP071-001219,2025-02-27,E1,telefono,normal,458.9,cerrado,0
SOP071-001220,2025-02-28,E2,telefono,normal,1443.2,cerrado,0
SOP071-001221,2025-02-28,E3,telefono,normal,169.0,cerrado,0
SOP071-001222,2025-03-01,E1,correo,baja,913.3,cerrado,0
SOP071-001223,2025-03-01,E2,telefono,normal,566.6,cerrado,0
SOP071-001224,2025-03-01,E3,correo,normal,5117.2,cerrado,1
SOP071-001225,2025-03-02,E1,web,alta,707.2,cerrado,0
SOP071-001226,2025-03-02,E2,correo,baja,348.6,cerrado,0
SOP071-001227,2025-03-02,E3,telefono,baja,224.1,cerrado,0
SOP071-001228,2025-03-03,E1,correo,alta,1303.0,cerrado,0
SOP071-001229,2025-03-03,E2,correo,baja,249.8,cerrado,0
SOP071-001230,2025-03-03,E3,correo,alta,1714.9,cerrado,0
SOP071-001231,2025-03-04,E1,telefono,normal,211.2,cerrado,0
SOP071-001232,2025-03-04,E2,correo,alta,99.7,cerrado,0
SOP071-001233,2025-03-04,E3,telefono,normal,167.3,cerrado,0
SOP071-001234,2025-03-05,E1,telefono,baja,129.8,cerrado,0
SOP071-001235,2025-03-05,E2,web,normal,236.4,cerrado,0
SOP071-001236,2025-03-05,E3,web,alta,,abierto,0
SOP071-001237,2025-03-06,E1,correo,normal,247.0,cerrado,0
SOP071-001238,2025-03-06,E2,web,alta,614.1,cerrado,0
SOP071-001239,2025-03-06,E3,telefono,normal,2797.0,cerrado,0
SOP071-001240,2025-03-07,E1,telefono,normal,215.5,cerrado,0
SOP071-001241,2025-03-07,E2,telefono,alta,219.3,cerrado,0
SOP071-001242,2025-03-07,E3,web,alta,251.4,cerrado,0
SOP071-001243,2025-03-08,E1,correo,alta,,abierto,0
SOP071-001244,2025-03-08,E2,telefono,alta,996.1,cerrado,0
SOP071-001245,2025-03-09,E3,telefono,normal,5002.0,cerrado,1
SOP071-001246,2025-03-09,E1,web,baja,,cerrado,0
SOP071-001247,2025-03-09,E2,telefono,baja,373.0,cerrado,0
SOP071-001248,2025-03-10,E3,web,normal,441.7,cerrado,0
SOP071-001249,2025-03-10,E1,web,alta,5047.6,cerrado,1
SOP071-001250,2025-03-10,E2,web,normal,1037.6,cerrado,0
SOP071-001251,2025-03-11,E3,web,baja,5440.8,cerrado,1
SOP071-001252,2025-03-11,E1,telefono,normal,790.9,cerrado,0
SOP071-001253,2025-03-11,E2,correo,baja,,abierto,0
SOP071-001254,2025-03-12,E3,correo,alta,,abierto,0
SOP071-001255,2025-03-12,E1,telefono,baja,1120.7,cerrado,0
SOP071-001256,2025-03-12,E2,web,normal,873.2,cerrado,0
SOP071-001257,2025-03-13,E3,correo,alta,1471.3,cerrado,0
SOP071-001258,2025-03-13,E1,web,normal,125.2,cerrado,0
SOP071-001259,2025-03-13,E2,telefono,baja,290.5,cerrado,0
SOP071-001260,2025-03-14,E3,telefono,normal,4476.2,cerrado,1
SOP071-001261,2025-03-14,E1,telefono,normal,82.4,cerrado,0
SOP071-001262,2025-03-14,E2, CORREO ,alta,505.1,cerrado,0
SOP071-001263,2025-03-15,E3,telefono,baja,,abierto,0
SOP071-001264,2025-03-15,E1,web,alta,94.1,cerrado,0
SOP071-001265,2025-03-15,E2,web,normal,,abierto,0
SOP071-001266,2025-03-16,E3,correo,alta,1139.3,cerrado,0
SOP071-001267,2025-03-16,E1,correo,alta,"762,6",cerrado,0
SOP071-001268,2025-03-17,E2,telefono,alta,389.0,cerrado,0
SOP071-001269,2025-03-17,E3,telefono,baja,212.7,cerrado,0
SOP071-001270,2025-03-17,E1,telefono,normal,,abierto,0
SOP071-001271,2025-03-18,E2,correo,normal,691.0,cerrado,0
SOP071-001272,2025-03-18,E3,correo,normal,,abierto,0
SOP071-001273,2025-03-18,E1,telefono,alta,2029.3,cerrado,0
SOP071-001274,2025-03-19,E2,telefono,normal,1344.8,cerrado,0
SOP071-001275,2025-03-19,E3,correo,alta,526.1,cerrado,0
SOP071-001276,2025-03-19,E1,telefono,normal,,abierto,0
SOP071-001277,2025-03-20,E2,web,normal,1875.1,cerrado,0
SOP071-001278,2025-03-20,E3,correo,normal,9668.5,cerrado,0
SOP071-001279,2025-03-20,E1,web,normal,,abierto,0
SOP071-001280,2025-03-21,E2,web,baja,4842.7,cerrado,1
SOP071-001281,2025-03-21,E3,web,normal,,abierto,0
SOP071-001282,2025-03-21,E1,web,baja,1059.2,cerrado,0
SOP071-001283,2025-03-22,E2,telefono,alta,,abierto,0
SOP071-001284,2025-03-22,E3,correo,alta,310.0,cerrado,0
SOP071-001285,2025-03-22,E1,web,normal,520.8,cerrado,0
SOP071-001286,2025-03-23,E2,web,baja,387.8,cerrado,0
SOP071-001287,2025-03-23,E3,web,alta,432.2,cerrado,0
SOP071-001288,2025-03-23,E1,web,normal,47.5,cerrado,0
SOP071-001289,2025-03-24,E2,telefono,normal,,abierto,0
SOP071-001290,2025-03-24,E3,telefono,normal,251.2,cerrado,0
SOP071-001291,2025-03-25,E1,correo,alta,636.6,cerrado,0
SOP071-001292,2025-03-25,E2,telefono,baja,,abierto,0
SOP071-001293,2025-03-25,E3,correo,normal,1123.7,cerrado,0
SOP071-001294,2025-03-26,E1,web,normal,,abierto,0
SOP071-001295,2025-03-26,E2,telefono,normal,5220.3,cerrado,1
SOP071-001296,2025-03-26,E3,correo,normal,931.1,cerrado,0
SOP071-001297,2025-03-27,E1,telefono,normal,299.5,cerrado,0
SOP071-001298,2025-03-27,E2,correo,normal,4578.0,cerrado,1
SOP071-001299,2025-03-27,E3,telefono,normal,1121.3,cerrado,0
SOP071-001300,2025-03-28,E1,web,normal,598.6,cerrado,0
SOP071-001301,2025-03-28,E2,correo,normal,224.2,cerrado,0
SOP071-001302,2025-03-28,E3,telefono,normal,783.5,cerrado,0
SOP071-001303,2025-03-29,E1,telefono,normal,221.1,cerrado,0
SOP071-001304,2025-03-29,E2,web,normal,4764.4,cerrado,1
SOP071-001305,2025-03-29,E3,telefono,normal,644.6,cerrado,0
SOP071-001306,2025-03-30,E1,telefono,alta,390.8,cerrado,0
SOP071-001307,2025-03-30,E2,web,baja,384.9,cerrado,0
SOP071-001308,2025-03-30,E3,telefono,normal,1555.2,cerrado,0
SOP071-001309,2025-03-31,E1,web,alta,255.4,cerrado,0
SOP071-001310,2025-03-31,E2,correo,alta,,abierto,0
SOP071-001311,2025-04-01,E3,correo,normal,,abierto,0
SOP071-001312,2025-04-01,E1,web,normal,887.9,cerrado,0
SOP071-001313,2025-04-01,E2,telefono,normal,559.7,cerrado,0
SOP071-001314,2025-04-02,E3,correo,alta,584.7,cerrado,0
SOP071-001315,2025-04-02,E1,web,alta,,abierto,0
SOP071-001316,2025-04-02,E2,correo,normal,434.7,cerrado,0
SOP071-001317,2025-04-03,E3,correo,baja,5242.7,cerrado,1
SOP071-001318,2025-04-03,E1,telefono,normal,1926.2,cerrado,0
SOP071-001319,2025-04-03,E2,web,alta,,abierto,0
SOP071-001320,2025-04-04,E3,web,alta,1291.9,cerrado,0
SOP071-001321,2025-04-04,E1,correo,alta,686.9,cerrado,0
SOP071-001322,2025-04-04,E2,correo,alta,398.7,cerrado,0
SOP071-001323,2025-04-05,E3,telefono,normal,,abierto,0
SOP071-001324,2025-04-05,E1,telefono,normal,576.6,cerrado,0
SOP071-001325,2025-04-05,E2,correo,normal,163.8,cerrado,0
SOP071-001326,2025-04-06,E3,telefono,normal,787.1,cerrado,0
SOP071-001327,2025-04-06,E1,correo,normal,622.7,cerrado,0
SOP071-001328,2025-04-06,E2,telefono,alta,324.4,cerrado,0
SOP071-001329,2025-04-07,E3,telefono,normal,,abierto,0
SOP071-001330,2025-04-07,E1,telefono,baja,121.4,cerrado,0
SOP071-001331,2025-04-07,E2,telefono,baja,3080.6,cerrado,0
SOP071-001332,2025-04-08,E3,correo,alta,214.1,cerrado,0
SOP071-001333,2025-04-08,E1,web,baja,1726.7,cerrado,0
SOP071-001334,2025-04-09,E2,web,normal,753.2,cerrado,0
SOP071-001335,2025-04-09,E3,web,normal,1285.2,cerrado,0
SOP071-001336,2025-04-09,E1,telefono,normal,205.1,cerrado,0
SOP071-001337,2025-04-10,E2,web,normal,,abierto,0
SOP071-001338,2025-04-10,E3,web,normal,591.4,cerrado,0
SOP071-001339,2025-04-10,E1,telefono,normal,188.2,cerrado,0
SOP071-001340,2025-04-11,E2,correo,normal,,abierto,0
SOP071-001341,2025-04-11,E3,correo,normal,329.9,cerrado,0
SOP071-001342,2025-04-11,E1,web,normal,390.6,cerrado,0
SOP071-001343,2025-04-12,E2,correo,alta,434.4,cerrado,0
SOP071-001344,2025-04-12,E3,web,baja,,abierto,0
SOP071-001345,2025-04-12,E1,correo,normal,4418.1,cerrado,1
SOP071-001346,2025-04-13,E2,web,normal,1527.5,cerrado,0
SOP071-001347,2025-04-13,E3,web,alta,759.3,cerrado,0
SOP071-001348,2025-04-13,E1,correo,normal,,abierto,0
SOP071-001349,2025-04-14,E2,telefono,normal,432.5,cerrado,0
SOP071-001350,2025-04-14,E3,web,baja,4628.9,cerrado,1
SOP071-001351,2025-04-14,E1,correo,alta,275.2,cerrado,0
SOP071-001352,2025-04-15,E2,correo,normal,514.3,cerrado,0
SOP071-001353,2025-04-15,E3,telefono,alta,,abierto,0
SOP071-001354,2025-04-15,E1,correo,normal,615.9,cerrado,0
SOP071-001355,2025-04-16,E2,web,normal,4852.9,cerrado,1
SOP071-001356,2025-04-16,E3,web,baja,137.5,cerrado,0
SOP071-001357,2025-04-17,E1,correo,normal,233.4,cerrado,0
SOP071-001358,2025-04-17,E2,telefono,normal,337.4,cerrado,0
SOP071-001359,2025-04-17,E3, CORREO ,alta,441.2,cerrado,0
SOP071-001360,2025-04-18,E1,telefono,alta,231.1,cerrado,0
SOP071-001361,2025-04-18,E2,correo,normal,282.3,cerrado,0
SOP071-001362,2025-04-18,E3,telefono,normal,957.4,cerrado,0
SOP071-001363,2025-04-19,E1,web,baja,6106.0,cerrado,1
SOP071-001364,2025-04-19,E2,correo,alta,4653.1,cerrado,1
SOP071-001365,2025-04-19,E3,telefono,alta,898.5,cerrado,0
SOP071-001366,2025-04-20,E1,web,normal,903.2,cerrado,0
SOP071-001367,2025-04-20,E2,correo,baja,468.1,cerrado,0
SOP071-001368,2025-04-20,E3,telefono,baja,547.1,cerrado,0
SOP071-001369,2025-04-21,E1,telefono,normal,739.1,cerrado,0
SOP071-001370,2025-04-21,E2,web,normal,380.5,cerrado,0
SOP071-001371,2025-04-21,E3,telefono,baja,2678.3,cerrado,0
SOP071-001372,2025-04-22,E1,correo,normal,911.5,cerrado,0
SOP071-001373,2025-04-22,E2,correo,alta,222.8,cerrado,0
SOP071-001374,2025-04-22,E3,correo,alta,152.0,cerrado,0
SOP071-001375,2025-04-23,E1,telefono,baja,479.4,cerrado,0
SOP071-001376,2025-04-23,E2,correo,normal,1196.3,cerrado,0
SOP071-001377,2025-04-23,E3,telefono,alta,1015.6,cerrado,0
SOP071-001378,2025-04-24,E1,correo,alta,,abierto,0
SOP071-001379,2025-04-24,E2,web,alta,168.9,cerrado,0
SOP071-001380,2025-04-25,E3,telefono,alta,1195.5,cerrado,0
SOP071-001381,2025-04-25,E1,web,alta,272.1,cerrado,0
SOP071-001382,2025-04-25,E2,telefono,normal,135.6,cerrado,0
SOP071-001383,2025-04-26,E3,web,baja,705.1,cerrado,0
SOP071-001384,2025-04-26,E1,telefono,normal,553.4,cerrado,0
SOP071-001385,2025-04-26,E2,web,normal,1655.2,cerrado,0
SOP071-001386,2025-04-27,E3,telefono,normal,1127.7,cerrado,0
SOP071-001387,2025-04-27,E1,correo,baja,187.0,cerrado,0
SOP071-001388,2025-04-27,E2,telefono,normal,,abierto,0
SOP071-001389,2025-04-28,E3,telefono,normal,,abierto,0
SOP071-001390,2025-04-28,E1,telefono,baja,1513.8,cerrado,0
SOP071-001391,2025-04-28,E2,web,baja,,abierto,0
SOP071-001392,2025-04-29,E3,correo,baja,672.2,cerrado,0
SOP071-001393,2025-04-29,E1,telefono,normal,,abierto,0
SOP071-001394,2025-04-29,E2,correo,normal,4550.5,cerrado,1
SOP071-001395,2025-04-30,E3,web,baja,968.1,cerrado,0
SOP071-001396,2025-04-30,E1,telefono,normal,,abierto,0
SOP071-001397,2025-04-30,E2,web,normal,470.6,cerrado,0
SOP071-001398,2025-05-01,E3,telefono,normal,399.6,cerrado,0
SOP071-001399,2025-05-01,E1,telefono,normal,125.8,cerrado,0
SOP071-001400,2025-05-01,E2,web,alta,,abierto,0
SOP071-001401,2025-05-02,E3,correo,normal,,abierto,0
SOP071-001402,2025-05-02,E1,telefono,baja,776.2,cerrado,0
SOP071-001403,2025-05-03,E2,web,normal,4976.3,cerrado,1
SOP071-001404,2025-05-03,E3,telefono,normal,5083.3,cerrado,1
SOP071-001405,2025-05-03,E1,telefono,normal,,abierto,0
SOP071-001406,2025-05-04,E2,web,normal,2004.8,cerrado,0
SOP071-001407,2025-05-04,E3,telefono,alta,2098.1,cerrado,0
SOP071-001408,2025-05-04,E1,correo,alta,75.3,cerrado,0
SOP071-001409,2025-05-05,E2,web,normal,410.1,cerrado,0
SOP071-001410,2025-05-05,E3,telefono,normal,167.9,cerrado,0
SOP071-001411,2025-05-05,E1,correo,normal,332.7,cerrado,0
SOP071-001412,2025-05-06,E2,correo,normal,,abierto,0
SOP071-001413,2025-05-06,E3,telefono,alta,5151.3,cerrado,1
SOP071-001414,2025-05-06,E1,web,alta,363.9,cerrado,0
SOP071-001415,2025-05-07,E2,web,baja,354.9,cerrado,0
SOP071-001416,2025-05-07,E3,correo,alta,355.2,cerrado,0
SOP071-001417,2025-05-07,E1,telefono,normal,123.3,cerrado,0
SOP071-001418,2025-05-08,E2,web,alta,178.5,cerrado,0
SOP071-001419,2025-05-08,E3,correo,alta,1187.0,cerrado,0
SOP071-001420,2025-05-08,E1,web,baja,546.6,cerrado,0
SOP071-001421,2025-05-09,E2,web,alta,534.3,cerrado,0
SOP071-001422,2025-05-09,E3,web,baja,1064.4,cerrado,0
SOP071-001423,2025-05-09,E1,web,baja,,abierto,0
SOP071-001424,2025-05-10,E2,telefono,normal,285.9,cerrado,0
SOP071-001425,2025-05-10,E3,web,normal,1265.3,cerrado,0
SOP071-001426,2025-05-11,E1,correo,normal,110.3,cerrado,0
SOP071-001427,2025-05-11,E2,telefono,normal,417.7,cerrado,0
SOP071-001428,2025-05-11,E3,web,normal,238.5,cerrado,0
SOP071-001429,2025-05-12,E1,web,normal,693.0,cerrado,0
SOP071-001430,2025-05-12,E2,correo,normal,1262.3,cerrado,0
SOP071-001431,2025-05-12,E3,telefono,baja,,abierto,0
SOP071-001432,2025-05-13,E1,web,normal,430.5,cerrado,0
SOP071-001433,2025-05-13,E2,telefono,normal,,abierto,0
SOP071-001434,2025-05-13,E3,correo,normal,,abierto,0
SOP071-001435,2025-05-14,E1,web,normal,4997.9,cerrado,1
SOP071-001436,2025-05-14,E2,telefono,alta,112.8,cerrado,0
SOP071-001437,2025-05-14,E3,web,baja,242.5,cerrado,0
SOP071-001438,2025-05-15,E1,web,baja,473.7,cerrado,0
SOP071-001439,2025-05-15,E2,telefono,alta,1213.8,cerrado,0
SOP071-001440,2025-05-15,E3,telefono,baja,600.0,cerrado,0
SOP071-001441,2025-05-16,E1,telefono,normal,384.3,cerrado,0
SOP071-001442,2025-05-16,E2,web,baja,93.7,cerrado,0
SOP071-001443,2025-05-16,E3,telefono,baja,2031.2,cerrado,0
SOP071-001444,2025-05-17,E1,correo,alta,184.0,cerrado,0
SOP071-001445,2025-05-17,E2,telefono,baja,578.2,cerrado,0
SOP071-001446,2025-05-17,E3,telefono,alta,5021.9,cerrado,1
SOP071-001447,2025-05-18,E1,correo,normal,,abierto,0
SOP071-001448,2025-05-18,E2,web,alta,5218.1,cerrado,1
SOP071-001449,2025-05-19,E3,correo,normal,477.9,cerrado,0
SOP071-001450,2025-05-19,E1,telefono,baja,,abierto,0
SOP071-001451,2025-05-19,E2,telefono,normal,217.5,cerrado,0
SOP071-001452,2025-05-20,E3,web,normal,1845.5,cerrado,0
SOP071-001453,2025-05-20,E1,web,baja,964.8,cerrado,0
SOP071-001454,2025-05-20,E2,web,alta,549.0,cerrado,0
SOP071-001455,2025-05-21,E3,telefono,normal,4513.4,cerrado,1
SOP071-001456,2025-05-21,E1, TELEFONO ,alta,4599.2,cerrado,1
SOP071-001457,2025-05-21,E2,web,normal,791.8,cerrado,0
SOP071-001458,2025-05-22,E3,web,baja,,abierto,0
SOP071-001459,2025-05-22,E1,telefono,baja,463.4,cerrado,0
SOP071-001460,2025-05-22,E2,correo,normal,209.1,cerrado,0
SOP071-001461,2025-05-23,E3,telefono,alta,2698.3,cerrado,0
SOP071-001462,2025-05-23,E1,correo,normal,575.8,cerrado,0
SOP071-001463,2025-05-23,E2,web,normal,,abierto,0
SOP071-001464,2025-05-24,E3,web,normal,904.2,cerrado,0
SOP071-001465,2025-05-24,E1,telefono,normal,207.2,cerrado,0
SOP071-001466,2025-05-24,E2,telefono,alta,664.0,cerrado,0
SOP071-001467,2025-05-25,E3,correo,normal,919.4,cerrado,0
SOP071-001468,2025-05-25,E1,web,normal,407.9,cerrado,0
SOP071-001469,2025-05-26,E2,correo,normal,486.9,cerrado,0
SOP071-001470,2025-05-26,E3,telefono,normal,1427.0,cerrado,0
SOP071-001471,2025-05-26,E1,web,baja,823.7,cerrado,0
SOP071-001472,2025-05-27,E2,correo,alta,589.3,cerrado,0
SOP071-001473,2025-05-27,E3,telefono,normal,335.5,cerrado,0
SOP071-001474,2025-05-27,E1,web,normal,,abierto,0
SOP071-001475,2025-05-28,E2,web,normal,606.6,cerrado,0
SOP071-001476,2025-05-28,E3,correo,baja,,abierto,0
SOP071-001477,2025-05-28,E1,web,alta,83.3,cerrado,0
SOP071-001478,2025-05-29,E2,correo,normal,"5122,1",cerrado,1
SOP071-001479,2025-05-29,E3,web,alta,2751.0,cerrado,0
SOP071-001480,2025-05-29,E1,telefono,normal,667.2,cerrado,0
SOP071-001481,2025-05-30,E2,correo,alta,4651.7,cerrado,1
SOP071-001482,2025-05-30,E3,web,alta,,abierto,0
SOP071-001483,2025-05-30,E1,correo,alta,837.5,cerrado,0
SOP071-001484,2025-05-31,E2,correo,normal,,abierto,0
SOP071-001485,2025-05-31,E3,web,baja,506.2,cerrado,0
SOP071-001486,2025-05-31,E1,correo,normal,426.7,cerrado,0
SOP071-001487,2025-06-01,E2,correo,alta,1098.2,cerrado,0
SOP071-001488,2025-06-01,E3,telefono,normal,662.1,cerrado,0
SOP071-001489,2025-06-01,E1,correo,normal,,abierto,0
SOP071-001490,2025-06-02,E2,correo,baja,200.8,cerrado,0
SOP071-001491,2025-06-02,E3,correo,alta,825.2,cerrado,0
SOP071-001492,2025-06-03,E1,correo,normal,5036.9,cerrado,1
SOP071-001493,2025-06-03,E2,telefono,normal,172.8,cerrado,0
SOP071-001494,2025-06-03,E3,telefono,normal,442.6,cerrado,0
SOP071-001495,2025-06-04,E1,web,alta,,abierto,0
SOP071-001496,2025-06-04,E2,web,normal,4888.8,cerrado,1
SOP071-001497,2025-06-04,E3,correo,alta,3015.7,cerrado,0
SOP071-001498,2025-06-05,E1,correo,alta,5177.7,cerrado,1
SOP071-001499,2025-06-05,E2,web,normal,380.2,cerrado,0
SOP071-001500,2025-06-05,E3,telefono,alta,285.0,cerrado,0
SOP071-001501,2025-06-06,E1,correo,normal,479.3,cerrado,0
SOP071-001502,2025-06-06,E2,web,normal,465.8,cerrado,0
SOP071-001503,2025-06-06,E3,telefono,normal,255.2,cerrado,0
SOP071-001504,2025-06-07,E1,correo,normal,224.0,cerrado,0
SOP071-001505,2025-06-07,E2,telefono,baja,487.3,cerrado,0
SOP071-001506,2025-06-07,E3,telefono,baja,222.3,cerrado,0
SOP071-001507,2025-06-08,E1,telefono,alta,3215.8,cerrado,0
SOP071-001508,2025-06-08,E2,web,alta,544.7,cerrado,0
SOP071-001509,2025-06-08,E3,web,normal,202.7,cerrado,0
SOP071-001510,2025-06-09,E1,web,baja,4504.0,cerrado,1
SOP071-001511,2025-06-09,E2,correo,normal,595.8,cerrado,0
SOP071-001512,2025-06-09,E3,correo,alta,297.9,cerrado,0
SOP071-001513,2025-06-10,E1,web,baja,455.0,cerrado,0
SOP071-001514,2025-06-10,E2,web,normal,777.6,cerrado,0
SOP071-001515,2025-06-11,E3,web,alta,,abierto,0
SOP071-001516,2025-06-11,E1,web,baja,5801.7,cerrado,1
SOP071-001517,2025-06-11,E2,correo,normal,,abierto,0
SOP071-001518,2025-06-12,E3,correo,baja,382.0,cerrado,0
SOP071-001519,2025-06-12,E1,web,alta,513.7,cerrado,0
SOP071-001520,2025-06-12,E2,telefono,normal,582.0,cerrado,0
SOP071-001521,2025-06-13,E3,correo,normal,552.0,cerrado,0
SOP071-001522,2025-06-13,E1,web,alta,739.5,cerrado,0
SOP071-001523,2025-06-13,E2,telefono,normal,,abierto,0
SOP071-001524,2025-06-14,E3,web,normal,5246.2,cerrado,1
SOP071-001525,2025-06-14,E1,telefono,normal,526.6,cerrado,0
SOP071-001526,2025-06-14,E2,correo,baja,754.9,cerrado,0
SOP071-001527,2025-06-15,E3,web,baja,140.2,cerrado,0
SOP071-001528,2025-06-15,E1,telefono,baja,890.2,cerrado,0
SOP071-001529,2025-06-15,E2,telefono,normal,403.5,cerrado,0
SOP071-001530,2025-06-16,E3,correo,normal,812.8,cerrado,0
SOP071-001531,2025-06-16,E1,telefono,alta,999.2,cerrado,0
SOP071-001532,2025-06-16,E2,web,normal,201.5,cerrado,0
SOP071-001533,2025-06-17,E3,correo,normal,726.0,cerrado,0
SOP071-001534,2025-06-17,E1,telefono,normal,1215.5,cerrado,0
SOP071-001535,2025-06-17,E2,telefono,baja,,abierto,0
SOP071-001536,2025-06-18,E3,correo,normal,598.7,cerrado,0
SOP071-001537,2025-06-18,E1,correo,baja,349.2,cerrado,0
SOP071-001538,2025-06-19,E2,correo,baja,625.5,cerrado,0
SOP071-001539,2025-06-19,E3,telefono,normal,4523.5,cerrado,1
SOP071-001540,2025-06-19,E1,web,alta,,abierto,0
SOP071-001541,2025-06-20,E2,web,normal,315.6,cerrado,0
SOP071-001542,2025-06-20,E3,correo,baja,611.4,cerrado,0
SOP071-001543,2025-06-20,E1,web,alta,265.3,cerrado,0
SOP071-001544,2025-06-21,E2,correo,baja,500.4,cerrado,0
SOP071-001545,2025-06-21,E3,correo,normal,222.3,cerrado,0
SOP071-001546,2025-06-21,E1,correo,normal,1232.6,cerrado,0
SOP071-001547,2025-06-22,E2,telefono,baja,55.7,cerrado,0
SOP071-001548,2025-06-22,E3,telefono,alta,770.1,cerrado,0
SOP071-001549,2025-06-22,E1,telefono,normal,527.3,cerrado,0
SOP071-001550,2025-06-23,E2,web,alta,,abierto,0
SOP071-001551,2025-06-23,E3,correo,normal,,abierto,0
SOP071-001552,2025-06-23,E1,correo,baja,519.0,cerrado,0
SOP071-001553,2025-06-24,E2, WEB ,normal,916.5,cerrado,0
SOP071-001554,2025-06-24,E3,web,baja,1289.2,cerrado,0
SOP071-001555,2025-06-24,E1,correo,normal,4621.2,cerrado,1
SOP071-001556,2025-06-25,E2,web,normal,1232.8,cerrado,0
SOP071-001557,2025-06-25,E3,web,alta,726.1,cerrado,0
SOP071-001558,2025-06-25,E1,correo,alta,183.3,cerrado,0
SOP071-001559,2025-06-26,E2,correo,baja,1663.7,cerrado,0
SOP071-001560,2025-06-26,E3,web,normal,1407.5,cerrado,0
SOP071-001561,2025-06-27,E1,telefono,baja,4948.3,cerrado,1
SOP071-001562,2025-06-27,E2,telefono,normal,,abierto,0
SOP071-001563,2025-06-27,E3,correo,baja,978.0,cerrado,0
SOP071-001564,2025-06-28,E1,web,normal,,abierto,0
SOP071-001565,2025-06-28,E2,correo,baja,845.9,cerrado,0
SOP071-001566,2025-06-28,E3,correo,normal,1346.5,cerrado,0
SOP071-001567,2025-06-29,E1,correo,normal,401.4,cerrado,0
SOP071-001568,2025-06-29,E2,correo,normal,,abierto,0
SOP071-001569,2025-06-29,E3,web,normal,3806.5,cerrado,0
SOP071-001570,2025-06-30,E1,correo,alta,373.5,cerrado,0
SOP071-001571,2025-06-30,E2,correo,normal,283.3,cerrado,0
SOP071-001572,2025-06-30,E3,web,normal,746.2,cerrado,0
SOP071-001573,2025-07-01,E1,telefono,normal,437.5,cerrado,0
SOP071-001574,2025-07-01,E2,telefono,baja,93.8,cerrado,0
SOP071-001575,2025-07-01,E3,web,normal,219.8,cerrado,0
SOP071-001576,2025-07-02,E1,telefono,baja,891.9,cerrado,0
SOP071-001577,2025-07-02,E2,correo,normal,4587.4,cerrado,1
SOP071-001578,2025-07-02,E3,web,normal,,cerrado,0
SOP071-001579,2025-07-03,E1,correo,normal,64.4,cerrado,0
SOP071-001580,2025-07-03,E2,web,alta,4979.8,cerrado,1
SOP071-001581,2025-07-03,E3,correo,alta,4832.8,cerrado,1
SOP071-001582,2025-07-04,E1,telefono,normal,807.3,cerrado,0
SOP071-001583,2025-07-04,E2,correo,normal,1561.6,cerrado,0
SOP071-001584,2025-07-05,E3,web,normal,5305.7,cerrado,1
SOP071-001585,2025-07-05,E1,telefono,normal,457.9,cerrado,0
SOP071-001586,2025-07-05,E2,web,normal,628.6,cerrado,0
SOP071-001587,2025-07-06,E3,correo,alta,6337.8,cerrado,1
SOP071-001588,2025-07-06,E1,web,baja,683.2,cerrado,0
SOP071-001589,2025-07-06,E2,web,baja,158.5,cerrado,0
SOP071-001590,2025-07-07,E3,web,baja,693.9,cerrado,0
SOP071-001591,2025-07-07,E1,correo,alta,710.7,cerrado,0
SOP071-001592,2025-07-07,E2,web,alta,912.4,cerrado,0
SOP071-001593,2025-07-08,E3,web,alta,1664.6,cerrado,0
SOP071-001594,2025-07-08,E1,telefono,alta,325.7,cerrado,0
SOP071-001595,2025-07-08,E2,telefono,baja,,abierto,0
SOP071-001596,2025-07-09,E3,telefono,normal,,abierto,0
SOP071-001597,2025-07-09,E1,correo,normal,295.0,cerrado,0
SOP071-001598,2025-07-09,E2,correo,baja,,abierto,0
SOP071-001599,2025-07-10,E3,telefono,alta,4806.4,cerrado,1
SOP071-001600,2025-07-10,E1,web,baja,,abierto,0
SOP071-001601,2025-07-10,E2,web,normal,,abierto,0
SOP071-001602,2025-07-11,E3,telefono,normal,442.7,cerrado,0
SOP071-001603,2025-07-11,E1,web,alta,335.5,cerrado,0
SOP071-001604,2025-07-11,E2,telefono,alta,768.5,cerrado,0
SOP071-001605,2025-07-12,E3,web,alta,,abierto,0
SOP071-001606,2025-07-12,E1,telefono,normal,516.1,cerrado,0
SOP071-001607,2025-07-13,E2,correo,normal,1583.9,cerrado,0
SOP071-001608,2025-07-13,E3,correo,alta,186.8,cerrado,0
SOP071-001609,2025-07-13,E1,correo,baja,275.2,cerrado,0
SOP071-001610,2025-07-14,E2,correo,normal,818.4,cerrado,0
SOP071-001611,2025-07-14,E3,telefono,normal,393.5,cerrado,0
SOP071-001612,2025-07-14,E1,telefono,normal,,abierto,0
SOP071-001613,2025-07-15,E2,correo,alta,834.0,cerrado,0
SOP071-001614,2025-07-15,E3,telefono,alta,346.2,cerrado,0
SOP071-001615,2025-07-15,E1,correo,alta,377.7,cerrado,0
SOP071-001616,2025-07-16,E2,web,alta,178.4,cerrado,0
SOP071-001617,2025-07-16,E3,correo,alta,593.5,cerrado,0
SOP071-001618,2025-07-16,E1,web,normal,4550.4,cerrado,1
SOP071-001619,2025-07-17,E2,telefono,normal,236.6,cerrado,0
SOP071-001620,2025-07-17,E3,telefono,normal,5201.5,cerrado,1
SOP071-001621,2025-07-17,E1,correo,alta,830.2,cerrado,0
SOP071-001622,2025-07-18,E2,correo,alta,757.3,cerrado,0
SOP071-001623,2025-07-18,E3,telefono,normal,597.7,cerrado,0
SOP071-001624,2025-07-18,E1,telefono,alta,98.3,cerrado,0
SOP071-001625,2025-07-19,E2,correo,normal,4520.0,cerrado,1
SOP071-001626,2025-07-19,E3,telefono,alta,,abierto,0
SOP071-001627,2025-07-20,E1,web,normal,2877.0,cerrado,0
SOP071-001628,2025-07-20,E2,correo,baja,,abierto,0
SOP071-001629,2025-07-20,E3,correo,alta,139.2,cerrado,0
SOP071-001630,2025-07-21,E1,telefono,alta,278.3,cerrado,0
SOP071-001631,2025-07-21,E2,telefono,normal,4743.9,cerrado,1
SOP071-001632,2025-07-21,E3,correo,baja,601.8,cerrado,0
SOP071-001633,2025-07-22,E1,telefono,baja,402.6,cerrado,0
SOP071-001634,2025-07-22,E2,web,alta,5774.4,cerrado,1
SOP071-001635,2025-07-22,E3,telefono,normal,,abierto,0
SOP071-001636,2025-07-23,E1,web,alta,488.1,cerrado,0
SOP071-001637,2025-07-23,E2,telefono,baja,144.7,cerrado,0
SOP071-001638,2025-07-23,E3,telefono,alta,66.2,cerrado,0
SOP071-001639,2025-07-24,E1,web,baja,164.1,cerrado,0
SOP071-001640,2025-07-24,E2,web,normal,2618.6,cerrado,0
SOP071-001641,2025-07-24,E3,correo,alta,749.6,cerrado,0
SOP071-001642,2025-07-25,E1,web,alta,165.2,cerrado,0
SOP071-001643,2025-07-25,E2,web,normal,797.2,cerrado,0
SOP071-001644,2025-07-25,E3,telefono,normal,1632.9,cerrado,0
SOP071-001645,2025-07-26,E1,telefono,normal,234.7,cerrado,0
SOP071-001646,2025-07-26,E2,correo,normal,122.1,cerrado,0
SOP071-001647,2025-07-26,E3,web,normal,158.6,cerrado,0
SOP071-001648,2025-07-27,E1,web,alta,308.5,cerrado,0
SOP071-001649,2025-07-27,E2,web,alta,757.5,cerrado,0
SOP071-001650,2025-07-28,E3, WEB ,baja,374.2,cerrado,0
SOP071-001651,2025-07-28,E1,correo,normal,101.3,cerrado,0
SOP071-001652,2025-07-28,E2,correo,alta,273.8,cerrado,0
SOP071-001653,2025-07-29,E3,web,baja,3017.9,cerrado,0
SOP071-001654,2025-07-29,E1,web,baja,82.6,cerrado,0
SOP071-001655,2025-07-29,E2,correo,normal,5192.2,cerrado,1
SOP071-001656,2025-07-30,E3,telefono,normal,,abierto,0
SOP071-001657,2025-07-30,E1,telefono,normal,298.1,cerrado,0
SOP071-001658,2025-07-30,E2,web,baja,,abierto,0
SOP071-001659,2025-07-31,E3,correo,normal,399.4,cerrado,0
SOP071-001660,2025-07-31,E1,telefono,normal,131.4,cerrado,0
SOP071-001661,2025-07-31,E2,correo,alta,,cerrado,1
SOP071-001662,2025-08-01,E3,correo,alta,,abierto,0
SOP071-001663,2025-08-01,E1,correo,baja,330.2,cerrado,0
SOP071-001664,2025-08-01,E2,web,normal,428.5,cerrado,0
SOP071-001665,2025-08-02,E3,telefono,normal,218.3,cerrado,0
SOP071-001666,2025-08-02,E1,telefono,normal,1165.3,cerrado,0
SOP071-001667,2025-08-02,E2,correo,baja,224.5,cerrado,0
SOP071-001668,2025-08-03,E3,telefono,baja,,abierto,0
SOP071-001669,2025-08-03,E1,telefono,baja,508.2,cerrado,0
SOP071-001670,2025-08-03,E2,telefono,alta,,abierto,0
SOP071-001671,2025-08-04,E3,correo,baja,802.1,cerrado,0
SOP071-001672,2025-08-04,E1,correo,alta,314.5,cerrado,0
SOP071-001673,2025-08-05,E2,telefono,alta,385.6,cerrado,0
SOP071-001674,2025-08-05,E3,correo,normal,1621.9,cerrado,0
SOP071-001675,2025-08-05,E1,telefono,alta,307.4,cerrado,0
SOP071-001676,2025-08-06,E2,telefono,normal,4579.0,cerrado,1
SOP071-001677,2025-08-06,E3,telefono,baja,2839.7,cerrado,0
SOP071-001678,2025-08-06,E1,web,normal,396.2,cerrado,0
SOP071-001679,2025-08-07,E2,telefono,baja,294.4,cerrado,0
SOP071-001680,2025-08-07,E3,web,baja,256.6,cerrado,0
SOP071-001681,2025-08-07,E1,telefono,normal,,abierto,0
SOP071-001682,2025-08-08,E2,web,normal,453.6,cerrado,0
SOP071-001683,2025-08-08,E3,web,baja,459.2,cerrado,0
SOP071-001684,2025-08-08,E1,telefono,alta,543.8,cerrado,0
SOP071-001685,2025-08-09,E2,web,normal,685.3,cerrado,0
SOP071-001686,2025-08-09,E3,telefono,normal,,abierto,0
SOP071-001687,2025-08-09,E1,correo,normal,4882.9,cerrado,1
SOP071-001688,2025-08-10,E2,correo,alta,1062.2,cerrado,0
SOP071-001689,2025-08-10,E3,telefono,normal,,abierto,0
SOP071-001690,2025-08-10,E1,web,normal,,abierto,0
SOP071-001691,2025-08-11,E2,web,alta,305.8,cerrado,0
SOP071-001692,2025-08-11,E3,telefono,normal,2328.7,cerrado,0
SOP071-001693,2025-08-11,E1,web,baja,189.8,cerrado,0
SOP071-001694,2025-08-12,E2,telefono,baja,,abierto,0
SOP071-001695,2025-08-12,E3,web,alta,921.7,cerrado,0
SOP071-001696,2025-08-13,E1,correo,normal,,abierto,0
SOP071-001697,2025-08-13,E2,telefono,baja,1808.4,cerrado,0
SOP071-001698,2025-08-13,E3,web,normal,152.3,cerrado,0
SOP071-001699,2025-08-14,E1,telefono,normal,,abierto,0
SOP071-001700,2025-08-14,E2,web,normal,4445.5,cerrado,1
SOP071-001701,2025-08-14,E3,telefono,alta,5787.7,cerrado,1
SOP071-001702,2025-08-15,E1,web,baja,,abierto,0
SOP071-001703,2025-08-15,E2,correo,normal,1189.7,cerrado,0
SOP071-001704,2025-08-15,E3,web,normal,388.7,cerrado,0
SOP071-001705,2025-08-16,E1,correo,normal,502.0,cerrado,0
SOP071-001706,2025-08-16,E2,web,baja,279.8,cerrado,0
SOP071-001707,2025-08-16,E3,correo,normal,1211.4,cerrado,0
SOP071-001708,2025-08-17,E1,telefono,alta,528.2,cerrado,0
SOP071-001709,2025-08-17,E2,telefono,alta,211.5,cerrado,0
SOP071-001710,2025-08-17,E3,web,normal,2288.6,cerrado,0
SOP071-001711,2025-08-18,E1,telefono,normal,496.4,cerrado,0
SOP071-001712,2025-08-18,E2,web,normal,1216.3,cerrado,0
SOP071-001713,2025-08-18,E3,web,normal,758.2,cerrado,0
SOP071-001714,2025-08-19,E1,correo,normal,93.1,cerrado,0
SOP071-001715,2025-08-19,E2,web,normal,873.6,cerrado,0
SOP071-001716,2025-08-19,E3,telefono,alta,4144.8,cerrado,0
SOP071-001717,2025-08-20,E1,telefono,normal,1795.7,cerrado,0
SOP071-001718,2025-08-20,E2,web,normal,1100.1,cerrado,0
SOP071-001719,2025-08-21,E3,web,baja,137.1,cerrado,0
SOP071-001720,2025-08-21,E1,web,normal,399.9,cerrado,0
SOP071-001721,2025-08-21,E2,telefono,normal,4746.7,cerrado,1
SOP071-001722,2025-08-22,E3,correo,alta,477.9,cerrado,0
SOP071-001723,2025-08-22,E1,correo,alta,4767.4,cerrado,1
SOP071-001724,2025-08-22,E2,telefono,alta,639.4,cerrado,0
SOP071-001725,2025-08-23,E3,correo,alta,969.3,cerrado,0
SOP071-001726,2025-08-23,E1,correo,baja,,abierto,0
SOP071-001727,2025-08-23,E2,web,normal,486.1,cerrado,0
SOP071-001728,2025-08-24,E3,correo,normal,601.0,cerrado,0
SOP071-001729,2025-08-24,E1,correo,normal,,abierto,0
SOP071-001730,2025-08-24,E2,web,normal,539.5,cerrado,0
SOP071-001731,2025-08-25,E3,telefono,baja,473.7,cerrado,0
SOP071-001732,2025-08-25,E1,correo,normal,461.8,cerrado,0
SOP071-001733,2025-08-25,E2,web,baja,606.2,cerrado,0
SOP071-001734,2025-08-26,E3,web,normal,556.1,cerrado,0
SOP071-001735,2025-08-26,E1,web,normal,5157.9,cerrado,1
SOP071-001736,2025-08-26,E2,web,baja,4533.7,cerrado,1
SOP071-001737,2025-08-27,E3,telefono,baja,1030.9,cerrado,0
SOP071-001738,2025-08-27,E1,web,baja,,abierto,0
SOP071-001739,2025-08-27,E2,telefono,normal,,abierto,0
SOP071-001740,2025-08-28,E3,web,alta,,abierto,0
SOP071-001741,2025-08-28,E1,correo,normal,454.3,cerrado,0
SOP071-001742,2025-08-29,E2,correo,normal,1855.9,cerrado,0
SOP071-001743,2025-08-29,E3,telefono,normal,1321.9,cerrado,0
SOP071-001744,2025-08-29,E1,web,baja,,cerrado,0
SOP071-001745,2025-08-30,E2,web,alta,724.5,cerrado,0
SOP071-001746,2025-08-30,E3,correo,normal,954.8,cerrado,0
SOP071-001747,2025-08-30,E1, CORREO ,alta,497.2,cerrado,0
SOP071-001748,2025-08-31,E2,web,normal,375.7,cerrado,0
SOP071-001749,2025-08-31,E3,correo,normal,436.7,cerrado,0
SOP071-001750,2025-08-31,E1,correo,baja,1181.5,cerrado,0
SOP071-001751,2025-09-01,E2,correo,normal,,abierto,0
SOP071-001752,2025-09-01,E3,web,normal,952.2,cerrado,0
SOP071-001753,2025-09-01,E1,telefono,alta,110.9,cerrado,0
SOP071-001754,2025-09-02,E2,web,normal,,abierto,0
SOP071-001755,2025-09-02,E3,telefono,normal,605.4,cerrado,0
SOP071-001756,2025-09-02,E1,correo,normal,162.2,cerrado,0
SOP071-001757,2025-09-03,E2,telefono,normal,,abierto,0
SOP071-001758,2025-09-03,E3,web,normal,5149.7,cerrado,1
SOP071-001759,2025-09-03,E1,correo,normal,,abierto,0
SOP071-001760,2025-09-04,E2,telefono,alta,406.7,cerrado,0
SOP071-001761,2025-09-04,E3,telefono,alta,,abierto,0
SOP071-001762,2025-09-04,E1,web,normal,266.2,cerrado,0
SOP071-001763,2025-09-05,E2,web,alta,713.5,cerrado,0
SOP071-001764,2025-09-05,E3,correo,baja,928.9,cerrado,0
SOP071-001765,2025-09-06,E1,web,normal,309.4,cerrado,0
SOP071-001766,2025-09-06,E2,web,alta,,abierto,0
SOP071-001767,2025-09-06,E3,web,baja,3011.4,cerrado,0
SOP071-001768,2025-09-07,E1,telefono,normal,441.4,cerrado,0
SOP071-001769,2025-09-07,E2,telefono,baja,242.3,cerrado,0
SOP071-001770,2025-09-07,E3,web,baja,526.8,cerrado,0
SOP071-001771,2025-09-08,E1,telefono,baja,487.4,cerrado,0
SOP071-001772,2025-09-08,E2,correo,normal,103.5,cerrado,0
SOP071-001773,2025-09-08,E3,web,normal,,abierto,0
SOP071-001774,2025-09-09,E1,correo,normal,216.7,cerrado,0
SOP071-001775,2025-09-09,E2,telefono,normal,522.8,cerrado,0
SOP071-001776,2025-09-09,E3,correo,baja,620.2,cerrado,0
SOP071-001777,2025-09-10,E1,telefono,baja,261.0,cerrado,0
SOP071-001778,2025-09-10,E2,web,normal,5184.7,cerrado,1
SOP071-001779,2025-09-10,E3,telefono,alta,,abierto,0
SOP071-001780,2025-09-11,E1,telefono,normal,238.7,cerrado,0
SOP071-001781,2025-09-11,E2,telefono,normal,,abierto,0
SOP071-001782,2025-09-11,E3,correo,normal,2673.1,cerrado,0
SOP071-001783,2025-09-12,E1,web,baja,1385.7,cerrado,0
SOP071-001784,2025-09-12,E2,correo,normal,206.6,cerrado,0
SOP071-001785,2025-09-13,E3,telefono,normal,719.8,cerrado,0
SOP071-001786,2025-09-13,E1,correo,normal,,abierto,0
SOP071-001787,2025-09-13,E2,correo,normal,1139.0,cerrado,0
SOP071-001788,2025-09-14,E3,telefono,baja,5239.2,cerrado,1
SOP071-001789,2025-09-14,E1,correo,normal,4551.9,cerrado,1
SOP071-001790,2025-09-14,E2,correo,alta,972.9,cerrado,0
SOP071-001791,2025-09-15,E3,correo,normal,517.7,cerrado,0
SOP071-001792,2025-09-15,E1,telefono,baja,606.0,cerrado,0
SOP071-001793,2025-09-15,E2,web,normal,217.7,cerrado,0
SOP071-001794,2025-09-16,E3,web,normal,977.9,cerrado,0
SOP071-001795,2025-09-16,E1,web,alta,893.9,cerrado,0
SOP071-001796,2025-09-16,E2,telefono,normal,657.4,cerrado,0
SOP071-001797,2025-09-17,E3,web,baja,968.2,cerrado,0
SOP071-001798,2025-09-17,E1,web,normal,4497.1,cerrado,1
SOP071-001799,2025-09-17,E2,web,baja,387.9,cerrado,0
SOP071-001800,2025-09-18,E3,web,normal,1324.2,cerrado,0
SOP071-001801,2025-09-18,E1,correo,normal,311.7,cerrado,0
SOP071-001802,2025-09-18,E2,correo,alta,351.7,cerrado,0
SOP071-001803,2025-09-19,E3,web,alta,355.6,cerrado,0
SOP071-001804,2025-09-19,E1,web,alta,817.4,cerrado,0
SOP071-001805,2025-09-19,E2,web,baja,451.5,cerrado,0
SOP071-001806,2025-09-20,E3,telefono,alta,468.9,cerrado,0
SOP071-001807,2025-09-20,E1,telefono,normal,,abierto,0
SOP071-001808,2025-09-21,E2,telefono,alta,,abierto,0
SOP071-001809,2025-09-21,E3,telefono,normal,830.0,cerrado,0
SOP071-001810,2025-09-21,E1,correo,alta,7190.9,cerrado,1
SOP071-001811,2025-09-22,E2,correo,alta,852.5,cerrado,0
SOP071-001812,2025-09-22,E3,telefono,normal,245.8,cerrado,0
SOP071-001813,2025-09-22,E1,web,normal,164.7,cerrado,0
SOP071-001814,2025-09-23,E2,web,baja,,abierto,0
SOP071-001815,2025-09-23,E3,correo,alta,493.7,cerrado,0
SOP071-001816,2025-09-23,E1,web,baja,,abierto,0
SOP071-001817,2025-09-24,E2,web,normal,625.1,cerrado,0
SOP071-001818,2025-09-24,E3,correo,normal,,abierto,0
SOP071-001819,2025-09-24,E1,telefono,alta,838.5,cerrado,0
SOP071-001820,2025-09-25,E2,correo,normal,719.7,cerrado,0
SOP071-001821,2025-09-25,E3,web,normal,863.0,cerrado,0
SOP071-001822,2025-09-25,E1,web,normal,698.8,cerrado,0
SOP071-001823,2025-09-26,E2,web,normal,217.4,cerrado,0
SOP071-001824,2025-09-26,E3,correo,normal,353.1,cerrado,0
SOP071-001825,2025-09-26,E1,telefono,normal,451.5,cerrado,0
SOP071-001826,2025-09-27,E2,telefono,normal,,abierto,0
SOP071-001827,2025-09-27,E3,web,normal,,cerrado,0
SOP071-001828,2025-09-27,E1,correo,alta,556.6,cerrado,0
SOP071-001829,2025-09-28,E2,telefono,baja,,abierto,0
SOP071-001830,2025-09-28,E3,web,normal,92.3,cerrado,0
SOP071-001831,2025-09-29,E1,correo,alta,671.3,cerrado,0
SOP071-001832,2025-09-29,E2,web,normal,1099.7,cerrado,0
SOP071-001833,2025-09-29,E3,web,alta,326.1,cerrado,0
SOP071-001834,2025-09-30,E1,telefono,alta,1428.1,cerrado,0
SOP071-001835,2025-09-30,E2,correo,baja,,abierto,0
SOP071-001836,2025-09-30,E3,telefono,baja,341.4,cerrado,0
SOP071-001837,2025-10-01,E1,telefono,normal,330.4,cerrado,0
SOP071-001838,2025-10-01,E2,web,normal,5436.4,cerrado,1
SOP071-001839,2025-10-01,E3,web,baja,5692.3,cerrado,1
SOP071-001840,2025-10-02,E1,telefono,normal,121.9,cerrado,0
SOP071-001841,2025-10-02,E2,correo,baja,5211.0,cerrado,1
SOP071-001842,2025-10-02,E3,web,baja,5593.1,cerrado,1
SOP071-001843,2025-10-03,E1,web,normal,93.8,cerrado,0
SOP071-001844,2025-10-03,E2, CORREO ,baja,733.7,cerrado,0
SOP071-001845,2025-10-03,E3,web,normal,622.5,cerrado,0
SOP071-001846,2025-10-04,E1,web,baja,167.3,cerrado,0
SOP071-001847,2025-10-04,E2,telefono,normal,205.0,cerrado,0
SOP071-001848,2025-10-04,E3,web,baja,4588.6,cerrado,1
SOP071-001849,2025-10-05,E1,web,normal,,abierto,0
SOP071-001850,2025-10-05,E2,correo,alta,4765.4,cerrado,1
SOP071-001851,2025-10-05,E3,correo,normal,4694.2,cerrado,1
SOP071-001852,2025-10-06,E1,correo,baja,115.6,cerrado,0
SOP071-001853,2025-10-06,E2,telefono,baja,,abierto,0
SOP071-001854,2025-10-07,E3,correo,baja,1539.8,cerrado,0
SOP071-001855,2025-10-07,E1,telefono,baja,551.4,cerrado,0
SOP071-001856,2025-10-07,E2,web,normal,1901.8,cerrado,0
SOP071-001857,2025-10-08,E3,web,baja,196.3,cerrado,0
SOP071-001858,2025-10-08,E1,web,normal,204.1,cerrado,0
SOP071-001859,2025-10-08,E2,telefono,normal,392.9,cerrado,0
SOP071-001860,2025-10-09,E3,correo,normal,1535.5,cerrado,0
SOP071-001861,2025-10-09,E1,correo,baja,186.3,cerrado,0
SOP071-001862,2025-10-09,E2,telefono,alta,116.9,cerrado,0
SOP071-001863,2025-10-10,E3,correo,baja,341.2,cerrado,0
SOP071-001864,2025-10-10,E1,telefono,alta,107.2,cerrado,0
SOP071-001865,2025-10-10,E2,web,normal,2164.6,cerrado,0
SOP071-001866,2025-10-11,E3,web,alta,,abierto,0
SOP071-001867,2025-10-11,E1,web,normal,,abierto,0
SOP071-001868,2025-10-11,E2,correo,baja,416.2,cerrado,0
SOP071-001869,2025-10-12,E3,telefono,alta,,abierto,0
SOP071-001870,2025-10-12,E1,web,normal,169.1,cerrado,0
SOP071-001871,2025-10-12,E2,telefono,alta,882.0,cerrado,0
SOP071-001872,2025-10-13,E3,telefono,alta,,abierto,0
SOP071-001873,2025-10-13,E1,telefono,normal,158.9,cerrado,0
SOP071-001874,2025-10-13,E2,correo,baja,,abierto,0
SOP071-001875,2025-10-14,E3,correo,normal,860.4,cerrado,0
SOP071-001876,2025-10-14,E1,web,normal,205.7,cerrado,0
SOP071-001877,2025-10-15,E2,web,baja,,abierto,0
SOP071-001878,2025-10-15,E3,web,normal,,abierto,0
SOP071-001879,2025-10-15,E1,telefono,normal,4735.6,cerrado,1
SOP071-001880,2025-10-16,E2,correo,normal,,abierto,0
SOP071-001881,2025-10-16,E3,telefono,normal,1902.0,cerrado,0
SOP071-001882,2025-10-16,E1,web,normal,,abierto,0
SOP071-001883,2025-10-17,E2,web,alta,1419.2,cerrado,0
SOP071-001884,2025-10-17,E3,correo,alta,4641.9,cerrado,1
SOP071-001885,2025-10-17,E1,telefono,normal,,abierto,0
SOP071-001886,2025-10-18,E2,telefono,alta,5241.6,cerrado,1
SOP071-001887,2025-10-18,E3,web,normal,,abierto,0
SOP071-001888,2025-10-18,E1,correo,normal,821.2,cerrado,0
SOP071-001889,2025-10-19,E2,telefono,normal,243.9,cerrado,0
SOP071-001890,2025-10-19,E3,correo,normal,643.9,cerrado,0
SOP071-001891,2025-10-19,E1,correo,baja,4504.0,cerrado,1
SOP071-001892,2025-10-20,E2,telefono,normal,898.5,cerrado,0
SOP071-001893,2025-10-20,E3,telefono,alta,220.2,cerrado,0
SOP071-001894,2025-10-20,E1,correo,normal,4422.4,cerrado,1
SOP071-001895,2025-10-21,E2,web,normal,588.4,cerrado,0
SOP071-001896,2025-10-21,E3,telefono,normal,1382.1,cerrado,0
SOP071-001897,2025-10-21,E1,correo,normal,4804.4,cerrado,1
SOP071-001898,2025-10-22,E2,web,normal,374.6,cerrado,0
SOP071-001899,2025-10-22,E3,correo,baja,348.1,cerrado,0
SOP071-001900,2025-10-23,E1,telefono,normal,"305,8",cerrado,0
SOP071-001901,2025-10-23,E2,web,normal,582.9,cerrado,0
SOP071-001902,2025-10-23,E3,telefono,normal,1254.3,cerrado,0
SOP071-001903,2025-10-24,E1,web,normal,618.7,cerrado,0
SOP071-001904,2025-10-24,E2,web,alta,482.3,cerrado,0
SOP071-001905,2025-10-24,E3,correo,baja,993.5,cerrado,0
SOP071-001906,2025-10-25,E1,web,baja,,abierto,0
SOP071-001907,2025-10-25,E2,correo,alta,,abierto,0
SOP071-001908,2025-10-25,E3,correo,normal,925.2,cerrado,0
SOP071-001909,2025-10-26,E1,correo,alta,507.1,cerrado,0
SOP071-001910,2025-10-26,E2,telefono,baja,,cerrado,0
SOP071-001911,2025-10-26,E3,correo,alta,269.1,cerrado,0
SOP071-001912,2025-10-27,E1,web,alta,468.9,cerrado,0
SOP071-001913,2025-10-27,E2,correo,baja,,abierto,0
SOP071-001914,2025-10-27,E3,web,normal,140.0,cerrado,0
SOP071-001915,2025-10-28,E1,web,baja,,abierto,0
SOP071-001916,2025-10-28,E2,web,baja,151.7,cerrado,0
SOP071-001917,2025-10-28,E3,web,normal,8416.2,cerrado,1
SOP071-001918,2025-10-29,E1,correo,baja,441.2,cerrado,0
SOP071-001919,2025-10-29,E2,web,baja,4509.6,cerrado,1
SOP071-001920,2025-10-29,E3,correo,baja,540.9,cerrado,0
SOP071-001921,2025-10-30,E1,web,alta,95.5,cerrado,0
SOP071-001922,2025-10-30,E2,correo,normal,5194.7,cerrado,1
SOP071-001923,2025-10-31,E3,correo,normal,,abierto,0
SOP071-001924,2025-10-31,E1,telefono,baja,160.4,cerrado,0
SOP071-001925,2025-10-31,E2,web,normal,1236.3,cerrado,0
SOP071-001926,2025-11-01,E3,web,normal,233.5,cerrado,0
SOP071-001927,2025-11-01,E1,correo,normal,,abierto,0
SOP071-001928,2025-11-01,E2,telefono,alta,,abierto,0
SOP071-001929,2025-11-02,E3,telefono,normal,319.8,cerrado,0
SOP071-001930,2025-11-02,E1,correo,baja,264.9,cerrado,0
SOP071-001931,2025-11-02,E2,telefono,normal,,abierto,0
SOP071-001932,2025-11-03,E3,web,normal,155.9,cerrado,0
SOP071-001933,2025-11-03,E1,web,alta,2175.0,cerrado,0
SOP071-001934,2025-11-03,E2,web,normal,468.5,cerrado,0
SOP071-001935,2025-11-04,E3,web,normal,288.1,cerrado,0
SOP071-001936,2025-11-04,E1,correo,alta,1007.8,cerrado,0
SOP071-001937,2025-11-04,E2,web,normal,,abierto,0
SOP071-001938,2025-11-05,E3,telefono,normal,269.6,cerrado,0
SOP071-001939,2025-11-05,E1,telefono,normal,221.8,cerrado,0
SOP071-001940,2025-11-05,E2,telefono,normal,,abierto,0
SOP071-001941,2025-11-06,E3, WEB ,baja,376.1,cerrado,0
SOP071-001942,2025-11-06,E1,web,baja,1060.1,cerrado,0
SOP071-001943,2025-11-07,E2,correo,normal,859.0,cerrado,0
SOP071-001944,2025-11-07,E3,web,normal,1478.2,cerrado,0
SOP071-001945,2025-11-07,E1,correo,baja,214.9,cerrado,0
SOP071-001946,2025-11-08,E2,telefono,alta,3014.4,cerrado,0
SOP071-001947,2025-11-08,E3,telefono,normal,4629.0,cerrado,1
SOP071-001948,2025-11-08,E1,correo,baja,,abierto,0
SOP071-001949,2025-11-09,E2,telefono,normal,,abierto,0
SOP071-001950,2025-11-09,E3,correo,alta,228.9,cerrado,0
SOP071-001951,2025-11-09,E1,correo,alta,,abierto,0
SOP071-001952,2025-11-10,E2,telefono,baja,640.0,cerrado,0
SOP071-001953,2025-11-10,E3,correo,normal,314.5,cerrado,0
SOP071-001954,2025-11-10,E1,correo,alta,885.5,cerrado,0
SOP071-001955,2025-11-11,E2,correo,normal,189.8,cerrado,0
SOP071-001956,2025-11-11,E3,correo,baja,1131.5,cerrado,0
SOP071-001957,2025-11-11,E1,correo,normal,506.9,cerrado,0
SOP071-001958,2025-11-12,E2,web,normal,309.5,cerrado,0
SOP071-001959,2025-11-12,E3,telefono,normal,903.1,cerrado,0
SOP071-001960,2025-11-12,E1,web,normal,149.0,cerrado,0
SOP071-001961,2025-11-13,E2,web,normal,1327.6,cerrado,0
SOP071-001962,2025-11-13,E3,web,baja,2719.9,cerrado,0
SOP071-001963,2025-11-13,E1,web,normal,396.6,cerrado,0
SOP071-001964,2025-11-14,E2,telefono,baja,505.2,cerrado,0
SOP071-001965,2025-11-14,E3,web,alta,407.2,cerrado,0
SOP071-001966,2025-11-15,E1,web,alta,526.1,cerrado,0
SOP071-001967,2025-11-15,E2,telefono,alta,,abierto,0
SOP071-001968,2025-11-15,E3,correo,alta,4751.9,cerrado,1
SOP071-001969,2025-11-16,E1,web,normal,279.9,cerrado,0
SOP071-001970,2025-11-16,E2,telefono,alta,326.7,cerrado,0
SOP071-001971,2025-11-16,E3,telefono,normal,562.9,cerrado,0
SOP071-001972,2025-11-17,E1,web,alta,5723.1,cerrado,1
SOP071-001973,2025-11-17,E2,telefono,normal,1326.7,cerrado,0
SOP071-001974,2025-11-17,E3,telefono,baja,2766.1,cerrado,0
SOP071-001975,2025-11-18,E1,correo,baja,479.4,cerrado,0
SOP071-001976,2025-11-18,E2,correo,alta,544.9,cerrado,0
SOP071-001977,2025-11-18,E3,web,baja,,abierto,0
SOP071-001978,2025-11-19,E1,correo,baja,222.5,cerrado,0
SOP071-001979,2025-11-19,E2,web,normal,749.1,cerrado,0
SOP071-001980,2025-11-19,E3,correo,baja,839.4,cerrado,0
SOP071-001981,2025-11-20,E1,telefono,normal,266.9,cerrado,0
SOP071-001982,2025-11-20,E2,correo,normal,1274.6,cerrado,0
SOP071-001983,2025-11-20,E3,web,normal,1158.1,cerrado,0
SOP071-001984,2025-11-21,E1,correo,baja,,abierto,0
SOP071-001985,2025-11-21,E2,correo,normal,402.4,cerrado,0
SOP071-001986,2025-11-21,E3,telefono,baja,503.4,cerrado,0
SOP071-001987,2025-11-22,E1,correo,alta,5096.4,cerrado,1
SOP071-001988,2025-11-22,E2,telefono,normal,,abierto,0
SOP071-001989,2025-11-23,E3,web,normal,5036.6,cerrado,1
SOP071-001990,2025-11-23,E1,web,normal,137.3,cerrado,0
SOP071-001991,2025-11-23,E2,web,baja,1545.2,cerrado,0
SOP071-001992,2025-11-24,E3,telefono,normal,529.5,cerrado,0
SOP071-001993,2025-11-24,E1,correo,baja,,cerrado,0
SOP071-001994,2025-11-24,E2,correo,alta,1000.6,cerrado,0
SOP071-001995,2025-11-25,E3,telefono,alta,367.5,cerrado,0
SOP071-001996,2025-11-25,E1,web,normal,2392.4,cerrado,0
SOP071-001997,2025-11-25,E2,correo,normal,5017.2,cerrado,1
SOP071-001998,2025-11-26,E3,telefono,alta,717.4,cerrado,0
SOP071-001999,2025-11-26,E1,correo,normal,,abierto,0
SOP071-002000,2025-11-26,E2,web,alta,417.6,cerrado,0
SOP071-002001,2025-11-27,E3,web,normal,551.7,cerrado,0
SOP071-002002,2025-11-27,E1,web,normal,,abierto,0
SOP071-002003,2025-11-27,E2,correo,normal,,abierto,0
SOP071-002004,2025-11-28,E3,web,baja,541.5,cerrado,0
SOP071-002005,2025-11-28,E1,telefono,baja,520.4,cerrado,0
SOP071-002006,2025-11-28,E2,web,alta,4527.4,cerrado,1
SOP071-002007,2025-11-29,E3,web,normal,643.3,cerrado,0
SOP071-002008,2025-11-29,E1,web,baja,124.1,cerrado,0
SOP071-002009,2025-11-29,E2,correo,baja,2004.2,cerrado,0
SOP071-002010,2025-11-30,E3,web,alta,,abierto,0
SOP071-002011,2025-11-30,E1,web,normal,398.5,cerrado,0
SOP071-002012,2025-12-01,E2,web,baja,173.6,cerrado,0
SOP071-002013,2025-12-01,E3,web,alta,470.8,cerrado,0
SOP071-002014,2025-12-01,E1,web,alta,751.5,cerrado,0
SOP071-002015,2025-12-02,E2,telefono,baja,5790.7,cerrado,0
SOP071-002016,2025-12-02,E3,telefono,normal,1948.4,cerrado,0
SOP071-002017,2025-12-02,E1,web,alta,307.9,cerrado,0
SOP071-002018,2025-12-03,E2,telefono,alta,768.9,cerrado,0
SOP071-002019,2025-12-03,E3,telefono,normal,385.3,cerrado,0
SOP071-002020,2025-12-03,E1,web,baja,802.8,cerrado,0
SOP071-002021,2025-12-04,E2,correo,normal,225.4,cerrado,0
SOP071-002022,2025-12-04,E3,telefono,baja,443.1,cerrado,0
SOP071-002023,2025-12-04,E1,correo,normal,,abierto,0
SOP071-002024,2025-12-05,E2,correo,alta,74.8,cerrado,0
SOP071-002025,2025-12-05,E3,telefono,baja,442.2,cerrado,0
SOP071-002026,2025-12-05,E1,telefono,baja,5517.5,cerrado,1
SOP071-002027,2025-12-06,E2,telefono,alta,532.0,cerrado,0
SOP071-002028,2025-12-06,E3,web,baja,663.8,cerrado,0
SOP071-002029,2025-12-06,E1,web,alta,651.7,cerrado,0
SOP071-002030,2025-12-07,E2,correo,baja,272.8,cerrado,0
SOP071-002031,2025-12-07,E3,web,normal,4516.1,cerrado,1
SOP071-002032,2025-12-07,E1,telefono,baja,425.5,cerrado,0
SOP071-002033,2025-12-08,E2,telefono,alta,220.7,cerrado,0
SOP071-002034,2025-12-08,E3,correo,normal,4527.6,cerrado,1
SOP071-002035,2025-12-09,E1,correo,normal,692.3,cerrado,0
SOP071-002036,2025-12-09,E2,telefono,alta,187.6,cerrado,0
SOP071-002037,2025-12-09,E3,web,baja,,abierto,0
SOP071-002038,2025-12-10,E1, TELEFONO ,normal,444.0,cerrado,0
SOP071-002039,2025-12-10,E2,telefono,normal,436.0,cerrado,0
SOP071-002040,2025-12-10,E3,correo,normal,,abierto,0
SOP071-002041,2025-12-11,E1,web,baja,529.7,cerrado,0
SOP071-002042,2025-12-11,E2,correo,normal,,abierto,0
SOP071-002043,2025-12-11,E3,web,normal,958.7,cerrado,0
SOP071-002044,2025-12-12,E1,correo,normal,811.2,cerrado,0
SOP071-002045,2025-12-12,E2,web,normal,558.3,cerrado,0
SOP071-002046,2025-12-12,E3,correo,alta,191.9,cerrado,0
SOP071-002047,2025-12-13,E1,telefono,normal,716.8,cerrado,0
SOP071-002048,2025-12-13,E2,telefono,normal,2239.3,cerrado,0
SOP071-002049,2025-12-13,E3,correo,baja,5143.7,cerrado,1
SOP071-002050,2025-12-14,E1,correo,normal,5041.7,cerrado,1
SOP071-002051,2025-12-14,E2,telefono,baja,539.2,cerrado,0
SOP071-002052,2025-12-14,E3,correo,alta,1066.5,cerrado,0
SOP071-002053,2025-12-15,E1,web,normal,,abierto,0
SOP071-002054,2025-12-15,E2,telefono,normal,188.6,cerrado,0
SOP071-002055,2025-12-15,E3,telefono,normal,,abierto,0
SOP071-002056,2025-12-16,E1,web,baja,40.5,cerrado,0
SOP071-002057,2025-12-16,E2,telefono,baja,358.9,cerrado,0
SOP071-002058,2025-12-17,E3,web,normal,4842.4,cerrado,1
SOP071-002059,2025-12-17,E1,correo,baja,4787.4,cerrado,1
SOP071-002060,2025-12-17,E2,telefono,alta,783.0,cerrado,0
SOP071-002061,2025-12-18,E3,web,normal,1657.4,cerrado,0
SOP071-002062,2025-12-18,E1,web,normal,,abierto,0
SOP071-002063,2025-12-18,E2,telefono,normal,675.4,cerrado,0
SOP071-002064,2025-12-19,E3,web,normal,821.0,cerrado,0
SOP071-002065,2025-12-19,E1,telefono,normal,3751.0,cerrado,0
SOP071-002066,2025-12-19,E2,web,baja,4689.3,cerrado,1
SOP071-002067,2025-12-20,E3,web,normal,761.8,cerrado,0
SOP071-002068,2025-12-20,E1,correo,normal,1389.8,cerrado,0
SOP071-002069,2025-12-20,E2,telefono,normal,1878.2,cerrado,0
SOP071-002070,2025-12-21,E3,correo,normal,184.4,cerrado,0
SOP071-002071,2025-12-21,E1,telefono,normal,733.6,cerrado,0
SOP071-002072,2025-12-21,E2,web,baja,1282.4,cerrado,0
SOP071-002073,2025-12-22,E3,web,normal,1478.2,cerrado,0
SOP071-002074,2025-12-22,E1,telefono,normal,5450.8,cerrado,1
SOP071-002075,2025-12-22,E2,telefono,normal,5583.7,cerrado,1
SOP071-002076,2025-12-23,E3,web,normal,,cerrado,0
SOP071-002077,2025-12-23,E1,web,normal,445.4,cerrado,0
SOP071-002078,2025-12-23,E2,telefono,baja,658.0,cerrado,0
SOP071-002079,2025-12-24,E3,web,normal,956.7,cerrado,0
SOP071-002080,2025-12-24,E1,web,baja,287.9,cerrado,0
SOP071-002081,2025-12-25,E2,web,alta,1046.7,cerrado,0
SOP071-002082,2025-12-25,E3,correo,normal,686.7,cerrado,0
SOP071-002083,2025-12-25,E1,web,normal,,abierto,0
SOP071-002084,2025-12-26,E2,web,normal,1549.7,cerrado,0
SOP071-002085,2025-12-26,E3,correo,alta,6321.8,cerrado,1
SOP071-002086,2025-12-26,E1,web,baja,200.0,cerrado,0
SOP071-002087,2025-12-27,E2,correo,alta,178.0,cerrado,0
SOP071-002088,2025-12-27,E3,telefono,normal,735.7,cerrado,0
SOP071-002089,2025-12-27,E1,telefono,alta,1617.1,cerrado,0
SOP071-002090,2025-12-28,E2,correo,alta,164.4,cerrado,0
SOP071-002091,2025-12-28,E3,telefono,normal,146.4,cerrado,0
SOP071-002092,2025-12-28,E1,telefono,baja,4861.3,cerrado,1
SOP071-002093,2025-12-29,E2,web,baja,1309.8,cerrado,0
SOP071-002094,2025-12-29,E3,web,alta,466.4,cerrado,0
SOP071-002095,2025-12-29,E1,web,normal,787.9,cerrado,0
SOP071-002096,2025-12-30,E2,telefono,normal,1094.7,cerrado,0
SOP071-002097,2025-12-30,E3,telefono,normal,567.6,cerrado,0
SOP071-002098,2025-12-30,E1,web,normal,79.4,cerrado,0
SOP071-002099,2025-12-31,E2,telefono,normal,518.0,cerrado,0
SOP071-002100,2025-12-31,E3,web,alta,546.9,cerrado,0
SOP071-001322,2025-04-04,E2,correo,alta,398.7,cerrado,0
SOP071-001840,2025-10-02,E1,telefono,normal,121.9,cerrado,0
SOP071-001888,2025-10-18,E1,correo,normal,821.2,cerrado,0
SOP071-001479,2025-05-29,E3,web,alta,2751.0,cerrado,0
SOP071-001651,2025-07-28,E1,correo,normal,101.3,cerrado,0
SOP071-000844,2024-10-20,E1,correo,normal,275.4,cerrado,0
SOP071-000894,2024-11-06,E3,telefono,normal,2490.7,cerrado,0
