registro_id,fecha,sede,modalidad,asistencia_pct,nota_inicial,nota_final,horas_estudio,tutorias
NOT081-000001,2024-01-01,S1,presencial,84.8,17.7,16.3,4.1,1
NOT081-000002,2024-01-01,S2,virtual,72.5,8.9,10.8,7.4,9
NOT081-000003,2024-01-01,S3,presencial,76.4,12.5,14.1,10.5,1
NOT081-000004,2024-01-01,S1,virtual,65.7,7.8,9.6,6.7,7
NOT081-000005,2024-01-01,S2,presencial,80.4,12.9,12.5,10.7,0
NOT081-000006,2024-01-02,S3,virtual,88.4,13.6,10.0,1.0,2
NOT081-000007,2024-01-02,S1,presencial,85.3,6.1,5.8,6.2,8
NOT081-000008,2024-01-02,S2,presencial,81.5,3.0,7.7,3.7,10
NOT081-000009,2024-01-02,S3,presencial,72.0,7.6,6.8,2.1,2
NOT081-000010,2024-01-03,S1,virtual,83.7,16.1,19.9,11.1,0
NOT081-000011,2024-01-03,S2,virtual,50.2,11.8,8.8,9.6,1
NOT081-000012,2024-01-03,S3,presencial,99.4,10.3,16.5,8.3,0
NOT081-000013,2024-01-03,S1,presencial,78.2,7.9,10.1,2.2,9
NOT081-000014,2024-01-04,S2,presencial,29.4,10.0,7.4,5.0,1
NOT081-000015,2024-01-04,S3,virtual,49.8,13.8,13.9,4.7,1
NOT081-000016,2024-01-04,S1,virtual,70.5,8.0,10.9,7.9,4
NOT081-000017,2024-01-04,S2,virtual,100,9.5,15.3,11.8,4
NOT081-000018,2024-01-05,S3,presencial,78.6,13.8,12.3,0.3,2
NOT081-000019,2024-01-05,S1,presencial,100,12.2,11.1,2.8,0
NOT081-000020,2024-01-05,S2,virtual,79.6,9.3,12.5,11.7,10
NOT081-000021,2024-01-05,S3,virtual,81.8,9.0,11.7,6.0,9
NOT081-000022,2024-01-06,S1,virtual,80.2,16.7,15.3,8.7,0
NOT081-000023,2024-01-06,S2,presencial,66.4,9.0,10.4,8.1,9
NOT081-000024,2024-01-06,S3,presencial,71.3,7.7,8.7,12.0,6
NOT081-000025,2024-01-06,S1,virtual,53.3,17.6,16.4,6.2,3
NOT081-000026,2024-01-07,S2,virtual,67.1,9.0,8.7,2.0,9
NOT081-000027,2024-01-07,S3,presencial,72.4,10.6,9.2,0.6,1
NOT081-000028,2024-01-07,S1,presencial,80.3,12.2,13.7,7.8,0
NOT081-000029,2024-01-07,S2,presencial,74.7,15.3,11.8,1.3,2
NOT081-000030,2024-01-08,S3,virtual,87.0,15.8,16.3,8.8,0
NOT081-000031,2024-01-08,S1,virtual,39.5,11.6,10.6,2.8,2
NOT081-000032,2024-01-08,S2,presencial,85.0,10.1,11.0,8.8,3
NOT081-000033,2024-01-08,S3,presencial,68.8,8.0,13.2,8.2,6
NOT081-000034,2024-01-09,S1,presencial,87.4,11.1,9.7,3.8,1
NOT081-000035,2024-01-09,S2,presencial,57.0,13.1,8.6,2.6,1
NOT081-000036,2024-01-09,S3,virtual,68.6,6.7,10.4,8.0,6
NOT081-000037,2024-01-09,S1,presencial,62.9,11.0,8.5,3.3,0
NOT081-000038,2024-01-10,S2,presencial,100,9.8,11.2,7.7,3
NOT081-000039,2024-01-10,S3,presencial,58.6,11.4,11.3,10.1,1
NOT081-000040,2024-01-10,S1,presencial,80.7,5.4,6.9,2.0,2
NOT081-000041,2024-01-10,S2,presencial,100,12.7,16.2,2.1,2
NOT081-000042,2024-01-10,S3,virtual,83.5,10.0,13.6,6.9,3
NOT081-000043,2024-01-11,S1,virtual,92.6,8.9,10.2,8.9,5
NOT081-000044,2024-01-11,S2,virtual,63.4,14.6,11.9,7.8,3
NOT081-000045,2024-01-11,S3,presencial,50.5,8.1,6.8,1.3,10
NOT081-000046,2024-01-11,S1,presencial,73.9,9.3,10.6,3.3,6
NOT081-000047,2024-01-12,S2,virtual,100,14.8,10.0,0.7,3
NOT081-000048,2024-01-12,S3,virtual,64.5,10.9,12.8,4.0,1
NOT081-000049,2024-01-12,S1,virtual,94.9,10.4,11.8,4.9,1
NOT081-000050,2024-01-12,S2,presencial,71.4,6.8,7.7,2.8,2
NOT081-000051,2024-01-13,S3,virtual,95.2,7.9,9.0,5.8,3
NOT081-000052,2024-01-13,S1,presencial,74.8,13.9,13.7,1.0,2
NOT081-000053,2024-01-13,S2,presencial,67.4,15.2,14.9,1.4,2
NOT081-000054,2024-01-13,S3,virtual,66.6,12.4,10.1,4.6,2
NOT081-000055,2024-01-14,S1,virtual,87.5,9.9,15.6,5.2,7
NOT081-000056,2024-01-14,S2,presencial,75.4,8.0,10.0,9.2,10
NOT081-000057,2024-01-14,S3,presencial,89.6,7.7,7.7,3.9,3
NOT081-000058,2024-01-14,S1,virtual,75.9,12.8,13.7,3.4,0
NOT081-000059,2024-01-15,S2,virtual,68.6,9.1,6.0,9.0,3
NOT081-000060,2024-01-15,S3,virtual,90.1,7.4,8.5,0.8,3
NOT081-000061,2024-01-15,S1,presencial,95.2,9.9,12.5,7.6,10
NOT081-000062,2024-01-15,S2,virtual,70.5,13.6,9.8,3.4,3
NOT081-000063,2024-01-16,S3,presencial,68.5,13.7,11.4,10.4,0
NOT081-000064,2024-01-16,S1,presencial,42.1,8.6,9.6,5.6,2
NOT081-000065,2024-01-16,S2,presencial,94.9,8.0,11.2,9.5,8
NOT081-000066,2024-01-16,S3,virtual,56.1,10.1,9.3,6.9,1
NOT081-000067,2024-01-17,S1,virtual,47.5,13.3,11.8,6.4,1
NOT081-000068,2024-01-17,S2,virtual,54.3,13.4,9.8,9.8,1
NOT081-000069,2024-01-17,S3,virtual,85.8,10.0,8.7,2.7,2
NOT081-000070,2024-01-17,S1,virtual,62.8,9.9,11.1,11.5,3
NOT081-000071,2024-01-18,S2,virtual,46.1,7.0,9.2,4.4,6
NOT081-000072,2024-01-18,S3,virtual,92.2,12.9,12.8,9.3,0
NOT081-000073,2024-01-18,S1,virtual,100,13.7,17.5,11.3,2
NOT081-000074,2024-01-18,S2,presencial,96.3,9.5,11.6,8.7,8
NOT081-000075,2024-01-19,S3,presencial,98.8,11.5,12.9,1.7,2
NOT081-000076,2024-01-19,S1,virtual,64.7,9.4,9.7,8.7,4
NOT081-000077,2024-01-19,S2,presencial,93.8,10.3,11.4,1.0,0
NOT081-000078,2024-01-19,S3,presencial,94.0,13.9,16.3,8.8,0
NOT081-000079,2024-01-20,S1,presencial,90.2,11.7,13.4,4.5,1
NOT081-000080,2024-01-20,S2,presencial,82.6,12.7,10.7,0.8,3
NOT081-000081,2024-01-20,S3,presencial,77.1,2.1,7.7,10.9,10
NOT081-000082,2024-01-20,S1,virtual,88.1,14.9,14.1,2.8,0
NOT081-000083,2024-01-20,S2,presencial,86.4,15.3,15.3,10.8,0
NOT081-000084,2024-01-21,S3,virtual,64.9,10.2,,10.3,2
NOT081-000085,2024-01-21,S1,presencial,92.7,8.0,10.2,2.4,6
NOT081-000086,2024-01-21,S2,virtual,77.8,18.6,15.9,11.1,0
NOT081-000087,2024-01-21,S3,virtual,93.5,12.8,12.9,3.0,3
NOT081-000088,2024-01-22,S1,virtual,80.1,8.0,9.5,2.9,2
NOT081-000089,2024-01-22,S2,virtual,82.2,5.0,5.6,5.3,6
NOT081-000090,2024-01-22,S3,presencial,100,12.4,13.0,11.4,2
NOT081-000091,2024-01-22,S1,virtual,82.9,9.2,9.8,0.9,8
NOT081-000092,2024-01-23,S2,virtual,64.0,12.3,15.6,10.8,2
NOT081-000093,2024-01-23,S3,virtual,70.2,12.5,11.6,2.4,1
NOT081-000094,2024-01-23,S1,virtual,93.4,11.7,11.3,1.6,3
NOT081-000095,2024-01-23,S2,presencial,92.3,11.6,12.1,2.7,3
NOT081-000096,2024-01-24,S3,virtual,69.8,14.6,13.6,7.4,2
NOT081-000097,2024-01-24,S1,presencial,100,14.8,16.7,3.2,3
NOT081-000098,2024-01-24,S2, PRESENCIAL ,56.7,8.6,11.9,8.9,5
NOT081-000099,2024-01-24,S3,presencial,92.4,6.6,8.9,3.4,6
NOT081-000100,2024-01-25,S1,virtual,73.5,13.7,12.3,4.2,1
NOT081-000101,2024-01-25,S2,virtual,74.1,7.7,5.3,1.4,7
NOT081-000102,2024-01-25,S3,presencial,71.8,10.3,9.6,2.2,1
NOT081-000103,2024-01-25,S1,presencial,76.3,12.9,11.3,6.7,2
NOT081-000104,2024-01-26,S2,presencial,84.7,12.8,10.2,1.8,0
NOT081-000105,2024-01-26,S3,presencial,80.8,9.7,12.4,8.4,10
NOT081-000106,2024-01-26,S1,virtual,52.4,9.6,8.0,3.7,2
NOT081-000107,2024-01-26,S2,virtual,44.5,11.9,12.3,10.4,0
NOT081-000108,2024-01-27,S3,virtual,74.2,9.4,11.4,3.2,5
NOT081-000109,2024-01-27,S1,virtual,65.6,10.7,10.0,7.4,1
NOT081-000110,2024-01-27,S2,presencial,79.3,12.1,13.7,7.4,1
NOT081-000111,2024-01-27,S3,presencial,63.3,13.1,11.9,10.4,2
NOT081-000112,2024-01-28,S1,presencial,74.5,11.5,12.2,0.5,3
NOT081-000113,2024-01-28,S2,virtual,79.2,9.6,12.4,10.0,10
NOT081-000114,2024-01-28,S3,presencial,53.5,10.3,11.1,1.7,1
NOT081-000115,2024-01-28,S1,virtual,68.4,10.3,10.5,10.3,3
NOT081-000116,2024-01-29,S2,presencial,49.5,11.0,3.9,4.0,1
NOT081-000117,2024-01-29,S3,presencial,62.7,8.5,10.9,3.6,6
NOT081-000118,2024-01-29,S1,virtual,70.6,2.6,8.0,10.8,10
NOT081-000119,2024-01-29,S2,virtual,72.5,15.7,13.4,0.7,3
NOT081-000120,2024-01-29,S3,presencial,86.7,13.8,12.3,11.2,1
NOT081-000121,2024-01-30,S1,virtual,64.9,7.2,10.8,9.8,4
NOT081-000122,2024-01-30,S2,presencial,67.2,7.7,8.3,5.8,10
NOT081-000123,2024-01-30,S3,virtual,85.5,9.0,12.3,3.9,9
NOT081-000124,2024-01-30,S1,presencial,87.9,10.1,11.8,6.8,3
NOT081-000125,2024-01-31,S2,virtual,58.5,15.2,11.6,8.3,3
NOT081-000126,2024-01-31,S3,presencial,93.5,9.3,10.9,4.6,5
NOT081-000127,2024-01-31,S1,virtual,100,11.6,13.6,10.4,0
NOT081-000128,2024-01-31,S2,presencial,99.7,14.5,17.0,6.9,3
NOT081-000129,2024-02-01,S3,virtual,88.8,11.3,10.1,3.8,2
NOT081-000130,2024-02-01,S1,virtual,50.0,11.9,14.6,10.5,3
NOT081-000131,2024-02-01,S2,presencial,79.6,9.2,11.6,11.2,4
NOT081-000132,2024-02-01,S3,virtual,100,16.5,18.6,8.0,0
NOT081-000133,2024-02-02,S1,virtual,86.5,13.5,14.6,10.4,0
NOT081-000134,2024-02-02,S2,virtual,98.9,10.2,13.1,10.2,0
NOT081-000135,2024-02-02,S3,presencial,96.5,12.6,15.5,9.3,3
NOT081-000136,2024-02-02,S1,presencial,89.1,7.6,8.8,6.1,9
NOT081-000137,2024-02-03,S2,virtual,73.3,14.8,14.6,7.0,2
NOT081-000138,2024-02-03,S3,presencial,47.3,10.6,6.9,2.9,1
NOT081-000139,2024-02-03,S1,virtual,64.6,15.1,10.4,0.8,1
NOT081-000140,2024-02-03,S2,virtual,50.1,11.8,12.1,10.8,2
NOT081-000141,2024-02-04,S3,virtual,89.2,8.6,9.2,1.7,8
NOT081-000142,2024-02-04,S1,virtual,76.8,6.5,8.6,2.5,5
NOT081-000143,2024-02-04,S2,virtual,87.1,7.9,10.3,5.9,7
NOT081-000144,2024-02-04,S3,presencial,71.5,10.7,10.6,6.8,0
NOT081-000145,2024-02-05,S1,presencial,88.8,7.5,7.1,5.9,5
NOT081-000146,2024-02-05,S2,virtual,73.9,9.1,9.6,10.0,5
NOT081-000147,2024-02-05,S3,presencial,100,8.7,14.4,9.5,2
NOT081-000148,2024-02-05,S1,virtual,81.9,11.3,10.6,3.0,2
NOT081-000149,2024-02-06,S2,virtual,75.0,16.5,16.3,11.0,0
NOT081-000150,2024-02-06,S3,presencial,78.5,10.0,9.9,0.6,2
NOT081-000151,2024-02-06,S1,virtual,53.3,10.1,11.0,9.0,3
NOT081-000152,2024-02-06,S2,presencial,71.2,9.9,11.7,2.1,10
NOT081-000153,2024-02-07,S3,presencial,76.3,16.8,17.2,9.4,2
NOT081-000154,2024-02-07,S1,presencial,97.3,15.4,13.1,2.9,2
NOT081-000155,2024-02-07,S2,presencial,56.7,9.9,8.9,2.1,2
NOT081-000156,2024-02-07,S3,presencial,70.1,7.6,8.0,9.9,7
NOT081-000157,2024-02-08,S1,presencial,59.7,7.9,6.4,9.9,3
NOT081-000158,2024-02-08,S2,presencial,77.1,14.4,13.5,7.7,2
NOT081-000159,2024-02-08,S3,presencial,100,14.1,14.8,7.9,3
NOT081-000160,2024-02-08,S1,virtual,100,13.8,15.1,11.1,2
NOT081-000161,2024-02-08,S2,presencial,85.9,20,19.3,9.0,1
NOT081-000162,2024-02-09,S3,virtual,85.7,10.0,13.4,11.1,2
NOT081-000163,2024-02-09,S1,presencial,87.9,12.0,14.0,10.3,2
NOT081-000164,2024-02-09,S2,virtual,66.8,15.1,16.2,11.5,1
NOT081-000165,2024-02-09,S3,presencial,71.2,9.5,10.1,4.4,9
NOT081-000166,2024-02-10,S1,presencial,73.5,13.9,13.2,8.8,2
NOT081-000167,2024-02-10,S2,presencial,100,7.8,,3.0,8
NOT081-000168,2024-02-10,S3,presencial,81.6,14.2,13.6,10.9,3
NOT081-000169,2024-02-10,S1,virtual,94.8,8.8,11.9,2.9,7
NOT081-000170,2024-02-11,S2,presencial,93.6,9.3,10.7,4.8,9
NOT081-000171,2024-02-11,S3,presencial,53.5,12.1,7.1,2.7,2
NOT081-000172,2024-02-11,S1,presencial,81.5,9.8,8.5,4.6,10
NOT081-000173,2024-02-11,S2,virtual,97.8,15.8,12.6,4.6,2
NOT081-000174,2024-02-12,S3,virtual,58.6,12.4,8.9,7.7,3
NOT081-000175,2024-02-12,S1,virtual,72.0,10.7,8.8,2.1,3
NOT081-000176,2024-02-12,S2,presencial,87.0,9.9,12.7,4.5,4
NOT081-000177,2024-02-12,S3,virtual,50.3,12.7,14.3,8.8,1
NOT081-000178,2024-02-13,S1,presencial,100,9.8,13.1,9.5,5
NOT081-000179,2024-02-13,S2,presencial,65.9,7.4,7.3,2.5,3
NOT081-000180,2024-02-13,S3,presencial,88.6,13.1,12.8,2.9,2
NOT081-000181,2024-02-13,S1,virtual,68.5,13.5,11.9,9.0,2
NOT081-000182,2024-02-14,S2,virtual,85.0,12.8,11.9,4.7,3
NOT081-000183,2024-02-14,S3,virtual,65.3,8.7,8.0,12.0,4
NOT081-000184,2024-02-14,S1,presencial,80.4,13.6,9.0,7.0,0
NOT081-000185,2024-02-14,S2,virtual,72.3,9.4,7.3,3.6,5
NOT081-000186,2024-02-15,S3,virtual,71.8,16.5,16.9,8.5,2
NOT081-000187,2024-02-15,S1,virtual,74.3,10.9,11.1,9.8,3
NOT081-000188,2024-02-15,S2,virtual,57.2,15.1,13.1,7.9,1
NOT081-000189,2024-02-15,S3,presencial,100,4.7,7.9,7.2,7
NOT081-000190,2024-02-16,S1,virtual,56.6,9.6,8.8,2.2,4
NOT081-000191,2024-02-16,S2,presencial,48.6,12.6,15.2,10.2,1
NOT081-000192,2024-02-16,S3,presencial,94.8,13.0,13.5,5.1,0
NOT081-000193,2024-02-16,S1,virtual,84.7,8.9,10.8,1.7,7
NOT081-000194,2024-02-17,S2,presencial,49.9,13.3,11.0,1.6,3
NOT081-000195,2024-02-17,S3, VIRTUAL ,33.5,8.3,9.3,7.9,4
NOT081-000196,2024-02-17,S1,virtual,69.2,13.5,11.0,4.3,2
NOT081-000197,2024-02-17,S2,virtual,71.4,7.5,9.5,8.8,9
NOT081-000198,2024-02-18,S3,presencial,63.1,6.9,10.2,0.2,9
NOT081-000199,2024-02-18,S1,presencial,87.3,11.3,10.5,7.4,0
NOT081-000200,2024-02-18,S2,presencial,100,11.2,17.6,11.5,0
NOT081-000201,2024-02-18,S3,virtual,57.9,3.1,7.2,6.9,9
NOT081-000202,2024-02-18,S1,virtual,54.3,8.7,8.8,11.7,5
NOT081-000203,2024-02-19,S2,presencial,49.9,6.4,7.3,1.4,10
NOT081-000204,2024-02-19,S3,virtual,100,12.7,15.5,8.2,2
NOT081-000205,2024-02-19,S1,virtual,88.1,11.9,11.9,7.3,0
NOT081-000206,2024-02-19,S2,virtual,77.4,12.2,9.9,1.6,2
NOT081-000207,2024-02-20,S3,presencial,94.2,10.1,9.7,4.0,0
NOT081-000208,2024-02-20,S1,presencial,76.5,6.9,10.0,8.3,10
NOT081-000209,2024-02-20,S2,virtual,68.5,10.1,10.9,8.1,2
NOT081-000210,2024-02-20,S3,presencial,33.8,6.9,3.8,9.4,3
NOT081-000211,2024-02-21,S1,virtual,50.1,15.5,14.5,10.0,1
NOT081-000212,2024-02-21,S2,presencial,67.9,9.9,"10,0",0.7,7
NOT081-000213,2024-02-21,S3,presencial,76.4,8.6,8.3,4.1,8
NOT081-000214,2024-02-21,S1,virtual,72.5,13.8,9.1,8.1,3
NOT081-000215,2024-02-22,S2,presencial,100,8.7,9.9,7.7,9
NOT081-000216,2024-02-22,S3,presencial,61.4,16.7,14.3,10.7,0
NOT081-000217,2024-02-22,S1,presencial,53.2,10.9,7.9,1.7,3
NOT081-000218,2024-02-22,S2,presencial,51.8,14.6,14.4,5.3,3
NOT081-000219,2024-02-23,S3,virtual,77.2,8.2,10.0,7.6,5
NOT081-000220,2024-02-23,S1,presencial,76.2,12.2,10.2,4.8,2
NOT081-000221,2024-02-23,S2,virtual,83.1,11.3,11.9,11.7,2
NOT081-000222,2024-02-23,S3,virtual,85.3,7.7,14.9,11.1,7
NOT081-000223,2024-02-24,S1,presencial,55.9,13.6,12.0,9.9,3
NOT081-000224,2024-02-24,S2,virtual,91.1,8.5,9.9,0.9,9
NOT081-000225,2024-02-24,S3,virtual,69.1,7.0,8.0,4.8,8
NOT081-000226,2024-02-24,S1,virtual,56.9,15.4,13.5,5.7,1
NOT081-000227,2024-02-25,S2,virtual,66.3,12.3,9.6,0.6,0
NOT081-000228,2024-02-25,S3,presencial,70.9,13.8,4.9,0.5,0
NOT081-000229,2024-02-25,S1,virtual,82.3,12.4,12.5,8.4,3
NOT081-000230,2024-02-25,S2,presencial,72.1,11.6,8.7,2.3,3
NOT081-000231,2024-02-26,S3,presencial,63.5,9.6,11.8,7.5,8
NOT081-000232,2024-02-26,S1,virtual,100,10.7,12.3,7.6,2
NOT081-000233,2024-02-26,S2,presencial,79.3,11.6,7.8,2.6,0
NOT081-000234,2024-02-26,S3,presencial,75.8,9.0,10.2,8.1,10
NOT081-000235,2024-02-27,S1,presencial,86.0,7.6,11.5,5.0,5
NOT081-000236,2024-02-27,S2,presencial,63.7,8.1,10.6,2.5,10
NOT081-000237,2024-02-27,S3,virtual,68.0,8.6,9.6,11.9,5
NOT081-000238,2024-02-27,S1,presencial,70.5,11.8,14.3,6.4,0
NOT081-000239,2024-02-27,S2,virtual,63.3,9.7,12.9,7.2,10
NOT081-000240,2024-02-28,S3,virtual,78.6,11.3,10.0,8.8,1
NOT081-000241,2024-02-28,S1,virtual,77.1,10.3,7.4,2.5,2
NOT081-000242,2024-02-28,S2,presencial,100,13.3,13.8,6.0,1
NOT081-000243,2024-02-28,S3,presencial,79.8,12.1,14.8,9.1,0
NOT081-000244,2024-02-29,S1,virtual,70.6,7.7,5.7,0.2,6
NOT081-000245,2024-02-29,S2,presencial,100,9.7,12.4,3.8,5
NOT081-000246,2024-02-29,S3,virtual,81.3,6.7,9.1,6.4,5
NOT081-000247,2024-02-29,S1,presencial,73.3,13.5,10.9,0.5,0
NOT081-000248,2024-03-01,S2,virtual,91.0,9.7,11.5,4.5,8
NOT081-000249,2024-03-01,S3,presencial,68.2,10.6,11.2,10.0,3
NOT081-000250,2024-03-01,S1,presencial,100,10.0,,8.6,1
NOT081-000251,2024-03-01,S2,presencial,90.5,14.3,18.6,6.1,3
NOT081-000252,2024-03-02,S3,virtual,100,10.5,9.7,2.7,2
NOT081-000253,2024-03-02,S1,presencial,71.9,9.2,10.8,0.7,4
NOT081-000254,2024-03-02,S2,presencial,84.7,9.1,7.1,4.8,10
NOT081-000255,2024-03-02,S3,presencial,100,8.2,9.7,7.5,10
NOT081-000256,2024-03-03,S1,presencial,69.3,9.0,11.3,11.7,6
NOT081-000257,2024-03-03,S2,presencial,85.4,9.3,7.0,9.4,4
NOT081-000258,2024-03-03,S3,presencial,100,9.2,11.9,0.9,3
NOT081-000259,2024-03-03,S1,virtual,98.8,9.5,11.2,6.4,6
NOT081-000260,2024-03-04,S2,virtual,86.2,11.8,9.0,2.9,3
NOT081-000261,2024-03-04,S3,presencial,87.9,13.4,13.9,10.4,2
NOT081-000262,2024-03-04,S1,presencial,100,11.5,11.0,9.6,2
NOT081-000263,2024-03-04,S2,virtual,66.2,11.6,13.5,8.2,2
NOT081-000264,2024-03-05,S3,presencial,54.3,8.8,12.0,6.8,4
NOT081-000265,2024-03-05,S1,virtual,94.0,14.9,13.6,0.8,1
NOT081-000266,2024-03-05,S2,virtual,96.3,8.2,9.4,12.0,7
NOT081-000267,2024-03-05,S3,virtual,51.0,10.4,7.5,5.2,1
NOT081-000268,2024-03-06,S1,presencial,100,10.1,11.5,2.0,2
NOT081-000269,2024-03-06,S2,presencial,78.5,9.3,9.0,3.1,4
NOT081-000270,2024-03-06,S3,presencial,97.3,9.8,10.7,3.0,2
NOT081-000271,2024-03-06,S1,virtual,100,9.2,15.3,11.5,10
NOT081-000272,2024-03-07,S2,virtual,95.1,12.5,16.7,6.8,1
NOT081-000273,2024-03-07,S3,presencial,38.5,12.7,14.4,4.5,1
NOT081-000274,2024-03-07,S1,presencial,91.0,20,18.9,10.7,3
NOT081-000275,2024-03-07,S2,presencial,100,12.7,13.6,4.7,2
NOT081-000276,2024-03-08,S3,virtual,55.3,8.9,10.1,6.7,6
NOT081-000277,2024-03-08,S1,virtual,58.1,13.8,12.3,9.4,3
NOT081-000278,2024-03-08,S2,presencial,65.7,14.4,12.6,4.4,0
NOT081-000279,2024-03-08,S3,virtual,76.7,9.3,6.7,6.8,5
NOT081-000280,2024-03-08,S1,virtual,81.0,15.1,15.8,2.6,1
NOT081-000281,2024-03-09,S2,presencial,67.7,13.8,13.3,1.9,0
NOT081-000282,2024-03-09,S3,virtual,86.1,10.1,9.5,9.4,2
NOT081-000283,2024-03-09,S1,virtual,100,11.3,11.8,1.7,0
NOT081-000284,2024-03-09,S2,presencial,54.5,9.0,11.9,3.7,5
NOT081-000285,2024-03-10,S3,virtual,77.0,11.3,15.7,10.8,2
NOT081-000286,2024-03-10,S1,virtual,89.2,9.1,12.7,1.5,3
NOT081-000287,2024-03-10,S2,presencial,79.5,5.7,10.1,8.5,8
NOT081-000288,2024-03-10,S3,virtual,69.1,12.0,7.5,11.4,1
NOT081-000289,2024-03-11,S1,presencial,79.6,8.4,6.6,2.0,10
NOT081-000290,2024-03-11,S2,virtual,95.8,8.1,9.0,10.2,2
NOT081-000291,2024-03-11,S3,virtual,100,7.9,9.6,11.7,8
NOT081-000292,2024-03-11,S1, PRESENCIAL ,84.7,8.6,11.6,10.7,7
NOT081-000293,2024-03-12,S2,presencial,63.2,8.8,8.2,8.5,2
NOT081-000294,2024-03-12,S3,virtual,66.8,10.0,12.2,2.8,3
NOT081-000295,2024-03-12,S1,presencial,100,11.7,17.5,11.8,0
NOT081-000296,2024-03-12,S2,presencial,97.7,7.0,8.8,2.4,5
NOT081-000297,2024-03-13,S3,virtual,69.6,10.6,9.8,5.8,1
NOT081-000298,2024-03-13,S1,virtual,94.4,9.7,13.2,8.9,2
NOT081-000299,2024-03-13,S2,presencial,86.6,12.4,11.3,8.6,2
NOT081-000300,2024-03-13,S3,presencial,100,13.4,14.3,5.1,3
NOT081-000301,2024-03-14,S1,virtual,60.0,12.8,10.1,0.5,1
NOT081-000302,2024-03-14,S2,presencial,90.4,15.1,14.9,0.5,1
NOT081-000303,2024-03-14,S3,presencial,90.1,9.0,9.9,10.5,4
NOT081-000304,2024-03-14,S1,virtual,60.4,1.2,5.8,11.6,5
NOT081-000305,2024-03-15,S2,virtual,64.1,6.5,7.9,1.2,2
NOT081-000306,2024-03-15,S3,virtual,66.9,12.8,11.5,3.5,3
NOT081-000307,2024-03-15,S1,virtual,76.8,11.3,14.7,5.0,0
NOT081-000308,2024-03-15,S2,virtual,85.9,11.7,12.0,3.2,2
NOT081-000309,2024-03-16,S3,virtual,65.3,14.2,14.7,6.4,2
NOT081-000310,2024-03-16,S1,presencial,77.5,7.9,8.7,6.7,3
NOT081-000311,2024-03-16,S2,virtual,88.6,9.9,11.9,10.4,2
NOT081-000312,2024-03-16,S3,virtual,99.0,8.6,11.8,6.3,8
NOT081-000313,2024-03-17,S1,presencial,57.0,9.1,10.2,6.5,3
NOT081-000314,2024-03-17,S2,presencial,74.1,8.2,10.4,11.6,3
NOT081-000315,2024-03-17,S3,presencial,74.2,10.8,9.6,5.0,0
NOT081-000316,2024-03-17,S1,presencial,91.4,10.1,6.7,6.6,0
NOT081-000317,2024-03-17,S2,presencial,100,12.4,11.4,5.7,3
NOT081-000318,2024-03-18,S3,virtual,75.0,12.6,11.9,5.0,1
NOT081-000319,2024-03-18,S1,virtual,60.5,8.0,7.1,3.8,4
NOT081-000320,2024-03-18,S2,presencial,44.7,8.3,6.7,2.6,3
NOT081-000321,2024-03-18,S3,virtual,67.9,16.9,16.4,6.1,0
NOT081-000322,2024-03-19,S1,virtual,97.7,13.1,13.9,2.1,3
NOT081-000323,2024-03-19,S2,presencial,66.0,12.5,12.4,3.3,3
NOT081-000324,2024-03-19,S3,presencial,76.2,8.2,10.9,10.4,10
NOT081-000325,2024-03-19,S1,presencial,57.8,12.2,7.2,3.3,3
NOT081-000326,2024-03-20,S2,presencial,72.3,15.2,16.1,1.9,2
NOT081-000327,2024-03-20,S3,virtual,75.3,8.5,11.1,10.0,2
NOT081-000328,2024-03-20,S1,virtual,95.2,11.0,12.9,7.4,3
NOT081-000329,2024-03-20,S2,presencial,100,11.7,10.2,5.9,3
NOT081-000330,2024-03-21,S3,virtual,88.2,11.2,13.1,1.3,1
NOT081-000331,2024-03-21,S1,virtual,79.7,8.5,11.7,3.3,7
NOT081-000332,2024-03-21,S2,virtual,69.3,16.3,13.2,0.6,2
NOT081-000333,2024-03-21,S3,virtual,74.2,14.6,,5.3,0
NOT081-000334,2024-03-22,S1,virtual,74.4,8.3,11.8,6.2,5
NOT081-000335,2024-03-22,S2,presencial,100,12.2,12.8,6.9,0
NOT081-000336,2024-03-22,S3,virtual,70.3,11.2,10.4,2.2,1
NOT081-000337,2024-03-22,S1,presencial,83.6,6.1,8.9,7.2,7
NOT081-000338,2024-03-23,S2,virtual,47.3,14.8,14.4,10.6,3
NOT081-000339,2024-03-23,S3,presencial,91.0,7.5,11.3,11.5,10
NOT081-000340,2024-03-23,S1,virtual,72.6,12.9,13.5,7.9,0
NOT081-000341,2024-03-23,S2,virtual,93.3,9.4,15.0,3.5,9
NOT081-000342,2024-03-24,S3,virtual,68.1,10.4,14.0,8.7,3
NOT081-000343,2024-03-24,S1,virtual,52.8,8.4,5.4,6.4,2
NOT081-000344,2024-03-24,S2,presencial,58.6,13.3,11.5,2.7,0
NOT081-000345,2024-03-24,S3,virtual,88.2,8.9,13.9,1.3,8
NOT081-000346,2024-03-25,S1,virtual,92.9,12.1,12.2,11.8,1
NOT081-000347,2024-03-25,S2,virtual,89.3,3.8,8.6,10.0,7
NOT081-000348,2024-03-25,S3,virtual,73.0,12.7,9.8,11.8,1
NOT081-000349,2024-03-25,S1,virtual,32.6,12.4,8.9,12.0,1
NOT081-000350,2024-03-26,S2,virtual,85.8,15.6,20,10.1,3
NOT081-000351,2024-03-26,S3,presencial,62.1,11.5,15.0,1.7,2
NOT081-000352,2024-03-26,S1,presencial,64.0,17.2,11.8,0.9,2
NOT081-000353,2024-03-26,S2,presencial,47.1,10.7,12.1,5.6,0
NOT081-000354,2024-03-27,S3,presencial,72.0,7.4,10.3,9.7,5
NOT081-000355,2024-03-27,S1,virtual,76.4,5.9,12.0,6.5,7
NOT081-000356,2024-03-27,S2,virtual,66.5,10.6,10.2,7.1,2
NOT081-000357,2024-03-27,S3,virtual,75.9,6.7,11.3,4.2,10
NOT081-000358,2024-03-27,S1,presencial,92.5,9.5,13.9,11.4,5
NOT081-000359,2024-03-28,S2,virtual,46.5,11.2,12.4,2.0,3
NOT081-000360,2024-03-28,S3,presencial,63.3,11.8,9.3,4.4,3
NOT081-000361,2024-03-28,S1,presencial,57.3,10.6,7.3,1.5,3
NOT081-000362,2024-03-28,S2,presencial,85.8,16.3,15.1,7.5,1
NOT081-000363,2024-03-29,S3,virtual,65.1,10.0,13.7,7.2,0
NOT081-000364,2024-03-29,S1,virtual,100,7.2,11.3,10.9,4
NOT081-000365,2024-03-29,S2,virtual,100,14.3,14.2,8.4,1
NOT081-000366,2024-03-29,S3,virtual,92.5,11.9,12.7,2.9,2
NOT081-000367,2024-03-30,S1,presencial,83.1,8.0,10.6,4.6,6
NOT081-000368,2024-03-30,S2,presencial,100,3.6,6.9,1.6,4
NOT081-000369,2024-03-30,S3,presencial,87.8,12.8,12.4,3.1,2
NOT081-000370,2024-03-30,S1,virtual,84.6,12.5,13.9,1.6,2
NOT081-000371,2024-03-31,S2,virtual,79.9,9.0,8.4,11.2,7
NOT081-000372,2024-03-31,S3,virtual,100,12.2,13.5,4.0,2
NOT081-000373,2024-03-31,S1,presencial,70.7,12.1,10.6,8.6,3
NOT081-000374,2024-03-31,S2,presencial,100,17.9,18.4,9.5,3
NOT081-000375,2024-04-01,S3,virtual,62.8,11.8,8.4,7.3,3
NOT081-000376,2024-04-01,S1,presencial,96.4,9.9,8.6,3.3,7
NOT081-000377,2024-04-01,S2,virtual,72.1,11.9,15.1,4.3,3
NOT081-000378,2024-04-01,S3,virtual,100,12.5,14.7,8.8,0
NOT081-000379,2024-04-02,S1,presencial,70.5,9.7,10.2,4.5,6
NOT081-000380,2024-04-02,S2,presencial,59.7,15.0,14.7,3.8,0
NOT081-000381,2024-04-02,S3,presencial,88.8,11.0,13.0,10.5,1
NOT081-000382,2024-04-02,S1,virtual,54.9,11.7,5.9,0.4,0
NOT081-000383,2024-04-03,S2,presencial,73.1,8.9,8.5,2.3,5
NOT081-000384,2024-04-03,S3,virtual,61.4,11.2,11.7,11.3,3
NOT081-000385,2024-04-03,S1,presencial,61.9,4.9,6.1,0.6,8
NOT081-000386,2024-04-03,S2,presencial,82.7,7.8,10.9,4.2,10
NOT081-000387,2024-04-04,S3,presencial,77.2,4.5,9.2,1.2,4
NOT081-000388,2024-04-04,S1,presencial,88.9,7.4,6.8,5.4,8
NOT081-000389,2024-04-04,S2, PRESENCIAL ,67.1,13.3,7.9,1.9,1
NOT081-000390,2024-02-30,S3,virtual,75.1,11.5,9.2,4.6,3
NOT081-000391,2024-04-05,S1,presencial,100,10.4,12.0,8.2,0
NOT081-000392,2024-04-05,S2,virtual,99.4,8.5,8.8,10.6,3
NOT081-000393,2024-04-05,S3,virtual,77.2,11.5,10.4,5.0,0
NOT081-000394,2024-04-05,S1,virtual,74.4,10.3,10.2,8.4,3
NOT081-000395,2024-04-06,S2,presencial,79.0,11.1,14.1,5.1,3
NOT081-000396,2024-04-06,S3,presencial,74.6,9.7,10.4,5.9,5
NOT081-000397,2024-04-06,S1,presencial,74.9,10.7,11.1,5.2,0
NOT081-000398,2024-04-06,S2,presencial,72.2,11.6,13.7,11.8,1
NOT081-000399,2024-04-06,S3,virtual,54.5,13.4,9.9,4.7,0
NOT081-000400,2024-04-07,S1,virtual,87.3,10.8,10.3,7.7,0
NOT081-000401,2024-04-07,S2,presencial,72.8,13.5,11.7,7.0,2
NOT081-000402,2024-04-07,S3,virtual,95.5,8.9,10.4,1.5,4
NOT081-000403,2024-04-07,S1,presencial,83.0,11.4,12.9,7.2,1
NOT081-000404,2024-04-08,S2,virtual,64.7,10.1,11.4,4.3,0
NOT081-000405,2024-04-08,S3,virtual,71.3,12.9,15.8,6.8,1
NOT081-000406,2024-04-08,S1,presencial,54.3,12.8,9.7,4.9,0
NOT081-000407,2024-04-08,S2,presencial,71.7,11.9,10.6,1.9,0
NOT081-000408,2024-04-09,S3,virtual,74.5,11.7,8.9,0.7,0
NOT081-000409,2024-04-09,S1,virtual,79.3,12.1,12.9,1.0,0
NOT081-000410,2024-04-09,S2,presencial,70.6,14.5,13.0,10.2,1
NOT081-000411,2024-04-09,S3,presencial,75.3,11.8,11.6,2.9,1
NOT081-000412,2024-04-10,S1,virtual,70.9,11.6,11.3,4.1,0
NOT081-000413,2024-04-10,S2,presencial,68.7,16.3,15.3,10.4,2
NOT081-000414,2024-04-10,S3,presencial,88.2,12.5,16.4,4.9,3
NOT081-000415,2024-04-10,S1,virtual,65.7,9.8,11.3,8.4,7
NOT081-000416,2024-04-11,S2,presencial,92.0,7.2,,6.4,2
NOT081-000417,2024-04-11,S3,presencial,70.9,11.9,11.3,11.5,3
NOT081-000418,2024-04-11,S1,virtual,100,8.0,8.2,0.4,6
NOT081-000419,2024-04-11,S2,presencial,78.2,9.8,11.7,7.0,4
NOT081-000420,2024-04-12,S3,presencial,75.0,11.1,8.8,2.2,2
NOT081-000421,2024-04-12,S1,presencial,95.0,15.7,19.1,2.0,2
NOT081-000422,2024-04-12,S2,virtual,77.5,8.7,12.5,6.6,4
NOT081-000423,2024-04-12,S3,virtual,92.6,10.4,"11,7",6.1,0
NOT081-000424,2024-04-13,S1,presencial,63.5,13.0,12.4,4.6,2
NOT081-000425,2024-04-13,S2,virtual,87.7,11.1,12.1,9.7,2
NOT081-000426,2024-04-13,S3,virtual,39.4,13.2,12.2,11.3,1
NOT081-000427,2024-04-13,S1,virtual,100,9.9,12.8,3.8,10
NOT081-000428,2024-04-14,S2,virtual,87.9,12.1,14.2,3.9,2
NOT081-000429,2024-04-14,S3,presencial,57.4,8.3,4.7,0.4,4
NOT081-000430,2024-04-14,S1,presencial,65.6,14.7,15.0,7.6,3
NOT081-000431,2024-04-14,S2,virtual,90.3,13.7,12.3,4.0,3
NOT081-000432,2024-04-15,S3,virtual,68.8,8.7,10.6,5.2,10
NOT081-000433,2024-04-15,S1,presencial,51.4,15.8,12.2,2.0,1
NOT081-000434,2024-04-15,S2,presencial,72.4,18.7,14.3,1.5,1
NOT081-000435,2024-04-15,S3,presencial,100,7.4,8.5,1.6,6
NOT081-000436,2024-04-15,S1,virtual,94.0,12.6,15.2,7.4,2
NOT081-000437,2024-04-16,S2,presencial,73.1,12.3,10.5,1.9,2
NOT081-000438,2024-04-16,S3,virtual,100,13.5,14.3,6.4,1
NOT081-000439,2024-04-16,S1,presencial,100,9.5,13.9,7.8,8
NOT081-000440,2024-04-16,S2,presencial,76.4,11.8,11.8,4.7,1
NOT081-000441,2024-04-17,S3,virtual,75.1,11.8,10.6,4.2,3
NOT081-000442,2024-04-17,S1,presencial,75.3,9.3,12.9,5.8,9
NOT081-000443,2024-04-17,S2,presencial,100,9.4,8.0,0.5,2
NOT081-000444,2024-04-17,S3,virtual,80.4,9.3,13.5,10.1,10
NOT081-000445,2024-04-18,S1,virtual,88.0,7.6,9.2,1.6,6
NOT081-000446,2024-04-18,S2,virtual,48.2,6.3,6.1,0.8,3
NOT081-000447,2024-04-18,S3,presencial,64.6,9.8,9.0,2.8,9
NOT081-000448,2024-04-18,S1,virtual,89.1,11.6,12.4,6.2,0
NOT081-000449,2024-04-19,S2,virtual,82.4,6.2,7.6,7.8,5
NOT081-000450,2024-04-19,S3,presencial,73.7,7.4,10.2,10.7,8
NOT081-000451,2024-04-19,S1,virtual,100,11.8,12.5,7.3,1
NOT081-000452,2024-04-19,S2,virtual,56.7,10.0,8.5,4.0,1
NOT081-000453,2024-04-20,S3,virtual,70.0,13.7,14.9,9.0,3
NOT081-000454,2024-04-20,S1,virtual,88.6,12.9,11.2,5.8,0
NOT081-000455,2024-04-20,S2,virtual,85.8,9.6,13.1,11.5,4
NOT081-000456,2024-04-20,S3,presencial,75.0,15.5,16.5,6.6,2
NOT081-000457,2024-04-21,S1,virtual,83.6,7.7,14.6,11.3,10
NOT081-000458,2024-04-21,S2,virtual,89.4,10.8,12.8,10.5,1
NOT081-000459,2024-04-21,S3,presencial,96.2,13.4,14.9,3.4,0
NOT081-000460,2024-04-21,S1,presencial,65.9,8.9,9.4,1.0,10
NOT081-000461,2024-04-22,S2,virtual,74.0,15.3,16.3,11.2,1
NOT081-000462,2024-04-22,S3,presencial,69.5,6.6,4.8,2.6,2
NOT081-000463,2024-04-22,S1,virtual,64.2,12.2,5.5,5.7,1
NOT081-000464,2024-04-22,S2,presencial,57.3,9.4,7.0,0.6,2
NOT081-000465,2024-04-23,S3,virtual,52.8,8.3,11.1,1.3,2
NOT081-000466,2024-04-23,S1,presencial,64.6,13.9,14.2,8.1,3
NOT081-000467,2024-04-23,S2,presencial,57.2,8.3,7.0,2.3,4
NOT081-000468,2024-04-23,S3,presencial,43.0,12.9,12.4,11.3,2
NOT081-000469,2024-04-24,S1,presencial,72.4,4.8,7.5,6.2,4
NOT081-000470,2024-04-24,S2,presencial,40.3,7.9,10.0,7.7,8
NOT081-000471,2024-04-24,S3,virtual,73.1,15.8,13.8,1.4,0
NOT081-000472,2024-04-24,S1,presencial,76.3,9.7,11.6,11.8,5
NOT081-000473,2024-04-25,S2,virtual,84.3,8.5,11.6,7.7,2
NOT081-000474,2024-04-25,S3,virtual,65.7,5.3,11.0,11.5,9
NOT081-000475,2024-04-25,S1,presencial,90.4,1.9,8.7,9.7,4
NOT081-000476,2024-04-25,S2,presencial,82.8,12.6,12.9,4.3,1
NOT081-000477,2024-04-25,S3,virtual,89.6,13.5,15.2,9.8,3
NOT081-000478,2024-04-26,S1,presencial,78.8,13.6,10.2,11.0,1
NOT081-000479,2024-04-26,S2,virtual,60.6,8.5,10.8,9.2,7
NOT081-000480,2024-04-26,S3,presencial,97.8,12.8,15.0,10.2,2
NOT081-000481,2024-04-26,S1,virtual,80.7,12.9,10.6,2.7,2
NOT081-000482,2024-04-27,S2,presencial,62.0,12.9,13.3,9.1,3
NOT081-000483,2024-04-27,S3,presencial,83.7,8.7,9.6,10.9,5
NOT081-000484,2024-04-27,S1,presencial,82.6,9.3,11.2,11.6,5
NOT081-000485,2024-04-27,S2,virtual,59.6,11.5,9.6,5.3,0
NOT081-000486,2024-04-28,S3, PRESENCIAL ,36.1,8.7,9.0,8.7,9
NOT081-000487,2024-04-28,S1,virtual,83.0,10.0,11.5,10.7,1
NOT081-000488,2024-04-28,S2,virtual,100,8.1,9.6,0.1,3
NOT081-000489,2024-04-28,S3,virtual,63.5,11.4,13.4,11.5,3
NOT081-000490,2024-04-29,S1,virtual,84.1,6.4,10.1,8.4,5
NOT081-000491,2024-04-29,S2,presencial,75.6,14.1,14.6,11.0,2
NOT081-000492,2024-04-29,S3,virtual,100,12.2,14.2,6.9,1
NOT081-000493,2024-04-29,S1,virtual,60.6,12.5,12.7,4.2,2
NOT081-000494,2024-04-30,S2,virtual,80.8,2.8,7.9,11.9,3
NOT081-000495,2024-04-30,S3,presencial,60.2,14.1,14.2,3.3,3
NOT081-000496,2024-04-30,S1,presencial,54.4,9.6,9.6,4.5,3
NOT081-000497,2024-04-30,S2,virtual,88.3,9.1,9.3,7.9,9
NOT081-000498,2024-05-01,S3,virtual,77.8,12.8,11.7,3.6,1
NOT081-000499,2024-05-01,S1,presencial,89.7,11.9,,3.2,2
NOT081-000500,2024-05-01,S2,presencial,86.3,12.7,9.3,0.6,1
NOT081-000501,2024-05-01,S3,presencial,72.3,11.8,10.9,9.7,2
NOT081-000502,2024-05-02,S1,presencial,100,13.7,14.5,11.7,3
NOT081-000503,2024-05-02,S2,presencial,74.9,9.1,11.7,10.7,6
NOT081-000504,2024-05-02,S3,presencial,89.7,8.2,10.8,7.9,5
NOT081-000505,2024-05-02,S1,virtual,86.6,11.0,7.5,4.2,2
NOT081-000506,2024-05-03,S2,virtual,59.9,13.4,10.9,0.0,2
NOT081-000507,2024-05-03,S3,virtual,84.5,10.6,11.2,2.8,3
NOT081-000508,2024-05-03,S1,virtual,86.2,16.9,15.9,2.3,3
NOT081-000509,2024-05-03,S2,virtual,100,14.3,16.0,10.2,3
NOT081-000510,2024-05-04,S3,presencial,61.1,13.8,11.1,1.1,3
NOT081-000511,2024-05-04,S1,presencial,73.4,8.0,9.9,0.7,5
NOT081-000512,2024-05-04,S2,virtual,51.8,12.1,11.3,11.7,1
NOT081-000513,2024-05-04,S3,virtual,71.9,13.8,15.1,2.5,2
NOT081-000514,2024-05-05,S1,presencial,70.9,13.2,17.6,11.9,0
NOT081-000515,2024-05-05,S2,presencial,86.7,9.6,12.4,6.2,9
NOT081-000516,2024-05-05,S3,virtual,55.2,12.3,10.6,10.7,1
NOT081-000517,2024-05-05,S1,virtual,79.9,13.9,11.1,4.9,0
NOT081-000518,2024-05-05,S2,presencial,75.4,11.8,12.4,6.7,1
NOT081-000519,2024-05-06,S3,virtual,96.7,11.8,13.6,11.2,0
NOT081-000520,2024-05-06,S1,virtual,31.6,10.4,10.0,11.7,2
NOT081-000521,2024-05-06,S2,presencial,86.4,11.7,10.8,6.3,1
NOT081-000522,2024-05-06,S3,virtual,58.0,11.0,7.9,6.2,3
NOT081-000523,2024-05-07,S1,virtual,69.3,14.3,11.9,5.4,3
NOT081-000524,2024-05-07,S2,presencial,96.4,9.8,10.5,4.6,2
NOT081-000525,2024-05-07,S3,presencial,35.4,13.7,11.8,6.7,3
NOT081-000526,2024-05-07,S1,virtual,100,8.8,9.2,8.4,3
NOT081-000527,2024-05-08,S2,virtual,85.8,13.0,10.3,6.7,1
NOT081-000528,2024-05-08,S3,presencial,100,11.3,11.7,8.4,0
NOT081-000529,2024-05-08,S1,virtual,87.2,12.0,10.9,2.6,0
NOT081-000530,2024-05-08,S2,virtual,79.9,13.8,14.5,10.4,2
NOT081-000531,2024-05-09,S3,presencial,70.6,10.4,12.4,5.3,2
NOT081-000532,2024-05-09,S1,virtual,97.9,13.0,10.2,8.4,3
NOT081-000533,2024-05-09,S2,virtual,100,8.2,14.7,11.6,4
NOT081-000534,2024-05-09,S3,presencial,76.4,10.8,10.7,4.9,2
NOT081-000535,2024-05-10,S1,presencial,61.7,8.5,8.0,11.7,8
NOT081-000536,2024-05-10,S2,presencial,96.0,10.0,12.3,10.7,0
NOT081-000537,2024-05-10,S3,presencial,81.0,8.6,13.5,5.8,9
NOT081-000538,2024-05-10,S1,presencial,94.9,9.9,14.2,6.4,5
NOT081-000539,2024-05-11,S2,virtual,73.2,10.1,9.7,11.7,3
NOT081-000540,2024-05-11,S3,virtual,48.4,10.2,6.9,10.0,0
NOT081-000541,2024-05-11,S1,presencial,85.4,10.4,11.6,4.0,0
NOT081-000542,2024-05-11,S2,virtual,71.8,11.6,8.3,1.4,0
NOT081-000543,2024-05-12,S3,virtual,100,11.3,13.0,7.4,0
NOT081-000544,2024-05-12,S1,virtual,82.1,11.0,10.7,6.1,1
NOT081-000545,2024-05-12,S2,virtual,94.5,10.1,9.2,1.0,0
NOT081-000546,2024-05-12,S3,virtual,59.9,5.9,6.1,0.8,10
NOT081-000547,2024-05-13,S1,virtual,83.8,15.3,16.5,6.1,3
NOT081-000548,2024-05-13,S2,presencial,81.4,6.4,4.9,0.4,9
NOT081-000549,2024-05-13,S3,virtual,80.2,7.3,11.9,9.4,2
NOT081-000550,2024-05-13,S1,virtual,67.4,8.4,7.0,2.4,2
NOT081-000551,2024-05-14,S2,presencial,69.4,12.6,13.8,3.6,1
NOT081-000552,2024-05-14,S3,virtual,85.2,13.6,11.9,0.9,1
NOT081-000553,2024-05-14,S1,presencial,70.4,6.2,6.6,2.4,6
NOT081-000554,2024-05-14,S2,virtual,100,9.0,14.6,4.9,8
NOT081-000555,2024-05-14,S3,virtual,68.8,9.2,12.0,6.6,8
NOT081-000556,2024-05-15,S1,presencial,87.4,6.3,11.1,3.1,7
NOT081-000557,2024-05-15,S2,presencial,65.7,10.8,11.2,8.4,0
NOT081-000558,2024-05-15,S3,virtual,77.7,7.3,13.9,8.5,4
NOT081-000559,2024-05-15,S1,virtual,60.5,7.6,10.6,8.8,2
NOT081-000560,2024-05-16,S2,virtual,79.9,15.4,16.7,2.4,2
NOT081-000561,2024-05-16,S3,presencial,78.0,8.3,11.7,11.0,8
NOT081-000562,2024-05-16,S1,presencial,100,13.5,16.3,9.0,1
NOT081-000563,2024-05-16,S2,virtual,65.5,8.2,7.6,2.0,9
NOT081-000564,2024-05-17,S3,presencial,100,8.9,9.8,3.4,5
NOT081-000565,2024-05-17,S1,presencial,86.4,18.0,17.3,5.5,1
NOT081-000566,2024-05-17,S2,presencial,76.6,8.3,11.4,0.3,2
NOT081-000567,2024-05-17,S3,presencial,85.0,11.7,14.5,10.7,2
NOT081-000568,2024-05-18,S1,presencial,96.4,8.8,9.3,7.4,7
NOT081-000569,2024-05-18,S2,presencial,69.8,4.4,3.3,1.8,10
NOT081-000570,2024-05-18,S3,virtual,72.6,12.2,10.1,3.1,0
NOT081-000571,2024-05-18,S1,virtual,73.3,9.3,9.3,0.5,9
NOT081-000572,2024-05-19,S2,virtual,60.3,9.6,9.0,1.5,2
NOT081-000573,2024-05-19,S3,presencial,66.0,8.2,9.6,0.3,5
NOT081-000574,2024-05-19,S1,virtual,53.9,11.6,10.7,5.2,2
NOT081-000575,2024-05-19,S2,presencial,100,11.1,12.1,11.4,2
NOT081-000576,2024-05-20,S3,presencial,50.0,5.6,6.1,10.5,2
NOT081-000577,2024-05-20,S1,presencial,64.5,12.1,12.3,9.3,3
NOT081-000578,2024-05-20,S2,presencial,100,6.8,7.8,11.5,2
NOT081-000579,2024-05-20,S3,virtual,80.4,16.5,19.6,4.1,2
NOT081-000580,2024-05-21,S1,presencial,87.8,9.4,12.6,5.7,10
NOT081-000581,2024-05-21,S2,presencial,85.1,14.0,14.9,5.5,2
NOT081-000582,2024-05-21,S3,presencial,81.0,11.2,,11.3,1
NOT081-000583,2024-05-21,S1, PRESENCIAL ,60.2,8.8,12.4,6.2,8
NOT081-000584,2024-05-22,S2,presencial,56.7,9.5,10.7,9.1,9
NOT081-000585,2024-05-22,S3,presencial,68.2,15.3,12.4,2.4,3
NOT081-000586,2024-05-22,S1,presencial,79.3,5.0,4.4,5.5,2
NOT081-000587,2024-05-22,S2,presencial,68.5,7.6,10.1,10.6,5
NOT081-000588,2024-05-23,S3,presencial,90.6,9.3,12.8,1.7,7
NOT081-000589,2024-05-23,S1,virtual,70.9,8.2,10.1,7.4,9
NOT081-000590,2024-05-23,S2,virtual,87.3,7.5,11.4,10.1,3
NOT081-000591,2024-05-23,S3,presencial,82.2,13.6,12.3,0.1,2
NOT081-000592,2024-05-24,S1,virtual,65.1,11.7,8.9,9.9,1
NOT081-000593,2024-05-24,S2,virtual,56.8,12.1,10.8,2.8,3
NOT081-000594,2024-05-24,S3,presencial,78.0,8.1,11.5,3.3,8
NOT081-000595,2024-05-24,S1,presencial,51.9,14.4,17.8,11.5,3
NOT081-000596,2024-05-24,S2,presencial,78.5,6.9,10.5,10.3,2
NOT081-000597,2024-05-25,S3,presencial,89.7,9.7,13.1,10.5,5
NOT081-000598,2024-05-25,S1,presencial,47.0,8.6,8.1,8.6,6
NOT081-000599,2024-05-25,S2,presencial,63.0,13.1,9.9,3.0,0
NOT081-000600,2024-05-25,S3,presencial,83.4,11.5,13.1,9.4,2
NOT081-000601,2024-05-26,S1,presencial,97.9,11.8,16.3,11.2,3
NOT081-000602,2024-05-26,S2,presencial,74.3,6.0,8.7,9.3,5
NOT081-000603,2024-05-26,S3,presencial,80.3,15.0,10.8,7.8,2
NOT081-000604,2024-05-26,S1,virtual,90.5,5.5,7.8,2.3,10
NOT081-000605,2024-05-27,S2,presencial,94.7,7.3,7.2,2.8,10
NOT081-000606,2024-05-27,S3,presencial,52.7,15.7,12.1,4.4,1
NOT081-000607,2024-05-27,S1,virtual,78.6,14.0,12.3,5.5,0
NOT081-000608,2024-05-27,S2,presencial,100,13.8,15.0,4.0,0
NOT081-000609,2024-05-28,S3,virtual,57.6,9.0,10.3,9.9,7
NOT081-000610,2024-05-28,S1,virtual,94.6,10.2,11.0,8.7,0
NOT081-000611,2024-05-28,S2,virtual,59.6,7.7,11.3,6.5,8
NOT081-000612,2024-05-28,S3,presencial,80.1,10.8,7.9,4.1,0
NOT081-000613,2024-05-29,S1,presencial,64.5,9.8,15.6,8.0,4
NOT081-000614,2024-05-29,S2,virtual,49.1,10.4,7.5,10.4,3
NOT081-000615,2024-05-29,S3,virtual,53.5,11.8,9.5,5.7,2
NOT081-000616,2024-05-29,S1,presencial,74.8,17.9,14.9,4.3,0
NOT081-000617,2024-05-30,S2,virtual,63.7,9.9,10.1,6.9,10
NOT081-000618,2024-05-30,S3,presencial,97.8,8.6,11.8,6.9,2
NOT081-000619,2024-05-30,S1,presencial,58.3,16.3,20,10.1,3
NOT081-000620,2024-05-30,S2,virtual,100,13.1,18.1,11.6,1
NOT081-000621,2024-05-31,S3,presencial,97.6,9.2,13.8,1.9,9
NOT081-000622,2024-05-31,S1,virtual,64.4,5.9,8.0,2.5,4
NOT081-000623,2024-05-31,S2,presencial,74.8,12.2,7.0,11.5,0
NOT081-000624,2024-05-31,S3,virtual,91.8,13.6,14.1,10.6,0
NOT081-000625,2024-06-01,S1,virtual,91.6,14.7,14.7,4.9,0
NOT081-000626,2024-06-01,S2,virtual,62.2,14.2,9.4,4.0,1
NOT081-000627,2024-06-01,S3,virtual,64.9,7.6,7.5,0.7,6
NOT081-000628,2024-06-01,S1,virtual,79.3,6.4,9.4,3.1,4
NOT081-000629,2024-06-02,S2,presencial,52.1,11.2,10.0,4.9,2
NOT081-000630,2024-06-02,S3,virtual,75.8,7.2,11.3,9.6,9
NOT081-000631,2024-06-02,S1,presencial,88.4,13.4,13.8,6.9,0
NOT081-000632,2024-06-02,S2,presencial,45.8,15.3,10.9,3.4,1
NOT081-000633,2024-06-02,S3,virtual,81.2,13.1,13.6,4.7,1
NOT081-000634,2024-06-03,S1,virtual,78.2,17.6,"14,4",0.5,0
NOT081-000635,2024-06-03,S2,presencial,83.0,14.1,15.1,10.6,3
NOT081-000636,2024-06-03,S3,virtual,96.8,11.2,11.0,1.1,0
NOT081-000637,2024-06-03,S1,virtual,52.8,13.9,9.0,2.3,0
NOT081-000638,2024-06-04,S2,virtual,88.4,8.7,10.7,7.9,8
NOT081-000639,2024-06-04,S3,presencial,98.3,19.5,15.2,3.9,3
NOT081-000640,2024-06-04,S1,virtual,85.7,6.2,11.2,7.2,3
NOT081-000641,2024-06-04,S2,virtual,92.8,10.9,13.5,9.2,3
NOT081-000642,2024-06-05,S3,virtual,100,10.6,12.9,3.3,1
NOT081-000643,2024-06-05,S1,presencial,89.8,10.0,11.1,5.6,1
NOT081-000644,2024-06-05,S2,presencial,69.5,10.4,8.6,6.2,3
NOT081-000645,2024-06-05,S3,virtual,93.5,15.0,14.4,3.9,1
NOT081-000646,2024-06-06,S1,presencial,68.6,9.5,13.3,0.1,9
NOT081-000647,2024-06-06,S2,virtual,66.2,15.0,14.1,9.2,3
NOT081-000648,2024-06-06,S3,virtual,91.8,9.8,13.7,6.4,7
NOT081-000649,2024-06-06,S1,virtual,100,16.7,13.4,2.2,1
NOT081-000650,2024-06-07,S2,virtual,89.8,12.1,11.7,2.4,2
NOT081-000651,2024-06-07,S3,presencial,70.1,5.8,10.6,11.2,2
NOT081-000652,2024-06-07,S1,virtual,87.4,9.1,12.8,5.1,3
NOT081-000653,2024-06-07,S2,virtual,93.8,9.1,12.9,3.4,10
NOT081-000654,2024-06-08,S3,presencial,83.4,9.3,14.3,7.6,9
NOT081-000655,2024-06-08,S1,virtual,57.2,7.7,4.6,3.4,2
NOT081-000656,2024-06-08,S2,presencial,73.0,10.7,15.1,11.1,0
NOT081-000657,2024-06-08,S3,virtual,92.7,9.2,9.1,3.9,5
NOT081-000658,2024-06-09,S1,presencial,92.6,13.0,12.5,5.7,1
NOT081-000659,2024-06-09,S2,virtual,79.1,7.9,9.7,1.4,9
NOT081-000660,2024-06-09,S3,virtual,100,9.2,16.3,11.0,4
NOT081-000661,2024-06-09,S1,virtual,75.8,15.9,12.1,8.8,1
NOT081-000662,2024-06-10,S2,virtual,75.6,11.0,11.7,10.9,1
NOT081-000663,2024-06-10,S3,presencial,81.1,14.4,13.7,5.5,0
NOT081-000664,2024-06-10,S1,virtual,98.1,16.4,12.6,7.2,0
NOT081-000665,2024-06-10,S2,presencial,92.2,11.0,,7.0,2
NOT081-000666,2024-06-11,S3,presencial,92.9,9.8,12.2,11.6,9
NOT081-000667,2024-06-11,S1,virtual,59.0,9.1,15.0,9.5,9
NOT081-000668,2024-06-11,S2,presencial,79.1,8.2,12.9,7.6,3
NOT081-000669,2024-06-11,S3,virtual,80.2,13.1,16.7,9.8,1
NOT081-000670,2024-06-12,S1,presencial,63.3,15.0,17.7,10.2,3
NOT081-000671,2024-06-12,S2,presencial,58.5,8.4,9.3,10.9,6
NOT081-000672,2024-06-12,S3,presencial,90.8,4.2,10.4,11.7,4
NOT081-000673,2024-06-12,S1,virtual,77.1,8.4,7.9,3.7,4
NOT081-000674,2024-06-12,S2,virtual,100,13.2,12.0,1.7,0
NOT081-000675,2024-06-13,S3,virtual,77.4,15.7,14.6,6.0,1
NOT081-000676,2024-06-13,S1,virtual,83.8,9.1,11.0,1.1,6
NOT081-000677,2024-06-13,S2,virtual,100,11.3,9.8,5.2,1
NOT081-000678,2024-06-13,S3,presencial,73.3,12.6,12.4,2.8,2
NOT081-000679,2024-06-14,S1,presencial,89.7,14.1,18.8,11.1,2
NOT081-000680,2024-06-14,S2, VIRTUAL ,84.0,9.4,11.2,4.6,6
NOT081-000681,2024-06-14,S3,presencial,66.1,14.6,12.3,6.9,1
NOT081-000682,2024-06-14,S1,virtual,100,10.6,11.3,7.3,0
NOT081-000683,2024-06-15,S2,virtual,79.7,11.9,14.3,9.7,1
NOT081-000684,2024-06-15,S3,presencial,80.0,13.8,14.2,7.1,3
NOT081-000685,2024-06-15,S1,virtual,69.5,8.9,10.6,6.7,9
NOT081-000686,2024-06-15,S2,virtual,67.7,9.2,12.5,2.6,5
NOT081-000687,2024-06-16,S3,presencial,66.5,10.2,10.8,10.7,3
NOT081-000688,2024-06-16,S1,virtual,85.3,13.7,13.8,12.0,2
NOT081-000689,2024-06-16,S2,virtual,100,12.7,17.0,0.6,0
NOT081-000690,2024-06-16,S3,virtual,89.3,5.7,7.3,4.6,8
NOT081-000691,2024-06-17,S1,virtual,88.9,9.4,10.5,4.2,5
NOT081-000692,2024-06-17,S2,presencial,69.1,11.4,11.9,11.5,3
NOT081-000693,2024-06-17,S3,virtual,92.6,10.9,12.1,6.2,0
NOT081-000694,2024-06-17,S1,presencial,58.2,7.0,10.0,9.6,7
NOT081-000695,2024-06-18,S2,virtual,52.8,16.8,14.9,11.7,2
NOT081-000696,2024-06-18,S3,virtual,81.7,14.5,15.5,8.1,0
NOT081-000697,2024-06-18,S1,virtual,75.6,10.4,10.9,0.6,3
NOT081-000698,2024-06-18,S2,virtual,85.0,9.5,12.3,5.0,4
NOT081-000699,2024-06-19,S3,virtual,76.0,9.0,9.6,0.4,8
NOT081-000700,2024-06-19,S1,virtual,58.0,7.3,6.5,7.0,3
NOT081-000701,2024-06-19,S2,virtual,48.7,12.4,6.6,10.7,2
NOT081-000702,2024-06-19,S3,presencial,48.7,14.7,12.2,7.3,1
NOT081-000703,2024-06-20,S1,presencial,36.6,11.9,8.2,7.5,1
NOT081-000704,2024-06-20,S2,presencial,89.2,12.6,14.7,11.4,2
NOT081-000705,2024-06-20,S3,presencial,82.1,10.1,15.5,6.6,1
NOT081-000706,2024-06-20,S1,presencial,76.8,10.7,14.3,8.6,3
NOT081-000707,2024-06-21,S2,virtual,59.9,11.8,14.4,10.5,3
NOT081-000708,2024-06-21,S3,virtual,68.7,17.6,16.5,8.8,0
NOT081-000709,2024-06-21,S1,presencial,39.7,16.2,13.8,6.3,1
NOT081-000710,2024-06-21,S2,virtual,59.1,7.3,7.1,7.0,7
NOT081-000711,2024-06-22,S3,presencial,73.9,10.4,9.7,2.1,1
NOT081-000712,2024-06-22,S1,virtual,62.4,9.2,11.9,3.9,7
NOT081-000713,2024-06-22,S2,presencial,100,10.7,13.1,10.3,2
NOT081-000714,2024-06-22,S3,presencial,70.6,11.5,13.2,9.9,1
NOT081-000715,2024-06-22,S1,virtual,71.5,8.9,14.4,1.4,5
NOT081-000716,2024-06-23,S2,virtual,93.4,16.5,14.9,9.8,3
NOT081-000717,2024-06-23,S3,presencial,54.0,11.3,12.8,0.3,0
NOT081-000718,2024-06-23,S1,virtual,66.9,10.1,11.9,10.1,1
NOT081-000719,2024-06-23,S2,virtual,77.7,14.1,14.6,10.3,1
NOT081-000720,2024-06-24,S3,virtual,87.4,8.4,9.0,4.1,3
NOT081-000721,2024-06-24,S1,virtual,60.5,12.6,11.8,2.5,2
NOT081-000722,2024-06-24,S2,virtual,65.4,10.2,9.3,5.5,2
NOT081-000723,2024-06-24,S3,presencial,98.4,14.3,15.1,9.0,1
NOT081-000724,2024-06-25,S1,virtual,69.6,5.4,10.2,3.3,9
NOT081-000725,2024-06-25,S2,virtual,69.5,14.1,15.9,5.0,3
NOT081-000726,2024-06-25,S3,virtual,77.2,13.9,13.6,1.8,1
NOT081-000727,2024-06-25,S1,virtual,98.6,8.2,11.9,8.4,8
NOT081-000728,2024-06-26,S2,virtual,92.5,8.3,10.8,11.8,4
NOT081-000729,2024-06-26,S3,virtual,76.2,11.3,11.9,6.7,3
NOT081-000730,2024-06-26,S1,virtual,89.9,8.7,10.1,0.6,8
NOT081-000731,2024-06-26,S2,presencial,97.8,15.5,12.2,2.6,3
NOT081-000732,2024-06-27,S3,virtual,89.4,11.9,16.0,11.1,0
NOT081-000733,2024-06-27,S1,virtual,73.3,14.8,14.8,3.6,0
NOT081-000734,2024-06-27,S2,virtual,72.5,7.7,10.9,4.7,4
NOT081-000735,2024-06-27,S3,presencial,74.7,13.5,12.2,9.5,1
NOT081-000736,2024-06-28,S1,virtual,77.5,16.9,13.4,1.5,0
NOT081-000737,2024-06-28,S2,virtual,56.2,14.9,14.2,11.2,1
NOT081-000738,2024-06-28,S3,presencial,72.7,10.2,9.0,4.4,3
NOT081-000739,2024-06-28,S1,virtual,81.6,12.5,12.0,3.5,3
NOT081-000740,2024-06-29,S2,virtual,88.0,9.7,11.9,6.7,5
NOT081-000741,2024-06-29,S3,virtual,64.3,10.7,12.5,11.9,2
NOT081-000742,2024-06-29,S1,presencial,57.0,11.2,8.1,8.0,0
NOT081-000743,2024-06-29,S2,presencial,66.6,14.1,13.9,6.5,1
NOT081-000744,2024-06-30,S3,presencial,78.9,15.3,17.9,9.2,3
NOT081-000745,2024-06-30,S1,presencial,64.1,13.1,14.2,2.4,1
NOT081-000746,2024-06-30,S2,virtual,91.9,10.8,13.3,0.4,3
NOT081-000747,2024-06-30,S3,virtual,67.4,8.4,10.7,7.1,10
NOT081-000748,2024-07-01,S1,presencial,61.9,8.5,,9.6,3
NOT081-000749,2024-07-01,S2,virtual,90.5,7.7,7.4,9.4,4
NOT081-000750,2024-07-01,S3,presencial,50.2,9.4,11.5,9.7,9
NOT081-000751,2024-07-01,S1,virtual,85.4,14.1,14.7,3.4,2
NOT081-000752,2024-07-01,S2,presencial,95.1,14.2,13.2,6.2,2
NOT081-000753,2024-07-02,S3,virtual,100,2.6,11.4,9.8,3
NOT081-000754,2024-07-02,S1,presencial,89.5,12.0,12.6,7.3,0
NOT081-000755,2024-07-02,S2,presencial,85.0,6.5,7.9,3.3,9
NOT081-000756,2024-07-02,S3,presencial,95.5,9.9,7.4,1.6,4
NOT081-000757,2024-07-03,S1,virtual,99.4,8.7,8.1,6.0,3
NOT081-000758,2024-07-03,S2,presencial,92.0,13.2,16.9,0.9,0
NOT081-000759,2024-07-03,S3,presencial,79.9,10.1,12.9,2.0,2
NOT081-000760,2024-07-03,S1,presencial,70.0,9.6,9.3,6.8,4
NOT081-000761,2024-07-04,S2,virtual,92.9,13.2,13.3,1.6,3
NOT081-000762,2024-07-04,S3,virtual,76.2,5.6,6.2,2.7,3
NOT081-000763,2024-07-04,S1,presencial,40.5,6.0,8.7,10.5,7
NOT081-000764,2024-07-04,S2,virtual,76.1,7.0,10.3,4.2,6
NOT081-000765,2024-07-05,S3,presencial,83.9,8.7,8.0,4.1,10
NOT081-000766,2024-07-05,S1,presencial,83.6,12.2,11.3,2.2,0
NOT081-000767,2024-07-05,S2,presencial,86.5,15.8,17.3,1.7,1
NOT081-000768,2024-07-05,S3,presencial,88.2,11.2,10.3,1.3,3
NOT081-000769,2024-07-06,S1,virtual,77.0,8.3,8.0,5.4,8
NOT081-000770,2024-07-06,S2,presencial,100,9.9,9.7,9.6,8
NOT081-000771,2024-07-06,S3,presencial,75.0,13.2,11.9,8.4,0
NOT081-000772,2024-07-06,S1,virtual,99.0,10.0,9.3,1.4,3
NOT081-000773,2024-07-07,S2,presencial,94.2,13.9,15.0,10.6,0
NOT081-000774,2024-07-07,S3,virtual,83.8,15.9,16.2,6.6,1
NOT081-000775,2024-07-07,S1,virtual,88.7,10.8,14.2,9.7,3
NOT081-000776,2024-07-07,S2,presencial,76.3,10.9,7.3,4.7,2
NOT081-000777,2024-07-08,S3, PRESENCIAL ,61.6,6.0,7.2,4.9,10
NOT081-000778,2024-07-08,S1,virtual,92.8,15.9,16.0,8.3,0
NOT081-000779,2024-02-30,S2,presencial,60.1,11.6,11.2,8.6,3
NOT081-000780,2024-07-08,S3,virtual,100,11.0,14.5,6.8,3
NOT081-000781,2024-07-09,S1,presencial,74.3,11.2,13.1,3.6,2
NOT081-000782,2024-07-09,S2,presencial,59.0,9.7,9.9,1.4,7
NOT081-000783,2024-07-09,S3,virtual,83.7,13.1,13.6,2.4,1
NOT081-000784,2024-07-09,S1,virtual,100,14.7,14.1,1.7,1
NOT081-000785,2024-07-10,S2,presencial,77.1,18.7,19.4,3.4,2
NOT081-000786,2024-07-10,S3,presencial,83.8,13.4,9.2,1.4,0
NOT081-000787,2024-07-10,S1,virtual,97.1,7.8,9.8,9.6,7
NOT081-000788,2024-07-10,S2,virtual,73.2,10.9,14.2,9.9,2
NOT081-000789,2024-07-11,S3,virtual,76.3,9.2,15.5,9.6,9
NOT081-000790,2024-07-11,S1,presencial,74.4,12.1,14.4,11.9,2
NOT081-000791,2024-07-11,S2,presencial,75.6,15.2,10.4,1.7,2
NOT081-000792,2024-07-11,S3,presencial,83.7,13.6,15.0,8.4,0
NOT081-000793,2024-07-11,S1,presencial,62.1,11.7,9.9,8.0,0
NOT081-000794,2024-07-12,S2,presencial,100,7.5,6.9,4.0,7
NOT081-000795,2024-07-12,S3,presencial,71.3,13.9,14.6,6.4,0
NOT081-000796,2024-07-12,S1,presencial,86.5,5.4,8.7,1.0,8
NOT081-000797,2024-07-12,S2,virtual,84.7,7.2,12.9,11.8,7
NOT081-000798,2024-07-13,S3,virtual,35.7,9.9,11.6,3.4,8
NOT081-000799,2024-07-13,S1,virtual,46.1,5.5,7.6,6.9,4
NOT081-000800,2024-07-13,S2,virtual,83.8,12.1,12.9,3.6,1
NOT081-000801,2024-07-13,S3,presencial,100,8.4,10.2,3.7,8
NOT081-000802,2024-07-14,S1,presencial,55.5,9.5,9.1,6.4,3
NOT081-000803,2024-07-14,S2,virtual,100,13.7,14.5,8.4,2
NOT081-000804,2024-07-14,S3,virtual,93.3,11.9,14.0,7.6,0
NOT081-000805,2024-07-14,S1,presencial,100,5.3,10.7,4.5,9
NOT081-000806,2024-07-15,S2,presencial,88.4,10.1,11.9,5.4,1
NOT081-000807,2024-07-15,S3,presencial,96.2,15.8,12.5,5.2,1
NOT081-000808,2024-07-15,S1,virtual,100,13.5,12.6,8.8,2
NOT081-000809,2024-07-15,S2,virtual,97.9,11.2,14.6,11.4,0
NOT081-000810,2024-07-16,S3,virtual,64.9,9.4,12.0,11.6,9
NOT081-000811,2024-07-16,S1,presencial,85.4,8.1,10.7,2.0,2
NOT081-000812,2024-07-16,S2,virtual,63.6,10.4,9.2,3.1,3
NOT081-000813,2024-07-16,S3,virtual,59.2,12.6,12.2,2.6,1
NOT081-000814,2024-07-17,S1,virtual,60.1,12.8,8.8,3.6,0
NOT081-000815,2024-07-17,S2,presencial,66.6,10.4,9.4,0.9,0
NOT081-000816,2024-07-17,S3,virtual,86.7,10.1,9.6,1.9,2
NOT081-000817,2024-07-17,S1,presencial,93.1,7.8,11.3,6.5,8
NOT081-000818,2024-07-18,S2,presencial,97.0,9.9,12.9,7.4,9
NOT081-000819,2024-07-18,S3,presencial,68.6,17.1,11.3,0.7,0
NOT081-000820,2024-07-18,S1,virtual,78.1,14.3,16.8,11.4,1
NOT081-000821,2024-07-18,S2,virtual,79.0,5.2,9.8,5.5,3
NOT081-000822,2024-07-19,S3,virtual,61.2,8.3,12.2,11.1,4
NOT081-000823,2024-07-19,S1,presencial,75.3,2.3,6.8,1.7,2
NOT081-000824,2024-07-19,S2,presencial,66.0,7.7,5.6,4.6,4
NOT081-000825,2024-07-19,S3,presencial,88.6,15.6,11.8,2.7,1
NOT081-000826,2024-07-20,S1,presencial,82.1,9.3,16.5,10.1,10
NOT081-000827,2024-07-20,S2,virtual,53.6,9.6,11.3,3.9,8
NOT081-000828,2024-07-20,S3,virtual,96.7,12.8,14.8,6.7,0
NOT081-000829,2024-07-20,S1,virtual,100,13.4,14.8,6.2,1
NOT081-000830,2024-07-20,S2,virtual,81.4,9.4,12.0,7.0,2
NOT081-000831,2024-07-21,S3,virtual,89.9,12.0,,5.6,2
NOT081-000832,2024-07-21,S1,presencial,88.2,11.7,10.4,0.5,3
NOT081-000833,2024-07-21,S2,presencial,80.6,12.2,12.5,3.4,0
NOT081-000834,2024-07-21,S3,presencial,79.7,7.8,12.9,11.2,5
NOT081-000835,2024-07-22,S1,virtual,67.8,10.8,10.9,3.3,3
NOT081-000836,2024-07-22,S2,presencial,100,12.2,14.2,10.0,3
NOT081-000837,2024-07-22,S3,presencial,52.2,10.0,9.4,9.2,1
NOT081-000838,2024-07-22,S1,presencial,93.8,10.9,12.6,8.4,2
NOT081-000839,2024-07-23,S2,presencial,68.0,4.2,9.2,9.2,5
NOT081-000840,2024-07-23,S3,virtual,65.8,15.6,13.6,10.5,1
NOT081-000841,2024-07-23,S1,presencial,80.5,12.2,11.2,6.8,1
NOT081-000842,2024-07-23,S2,virtual,56.1,13.9,10.7,6.0,0
NOT081-000843,2024-07-24,S3,virtual,63.8,11.4,10.1,7.1,1
NOT081-000844,2024-07-24,S1,virtual,80.5,12.7,10.2,2.7,1
NOT081-000845,2024-07-24,S2,presencial,72.0,9.8,"9,9",6.6,8
NOT081-000846,2024-07-24,S3,virtual,83.5,6.3,5.9,3.4,3
NOT081-000847,2024-07-25,S1,presencial,90.2,13.2,11.9,3.3,3
NOT081-000848,2024-07-25,S2,presencial,93.4,13.0,10.6,4.5,0
NOT081-000849,2024-07-25,S3,virtual,84.3,12.0,13.7,10.7,1
NOT081-000850,2024-07-25,S1,presencial,74.7,12.2,12.7,5.5,1
NOT081-000851,2024-07-26,S2,virtual,83.2,10.5,12.6,11.9,2
NOT081-000852,2024-07-26,S3,virtual,53.7,9.6,8.2,1.3,2
NOT081-000853,2024-07-26,S1,virtual,66.1,14.5,9.1,2.2,0
NOT081-000854,2024-07-26,S2,presencial,73.8,12.3,10.8,2.2,2
NOT081-000855,2024-07-27,S3,presencial,88.0,13.8,12.3,8.8,1
NOT081-000856,2024-07-27,S1,virtual,62.9,12.0,11.6,0.9,0
NOT081-000857,2024-07-27,S2,virtual,100,9.9,12.9,11.5,5
NOT081-000858,2024-07-27,S3,presencial,82.7,7.9,9.7,10.1,8
NOT081-000859,2024-07-28,S1,virtual,100,8.7,11.2,6.4,3
NOT081-000860,2024-07-28,S2,virtual,69.0,7.5,9.3,0.6,2
NOT081-000861,2024-07-28,S3,virtual,81.0,9.7,12.6,3.2,7
NOT081-000862,2024-07-28,S1,presencial,83.4,10.2,10.9,7.1,2
NOT081-000863,2024-07-29,S2,virtual,80.8,6.9,6.0,2.9,4
NOT081-000864,2024-07-29,S3,presencial,80.7,10.4,8.1,4.7,3
NOT081-000865,2024-07-29,S1,virtual,56.9,12.9,9.3,4.3,2
NOT081-000866,2024-07-29,S2,virtual,55.0,11.7,13.8,8.4,3
NOT081-000867,2024-07-30,S3,presencial,65.4,4.6,10.8,3.7,8
NOT081-000868,2024-07-30,S1,presencial,73.2,7.2,11.0,8.9,6
NOT081-000869,2024-07-30,S2,virtual,87.4,10.8,12.5,9.3,1
NOT081-000870,2024-07-30,S3,virtual,60.6,4.4,8.6,11.2,2
NOT081-000871,2024-07-30,S1,presencial,86.2,6.5,11.4,9.6,5
NOT081-000872,2024-07-31,S2,presencial,67.1,12.7,9.5,0.2,1
NOT081-000873,2024-07-31,S3,presencial,77.6,11.4,12.1,6.4,0
NOT081-000874,2024-07-31,S1, VIRTUAL ,64.4,8.0,12.1,11.5,6
NOT081-000875,2024-07-31,S2,virtual,84.2,9.4,15.0,1.4,3
NOT081-000876,2024-08-01,S3,virtual,67.3,14.9,13.0,6.8,3
NOT081-000877,2024-08-01,S1,presencial,75.8,13.7,16.2,5.7,1
NOT081-000878,2024-08-01,S2,virtual,88.0,7.7,11.5,5.0,7
NOT081-000879,2024-08-01,S3,presencial,81.2,8.4,10.9,3.9,10
NOT081-000880,2024-08-02,S1,virtual,93.9,14.0,9.8,1.6,2
NOT081-000881,2024-08-02,S2,virtual,87.4,5.3,5.7,2.5,2
NOT081-000882,2024-08-02,S3,virtual,46.4,8.4,10.3,7.1,6
NOT081-000883,2024-08-02,S1,virtual,79.1,10.9,14.4,11.1,0
NOT081-000884,2024-08-03,S2,presencial,60.7,9.4,11.5,8.4,3
NOT081-000885,2024-08-03,S3,presencial,92.1,13.0,13.7,8.9,2
NOT081-000886,2024-08-03,S1,presencial,62.5,10.2,8.2,1.7,0
NOT081-000887,2024-08-03,S2,virtual,58.9,7.6,10.7,8.7,5
NOT081-000888,2024-08-04,S3,presencial,85.9,8.7,8.9,0.7,4
NOT081-000889,2024-08-04,S1,presencial,74.3,14.8,15.1,4.5,1
NOT081-000890,2024-08-04,S2,virtual,90.9,9.4,10.5,9.5,3
NOT081-000891,2024-08-04,S3,presencial,100,8.6,9.5,10.4,2
NOT081-000892,2024-08-05,S1,presencial,89.5,12.8,13.4,3.8,3
NOT081-000893,2024-08-05,S2,virtual,76.2,6.5,10.4,1.1,7
NOT081-000894,2024-08-05,S3,presencial,88.3,11.2,10.2,9.3,3
NOT081-000895,2024-08-05,S1,virtual,52.3,11.9,9.2,2.8,3
NOT081-000896,2024-08-06,S2,presencial,96.7,12.7,12.9,6.5,2
NOT081-000897,2024-08-06,S3,presencial,85.0,9.3,9.6,3.4,10
NOT081-000898,2024-08-06,S1,virtual,91.6,8.3,12.2,8.8,9
NOT081-000899,2024-08-06,S2,presencial,81.4,14.3,14.9,11.0,3
NOT081-000900,2024-08-07,S3,presencial,74.0,16.1,10.4,0.5,3
NOT081-000901,2024-08-07,S1,virtual,63.9,8.0,8.9,11.2,3
NOT081-000902,2024-08-07,S2,virtual,79.9,6.7,10.2,10.0,6
NOT081-000903,2024-08-07,S3,virtual,88.3,16.8,16.5,12.0,1
NOT081-000904,2024-08-08,S1,virtual,96.9,13.8,11.0,6.0,3
NOT081-000905,2024-08-08,S2,presencial,100,13.4,14.1,10.0,2
NOT081-000906,2024-08-08,S3,virtual,80.4,9.1,13.9,2.8,8
NOT081-000907,2024-08-08,S1,presencial,75.4,11.0,8.7,6.6,1
NOT081-000908,2024-08-09,S2,presencial,100,12.8,13.9,5.8,3
NOT081-000909,2024-08-09,S3,virtual,100,9.1,9.0,1.8,7
NOT081-000910,2024-08-09,S1,virtual,84.1,11.3,11.1,11.6,1
NOT081-000911,2024-08-09,S2,presencial,100,13.7,10.6,1.5,3
NOT081-000912,2024-08-09,S3,virtual,76.8,12.2,13.6,10.2,3
NOT081-000913,2024-08-10,S1,presencial,51.2,13.1,11.9,5.4,2
NOT081-000914,2024-08-10,S2,virtual,89.8,12.6,,3.8,2
NOT081-000915,2024-08-10,S3,presencial,96.3,6.5,9.3,3.3,10
NOT081-000916,2024-08-10,S1,presencial,79.2,12.4,12.3,10.3,1
NOT081-000917,2024-08-11,S2,presencial,76.1,8.4,12.9,9.2,5
NOT081-000918,2024-08-11,S3,presencial,100,15.1,13.8,8.6,0
NOT081-000919,2024-08-11,S1,presencial,78.2,4.3,6.7,8.4,2
NOT081-000920,2024-08-11,S2,virtual,92.2,12.9,12.5,6.5,3
NOT081-000921,2024-08-12,S3,virtual,51.9,14.6,9.6,5.8,1
NOT081-000922,2024-08-12,S1,virtual,67.4,12.6,12.3,0.0,2
NOT081-000923,2024-08-12,S2,virtual,69.7,7.6,6.2,9.2,7
NOT081-000924,2024-08-12,S3,virtual,100,12.8,13.8,8.9,1
NOT081-000925,2024-08-13,S1,presencial,100,10.2,11.9,11.2,2
NOT081-000926,2024-08-13,S2,virtual,96.1,8.1,8.5,1.8,6
NOT081-000927,2024-08-13,S3,virtual,100,10.3,5.6,0.4,0
NOT081-000928,2024-08-13,S1,virtual,72.2,8.7,9.2,8.8,10
NOT081-000929,2024-08-14,S2,virtual,100,10.9,11.4,7.5,2
NOT081-000930,2024-08-14,S3,virtual,100,6.4,10.4,12.0,3
NOT081-000931,2024-08-14,S1,virtual,65.4,14.7,14.2,9.1,0
NOT081-000932,2024-08-14,S2,virtual,100,12.9,14.1,2.1,1
NOT081-000933,2024-08-15,S3,presencial,99.9,12.0,13.1,7.3,2
NOT081-000934,2024-08-15,S1,virtual,61.2,11.5,12.1,1.5,3
NOT081-000935,2024-08-15,S2,virtual,89.6,10.4,12.7,1.2,0
NOT081-000936,2024-08-15,S3,virtual,79.3,11.9,8.9,3.1,1
NOT081-000937,2024-08-16,S1,virtual,68.6,14.7,12.1,7.0,2
NOT081-000938,2024-08-16,S2,virtual,95.3,8.9,14.2,10.8,5
NOT081-000939,2024-08-16,S3,virtual,64.3,12.4,8.2,3.9,2
NOT081-000940,2024-08-16,S1,presencial,78.5,9.3,8.8,3.0,5
NOT081-000941,2024-08-17,S2,virtual,86.5,10.8,12.2,9.8,0
NOT081-000942,2024-08-17,S3,presencial,68.1,19.6,17.3,11.2,3
NOT081-000943,2024-08-17,S1,virtual,71.3,11.9,11.6,6.4,3
NOT081-000944,2024-08-17,S2,virtual,41.4,17.3,14.6,8.7,2
NOT081-000945,2024-08-18,S3,presencial,84.8,14.9,12.7,7.9,1
NOT081-000946,2024-08-18,S1,presencial,78.7,13.5,18.0,11.2,3
NOT081-000947,2024-08-18,S2,presencial,89.9,10.5,10.1,9.0,3
NOT081-000948,2024-08-18,S3,presencial,88.1,12.2,10.2,2.8,2
NOT081-000949,2024-08-18,S1,presencial,92.7,15.4,12.6,7.0,3
NOT081-000950,2024-08-19,S2,virtual,90.9,15.5,14.3,10.1,2
NOT081-000951,2024-08-19,S3,virtual,83.4,16.6,15.6,1.2,3
NOT081-000952,2024-08-19,S1,presencial,66.7,14.0,11.6,5.1,2
NOT081-000953,2024-08-19,S2,virtual,65.5,10.6,10.6,5.9,0
NOT081-000954,2024-08-20,S3,presencial,59.3,9.7,5.3,0.8,4
NOT081-000955,2024-08-20,S1,presencial,69.2,11.1,12.5,9.0,3
NOT081-000956,2024-08-20,S2,presencial,75.2,11.5,14.8,9.9,0
NOT081-000957,2024-08-20,S3,virtual,92.9,12.2,11.0,9.3,0
NOT081-000958,2024-08-21,S1,virtual,75.4,4.1,8.6,11.7,10
NOT081-000959,2024-08-21,S2,presencial,75.7,6.1,7.5,6.9,9
NOT081-000960,2024-08-21,S3,virtual,66.9,7.1,7.3,0.9,7
NOT081-000961,2024-08-21,S1,virtual,83.7,11.5,13.6,6.5,3
NOT081-000962,2024-08-22,S2,presencial,100,2.1,5.6,8.4,4
NOT081-000963,2024-08-22,S3,virtual,56.3,17.9,14.6,2.5,0
NOT081-000964,2024-08-22,S1,presencial,55.3,11.9,11.9,0.6,1
NOT081-000965,2024-08-22,S2,presencial,48.9,6.0,7.2,3.5,9
NOT081-000966,2024-08-23,S3,virtual,74.6,6.6,10.4,10.0,2
NOT081-000967,2024-08-23,S1,virtual,70.5,10.0,9.5,1.4,0
NOT081-000968,2024-08-23,S2,presencial,48.4,7.8,7.9,3.9,4
NOT081-000969,2024-08-23,S3,presencial,89.1,12.0,13.3,10.2,3
NOT081-000970,2024-08-24,S1,virtual,85.3,13.1,13.7,9.7,2
NOT081-000971,2024-08-24,S2, VIRTUAL ,70.2,7.6,10.7,7.9,3
NOT081-000972,2024-08-24,S3,virtual,93.3,10.9,13.7,1.0,0
NOT081-000973,2024-08-24,S1,presencial,78.4,12.2,11.1,5.3,0
NOT081-000974,2024-08-25,S2,presencial,88.1,1.6,7.2,1.8,6
NOT081-000975,2024-08-25,S3,presencial,75.0,7.3,8.7,0.3,5
NOT081-000976,2024-08-25,S1,presencial,88.7,13.9,11.0,7.8,0
NOT081-000977,2024-08-25,S2,presencial,83.6,8.3,9.2,1.3,5
NOT081-000978,2024-08-26,S3,virtual,94.7,11.6,14.8,11.9,3
NOT081-000979,2024-08-26,S1,presencial,100,8.9,8.7,11.0,9
NOT081-000980,2024-08-26,S2,presencial,94.9,7.8,9.2,8.9,7
NOT081-000981,2024-08-26,S3,presencial,90.2,5.6,9.0,6.2,7
NOT081-000982,2024-08-27,S1,virtual,72.4,9.7,10.5,4.4,5
NOT081-000983,2024-08-27,S2,presencial,66.2,9.6,10.6,9.8,5
NOT081-000984,2024-08-27,S3,virtual,63.6,10.9,13.3,9.7,0
NOT081-000985,2024-08-27,S1,presencial,76.7,10.9,13.6,11.9,1
NOT081-000986,2024-08-28,S2,presencial,56.0,12.2,9.6,1.7,3
NOT081-000987,2024-08-28,S3,virtual,66.7,14.1,13.9,4.9,1
NOT081-000988,2024-08-28,S1,presencial,100,11.1,14.6,6.9,0
NOT081-000989,2024-08-28,S2,presencial,88.4,12.4,8.9,1.7,3
NOT081-000990,2024-08-28,S3,virtual,67.5,8.7,10.7,8.1,8
NOT081-000991,2024-08-29,S1,virtual,58.1,7.9,7.3,1.2,8
NOT081-000992,2024-08-29,S2,presencial,56.1,8.9,15.1,3.0,9
NOT081-000993,2024-08-29,S3,presencial,93.4,12.4,11.3,0.9,3
NOT081-000994,2024-08-29,S1,virtual,80.9,11.5,9.9,3.7,1
NOT081-000995,2024-08-30,S2,presencial,76.9,10.1,10.4,8.1,1
NOT081-000996,2024-08-30,S3,virtual,74.7,16.2,14.7,8.4,1
NOT081-000997,2024-08-30,S1,presencial,85.9,11.6,,11.2,3
NOT081-000998,2024-08-30,S2,virtual,91.5,11.1,12.1,4.6,3
NOT081-000999,2024-08-31,S3,virtual,46.5,9.5,6.0,4.0,2
NOT081-001000,2024-08-31,S1,presencial,62.2,9.8,9.1,1.9,7
NOT081-001001,2024-08-31,S2,virtual,100,7.1,13.7,6.8,4
NOT081-001002,2024-08-31,S3,virtual,40.7,8.4,11.3,1.0,8
NOT081-001003,2024-09-01,S1,presencial,75.2,6.4,9.2,10.0,4
NOT081-001004,2024-09-01,S2,virtual,44.8,15.8,14.1,11.1,3
NOT081-001005,2024-09-01,S3,virtual,83.0,10.2,13.1,1.5,3
NOT081-001006,2024-09-01,S1,virtual,88.8,12.5,16.1,7.8,3
NOT081-001007,2024-09-02,S2,presencial,93.4,13.2,13.3,6.4,1
NOT081-001008,2024-09-02,S3,presencial,79.6,6.4,8.8,9.6,3
NOT081-001009,2024-09-02,S1,virtual,100,7.8,14.0,6.9,6
NOT081-001010,2024-09-02,S2,presencial,49.1,12.4,11.1,11.4,3
NOT081-001011,2024-09-03,S3,presencial,82.6,9.3,9.2,12.0,3
NOT081-001012,2024-09-03,S1,virtual,56.5,7.0,9.2,6.4,4
NOT081-001013,2024-09-03,S2,presencial,74.9,8.4,11.0,6.7,7
NOT081-001014,2024-09-03,S3,presencial,95.7,13.5,13.9,5.1,0
NOT081-001015,2024-09-04,S1,virtual,100,12.6,15.6,6.7,1
NOT081-001016,2024-09-04,S2,virtual,69.4,13.3,13.2,8.1,3
NOT081-001017,2024-09-04,S3,presencial,94.9,6.1,11.0,7.7,4
NOT081-001018,2024-09-04,S1,virtual,74.4,13.2,15.7,11.3,2
NOT081-001019,2024-09-05,S2,virtual,44.7,14.9,7.8,2.7,0
NOT081-001020,2024-09-05,S3,presencial,88.6,8.0,8.1,2.6,8
NOT081-001021,2024-09-05,S1,presencial,78.9,9.6,11.2,6.1,8
NOT081-001022,2024-09-05,S2,virtual,98.3,14.4,11.0,8.5,3
NOT081-001023,2024-09-06,S3,virtual,100.0,12.6,14.1,9.1,3
NOT081-001024,2024-09-06,S1,presencial,90.4,9.8,15.0,0.9,9
NOT081-001025,2024-09-06,S2,presencial,96.4,14.1,9.0,5.0,1
NOT081-001026,2024-09-06,S3,virtual,100,14.0,9.6,7.9,3
NOT081-001027,2024-09-07,S1,presencial,45.6,8.7,7.3,11.6,6
NOT081-001028,2024-09-07,S2,virtual,57.9,11.1,9.3,1.8,1
NOT081-001029,2024-09-07,S3,virtual,63.6,9.6,11.2,9.7,8
NOT081-001030,2024-09-07,S1,presencial,97.8,14.7,17.0,0.1,0
NOT081-001031,2024-09-07,S2,virtual,100,12.6,10.9,1.8,1
NOT081-001032,2024-09-08,S3,virtual,86.8,12.3,12.1,9.9,3
NOT081-001033,2024-09-08,S1,virtual,44.0,8.1,9.3,10.6,8
NOT081-001034,2024-09-08,S2,virtual,48.0,9.2,14.3,7.5,7
NOT081-001035,2024-09-08,S3,virtual,44.8,7.1,8.7,6.7,8
NOT081-001036,2024-09-09,S1,presencial,54.3,8.7,10.1,9.5,2
NOT081-001037,2024-09-09,S2,presencial,81.1,14.0,9.2,8.5,3
NOT081-001038,2024-09-09,S3,virtual,59.8,12.9,10.7,3.5,1
NOT081-001039,2024-09-09,S1,virtual,72.0,10.2,10.5,4.6,0
NOT081-001040,2024-09-10,S2,virtual,66.8,10.9,7.3,4.1,2
NOT081-001041,2024-09-10,S3,presencial,74.6,11.6,11.0,8.7,3
NOT081-001042,2024-09-10,S1,virtual,80.4,7.8,10.5,2.6,10
NOT081-001043,2024-09-10,S2,presencial,98.0,18.2,16.9,9.5,2
NOT081-001044,2024-09-11,S3,presencial,89.4,6.6,8.8,11.5,5
NOT081-001045,2024-09-11,S1,presencial,56.2,13.8,12.9,6.1,0
NOT081-001046,2024-09-11,S2,presencial,84.3,12.8,11.8,7.0,0
NOT081-001047,2024-09-11,S3,presencial,96.4,11.0,11.3,5.1,0
NOT081-001048,2024-09-12,S1,presencial,74.0,14.1,13.8,2.0,1
NOT081-001049,2024-09-12,S2,presencial,97.3,10.0,8.0,2.9,1
NOT081-001050,2024-09-12,S3,virtual,83.2,16.2,16.9,7.2,0
NOT081-001051,2024-09-12,S1,presencial,73.5,7.4,7.7,6.9,5
NOT081-001052,2024-09-13,S2,virtual,77.1,7.9,13.7,5.1,6
NOT081-001053,2024-09-13,S3,virtual,58.1,5.7,6.5,2.8,5
NOT081-001054,2024-09-13,S1,presencial,100,8.3,16.2,6.2,9
NOT081-001055,2024-09-13,S2,presencial,64.4,12.1,14.6,6.8,3
NOT081-001056,2024-09-14,S3,virtual,81.7,10.5,"14,7",8.4,2
NOT081-001057,2024-09-14,S1,virtual,79.8,12.9,14.7,10.9,3
NOT081-001058,2024-09-14,S2,presencial,77.8,11.5,12.2,7.2,1
NOT081-001059,2024-09-14,S3,presencial,85.3,13.7,13.1,1.9,3
NOT081-001060,2024-09-15,S1,presencial,37.1,3.3,3.9,1.0,8
NOT081-001061,2024-09-15,S2,virtual,95.5,11.7,13.5,5.1,2
NOT081-001062,2024-09-15,S3,virtual,63.1,13.2,11.7,11.8,3
NOT081-001063,2024-09-15,S1,virtual,75.0,10.6,11.0,11.0,1
NOT081-001064,2024-09-16,S2,presencial,89.8,10.7,9.5,9.9,3
NOT081-001065,2024-09-16,S3,presencial,84.0,9.5,12.3,8.3,8
NOT081-001066,2024-09-16,S1,presencial,51.7,11.6,11.6,9.0,2
NOT081-001067,2024-09-16,S2,virtual,63.0,13.8,12.2,10.7,3
NOT081-001068,2024-09-16,S3, VIRTUAL ,100,11.6,11.0,6.0,2
NOT081-001069,2024-09-17,S1,presencial,84.6,10.8,7.8,7.2,0
NOT081-001070,2024-09-17,S2,virtual,75.0,4.5,7.2,6.3,3
NOT081-001071,2024-09-17,S3,virtual,70.9,10.5,9.3,5.3,3
NOT081-001072,2024-09-17,S1,presencial,87.9,9.5,10.9,11.9,5
NOT081-001073,2024-09-18,S2,presencial,69.0,11.1,11.7,5.2,3
NOT081-001074,2024-09-18,S3,virtual,97.0,4.9,8.8,7.8,10
NOT081-001075,2024-09-18,S1,presencial,100,10.0,16.0,10.5,3
NOT081-001076,2024-09-18,S2,virtual,51.0,9.9,10.2,11.9,10
NOT081-001077,2024-09-19,S3,virtual,86.4,11.6,11.5,2.5,3
NOT081-001078,2024-09-19,S1,presencial,81.5,11.5,11.5,3.4,1
NOT081-001079,2024-09-19,S2,presencial,98.9,8.7,13.8,0.9,8
NOT081-001080,2024-09-19,S3,presencial,100,12.4,,5.4,0
NOT081-001081,2024-09-20,S1,virtual,83.7,15.7,12.5,4.1,0
NOT081-001082,2024-09-20,S2,presencial,42.7,8.8,12.7,10.5,7
NOT081-001083,2024-09-20,S3,presencial,92.8,13.6,13.2,6.8,3
NOT081-001084,2024-09-20,S1,presencial,87.2,13.4,12.7,5.5,2
NOT081-001085,2024-09-21,S2,presencial,62.3,11.0,12.1,4.2,3
NOT081-001086,2024-09-21,S3,virtual,78.5,10.7,10.0,6.2,3
NOT081-001087,2024-09-21,S1,virtual,79.3,8.1,8.9,6.4,4
NOT081-001088,2024-09-21,S2,presencial,78.4,16.5,16.4,8.6,1
NOT081-001089,2024-09-22,S3,presencial,78.0,7.6,10.4,3.3,5
NOT081-001090,2024-09-22,S1,presencial,100,4.8,8.0,11.0,4
NOT081-001091,2024-09-22,S2,presencial,77.9,13.0,12.9,1.7,0
NOT081-001092,2024-09-22,S3,virtual,45.8,8.1,9.3,5.4,5
NOT081-001093,2024-09-23,S1,presencial,100,14.3,13.4,2.7,0
NOT081-001094,2024-09-23,S2,virtual,88.5,13.1,12.7,9.1,3
NOT081-001095,2024-09-23,S3,virtual,51.3,9.4,11.4,7.6,9
NOT081-001096,2024-09-23,S1,presencial,80.0,9.7,12.4,6.8,8
NOT081-001097,2024-09-24,S2,presencial,62.0,9.2,5.7,1.3,5
NOT081-001098,2024-09-24,S3,virtual,87.8,6.1,10.5,8.6,5
NOT081-001099,2024-09-24,S1,virtual,31.9,11.8,7.2,9.5,3
NOT081-001100,2024-09-24,S2,virtual,84.5,14.0,13.3,5.9,2
NOT081-001101,2024-09-25,S3,presencial,58.9,13.2,13.4,11.7,3
NOT081-001102,2024-09-25,S1,presencial,88.6,8.9,9.6,0.7,7
NOT081-001103,2024-09-25,S2,presencial,90.9,5.3,8.3,5.0,5
NOT081-001104,2024-09-25,S3,virtual,73.5,12.6,14.2,11.5,1
NOT081-001105,2024-09-26,S1,presencial,55.1,7.3,8.1,5.7,9
NOT081-001106,2024-09-26,S2,virtual,90.4,12.2,15.9,10.1,3
NOT081-001107,2024-09-26,S3,virtual,98.9,12.8,12.2,2.2,0
NOT081-001108,2024-09-26,S1,virtual,74.3,17.1,17.1,5.2,1
NOT081-001109,2024-09-26,S2,virtual,66.0,9.2,9.6,8.2,3
NOT081-001110,2024-09-27,S3,presencial,43.5,10.9,8.4,11.2,1
NOT081-001111,2024-09-27,S1,presencial,53.2,10.0,7.8,8.9,0
NOT081-001112,2024-09-27,S2,presencial,72.7,10.5,13.9,10.4,3
NOT081-001113,2024-09-27,S3,virtual,92.6,7.2,9.8,1.0,7
NOT081-001114,2024-09-28,S1,presencial,75.4,12.6,9.5,4.3,1
NOT081-001115,2024-09-28,S2,virtual,82.2,12.1,12.9,9.9,0
NOT081-001116,2024-09-28,S3,presencial,82.3,11.4,10.0,6.1,1
NOT081-001117,2024-09-28,S1,virtual,84.5,13.6,11.4,7.5,0
NOT081-001118,2024-09-29,S2,presencial,62.8,8.6,9.6,11.9,6
NOT081-001119,2024-09-29,S3,virtual,75.1,20,15.8,11.2,1
NOT081-001120,2024-09-29,S1,presencial,46.7,12.1,10.5,1.7,1
NOT081-001121,2024-09-29,S2,presencial,66.9,10.4,11.1,10.7,3
NOT081-001122,2024-09-30,S3,virtual,68.9,9.9,10.8,4.8,10
NOT081-001123,2024-09-30,S1,virtual,53.7,12.1,9.5,2.0,2
NOT081-001124,2024-09-30,S2,virtual,61.6,17.9,18.4,9.9,0
NOT081-001125,2024-09-30,S3,virtual,39.1,8.9,5.0,3.6,3
NOT081-001126,2024-10-01,S1,virtual,99.3,12.0,14.7,9.3,0
NOT081-001127,2024-10-01,S2,virtual,85.2,11.6,11.1,0.4,2
NOT081-001128,2024-10-01,S3,presencial,68.4,15.2,14.4,9.5,2
NOT081-001129,2024-10-01,S1,virtual,35.8,13.2,8.7,3.1,2
NOT081-001130,2024-10-02,S2,presencial,75.5,5.3,8.6,10.0,2
NOT081-001131,2024-10-02,S3,virtual,83.3,7.9,11.9,1.0,2
NOT081-001132,2024-10-02,S1,virtual,100,12.0,9.6,8.9,2
NOT081-001133,2024-10-02,S2,virtual,70.2,13.4,10.9,6.0,2
NOT081-001134,2024-10-03,S3,presencial,70.3,13.8,14.6,6.7,0
NOT081-001135,2024-10-03,S1,presencial,65.7,13.0,14.4,11.5,1
NOT081-001136,2024-10-03,S2,presencial,57.5,11.2,10.7,3.2,1
NOT081-001137,2024-10-03,S3,presencial,79.4,14.4,9.1,3.0,1
NOT081-001138,2024-10-04,S1,virtual,100,9.6,16.4,8.5,3
NOT081-001139,2024-10-04,S2,presencial,68.0,10.0,13.8,8.7,0
NOT081-001140,2024-10-04,S3,presencial,73.4,11.7,13.1,11.2,3
NOT081-001141,2024-10-04,S1,presencial,56.2,13.9,10.5,6.8,2
NOT081-001142,2024-10-05,S2,virtual,90.0,13.2,11.8,0.9,2
NOT081-001143,2024-10-05,S3,presencial,65.1,8.8,9.0,5.1,2
NOT081-001144,2024-10-05,S1,virtual,53.5,13.9,13.5,10.0,3
NOT081-001145,2024-10-05,S2,virtual,53.2,9.9,9.9,11.3,4
NOT081-001146,2024-10-05,S3,virtual,93.3,16.9,19.0,7.8,1
NOT081-001147,2024-10-06,S1,virtual,89.4,8.9,8.0,7.0,5
NOT081-001148,2024-10-06,S2,presencial,88.8,14.3,13.5,4.1,2
NOT081-001149,2024-10-06,S3,presencial,70.1,9.9,9.8,5.5,4
NOT081-001150,2024-10-06,S1,presencial,93.3,12.3,13.9,9.7,3
NOT081-001151,2024-10-07,S2,presencial,85.9,10.9,13.3,7.2,3
NOT081-001152,2024-10-07,S3,virtual,84.9,14.6,15.1,8.8,2
NOT081-001153,2024-10-07,S1,virtual,81.3,11.6,12.8,9.1,0
NOT081-001154,2024-10-07,S2,presencial,89.3,10.8,9.2,4.0,2
NOT081-001155,2024-10-08,S3,presencial,59.8,7.3,9.6,1.6,8
NOT081-001156,2024-10-08,S1,virtual,89.5,9.2,10.5,11.0,3
NOT081-001157,2024-10-08,S2,presencial,74.3,4.6,9.6,4.1,9
NOT081-001158,2024-10-08,S3,presencial,89.1,11.8,12.5,2.3,1
NOT081-001159,2024-10-09,S1,virtual,100,8.3,12.0,0.4,5
NOT081-001160,2024-10-09,S2,virtual,100,9.9,12.6,8.1,5
NOT081-001161,2024-10-09,S3,virtual,64.4,16.2,12.2,9.1,2
NOT081-001162,2024-10-09,S1,virtual,84.5,10.8,13.7,7.2,2
NOT081-001163,2024-10-10,S2,virtual,64.6,16.4,,8.7,3
NOT081-001164,2024-10-10,S3,virtual,100,12.8,12.2,0.9,0
NOT081-001165,2024-10-10,S1, PRESENCIAL ,76.4,12.7,13.0,11.1,0
NOT081-001166,2024-10-10,S2,presencial,98.2,11.6,12.3,3.4,1
NOT081-001167,2024-10-11,S3,virtual,99.9,5.7,5.9,6.5,2
NOT081-001168,2024-02-30,S1,virtual,75.9,16.8,15.9,11.3,0
NOT081-001169,2024-10-11,S2,presencial,60.1,6.6,5.4,2.1,3
NOT081-001170,2024-10-11,S3,virtual,79.2,13.8,12.7,8.6,1
NOT081-001171,2024-10-12,S1,presencial,68.7,5.9,9.9,3.1,3
NOT081-001172,2024-10-12,S2,presencial,86.4,10.1,12.2,8.9,0
NOT081-001173,2024-10-12,S3,virtual,53.5,9.3,12.3,1.2,10
NOT081-001174,2024-10-12,S1,virtual,91.8,5.3,8.3,8.5,3
NOT081-001175,2024-10-13,S2,presencial,66.3,10.0,6.3,0.1,0
NOT081-001176,2024-10-13,S3,presencial,100,17.4,20,6.8,0
NOT081-001177,2024-10-13,S1,presencial,80.7,7.8,8.2,2.6,8
NOT081-001178,2024-10-13,S2,virtual,89.6,10.3,11.8,6.5,3
NOT081-001179,2024-10-14,S3,virtual,71.1,7.2,9.0,4.9,3
NOT081-001180,2024-10-14,S1,virtual,52.9,3.9,3.7,5.8,2
NOT081-001181,2024-10-14,S2,virtual,81.2,14.1,11.8,5.2,1
NOT081-001182,2024-10-14,S3,presencial,95.6,11.9,10.8,0.9,0
NOT081-001183,2024-10-15,S1,virtual,100,3.2,5.6,0.6,3
NOT081-001184,2024-10-15,S2,presencial,70.2,9.5,9.1,1.3,7
NOT081-001185,2024-10-15,S3,presencial,45.2,14.1,11.0,7.3,0
NOT081-001186,2024-10-15,S1,virtual,91.3,8.8,14.7,11.9,5
NOT081-001187,2024-10-15,S2,presencial,90.9,8.8,9.9,0.8,5
NOT081-001188,2024-10-16,S3,virtual,64.6,8.0,8.2,3.0,4
NOT081-001189,2024-10-16,S1,virtual,63.2,9.3,10.2,5.1,8
NOT081-001190,2024-10-16,S2,presencial,85.3,8.5,13.4,10.3,7
NOT081-001191,2024-10-16,S3,virtual,60.8,12.4,13.4,3.1,1
NOT081-001192,2024-10-17,S1,virtual,92.2,10.2,9.9,4.9,2
NOT081-001193,2024-10-17,S2,virtual,87.8,11.2,12.5,11.0,3
NOT081-001194,2024-10-17,S3,presencial,73.1,13.9,14.8,11.8,3
NOT081-001195,2024-10-17,S1,virtual,79.5,14.2,7.8,2.2,3
NOT081-001196,2024-10-18,S2,presencial,100,11.3,11.5,5.4,2
NOT081-001197,2024-10-18,S3,virtual,81.3,14.9,15.1,0.6,0
NOT081-001198,2024-10-18,S1,presencial,46.8,8.8,7.8,3.4,2
NOT081-001199,2024-10-18,S2,presencial,54.4,10.8,9.4,11.4,3
NOT081-001200,2024-10-19,S3,virtual,89.0,8.6,10.0,4.8,8
NOT081-001201,2024-10-19,S1,presencial,100,6.4,8.7,0.5,8
NOT081-001202,2024-10-19,S2,presencial,91.2,14.6,13.0,8.3,0
NOT081-001203,2024-10-19,S3,virtual,74.3,10.1,11.9,11.4,0
NOT081-001204,2024-10-20,S1,presencial,91.5,10.3,8.4,1.2,1
NOT081-001205,2024-10-20,S2,presencial,85.3,13.0,14.9,11.3,0
NOT081-001206,2024-10-20,S3,presencial,81.9,11.9,13.4,1.1,3
NOT081-001207,2024-10-20,S1,virtual,91.8,8.9,9.4,8.4,4
NOT081-001208,2024-10-21,S2,presencial,59.2,16.5,11.8,7.2,3
NOT081-001209,2024-10-21,S3,presencial,77.5,13.8,14.1,3.2,1
NOT081-001210,2024-10-21,S1,presencial,79.3,15.4,16.1,10.9,2
NOT081-001211,2024-10-21,S2,virtual,79.2,13.6,12.4,4.0,2
NOT081-001212,2024-10-22,S3,presencial,60.3,9.2,9.7,2.7,2
NOT081-001213,2024-10-22,S1,virtual,47.2,16.4,12.8,0.8,1
NOT081-001214,2024-10-22,S2,virtual,82.4,2.9,8.6,4.4,3
NOT081-001215,2024-10-22,S3,virtual,83.6,11.7,12.1,4.9,0
NOT081-001216,2024-10-23,S1,presencial,88.3,17.1,16.7,1.8,2
NOT081-001217,2024-10-23,S2,virtual,85.3,9.5,12.1,5.0,9
NOT081-001218,2024-10-23,S3,virtual,85.7,7.3,7.2,3.4,8
NOT081-001219,2024-10-23,S1,presencial,73.9,6.6,8.6,0.2,2
NOT081-001220,2024-10-24,S2,virtual,93.9,12.3,12.9,6.3,1
NOT081-001221,2024-10-24,S3,virtual,100,12.9,12.7,2.6,0
NOT081-001222,2024-10-24,S1,presencial,50.8,10.9,12.3,2.5,0
NOT081-001223,2024-10-24,S2,presencial,52.9,7.9,13.2,12.0,2
NOT081-001224,2024-10-25,S3,presencial,70.8,13.2,11.0,8.1,3
NOT081-001225,2024-10-25,S1,virtual,84.9,4.4,9.7,3.3,5
NOT081-001226,2024-10-25,S2,presencial,95.4,16.3,14.2,7.6,1
NOT081-001227,2024-10-25,S3,virtual,86.5,12.4,13.0,9.6,1
NOT081-001228,2024-10-25,S1,virtual,67.6,6.4,6.7,0.5,4
NOT081-001229,2024-10-26,S2,presencial,57.9,10.0,9.0,9.6,3
NOT081-001230,2024-10-26,S3,presencial,91.7,6.8,12.4,9.4,2
NOT081-001231,2024-10-26,S1,virtual,85.9,11.3,13.2,0.9,3
NOT081-001232,2024-10-26,S2,virtual,70.0,11.3,11.6,1.0,3
NOT081-001233,2024-10-27,S3,presencial,82.2,10.3,14.4,11.4,3
NOT081-001234,2024-10-27,S1,presencial,75.0,8.9,9.4,9.4,6
NOT081-001235,2024-10-27,S2,virtual,99.5,7.3,9.7,11.3,8
NOT081-001236,2024-10-27,S3,presencial,78.2,11.0,10.9,7.4,3
NOT081-001237,2024-10-28,S1,virtual,70.9,12.4,9.7,8.9,0
NOT081-001238,2024-10-28,S2,virtual,77.7,6.9,10.3,2.1,6
NOT081-001239,2024-10-28,S3,presencial,77.7,16.8,14.0,6.6,3
NOT081-001240,2024-10-28,S1,virtual,84.7,12.4,10.5,8.7,2
NOT081-001241,2024-10-29,S2,presencial,55.4,12.4,11.8,9.1,2
NOT081-001242,2024-10-29,S3,virtual,65.5,15.5,10.1,4.0,1
NOT081-001243,2024-10-29,S1,virtual,72.7,14.4,13.3,4.5,1
NOT081-001244,2024-10-29,S2,virtual,70.8,8.2,11.0,4.0,8
NOT081-001245,2024-10-30,S3,presencial,85.4,8.8,9.3,2.4,8
NOT081-001246,2024-10-30,S1,virtual,89.3,10.8,,1.7,2
NOT081-001247,2024-10-30,S2,virtual,75.1,14.4,11.4,2.3,3
NOT081-001248,2024-10-30,S3,virtual,100,7.8,8.4,1.1,8
NOT081-001249,2024-10-31,S1,virtual,100,7.5,11.3,3.2,8
NOT081-001250,2024-10-31,S2,virtual,77.4,14.8,13.5,8.5,0
NOT081-001251,2024-10-31,S3,virtual,79.0,9.4,12.5,11.1,3
NOT081-001252,2024-10-31,S1,virtual,84.5,11.9,14.2,8.5,3
NOT081-001253,2024-11-01,S2,presencial,69.2,6.9,5.4,4.4,3
NOT081-001254,2024-11-01,S3,virtual,84.7,5.8,8.1,2.1,8
NOT081-001255,2024-11-01,S1,virtual,77.2,5.1,9.8,1.0,7
NOT081-001256,2024-11-01,S2,virtual,71.5,9.0,8.4,2.7,3
NOT081-001257,2024-11-02,S3,presencial,78.1,14.5,15.8,4.4,0
NOT081-001258,2024-11-02,S1,virtual,70.7,13.7,14.9,5.2,2
NOT081-001259,2024-11-02,S2,presencial,100,11.8,12.5,5.3,3
NOT081-001260,2024-11-02,S3,presencial,89.9,5.1,7.3,2.6,2
NOT081-001261,2024-11-03,S1,virtual,85.5,10.5,11.5,11.3,0
NOT081-001262,2024-11-03,S2, VIRTUAL ,54.2,13.0,9.5,1.9,1
NOT081-001263,2024-11-03,S3,presencial,75.2,11.5,11.7,7.8,2
NOT081-001264,2024-11-03,S1,presencial,71.3,15.0,11.3,8.8,0
NOT081-001265,2024-11-03,S2,virtual,95.2,3.5,5.5,5.2,10
NOT081-001266,2024-11-04,S3,presencial,66.2,9.9,10.7,5.1,4
NOT081-001267,2024-11-04,S1,presencial,95.9,10.0,"13,8",7.6,2
NOT081-001268,2024-11-04,S2,virtual,65.1,12.4,10.7,10.2,0
NOT081-001269,2024-11-04,S3,virtual,100,10.2,10.5,9.7,2
NOT081-001270,2024-11-05,S1,virtual,94.3,14.0,12.2,4.6,0
NOT081-001271,2024-11-05,S2,presencial,95.0,3.0,8.9,8.2,9
NOT081-001272,2024-11-05,S3,virtual,62.7,4.2,8.1,8.6,3
NOT081-001273,2024-11-05,S1,virtual,70.6,7.6,10.3,0.1,10
NOT081-001274,2024-11-06,S2,presencial,67.9,14.1,13.8,7.0,2
NOT081-001275,2024-11-06,S3,virtual,53.7,13.2,11.5,9.6,0
NOT081-001276,2024-11-06,S1,virtual,73.2,10.0,11.1,3.2,3
NOT081-001277,2024-11-06,S2,presencial,100,6.3,9.8,6.3,9
NOT081-001278,2024-11-07,S3,presencial,35.2,14.4,8.3,10.8,2
NOT081-001279,2024-11-07,S1,presencial,98.0,14.6,16.4,7.0,1
NOT081-001280,2024-11-07,S2,presencial,60.8,11.2,10.7,5.1,2
NOT081-001281,2024-11-07,S3,presencial,88.5,14.0,15.6,10.7,3
NOT081-001282,2024-11-08,S1,virtual,52.4,13.7,11.6,1.0,0
NOT081-001283,2024-11-08,S2,virtual,63.5,8.9,8.9,3.3,6
NOT081-001284,2024-11-08,S3,virtual,60.8,14.8,11.7,8.4,0
NOT081-001285,2024-11-08,S1,presencial,100,11.0,7.4,1.2,1
NOT081-001286,2024-11-09,S2,presencial,71.2,13.2,10.3,5.7,1
NOT081-001287,2024-11-09,S3,virtual,87.0,7.6,7.1,3.0,6
NOT081-001288,2024-11-09,S1,virtual,56.9,10.6,10.6,11.1,1
NOT081-001289,2024-11-09,S2,virtual,72.4,9.4,9.9,10.1,5
NOT081-001290,2024-11-10,S3,virtual,83.1,7.4,9.4,4.7,5
NOT081-001291,2024-11-10,S1,virtual,88.9,9.7,14.6,10.3,2
NOT081-001292,2024-11-10,S2,presencial,84.6,13.4,18.7,6.7,2
NOT081-001293,2024-11-10,S3,virtual,85.8,10.6,15.4,2.8,1
NOT081-001294,2024-11-11,S1,virtual,64.3,16.6,14.7,3.6,1
NOT081-001295,2024-11-11,S2,virtual,100,14.3,18.1,6.9,3
NOT081-001296,2024-11-11,S3,presencial,72.6,9.2,6.2,1.0,6
NOT081-001297,2024-11-11,S1,virtual,77.0,10.1,10.3,7.4,2
NOT081-001298,2024-11-12,S2,presencial,100,14.6,11.8,7.0,2
NOT081-001299,2024-11-12,S3,presencial,93.1,12.8,11.8,10.3,3
NOT081-001300,2024-11-12,S1,virtual,94.6,10.9,13.6,0.1,3
NOT081-001301,2024-11-12,S2,virtual,65.6,17.3,15.8,6.5,3
NOT081-001302,2024-11-13,S3,presencial,91.6,16.0,14.1,4.3,3
NOT081-001303,2024-11-13,S1,presencial,91.5,9.3,13.5,11.7,2
NOT081-001304,2024-11-13,S2,presencial,72.0,8.2,10.0,5.8,5
NOT081-001305,2024-11-13,S3,virtual,71.2,10.1,10.5,5.1,1
NOT081-001306,2024-11-13,S1,virtual,65.8,12.0,13.4,9.4,0
NOT081-001307,2024-11-14,S2,virtual,89.3,13.0,13.4,8.5,3
NOT081-001308,2024-11-14,S3,presencial,70.9,12.6,9.5,2.5,1
NOT081-001309,2024-11-14,S1,virtual,90.2,8.0,10.1,11.4,9
NOT081-001310,2024-11-14,S2,presencial,97.7,12.0,17.7,5.8,2
NOT081-001311,2024-11-15,S3,presencial,100,11.2,9.1,2.3,0
NOT081-001312,2024-11-15,S1,presencial,71.7,8.1,12.1,7.7,3
NOT081-001313,2024-11-15,S2,virtual,50.3,14.5,12.6,3.5,3
NOT081-001314,2024-11-15,S3,virtual,89.9,10.3,11.0,10.1,1
NOT081-001315,2024-11-16,S1,presencial,100,9.4,11.0,5.8,7
NOT081-001316,2024-11-16,S2,presencial,76.1,7.4,5.3,1.3,2
NOT081-001317,2024-11-16,S3,presencial,92.5,17.4,18.3,11.1,2
NOT081-001318,2024-11-16,S1,presencial,82.3,9.4,12.4,1.6,7
NOT081-001319,2024-11-17,S2,presencial,66.8,9.9,7.8,9.7,6
NOT081-001320,2024-11-17,S3,virtual,86.5,10.4,15.0,8.0,3
NOT081-001321,2024-11-17,S1,presencial,66.2,12.6,13.9,5.2,0
NOT081-001322,2024-11-17,S2,presencial,67.6,12.5,12.1,5.9,1
NOT081-001323,2024-11-18,S3,presencial,74.7,12.1,8.6,2.7,0
NOT081-001324,2024-11-18,S1,virtual,90.9,8.5,12.7,11.1,8
NOT081-001325,2024-11-18,S2,presencial,83.0,15.8,13.1,8.7,2
NOT081-001326,2024-11-18,S3,virtual,87.3,16.7,14.3,7.8,2
NOT081-001327,2024-11-19,S1,virtual,77.6,12.4,9.6,3.4,2
NOT081-001328,2024-11-19,S2,virtual,64.9,10.4,9.4,1.4,2
NOT081-001329,2024-11-19,S3,presencial,81.8,11.4,,9.1,0
NOT081-001330,2024-11-19,S1,virtual,91.6,4.5,11.0,10.1,7
NOT081-001331,2024-11-20,S2,virtual,67.8,12.0,12.4,7.7,3
NOT081-001332,2024-11-20,S3,virtual,78.7,13.7,14.4,11.8,1
NOT081-001333,2024-11-20,S1,virtual,27.8,14.0,10.1,5.9,3
NOT081-001334,2024-11-20,S2,presencial,78.2,6.3,9.2,11.9,8
NOT081-001335,2024-11-21,S3,virtual,85.2,4.1,5.4,1.7,9
NOT081-001336,2024-11-21,S1,virtual,82.6,12.3,10.7,9.8,3
NOT081-001337,2024-11-21,S2,virtual,63.7,9.2,6.3,3.1,7
NOT081-001338,2024-11-21,S3,virtual,56.4,13.8,14.5,7.0,3
NOT081-001339,2024-11-22,S1,virtual,76.1,14.4,12.0,7.2,2
NOT081-001340,2024-11-22,S2,presencial,70.7,6.6,8.0,3.8,3
NOT081-001341,2024-11-22,S3,presencial,97.0,14.2,17.6,5.0,2
NOT081-001342,2024-11-22,S1,presencial,69.1,10.8,9.4,9.8,3
NOT081-001343,2024-11-23,S2,virtual,71.6,8.7,7.2,1.2,3
NOT081-001344,2024-11-23,S3,presencial,86.6,16.4,18.0,7.8,3
NOT081-001345,2024-11-23,S1,virtual,58.3,12.3,9.7,1.2,1
NOT081-001346,2024-11-23,S2,presencial,81.3,8.4,8.8,0.9,9
NOT081-001347,2024-11-23,S3,presencial,73.5,11.2,8.2,0.9,2
NOT081-001348,2024-11-24,S1,presencial,46.1,14.0,10.3,3.7,1
NOT081-001349,2024-11-24,S2,presencial,76.0,8.5,6.9,0.1,4
NOT081-001350,2024-11-24,S3,presencial,48.3,15.0,13.0,7.0,3
NOT081-001351,2024-11-24,S1,virtual,98.8,11.9,11.7,0.6,2
NOT081-001352,2024-11-25,S2,presencial,81.4,10.8,10.8,10.9,2
NOT081-001353,2024-11-25,S3,presencial,100,12.2,10.0,5.9,3
NOT081-001354,2024-11-25,S1,presencial,83.6,10.5,8.8,6.5,0
NOT081-001355,2024-11-25,S2,presencial,50.6,4.8,9.3,11.1,4
NOT081-001356,2024-11-26,S3,virtual,77.7,9.2,6.8,7.9,3
NOT081-001357,2024-11-26,S1,virtual,80.7,5.2,5.6,9.2,2
NOT081-001358,2024-11-26,S2,presencial,100,11.5,9.7,5.5,2
NOT081-001359,2024-11-26,S3, PRESENCIAL ,69.6,15.0,12.7,6.8,1
NOT081-001360,2024-11-27,S1,virtual,73.3,13.7,11.3,1.7,0
NOT081-001361,2024-11-27,S2,virtual,82.7,14.3,10.3,7.2,2
NOT081-001362,2024-11-27,S3,virtual,58.1,12.5,14.7,7.1,0
NOT081-001363,2024-11-27,S1,presencial,65.0,11.1,6.2,3.8,3
NOT081-001364,2024-11-28,S2,virtual,100,6.4,10.6,5.6,4
NOT081-001365,2024-11-28,S3,presencial,75.6,11.5,8.2,5.2,3
NOT081-001366,2024-11-28,S1,virtual,77.8,11.7,11.1,6.0,0
NOT081-001367,2024-11-28,S2,presencial,65.2,13.9,13.2,8.8,3
NOT081-001368,2024-11-29,S3,virtual,100,19.2,16.6,0.8,2
NOT081-001369,2024-11-29,S1,virtual,100,8.5,17.0,10.7,5
NOT081-001370,2024-11-29,S2,virtual,62.4,5.1,5.0,3.6,5
NOT081-001371,2024-11-29,S3,virtual,89.4,11.6,10.7,5.7,2
NOT081-001372,2024-11-30,S1,presencial,99.2,12.4,14.2,8.4,0
NOT081-001373,2024-11-30,S2,virtual,78.1,9.0,8.0,4.1,6
NOT081-001374,2024-11-30,S3,presencial,54.2,9.7,13.4,8.3,3
NOT081-001375,2024-11-30,S1,virtual,53.7,16.5,13.3,11.9,0
NOT081-001376,2024-12-01,S2,virtual,67.9,15.4,14.4,8.1,1
NOT081-001377,2024-12-01,S3,presencial,63.4,6.6,9.7,10.5,6
NOT081-001378,2024-12-01,S1,virtual,88.9,10.0,10.1,5.8,0
NOT081-001379,2024-12-01,S2,presencial,42.9,10.0,6.0,0.4,3
NOT081-001380,2024-12-02,S3,presencial,73.9,9.0,9.7,7.2,3
NOT081-001381,2024-12-02,S1,presencial,88.4,13.5,11.3,11.5,0
NOT081-001382,2024-12-02,S2,virtual,66.9,12.0,16.4,8.8,3
NOT081-001383,2024-12-02,S3,presencial,100,7.5,13.4,6.9,8
NOT081-001384,2024-12-02,S1,presencial,73.9,15.6,13.7,0.8,1
NOT081-001385,2024-12-03,S2,presencial,79.9,13.4,9.7,0.5,1
NOT081-001386,2024-12-03,S3,virtual,100,13.3,11.5,4.7,1
NOT081-001387,2024-12-03,S1,virtual,74.3,11.1,12.8,7.9,3
NOT081-001388,2024-12-03,S2,virtual,74.4,11.1,9.4,8.6,3
NOT081-001389,2024-12-04,S3,virtual,87.6,13.9,13.9,8.4,3
NOT081-001390,2024-12-04,S1,presencial,69.8,14.7,14.6,0.4,0
NOT081-001391,2024-12-04,S2,presencial,46.6,14.2,11.7,8.6,0
NOT081-001392,2024-12-04,S3,virtual,76.3,13.6,11.6,2.9,3
NOT081-001393,2024-12-05,S1,virtual,76.6,11.9,13.0,6.5,0
NOT081-001394,2024-12-05,S2,virtual,73.0,8.9,10.6,10.7,4
NOT081-001395,2024-12-05,S3,virtual,92.9,8.8,12.2,10.0,8
NOT081-001396,2024-12-05,S1,presencial,100,12.3,13.3,5.6,0
NOT081-001397,2024-12-06,S2,virtual,100,9.0,9.9,5.3,9
NOT081-001398,2024-12-06,S3,presencial,93.4,11.0,10.4,8.7,1
NOT081-001399,2024-12-06,S1,presencial,94.2,10.5,8.6,3.5,0
NOT081-001400,2024-12-06,S2,virtual,84.0,12.1,14.0,10.4,1
NOT081-001401,2024-12-07,S3,virtual,83.1,12.1,13.7,8.6,2
NOT081-001402,2024-12-07,S1,presencial,98.5,12.9,13.1,9.8,1
NOT081-001403,2024-12-07,S2,presencial,82.4,10.6,11.5,2.8,2
NOT081-001404,2024-12-07,S3,presencial,59.4,19.1,19.3,10.1,3
NOT081-001405,2024-12-08,S1,virtual,66.1,10.1,9.4,6.8,1
NOT081-001406,2024-12-08,S2,presencial,86.6,16.3,14.6,4.6,3
NOT081-001407,2024-12-08,S3,virtual,78.1,4.9,9.4,11.2,4
NOT081-001408,2024-12-08,S1,virtual,77.3,9.1,15.8,10.5,5
NOT081-001409,2024-12-09,S2,presencial,45.4,7.1,9.0,2.6,8
NOT081-001410,2024-12-09,S3,presencial,74.1,9.3,11.9,7.7,9
NOT081-001411,2024-12-09,S1,virtual,66.2,9.3,10.1,0.9,6
NOT081-001412,2024-12-09,S2,virtual,73.7,10.1,,10.6,0
NOT081-001413,2024-12-10,S3,presencial,78.1,13.6,15.7,8.8,1
NOT081-001414,2024-12-10,S1,virtual,71.3,12.4,7.9,0.3,3
NOT081-001415,2024-12-10,S2,virtual,79.2,7.4,9.7,8.6,3
NOT081-001416,2024-12-10,S3,virtual,100,16.2,12.0,5.7,0
NOT081-001417,2024-12-11,S1,virtual,75.4,13.4,9.9,2.5,3
NOT081-001418,2024-12-11,S2,virtual,68.3,10.2,11.1,2.6,3
NOT081-001419,2024-12-11,S3,virtual,53.2,4.5,5.0,3.3,2
NOT081-001420,2024-12-11,S1,presencial,93.9,12.8,14.3,10.9,0
NOT081-001421,2024-12-12,S2,presencial,100,10.6,13.1,9.4,2
NOT081-001422,2024-12-12,S3,virtual,49.5,11.3,7.8,3.9,0
NOT081-001423,2024-12-12,S1,presencial,76.1,13.8,14.1,10.0,3
NOT081-001424,2024-12-12,S2,presencial,73.9,7.7,8.4,1.9,6
NOT081-001425,2024-12-12,S3,presencial,96.6,15.1,14.9,5.7,3
NOT081-001426,2024-12-13,S1,presencial,78.2,14.3,17.5,8.2,1
NOT081-001427,2024-12-13,S2,presencial,100,12.1,12.4,1.5,1
NOT081-001428,2024-12-13,S3,virtual,60.4,9.7,11.1,4.5,10
NOT081-001429,2024-12-13,S1,presencial,70.0,14.8,13.7,5.9,1
NOT081-001430,2024-12-14,S2,presencial,73.0,7.9,11.1,5.2,8
NOT081-001431,2024-12-14,S3,presencial,72.5,12.0,10.8,0.6,0
NOT081-001432,2024-12-14,S1,virtual,100,8.2,8.9,2.2,4
NOT081-001433,2024-12-14,S2,virtual,51.5,12.6,12.0,10.7,1
NOT081-001434,2024-12-15,S3,presencial,73.7,11.1,12.9,5.2,0
NOT081-001435,2024-12-15,S1,presencial,100,6.6,10.1,5.8,2
NOT081-001436,2024-12-15,S2,virtual,79.6,12.9,10.9,1.1,3
NOT081-001437,2024-12-15,S3,virtual,75.8,14.6,11.6,7.7,1
NOT081-001438,2024-12-16,S1,virtual,74.6,5.8,11.6,8.2,7
NOT081-001439,2024-12-16,S2,presencial,100,10.2,14.5,2.7,1
NOT081-001440,2024-12-16,S3,virtual,88.7,14.4,16.8,9.9,1
NOT081-001441,2024-12-16,S1,presencial,70.1,6.5,7.9,7.4,2
NOT081-001442,2024-12-17,S2,presencial,74.9,10.9,9.1,6.2,2
NOT081-001443,2024-12-17,S3,virtual,88.0,12.2,12.0,4.7,2
NOT081-001444,2024-12-17,S1,virtual,98.1,13.8,18.4,11.8,0
NOT081-001445,2024-12-17,S2,presencial,81.7,14.7,16.5,9.9,1
NOT081-001446,2024-12-18,S3,presencial,100,9.6,13.4,4.2,8
NOT081-001447,2024-12-18,S1,presencial,80.5,10.7,12.0,6.1,3
NOT081-001448,2024-12-18,S2,presencial,52.8,11.1,10.9,8.7,3
NOT081-001449,2024-12-18,S3,virtual,98.1,7.2,11.0,3.4,9
NOT081-001450,2024-12-19,S1,presencial,96.0,9.8,11.1,9.8,7
NOT081-001451,2024-12-19,S2,virtual,100,7.6,10.2,8.2,2
NOT081-001452,2024-12-19,S3,presencial,78.5,7.4,9.9,2.5,9
NOT081-001453,2024-12-19,S1,virtual,76.4,7.3,6.2,3.9,3
NOT081-001454,2024-12-20,S2,virtual,95.2,12.1,14.1,7.9,1
NOT081-001455,2024-12-20,S3,presencial,70.3,11.3,7.4,2.8,1
NOT081-001456,2024-12-20,S1, PRESENCIAL ,61.6,8.4,7.9,0.9,7
NOT081-001457,2024-12-20,S2,virtual,100,11.9,13.7,1.2,2
NOT081-001458,2024-12-21,S3,presencial,100,12.4,12.6,2.8,1
NOT081-001459,2024-12-21,S1,virtual,48.1,7.4,7.9,3.6,3
NOT081-001460,2024-12-21,S2,virtual,53.7,12.2,12.2,5.4,1
NOT081-001461,2024-12-21,S3,virtual,77.3,6.8,8.1,6.1,5
NOT081-001462,2024-12-21,S1,presencial,81.3,7.6,10.0,10.1,9
NOT081-001463,2024-12-22,S2,virtual,96.6,14.4,14.1,4.7,2
NOT081-001464,2024-12-22,S3,presencial,86.0,10.1,10.2,6.2,3
NOT081-001465,2024-12-22,S1,presencial,85.0,16.5,18.7,11.2,3
NOT081-001466,2024-12-22,S2,virtual,91.1,11.3,12.5,6.8,0
NOT081-001467,2024-12-23,S3,virtual,70.6,10.0,13.1,4.1,0
NOT081-001468,2024-12-23,S1,virtual,90.2,13.6,11.0,2.4,1
NOT081-001469,2024-12-23,S2,presencial,57.4,9.6,8.8,8.5,5
NOT081-001470,2024-12-23,S3,presencial,91.7,13.1,10.8,7.9,1
NOT081-001471,2024-12-24,S1,virtual,100,10.3,10.5,1.0,2
NOT081-001472,2024-12-24,S2,presencial,71.3,11.3,13.3,6.6,1
NOT081-001473,2024-12-24,S3,virtual,92.4,10.3,13.1,10.9,2
NOT081-001474,2024-12-24,S1,virtual,83.6,10.7,7.8,3.9,2
NOT081-001475,2024-12-25,S2,virtual,62.8,9.7,13.7,9.5,9
NOT081-001476,2024-12-25,S3,virtual,53.2,10.3,9.8,10.2,1
NOT081-001477,2024-12-25,S1,virtual,72.8,2.9,9.3,11.1,7
NOT081-001478,2024-12-25,S2,presencial,76.7,8.3,"11,4",4.2,9
NOT081-001479,2024-12-26,S3,presencial,67.4,11.8,11.1,2.1,0
NOT081-001480,2024-12-26,S1,presencial,69.9,8.8,11.9,8.1,9
NOT081-001481,2024-12-26,S2,presencial,65.8,15.5,15.3,0.7,2
NOT081-001482,2024-12-26,S3,virtual,100,12.1,14.0,0.2,3
NOT081-001483,2024-12-27,S1,virtual,79.8,13.9,12.8,5.0,1
NOT081-001484,2024-12-27,S2,presencial,100,11.4,15.2,5.5,3
NOT081-001485,2024-12-27,S3,virtual,52.8,5.7,7.5,2.4,9
NOT081-001486,2024-12-27,S1,presencial,67.1,11.2,12.2,8.2,3
NOT081-001487,2024-12-28,S2,presencial,73.8,4.5,7.1,5.8,6
NOT081-001488,2024-12-28,S3,virtual,78.2,13.2,11.2,1.0,0
NOT081-001489,2024-12-28,S1,virtual,77.4,12.3,14.1,8.0,3
NOT081-001490,2024-12-28,S2,virtual,100,12.8,12.5,0.3,2
NOT081-001491,2024-12-29,S3,presencial,59.6,14.7,12.7,8.9,1
NOT081-001492,2024-12-29,S1,virtual,66.2,7.7,7.6,3.8,9
NOT081-001493,2024-12-29,S2,virtual,55.9,6.4,6.4,7.7,7
NOT081-001494,2024-12-29,S3,virtual,81.6,12.3,11.6,3.2,1
NOT081-001495,2024-12-30,S1,virtual,84.8,5.4,,8.9,6
NOT081-001496,2024-12-30,S2,virtual,87.0,13.2,12.8,8.9,1
NOT081-001497,2024-12-30,S3,virtual,67.2,7.9,7.0,1.5,5
NOT081-001498,2024-12-30,S1,presencial,100,14.6,6.7,6.5,2
NOT081-001499,2024-12-31,S2,presencial,75.3,15.1,15.7,7.6,2
NOT081-001500,2024-12-31,S3,virtual,49.0,8.9,9.3,7.0,5
NOT081-001501,2024-12-31,S1,virtual,81.0,14.8,12.1,1.1,2
NOT081-001502,2024-12-31,S2,presencial,48.3,12.6,12.3,9.5,2
NOT081-001503,2024-12-31,S3,virtual,63.9,17.0,14.4,4.2,1
NOT081-001504,2025-01-01,S1,virtual,92.8,10.5,12.4,11.8,0
NOT081-001505,2025-01-01,S2,presencial,58.0,11.1,11.2,6.1,3
NOT081-001506,2025-01-01,S3,presencial,78.0,8.5,12.1,10.2,7
NOT081-001507,2025-01-01,S1,virtual,40.3,12.7,12.1,3.3,2
NOT081-001508,2025-01-02,S2,virtual,85.0,12.4,13.8,6.5,2
NOT081-001509,2025-01-02,S3,presencial,45.4,12.8,11.4,7.1,3
NOT081-001510,2025-01-02,S1,presencial,67.6,12.6,11.8,6.9,3
NOT081-001511,2025-01-02,S2,virtual,100,12.5,16.0,8.2,3
NOT081-001512,2025-01-03,S3,virtual,75.7,8.4,11.2,2.3,2
NOT081-001513,2025-01-03,S1,presencial,88.4,12.6,12.9,3.2,1
NOT081-001514,2025-01-03,S2,virtual,87.5,11.9,13.4,5.7,1
NOT081-001515,2025-01-03,S3,virtual,82.7,12.3,12.0,4.6,2
NOT081-001516,2025-01-04,S1,presencial,70.2,13.5,10.3,2.4,2
NOT081-001517,2025-01-04,S2,presencial,79.0,14.9,11.1,11.7,0
NOT081-001518,2025-01-04,S3,presencial,88.9,9.2,12.9,7.4,4
NOT081-001519,2025-01-04,S1,virtual,100,12.4,9.3,0.3,0
NOT081-001520,2025-01-05,S2,virtual,96.4,6.2,9.5,1.0,3
NOT081-001521,2025-01-05,S3,presencial,85.1,13.1,12.8,7.8,1
NOT081-001522,2025-01-05,S1,virtual,87.2,13.1,15.7,5.4,3
NOT081-001523,2025-01-05,S2,virtual,76.6,11.3,10.4,1.6,3
NOT081-001524,2025-01-06,S3,virtual,36.0,8.0,8.5,11.0,3
NOT081-001525,2025-01-06,S1,presencial,84.0,12.9,12.8,11.1,1
NOT081-001526,2025-01-06,S2,presencial,89.6,9.4,16.5,8.2,5
NOT081-001527,2025-01-06,S3,presencial,55.1,4.9,4.5,3.6,10
NOT081-001528,2025-01-07,S1,presencial,81.6,6.6,8.2,11.7,6
NOT081-001529,2025-01-07,S2,virtual,54.0,10.4,12.6,10.3,0
NOT081-001530,2025-01-07,S3,virtual,50.6,10.2,10.2,0.9,2
NOT081-001531,2025-01-07,S1,virtual,58.7,15.0,16.0,11.7,0
NOT081-001532,2025-01-08,S2,presencial,49.7,13.7,7.0,2.6,1
NOT081-001533,2025-01-08,S3,presencial,50.3,16.6,14.5,9.4,3
NOT081-001534,2025-01-08,S1,presencial,75.3,12.0,16.2,9.4,0
NOT081-001535,2025-01-08,S2,virtual,64.2,8.4,12.9,11.3,2
NOT081-001536,2025-01-09,S3,virtual,93.7,15.5,16.1,9.7,0
NOT081-001537,2025-01-09,S1,virtual,55.8,6.6,4.6,0.9,3
NOT081-001538,2025-01-09,S2,virtual,53.1,12.0,10.6,6.4,3
NOT081-001539,2025-01-09,S3,presencial,70.3,9.6,9.9,0.5,5
NOT081-001540,2025-01-10,S1,virtual,89.3,10.1,10.4,5.7,0
NOT081-001541,2025-01-10,S2,presencial,85.2,11.7,11.5,4.9,2
NOT081-001542,2025-01-10,S3,virtual,91.4,8.3,11.4,11.8,6
NOT081-001543,2025-01-10,S1,virtual,93.7,13.4,11.1,3.3,3
NOT081-001544,2025-01-10,S2,presencial,78.3,11.6,9.2,2.8,3
NOT081-001545,2025-01-11,S3,virtual,79.8,11.4,7.2,1.8,0
NOT081-001546,2025-01-11,S1,presencial,79.4,16.7,14.4,6.6,0
NOT081-001547,2025-01-11,S2,presencial,77.8,10.1,11.5,11.7,1
NOT081-001548,2025-01-11,S3,presencial,81.4,11.3,12.8,9.0,1
NOT081-001549,2025-01-12,S1,virtual,88.5,13.2,11.8,2.9,2
NOT081-001550,2025-01-12,S2,virtual,100,16.8,16.8,2.3,3
NOT081-001551,2025-01-12,S3,presencial,100,6.9,11.8,3.0,10
NOT081-001552,2025-01-12,S1,presencial,74.8,10.6,9.7,8.4,0
NOT081-001553,2025-01-13,S2, PRESENCIAL ,99.8,9.5,10.6,1.7,7
NOT081-001554,2025-01-13,S3,virtual,70.1,12.1,10.5,9.6,2
NOT081-001555,2025-01-13,S1,virtual,71.4,10.4,9.4,10.1,3
NOT081-001556,2025-01-13,S2,virtual,85.9,10.6,8.3,3.5,3
NOT081-001557,2024-02-30,S3,presencial,96.9,8.7,12.0,5.7,4
NOT081-001558,2025-01-14,S1,virtual,89.9,10.2,12.1,7.6,1
NOT081-001559,2025-01-14,S2,presencial,81.7,12.5,12.1,8.9,3
NOT081-001560,2025-01-14,S3,virtual,44.2,15.7,13.8,6.7,0
NOT081-001561,2025-01-15,S1,presencial,70.9,11.7,11.3,3.9,1
NOT081-001562,2025-01-15,S2,virtual,36.3,7.8,6.1,1.0,6
NOT081-001563,2025-01-15,S3,virtual,65.5,8.9,14.2,1.0,8
NOT081-001564,2025-01-15,S1,presencial,40.5,5.4,8.8,6.5,10
NOT081-001565,2025-01-16,S2,virtual,95.4,16.8,13.6,7.8,3
NOT081-001566,2025-01-16,S3,presencial,80.6,13.4,13.3,10.0,2
NOT081-001567,2025-01-16,S1,virtual,77.2,8.2,11.9,10.0,8
NOT081-001568,2025-01-16,S2,virtual,100,14.5,15.0,0.4,0
NOT081-001569,2025-01-17,S3,virtual,77.8,12.7,13.2,10.9,2
NOT081-001570,2025-01-17,S1,presencial,68.8,9.6,11.8,6.1,8
NOT081-001571,2025-01-17,S2,presencial,76.9,6.5,9.7,9.1,2
NOT081-001572,2025-01-17,S3,presencial,92.6,12.3,10.9,6.3,2
NOT081-001573,2025-01-18,S1,presencial,68.1,13.4,11.3,8.0,3
NOT081-001574,2025-01-18,S2,presencial,64.3,16.2,13.9,0.1,2
NOT081-001575,2025-01-18,S3,virtual,69.3,15.4,14.8,5.3,0
NOT081-001576,2025-01-18,S1,presencial,85.5,13.6,14.2,6.3,0
NOT081-001577,2025-01-19,S2,virtual,75.8,9.3,10.5,1.4,3
NOT081-001578,2025-01-19,S3,presencial,88.8,10.3,,3.6,1
NOT081-001579,2025-01-19,S1,presencial,84.7,11.2,15.2,7.7,3
NOT081-001580,2025-01-19,S2,virtual,84.0,6.4,6.4,2.2,5
NOT081-001581,2025-01-19,S3,virtual,70.2,8.3,12.4,11.8,8
NOT081-001582,2025-01-20,S1,presencial,83.6,16.2,16.1,8.8,1
NOT081-001583,2025-01-20,S2,virtual,88.6,12.7,12.5,1.1,2
NOT081-001584,2025-01-20,S3,virtual,87.4,11.0,12.4,10.3,0
NOT081-001585,2025-01-20,S1,presencial,84.2,14.2,14.5,9.7,2
NOT081-001586,2025-01-21,S2,presencial,63.1,9.6,15.0,9.7,2
NOT081-001587,2025-01-21,S3,virtual,76.7,13.3,10.9,7.5,2
NOT081-001588,2025-01-21,S1,virtual,90.9,14.8,16.0,8.5,0
NOT081-001589,2025-01-21,S2,presencial,100,10.9,10.0,9.9,0
NOT081-001590,2025-01-22,S3,virtual,69.4,10.9,10.1,6.3,1
NOT081-001591,2025-01-22,S1,virtual,88.7,13.7,15.9,5.8,3
NOT081-001592,2025-01-22,S2,presencial,86.8,11.3,11.7,1.5,3
NOT081-001593,2025-01-22,S3,presencial,74.5,7.6,4.8,6.1,5
NOT081-001594,2025-01-23,S1,presencial,74.1,13.0,8.9,2.7,2
NOT081-001595,2025-01-23,S2,virtual,83.6,11.1,12.4,5.4,2
NOT081-001596,2025-01-23,S3,presencial,100,7.2,9.1,4.7,2
NOT081-001597,2025-01-23,S1,virtual,44.7,9.8,8.1,4.1,3
NOT081-001598,2025-01-24,S2,presencial,88.5,11.4,13.3,10.9,0
NOT081-001599,2025-01-24,S3,presencial,79.6,13.6,15.3,5.0,3
NOT081-001600,2025-01-24,S1,virtual,91.1,8.8,9.2,8.7,4
NOT081-001601,2025-01-24,S2,virtual,79.8,9.0,9.7,10.2,7
NOT081-001602,2025-01-25,S3,virtual,68.9,16.0,11.7,1.2,1
NOT081-001603,2025-01-25,S1,virtual,72.5,12.5,12.4,11.4,3
NOT081-001604,2025-01-25,S2,presencial,65.9,12.3,10.5,11.1,2
NOT081-001605,2025-01-25,S3,presencial,100,5.9,8.3,11.2,6
NOT081-001606,2025-01-26,S1,presencial,60.7,8.7,11.2,4.6,10
NOT081-001607,2025-01-26,S2,presencial,92.2,13.6,14.4,0.4,0
NOT081-001608,2025-01-26,S3,virtual,96.5,16.4,14.2,1.2,0
NOT081-001609,2025-01-26,S1,virtual,100,15.3,13.0,2.8,2
NOT081-001610,2025-01-27,S2,presencial,75.8,13.8,11.0,4.3,3
NOT081-001611,2025-01-27,S3,virtual,63.1,15.3,15.1,1.4,3
NOT081-001612,2025-01-27,S1,presencial,75.2,9.2,9.3,4.3,8
NOT081-001613,2025-01-27,S2,presencial,50.6,10.3,11.4,11.8,1
NOT081-001614,2025-01-28,S3,presencial,84.2,7.9,15.1,10.2,5
NOT081-001615,2025-01-28,S1,virtual,87.4,11.0,12.1,10.8,2
NOT081-001616,2025-01-28,S2,virtual,73.2,9.5,15.1,11.0,2
NOT081-001617,2025-01-28,S3,virtual,81.7,17.6,15.3,4.4,0
NOT081-001618,2025-01-29,S1,virtual,75.6,13.7,12.9,11.4,2
NOT081-001619,2025-01-29,S2,virtual,100,13.6,14.2,0.4,2
NOT081-001620,2025-01-29,S3,presencial,100,14.5,9.5,1.5,0
NOT081-001621,2025-01-29,S1,virtual,48.0,6.9,9.6,4.3,9
NOT081-001622,2025-01-29,S2,presencial,56.6,10.0,10.9,7.0,3
NOT081-001623,2025-01-30,S3,presencial,75.5,10.9,11.2,2.1,2
NOT081-001624,2025-01-30,S1,presencial,100,12.5,13.1,1.7,0
NOT081-001625,2025-01-30,S2,virtual,84.5,13.9,15.7,7.8,3
NOT081-001626,2025-01-30,S3,virtual,100,11.4,15.6,8.3,2
NOT081-001627,2025-01-31,S1,virtual,35.6,5.7,9.2,3.0,7
NOT081-001628,2025-01-31,S2,presencial,100,12.1,14.8,10.7,1
NOT081-001629,2025-01-31,S3,virtual,85.6,7.4,12.6,5.4,9
NOT081-001630,2025-01-31,S1,presencial,86.0,0,6.0,6.2,5
NOT081-001631,2025-02-01,S2,virtual,85.1,10.8,7.5,0.9,2
NOT081-001632,2025-02-01,S3,presencial,97.1,8.5,9.9,4.4,5
NOT081-001633,2025-02-01,S1,virtual,100,9.6,11.9,6.3,3
NOT081-001634,2025-02-01,S2,virtual,95.9,11.4,12.7,8.7,1
NOT081-001635,2025-02-02,S3,presencial,77.1,7.6,5.0,0.8,7
NOT081-001636,2025-02-02,S1,virtual,100,13.6,12.9,0.9,3
NOT081-001637,2025-02-02,S2,presencial,90.1,13.7,11.1,6.2,1
NOT081-001638,2025-02-02,S3,presencial,65.3,18.4,16.8,5.9,3
NOT081-001639,2025-02-03,S1,virtual,98.1,7.2,10.4,6.2,4
NOT081-001640,2025-02-03,S2,presencial,87.1,7.1,9.1,9.5,3
NOT081-001641,2025-02-03,S3,virtual,100,13.0,12.9,4.0,3
NOT081-001642,2025-02-03,S1,virtual,70.7,14.3,15.9,10.3,3
NOT081-001643,2025-02-04,S2,virtual,82.4,12.2,13.2,6.2,0
NOT081-001644,2025-02-04,S3,presencial,100,10.8,14.1,9.2,2
NOT081-001645,2025-02-04,S1,virtual,65.6,16.8,16.1,9.0,3
NOT081-001646,2025-02-04,S2,presencial,74.6,12.9,13.7,6.9,2
NOT081-001647,2025-02-05,S3,presencial,83.2,12.1,12.2,4.0,3
NOT081-001648,2025-02-05,S1,presencial,99.5,10.9,11.2,1.4,3
NOT081-001649,2025-02-05,S2,presencial,67.5,14.7,13.6,3.5,1
NOT081-001650,2025-02-05,S3, PRESENCIAL ,74.0,12.1,11.9,7.4,0
NOT081-001651,2025-02-06,S1,virtual,100,11.1,11.1,8.2,1
NOT081-001652,2025-02-06,S2,virtual,100,14.2,15.1,8.2,1
NOT081-001653,2025-02-06,S3,presencial,44.2,9.4,10.5,5.9,8
NOT081-001654,2025-02-06,S1,presencial,69.9,14.7,12.9,1.5,1
NOT081-001655,2025-02-07,S2,virtual,40.7,10.4,11.5,10.4,0
NOT081-001656,2025-02-07,S3,presencial,96.2,14.8,15.7,0.4,3
NOT081-001657,2025-02-07,S1,virtual,51.1,10.4,6.4,3.0,1
NOT081-001658,2025-02-07,S2,presencial,79.9,11.6,8.8,11.8,0
NOT081-001659,2025-02-07,S3,presencial,55.9,10.1,10.2,3.7,2
NOT081-001660,2025-02-08,S1,virtual,97.8,10.5,10.6,4.5,2
NOT081-001661,2025-02-08,S2,presencial,87.0,12.0,,5.1,2
NOT081-001662,2025-02-08,S3,virtual,82.6,12.9,15.9,10.9,0
NOT081-001663,2025-02-08,S1,virtual,86.2,6.2,8.2,9.8,4
NOT081-001664,2025-02-09,S2,virtual,75.6,6.1,10.6,11.0,8
NOT081-001665,2025-02-09,S3,presencial,100,10.8,9.3,8.6,1
NOT081-001666,2025-02-09,S1,virtual,55.2,10.4,7.6,1.5,0
NOT081-001667,2025-02-09,S2,presencial,95.7,9.5,11.9,6.9,7
NOT081-001668,2025-02-10,S3,presencial,90.9,10.9,10.6,0.9,0
NOT081-001669,2025-02-10,S1,presencial,86.2,8.3,12.8,7.1,5
NOT081-001670,2025-02-10,S2,presencial,86.9,8.2,10.0,11.0,6
NOT081-001671,2025-02-10,S3,presencial,99.6,11.6,9.7,2.1,3
NOT081-001672,2025-02-11,S1,virtual,97.6,15.7,14.3,8.6,0
NOT081-001673,2025-02-11,S2,virtual,75.4,14.2,10.3,4.1,3
NOT081-001674,2025-02-11,S3,virtual,60.2,11.5,9.3,9.3,3
NOT081-001675,2025-02-11,S1,virtual,100,9.4,8.4,2.2,2
NOT081-001676,2025-02-12,S2,virtual,71.1,9.4,12.2,5.4,3
NOT081-001677,2025-02-12,S3,virtual,88.4,13.2,13.2,6.5,0
NOT081-001678,2025-02-12,S1,virtual,89.2,11.9,11.2,2.1,1
NOT081-001679,2025-02-12,S2,presencial,99.2,7.8,12.9,11.1,2
NOT081-001680,2025-02-13,S3,virtual,73.1,17.3,17.0,1.3,1
NOT081-001681,2025-02-13,S1,virtual,73.4,8.2,10.5,7.7,7
NOT081-001682,2025-02-13,S2,presencial,62.5,12.2,9.8,8.4,2
NOT081-001683,2025-02-13,S3,presencial,58.9,9.1,10.8,0.8,10
NOT081-001684,2025-02-14,S1,virtual,94.8,9.6,12.7,10.4,6
NOT081-001685,2025-02-14,S2,presencial,99.1,12.7,13.0,5.4,1
NOT081-001686,2025-02-14,S3,virtual,100,10.7,12.3,3.1,0
NOT081-001687,2025-02-14,S1,virtual,63.7,7.8,7.9,1.7,5
NOT081-001688,2025-02-15,S2,virtual,71.0,12.6,12.5,8.3,3
NOT081-001689,2025-02-15,S3,presencial,87.7,10.5,"8,8",2.6,0
NOT081-001690,2025-02-15,S1,presencial,74.1,12.0,13.9,8.9,0
NOT081-001691,2025-02-15,S2,virtual,98.0,16.4,13.1,4.4,0
NOT081-001692,2025-02-16,S3,presencial,90.6,11.8,8.7,6.1,0
NOT081-001693,2025-02-16,S1,virtual,88.5,10.4,9.6,3.4,3
NOT081-001694,2025-02-16,S2,virtual,70.8,13.4,15.1,9.1,0
NOT081-001695,2025-02-16,S3,presencial,81.8,10.6,11.3,2.3,1
NOT081-001696,2025-02-17,S1,virtual,84.7,10.0,7.8,5.2,2
NOT081-001697,2025-02-17,S2,presencial,78.9,8.4,13.4,10.8,8
NOT081-001698,2025-02-17,S3,presencial,98.5,9.8,8.0,0.5,5
NOT081-001699,2025-02-17,S1,presencial,92.0,16.3,15.3,6.2,0
NOT081-001700,2025-02-17,S2,virtual,100,8.0,12.2,5.4,4
NOT081-001701,2025-02-18,S3,presencial,72.5,8.3,11.5,8.0,6
NOT081-001702,2025-02-18,S1,presencial,100,7.7,10.2,10.0,9
NOT081-001703,2025-02-18,S2,presencial,68.3,10.6,13.1,11.7,2
NOT081-001704,2025-02-18,S3,virtual,94.6,10.7,6.9,2.8,2
NOT081-001705,2025-02-19,S1,virtual,74.1,13.0,13.8,10.6,3
NOT081-001706,2025-02-19,S2,presencial,87.0,8.6,12.3,5.4,10
NOT081-001707,2025-02-19,S3,virtual,49.4,9.2,10.4,12.0,6
NOT081-001708,2025-02-19,S1,presencial,79.0,12.8,7.6,3.2,1
NOT081-001709,2025-02-20,S2,presencial,69.8,11.7,9.5,0.8,3
NOT081-001710,2025-02-20,S3,presencial,61.5,15.0,12.9,2.4,3
NOT081-001711,2025-02-20,S1,presencial,91.6,12.9,12.7,3.2,0
NOT081-001712,2025-02-20,S2,presencial,89.9,9.2,10.7,3.7,7
NOT081-001713,2025-02-21,S3,presencial,99.0,12.6,13.6,5.9,1
NOT081-001714,2025-02-21,S1,virtual,69.7,7.2,7.2,3.3,8
NOT081-001715,2025-02-21,S2,presencial,73.6,17.2,18.6,9.8,0
NOT081-001716,2025-02-21,S3,presencial,60.3,10.1,6.9,1.5,1
NOT081-001717,2025-02-22,S1,virtual,76.7,13.6,14.1,7.0,2
NOT081-001718,2025-02-22,S2,virtual,94.5,12.0,15.9,8.5,0
NOT081-001719,2025-02-22,S3,presencial,67.0,13.0,11.3,4.9,3
NOT081-001720,2025-02-22,S1,presencial,100,14.4,14.0,7.8,2
NOT081-001721,2025-02-23,S2,presencial,99.8,14.0,19.3,5.4,3
NOT081-001722,2025-02-23,S3,virtual,88.9,9.7,11.4,5.5,8
NOT081-001723,2025-02-23,S1,presencial,67.5,14.8,13.5,3.2,3
NOT081-001724,2025-02-23,S2,presencial,51.9,12.1,10.8,5.9,0
NOT081-001725,2025-02-24,S3,presencial,77.2,6.8,9.3,4.5,2
NOT081-001726,2025-02-24,S1,presencial,72.7,13.0,8.6,7.9,1
NOT081-001727,2025-02-24,S2,presencial,66.0,11.9,10.5,8.4,1
NOT081-001728,2025-02-24,S3,virtual,100,11.1,13.6,11.2,3
NOT081-001729,2025-02-25,S1,virtual,85.8,9.6,12.0,4.0,9
NOT081-001730,2025-02-25,S2,virtual,53.5,17.6,15.7,3.8,2
NOT081-001731,2025-02-25,S3,virtual,74.7,13.6,13.8,2.4,0
NOT081-001732,2025-02-25,S1,presencial,58.3,8.9,10.4,8.8,4
NOT081-001733,2025-02-26,S2,presencial,89.2,13.7,9.2,3.7,3
NOT081-001734,2025-02-26,S3,virtual,77.9,8.0,8.0,1.5,4
NOT081-001735,2025-02-26,S1,presencial,61.6,15.6,14.6,1.8,0
NOT081-001736,2025-02-26,S2,virtual,57.1,12.2,12.6,3.8,2
NOT081-001737,2025-02-27,S3,presencial,77.6,12.5,9.4,4.3,0
NOT081-001738,2025-02-27,S1,virtual,79.2,14.8,14.7,8.0,0
NOT081-001739,2025-02-27,S2,presencial,96.2,5.6,9.7,6.3,7
NOT081-001740,2025-02-27,S3,virtual,88.5,11.7,12.7,9.7,3
NOT081-001741,2025-02-27,S1,virtual,67.1,15.1,16.3,3.9,3
NOT081-001742,2025-02-28,S2,presencial,92.4,15.5,15.3,5.2,1
NOT081-001743,2025-02-28,S3,virtual,86.6,6.6,10.6,2.5,9
NOT081-001744,2025-02-28,S1,presencial,59.4,7.9,,5.1,3
NOT081-001745,2025-02-28,S2,presencial,74.0,7.7,6.7,2.7,6
NOT081-001746,2025-03-01,S3,presencial,43.9,11.6,8.6,5.6,3
NOT081-001747,2025-03-01,S1, PRESENCIAL ,72.3,10.3,8.3,3.0,3
NOT081-001748,2025-03-01,S2,presencial,71.6,4.5,4.1,0.3,10
NOT081-001749,2025-03-01,S3,presencial,69.2,14.3,16.2,9.7,0
NOT081-001750,2025-03-02,S1,presencial,62.7,12.6,17.9,9.3,1
NOT081-001751,2025-03-02,S2,virtual,85.4,5.6,8.5,4.0,3
NOT081-001752,2025-03-02,S3,virtual,67.2,11.9,9.9,8.1,1
NOT081-001753,2025-03-02,S1,presencial,83.9,13.0,10.5,0.0,1
NOT081-001754,2025-03-03,S2,presencial,92.0,11.3,12.2,10.5,0
NOT081-001755,2025-03-03,S3,presencial,60.8,7.2,7.2,2.0,2
NOT081-001756,2025-03-03,S1,virtual,96.8,8.8,8.8,0.6,8
NOT081-001757,2025-03-03,S2,presencial,76.8,10.4,8.1,1.3,2
NOT081-001758,2025-03-04,S3,virtual,50.1,12.0,9.9,7.9,3
NOT081-001759,2025-03-04,S1,presencial,50.2,9.9,6.2,3.3,5
NOT081-001760,2025-03-04,S2,virtual,59.7,8.3,10.0,5.5,10
NOT081-001761,2025-03-04,S3,virtual,97.2,6.9,12.7,8.3,9
NOT081-001762,2025-03-05,S1,virtual,83.1,13.2,15.2,5.1,0
NOT081-001763,2025-03-05,S2,presencial,60.4,12.0,10.3,1.0,1
NOT081-001764,2025-03-05,S3,virtual,83.6,6.6,8.2,2.7,9
NOT081-001765,2025-03-05,S1,virtual,68.2,8.7,8.1,5.0,10
NOT081-001766,2025-03-06,S2,virtual,62.3,8.7,11.9,8.4,7
NOT081-001767,2025-03-06,S3,presencial,69.0,11.8,13.7,5.8,2
NOT081-001768,2025-03-06,S1,virtual,60.6,9.2,7.8,8.3,6
NOT081-001769,2025-03-06,S2,virtual,87.7,10.0,8.6,3.7,0
NOT081-001770,2025-03-07,S3,virtual,75.9,8.7,7.4,2.1,8
NOT081-001771,2025-03-07,S1,virtual,77.2,12.2,9.7,12.0,0
NOT081-001772,2025-03-07,S2,presencial,85.7,9.0,13.4,3.3,9
NOT081-001773,2025-03-07,S3,virtual,76.7,10.4,9.9,3.5,2
NOT081-001774,2025-03-08,S1,presencial,100,6.9,8.3,0.6,2
NOT081-001775,2025-03-08,S2,virtual,68.8,11.7,12.6,3.6,0
NOT081-001776,2025-03-08,S3,presencial,69.2,11.1,14.1,2.4,0
NOT081-001777,2025-03-08,S1,presencial,48.8,14.1,11.9,0.2,3
NOT081-001778,2025-03-08,S2,presencial,67.4,10.4,9.6,0.5,2
NOT081-001779,2025-03-09,S3,virtual,63.2,13.0,13.1,10.9,0
NOT081-001780,2025-03-09,S1,presencial,67.3,8.6,10.0,4.0,6
NOT081-001781,2025-03-09,S2,virtual,71.4,11.7,11.5,4.6,3
NOT081-001782,2025-03-09,S3,virtual,100,11.8,15.3,8.2,3
NOT081-001783,2025-03-10,S1,presencial,80.4,6.2,9.0,9.4,6
NOT081-001784,2025-03-10,S2,presencial,86.6,11.5,15.0,7.2,3
NOT081-001785,2025-03-10,S3,presencial,80.0,9.6,8.1,4.6,8
NOT081-001786,2025-03-10,S1,virtual,70.9,8.4,10.1,4.9,6
NOT081-001787,2025-03-11,S2,virtual,99.7,10.4,10.8,10.4,0
NOT081-001788,2025-03-11,S3,presencial,98.8,5.4,10.5,0.4,9
NOT081-001789,2025-03-11,S1,presencial,79.2,8.3,6.0,5.1,10
NOT081-001790,2025-03-11,S2,virtual,89.5,13.7,13.3,1.5,3
NOT081-001791,2025-03-12,S3,presencial,69.6,10.6,12.2,3.8,3
NOT081-001792,2025-03-12,S1,virtual,85.2,9.1,10.8,5.3,10
NOT081-001793,2025-03-12,S2,presencial,74.7,12.7,12.6,9.2,1
NOT081-001794,2025-03-12,S3,virtual,63.1,11.2,12.6,4.6,1
NOT081-001795,2025-03-13,S1,virtual,77.1,7.8,11.0,5.2,8
NOT081-001796,2025-03-13,S2,virtual,100,13.4,13.0,9.8,1
NOT081-001797,2025-03-13,S3,virtual,72.8,8.5,9.5,1.5,2
NOT081-001798,2025-03-13,S1,virtual,100,15.5,15.0,5.8,2
NOT081-001799,2025-03-14,S2,presencial,76.8,16.4,19.1,7.6,1
NOT081-001800,2025-03-14,S3,presencial,83.1,10.7,10.8,6.5,3
NOT081-001801,2025-03-14,S1,virtual,71.8,9.7,9.1,8.1,8
NOT081-001802,2025-03-14,S2,presencial,68.4,7.5,9.0,9.7,9
NOT081-001803,2025-03-15,S3,presencial,75.1,10.3,11.7,1.4,1
NOT081-001804,2025-03-15,S1,virtual,52.2,12.0,11.5,6.0,1
NOT081-001805,2025-03-15,S2,virtual,88.6,18.4,17.1,2.0,3
NOT081-001806,2025-03-15,S3,presencial,100,9.6,9.8,3.7,10
NOT081-001807,2025-03-16,S1,virtual,73.3,12.6,13.0,4.0,3
NOT081-001808,2025-03-16,S2,presencial,52.2,9.0,8.7,11.3,3
NOT081-001809,2025-03-16,S3,presencial,100,14.2,14.3,8.7,1
NOT081-001810,2025-03-16,S1,presencial,84.1,12.7,12.3,7.0,2
NOT081-001811,2025-03-17,S2,presencial,68.5,9.1,9.8,2.6,6
NOT081-001812,2025-03-17,S3,presencial,97.3,9.6,8.8,8.9,3
NOT081-001813,2025-03-17,S1,virtual,69.7,8.7,11.9,11.6,7
NOT081-001814,2025-03-17,S2,virtual,81.7,10.9,12.0,10.7,0
NOT081-001815,2025-03-18,S3,virtual,99.2,11.5,15.4,8.9,2
NOT081-001816,2025-03-18,S1,presencial,74.6,13.9,7.8,1.3,3
NOT081-001817,2025-03-18,S2,presencial,90.3,6.5,9.6,0.5,2
NOT081-001818,2025-03-18,S3,virtual,70.1,13.8,9.6,3.5,2
NOT081-001819,2025-03-18,S1,virtual,85.9,6.5,11.9,2.4,5
NOT081-001820,2025-03-19,S2,presencial,100,15.6,16.1,5.5,3
NOT081-001821,2025-03-19,S3,virtual,77.7,15.1,11.5,2.1,3
NOT081-001822,2025-03-19,S1,presencial,58.1,10.6,8.7,10.5,2
NOT081-001823,2025-03-19,S2,virtual,84.6,16.1,14.1,4.5,3
NOT081-001824,2025-03-20,S3,presencial,88.4,16.3,14.7,1.4,3
NOT081-001825,2025-03-20,S1,presencial,70.5,12.8,12.2,10.1,1
NOT081-001826,2025-03-20,S2,presencial,93.8,9.0,8.4,3.5,2
NOT081-001827,2025-03-20,S3,virtual,82.7,13.5,,9.9,3
NOT081-001828,2025-03-21,S1,presencial,83.6,14.5,15.2,0.6,1
NOT081-001829,2025-03-21,S2,virtual,54.8,11.8,10.7,8.4,0
NOT081-001830,2025-03-21,S3,virtual,74.5,8.0,8.5,10.4,8
NOT081-001831,2025-03-21,S1,virtual,73.9,16.1,15.1,11.0,1
NOT081-001832,2025-03-22,S2,virtual,64.8,7.7,10.0,10.7,8
NOT081-001833,2025-03-22,S3,presencial,100,11.6,13.6,7.4,1
NOT081-001834,2025-03-22,S1,presencial,61.8,14.9,13.0,4.4,3
NOT081-001835,2025-03-22,S2,virtual,93.6,9.7,12.0,1.3,7
NOT081-001836,2025-03-23,S3,presencial,68.7,6.1,8.9,11.4,5
NOT081-001837,2025-03-23,S1,presencial,99.6,15.0,17.4,1.5,2
NOT081-001838,2025-03-23,S2,presencial,80.2,8.5,10.3,5.4,10
NOT081-001839,2025-03-23,S3,virtual,56.4,10.7,3.7,7.4,3
NOT081-001840,2025-03-24,S1,presencial,75.6,15.0,12.8,8.4,0
NOT081-001841,2025-03-24,S2,presencial,69.2,13.8,12.0,1.4,1
NOT081-001842,2025-03-24,S3,presencial,100,9.8,12.3,5.8,4
NOT081-001843,2025-03-24,S1,virtual,89.4,10.6,9.3,1.7,3
NOT081-001844,2025-03-25,S2, VIRTUAL ,84.7,9.8,10.6,4.0,3
NOT081-001845,2025-03-25,S3,virtual,93.1,7.1,9.2,4.9,7
NOT081-001846,2025-03-25,S1,virtual,100,13.5,13.7,3.5,2
NOT081-001847,2025-03-25,S2,presencial,87.9,6.3,5.4,3.1,8
NOT081-001848,2025-03-26,S3,presencial,56.7,13.5,13.4,6.0,2
NOT081-001849,2025-03-26,S1,virtual,90.7,16.9,18.1,10.4,0
NOT081-001850,2025-03-26,S2,virtual,51.3,12.3,15.1,2.0,3
NOT081-001851,2025-03-26,S3,virtual,98.9,13.3,14.8,3.0,2
NOT081-001852,2025-03-27,S1,presencial,40.2,4.9,9.6,7.4,3
NOT081-001853,2025-03-27,S2,virtual,100,12.4,15.8,8.0,2
NOT081-001854,2025-03-27,S3,presencial,55.6,13.1,12.0,6.7,0
NOT081-001855,2025-03-27,S1,virtual,76.0,14.2,15.2,11.7,3
NOT081-001856,2025-03-28,S2,presencial,72.4,13.1,10.4,4.5,1
NOT081-001857,2025-03-28,S3,virtual,70.4,20,18.3,4.4,0
NOT081-001858,2025-03-28,S1,virtual,85.1,8.8,6.1,8.3,8
NOT081-001859,2025-03-28,S2,presencial,82.0,11.2,13.2,11.0,1
NOT081-001860,2025-03-28,S3,virtual,70.4,10.2,11.5,12.0,3
NOT081-001861,2025-03-29,S1,virtual,97.5,11.2,13.3,8.9,0
NOT081-001862,2025-03-29,S2,virtual,72.9,10.1,13.7,2.2,2
NOT081-001863,2025-03-29,S3,presencial,85.0,8.6,10.6,2.1,8
NOT081-001864,2025-03-29,S1,virtual,75.1,10.8,10.7,1.7,1
NOT081-001865,2025-03-30,S2,virtual,97.1,14.7,14.0,8.5,3
NOT081-001866,2025-03-30,S3,presencial,76.8,10.0,10.4,9.6,3
NOT081-001867,2025-03-30,S1,presencial,74.9,13.1,12.6,5.5,1
NOT081-001868,2025-03-30,S2,virtual,62.7,11.3,13.7,11.6,2
NOT081-001869,2025-03-31,S3,virtual,63.7,10.3,13.3,6.9,3
NOT081-001870,2025-03-31,S1,virtual,99.5,7.2,11.6,5.4,5
NOT081-001871,2025-03-31,S2,presencial,75.1,14.2,14.4,11.4,2
NOT081-001872,2025-03-31,S3,virtual,77.3,10.2,12.8,8.6,2
NOT081-001873,2025-04-01,S1,presencial,85.8,10.0,10.1,3.9,1
NOT081-001874,2025-04-01,S2,presencial,57.2,14.6,16.3,9.3,0
NOT081-001875,2025-04-01,S3,virtual,72.2,10.6,11.6,8.6,3
NOT081-001876,2025-04-01,S1,presencial,67.5,12.0,9.4,1.3,2
NOT081-001877,2025-04-02,S2,presencial,80.9,8.7,10.4,10.8,9
NOT081-001878,2025-04-02,S3,virtual,66.3,11.2,7.4,3.9,0
NOT081-001879,2025-04-02,S1,virtual,64.4,11.2,11.2,4.7,3
NOT081-001880,2025-04-02,S2,presencial,72.8,12.9,12.5,8.3,1
NOT081-001881,2025-04-03,S3,presencial,32.4,8.9,6.7,11.0,3
NOT081-001882,2025-04-03,S1,virtual,57.4,12.6,11.7,3.6,1
NOT081-001883,2025-04-03,S2,virtual,100,15.6,17.8,9.4,0
NOT081-001884,2025-04-03,S3,virtual,62.9,8.8,8.5,7.7,3
NOT081-001885,2025-04-04,S1,virtual,100,10.5,12.5,10.2,1
NOT081-001886,2025-04-04,S2,presencial,77.1,8.6,8.6,4.7,10
NOT081-001887,2025-04-04,S3,virtual,82.4,11.5,14.9,11.8,2
NOT081-001888,2025-04-04,S1,presencial,75.3,12.2,9.5,4.9,3
NOT081-001889,2025-04-05,S2,virtual,77.7,10.0,13.9,10.6,2
NOT081-001890,2025-04-05,S3,virtual,98.7,8.4,10.1,8.5,9
NOT081-001891,2025-04-05,S1,virtual,90.4,2.8,4.7,8.5,6
NOT081-001892,2025-04-05,S2,presencial,74.2,13.0,10.1,0.8,1
NOT081-001893,2025-04-06,S3,virtual,83.2,11.1,9.3,1.2,3
NOT081-001894,2025-04-06,S1,virtual,45.7,11.5,8.4,1.8,1
NOT081-001895,2025-04-06,S2,presencial,100,10.3,9.4,0.8,0
NOT081-001896,2025-04-06,S3,virtual,80.4,8.5,12.4,11.6,6
NOT081-001897,2025-04-06,S1,virtual,72.8,17.5,17.0,7.1,0
NOT081-001898,2025-04-07,S2,presencial,74.0,14.3,10.3,5.9,2
NOT081-001899,2025-04-07,S3,virtual,80.9,8.5,11.6,5.0,2
NOT081-001900,2025-04-07,S1,presencial,85.5,9.7,"13,6",5.5,7
NOT081-001901,2025-04-07,S2,virtual,76.9,10.8,10.5,10.3,0
NOT081-001902,2025-04-08,S3,virtual,79.7,3.8,6.1,4.8,10
NOT081-001903,2025-04-08,S1,virtual,58.6,15.3,15.9,9.2,2
NOT081-001904,2025-04-08,S2,presencial,76.1,10.8,10.9,10.2,2
NOT081-001905,2025-04-08,S3,presencial,84.2,7.8,9.7,1.0,3
NOT081-001906,2025-04-09,S1,presencial,70.4,11.9,9.5,10.5,1
NOT081-001907,2025-04-09,S2,presencial,77.9,10.1,10.9,0.7,2
NOT081-001908,2025-04-09,S3,virtual,88.8,10.4,7.7,7.4,0
NOT081-001909,2025-04-09,S1,virtual,74.7,10.0,11.4,0.5,2
NOT081-001910,2025-04-10,S2,virtual,100,10.9,,2.2,1
NOT081-001911,2025-04-10,S3,presencial,84.6,4.7,9.8,2.5,5
NOT081-001912,2025-04-10,S1,virtual,75.5,8.6,10.5,4.8,8
NOT081-001913,2025-04-10,S2,presencial,78.7,6.0,13.0,11.2,6
NOT081-001914,2025-04-11,S3,virtual,67.8,13.1,13.8,7.0,0
NOT081-001915,2025-04-11,S1,virtual,56.7,13.1,9.8,11.3,3
NOT081-001916,2025-04-11,S2,presencial,96.0,9.9,7.7,0.1,3
NOT081-001917,2025-04-11,S3,presencial,62.0,14.8,9.9,4.9,0
NOT081-001918,2025-04-12,S1,presencial,76.0,14.1,11.7,4.4,3
NOT081-001919,2025-04-12,S2,virtual,76.1,13.2,8.8,3.1,2
NOT081-001920,2025-04-12,S3,presencial,87.4,8.6,11.9,5.6,7
NOT081-001921,2025-04-12,S1,virtual,98.0,20,20,3.5,3
NOT081-001922,2025-04-13,S2,presencial,66.4,15.5,12.9,7.1,3
NOT081-001923,2025-04-13,S3,presencial,92.2,11.0,15.9,8.3,2
NOT081-001924,2025-04-13,S1,presencial,88.5,10.7,7.8,2.2,3
NOT081-001925,2025-04-13,S2,presencial,70.8,7.0,9.8,3.4,3
NOT081-001926,2025-04-14,S3,presencial,67.5,16.1,10.0,0.2,1
NOT081-001927,2025-04-14,S1,virtual,89.5,10.6,8.9,9.9,3
NOT081-001928,2025-04-14,S2,virtual,84.1,7.7,10.5,3.2,3
NOT081-001929,2025-04-14,S3,presencial,70.1,9.5,10.7,10.8,10
NOT081-001930,2025-04-15,S1,presencial,100,15.7,17.3,2.5,3
NOT081-001931,2025-04-15,S2,virtual,70.1,11.2,14.6,9.8,1
NOT081-001932,2025-04-15,S3,virtual,68.2,11.6,9.2,11.7,0
NOT081-001933,2025-04-15,S1,virtual,87.5,9.3,13.2,11.3,8
NOT081-001934,2025-04-16,S2,virtual,77.7,11.8,16.5,8.9,2
NOT081-001935,2025-04-16,S3,presencial,70.5,5.7,10.3,3.0,8
NOT081-001936,2025-04-16,S1,presencial,100,16.8,16.9,10.9,3
NOT081-001937,2025-04-16,S2,virtual,51.1,7.8,8.9,9.3,6
NOT081-001938,2025-04-16,S3,presencial,93.5,11.5,14.0,6.3,2
NOT081-001939,2025-04-17,S1,virtual,83.5,17.8,12.2,7.8,3
NOT081-001940,2025-04-17,S2,presencial,64.4,7.9,9.1,3.1,9
NOT081-001941,2025-04-17,S3, VIRTUAL ,82.8,8.6,15.0,0.6,10
NOT081-001942,2025-04-17,S1,virtual,97.3,6.1,10.2,5.4,5
NOT081-001943,2025-04-18,S2,virtual,93.8,11.5,11.8,4.6,1
NOT081-001944,2025-04-18,S3,presencial,80.5,7.0,7.0,1.4,9
NOT081-001945,2025-04-18,S1,presencial,100,10.7,9.3,5.0,0
NOT081-001946,2024-02-30,S2,virtual,68.2,10.9,12.8,9.7,1
NOT081-001947,2025-04-19,S3,virtual,55.2,8.3,9.9,0.2,3
NOT081-001948,2025-04-19,S1,virtual,69.4,14.0,13.3,8.2,1
NOT081-001949,2025-04-19,S2,virtual,97.9,11.5,12.4,4.6,0
NOT081-001950,2025-04-19,S3,presencial,75.4,6.6,6.8,6.3,4
NOT081-001951,2025-04-20,S1,virtual,58.3,11.4,11.1,2.3,3
NOT081-001952,2025-04-20,S2,presencial,38.0,12.8,16.1,9.7,3
NOT081-001953,2025-04-20,S3,presencial,53.4,11.6,13.3,10.3,2
NOT081-001954,2025-04-20,S1,virtual,99.1,15.6,14.7,10.0,2
NOT081-001955,2025-04-21,S2,virtual,81.5,7.8,9.3,8.0,3
NOT081-001956,2025-04-21,S3,presencial,98.4,11.4,12.2,2.0,0
NOT081-001957,2025-04-21,S1,presencial,70.1,11.2,11.8,11.1,2
NOT081-001958,2025-04-21,S2,virtual,68.5,11.2,10.3,11.2,0
NOT081-001959,2025-04-22,S3,presencial,83.8,10.2,11.3,6.9,0
NOT081-001960,2025-04-22,S1,presencial,78.3,9.9,10.4,11.0,2
NOT081-001961,2025-04-22,S2,virtual,83.1,8.7,12.1,10.4,8
NOT081-001962,2025-04-22,S3,presencial,100,15.2,20,7.5,2
NOT081-001963,2025-04-23,S1,virtual,85.3,12.1,11.6,0.4,2
NOT081-001964,2025-04-23,S2,virtual,58.0,13.3,14.4,11.5,2
NOT081-001965,2025-04-23,S3,presencial,61.6,13.5,11.7,1.9,2
NOT081-001966,2025-04-23,S1,virtual,68.4,15.9,15.2,7.3,1
NOT081-001967,2025-04-24,S2,presencial,68.0,12.1,12.4,6.4,1
NOT081-001968,2025-04-24,S3,presencial,70.2,10.4,11.3,2.0,1
NOT081-001969,2025-04-24,S1,virtual,85.8,12.6,8.3,0.4,0
NOT081-001970,2025-04-24,S2,virtual,61.0,9.4,8.3,10.3,9
NOT081-001971,2025-04-25,S3,presencial,65.5,8.7,12.7,8.8,7
NOT081-001972,2025-04-25,S1,presencial,78.2,6.3,8.4,3.1,6
NOT081-001973,2025-04-25,S2,virtual,54.6,10.2,10.6,7.0,3
NOT081-001974,2025-04-25,S3,virtual,69.6,16.2,13.5,1.1,2
NOT081-001975,2025-04-25,S1,presencial,58.7,11.8,14.6,7.2,1
NOT081-001976,2025-04-26,S2,virtual,61.8,18.0,15.6,6.0,0
NOT081-001977,2025-04-26,S3,virtual,54.9,9.9,11.8,9.4,4
NOT081-001978,2025-04-26,S1,presencial,98.7,8.9,7.1,1.5,5
NOT081-001979,2025-04-26,S2,presencial,73.1,17.1,16.5,7.1,0
NOT081-001980,2025-04-27,S3,presencial,90.0,14.0,11.6,5.0,2
NOT081-001981,2025-04-27,S1,virtual,71.9,14.0,10.9,8.8,3
NOT081-001982,2025-04-27,S2,virtual,85.4,11.9,13.6,11.5,0
NOT081-001983,2025-04-27,S3,presencial,100,9.1,10.7,4.6,9
NOT081-001984,2025-04-28,S1,virtual,80.6,11.7,13.8,11.2,3
NOT081-001985,2025-04-28,S2,virtual,80.8,7.5,10.3,3.3,9
NOT081-001986,2025-04-28,S3,presencial,81.2,12.4,12.3,3.9,1
NOT081-001987,2025-04-28,S1,presencial,80.4,8.4,13.3,4.5,8
NOT081-001988,2025-04-29,S2,presencial,100,9.2,10.6,9.4,2
NOT081-001989,2025-04-29,S3,presencial,64.6,9.7,10.1,5.6,5
NOT081-001990,2025-04-29,S1,presencial,57.9,12.0,10.2,8.8,1
NOT081-001991,2025-04-29,S2,virtual,81.4,12.5,11.3,5.0,1
NOT081-001992,2025-04-30,S3,virtual,95.3,10.3,11.1,6.6,3
NOT081-001993,2025-04-30,S1,presencial,89.2,6.8,,8.8,10
NOT081-001994,2025-04-30,S2,virtual,69.8,14.3,13.7,9.2,0
NOT081-001995,2025-04-30,S3,presencial,98.0,13.0,15.9,8.3,1
NOT081-001996,2025-05-01,S1,virtual,61.1,9.2,11.1,7.2,9
NOT081-001997,2025-05-01,S2,virtual,74.8,12.3,15.5,3.5,3
NOT081-001998,2025-05-01,S3,virtual,83.2,11.6,10.2,5.0,1
NOT081-001999,2025-05-01,S1,virtual,78.7,9.2,10.8,11.3,9
NOT081-002000,2025-05-02,S2,virtual,78.6,9.1,7.2,5.7,5
NOT081-002001,2025-05-02,S3,virtual,59.5,5.8,8.6,9.8,4
NOT081-002002,2025-05-02,S1,presencial,91.8,10.0,8.8,9.6,2
NOT081-002003,2025-05-02,S2,presencial,100,5.8,6.3,2.1,4
NOT081-002004,2025-05-03,S3,virtual,100,11.0,11.2,4.2,3
NOT081-002005,2025-05-03,S1,virtual,82.1,7.9,9.8,2.1,9
NOT081-002006,2025-05-03,S2,presencial,74.1,12.4,8.3,2.6,3
NOT081-002007,2025-05-03,S3,virtual,84.4,11.3,12.6,11.2,0
NOT081-002008,2025-05-04,S1,presencial,86.5,11.8,13.3,2.6,3
NOT081-002009,2025-05-04,S2,presencial,75.0,9.4,8.2,6.9,8
NOT081-002010,2025-05-04,S3,presencial,92.1,10.3,10.9,10.4,1
NOT081-002011,2025-05-04,S1,virtual,74.9,14.8,15.0,4.9,1
NOT081-002012,2025-05-05,S2,virtual,98.3,12.7,12.7,6.4,0
NOT081-002013,2025-05-05,S3,presencial,69.8,18.2,16.3,8.2,0
NOT081-002014,2025-05-05,S1,presencial,89.2,7.3,11.1,1.9,9
NOT081-002015,2025-05-05,S2,virtual,79.2,15.6,12.1,8.8,2
NOT081-002016,2025-05-05,S3,virtual,57.2,12.2,14.5,11.0,2
NOT081-002017,2025-05-06,S1,presencial,100,19.2,13.7,5.0,3
NOT081-002018,2025-05-06,S2,presencial,52.8,12.3,11.6,2.6,3
NOT081-002019,2025-05-06,S3,virtual,50.1,11.8,10.0,4.3,1
NOT081-002020,2025-05-06,S1,presencial,100,15.2,15.0,2.9,3
NOT081-002021,2025-05-07,S2,presencial,78.7,11.6,13.0,10.5,2
NOT081-002022,2025-05-07,S3,virtual,100,8.7,9.8,2.5,3
NOT081-002023,2025-05-07,S1,presencial,74.8,20,15.7,11.6,2
NOT081-002024,2025-05-07,S2,presencial,80.7,10.5,10.7,7.4,3
NOT081-002025,2025-05-08,S3,virtual,60.6,6.1,4.5,1.7,8
NOT081-002026,2025-05-08,S1,virtual,100,5.4,5.3,0.5,2
NOT081-002027,2025-05-08,S2,virtual,87.8,16.6,13.7,7.1,0
NOT081-002028,2025-05-08,S3,presencial,65.2,15.2,14.0,10.9,3
NOT081-002029,2025-05-09,S1,presencial,87.0,12.9,11.8,3.8,1
NOT081-002030,2025-05-09,S2,presencial,83.9,9.0,8.7,5.9,7
NOT081-002031,2025-05-09,S3,virtual,72.6,13.3,13.5,8.3,2
NOT081-002032,2025-05-09,S1,virtual,100,8.5,7.8,0.2,8
NOT081-002033,2025-05-10,S2,presencial,83.4,16.1,14.9,4.5,2
NOT081-002034,2025-05-10,S3,virtual,76.8,13.0,9.8,10.2,1
NOT081-002035,2025-05-10,S1,presencial,66.3,10.3,10.7,6.6,1
NOT081-002036,2025-05-10,S2,virtual,70.5,11.8,11.0,7.8,0
NOT081-002037,2025-05-11,S3,presencial,94.9,13.8,16.2,3.9,3
NOT081-002038,2025-05-11,S1, VIRTUAL ,68.4,14.0,9.1,3.6,1
NOT081-002039,2025-05-11,S2,presencial,75.8,12.1,11.1,2.8,2
NOT081-002040,2025-05-11,S3,virtual,89.5,6.3,13.3,11.9,5
NOT081-002041,2025-05-12,S1,virtual,89.1,11.1,10.6,3.3,3
NOT081-002042,2025-05-12,S2,virtual,93.4,14.1,12.7,1.4,2
NOT081-002043,2025-05-12,S3,virtual,59.4,16.2,9.3,1.5,3
NOT081-002044,2025-05-12,S1,virtual,88.1,14.4,11.9,1.3,0
NOT081-002045,2025-05-13,S2,presencial,78.3,8.6,10.9,3.2,8
NOT081-002046,2025-05-13,S3,virtual,69.2,15.1,9.7,5.7,2
NOT081-002047,2025-05-13,S1,presencial,87.3,15.1,12.6,0.5,3
NOT081-002048,2025-05-13,S2,virtual,75.0,11.2,11.0,2.6,2
NOT081-002049,2025-05-14,S3,virtual,93.4,13.1,15.3,9.6,3
NOT081-002050,2025-05-14,S1,virtual,85.6,12.3,6.9,0.8,0
NOT081-002051,2025-05-14,S2,virtual,81.1,13.0,14.7,7.1,2
NOT081-002052,2025-05-14,S3,virtual,69.8,15.3,13.2,4.5,3
NOT081-002053,2025-05-15,S1,virtual,68.7,8.6,7.6,5.3,6
NOT081-002054,2025-05-15,S2,virtual,71.3,10.7,12.8,3.1,0
NOT081-002055,2025-05-15,S3,virtual,100,11.8,9.4,7.9,0
NOT081-002056,2025-05-15,S1,virtual,45.0,15.8,15.1,6.2,1
NOT081-002057,2025-05-15,S2,virtual,53.3,6.6,9.1,6.1,9
NOT081-002058,2025-05-16,S3,presencial,77.0,9.5,8.7,0.9,10
NOT081-002059,2025-05-16,S1,presencial,75.3,14.3,10.9,5.2,1
NOT081-002060,2025-05-16,S2,virtual,98.8,9.2,9.8,1.2,4
NOT081-002061,2025-05-16,S3,presencial,78.0,13.3,10.8,10.6,3
NOT081-002062,2025-05-17,S1,virtual,91.0,16.3,13.7,1.8,2
NOT081-002063,2025-05-17,S2,virtual,66.9,15.7,15.3,8.9,0
NOT081-002064,2025-05-17,S3,presencial,72.4,10.5,6.2,0.3,1
NOT081-002065,2025-05-17,S1,virtual,59.9,12.1,11.4,7.6,0
NOT081-002066,2025-05-18,S2,virtual,69.9,13.9,15.5,9.6,1
NOT081-002067,2025-05-18,S3,virtual,43.9,4.7,8.4,8.3,9
NOT081-002068,2025-05-18,S1,virtual,50.8,12.3,12.9,11.5,0
NOT081-002069,2025-05-18,S2,virtual,87.2,12.4,11.6,7.5,1
NOT081-002070,2025-05-19,S3,presencial,96.8,11.5,15.1,3.2,1
NOT081-002071,2025-05-19,S1,presencial,89.9,8.8,10.7,10.3,4
NOT081-002072,2025-05-19,S2,virtual,75.6,9.8,10.4,5.9,9
NOT081-002073,2025-05-19,S3,presencial,66.8,12.7,12.4,3.0,0
NOT081-002074,2025-05-20,S1,presencial,70.1,11.9,15.4,2.0,3
NOT081-002075,2025-05-20,S2,presencial,78.2,6.7,10.1,4.3,3
NOT081-002076,2025-05-20,S3,presencial,100,10.7,,2.7,1
NOT081-002077,2025-05-20,S1,virtual,72.7,16.3,16.3,2.7,1
NOT081-002078,2025-05-21,S2,presencial,76.6,12.3,12.3,3.6,0
NOT081-002079,2025-05-21,S3,presencial,72.8,12.7,13.1,1.6,3
NOT081-002080,2025-05-21,S1,virtual,98.7,13.6,19.1,7.3,2
NOT081-002081,2025-05-21,S2,presencial,83.9,10.9,13.8,2.6,3
NOT081-002082,2025-05-22,S3,virtual,60.8,5.4,7.6,3.7,7
NOT081-002083,2025-05-22,S1,presencial,72.1,14.1,14.2,1.3,1
NOT081-002084,2025-05-22,S2,presencial,99.4,10.8,8.9,3.4,1
NOT081-002085,2025-05-22,S3,presencial,97.5,10.2,12.0,10.1,0
NOT081-002086,2025-05-23,S1,presencial,100,12.6,14.4,0.2,0
NOT081-002087,2025-05-23,S2,presencial,87.7,8.5,14.0,4.7,5
NOT081-002088,2025-05-23,S3,presencial,69.9,4.6,5.5,7.9,5
NOT081-002089,2025-05-23,S1,presencial,74.6,9.9,9.6,4.8,2
NOT081-002090,2025-05-24,S2,virtual,73.5,10.5,12.0,6.1,2
NOT081-002091,2025-05-24,S3,virtual,47.9,12.2,10.6,8.3,3
NOT081-002092,2025-05-24,S1,virtual,61.7,13.4,12.2,2.6,1
NOT081-002093,2025-05-24,S2,presencial,70.8,11.4,9.1,1.4,2
NOT081-002094,2025-05-24,S3,virtual,62.6,5.3,8.4,6.7,5
NOT081-002095,2025-05-25,S1,presencial,80.8,12.9,14.4,10.3,2
NOT081-002096,2025-05-25,S2,virtual,55.2,10.5,7.0,5.2,0
NOT081-002097,2025-05-25,S3,virtual,89.2,9.4,10.4,2.2,3
NOT081-002098,2025-05-25,S1,presencial,52.3,8.4,10.0,9.7,5
NOT081-002099,2025-05-26,S2,virtual,80.8,11.0,11.2,0.5,2
NOT081-002100,2025-05-26,S3,presencial,83.7,10.9,12.3,5.9,3
NOT081-002101,2025-05-26,S1,presencial,88.8,7.5,8.4,4.4,6
NOT081-002102,2025-05-26,S2,presencial,77.1,9.0,10.2,6.8,5
NOT081-002103,2025-05-27,S3,virtual,58.8,17.6,13.2,1.5,1
NOT081-002104,2025-05-27,S1,virtual,33.9,12.7,8.2,4.1,1
NOT081-002105,2025-05-27,S2,virtual,96.5,10.6,11.4,4.6,3
NOT081-002106,2025-05-27,S3,presencial,97.1,13.1,13.9,5.7,1
NOT081-002107,2025-05-28,S1,virtual,83.9,10.5,13.2,8.0,3
NOT081-002108,2025-05-28,S2,presencial,67.5,12.5,14.6,3.9,3
NOT081-002109,2025-05-28,S3,virtual,86.0,12.2,13.3,4.2,2
NOT081-002110,2025-05-28,S1,virtual,81.5,8.4,6.2,1.0,7
NOT081-002111,2025-05-29,S2,presencial,96.5,8.3,"10,5",7.7,4
NOT081-002112,2025-05-29,S3,presencial,99.8,16.0,14.8,3.5,3
NOT081-002113,2025-05-29,S1,presencial,72.4,5.3,9.4,5.9,10
NOT081-002114,2025-05-29,S2,presencial,63.3,9.2,7.7,8.7,4
NOT081-002115,2025-05-30,S3,presencial,92.0,10.6,7.3,3.6,0
NOT081-002116,2025-05-30,S1,virtual,73.7,7.5,8.6,0.6,2
NOT081-002117,2025-05-30,S2,presencial,84.8,9.6,8.9,10.2,4
NOT081-002118,2025-05-30,S3,virtual,100,12.5,11.4,1.4,2
NOT081-002119,2025-05-31,S1,virtual,78.3,8.9,7.0,4.1,3
NOT081-002120,2025-05-31,S2,virtual,56.8,9.7,8.3,0.4,5
NOT081-002121,2025-05-31,S3,presencial,82.8,8.5,12.3,2.5,7
NOT081-002122,2025-05-31,S1,virtual,47.6,12.2,10.3,5.0,0
NOT081-002123,2025-06-01,S2,presencial,100,16.6,15.8,11.3,1
NOT081-002124,2025-06-01,S3,presencial,77.9,14.0,13.8,11.8,2
NOT081-002125,2025-06-01,S1,virtual,68.1,10.1,7.3,5.2,1
NOT081-002126,2025-06-01,S2,presencial,53.6,11.6,9.0,3.6,2
NOT081-002127,2025-06-02,S3,virtual,59.0,10.6,9.8,3.2,3
NOT081-002128,2025-06-02,S1,virtual,89.9,14.0,11.0,8.3,1
NOT081-002129,2025-06-02,S2,presencial,63.4,12.9,10.8,4.3,0
NOT081-002130,2025-06-02,S3,virtual,81.8,13.1,11.8,5.1,2
NOT081-002131,2025-06-03,S1,virtual,40.6,7.4,8.6,4.4,7
NOT081-002132,2025-06-03,S2,virtual,85.0,10.7,9.5,10.3,2
NOT081-002133,2025-06-03,S3,presencial,67.7,15.2,16.6,3.6,2
NOT081-002134,2025-06-03,S1,presencial,100,14.9,14.3,10.4,0
NOT081-002135,2025-06-03,S2, PRESENCIAL ,85.2,5.2,6.9,2.1,8
NOT081-002136,2025-06-04,S3,presencial,68.4,13.4,13.3,11.6,1
NOT081-002137,2025-06-04,S1,presencial,83.4,10.9,9.8,4.1,2
NOT081-002138,2025-06-04,S2,virtual,93.1,14.7,12.5,11.0,0
NOT081-002139,2025-06-04,S3,virtual,46.6,14.0,15.7,0.1,0
NOT081-002140,2025-06-05,S1,presencial,54.3,10.2,10.0,4.0,0
NOT081-002141,2025-06-05,S2,virtual,80.4,7.8,9.4,1.3,7
NOT081-002142,2025-06-05,S3,presencial,77.7,12.6,13.1,10.7,3
NOT081-002143,2025-06-05,S1,presencial,54.9,9.3,7.6,0.9,5
NOT081-002144,2025-06-06,S2,presencial,74.0,4.9,7.0,7.2,4
NOT081-002145,2025-06-06,S3,presencial,53.1,12.9,11.8,10.5,2
NOT081-002146,2025-06-06,S1,presencial,84.9,17.7,15.7,6.3,3
NOT081-002147,2025-06-06,S2,virtual,70.2,12.9,11.1,9.3,2
NOT081-002148,2025-06-07,S3,virtual,86.9,13.0,15.1,9.4,0
NOT081-002149,2025-06-07,S1,presencial,77.9,11.1,12.2,1.2,1
NOT081-002150,2025-06-07,S2,presencial,92.1,16.5,10.9,8.1,3
NOT081-002151,2025-06-07,S3,virtual,94.8,7.0,8.4,7.2,5
NOT081-002152,2025-06-08,S1,virtual,100,12.1,14.4,3.2,2
NOT081-002153,2025-06-08,S2,presencial,84.2,4.4,8.3,4.5,4
NOT081-002154,2025-06-08,S3,virtual,40.9,9.8,11.6,7.7,9
NOT081-002155,2025-06-08,S1,virtual,78.6,12.2,11.3,1.6,3
NOT081-002156,2025-06-09,S2,virtual,93.3,8.0,13.5,4.3,8
NOT081-002157,2025-06-09,S3,virtual,78.8,12.2,15.9,4.8,2
NOT081-002158,2025-06-09,S1,virtual,78.9,16.5,13.3,6.5,1
NOT081-002159,2025-06-09,S2,presencial,98.4,9.7,,9.3,7
NOT081-002160,2025-06-10,S3,virtual,97.1,11.8,13.8,7.5,2
NOT081-002161,2025-06-10,S1,presencial,62.3,10.6,7.9,4.4,2
NOT081-002162,2025-06-10,S2,presencial,57.6,12.6,12.7,10.2,0
NOT081-002163,2025-06-10,S3,virtual,83.3,16.9,13.3,5.3,2
NOT081-002164,2025-06-11,S1,presencial,60.5,9.0,7.3,2.8,6
NOT081-002165,2025-06-11,S2,presencial,36.0,10.2,7.8,8.4,1
NOT081-002166,2025-06-11,S3,virtual,80.0,11.0,15.3,2.3,3
NOT081-002167,2025-06-11,S1,presencial,60.4,10.3,8.6,7.2,0
NOT081-002168,2025-06-12,S2,presencial,100,9.7,11.1,7.4,3
NOT081-002169,2025-06-12,S3,virtual,95.8,11.8,14.2,7.0,2
NOT081-002170,2025-06-12,S1,virtual,83.1,10.7,10.8,5.8,1
NOT081-002171,2025-06-12,S2,presencial,68.2,10.5,13.1,5.9,1
NOT081-002172,2025-06-13,S3,presencial,81.8,17.6,18.3,7.1,0
NOT081-002173,2025-06-13,S1,presencial,86.2,12.9,14.9,2.4,3
NOT081-002174,2025-06-13,S2,presencial,93.7,12.1,11.9,3.3,2
NOT081-002175,2025-06-13,S3,virtual,75.3,11.7,11.4,4.7,1
NOT081-002176,2025-06-13,S1,presencial,76.0,9.9,8.1,7.5,7
NOT081-002177,2025-06-14,S2,presencial,74.2,12.9,11.2,10.1,3
NOT081-002178,2025-06-14,S3,virtual,71.0,15.8,17.3,5.5,1
NOT081-002179,2025-06-14,S1,virtual,70.9,12.2,8.0,1.1,1
NOT081-002180,2025-06-14,S2,presencial,78.9,12.7,12.7,6.6,1
NOT081-002181,2025-06-15,S3,presencial,69.6,9.2,8.6,1.2,6
NOT081-002182,2025-06-15,S1,virtual,87.9,7.6,7.9,11.4,2
NOT081-002183,2025-06-15,S2,presencial,97.6,12.7,14.3,2.9,0
NOT081-002184,2025-06-15,S3,presencial,92.6,12.2,14.1,5.1,2
NOT081-002185,2025-06-16,S1,virtual,100,4.7,5.6,1.2,6
NOT081-002186,2025-06-16,S2,virtual,100,2.7,5.4,6.4,3
NOT081-002187,2025-06-16,S3,presencial,63.0,11.6,10.5,1.5,1
NOT081-002188,2025-06-16,S1,virtual,92.2,9.6,9.2,0.1,7
NOT081-002189,2025-06-17,S2,presencial,75.5,13.4,12.6,3.7,0
NOT081-002190,2025-06-17,S3,presencial,74.6,14.3,9.6,4.4,2
NOT081-002191,2025-06-17,S1,presencial,52.4,12.3,8.9,0.8,2
NOT081-002192,2025-06-17,S2,presencial,73.7,11.9,12.5,7.1,0
NOT081-002193,2025-06-18,S3,presencial,83.1,12.5,9.9,9.8,3
NOT081-002194,2025-06-18,S1,virtual,84.9,13.3,11.9,7.0,2
NOT081-002195,2025-06-18,S2,virtual,90.6,14.1,12.6,1.8,0
NOT081-002196,2025-06-18,S3,virtual,92.5,13.5,10.5,2.1,1
NOT081-002197,2025-06-19,S1,virtual,76.6,13.0,14.8,9.1,2
NOT081-002198,2025-06-19,S2,presencial,83.4,6.0,6.8,4.4,10
NOT081-002199,2025-06-19,S3,virtual,91.8,13.6,16.2,5.0,2
NOT081-002200,2025-06-19,S1,virtual,64.7,9.1,7.5,9.2,8
NOT081-002201,2025-06-20,S2,virtual,86.6,11.3,10.8,4.1,3
NOT081-002202,2025-06-20,S3,virtual,53.9,13.5,13.0,8.6,3
NOT081-002203,2025-06-20,S1,presencial,90.6,10.3,10.6,11.9,0
NOT081-002204,2025-06-20,S2,presencial,60.8,6.4,10.3,1.5,6
NOT081-002205,2025-06-21,S3,virtual,58.2,9.9,11.3,11.4,10
NOT081-002206,2025-06-21,S1,virtual,47.1,11.1,11.2,5.4,0
NOT081-002207,2025-06-21,S2,presencial,63.1,13.5,13.3,3.7,1
NOT081-002208,2025-06-21,S3,virtual,60.9,6.4,8.7,3.9,6
NOT081-002209,2025-06-22,S1,presencial,78.4,12.1,13.4,5.8,2
NOT081-002210,2025-06-22,S2,presencial,66.0,13.9,10.3,0.9,1
NOT081-002211,2025-06-22,S3,presencial,69.3,12.7,10.7,1.3,1
NOT081-002212,2025-06-22,S1,presencial,76.7,12.0,8.0,7.1,2
NOT081-002213,2025-06-22,S2,presencial,75.9,8.4,8.3,10.1,6
NOT081-002214,2025-06-23,S3,presencial,90.1,12.0,10.5,9.5,3
NOT081-002215,2025-06-23,S1,presencial,63.2,6.5,7.7,7.4,5
NOT081-002216,2025-06-23,S2,presencial,96.6,11.0,9.1,2.6,2
NOT081-002217,2025-06-23,S3,presencial,91.4,15.5,14.1,0.5,3
NOT081-002218,2025-06-24,S1,virtual,74.3,7.9,11.5,11.6,6
NOT081-002219,2025-06-24,S2,presencial,83.6,12.5,8.5,3.6,0
NOT081-002220,2025-06-24,S3,presencial,81.6,15.3,16.0,5.0,0
NOT081-002221,2025-06-24,S1,presencial,87.7,15.5,16.2,1.8,1
NOT081-002222,2025-06-25,S2,presencial,68.6,9.9,9.2,8.3,8
NOT081-002223,2025-06-25,S3,presencial,70.4,14.3,13.3,3.9,3
NOT081-002224,2025-06-25,S1,virtual,95.8,11.7,11.6,5.8,0
NOT081-002225,2025-06-25,S2,presencial,73.8,12.1,10.3,1.9,3
NOT081-002226,2025-06-26,S3,presencial,71.1,14.0,16.7,10.5,1
NOT081-002227,2025-06-26,S1,virtual,90.3,9.0,10.4,9.2,7
NOT081-002228,2025-06-26,S2,presencial,89.6,12.5,7.4,2.7,2
NOT081-002229,2025-06-26,S3,presencial,92.3,10.9,12.1,9.1,3
NOT081-002230,2025-06-27,S1,presencial,69.3,11.9,12.4,0.3,0
NOT081-002231,2025-06-27,S2,presencial,73.3,8.7,10.7,1.9,7
NOT081-002232,2025-06-27,S3, VIRTUAL ,100,9.8,16.8,11.2,8
NOT081-002233,2025-06-27,S1,presencial,71.5,6.4,8.0,11.6,6
NOT081-002234,2025-06-28,S2,presencial,85.0,18.9,12.9,6.7,0
NOT081-002235,2025-06-28,S3,virtual,68.5,4.2,6.2,0.5,7
NOT081-002236,2025-06-28,S1,presencial,66.8,12.8,16.1,6.7,3
NOT081-002237,2025-06-28,S2,presencial,82.0,7.9,6.7,1.2,4
NOT081-002238,2025-06-29,S3,presencial,84.0,13.4,14.3,5.9,3
NOT081-002239,2025-06-29,S1,presencial,88.3,9.0,9.4,2.0,3
NOT081-002240,2025-06-29,S2,presencial,69.1,5.9,9.7,4.7,5
NOT081-002241,2025-06-29,S3,presencial,68.8,10.9,15.6,7.1,3
NOT081-002242,2025-06-30,S1,virtual,72.4,9.3,,8.9,4
NOT081-002243,2025-06-30,S2,virtual,100,13.0,14.0,6.7,2
NOT081-002244,2025-06-30,S3,virtual,74.2,8.8,13.4,11.1,8
NOT081-002245,2025-06-30,S1,virtual,98.0,7.7,10.9,1.5,10
NOT081-002246,2025-07-01,S2,virtual,65.0,14.3,11.6,6.8,1
NOT081-002247,2025-07-01,S3,virtual,77.1,9.2,15.9,6.0,6
NOT081-002248,2025-07-01,S1,virtual,90.2,9.1,9.6,6.9,6
NOT081-002249,2025-07-01,S2,presencial,85.9,12.3,9.0,1.0,1
NOT081-002250,2025-07-02,S3,presencial,92.1,11.7,10.7,8.6,0
NOT081-002251,2025-07-02,S1,virtual,79.0,9.5,8.5,0.8,10
NOT081-002252,2025-07-02,S2,virtual,86.7,11.4,10.1,7.2,0
NOT081-002253,2025-07-02,S3,presencial,76.6,18.6,15.4,4.7,2
NOT081-002254,2025-07-02,S1,presencial,64.9,19.6,18.3,9.8,3
NOT081-002255,2025-07-03,S2,virtual,75.5,10.7,15.3,7.8,0
NOT081-002256,2025-07-03,S3,presencial,100,11.0,16.6,9.5,2
NOT081-002257,2025-07-03,S1,presencial,82.8,3.7,9.0,11.3,3
NOT081-002258,2025-07-03,S2,presencial,72.2,9.5,7.6,1.9,4
NOT081-002259,2025-07-04,S3,virtual,100,14.6,16.1,5.2,1
NOT081-002260,2025-07-04,S1,virtual,63.7,7.4,11.6,3.4,8
NOT081-002261,2025-07-04,S2,presencial,75.6,14.8,12.0,2.7,1
NOT081-002262,2025-07-04,S3,virtual,96.4,13.2,14.0,6.6,1
NOT081-002263,2025-07-05,S1,virtual,65.4,16.0,13.9,6.3,1
NOT081-002264,2025-07-05,S2,virtual,83.8,18.3,16.6,3.9,2
NOT081-002265,2025-07-05,S3,presencial,54.6,8.1,8.5,9.3,6
NOT081-002266,2025-07-05,S1,virtual,53.3,18.1,16.6,11.0,3
NOT081-002267,2025-07-06,S2,virtual,100,6.1,5.6,8.6,3
NOT081-002268,2025-07-06,S3,presencial,66.0,15.1,11.9,3.6,0
NOT081-002269,2025-07-06,S1,virtual,88.0,7.3,8.4,9.1,3
NOT081-002270,2025-07-06,S2,presencial,85.8,11.4,15.4,11.2,1
NOT081-002271,2025-07-07,S3,presencial,83.1,9.8,11.9,11.4,3
NOT081-002272,2025-07-07,S1,virtual,100,7.7,9.9,3.9,8
NOT081-002273,2025-07-07,S2,virtual,58.6,10.9,7.0,7.7,3
NOT081-002274,2025-07-07,S3,presencial,63.2,15.2,12.2,0.0,3
NOT081-002275,2025-07-08,S1,presencial,67.3,16.8,11.7,5.1,1
NOT081-002276,2025-07-08,S2,virtual,73.0,12.6,13.5,1.2,0
NOT081-002277,2025-07-08,S3,virtual,100,13.6,12.7,11.6,0
NOT081-002278,2025-07-08,S1,virtual,63.2,15.6,14.2,5.5,3
NOT081-002279,2025-07-09,S2,presencial,90.4,8.1,9.8,11.6,8
NOT081-002280,2025-07-09,S3,presencial,56.2,11.1,11.8,1.5,3
NOT081-002281,2025-07-09,S1,presencial,100,11.3,13.0,9.5,1
NOT081-002282,2025-07-09,S2,virtual,68.6,9.9,8.0,5.6,2
NOT081-002283,2025-07-10,S3,presencial,56.5,14.7,13.0,3.9,0
NOT081-002284,2025-07-10,S1,virtual,72.7,10.4,9.2,8.9,1
NOT081-002285,2025-07-10,S2,virtual,63.1,11.2,12.1,11.3,1
NOT081-002286,2025-07-10,S3,presencial,45.9,15.0,13.7,11.3,1
NOT081-002287,2025-07-11,S1,virtual,83.6,13.5,12.7,2.2,2
NOT081-002288,2025-07-11,S2,virtual,90.1,10.8,11.4,0.6,2
NOT081-002289,2025-07-11,S3,presencial,74.6,12.8,11.6,9.6,2
NOT081-002290,2025-07-11,S1,virtual,98.4,10.2,12.7,5.7,2
NOT081-002291,2025-07-11,S2,presencial,84.9,12.0,16.1,4.3,2
NOT081-002292,2025-07-12,S3,virtual,38.5,5.6,5.4,10.4,4
NOT081-002293,2025-07-12,S1,presencial,85.7,11.6,14.7,0.5,2
NOT081-002294,2025-07-12,S2,virtual,74.8,7.3,8.2,5.3,6
NOT081-002295,2025-07-12,S3,virtual,68.5,11.4,13.0,3.4,3
NOT081-002296,2025-07-13,S1,presencial,100,9.6,11.7,1.6,9
NOT081-002297,2025-07-13,S2,virtual,59.8,8.5,6.8,1.4,6
NOT081-002298,2025-07-13,S3,presencial,100,12.7,13.6,9.3,1
NOT081-002299,2025-07-13,S1,presencial,100,11.6,13.8,8.2,0
NOT081-002300,2025-07-14,S2,presencial,82.8,7.8,7.7,2.0,7
NOT081-002301,2025-07-14,S3,virtual,94.9,15.9,16.7,9.1,1
NOT081-002302,2025-07-14,S1,virtual,100,11.1,13.4,11.8,2
NOT081-002303,2025-07-14,S2,presencial,91.1,9.5,12.9,8.6,10
NOT081-002304,2025-07-15,S3,virtual,83.5,16.4,20,10.4,0
NOT081-002305,2025-07-15,S1,virtual,84.1,9.2,9.3,1.9,2
NOT081-002306,2025-07-15,S2,virtual,77.5,11.0,17.2,4.3,3
NOT081-002307,2025-07-15,S3,presencial,50.3,15.2,10.0,9.4,0
NOT081-002308,2025-07-16,S1,presencial,94.0,8.7,7.5,0.3,2
NOT081-002309,2025-07-16,S2,virtual,57.4,10.0,12.4,2.3,3
NOT081-002310,2025-07-16,S3,presencial,87.7,8.6,8.9,7.6,5
NOT081-002311,2025-07-16,S1,presencial,81.2,12.6,15.6,7.1,3
NOT081-002312,2025-07-17,S2,virtual,50.5,11.3,9.2,10.9,2
NOT081-002313,2025-07-17,S3,virtual,66.8,12.1,12.7,5.4,1
NOT081-002314,2025-07-17,S1,presencial,72.1,9.3,12.5,6.1,6
NOT081-002315,2025-07-17,S2,virtual,62.1,13.8,8.3,3.3,1
NOT081-002316,2025-07-18,S3,virtual,83.0,3.9,3.7,4.0,2
NOT081-002317,2025-07-18,S1,virtual,100,13.2,15.2,3.2,0
NOT081-002318,2025-07-18,S2,virtual,80.2,7.4,9.6,3.3,6
NOT081-002319,2025-07-18,S3,presencial,55.5,12.6,13.7,5.3,1
NOT081-002320,2025-07-19,S1,presencial,100,13.3,14.8,8.3,2
NOT081-002321,2025-07-19,S2,presencial,100,12.6,10.4,3.2,0
NOT081-002322,2025-07-19,S3,virtual,71.1,9.5,"11,1",4.2,5
NOT081-002323,2025-07-19,S1,virtual,82.7,10.4,14.0,3.0,3
NOT081-002324,2025-07-20,S2,presencial,82.4,10.9,12.3,4.5,0
NOT081-002325,2025-07-20,S3,virtual,82.6,6.6,,3.2,9
NOT081-002326,2025-07-20,S1,presencial,71.6,8.4,12.4,7.8,10
NOT081-002327,2025-07-20,S2,virtual,43.0,15.2,16.0,11.4,3
NOT081-002328,2025-07-21,S3,virtual,77.2,9.4,13.7,9.1,8
NOT081-002329,2025-07-21,S1, PRESENCIAL ,71.7,10.0,11.6,11.2,1
NOT081-002330,2025-07-21,S2,virtual,67.2,12.0,9.5,4.8,1
NOT081-002331,2025-07-21,S3,presencial,77.5,11.3,11.1,8.8,3
NOT081-002332,2025-07-21,S1,presencial,59.9,11.4,10.7,5.7,1
NOT081-002333,2025-07-22,S2,presencial,100,10.6,12.2,5.1,0
NOT081-002334,2025-07-22,S3,presencial,97.4,16.4,16.7,2.5,2
NOT081-002335,2024-02-30,S1,presencial,78.6,8.9,10.4,7.8,3
NOT081-002336,2025-07-22,S2,virtual,40.2,11.7,10.4,3.2,2
NOT081-002337,2025-07-23,S3,virtual,72.7,11.9,15.6,7.1,1
NOT081-002338,2025-07-23,S1,virtual,38.0,11.4,5.6,2.5,1
NOT081-002339,2025-07-23,S2,virtual,48.3,1.5,5.4,3.1,9
NOT081-002340,2025-07-23,S3,virtual,74.8,13.1,10.9,2.3,2
NOT081-002341,2025-07-24,S1,presencial,80.1,13.4,13.6,0.5,3
NOT081-002342,2025-07-24,S2,virtual,90.1,6.2,8.9,3.5,9
NOT081-002343,2025-07-24,S3,presencial,67.3,8.5,7.5,2.6,5
NOT081-002344,2025-07-24,S1,presencial,56.8,13.3,14.6,3.0,3
NOT081-002345,2025-07-25,S2,presencial,76.4,11.2,12.4,11.1,3
NOT081-002346,2025-07-25,S3,virtual,77.5,12.2,11.3,4.3,3
NOT081-002347,2025-07-25,S1,virtual,52.4,14.2,11.9,6.7,0
NOT081-002348,2025-07-25,S2,presencial,100,9.2,13.3,10.9,7
NOT081-002349,2025-07-26,S3,presencial,64.2,12.1,9.8,0.2,0
NOT081-002350,2025-07-26,S1,presencial,100,10.9,13.1,3.6,3
NOT081-002351,2025-07-26,S2,virtual,91.2,13.2,12.5,1.1,3
NOT081-002352,2025-07-26,S3,presencial,62.0,10.3,9.6,5.8,3
NOT081-002353,2025-07-27,S1,virtual,80.9,13.1,15.6,4.6,3
NOT081-002354,2025-07-27,S2,virtual,70.2,11.9,13.3,11.9,1
NOT081-002355,2025-07-27,S3,presencial,87.1,14.6,11.7,1.2,1
NOT081-002356,2025-07-27,S1,presencial,86.8,13.9,17.4,4.4,2
NOT081-002357,2025-07-28,S2,virtual,89.7,16.5,15.6,6.0,1
NOT081-002358,2025-07-28,S3,virtual,67.5,12.7,9.5,6.2,2
NOT081-002359,2025-07-28,S1,virtual,69.3,7.3,9.6,9.0,4
NOT081-002360,2025-07-28,S2,presencial,70.3,7.6,9.4,11.4,2
NOT081-002361,2025-07-29,S3,presencial,97.6,11.8,11.6,6.6,1
NOT081-002362,2025-07-29,S1,presencial,97.2,14.6,12.4,6.8,1
NOT081-002363,2025-07-29,S2,presencial,94.6,11.5,12.1,11.5,1
NOT081-002364,2025-07-29,S3,presencial,86.6,11.2,12.0,3.7,3
NOT081-002365,2025-07-30,S1,virtual,67.1,13.1,16.5,2.9,0
NOT081-002366,2025-07-30,S2,virtual,100,16.2,14.1,11.6,0
NOT081-002367,2025-07-30,S3,virtual,100,13.0,12.2,11.0,1
NOT081-002368,2025-07-30,S1,virtual,100,7.3,11.6,7.0,5
NOT081-002369,2025-07-31,S2,virtual,57.5,17.1,17.2,11.9,0
NOT081-002370,2025-07-31,S3,presencial,70.0,12.9,14.2,11.9,0
NOT081-002371,2025-07-31,S1,presencial,100,8.5,12.0,8.2,6
NOT081-002372,2025-07-31,S2,presencial,86.6,12.9,12.5,1.1,0
NOT081-002373,2025-07-31,S3,presencial,67.6,9.6,11.8,5.9,7
NOT081-002374,2025-08-01,S1,virtual,66.8,12.1,14.1,10.5,3
NOT081-002375,2025-08-01,S2,virtual,69.7,10.5,10.0,1.0,2
NOT081-002376,2025-08-01,S3,virtual,90.1,11.0,9.1,3.0,2
NOT081-002377,2025-08-01,S1,virtual,70.0,10.4,11.5,3.9,3
NOT081-002378,2025-08-02,S2,virtual,90.1,5.9,12.1,5.2,7
NOT081-002379,2025-08-02,S3,virtual,84.1,11.5,10.7,9.1,0
NOT081-002380,2025-08-02,S1,presencial,83.0,12.1,15.4,11.2,2
NOT081-002381,2025-08-02,S2,virtual,46.7,12.4,12.1,6.9,0
NOT081-002382,2025-08-03,S3,virtual,56.3,8.4,6.5,3.0,2
NOT081-002383,2025-08-03,S1,virtual,100,5.0,3.7,4.9,2
NOT081-002384,2025-08-03,S2,presencial,90.7,11.8,12.6,8.8,1
NOT081-002385,2025-08-03,S3,virtual,97.1,10.9,9.8,4.3,1
NOT081-002386,2025-08-04,S1,presencial,77.4,8.9,10.3,0.1,9
NOT081-002387,2025-08-04,S2,virtual,75.3,11.1,12.6,1.7,3
NOT081-002388,2025-08-04,S3,virtual,100,12.1,14.9,10.7,1
NOT081-002389,2025-08-04,S1,presencial,100,12.3,9.8,2.0,2
NOT081-002390,2025-08-05,S2,virtual,96.9,4.5,7.6,11.5,3
NOT081-002391,2025-08-05,S3,presencial,92.7,10.9,11.9,10.5,0
NOT081-002392,2025-08-05,S1,presencial,69.3,5.9,11.9,11.8,10
NOT081-002393,2025-08-05,S2,virtual,79.2,7.7,10.5,7.3,9
NOT081-002394,2025-08-06,S3,presencial,67.0,14.7,13.5,9.0,1
NOT081-002395,2025-08-06,S1,presencial,68.6,7.2,7.7,6.6,3
NOT081-002396,2025-08-06,S2,presencial,86.1,9.3,15.0,3.5,7
NOT081-002397,2025-08-06,S3,virtual,61.7,18.7,18.9,8.7,0
NOT081-002398,2025-08-07,S1,presencial,56.7,7.0,8.7,11.9,9
NOT081-002399,2025-08-07,S2,presencial,79.2,10.9,12.0,2.4,1
NOT081-002400,2025-08-07,S3,presencial,80.2,14.2,14.1,8.9,0
NOT081-002401,2025-08-07,S1,virtual,96.5,15.0,13.5,8.6,3
NOT081-002402,2025-08-08,S2,virtual,48.0,16.6,10.1,0.7,0
NOT081-002403,2025-08-08,S3,virtual,79.4,14.0,11.5,0.2,1
NOT081-002404,2025-08-08,S1,presencial,92.8,11.1,10.9,9.3,1
NOT081-002405,2025-08-08,S2,presencial,71.1,6.5,5.8,1.2,9
NOT081-002406,2025-08-09,S3,virtual,79.2,14.3,15.1,5.1,3
NOT081-002407,2025-08-09,S1,virtual,80.2,13.8,18.6,7.5,1
NOT081-002408,2025-08-09,S2,virtual,75.0,15.7,,7.5,3
NOT081-002409,2025-08-09,S3,presencial,69.4,9.0,10.6,10.3,7
NOT081-002410,2025-08-09,S1,presencial,76.7,12.5,10.1,1.0,2
NOT081-002411,2025-08-10,S2,virtual,83.7,7.3,7.6,1.7,3
NOT081-002412,2025-08-10,S3,virtual,93.1,8.9,14.6,11.3,4
NOT081-002413,2025-08-10,S1,virtual,59.1,10.4,9.0,0.4,1
NOT081-002414,2025-08-10,S2,presencial,64.9,9.2,7.5,5.8,10
NOT081-002415,2025-08-11,S3,virtual,86.1,10.2,13.9,11.9,3
NOT081-002416,2025-08-11,S1,virtual,100,9.6,12.7,8.2,5
NOT081-002417,2025-08-11,S2,virtual,44.8,10.1,11.9,9.7,1
NOT081-002418,2025-08-11,S3,virtual,45.1,15.8,15.4,2.7,1
NOT081-002419,2025-08-12,S1,presencial,79.3,9.9,10.9,4.3,9
NOT081-002420,2025-08-12,S2,virtual,94.2,4.4,11.6,8.4,8
NOT081-002421,2025-08-12,S3,virtual,75.9,8.3,7.7,11.4,7
NOT081-002422,2025-08-12,S1,presencial,48.3,13.6,13.8,6.1,3
NOT081-002423,2025-08-13,S2,presencial,47.9,8.3,5.1,10.8,3
NOT081-002424,2025-08-13,S3,presencial,100,7.8,11.0,11.3,3
NOT081-002425,2025-08-13,S1,virtual,66.0,10.3,11.8,10.8,2
NOT081-002426,2025-08-13,S2, VIRTUAL ,91.4,7.2,7.8,2.6,3
NOT081-002427,2025-08-14,S3,virtual,57.2,9.9,9.2,4.8,6
NOT081-002428,2025-08-14,S1,virtual,99.1,13.8,16.6,11.8,1
NOT081-002429,2025-08-14,S2,presencial,73.1,13.4,13.8,8.0,1
NOT081-002430,2025-08-14,S3,presencial,74.5,9.4,11.9,2.3,7
NOT081-002431,2025-08-15,S1,presencial,84.3,13.2,12.7,8.8,2
NOT081-002432,2025-08-15,S2,presencial,55.9,14.0,14.5,3.1,3
NOT081-002433,2025-08-15,S3,virtual,74.0,6.8,4.2,0.8,7
NOT081-002434,2025-08-15,S1,presencial,78.2,10.7,11.9,3.1,3
NOT081-002435,2025-08-16,S2,virtual,64.4,14.5,16.3,5.1,2
NOT081-002436,2025-08-16,S3,presencial,51.5,9.2,7.5,6.1,7
NOT081-002437,2025-08-16,S1,presencial,100,8.5,11.5,0.5,8
NOT081-002438,2025-08-16,S2,presencial,59.5,12.2,13.1,5.3,1
NOT081-002439,2025-08-17,S3,presencial,58.7,9.2,4.3,6.0,10
NOT081-002440,2025-08-17,S1,presencial,57.5,12.8,13.4,11.3,0
NOT081-002441,2025-08-17,S2,presencial,78.5,8.2,11.3,6.8,2
NOT081-002442,2025-08-17,S3,virtual,65.1,10.3,5.1,0.5,2
NOT081-002443,2025-08-18,S1,virtual,87.3,5.9,5.5,0.8,6
NOT081-002444,2025-08-18,S2,virtual,100,6.8,14.9,10.9,9
NOT081-002445,2025-08-18,S3,presencial,74.4,8.3,10.0,6.8,7
NOT081-002446,2025-08-18,S1,virtual,83.4,14.5,14.6,1.1,0
NOT081-002447,2025-08-19,S2,virtual,92.6,10.7,14.9,7.9,3
NOT081-002448,2025-08-19,S3,presencial,98.5,6.8,11.9,1.9,2
NOT081-002449,2025-08-19,S1,virtual,89.4,15.5,12.6,4.8,2
NOT081-002450,2025-08-19,S2,virtual,83.8,12.6,11.5,3.1,0
NOT081-002451,2025-08-19,S3,presencial,69.3,7.3,9.9,1.5,7
NOT081-002452,2025-08-20,S1,virtual,73.8,6.9,9.9,9.4,10
NOT081-002453,2025-08-20,S2,presencial,93.6,14.7,17.6,10.7,3
NOT081-002454,2025-08-20,S3,presencial,100,14.2,14.2,8.1,1
NOT081-002455,2025-08-20,S1,presencial,56.8,13.0,11.4,4.4,2
NOT081-002456,2025-08-21,S2,presencial,69.7,11.0,14.5,7.5,3
NOT081-002457,2025-08-21,S3,virtual,68.8,14.7,15.6,7.9,3
NOT081-002458,2025-08-21,S1,presencial,72.6,6.8,9.7,2.7,2
NOT081-002459,2025-08-21,S2,presencial,79.2,11.6,13.7,7.3,2
NOT081-002460,2025-08-22,S3,presencial,100,13.5,14.6,7.9,0
NOT081-002461,2025-08-22,S1,virtual,64.2,6.3,8.1,2.5,7
NOT081-002462,2025-08-22,S2,virtual,56.2,15.1,11.6,7.0,2
NOT081-002463,2025-08-22,S3,virtual,73.6,9.8,8.1,5.4,4
NOT081-002464,2025-08-23,S1,presencial,46.1,11.3,9.6,11.0,2
NOT081-002465,2025-08-23,S2,presencial,72.7,10.7,9.8,9.2,1
NOT081-002466,2025-08-23,S3,presencial,72.8,13.2,11.8,1.9,0
NOT081-002467,2025-08-23,S1,virtual,88.4,12.0,9.3,4.8,2
NOT081-002468,2025-08-24,S2,virtual,66.6,14.4,16.2,9.6,3
NOT081-002469,2025-08-24,S3,virtual,87.6,7.5,5.9,4.3,7
NOT081-002470,2025-08-24,S1,virtual,81.6,10.6,12.6,9.1,0
NOT081-002471,2025-08-24,S2,virtual,58.4,4.0,7.9,10.8,7
NOT081-002472,2025-08-25,S3,virtual,67.5,8.8,8.7,3.8,3
NOT081-002473,2025-08-25,S1,virtual,69.2,11.3,9.8,9.2,3
NOT081-002474,2025-08-25,S2,virtual,74.5,11.7,10.6,5.4,0
NOT081-002475,2025-08-25,S3,virtual,79.0,16.0,18.2,7.5,0
NOT081-002476,2025-08-26,S1,virtual,70.9,11.7,9.9,3.2,0
NOT081-002477,2025-08-26,S2,virtual,100,11.4,11.3,4.1,3
NOT081-002478,2025-08-26,S3,presencial,58.7,17.4,13.1,9.0,1
NOT081-002479,2025-08-26,S1,presencial,48.4,14.4,10.9,1.4,0
NOT081-002480,2025-08-27,S2,virtual,68.0,10.5,11.5,9.7,1
NOT081-002481,2025-08-27,S3,virtual,73.4,12.3,9.9,10.6,2
NOT081-002482,2025-08-27,S1,virtual,88.6,9.0,10.7,5.7,7
NOT081-002483,2025-08-27,S2,virtual,100,10.0,17.2,7.2,3
NOT081-002484,2025-08-28,S3,virtual,92.3,13.6,15.3,7.6,3
NOT081-002485,2025-08-28,S1,presencial,84.4,16.2,15.5,9.6,1
NOT081-002486,2025-08-28,S2,virtual,80.7,12.1,12.2,0.7,3
NOT081-002487,2025-08-28,S3,presencial,70.9,16.2,11.0,7.4,3
NOT081-002488,2025-08-28,S1,presencial,79.7,8.0,7.5,9.1,5
NOT081-002489,2025-08-29,S2,virtual,64.6,14.8,13.8,10.4,2
NOT081-002490,2025-08-29,S3,virtual,61.1,16.9,15.1,9.0,3
NOT081-002491,2025-08-29,S1,presencial,85.3,12.5,,11.5,2
NOT081-002492,2025-08-29,S2,presencial,59.3,11.6,14.2,8.6,3
NOT081-002493,2025-08-30,S3,virtual,90.4,10.9,11.1,7.6,1
NOT081-002494,2025-08-30,S1,virtual,93.1,7.6,10.9,6.6,6
NOT081-002495,2025-08-30,S2,presencial,94.2,12.9,8.0,1.3,1
NOT081-002496,2025-08-30,S3,presencial,81.1,11.3,13.1,3.8,3
NOT081-002497,2025-08-31,S1,presencial,86.8,13.3,13.0,8.6,3
NOT081-002498,2025-08-31,S2,presencial,69.5,13.3,11.9,1.6,1
NOT081-002499,2025-08-31,S3,presencial,72.9,8.3,12.4,3.1,8
NOT081-002500,2025-08-31,S1,virtual,72.7,12.3,8.4,5.2,0
NOT081-002501,2025-09-01,S2,virtual,66.7,12.1,8.8,7.6,0
NOT081-002502,2025-09-01,S3,presencial,72.6,15.6,14.8,11.4,2
NOT081-002503,2025-09-01,S1,virtual,100,13.1,11.0,4.6,1
NOT081-002504,2025-09-01,S2,virtual,92.3,9.2,9.8,11.7,5
NOT081-002505,2025-09-02,S3,presencial,95.7,9.0,13.7,4.8,6
NOT081-002506,2025-09-02,S1,virtual,100,14.6,11.9,7.4,0
NOT081-002507,2025-09-02,S2,virtual,90.4,14.4,13.9,1.8,2
NOT081-002508,2025-09-02,S3,virtual,68.8,12.2,9.7,9.7,1
NOT081-002509,2025-09-03,S1,virtual,89.4,7.8,12.0,3.0,10
NOT081-002510,2025-09-03,S2,presencial,54.4,11.5,12.4,11.1,1
NOT081-002511,2025-09-03,S3,virtual,71.5,12.7,15.2,8.3,1
NOT081-002512,2025-09-03,S1,presencial,91.5,12.5,9.4,4.4,0
NOT081-002513,2025-09-04,S2,virtual,75.6,8.8,11.0,2.3,6
NOT081-002514,2025-09-04,S3,virtual,60.0,6.6,9.5,0.7,10
NOT081-002515,2025-09-04,S1,presencial,67.3,6.6,5.1,1.5,3
NOT081-002516,2025-09-04,S2,presencial,100,10.5,10.3,8.6,1
NOT081-002517,2025-09-05,S3,virtual,62.2,16.3,14.2,5.5,0
NOT081-002518,2025-09-05,S1,presencial,59.7,16.8,12.8,1.3,1
NOT081-002519,2025-09-05,S2,presencial,100,7.9,9.6,11.0,2
NOT081-002520,2025-09-05,S3,presencial,59.1,8.7,11.1,0.2,5
NOT081-002521,2025-09-06,S1,virtual,83.1,15.0,14.5,3.3,3
NOT081-002522,2025-09-06,S2,virtual,64.2,12.5,10.8,1.9,3
NOT081-002523,2025-09-06,S3, VIRTUAL ,37.4,8.9,8.6,0.3,8
NOT081-002524,2025-09-06,S1,virtual,71.6,8.8,10.3,10.0,6
NOT081-002525,2025-09-07,S2,virtual,83.4,8.2,8.2,0.7,7
NOT081-002526,2025-09-07,S3,virtual,42.1,7.6,3.9,7.8,6
NOT081-002527,2025-09-07,S1,presencial,77.0,11.3,12.1,9.7,3
NOT081-002528,2025-09-07,S2,presencial,100,12.5,11.7,1.5,1
NOT081-002529,2025-09-07,S3,presencial,100,16.7,15.7,2.4,1
NOT081-002530,2025-09-08,S1,presencial,66.9,12.7,12.4,3.7,1
NOT081-002531,2025-09-08,S2,virtual,70.5,7.8,10.7,8.6,7
NOT081-002532,2025-09-08,S3,presencial,70.9,8.2,12.3,6.7,10
NOT081-002533,2025-09-08,S1,presencial,100,10.2,"11,6",0.8,2
NOT081-002534,2025-09-09,S2,presencial,54.2,13.9,12.3,6.9,1
NOT081-002535,2025-09-09,S3,virtual,66.9,10.3,12.3,1.6,3
NOT081-002536,2025-09-09,S1,virtual,66.8,13.3,10.6,4.8,0
NOT081-002537,2025-09-09,S2,virtual,76.5,9.7,10.3,1.2,2
NOT081-002538,2025-09-10,S3,virtual,65.7,11.4,11.8,6.3,2
NOT081-002539,2025-09-10,S1,presencial,100,11.3,9.1,7.9,0
NOT081-002540,2025-09-10,S2,presencial,70.2,12.4,12.7,10.1,3
NOT081-002541,2025-09-10,S3,virtual,76.3,13.8,12.9,7.3,2
NOT081-002542,2025-09-11,S1,virtual,74.3,13.8,11.4,10.0,2
NOT081-002543,2025-09-11,S2,presencial,99.0,17.2,14.1,2.2,2
NOT081-002544,2025-09-11,S3,virtual,100,9.9,9.9,5.2,3
NOT081-002545,2025-09-11,S1,virtual,100,15.0,16.1,9.0,0
NOT081-002546,2025-09-12,S2,presencial,100,9.4,10.2,2.7,4
NOT081-002547,2025-09-12,S3,presencial,84.9,10.9,6.5,9.3,3
NOT081-002548,2025-09-12,S1,virtual,96.9,8.3,10.9,9.2,5
NOT081-002549,2025-09-12,S2,presencial,65.1,10.0,8.9,1.5,2
NOT081-002550,2025-09-13,S3,virtual,82.0,10.7,15.0,2.7,2
NOT081-002551,2025-09-13,S1,virtual,100,15.1,17.1,8.3,3
NOT081-002552,2025-09-13,S2,presencial,87.1,8.2,8.7,4.5,5
NOT081-002553,2025-09-13,S3,presencial,81.7,13.5,11.6,10.7,0
NOT081-002554,2025-09-14,S1,virtual,100,12.1,14.2,3.3,1
NOT081-002555,2025-09-14,S2,presencial,45.8,8.8,7.1,10.6,3
NOT081-002556,2025-09-14,S3,presencial,52.2,7.6,6.2,0.5,10
NOT081-002557,2025-09-14,S1,virtual,87.8,8.0,11.6,2.6,5
NOT081-002558,2025-09-15,S2,virtual,100,8.6,13.2,8.7,7
NOT081-002559,2025-09-15,S3,virtual,79.7,11.0,10.5,8.7,2
NOT081-002560,2025-09-15,S1,presencial,77.5,9.8,16.0,1.1,4
NOT081-002561,2025-09-15,S2,presencial,42.7,8.9,9.3,8.2,10
NOT081-002562,2025-09-16,S3,presencial,68.5,11.6,13.9,11.8,3
NOT081-002563,2025-09-16,S1,virtual,78.6,4.1,9.5,10.7,2
NOT081-002564,2025-09-16,S2,virtual,92.6,12.4,12.1,3.4,3
NOT081-002565,2025-09-16,S3,presencial,31.1,10.4,13.8,11.3,2
NOT081-002566,2025-09-17,S1,presencial,80.1,7.4,13.7,8.6,8
NOT081-002567,2025-09-17,S2,virtual,68.5,11.1,11.5,8.0,1
NOT081-002568,2025-09-17,S3,presencial,83.5,13.7,11.8,8.4,3
NOT081-002569,2025-09-17,S1,virtual,64.7,13.5,14.9,9.2,0
NOT081-002570,2025-09-17,S2,presencial,89.9,12.3,12.6,7.5,3
NOT081-002571,2025-09-18,S3,virtual,76.9,11.5,14.3,10.7,0
NOT081-002572,2025-09-18,S1,presencial,85.7,14.8,14.2,3.9,0
NOT081-002573,2025-09-18,S2,virtual,78.0,12.0,15.0,8.8,0
NOT081-002574,2025-09-18,S3,presencial,44.7,13.9,,11.6,0
NOT081-002575,2025-09-19,S1,presencial,90.3,10.4,8.5,8.0,0
NOT081-002576,2025-09-19,S2,virtual,68.8,11.6,13.1,3.3,1
NOT081-002577,2025-09-19,S3,virtual,63.8,10.7,9.9,8.5,0
NOT081-002578,2025-09-19,S1,presencial,73.2,11.3,6.9,1.0,2
NOT081-002579,2025-09-20,S2,virtual,79.5,16.7,16.9,7.8,2
NOT081-002580,2025-09-20,S3,presencial,78.8,11.4,10.6,2.2,1
NOT081-002581,2025-09-20,S1,virtual,100,14.1,11.8,10.8,3
NOT081-002582,2025-09-20,S2,presencial,74.0,10.2,8.5,3.4,0
NOT081-002583,2025-09-21,S3,virtual,70.9,11.0,9.8,3.9,1
NOT081-002584,2025-09-21,S1,presencial,62.2,14.7,13.5,7.5,2
NOT081-002585,2025-09-21,S2,presencial,75.9,10.0,12.5,9.5,1
NOT081-002586,2025-09-21,S3,virtual,91.9,9.7,10.9,7.2,6
NOT081-002587,2025-09-22,S1,presencial,100,4.5,6.8,11.3,8
NOT081-002588,2025-09-22,S2,presencial,86.8,14.0,15.0,4.2,0
NOT081-002589,2025-09-22,S3,virtual,98.9,1.1,7.0,11.3,10
NOT081-002590,2025-09-22,S1,presencial,83.2,10.1,9.9,5.2,1
NOT081-002591,2025-09-23,S2,presencial,100,19.9,17.1,10.4,3
NOT081-002592,2025-09-23,S3,presencial,100,8.6,7.9,6.8,2
NOT081-002593,2025-09-23,S1,virtual,94.0,12.1,13.9,11.4,1
NOT081-002594,2025-09-23,S2,virtual,75.0,4.3,6.4,6.4,9
NOT081-002595,2025-09-24,S3,virtual,66.3,10.1,12.5,8.7,2
NOT081-002596,2025-09-24,S1,presencial,50.6,15.1,12.7,0.3,3
NOT081-002597,2025-09-24,S2,presencial,43.9,11.7,10.4,7.2,3
NOT081-002598,2025-09-24,S3,presencial,61.8,11.6,11.8,5.2,2
NOT081-002599,2025-09-25,S1,presencial,49.0,12.3,11.0,6.1,2
NOT081-002600,2025-09-25,S2,presencial,82.1,12.9,11.8,10.6,0
NOT081-002601,2025-09-25,S3,virtual,78.2,12.1,10.3,3.1,2
NOT081-002602,2025-09-25,S1,presencial,100,4.7,9.4,4.7,2
NOT081-002603,2025-09-26,S2,presencial,48.1,12.7,14.5,11.9,1
NOT081-002604,2025-09-26,S3,presencial,85.0,12.3,11.0,7.9,0
NOT081-002605,2025-09-26,S1,virtual,68.5,5.9,8.1,9.4,9
NOT081-002606,2025-09-26,S2,virtual,94.1,10.8,12.7,4.5,2
NOT081-002607,2025-09-26,S3,presencial,97.0,11.3,10.7,0.1,3
NOT081-002608,2025-09-27,S1,virtual,78.8,11.3,16.5,8.0,3
NOT081-002609,2025-09-27,S2,presencial,58.1,6.4,7.0,4.1,3
NOT081-002610,2025-09-27,S3,presencial,86.2,8.7,12.5,2.1,8
NOT081-002611,2025-09-27,S1,presencial,100,12.1,19.1,11.7,2
NOT081-002612,2025-09-28,S2,presencial,100,8.4,12.2,11.3,2
NOT081-002613,2025-09-28,S3,virtual,85.3,13.0,8.6,6.0,2
NOT081-002614,2025-09-28,S1,presencial,40.3,8.5,8.6,5.4,5
NOT081-002615,2025-09-28,S2,virtual,86.0,6.6,8.8,5.4,3
NOT081-002616,2025-09-29,S3,virtual,70.0,11.5,11.3,10.0,3
NOT081-002617,2025-09-29,S1,virtual,95.9,7.4,9.7,6.4,3
NOT081-002618,2025-09-29,S2,virtual,100,13.0,15.2,10.6,0
NOT081-002619,2025-09-29,S3,virtual,100,11.9,11.4,1.6,0
NOT081-002620,2025-09-30,S1, PRESENCIAL ,99.5,12.5,15.4,10.6,2
NOT081-002621,2025-09-30,S2,presencial,63.8,14.6,13.2,7.4,2
NOT081-002622,2025-09-30,S3,virtual,78.9,14.1,18.7,8.8,2
NOT081-002623,2025-09-30,S1,virtual,98.8,15.8,12.8,1.4,3
NOT081-002624,2025-10-01,S2,presencial,90.0,9.1,10.5,0.8,3
NOT081-002625,2025-10-01,S3,virtual,91.8,6.7,12.6,6.7,10
NOT081-002626,2025-10-01,S1,virtual,81.9,8.5,6.7,2.9,4
NOT081-002627,2025-10-01,S2,presencial,63.5,7.5,12.2,10.9,6
NOT081-002628,2025-10-02,S3,presencial,67.1,7.0,7.7,1.0,2
NOT081-002629,2025-10-02,S1,virtual,95.4,10.0,7.2,1.6,0
NOT081-002630,2025-10-02,S2,virtual,100,8.0,11.4,11.0,10
NOT081-002631,2025-10-02,S3,presencial,100,9.1,12.4,9.6,5
NOT081-002632,2025-10-03,S1,virtual,74.6,11.3,10.0,2.7,0
NOT081-002633,2025-10-03,S2,presencial,85.4,7.6,10.8,6.6,8
NOT081-002634,2025-10-03,S3,presencial,87.4,8.8,11.9,7.3,4
NOT081-002635,2025-10-03,S1,presencial,80.9,8.1,13.1,6.4,5
NOT081-002636,2025-10-04,S2,presencial,67.6,7.6,11.6,5.7,5
NOT081-002637,2025-10-04,S3,presencial,100,11.1,16.8,3.5,2
NOT081-002638,2025-10-04,S1,virtual,69.8,4.1,7.1,4.5,2
NOT081-002639,2025-10-04,S2,presencial,84.3,14.2,15.7,5.8,0
NOT081-002640,2025-10-05,S3,virtual,75.8,11.4,7.0,8.6,2
NOT081-002641,2025-10-05,S1,virtual,62.0,7.3,10.9,10.2,6
NOT081-002642,2025-10-05,S2,presencial,54.2,11.3,9.4,7.8,2
NOT081-002643,2025-10-05,S3,virtual,92.3,10.3,8.2,7.9,1
NOT081-002644,2025-10-06,S1,virtual,72.8,9.3,12.9,5.3,2
NOT081-002645,2025-10-06,S2,virtual,81.2,16.0,15.6,4.3,0
NOT081-002646,2025-10-06,S3,presencial,84.4,8.3,13.7,9.3,7
NOT081-002647,2025-10-06,S1,presencial,71.3,9.3,13.7,7.8,10
NOT081-002648,2025-10-06,S2,virtual,82.2,11.5,11.5,7.2,1
NOT081-002649,2025-10-07,S3,presencial,100,12.4,13.3,10.6,3
NOT081-002650,2025-10-07,S1,virtual,66.1,16.3,15.1,4.3,1
NOT081-002651,2025-10-07,S2,virtual,61.1,13.1,14.8,10.9,1
NOT081-002652,2025-10-07,S3,virtual,75.7,8.7,9.9,2.0,10
NOT081-002653,2025-10-08,S1,presencial,73.0,12.3,11.8,4.4,0
NOT081-002654,2025-10-08,S2,presencial,96.6,10.3,11.7,0.7,2
NOT081-002655,2025-10-08,S3,virtual,65.6,13.9,9.6,3.8,1
NOT081-002656,2025-10-08,S1,presencial,93.3,3.8,8.9,10.0,9
NOT081-002657,2025-10-09,S2,virtual,54.1,9.9,,3.0,5
NOT081-002658,2025-10-09,S3,presencial,61.8,8.8,7.9,7.2,10
NOT081-002659,2025-10-09,S1,presencial,50.3,8.6,11.3,0.2,7
NOT081-002660,2025-10-09,S2,virtual,47.2,11.8,9.8,0.1,0
NOT081-002661,2025-10-10,S3,virtual,64.9,12.9,12.3,9.4,3
NOT081-002662,2025-10-10,S1,virtual,65.2,5.7,5.9,2.4,7
NOT081-002663,2025-10-10,S2,presencial,76.4,17.6,17.2,7.7,1
NOT081-002664,2025-10-10,S3,presencial,61.1,5.7,6.0,2.1,10
NOT081-002665,2025-10-11,S1,presencial,100,9.4,14.5,11.5,2
NOT081-002666,2025-10-11,S2,presencial,88.3,9.6,10.0,4.4,5
NOT081-002667,2025-10-11,S3,virtual,100,12.4,14.7,4.2,0
NOT081-002668,2025-10-11,S1,presencial,77.3,5.5,7.9,2.4,9
NOT081-002669,2025-10-12,S2,presencial,67.9,10.9,12.3,0.3,3
NOT081-002670,2025-10-12,S3,virtual,57.2,8.4,7.8,0.9,4
NOT081-002671,2025-10-12,S1,presencial,62.5,10.0,11.0,6.1,1
NOT081-002672,2025-10-12,S2,virtual,85.3,6.3,8.9,6.8,10
NOT081-002673,2025-10-13,S3,virtual,78.6,8.2,11.3,5.0,8
NOT081-002674,2025-10-13,S1,virtual,85.5,15.0,16.8,10.7,2
NOT081-002675,2025-10-13,S2,presencial,81.4,8.5,7.1,11.7,3
NOT081-002676,2025-10-13,S3,virtual,76.3,9.9,10.2,6.0,2
NOT081-002677,2025-10-14,S1,virtual,79.3,14.8,12.5,5.7,1
NOT081-002678,2025-10-14,S2,presencial,92.3,6.5,12.4,9.9,8
NOT081-002679,2025-10-14,S3,virtual,63.4,12.4,14.3,2.1,2
NOT081-002680,2025-10-14,S1,virtual,75.9,16.1,13.8,10.9,1
NOT081-002681,2025-10-15,S2,virtual,91.1,5.2,11.2,7.1,3
NOT081-002682,2025-10-15,S3,presencial,85.3,10.3,10.6,11.8,2
NOT081-002683,2025-10-15,S1,virtual,61.7,13.5,12.9,1.1,1
NOT081-002684,2025-10-15,S2,virtual,100,9.7,12.4,9.4,4
NOT081-002685,2025-10-16,S3,virtual,60.6,13.5,12.4,8.4,2
NOT081-002686,2025-10-16,S1,presencial,56.7,6.2,6.7,3.6,7
NOT081-002687,2025-10-16,S2,virtual,100,8.3,9.6,2.3,5
NOT081-002688,2025-10-16,S3,presencial,67.5,9.0,11.1,8.5,6
NOT081-002689,2025-10-16,S1,virtual,87.1,17.8,16.0,9.4,2
NOT081-002690,2025-10-17,S2,presencial,62.1,11.4,12.7,10.1,2
NOT081-002691,2025-10-17,S3,virtual,82.8,9.9,11.0,10.0,6
NOT081-002692,2025-10-17,S1,presencial,91.8,9.5,14.8,10.9,4
NOT081-002693,2025-10-17,S2,virtual,63.9,4.1,7.5,11.2,5
NOT081-002694,2025-10-18,S3,virtual,72.0,13.5,10.3,6.9,3
NOT081-002695,2025-10-18,S1,virtual,77.9,7.0,11.6,9.8,2
NOT081-002696,2025-10-18,S2,virtual,89.7,10.4,10.5,5.7,1
NOT081-002697,2025-10-18,S3,virtual,70.9,9.0,12.0,11.3,10
NOT081-002698,2025-10-19,S1,virtual,65.4,11.5,6.0,1.3,3
NOT081-002699,2025-10-19,S2,presencial,62.2,10.2,8.9,8.2,0
NOT081-002700,2025-10-19,S3,presencial,55.2,11.6,6.6,5.9,2
NOT081-002701,2025-10-19,S1,virtual,100,13.2,13.0,0.2,2
NOT081-002702,2025-10-20,S2,virtual,89.8,8.5,10.4,0.5,9
NOT081-002703,2025-10-20,S3,presencial,81.9,17.9,15.0,10.4,3
NOT081-002704,2025-10-20,S1,presencial,92.8,12.8,11.8,7.4,3
NOT081-002705,2025-10-20,S2,virtual,42.8,8.4,13.5,10.8,8
NOT081-002706,2025-10-21,S3,virtual,70.0,8.8,9.7,2.4,6
NOT081-002707,2025-10-21,S1,presencial,81.4,11.4,7.9,9.4,2
NOT081-002708,2025-10-21,S2,virtual,80.9,15.7,17.6,3.9,0
NOT081-002709,2025-10-21,S3,presencial,68.6,10.2,5.6,6.0,1
NOT081-002710,2025-10-22,S1,virtual,51.5,10.1,9.2,10.1,2
NOT081-002711,2025-10-22,S2,presencial,81.4,12.1,11.8,12.0,3
NOT081-002712,2025-10-22,S3,presencial,63.2,10.8,10.2,0.6,3
NOT081-002713,2025-10-22,S1,virtual,68.5,12.9,15.5,9.9,2
NOT081-002714,2025-10-23,S2,presencial,77.3,17.1,16.7,10.7,1
NOT081-002715,2025-10-23,S3,virtual,60.0,11.4,7.7,12.0,2
NOT081-002716,2025-10-23,S1,presencial,82.2,10.9,10.4,11.0,1
NOT081-002717,2025-10-23,S2, VIRTUAL ,56.7,8.8,5.3,6.7,8
NOT081-002718,2025-10-24,S3,virtual,91.7,13.1,15.4,4.7,0
NOT081-002719,2025-10-24,S1,presencial,84.5,9.6,14.7,8.8,4
NOT081-002720,2025-10-24,S2,virtual,52.6,10.1,13.0,6.5,2
NOT081-002721,2025-10-24,S3,virtual,61.5,10.6,14.4,10.6,0
NOT081-002722,2025-10-25,S1,virtual,66.3,12.5,13.1,11.6,2
NOT081-002723,2025-10-25,S2,presencial,72.9,10.5,11.0,7.2,0
NOT081-002724,2024-02-30,S3,presencial,71.5,9.1,9.5,6.2,6
NOT081-002725,2025-10-25,S1,virtual,100,11.6,14.5,2.6,0
NOT081-002726,2025-10-25,S2,virtual,72.5,8.5,10.7,6.4,3
NOT081-002727,2025-10-26,S3,virtual,85.2,6.6,10.6,3.5,10
NOT081-002728,2025-10-26,S1,presencial,85.2,12.4,13.7,7.4,3
NOT081-002729,2025-10-26,S2,virtual,24.2,8.3,5.8,5.2,9
NOT081-002730,2025-10-26,S3,virtual,89.7,15.3,12.9,4.4,1
NOT081-002731,2025-10-27,S1,presencial,80.2,12.2,13.6,11.7,0
NOT081-002732,2025-10-27,S2,presencial,100,12.8,13.1,5.2,3
NOT081-002733,2025-10-27,S3,virtual,83.9,8.6,12.2,10.7,7
NOT081-002734,2025-10-27,S1,virtual,76.9,10.3,13.1,11.3,3
NOT081-002735,2025-10-28,S2,virtual,67.9,15.8,15.0,6.4,3
NOT081-002736,2025-10-28,S3,presencial,98.9,4.5,8.1,11.9,6
NOT081-002737,2025-10-28,S1,presencial,100,13.2,10.9,7.8,1
NOT081-002738,2025-10-28,S2,virtual,60.2,8.3,8.4,8.7,5
NOT081-002739,2025-10-29,S3,virtual,86.1,11.7,13.6,11.2,1
NOT081-002740,2025-10-29,S1,virtual,56.3,7.4,,8.8,2
NOT081-002741,2025-10-29,S2,presencial,69.5,14.2,18.5,6.5,3
NOT081-002742,2025-10-29,S3,virtual,95.6,10.4,11.8,4.6,0
NOT081-002743,2025-10-30,S1,virtual,72.8,11.9,12.7,0.1,1
NOT081-002744,2025-10-30,S2,virtual,77.2,4.9,"11,0",9.4,7
NOT081-002745,2025-10-30,S3,presencial,78.2,15.4,7.6,1.9,0
NOT081-002746,2025-10-30,S1,virtual,85.8,9.5,9.4,1.9,3
NOT081-002747,2025-10-31,S2,presencial,65.8,12.2,9.2,2.4,1
NOT081-002748,2025-10-31,S3,virtual,68.8,5.0,9.9,11.0,8
NOT081-002749,2025-10-31,S1,virtual,69.4,12.8,15.5,11.6,2
NOT081-002750,2025-10-31,S2,virtual,83.9,13.2,9.0,7.2,1
NOT081-002751,2025-11-01,S3,virtual,45.7,12.1,12.9,9.8,3
NOT081-002752,2025-11-01,S1,virtual,58.7,10.5,12.4,9.7,1
NOT081-002753,2025-11-01,S2,virtual,61.0,11.7,12.9,8.1,2
NOT081-002754,2025-11-01,S3,presencial,70.6,13.4,11.4,1.1,1
NOT081-002755,2025-11-02,S1,virtual,89.9,10.3,8.2,10.3,2
NOT081-002756,2025-11-02,S2,presencial,98.1,11.1,12.0,7.9,0
NOT081-002757,2025-11-02,S3,presencial,69.4,14.4,15.5,12.0,3
NOT081-002758,2025-11-02,S1,virtual,56.6,12.1,14.2,11.0,2
NOT081-002759,2025-11-03,S2,presencial,82.1,4.4,9.8,5.3,9
NOT081-002760,2025-11-03,S3,presencial,83.9,10.2,13.4,10.3,2
NOT081-002761,2025-11-03,S1,virtual,78.1,7.4,13.4,9.5,6
NOT081-002762,2025-11-03,S2,virtual,78.0,10.1,14.7,11.1,0
NOT081-002763,2025-11-04,S3,virtual,100,14.0,14.0,8.6,0
NOT081-002764,2025-11-04,S1,presencial,83.6,10.0,11.0,3.0,1
NOT081-002765,2025-11-04,S2,presencial,74.1,12.0,9.8,6.5,2
NOT081-002766,2025-11-04,S3,presencial,81.3,10.0,13.2,7.3,2
NOT081-002767,2025-11-04,S1,presencial,62.9,13.5,10.8,2.0,3
NOT081-002768,2025-11-05,S2,presencial,95.4,15.2,12.2,11.4,0
NOT081-002769,2025-11-05,S3,presencial,72.6,10.8,7.7,0.0,1
NOT081-002770,2025-11-05,S1,virtual,74.7,10.6,9.4,2.6,1
NOT081-002771,2025-11-05,S2,virtual,70.3,11.8,11.5,5.2,1
NOT081-002772,2025-11-06,S3,virtual,73.7,11.7,8.0,8.0,0
NOT081-002773,2025-11-06,S1,presencial,51.2,16.6,12.7,1.1,0
NOT081-002774,2025-11-06,S2,presencial,63.4,15.6,13.8,3.1,0
NOT081-002775,2025-11-06,S3,presencial,75.7,8.3,10.6,2.6,9
NOT081-002776,2025-11-07,S1,presencial,81.4,13.2,13.8,0.4,0
NOT081-002777,2025-11-07,S2,presencial,91.3,15.3,15.4,1.1,1
NOT081-002778,2025-11-07,S3,virtual,56.9,10.3,11.3,0.4,1
NOT081-002779,2025-11-07,S1,presencial,47.0,13.3,10.6,4.8,1
NOT081-002780,2025-11-08,S2,virtual,86.8,10.1,9.9,11.9,3
NOT081-002781,2025-11-08,S3,virtual,80.0,9.3,7.2,0.1,6
NOT081-002782,2025-11-08,S1,presencial,75.6,10.0,12.7,11.1,1
NOT081-002783,2025-11-08,S2,presencial,90.0,8.5,9.6,2.6,6
NOT081-002784,2025-11-09,S3,presencial,66.2,19.1,17.5,6.9,2
NOT081-002785,2025-11-09,S1,virtual,36.0,8.6,7.0,2.4,4
NOT081-002786,2025-11-09,S2,presencial,75.4,6.0,9.4,2.9,7
NOT081-002787,2025-11-09,S3,presencial,59.8,12.0,12.7,2.1,3
NOT081-002788,2025-11-10,S1,virtual,69.8,13.8,14.9,11.0,1
NOT081-002789,2025-11-10,S2,virtual,85.6,7.9,8.5,7.7,5
NOT081-002790,2025-11-10,S3,presencial,98.9,13.3,13.5,1.1,0
NOT081-002791,2025-11-10,S1,presencial,64.6,14.7,12.7,5.2,1
NOT081-002792,2025-11-11,S2,virtual,92.6,1.0,6.0,4.5,10
NOT081-002793,2025-11-11,S3,virtual,92.9,15.5,12.1,5.5,3
NOT081-002794,2025-11-11,S1,virtual,46.0,12.0,12.2,10.5,2
NOT081-002795,2025-11-11,S2,virtual,75.8,8.6,12.4,9.9,6
NOT081-002796,2025-11-12,S3,presencial,64.8,14.1,12.6,2.6,2
NOT081-002797,2025-11-12,S1,presencial,56.6,16.3,16.2,3.7,3
NOT081-002798,2025-11-12,S2,presencial,100,10.6,12.7,3.6,1
NOT081-002799,2025-11-12,S3,virtual,89.0,11.5,10.7,4.3,1
NOT081-002800,2025-11-13,S1,presencial,65.3,9.4,8.8,6.4,2
NOT081-002801,2025-11-13,S2,virtual,74.9,7.2,9.2,6.7,9
NOT081-002802,2025-11-13,S3,presencial,71.7,3.5,4.7,3.3,5
NOT081-002803,2025-11-13,S1,virtual,97.8,13.9,13.1,4.1,0
NOT081-002804,2025-11-13,S2,virtual,87.5,14.7,11.8,7.5,3
NOT081-002805,2025-11-14,S3,presencial,74.2,7.4,5.7,8.7,2
NOT081-002806,2025-11-14,S1,virtual,66.9,16.6,16.8,2.8,1
NOT081-002807,2025-11-14,S2,virtual,75.4,10.2,12.2,0.2,0
NOT081-002808,2025-11-14,S3,virtual,40.5,11.8,7.2,4.0,0
NOT081-002809,2025-11-15,S1,presencial,73.7,11.0,11.2,2.5,3
NOT081-002810,2025-11-15,S2,presencial,81.8,6.4,9.2,11.9,3
NOT081-002811,2025-11-15,S3,presencial,100,9.2,14.8,10.8,3
NOT081-002812,2025-11-15,S1,virtual,87.8,5.0,8.5,6.9,10
NOT081-002813,2025-11-16,S2,presencial,78.1,7.7,11.9,10.0,7
NOT081-002814,2025-11-16,S3, PRESENCIAL ,70.3,14.5,9.6,8.0,2
NOT081-002815,2025-11-16,S1,presencial,84.2,14.1,10.6,5.6,0
NOT081-002816,2025-11-16,S2,presencial,91.5,8.8,6.8,9.5,2
NOT081-002817,2025-11-17,S3,presencial,86.0,10.7,10.1,6.0,2
NOT081-002818,2025-11-17,S1,virtual,82.9,8.6,9.0,3.4,10
NOT081-002819,2025-11-17,S2,virtual,93.8,6.3,10.2,8.5,10
NOT081-002820,2025-11-17,S3,virtual,88.0,15.1,15.6,9.1,3
NOT081-002821,2025-11-18,S1,virtual,97.1,6.1,6.9,0.0,2
NOT081-002822,2025-11-18,S2,virtual,99.2,13.7,15.2,10.6,1
NOT081-002823,2025-11-18,S3,presencial,43.5,8.6,,9.8,2
NOT081-002824,2025-11-18,S1,virtual,63.1,10.7,7.6,8.1,3
NOT081-002825,2025-11-19,S2,presencial,100,7.3,11.0,7.5,8
NOT081-002826,2025-11-19,S3,presencial,60.9,8.8,5.8,4.2,9
NOT081-002827,2025-11-19,S1,virtual,60.1,10.6,11.3,8.2,0
NOT081-002828,2025-11-19,S2,presencial,51.3,8.4,6.5,3.0,9
NOT081-002829,2025-11-20,S3,presencial,68.0,9.6,10.3,0.1,3
NOT081-002830,2025-11-20,S1,presencial,57.7,8.2,10.6,10.4,9
NOT081-002831,2025-11-20,S2,presencial,100,8.7,9.1,10.0,4
NOT081-002832,2025-11-20,S3,virtual,94.8,20,12.9,0.6,0
NOT081-002833,2025-11-21,S1,presencial,90.7,8.7,14.4,10.2,5
NOT081-002834,2025-11-21,S2,virtual,66.9,11.4,13.9,6.8,2
NOT081-002835,2025-11-21,S3,presencial,87.7,13.5,12.6,10.1,1
NOT081-002836,2025-11-21,S1,virtual,79.9,9.5,11.2,3.9,7
NOT081-002837,2025-11-22,S2,presencial,68.9,16.2,12.4,0.3,0
NOT081-002838,2025-11-22,S3,presencial,69.0,9.0,9.1,6.7,6
NOT081-002839,2025-11-22,S1,virtual,67.4,12.4,11.7,10.4,1
NOT081-002840,2025-11-22,S2,virtual,80.9,8.0,12.7,9.3,10
NOT081-002841,2025-11-23,S3,virtual,89.9,10.0,10.6,10.5,3
NOT081-002842,2025-11-23,S1,virtual,84.5,14.4,14.9,10.9,3
NOT081-002843,2025-11-23,S2,presencial,68.9,5.4,8.5,3.3,8
NOT081-002844,2025-11-23,S3,virtual,100,13.8,16.9,10.7,1
NOT081-002845,2025-11-23,S1,presencial,78.1,12.2,8.1,8.9,2
NOT081-002846,2025-11-24,S2,virtual,83.1,9.1,12.1,10.1,4
NOT081-002847,2025-11-24,S3,virtual,83.9,7.7,13.8,6.0,3
NOT081-002848,2025-11-24,S1,virtual,50.7,7.3,7.4,0.1,2
NOT081-002849,2025-11-24,S2,presencial,100,17.4,16.5,11.6,3
NOT081-002850,2025-11-25,S3,presencial,70.3,12.8,14.0,6.5,3
NOT081-002851,2025-11-25,S1,presencial,92.8,11.2,9.5,6.2,0
NOT081-002852,2025-11-25,S2,virtual,37.4,9.9,13.0,6.3,9
NOT081-002853,2025-11-25,S3,presencial,82.9,12.4,12.7,5.7,2
NOT081-002854,2025-11-26,S1,presencial,56.8,15.5,13.1,11.4,0
NOT081-002855,2025-11-26,S2,virtual,51.9,11.2,9.6,7.8,1
NOT081-002856,2025-11-26,S3,virtual,94.0,9.3,8.9,4.6,4
NOT081-002857,2025-11-26,S1,virtual,88.0,10.7,13.1,9.1,3
NOT081-002858,2025-11-27,S2,presencial,72.9,9.3,10.4,8.5,3
NOT081-002859,2025-11-27,S3,presencial,87.5,16.1,13.7,7.4,2
NOT081-002860,2025-11-27,S1,virtual,74.8,9.8,15.9,7.5,9
NOT081-002861,2025-11-27,S2,presencial,82.4,12.1,14.5,9.4,0
NOT081-002862,2025-11-28,S3,presencial,59.8,12.8,12.1,10.5,0
NOT081-002863,2025-11-28,S1,presencial,100,13.8,14.0,9.1,1
NOT081-002864,2025-11-28,S2,presencial,73.2,9.9,11.8,9.7,9
NOT081-002865,2025-11-28,S3,virtual,100,9.8,13.8,11.5,10
NOT081-002866,2025-11-29,S1,virtual,96.9,6.9,9.8,3.6,2
NOT081-002867,2025-11-29,S2,presencial,62.2,11.1,10.5,9.8,2
NOT081-002868,2025-11-29,S3,virtual,100,12.6,11.8,6.8,0
NOT081-002869,2025-11-29,S1,virtual,64.8,10.9,15.4,4.4,2
NOT081-002870,2025-11-30,S2,presencial,63.9,8.9,7.8,6.8,5
NOT081-002871,2025-11-30,S3,virtual,72.0,10.9,10.7,11.0,2
NOT081-002872,2025-11-30,S1,presencial,85.3,7.4,6.7,2.6,10
NOT081-002873,2025-11-30,S2,virtual,78.3,6.4,9.9,6.0,2
NOT081-002874,2025-12-01,S3,virtual,81.4,11.0,10.9,3.2,2
NOT081-002875,2025-12-01,S1,virtual,94.0,9.9,9.6,0.3,7
NOT081-002876,2025-12-01,S2,virtual,61.2,13.8,14.4,11.7,2
NOT081-002877,2025-12-01,S3,presencial,52.7,13.4,13.5,9.8,3
NOT081-002878,2025-12-02,S1,virtual,56.5,13.6,10.4,4.2,0
NOT081-002879,2025-12-02,S2,presencial,81.9,9.6,4.0,9.9,3
NOT081-002880,2025-12-02,S3,presencial,88.5,8.7,8.5,3.2,2
NOT081-002881,2025-12-02,S1,virtual,80.6,8.1,9.3,3.6,6
NOT081-002882,2025-12-03,S2,presencial,96.6,13.7,12.6,8.0,0
NOT081-002883,2025-12-03,S3,virtual,100,8.4,11.4,5.9,9
NOT081-002884,2025-12-03,S1,presencial,95.1,14.4,12.4,0.0,0
NOT081-002885,2025-12-03,S2,presencial,69.4,6.9,5.8,4.9,5
NOT081-002886,2025-12-03,S3,presencial,64.3,11.4,15.9,8.5,3
NOT081-002887,2025-12-04,S1,presencial,97.3,13.5,10.9,5.6,1
NOT081-002888,2025-12-04,S2,virtual,97.9,6.6,8.7,11.0,7
NOT081-002889,2025-12-04,S3,virtual,88.9,6.8,8.2,10.3,9
NOT081-002890,2025-12-04,S1,virtual,64.9,8.1,14.3,9.8,5
NOT081-002891,2025-12-05,S2,virtual,96.3,11.8,12.0,6.3,1
NOT081-002892,2025-12-05,S3,presencial,71.1,7.8,10.4,5.0,6
NOT081-002893,2025-12-05,S1,virtual,63.2,11.2,9.6,3.7,1
NOT081-002894,2025-12-05,S2,presencial,96.1,8.0,11.6,5.1,7
NOT081-002895,2025-12-06,S3,presencial,50.0,11.7,12.0,6.6,3
NOT081-002896,2025-12-06,S1,presencial,81.9,14.4,14.8,11.7,3
NOT081-002897,2025-12-06,S2,virtual,87.4,5.5,11.1,8.4,9
NOT081-002898,2025-12-06,S3,virtual,53.6,12.3,12.1,2.7,1
NOT081-002899,2025-12-07,S1,virtual,83.7,12.4,15.4,10.7,0
NOT081-002900,2025-12-07,S2,presencial,76.3,9.9,10.6,8.5,6
NOT081-002901,2025-12-07,S3,presencial,61.4,14.8,13.7,10.4,0
NOT081-002902,2025-12-07,S1,presencial,68.1,11.0,13.5,11.3,1
NOT081-002903,2025-12-08,S2,presencial,93.2,11.5,10.9,5.3,2
NOT081-002904,2025-12-08,S3,presencial,74.8,6.8,12.3,9.1,4
NOT081-002905,2025-12-08,S1,virtual,64.0,12.3,10.9,1.3,2
NOT081-002906,2025-12-08,S2,presencial,63.0,7.5,,0.6,10
NOT081-002907,2025-12-09,S3,presencial,100,12.8,11.2,1.5,3
NOT081-002908,2025-12-09,S1,virtual,25.1,12.1,7.8,9.3,0
NOT081-002909,2025-12-09,S2,presencial,90.7,7.2,6.5,1.5,2
NOT081-002910,2025-12-09,S3,presencial,86.7,7.8,8.4,2.8,5
NOT081-002911,2025-12-10,S1, PRESENCIAL ,88.2,7.0,11.8,9.6,3
NOT081-002912,2025-12-10,S2,virtual,80.0,11.8,8.6,2.9,2
NOT081-002913,2025-12-10,S3,virtual,72.8,13.9,11.4,8.8,1
NOT081-002914,2025-12-10,S1,presencial,60.3,7.7,8.3,6.7,8
NOT081-002915,2025-12-11,S2,virtual,69.2,14.4,12.7,4.6,2
NOT081-002916,2025-12-11,S3,presencial,35.8,10.4,9.2,6.8,3
NOT081-002917,2025-12-11,S1,virtual,49.2,9.7,7.4,0.4,10
NOT081-002918,2025-12-11,S2,virtual,70.5,10.9,12.9,7.1,2
NOT081-002919,2025-12-12,S3,virtual,82.6,12.8,11.6,3.3,2
NOT081-002920,2025-12-12,S1,virtual,91.4,13.2,11.9,3.3,2
NOT081-002921,2025-12-12,S2,presencial,80.2,14.6,11.9,7.6,1
NOT081-002922,2025-12-12,S3,virtual,100,14.1,14.5,7.4,2
NOT081-002923,2025-12-12,S1,presencial,86.6,11.9,13.1,4.3,1
NOT081-002924,2025-12-13,S2,virtual,90.5,10.9,13.9,10.9,3
NOT081-002925,2025-12-13,S3,virtual,85.2,11.7,10.1,1.5,0
NOT081-002926,2025-12-13,S1,presencial,64.8,8.5,10.2,9.2,10
NOT081-002927,2025-12-13,S2,presencial,100,8.0,7.8,0.5,6
NOT081-002928,2025-12-14,S3,virtual,100,15.1,12.4,3.2,1
NOT081-002929,2025-12-14,S1,presencial,80.5,9.4,9.4,9.8,7
NOT081-002930,2025-12-14,S2,virtual,49.5,14.8,16.5,1.5,2
NOT081-002931,2025-12-14,S3,presencial,33.2,11.5,6.3,6.5,1
NOT081-002932,2025-12-15,S1,virtual,78.5,15.9,17.5,8.7,2
NOT081-002933,2025-12-15,S2,virtual,82.5,9.5,11.4,10.2,7
NOT081-002934,2025-12-15,S3,virtual,62.8,9.9,12.2,8.9,10
NOT081-002935,2025-12-15,S1,virtual,77.4,10.7,12.0,11.4,3
NOT081-002936,2025-12-16,S2,presencial,70.3,6.2,9.0,3.4,7
NOT081-002937,2025-12-16,S3,virtual,96.2,11.1,10.6,0.5,3
NOT081-002938,2025-12-16,S1,presencial,59.8,12.9,11.5,7.5,3
NOT081-002939,2025-12-16,S2,virtual,90.3,13.5,11.2,4.9,3
NOT081-002940,2025-12-17,S3,presencial,100,9.0,9.2,4.7,4
NOT081-002941,2025-12-17,S1,presencial,100,4.7,9.7,3.0,5
NOT081-002942,2025-12-17,S2,presencial,97.8,15.7,15.5,5.6,1
NOT081-002943,2025-12-17,S3,virtual,100,10.6,11.4,3.4,0
NOT081-002944,2025-12-18,S1,virtual,92.8,11.5,15.5,2.3,3
NOT081-002945,2025-12-18,S2,virtual,63.8,13.4,15.6,9.5,2
NOT081-002946,2025-12-18,S3,virtual,70.3,7.1,11.1,2.2,10
NOT081-002947,2025-12-18,S1,virtual,53.8,15.0,9.4,8.8,2
NOT081-002948,2025-12-19,S2,virtual,87.6,8.4,13.8,7.7,10
NOT081-002949,2025-12-19,S3,presencial,100,9.0,12.5,3.2,7
NOT081-002950,2025-12-19,S1,presencial,100,11.3,7.8,5.6,0
NOT081-002951,2025-12-19,S2,virtual,70.0,14.2,12.9,1.2,3
NOT081-002952,2025-12-20,S3,virtual,85.9,12.1,12.4,3.1,0
NOT081-002953,2025-12-20,S1,virtual,75.3,10.8,9.6,0.4,0
NOT081-002954,2025-12-20,S2,presencial,77.8,16.0,17.7,11.4,1
NOT081-002955,2025-12-20,S3,virtual,89.5,12.7,"11,5",10.9,1
NOT081-002956,2025-12-21,S1,presencial,89.7,12.8,13.0,9.1,0
NOT081-002957,2025-12-21,S2,virtual,60.3,14.7,17.7,9.8,0
NOT081-002958,2025-12-21,S3,virtual,100,10.6,12.4,9.4,1
NOT081-002959,2025-12-21,S1,virtual,77.8,13.1,12.0,7.9,3
NOT081-002960,2025-12-22,S2,presencial,57.3,6.6,13.0,9.7,7
NOT081-002961,2025-12-22,S3,presencial,70.3,6.5,8.4,1.4,9
NOT081-002962,2025-12-22,S1,presencial,61.7,13.3,13.2,11.6,0
NOT081-002963,2025-12-22,S2,presencial,72.4,10.6,10.7,8.4,1
NOT081-002964,2025-12-22,S3,virtual,80.6,9.7,14.1,8.8,6
NOT081-002965,2025-12-23,S1,virtual,60.7,14.6,12.3,2.8,0
NOT081-002966,2025-12-23,S2,presencial,50.4,12.2,10.8,1.0,1
NOT081-002967,2025-12-23,S3,virtual,73.4,11.4,9.4,2.4,3
NOT081-002968,2025-12-23,S1,presencial,79.4,11.8,14.7,8.2,2
NOT081-002969,2025-12-24,S2,presencial,73.2,6.8,11.2,11.2,4
NOT081-002970,2025-12-24,S3,presencial,90.2,12.6,11.5,6.2,0
NOT081-002971,2025-12-24,S1,virtual,88.2,13.2,16.6,3.0,1
NOT081-002972,2025-12-24,S2,presencial,43.1,14.2,13.0,5.0,3
NOT081-002973,2025-12-25,S3,presencial,93.2,17.6,19.1,10.7,3
NOT081-002974,2025-12-25,S1,presencial,60.5,10.4,13.7,4.7,2
NOT081-002975,2025-12-25,S2,presencial,44.3,7.1,8.9,9.1,10
NOT081-002976,2025-12-25,S3,presencial,79.7,3.7,8.2,1.4,4
NOT081-002977,2025-12-26,S1,presencial,76.8,13.0,9.0,2.7,0
NOT081-002978,2025-12-26,S2,virtual,73.2,5.3,7.4,4.4,6
NOT081-002979,2025-12-26,S3,presencial,72.3,7.6,7.9,0.1,10
NOT081-002980,2025-12-26,S1,virtual,71.9,9.7,12.2,3.5,7
NOT081-002981,2025-12-27,S2,presencial,61.8,11.2,7.9,5.3,3
NOT081-002982,2025-12-27,S3,presencial,71.4,10.7,7.1,2.7,1
NOT081-002983,2025-12-27,S1,virtual,63.0,10.9,9.1,5.5,3
NOT081-002984,2025-12-27,S2,virtual,92.9,9.7,11.9,5.0,6
NOT081-002985,2025-12-28,S3,virtual,91.1,8.1,9.2,7.5,8
NOT081-002986,2025-12-28,S1,virtual,58.9,12.9,15.7,5.0,3
NOT081-002987,2025-12-28,S2,virtual,65.4,9.0,15.1,9.8,8
NOT081-002988,2025-12-28,S3,virtual,41.6,10.8,9.6,1.0,0
NOT081-002989,2025-12-29,S1,virtual,74.4,14.7,,11.0,3
NOT081-002990,2025-12-29,S2,presencial,63.4,13.1,9.1,0.7,3
NOT081-002991,2025-12-29,S3,presencial,62.5,12.7,14.2,3.8,0
NOT081-002992,2025-12-29,S1,virtual,92.0,13.4,13.0,2.4,2
NOT081-002993,2025-12-30,S2,virtual,57.3,17.2,17.0,11.8,1
NOT081-002994,2025-12-30,S3,presencial,79.2,6.7,11.2,9.9,4
NOT081-002995,2025-12-30,S1,presencial,79.2,10.5,8.6,0.2,3
NOT081-002996,2025-12-30,S2,virtual,82.8,9.5,12.9,8.7,9
NOT081-002997,2025-12-31,S3,presencial,67.5,7.9,8.8,1.3,7
NOT081-002998,2025-12-31,S1,presencial,70.4,10.3,10.1,7.2,2
NOT081-002999,2025-12-31,S2,virtual,41.3,10.4,14.6,8.4,0
NOT081-003000,2025-12-31,S3,virtual,82.0,6.7,7.5,5.9,7
NOT081-001992,2025-04-30,S3,virtual,95.3,10.3,11.1,6.6,3
NOT081-001578,2025-01-19,S3,presencial,88.8,10.3,,3.6,1
NOT081-002193,2025-06-18,S3,presencial,83.1,12.5,9.9,9.8,3
NOT081-002828,2025-11-19,S2,presencial,51.3,8.4,6.5,3.0,9
NOT081-000061,2024-01-15,S1,presencial,95.2,9.9,12.5,7.6,10
NOT081-002639,2025-10-04,S2,presencial,84.3,14.2,15.7,5.8,0
NOT081-000807,2024-07-15,S3,presencial,96.2,15.8,12.5,5.2,1
NOT081-000874,2024-07-31,S1, VIRTUAL ,64.4,8.0,12.1,11.5,6
NOT081-001217,2024-10-23,S2,virtual,85.3,9.5,12.1,5.0,9
NOT081-002062,2025-05-17,S1,virtual,91.0,16.3,13.7,1.8,2
